num_acc;senc;catv;occutc;obs;obsm;choc;manv;num_veh
200900000795;0;10;0;0;2;0;9;B01
200900000796;0;7;0;0;1;1;1;A01
200900000797;0;10;0;0;2;6;23;B01
200900000797;0;32;0;0;2;1;2;A01
200900000798;0;33;0;0;0;0;1;A01
200900000799;0;31;0;0;2;7;2;A01
200900000799;0;7;0;0;2;6;2;B01
200900000800;1;2;0;0;1;0;1;Z01
200900000801;0;30;0;0;2;8;1;B01
200900000801;0;7;0;0;2;7;15;A01
200900000802;0;10;0;0;1;3;15;A01
200900000803;0;33;0;0;2;3;18;B01
200900000803;0;7;0;0;2;2;16;A01
200900000804;0;31;0;0;2;2;3;A01
200900000804;0;7;0;0;2;6;23;B01
200900000805;0;7;0;0;2;2;2;A01
200900000805;0;7;0;0;2;4;23;B01
200900000806;0;33;0;0;2;1;1;B01
200900000806;0;7;0;0;2;7;1;A01
200900000807;0;10;0;0;1;6;4;A01
200900000808;1;32;0;0;2;1;17;Z01
200900000808;0;1;0;0;2;4;7;A01
200900000809;0;7;0;0;2;4;23;B01
200900000809;0;7;0;0;2;1;2;A01
200900000810;1;2;0;0;1;0;1;Z01
200900000811;0;7;0;0;2;4;23;A01
200900000811;1;7;0;0;2;2;2;Z01
200900000812;0;7;0;0;1;7;7;A01
200900000813;0;2;0;0;2;1;18;A01
200900000813;0;13;0;0;2;2;16;B01
200900000814;0;32;0;0;2;1;1;A01
200900000814;0;7;0;0;2;2;15;B01
200900000815;0;2;0;0;1;1;1;A01
200900000816;0;31;0;0;0;0;21;A01
200900000817;0;33;0;0;2;3;1;B01
200900000817;0;10;0;0;2;7;14;A01
200900000818;0;31;0;0;0;8;1;A01
200900000819;0;1;0;0;2;1;2;A01
200900000819;0;7;0;0;2;4;23;B01
200900000820;0;32;0;0;2;2;15;B01
200900000820;0;32;0;0;2;1;17;A01
200900000821;0;30;0;0;1;0;1;A01
200900000822;1;7;0;0;2;1;2;Z01
200900000822;0;7;0;0;2;6;23;A01
200900000823;0;7;0;0;2;4;2;B01
200900000823;0;7;0;0;2;1;2;A01
200900000824;0;31;0;0;1;1;1;A01
200900000825;0;7;0;0;2;4;2;B01
200900000825;0;32;0;0;2;1;2;A01
200900000826;0;32;0;4;0;0;13;A01
200900000827;0;30;0;0;2;3;18;A01
200900000827;0;7;0;0;2;2;16;B01
200900000828;0;7;0;0;2;4;1;B01
200900000828;0;33;0;0;2;1;11;A01
200900000829;0;7;0;0;2;6;1;B01
200900000829;0;14;0;0;2;2;12;A01
200900000830;0;7;0;8;2;4;2;B01
200900000830;0;7;0;0;2;1;2;A01
200900000831;0;31;0;14;2;0;1;B01
200900000831;0;7;0;0;2;3;1;A01
200900000832;0;7;0;0;2;8;1;B01
200900000832;0;7;0;0;2;3;1;A01
200900000833;0;7;0;1;0;1;13;A01
200900000834;0;7;0;0;1;3;15;A01
200900000835;0;7;0;0;1;8;1;A01
200900000836;0;13;0;0;2;0;14;B01
200900000836;0;33;0;0;2;8;18;A01
200900000837;0;7;0;0;2;3;10;A01
200900000837;0;30;0;0;2;5;1;B01
200900000838;0;7;0;0;1;2;15;A01
200900000839;0;7;0;0;2;1;2;A01
200900000839;0;7;0;0;2;4;23;B01
200900000840;0;34;0;0;1;3;1;A01
200900000841;0;7;0;0;2;2;23;B01
200900000841;0;32;0;0;2;3;1;A01
200900000842;0;7;0;0;1;2;1;A01
200900000843;0;7;0;0;2;6;15;B01
200900000843;0;32;0;0;2;1;17;A01
200900000844;0;32;0;0;0;0;21;A01
200900000845;0;32;0;0;0;0;21;A01
200900000846;0;7;0;0;2;3;7;B01
200900000846;0;33;0;0;2;9;14;A01
200900000846;0;7;0;0;2;4;1;C01
200900000847;0;7;0;0;2;3;9;A01
200900000847;0;2;0;0;2;1;7;B01
200900000848;0;30;0;0;2;3;1;B01
200900000848;0;10;0;0;2;2;14;A01
200900000849;0;33;0;0;2;1;3;A01
200900000849;0;10;0;0;2;5;2;B01
200900000850;0;7;0;0;2;2;16;B01
200900000850;0;30;0;0;2;1;18;A01
200900000851;0;30;0;0;2;1;1;B01
200900000851;0;7;0;0;2;3;9;A01
200900000852;0;13;0;0;2;7;14;A01
200900000852;0;1;0;0;2;8;1;B01
200900000853;0;7;0;0;2;1;2;A01
200900000853;0;7;0;0;2;4;2;B01
200900000854;0;1;0;0;2;1;1;A01
200900000854;0;7;0;0;2;3;22;B01
200900000855;0;30;0;0;2;3;1;B01
200900000855;0;7;0;0;2;2;15;A01
200900000856;0;2;0;0;0;0;17;A01
200900000857;0;2;0;0;2;8;11;A01
200900000857;0;30;0;0;2;7;1;B01
200900000858;0;7;0;0;2;4;23;B01
200900000858;0;7;0;0;2;1;2;A01
200900000859;0;7;0;0;2;1;2;A01
200900000859;0;7;0;0;2;4;2;B01
200900000860;0;7;0;0;2;2;10;A01
200900000860;0;31;0;0;2;1;1;B01
200900000861;0;10;0;0;2;1;2;A01
200900000861;0;7;0;0;2;4;23;B01
200900000862;0;13;0;0;2;5;1;B01
200900000862;0;33;0;0;2;1;1;A01
200900000863;0;33;0;0;0;8;1;A01
200900000864;0;7;0;0;1;0;15;A01
200900000865;0;7;0;0;1;1;16;A01
200900000866;0;30;0;0;1;1;1;A01
200900000867;0;33;0;0;2;8;1;B01
200900000867;0;7;0;0;2;2;12;A01
200900000868;0;32;0;0;1;1;16;A01
200900000869;0;7;0;0;2;3;15;A01
200900000869;0;33;0;0;2;1;5;B01
200900000870;0;7;0;0;2;2;15;A01
200900000870;0;32;0;0;2;0;7;B01
200900000871;0;7;0;0;2;3;22;A01
200900000871;0;2;0;0;2;3;17;C01
200900000871;0;7;0;0;2;3;2;B01
200900000872;0;30;0;0;2;7;1;B01
200900000872;0;7;0;0;2;2;1;A01
200900000873;0;32;0;0;2;2;17;A01
200900000873;0;7;0;0;2;6;15;B01
200900000874;0;10;0;0;2;3;2;A01
200900000874;0;7;0;0;2;4;23;C01
200900000874;0;7;0;0;2;0;2;B01
200900000875;0;7;0;12;1;1;1;A01
200900000876;0;7;0;0;2;3;15;B01
200900000876;0;34;0;0;2;2;17;A01
200900000877;1;7;0;0;1;0;1;Z01
200900000878;0;7;0;0;2;4;23;C01
200900000878;0;7;0;0;2;1;2;A01
200900000878;0;7;0;0;2;4;23;B01
200900000879;0;38;40;0;2;0;1;C01
200900000879;0;7;0;0;2;5;12;B01
200900000879;0;33;0;0;2;3;2;A01
200900000880;0;7;0;0;2;8;13;A01
200900000880;0;7;0;4;2;7;1;B01
200900000880;0;7;0;0;2;8;1;C01
200900000881;0;7;0;0;2;3;1;A01
200900000881;0;7;0;0;2;5;16;B01
200900000882;0;7;0;0;2;8;13;A01
200900000882;0;7;0;4;2;7;1;B01
200900000883;0;7;0;0;2;1;2;A01
200900000883;0;7;0;14;2;4;23;B01
200900000884;0;7;0;0;2;3;1;B01
200900000884;0;7;0;0;2;2;1;A01
200900000885;0;1;0;0;2;8;18;A01
200900000885;0;7;0;0;2;7;23;B01
200900000886;0;7;0;0;1;2;16;A01
200900000887;0;7;0;0;1;2;1;A01
200900000888;0;7;0;3;2;4;23;B01
200900000888;1;7;0;0;2;1;2;Z01
200900000888;0;7;0;0;2;4;23;A01
200900000889;0;1;0;0;1;0;1;A01
200900000890;0;2;0;0;2;8;7;A01
200900000890;0;7;0;0;2;2;14;B01
200900000891;0;7;0;0;2;1;1;B01
200900000891;0;34;0;0;2;1;1;A01
200900000892;0;33;0;9;2;8;7;B01
200900000892;0;13;0;0;2;2;16;A01
200900000893;0;7;0;0;2;3;22;A01
200900000893;0;1;0;0;2;1;1;B01
200900000894;0;32;0;0;0;8;1;A01
200900000895;0;7;0;0;2;3;15;A01
200900000895;0;31;0;0;2;1;17;B01
200900000896;0;33;0;0;0;0;21;A01
200900000897;0;32;0;0;0;0;21;A01
200900000898;0;7;0;0;2;2;1;B01
200900000898;0;7;0;0;2;3;10;A01
200900000899;0;30;0;0;1;8;1;A01
200900000900;0;31;0;4;0;3;14;A01
200900000901;0;32;0;0;0;7;17;A01
200900000902;0;7;0;0;1;2;16;A01
200900000903;0;2;0;1;2;1;17;A01
200900000903;0;7;0;0;2;8;1;B01
200900000904;0;1;0;0;2;8;13;B01
200900000904;0;32;0;0;2;7;17;A01
200900000905;0;30;0;15;0;7;1;A01
200900000906;0;31;0;4;2;1;3;A01
200900000906;0;7;0;0;2;8;11;B01
200900000907;0;7;0;0;2;2;1;B01
200900000907;0;31;0;0;2;3;11;A01
200900000908;0;2;0;8;2;7;19;A01
200900000908;0;7;0;0;2;2;1;B01
200900000909;0;32;0;0;1;2;17;A01
200900000910;0;7;0;0;2;2;15;A01
200900000910;0;32;0;0;2;1;1;B01
200900000911;0;7;0;0;2;7;16;A01
200900000911;0;32;0;0;2;3;18;B01
200900000912;0;32;0;0;0;7;21;A01
200900000913;0;7;0;0;1;2;1;A01
200900000914;0;7;0;1;0;2;13;A01
200900000915;0;7;0;0;2;6;12;A01
200900000915;0;33;0;0;2;2;1;B01
200900000916;0;32;0;0;0;0;1;A01
200900000917;0;32;0;0;2;7;1;A01
200900000917;0;33;0;0;2;8;1;B01
200900000918;0;7;0;0;2;7;1;B01
200900000918;0;2;0;0;2;1;1;A01
200900000919;0;7;0;0;2;0;1;B01
200900000919;0;7;0;14;2;0;1;A01
200900000920;0;7;0;0;2;2;16;A01
200900000920;0;33;0;0;2;2;7;B01
200900000921;0;32;0;1;1;1;1;A01
200900000922;0;7;0;0;2;5;1;B01
200900000922;0;31;0;0;2;8;3;A01
200900000922;0;7;0;0;2;6;11;C01
200900000923;0;1;0;0;2;7;5;B01
200900000923;0;7;0;0;2;2;15;A01
200900000924;0;7;0;0;2;1;2;A01
200900000924;0;7;0;0;2;4;23;B01
200900000925;0;7;0;0;1;2;1;A01
200900000926;0;7;0;0;2;2;16;B01
200900000926;0;30;0;0;2;8;18;A01
200900000927;0;10;0;0;2;6;1;B01
200900000927;0;30;0;0;2;5;17;A01
200900000928;0;2;0;0;0;8;18;A01
200900000929;0;2;0;1;0;1;1;A01
200900000930;0;1;0;0;1;1;1;A01
200900000931;0;37;45;0;2;1;1;A01
200900000931;0;7;0;0;2;8;1;B01
200900000932;1;7;0;0;2;2;1;A01
200900000932;0;34;0;0;2;1;1;B01
200900000933;0;7;0;0;2;7;1;B01
200900000933;0;30;0;0;2;7;1;A01
200900000934;0;32;0;6;0;8;13;A01
200900000935;0;2;0;0;2;3;2;A01
200900000935;0;7;0;0;2;5;2;B01
200900000936;0;37;20;0;1;2;1;A01
200900000937;0;15;0;0;2;3;1;B01
200900000937;0;33;0;0;2;7;16;A01
200900000938;1;7;0;0;2;1;9;Z01
200900000938;0;1;0;0;2;7;1;A01
200900000939;1;7;0;0;1;4;4;Z01
200900000940;0;30;0;0;1;1;7;A01
200900000941;0;7;0;0;2;3;10;A01
200900000941;0;33;0;0;2;1;17;B01
200900000942;0;30;0;0;0;0;1;A01
200900000943;0;2;0;0;2;1;15;B01
200900000943;0;10;0;0;2;4;4;A01
200900000944;0;32;0;0;2;3;18;A01
200900000944;0;7;0;0;2;2;16;B01
200900000945;0;33;0;0;2;1;1;B01
200900000945;0;7;0;0;2;3;15;A01
200900000946;0;7;0;0;2;2;16;A01
200900000946;0;32;0;0;2;3;18;B01
200900000947;0;33;0;0;1;5;1;A01
200900000948;0;1;0;0;2;7;9;B01
200900000948;0;10;0;0;2;1;1;A01
200900000949;0;7;0;15;1;1;15;A01
200900000950;0;7;0;0;2;3;15;B01
200900000950;0;33;0;0;2;2;1;A01
200900000951;0;32;0;0;1;1;1;A01
200900000952;0;7;0;0;2;8;15;B01
200900000952;0;33;0;0;2;9;1;A01
200900000953;0;7;0;0;2;3;1;B01
200900000953;0;2;0;0;2;1;1;A01
200900000954;0;30;0;0;2;1;2;A01
200900000954;0;7;0;0;2;6;2;B01
200900000955;0;7;0;0;2;3;1;B01
200900000955;0;7;0;0;2;2;1;A01
200900000956;0;7;0;0;2;3;10;A01
200900000956;0;30;0;0;2;2;1;B01
200900000957;0;7;0;0;1;0;15;A01
200900000958;0;33;0;0;1;1;17;A01
200900000959;0;31;0;0;0;1;21;A01
200900000960;0;10;0;0;1;3;15;A01
200900000961;0;31;0;0;1;1;17;A01
200900000962;0;32;0;0;2;8;3;B01
200900000962;0;7;0;0;2;7;12;A01
200900000963;0;7;0;0;2;2;16;A01
200900000963;0;2;0;0;2;8;1;B01
200900000964;0;33;0;14;0;1;11;A01
200900000965;0;33;0;1;2;0;1;B01
200900000965;0;7;0;0;2;1;15;A01
200900000966;0;32;0;0;0;7;16;A01
200900000967;0;30;0;0;2;7;1;B01
200900000967;0;7;0;0;2;2;10;A01
200900000968;0;30;0;11;0;1;13;A01
200900000969;0;7;0;0;2;6;15;A01
200900000969;0;32;0;0;2;7;17;B01
200900000970;0;33;0;15;1;1;1;A01
200900000971;0;1;0;0;2;1;1;B01
200900000971;0;10;0;0;2;7;16;A01
200900000972;0;32;0;0;2;1;2;A01
200900000972;0;7;0;0;2;6;2;B01
200900000973;0;7;0;4;0;0;13;A01
200900000974;0;31;0;0;2;1;1;B01
200900000974;0;7;0;0;2;6;1;A01
200900000975;0;10;0;0;1;3;15;A01
200900000976;0;7;0;0;2;3;15;A01
200900000976;0;34;0;0;2;0;17;B01
200900000977;0;2;0;0;2;7;1;B01
200900000977;0;7;0;0;2;1;1;A01
200900000978;0;7;0;0;1;2;1;A01
200900000979;0;32;0;0;2;8;18;A01
200900000979;0;7;0;0;2;7;16;B01
200900000980;0;7;0;0;2;3;7;A01
200900000980;0;33;0;0;2;6;1;B01
200900000981;0;33;0;0;0;8;1;A01
200900000982;0;32;0;0;2;1;1;B01
200900000982;0;7;0;0;2;3;10;A01
200900000983;0;7;0;0;2;8;1;B01
200900000983;0;30;0;0;2;1;1;A01
200900000984;0;7;0;0;2;4;2;B01
200900000984;0;7;0;0;2;1;2;A01
200900000985;0;30;0;0;2;1;17;A01
200900000985;0;7;0;0;2;3;15;B01
200900000986;1;7;0;0;2;0;15;Z01
200900000986;0;2;0;0;2;8;1;A01
200900000987;0;7;0;0;2;3;10;A01
200900000987;0;32;0;0;2;7;1;B01
200900000988;0;31;0;0;2;3;1;A01
200900000988;1;7;0;0;2;5;16;Z01
200900000989;0;7;0;0;2;2;16;B01
200900000989;0;32;0;0;2;1;18;A01
200900000990;0;30;0;1;0;8;13;A01
200900000991;0;33;0;0;0;0;21;A01
200900000992;0;32;0;14;0;7;18;A01
200900000993;0;30;0;0;1;1;1;A01
200900000994;0;10;0;0;1;3;1;A01
200900000995;0;7;0;0;2;2;15;A01
200900000995;0;31;0;0;2;1;1;B01
200900000996;0;2;0;1;0;4;21;A01
200900000997;0;33;0;0;0;0;21;A01
200900000998;0;2;0;12;0;1;13;A01
200900000999;0;7;0;0;1;2;1;A01
200900001000;0;31;0;0;2;1;1;A01
200900001000;1;7;0;0;2;2;15;Z01
200900001001;0;33;0;0;2;7;8;A01
200900001001;0;7;0;0;2;1;1;B01
200900001002;0;7;0;0;1;1;1;A01
200900001003;0;7;0;4;0;1;13;A01
200900001004;0;7;0;0;1;2;1;A01
200900001005;0;10;0;0;2;2;9;A01
200900001005;0;32;0;0;2;0;1;B01
200900001005;0;7;0;0;2;0;1;C01
200900001006;0;32;0;0;2;6;1;B01
200900001006;0;7;0;0;2;6;15;A01
200900001007;0;32;0;0;2;2;1;B01
200900001007;0;7;0;0;2;6;15;A01
200900001008;0;7;0;0;1;2;1;A01
200900001009;0;7;0;0;2;6;13;A01
200900001009;0;32;0;0;2;2;1;B01
200900001010;0;7;0;0;2;3;1;B01
200900001010;0;32;0;0;2;5;15;A01
200900001011;0;32;0;0;0;0;21;A01
200900001012;0;7;0;0;2;1;15;A01
200900001012;0;30;0;0;2;1;1;B01
200900001013;0;33;0;0;1;1;1;A01
200900001014;0;7;0;0;2;1;1;B01
200900001014;0;7;0;0;2;1;5;A01
200900001015;0;1;0;0;1;1;16;A01
200900001016;0;32;0;0;0;8;1;A01
200900001017;0;32;0;0;2;1;2;A01
200900001017;0;7;0;0;2;4;2;B01
200900001018;0;30;0;0;1;8;1;A01
200900001019;0;7;0;0;2;3;10;A01
200900001019;0;32;0;0;2;3;1;B01
200900001020;0;34;0;0;0;8;21;A01
200900001021;0;7;0;0;2;8;10;A01
200900001021;0;32;0;0;2;1;1;B01
200900001022;0;31;0;0;2;7;1;A01
200900001022;0;7;0;0;2;5;1;B01
200900001023;0;7;0;0;2;2;16;A01
200900001023;0;31;0;8;2;1;7;B01
200900001024;0;33;0;0;2;1;1;B01
200900001024;0;7;0;0;2;6;10;A01
200900001025;0;1;0;0;1;3;1;A01
200900001026;0;30;0;0;2;1;1;A01
200900001026;0;7;0;0;2;5;15;B01
200900001027;1;30;0;0;2;2;1;Z01
200900001027;0;32;0;0;2;2;1;A01
200900001028;0;1;0;0;2;7;1;B01
200900001028;0;7;0;0;2;3;11;A01
200900001029;0;10;0;0;1;3;1;A01
200900001030;0;10;0;0;2;3;22;A01
200900001030;0;1;0;0;2;1;1;B01
200900001031;0;33;0;0;1;1;17;A01
200900001032;0;7;0;0;2;2;10;A01
200900001032;0;32;0;0;2;1;1;B01
200900001033;0;33;0;0;0;7;1;A01
200900001034;0;7;0;0;1;2;1;A01
200900001035;0;1;0;0;1;1;1;A01
200900001036;0;30;0;1;1;7;1;A01
200900001037;0;7;0;11;0;1;15;A01
200900001038;0;30;0;0;0;0;21;A01
200900001039;0;33;0;0;2;2;3;A01
200900001039;0;7;0;0;2;4;1;C01
200900001039;0;10;0;0;2;2;1;B01
200900001040;0;31;0;0;1;3;1;A01
200900001041;0;7;0;0;2;3;1;A01
200900001041;0;32;0;0;2;0;1;B01
200900001042;0;34;0;0;1;1;1;A01
200900001043;0;33;0;0;2;7;12;A01
200900001043;0;33;0;0;2;3;3;B01
200900001044;1;7;0;0;2;0;16;Z01
200900001044;0;1;0;0;2;8;1;A01
200900001045;0;7;0;0;1;3;1;A01
200900001046;0;30;0;0;2;2;17;B01
200900001046;0;7;0;0;2;8;10;A01
200900001047;0;7;0;4;0;3;13;A01
200900001048;0;7;0;0;1;1;1;A01
200900001049;0;1;0;0;1;1;1;A01
200900001050;0;7;0;0;2;6;2;B01
200900001050;0;10;0;0;2;1;2;A01
200900001050;0;7;0;0;2;8;2;C01
200900001051;0;33;0;0;2;3;1;A01
200900001051;0;7;0;0;2;2;16;B01
200900001052;0;7;0;0;1;2;1;A01
200900001053;0;30;0;0;2;0;1;A01
200900001053;1;31;0;0;2;0;17;Z01
200900001054;0;7;0;0;1;6;4;A01
200900001055;0;33;0;0;2;6;1;A01
200900001055;0;7;0;0;2;6;3;B01
200900001055;1;7;0;0;2;0;12;Z01
200900001056;0;13;0;0;2;5;16;A01
200900001056;0;30;0;0;2;2;1;B01
200900001057;0;7;0;0;2;8;10;A01
200900001057;0;31;0;0;2;1;1;B01
200900001058;0;1;0;0;2;1;19;B01
200900001058;0;7;0;0;2;3;16;A01
200900001059;0;32;0;0;2;2;2;B01
200900001059;0;7;0;0;2;1;2;A01
200900001060;0;7;0;0;2;5;23;B01
200900001060;0;30;0;0;2;1;2;A01
200900001061;0;2;0;0;2;9;16;A01
200900001061;1;7;0;0;2;0;2;Z01
200900001062;0;7;0;0;2;3;1;B01
200900001062;0;30;0;0;2;2;17;A01
200900001063;0;7;0;0;2;8;1;B01
200900001063;0;7;0;4;2;8;1;A01
200900001063;0;7;0;0;2;7;1;H02
200900001063;0;7;0;0;2;2;1;I02
200900001063;0;10;0;4;2;7;1;E01
200900001063;1;7;0;0;2;2;3;Z02
200900001063;0;7;0;0;2;2;1;G02
200900001063;0;7;0;0;2;2;1;D01
200900001063;0;7;0;0;2;8;1;F02
200900001063;0;7;0;0;2;6;1;C01
200900001064;0;30;0;0;2;6;1;A01
200900001064;1;7;0;0;2;1;1;Z01
200900001065;0;7;0;0;2;3;1;A01
200900001065;0;33;0;0;2;7;1;B01
200900001066;0;30;0;0;2;1;1;A01
200900001066;0;7;0;0;2;3;15;B01
200900001067;0;7;0;7;0;1;15;A01
200900001068;0;7;0;0;2;3;10;A01
200900001068;0;33;0;0;2;1;17;B01
200900001069;0;7;0;0;1;1;15;A01
200900001070;0;33;0;0;2;1;1;B01
200900001070;0;7;0;0;2;2;15;A01
200900001071;0;7;0;0;1;6;20;A01
200900001072;0;7;0;0;2;1;2;B01
200900001072;0;7;0;0;2;4;2;A01
200900001073;0;37;0;0;1;3;1;A01
200900001074;0;30;0;0;2;7;21;B01
200900001074;0;7;0;0;2;6;20;A01
200900001075;0;7;0;0;1;2;1;A01
200900001076;0;32;0;0;2;5;1;B01
200900001076;0;7;0;0;2;1;15;A01
200900001077;0;7;0;0;2;1;2;A01
200900001077;0;1;0;0;2;4;2;B01
200900001078;0;34;0;0;1;1;1;A01
200900001079;0;7;0;0;2;8;10;A01
200900001079;0;7;0;0;2;2;1;B01
200900001080;0;30;0;0;0;2;15;A01
200900001081;0;7;0;0;2;3;10;A01
200900001081;0;32;0;0;2;1;1;B01
200900001082;0;7;0;0;2;3;1;B01
200900001082;0;31;0;0;2;7;14;A01
200900001083;1;7;0;0;1;3;1;Z01
200900001084;0;33;0;0;0;2;1;A01
200900001085;0;7;0;11;0;2;14;A01
200900001086;0;32;0;0;0;0;21;A01
200900001087;0;7;0;0;2;2;1;A01
200900001087;0;32;0;0;2;3;1;B01
200900001088;0;37;1;0;1;2;7;A01
200900001089;0;32;0;0;2;1;2;A01
200900001089;0;7;0;0;2;6;23;B01
200900001090;0;1;0;0;2;1;17;A01
200900001090;0;7;0;0;2;4;23;B01
200900001091;0;7;0;0;2;3;15;A01
200900001091;0;30;0;0;2;1;17;B01
200900001092;0;30;0;0;1;1;18;A01
200900001093;1;7;0;0;2;0;10;Z01
200900001093;0;7;0;0;2;3;1;A01
200900001094;0;30;0;0;0;0;21;A01
200900001095;0;7;0;0;2;1;1;B01
200900001095;0;7;0;0;2;5;1;A01
200900001096;0;7;0;0;0;2;1;B02
200900001096;0;7;0;13;0;7;1;C03
200900001096;0;7;0;0;2;2;1;A01
200900001097;0;7;0;0;2;3;1;B02
200900001097;0;7;0;0;2;1;1;C03
200900001097;0;7;0;0;2;1;13;A01
200900001098;0;33;0;0;2;1;1;B02
200900001098;0;7;0;0;2;3;16;A01
200900001099;0;7;0;0;1;7;1;A01
200900001100;0;7;0;0;1;1;1;A01
200900001101;0;7;0;0;2;3;1;B02
200900001101;0;7;0;0;2;1;13;A01
200900001102;1;7;0;0;1;1;1;Z01
200900001103;0;7;0;0;2;1;17;A01
200900001103;0;7;0;0;2;1;1;B02
200900001104;0;7;0;0;2;1;15;A01
200900001104;0;33;0;0;2;1;1;B01
200900001105;0;32;0;0;2;8;2;A01
200900001105;0;7;0;0;2;2;2;B01
200900001106;0;7;0;0;1;8;1;A01
200900001107;0;7;0;0;2;8;9;A01
200900001107;0;2;0;0;2;2;21;B01
200900001108;0;7;0;0;1;7;1;A01
200900001109;0;7;0;0;2;3;1;A01
200900001109;0;7;0;0;2;3;1;B02
200900001110;0;33;0;0;2;1;2;A01
200900001110;0;7;0;0;0;4;2;B02
200900001111;0;7;0;0;2;1;1;C03
200900001111;0;7;0;0;2;8;1;B02
200900001111;0;7;0;0;2;3;13;A01
200900001112;0;30;0;0;2;1;1;B02
200900001112;0;10;0;0;9;3;16;A01
200900001113;0;31;0;0;2;8;21;B01
200900001113;0;7;0;0;2;5;12;A01
200900001114;0;7;0;6;0;1;1;A01
200900001115;0;7;0;0;2;1;1;B02
200900001115;0;7;0;0;2;1;13;A01
200900001116;0;7;0;0;2;1;1;B01
200900001116;0;7;0;0;2;7;19;A02
200900001117;0;33;0;11;0;1;17;A01
200900001118;0;7;0;0;2;7;1;A01
200900001118;0;2;0;;2;1;19;B01
200900001119;0;15;0;16;0;7;1;A01
200900001120;0;30;0;0;2;2;15;B02
200900001120;0;7;0;0;2;2;1;A01
200900001121;0;7;0;0;2;7;13;A01
200900001121;0;7;0;0;2;1;1;B02
200900001122;0;7;0;6;0;1;14;A01
200900001123;0;1;0;15;0;0;1;A01
200900001124;0;7;0;3;0;1;1;A01
200900001125;0;7;0;0;1;2;1;A01
200900001126;0;7;0;0;2;1;2;A01
200900001126;0;7;0;0;2;4;23;B01
200900001127;0;7;0;0;2;4;23;B01
200900001127;0;7;0;0;2;4;23;C01
200900001127;0;7;0;0;2;1;3;A01
200900001128;0;7;0;0;2;1;19;A01
200900001128;0;7;0;0;2;8;1;B01
200900001129;0;7;0;0;2;1;2;A01
200900001129;0;7;0;0;2;4;23;B01
200900001130;0;7;0;0;1;1;16;A01
200900001131;0;31;0;11;0;7;1;A01
200900001132;0;30;0;0;0;7;1;A01
200900001133;0;7;0;0;1;2;1;A01
200900001134;0;2;0;0;1;2;1;A01
200900001135;0;2;0;16;0;8;1;A01
200900001136;0;7;0;16;0;9;13;A01
200900001137;0;31;0;16;0;7;1;A01
200900001138;0;1;0;0;1;1;1;A01
200900001139;0;7;0;0;1;2;1;A01
200900001140;0;7;0;0;1;1;16;A01
200900001141;0;7;0;0;2;1;1;B02
200900001141;0;7;0;0;2;8;19;A01
200900001142;0;7;0;0;2;1;1;A01
200900001142;0;7;0;0;2;1;13;B02
200900001143;0;7;0;0;2;3;1;B02
200900001143;0;7;0;0;2;1;1;A01
200900001144;0;7;0;0;2;7;13;A01
200900001144;0;7;0;0;2;1;1;B02
200900001145;0;7;0;6;0;4;1;A01
200900001146;0;7;0;0;2;2;1;B01
200900001146;0;7;0;0;2;3;19;A02
200900001147;0;2;0;0;2;1;1;B02
200900001147;0;7;0;0;2;1;15;A01
200900001148;0;7;0;0;2;3;1;A01
200900001148;0;7;0;0;2;3;13;B02
200900001149;0;7;0;8;6;2;1;A01
200900001150;0;7;0;0;2;8;19;A01
200900001150;2;7;0;0;2;1;1;B02
200900001151;0;7;0;0;4;8;1;A01
200900001151;0;39;21;0;2;1;1;B02
200900001152;0;10;0;0;2;1;1;B01
200900001152;0;30;0;0;2;7;19;A02
200900001153;0;7;0;8;0;1;13;A01
200900001154;0;7;0;0;2;4;23;B01
200900001154;0;7;0;0;2;1;2;A01
200900001155;0;7;0;13;0;9;1;A01
200900001156;0;7;0;13;0;0;14;A01
200900001157;0;7;0;0;2;1;15;A01
200900001157;0;7;0;0;2;1;1;B01
200900001158;0;7;0;0;0;0;1;A01
200900001159;0;7;0;0;1;1;16;A01
200900001160;0;30;0;0;1;1;1;A01
200900001161;0;7;0;0;2;1;2;A01
200900001161;0;7;0;0;0;4;2;C01
200900001161;0;7;0;0;2;1;2;B01
200900001162;0;7;0;0;1;1;1;A01
200900001163;0;10;0;0;2;2;15;A01
200900001163;0;7;0;0;0;8;1;B01
200900001164;0;7;0;0;2;3;1;B01
200900001164;0;30;0;0;2;1;1;A01
200900001165;0;7;0;0;1;2;0;A01
200900001166;0;7;0;0;1;3;15;A01
200900001167;0;7;0;0;1;1;1;A01
200900001168;0;7;0;6;0;8;2;A01
200900001169;0;10;0;0;2;3;1;B02
200900001169;0;7;0;0;2;3;1;A01
200900001170;0;30;0;0;2;7;1;A01
200900001170;0;7;0;0;2;1;19;B02
200900001171;0;10;0;0;2;1;6;A01
200900001171;0;1;0;0;2;1;1;B02
200900001172;0;7;0;6;0;1;1;A01
200900001173;0;7;0;0;2;1;1;A01
200900001173;0;7;0;0;2;7;1;B02
200900001174;0;30;0;0;2;1;1;B02
200900001174;0;7;0;0;2;2;15;A01
200900001175;0;7;0;13;0;1;13;A01
200900001176;0;7;0;0;2;3;17;B02