num_acc;senc;catv;occutc;obs;obsm;choc;manv;num_veh
200900001176;0;7;0;0;2;3;1;A01
200900001177;0;7;0;0;2;3;1;B02
200900001177;0;7;0;0;2;5;1;A01
200900001178;0;33;0;0;2;2;15;B01
200900001178;0;7;0;0;2;6;1;A01
200900001179;0;7;0;6;0;1;1;A01
200900001180;0;7;0;0;1;2;16;A01
200900001181;0;7;0;9;0;2;0;A01
200900001182;0;7;0;0;1;3;15;A01
200900001183;0;7;0;0;0;1;0;A01
200900001183;0;7;0;0;2;4;0;B01
200900001184;0;2;0;14;1;1;21;A01
200900001185;0;7;0;0;1;1;15;A01
200900001186;0;7;0;0;1;2;1;A01
200900001187;0;7;0;0;1;2;1;A01
200900001188;0;7;0;0;0;4;23;B01
200900001188;0;10;0;0;2;1;1;A01
200900001189;0;7;0;0;1;1;1;A01
200900001190;0;10;0;0;1;1;1;A01
200900001191;0;7;0;0;1;2;1;A01
200900001192;0;30;0;0;2;0;1;B01
200900001192;0;7;0;0;2;0;15;A01
200900001193;0;7;0;0;0;4;1;C01
200900001193;0;7;0;0;2;1;1;A01
200900001193;0;7;0;0;2;4;1;B01
200900001194;0;30;0;0;2;1;1;B01
200900001194;0;7;0;0;2;1;15;A01
200900001195;0;7;0;1;0;2;0;A01
200900001196;0;7;0;0;0;8;24;A01
200900001196;0;30;0;1;0;1;1;B01
200900001197;0;7;0;0;0;2;5;B02
200900001197;0;7;0;0;0;3;1;A01
200900001198;0;7;0;13;0;8;1;A01
200900001199;0;7;0;0;1;1;1;A01
200900001200;0;14;0;0;2;3;1;B02
200900001201;0;30;0;0;0;7;1;B02
200900001201;0;7;0;0;2;5;11;A01
200900001202;0;7;0;0;0;4;1;B01
200900001202;0;7;0;0;2;1;2;A01
200900001202;0;7;0;0;2;3;1;C01
200900001203;0;7;0;0;2;1;5;A01
200900001203;0;7;0;0;2;1;0;B01
200900001204;0;7;0;0;2;3;1;A01
200900001204;0;7;0;0;2;1;0;B02
200900001205;0;7;0;0;1;1;1;A01
200900001206;0;7;0;8;0;3;2;A01
200900001207;0;33;0;12;0;0;1;A01
200900001208;0;7;0;0;2;1;21;B02
200900001208;0;33;0;0;2;1;21;A01
200900001209;0;14;0;6;0;3;1;A01
200900001210;0;10;0;6;0;1;0;A01
200900001211;0;7;0;0;2;1;13;A01
200900001211;0;7;0;0;2;1;1;B02
200900001211;0;7;0;0;0;0;0;C03
200900001212;0;7;0;8;0;1;1;A01
200900001213;0;7;0;0;2;3;15;A01
200900001213;0;30;0;0;2;8;1;B02
200900001214;0;7;0;6;0;1;13;A01
200900001215;0;7;0;0;2;5;15;B02
200900001215;0;7;0;0;2;1;1;A01
200900001216;0;7;0;0;2;3;1;B02
200900001216;0;7;0;0;2;3;5;A01
200900001217;0;10;0;0;1;1;1;A01
200900001218;0;2;0;0;0;0;15;B01
200900001218;0;7;0;0;0;3;9;A01
200900001219;0;7;0;0;1;1;1;A01
200900001220;0;7;0;0;2;3;0;A01
200900001220;0;7;0;0;1;3;0;B01
200900001221;0;7;0;13;0;1;17;A01
200900001222;0;7;0;0;2;3;0;A01
200900001222;0;7;0;0;2;3;1;B02
200900001223;0;7;0;0;2;1;1;B02
200900001223;0;7;0;0;2;8;1;A01
200900001224;0;7;0;0;1;4;20;A01
200900001225;0;7;0;2;0;8;1;A01
200900001226;0;7;0;0;0;4;2;B01
200900001226;1;7;0;0;2;1;2;A01
200900001227;0;7;0;0;0;2;13;A01
200900001227;0;7;0;0;2;3;1;B02
200900001228;0;7;0;2;0;1;1;A01
200900001229;0;14;0;8;0;3;15;A01
200900001230;0;7;0;0;2;1;1;B01
200900001230;0;7;0;0;2;8;19;A01
200900001231;0;7;0;10;0;0;1;A01
200900001232;0;7;0;0;2;1;1;B01
200900001232;0;7;0;0;2;2;1;A01
200900001233;0;7;0;0;0;3;16;A01
200900001233;0;7;0;0;2;8;1;C01
200900001233;0;7;0;0;2;1;1;B01
200900001234;0;7;0;2;6;3;1;A01
200900001235;0;33;0;0;2;1;1;A01
200900001235;0;7;0;0;2;2;9;B02
200900001236;0;2;0;0;2;1;2;A01
200900001236;0;7;0;0;2;5;15;B02
200900001237;0;7;0;0;2;7;19;A01
200900001237;0;10;0;0;2;1;1;B02
200900001238;0;7;0;0;2;3;1;A01
200900001238;0;38;0;0;2;3;1;B02
200900001239;0;99;0;0;2;3;17;B02
200900001239;0;7;0;0;2;3;1;A01
200900001240;0;10;0;0;2;1;19;A01
200900001240;0;7;0;0;2;3;1;B02
200900001241;0;10;0;0;0;9;0;A01
200900001242;0;7;0;0;1;1;1;A01
200900001243;0;2;0;0;2;4;1;B02
200900001243;0;7;0;0;2;1;1;A01
200900001244;0;7;0;0;2;3;1;B02
200900001244;0;7;0;0;2;1;13;A01
200900001245;0;7;0;16;0;9;19;A01
200900001246;0;7;0;0;1;1;15;A01
200900001247;0;7;0;13;0;3;1;A01
200900001248;0;7;0;6;0;3;1;A01
200900001249;0;7;0;0;0;0;1;A01
200900001250;0;7;0;14;0;9;1;A01
200900001251;0;7;0;0;2;1;1;A01
200900001251;0;7;0;0;2;7;19;B02
200900001252;0;7;0;0;0;3;0;A01
200900001253;0;2;0;0;2;1;1;B02
200900001253;0;7;0;0;0;7;15;A01
200900001254;1;7;0;0;1;2;19;A01
200900001255;0;7;0;13;0;6;1;A01
200900001256;0;30;0;0;2;1;1;A01
200900001256;0;7;0;0;2;6;19;B02
200900001257;0;7;0;0;2;1;17;A01
200900001257;0;7;0;0;2;6;15;B02
200900001258;0;2;0;0;0;1;1;A01
200900001259;0;7;0;0;0;1;1;A01
200900001260;0;7;0;0;1;2;1;A01
200900001261;0;7;0;0;2;1;13;A01
200900001261;0;10;0;0;2;1;1;B02
200900001262;0;14;0;16;0;8;1;A01
200900001263;0;7;0;0;0;0;1;A01
200900001264;0;7;0;13;0;3;16;A01
200900001265;0;7;0;0;0;4;23;A01
200900001265;0;7;0;1;0;1;2;B02
200900001266;0;7;0;0;1;2;1;A01
200900001267;0;16;0;0;0;0;1;B02
200900001268;0;7;0;0;2;3;1;B01
200900001268;0;7;0;0;2;2;15;A01
200900001269;0;7;0;0;2;1;1;B01
200900001269;0;7;0;0;2;3;19;A01
200900001270;0;16;0;13;0;2;1;A01
200900001271;0;7;0;0;1;2;1;A01
200900001272;0;7;0;0;1;3;1;A01
200900001273;0;30;0;0;9;4;16;B01
200900001273;0;30;0;0;9;2;21;A01
200900001274;0;7;0;4;0;2;1;A01
200900001275;0;7;0;7;0;1;1;A01
200900001276;0;7;0;0;2;7;9;A01
200900001276;0;33;0;0;2;1;1;B02
200900001277;0;7;0;15;0;1;1;A01
200900001278;0;7;0;0;1;1;1;A01
200900001279;0;7;0;0;2;4;13;A01
200900001279;0;7;0;0;2;1;0;B02
200900001280;0;7;0;13;0;1;1;A01
200900001281;0;7;0;6;0;8;0;A01
200900001282;0;7;0;0;2;2;0;A01
200900001282;0;32;0;0;2;8;19;B02
200900001283;1;7;0;0;1;0;1;A01
200900001284;0;7;0;0;1;2;1;A01
200900001285;0;10;0;0;9;1;9;A01
200900001285;0;2;0;0;2;7;2;B01
200900001286;0;7;0;0;2;1;1;A01
200900001286;0;7;0;14;0;4;1;D01
200900001286;0;7;0;0;2;0;2;B01
200900001286;0;31;0;14;0;9;1;C01
200900001287;0;34;0;0;2;1;13;A01
200900001287;0;7;0;0;2;6;1;B01
200900001288;0;32;0;0;2;1;2;A01
200900001288;0;7;0;0;2;4;2;B01
200900001289;1;7;0;0;1;1;1;Z01
200900001290;0;30;0;0;0;9;1;A01
200900001290;0;7;0;0;0;0;9;B01
200900001291;0;7;0;0;0;5;2;B01
200900001291;0;7;0;0;2;3;2;A01
200900001292;0;33;0;0;1;3;1;A01
200900001293;0;14;0;0;0;0;0;A01
200900001294;0;7;0;0;2;1;1;A01
200900001294;0;7;0;0;2;5;1;B01
200900001295;0;2;0;0;2;7;15;B01
200900001295;0;7;0;0;2;3;1;A01
200900001296;0;7;0;3;0;7;13;A01
200900001297;0;7;0;0;1;1;15;A01
200900001298;0;7;0;9;0;1;1;A01
200900001299;0;7;0;0;1;2;0;A01
200900001300;0;10;0;4;0;9;1;A01
200900001301;0;7;0;0;1;1;0;A01
200900001302;0;7;0;0;2;3;1;A01
200900001302;0;2;0;0;2;1;17;B01
200900001303;0;7;0;0;1;1;1;A01
200900001304;0;10;0;0;1;3;15;A01
200900001305;0;30;0;0;2;1;1;B01
200900001305;0;7;0;0;2;2;16;A01
200900001306;0;7;0;0;1;2;1;A01
200900001307;0;7;0;0;2;1;1;B01
200900001307;0;7;0;0;2;7;17;A01
200900001308;0;7;0;0;2;1;2;A01
200900001308;0;7;0;0;2;4;2;B01
200900001309;0;7;0;0;1;0;1;A01
200900001310;0;7;0;0;2;1;15;A01
200900001310;0;2;0;0;2;1;1;B01
200900001311;0;7;0;0;2;8;1;B01
200900001311;0;7;0;0;2;0;0;A01
200900001312;0;7;0;0;2;7;12;A01
200900001312;0;30;0;0;2;1;1;B01
200900001313;0;7;0;0;1;8;1;A01
200900001314;0;7;0;0;2;3;10;A01
200900001314;0;33;0;0;2;1;1;B01
200900001315;0;7;0;0;2;2;1;A01
200900001315;0;7;0;0;2;4;1;B01
200900001316;0;30;0;0;2;1;1;B01
200900001316;0;7;0;0;9;0;9;A01
200900001317;0;7;0;0;2;0;2;A01
200900001317;0;7;0;0;2;0;2;B01
200900001318;1;7;0;0;0;0;0;A01
200900001318;0;34;0;0;2;2;17;B01
200900001319;0;7;0;0;2;9;1;A01
200900001319;0;7;0;0;2;8;1;B01
200900001320;0;7;0;0;9;1;15;A01
200900001320;0;1;0;0;2;0;1;B01
200900001321;0;2;0;0;2;2;6;B01
200900001321;0;10;0;0;2;3;17;A01
200900001322;0;31;0;0;2;1;2;B01
200900001322;0;7;0;0;2;3;2;A01
200900001323;0;30;0;0;0;0;1;A01
200900001324;0;7;0;0;1;1;1;A01
200900001325;0;2;0;0;0;0;1;A01
200900001326;0;7;0;0;1;2;1;A01
200900001327;0;7;0;0;1;1;21;A01
200900001328;0;7;0;7;2;0;0;A01
200900001328;0;7;0;0;2;3;1;B01
200900001329;1;7;0;0;1;0;0;Z01
200900001330;0;7;0;0;1;0;0;A01
200900001331;0;7;0;0;1;4;9;A01
200900001332;0;2;0;0;2;9;1;A01
200900001332;0;7;0;0;2;8;1;B01
200900001333;0;33;0;0;2;0;1;B01
200900001333;0;7;0;0;2;8;11;A01
200900001334;0;2;0;0;2;7;1;B01
200900001334;0;7;0;0;9;0;1;A01
200900001335;0;33;0;0;2;1;2;A01
200900001335;0;7;0;0;2;4;1;B01
200900001336;0;7;0;13;0;1;1;A01
200900001337;0;7;0;0;2;1;13;A01
200900001337;0;7;0;0;2;1;1;B02
200900001338;0;7;0;13;0;9;1;A01
200900001339;0;7;0;8;0;3;1;A01
200900001340;0;7;0;13;0;1;1;A01
200900001341;0;7;0;13;0;7;21;A01
200900001342;0;7;0;2;0;1;1;A01
200900001343;0;7;0;16;0;9;1;A01
200900001344;0;7;0;13;0;1;1;A01
200900001345;0;7;0;13;2;3;13;A01
200900001345;0;7;0;13;2;6;1;B02
200900001346;0;7;0;0;2;1;15;A01
200900001346;0;33;0;0;2;1;1;B02
200900001347;0;7;0;4;0;3;13;A01
200900001348;0;7;0;13;0;1;1;A01
200900001349;0;7;0;13;0;1;1;A01
200900001350;0;7;0;0;2;3;1;B02
200900001350;0;7;0;0;2;3;13;A01
200900001351;0;7;0;0;2;1;1;B01
200900001351;0;7;0;0;2;1;13;A01
200900001352;0;7;0;0;2;1;13;A01
200900001352;0;7;0;6;2;1;1;B01
200900001353;0;7;0;0;1;1;1;A01
200900001354;0;7;0;0;1;1;1;A01
200900001355;0;7;0;1;0;9;14;A01
200900001356;0;2;0;0;1;1;1;A01
200900001357;0;33;0;0;2;1;1;B01
200900001357;0;7;0;0;2;8;15;A01
200900001358;0;2;0;0;2;1;1;B01
200900001358;1;7;0;0;2;0;15;Z01
200900001359;0;10;0;0;2;1;2;A01
200900001359;0;7;0;0;2;4;1;B01
200900001360;0;7;0;0;2;1;1;B01
200900001360;2;7;0;0;2;1;13;A01
200900001361;0;7;0;9;0;3;14;A01
200900001362;0;7;0;3;0;1;1;A01
200900001363;0;7;0;8;0;1;0;A01
200900001364;0;2;0;0;2;1;1;B01
200900001364;0;7;0;0;0;5;15;A01
200900001365;0;7;0;13;0;9;0;A01
200900001366;0;7;0;0;0;4;2;A01
200900001366;0;7;0;0;2;1;2;C01
200900001366;0;7;0;0;2;4;2;B01
200900001367;0;7;0;13;0;1;1;A01
200900001368;0;7;0;13;5;9;1;A01
200900001369;0;7;0;0;2;1;13;A01
200900001369;0;7;0;0;2;1;1;B01
200900001369;0;7;0;0;2;1;1;C01
200900001370;0;7;0;0;2;3;1;A01
200900001370;0;32;0;0;2;1;1;B01
200900001371;0;7;0;0;2;1;15;A01
200900001371;0;7;0;0;2;1;1;B01
200900001372;0;7;0;0;2;3;15;B01
200900001372;0;33;0;0;2;1;17;A01
200900001373;0;7;0;0;1;1;1;A01
200900001374;0;7;0;0;2;1;1;B01
200900001374;0;3;0;0;2;3;13;A01
200900001375;0;2;0;0;2;1;1;B01
200900001375;0;7;0;0;2;2;15;A01
200900001376;0;7;0;0;2;1;1;B01
200900001376;0;7;0;0;2;1;13;A01
200900001377;0;7;0;0;1;1;1;A01
200900001378;0;7;0;0;2;2;17;A01
200900001378;0;30;0;0;2;8;15;B02
200900001379;0;7;0;0;0;3;1;A01
200900001380;1;7;0;0;1;3;13;A01
200900001381;0;7;0;2;0;3;1;A01
200900001382;0;7;0;0;0;9;1;A01
200900001383;0;7;0;2;0;2;1;A01
200900001384;0;7;0;13;0;3;16;A01
200900001385;0;7;0;6;0;8;13;A01
200900001386;0;7;0;13;0;3;1;A01
200900001387;0;7;0;0;2;7;13;A01
200900001387;0;10;0;0;2;1;1;B02
200900001388;0;7;0;0;2;2;15;A01
200900001388;0;2;0;0;2;1;1;B01
200900001389;0;7;0;0;1;1;0;A01
200900001390;0;7;0;0;1;3;15;A01
200900001391;0;7;0;0;2;8;1;B01
200900001391;0;38;1;0;2;3;1;A01
200900001392;0;7;0;0;2;2;13;A01
200900001392;0;7;0;0;2;2;21;B02
200900001393;0;7;0;1;1;3;1;A01
200900001394;0;7;0;0;2;1;0;B02
200900001394;0;7;0;0;2;1;0;A01
200900001395;0;7;0;0;1;1;1;A01
200900001396;0;7;0;13;0;2;1;A01
200900001397;0;7;0;0;1;3;1;A01
200900001398;0;10;0;0;2;5;1;B01
200900001398;0;7;0;0;2;8;1;C01
200900001398;0;33;0;0;2;2;3;A01
200900001399;0;7;0;0;2;1;2;A01
200900001399;0;33;0;1;2;4;23;B01
200900001400;0;7;0;0;2;5;2;B01
200900001400;0;31;0;0;2;1;2;A01
200900001401;0;33;0;0;2;1;1;B01
200900001401;0;13;0;0;2;3;10;A01
200900001402;0;7;0;0;2;5;1;B01
200900001402;0;32;0;0;2;6;15;A01
200900001403;0;7;0;0;2;1;1;B01
200900001403;0;7;0;0;2;1;15;A01
200900001404;0;7;0;0;2;3;15;A01
200900001404;0;31;0;0;2;7;15;B01
200900001405;0;7;0;0;2;5;2;B01
200900001405;0;7;0;0;2;4;2;C01
200900001405;0;7;0;0;2;3;2;A01
200900001406;0;3;0;0;2;1;1;A01
200900001406;0;33;0;0;2;7;1;B01
200900001407;0;1;0;0;2;3;9;B01
200900001407;0;7;0;0;2;1;5;A01
200900001408;0;10;0;0;2;7;1;A01
200900001408;0;7;0;0;2;1;1;B01
200900001409;0;7;0;11;0;1;15;A01
200900001410;0;7;0;0;2;2;15;A01
200900001410;0;32;0;0;2;1;1;B01
200900001411;0;7;0;0;2;4;23;B01
200900001411;0;7;0;0;2;1;2;A01
200900001412;0;7;0;0;1;2;15;A01
200900001413;0;3;0;0;2;1;2;A01
200900001413;0;7;0;0;2;5;23;B01
200900001414;0;33;0;0;0;0;14;A01
200900001415;0;7;0;4;0;3;13;A01
200900001416;0;34;0;0;0;8;1;A01
200900001417;0;2;0;1;0;1;17;A01
200900001418;0;7;0;0;1;1;1;A01
200900001419;0;10;0;0;2;5;2;B01
200900001419;0;7;0;0;2;3;2;A01
200900001420;0;30;0;0;2;1;1;B01
200900001420;0;7;0;0;2;6;10;A01
200900001421;0;32;0;0;2;1;1;A01
200900001421;0;7;0;8;2;6;1;B01
200900001422;0;7;0;0;2;5;12;B01
200900001422;0;7;0;0;2;1;1;A01
200900001423;0;31;0;0;0;0;16;A01
200900001424;0;33;0;12;0;8;13;A01
200900001425;0;2;0;0;2;7;1;B01
200900001425;0;7;0;0;2;8;22;A01
200900001426;0;30;0;0;0;0;1;A01
200900001427;0;34;0;0;2;3;1;B01
200900001427;0;7;0;0;2;2;15;A01
200900001428;0;7;0;0;1;7;1;A01
200900001429;0;7;0;0;2;3;15;B01
200900001429;0;32;0;0;2;1;17;A01
200900001430;0;10;0;0;2;7;23;B01
200900001430;0;7;0;0;2;9;23;C01
200900001430;0;7;0;0;2;3;2;A01
200900001430;0;7;0;0;2;5;23;D01
200900001431;0;7;0;15;0;2;14;A01
200900001432;0;2;0;0;0;0;1;A01
200900001433;0;7;0;11;0;2;14;A01
200900001434;0;7;0;12;0;9;14;A01
200900001435;2;7;0;3;2;1;2;A01
200900001435;0;7;0;3;2;4;2;B01
200900001436;2;7;0;7;0;9;13;A01
200900001437;0;7;0;0;1;2;1;A01
200900001438;0;33;0;8;0;2;21;A01
200900001439;0;7;0;0;1;2;14;A01
200900001440;0;7;0;0;1;1;1;A01
200900001441;0;33;0;0;2;1;2;A01
200900001441;0;7;0;0;2;5;23;B01
200900001442;0;33;0;12;2;3;3;A01
200900001442;0;10;0;0;2;5;23;B01
200900001443;0;10;0;0;2;0;1;B01
200900001443;0;31;0;0;2;0;18;A01
200900001444;0;7;0;0;1;2;1;A01
200900001445;0;7;0;0;2;2;1;A01
200900001445;0;7;0;0;2;1;1;B01
200900001446;0;32;0;0;2;1;2;A01
200900001446;0;7;0;0;2;3;2;B01
200900001447;0;7;0;0;2;3;1;B01
200900001447;0;34;0;0;2;1;1;A01
200900001448;0;7;0;0;2;1;5;A01
200900001448;0;33;0;0;2;1;1;B01
200900001449;0;7;0;0;2;4;2;B01
200900001449;0;2;0;0;2;1;2;A01
200900001450;0;32;0;1;2;1;1;B01
200900001450;0;99;0;0;2;7;4;A01
200900001451;0;7;0;1;0;1;14;A01
200900001452;0;7;0;14;2;1;2;A01
200900001452;0;32;0;0;2;8;2;B01
200900001453;0;7;0;0;2;2;7;B01
200900001453;0;30;0;0;2;3;15;A01
200900001454;0;32;0;0;2;4;2;B01
200900001454;0;7;0;0;2;1;2;A01
200900001455;0;7;0;0;2;3;15;A01
200900001455;0;32;0;1;2;1;1;B01
200900001456;0;7;0;0;2;4;23;C01
200900001456;0;7;0;0;2;1;2;A01
200900001456;0;7;0;0;2;4;23;D01
200900001456;0;7;0;0;2;4;2;B01
200900001457;0;33;0;0;2;8;1;B01
200900001457;0;10;0;0;2;2;12;A01
200900001458;0;30;0;8;1;1;7;A01
200900001459;0;30;0;0;2;8;21;A01
200900001459;0;7;0;0;2;3;1;B01
200900001460;0;7;0;0;1;3;16;A01
200900001461;0;30;0;0;2;7;17;A01
200900001461;0;7;0;0;2;8;15;B01
200900001462;0;2;0;0;2;1;18;A01
200900001462;0;7;0;0;2;2;12;B01
200900001463;0;7;0;0;2;8;10;A01
200900001463;0;33;0;0;2;1;1;B01
200900001464;0;30;0;14;0;1;13;A01
200900001465;0;34;0;0;2;1;15;B01
200900001465;0;7;0;0;2;1;1;A01
200900001466;0;2;0;0;0;8;1;A01
200900001467;0;7;0;0;1;2;15;A01
200900001468;0;7;0;0;1;3;1;A01
200900001469;0;7;0;0;1;2;1;A01
200900001470;0;30;0;0;0;1;1;A01
200900001471;0;33;0;0;1;2;1;A01
200900001472;0;7;0;0;2;2;10;B01
200900001472;0;32;0;0;2;1;1;A01
200900001473;0;7;0;7;0;1;13;A01
200900001474;0;7;0;0;2;3;7;B01
200900001474;0;7;0;0;2;7;16;A01
200900001475;0;2;0;0;2;1;1;B01
200900001475;0;7;0;0;2;2;15;A01
200900001476;0;2;0;0;0;7;1;A01
200900001477;0;7;0;0;1;1;15;A01
200900001478;0;32;0;1;2;6;1;B01
200900001478;0;7;0;0;2;1;15;A01
200900001479;0;2;0;0;2;2;16;B01
200900001479;0;33;0;0;2;0;7;A01
200900001479;0;7;0;0;2;5;23;C01
200900001480;0;7;0;0;2;3;15;B01
200900001480;0;33;0;0;2;2;17;A01
200900001481;0;7;0;0;1;3;15;A01
200900001482;0;7;0;0;2;3;1;B01
200900001482;0;7;0;0;2;1;1;A01
200900001483;0;7;0;0;1;3;1;A01
200900001484;0;1;0;0;2;2;1;B01
200900001484;0;7;0;0;2;3;22;A01
200900001485;0;2;0;0;0;0;1;A01
200900001486;0;32;0;0;0;0;21;A01
200900001487;0;7;0;0;1;3;1;A01
200900001488;0;7;0;0;2;1;2;A01
200900001488;0;32;0;0;2;4;23;B01
200900001489;0;14;0;0;1;5;16;A01
200900001490;1;7;0;0;1;0;1;Z01
200900001491;0;32;0;0;0;1;1;A01
200900001492;0;32;0;0;1;1;1;A01
200900001493;0;38;50;0;1;3;1;A01
200900001494;0;31;0;0;2;2;1;B01
200900001494;0;7;0;0;2;8;15;A01
200900001495;1;7;0;0;1;2;1;Z01
200900001496;0;32;0;2;2;8;7;B01
200900001496;0;10;0;0;2;2;1;A01
200900001497;0;7;0;0;2;3;15;B01
200900001497;0;31;0;0;2;2;17;A01
200900001498;0;7;0;0;2;2;1;A01
200900001498;0;32;0;0;2;8;1;B01
200900001499;0;7;0;0;1;1;1;A01
200900001500;0;33;0;0;2;5;12;B01
200900001500;0;7;0;0;2;8;11;A01
200900001501;0;1;0;0;2;1;1;B01
200900001501;0;7;0;0;2;8;22;A01
200900001502;0;7;0;12;2;0;2;A01
200900001502;0;7;0;0;2;0;2;B01
200900001503;0;32;0;0;0;0;1;A01
200900001504;0;32;0;0;2;7;1;A01
200900001504;1;7;0;0;2;8;13;Z01
200900001505;0;7;0;0;2;5;12;B01
200900001505;0;33;0;0;2;3;3;A01
200900001506;0;33;0;0;2;1;1;B01
200900001506;0;7;0;0;2;3;9;A01
200900001507;0;7;0;0;2;3;15;B01
200900001507;0;32;0;1;2;8;17;A01
200900001508;0;7;0;0;1;5;1;A01
200900001509;0;32;0;0;1;2;17;A01
200900001510;0;7;0;0;1;3;15;A01
200900001511;0;7;0;0;1;3;1;A01
200900001512;0;7;0;0;1;0;15;A01
200900001513;0;7;0;0;1;2;1;A01
200900001514;0;7;0;0;2;2;1;B01
200900001514;0;7;0;0;2;7;1;A01
200900001515;0;7;0;0;1;1;15;A01
200900001516;0;2;0;0;0;7;1;A01
200900001517;0;7;0;0;2;2;1;B01
200900001517;0;31;0;0;2;8;3;A01
200900001518;0;7;0;0;1;1;7;A01
200900001519;1;7;0;0;2;0;11;Z01
200900001519;0;32;0;0;2;0;1;A01
200900001520;0;33;0;0;0;8;1;A01
200900001521;0;10;0;0;2;1;2;A01
200900001521;0;33;0;0;2;4;23;B01
200900001522;0;32;0;0;0;8;21;A01
200900001523;0;32;0;0;1;1;1;A01
200900001524;0;32;0;0;1;3;1;A01
200900001525;0;31;0;0;1;1;1;A01
200900001526;0;7;0;0;2;3;22;A01
200900001526;0;1;0;0;2;1;1;B01
200900001526;0;7;0;0;2;2;17;C01
200900001527;0;7;0;0;2;3;11;A01
200900001527;0;33;0;0;2;2;1;B01
200900001528;0;1;0;0;1;1;7;A01
200900001529;0;31;0;0;1;1;1;A01
200900001530;0;7;0;0;2;8;1;B01
200900001530;0;32;0;0;2;1;1;A01
200900001531;0;7;0;0;2;4;2;C01
200900001531;0;7;0;0;2;0;2;B01
200900001531;0;33;0;0;2;1;2;A01
200900001532;0;37;10;0;1;2;7;A01
200900001533;0;37;10;0;0;0;21;A01
200900001534;0;7;0;0;2;7;15;A01
200900001534;0;7;0;0;2;3;1;B01
200900001534;0;7;0;0;2;8;1;C01
200900001535;0;7;0;0;1;1;16;A01
200900001536;0;7;0;0;1;0;7;A01
200900001537;0;33;0;0;2;1;1;B01
200900001537;0;7;0;0;2;7;15;A01
200900001538;0;7;0;11;2;1;13;A01
200900001538;0;7;0;0;2;1;1;B01
200900001539;0;34;0;0;2;1;5;B01
200900001539;0;7;0;0;2;3;15;A01
200900001540;0;7;0;0;1;1;16;A01
200900001541;0;7;0;0;1;2;1;A01
200900001542;0;7;0;0;1;1;1;A01
200900001543;0;32;0;0;0;0;21;A01
200900001544;0;30;0;0;2;3;1;B01
200900001544;0;7;0;0;2;2;16;A01
200900001545;0;7;0;0;2;1;2;A01
200900001545;0;7;0;0;2;4;23;B01
200900001546;0;33;0;0;2;8;1;A01
200900001546;2;30;0;0;2;7;5;Z01
200900001547;0;7;0;0;2;3;10;B01
200900001547;0;2;0;0;2;1;5;A01
200900001548;0;33;0;0;2;9;1;B01
200900001548;0;7;0;0;2;2;15;A01
200900001549;0;30;0;0;2;1;1;B01
200900001549;0;7;0;0;2;3;11;A01
200900001550;0;1;0;0;0;2;1;A01
200900001551;0;7;0;0;2;2;15;A01
200900001551;0;30;0;0;2;1;1;B01
200900001552;0;7;0;0;2;2;1;B01
200900001552;0;30;0;0;2;1;13;A01
200900001553;0;7;0;0;1;3;1;A01
200900001554;0;7;0;0;2;2;2;A01
200900001554;0;2;0;0;2;4;23;B01
200900001555;0;10;0;0;2;2;9;A01
200900001555;0;33;0;0;2;3;1;B01
200900001556;0;33;0;0;0;0;1;A01
200900001557;0;14;0;0;2;7;14;A01
200900001557;0;1;0;0;2;8;1;B01
200900001558;0;7;0;0;1;3;15;A01
200900001559;0;10;0;0;2;3;13;A01
200900001559;0;32;0;1;2;1;1;B01
200900001560;0;7;0;0;2;8;12;A01
200900001560;0;30;0;0;2;3;1;B01
200900001561;0;30;0;0;1;0;1;A01
200900001562;0;7;0;0;2;3;11;A01
200900001562;0;30;0;0;2;1;1;B01
200900001563;0;7;0;0;2;7;22;A01
200900001563;0;30;0;0;2;8;1;B01
200900001564;0;7;0;0;2;2;12;B01
200900001564;0;33;0;0;2;3;1;A01
200900001565;0;32;0;0;1;3;1;A01
200900001566;0;30;0;12;0;1;1;A01
200900001567;0;7;0;0;2;0;11;A01
200900001567;0;33;0;0;2;0;17;B01
200900001568;0;7;0;0;1;1;16;A01
200900001569;0;33;0;0;2;3;1;B01
200900001569;0;7;0;0;2;6;1;A01
200900001570;0;7;0;0;1;0;1;A01
200900001571;0;7;0;0;2;0;16;B01
200900001571;0;30;0;0;2;1;18;A01
200900001572;0;30;0;0;2;2;2;A01
200900001572;0;7;0;0;2;4;2;B01
200900001573;0;10;0;0;1;5;4;A01
200900001574;0;34;0;0;0;1;1;A01
200900001575;0;30;0;0;1;1;5;A01
200900001576;0;1;0;0;2;7;1;A01
200900001576;0;7;0;0;2;3;1;B01
200900001577;0;7;0;0;1;1;15;A01
200900001578;0;2;0;0;2;1;1;B01
200900001578;0;7;0;0;2;3;15;A01
200900001579;0;7;0;0;2;8;11;A01
200900001579;0;33;0;0;2;7;1;B01
200900001580;0;2;0;0;2;3;1;B01
200900001580;0;7;0;0;2;5;16;A01
200900001581;0;31;0;0;2;3;1;B01
200900001581;0;7;0;0;2;5;15;A01
200900001582;0;37;57;0;1;2;7;A01
200900001583;0;7;0;0;2;2;15;A01
200900001583;0;33;0;0;2;1;1;B01
200900001584;0;7;0;0;2;1;1;B01
200900001584;0;7;0;0;2;2;1;A01
200900001585;0;7;0;0;2;3;10;A01