num_acc;senc;catv;occutc;obs;obsm;choc;manv;num_veh
200900001967;0;1;0;0;2;9;2;B01
200900001968;0;10;0;0;1;4;4;A01
200900001969;0;10;0;1;1;5;4;A01
200900001970;0;30;0;0;2;2;17;A01
200900001970;0;7;0;0;2;3;15;B01
200900001971;0;7;0;0;1;2;16;A01
200900001972;0;2;0;0;0;1;1;A01
200900001973;0;30;0;0;1;1;1;A01
200900001974;0;7;0;0;2;1;2;B01
200900001974;0;30;0;0;2;5;2;A01
200900001975;0;7;0;0;1;2;7;A01
200900001976;0;7;0;0;2;3;11;B01
200900001976;0;7;0;0;2;2;1;A01
200900001977;0;33;0;0;2;2;1;A01
200900001977;0;32;0;0;2;7;15;B01
200900001978;0;33;0;0;1;2;1;A01
200900001979;0;30;0;0;2;1;21;A01
200900001979;0;7;0;0;2;3;1;B01
200900001980;0;7;0;0;2;4;23;B01
200900001980;0;30;0;0;2;2;2;A01
200900001981;0;7;0;0;2;6;2;B01
200900001981;0;30;0;0;2;1;2;A01
200900001982;1;10;0;0;1;4;4;Z01
200900001983;0;7;0;0;2;1;1;A01
200900001983;0;30;0;0;2;8;1;B01
200900001984;0;7;0;0;2;3;1;B01
200900001984;0;33;0;0;2;1;1;A01
200900001985;0;32;0;0;0;0;21;A01
200900001986;0;7;0;1;1;2;1;A01
200900001987;0;30;0;0;2;1;1;B01
200900001987;0;7;0;0;2;2;15;A01
200900001988;0;2;0;0;2;7;1;A01
200900001988;0;7;0;0;2;3;1;B01
200900001989;0;7;0;0;1;2;1;A01
200900001990;0;7;0;4;0;7;14;A01
200900001991;0;30;0;0;2;2;7;A01
200900001991;0;30;0;0;2;7;15;B01
200900001992;0;32;0;0;2;4;2;A01
200900001992;1;7;0;0;2;1;2;Z01
200900001993;0;10;0;0;2;1;10;B01
200900001993;0;33;0;0;2;8;5;A01
200900001994;0;7;0;0;1;1;1;A01
200900001995;0;32;0;0;1;3;7;A01
200900001996;0;7;0;0;2;1;1;B01
200900001996;0;7;0;0;2;2;9;A01
200900001997;0;10;0;0;2;5;17;B01
200900001997;0;31;0;0;2;2;1;A01
200900001998;0;14;0;0;2;2;1;B01
200900001998;0;7;0;0;2;6;11;A01
200900001999;0;34;0;0;2;8;18;A01
200900001999;0;7;0;0;2;7;16;B01
200900002000;0;38;95;0;2;7;16;A01
200900002000;0;2;0;0;2;8;18;B01
200900002001;0;34;0;0;2;0;17;A01
200900002001;0;1;0;0;2;8;15;B01
200900002002;0;34;0;0;2;1;17;B01
200900002002;0;7;0;0;2;3;13;A01
200900002003;0;32;0;0;0;6;21;A01
200900002004;0;30;0;0;0;8;15;A01
200900002005;0;30;0;0;0;7;21;A01
200900002006;0;33;0;14;0;3;1;A01
200900002007;0;31;0;0;2;3;2;B01
200900002007;0;7;0;0;2;3;11;A01
200900002007;0;7;0;0;2;5;2;C01
200900002008;0;34;0;0;2;8;1;A01
200900002008;1;7;0;0;2;2;1;Z01
200900002009;0;7;0;1;0;2;14;A01
200900002010;0;7;0;0;2;1;1;B01
200900002010;0;30;0;0;2;8;15;A01
200900002011;0;7;0;0;2;3;1;B01
200900002011;0;7;0;0;2;2;1;A01
200900002012;0;7;0;0;2;1;15;A01
200900002012;0;7;0;8;2;1;1;B01
200900002013;0;7;0;8;0;1;13;A01
200900002014;1;7;0;0;1;0;15;Z01
200900002015;0;7;0;0;1;2;7;A01
200900002016;0;7;0;0;2;4;2;D01
200900002016;0;7;0;0;2;1;2;A01
200900002016;0;7;0;0;2;4;2;E01
200900002016;0;7;0;0;2;1;2;C01
200900002016;0;7;0;0;2;4;2;B01
200900002017;0;32;0;0;2;2;13;A01
200900002017;0;7;0;0;2;5;1;B01
200900002018;0;7;0;0;2;4;2;C01
200900002018;0;10;0;0;2;1;2;A01
200900002018;0;7;0;0;2;4;2;B01
200900002019;0;10;0;0;2;4;23;D01
200900002019;0;7;0;0;2;1;2;A01
200900002019;0;7;0;0;2;4;23;C01
200900002019;0;7;0;0;2;4;2;B01
200900002020;0;7;0;0;1;3;15;A01
200900002021;0;7;0;0;2;5;16;A01
200900002021;0;32;0;0;2;3;1;B01
200900002022;0;31;0;0;0;7;16;A01
200900002023;0;32;0;0;0;8;21;A01
200900002024;0;13;0;0;1;2;1;A01
200900002025;0;32;0;0;0;0;21;A01
200900002026;0;32;0;0;2;1;1;B01
200900002026;0;7;0;0;2;2;15;A01
200900002027;0;31;0;0;2;8;23;C01
200900002027;0;7;0;0;2;2;15;A01
200900002027;0;7;0;0;2;1;1;B01
200900002028;0;30;0;0;2;1;1;A01
200900002028;0;7;0;0;2;7;1;B01
200900002029;0;7;0;0;2;1;2;A01
200900002029;0;7;0;0;2;5;2;B01
200900002030;0;30;0;0;2;1;1;B01
200900002030;0;7;0;0;2;2;15;A01
200900002031;0;7;0;0;2;4;2;B01
200900002031;0;7;0;0;2;4;2;C01
200900002031;0;7;0;0;2;1;2;A01
200900002031;0;7;0;0;2;4;2;D01
200900002032;0;2;0;0;2;3;23;B01
200900002032;0;30;0;0;2;1;2;A01
200900002033;0;30;0;0;1;2;1;A01
200900002034;0;7;0;11;0;2;15;A01
200900002035;0;7;0;0;2;7;16;B01
200900002035;0;2;0;0;2;8;18;A01
200900002036;0;7;0;0;2;7;1;B01
200900002036;0;34;0;0;2;1;1;A01
200900002037;0;7;0;0;2;1;2;A01
200900002037;0;7;0;0;2;3;23;B01
200900002038;0;33;0;0;0;0;1;A01
200900002039;0;1;0;0;2;4;2;B01
200900002039;0;7;0;0;2;1;2;A01
200900002040;0;7;0;0;1;5;4;A01
200900002041;0;30;0;0;1;1;1;A01
200900002042;0;7;0;0;2;3;1;B01
200900002042;0;32;0;0;2;1;1;A01
200900002043;0;7;0;0;2;4;2;B01
200900002043;0;7;0;0;2;1;2;A01
200900002043;0;7;0;0;2;1;2;C01
200900002043;0;7;0;0;2;1;2;D01
200900002044;0;7;0;0;1;4;20;A01
200900002045;0;38;0;0;2;2;15;B01
200900002045;0;1;0;0;2;1;13;A01
200900002046;0;7;0;0;2;2;17;B01
200900002046;0;7;0;2;2;6;13;A01
200900002046;0;7;0;0;2;7;24;C01
200900002047;0;33;0;0;1;1;15;A01
200900002048;0;33;0;14;0;1;14;A01
200900002049;0;7;0;0;1;2;1;A01
200900002050;0;7;0;0;2;5;16;A01
200900002050;0;1;0;0;2;1;7;B01
200900002051;0;32;0;0;2;8;1;A01
200900002051;0;7;0;0;2;2;1;B01
200900002052;0;30;0;0;2;8;1;B01
200900002052;0;7;0;0;2;2;15;A01
200900002053;0;7;0;0;2;3;11;A01
200900002053;0;32;0;0;2;7;1;B01
200900002054;0;31;0;11;0;2;1;A01
200900002055;0;10;0;0;1;3;15;A01
200900002056;0;7;0;0;1;1;7;A01
200900002057;0;7;0;0;1;2;1;A01
200900002058;0;31;0;0;0;7;5;A01
200900002059;0;10;0;7;0;1;14;A01
200900002060;0;1;0;0;2;0;5;B01
200900002060;0;7;0;0;2;1;1;A01
200900002061;0;32;0;0;2;8;1;B01
200900002061;0;7;0;0;2;1;15;A01
200900002062;1;32;0;0;1;0;16;Z01
200900002063;0;7;0;0;0;0;1;A01
200900002064;0;7;0;0;0;3;19;B02
200900002064;0;7;0;0;0;7;17;A01
200900002065;0;7;0;0;5;2;1;A01
200900002066;0;30;0;0;2;1;1;B02
200900002066;0;10;0;0;2;2;1;A01
200900002067;0;7;0;0;0;0;14;A01
200900002068;0;7;0;0;2;1;9;A01
200900002068;0;7;0;0;2;7;1;B01
200900002069;0;30;0;0;2;1;19;A01
200900002069;0;7;0;0;2;3;1;B02
200900002070;0;30;0;13;0;1;1;A01
200900002071;0;7;0;16;0;9;1;A01
200900002072;0;7;0;0;2;3;1;A01
200900002072;0;7;0;0;2;3;1;B02
200900002073;0;7;0;0;2;3;17;A01
200900002073;0;10;0;0;2;8;15;B02
200900002074;0;30;0;6;0;2;1;A01
200900002075;0;7;0;9;0;9;1;A01
200900002076;0;7;0;6;0;3;1;A01
200900002077;0;7;0;0;2;1;1;A01
200900002077;0;7;0;0;2;3;1;B01
200900002078;0;7;0;6;0;1;1;A01
200900002079;0;7;0;0;1;1;1;A01
200900002080;1;7;0;0;1;4;4;A01
200900002081;0;7;0;0;1;1;1;A01
200900002082;0;7;0;13;0;1;1;A01
200900002083;0;3;0;0;2;4;1;B02
200900002083;0;10;0;0;2;1;1;A01
200900002084;0;30;0;0;0;0;14;A01
200900002085;0;7;0;0;2;1;1;B01
200900002085;0;7;0;0;2;1;9;A01
200900002086;0;7;0;0;1;2;1;A01
200900002087;0;7;0;2;0;1;1;A01
200900002088;0;7;0;0;1;2;1;A01
200900002089;0;7;0;4;2;2;17;A01
200900002089;0;7;0;4;2;6;1;B02
200900002090;0;7;0;0;1;2;1;A01
200900002091;0;7;0;0;2;1;1;A01
200900002091;0;7;0;0;2;1;1;B01
200900002092;0;7;0;0;2;1;1;A01
200900002092;0;15;0;0;2;6;1;B02
200900002093;0;7;0;13;0;2;14;A01
200900002094;0;7;0;2;0;7;13;A01
200900002095;0;2;0;0;2;1;1;B02
200900002095;0;7;0;0;2;3;15;A01
200900002096;0;7;0;2;0;1;13;A01
200900002097;0;7;0;4;0;9;14;A01
200900002098;0;7;0;0;2;1;1;A01
200900002098;0;7;0;0;0;8;15;B02
200900002099;0;7;0;3;0;3;13;A01
200900002100;0;15;0;0;2;4;1;A01
200900002100;0;15;0;0;2;1;1;B02
200900002101;0;7;0;0;2;3;1;A01
200900002101;0;7;0;0;2;2;17;B02
200900002102;0;7;0;0;2;3;19;A01
200900002102;0;7;0;0;2;1;1;B02
200900002103;0;7;0;0;2;6;1;A01
200900002103;0;7;0;0;2;3;1;B02
200900002104;0;7;0;0;2;2;1;B02
200900002104;0;7;0;0;0;7;1;A01
200900002105;0;7;0;0;2;7;23;D04
200900002105;0;7;0;0;2;4;23;C03
200900002105;0;7;0;0;2;2;21;B02
200900002105;0;7;0;3;0;7;14;A01
200900002106;0;7;0;13;0;1;1;A01
200900002107;0;10;0;12;0;2;13;A01
200900002108;0;38;18;0;2;3;23;B02
200900002108;0;7;0;0;2;1;21;A01
200900002109;0;7;0;0;2;1;1;B02
200900002109;0;7;0;0;2;7;19;A01
200900002110;0;7;0;0;1;2;15;A01
200900002111;0;7;0;0;2;3;1;B02
200900002111;0;7;0;0;2;3;13;A01
200900002112;0;7;0;0;6;1;13;A01
200900002113;0;7;0;0;1;1;1;A01
200900002114;1;7;0;0;2;0;13;A02
200900002114;0;7;0;0;2;9;1;B02
200900002114;0;7;0;0;2;3;1;A01
200900002115;0;7;0;8;0;3;1;A01
200900002116;0;7;0;0;2;3;1;B02
200900002116;0;7;0;0;2;3;1;A01
200900002117;0;7;0;0;1;2;1;A01
200900002118;0;7;0;0;1;3;1;A01
200900002119;0;7;0;0;2;7;6;A01
200900002119;0;7;0;0;2;1;1;B01
200900002120;0;15;0;0;2;2;1;A01
200900002120;0;7;0;4;2;3;13;B02
200900002121;0;7;0;0;2;2;15;A01
200900002121;0;2;0;0;2;1;1;B02
200900002122;0;10;0;13;0;3;1;A01
200900002123;0;7;0;0;2;3;1;B02
200900002123;0;7;0;0;2;3;1;A01
200900002124;0;7;0;13;0;1;1;A01
200900002125;0;30;0;0;2;7;5;A01
200900002125;0;7;0;0;2;2;1;B02
200900002126;0;7;0;0;2;1;1;B02
200900002126;0;7;0;16;0;2;1;A01
200900002127;0;7;0;0;1;4;4;A01
200900002128;0;7;0;0;2;1;1;C03
200900002128;0;33;0;0;2;9;2;A01
200900002128;0;7;0;0;9;4;2;B02
200900002129;0;30;0;0;2;1;17;A01
200900002129;0;7;0;0;2;1;1;B02
200900002130;0;37;1;0;2;2;1;C03
200900002130;0;7;0;0;2;3;13;A01
200900002130;0;7;0;0;2;3;1;B02
200900002131;0;7;0;0;1;4;20;A01
200900002132;0;7;0;0;1;2;1;A01
200900002133;0;10;0;0;1;3;1;A01
200900002134;0;2;0;0;2;8;1;A01
200900002134;0;7;0;0;2;2;1;B01
200900002135;0;7;0;0;2;1;16;A01
200900002135;0;7;0;0;2;3;1;B01
200900002136;0;2;0;0;2;1;1;A01
200900002136;0;7;0;0;2;1;1;C01
200900002136;0;7;0;0;2;2;15;B01
200900002137;0;17;0;0;2;7;1;B02
200900002137;0;7;0;3;0;0;13;C03
200900002137;0;7;0;0;0;2;11;A01
200900002138;0;2;0;0;2;1;1;B01
200900002138;0;7;0;0;2;7;15;A01
200900002139;0;7;0;6;0;1;1;A01
200900002140;0;10;0;16;0;3;14;A01
200900002141;0;7;0;0;2;2;2;A01
200900002141;0;2;0;0;2;4;1;B01
200900002142;0;7;0;0;2;5;1;B01
200900002142;0;33;0;0;2;8;1;A01
200900002143;0;7;0;6;0;3;1;A01
200900002144;0;7;0;8;0;1;1;A01
200900002145;0;7;0;0;2;1;1;B01
200900002145;0;7;0;0;2;3;1;A01
200900002146;0;7;0;6;0;3;1;A01
200900002147;0;2;0;0;0;0;1;A01
200900002148;0;7;0;0;2;7;15;A01
200900002148;0;7;0;0;2;1;1;B01
200900002149;0;7;0;0;2;4;2;B01
200900002149;0;7;0;0;2;1;2;A01
200900002150;0;7;0;5;0;1;14;A01
200900002151;0;7;0;0;1;1;1;A01
200900002152;0;33;0;0;0;1;2;A01
200900002153;0;7;0;0;2;1;15;A01
200900002153;0;7;0;0;2;1;1;B01
200900002154;0;2;0;0;2;1;1;B01
200900002154;0;7;0;0;2;7;1;A01
200900002155;0;7;0;0;2;3;16;A01
200900002155;0;7;0;0;2;1;1;B01
200900002156;0;7;0;0;2;3;15;A01
200900002156;0;7;0;0;2;3;1;B01
200900002157;0;7;0;0;2;1;5;A01
200900002157;0;7;0;0;2;1;1;B01
200900002158;0;36;0;5;0;1;1;A01
200900002159;0;7;0;16;0;3;1;A01
200900002160;0;7;0;2;0;1;19;A01
200900002161;0;10;0;0;1;8;23;A01
200900002162;0;7;0;0;2;3;17;A01
200900002162;0;2;0;0;2;1;1;B01
200900002163;0;10;0;6;0;1;1;A01
200900002164;0;7;0;16;0;9;1;A01
200900002165;1;31;0;0;2;1;1;B01
200900002165;0;7;0;0;2;2;15;A01
200900002166;0;7;0;1;0;1;14;A01
200900002167;0;7;0;0;2;3;15;B01
200900002167;0;10;0;0;2;5;1;A01
200900002167;0;7;0;0;2;3;1;C01
200900002168;0;7;0;0;1;1;1;A01
200900002169;0;7;0;0;1;1;1;A01
200900002170;0;7;0;2;0;1;13;A01
200900002171;0;7;0;0;0;5;2;B01
200900002171;0;2;0;0;2;5;2;A01
200900002172;0;1;0;0;2;3;19;A01
200900002172;0;7;0;0;2;3;23;B01
200900002173;0;7;0;0;1;1;1;A01
200900002174;0;7;0;0;2;1;1;B01
200900002174;0;7;0;0;2;2;15;A01
200900002175;0;7;0;0;2;1;15;A01
200900002175;0;30;0;0;2;1;1;B01
200900002176;0;7;0;0;2;3;9;A01
200900002176;0;2;0;1;2;1;17;B01
200900002177;0;7;0;9;0;1;13;A01
200900002178;0;2;0;0;2;1;1;A01
200900002178;0;7;0;0;2;2;19;B02
200900002179;0;7;0;0;2;1;1;B02
200900002179;0;7;0;0;2;1;5;A01
200900002180;0;7;0;0;2;1;13;A01
200900002180;0;10;0;0;2;3;1;B02
200900002181;0;7;0;13;0;1;13;A01
200900002182;0;7;0;0;0;1;13;A01
200900002182;0;7;0;0;0;1;1;B02
200900002183;0;7;0;8;0;8;19;A01
200900002184;0;7;0;0;1;4;4;A01
200900002185;0;7;0;2;0;0;1;A01
200900002186;0;10;0;13;0;9;13;A01
200900002187;0;7;0;0;2;8;15;A01
200900002187;0;2;0;0;2;1;1;B02
200900002188;0;7;0;13;0;2;14;A01
200900002189;0;7;0;13;0;1;1;A01
200900002190;0;2;0;12;0;7;1;A01
200900002191;0;10;0;0;1;6;15;A01
200900002192;0;7;0;8;0;8;14;A01
200900002193;0;7;0;0;2;1;13;A01
200900002193;0;15;0;0;2;1;1;B02
200900002194;0;7;0;2;0;3;1;A01
200900002195;0;2;0;0;0;1;1;A01
200900002196;0;7;0;0;2;6;15;A01
200900002196;0;7;0;0;2;3;1;B02
200900002197;0;30;0;0;0;0;1;A01
200900002198;0;7;0;0;1;1;15;A01
200900002199;0;7;0;0;2;3;1;B02
200900002199;0;7;0;0;2;3;13;A01
200900002200;0;7;0;0;2;3;2;C03
200900002200;0;7;0;0;2;3;1;B02
200900002200;0;7;0;0;2;3;13;A01
200900002201;0;7;0;0;0;9;1;A01
200900002202;0;7;0;6;0;1;1;A01
200900002203;0;7;0;0;2;1;1;C03
200900002203;0;7;0;0;2;3;1;B02
200900002203;0;7;0;0;2;3;3;A01
200900002204;0;7;0;1;2;2;1;B02
200900002204;0;7;0;0;2;4;4;A01
200900002205;0;7;0;4;0;0;1;A01
200900002206;0;30;0;0;2;5;15;A01
200900002206;0;7;0;0;9;2;1;B01
200900002207;0;7;0;0;2;1;2;A01
200900002207;0;7;0;0;0;4;23;B01
200900002208;0;7;0;13;0;1;1;A01
200900002209;0;7;0;13;0;1;19;A01
200900002210;0;14;0;0;1;3;15;A01
200900002211;1;7;0;0;1;7;15;A01
200900002212;0;2;0;0;0;0;1;A01
200900002213;0;7;0;0;2;1;1;B02
200900002213;0;3;0;0;2;7;19;A01
200900002214;0;7;0;0;2;2;15;A01
200900002214;0;2;0;0;2;1;1;B01
200900002215;0;7;0;8;0;1;1;A01
200900002216;0;7;0;0;2;2;1;B01
200900002216;0;7;0;0;2;3;0;A01
200900002217;0;7;0;0;2;4;1;B01
200900002217;0;2;0;0;2;1;1;A01
200900002218;0;10;0;0;1;5;4;A01
200900002219;0;2;0;0;0;0;0;A01
200900002220;0;7;0;2;0;9;1;A01
200900002221;0;30;0;11;0;1;1;A01
200900002222;0;33;0;0;2;0;1;B01
200900002222;0;7;0;0;2;5;19;A01
200900002223;0;7;0;8;0;3;6;A01
200900002224;0;7;0;6;0;1;1;A01
200900002225;0;7;0;8;0;9;1;A01
200900002226;0;7;0;2;0;3;1;A01
200900002227;0;7;0;8;0;0;0;A01
200900002228;0;7;0;0;2;2;17;A01
200900002228;0;2;0;0;0;8;15;B01
200900002229;0;30;0;1;0;1;1;A01
200900002230;0;7;0;0;2;7;1;B02
200900002230;0;7;0;0;2;1;19;A01
200900002231;0;7;0;0;1;2;1;A01
200900002232;0;2;0;0;0;0;1;A01
200900002233;0;7;0;0;2;1;17;A01
200900002233;0;14;0;0;2;1;1;B02
200900002233;0;7;0;0;2;8;1;C03
200900002234;0;7;0;0;2;5;1;B01
200900002234;0;7;0;0;2;3;12;A01
200900002234;0;7;0;0;2;4;2;C01
200900002235;0;7;0;0;1;2;15;A01
200900002236;0;7;0;0;1;1;1;A01
200900002237;0;7;0;0;2;4;23;B01
200900002237;0;30;0;0;2;1;2;A01
200900002238;0;40;1;0;1;8;1;A01
200900002239;0;3;0;0;1;3;1;A01
200900002239;0;7;0;0;1;1;1;B01
200900002240;0;7;0;0;1;3;11;A01
200900002241;1;7;0;0;2;2;2;Z01
200900002241;0;33;0;0;2;3;1;A01
200900002242;0;7;0;0;1;1;1;A01
200900002243;0;7;0;0;2;3;5;A01
200900002243;0;7;0;0;2;3;23;B01
200900002244;0;7;0;0;2;1;2;A01
200900002244;0;7;0;0;2;4;23;B01
200900002245;0;7;0;0;1;1;1;A01
200900002246;0;7;0;0;1;1;0;A01
200900002247;0;1;0;0;2;8;19;B01
200900002247;0;7;0;0;1;3;15;A01
200900002248;0;2;0;0;2;2;1;A01
200900002248;1;7;0;0;0;0;1;Z01
200900002249;0;7;0;13;0;1;13;A01
200900002250;0;7;0;0;2;2;1;B02
200900002250;0;7;0;0;2;3;15;A01
200900002251;0;7;0;7;0;3;19;A01
200900002252;0;7;0;9;2;3;1;B02
200900002252;0;7;0;0;2;3;15;A01
200900002253;0;7;0;0;2;1;23;C03
200900002253;0;7;0;0;2;3;1;B02
200900002253;0;7;0;0;2;3;13;A01
200900002254;0;7;0;0;2;1;1;B02
200900002254;0;7;0;0;2;7;17;A01
200900002255;0;7;0;0;1;1;1;A01
200900002256;0;10;0;0;2;1;13;A01
200900002256;0;7;0;0;2;1;1;B02
200900002257;0;7;0;0;1;1;1;A01
200900002258;0;7;0;2;0;0;0;A01
200900002259;0;7;0;3;2;3;13;A01
200900002259;0;7;0;0;2;1;21;B02
200900002260;0;10;0;0;2;1;2;A01
200900002260;0;7;0;6;0;4;2;B02
200900002261;0;7;0;0;2;1;1;B02
200900002261;0;7;0;0;2;3;1;A01
200900002262;0;7;0;0;2;3;5;A01
200900002262;0;7;0;0;2;1;1;B02
200900002263;0;7;0;2;0;1;1;A01
200900002264;0;10;0;2;0;2;1;A01
200900002265;0;7;0;2;0;1;1;A01
200900002266;0;7;0;0;2;1;15;B02
200900002266;0;7;0;0;2;2;1;A01
200900002267;0;7;0;0;2;1;2;A01
200900002267;0;10;0;0;2;4;2;B02
200900002268;0;7;0;10;0;8;1;A01
200900002269;0;10;0;0;2;1;1;B02
200900002269;0;7;0;0;2;2;15;A01
200900002270;0;2;0;3;0;7;1;A01
200900002271;0;30;0;0;2;1;1;B02
200900002271;0;10;0;0;0;3;15;A01
200900002272;0;1;0;0;2;7;1;B02
200900002272;0;7;0;0;2;3;19;A01
200900002273;0;7;0;0;1;1;1;A01
200900002274;0;7;0;0;2;1;1;A01
200900002274;0;7;0;0;2;1;1;B01
200900002275;1;7;0;0;2;0;1;A01
200900002276;0;7;0;2;0;8;1;A01
200900002277;0;10;0;0;2;3;1;A01
200900002277;0;7;0;0;2;1;15;B01
200900002278;0;7;0;0;1;1;1;A01
200900002279;0;7;0;1;0;1;0;A01
200900002280;0;7;0;0;2;3;1;B02
200900002280;0;7;0;0;2;3;13;A01
200900002281;0;10;0;0;2;1;1;B02
200900002281;0;10;0;0;2;1;13;A01
200900002282;0;7;0;0;1;3;1;A01
200900002283;0;31;0;0;2;0;1;A01
200900002284;0;14;0;0;0;0;0;B02
200900002284;0;37;0;0;1;2;16;A01
200900002285;0;10;0;2;0;3;1;A01
200900002286;0;10;0;2;0;8;1;A01
200900002287;0;7;0;0;2;2;1;B02
200900002287;0;2;0;0;2;1;19;A01
200900002288;0;10;0;13;0;1;1;A01
200900002289;0;7;0;0;2;1;24;B02
200900002289;0;15;0;1;0;2;1;A01
200900002290;0;30;0;0;2;1;1;A01
200900002290;0;7;0;0;2;3;19;B02
200900002291;0;30;0;1;0;1;2;A01
200900002291;0;10;0;0;0;4;23;B01
200900002292;0;7;0;0;0;4;23;B01
200900002292;0;7;0;1;0;1;1;A01
200900002293;0;37;36;0;1;2;1;A01
200900002294;0;7;0;0;2;4;23;C03
200900002294;0;7;0;0;2;4;23;B02
200900002294;0;15;0;0;2;3;2;A01
200900002295;0;7;0;9;0;0;1;A01
200900002296;0;7;0;0;1;1;15;A01
200900002297;0;7;0;9;0;1;13;A01
200900002298;0;7;0;0;1;3;1;A01
200900002299;0;7;0;0;1;2;1;A01
200900002300;0;7;0;9;0;1;13;A01
200900002301;0;1;0;0;2;7;1;A01
200900002301;0;7;0;0;2;1;1;B01
200900002302;0;7;0;0;2;3;10;A01
200900002302;0;2;0;0;2;1;1;B01
200900002303;0;7;0;14;2;7;1;A01
200900002303;0;7;0;0;2;1;1;B01
200900002304;0;2;0;0;1;1;1;A01
200900002305;0;7;0;0;2;1;15;A01
200900002305;0;2;0;0;2;1;1;B01
200900002306;0;7;0;0;2;1;1;B01
200900002306;0;10;0;0;2;8;19;A01
200900002307;0;7;0;0;1;2;1;A01
200900002308;0;7;0;0;1;3;1;A01
200900002309;0;7;0;0;2;1;2;A01
200900002309;0;7;0;0;2;5;2;B01
200900002310;0;7;0;0;2;3;13;A01
200900002310;0;7;0;0;2;3;13;B02
200900002311;0;7;0;13;0;0;17;A01
200900002312;0;7;0;8;0;3;0;A01
200900002313;0;7;0;13;0;2;14;A01
200900002314;0;7;0;13;0;1;19;A01
200900002315;0;15;0;0;2;2;13;A01
200900002315;0;10;0;0;2;2;1;B02
200900002316;0;7;0;2;0;3;13;A01
200900002317;0;7;0;0;1;2;1;A01
200900002318;0;38;27;9;2;7;1;B02
200900002318;0;14;0;0;2;1;21;A01
200900002319;0;7;0;8;0;1;14;A01
200900002320;0;7;0;0;2;2;13;A01
200900002320;0;7;0;0;2;3;1;B02
200900002321;0;7;0;0;2;2;1;B02
200900002321;0;7;0;0;2;3;19;A01
200900002322;0;7;0;0;1;2;1;A01
200900002323;0;21;0;0;0;0;1;B02
200900002323;0;7;0;15;2;3;13;A01
200900002324;0;15;0;15;0;7;15;A01
200900002325;0;7;0;2;0;8;1;A01
200900002326;0;7;0;0;1;7;14;A01
200900002327;0;7;0;15;0;1;1;A01
200900002328;0;7;0;0;2;3;1;B02
200900002328;0;7;0;0;2;2;13;A01
200900002329;0;7;0;13;0;1;1;A01
200900002330;0;7;0;3;2;1;2;A01
200900002330;0;15;0;0;0;4;1;B02
200900002331;0;7;0;0;6;1;1;A01
200900002332;0;7;0;9;0;0;1;A01
200900002333;0;30;0;0;2;1;1;B01
200900002333;0;7;0;0;2;7;19;A01
200900002334;0;7;0;0;2;8;15;A01
200900002334;0;7;0;0;2;7;1;B01
200900002335;0;10;0;2;0;3;1;A01
200900002336;0;36;0;2;0;3;0;A01
200900002337;0;7;0;0;1;1;1;A01
200900002338;0;7;0;0;1;1;1;A01
200900002339;0;7;0;0;1;1;2;A01
200900002340;0;7;0;2;0;2;1;A01
200900002341;0;7;0;0;9;3;21;A01
200900002341;0;1;0;0;2;1;1;B02
200900002342;0;7;0;6;0;9;1;A01
200900002343;0;7;0;2;0;8;1;A01
200900002344;0;33;0;11;0;1;13;A01
200900002345;0;30;0;0;0;1;13;A01
200900002346;0;7;0;13;0;3;1;A01
200900002347;0;10;0;0;1;1;1;A01
200900002348;0;33;0;0;2;7;17;B02
200900002348;0;7;0;0;2;6;17;A01
200900002349;0;7;0;0;2;1;19;A01
200900002349;0;7;0;0;2;3;1;B02
200900002350;0;7;0;13;0;2;14;A01
200900002351;0;10;0;0;1;1;1;A01
200900002352;0;10;0;13;0;7;1;B02
200900002353;0;7;0;13;0;3;1;A01
200900002354;0;2;0;0;2;1;17;A01
200900002354;0;7;0;0;;6;15;B02
200900002355;0;7;0;0;1;3;1;A01
200900002356;0;15;0;13;0;2;1;A01
200900002357;0;7;0;4;0;1;14;A01
200900002358;0;7;0;2;0;1;14;A01
200900002359;0;7;0;0;2;1;1;A01
200900002359;0;7;0;0;;8;19;B02
200900002360;0;7;0;0;1;2;16;A01
200900002361;0;7;0;0;2;3;1;B02
200900002361;0;7;0;0;2;6;1;A01
200900002362;0;14;0;0;2;2;1;B02
200900002362;0;7;0;0;2;7;1;C03
200900002362;0;7;0;0;2;3;15;A01
200900002363;0;7;0;0;2;2;2;B02
200900002363;0;7;0;0;2;3;13;A01
200900002364;0;7;0;0;1;3;1;A01
200900002365;0;7;0;0;1;1;1;A01
200900002366;0;7;0;0;1;1;1;A01
200900002367;0;7;0;13;0;2;1;A01
200900002368;0;7;0;0;2;1;13;A01
200900002368;0;2;0;0;2;1;5;B02
200900002369;0;10;0;13;0;2;1;A01
200900002370;0;7;0;0;0;3;1;B02
200900002370;0;7;0;0;0;3;1;A01
200900002371;0;7;0;13;0;2;1;A01
200900002372;0;10;0;0;0;2;15;A01
200900002372;0;7;0;0;0;3;1;B02
200900002373;0;7;0;0;2;3;13;A01
200900002373;0;10;0;0;2;3;1;B02
200900002374;0;7;0;8;0;1;14;A01
200900002375;0;7;0;0;2;3;9;B01
200900002375;0;2;0;0;2;2;1;A01
200900002376;0;1;0;0;2;4;1;B01
200900002376;1;7;0;0;2;0;0;A01
200900002377;0;7;0;0;2;3;1;C01