num_acc;senc;catv;occutc;obs;obsm;choc;manv;num_veh
200900002377;0;10;0;0;2;8;1;B01
200900002377;0;10;0;0;2;3;13;A01
200900002378;0;14;0;0;2;3;1;C01
200900002378;0;7;0;0;2;1;2;A01
200900002378;0;7;0;0;2;4;15;B01
200900002379;0;1;0;0;0;8;1;B02
200900002379;0;15;0;0;2;7;17;A01
200900002380;0;15;0;2;0;1;1;A01
200900002381;0;7;0;0;2;3;1;B02
200900002381;0;7;0;0;2;3;13;A01
200900002382;0;30;0;0;1;1;1;A01
200900002383;0;2;0;0;2;1;1;B02
200900002383;0;7;0;0;2;2;15;A01
200900002384;0;33;0;8;0;1;1;A01
200900002385;0;7;0;15;2;1;1;B01
200900002385;0;7;0;0;2;6;15;A01
200900002386;0;7;0;0;2;2;1;B01
200900002386;0;7;0;0;2;6;11;A01
200900002387;1;7;0;0;2;1;13;A01
200900002387;0;7;0;0;2;1;1;B01
200900002388;0;14;0;0;1;1;1;B02
200900002388;0;2;0;0;0;0;1;A01
200900002389;0;3;0;8;2;6;1;A01
200900002390;0;7;0;0;2;3;1;B01
200900002390;0;7;0;0;2;3;13;A01
200900002391;0;7;0;0;2;3;1;B01
200900002391;0;1;0;0;2;1;16;A01
200900002392;0;1;0;0;2;7;1;B01
200900002392;0;7;0;0;2;1;16;A01
200900002393;0;7;0;0;2;4;23;C01
200900002393;0;7;0;0;2;1;2;A01
200900002393;0;7;0;0;2;1;2;B01
200900002394;0;1;0;0;0;0;1;A01
200900002395;0;7;0;0;1;0;0;A01
200900002396;0;7;0;0;2;5;15;A01
200900002396;0;31;0;0;2;1;1;B01
200900002397;0;7;0;0;1;1;1;A01
200900002398;0;7;0;0;2;7;15;A01
200900002398;0;1;0;0;2;1;1;B01
200900002399;0;7;0;0;2;2;16;A01
200900002399;0;2;0;0;2;1;1;B01
200900002400;0;7;0;0;2;1;15;A01
200900002400;0;1;0;0;2;1;1;B01
200900002401;0;2;0;0;0;8;21;A01
200900002402;0;30;0;0;1;1;18;A01
200900002403;0;30;0;0;0;2;1;A01
200900002404;0;7;0;0;2;8;19;A01
200900002404;0;30;0;0;2;1;17;B01
200900002405;0;7;0;0;2;5;15;A01
200900002405;0;7;0;0;2;3;1;B01
200900002406;0;7;0;0;2;4;2;B01
200900002406;0;7;0;0;2;4;23;C01
200900002406;0;7;0;0;2;1;2;A01
200900002407;0;7;0;0;2;1;15;A01
200900002407;0;7;0;0;2;3;1;B01
200900002408;0;10;0;0;2;1;1;A01
200900002408;0;7;0;0;2;4;2;B01
200900002409;0;7;0;0;2;1;24;B01
200900002409;0;7;0;0;2;2;1;A01
200900002410;0;7;0;0;2;1;1;A01
200900002410;0;7;0;0;2;4;15;B01
200900002410;0;7;0;0;2;1;1;C01
200900002411;0;7;0;0;9;1;9;A01
200900002411;0;1;0;0;2;0;0;B01
200900002412;0;10;0;0;2;7;1;B01
200900002412;0;7;0;0;0;5;1;C01
200900002412;0;7;0;0;2;8;11;A01
200900002413;0;7;0;0;2;1;1;B01
200900002413;0;7;0;0;2;3;1;A01
200900002414;0;7;0;0;2;8;10;A01
200900002414;0;33;0;0;2;1;1;B01
200900002415;0;7;0;0;1;8;1;A01
200900002416;0;2;0;0;0;1;16;A01
200900002417;0;33;0;0;2;3;21;A01
200900002417;0;33;0;0;0;1;21;B01
200900002418;0;7;0;6;2;4;1;B01
200900002418;2;7;0;0;2;1;2;A01
200900002419;0;7;0;0;2;8;1;B01
200900002419;0;7;0;0;2;1;1;C01
200900002419;0;7;0;0;2;7;1;A01
200900002420;0;33;0;0;2;3;1;B01
200900002420;0;7;0;0;2;5;17;A01
200900002421;0;7;0;0;2;5;1;B01
200900002421;0;7;0;0;2;1;15;A01
200900002422;0;33;0;0;2;1;2;A01
200900002422;0;7;0;0;2;4;1;B01
200900002423;0;7;0;0;0;0;0;A01
200900002424;0;2;0;0;2;0;0;A01
200900002425;0;2;0;0;0;0;0;A01
200900002426;0;7;0;0;2;0;0;A01
200900002426;0;2;0;0;2;0;0;B01
200900002427;0;7;0;0;1;0;0;A01
200900002428;0;7;0;0;1;2;1;A01
200900002429;0;2;0;0;0;0;0;A01
200900002430;0;7;0;0;1;1;0;A01
200900002431;0;7;0;5;0;1;0;A01
200900002432;0;7;0;16;0;1;0;A01
200900002433;0;7;0;0;0;1;0;A01
200900002434;0;1;0;0;0;0;0;A01
200900002435;0;7;0;0;2;2;1;A01
200900002436;0;7;0;0;1;1;0;A01
200900002437;0;7;0;0;2;8;17;A01
200900002437;0;1;0;0;2;1;1;B01
200900002438;0;7;0;0;2;0;0;B01
200900002438;0;7;0;0;2;0;0;A01
200900002439;0;2;0;0;0;0;0;A01
200900002440;0;7;0;0;2;1;15;A01
200900002440;0;1;0;0;2;0;0;B01
200900002441;0;37;0;0;2;1;0;A01
200900002441;0;1;0;0;2;7;0;B01
200900002442;0;7;0;0;2;0;0;A01
200900002442;0;2;0;0;2;1;0;B01
200900002443;0;7;0;0;2;1;0;A01
200900002443;0;7;0;0;2;1;0;B01
200900002444;0;7;0;0;2;4;2;B01
200900002444;0;2;0;0;2;1;2;A01
200900002445;0;7;0;0;2;4;0;A01
200900002445;0;30;0;0;2;1;0;B01
200900002446;0;7;0;0;2;0;0;A01
200900002446;0;7;0;0;2;0;0;B01
200900002447;0;33;0;0;2;1;1;B01
200900002447;0;7;0;0;2;6;19;A01
200900002448;0;33;0;0;2;0;0;A01
200900002448;0;7;0;0;2;0;0;B01
200900002449;0;2;0;0;2;0;0;B01
200900002449;0;7;0;0;2;4;4;A01
200900002450;0;7;0;0;2;0;0;B01
200900002450;0;99;0;0;2;0;0;A01
200900002451;0;7;0;0;2;0;0;C01
200900002451;0;7;0;0;2;0;0;B01
200900002451;0;7;0;0;2;0;0;A01
200900002452;0;7;0;1;0;0;0;A01
200900002452;0;7;0;1;1;0;0;D01
200900002452;0;7;0;1;0;0;0;B01
200900002452;0;7;0;1;0;0;0;C01
200900002453;0;1;0;0;2;0;0;B01
200900002453;0;7;0;0;2;0;0;A01
200900002454;0;1;0;0;0;0;0;A01
200900002455;0;2;0;2;0;1;9;A01
200900002456;0;7;0;0;1;0;0;A01
200900002457;0;2;0;6;0;1;2;A01
200900002458;0;7;0;0;2;0;0;A01
200900002458;0;14;0;0;2;0;0;B01
200900002459;0;7;0;0;2;0;0;B01
200900002459;0;7;0;0;2;0;0;A01
200900002460;0;7;0;0;1;0;0;A01
200900002461;0;2;0;0;0;0;0;A01
200900002462;0;31;0;0;0;0;0;A01
200900002463;0;7;0;0;1;0;0;A01
200900002464;0;2;0;0;2;1;0;A01
200900002464;0;7;0;0;2;4;0;B01
200900002465;0;30;0;0;2;1;1;A01
200900002465;0;7;0;0;2;4;1;B01
200900002466;0;7;0;3;0;3;17;A01
200900002467;0;10;0;0;2;2;15;A01
200900002467;0;7;0;0;2;6;1;B02
200900002468;0;2;0;16;0;8;1;A01
200900002469;0;7;0;0;2;1;1;B02
200900002469;0;7;0;0;2;1;19;A01
200900002470;0;7;0;0;2;2;17;A01
200900002470;0;7;0;0;2;3;1;B02
200900002471;0;30;0;16;0;2;1;A01
200900002472;0;7;0;0;2;1;1;B02
200900002472;0;7;0;0;2;1;13;A01
200900002473;0;7;0;0;2;3;1;C03
200900002473;0;7;0;0;2;3;1;A01
200900002473;0;7;0;0;2;3;1;B02
200900002474;0;10;0;0;0;0;17;B02
200900002474;0;7;0;16;0;9;17;A01
200900002475;0;30;0;0;0;7;1;A01
200900002476;0;7;0;0;2;1;13;A01
200900002476;0;7;0;0;2;1;1;B02
200900002477;0;7;0;0;1;3;1;A01
200900002478;0;33;0;13;0;1;13;A01
200900002479;0;7;0;0;2;3;1;B02
200900002479;0;7;0;0;2;3;15;A01
200900002480;0;7;0;0;2;7;1;A01
200900002480;0;10;0;0;2;1;1;B02
200900002481;0;30;0;0;2;7;1;B02
200900002481;0;7;0;0;2;1;19;A01
200900002482;0;7;0;0;2;7;17;A01
200900002482;0;7;0;0;2;1;1;B02
200900002483;0;3;0;0;1;0;0;A01
200900002484;0;7;0;0;2;0;0;B01
200900002484;0;7;0;0;2;1;0;A01
200900002485;0;7;0;0;1;0;0;A01
200900002486;0;7;0;13;0;1;0;A01
200900002487;0;30;0;0;2;0;0;B01
200900002487;0;7;0;0;2;0;0;A01
200900002488;0;7;0;0;2;0;0;B01
200900002488;0;30;0;0;2;0;0;A01
200900002489;0;7;0;0;1;1;9;A01
200900002490;1;7;0;0;2;1;2;A01
200900002490;0;1;0;0;0;1;1;B01
200900002491;0;7;0;0;2;1;2;A01
200900002491;0;7;0;0;2;4;23;B01
200900002492;0;7;0;0;1;1;1;A01
200900002493;2;7;0;0;2;2;1;A01
200900002493;0;7;0;0;2;4;1;B01
200900002494;0;7;0;0;0;1;13;A01
200900002495;0;7;0;0;0;0;0;A01
200900002496;0;38;17;14;0;1;1;B02
200900002496;0;7;0;0;0;7;23;A01
200900002497;0;7;0;8;0;2;1;A01
200900002498;0;7;0;6;0;1;1;A01
200900002499;0;99;0;0;0;9;1;A01
200900002500;0;30;0;0;0;7;1;A01
200900002501;0;30;0;0;2;2;15;A01
200900002501;0;1;0;0;2;1;1;B01
200900002502;0;2;0;0;0;0;1;A01
200900002503;0;30;0;0;0;9;1;A01
200900002504;0;7;0;14;0;9;1;A01
200900002505;0;7;0;16;0;1;2;A01
200900002506;0;7;0;15;0;1;1;A01
200900002507;0;30;0;16;0;7;2;A01
200900002508;0;7;0;0;2;3;1;A01
200900002508;0;30;0;0;2;5;1;B01
200900002509;0;1;0;0;0;8;1;A01
200900002510;0;7;0;8;0;1;0;A01
200900002511;0;37;10;0;1;5;2;A01
200900002512;0;32;0;0;2;8;1;B01
200900002512;0;7;0;0;2;2;12;A01
200900002513;0;7;0;0;2;3;13;A01
200900002513;0;7;0;0;2;1;1;B01
200900002514;0;30;0;0;2;1;2;A01
200900002514;0;7;0;0;2;3;15;B01
200900002515;0;30;0;0;2;8;13;A01
200900002515;0;7;0;0;2;5;2;B01
200900002516;0;10;0;0;2;4;23;C01
200900002516;0;7;0;0;2;1;2;A01
200900002516;0;7;0;0;2;4;23;B01
200900002517;0;7;0;0;2;4;23;C01
200900002517;0;7;0;0;2;4;23;B01
200900002517;0;7;0;0;2;1;2;A01
200900002518;0;10;0;0;2;1;2;A01
200900002518;0;7;0;0;2;4;23;B01
200900002518;0;7;0;0;2;4;23;C01
200900002519;0;7;0;0;2;3;2;A01
200900002519;0;7;0;0;2;2;2;B01
200900002520;0;7;0;0;2;2;1;B01
200900002520;0;10;0;0;2;3;15;A01
200900002521;0;30;0;0;0;8;15;A01
200900002522;0;7;0;2;0;9;1;A01
200900002523;0;7;0;0;2;1;2;A01
200900002523;0;15;0;9;2;1;2;B01
200900002524;0;7;0;0;2;7;15;A01
200900002524;0;7;0;0;2;3;2;B01
200900002525;0;7;0;13;0;1;1;A01
200900002526;0;7;0;0;2;4;23;B01
200900002526;0;7;0;0;2;1;1;A01
200900002527;0;7;0;0;2;4;2;B01
200900002527;0;7;0;0;2;1;2;A01
200900002528;0;7;0;0;0;9;1;A01
200900002529;0;7;0;0;1;2;1;A01
200900002530;0;7;0;0;2;1;13;A01
200900002530;0;7;0;0;2;3;2;B01
200900002531;0;7;0;0;2;3;2;B01
200900002531;0;7;0;0;2;1;13;A01
200900002532;0;7;0;0;2;1;2;A01
200900002532;0;7;0;0;2;4;1;B01
200900002533;0;37;1;0;2;7;16;A01
200900002533;0;7;0;0;2;8;16;B01
200900002534;0;7;0;0;2;1;1;C03
200900002534;0;7;0;0;2;3;13;A01
200900002534;0;7;0;0;2;3;1;B02
200900002535;0;7;0;3;0;1;2;A01
200900002536;0;7;0;0;1;3;1;A01
200900002537;0;7;0;0;1;1;9;A01
200900002538;0;7;0;0;1;1;1;A01
200900002539;0;7;0;3;0;3;1;B02
200900002539;0;20;0;0;2;3;13;A01
200900002540;1;7;0;0;2;3;13;A01
200900002540;0;7;0;0;2;3;1;A03
200900002540;0;7;0;0;2;1;1;A02
200900002541;0;7;0;0;2;3;17;A01
200900002541;0;33;0;0;2;1;1;B02
200900002542;0;7;0;0;2;1;1;A01
200900002542;0;7;0;0;2;8;19;B02
200900002543;0;7;0;0;2;1;1;A01
200900002543;0;15;0;13;2;3;1;B02
200900002544;0;7;0;0;2;4;20;A01
200900002544;0;2;0;0;2;1;1;B02
200900002545;0;7;0;0;2;3;1;B02
200900002545;0;7;0;14;0;8;1;C03
200900002545;0;7;0;0;0;3;13;A01
200900002546;0;7;0;0;2;3;15;A01
200900002546;0;15;0;0;2;2;1;B02
200900002547;0;30;0;0;2;4;1;B02
200900002547;0;30;0;0;2;1;1;A01
200900002548;0;33;0;0;2;1;2;A01
200900002548;0;7;0;0;0;4;2;B02
200900002549;0;33;0;0;2;1;1;B02
200900002549;0;7;0;0;2;3;19;A01
200900002550;0;30;0;0;2;1;1;B02
200900002550;0;7;0;0;2;6;15;A01
200900002551;0;7;0;2;0;7;0;A01
200900002552;0;7;0;16;0;1;1;A01
200900002553;0;1;0;0;2;7;19;A01
200900002553;0;7;0;0;9;3;1;B02
200900002554;0;7;0;6;2;6;16;B02
200900002554;0;13;0;0;2;2;15;A01
200900002555;0;30;0;0;2;7;6;A01
200900002555;0;30;0;0;2;7;1;B02
200900002556;0;7;0;0;2;3;19;B02
200900002556;0;7;0;0;2;2;1;A01
200900002557;0;10;0;0;2;1;1;C03
200900002557;0;7;0;0;2;1;1;D04
200900002557;0;16;0;0;0;0;15;A01
200900002558;0;7;0;0;2;1;1;A01
200900002558;0;33;0;0;2;4;1;B02
200900002559;0;7;0;0;2;1;15;A01
200900002559;0;33;0;0;2;1;1;B02
200900002560;0;10;0;0;1;1;1;A01
200900002561;0;30;0;2;0;3;1;A01
200900002562;0;7;0;0;0;4;1;B02
200900002562;0;13;0;0;2;1;1;A01
200900002563;0;7;0;0;2;8;15;A01
200900002563;0;30;0;0;2;1;1;B02
200900002564;0;13;0;0;0;5;2;B02
200900002564;0;2;0;0;2;1;2;A01
200900002565;0;7;0;0;2;1;1;B01
200900002565;0;7;0;0;2;1;15;A01
200900002566;0;7;0;0;2;0;0;A01
200900002566;0;7;0;0;2;0;0;C01
200900002566;0;7;0;0;2;0;0;B01
200900002567;0;7;0;0;2;2;0;A01
200900002567;0;31;0;0;2;1;0;B01
200900002568;0;2;0;0;1;0;0;A01
200900002569;0;7;0;2;0;1;0;A01
200900002570;0;7;0;0;2;2;15;A01
200900002570;0;2;0;0;2;1;16;B01
200900002571;0;7;0;0;1;0;15;A01
200900002572;0;2;0;0;0;0;0;A01
200900002573;0;7;0;6;1;2;1;A01
200900002574;0;31;0;0;2;0;4;B01
200900002574;0;7;0;0;2;3;15;A01
200900002575;0;7;0;0;0;1;12;B01
200900002575;0;31;0;0;0;4;1;A01
200900002576;0;31;0;0;6;0;0;A01
200900002577;0;7;0;0;2;0;9;A01
200900002577;0;7;0;0;2;0;1;B01
200900002578;0;7;0;0;2;0;0;A01
200900002578;0;7;0;0;2;0;0;B01
200900002579;0;7;0;0;2;0;0;A01
200900002579;0;7;0;0;2;0;0;B01
200900002580;0;7;0;0;2;1;1;A01
200900002580;0;7;0;0;2;1;1;B01
200900002581;0;7;0;0;2;0;0;C01
200900002581;0;3;0;0;2;0;0;A01
200900002581;0;7;0;0;2;0;0;B01
200900002582;0;2;0;0;0;7;1;A01
200900002583;0;10;0;0;2;1;9;A01
200900002583;0;7;0;0;2;1;1;B01
200900002584;0;2;0;0;0;0;0;A01
200900002585;0;7;0;16;0;9;1;A01
200900002586;0;1;0;0;0;0;0;A01
200900002587;0;31;0;0;2;5;0;B01
200900002587;0;31;0;0;2;3;0;A01
200900002588;0;7;0;0;0;0;0;A01
200900002589;0;7;0;0;2;0;0;A01
200900002589;0;1;0;0;2;0;0;B01
200900002590;0;1;0;0;0;0;0;B01
200900002590;0;7;0;0;2;0;0;A01
200900002591;0;7;0;0;2;0;0;A01
200900002591;0;1;0;0;2;0;0;B01
200900002592;0;7;0;8;0;2;1;A01
200900002593;0;1;0;0;2;1;0;B01
200900002593;0;99;0;0;2;0;0;A01
200900002594;0;2;0;0;2;0;0;A01
200900002594;0;7;0;0;2;0;0;B01
200900002595;0;7;0;1;0;1;1;A01
200900002596;0;7;0;0;0;0;0;A01
200900002597;0;99;0;0;2;1;2;A01
200900002597;0;7;0;0;2;9;2;C01
200900002597;0;7;0;0;2;9;2;B01
200900002598;0;7;0;0;1;0;0;A01
200900002599;0;7;0;0;5;3;0;A01
200900002600;0;7;0;1;0;1;5;A01
200900002601;0;7;0;0;2;8;0;A01
200900002601;0;7;0;0;2;1;0;B01
200900002602;0;7;0;0;2;3;1;B01
200900002602;2;7;0;0;2;3;13;A01
200900002603;0;7;0;0;0;9;1;A01
200900002604;0;7;0;0;2;1;1;A01
200900002604;0;37;1;0;2;6;1;B01
200900002605;0;30;0;9;0;1;1;A01
200900002606;0;30;0;0;2;1;1;A01
200900002606;0;30;0;0;2;4;1;B01
200900002607;0;7;0;0;1;1;1;A01
200900002608;0;31;0;0;2;1;1;B01
200900002608;0;7;0;0;2;8;1;A01
200900002609;0;32;0;0;0;0;1;A01
200900002610;0;32;0;0;2;4;2;B01
200900002610;0;7;0;0;2;1;2;A01
200900002610;0;7;0;0;2;0;2;D01
200900002610;0;10;0;0;2;6;2;C01
200900002611;0;1;0;0;2;1;1;A01
200900002611;0;7;0;0;2;5;16;B01
200900002612;0;7;0;0;2;4;23;B01
200900002612;0;7;0;0;2;1;2;A01
200900002613;0;7;0;0;2;3;2;A01
200900002613;0;1;0;0;2;4;15;B01
200900002614;0;32;0;0;0;7;1;A01
200900002615;1;7;0;0;2;0;1;Z01
200900002615;0;30;0;0;2;3;15;A01
200900002616;0;7;0;0;1;3;1;A01
200900002617;0;2;0;0;1;1;1;A01
200900002618;0;2;0;12;0;2;1;A01
200900002619;0;32;0;0;0;7;16;A01
200900002620;1;7;0;0;2;7;10;Z01
200900002620;0;30;0;0;2;1;1;A01
200900002621;0;7;0;0;2;3;16;B01
200900002621;0;31;0;0;2;2;1;A01
200900002622;0;33;0;15;0;1;1;A01
200900002623;0;7;0;0;2;1;1;A01
200900002623;0;7;0;0;2;6;1;B01
200900002624;0;33;0;14;0;1;1;A01
200900002625;0;2;0;0;2;2;16;A01
200900002625;0;32;0;0;2;6;7;B01
200900002626;0;32;0;14;0;1;14;A01
200900002627;0;1;0;0;2;0;15;A01
200900002627;0;7;0;0;2;7;17;B01
200900002628;0;30;0;0;0;7;1;A01
200900002629;0;10;0;0;2;1;2;C01
200900002629;0;10;0;0;2;4;23;B01
200900002629;0;7;0;0;2;1;2;A01
200900002630;0;33;0;0;2;7;1;B01
200900002630;0;7;0;0;2;8;11;A01
200900002631;0;10;0;0;2;4;4;A01
200900002631;0;32;0;0;2;1;1;B01
200900002632;0;31;0;0;2;7;1;B01
200900002632;0;7;0;0;2;3;9;A01
200900002633;0;37;1;0;1;2;1;A01
200900002634;0;30;0;0;2;4;23;B01
200900002634;0;2;0;0;2;1;2;A01
200900002635;0;7;0;0;2;5;2;A01
200900002635;0;30;0;0;2;3;2;B01
200900002636;0;7;0;0;1;1;1;A01
200900002637;0;7;0;0;1;3;15;A01
200900002638;0;7;0;0;2;4;2;C01
200900002638;0;7;0;0;2;4;2;B01
200900002638;0;7;0;0;2;1;2;A01
200900002639;0;37;2;0;2;7;17;A01
200900002639;0;1;0;0;2;5;13;B01
200900002640;0;30;0;0;2;2;23;B01
200900002640;0;32;0;0;2;3;18;A01
200900002641;0;30;0;1;0;8;13;A01
200900002642;0;7;0;0;2;5;1;B01
200900002642;0;30;0;0;2;1;1;A01
200900002643;0;30;0;0;1;1;1;A01
200900002644;0;2;0;0;1;1;15;A01
200900002645;0;1;0;0;0;0;1;A01
200900002646;0;7;0;0;2;7;10;A01
200900002646;0;30;0;0;2;1;1;B01
200900002647;0;31;0;0;0;0;3;A01
200900002648;0;32;0;0;2;1;1;A01
200900002648;0;7;0;0;2;2;15;B01
200900002649;0;10;0;0;2;6;2;B01
200900002649;0;32;0;0;2;1;2;A01
200900002650;0;7;0;0;1;2;1;A01
200900002651;0;2;0;0;0;8;21;A01
200900002652;0;7;0;0;1;1;18;A01
200900002653;0;31;0;0;2;3;2;A01
200900002653;0;10;0;0;2;5;2;B01
200900002654;0;10;0;0;2;2;1;A01
200900002654;0;1;0;0;2;7;19;B01
200900002655;0;7;0;0;2;1;1;A01
200900002655;0;33;0;0;2;6;1;B01
200900002656;0;37;0;0;1;1;7;A01
200900002657;0;31;0;0;2;7;17;A01
200900002657;0;7;0;0;2;3;15;B01
200900002658;0;33;0;0;2;2;3;A01
200900002658;0;32;0;0;2;6;3;B01
200900002659;0;33;0;0;2;4;1;B01
200900002659;1;7;0;0;2;1;11;A01
200900002660;0;7;0;0;2;2;15;A01
200900002660;0;31;0;0;2;1;1;B01
200900002661;0;7;0;0;2;6;15;A01
200900002661;0;32;0;0;2;1;1;B01
200900002662;0;1;0;0;2;2;1;A01
200900002662;1;30;0;0;2;0;9;Z01
200900002663;0;13;0;0;1;2;16;A01
200900002664;0;7;0;0;2;2;15;B01
200900002664;0;33;0;0;2;3;1;A01
200900002665;0;10;0;0;2;1;2;A01
200900002665;0;33;0;0;2;4;2;B01
200900002666;0;10;0;0;1;1;1;A01
200900002667;0;7;0;0;2;8;23;B01
200900002667;0;33;0;15;2;8;2;A01
200900002668;0;31;0;14;0;3;1;A01
200900002669;0;7;0;1;0;2;14;A01
200900002670;0;10;0;0;2;2;1;A01
200900002670;0;30;0;0;2;8;1;B01
200900002671;0;32;0;0;0;0;21;A01
200900002672;0;31;0;0;2;7;1;A01
200900002672;0;7;0;0;2;8;1;B01
200900002673;0;7;0;0;2;7;1;C01
200900002673;0;33;0;0;2;8;1;A01
200900002673;0;14;0;0;2;0;1;B01
200900002674;0;7;0;0;2;6;11;B01
200900002674;0;33;0;0;2;1;17;A01
200900002675;0;7;0;0;1;2;1;A01
200900002676;0;7;0;0;1;0;15;A01
200900002677;0;34;0;0;0;0;21;A01
200900002678;0;33;0;0;2;3;1;B01
200900002678;0;34;0;0;2;3;1;C01
200900002678;0;7;0;0;2;2;1;A01
200900002679;0;1;0;0;1;1;1;A01
200900002680;0;13;0;0;1;5;1;A01
200900002681;0;7;0;0;2;1;1;B01
200900002681;0;2;0;1;2;7;1;A01
200900002682;0;1;0;0;2;1;15;A01
200900002682;0;32;0;0;2;3;1;B01
200900002683;0;32;0;0;2;2;1;B01
200900002683;0;7;0;0;2;3;15;A01
200900002684;0;10;0;0;2;7;16;B01
200900002684;0;30;0;0;2;3;18;A01
200900002685;0;14;0;1;0;0;4;A01
200900002686;0;7;0;0;1;4;4;A01
200900002687;0;7;0;0;2;5;1;B01
200900002687;0;33;0;0;2;1;3;A01
200900002688;0;33;0;1;0;1;15;A01
200900002689;0;33;0;0;2;7;1;B01
200900002689;0;10;0;0;2;3;11;A01
200900002690;0;31;0;0;2;1;17;A01
200900002690;0;33;0;0;2;3;1;B01
200900002690;0;7;0;0;2;6;1;C01
200900002691;0;32;0;0;1;1;1;A01
200900002692;0;33;0;0;0;8;1;A01
200900002693;0;37;25;0;1;7;1;A01
200900002694;0;33;0;0;1;1;1;A01
200900002695;1;32;0;0;2;2;17;Z01
200900002695;0;1;0;0;2;6;15;A01
200900002696;0;33;0;0;0;1;2;A01
200900002696;0;7;0;0;0;4;1;B01
200900002697;0;33;0;0;0;0;1;A01
200900002698;0;10;0;0;2;4;23;B01
200900002698;0;32;0;0;2;1;2;A01
200900002699;0;32;0;1;0;1;21;A01
200900002700;0;33;0;0;2;1;2;A01
200900002700;0;33;0;0;2;4;23;B01
200900002701;0;33;0;0;2;3;3;A01
200900002701;0;7;0;0;2;7;12;B01
200900002702;0;7;0;0;2;0;1;B01
200900002702;0;1;0;0;2;5;1;A01
200900002703;0;7;0;0;2;1;2;C01
200900002703;0;7;0;0;2;1;2;A01
200900002703;0;7;0;0;2;4;2;B01
200900002704;0;10;0;0;2;1;15;A01
200900002704;0;33;0;0;2;8;1;B01
200900002705;0;32;0;0;0;8;21;A01
200900002706;0;7;0;0;2;2;1;A01
200900002706;0;30;0;0;2;1;1;B01
200900002707;0;7;0;0;2;7;22;A01
200900002707;0;31;0;0;2;8;18;B01
200900002708;0;10;0;0;1;0;1;A01
200900002709;0;7;0;0;2;8;9;A01
200900002709;0;32;0;0;2;7;1;B01
200900002710;0;2;0;0;1;8;15;A01
200900002711;0;7;0;0;1;6;4;A01
200900002712;0;32;0;0;2;1;1;A01
200900002712;0;7;0;0;2;3;16;B01
200900002713;0;33;0;12;0;8;1;A01
200900002714;0;2;0;0;2;8;11;A01
200900002714;0;7;0;0;2;0;1;B01
200900002715;0;7;0;0;2;0;23;C01
200900002715;0;32;0;0;2;1;14;A01
200900002715;0;32;0;0;2;0;7;B01
200900002716;0;7;0;0;1;1;1;A01
200900002717;0;7;0;0;1;2;15;A01
200900002718;0;30;0;0;2;8;1;A01
200900002718;1;7;0;0;2;0;17;Z01
200900002719;0;33;0;0;2;7;1;B01
200900002719;0;7;0;0;2;3;10;A01
200900002720;0;7;0;1;0;0;14;A01
200900002721;0;7;0;0;2;7;16;A01
200900002721;0;30;0;0;2;1;7;B01
200900002722;0;30;0;0;2;3;7;A01
200900002722;0;33;0;0;2;4;16;B01
200900002723;0;33;0;0;2;0;2;B01
200900002723;0;7;0;0;2;1;2;A01
200900002724;0;10;0;0;2;8;11;A01
200900002724;0;33;0;0;2;2;1;B01
200900002725;0;7;0;0;2;8;15;B01
200900002725;0;31;0;0;2;1;8;A01
200900002726;0;31;0;0;2;8;15;A01
200900002726;0;7;0;0;2;7;17;B01
200900002727;0;7;0;0;2;1;1;A01
200900002727;0;30;0;0;2;8;1;B01
200900002728;0;34;0;8;0;7;9;A01
200900002729;0;32;0;0;2;2;3;A01
200900002729;0;7;0;0;2;2;14;C01
200900002729;0;10;0;0;2;6;1;B01
200900002730;0;7;0;1;0;8;13;A01
200900002731;1;7;0;0;2;1;1;Z01
200900002731;0;30;0;0;2;7;1;A01
200900002732;0;32;0;0;2;4;23;B01
200900002732;0;30;0;0;2;1;2;A01
200900002733;0;7;0;1;2;3;9;B01
200900002733;0;7;0;6;2;2;1;A01
200900002734;0;7;0;0;2;1;2;C01
200900002734;0;7;0;0;2;1;13;A01
200900002734;0;7;0;0;2;3;2;B01
200900002735;0;7;0;0;1;3;1;A01
200900002736;0;33;0;0;2;1;1;B01
200900002736;0;7;0;0;2;6;15;A01
200900002737;0;7;0;0;2;1;13;A01
200900002737;0;33;0;1;2;1;1;B01
200900002738;0;33;0;0;2;0;1;B01
200900002738;0;7;0;0;2;0;15;A01
200900002739;0;7;0;0;2;1;2;A01
200900002739;0;7;0;0;2;2;2;B01
200900002739;0;7;0;0;2;4;2;C01
200900002740;0;1;0;0;2;2;1;A01
200900002740;0;32;0;0;2;3;1;B01
200900002741;0;7;0;0;2;1;16;A01
200900002741;0;7;0;12;2;4;1;B01
200900002742;0;10;0;0;2;7;15;A01
200900002742;0;33;0;0;2;1;1;B01
200900002743;0;7;0;0;2;1;2;A01
200900002743;0;31;0;0;2;4;2;B01
200900002744;0;33;0;1;0;1;1;A01
200900002745;0;30;0;0;0;7;21;A01
200900002746;0;37;60;0;2;3;7;B01
200900002746;0;30;0;0;2;1;17;A01
200900002747;0;10;0;0;2;6;23;B01
200900002747;0;32;0;0;2;1;2;A01
200900002748;0;1;0;0;1;1;1;A01
200900002749;0;33;0;0;1;6;1;A01
200900002750;0;33;0;0;2;2;17;B01
200900002750;0;7;0;0;2;3;13;A01