num_acc;senc;catv;occutc;obs;obsm;choc;manv;num_veh
200900002751;0;33;0;1;1;8;1;A01
200900002752;0;7;0;0;2;2;16;A01
200900002752;0;33;0;0;2;3;7;B01
200900002753;0;7;0;0;1;2;1;A01
200900002754;0;7;0;0;2;4;2;B01
200900002754;0;2;0;0;2;2;2;A01
200900002755;0;7;0;1;1;6;4;A01
200900002756;0;7;0;0;2;3;9;A01
200900002756;0;33;0;0;2;1;1;B01
200900002757;0;10;0;0;2;7;12;A01
200900002757;0;30;0;0;2;8;1;B01
200900002758;1;7;0;0;2;0;10;Z01
200900002758;0;7;0;0;2;6;1;A01
200900002759;0;34;0;0;0;7;1;A01
200900002760;1;30;0;0;1;1;1;Z01
200900002761;0;7;0;0;2;1;1;A01
200900002761;0;33;0;0;2;7;17;B01
200900002762;0;7;0;0;1;8;1;A01
200900002763;0;32;0;0;1;7;1;A01
200900002764;0;7;0;0;1;2;1;A01
200900002765;0;7;0;0;1;2;1;A01
200900002766;0;1;0;0;2;1;5;A01
200900002766;0;10;0;0;2;1;15;B01
200900002767;0;7;0;0;1;2;1;A01
200900002768;0;32;0;0;2;2;16;B01
200900002768;0;30;0;0;2;3;7;A01
200900002769;0;1;0;0;2;2;21;A01
200900002769;0;14;0;0;2;6;23;B01
200900002770;0;32;0;0;2;3;15;B01
200900002770;0;33;0;0;2;1;17;A01
200900002771;0;7;0;0;2;3;13;A01
200900002771;0;32;0;0;2;1;1;B01
200900002772;0;7;0;0;1;3;1;A01
200900002773;0;7;0;0;2;8;23;B01
200900002773;0;34;0;4;2;3;17;A01
200900002774;0;7;0;0;2;8;1;B01
200900002774;0;7;0;0;2;3;15;A01
200900002775;0;33;0;0;1;1;1;A01
200900002776;0;7;0;0;2;3;13;A01
200900002776;0;31;0;0;2;2;17;B01
200900002777;0;30;0;0;0;0;1;A01
200900002778;0;30;0;0;2;7;15;B01
200900002778;0;7;0;0;2;3;15;A01
200900002779;0;10;0;0;2;2;16;A01
200900002779;0;32;0;8;2;1;7;B01
200900002780;0;7;0;0;2;2;12;A01
200900002780;0;31;0;0;2;3;3;B01
200900002781;0;32;0;0;0;2;21;A01
200900002782;0;32;0;0;0;0;1;A01
200900002783;0;7;0;0;1;1;10;A01
200900002784;0;7;0;0;2;5;23;B01
200900002784;0;32;0;0;2;3;3;A01
200900002785;0;32;0;0;0;8;1;A01
200900002786;0;34;0;0;2;1;1;A01
200900002786;0;10;0;0;2;2;16;B01
200900002787;0;1;0;0;2;5;19;B01
200900002787;0;32;0;0;2;7;1;A01
200900002788;0;7;0;4;2;8;1;A01
200900002788;1;15;0;0;2;7;12;Z01
200900002789;0;32;0;0;0;0;7;A01
200900002790;0;31;0;0;2;1;14;A01
200900002790;0;7;0;0;2;8;1;B01
200900002791;0;32;0;0;2;1;2;A01
200900002791;0;7;0;0;2;4;23;B01
200900002792;0;10;0;0;2;0;2;A01
200900002792;0;7;0;0;2;0;23;B01
200900002793;0;7;0;0;1;2;1;A01
200900002794;0;1;0;0;2;1;2;A01
200900002794;0;7;0;0;2;4;23;B01
200900002795;0;7;0;0;2;2;1;A01
200900002795;0;7;0;0;2;6;16;B01
200900002796;0;7;0;0;1;4;20;A01
200900002797;0;30;0;0;2;1;18;A01
200900002797;0;7;0;0;2;7;16;B01
200900002798;0;33;0;0;0;7;21;A01
200900002799;0;7;0;0;2;2;13;A01
200900002799;0;7;0;0;2;6;1;B01
200900002800;0;10;0;0;2;6;10;A01
200900002800;0;1;0;0;2;1;1;B01
200900002801;0;33;0;0;2;0;1;B01
200900002801;0;7;0;0;2;2;15;A01
200900002802;0;7;0;11;0;3;15;A01
200900002803;0;32;0;1;2;4;2;B01
200900002803;0;7;0;0;2;1;2;A01
200900002804;0;32;0;0;2;1;1;A01
200900002804;0;7;0;0;2;3;15;B01
200900002805;0;2;0;0;0;7;21;A01
200900002806;0;7;0;0;2;2;15;A01
200900002806;0;33;0;0;2;1;1;B01
200900002807;0;7;0;0;2;8;13;B01
200900002807;0;10;0;0;2;3;17;A01
200900002808;0;10;0;0;2;3;15;B01
200900002808;0;1;0;0;2;1;1;A01
200900002809;0;33;0;0;0;0;21;A01
200900002810;0;34;0;0;2;7;17;A01
200900002810;0;7;0;0;2;3;15;B01
200900002811;0;7;0;0;2;2;16;A01
200900002811;0;1;0;0;2;1;1;B01
200900002812;0;10;0;0;2;3;1;B01
200900002812;0;2;0;11;2;1;17;A01
200900002813;0;7;0;0;1;1;1;A01
200900002814;0;7;0;0;1;2;1;A01
200900002815;0;33;0;0;2;1;1;B01
200900002815;0;7;0;0;2;6;11;A01
200900002816;0;32;0;0;1;8;1;A01
200900002817;0;10;0;0;2;2;1;A01
200900002817;0;34;0;0;2;1;1;B01
200900002818;0;10;0;0;2;6;11;A01
200900002818;0;33;0;0;2;1;1;B01
200900002819;0;10;0;0;2;8;15;A01
200900002819;0;33;0;0;2;2;17;B01
200900002820;0;2;0;0;2;1;2;A01
200900002820;0;7;0;0;2;4;23;B01
200900002821;0;34;0;0;2;3;1;A01
200900002821;0;7;0;0;2;5;24;B01
200900002822;0;30;0;0;2;1;2;A01
200900002822;0;7;0;0;2;4;2;B01
200900002823;0;32;0;0;2;1;2;A01
200900002823;0;7;0;0;2;5;2;B01
200900002824;0;7;0;0;2;1;1;B01
200900002824;0;7;0;0;2;2;15;A01
200900002825;0;32;0;0;2;3;1;B01
200900002825;0;7;0;0;2;2;14;A01
200900002826;0;32;0;0;2;1;2;A01
200900002826;0;7;0;0;2;4;23;B01
200900002827;0;33;0;0;2;1;3;A01
200900002827;0;7;0;0;2;6;13;B01
200900002828;0;32;0;0;1;1;1;A01
200900002829;0;7;0;0;1;3;1;A01
200900002830;0;7;0;0;2;4;23;C01
200900002830;0;33;0;0;2;8;3;B01
200900002830;0;7;0;0;2;2;12;A01
200900002831;0;10;0;0;2;7;1;A01
200900002831;0;31;0;0;2;1;1;B01
200900002832;0;7;0;0;2;6;11;A01
200900002832;0;31;0;4;2;7;1;B01
200900002833;0;33;0;12;2;1;7;A01
200900002833;0;1;0;0;2;5;7;B01
200900002834;0;1;0;0;2;0;5;B01
200900002834;0;7;0;0;2;3;20;A01
200900002835;0;7;0;0;2;2;16;A01
200900002835;0;2;0;8;2;1;7;B01
200900002836;0;30;0;0;0;0;1;A01
200900002837;0;1;0;0;2;1;1;B01
200900002837;0;7;0;0;2;7;1;A01
200900002838;0;7;0;0;1;3;1;A01
200900002839;0;7;0;0;1;4;4;A01
200900002840;0;32;0;0;1;2;1;A01
200900002841;0;33;0;4;2;2;2;A01
200900002841;0;7;0;0;2;8;2;B01
200900002841;0;7;0;0;2;6;2;C01
200900002842;0;32;0;0;2;8;7;A01
200900002842;0;7;0;0;2;3;15;B01
200900002843;0;7;0;0;2;3;1;B01
200900002843;0;10;0;0;2;2;1;A01
200900002844;0;7;0;0;1;2;9;A01
200900002845;0;32;0;0;2;1;3;B01
200900002845;0;7;0;0;2;7;12;A01
200900002846;0;30;0;0;2;2;7;A01
200900002846;0;7;0;0;2;2;16;B01
200900002847;0;7;0;0;2;5;11;A01
200900002847;0;33;0;0;2;2;1;B01
200900002848;0;32;0;0;2;7;1;B01
200900002848;0;7;0;0;2;0;15;A01
200900002849;0;7;0;0;2;2;1;A01
200900002849;0;1;0;0;2;1;1;B01
200900002850;0;34;0;0;1;8;7;A01
200900002851;0;7;0;0;2;3;15;B01
200900002851;0;32;0;0;2;1;1;A01
200900002852;0;2;0;0;0;2;1;A01
200900002853;0;2;0;0;0;0;1;A01
200900002854;0;7;0;0;2;3;2;B01
200900002854;0;7;0;0;2;1;2;A01
200900002854;0;7;0;0;2;4;2;C01
200900002855;0;7;0;0;2;3;13;A01
200900002855;0;7;0;0;2;3;1;B01
200900002856;1;30;0;0;1;0;1;Z01
200900002857;0;7;0;0;2;7;20;B01
200900002857;0;34;0;0;2;8;18;A01
200900002858;0;32;0;0;0;3;21;A01
200900002859;0;7;0;7;2;3;13;A01
200900002859;0;7;0;0;2;3;1;B01
200900002860;0;7;0;0;1;8;15;A01
200900002861;0;1;0;0;0;0;1;A01
200900002862;0;1;0;0;2;7;10;B01
200900002862;0;33;0;0;2;2;1;A01
200900002863;0;30;0;0;2;1;1;B01
200900002863;0;10;0;0;2;7;15;A01
200900002864;0;2;0;0;1;1;1;A01
200900002865;0;1;0;14;0;0;13;A01
200900002866;0;1;0;0;0;1;1;A01
200900002867;1;7;0;0;1;0;16;Z01
200900002868;0;1;0;12;2;0;1;A01
200900002868;1;7;0;0;2;0;17;Z01
200900002869;0;33;0;0;2;1;1;A01
200900002869;0;10;0;0;2;3;1;C01
200900002869;0;7;0;0;2;6;9;B01
200900002870;0;7;0;0;2;2;17;A01
200900002870;0;1;0;0;2;1;15;B01
200900002871;0;30;0;0;2;2;14;A01
200900002871;0;33;0;0;2;3;1;B01
200900002872;0;7;0;0;2;8;22;A01
200900002872;0;1;0;1;2;1;1;B01
200900002873;0;30;0;0;1;7;1;A01
200900002874;0;1;0;0;2;1;1;B01
200900002874;0;7;0;0;2;2;15;A01
200900002875;0;7;0;0;2;8;1;B01
200900002875;0;10;0;0;2;1;1;A01
200900002876;0;7;0;0;2;1;2;A01
200900002876;0;7;0;0;2;4;2;B01
200900002877;0;7;0;0;1;2;1;A01
200900002878;0;7;0;0;2;1;1;A01
200900002878;0;7;0;1;2;3;1;B01
200900002879;0;7;0;11;0;1;13;A01
200900002880;1;2;0;0;1;7;1;Z01
200900002881;0;10;0;0;1;7;4;A01
200900002882;0;32;0;0;2;1;7;A01
200900002882;0;7;0;0;2;2;16;B01
200900002883;1;7;0;0;1;3;1;Z01
200900002884;0;7;0;0;2;4;16;B01
200900002884;0;30;0;0;2;1;18;A01
200900002885;0;31;0;8;0;0;1;A01
200900002886;1;7;0;0;2;3;11;Z01
200900002886;0;7;0;0;2;5;1;A01
200900002887;1;7;0;0;2;7;2;Z01
200900002887;0;2;0;1;0;7;2;A01
200900002888;0;30;0;0;2;2;2;A01
200900002888;0;2;0;0;0;4;23;B01
200900002889;0;7;0;0;1;3;2;A01
200900002890;0;7;0;0;2;1;2;A01
200900002890;0;7;0;0;0;4;23;B01
200900002891;0;32;0;0;0;1;0;A01
200900002892;0;7;0;0;1;3;1;A01
200900002893;0;7;0;0;2;5;15;A01
200900002893;0;32;0;0;2;2;1;B01
200900002894;0;7;0;0;0;4;2;B01
200900002894;0;7;0;0;2;1;2;A01
200900002895;0;2;0;8;0;2;0;A01
200900002896;0;1;0;0;2;8;2;B01
200900002896;1;7;0;0;9;0;0;Z01
200900002897;0;2;0;0;2;1;2;B01
200900002897;0;7;0;0;2;3;15;A01
200900002898;0;33;0;0;2;3;2;B01
200900002898;0;10;0;0;9;5;4;A01
200900002899;0;7;0;0;2;1;1;A01
200900002899;1;7;0;0;2;1;0;Z01
200900002899;0;7;0;0;2;4;1;B01
200900002900;0;7;0;0;1;3;1;A01
200900002901;0;7;0;0;1;1;15;A01
200900002902;0;2;0;0;2;7;2;A01
200900002902;0;2;0;0;2;8;13;B01
200900002903;0;32;0;1;0;1;1;A01
200900002904;0;7;0;0;1;3;1;A01
200900002905;0;37;30;0;1;2;1;A01
200900002906;0;7;0;0;2;1;15;B01
200900002906;0;31;0;0;2;7;17;A01
200900002907;0;37;0;0;2;0;14;A01
200900002907;0;32;0;0;2;8;18;B01
200900002908;0;32;0;0;1;8;1;A01
200900002909;0;7;0;0;2;5;12;A01
200900002909;0;33;0;0;2;1;3;B01
200900002910;0;30;0;0;0;7;1;A01
200900002911;0;10;0;0;2;5;16;B01
200900002911;0;32;0;0;2;1;2;A01
200900002912;0;30;0;0;0;0;16;A01
200900002913;0;7;0;0;1;2;1;A01
200900002914;0;7;0;0;2;3;15;A01
200900002914;0;30;0;0;2;3;17;B01
200900002915;0;7;0;0;2;7;12;A01
200900002915;0;32;0;0;2;8;1;B01
200900002916;0;7;0;0;1;7;1;A01
200900002917;0;32;0;1;0;1;15;A01
200900002918;0;2;0;0;2;3;2;A01
200900002918;0;7;0;0;2;5;2;B01
200900002919;0;7;0;0;2;6;2;A01
200900002919;0;30;0;0;2;1;2;B01
200900002920;0;7;0;0;0;0;0;A01
200900002921;0;37;5;0;1;2;0;A01
200900002922;0;1;0;0;2;8;2;B01
200900002922;0;10;0;0;9;5;2;A01
200900002923;0;33;0;0;2;8;3;B01
200900002923;0;7;0;0;2;7;23;C01
200900002923;0;30;0;0;2;7;14;A01
200900002924;0;33;0;0;0;1;1;B01
200900002924;0;7;0;0;0;7;6;A01
200900002925;1;10;0;0;1;6;1;A01
200900002926;0;10;0;0;2;2;15;A01
200900002926;0;2;0;0;2;4;1;B01
200900002927;1;7;0;0;0;4;12;Z01
200900002927;0;34;0;0;2;1;0;A01
200900002928;0;7;0;0;1;2;20;A01
200900002929;0;10;0;0;2;1;17;B01
200900002929;0;7;0;0;0;5;11;A01
200900002930;0;33;0;0;2;1;17;B01
200900002930;0;7;0;0;0;3;20;A01
200900002931;0;30;0;0;2;1;0;B01
200900002931;0;10;0;0;2;3;0;A01
200900002932;0;10;0;6;0;1;2;A01
200900002933;0;37;7;0;2;6;1;B01
200900002933;0;7;0;0;2;3;1;C01
200900002933;0;7;0;0;2;3;1;D01
200900002933;0;7;0;12;2;8;0;E01
200900002933;0;10;0;0;2;1;21;F02
200900002933;0;10;0;0;2;3;13;A01
200900002934;0;7;0;0;2;3;1;A01
200900002934;0;31;0;0;2;6;2;B01
200900002935;0;7;0;0;2;0;22;A01
200900002935;0;32;0;1;0;0;21;B01
200900002936;0;32;0;0;2;1;1;B01
200900002936;0;7;0;0;2;7;20;A01
200900002937;0;7;0;0;1;2;1;A01
200900002938;0;2;0;0;0;1;0;A01
200900002939;1;7;0;0;1;8;1;Z01
200900002940;0;33;0;0;2;2;18;A01
200900002940;0;7;0;0;2;6;2;B01
200900002941;0;33;0;0;2;3;3;A01
200900002941;0;7;0;0;0;7;12;B01
200900002942;0;7;0;0;2;1;2;A01
200900002942;0;7;0;0;0;4;2;B01
200900002943;0;7;0;0;1;0;1;A01
200900002944;0;30;0;0;1;1;0;A01
200900002945;0;2;0;0;2;2;0;A01
200900002945;0;7;0;0;0;6;0;B01
200900002946;0;34;0;0;0;7;24;A01
200900002946;1;7;0;0;0;0;13;Z01
200900002947;0;34;0;0;1;1;0;A01
200900002948;1;30;0;0;2;1;1;Z01
200900002948;0;30;0;0;0;7;15;A01
200900002949;0;30;0;0;0;1;1;A01
200900002949;0;7;0;0;0;4;0;B01
200900002950;0;33;0;0;0;8;1;A01
200900002951;0;7;0;0;2;6;1;C01
200900002951;0;32;0;0;2;7;1;B01
200900002951;0;33;0;0;2;1;3;A01
200900002952;0;7;0;0;2;0;2;B01
200900002952;0;7;0;0;2;0;2;A01
200900002953;0;32;0;0;2;4;23;B01
200900002953;0;10;0;0;2;1;2;A01
200900002954;0;31;0;0;2;4;2;A01
200900002954;1;7;0;0;2;2;2;Z01
200900002955;0;33;0;0;2;3;1;B01
200900002955;0;7;0;0;2;3;9;A01
200900002956;0;2;0;12;0;1;21;A01
200900002957;0;7;0;15;0;1;14;A01
200900002958;0;7;0;0;2;4;1;B01
200900002958;1;7;0;0;2;0;11;Z01
200900002958;0;33;0;0;2;1;1;A01
200900002959;0;7;0;0;2;7;15;A01
200900002959;0;32;0;0;2;8;1;B01
200900002960;0;32;0;0;2;6;17;B01
200900002960;0;7;0;0;2;3;13;A01
200900002961;0;7;0;0;2;8;1;B01
200900002961;0;33;0;0;2;7;17;A01
200900002962;0;1;0;0;0;7;1;A01
200900002963;0;7;0;0;1;3;1;A01
200900002964;0;7;0;0;2;4;2;A01
200900002964;1;7;0;0;2;1;2;Z01
200900002965;0;37;1;0;1;2;7;A01
200900002966;0;7;0;0;2;3;9;A01
200900002966;0;30;0;0;2;7;1;B01
200900002967;0;31;0;0;2;7;1;C01
200900002967;0;34;0;0;2;7;17;B01
200900002967;0;10;0;0;2;8;13;A01
200900002968;0;7;0;0;2;3;15;B01
200900002968;0;30;0;0;2;1;5;A01
200900002969;0;1;0;0;2;5;10;B01
200900002969;0;7;0;0;2;2;1;A01
200900002970;0;7;0;0;2;2;15;A01
200900002970;0;34;0;0;2;3;1;B01
200900002971;0;30;0;0;2;8;9;A01
200900002971;0;32;0;0;2;3;1;B01
200900002972;0;1;0;0;0;0;1;A01
200900002973;0;30;0;0;2;1;5;A01
200900002973;0;32;0;0;2;1;1;B01
200900002974;0;30;0;0;0;0;1;A01
200900002975;0;33;0;0;2;1;1;B01
200900002975;0;30;0;0;2;3;13;A01
200900002976;0;32;0;0;2;4;23;B01
200900002976;0;32;0;0;2;4;23;C01
200900002976;0;7;0;0;2;1;2;A01
200900002977;0;7;0;0;2;1;15;A01
200900002977;0;32;0;0;2;0;1;B01
200900002978;0;7;0;0;1;2;1;A01
200900002979;2;33;0;0;2;1;1;A01
200900002979;0;7;0;0;2;5;15;B01
200900002980;0;2;0;11;2;1;17;A01
200900002980;0;7;0;0;2;3;23;B01
200900002981;0;2;0;0;2;1;2;A01
200900002981;0;7;0;0;2;4;2;B01
200900002982;0;32;0;0;2;1;13;A01
200900002982;0;7;0;0;2;3;15;B01
200900002983;0;2;0;0;0;2;2;A01
200900002983;0;7;0;0;0;0;2;B01
200900002984;0;31;0;0;1;1;0;A01
200900002985;0;7;0;4;0;1;14;B01
200900002985;0;7;0;4;0;1;14;C01
200900002985;0;10;0;0;0;0;5;A01
200900002986;0;7;0;0;2;5;0;B01
200900002986;0;7;0;0;2;2;0;A01
200900002987;0;7;0;0;2;1;2;A01
200900002987;0;7;0;0;0;4;23;B01
200900002988;0;7;0;0;2;8;15;A01
200900002988;0;30;0;0;2;1;17;B01
200900002989;0;7;0;0;2;1;2;A01
200900002989;0;7;0;0;0;4;2;B01
200900002990;0;1;0;1;0;1;1;B01
200900002990;0;7;0;0;2;3;22;A01
200900002991;0;7;0;0;2;3;15;B01
200900002991;0;33;0;0;2;3;1;A01
200900002992;0;7;0;11;0;1;13;A01
200900002993;0;7;0;14;0;1;1;A01
200900002994;0;32;0;0;0;0;21;A01
200900002995;0;33;0;1;1;3;17;A01
200900002996;0;7;0;0;1;3;1;A01
200900002997;2;34;0;0;1;0;1;Z01
200900002998;0;33;0;0;2;1;1;B01
200900002998;0;7;0;0;2;6;5;A01
200900002999;0;2;0;0;0;8;1;A01
200900003000;0;7;0;0;2;7;16;B01
200900003000;0;7;0;0;2;8;23;C01
200900003000;0;7;0;0;2;3;7;A01
200900003001;0;32;0;0;0;0;1;A01
200900003002;0;7;0;14;0;1;13;A01
200900003003;0;7;0;0;2;3;15;A01
200900003003;0;1;0;0;2;3;1;B01
200900003004;0;33;0;0;0;1;1;A01
200900003005;0;30;0;0;1;2;1;A01
200900003006;0;7;0;4;0;1;14;A01
200900003007;0;34;0;0;0;7;21;A01
200900003008;0;7;0;0;2;3;15;B01
200900003008;0;32;0;0;2;8;17;A01
200900003009;0;7;0;0;2;8;22;A01
200900003009;0;1;0;0;2;2;1;B01
200900003010;0;37;1;0;2;6;2;B01
200900003010;0;33;0;0;2;1;2;A01
200900003011;0;2;0;0;2;1;17;B01
200900003011;0;7;0;0;2;7;15;A01
200900003012;0;7;0;0;2;2;1;A01
200900003012;0;32;0;0;2;3;1;B01
200900003013;0;34;0;0;1;1;1;A01
200900003014;0;7;0;0;1;4;4;A01
200900003015;1;7;0;0;2;7;0;Z01
200900003015;0;33;0;0;2;1;0;A01
200900003016;0;7;0;0;1;3;1;A01
200900003017;0;7;0;0;2;2;9;A01
200900003017;0;7;0;0;2;3;2;B01
200900003018;0;33;0;0;0;8;1;B01
200900003018;0;1;0;0;0;7;1;A01
200900003019;0;32;0;0;0;8;21;A01
200900003020;0;7;0;0;0;5;1;B01
200900003020;0;33;0;0;2;3;12;A01
200900003021;0;7;0;0;1;3;1;A01
200900003022;0;32;0;0;1;2;1;A01
200900003023;0;7;0;0;1;2;1;A01
200900003024;0;33;0;0;9;8;1;A01
200900003025;0;7;0;0;2;7;16;A01
200900003025;0;32;0;0;2;5;15;B01
200900003026;0;7;0;0;2;8;15;A01
200900003026;0;2;0;0;2;2;2;B01
200900003027;0;33;0;0;2;3;3;B01
200900003027;0;7;0;0;2;4;12;A01
200900003028;0;1;0;0;0;0;1;A01
200900003029;0;30;0;0;0;0;1;A01
200900003030;0;13;0;0;2;1;0;A01
200900003030;0;32;0;0;2;8;1;B01
200900003031;0;34;0;0;2;2;16;A01
200900003031;0;7;0;0;2;2;16;B01
200900003032;0;7;0;0;2;3;11;A01
200900003032;0;33;0;0;2;2;1;B01
200900003033;0;13;0;0;0;3;15;B01
200900003033;0;30;0;0;2;7;15;A01
200900003034;0;31;0;0;5;1;1;A01
200900003035;0;2;0;0;2;1;0;B01
200900003035;0;7;0;0;2;2;15;A01
200900003036;1;7;0;0;0;0;0;Z01
200900003036;0;32;0;0;2;1;1;A01
200900003037;0;7;0;0;1;4;20;A01
200900003038;0;33;0;0;2;2;17;B01
200900003038;0;7;0;0;2;3;11;A01
200900003039;0;7;0;0;2;4;2;B01
200900003039;0;7;0;0;0;0;23;D01
200900003039;0;7;0;0;0;4;2;C01
200900003039;0;7;0;0;2;1;2;A01
200900003040;1;7;0;0;1;1;2;A01
200900003041;0;7;0;1;0;2;1;A01
200900003042;0;7;0;0;0;8;24;B01
200900003042;0;32;0;14;0;1;17;A01
200900003043;0;32;0;0;0;0;0;A01
200900003044;0;7;0;0;0;8;2;B01
200900003044;0;30;0;0;2;7;2;A01
200900003045;0;37;15;0;9;6;2;B01
200900003045;0;30;0;0;9;2;3;A01
200900003046;0;2;0;0;2;7;1;B01
200900003046;0;7;0;0;2;3;1;A01
200900003047;0;7;0;0;2;6;0;A01
200900003047;0;37;20;0;2;3;0;B01
200900003048;0;1;0;0;2;1;1;B01
200900003048;0;7;0;0;2;7;22;A01
200900003049;1;7;0;0;2;3;19;Z01
200900003049;0;31;0;0;2;7;1;A01
200900003050;0;10;0;0;0;8;15;A01
200900003050;0;2;0;0;2;1;17;B01
200900003051;0;33;0;0;2;7;1;A01
200900003051;0;7;0;0;2;2;0;B01
200900003052;0;7;0;0;2;1;2;A01
200900003052;0;7;0;4;0;5;2;B01
200900003053;0;32;0;0;2;2;1;A01
200900003053;0;7;0;0;2;6;15;B01
200900003054;0;14;0;0;2;7;15;A01
200900003054;0;7;0;0;2;1;0;B01
200900003055;0;34;0;12;2;7;1;A01
200900003055;0;14;0;0;2;3;15;B01
200900003056;0;7;0;0;2;3;10;A01
200900003056;0;33;0;0;2;1;1;B01
200900003057;0;7;0;0;1;1;1;A01
200900003058;0;31;0;0;1;1;0;A01
200900003059;1;34;0;0;0;0;0;Z01
200900003059;0;33;0;0;0;8;21;A01
200900003060;0;30;0;0;2;4;16;A01
200900003060;0;7;0;0;0;4;16;B01
200900003061;0;1;0;0;0;3;21;A01
200900003062;0;34;0;0;0;4;23;B01
200900003062;0;10;0;0;2;2;2;A01
200900003063;0;32;0;0;2;8;2;B01
200900003063;0;7;0;0;0;0;15;A01
200900003064;0;2;0;0;2;7;1;B01
200900003064;0;7;0;0;2;3;15;A01
200900003065;0;1;0;1;0;1;1;A01
200900003065;0;7;0;0;2;8;22;B01
200900003066;0;31;0;0;0;0;1;A01
200900003067;0;7;0;0;2;4;15;C01
200900003067;0;7;0;0;2;1;1;A01
200900003067;0;7;0;0;2;9;1;B01
200900003068;0;32;0;14;2;0;17;B01
200900003068;1;7;0;0;0;0;0;Z01
200900003069;0;7;0;0;2;6;15;A01
200900003069;0;31;0;0;1;1;15;B01
200900003070;0;30;0;0;2;1;2;A01
200900003070;0;7;0;0;0;5;2;B01
200900003071;0;2;0;0;2;7;1;B01
200900003071;0;7;0;0;2;3;10;A01
200900003072;0;7;0;0;1;2;1;A01
200900003073;0;1;0;0;2;1;2;A01
200900003073;0;7;0;0;0;6;2;B01
200900003074;0;7;0;0;2;7;1;B01
200900003074;0;33;0;0;2;1;9;A01
200900003075;0;1;0;0;0;8;0;B01
200900003075;0;7;0;0;0;7;17;A01
200900003076;0;1;0;0;0;6;0;B01
200900003076;0;10;0;0;2;3;1;A01
200900003077;0;33;0;0;2;1;17;A01
200900003077;0;7;0;0;2;6;15;B01
200900003078;0;30;0;0;2;1;2;A01
200900003078;1;7;0;0;2;4;0;Z01
200900003079;0;37;0;0;2;1;2;A01
200900003079;0;7;0;0;2;4;16;B01
200900003080;0;10;0;0;1;1;16;A01
200900003081;0;31;0;0;2;3;21;A01
200900003081;0;32;0;0;2;5;23;B01
200900003082;0;30;0;0;2;1;1;A01
200900003082;0;7;0;0;2;3;15;B01
200900003083;0;30;0;0;1;1;1;A01
200900003084;0;7;0;0;2;1;2;A01
200900003084;0;33;0;0;2;4;2;B01
200900003085;0;7;0;0;2;4;23;B01
200900003085;0;33;0;0;2;4;2;A01
200900003085;0;7;0;0;2;6;23;C01
200900003086;0;30;0;0;1;1;1;A01
200900003087;0;32;0;0;2;6;1;B01
200900003087;0;7;0;0;2;2;15;A01
200900003088;0;7;0;0;1;2;1;A01
200900003089;0;32;0;0;2;6;1;B01
200900003089;0;7;0;0;2;8;14;A01
200900003090;0;7;0;0;2;0;22;A01
200900003090;0;1;0;0;2;1;18;B01
200900003091;0;33;0;15;0;1;18;A01
200900003092;1;7;0;0;2;0;2;Z01
200900003092;0;7;0;0;2;6;1;B01
200900003092;0;32;0;0;2;7;2;A01
200900003093;0;7;0;0;1;1;16;A01
200900003094;0;2;0;0;2;7;1;B01
200900003094;0;7;0;0;2;6;15;A01
200900003095;0;10;0;0;1;2;1;A01
200900003096;0;7;0;0;1;6;4;A01
200900003097;0;1;0;0;5;1;1;A01
200900003098;0;32;0;0;2;1;1;B01
200900003098;0;7;0;0;2;8;9;A01
200900003099;0;34;0;0;0;0;1;A01
200900003100;0;7;0;11;0;8;13;A01
200900003101;0;32;0;12;0;7;14;A01
200900003102;0;30;0;11;0;1;1;A01
200900003103;0;30;0;0;2;1;2;A01
200900003103;0;10;0;0;2;6;23;B01
200900003104;0;33;0;0;2;2;1;B01
200900003104;0;10;0;0;2;3;11;A01
200900003105;0;7;0;0;2;6;2;B01
200900003105;0;33;0;11;2;1;21;A01
200900003106;0;7;0;0;2;3;1;B01
200900003106;0;34;0;0;2;3;15;A01
200900003107;0;30;0;0;2;8;1;B01
200900003107;0;10;0;0;2;1;15;A01
200900003108;0;7;0;0;1;3;1;A01
200900003109;0;7;0;0;2;1;2;A01
200900003109;0;7;0;0;2;4;23;B01
200900003110;0;10;0;0;1;4;20;A01
200900003111;0;31;0;0;2;0;17;A01
200900003111;0;7;0;0;2;6;15;B01
200900003112;0;32;0;0;2;1;1;A01
200900003112;0;7;0;0;2;7;14;B01
200900003113;0;7;0;0;2;6;11;A01
200900003113;0;31;0;0;2;2;1;B01
200900003114;0;1;0;0;2;1;9;A01
200900003114;0;7;0;12;2;3;1;B01
200900003115;0;7;0;0;1;5;1;A01
200900003116;0;7;0;0;2;1;2;A01
200900003116;0;37;30;0;2;4;23;B01
200900003117;0;7;0;0;1;7;7;A01
200900003118;0;7;0;0;1;3;1;A01
200900003119;0;7;0;0;2;5;16;A01
200900003119;0;1;0;0;2;1;1;B01
200900003120;0;7;0;0;1;5;4;A01
200900003121;0;34;0;0;2;2;16;A01
200900003121;1;7;0;0;2;3;7;Z01
200900003122;0;33;0;0;2;7;1;B01
200900003122;0;7;0;0;2;4;2;D01
200900003122;0;7;0;0;2;8;12;A01
200900003122;0;17;0;0;2;1;2;C01
200900003123;0;7;0;0;2;8;15;B01