num_acc;senc;catv;occutc;obs;obsm;choc;manv;num_veh
200900003123;0;30;0;0;2;3;17;A01
200900003124;0;30;0;14;0;1;14;A01
200900003125;0;33;0;0;0;1;2;A01
200900003125;0;7;0;0;0;6;1;B01
200900003126;0;33;0;0;2;1;1;B01
200900003126;0;7;0;0;0;2;0;A01
200900003127;0;7;0;0;2;3;15;A01
200900003127;0;33;0;0;2;7;17;B01
200900003128;0;31;0;0;2;3;7;A01
200900003128;0;10;0;0;2;5;16;B01
200900003129;0;7;0;0;2;2;1;A01
200900003129;0;30;0;1;2;3;1;B01
200900003130;0;7;0;0;1;2;1;A01
200900003131;0;10;0;0;2;3;1;B01
200900003131;0;30;0;0;2;1;1;A01
200900003132;0;7;0;0;2;3;13;A01
200900003132;0;10;0;0;2;3;1;B01
200900003133;0;7;0;0;2;2;2;A01
200900003133;0;7;0;0;2;6;2;B01
200900003134;0;37;1;0;2;5;10;B01
200900003134;0;32;0;0;2;1;1;A01
200900003135;0;33;0;0;0;0;1;A01
200900003136;0;7;0;0;2;3;7;B01
200900003136;0;7;0;0;2;2;16;A01
200900003137;0;10;0;0;1;6;4;A01
200900003138;0;32;0;0;2;1;1;A01
200900003138;0;1;0;0;2;3;19;B01
200900003139;0;7;0;0;2;3;15;A01
200900003139;0;30;0;0;2;2;17;B01
200900003140;0;32;0;0;0;0;1;A01
200900003141;0;10;0;0;1;5;4;A01
200900003142;0;30;0;0;1;1;1;A01
200900003143;0;7;0;0;1;1;1;A01
200900003144;0;2;0;0;1;1;1;A01
200900003145;0;7;0;0;2;1;12;A01
200900003145;0;7;0;0;2;6;1;B01
200900003146;0;10;0;0;2;1;2;B01
200900003146;0;7;0;0;2;4;2;D01
200900003146;0;10;0;0;2;1;23;C01
200900003146;0;10;0;0;2;1;2;A01
200900003147;1;33;0;0;2;1;3;Z01
200900003147;0;34;0;0;2;5;3;A01
200900003148;0;37;29;0;1;2;1;A01
200900003149;0;1;0;0;1;1;1;A01
200900003150;0;32;0;0;2;8;11;A01
200900003150;0;10;0;0;2;4;2;C01
200900003150;0;33;0;0;2;0;3;B01
200900003151;0;1;0;0;1;1;1;A01
200900003152;0;30;0;0;2;3;15;A01
200900003152;0;7;0;0;2;2;1;B01
200900003153;0;2;0;0;2;1;1;B01
200900003153;0;7;0;0;2;6;1;A01
200900003154;0;7;0;0;2;5;1;A01
200900003154;0;32;0;0;2;3;18;B01
200900003155;0;14;0;0;1;7;16;A01
200900003156;0;1;0;0;2;3;7;B01
200900003156;0;7;0;0;2;2;16;A01
200900003157;0;7;0;0;1;3;1;A01
200900003158;0;33;0;0;0;0;21;A01
200900003159;0;7;0;0;1;3;1;A01
200900003160;0;33;0;0;2;4;1;B01
200900003160;0;7;0;14;2;3;13;A01
200900003161;0;32;0;0;0;8;1;A01
200900003162;0;7;0;0;2;1;16;B01
200900003162;0;7;0;0;2;7;1;A01
200900003163;0;7;0;0;2;2;1;A01
200900003163;0;30;0;0;2;2;1;B01
200900003164;0;7;0;0;2;8;15;A01
200900003164;0;33;0;0;2;7;1;B01
200900003165;0;32;0;0;2;3;1;A01
200900003165;0;7;0;0;2;2;13;B01
200900003166;0;7;0;0;0;8;15;A01
200900003166;0;2;0;0;2;7;1;B01
200900003167;0;37;1;0;2;5;2;B01
200900003167;0;30;0;0;2;2;2;A01
200900003168;0;7;0;0;9;3;2;A01
200900003168;0;34;0;0;9;5;2;B01
200900003169;0;2;0;1;0;2;1;A01
200900003170;0;7;0;0;0;3;0;E01
200900003170;0;7;0;0;0;4;0;D01
200900003170;0;7;0;0;2;4;1;B01
200900003170;0;10;0;0;2;1;0;A01
200900003170;0;7;0;0;0;6;1;C01
200900003171;0;7;0;12;1;1;1;A01
200900003172;0;7;0;0;1;4;20;A01
200900003173;0;7;0;0;2;2;16;B01
200900003173;0;2;0;1;2;1;18;A01
200900003174;0;7;0;0;0;4;23;A01
200900003174;0;7;0;0;2;1;1;C01
200900003174;0;7;0;0;2;4;23;B01
200900003175;0;1;0;0;0;2;1;A01
200900003175;0;7;0;0;0;5;2;B01
200900003176;0;37;0;0;0;4;1;B01
200900003176;0;1;0;1;0;1;11;A01
200900003177;0;2;0;0;0;7;1;A01
200900003178;0;7;0;0;1;2;16;A01
200900003179;0;2;0;0;0;1;2;A01
200900003180;0;7;0;0;2;1;1;B01
200900003180;0;7;0;0;2;3;15;A01
200900003181;0;7;0;0;2;2;16;B01
200900003181;0;32;0;0;2;8;16;A01
200900003182;0;7;0;2;0;2;13;A01
200900003183;0;33;0;0;2;1;11;A01
200900003183;0;10;0;0;2;4;1;B01
200900003184;0;31;0;0;2;3;1;B01
200900003184;0;7;0;0;2;5;14;A01
200900003185;0;2;0;0;1;0;1;A01
200900003186;0;31;0;1;0;2;14;A01
200900003187;0;7;0;0;1;4;4;A01
200900003188;0;7;0;0;2;2;15;A01
200900003188;0;1;0;0;2;0;7;B01
200900003189;0;7;0;0;2;3;1;A01
200900003189;1;1;0;0;2;3;1;B01
200900003190;0;7;0;0;2;6;23;A01
200900003190;0;10;0;0;2;2;2;B01
200900003191;0;7;0;0;1;2;15;A01
200900003192;0;32;0;0;2;1;1;B01
200900003192;0;7;0;0;2;3;9;A01
200900003193;0;1;0;0;0;0;21;A01
200900003194;0;7;0;11;0;3;13;A01
200900003195;0;2;0;0;0;7;1;A01
200900003196;0;32;0;2;1;1;2;A01
200900003197;0;31;0;0;2;8;1;B01
200900003197;0;10;0;0;2;1;1;A01
200900003198;0;7;0;0;1;2;1;A01
200900003199;0;7;0;0;2;3;15;A01
200900003199;0;33;0;0;2;1;1;B01
200900003200;0;31;0;0;0;0;2;A01
200900003201;0;7;0;0;2;1;2;A01
200900003201;0;31;0;0;0;4;2;B01
200900003202;0;33;0;0;0;7;1;A01
200900003203;0;30;0;0;0;7;2;B01
200900003203;0;7;0;0;0;0;9;A01
200900003204;1;7;0;0;1;1;1;Z01
200900003205;1;7;0;0;1;0;0;Z01
200900003206;0;7;0;0;9;5;1;A01
200900003206;0;1;0;1;0;1;1;B01
200900003207;0;32;0;0;1;1;5;A01
200900003208;0;10;0;0;2;5;2;B01
200900003208;0;30;0;0;2;1;2;A01
200900003209;0;7;0;0;2;3;1;A01
200900003209;0;1;0;0;2;2;16;B01
200900003210;0;7;0;0;2;6;2;A01
200900003210;0;31;0;0;2;7;2;B01
200900003211;0;32;0;0;2;7;17;B01
200900003211;0;7;0;0;2;4;23;A01
200900003212;0;34;0;0;2;8;1;B01
200900003212;0;7;0;0;2;5;16;A01
200900003213;0;10;0;0;1;3;0;A01
200900003214;1;7;0;0;0;5;1;Z01
200900003214;0;2;0;0;2;3;1;B01
200900003215;0;2;0;0;2;1;17;A01
200900003215;0;10;0;0;2;6;15;B01
200900003216;0;1;0;0;1;1;1;A01
200900003217;0;7;0;0;1;5;4;A01
200900003218;0;7;0;0;0;5;12;B01
200900003218;0;32;0;0;2;1;3;A01
200900003219;0;7;0;0;0;3;1;A01
200900003220;0;7;0;0;1;0;0;A01
200900003221;0;7;0;0;2;2;1;A01
200900003221;0;7;0;0;2;3;16;B01
200900003222;0;7;0;0;4;6;19;A01
200900003222;0;30;0;0;2;7;1;B01
200900003223;0;7;0;0;2;4;2;B01
200900003223;0;7;0;0;2;1;2;A01
200900003224;0;30;0;0;1;2;1;A01
200900003225;0;31;0;0;1;1;1;A01
200900003226;0;31;0;0;0;0;21;A01
200900003227;0;34;0;0;2;7;1;C01
200900003227;0;33;0;0;2;9;17;A01
200900003227;0;7;0;0;2;3;1;B01
200900003228;0;30;0;0;2;0;1;B01
200900003228;0;10;0;0;2;0;10;A01
200900003229;0;7;0;0;2;4;12;B01
200900003229;0;31;0;0;2;1;18;A01
200900003230;0;30;0;1;0;3;21;A01
200900003231;1;32;0;0;2;4;17;Z01
200900003231;0;32;0;0;2;1;1;A01
200900003232;0;10;0;0;1;2;7;A01
200900003233;0;7;0;0;1;1;1;A01
200900003234;0;10;0;0;1;4;4;A01
200900003235;0;7;0;0;1;2;1;A01
200900003236;0;32;0;0;2;3;1;A01
200900003236;0;7;0;0;2;2;16;B01
200900003237;0;31;0;4;2;8;18;A01
200900003237;0;7;0;0;2;7;1;B01
200900003238;0;31;0;12;2;2;1;B01
200900003238;0;10;0;0;2;3;9;A01
200900003239;0;7;0;0;2;0;2;C01
200900003239;0;7;0;0;2;6;2;B01
200900003239;0;32;0;0;2;1;2;A01
200900003240;0;34;0;0;2;1;1;A01
200900003240;0;7;0;0;2;3;22;B01
200900003241;0;7;0;0;2;0;2;A01
200900003241;0;7;0;0;2;4;23;C01
200900003241;0;7;0;0;2;4;23;B01
200900003242;0;7;0;0;2;1;2;A01
200900003242;0;7;0;0;2;4;2;B01
200900003243;0;33;0;0;2;7;17;A01
200900003243;0;7;0;0;2;8;11;B01
200900003244;0;33;0;4;2;7;17;A01
200900003244;0;17;0;0;2;6;13;B01
200900003245;0;32;0;0;2;1;17;B01
200900003245;0;7;0;0;2;8;10;A01
200900003246;0;7;0;8;2;6;1;B01
200900003246;0;10;0;0;2;1;1;A01
200900003247;0;32;0;0;2;5;1;B01
200900003247;0;7;0;0;2;3;9;A01
200900003248;0;32;0;0;1;1;1;A01
200900003249;0;30;0;0;1;0;1;A01
200900003250;0;30;0;0;2;7;1;A01
200900003250;0;7;0;0;2;3;21;B01
200900003251;0;33;0;0;2;1;18;A01
200900003251;0;7;0;0;2;5;16;B01
200900003252;0;7;0;0;2;1;2;A01
200900003252;0;2;0;0;2;4;2;B01
200900003253;0;32;0;0;2;2;2;A01
200900003253;0;7;0;0;0;8;11;B01
200900003254;0;32;0;0;1;2;2;A01
200900003255;0;13;0;0;2;8;10;A01
200900003255;0;33;0;0;2;1;1;B01
200900003256;0;7;0;0;1;5;1;A01
200900003257;0;1;0;0;1;0;2;A01
200900003258;0;2;0;0;2;3;1;B01
200900003258;0;7;0;0;2;2;12;A01
200900003259;1;30;0;0;2;0;1;Z01
200900003259;0;1;0;0;2;0;1;A01
200900003260;0;7;0;0;2;1;2;A01
200900003260;0;7;0;0;0;4;1;B01
200900003261;0;10;0;0;1;3;0;A01
200900003262;0;32;0;0;0;0;0;A01
200900003262;0;7;0;0;0;0;0;B01
200900003263;0;1;0;0;0;0;0;A01
200900003264;0;14;0;0;1;1;1;A01
200900003265;0;7;0;0;1;2;1;A01
200900003266;0;7;0;0;2;8;11;A01
200900003266;0;31;0;2;2;8;2;B01
200900003267;0;7;0;0;0;0;0;A01
200900003267;0;32;0;1;0;2;1;B01
200900003268;0;1;0;1;0;1;1;B01
200900003268;0;7;0;0;2;3;22;A01
200900003269;0;7;0;0;2;2;2;B01
200900003269;0;1;0;0;2;2;1;A01
200900003270;0;7;0;0;1;2;21;A01
200900003271;0;7;0;0;2;2;1;A01
200900003271;0;32;0;0;0;4;2;B01
200900003272;0;32;0;0;1;1;1;A01
200900003273;0;7;0;0;2;6;16;A01
200900003273;0;1;0;0;2;3;1;B01
200900003274;0;33;0;0;2;1;1;B01
200900003274;0;7;0;0;0;1;10;A01
200900003275;0;7;0;0;0;6;11;B01
200900003275;0;31;0;0;2;1;3;A01
200900003276;0;7;0;0;2;1;2;A01
200900003276;0;7;0;0;2;4;2;B01
200900003277;0;34;0;0;2;1;2;A01
200900003277;0;7;0;0;2;6;2;B01
200900003278;0;32;0;0;0;2;6;A01
200900003279;0;31;0;10;0;3;1;A01
200900003280;0;30;0;0;2;0;1;B01
200900003280;0;7;0;0;2;0;9;A01
200900003281;0;7;0;0;2;1;1;B01
200900003281;0;7;0;0;2;1;1;A01
200900003282;0;2;0;0;2;1;2;A01
200900003282;0;10;0;0;2;7;16;B01
200900003283;0;7;0;0;2;3;1;A01
200900003283;0;7;0;0;2;1;1;B01
200900003284;0;7;0;0;2;2;15;A01
200900003284;0;1;0;0;2;3;1;B01
200900003285;0;33;0;0;2;7;1;B01
200900003285;0;7;0;0;2;3;15;A01
200900003286;0;7;0;0;1;0;1;A01
200900003287;0;1;0;0;2;1;1;A01
200900003287;0;7;0;0;2;3;24;B02
200900003288;0;7;0;0;2;2;1;B02
200900003288;0;7;0;0;2;3;1;A01
200900003289;0;7;0;0;2;1;13;A01
200900003289;0;7;0;0;2;1;1;B02
200900003290;0;7;0;0;1;7;1;A01
200900003291;0;7;0;0;2;3;13;A01
200900003291;0;7;0;0;2;8;1;B02
200900003292;0;7;0;8;0;1;14;A01
200900003293;0;7;0;0;2;3;15;A01
200900003293;0;30;0;0;2;1;1;B01
200900003294;0;7;0;0;2;1;1;A01
200900003294;0;7;0;0;2;8;1;B01
200900003295;0;7;0;0;0;9;0;A01
200900003296;0;2;0;0;2;1;1;A01
200900003296;0;7;0;0;2;4;15;B02
200900003297;0;33;0;0;2;1;1;B02
200900003297;0;7;0;0;2;0;15;A01
200900003298;0;10;0;3;2;7;1;A01
200900003298;0;7;0;0;2;1;1;B02
200900003299;0;7;0;13;0;2;2;A01
200900003300;0;1;0;0;2;8;19;B02
200900003300;0;7;0;0;2;1;1;A01
200900003301;0;14;0;13;2;7;14;A01
200900003302;0;7;0;0;2;1;1;B02
200900003302;0;7;0;0;2;8;10;A01
200900003303;0;7;0;13;0;3;13;A01
200900003304;0;10;0;0;2;7;15;A01
200900003304;0;31;0;0;2;1;1;B02
200900003305;0;7;0;0;2;1;1;C03
200900003305;0;7;0;0;2;1;1;B02
200900003305;0;7;0;0;0;6;9;A01
200900003306;0;7;0;0;2;1;15;A01
200900003306;0;7;0;0;2;3;1;B01
200900003307;0;7;0;0;2;4;2;B01
200900003307;0;7;0;0;2;1;2;A01
200900003308;0;38;0;0;0;0;0;B02
200900003308;0;38;0;0;0;0;22;A01
200900003309;0;14;0;0;2;1;1;B02
200900003309;0;7;0;0;2;3;5;A01
200900003310;0;7;0;0;1;1;1;A01
200900003311;0;7;0;0;2;3;15;B02
200900003311;0;7;0;0;2;2;17;A01
200900003312;1;7;0;0;0;0;0;Z01
200900003312;0;7;0;0;2;5;1;A01
200900003313;0;7;0;0;2;4;1;B01
200900003313;0;7;0;0;2;1;1;A01
200900003313;0;7;0;0;2;4;1;C01
200900003314;0;7;0;8;0;9;0;A01
200900003315;0;30;0;0;2;4;16;B01
200900003315;0;7;0;0;2;1;2;A01
200900003316;0;7;0;0;2;4;2;B01
200900003316;0;7;0;0;2;1;2;A01
200900003317;0;7;0;0;1;1;1;A01
200900003318;0;1;0;0;2;4;1;B01
200900003318;0;7;0;0;2;3;9;A01
200900003319;0;7;0;0;2;4;2;C01
200900003319;0;7;0;0;2;1;2;A01
200900003319;0;7;0;0;2;4;23;B01
200900003320;0;7;0;0;2;2;1;B01
200900003320;0;7;0;0;2;2;15;A01
200900003321;0;7;0;13;0;1;0;A01
200900003322;0;7;0;2;0;1;1;A01
200900003323;0;7;0;0;2;8;1;B01
200900003323;0;7;0;0;2;3;9;A01
200900003324;0;7;0;0;2;3;9;B01
200900003324;0;2;0;0;2;1;16;A01
200900003325;0;7;0;0;2;4;1;C01
200900003325;0;7;0;0;2;4;1;B01
200900003325;0;7;0;0;2;1;1;A01
200900003326;0;10;0;0;0;0;0;B01
200900003326;0;10;0;0;2;2;11;A01
200900003327;0;13;0;0;2;1;2;A01
200900003327;0;7;0;0;2;9;2;B01
200900003327;0;7;0;0;2;4;2;C01
200900003328;0;7;0;0;1;1;19;A01
200900003328;0;2;0;0;2;7;1;B01
200900003329;0;7;0;16;0;9;14;A01
200900003330;0;7;0;0;2;2;9;A01
200900003330;0;2;0;0;2;3;9;B01
200900003331;0;7;0;0;2;1;15;B01
200900003331;0;30;0;0;2;1;1;A01
200900003332;0;2;0;0;2;1;2;A01
200900003332;0;7;0;0;2;4;1;B01
200900003333;0;7;0;0;1;1;1;A01
200900003334;0;7;0;0;2;8;15;B01
200900003334;0;10;0;0;2;1;7;A01
200900003335;0;2;0;0;0;7;1;A01
200900003336;0;2;0;0;0;4;2;B01
200900003336;0;7;0;0;2;3;2;A01
200900003336;0;30;0;0;0;4;2;C01
200900003337;0;7;0;0;2;2;2;A01
200900003337;0;7;0;0;2;4;2;C01
200900003337;0;7;0;0;2;9;2;B01
200900003338;0;7;0;0;2;2;9;A01
200900003338;0;7;0;0;2;4;1;B01
200900003339;0;7;0;0;2;1;2;F02
200900003339;0;7;0;0;2;9;2;E01
200900003339;0;7;0;0;2;8;5;C01
200900003339;0;7;0;0;2;1;2;B01
200900003339;0;7;0;0;2;9;2;A01
200900003339;0;7;0;0;2;9;2;D01
200900003340;0;7;0;14;0;0;0;A01
200900003341;0;7;0;13;0;1;12;A01
200900003342;0;7;0;0;2;1;1;B02
200900003342;0;7;0;0;2;4;19;A01
200900003343;0;7;0;6;0;2;1;A01
200900003344;0;7;0;0;2;3;1;B02
200900003344;0;7;0;0;2;3;1;A01
200900003345;0;7;0;0;2;1;1;B02
200900003345;0;7;0;0;2;1;1;A01
200900003346;0;7;0;0;2;1;5;A01
200900003346;0;14;0;0;2;1;1;B02
200900003347;0;7;0;0;2;1;1;B02
200900003347;0;7;0;0;2;1;1;A01
200900003348;0;10;0;0;2;3;21;B02
200900003348;0;7;0;0;2;1;13;A01
200900003348;0;14;0;0;2;3;1;C03
200900003349;0;10;0;0;2;2;2;A01
200900003349;0;1;0;0;2;4;2;B02
200900003350;0;7;0;16;0;1;1;A01
200900003351;0;7;0;0;0;1;1;A01
200900003352;0;7;0;3;0;0;13;A01
200900003353;0;7;0;0;0;0;0;B01
200900003353;0;14;0;0;0;0;0;A01
200900003354;0;7;0;0;1;1;0;A01
200900003355;0;7;0;13;0;2;14;A01
200900003356;0;33;0;0;2;3;1;B01
200900003356;0;7;0;0;2;1;15;A01
200900003357;0;7;0;15;2;1;1;B01
200900003357;0;7;0;0;2;1;0;A01
200900003358;0;7;0;0;2;7;15;A01
200900003358;0;31;0;1;2;1;1;B01
200900003359;0;33;0;0;2;7;1;B01
200900003359;0;7;0;0;2;1;1;A01
200900003360;0;1;0;0;0;6;0;A01
200900003360;0;7;0;0;9;2;0;B01
200900003361;0;30;0;0;2;2;17;A01
200900003361;0;7;0;0;2;3;15;B01
200900003362;0;7;0;0;2;1;1;B01
200900003362;0;7;0;0;2;8;15;A01
200900003363;0;7;0;0;0;0;0;A01
200900003364;0;7;0;11;0;3;7;A01
200900003365;0;2;0;1;0;1;0;A01
200900003366;0;7;0;0;0;3;0;B01
200900003366;0;7;0;0;0;0;0;A01
200900003367;0;7;0;0;2;3;15;B01
200900003367;0;2;0;0;2;1;17;A01
200900003368;0;7;0;0;2;1;16;B01
200900003368;0;7;0;0;2;1;1;A01
200900003369;0;7;0;0;2;1;1;A01
200900003369;0;7;0;0;2;4;1;B01
200900003370;0;7;0;0;2;7;12;B01
200900003370;0;2;0;0;2;1;9;A01
200900003371;0;7;0;15;0;3;0;A01
200900003372;0;7;0;13;0;0;0;A01
200900003373;0;7;0;0;2;2;1;A01
200900003373;0;10;0;0;2;3;15;B02
200900003374;0;7;0;16;0;2;1;A01
200900003375;0;10;0;0;0;4;4;A01
200900003376;0;7;0;0;2;6;13;A01
200900003376;0;7;0;0;2;3;1;B02
200900003377;0;7;0;13;0;1;1;A01
200900003378;0;34;0;0;2;9;1;B02
200900003378;0;7;0;0;2;3;13;A01
200900003379;0;33;0;10;0;8;13;A01
200900003380;0;7;0;2;0;3;2;A01
200900003381;0;7;0;13;0;1;13;A01
200900003382;0;7;0;0;2;7;15;A01
200900003382;0;33;0;0;2;1;1;B02
200900003383;0;7;0;0;2;1;17;A01
200900003383;0;7;0;0;2;2;1;C03
200900003383;0;7;0;0;2;3;1;B02
200900003383;0;7;0;0;2;1;1;D04
200900003384;0;7;0;2;0;8;0;A01
200900003385;0;10;0;13;0;9;1;A01
200900003386;0;15;0;4;0;3;0;A01
200900003387;0;7;0;0;2;8;15;A01
200900003387;0;7;0;0;2;1;1;B02
200900003388;0;7;0;0;1;2;1;A01
200900003389;0;31;0;0;9;7;17;A01
200900003390;0;7;0;2;0;7;1;A01
200900003391;0;7;0;0;2;8;19;A01
200900003391;0;7;0;0;2;1;1;B02
200900003392;0;7;0;4;0;3;1;A01
200900003393;0;7;0;2;0;1;1;A01
200900003394;0;7;0;6;0;1;1;A01
200900003395;0;7;0;8;0;3;10;A01
200900003396;0;7;0;0;2;7;13;A01
200900003396;0;7;0;0;2;1;1;B02
200900003397;0;7;0;0;0;0;1;A01
200900003398;0;7;0;0;9;1;1;A01
200900003398;0;1;0;0;2;1;1;B02
200900003399;0;7;0;2;0;3;1;A01
200900003400;0;33;0;0;0;7;1;A01
200900003401;0;7;0;0;1;0;1;A01
200900003402;0;7;0;0;1;8;1;A01
200900003403;0;7;0;0;0;0;0;C01
200900003403;0;7;0;0;0;0;0;A01
200900003403;0;7;0;0;0;0;0;B01
200900003404;0;7;0;13;0;0;21;A01
200900003405;0;7;0;0;2;2;0;B01
200900003405;0;7;0;0;2;3;0;A01
200900003406;0;7;0;0;0;9;0;A01
200900003407;0;7;0;0;2;4;1;B01
200900003407;0;30;0;0;2;1;1;A01
200900003407;0;7;0;0;2;1;1;C01
200900003408;0;7;0;0;1;1;1;A01
200900003409;0;7;0;3;2;2;1;A01
200900003409;0;7;0;0;2;3;1;B01
200900003410;0;7;0;14;0;9;1;A01
200900003411;0;7;0;0;1;0;1;A01
200900003412;0;7;0;0;2;6;16;B01
200900003412;0;7;0;0;2;1;1;A01
200900003413;0;1;0;0;2;9;19;B01
200900003413;0;7;0;0;2;1;1;A01
200900003414;0;7;0;13;2;1;21;B01
200900003414;0;7;0;0;0;0;1;A01
200900003415;0;7;0;0;2;3;0;B01
200900003415;0;7;0;0;2;1;0;A01
200900003416;0;7;0;0;1;0;1;A01
200900003417;0;31;0;1;2;7;1;B01
200900003417;0;7;0;0;2;8;13;A01
200900003418;0;7;0;0;2;0;9;A01
200900003418;0;7;0;15;2;3;1;B01
200900003419;0;7;0;0;0;0;0;A01
200900003419;0;33;0;0;2;8;1;B01
200900003420;0;7;0;0;2;4;2;B01
200900003420;0;7;0;0;2;1;2;A01
200900003421;2;7;0;0;2;1;5;A01
200900003421;0;7;0;0;2;1;1;B01
200900003422;0;30;0;0;0;0;0;A01
200900003423;0;34;0;0;0;8;17;A01
200900003424;0;30;0;0;1;0;1;A01
200900003425;0;7;0;0;1;6;20;A01
200900003426;0;7;0;0;0;2;0;B01
200900003426;0;7;0;0;0;5;0;A01
200900003427;0;7;0;12;2;5;1;B01
200900003427;0;7;0;0;2;1;1;A01
200900003428;0;33;0;0;2;4;13;B01
200900003428;0;7;0;0;2;1;1;A01
200900003429;0;7;0;0;2;2;1;B01
200900003429;0;7;0;0;2;3;9;A01
200900003430;1;7;0;0;0;0;0;A01
200900003430;0;30;0;0;0;0;0;B01
200900003431;0;7;0;0;1;1;15;A01
200900003432;0;7;0;13;0;1;14;A01
200900003433;0;7;0;0;2;1;1;B01
200900003433;0;34;0;0;2;8;15;A01
200900003434;0;7;0;0;1;8;15;A01
200900003435;0;7;0;0;1;0;1;A01
200900003436;0;7;0;0;2;1;1;A01
200900003436;0;7;0;0;2;2;1;B01
200900003437;0;7;0;0;2;1;1;A01
200900003437;0;7;0;0;2;5;1;B01
200900003438;0;7;0;0;2;1;9;A01
200900003438;0;30;0;0;2;5;1;B01
200900003439;0;2;0;0;2;9;1;B01
200900003439;0;7;0;0;2;1;9;A01
200900003440;0;7;0;0;1;3;0;A01
200900003441;0;7;0;8;0;1;13;A01
200900003442;1;7;0;0;2;1;1;A01
200900003442;0;7;0;0;2;3;1;B01
200900003443;0;7;0;0;2;4;2;B01
200900003443;0;30;0;0;2;1;2;A01
200900003444;0;7;0;0;2;3;15;A01
200900003444;0;7;0;0;2;3;1;B01
200900003445;0;7;0;0;2;0;0;B01
200900003445;0;7;0;0;2;1;0;A01
200900003445;0;7;0;0;2;0;0;C01
200900003446;0;7;0;0;2;5;15;A01
200900003446;0;30;0;0;2;1;1;B01
200900003447;0;7;0;0;2;1;1;B01
200900003447;0;7;0;0;2;2;9;A01
200900003448;0;14;0;0;2;3;1;A02
200900003448;0;7;0;0;2;3;13;A01
200900003449;0;7;0;3;0;3;13;A01
200900003450;0;2;0;8;0;1;1;A01
200900003451;0;7;0;0;2;7;13;A01
200900003451;0;7;0;0;2;1;1;B02
200900003452;0;7;0;0;2;5;15;B01
200900003452;0;33;0;0;2;1;1;A01
200900003453;0;30;0;0;2;4;1;B01
200900003453;0;7;0;0;2;1;2;A01
200900003454;0;10;0;0;1;2;16;A01
200900003455;0;7;0;0;2;8;15;A01
200900003455;0;33;0;0;2;1;1;B01
200900003456;1;7;0;0;2;1;2;Z01
200900003456;0;7;0;0;2;4;15;A01
200900003457;1;7;0;0;2;1;9;Z01
200900003457;0;33;0;0;2;7;1;A01
200900003458;0;7;0;0;1;3;4;A01
200900003459;0;7;0;0;2;2;15;A01
200900003459;0;30;0;0;2;8;1;B01
200900003460;0;7;0;0;2;3;15;B01
200900003460;0;33;0;0;2;2;16;A01
200900003461;0;30;0;0;2;0;1;A01
200900003461;0;7;0;0;2;0;1;B01
200900003462;0;33;0;0;2;1;1;B01
200900003462;0;7;0;0;2;7;15;A01
200900003463;0;7;0;0;1;1;1;A01
200900003464;0;7;0;13;0;1;1;A01
200900003465;0;7;0;0;0;6;2;A01
200900003465;0;10;0;0;2;2;2;B02
200900003466;0;31;0;0;2;8;1;B01
200900003466;0;7;0;0;2;3;15;A01
200900003467;0;7;0;0;2;1;2;A01
200900003467;0;7;0;0;2;5;2;B02
200900003468;0;99;0;0;0;1;2;A01
200900003468;0;7;0;0;0;2;23;B01
200900003468;0;10;0;0;0;4;23;C01
200900003469;0;30;0;0;0;9;0;A01
200900003470;0;7;0;0;1;2;17;A01
200900003471;0;31;0;0;0;8;21;B01
200900003471;0;7;0;0;0;0;0;A01
200900003472;0;7;0;0;1;1;1;A01
200900003473;0;7;0;0;2;4;1;B01
200900003473;0;7;0;0;2;1;1;A01
200900003474;0;7;0;0;2;8;19;A01
200900003474;0;33;0;0;2;0;17;B01
200900003475;0;7;0;0;1;4;1;B01
200900003475;0;7;0;0;2;1;1;A01
200900003476;0;2;0;0;2;2;17;A01
200900003476;0;7;0;0;0;3;15;B01
200900003477;0;7;0;8;2;9;19;A01
200900003477;0;7;0;0;0;1;23;B01
200900003478;0;7;0;0;2;1;10;A01
200900003478;0;33;0;0;2;1;1;B01
200900003479;0;7;0;2;0;2;1;A01
200900003480;0;33;0;0;0;1;1;B01
200900003480;0;7;0;0;2;1;15;A01
200900003481;0;30;0;0;2;8;9;A01
200900003481;0;7;0;0;2;2;1;B01
200900003482;0;33;0;0;2;1;1;B01
200900003482;0;7;0;0;2;8;15;A01
200900003483;0;30;0;0;1;1;1;A01
200900003484;0;30;0;9;0;7;1;A01
200900003485;1;7;0;0;2;1;2;Z01
200900003485;0;33;0;0;2;9;23;A01
200900003485;0;7;0;0;2;4;23;B01
200900003486;1;7;0;0;2;1;13;Z01
200900003486;0;30;0;0;2;1;1;B01
200900003487;0;10;0;1;0;0;0;A01
200900003488;0;7;0;0;2;2;1;A01
200900003488;0;7;0;0;2;2;1;B01
200900003489;0;7;0;0;2;1;11;A01
200900003489;0;7;0;0;2;1;1;B01
200900003490;0;30;0;0;1;1;1;A01
200900003491;0;7;0;0;1;1;15;A01
200900003492;0;1;0;0;0;0;0;A01
200900003493;0;2;0;0;2;1;1;A01
200900003493;0;37;0;0;2;3;1;B01
200900003494;0;33;0;0;2;1;17;A01
200900003494;0;7;0;0;2;3;20;B01
200900003495;0;7;0;0;1;1;15;A01
200900003496;0;33;0;0;2;7;0;B01
200900003496;0;7;0;0;2;1;9;A01
200900003497;1;7;0;0;1;8;0;A01