num_acc;senc;catv;occutc;obs;obsm;choc;manv;num_veh
200900003498;0;10;0;0;0;9;1;A01
200900003499;0;14;0;0;2;6;2;B02
200900003499;0;10;0;0;2;2;2;A01
200900003500;0;7;0;0;2;1;1;B02
200900003500;0;7;0;0;2;1;13;A01
200900003501;0;7;0;0;2;3;17;A01
200900003501;0;7;0;0;2;8;2;B02
200900003501;0;7;0;0;2;3;2;C03
200900003502;0;2;0;0;2;1;1;A01
200900003502;0;7;0;0;2;8;19;B02
200900003503;0;7;0;2;0;1;1;A01
200900003504;0;33;0;0;2;2;6;B02
200900003504;0;7;0;0;2;6;4;A01
200900003505;0;7;0;0;2;3;2;A01
200900003505;0;7;0;0;0;0;2;B02
200900003506;0;30;0;0;2;8;1;A01
200900003507;0;7;0;0;2;1;15;A01
200900003507;0;33;0;0;2;1;0;B02
200900003508;0;7;0;0;2;1;1;B02
200900003508;0;7;0;0;2;8;13;A01
200900003509;0;7;0;0;0;2;2;A01
200900003509;0;1;0;0;0;4;2;B02
200900003510;0;7;0;0;1;0;21;A01
200900003511;0;7;0;2;0;1;16;A01
200900003512;0;7;0;4;0;1;0;A01
200900003513;0;33;0;0;2;7;3;B01
200900003513;0;7;0;0;2;8;11;A01
200900003514;0;7;0;0;0;5;0;B01
200900003514;0;33;0;0;2;1;21;A01
200900003515;0;7;0;0;2;4;2;B01
200900003515;0;7;0;0;0;4;2;C01
200900003515;0;7;0;0;2;1;2;A01
200900003516;0;7;0;0;2;4;2;C01
200900003516;0;7;0;0;2;4;2;D01
200900003516;0;7;0;0;2;1;2;F01
200900003516;0;7;0;0;2;1;2;A01
200900003516;0;10;0;0;2;1;2;B01
200900003516;0;7;0;0;2;1;2;E02
200900003517;0;7;0;0;2;1;2;A01
200900003517;0;7;0;0;2;4;2;B01
200900003518;0;33;0;0;0;8;1;B01
200900003518;0;7;0;0;2;7;12;A01
200900003519;0;7;0;0;0;4;1;C01
200900003519;0;7;0;0;2;1;1;A01
200900003519;0;7;0;0;2;4;1;B01
200900003520;0;7;0;0;2;1;2;A01
200900003520;0;7;0;0;0;4;2;C01
200900003520;0;7;0;0;2;4;2;B01
200900003521;0;7;0;0;2;2;1;B02
200900003521;0;7;0;0;2;2;19;A01
200900003522;0;33;0;0;0;1;2;A01
200900003523;0;7;0;0;2;3;1;B02
200900003523;0;7;0;0;2;3;13;A01
200900003524;0;7;0;0;2;3;13;A01
200900003524;0;7;0;0;2;3;0;B02
200900003525;0;7;0;9;0;4;23;B01
200900003525;0;7;0;0;2;1;1;A01
200900003526;0;33;0;0;2;1;1;B02
200900003526;0;7;0;0;2;7;19;A01
200900003527;0;7;0;0;2;3;2;A01
200900003527;0;13;0;0;2;5;4;B02
200900003528;0;10;0;0;2;1;1;B02
200900003528;0;7;0;0;2;3;10;A01
200900003529;0;7;0;0;2;1;13;A01
200900003529;0;7;0;0;2;3;1;B02
200900003530;0;7;0;0;2;3;17;A01
200900003530;0;7;0;0;2;3;1;B02
200900003531;0;30;0;2;0;1;1;A01
200900003532;0;7;0;0;1;1;0;A01
200900003533;0;33;0;0;5;0;0;A01
200900003534;1;7;0;14;0;3;17;B02
200900003534;0;7;0;0;1;3;1;A01
200900003535;0;7;0;0;2;3;2;A01
200900003535;0;7;0;0;2;6;2;B02
200900003536;0;7;0;2;0;1;1;A01
200900003537;0;7;0;8;0;4;17;A01
200900003538;0;7;0;13;0;9;1;A01
200900003539;0;30;0;0;2;8;10;A01
200900003539;0;7;0;0;2;1;1;B02
200900003540;0;10;0;0;2;3;1;A01
200900003540;0;2;0;0;2;1;13;B02
200900003541;0;7;0;0;2;1;1;B02
200900003541;0;7;0;0;2;5;15;A01
200900003542;0;7;0;0;1;2;9;A01
200900003543;0;33;0;0;2;1;13;A01
200900003543;0;7;0;0;2;3;1;B02
200900003544;0;30;0;0;2;4;2;B02
200900003544;0;7;0;0;2;2;2;A01
200900003545;0;15;0;0;2;1;1;B02
200900003545;0;7;0;0;2;1;17;A01
200900003546;0;31;0;13;0;7;1;A01
200900003547;0;7;0;0;2;1;13;A01
200900003547;0;7;0;0;2;1;1;B02
200900003548;0;7;0;0;2;3;13;A01
200900003548;0;7;0;0;2;3;1;B02
200900003549;0;30;0;0;0;8;1;A01
200900003549;0;7;0;0;0;1;15;B02
200900003550;0;7;0;0;2;7;15;A01
200900003550;0;2;0;0;2;1;1;B02
200900003551;0;7;0;0;0;5;15;A01
200900003551;0;2;0;0;2;5;1;B02
200900003552;0;14;0;0;2;2;1;B02
200900003552;0;2;0;0;2;7;19;A01
200900003553;0;7;0;2;0;1;1;A01
200900003554;0;2;0;0;2;1;1;B01
200900003554;0;7;0;0;2;6;4;A01
200900003555;0;30;0;0;1;1;21;A01
200900003556;1;7;0;0;1;1;1;A01
200900003557;0;30;0;0;1;7;1;A01
200900003558;0;7;0;0;2;1;1;D01
200900003558;0;7;0;0;2;6;1;C01
200900003558;0;7;0;15;2;2;1;A01
200900003558;0;7;0;0;2;8;2;B01
200900003559;0;33;0;0;2;1;17;A01
200900003559;0;7;0;0;0;8;15;B01
200900003560;0;7;0;0;0;0;1;A01
200900003561;0;7;0;0;1;1;1;A01
200900003562;0;7;0;0;0;8;0;B01
200900003562;0;30;0;1;2;1;1;A01
200900003563;0;7;0;0;1;2;1;A01
200900003564;0;30;0;0;2;7;1;B01
200900003564;1;7;0;0;2;1;16;A01
200900003565;0;7;0;0;2;3;11;A01
200900003565;0;2;0;0;2;8;1;B01
200900003566;0;33;0;0;0;0;0;A01
200900003566;0;7;0;0;0;0;0;B01
200900003567;0;7;0;0;2;4;0;A01
200900003567;0;35;0;0;2;1;0;B01
200900003568;0;10;0;0;1;4;24;A01
200900003569;0;7;0;0;1;1;12;A01
200900003570;0;7;0;0;1;0;1;A01
200900003571;0;7;0;0;2;5;6;A01
200900003571;0;33;0;0;2;1;1;B01
200900003572;0;7;0;8;0;1;0;A01
200900003573;0;3;0;0;2;7;15;A01
200900003573;0;1;0;0;2;1;1;B01
200900003574;1;7;0;0;1;1;1;A01
200900003575;0;7;0;0;2;5;12;A01
200900003575;0;34;0;0;2;1;1;B01
200900003576;0;7;0;1;2;1;1;A01
200900003577;0;7;0;0;1;3;15;A01
200900003578;0;30;0;12;0;0;1;A01
200900003579;0;3;0;0;2;2;15;A01
200900003579;0;34;0;0;2;1;1;B01
200900003580;0;7;0;12;0;1;1;A01
200900003581;0;7;0;0;9;3;15;A01
200900003581;0;33;0;0;2;1;1;B01
200900003582;0;7;0;0;2;1;2;A01
200900003582;0;17;0;0;2;4;1;B01
200900003583;0;7;0;0;1;2;0;A01
200900003584;0;7;0;0;2;1;0;A01
200900003584;0;7;0;0;2;6;0;B01
200900003585;0;33;0;0;2;8;1;B01
200900003585;0;33;0;0;2;7;12;A01
200900003586;0;10;0;0;0;4;2;D01
200900003586;0;33;0;0;2;1;2;E01
200900003586;0;15;0;0;0;0;2;A01
200900003586;0;7;0;14;0;4;2;B01
200900003586;0;7;0;0;2;1;2;C01
200900003587;0;7;0;3;0;1;0;A01
200900003588;0;7;0;0;2;4;2;B01
200900003588;0;7;0;0;2;1;2;C01
200900003588;0;7;0;0;0;4;2;A01
200900003589;0;33;0;0;2;1;1;A01
200900003589;0;7;0;0;0;4;2;B01
200900003590;0;33;0;0;0;2;3;A01
200900003590;0;7;0;0;0;0;11;B01
200900003591;0;33;0;0;0;4;2;B01
200900003591;0;7;0;0;2;2;2;A01
200900003592;0;7;0;0;2;2;0;A01
200900003592;0;7;0;0;2;4;2;B01
200900003593;0;33;0;0;2;8;2;A01
200900003593;0;10;0;0;2;7;2;B01
200900003594;0;7;0;4;0;3;2;A01
200900003595;0;7;0;4;0;1;1;A01
200900003596;0;7;0;0;2;4;1;C01
200900003596;0;7;0;0;2;4;1;B01
200900003596;0;7;0;0;0;4;1;D01
200900003596;0;7;0;0;2;1;2;A01
200900003597;0;10;0;0;2;1;2;A01
200900003597;0;7;0;0;0;4;2;B01
200900003598;0;7;0;0;2;1;1;C01
200900003598;0;7;0;0;2;0;1;B01
200900003598;0;7;0;0;2;1;1;A01
200900003599;0;7;0;0;2;8;0;A01
200900003599;0;33;0;0;2;0;0;B01
200900003600;0;32;0;0;2;1;5;A01
200900003600;0;7;0;0;2;1;5;B01
200900003601;0;33;0;0;2;1;1;B01
200900003601;0;7;0;0;2;7;15;A01
200900003602;0;7;0;6;0;1;1;A01
200900003603;0;31;0;16;0;0;2;A01
200900003604;0;7;0;13;0;2;21;A01
200900003604;0;7;0;8;0;2;2;C03
200900003604;0;7;0;9;0;9;14;B02
200900003604;0;7;0;0;9;8;0;D04
200900003605;0;7;0;13;0;9;1;A01
200900003606;0;7;0;0;2;3;1;B02
200900003606;0;7;0;0;2;3;15;A01
200900003607;0;7;0;0;1;1;1;A01
200900003608;0;7;0;0;2;3;15;B01
200900003608;0;34;0;0;2;1;17;A01
200900003609;0;7;0;0;1;1;1;A01
200900003610;0;31;0;0;2;1;21;A01
200900003610;0;7;0;0;2;3;15;B01
200900003611;0;99;0;0;2;6;2;A01
200900003611;0;33;0;0;2;1;2;B01
200900003612;0;13;0;2;0;1;19;A01
200900003613;0;7;0;0;2;1;9;B01
200900003613;0;7;0;0;0;3;2;A01
200900003613;0;33;0;0;2;5;2;C01
200900003614;0;7;0;0;0;3;0;A01
200900003614;0;33;0;0;2;1;0;B01
200900003615;0;7;0;0;2;1;1;B02
200900003615;0;7;0;0;2;1;17;A01
200900003616;0;7;0;0;2;2;15;A01
200900003616;0;30;0;0;2;1;1;B02
200900003617;0;30;0;0;2;1;17;A01
200900003617;0;7;0;0;2;3;20;B01
200900003618;0;7;0;0;2;8;1;B01
200900003618;0;2;0;0;2;1;1;A01
200900003619;0;30;0;0;0;8;1;A01
200900003620;0;7;0;0;2;3;1;B01
200900003620;0;30;0;0;2;1;13;A01
200900003621;0;1;0;0;2;6;1;B01
200900003621;0;7;0;0;2;3;17;A01
200900003622;0;7;0;0;2;1;13;A01
200900003622;0;7;0;0;2;1;1;B01
200900003623;0;7;0;0;2;4;1;B01
200900003623;0;7;0;0;2;1;1;A01
200900003624;0;7;0;0;1;1;1;A01
200900003625;0;7;0;8;0;9;0;A01
200900003626;0;2;0;0;0;8;1;A01
200900003627;0;7;0;0;2;7;15;A01
200900003627;0;7;0;0;2;1;1;B01
200900003628;0;37;1;0;1;1;0;A01
200900003629;0;7;0;0;2;7;1;B01
200900003629;0;7;0;0;2;3;9;A01
200900003630;0;2;0;0;2;1;1;B01
200900003630;0;7;0;0;2;1;15;A01
200900003631;0;7;0;8;0;1;14;A01
200900003632;0;7;0;0;2;2;15;A01
200900003632;0;30;0;0;2;1;1;B01
200900003633;0;7;0;0;2;1;1;A01
200900003633;0;7;0;0;2;2;15;B01
200900003634;0;7;0;0;1;1;1;A01
200900003635;0;7;0;0;2;1;15;A01
200900003635;0;7;0;0;2;8;1;B01
200900003636;0;7;0;2;0;1;13;A01
200900003637;0;7;0;0;0;0;0;A01
200900003638;0;33;0;0;0;0;1;A01
200900003639;0;7;0;0;2;2;1;A01
200900003639;0;1;0;0;2;4;1;B01
200900003640;0;7;0;0;2;1;15;A01
200900003640;0;7;0;9;2;8;1;B01
200900003641;0;7;0;8;0;1;1;A01
200900003642;0;30;0;0;0;7;16;A01
200900003643;0;31;0;0;2;2;17;A01
200900003643;0;1;0;0;2;5;1;B01
200900003644;0;7;0;0;1;3;1;A01
200900003645;0;7;0;0;1;4;4;A01
200900003646;0;7;0;0;2;4;2;B01
200900003646;0;7;0;0;2;1;2;A01
200900003646;0;7;0;0;2;4;2;D01
200900003646;0;7;0;0;2;4;2;C01
200900003647;0;33;0;0;0;0;0;A01
200900003648;0;7;0;13;0;2;1;A01
200900003649;0;7;0;0;0;3;1;B02
200900003649;0;7;0;0;0;3;1;A01
200900003650;0;7;0;0;2;1;1;B02
200900003650;0;10;0;0;2;1;13;A01
200900003651;0;7;0;0;0;8;1;A01
200900003651;0;7;0;0;2;1;19;B02
200900003652;0;7;0;0;2;1;15;A01
200900003652;0;30;0;0;2;1;0;B02
200900003653;0;7;0;2;0;3;19;A01
200900003654;0;7;0;2;0;8;1;A01
200900003655;0;7;0;0;2;1;1;B02
200900003655;0;7;0;0;2;3;13;A01
200900003656;0;7;0;0;2;1;13;A01
200900003656;0;7;0;0;2;1;1;B02
200900003657;0;7;0;0;0;1;13;A01
200900003657;0;7;0;0;2;1;1;B02
200900003658;0;7;0;13;0;1;13;A01
200900003659;0;7;0;0;0;0;1;A01
200900003660;0;30;0;12;0;7;14;A01
200900003661;0;10;0;0;2;1;1;B02
200900003661;0;7;0;0;2;8;1;A01
200900003662;0;2;0;0;2;1;17;A01
200900003662;0;7;0;0;2;6;15;B01
200900003663;0;7;0;0;2;7;19;A01
200900003663;0;2;0;0;2;1;1;B01
200900003664;0;7;0;0;0;1;1;A01
200900003665;0;7;0;0;2;1;2;A01
200900003665;0;30;0;0;0;4;15;B01
200900003666;0;7;0;0;2;6;2;B01
200900003666;0;32;0;0;2;1;2;A01
200900003667;0;33;0;0;2;1;17;A01
200900003667;0;7;0;0;2;3;13;B01
200900003668;0;7;0;6;0;9;1;A01
200900003669;0;7;0;0;0;6;23;A01
200900003669;0;2;0;0;2;1;2;B01
200900003670;0;7;0;0;1;1;1;A01
200900003671;0;33;0;0;2;1;1;B01
200900003671;0;7;0;0;2;3;0;A01
200900003672;0;2;0;0;0;0;1;A01
200900003673;0;7;0;0;2;1;1;A01
200900003673;0;7;0;0;2;4;1;B01
200900003674;0;3;0;0;2;6;2;B02
200900003674;0;7;0;0;2;2;2;A01
200900003675;0;33;0;0;2;8;1;B01
200900003675;0;7;0;0;2;3;1;A01
200900003676;0;7;0;0;2;4;15;B01
200900003676;0;2;0;0;2;1;1;A01
200900003677;0;7;0;0;2;6;1;B01
200900003677;0;7;0;0;2;1;1;A01
200900003678;0;7;0;16;0;0;13;A01
200900003679;0;7;0;0;2;5;15;B01
200900003679;0;7;0;0;2;3;1;A01
200900003680;0;7;0;0;2;1;1;B01
200900003680;0;7;0;0;2;3;9;A01
200900003681;0;7;0;0;1;0;1;A01
200900003682;0;30;0;0;0;0;1;A01
200900003682;0;7;0;0;2;3;13;B02
200900003682;0;15;0;13;2;3;13;C03
200900003683;0;32;0;0;0;2;1;A01
200900003684;0;7;0;0;2;1;1;D01
200900003684;0;7;0;0;2;1;1;C01
200900003684;0;7;0;0;2;1;1;A01
200900003684;0;7;0;0;2;4;1;B01
200900003685;0;7;0;0;1;1;1;A01
200900003686;0;7;0;3;0;0;13;A01
200900003687;0;7;0;0;2;1;9;A01
200900003687;0;33;0;0;2;7;1;B01
200900003688;0;7;0;0;1;4;4;A01
200900003689;0;7;0;4;0;9;1;A01
200900003690;0;7;0;0;2;1;1;A01
200900003690;0;21;0;0;2;7;1;B02
200900003691;0;32;0;0;2;1;1;B02
200900003691;0;7;0;0;2;2;15;A01
200900003692;0;7;0;0;2;2;15;A01
200900003692;0;31;0;0;2;7;13;B02
200900003693;0;14;0;0;2;2;1;A01
200900003693;0;7;0;0;0;5;1;B02
200900003694;0;7;0;0;2;1;17;A01
200900003694;0;7;0;0;2;1;1;C03
200900003694;0;7;0;0;2;6;1;B02
200900003695;0;31;0;12;0;1;1;A01
200900003696;0;31;0;6;0;1;1;A01
200900003697;0;10;0;6;0;1;1;A01
200900003698;0;7;0;8;0;1;1;A01
200900003699;0;7;0;0;2;3;1;B02
200900003699;0;7;0;0;2;3;1;A01
200900003700;0;7;0;0;2;3;13;A01
200900003700;0;14;0;0;2;3;1;B02
200900003701;0;7;0;0;2;1;19;A01
200900003701;0;2;0;0;2;1;1;B01
200900003702;0;2;0;0;2;1;1;B01
200900003702;0;7;0;0;2;6;23;A01
200900003703;0;7;0;0;2;3;15;B01
200900003703;0;2;0;0;2;1;17;A01
200900003704;0;7;0;0;2;3;9;A01
200900003704;0;2;0;0;2;2;21;B01
200900003705;0;30;0;0;2;7;1;B01
200900003705;0;7;0;0;2;3;9;A01
200900003706;0;7;0;0;2;6;13;A01
200900003706;0;7;0;0;2;3;1;B01
200900003707;0;7;0;0;1;1;1;A01
200900003708;0;7;0;0;1;1;1;A01
200900003709;0;7;0;0;2;2;1;C01
200900003709;0;30;0;0;2;4;1;A01
200900003710;0;33;0;0;2;1;10;B01
200900003710;0;7;0;0;2;3;6;A01
200900003711;0;7;0;13;0;1;1;A01
200900003712;0;30;0;0;2;1;1;B01
200900003712;0;7;0;0;2;1;9;A01
200900003713;0;7;0;0;1;3;1;A01
200900003714;0;7;0;0;2;1;1;B01
200900003714;0;7;0;0;2;3;9;A01
200900003715;0;7;0;0;1;2;17;A01
200900003716;2;7;0;1;2;1;17;A01
200900003716;0;7;0;0;2;8;15;B01
200900003717;0;7;0;0;2;1;15;A01
200900003717;0;33;0;0;2;1;1;B01
200900003718;0;7;0;0;2;2;17;B02
200900003718;0;7;0;2;2;6;17;A01
200900003719;0;33;0;0;5;1;1;A01
200900003720;0;7;0;0;2;2;15;A01
200900003720;0;14;0;0;2;1;1;B02
200900003721;0;7;0;0;2;7;1;A01
200900003721;0;7;0;0;2;3;1;B02
200900003722;0;7;0;0;2;1;1;A01
200900003722;0;7;0;0;2;1;13;B02
200900003723;0;7;0;0;2;3;19;A01
200900003723;0;7;0;0;2;1;1;B02
200900003724;0;7;0;0;2;3;1;B02
200900003724;0;7;0;0;2;2;13;A01
200900003725;0;7;0;10;0;8;1;A01
200900003726;0;3;0;13;0;2;14;A01
200900003727;0;7;0;0;2;4;2;C01
200900003727;0;10;0;0;2;4;2;B01
200900003727;0;7;0;0;2;4;2;D01
200900003727;0;7;0;0;2;1;1;A01
200900003728;0;7;0;0;1;2;1;A01
200900003729;0;7;0;0;2;5;2;A01
200900003729;0;7;0;0;0;1;2;B01
200900003729;0;7;0;0;2;1;2;C01
200900003730;0;10;0;0;0;4;2;B01
200900003730;0;2;0;0;2;1;2;A01
200900003731;0;7;0;0;0;1;14;A01
200900003732;0;7;0;0;2;2;15;A01
200900003732;0;7;0;0;2;1;1;B01
200900003733;0;10;0;0;2;2;1;A01
200900003733;0;7;0;0;0;0;1;B02
200900003734;0;7;0;11;2;1;1;A01
200900003734;0;10;0;0;2;8;1;B01
200900003735;0;7;0;16;0;9;1;A01
200900003735;0;10;0;16;0;9;1;B02
200900003736;0;7;0;0;2;2;2;A01
200900003737;0;14;0;0;2;3;6;A01
200900003737;0;30;0;0;2;1;1;B02
200900003738;0;7;0;0;2;8;15;B02
200900003738;0;33;0;0;2;1;1;A01
200900003739;0;7;0;4;2;2;17;A01
200900003739;0;7;0;5;2;6;1;B02
200900003739;0;7;0;14;0;1;1;C03
200900003739;0;7;0;5;1;2;21;D04
200900003740;0;7;0;0;2;1;1;A01
200900003740;0;7;0;0;2;3;1;B01
200900003741;0;7;0;14;0;1;6;A01
200900003742;0;2;0;0;2;1;1;B01
200900003742;0;7;0;0;2;2;15;A01
200900003743;1;7;0;0;2;0;1;A01
200900003743;0;7;0;0;2;1;23;C01
200900003743;0;7;0;6;2;1;1;B01
200900003744;0;7;0;0;1;1;1;A01
200900003745;0;7;0;0;2;1;15;A01
200900003745;0;17;0;0;2;1;1;B01
200900003745;0;7;0;0;0;1;1;C01
200900003746;0;7;0;0;2;1;1;A01
200900003746;0;2;0;0;0;4;15;B01
200900003747;0;33;0;3;0;1;14;A01
200900003748;0;7;0;12;0;2;14;A01
200900003749;0;7;0;0;0;0;13;A01
200900003750;0;7;0;0;2;0;0;B01
200900003750;0;7;0;0;2;1;1;C01
200900003750;0;7;0;0;2;1;0;A01
200900003751;0;14;0;0;2;2;1;B01
200900003751;0;7;0;0;2;1;16;A01
200900003752;0;15;0;0;2;2;12;A01
200900003752;0;33;0;0;2;1;2;C01
200900003752;0;7;0;5;2;3;1;B01
200900003753;0;7;0;0;1;2;1;A01
200900003754;0;7;0;11;0;1;1;A01
200900003755;0;7;0;3;2;2;13;A01
200900003755;0;7;0;0;2;1;1;C03
200900003755;0;7;0;0;2;2;21;B02
200900003756;0;7;0;0;0;9;1;A01
200900003757;0;7;0;0;2;2;15;A01
200900003757;0;2;0;0;2;1;1;B01
200900003758;0;7;0;0;0;9;1;A01
200900003759;0;2;0;6;0;1;1;A01
200900003760;0;7;0;0;2;1;1;B02
200900003760;0;7;0;0;2;2;1;C03
200900003760;0;7;0;0;2;1;1;A01
200900003761;0;7;0;2;0;8;1;A01
200900003762;0;7;0;13;0;1;1;A01
200900003763;0;7;0;0;2;2;19;A01
200900003763;0;7;0;0;2;3;1;B02
200900003764;0;7;0;0;2;1;13;A01
200900003764;0;7;0;0;2;1;1;B02
200900003765;0;7;0;13;0;9;1;A01
200900003766;0;7;0;2;0;3;1;A01
200900003767;0;7;0;0;1;2;1;A01
200900003768;0;10;0;0;2;1;1;A01
200900003768;0;7;0;0;2;3;9;B02
200900003769;0;7;0;6;0;7;1;A01
200900003770;0;7;0;2;0;0;1;A01
200900003771;0;31;0;0;2;1;1;A01
200900003771;0;7;0;0;2;3;9;B02
200900003771;0;7;0;0;2;3;1;C03
200900003771;0;7;0;0;2;6;1;D04
200900003772;0;7;0;0;2;1;1;B01
200900003772;0;7;0;0;2;1;13;A01
200900003773;0;7;0;0;2;4;2;B01
200900003773;0;2;0;0;2;1;2;A01
200900003774;0;7;0;0;2;1;13;A01
200900003774;0;7;0;0;2;1;1;B02
200900003775;0;7;0;5;2;1;1;A01
200900003775;0;10;0;0;2;1;1;B01
200900003776;0;38;30;0;2;7;17;A01
200900003776;0;1;0;0;2;8;1;B01
200900003777;0;7;0;0;1;1;1;A01
200900003778;0;13;0;0;2;3;1;B02
200900003778;0;7;0;0;2;1;13;A01
200900003779;0;7;0;0;1;3;1;A01
200900003780;0;7;0;13;0;2;1;A01
200900003781;0;30;0;0;2;1;1;B02
200900003781;0;7;0;0;2;6;19;A01
200900003782;0;7;0;0;2;3;1;B02
200900003782;0;7;0;0;2;2;1;A01
200900003783;0;7;0;2;0;8;1;A01
200900003784;0;7;0;0;2;2;15;A01
200900003784;0;33;0;0;2;1;1;B02
200900003785;0;7;0;0;2;7;15;B02
200900003785;0;10;0;0;2;1;1;A01
200900003786;0;10;0;2;0;3;1;A01
200900003787;0;7;0;8;0;8;1;A01
200900003788;0;33;0;0;0;7;1;A01
200900003789;0;7;0;0;1;2;1;A01
200900003790;0;14;0;0;2;1;2;A01
200900003790;0;7;0;0;2;4;1;B01
200900003791;0;7;0;0;1;1;1;A01
200900003792;0;7;0;0;2;3;1;B01
200900003792;0;2;0;0;2;3;17;A01
200900003793;0;30;0;1;2;1;17;A01
200900003793;0;7;0;0;2;3;15;B01
200900003794;0;7;0;0;2;4;2;B01
200900003794;0;7;0;0;2;4;2;C01
200900003794;0;7;0;0;2;1;1;A01
200900003795;0;7;0;0;2;2;10;A01
200900003795;0;30;0;0;2;1;1;B01
200900003796;0;7;0;0;0;3;1;A01
200900003797;0;30;0;0;2;1;1;B01
200900003797;0;7;0;0;2;3;9;A01
200900003798;0;7;0;15;0;2;14;A01
200900003799;0;33;0;0;2;1;1;B01
200900003799;0;7;0;0;2;3;15;A01
200900003800;0;10;0;13;0;2;14;A01
200900003801;0;7;0;0;2;3;13;A01
200900003801;0;7;0;1;2;3;1;B01
200900003802;0;15;0;0;2;2;18;B02
200900003802;0;7;0;0;2;2;5;A01
200900003803;0;30;0;0;2;2;1;B02
200900003803;0;7;0;2;2;2;13;A01
200900003804;0;7;0;13;0;0;1;A01
200900003805;0;7;0;6;0;1;14;A01
200900003806;0;7;0;4;0;3;13;A01
200900003807;1;7;0;;;;;B01
200900003807;0;7;0;3;0;6;2;A02
200900003808;0;10;0;0;2;1;13;A01
200900003808;0;7;0;0;2;2;1;B02
200900003809;0;7;0;2;0;2;1;A01
200900003810;0;33;0;0;2;1;1;B02
200900003810;0;7;0;0;2;3;19;A01
200900003811;0;7;0;0;1;2;1;A01
200900003812;0;7;0;0;1;7;1;A01
200900003813;0;33;0;6;0;1;13;A01
200900003814;0;7;0;2;0;8;13;A01
200900003815;0;7;0;0;1;1;1;A01
200900003816;0;7;0;0;0;9;1;A01
200900003817;0;7;0;0;2;1;1;B02
200900003817;0;7;0;0;2;1;13;A01
200900003818;0;7;0;2;0;1;13;A01
200900003819;0;7;0;0;2;1;1;B01
200900003819;0;7;0;0;2;6;1;A01
200900003820;0;1;0;0;2;7;1;B01
200900003820;0;7;0;0;2;1;1;A01
200900003821;0;7;0;0;2;1;23;C01
200900003821;0;7;0;0;2;7;1;A01
200900003821;0;7;0;0;2;1;1;B01
200900003822;0;7;0;0;1;1;2;A01
200900003823;0;7;0;0;1;1;1;A01
200900003824;1;7;0;0;0;1;2;Z01
200900003824;0;7;0;0;0;4;2;B01
200900003824;0;7;0;0;0;1;2;A01
200900003825;0;33;0;1;0;1;14;A01
200900003826;1;7;0;;;;;B02
200900003826;0;34;0;0;0;8;21;A01
200900003827;0;7;0;0;2;2;15;A01
200900003827;0;33;0;0;2;1;1;B01
200900003828;0;7;0;0;0;1;1;B01
200900003828;0;7;0;0;0;3;23;A01
200900003829;0;10;0;0;1;1;13;A01
200900003830;0;7;0;0;1;3;15;A01
200900003831;0;30;0;0;2;1;1;A01
200900003832;0;7;0;0;1;2;1;A01
200900003833;0;2;0;0;1;1;1;A01
200900003834;0;7;0;0;2;1;1;A01
200900003834;0;7;0;0;2;5;2;B01
200900003835;0;7;0;1;0;2;1;A01
200900003836;0;2;0;0;2;1;1;A01
200900003836;0;7;0;0;2;4;1;B02
200900003837;0;7;0;0;2;7;19;A01
200900003837;0;7;0;0;2;1;1;B02
200900003838;0;10;0;0;2;1;1;A01
200900003838;0;7;0;0;2;3;15;B01
200900003839;0;7;0;0;1;3;1;A01
200900003840;0;10;0;0;2;1;1;B01
200900003840;0;2;0;0;2;1;15;A01
200900003841;0;7;0;0;1;1;1;A01
200900003842;0;7;0;0;2;4;2;B01
200900003842;0;7;0;0;2;1;2;A01
200900003843;0;10;0;0;2;3;1;B01
200900003843;0;7;0;0;2;3;15;A01
200900003844;0;7;0;0;1;1;1;A01
200900003845;0;7;0;0;1;3;2;A01
200900003846;0;7;0;0;2;1;1;B02
200900003846;0;7;0;0;2;1;15;A01
200900003847;0;7;0;16;0;1;1;A01
200900003848;0;7;0;0;2;3;15;A01
200900003848;0;2;0;0;2;1;1;B01
200900003849;0;7;0;0;1;8;15;A01
200900003850;0;7;0;0;2;2;1;A01
200900003850;0;7;0;1;2;3;9;B01
200900003851;0;7;0;8;0;2;14;A01
200900003852;0;1;0;0;2;0;0;A01
200900003852;0;7;0;0;2;0;15;B01
200900003853;0;7;0;0;2;1;1;B01
200900003853;0;7;0;0;2;5;1;A01
200900003854;0;7;0;3;0;1;1;A01
200900003855;0;10;0;3;0;2;17;A01
200900003856;0;7;0;3;0;3;17;A01
200900003857;0;7;0;0;1;2;16;A01
200900003858;0;10;0;0;1;2;1;A01
200900003859;1;7;0;0;1;0;16;Z01
200900003860;0;7;0;0;1;1;1;A01
200900003861;0;7;0;0;1;1;1;A01
200900003862;0;7;0;14;1;5;1;A01
200900003862;0;10;0;0;2;8;1;C01
200900003862;0;7;0;0;2;1;1;B01
200900003863;0;2;0;0;2;1;1;A01
200900003863;0;7;0;0;2;1;1;B01
200900003864;0;7;0;0;2;3;2;B01
200900003864;0;7;0;0;2;3;2;A01
200900003865;0;37;1;0;1;3;1;A01
200900003866;0;7;0;0;2;3;15;B02
200900003866;0;30;0;0;2;1;1;A01
200900003867;0;7;0;0;2;2;9;A01
200900003867;0;7;0;0;2;6;9;B01
200900003868;0;7;0;0;2;1;1;B02
200900003868;0;7;0;0;2;1;13;A01
200900003869;0;1;0;0;2;7;1;B01
200900003869;0;7;0;0;2;1;9;A01