num_acc;senc;catv;occutc;obs;obsm;choc;manv;num_veh
200900003870;0;7;0;0;1;2;15;A01
200900003871;0;7;0;13;2;1;1;B02
200900003871;0;10;0;0;2;7;13;A01
200900003872;0;7;0;5;0;1;1;A01
200900003873;0;10;0;13;0;2;1;A01
200900003874;0;7;0;1;1;2;1;A01
200900003874;0;7;0;3;0;2;1;C01
200900003874;0;7;0;0;1;6;1;B01
200900003875;0;10;0;0;9;7;16;B01
200900003875;0;2;0;12;2;2;18;A01
200900003876;0;7;0;0;2;1;2;A01
200900003876;0;7;0;0;2;4;2;B01
200900003877;0;32;0;0;2;0;15;B02
200900003877;0;7;0;0;2;2;17;A01
200900003878;0;7;0;0;2;5;24;B02
200900003878;0;33;0;1;0;1;1;A01
200900003879;0;7;0;0;2;4;23;C01
200900003879;0;7;0;0;2;1;2;A01
200900003879;0;7;0;0;2;4;23;B01
200900003880;0;7;0;2;0;8;0;A01
200900003881;0;7;0;0;1;1;16;A01
200900003882;0;7;0;0;2;7;1;A01
200900003882;0;7;0;0;2;3;15;B01
200900003883;0;7;0;0;2;1;15;A01
200900003883;0;7;0;0;2;1;1;B01
200900003884;0;7;0;0;2;1;1;B01
200900003884;0;7;0;0;2;7;1;A01
200900003885;0;7;0;0;2;7;1;A01
200900003885;0;10;0;0;2;3;1;B02
200900003886;0;7;0;0;2;4;2;B01
200900003886;0;7;0;0;2;4;2;C01
200900003886;0;7;0;0;2;1;2;A01
200900003887;0;7;0;0;1;1;1;A01
200900003888;0;7;0;0;1;4;4;A01
200900003889;0;7;0;4;0;3;1;A01
200900003890;0;7;0;9;2;4;2;B01
200900003890;0;7;0;0;2;1;2;A01
200900003890;0;7;0;0;2;4;2;C01
200900003891;0;7;0;0;1;2;16;A01
200900003892;1;7;0;0;2;1;1;A01
200900003892;0;7;0;0;0;4;23;B01
200900003893;0;7;0;0;2;1;1;B01
200900003893;0;7;0;0;2;5;15;A01
200900003894;0;7;0;6;0;1;1;A01
200900003895;0;7;0;0;2;1;13;A01
200900003895;0;7;0;0;2;1;1;B02
200900003896;0;7;0;0;2;1;15;A01
200900003896;0;7;0;0;2;1;1;B01
200900003897;0;7;0;0;2;3;5;A01
200900003897;0;7;0;0;2;3;1;B01
200900003898;0;7;0;0;2;1;1;A01
200900003898;0;7;0;0;2;8;15;B01
200900003899;0;7;0;0;2;2;1;B01
200900003899;0;7;0;0;2;8;9;A01
200900003900;0;2;0;1;0;1;1;A01
200900003901;0;7;0;0;1;3;1;A01
200900003902;0;7;0;1;1;1;4;A01
200900003902;0;7;0;0;2;5;24;B01
200900003903;0;7;0;0;2;1;15;A01
200900003903;0;7;0;0;2;1;1;B01
200900003904;0;7;0;0;2;2;17;C01
200900003904;0;17;0;4;2;2;9;A01
200900003904;0;17;0;0;0;6;23;B01
200900003905;0;7;0;3;2;1;9;A01
200900003905;0;7;0;3;2;1;1;B01
200900003906;0;99;0;0;2;5;1;B01
200900003906;0;7;0;0;2;1;1;A01
200900003907;0;7;0;0;1;3;1;A01
200900003908;0;34;0;1;0;1;1;A01
200900003909;0;7;0;0;9;6;9;A01
200900003909;0;1;0;0;2;1;1;B01
200900003910;0;10;0;0;2;1;1;A01
200900003910;0;10;0;0;2;2;1;B02
200900003911;0;7;0;0;1;1;1;A01
200900003912;0;7;0;0;2;2;17;B01
200900003912;0;7;0;0;2;3;11;A01
200900003913;0;33;0;0;2;1;1;A01
200900003913;0;7;0;0;2;8;10;B01
200900003914;0;7;0;0;2;2;1;B01
200900003914;0;7;0;0;2;7;15;A01
200900003915;0;7;0;2;0;1;14;A01
200900003916;0;7;0;0;1;1;1;A01
200900003917;0;7;0;0;0;3;0;A01
200900003918;0;17;0;0;0;6;23;A01
200900003918;0;10;0;0;2;3;1;B01
200900003919;0;99;0;16;9;2;10;A01
200900003920;0;7;0;0;1;4;4;A01
200900003921;0;2;0;0;2;1;1;A01
200900003921;0;7;0;0;2;8;1;B01
200900003922;0;7;0;0;2;3;1;B01
200900003922;0;1;0;0;2;1;5;A01
200900003923;0;2;0;0;2;4;23;C01
200900003923;0;7;0;0;2;4;23;D01
200900003923;0;7;0;0;2;4;2;B01
200900003923;0;7;0;0;2;1;1;A01
200900003924;0;1;0;0;1;1;15;A01
200900003925;0;7;0;0;9;3;9;A01
200900003925;0;2;0;0;2;1;2;B01
200900003926;0;7;0;9;0;1;14;A01
200900003927;0;7;0;0;0;0;15;D01
200900003927;0;7;0;0;2;8;1;B01
200900003927;0;7;0;0;2;3;1;A01
200900003927;0;30;0;0;2;1;1;C01
200900003928;0;7;0;0;2;3;1;A01
200900003928;0;7;0;0;2;2;19;B02
200900003929;0;7;0;0;2;1;15;A01
200900003929;0;7;0;0;2;1;1;B01
200900003930;0;30;0;15;2;1;5;A01
200900003930;0;7;0;0;9;2;1;B01
200900003931;0;7;0;0;2;7;15;A01
200900003931;0;7;0;0;2;2;1;B01
200900003932;0;7;0;0;2;4;2;B01
200900003932;0;7;0;0;2;1;2;A01
200900003932;0;7;0;0;2;4;2;C01
200900003933;0;7;0;0;2;2;11;A01
200900003933;0;7;0;0;2;6;1;B01
200900003934;0;7;0;0;2;7;15;A01
200900003934;0;7;0;0;2;1;1;B01
200900003935;0;7;0;0;2;3;1;A01
200900003935;0;2;0;0;2;7;1;B01
200900003936;0;2;0;0;2;2;17;B01
200900003936;0;7;0;0;2;8;15;A01
200900003937;0;7;0;0;0;8;15;A01
200900003937;0;13;0;0;0;1;1;B02
200900003938;0;7;0;16;0;0;1;A01
200900003939;0;7;0;0;2;3;1;B02
200900003939;0;7;0;0;2;3;13;A01
200900003940;0;7;0;0;2;1;2;A01
200900003940;0;7;0;0;2;1;2;B01
200900003941;0;30;0;3;0;7;1;A01
200900003942;0;7;0;2;0;8;13;A01
200900003943;0;7;0;0;2;1;1;A01
200900003943;0;7;0;0;2;3;1;B02
200900003944;0;37;1;0;1;0;16;A01
200900003945;0;7;0;1;0;1;1;A01
200900003945;0;7;0;0;0;4;0;B02
200900003946;0;10;0;0;2;1;17;B02
200900003946;0;7;0;0;2;1;1;A01
200900003947;0;7;0;0;2;1;1;B02
200900003947;0;7;0;0;2;7;15;A01
200900003948;0;7;0;0;2;7;17;B02
200900003948;0;2;0;0;2;8;15;A01
200900003949;0;10;0;0;1;3;1;A01
200900003950;0;1;0;0;0;1;1;A01
200900003951;0;7;0;0;2;1;1;A01
200900003951;0;7;0;0;2;7;1;B02
200900003952;0;7;0;13;0;9;1;A01
200900003953;0;7;0;0;2;1;1;B01
200900003953;0;2;0;0;2;1;1;A01
200900003954;0;10;0;0;1;1;1;A01
200900003955;0;7;0;7;0;7;1;A01
200900003956;0;7;0;0;1;1;0;A01
200900003957;0;7;0;0;1;3;1;A01
200900003958;0;10;0;16;0;2;1;A01
200900003959;0;7;0;13;0;1;21;A01
200900003960;2;7;0;0;2;1;1;A01
200900003960;0;7;0;0;0;6;15;B02
200900003961;0;7;0;0;2;4;15;B02
200900003961;0;7;0;0;2;1;1;A01
200900003962;0;7;0;0;2;1;1;B02
200900003962;0;7;0;0;2;1;13;A01
200900003963;0;7;0;2;0;9;1;A01
200900003964;0;7;0;0;1;8;15;A01
200900003965;0;33;0;0;2;1;1;B01
200900003965;0;7;0;0;2;3;0;A01
200900003966;0;7;0;11;0;1;1;A01
200900003967;0;7;0;0;1;4;20;A01
200900003968;0;39;0;0;0;8;0;B01
200900003968;0;7;0;5;4;1;0;A01
200900003969;0;7;0;0;2;3;15;A01
200900003969;0;2;0;0;2;1;1;B01
200900003970;0;7;0;13;0;9;1;A01
200900003971;0;7;0;0;0;3;1;B02
200900003971;0;31;0;0;2;1;1;A01
200900003972;0;14;0;0;2;1;2;A01
200900003972;0;7;0;0;2;4;2;C03
200900003972;0;7;0;0;0;4;2;B02
200900003972;0;16;0;0;0;4;23;E05
200900003972;0;15;0;0;0;4;23;D04
200900003973;0;33;0;13;6;1;21;A01
200900003974;0;7;0;2;0;1;1;A01
200900003975;0;32;0;12;0;1;1;A01
200900003976;0;7;0;0;2;1;2;B01
200900003976;0;7;0;0;2;7;15;A01
200900003977;0;7;0;0;2;8;1;B01
200900003977;0;7;0;0;2;1;15;A01
200900003978;0;2;0;0;2;8;0;A01
200900003978;0;7;0;0;2;7;0;B01
200900003979;0;7;0;0;2;2;1;B01
200900003979;0;7;0;0;2;2;5;A01
200900003980;0;7;0;7;0;1;1;A01
200900003981;0;7;0;0;1;1;15;A01
200900003981;0;30;0;0;2;1;2;B01
200900003982;0;30;0;7;0;0;1;A01
200900003983;0;33;0;0;2;7;2;A01
200900003983;0;7;0;0;1;6;2;B01
200900003984;0;7;0;0;2;1;1;B01
200900003984;0;7;0;0;2;1;15;A01
200900003984;0;7;0;0;2;6;1;C01
200900003985;0;7;0;13;0;9;1;A01
200900003986;0;32;0;0;2;7;17;A01
200900003986;0;7;0;0;2;3;15;B01
200900003987;0;7;0;0;2;8;15;B01
200900003987;0;33;0;0;2;1;17;A01
200900003988;0;33;0;0;2;1;2;B01
200900003988;0;7;0;0;2;3;15;A01
200900003989;0;33;0;0;2;7;1;A01
200900003989;1;7;0;0;2;0;13;B01
200900003990;0;7;0;0;2;1;2;B01
200900003990;0;10;0;0;2;6;2;A01
200900003991;0;1;0;16;0;8;2;A01
200900003992;0;7;0;0;2;4;2;C01
200900003992;0;7;0;0;2;1;2;A01
200900003992;0;10;0;0;2;4;2;B01
200900003993;0;7;0;9;0;1;2;A01
200900003994;0;7;0;0;1;2;2;A01
200900003995;0;7;0;0;2;1;1;A01
200900003995;0;7;0;0;2;4;1;B01
200900003996;0;7;0;0;2;2;20;A01
200900003996;0;2;0;0;2;3;1;B01
200900003997;0;7;0;0;2;1;2;A01
200900003997;0;7;0;3;0;0;1;D01
200900003997;0;7;0;0;2;4;1;B01
200900003997;0;7;0;0;2;1;2;C01
200900003998;0;7;0;0;2;4;2;A01
200900003998;0;7;0;0;2;4;15;B01
200900003999;0;7;0;0;2;1;1;B01
200900003999;0;7;0;0;2;1;13;A01
200900004000;0;7;0;0;2;4;23;B01
200900004000;0;7;0;0;2;1;2;A01
200900004001;0;30;0;0;0;0;1;A01
200900004002;0;2;0;0;2;1;1;A01
200900004002;0;7;0;0;2;8;15;B02
200900004003;0;30;0;0;2;1;1;B02
200900004003;0;30;0;0;0;8;1;A01
200900004004;0;7;0;0;2;1;0;A01
200900004004;0;30;0;0;2;7;0;B02
200900004005;0;33;0;6;0;1;0;A01
200900004006;0;1;0;0;2;0;5;A01
200900004006;0;7;0;0;2;1;13;B02
200900004007;0;30;0;0;2;1;1;A01
200900004007;0;7;0;0;2;3;16;B02
200900004008;0;7;0;0;2;8;1;G07
200900004008;0;10;0;0;2;3;1;B02
200900004008;0;7;0;0;0;4;1;E05
200900004008;0;7;0;0;2;3;13;A01
200900004008;0;15;0;0;2;2;1;D04
200900004008;0;10;0;0;2;1;1;C03
200900004008;0;7;0;0;2;1;1;F06
200900004009;0;7;0;0;2;1;2;A01
200900004009;0;7;0;0;2;1;2;C03
200900004009;0;7;0;0;0;4;2;B02
200900004010;0;7;0;0;2;8;15;A01
200900004010;0;33;0;0;2;1;1;B02
200900004011;1;7;0;0;2;8;1;A01
200900004011;0;33;0;0;2;8;1;B02
200900004012;0;99;0;0;0;1;1;B02
200900004012;0;7;0;0;0;3;16;A01
200900004013;0;7;0;0;2;2;0;B02
200900004014;0;10;0;0;2;8;1;B02
200900004014;0;7;0;0;2;8;13;A01
200900004015;0;7;0;0;2;3;13;A01
200900004015;0;7;0;0;0;3;1;B02
200900004016;0;7;0;2;0;1;0;A01
200900004017;0;7;0;2;0;7;1;A01
200900004018;0;7;0;0;0;2;15;A01
200900004018;0;7;0;0;0;8;1;B02
200900004019;0;30;0;0;0;4;0;B02
200900004019;0;7;0;0;2;1;0;A01
200900004020;0;7;0;0;2;9;13;A01
200900004020;0;7;0;0;2;2;1;B02
200900004021;0;7;0;0;2;3;1;A01
200900004021;0;7;0;0;2;1;1;B02
200900004022;0;17;0;0;1;0;1;A01
200900004023;0;7;0;0;2;1;1;B02
200900004023;0;7;0;0;2;1;6;A01
200900004024;0;7;0;0;1;4;1;B01
200900004024;0;7;0;0;2;1;2;A01
200900004025;0;7;0;13;0;0;1;A01
200900004026;0;7;0;0;2;1;9;A01
200900004026;0;7;0;0;2;3;1;B01
200900004027;0;7;0;0;1;4;4;A01
200900004028;0;37;5;0;2;3;1;B01
200900004028;0;7;0;0;0;7;16;A01
200900004029;0;7;0;0;1;3;1;A01
200900004030;0;15;0;0;2;1;2;A01
200900004030;0;7;0;0;0;4;1;B01
200900004031;0;7;0;0;0;4;15;B01
200900004031;0;10;0;0;2;1;1;A01
200900004032;0;7;0;8;0;1;1;A01
200900004033;0;7;0;0;2;8;15;B01
200900004033;0;7;0;0;2;2;1;A01
200900004034;0;7;0;0;2;3;1;B01
200900004034;0;7;0;0;2;3;13;A01
200900004035;0;7;0;9;0;0;1;A01
200900004036;0;7;0;16;0;0;1;A01
200900004037;0;7;0;0;2;4;1;B01
200900004037;0;7;0;0;2;1;2;A01
200900004038;0;33;0;5;0;7;1;A01
200900004039;0;7;0;2;0;3;13;A01
200900004040;0;7;0;0;2;3;1;A01
200900004040;0;7;0;0;2;1;19;B02
200900004041;0;10;0;0;2;8;19;B02
200900004041;0;33;0;0;2;1;1;A01
200900004042;0;7;0;2;0;2;1;A01
200900004043;0;7;0;8;0;1;1;A01
200900004044;0;7;0;0;0;7;1;A01
200900004045;0;33;0;0;2;1;17;A01
200900004045;0;7;0;0;2;3;15;B02
200900004046;0;7;0;3;0;3;1;A01
200900004047;0;33;0;14;0;1;1;A01
200900004048;0;7;0;0;2;2;2;A01
200900004048;0;2;0;0;0;4;2;B02
200900004049;0;33;0;0;2;4;1;A01
200900004050;0;7;0;0;2;1;1;A01
200900004050;0;7;0;0;2;1;13;B02
200900004051;0;7;0;0;2;3;5;A01
200900004051;0;7;0;0;2;3;1;B02
200900004052;0;7;0;13;0;1;1;A01
200900004053;0;7;0;0;2;1;17;A01
200900004053;0;33;0;0;2;4;17;B02
200900004054;0;7;0;13;0;1;13;A01
200900004055;0;1;0;0;2;1;1;B01
200900004055;0;7;0;0;9;1;1;C01
200900004055;0;7;0;0;2;8;15;A01
200900004056;0;7;0;0;2;3;13;A01
200900004056;0;7;0;0;2;3;1;B01
200900004057;0;7;0;6;0;1;14;A01
200900004058;0;7;0;0;1;2;1;A01
200900004059;0;10;0;0;2;1;1;A01
200900004059;0;7;0;0;2;4;1;B01
200900004060;0;33;0;0;2;1;1;B01
200900004060;0;7;0;0;2;3;19;A01
200900004061;0;7;0;0;2;3;15;A01
200900004061;0;33;0;0;2;1;1;B01
200900004062;0;7;0;0;1;1;1;A01
200900004063;0;7;0;0;1;3;1;A01
200900004064;0;7;0;0;2;3;1;B01
200900004064;0;1;0;0;2;8;15;A01
200900004065;0;7;0;0;2;4;1;B01
200900004065;0;7;0;0;2;1;1;A01
200900004066;0;1;0;0;2;1;1;B01
200900004066;0;7;0;0;2;7;16;A01
200900004067;0;7;0;0;1;1;1;A01
200900004068;0;7;0;0;2;3;1;A01
200900004068;0;30;0;0;2;2;1;B01
200900004069;0;7;0;0;2;1;1;B01
200900004069;0;7;0;0;2;3;19;A01
200900004070;0;30;0;0;0;1;1;A01
200900004071;0;7;0;0;2;1;2;A01
200900004071;0;7;0;0;2;4;1;B01
200900004072;0;2;0;0;2;1;1;A01
200900004072;0;7;0;0;2;3;1;B01
200900004073;0;2;0;0;2;1;2;A01
200900004073;0;7;0;0;0;5;23;B01
200900004074;0;7;0;0;2;3;9;B01
200900004074;0;2;0;0;2;1;1;A01
200900004075;0;7;0;0;2;1;2;A01
200900004075;0;7;0;0;2;4;23;C01
200900004075;0;7;0;0;2;4;23;B01
200900004076;0;2;0;0;0;0;1;A01
200900004077;0;7;0;0;2;2;15;A01
200900004077;0;2;0;0;2;1;1;B01
200900004078;0;7;0;0;1;8;1;A01
200900004079;0;7;0;0;2;3;1;B01
200900004079;0;7;0;0;2;3;13;A01
200900004080;0;30;0;0;2;7;1;B01
200900004080;1;7;0;0;2;0;0;A01
200900004081;0;7;0;8;0;1;14;A01
200900004082;0;7;0;0;2;3;1;B01
200900004082;0;31;0;0;2;2;1;A01
200900004083;0;30;0;0;0;8;1;A01
200900004084;0;7;0;0;2;6;1;B01
200900004084;0;33;0;0;2;2;2;A01
200900004085;0;33;0;0;0;0;9;A01
200900004086;0;31;0;0;2;1;16;B01
200900004086;0;7;0;0;2;3;1;A01
200900004087;0;7;0;0;1;1;1;A01
200900004088;0;7;0;0;2;2;17;A01
200900004088;0;2;0;0;2;8;1;B01
200900004089;0;7;0;13;0;1;13;A01
200900004090;0;7;0;0;2;7;20;A01
200900004090;0;1;0;0;2;8;1;B01
200900004091;0;7;0;0;2;1;1;B01
200900004091;0;7;0;0;2;2;1;A01
200900004092;0;7;0;4;0;3;13;A01
200900004093;0;7;0;0;2;1;1;B01
200900004093;0;7;0;0;2;4;1;A01
200900004094;0;7;0;13;0;9;13;A01
200900004095;0;7;0;0;0;0;1;A01
200900004096;0;7;0;0;2;1;1;A01
200900004096;0;7;0;0;2;4;23;C01
200900004096;0;10;0;0;1;9;23;B01
200900004097;0;7;0;0;2;4;23;D01
200900004097;0;7;0;0;2;4;23;C01
200900004097;0;7;0;0;2;1;2;A01
200900004097;0;7;0;0;2;4;23;B01
200900004098;0;15;0;0;2;1;2;E05
200900004098;0;7;0;0;2;5;2;D04
200900004098;0;7;0;0;2;3;2;B02
200900004098;0;99;0;0;2;1;13;C03
200900004098;0;15;0;0;2;4;2;G07
200900004098;0;7;0;0;2;8;2;F06
200900004098;0;7;0;0;2;5;2;A01
200900004099;0;7;0;0;2;4;1;A01
200900004099;0;7;0;0;2;1;1;B01
200900004099;0;7;0;0;2;1;0;C01
200900004100;0;7;0;0;1;2;1;A01
200900004101;0;7;0;1;0;2;2;A01
200900004102;0;7;0;0;0;9;0;A01
200900004103;0;7;0;0;2;8;15;B02
200900004103;0;7;0;0;2;1;1;A01
200900004104;0;7;0;0;0;9;1;A01
200900004105;0;7;0;0;2;1;1;B02
200900004105;0;7;0;0;2;4;1;A01
200900004105;0;14;0;0;2;1;1;C03
200900004106;0;10;0;0;2;3;1;B02
200900004106;0;7;0;1;2;2;1;A01
200900004107;0;7;0;0;2;1;1;B02
200900004107;0;7;0;0;2;7;1;A01
200900004107;0;7;0;0;2;1;1;C03
200900004108;0;7;0;1;0;0;1;A01
200900004109;0;7;0;0;2;6;1;B02
200900004109;0;7;0;0;2;2;17;A01
200900004110;0;7;0;0;2;3;2;A01
200900004110;0;7;0;0;2;7;6;B02
200900004110;0;7;0;0;2;1;2;C03
200900004111;1;7;0;0;2;3;15;Z01
200900004111;0;1;0;0;0;1;1;A01
200900004112;0;7;0;0;2;3;1;B02
200900004112;0;7;0;0;2;2;0;A01
200900004113;0;7;0;0;2;7;13;A01
200900004113;0;10;0;0;2;1;1;B02
200900004114;0;7;0;0;2;1;13;B02
200900004114;0;7;0;5;2;3;1;A01
200900004115;0;7;0;0;2;4;14;B02
200900004115;2;7;0;0;2;4;4;A01
200900004116;1;7;0;0;2;0;17;Z01
200900004116;0;2;0;0;0;3;1;A01
200900004117;0;10;0;0;2;2;13;A01
200900004117;0;10;0;0;2;1;1;B02
200900004118;0;7;0;14;0;1;2;D04
200900004118;0;7;0;0;0;4;2;C03
200900004118;0;7;0;0;2;1;1;B02
200900004118;0;7;0;0;2;1;13;A01
200900004119;0;7;0;0;1;2;1;A01
200900004120;0;7;0;0;2;3;13;A01
200900004120;0;7;0;0;2;3;1;B02
200900004121;0;33;0;0;2;1;1;B02
200900004121;0;7;0;0;2;3;19;A01
200900004122;0;7;0;2;0;8;1;A01
200900004123;0;7;0;8;0;1;0;A01
200900004124;0;30;0;0;2;1;1;B01
200900004124;0;7;0;0;2;0;15;A01
200900004125;0;7;0;0;1;1;1;A01
200900004126;0;7;0;2;0;1;1;A01
200900004127;0;7;0;0;1;1;1;A01
200900004128;0;10;0;0;1;1;21;A01
200900004129;0;7;0;0;2;7;13;A01
200900004129;0;7;0;0;2;1;1;B02
200900004130;0;7;0;3;0;8;21;A01
200900004131;0;7;0;13;0;9;1;A01
200900004132;0;1;0;0;2;1;1;B02
200900004132;0;7;0;0;2;3;23;A01
200900004133;0;7;0;8;0;1;1;A01
200900004134;0;7;0;0;1;7;0;A01
200900004135;0;7;0;2;0;7;17;A01
200900004136;0;7;0;13;0;3;13;A01
200900004137;0;7;0;0;1;8;1;A01
200900004138;0;7;0;0;1;2;15;A01
200900004139;0;33;0;0;2;1;1;A01
200900004139;0;7;0;0;2;7;1;B01
200900004140;0;7;0;13;0;1;1;A01
200900004141;0;7;0;13;0;1;1;A01
200900004142;0;7;0;0;2;3;17;A01
200900004143;0;7;0;0;2;2;15;B02
200900004143;0;30;0;0;2;1;1;A01
200900004144;0;14;0;0;2;3;1;B02
200900004144;0;14;0;0;2;3;1;A01
200900004145;0;7;0;0;2;7;17;A01
200900004145;0;10;0;0;0;3;15;B02
200900004146;0;7;0;13;0;9;14;A01
200900004147;0;7;0;0;2;3;13;A01
200900004147;0;7;0;0;2;3;1;B02
200900004148;0;36;0;2;0;9;1;A01
200900004149;0;15;0;0;2;3;1;B02
200900004149;0;7;0;0;2;3;13;A01
200900004150;0;7;0;13;0;8;1;A01
200900004151;0;7;0;10;2;1;1;A01
200900004151;0;7;0;0;2;1;1;B02
200900004152;0;7;0;0;2;1;21;B02
200900004152;0;7;0;0;2;1;1;A01
200900004153;0;7;0;0;1;2;1;A01
200900004154;0;2;0;7;0;1;14;A01
200900004155;0;21;0;0;0;8;1;A01
200900004156;0;7;0;0;2;1;2;A01
200900004156;0;7;0;0;2;4;2;B02
200900004157;0;10;0;0;0;2;1;A01
200900004158;0;7;0;0;2;1;2;A01
200900004158;0;7;0;0;0;4;23;B01
200900004159;0;7;0;0;2;1;2;A01
200900004159;0;7;0;0;0;4;2;B01
200900004160;0;7;0;2;0;1;10;A01
200900004161;0;1;0;0;2;1;2;B01
200900004161;0;7;0;0;2;3;15;A01
200900004162;0;7;0;0;1;2;0;A01
200900004163;0;10;0;0;1;5;16;A01
200900004164;0;7;0;0;1;1;1;A01
200900004165;0;7;0;2;0;1;1;A01
200900004166;0;7;0;0;2;1;2;A01
200900004166;0;7;0;0;2;4;2;B01
200900004166;0;7;0;0;0;4;2;C01
200900004167;0;7;0;0;1;2;1;A01
200900004168;0;7;0;0;9;1;0;A01
200900004168;0;1;0;0;2;8;0;B01
200900004169;0;10;0;0;1;4;4;A01
200900004170;0;7;0;0;2;4;1;B01
200900004170;0;7;0;0;2;1;1;A01
200900004170;0;7;0;0;2;4;1;C01
200900004171;0;7;0;0;2;3;21;A01
200900004171;0;7;0;0;0;5;15;B01
200900004172;0;2;0;0;0;0;0;A01
200900004173;0;7;0;0;1;2;0;A01
200900004174;0;7;0;8;0;1;1;A01
200900004175;0;7;0;0;2;1;1;A01
200900004175;0;7;0;0;2;4;1;B01
200900004175;0;7;0;0;2;1;1;C01
200900004176;0;7;0;4;0;4;0;A01
200900004177;0;2;0;0;0;0;0;A01
200900004178;0;7;0;0;2;1;0;A01
200900004178;0;7;0;0;2;8;0;B01
200900004179;0;7;0;0;2;1;0;A01
200900004179;0;10;0;0;2;3;0;B01
200900004180;0;7;0;0;2;4;2;B01
200900004180;0;7;0;0;2;1;2;A01
200900004181;0;7;0;0;1;1;1;A01
200900004182;0;7;0;0;2;7;11;A01
200900004182;0;7;0;0;2;1;1;B01
200900004183;0;7;0;0;0;4;2;C01
200900004183;0;7;0;0;2;4;2;B01
200900004183;0;7;0;0;2;1;2;A01
200900004184;0;10;0;0;2;2;19;B02
200900004184;0;1;0;0;2;1;1;A01
200900004185;0;7;0;0;1;2;2;A01
200900004186;0;7;0;2;;2;1;A01
200900004187;0;7;0;0;2;4;2;B01
200900004187;0;7;0;0;2;1;2;A01
200900004188;0;30;0;0;2;1;15;B01
200900004188;0;7;0;0;2;2;15;A01
200900004189;0;7;0;0;1;7;1;A01
200900004190;0;7;0;0;1;1;1;A01
200900004191;0;7;0;0;2;4;2;C01
200900004191;0;7;0;0;2;4;2;B01
200900004191;0;7;0;0;2;1;1;A01
200900004192;0;7;0;0;1;2;1;A01
200900004193;0;7;0;0;1;1;1;A01
200900004194;0;2;0;6;0;1;13;A01
200900004195;0;31;0;0;2;1;1;B01
200900004195;0;7;0;0;2;8;15;A01
200900004196;0;30;0;1;0;1;14;A01
200900004197;0;7;0;0;2;4;2;B01
200900004197;0;2;0;0;2;1;1;A01
200900004198;0;7;0;0;2;3;1;B01
200900004198;0;7;0;0;2;6;19;A01
200900004199;0;7;0;0;2;3;1;B02
200900004199;0;7;0;0;0;2;13;A01
200900004200;0;7;0;0;0;0;1;A01
200900004200;0;1;0;0;9;1;1;B02
200900004201;0;7;0;0;0;8;15;B02
200900004201;0;2;0;0;2;1;17;A01
200900004202;0;33;0;0;0;1;17;A01
200900004203;0;33;0;0;2;1;17;A01
200900004203;0;7;0;0;2;3;1;B02
200900004204;0;7;0;3;2;8;13;A01
200900004204;0;7;0;0;2;8;1;B01
200900004205;0;21;0;0;2;1;15;A01
200900004205;0;7;0;0;2;3;1;B02
200900004206;0;7;0;0;2;2;19;A01
200900004207;0;7;0;0;2;1;1;B01
200900004207;0;7;0;0;2;5;15;A01
200900004208;0;10;0;13;0;1;14;A01
200900004209;0;7;0;0;2;3;15;B01
200900004209;0;2;0;0;2;2;17;A01
200900004210;0;7;0;0;2;4;2;B01
200900004210;0;10;0;0;2;4;2;C01
200900004210;0;7;0;0;2;1;2;A01
200900004211;0;7;0;0;2;2;16;B01
200900004211;0;2;0;0;2;1;1;A01
200900004212;0;7;0;0;2;3;1;B01
200900004212;0;7;0;0;2;1;15;A01
200900004213;0;7;0;0;2;4;23;A01
200900004213;0;7;0;0;2;4;0;B01
200900004214;0;33;0;0;0;8;1;B02
200900004214;0;33;0;0;0;8;1;A01
200900004215;0;7;0;0;2;1;13;A01
200900004215;0;7;0;0;2;3;1;C03
200900004215;0;7;0;0;2;1;1;B02
200900004216;0;7;0;8;0;1;1;A01
200900004217;0;7;0;0;1;2;15;A01
200900004218;0;7;0;0;2;8;19;B02
200900004218;0;7;0;0;2;1;1;A01
200900004219;0;7;0;0;2;3;2;B02
200900004219;0;7;0;0;2;3;13;A01
200900004220;0;14;0;0;2;3;1;B02
200900004220;0;7;0;0;2;1;13;A01
200900004221;0;7;0;13;0;3;1;A01
200900004222;0;7;0;0;2;1;1;B02
200900004222;0;7;0;0;2;2;1;A01
200900004223;0;7;0;13;0;1;1;A01
200900004224;0;7;0;0;0;9;14;A01
200900004225;0;7;0;0;1;1;1;A01
200900004226;0;7;0;2;0;2;1;A01
200900004227;0;2;0;0;0;4;1;A01
200900004227;0;2;0;0;2;1;1;B02
200900004228;0;7;0;0;1;3;1;A01
200900004229;0;7;0;0;1;0;2;A01
200900004230;0;7;0;0;2;1;1;B01
200900004230;0;7;0;0;2;1;15;A01
200900004231;0;7;0;0;1;1;1;A01
200900004232;0;7;0;0;2;1;1;A01
200900004232;0;7;0;0;2;7;19;B02
200900004233;0;31;0;0;2;1;1;B01
200900004233;0;7;0;0;2;3;15;A01
200900004234;0;7;0;0;2;2;19;A01
200900004234;0;33;0;0;2;1;1;B01
200900004235;0;2;0;0;2;1;1;B01
200900004235;0;7;0;0;2;3;15;A01
200900004236;0;33;0;0;2;1;1;B01
200900004236;0;7;0;0;2;6;15;A01
200900004237;0;10;0;8;0;1;1;A01
200900004238;0;7;0;13;0;1;17;A01
200900004239;0;7;0;0;0;9;13;A01
200900004240;0;7;0;0;2;1;13;A01
200900004240;0;7;0;0;2;1;1;D04