num_acc;senc;catv;occutc;obs;obsm;choc;manv;num_veh
200900004610;0;33;0;0;9;0;0;A01
200900004611;0;7;0;8;0;1;1;A01
200900004612;0;7;0;2;0;1;1;A01
200900004613;0;7;0;2;0;1;1;A01
200900004614;0;10;0;0;2;3;1;B02
200900004615;0;7;0;7;1;1;14;A01
200900004616;0;7;0;8;0;9;6;A01
200900004617;0;7;0;8;0;1;1;A01
200900004618;0;7;0;0;1;3;1;A01
200900004619;0;7;0;0;0;1;1;A01
200900004620;1;7;0;0;0;0;0;B01
200900004620;0;30;0;0;0;1;15;A01
200900004621;0;7;0;0;2;3;1;B02
200900004621;0;30;0;0;2;1;13;A01
200900004622;0;7;0;0;2;1;1;C03
200900004622;0;7;0;0;2;3;1;B02
200900004622;0;7;0;0;2;3;17;A01
200900004622;0;7;0;0;2;2;1;D04
200900004623;0;7;0;16;0;9;1;A01
200900004624;0;14;0;0;2;5;16;A01
200900004624;0;1;0;0;2;1;5;B02
200900004625;0;15;0;0;0;4;2;B02
200900004625;0;10;0;1;0;1;2;A01
200900004626;0;7;0;0;2;1;21;A01
200900004626;0;7;0;0;2;1;2;B01
200900004627;0;7;0;0;2;3;1;A01
200900004627;0;7;0;14;2;2;1;B01
200900004628;0;7;0;0;1;1;0;A01
200900004629;0;1;0;0;2;7;1;B01
200900004629;0;7;0;0;2;1;9;A01
200900004630;0;7;0;6;0;1;14;A01
200900004631;0;7;0;0;2;1;21;B01
200900004631;0;7;0;0;2;7;19;A01
200900004632;0;7;0;0;0;4;23;B01
200900004632;0;7;0;0;2;1;21;A01
200900004633;0;2;0;0;2;1;13;A01
200900004633;0;7;0;0;2;1;21;B01
200900004634;0;7;0;8;0;1;1;A01
200900004635;0;7;0;16;0;1;1;A01
200900004636;0;2;0;0;2;1;1;B02
200900004636;0;7;0;0;2;3;15;A01
200900004637;0;7;0;13;0;9;14;A01
200900004638;0;2;0;0;2;3;13;A01
200900004638;0;7;0;0;2;3;1;B02
200900004639;0;33;0;0;2;1;21;A01
200900004639;0;7;0;0;2;4;23;B01
200900004640;0;7;0;2;0;2;1;A01
200900004641;0;33;0;13;0;1;13;A01
200900004642;0;7;0;0;1;4;4;A01
200900004643;0;7;0;0;2;1;1;C03
200900004643;0;7;0;0;2;8;17;A01
200900004643;0;10;0;0;2;6;1;B02
200900004644;0;7;0;13;0;9;13;A01
200900004645;0;7;0;0;2;2;0;A01
200900004645;0;34;0;0;2;1;0;B01
200900004645;0;7;0;0;2;0;0;C01
200900004646;0;7;0;0;2;8;11;A01
200900004646;0;7;0;0;2;0;1;B01
200900004647;0;7;0;0;2;1;1;A01
200900004647;0;7;0;0;2;4;23;B01
200900004648;0;10;0;3;0;1;2;A01
200900004649;0;2;0;0;2;1;17;A01
200900004649;0;7;0;0;2;8;15;B01
200900004650;0;7;0;0;2;8;2;B01
200900004650;0;7;0;0;2;1;9;A01
200900004651;0;30;0;0;2;1;1;A01
200900004651;0;7;0;0;2;7;15;B01
200900004652;0;7;0;0;2;1;15;A01
200900004652;0;33;0;0;2;1;1;B01
200900004653;0;7;0;0;2;3;1;B01
200900004653;0;7;0;0;2;2;1;A01
200900004654;0;7;0;6;0;3;14;A01
200900004655;0;7;0;0;2;3;1;B01
200900004655;0;7;0;0;2;3;1;A01
200900004656;0;10;0;0;2;1;1;B01
200900004656;0;33;0;0;2;1;1;A01
200900004657;0;7;0;2;0;3;1;A01
200900004658;0;33;0;2;2;1;21;A01
200900004659;0;7;0;0;0;7;6;B01
200900004659;0;10;0;0;2;1;1;A01
200900004660;0;7;0;0;2;2;2;A01
200900004660;0;17;0;0;2;6;2;B01
200900004661;0;7;0;0;2;1;1;B01
200900004661;0;7;0;0;0;4;15;A01
200900004662;0;7;0;13;0;1;1;A01
200900004663;0;33;0;12;0;8;19;A01
200900004664;0;7;0;0;2;1;1;B01
200900004664;0;7;0;0;2;1;15;A01
200900004665;0;7;0;0;2;7;15;A01
200900004665;0;7;0;0;0;1;1;B01
200900004666;0;7;0;8;0;2;1;A01
200900004667;0;7;0;12;2;7;19;B01
200900004667;0;7;0;0;2;1;1;A01
200900004668;0;7;0;0;5;1;1;B01
200900004668;0;31;0;0;5;1;1;A01
200900004669;0;7;0;0;2;5;12;A01
200900004669;0;7;0;0;2;3;1;B01
200900004670;0;30;0;15;0;3;1;A01
200900004671;0;32;0;0;2;7;1;A01
200900004671;0;7;0;0;2;1;1;B01
200900004672;0;10;0;8;0;1;1;A01
200900004673;0;33;0;0;2;1;2;A01
200900004673;0;7;0;0;2;6;15;B01
200900004674;0;1;0;0;2;8;1;B01
200900004674;0;7;0;0;2;1;15;A01
200900004675;0;7;0;0;2;5;4;B01
200900004675;0;32;0;0;2;1;17;A01
200900004676;0;7;0;0;1;2;1;A01
200900004677;0;7;0;0;2;7;0;B01
200900004677;0;7;0;0;2;8;15;A01
200900004678;0;7;0;0;2;4;1;C01
200900004678;0;7;0;0;2;1;1;A01
200900004678;0;7;0;0;2;5;1;B01
200900004679;0;7;0;0;2;8;1;B01
200900004679;0;10;0;0;2;1;1;A01
200900004680;0;7;0;3;0;1;1;A01
200900004681;0;7;0;0;1;1;1;A01
200900004682;0;7;0;0;2;1;2;A01
200900004682;0;32;0;0;2;8;1;B01
200900004683;0;7;0;0;2;1;0;B01
200900004683;0;7;0;0;2;1;15;A01
200900004684;0;7;0;4;0;1;14;A01
200900004685;0;7;0;0;2;4;2;B01
200900004685;0;7;0;0;2;1;1;A01
200900004686;0;7;0;0;2;5;0;B01
200900004686;0;7;0;0;2;3;0;A01
200900004687;0;7;0;0;1;2;1;A01
200900004688;0;32;0;0;2;1;1;A01
200900004688;0;7;0;0;2;3;15;B01
200900004689;0;7;0;0;2;1;1;B01
200900004689;0;7;0;0;2;2;15;A01
200900004690;0;7;0;0;2;3;9;A01
200900004690;0;1;0;0;2;7;1;B01
200900004691;0;7;0;0;1;1;0;A01
200900004692;0;7;0;0;1;2;1;A01
200900004693;0;7;0;1;0;2;1;A01
200900004693;0;7;0;0;0;8;24;B01
200900004694;0;7;0;0;2;7;0;A01
200900004694;0;2;0;0;2;1;0;B01
200900004695;0;7;0;0;2;1;1;A01
200900004695;0;7;0;0;2;4;23;B01
200900004696;0;7;0;0;0;0;1;A01
200900004697;0;7;0;0;2;8;0;A01
200900004697;0;30;0;0;2;1;1;B01
200900004698;0;7;0;1;0;2;0;A01
200900004699;0;7;0;1;0;3;1;A01
200900004700;0;7;0;0;2;1;1;A01
200900004700;0;7;0;0;2;3;15;B01
200900004701;0;33;0;12;0;8;1;A01
200900004702;0;7;0;0;2;1;5;A01
200900004702;0;7;0;0;2;1;1;B01
200900004703;0;7;0;0;1;0;1;A01
200900004704;0;7;0;0;2;3;1;B01
200900004704;0;7;0;0;2;9;17;A01
200900004705;0;31;0;0;2;1;2;B01
200900004705;1;7;0;0;2;2;15;A01
200900004706;0;7;0;0;2;3;1;B01
200900004706;0;7;0;0;2;1;1;A01
200900004707;0;7;0;0;2;7;5;A01
200900004707;0;7;0;0;2;1;1;B01
200900004707;0;7;0;0;2;1;1;C01
200900004708;0;7;0;0;1;1;15;A01
200900004709;1;7;0;0;2;0;11;A01
200900004709;0;33;0;0;2;0;3;B01
200900004710;0;7;0;0;1;0;0;A01
200900004711;0;32;0;0;2;1;17;A01
200900004711;0;10;0;0;2;0;15;B01
200900004712;0;7;0;0;2;1;1;A01
200900004712;0;31;0;0;2;4;23;B01
200900004713;0;7;0;0;2;1;1;A01
200900004713;0;7;0;0;2;8;15;B01
200900004714;0;7;0;0;2;8;15;B01
200900004714;0;7;0;0;2;1;1;A01
200900004715;0;32;0;0;2;7;17;A01
200900004715;0;7;0;0;2;3;15;B01
200900004716;0;7;0;0;2;3;16;B01
200900004716;0;32;0;0;2;1;1;A01
200900004716;0;7;0;0;2;5;15;C01
200900004717;0;2;0;0;2;1;1;A01
200900004717;0;7;0;0;2;8;15;B01
200900004718;0;7;0;0;2;4;0;B01
200900004718;0;7;0;0;2;4;0;C01
200900004718;0;7;0;0;2;1;0;A01
200900004719;0;7;0;0;2;5;15;A01
200900004719;0;33;0;0;2;1;2;B01
200900004720;0;33;0;0;2;1;1;A01
200900004720;1;7;0;0;2;1;1;B01
200900004721;0;33;0;0;2;4;1;B01
200900004721;0;7;0;0;2;1;2;A01
200900004722;0;7;0;0;2;3;10;A01
200900004722;0;2;0;0;2;1;1;B01
200900004723;0;7;0;12;0;1;14;A01
200900004724;0;7;0;0;1;1;1;A01
200900004725;0;7;0;14;0;1;1;B01
200900004725;0;7;0;0;1;1;1;A01
200900004726;0;7;0;0;2;1;1;A01
200900004726;0;7;0;0;2;4;1;B01
200900004727;0;17;0;0;0;0;17;B02
200900004727;0;33;0;3;0;7;17;A01
200900004728;0;7;0;0;2;2;15;A01
200900004728;0;7;0;0;2;1;1;B01
200900004729;0;7;0;0;1;1;1;A01
200900004730;1;7;0;0;1;2;1;Z01
200900004731;0;10;0;0;2;3;9;A01
200900004731;0;2;0;0;2;7;1;B01
200900004732;0;1;0;0;2;7;1;B01
200900004732;0;7;0;0;2;2;15;A01
200900004733;0;7;0;9;0;1;1;A01
200900004734;0;30;0;0;2;1;1;A01
200900004734;0;7;0;0;2;8;1;B01
200900004735;0;7;0;7;0;1;1;A01
200900004736;0;7;0;0;2;1;15;A01
200900004736;0;30;0;0;2;1;1;B01
200900004737;0;7;0;0;2;1;1;A01
200900004737;0;2;0;0;2;7;1;B01
200900004738;0;7;0;0;2;2;14;A01
200900004738;0;30;0;0;2;0;1;B01
200900004739;0;7;0;15;0;7;1;A01
200900004740;0;32;0;0;1;1;1;A01
200900004741;0;7;0;0;2;1;15;A01
200900004741;0;2;0;0;2;1;1;B01
200900004742;0;7;0;0;2;0;1;A01
200900004742;0;1;0;0;2;4;1;B01
200900004743;0;7;0;0;1;1;1;A01
200900004744;0;2;0;0;0;0;0;A01
200900004745;0;7;0;1;0;1;1;A01
200900004746;0;7;0;0;1;1;1;A01
200900004747;0;7;0;0;2;3;1;A01
200900004747;0;31;0;0;2;7;1;B01
200900004748;0;2;0;0;2;1;1;B01
200900004748;0;7;0;0;2;0;1;A01
200900004749;0;1;0;0;2;0;1;B01
200900004749;0;7;0;0;2;1;1;A01
200900004750;0;7;0;0;1;2;1;A01
200900004751;0;7;0;0;2;4;1;B01
200900004751;0;7;0;0;2;1;1;A01
200900004752;0;7;0;0;2;5;1;B01
200900004752;0;2;0;0;2;1;1;A01
200900004753;0;7;0;0;2;2;15;A01
200900004753;0;2;0;0;2;1;1;B01
200900004754;0;7;0;12;0;3;1;A01
200900004755;0;7;0;16;0;9;1;A01
200900004756;0;33;0;0;2;1;1;B02
200900004756;0;7;0;0;2;7;15;A01
200900004757;0;7;0;10;0;8;1;A01
200900004758;0;7;0;0;2;1;1;B02
200900004758;0;7;0;0;2;1;11;A01
200900004759;0;30;0;14;0;1;1;A01
200900004760;0;7;0;0;1;2;1;A01
200900004761;0;33;0;0;2;8;17;A01
200900004761;0;7;0;0;2;8;1;C03
200900004761;0;7;0;0;2;3;1;B02
200900004762;0;1;0;0;2;8;1;B02
200900004762;0;7;0;0;2;2;1;A01
200900004763;0;30;0;12;0;0;1;A01
200900004764;0;7;0;0;2;7;13;A01
200900004764;0;7;0;0;2;1;1;B02
200900004765;0;14;0;13;0;7;1;A01
200900004766;0;10;0;0;2;1;1;B02
200900004766;0;7;0;0;2;1;1;C03
200900004766;0;7;0;0;2;5;1;A01
200900004767;0;7;0;0;2;1;1;A01
200900004767;0;7;0;0;2;1;13;B02
200900004768;0;10;0;0;2;1;1;B02
200900004768;0;7;0;0;2;1;13;A01
200900004769;0;7;0;8;0;1;1;A01
200900004770;0;30;0;0;1;3;1;A01
200900004771;0;10;0;0;1;4;20;A01
200900004772;0;31;0;0;2;1;1;A01
200900004772;0;7;0;0;2;3;15;B02
200900004773;0;7;0;0;2;4;23;B01
200900004773;0;7;0;0;2;1;1;A01
200900004774;0;7;0;0;1;1;1;A01
200900004775;0;7;0;0;2;8;15;B01
200900004775;0;2;0;0;2;1;17;A01
200900004776;0;10;0;0;1;1;1;A01
200900004777;0;7;0;0;1;1;15;A01
200900004778;0;7;0;0;1;4;4;A01
200900004779;0;17;0;0;0;0;2;B02
200900004779;0;33;0;0;2;1;2;A01
200900004780;0;7;0;0;2;1;2;A01
200900004780;0;7;0;0;2;4;0;B01
200900004781;0;3;0;12;0;1;14;A01
200900004782;0;10;0;8;0;1;1;A01
200900004783;0;7;0;0;2;3;1;B02
200900004783;0;7;0;0;2;3;1;A01
200900004784;0;33;0;0;2;1;1;A01
200900004784;0;7;0;0;2;7;15;B02
200900004785;0;7;0;0;2;5;15;A01
200900004785;0;33;0;0;2;8;1;B02
200900004786;0;33;0;0;2;1;2;A01
200900004786;0;7;0;0;0;5;2;B02
200900004786;0;7;0;0;0;3;23;C03
200900004787;0;7;0;0;2;3;13;A01
200900004787;0;7;0;0;2;8;1;B02
200900004788;0;7;0;0;0;1;1;A01
200900004789;0;7;0;0;9;3;9;A01
200900004789;0;2;0;0;2;1;0;B02
200900004790;0;14;0;0;1;5;4;A01
200900004791;0;7;0;0;0;1;1;B02
200900004791;0;7;0;0;0;3;1;A01
200900004792;0;7;0;0;2;3;1;B02
200900004792;0;7;0;0;2;3;13;A01
200900004793;0;2;0;0;0;0;16;A01
200900004794;0;7;0;0;2;3;9;A01
200900004794;0;30;0;0;2;5;16;B02
200900004795;0;33;0;13;0;9;1;A01
200900004796;0;31;0;0;2;1;1;B02
200900004796;0;7;0;0;2;3;17;A01
200900004797;0;1;0;0;2;0;1;B01
200900004797;0;10;0;0;2;3;1;A01
200900004798;0;30;0;0;6;1;1;A01
200900004799;0;7;0;0;0;3;19;A01
200900004799;0;7;0;0;2;2;1;B02
200900004800;0;33;0;13;0;1;1;A01
200900004801;0;10;0;0;2;3;13;A01
200900004801;0;30;0;0;2;1;1;B02
200900004802;0;7;0;0;2;1;1;B02
200900004802;0;7;0;0;2;8;19;A01
200900004803;0;14;0;0;0;4;4;A01
200900004803;0;30;0;0;0;1;1;B02
200900004804;0;7;0;0;2;1;13;A01
200900004804;0;7;0;0;2;1;1;B02
200900004805;0;7;0;0;2;2;15;A01
200900004805;0;30;0;0;2;5;15;B01
200900004806;0;10;0;13;2;3;13;B02
200900004806;0;3;0;13;2;3;1;A01
200900004807;0;13;0;0;2;6;15;B02
200900004807;0;10;0;0;2;2;17;A01
200900004808;0;21;0;0;2;2;15;A01
200900004808;0;33;0;0;2;1;1;B02
200900004809;0;32;0;0;0;8;6;A01
200900004809;0;37;0;0;2;1;1;B02
200900004810;0;1;0;0;2;9;9;B01
200900004810;0;7;0;0;9;0;9;A01
200900004811;0;7;0;0;9;8;1;A01
200900004811;0;1;0;0;2;1;1;B01
200900004812;0;7;0;0;1;1;1;A01
200900004813;0;30;0;0;2;8;1;A01
200900004813;0;7;0;0;2;2;1;B01
200900004814;0;2;0;0;1;1;17;A01
200900004815;0;33;0;0;2;1;17;A01
200900004815;0;7;0;0;2;4;1;B01
200900004816;0;1;0;0;2;0;2;B01
200900004816;1;7;0;0;2;0;2;A01
200900004817;0;7;0;0;9;8;9;A01
200900004817;0;2;0;0;2;1;1;B01
200900004818;0;10;0;0;2;3;1;A01
200900004818;0;30;0;0;2;7;1;B01
200900004819;0;2;0;0;2;7;1;B01
200900004819;0;7;0;0;2;3;9;A01
200900004820;0;7;0;0;1;1;1;A01
200900004821;0;7;0;0;2;1;1;A01
200900004821;0;7;0;0;2;3;0;B01
200900004822;0;7;0;0;2;3;1;B01
200900004822;0;30;0;0;2;1;6;A01
200900004823;1;7;0;0;0;0;1;A01
200900004823;0;2;0;0;0;0;1;B01
200900004824;0;7;0;0;2;4;23;B01
200900004824;0;7;0;0;0;4;23;C01
200900004824;0;7;0;0;2;1;1;A01
200900004825;0;33;0;0;2;3;1;B01
200900004825;0;7;0;0;2;3;20;A01
200900004826;0;31;0;0;2;8;1;B01
200900004826;0;7;0;0;2;2;18;A01
200900004827;0;7;0;1;0;0;0;B01
200900004828;0;2;0;8;0;1;13;A01
200900004829;0;7;0;0;2;8;15;B01
200900004829;0;7;0;0;2;8;1;A01
200900004830;0;10;0;2;0;1;16;A01
200900004831;0;7;0;0;2;4;2;C01
200900004831;0;30;0;0;2;4;1;B01
200900004831;0;7;0;0;2;1;1;A01
200900004832;0;7;0;0;2;3;1;A01
200900004832;0;1;0;0;2;2;1;B01
200900004833;0;33;0;0;1;1;1;A01
200900004834;0;7;0;0;2;4;1;A01
200900004835;0;7;0;0;2;1;1;D01
200900004835;0;7;0;0;2;5;1;B01
200900004835;0;7;0;0;2;6;1;C01
200900004835;0;33;0;0;2;1;3;A01
200900004836;1;7;0;0;1;0;0;A01
200900004837;0;7;0;0;2;8;15;A01
200900004837;0;7;0;0;2;8;1;B01
200900004838;0;40;0;0;1;0;1;A01
200900004839;0;30;0;1;0;1;14;A01
200900004840;0;7;0;0;2;4;24;A01
200900004840;0;13;0;1;0;1;1;B01
200900004841;0;7;0;0;2;1;15;A01
200900004841;0;33;0;0;2;1;1;B01
200900004842;0;32;0;0;1;1;1;A01
200900004843;0;7;0;0;1;3;1;A01
200900004844;0;7;0;0;2;2;1;A01
200900004844;0;7;0;0;2;1;1;B01
200900004845;0;7;0;0;2;4;1;B01
200900004845;0;30;0;0;2;1;2;A01
200900004846;0;7;0;0;1;7;1;A01
200900004847;0;33;0;0;2;2;1;B01
200900004847;0;7;0;0;2;3;23;A01
200900004848;0;7;0;0;1;1;1;A01
200900004849;0;7;0;0;2;2;15;A01
200900004849;0;2;0;0;2;1;1;B01
200900004850;0;7;0;0;1;1;0;A01
200900004851;0;10;0;0;2;2;15;A01
200900004851;0;33;0;0;2;1;0;B01
200900004852;0;7;0;0;2;2;20;A01
200900004852;0;33;0;0;2;1;1;B01
200900004853;0;7;0;16;0;1;16;A01
200900004854;0;7;0;0;1;1;1;A01
200900004855;0;15;0;0;2;1;1;A01
200900004855;0;7;0;0;2;7;19;B02
200900004856;0;37;58;0;1;5;16;A01
200900004857;0;2;0;0;2;1;1;A01
200900004857;0;7;0;0;2;2;1;B01
200900004858;0;2;0;15;0;1;1;A01
200900004859;0;10;0;0;2;1;1;B02
200900004859;0;7;0;0;2;8;19;A01
200900004860;0;7;0;0;2;1;1;B02
200900004860;0;7;0;0;2;1;13;A01
200900004861;0;7;0;0;2;1;1;A01
200900004861;0;7;0;0;2;3;1;B02
200900004862;0;2;0;6;;1;19;A01
200900004863;0;7;0;0;1;1;1;A01
200900004864;0;7;0;0;2;3;13;A01
200900004864;0;7;0;0;2;3;1;B02
200900004865;0;7;0;0;1;1;1;A01
200900004866;0;30;0;16;0;0;14;A01
200900004867;0;33;0;0;0;1;14;A01
200900004868;0;1;0;0;2;4;23;B02
200900004868;0;7;0;0;1;2;14;A01
200900004869;0;7;0;0;0;9;0;A01
200900004870;0;7;0;0;2;7;1;A01
200900004870;0;7;0;0;2;1;1;B02
200900004871;0;7;0;0;2;2;1;A01
200900004871;0;1;0;0;2;1;15;B02
200900004872;0;10;0;8;0;2;1;A01
200900004873;0;7;0;13;0;1;1;A01
200900004874;0;7;0;0;2;2;17;A01
200900004874;0;21;0;0;2;8;15;B02
200900004875;0;3;0;0;2;3;13;A01
200900004875;0;17;0;0;2;3;1;B02
200900004876;0;7;0;15;0;2;1;A01
200900004877;0;2;0;0;2;2;1;B01
200900004877;0;7;0;0;2;3;1;A01
200900004878;0;7;0;0;2;1;1;B01
200900004878;0;7;0;0;2;1;15;A01
200900004879;0;7;0;2;0;1;1;A01
200900004880;0;1;0;0;2;8;1;B01
200900004880;0;7;0;0;2;2;1;A01
200900004881;0;7;0;0;2;4;4;A01
200900004881;0;30;0;0;2;1;1;B01
200900004882;0;30;0;12;0;7;1;A01
200900004883;0;1;0;0;2;4;0;B01
200900004883;0;7;0;0;2;3;1;A01
200900004884;0;33;0;0;2;2;1;B01
200900004884;0;7;0;0;2;3;15;A01
200900004885;0;30;0;0;1;1;1;A01
200900004886;0;7;0;0;2;8;15;A01
200900004886;0;31;0;0;2;1;1;B01
200900004887;0;30;0;0;1;1;1;A01
200900004888;0;2;0;0;2;7;1;B01
200900004888;0;7;0;0;2;3;15;A01
200900004889;0;2;0;0;2;8;1;A01
200900004889;0;7;0;0;2;8;1;B01
200900004890;0;7;0;8;0;1;1;A01
200900004891;0;7;0;0;2;1;1;A01
200900004891;0;7;0;0;2;2;15;B01
200900004892;0;7;0;0;2;8;1;B01
200900004892;0;7;0;0;2;8;15;A01
200900004893;0;7;0;14;0;1;1;A01
200900004893;0;32;0;0;2;4;23;B01
200900004894;0;7;0;0;1;1;1;A01
200900004895;0;33;0;0;2;1;1;A01
200900004895;0;7;0;0;2;3;1;B01
200900004896;0;7;0;0;2;5;23;B01
200900004896;0;7;0;0;2;1;2;A01
200900004897;0;7;0;0;2;4;23;B01
200900004897;0;30;0;14;2;1;1;A01
200900004898;0;30;0;0;1;1;17;A01
200900004899;0;7;0;3;0;1;1;A01
200900004900;0;7;0;0;2;1;1;A01
200900004900;0;1;0;0;2;2;1;B01
200900004901;0;33;0;0;2;1;17;A01
200900004901;0;7;0;0;2;8;15;B01
200900004902;0;30;0;0;1;1;1;A01
200900004903;0;30;0;0;2;1;13;A01
200900004903;0;7;0;0;2;3;1;B02
200900004904;0;33;0;3;0;1;1;A01
200900004905;0;7;0;0;1;1;1;A01
200900004906;0;7;0;0;2;1;2;A01
200900004906;0;7;0;0;2;4;1;B01
200900004907;0;7;0;0;1;1;9;A01
200900004908;0;7;0;0;2;8;11;A01
200900004908;0;2;0;0;2;1;1;B01
200900004909;0;10;0;0;1;1;0;A01
200900004910;0;7;0;13;0;2;1;A01
200900004911;0;7;0;0;1;1;9;A01
200900004912;0;2;0;0;2;1;1;B01
200900004912;0;7;0;0;2;3;15;A01
200900004913;0;7;0;0;2;1;1;B01
200900004913;0;30;0;0;5;1;1;A01
200900004914;0;7;0;3;2;8;1;C01
200900004914;0;7;0;3;2;1;1;D01
200900004914;0;7;0;3;0;9;1;A01
200900004914;0;7;0;3;0;9;1;B01
200900004915;0;7;0;0;2;1;9;A01
200900004915;0;7;0;9;2;1;1;B01
200900004916;0;7;0;0;1;1;1;A01
200900004917;0;7;0;0;1;1;1;A01
200900004918;0;7;0;0;2;5;15;A01
200900004918;0;2;0;0;2;1;1;B01
200900004919;0;7;0;0;2;1;1;A01
200900004919;0;7;0;0;2;4;2;B01
200900004920;0;1;0;0;2;4;1;B01
200900004920;1;7;0;0;2;0;0;Z01
200900004921;0;7;0;0;2;2;11;A01
200900004921;0;2;0;0;2;8;1;B01
200900004922;0;7;0;12;2;2;13;A01
200900004922;0;7;0;0;2;3;1;B01
200900004923;0;7;0;0;2;3;19;A01
200900004923;0;31;0;0;2;1;1;B01
200900004924;0;7;0;16;0;9;14;A01
200900004925;0;7;0;1;0;1;1;A01
200900004926;0;7;0;0;2;6;1;E05
200900004926;0;7;0;0;2;2;1;G07
200900004926;0;7;0;0;2;4;1;C03
200900004926;0;7;0;0;2;8;1;J10
200900004926;0;10;0;0;2;4;1;N14
200900004926;0;7;0;0;2;1;1;A01
200900004926;0;7;0;0;2;3;1;O15
200900004926;0;7;0;0;2;4;1;B02
200900004926;0;7;0;0;2;8;1;P16
200900004926;0;7;0;0;2;1;1;H08
200900004926;0;7;0;0;2;1;1;M13
200900004926;0;7;0;0;2;1;1;F06
200900004926;0;7;0;0;2;2;1;K11
200900004926;0;10;0;0;2;1;1;D04
200900004926;0;7;0;0;2;1;1;L12
200900004926;0;7;0;0;2;4;1;I09
200900004927;0;7;0;0;2;7;10;A01
200900004927;0;7;0;0;2;1;1;B02
200900004928;0;7;0;0;2;4;17;A01
200900004928;0;7;0;0;2;1;1;B02
200900004929;0;10;0;2;0;1;19;A01
200900004930;0;7;0;2;0;3;13;A01
200900004931;0;7;0;0;2;3;1;A01
200900004931;0;7;0;0;2;3;1;B02
200900004932;0;7;0;0;2;3;1;C03
200900004932;0;14;0;0;2;3;1;B02
200900004932;0;7;0;0;2;3;1;A01
200900004933;0;7;0;16;0;9;1;A01
200900004934;0;7;0;8;0;3;14;A01
200900004935;0;1;0;0;0;4;13;B02
200900004935;0;7;0;0;2;2;17;A01
200900004936;0;10;0;13;2;0;13;A01
200900004936;0;7;0;0;2;3;1;B02
200900004937;0;7;0;13;0;1;1;A01
200900004938;0;7;0;1;2;7;1;A01
200900004938;0;7;0;0;2;1;1;B01
200900004939;0;7;0;0;2;3;9;A01
200900004939;0;2;0;0;2;1;1;B01
200900004940;0;7;0;13;0;3;13;A01
200900004941;0;7;0;0;2;2;15;A01
200900004941;0;7;0;0;2;1;1;B01
200900004942;0;7;0;0;0;4;23;B01
200900004942;0;7;0;14;0;1;2;A01
200900004943;0;33;0;1;1;1;1;A01
200900004944;0;7;0;0;2;2;1;A01
200900004944;0;3;0;0;2;3;1;B01
200900004945;0;7;0;2;0;2;14;A01
200900004946;0;7;0;0;1;3;1;A01
200900004947;0;7;0;0;0;4;1;C01
200900004947;0;7;0;0;2;1;1;A01
200900004947;0;7;0;0;2;1;1;B01
200900004948;0;30;0;0;2;1;2;A01
200900004948;0;7;0;0;0;5;15;B01
200900004949;0;1;0;0;0;1;1;B01
200900004949;0;7;0;0;2;3;9;A01
200900004950;0;7;0;0;1;1;15;A01
200900004951;0;7;0;0;2;7;19;A01
200900004951;0;7;0;0;2;6;1;B01
200900004952;0;10;0;13;0;3;13;A01
200900004953;0;7;0;0;9;2;1;B01
200900004953;0;1;0;0;2;8;15;A01
200900004954;0;7;0;2;0;5;1;A01
200900004955;0;7;0;0;1;1;0;A01
200900004956;0;7;0;13;0;9;1;A01
200900004957;0;30;0;0;2;1;2;A01
200900004957;0;7;0;0;0;6;2;B01
200900004958;0;10;0;13;0;1;11;A01
200900004959;0;7;0;13;2;6;21;A01
200900004959;0;17;0;0;2;7;21;B01
200900004960;0;14;0;0;2;1;1;B01
200900004960;0;7;0;0;2;7;13;A01
200900004961;0;7;0;13;0;1;1;A01
200900004962;0;10;0;10;0;2;1;A01
200900004963;0;7;0;0;2;2;15;A01
200900004963;0;7;0;0;2;3;1;B01
200900004964;0;7;0;2;0;5;0;A01
200900004965;0;33;0;0;2;1;17;B01
200900004965;0;7;0;0;0;8;15;A01
200900004966;0;7;0;0;2;3;1;A01
200900004966;0;10;0;0;2;1;1;B01
200900004967;0;33;0;0;2;1;2;A01
200900004967;0;7;0;0;2;4;2;B01
200900004968;0;1;0;0;9;4;1;B01
200900004968;0;7;0;0;2;0;1;A01
200900004969;0;30;0;0;2;1;2;A01
200900004969;0;7;0;0;0;4;2;B01
200900004970;0;7;0;0;2;3;15;A01
200900004970;0;30;0;0;2;1;2;B01
200900004971;1;1;0;0;2;1;1;B01
200900004971;0;7;0;0;2;3;19;A01
200900004972;0;7;0;0;2;1;0;A01
200900004972;0;7;0;0;2;2;0;B01
200900004973;0;31;0;0;0;0;21;B01
200900004973;0;7;0;0;9;0;0;A01
200900004974;0;7;0;0;0;4;2;C01
200900004974;0;7;0;0;2;1;2;A01
200900004974;0;7;0;0;2;4;2;B01
200900004975;1;31;0;0;2;0;0;B01
200900004975;1;7;0;0;0;0;0;Z01
200900004976;0;7;0;0;2;8;10;A01
200900004976;0;7;0;0;2;1;2;B01
200900004977;0;7;0;0;2;4;2;C01
200900004977;0;7;0;0;2;4;2;B01
200900004977;0;7;0;0;2;1;2;A01
200900004978;0;10;0;0;1;1;2;A01
200900004979;0;7;0;0;2;3;3;A01
200900004979;0;7;0;0;2;3;1;B01
200900004980;0;7;0;0;1;4;4;A01
200900004981;0;33;0;0;2;1;2;B01