num_acc;senc;catv;occutc;obs;obsm;choc;manv;num_veh
200900004981;0;7;0;0;2;3;9;A01
200900004982;0;7;0;0;2;3;1;B01
200900004982;0;7;0;0;2;3;13;A01
200900004983;0;7;0;0;2;7;13;A01
200900004983;0;7;0;0;2;1;1;B02
200900004984;0;10;0;0;2;1;1;B02
200900004984;0;7;0;0;2;1;13;A01
200900004985;0;7;0;0;2;2;1;A01
200900004985;0;2;0;0;2;1;15;B02
200900004986;0;7;0;4;0;2;1;A01
200900004987;0;7;0;0;1;1;1;A01
200900004988;0;2;0;0;2;7;15;A01
200900004988;0;10;0;0;2;3;15;B01
200900004989;0;7;0;0;2;6;1;A01
200900004989;0;7;0;0;2;1;1;B01
200900004990;0;7;0;0;2;1;13;C01
200900004990;0;7;0;0;2;1;1;B01
200900004990;0;7;0;0;2;3;13;A01
200900004991;0;2;0;0;2;1;2;A01
200900004991;0;7;0;0;2;4;1;B01
200900004992;0;7;0;0;1;1;2;A01
200900004993;0;14;0;3;0;2;1;A01
200900004994;0;36;0;8;0;2;1;A01
200900004995;0;7;0;0;2;8;15;A01
200900004995;0;33;0;0;2;1;1;B01
200900004996;0;7;0;0;2;1;16;A01
200900004996;0;7;0;1;2;0;1;B01
200900004997;0;10;0;0;2;1;5;A01
200900004997;0;7;0;0;2;3;1;B01
200900004998;0;7;0;0;1;1;1;A01
200900004999;0;7;0;0;1;6;15;B01
200900004999;0;31;0;0;2;1;2;A01
200900005000;0;7;0;0;1;1;9;A01
200900005001;0;2;0;0;2;8;19;A01
200900005001;0;7;0;0;1;7;1;B01
200900005002;0;7;0;0;2;8;9;A01
200900005002;0;7;0;0;2;1;1;B01
200900005003;0;7;0;0;2;4;2;B01
200900005003;0;2;0;0;2;1;1;A01
200900005004;0;30;0;0;2;1;2;B01
200900005004;0;10;0;0;2;4;4;A01
200900005005;0;7;0;0;0;8;1;A01
200900005006;0;2;0;0;2;1;1;B01
200900005006;0;10;0;0;2;3;17;A01
200900005007;0;7;0;0;1;3;1;B01
200900005007;0;38;12;0;1;3;1;A01
200900005008;0;1;0;0;0;0;0;A01
200900005009;0;7;0;0;2;0;0;B01
200900005009;0;7;0;0;0;0;0;A01
200900005010;0;1;0;0;0;0;0;A01
200900005011;0;33;0;0;0;7;1;A01
200900005012;0;1;0;0;2;1;1;A01
200900005012;0;7;0;0;2;2;9;B01
200900005013;0;37;3;0;1;1;16;A01
200900005013;0;7;0;0;2;4;16;B01
200900005014;0;2;0;0;1;0;0;A01
200900005015;0;13;0;0;2;1;1;A01
200900005015;0;7;0;0;2;4;1;B01
200900005016;0;1;0;0;2;7;1;B01
200900005016;0;7;0;0;2;1;1;A01
200900005017;0;7;0;0;2;0;0;A01
200900005017;0;2;0;0;2;0;0;B01
200900005018;0;7;0;0;2;0;0;A01
200900005019;0;33;0;0;2;1;13;A01
200900005019;0;7;0;0;2;3;2;B01
200900005020;0;2;0;0;2;1;1;B01
200900005020;0;7;0;0;2;2;15;A01
200900005021;0;37;1;0;1;5;1;A01
200900005022;0;2;0;0;2;1;0;A01
200900005022;1;7;0;0;0;4;0;B01
200900005023;0;7;0;0;2;5;15;A01
200900005023;0;1;0;0;2;1;1;B01
200900005024;0;7;0;12;0;0;0;A01
200900005025;0;1;0;0;2;0;13;A01
200900005025;0;7;0;0;2;7;1;B01
200900005026;0;7;0;0;2;1;1;B01
200900005026;0;7;0;0;2;4;1;C01
200900005026;0;7;0;0;2;1;1;A01
200900005027;0;1;0;0;2;0;0;B01
200900005027;0;3;0;0;2;0;0;A01
200900005028;0;7;0;0;0;0;0;A01
200900005029;0;7;0;0;0;0;0;A01
200900005030;0;7;0;0;1;0;0;A01
200900005031;0;7;0;0;2;1;0;A01
200900005031;0;37;0;0;2;1;1;B01
200900005032;0;37;0;0;1;1;0;A01
200900005033;0;7;0;5;0;0;0;A01
200900005034;0;1;0;0;0;0;0;A01
200900005035;0;30;0;0;2;0;0;B01
200900005035;0;7;0;0;2;0;1;A01
200900005036;0;2;0;6;0;0;0;A01
200900005037;0;7;0;0;2;2;15;A01
200900005037;0;33;0;0;2;1;1;B01
200900005038;0;2;0;0;2;1;0;A01
200900005038;0;7;0;0;0;0;0;B01
200900005039;0;7;0;0;2;2;1;B01
200900005039;0;30;0;0;2;2;15;A01
200900005040;0;33;0;0;2;0;0;B01
200900005040;0;7;0;0;2;0;0;A01
200900005041;0;7;0;0;0;1;0;B01
200900005041;0;7;0;0;0;1;16;A01
200900005042;0;7;0;0;0;0;0;A01
200900005042;0;30;0;0;0;0;0;B01
200900005043;0;7;0;0;0;0;0;A01
200900005043;0;33;0;0;0;0;0;B01
200900005044;0;7;0;12;0;9;1;A01
200900005045;0;7;0;0;2;4;0;B01
200900005045;0;7;0;0;2;1;0;A01
200900005046;0;7;0;0;2;1;0;A01
200900005046;0;7;0;0;2;4;0;B01
200900005047;0;7;0;0;2;1;2;A01
200900005047;0;7;0;1;2;4;23;C01
200900005047;0;2;0;0;2;4;23;B01
200900005048;0;7;0;1;0;0;0;A01
200900005049;0;7;0;8;2;1;1;B01
200900005049;0;7;0;0;2;1;15;A01
200900005050;0;7;0;0;0;0;0;B01
200900005050;0;7;0;0;0;0;0;A01
200900005051;0;33;0;8;0;0;1;A01
200900005052;0;7;0;13;0;2;1;A01
200900005053;0;33;0;13;2;8;1;B02
200900005053;0;7;0;0;2;7;9;A01
200900005054;0;7;0;8;0;1;1;A01
200900005055;0;7;0;0;0;8;15;B02
200900005055;0;33;0;0;2;1;17;A01
200900005056;0;31;0;0;2;1;0;A01
200900005057;0;7;0;0;2;3;13;A01
200900005057;0;10;0;0;2;3;1;B02
200900005058;0;7;0;2;0;1;14;A01
200900005059;0;7;0;0;2;1;1;A01
200900005059;0;1;0;0;2;7;1;B02
200900005060;0;7;0;0;0;0;0;A01
200900005061;0;1;0;0;9;1;1;A01
200900005061;0;1;0;0;9;1;1;B02
200900005062;0;33;0;0;0;3;1;A01
200900005063;0;10;0;0;2;1;1;B02
200900005063;0;1;0;0;2;7;19;A01
200900005064;0;2;0;0;2;1;1;B02
200900005064;0;7;0;0;2;8;15;A01
200900005065;0;33;0;16;0;1;1;A01
200900005066;0;7;0;0;2;6;15;B02
200900005066;0;33;0;0;2;1;1;A01
200900005067;0;7;0;13;0;0;1;A01
200900005068;0;7;0;13;0;2;1;A01
200900005069;0;7;0;0;1;3;1;A01
200900005070;0;7;0;0;9;2;17;B02
200900005070;0;1;0;0;2;8;15;A01
200900005071;0;31;0;12;0;1;2;A01
200900005072;0;7;0;8;0;8;19;A01
200900005073;0;7;0;6;0;3;1;A01
200900005074;0;7;0;0;2;5;23;C03
200900005074;0;14;0;0;2;6;23;B02
200900005074;0;14;0;0;2;2;21;A01
200900005075;0;33;0;0;2;7;2;B02
200900005076;0;7;0;13;2;8;19;A01
200900005076;0;7;0;16;2;1;1;B02
200900005077;0;7;0;0;2;7;15;B02
200900005077;0;33;0;0;2;1;17;A01
200900005078;0;33;0;0;2;1;17;A01
200900005078;0;7;0;0;2;3;15;B02
200900005079;0;7;0;0;2;1;19;A01
200900005079;0;33;0;0;2;8;1;B02
200900005080;0;7;0;0;1;1;1;A01
200900005081;1;7;0;0;1;7;1;A01
200900005082;0;7;0;0;2;6;1;C03
200900005082;0;7;0;0;2;7;17;B02
200900005082;0;7;0;0;2;8;17;A01
200900005083;0;10;0;0;2;2;15;A01
200900005083;0;33;0;0;2;1;1;B02
200900005084;0;31;0;0;2;7;0;B02
200900005084;0;7;0;0;2;2;19;A01
200900005085;0;7;0;8;0;2;14;A01
200900005086;0;7;0;0;2;1;19;B02
200900005086;0;7;0;0;2;8;13;A01
200900005087;0;10;0;0;0;8;1;B02
200900005087;0;33;0;0;0;8;1;A01
200900005088;0;7;0;0;2;4;2;B01
200900005088;0;7;0;0;2;1;2;A01
200900005089;0;31;0;16;0;1;1;A01
200900005090;0;7;0;0;2;1;1;B02
200900005090;0;30;0;0;2;1;13;A01
200900005091;0;7;0;1;2;0;0;A01
200900005091;0;10;0;0;0;6;2;B01
200900005091;0;7;0;0;0;4;2;C01
200900005092;0;7;0;0;2;4;2;B01
200900005092;0;7;0;0;2;4;2;A01
200900005092;0;10;0;0;2;1;2;C01
200900005093;0;7;0;0;2;3;1;B01
200900005093;0;7;0;0;2;3;13;A01
200900005094;0;2;0;0;2;1;9;A01
200900005094;0;7;0;0;2;3;1;B01
200900005095;0;7;0;0;2;1;15;B01
200900005095;2;7;0;0;2;9;1;A01
200900005096;0;31;0;0;2;1;7;A01
200900005096;0;7;0;0;2;5;16;B01
200900005097;0;7;0;1;2;1;9;A01
200900005097;0;7;0;0;2;1;1;B01
200900005098;0;34;0;0;2;4;2;B01
200900005098;0;14;0;0;2;1;2;A01
200900005099;0;30;0;0;2;1;2;A01
200900005099;0;7;0;0;2;7;2;B01
200900005100;0;2;0;0;0;1;0;A01
200900005101;0;7;0;0;2;2;0;A01
200900005101;0;7;0;0;2;2;1;B01
200900005102;0;7;0;0;2;4;2;B01
200900005102;0;7;0;0;2;1;2;A01
200900005103;0;7;0;0;2;3;15;B01
200900005103;0;30;0;0;2;7;7;A01
200900005104;0;7;0;8;0;1;0;A01
200900005105;0;7;0;0;2;3;9;A01
200900005105;0;7;0;0;2;1;1;B01
200900005106;0;7;0;0;2;4;15;B01
200900005106;0;7;0;0;2;1;1;A01
200900005107;0;7;0;6;0;1;13;A01
200900005108;0;7;0;0;2;1;1;B01
200900005108;0;7;0;0;2;3;6;A01
200900005109;0;7;0;0;1;1;2;A01
200900005110;0;7;0;0;2;2;1;A01
200900005110;0;1;0;0;2;8;1;B01
200900005111;0;7;0;0;2;8;0;B01
200900005111;0;7;0;0;2;1;0;A01
200900005112;0;7;0;0;1;2;1;A01
200900005113;0;2;0;0;0;0;0;B01
200900005113;1;7;0;0;2;0;0;A01
200900005114;0;7;0;0;2;1;0;A01
200900005114;0;7;0;0;0;1;0;B01
200900005115;0;7;0;0;9;1;0;A01
200900005116;0;31;0;0;2;7;1;B01
200900005116;0;7;0;0;2;1;15;A01
200900005117;0;2;0;14;0;0;1;A01
200900005118;0;34;0;0;2;1;0;A01
200900005118;0;7;0;0;2;1;0;B01
200900005119;0;10;0;0;0;4;0;B01
200900005119;0;2;0;0;0;1;0;A01
200900005120;0;7;0;0;2;1;0;A01
200900005121;0;2;0;0;2;1;1;B01
200900005121;0;10;0;0;2;3;19;A01
200900005122;0;7;0;0;1;0;0;A01
200900005123;0;7;0;0;2;1;15;B01
200900005123;0;31;0;0;2;1;1;A01
200900005124;1;7;0;0;2;0;17;A01
200900005124;0;99;0;0;2;8;1;B01
200900005124;0;7;0;0;2;3;1;C01
200900005125;0;7;0;0;2;8;9;A01
200900005125;0;31;0;0;2;1;1;B01
200900005126;0;7;0;0;2;1;1;A01
200900005126;0;7;0;6;2;1;1;B01
200900005127;0;7;0;0;2;1;1;A01
200900005127;0;7;0;0;2;8;2;B01
200900005128;0;7;0;0;1;1;1;A01
200900005129;0;7;0;0;1;1;1;A01
200900005130;0;7;0;0;2;4;0;B01
200900005130;0;7;0;0;2;1;2;A01
200900005131;0;7;0;0;2;3;1;A01
200900005131;0;7;0;0;2;8;1;B01
200900005132;0;33;0;0;2;4;1;B01
200900005132;0;7;0;0;2;1;1;A01
200900005133;0;32;0;0;2;1;1;B01
200900005133;0;99;0;0;2;3;0;A01
200900005134;0;7;0;0;2;2;20;A01
200900005134;0;33;0;0;2;8;1;B01
200900005135;0;31;0;0;2;1;17;B02
200900005135;0;7;0;0;2;8;13;A01
200900005136;0;7;0;14;0;1;1;A01
200900005137;0;7;0;0;2;1;1;B02
200900005137;0;30;0;0;2;1;13;A01
200900005138;0;30;0;15;0;1;0;A01
200900005139;0;7;0;0;0;1;13;A01
200900005139;0;7;0;0;0;1;1;B02
200900005140;0;7;0;8;0;5;1;A01
200900005141;0;7;0;0;2;4;2;B02
200900005141;0;7;0;0;2;1;2;A01
200900005142;0;7;0;0;2;1;1;B02
200900005142;0;7;0;0;2;1;13;A01
200900005143;0;1;0;0;0;8;2;B02
200900005143;0;7;0;0;0;2;1;A01
200900005144;0;2;0;9;0;1;1;A01
200900005145;0;7;0;0;0;1;15;A01
200900005145;0;32;0;0;0;1;0;B02
200900005146;0;2;0;0;2;1;17;B02
200900005146;0;7;0;0;2;8;15;A01
200900005147;0;7;0;13;0;1;14;A01
200900005148;0;33;0;3;0;7;1;A01
200900005149;0;7;0;0;2;3;1;B02
200900005149;0;7;0;0;2;3;1;C03
200900005149;0;7;0;0;2;3;13;A01
200900005150;0;7;0;13;0;1;1;A01
200900005151;0;7;0;13;0;2;1;A01
200900005152;0;7;0;0;2;7;13;A01
200900005152;0;7;0;0;2;1;1;B02
200900005153;0;33;0;0;0;0;1;A01
200900005154;0;31;0;0;2;1;1;B02
200900005154;0;10;0;0;2;4;4;A01
200900005155;0;7;0;2;0;3;1;A01
200900005156;0;7;0;4;0;3;13;A01
200900005157;0;7;0;0;1;2;1;A01
200900005158;0;31;0;0;2;1;1;A01
200900005158;0;7;0;0;2;2;19;B02
200900005159;0;7;0;6;1;2;14;A01
200900005160;0;10;0;2;0;1;13;A01
200900005161;0;7;0;4;0;1;1;A01
200900005161;0;7;0;4;0;1;21;B02
200900005162;0;7;0;0;0;4;15;B02
200900005162;0;7;0;0;2;1;2;A01
200900005163;0;7;0;0;2;2;2;A01
200900005163;0;1;0;0;0;4;15;B02
200900005164;0;7;0;6;0;1;14;A01
200900005165;0;7;0;3;0;1;14;A01
200900005165;0;7;0;3;2;8;21;D03
200900005165;0;7;0;3;0;3;21;B02
200900005165;0;15;0;3;0;1;21;C03
200900005166;0;2;0;0;2;1;1;A01
200900005166;0;7;0;0;0;4;1;B02
200900005167;0;7;0;0;2;3;15;A01
200900005167;0;2;0;0;2;1;1;B01
200900005168;0;1;0;0;2;3;1;B01
200900005168;0;7;0;0;2;1;15;A01
200900005169;0;1;0;0;2;1;1;B01
200900005169;0;7;0;0;2;3;15;A01
200900005170;0;7;0;0;2;1;1;B02
200900005170;0;7;0;0;2;7;1;D04
200900005170;0;7;0;3;0;1;1;C03
200900005170;0;15;0;3;0;1;21;A01
200900005171;0;3;0;0;1;3;1;A01
200900005172;0;7;0;15;0;1;13;A01
200900005173;0;7;0;0;2;2;15;A01
200900005173;0;7;0;0;2;1;1;B01
200900005174;0;30;0;0;0;7;1;B01
200900005174;0;7;0;0;0;0;16;A01
200900005175;0;7;0;0;2;1;1;B02
200900005175;0;7;0;0;2;2;13;A01
200900005176;0;7;0;0;2;8;9;A01
200900005176;0;7;0;0;2;1;1;B01
200900005177;0;7;0;0;1;3;1;A01
200900005178;0;2;0;0;2;1;2;A01
200900005178;0;7;0;0;0;5;15;B02
200900005179;0;7;0;0;2;1;15;A01
200900005179;0;2;0;0;2;1;18;B02
200900005180;0;7;0;1;0;3;13;A01
200900005181;0;10;0;0;1;2;1;A01
200900005182;0;7;0;0;2;1;9;A01
200900005182;0;7;0;0;2;6;1;B02
200900005183;0;7;0;13;0;9;13;A01
200900005184;0;7;0;15;0;1;13;A01
200900005185;0;7;0;0;2;8;15;A01
200900005185;0;10;0;0;2;1;1;B02
200900005186;0;7;0;0;2;3;15;A01
200900005186;0;7;0;0;2;3;1;B02
200900005187;0;7;0;0;1;1;15;A01
200900005188;0;7;0;0;1;3;1;A01
200900005189;0;7;0;0;2;3;13;A01
200900005189;0;15;0;0;0;3;1;B02
200900005190;0;7;0;0;1;1;1;A01
200900005191;0;15;0;0;2;2;1;B02
200900005191;0;7;0;0;2;8;19;A01
200900005192;0;1;0;0;2;1;1;B02
200900005192;0;10;0;0;2;2;19;A01
200900005193;0;7;0;14;0;1;17;A01
200900005193;0;7;0;0;2;1;1;B02
200900005194;0;1;0;0;0;4;1;B02
200900005194;0;7;0;0;2;2;2;A01
200900005195;0;7;0;0;2;7;13;A01
200900005195;0;15;0;0;2;6;1;B02
200900005195;0;10;0;0;2;1;2;C03
200900005196;0;7;0;13;0;9;13;A01
200900005197;0;7;0;0;2;2;19;A01
200900005197;0;7;0;0;2;3;1;B02
200900005198;0;37;10;0;1;5;1;A01
200900005199;0;7;0;0;2;3;1;A01
200900005199;0;10;0;0;2;2;19;B02
200900005200;0;7;0;0;0;4;10;A01
200900005200;0;7;0;0;0;1;1;B02
200900005201;0;14;0;0;2;1;1;B02
200900005201;0;7;0;0;2;2;15;A01
200900005202;0;7;0;0;2;3;13;A01
200900005202;0;7;0;0;2;3;1;B02
200900005202;0;15;0;0;2;1;1;C03
200900005203;0;7;0;0;2;2;13;A01
200900005203;0;7;0;0;2;2;1;B02
200900005204;0;7;0;0;2;2;15;A01
200900005204;0;30;0;0;2;1;1;B02
200900005205;0;7;0;0;2;1;2;B02
200900005205;0;30;0;0;2;4;1;A01
200900005206;0;2;0;12;0;1;9;A01
200900005207;0;7;0;2;0;1;13;A01
200900005208;0;7;0;0;2;6;11;A01
200900005208;0;33;0;0;2;1;17;B02
200900005209;0;7;0;0;2;1;1;B02
200900005209;0;7;0;0;2;3;19;A01
200900005210;0;2;0;0;2;3;13;A01
200900005210;0;7;0;0;2;3;1;B02
200900005211;0;7;0;0;2;1;13;A01
200900005211;0;13;0;0;2;1;1;B02
200900005212;0;7;0;13;2;9;1;A01
200900005212;0;7;0;13;2;1;17;B02
200900005213;0;7;0;0;1;6;4;A01
200900005214;0;7;0;0;2;8;19;B01
200900005214;0;7;0;0;2;1;1;A01
200900005215;0;7;0;0;2;8;1;B01
200900005215;0;7;0;0;2;1;19;A01
200900005216;0;7;0;12;0;9;14;A01
200900005217;0;7;0;0;2;8;11;A01
200900005217;0;2;0;0;2;7;17;B01
200900005218;0;33;0;6;0;1;1;A01
200900005219;0;7;0;15;2;2;14;A01
200900005219;0;7;0;0;2;3;1;B01
200900005220;0;33;0;0;2;1;1;B01
200900005220;0;7;0;0;2;1;23;C01
200900005220;0;7;0;0;2;2;15;A01
200900005221;0;7;0;0;2;1;2;A01
200900005221;0;1;0;0;0;4;1;B02
200900005222;0;38;1;0;2;5;12;A01
200900005222;0;3;0;0;2;3;1;B01
200900005223;0;7;0;0;1;2;1;A01
200900005224;0;7;0;0;2;1;1;C01
200900005224;0;7;0;0;2;3;1;B01
200900005224;0;7;0;0;2;3;13;A01
200900005225;0;7;0;0;2;1;2;A01
200900005225;0;7;0;0;0;4;2;B01
200900005226;0;7;0;0;2;5;17;A01
200900005226;0;7;0;0;2;3;23;C01
200900005226;0;7;0;0;2;1;1;B01
200900005227;0;7;0;0;1;2;1;A01
200900005228;0;7;0;0;2;6;1;C03
200900005228;0;7;0;0;2;1;1;B02
200900005228;0;7;0;0;2;7;17;A01
200900005229;0;7;0;0;2;3;19;A01
200900005229;0;7;0;0;2;1;1;B02
200900005230;0;2;0;0;2;3;2;A01
200900005230;0;7;0;0;2;5;23;B02
200900005231;0;7;0;3;2;3;13;A01
200900005231;0;10;0;0;2;3;1;B02
200900005232;0;30;0;0;2;1;1;B02
200900005232;0;7;0;0;2;3;15;A01
200900005233;0;7;0;0;2;8;13;A01
200900005233;0;7;0;0;2;1;1;B02
200900005234;0;7;0;2;0;1;2;A01
200900005235;0;7;0;13;0;2;14;A01
200900005236;0;31;0;0;2;1;13;A01
200900005236;0;7;0;0;2;2;1;B02
200900005237;0;10;0;0;2;8;13;A01
200900005237;0;7;0;0;2;7;17;B02
200900005238;0;30;0;0;2;2;17;A01
200900005238;0;7;0;0;2;8;15;B02
200900005239;0;7;0;0;2;3;13;A01
200900005239;0;7;0;0;2;3;1;B02
200900005240;0;7;0;2;0;1;13;A01
200900005240;0;7;0;1;1;2;1;B01
200900005241;0;7;0;0;2;1;1;B02
200900005241;0;7;0;0;2;1;13;A01
200900005242;0;7;0;0;2;1;1;B02
200900005242;0;7;0;0;2;1;5;A01
200900005243;0;7;0;0;2;2;15;A01
200900005243;0;33;0;0;2;1;1;B02
200900005244;0;7;0;0;2;3;9;A01
200900005244;0;33;0;0;2;1;1;B02
200900005245;0;7;0;0;2;3;19;A01
200900005245;0;7;0;0;2;2;1;B02
200900005246;0;7;0;0;2;1;11;A01
200900005246;0;7;0;0;2;1;1;B02
200900005247;0;38;1;0;1;8;20;A01
200900005248;0;7;0;3;0;4;1;A01
200900005248;0;15;0;0;2;1;2;B02
200900005249;0;7;0;0;2;3;17;A01
200900005249;0;7;0;0;2;3;1;B02
200900005250;0;7;0;13;0;0;14;A01
200900005251;1;7;0;0;0;0;13;A01
200900005251;0;7;0;0;2;1;21;B01
200900005252;0;7;0;13;2;0;13;A01
200900005252;0;7;0;0;2;2;1;B01
200900005253;0;7;0;0;2;1;1;B01
200900005253;0;7;0;0;2;7;19;A01
200900005254;0;7;0;0;1;2;1;A01
200900005255;0;30;0;15;0;1;15;A01
200900005256;0;30;0;0;2;8;17;A01
200900005257;0;14;0;0;2;6;13;A01
200900005257;0;14;0;0;2;2;2;C03
200900005257;0;14;0;0;2;3;1;B02
200900005258;0;17;0;2;0;3;14;A01
200900005259;0;10;0;0;1;2;1;A01
200900005260;0;7;0;0;2;3;23;A01
200900005260;0;7;0;1;0;3;1;B02
200900005261;0;33;0;0;2;1;1;B02
200900005261;0;7;0;0;2;5;15;A01
200900005262;0;2;0;0;2;1;1;A01
200900005262;0;7;0;0;2;3;1;B02
200900005263;0;7;0;3;0;3;13;A01
200900005264;0;7;0;2;0;2;1;A01
200900005265;0;7;0;0;2;1;15;A01
200900005265;0;33;0;0;2;8;1;B02
200900005266;0;33;0;0;2;4;1;B01
200900005266;0;33;0;0;2;1;1;A01
200900005267;0;1;0;8;2;4;1;B01
200900005267;0;3;0;15;2;1;17;A01
200900005268;0;7;0;0;2;7;1;A01
200900005268;0;1;0;0;2;8;2;B01
200900005269;0;33;0;12;0;7;1;A01
200900005270;0;30;0;0;2;1;1;A01
200900005270;0;7;0;0;2;4;1;B01
200900005271;0;2;0;0;2;7;17;A01
200900005271;0;14;0;0;2;3;15;B01
200900005272;0;7;0;0;2;1;1;B02
200900005272;0;7;0;0;0;8;23;C03
200900005272;0;7;0;0;0;7;6;A01
200900005273;0;7;0;0;2;8;19;A01
200900005273;0;7;0;0;2;1;1;B02
200900005274;0;7;0;0;2;2;1;A01
200900005274;0;33;0;0;2;6;1;B02
200900005275;0;7;0;0;2;3;1;B02
200900005275;0;7;0;0;2;3;17;A01
200900005276;0;7;0;0;9;8;15;B01
200900005276;0;35;0;0;2;3;1;A01
200900005277;0;7;0;0;2;1;2;A01
200900005277;0;7;0;0;2;4;23;B02
200900005278;0;7;0;0;1;2;15;A01
200900005279;0;7;0;0;1;3;15;A01
200900005280;0;7;0;0;6;1;13;A01
200900005280;0;7;0;0;2;3;1;B02
200900005281;0;7;0;0;2;4;2;C01
200900005281;0;7;0;0;2;4;2;B01
200900005281;0;7;0;0;2;1;2;A01
200900005282;0;7;0;0;2;1;1;B01
200900005282;0;7;0;0;2;2;15;A01
200900005283;0;7;0;0;2;1;2;A01
200900005283;0;2;0;0;2;4;2;B01
200900005284;1;7;0;0;1;0;1;A01
200900005285;0;7;0;13;0;1;13;A01
200900005286;0;7;0;0;2;3;10;A01
200900005286;0;30;0;0;2;2;1;B02
200900005287;0;7;0;0;2;5;15;A01
200900005287;0;31;0;0;2;1;1;B01
200900005288;0;33;0;13;0;1;1;A01
200900005289;0;7;0;0;2;7;1;B01
200900005289;0;1;0;0;2;1;1;A01
200900005290;0;7;0;0;1;1;1;A01
200900005291;0;7;0;0;0;4;2;B01
200900005291;0;7;0;0;2;1;2;A01
200900005292;0;7;0;0;0;9;1;A01
200900005293;1;7;0;0;2;2;1;A01
200900005293;0;1;0;0;0;1;15;B01
200900005294;1;7;0;0;1;1;1;A01
200900005295;0;7;0;0;1;2;16;A01
200900005296;0;7;0;0;2;3;10;A01
200900005296;0;30;0;0;2;1;1;B01
200900005297;0;7;0;0;2;2;5;A01
200900005297;0;7;0;0;2;5;1;B01
200900005298;0;7;0;3;0;9;17;A01
200900005299;0;7;0;0;2;4;12;B01
200900005299;0;7;0;0;2;1;1;A01
200900005300;0;15;0;0;0;8;16;A01
200900005301;0;10;0;7;0;2;1;A01
200900005302;0;7;0;0;2;1;15;A01
200900005302;0;7;0;0;2;1;1;B01
200900005303;0;10;0;0;1;2;16;A01
200900005304;0;33;0;0;1;1;17;A01
200900005304;0;7;0;0;2;3;15;B01
200900005305;1;7;0;0;2;7;17;A01
200900005305;0;1;0;0;2;8;1;B01
200900005306;0;7;0;0;2;1;2;A01
200900005306;0;7;0;0;2;4;2;B01
200900005307;0;35;0;15;0;3;13;A01
200900005308;0;2;0;0;1;1;1;A01
200900005309;0;7;0;0;2;1;1;A01
200900005309;0;37;1;0;2;3;15;B01
200900005310;0;7;0;0;2;2;1;B01
200900005310;0;1;0;0;2;1;15;A01
200900005311;0;10;0;0;1;2;21;A01
200900005312;0;7;0;0;1;1;17;A01
200900005313;0;7;0;0;2;4;23;C01
200900005313;0;7;0;0;2;4;23;D01
200900005313;0;7;0;0;2;4;23;B01
200900005313;0;7;0;0;2;1;2;A01
200900005314;0;7;0;0;2;2;2;B01
200900005314;0;7;0;0;2;3;2;A01
200900005315;0;31;0;0;2;1;1;B01
200900005315;0;7;0;0;2;7;15;A01
200900005316;0;7;0;0;1;1;15;A01
200900005317;0;7;0;0;1;1;15;A01
200900005318;0;7;0;0;2;1;2;A01
200900005318;0;7;0;0;2;4;2;B01
200900005319;0;7;0;13;0;1;1;A01
200900005320;0;7;0;0;2;2;15;A01
200900005320;0;2;0;0;2;1;1;B01
200900005321;0;2;0;0;2;2;1;A01
200900005321;0;7;0;0;2;2;20;B01
200900005322;0;33;0;0;0;1;1;A01
200900005323;0;7;0;0;2;1;2;A01
200900005323;0;7;0;0;2;4;2;B01
200900005323;0;7;0;0;2;4;2;C01
200900005324;0;7;0;0;2;1;1;A01
200900005324;0;7;0;0;2;8;1;B01
200900005325;0;33;0;0;1;3;2;A01
200900005326;0;7;0;0;2;2;15;A01
200900005326;0;33;0;0;2;1;1;B01
200900005327;1;7;0;0;1;3;9;A01
200900005327;0;7;0;0;2;2;1;B01
200900005328;0;33;0;0;2;1;1;A01
200900005328;0;7;0;0;0;7;19;B02
200900005329;0;7;0;10;0;1;0;A01
200900005330;0;7;0;0;2;1;1;A01
200900005330;0;7;0;0;2;3;1;B02
200900005331;0;7;0;2;0;1;1;A01
200900005332;0;33;0;0;2;7;1;B01
200900005332;0;7;0;0;2;2;15;A01
200900005333;0;7;0;0;2;3;15;B01
200900005333;0;33;0;0;2;1;17;A01
200900005334;0;1;0;0;2;1;2;B01
200900005334;0;7;0;0;2;6;2;A01
200900005335;0;7;0;0;2;7;15;B01
200900005335;0;30;0;0;2;1;1;A01
200900005336;0;7;0;0;2;1;1;B01
200900005336;0;7;0;0;0;3;15;A01
200900005337;0;37;32;0;0;2;0;A01
200900005338;0;7;0;0;2;1;15;A01
200900005338;0;33;0;0;2;0;1;B01
200900005339;0;7;0;0;1;1;1;A01
200900005340;0;7;0;0;1;5;4;A01
200900005341;0;7;0;0;2;1;17;A01
200900005341;0;7;0;0;2;1;1;C01
200900005341;0;7;0;0;2;6;23;B01
200900005342;0;7;0;0;1;1;1;A01
200900005343;0;30;0;0;2;1;2;A01
200900005343;0;34;0;0;0;7;2;B01
200900005344;0;13;0;0;1;2;1;A01
200900005345;0;7;0;0;2;1;2;A01
200900005345;0;7;0;0;2;4;1;C01
200900005345;0;7;0;0;2;4;2;B01
200900005346;0;7;0;0;1;1;0;A01
200900005347;0;33;0;0;2;1;17;B01
200900005347;0;7;0;0;2;3;15;A01
200900005348;0;33;0;0;2;1;1;B01
200900005348;0;7;0;0;2;3;9;A01