num_acc;senc;catv;occutc;obs;obsm;choc;manv;num_veh
200900005349;0;7;0;0;2;2;15;A01
200900005349;0;30;0;0;2;1;1;B01
200900005350;0;30;0;0;2;7;7;A01
200900005350;0;7;0;0;2;3;0;B01
200900005351;0;30;0;0;2;1;1;B01
200900005351;0;7;0;0;2;3;1;A01
200900005352;0;37;0;0;1;0;0;A01
200900005353;0;30;0;15;0;1;1;A01
200900005354;0;7;0;6;0;1;1;A01
200900005355;0;34;0;0;1;1;1;A01
200900005356;0;7;0;0;2;1;0;A01
200900005356;0;7;0;0;2;3;0;B01
200900005357;0;2;0;0;2;1;13;A01
200900005357;0;33;0;0;2;1;1;B01
200900005358;0;7;0;0;2;3;15;A01
200900005358;0;33;0;0;2;1;1;B01
200900005359;0;30;0;0;2;1;1;B01
200900005359;0;20;0;0;2;7;15;A01
200900005360;0;7;0;0;2;1;1;B01
200900005360;0;34;0;0;2;1;19;A01
200900005361;0;33;0;0;2;1;1;B01
200900005361;0;7;0;0;2;1;13;A01
200900005362;0;7;0;0;2;2;15;A01
200900005362;0;30;0;0;2;1;1;B01
200900005363;0;7;0;0;2;2;15;A01
200900005363;0;34;0;0;2;1;1;B01
200900005364;0;7;0;0;2;8;9;A01
200900005364;0;33;0;0;2;8;1;B01
200900005365;0;32;0;8;2;1;1;A01
200900005365;0;7;0;0;2;5;1;B01
200900005366;0;7;0;0;2;3;15;B01
200900005366;0;30;0;0;2;1;1;A01
200900005367;0;32;0;0;2;4;1;A01
200900005367;1;34;0;0;2;1;2;B01
200900005368;0;1;0;0;2;4;1;B01
200900005368;0;7;0;0;2;1;0;A01
200900005369;0;33;0;0;2;1;2;A01
200900005369;0;7;0;0;9;3;15;B01
200900005370;0;34;0;15;0;1;1;A01
200900005371;0;7;0;0;2;1;1;B01
200900005371;0;7;0;0;2;1;13;A01
200900005372;0;7;0;0;1;4;20;A01
200900005373;0;7;0;0;2;3;1;A01
200900005373;0;33;0;12;2;5;12;B01
200900005374;0;33;0;13;0;3;1;A01
200900005375;0;2;0;0;2;1;17;B01
200900005375;0;10;0;0;2;3;15;A01
200900005376;0;7;0;0;1;1;1;A01
200900005377;0;7;0;0;1;3;1;A01
200900005378;1;7;0;0;1;1;1;A01
200900005379;0;33;0;0;2;8;1;A01
200900005380;0;33;0;0;2;1;1;B02
200900005380;0;7;0;0;2;3;13;A01
200900005381;0;33;0;0;2;1;13;A01
200900005381;0;33;0;0;2;1;1;B02
200900005382;0;7;0;0;2;1;17;A01
200900005382;0;30;0;0;2;1;1;B02
200900005383;0;7;0;0;2;1;1;A01
200900005383;0;7;0;0;2;4;1;B02
200900005384;0;33;0;0;2;1;2;A01
200900005384;0;7;0;0;0;4;1;B02
200900005385;0;7;0;0;2;3;1;A01
200900005385;0;7;0;0;2;3;13;B02
200900005386;0;7;0;0;2;1;1;B02
200900005386;0;21;0;0;2;5;16;A01
200900005387;0;7;0;3;0;1;11;A01
200900005388;0;7;0;2;0;2;1;A01
200900005389;0;7;0;0;1;1;0;A01
200900005390;0;7;0;0;2;3;5;A01
200900005390;0;7;0;0;2;2;1;B02
200900005391;0;33;0;2;0;1;1;A01
200900005392;0;30;0;0;0;1;1;A01
200900005393;0;7;0;4;0;3;1;A01
200900005394;0;31;0;0;2;1;1;B02
200900005394;0;7;0;0;2;1;17;A01
200900005395;0;33;0;5;0;7;1;A01
200900005396;0;10;0;0;2;5;9;A01
200900005396;0;34;0;0;2;1;1;B02
200900005397;0;7;0;0;2;2;1;A01
200900005397;0;1;0;0;2;1;1;B02
200900005398;0;33;0;0;2;7;17;C03
200900005399;0;7;0;14;2;1;13;A01
200900005399;0;7;0;0;2;1;1;B02
200900005400;0;7;0;0;0;8;1;A01
200900005400;0;7;0;0;0;7;0;B02
200900005401;0;33;0;0;2;3;1;A01
200900005401;0;7;0;0;2;3;1;B02
200900005402;0;10;0;0;2;1;1;A01
200900005402;0;10;0;0;2;1;1;B02
200900005403;0;7;0;0;2;1;17;A01
200900005403;0;33;0;0;2;1;1;B02
200900005404;0;7;0;10;0;2;1;A01
200900005405;0;32;0;3;0;2;1;A01
200900005406;0;38;0;0;2;3;15;A01
200900005406;0;7;0;0;2;6;15;B02
200900005407;0;10;0;0;2;8;19;A01
200900005407;0;33;0;0;2;1;1;B02
200900005408;0;7;0;0;0;2;1;B02
200900005408;0;33;0;0;2;1;19;A01
200900005409;0;33;0;0;2;1;1;B02
200900005409;0;7;0;0;2;2;15;A01
200900005410;0;33;0;0;2;8;13;A01
200900005410;0;33;0;0;2;8;0;B02
200900005411;0;7;0;0;2;1;1;A01
200900005411;0;7;0;0;2;3;19;B02
200900005412;0;1;0;0;2;1;1;B02
200900005412;0;7;0;0;9;4;9;A01
200900005413;0;10;0;0;2;8;15;B02
200900005413;0;33;0;0;2;7;17;A01
200900005414;0;33;0;0;2;1;1;B02
200900005414;0;7;0;0;2;3;15;A01
200900005415;0;33;0;2;0;1;14;A01
200900005416;0;7;0;0;2;3;15;A01
200900005416;0;17;0;0;2;3;1;B02
200900005417;0;7;0;0;2;8;1;B02
200900005417;0;7;0;8;2;3;1;A01
200900005418;0;7;0;13;0;3;1;A01
200900005419;0;7;0;0;2;1;1;B02
200900005419;0;7;0;0;2;6;1;A01
200900005420;0;7;0;0;1;7;1;A01
200900005421;0;7;0;0;1;8;1;A01
200900005422;0;31;0;0;0;4;0;A01
200900005423;0;10;0;0;2;1;1;A01
200900005423;0;7;0;0;2;3;1;B02
200900005424;0;7;0;0;2;1;1;B01
200900005424;0;7;0;0;2;3;9;A01
200900005425;0;7;0;0;2;1;1;B01
200900005425;0;7;0;0;2;2;15;A02
200900005426;0;7;0;6;0;1;17;A01
200900005427;0;7;0;13;0;1;1;B02
200900005427;0;20;0;3;0;1;1;A01
200900005428;0;7;0;0;2;3;20;A01
200900005428;0;2;0;0;2;1;17;B02
200900005429;0;10;0;0;2;2;1;B02
200900005429;0;30;0;0;2;3;19;A01
200900005430;0;7;0;0;2;8;1;A01
200900005430;0;2;0;0;2;1;17;B02
200900005431;0;2;0;0;2;4;2;B02
200900005431;0;7;0;0;2;2;2;A01
200900005432;0;7;0;0;2;1;1;B02
200900005432;0;7;0;0;2;7;19;A01
200900005433;0;7;0;11;0;1;1;A01
200900005434;0;7;0;0;2;3;15;A01
200900005434;0;7;0;0;2;8;1;B02
200900005435;0;2;0;0;2;1;13;A01
200900005435;0;7;0;0;2;3;1;B02
200900005436;0;7;0;0;1;1;1;A01
200900005437;0;7;0;0;2;4;23;B02
200900005437;0;30;0;0;2;1;2;A01
200900005438;0;10;0;13;0;1;1;A01
200900005439;0;7;0;0;2;5;17;A01
200900005439;0;7;0;0;2;3;1;B02
200900005440;0;7;0;0;2;1;1;B02
200900005440;0;7;0;0;2;1;13;A01
200900005441;0;7;0;6;0;1;1;A01
200900005442;0;7;0;0;5;1;1;A01
200900005443;0;7;0;0;2;3;15;A01
200900005443;0;1;0;0;2;2;21;B02
200900005444;0;32;0;0;2;1;13;A01
200900005444;0;33;0;0;2;3;1;B02
200900005445;0;32;0;0;2;1;1;B01
200900005445;0;7;0;0;2;1;9;A01
200900005446;0;2;0;0;2;1;2;B01
200900005446;0;2;0;0;2;1;23;C01
200900005446;0;2;0;0;2;2;2;A01
200900005447;0;7;0;0;9;7;1;A01
200900005447;0;1;0;0;2;7;5;B01
200900005448;0;7;0;0;1;3;4;A01
200900005449;0;31;0;0;0;0;1;A01
200900005450;0;7;0;0;2;4;2;B01
200900005450;0;7;0;0;2;1;2;A01
200900005451;0;7;0;0;1;0;1;A01
200900005452;0;7;0;0;1;2;1;A01
200900005453;0;31;0;0;2;1;1;A01
200900005453;0;7;0;0;2;8;16;B01
200900005454;0;7;0;8;0;2;14;A01
200900005455;0;1;0;0;2;1;14;A01
200900005455;0;1;0;0;2;1;1;B01
200900005456;0;7;0;0;2;2;15;A01
200900005456;0;1;0;0;2;1;1;B01
200900005457;0;7;0;0;2;6;15;A01
200900005457;0;2;0;0;2;5;17;B01
200900005458;0;7;0;0;2;1;2;A01
200900005458;0;32;0;0;2;1;2;B01
200900005459;0;33;0;0;2;8;1;B01
200900005459;0;7;0;0;2;7;14;A01
200900005460;0;10;0;0;2;9;2;B01
200900005460;0;7;0;0;2;4;2;C01
200900005460;0;10;0;0;2;1;2;A01
200900005461;0;7;0;0;1;1;1;A01
200900005462;0;31;0;0;2;3;18;A01
200900005462;0;7;0;0;2;2;14;B01
200900005463;0;7;0;0;1;6;20;A01
200900005464;1;10;0;0;2;2;17;Z01
200900005464;0;32;0;0;2;0;23;A01
200900005465;0;7;0;0;1;3;1;A01
200900005466;0;7;0;0;2;6;18;A01
200900005466;0;1;0;0;2;7;7;B01
200900005467;0;7;0;0;2;4;23;B01
200900005467;0;10;0;0;2;1;2;A01
200900005468;0;7;0;0;2;2;1;B01
200900005468;0;2;0;0;2;0;15;A01
200900005469;0;33;0;0;2;1;14;A01
200900005469;0;7;0;0;2;4;1;B01
200900005470;0;33;0;0;2;3;1;B01
200900005470;0;7;0;0;2;7;1;A01
200900005471;0;10;0;0;2;1;2;A01
200900005471;0;7;0;0;2;4;23;B01
200900005471;0;7;0;0;2;5;23;C01
200900005472;0;7;0;0;2;5;23;B01
200900005472;0;32;0;0;2;2;2;A01
200900005473;0;7;0;0;1;7;1;A01
200900005474;0;7;0;0;1;1;1;A01
200900005475;0;31;0;1;2;1;1;A01
200900005475;0;7;0;0;2;3;1;B01
200900005476;0;32;0;0;1;2;5;A01
200900005477;0;10;0;0;2;4;20;A01
200900005477;0;33;0;0;2;2;23;B01
200900005478;0;10;0;0;2;2;10;A01
200900005478;0;34;0;0;2;3;1;B01
200900005479;0;10;0;0;2;6;15;A01
200900005479;0;33;0;0;2;1;17;B01
200900005480;0;7;0;0;2;2;15;A01
200900005480;0;31;0;0;2;1;1;B01
200900005481;0;7;0;0;1;2;1;A01
200900005482;0;30;0;0;0;0;21;A01
200900005483;0;2;0;0;0;8;1;A01
200900005484;0;10;0;0;1;1;1;A01
200900005485;0;33;0;0;2;1;1;B01
200900005485;0;13;0;0;2;8;5;A01
200900005486;0;32;0;0;2;2;17;A01
200900005486;0;7;0;0;2;3;15;B01
200900005487;0;33;0;0;2;8;1;A01
200900005487;0;7;0;0;2;2;16;B01
200900005488;0;14;0;0;2;3;2;A01
200900005488;0;14;0;0;2;5;2;B01
200900005489;0;7;0;0;2;1;2;A01
200900005489;0;7;0;0;2;4;2;B01
200900005490;0;7;0;0;2;3;1;A01
200900005490;0;30;0;0;2;2;1;B01
200900005491;0;33;0;0;0;7;1;A01
200900005492;0;7;0;0;1;3;1;A01
200900005493;0;7;0;0;2;8;10;A01
200900005493;0;34;0;0;2;2;1;B01
200900005494;0;7;0;0;2;6;15;B01
200900005494;0;32;0;0;2;0;2;A01
200900005495;1;30;0;0;1;1;1;Z01
200900005496;0;33;0;0;2;1;1;A01
200900005496;0;7;0;0;2;7;15;B01
200900005497;0;10;0;0;2;3;15;A01
200900005497;0;33;0;1;2;1;17;B01
200900005498;0;32;0;0;0;1;1;A01
200900005499;0;10;0;0;1;5;1;A01
200900005500;0;10;0;0;2;3;15;B01
200900005500;0;32;0;0;2;1;17;A01
200900005501;0;37;46;0;1;3;1;A01
200900005502;0;13;0;0;1;5;1;A01
200900005503;0;7;0;0;2;3;13;A01
200900005503;0;32;0;1;2;2;1;B01
200900005504;0;32;0;0;1;1;1;A01
200900005505;0;10;0;0;2;3;11;A01
200900005505;0;32;0;0;2;1;17;B01
200900005506;0;7;0;0;2;6;1;B01
200900005506;0;33;0;0;2;2;1;A01
200900005507;0;7;0;0;2;7;17;A01
200900005507;0;1;0;0;2;4;7;B01
200900005508;0;7;0;0;2;5;4;A01
200900005508;0;30;0;0;2;8;2;B01
200900005508;0;7;0;0;2;8;23;C01
200900005509;0;2;0;0;2;8;7;A01
200900005509;0;7;0;0;2;2;15;B01
200900005510;0;30;0;0;1;2;1;A01
200900005511;0;30;0;0;1;1;17;A01
200900005512;0;7;0;0;2;7;12;A01
200900005512;0;33;0;0;2;8;3;B01
200900005513;0;7;0;0;1;2;1;A01
200900005514;0;10;0;0;1;2;16;A01
200900005515;0;7;0;0;2;6;13;A01
200900005515;0;34;0;0;2;2;1;B01
200900005516;0;30;0;0;0;0;21;A01
200900005517;0;7;0;11;0;1;13;A01
200900005518;0;33;0;0;2;7;16;A01
200900005518;0;2;0;0;2;8;1;B01
200900005519;0;30;0;12;0;7;14;A01
200900005520;0;30;0;0;2;7;1;A01
200900005520;0;7;0;0;2;8;1;B01
200900005521;0;34;0;6;0;1;1;A01
200900005522;0;1;0;0;2;1;1;B01
200900005522;0;7;0;0;2;3;15;A01
200900005523;0;33;0;0;0;8;1;A01
200900005524;0;2;0;1;0;9;13;A01
200900005525;0;7;0;0;2;4;23;C01
200900005525;0;7;0;0;2;1;2;A01
200900005525;0;7;0;0;2;4;23;B01
200900005526;0;13;0;0;1;3;15;A01
200900005527;1;33;0;12;0;1;21;A01
200900005528;0;7;0;0;1;1;1;A01
200900005529;0;34;0;0;1;1;1;A01
200900005530;0;7;0;0;2;3;13;B01
200900005530;0;7;0;0;2;3;1;C01
200900005530;0;2;0;0;2;4;17;A01
200900005531;0;7;0;0;2;5;16;A01
200900005531;0;34;0;0;2;3;1;B01
200900005532;0;1;0;0;2;2;1;B01
200900005532;0;7;0;0;2;0;22;A01
200900005533;0;10;0;0;1;4;4;A01
200900005534;1;7;0;0;2;0;12;Z01
200900005534;0;31;0;0;2;1;3;A01
200900005534;0;7;0;0;2;5;1;B01
200900005535;0;7;0;0;2;3;15;B01
200900005535;0;32;0;0;2;1;17;A01
200900005536;0;7;0;0;1;1;1;A01
200900005537;0;33;0;0;1;1;1;A01
200900005538;0;7;0;0;2;2;15;B01
200900005538;0;32;0;0;2;1;17;A01
200900005539;0;30;0;0;2;2;13;A01
200900005539;0;7;0;0;9;6;13;B01
200900005540;0;7;0;0;2;4;1;C01
200900005540;0;7;0;0;2;1;1;B01
200900005540;0;7;0;0;2;1;1;A01
200900005541;0;30;0;0;0;5;2;C01
200900005541;0;30;0;0;0;6;2;B01
200900005541;0;15;0;0;0;2;1;A01
200900005542;0;34;0;0;2;3;15;B01
200900005542;0;31;0;0;2;1;2;A01
200900005543;0;2;0;0;2;3;1;B01
200900005543;0;7;0;0;2;7;15;A01
200900005544;0;2;0;0;2;0;1;B01
200900005544;0;7;0;0;2;0;5;A01
200900005545;0;1;0;0;1;1;21;A01
200900005546;0;7;0;0;2;2;1;C01
200900005546;0;30;0;0;2;3;3;A01
200900005546;0;7;0;0;2;3;1;B01
200900005547;0;33;0;11;0;1;15;A01
200900005548;0;30;0;0;2;1;2;A01
200900005548;0;7;0;0;2;0;2;B01
200900005549;0;1;0;0;2;1;2;A01
200900005549;1;7;0;0;2;4;17;Z01
200900005550;0;30;0;0;0;0;1;A01
200900005551;0;30;0;0;2;5;1;B01
200900005551;0;7;0;0;2;1;15;A01
200900005552;1;7;0;0;0;0;0;Z01
200900005553;0;7;0;0;0;8;1;B01
200900005553;0;33;0;0;0;2;0;A01
200900005554;0;2;0;0;0;8;15;A01
200900005555;0;32;0;0;0;0;2;A01
200900005555;1;7;0;0;0;0;2;Z01
200900005556;0;7;0;0;1;2;2;A01
200900005557;0;7;0;0;2;8;11;A01
200900005557;0;32;0;0;0;2;2;B01
200900005558;0;32;0;0;2;2;2;B01
200900005558;0;7;0;0;2;3;15;A01
200900005559;0;1;0;0;2;4;18;A01
200900005559;0;1;0;0;2;1;1;B01
200900005560;0;32;0;0;2;8;1;B01
200900005560;0;7;0;0;2;1;1;A01
200900005561;0;7;0;0;9;5;2;A01
200900005561;0;30;0;0;2;8;2;B01
200900005562;0;7;0;0;1;4;4;A01
200900005563;0;32;0;0;1;1;1;A01
200900005564;0;7;0;0;1;0;20;A01
200900005565;0;32;0;0;2;6;23;B01
200900005565;0;10;0;0;2;3;2;A01
200900005566;0;32;0;0;0;1;1;A01
200900005567;0;32;0;0;0;8;1;A01
200900005568;0;10;0;0;2;1;2;A01
200900005568;0;10;0;0;2;4;2;B01
200900005569;0;7;0;0;2;7;16;A01
200900005569;0;1;0;0;2;3;1;B01
200900005570;0;10;0;0;1;1;1;A01
200900005571;0;1;0;0;2;0;7;B01
200900005571;0;37;4;0;2;1;1;A01
200900005572;0;1;0;0;2;7;15;B01
200900005572;0;10;0;0;2;2;15;A01
200900005573;0;7;0;0;2;8;1;B01
200900005573;0;7;0;0;2;2;1;A01
200900005574;0;30;0;0;1;3;1;A01
200900005575;0;31;0;0;2;3;1;A01
200900005575;0;10;0;0;2;8;1;B01
200900005576;0;37;0;0;2;6;2;B01
200900005576;0;10;0;0;2;1;2;A01
200900005577;0;31;0;0;2;3;1;B01
200900005577;0;7;0;0;2;1;15;A01
200900005578;0;7;0;0;2;6;23;B01
200900005578;0;32;0;0;2;2;2;A01
200900005579;0;32;0;0;0;0;21;A01
200900005580;0;31;0;0;2;7;17;A01
200900005580;0;7;0;0;2;6;15;B01
200900005581;0;7;0;0;1;2;15;A01
200900005582;0;32;0;0;2;4;2;A01
200900005582;0;7;0;0;2;1;2;B01
200900005582;0;7;0;0;2;6;23;C01
200900005583;0;31;0;0;0;8;1;A01
200900005584;0;7;0;0;1;3;16;A01
200900005585;0;1;0;0;0;0;1;A01
200900005586;0;30;0;0;9;0;15;A01
200900005587;0;33;0;0;2;5;1;A01
200900005587;0;7;0;0;2;3;16;B01
200900005588;0;7;0;0;1;1;15;A01
200900005589;0;31;0;1;0;1;14;A01
200900005590;0;7;0;0;2;2;2;B01
200900005590;0;7;0;0;2;6;2;A01
200900005591;0;7;0;0;2;4;23;B01
200900005591;0;1;0;0;2;1;7;A01
200900005592;0;32;0;0;2;7;17;A01
200900005592;0;7;0;0;2;8;15;B01
200900005593;0;1;0;0;2;0;1;A01
200900005593;0;7;0;0;2;7;22;B01
200900005594;0;32;0;0;1;2;1;A01
200900005595;0;32;0;14;0;8;9;A01
200900005596;0;33;0;0;0;0;21;A01
200900005597;0;32;0;0;2;2;17;A01
200900005597;0;10;0;0;2;3;15;B01
200900005598;0;7;0;0;2;3;11;A01
200900005598;0;32;0;0;2;2;1;B01
200900005599;0;31;0;0;0;0;1;A01
200900005600;0;2;0;0;0;7;16;A01
200900005601;0;33;0;0;2;1;17;A01
200900005601;0;7;0;0;2;3;15;B01
200900005602;0;31;0;0;2;0;1;A01
200900005602;0;13;0;0;2;0;1;B01
200900005603;0;13;0;1;0;0;14;A01
200900005604;0;10;0;0;2;3;1;B01
200900005604;0;7;0;0;2;5;16;A01
200900005605;0;7;0;0;1;2;1;A01
200900005606;0;13;0;6;0;1;1;A01
200900005607;0;32;0;0;0;7;21;A01
200900005608;0;1;0;0;2;7;17;B01
200900005608;0;7;0;0;2;8;10;A01
200900005609;0;30;0;0;0;0;21;A01
200900005610;0;1;0;0;1;1;8;A01
200900005611;0;7;0;0;2;6;23;C01
200900005611;0;7;0;0;2;6;11;A01
200900005611;0;14;0;0;2;2;1;B01
200900005611;0;33;0;0;2;1;1;D01
200900005612;0;7;0;0;2;7;15;A01
200900005612;0;31;0;0;2;0;1;B01
200900005613;0;7;0;2;0;1;16;A01
200900005614;0;1;0;0;2;1;5;B01
200900005614;0;7;0;0;2;1;1;A01
200900005615;0;7;0;0;2;1;2;A01
200900005615;0;7;0;0;2;4;2;B01
200900005616;0;7;0;0;2;1;1;B01
200900005616;0;2;0;11;2;1;13;A01
200900005617;0;7;0;0;1;3;15;A01
200900005618;0;37;0;0;1;2;7;A01
200900005619;0;1;0;0;0;0;1;A01
200900005620;0;32;0;0;2;4;23;B01
200900005620;0;7;0;0;2;1;2;A01
200900005621;0;7;0;0;1;1;1;A01
200900005622;0;7;0;0;2;2;15;A01
200900005622;0;7;0;11;2;1;1;B01
200900005623;1;7;0;0;2;1;2;Z01
200900005623;0;7;0;0;2;4;23;A01
200900005624;0;7;0;0;2;4;2;B01
200900005624;0;7;0;0;2;1;2;A01
200900005625;0;7;0;0;2;1;2;A01
200900005625;0;7;0;0;2;4;23;B01
200900005626;0;7;0;1;1;1;5;A01
200900005627;0;30;0;12;0;2;14;A01
200900005628;0;7;0;0;2;1;2;A01
200900005628;0;37;10;0;2;3;23;B01
200900005629;0;7;0;0;2;3;1;B01
200900005629;0;7;0;0;2;7;1;A01
200900005630;0;7;0;12;0;2;14;A01
200900005631;0;30;0;0;2;5;16;A01
200900005631;0;30;0;0;2;0;16;B01
200900005631;1;7;0;0;2;3;7;Z01
200900005632;0;7;0;9;1;2;1;A01
200900005633;0;2;0;0;1;1;1;A01
200900005634;0;33;0;0;2;1;2;A01
200900005634;0;7;0;0;2;5;23;B01
200900005635;0;7;0;12;0;3;14;A01
200900005636;0;7;0;0;2;1;1;B01
200900005636;0;7;0;0;2;2;1;A01
200900005637;0;7;0;0;2;3;1;A01
200900005637;0;7;0;0;2;5;13;B01
200900005638;0;10;0;0;1;8;1;A01
200900005639;0;1;0;0;2;1;5;B01
200900005639;0;34;0;0;2;2;1;A01
200900005640;0;7;0;0;1;4;4;A01
200900005641;0;30;0;0;2;7;17;A01
200900005641;0;7;0;0;2;3;15;B01
200900005642;0;30;0;15;0;1;1;A01
200900005643;0;31;0;0;0;0;1;A01
200900005644;0;37;20;0;2;4;23;A01
200900005644;2;7;0;0;2;1;2;Z01
200900005645;0;7;0;0;1;2;1;A01
200900005646;0;33;0;0;2;8;1;A01
200900005646;0;13;0;0;2;7;16;B01
200900005647;0;7;0;0;2;1;2;A01
200900005647;0;7;0;0;2;4;2;B01
200900005648;0;7;0;0;2;1;1;C01
200900005648;0;30;0;0;2;1;1;B01
200900005648;0;13;0;0;2;2;1;A01
200900005649;0;14;0;0;2;2;12;B01
200900005649;0;7;0;4;2;6;1;A01
200900005649;0;13;0;0;2;4;1;C01
200900005650;0;7;0;0;1;5;4;A01
200900005651;0;13;0;0;2;3;10;A01
200900005651;0;32;0;0;2;1;17;B01
200900005652;0;33;0;7;0;1;21;A01
200900005653;0;7;0;0;2;3;1;B01
200900005653;0;10;0;0;2;1;1;A01
200900005654;2;2;0;0;1;1;1;Z01
200900005655;0;7;0;0;2;7;17;A01
200900005655;0;1;0;0;2;8;15;B01
200900005656;0;7;0;0;2;2;1;A01
200900005656;0;30;0;0;2;5;5;B01
200900005657;0;1;0;0;1;2;7;A01
200900005658;0;7;0;0;2;4;15;B01
200900005658;0;32;0;0;2;1;17;A01
200900005659;0;10;0;0;2;2;16;A01
200900005659;0;7;0;0;2;3;1;B01
200900005660;0;7;0;0;2;2;1;A01
200900005660;0;7;0;0;2;1;15;B01
200900005661;0;2;0;0;0;0;1;A01
200900005662;0;33;0;0;2;1;2;A01
200900005662;0;1;0;0;2;4;2;B01
200900005663;0;7;0;0;2;4;2;C01
200900005663;0;7;0;0;2;1;2;B01
200900005663;0;10;0;0;2;1;2;A01
200900005664;1;1;0;0;1;0;5;Z01
200900005665;0;37;20;0;2;7;17;A01
200900005665;0;10;0;0;2;0;22;B01
200900005666;0;32;0;0;2;7;18;A01
200900005666;0;7;0;0;2;2;16;B01
200900005667;0;7;0;12;2;8;1;B01
200900005667;0;13;0;0;2;7;12;A01
200900005668;0;2;0;0;0;1;1;A01
200900005669;0;7;0;11;0;2;14;A01
200900005670;0;7;0;0;1;2;1;A01
200900005671;0;1;0;0;2;4;1;B01
200900005671;0;32;0;0;2;1;14;A01
200900005672;0;7;0;0;1;1;15;A01
200900005673;0;1;0;0;0;0;1;A01
200900005674;0;7;0;0;2;3;15;A01
200900005674;0;32;0;1;2;1;17;B01
200900005675;0;7;0;0;2;3;22;A01
200900005675;0;1;0;0;2;1;1;B01
200900005676;0;33;0;0;2;8;18;A01
200900005676;0;13;0;0;2;7;14;B01
200900005677;0;7;0;0;1;2;1;A01
200900005678;0;30;0;0;2;2;1;B01
200900005678;0;7;0;0;2;8;10;A01
200900005679;0;30;0;0;1;1;1;A01
200900005680;0;10;0;0;2;2;17;A01
200900005680;0;30;0;0;2;8;1;B01
200900005681;0;7;0;1;0;2;14;A01
200900005682;0;10;0;0;2;3;22;A01
200900005682;0;1;0;0;2;2;1;B01
200900005683;0;7;0;0;2;1;1;A01
200900005683;0;10;0;1;2;8;1;B01
200900005684;0;7;0;0;2;2;10;A01
200900005684;0;31;0;0;2;1;7;B01
200900005685;0;32;0;0;2;8;2;C01
200900005685;0;7;0;0;2;3;13;A01
200900005685;0;10;0;0;2;3;2;B01
200900005686;1;7;0;0;1;2;1;Z01
200900005687;0;7;0;0;1;1;1;A01
200900005688;0;33;0;0;2;2;1;B01
200900005688;0;7;0;0;2;3;13;A01
200900005689;0;30;0;1;0;1;14;A01
200900005690;0;7;0;0;2;6;23;B01
200900005690;0;2;0;0;2;8;5;A01
200900005691;0;30;0;1;0;1;14;A01
200900005692;0;33;0;12;2;7;18;A01
200900005692;0;10;0;0;2;5;1;B01
200900005693;0;32;0;12;1;2;14;A01
200900005694;0;7;0;1;0;1;13;A01
200900005695;0;10;0;0;2;3;20;B01
200900005695;0;7;0;0;2;2;2;A01
200900005696;0;7;0;0;1;4;4;A01
200900005697;0;7;0;0;2;3;11;A01
200900005697;0;31;0;0;2;7;1;B01
200900005698;0;7;0;0;2;7;12;A01
200900005698;0;32;0;0;2;8;1;B01
200900005699;0;7;0;0;2;3;15;A01
200900005699;0;32;0;0;2;8;7;B01
200900005700;0;32;0;0;2;3;1;B01
200900005700;0;7;0;0;2;2;16;A01
200900005701;0;33;0;0;2;1;7;B01
200900005701;0;7;0;0;2;7;10;A01
200900005702;0;7;0;0;2;1;2;A01
200900005702;0;7;0;0;2;4;23;B01
200900005703;0;7;0;0;2;2;16;B01
200900005703;0;32;0;12;2;1;7;A01
200900005704;0;34;0;0;0;0;1;A01
200900005705;0;7;0;0;1;2;5;A01
200900005706;0;34;0;0;2;1;1;B01
200900005706;0;7;0;0;2;3;10;A01
200900005707;1;33;0;0;2;0;15;Z01
200900005707;0;2;0;0;2;1;1;A01
200900005708;0;2;0;0;2;3;2;A01
200900005708;0;7;0;0;2;5;2;B01
200900005709;0;1;0;0;2;6;16;A01
200900005709;0;33;0;0;2;3;1;B01
200900005710;0;7;0;0;2;3;1;B01
200900005710;0;7;0;0;2;7;1;A01
200900005711;0;7;0;0;2;7;1;B01
200900005711;0;30;0;0;2;1;1;A01
200900005712;0;34;0;0;2;2;2;A01
200900005712;0;33;0;0;2;5;2;B01
200900005713;0;7;0;0;2;4;23;B01
200900005713;0;7;0;0;2;4;23;C01
200900005713;0;7;0;0;2;1;2;A01
200900005714;0;7;0;0;1;3;1;A01
200900005715;0;30;0;0;2;2;17;B01
200900005715;0;7;0;8;2;8;15;A01
200900005716;0;31;0;14;0;7;14;A01
200900005717;2;2;0;0;2;0;18;Z01
200900005717;0;7;0;0;2;6;24;B01
200900005717;0;7;0;0;2;7;23;A01
200900005718;0;30;0;0;1;1;18;A01
200900005719;0;32;0;0;1;0;1;A01
200900005720;1;7;0;0;2;0;22;Z01
200900005720;0;1;0;0;2;1;1;A01
200900005720;0;7;0;0;2;8;24;B01
200900005721;0;30;0;0;1;1;1;A01
200900005722;0;2;0;0;2;1;1;B01
200900005722;0;7;0;0;2;2;15;A01
200900005723;0;7;0;0;2;1;2;D01
200900005723;0;7;0;0;2;4;2;B01
200900005723;0;7;0;0;2;1;2;A01
200900005723;0;7;0;0;2;1;2;C01
200900005724;0;7;0;0;2;5;22;A01
200900005724;0;1;0;1;2;1;1;B01
200900005725;0;31;0;0;2;4;2;A01