num_acc;senc;catv;occutc;obs;obsm;choc;manv;num_veh
200900005725;0;7;0;0;2;0;23;B01
200900005726;0;7;0;0;2;1;2;A01
200900005726;0;7;0;0;2;6;2;B01
200900005727;0;32;0;0;2;8;1;B01
200900005727;0;7;0;0;2;7;13;A01
200900005728;0;7;0;0;2;3;1;A01
200900005728;0;7;0;0;2;2;1;B01
200900005729;0;33;0;0;2;6;2;B01
200900005729;0;33;0;0;2;1;2;A01
200900005730;0;7;0;0;2;3;10;A01
200900005730;0;33;0;0;2;7;1;B01
200900005731;0;7;0;0;2;1;1;B01
200900005731;0;7;0;0;2;3;13;A01
200900005732;0;30;0;0;2;8;18;A01
200900005732;0;7;0;0;2;2;16;B01
200900005733;0;7;0;0;2;1;2;A01
200900005733;0;7;0;0;2;4;23;B01
200900005734;2;32;0;15;2;8;18;Z01
200900005734;0;7;0;15;2;7;2;A01
200900005735;0;1;0;12;0;0;1;A01
200900005736;0;7;0;0;2;1;2;A01
200900005736;0;7;0;0;2;4;23;B01
200900005736;0;7;0;0;2;4;23;C01
200900005737;0;33;0;0;5;1;1;A01
200900005738;0;30;0;0;2;1;2;C01
200900005738;0;7;0;0;2;3;2;A01
200900005738;0;7;0;0;2;5;2;B01
200900005739;0;33;0;0;2;4;23;B01
200900005739;0;7;0;0;2;1;2;A01
200900005740;0;2;0;0;1;1;1;A01
200900005741;0;7;0;0;2;3;22;A01
200900005741;0;1;0;0;2;2;1;B01
200900005742;0;7;0;0;2;8;9;A01
200900005742;0;2;0;0;2;1;1;B01
200900005743;0;30;0;0;0;8;1;A01
200900005744;0;7;0;0;2;2;1;B01
200900005744;0;30;0;0;2;4;11;A01
200900005744;0;7;0;0;2;3;23;C01
200900005745;0;7;0;0;2;6;1;A01
200900005745;1;7;0;0;2;0;12;Z01
200900005746;0;2;0;0;0;0;1;A01
200900005747;0;30;0;0;0;7;1;A01
200900005748;1;7;0;0;2;1;1;Z01
200900005748;0;7;0;0;2;8;1;A01
200900005749;0;7;0;0;2;1;2;A01
200900005749;0;7;0;0;2;4;23;B01
200900005750;0;33;0;0;2;7;1;B01
200900005750;0;7;0;0;2;6;10;A01
200900005751;0;1;0;1;0;0;14;A01
200900005752;0;30;0;0;2;1;17;A01
200900005752;0;7;0;0;2;6;22;B01
200900005753;0;33;0;0;2;7;8;B01
200900005753;0;10;0;0;2;8;15;A01
200900005754;0;30;0;1;0;8;14;A01
200900005755;0;7;0;0;1;1;1;A01
200900005756;0;1;0;0;1;1;1;A01
200900005757;0;32;0;0;2;0;23;B01
200900005757;0;32;0;0;2;1;2;A01
200900005758;0;7;0;0;2;2;16;A01
200900005758;0;32;0;0;2;8;7;B01
200900005759;0;33;0;0;2;8;1;B01
200900005759;0;7;0;0;2;2;15;A01
200900005760;1;7;0;0;1;1;1;Z01
200900005761;0;7;0;0;2;3;1;B01
200900005761;0;7;0;14;2;3;13;A01
200900005762;0;14;0;0;2;4;7;B01
200900005762;0;37;15;0;2;1;7;A01
200900005763;0;34;0;0;2;1;2;B01
200900005763;0;34;0;0;2;0;2;A01
200900005764;0;32;0;0;0;7;1;A01
200900005765;0;1;0;0;1;1;1;A01
200900005766;0;30;0;0;2;1;1;B01
200900005766;0;7;0;0;2;2;15;A01
200900005767;0;7;0;0;2;4;23;B01
200900005767;0;10;0;0;2;4;23;C01
200900005767;0;7;0;0;2;4;23;D01
200900005767;0;10;0;0;2;1;2;A01
200900005768;0;7;0;0;1;1;15;A01
200900005769;0;30;0;0;2;1;1;B01
200900005769;0;7;0;0;2;2;1;A01
200900005770;0;33;0;0;2;8;1;B01
200900005770;0;7;0;0;2;2;22;A01
200900005771;0;32;0;0;2;5;7;B01
200900005771;0;33;0;0;2;6;15;A01
200900005772;0;31;0;0;2;8;23;B01
200900005772;0;7;0;0;2;4;4;A01
200900005773;1;30;0;0;1;1;1;Z01
200900005774;0;7;0;0;1;3;15;A01
200900005775;0;33;0;0;2;2;1;A01
200900005775;0;31;0;0;2;3;1;B01
200900005776;0;7;0;0;1;2;1;A01
200900005777;0;34;0;0;5;1;1;A01
200900005778;0;30;0;0;1;1;1;A01
200900005779;0;31;0;0;2;2;1;B01
200900005779;0;7;0;0;2;3;10;A01
200900005780;0;30;0;0;2;1;17;B01
200900005780;0;7;0;0;2;3;17;A01
200900005781;0;31;0;0;2;1;1;B01
200900005781;0;7;0;0;2;3;10;A01
200900005782;0;1;0;0;2;1;1;B01
200900005782;0;10;0;0;2;8;22;A01
200900005783;0;33;0;0;1;1;1;A01
200900005784;0;7;0;0;2;3;15;B01
200900005784;0;33;0;1;2;2;17;A01
200900005785;0;30;0;0;1;8;1;A01
200900005786;0;38;26;0;2;6;1;C01
200900005786;0;7;0;0;2;7;12;A01
200900005786;0;33;0;0;2;8;3;B01
200900005787;0;37;30;0;2;1;1;A01
200900005787;0;7;0;0;2;5;1;B01
200900005788;0;7;0;0;2;4;2;B01
200900005788;0;10;0;0;2;1;2;A01
200900005788;0;7;0;0;2;4;2;C01
200900005788;0;7;0;0;2;6;23;D01
200900005789;0;10;0;0;2;5;16;B01
200900005789;0;32;0;0;2;1;1;A01
200900005790;0;7;0;0;2;5;23;B01
200900005790;0;1;0;0;2;4;2;A01
200900005791;0;33;0;0;1;3;5;A01
200900005792;0;7;0;0;1;1;1;A01
200900005793;0;7;0;0;2;3;15;A01
200900005793;0;1;0;0;2;4;1;B01
200900005794;0;30;0;0;2;7;1;B01
200900005794;0;7;0;0;2;8;9;A01
200900005795;0;37;1;0;1;3;1;A01
200900005796;0;7;0;0;2;4;2;B01
200900005796;0;7;0;0;2;1;2;A01
200900005797;0;30;0;1;0;2;14;A01
200900005798;0;32;0;1;0;1;14;A01
200900005799;0;32;0;0;2;8;1;B01
200900005799;0;10;0;0;2;1;15;A01
200900005800;0;1;0;0;2;1;1;B01
200900005800;0;10;0;0;2;3;22;A01
200900005801;0;7;0;0;2;5;20;B01
200900005801;0;10;0;0;2;3;16;A01
200900005802;0;3;0;0;2;7;1;A01
200900005802;0;38;1;0;2;3;15;B01
200900005803;0;30;0;0;1;1;1;A01
200900005804;0;30;0;0;1;3;1;A01
200900005805;1;7;0;0;1;4;4;Z01
200900005806;0;32;0;0;2;7;12;A01
200900005806;0;14;0;0;2;3;1;B01
200900005806;0;10;0;0;2;5;23;C01
200900005807;0;7;0;0;1;3;1;A01
200900005808;0;1;0;0;1;1;1;A01
200900005809;0;7;0;0;2;4;23;B01
200900005809;0;7;0;0;2;1;2;A01
200900005810;0;7;0;0;2;3;15;A01
200900005810;0;32;0;0;2;6;1;B01
200900005811;0;7;0;0;2;4;2;B01
200900005811;0;2;0;0;2;3;2;A01
200900005812;0;7;0;0;1;2;1;A01
200900005813;0;1;0;0;2;0;15;B01
200900005813;0;34;0;0;2;0;1;A01
200900005814;0;7;0;0;2;2;15;A01
200900005814;0;34;0;0;2;1;1;B01
200900005815;0;10;0;0;2;8;15;B01
200900005815;0;32;0;0;2;7;17;A01
200900005816;0;7;0;0;2;8;1;B01
200900005816;0;31;0;0;2;1;1;A01
200900005817;0;33;0;0;2;0;3;A01
200900005817;1;7;0;0;2;0;11;Z01
200900005818;0;33;0;0;2;7;1;B01
200900005818;0;10;0;0;2;6;11;A01
200900005819;0;14;0;0;2;5;2;B01
200900005819;0;30;0;0;2;1;2;A01
200900005820;0;1;0;0;2;1;1;B01
200900005820;0;15;0;0;2;2;16;A01
200900005821;0;32;0;0;2;7;17;A01
200900005821;0;7;0;0;2;8;15;B01
200900005822;0;1;0;0;0;0;21;A01
200900005823;0;7;0;0;2;8;23;B01
200900005823;0;33;0;0;2;2;14;A01
200900005824;0;32;0;0;1;1;18;A01
200900005825;0;7;0;0;2;2;15;A01
200900005825;0;2;0;0;2;2;1;B01
200900005826;0;33;0;0;2;1;1;B01
200900005826;0;10;0;0;2;6;11;A01
200900005827;0;32;0;0;2;1;3;A01
200900005827;1;31;0;0;2;4;13;Z01
200900005828;0;7;0;0;1;8;1;A01
200900005829;0;7;0;0;2;6;23;B01
200900005829;0;2;0;0;2;1;2;A01
200900005830;0;30;0;0;2;6;23;B01
200900005830;0;7;0;0;2;2;2;A01
200900005831;0;1;0;0;1;1;1;A01
200900005832;0;7;0;0;1;2;7;A01
200900005833;0;7;0;7;0;3;13;A01
200900005834;1;7;0;0;1;0;4;Z01
200900005835;0;32;0;0;0;0;21;A01
200900005836;0;7;0;0;2;8;13;A01
200900005836;0;31;0;0;2;2;17;B01
200900005837;0;37;15;0;1;7;16;A01
200900005838;0;33;0;0;0;7;1;A01
200900005839;0;38;1;3;0;2;21;A01
200900005840;0;32;0;0;1;1;1;A01
200900005841;0;7;0;0;2;8;16;A01
200900005841;0;38;1;0;2;3;1;B01
200900005842;0;7;0;0;2;2;1;B01
200900005842;0;32;0;0;2;3;18;A01
200900005843;0;2;0;12;0;1;1;A01
200900005844;0;32;0;0;0;7;16;A01
200900005845;0;7;0;0;2;1;2;A01
200900005845;0;7;0;0;2;6;23;B01
200900005846;0;7;0;0;1;0;1;A01
200900005847;0;34;0;0;0;8;1;A01
200900005848;0;30;0;0;2;3;16;A01
200900005848;0;2;0;0;2;2;1;B01
200900005849;0;30;0;0;2;7;1;B01
200900005849;0;7;0;0;2;3;13;A01
200900005850;0;7;0;0;2;6;15;A01
200900005850;0;32;0;0;2;2;17;B01
200900005851;0;7;0;0;2;3;15;A01
200900005851;0;30;0;0;2;7;1;B01
200900005852;0;30;0;0;2;6;15;A01
200900005852;1;7;0;0;2;0;2;Z01
200900005853;0;7;0;0;0;5;12;A01
200900005853;0;2;0;0;2;3;1;B01
200900005854;0;7;0;0;2;3;1;B01
200900005854;0;7;0;0;2;7;15;A01
200900005855;2;7;0;4;2;2;2;Z01
200900005855;0;7;0;0;2;6;2;A01
200900005855;2;7;0;4;2;3;11;X01
200900005856;0;7;0;0;2;6;23;B01
200900005856;0;7;0;0;2;3;2;A01
200900005857;0;7;0;0;2;3;1;B01
200900005857;0;30;0;0;2;2;1;A01
200900005858;0;32;0;0;2;8;1;B01
200900005858;0;7;0;0;2;3;23;A01
200900005859;0;32;0;0;0;0;18;A01
200900005860;0;1;0;0;2;1;1;B01
200900005860;0;7;0;0;2;5;16;A01
200900005861;0;7;0;0;2;1;2;D01
200900005861;0;7;0;0;2;7;12;A01
200900005861;0;7;0;0;2;3;2;B01
200900005861;0;7;0;0;2;1;2;C01
200900005862;0;7;0;0;2;3;15;A01
200900005862;0;32;0;6;2;8;1;B01
200900005863;0;2;0;0;2;4;15;A01
200900005863;1;7;0;0;2;2;1;Z01
200900005864;0;31;0;1;0;9;16;A01
200900005865;1;7;0;0;1;0;1;Z01
200900005866;0;30;0;0;2;7;17;A01
200900005866;0;7;0;0;2;8;1;B01
200900005867;1;30;0;0;1;0;5;Z01
200900005868;0;33;0;0;2;8;14;A01
200900005868;0;7;0;0;2;8;1;B01
200900005869;0;30;0;12;2;1;18;A01
200900005869;0;7;0;0;2;7;22;B01
200900005870;0;30;0;0;2;3;1;B01
200900005870;0;7;0;0;2;3;5;A01
200900005871;1;7;0;0;2;0;1;Z01
200900005871;0;31;0;0;2;3;1;A01
200900005872;0;33;0;0;0;7;1;A01
200900005873;0;30;0;8;0;1;16;A01
200900005874;0;7;0;14;0;1;1;A01
200900005875;0;7;0;14;0;1;14;A01
200900005876;0;33;0;14;0;8;21;A01
200900005877;0;7;0;1;0;2;14;A01
200900005878;0;7;0;0;2;8;10;A01
200900005878;0;31;0;0;2;2;1;B01
200900005879;0;34;0;0;2;1;2;A01
200900005879;0;7;0;0;2;4;2;B01
200900005880;0;7;0;0;1;2;8;A01
200900005881;0;10;0;0;1;1;16;A01
200900005882;1;32;0;0;1;1;17;Z01
200900005883;0;32;0;0;2;1;1;B01
200900005883;0;7;0;0;2;8;22;A01
200900005884;0;32;0;0;1;2;7;A01
200900005885;0;7;0;0;2;3;11;A01
200900005885;0;33;0;0;2;7;1;B01
200900005886;0;7;0;0;1;1;1;A01
200900005887;0;7;0;0;2;3;11;A01
200900005887;0;31;0;0;2;7;3;B01
200900005888;0;32;0;14;1;1;1;A01
200900005889;0;1;0;0;1;1;17;A01
200900005890;0;34;0;12;0;0;13;A01
200900005891;0;1;0;0;2;8;1;B01
200900005891;0;7;0;0;2;2;16;A01
200900005892;0;33;0;0;2;1;3;A01
200900005892;0;10;0;0;2;4;1;B01
200900005893;0;30;0;0;0;0;21;A01
200900005894;0;7;0;14;2;1;2;A01
200900005894;0;7;0;0;2;4;2;C01
200900005894;0;7;0;8;2;4;2;B01
200900005895;1;32;0;0;1;1;1;Z01
200900005896;0;7;0;0;2;2;12;A01
200900005896;0;32;0;0;2;1;1;B01
200900005897;0;7;0;0;2;5;1;B01
200900005897;0;7;0;0;2;6;1;C01
200900005897;0;30;0;0;2;1;3;A01
200900005898;0;32;0;0;2;2;1;A01
200900005898;0;7;0;0;2;3;15;B01
200900005899;0;30;0;14;0;1;15;A01
200900005900;0;10;0;0;1;1;20;A01
200900005901;0;7;0;0;2;2;16;A01
200900005901;0;33;0;0;2;8;18;B01
200900005902;0;2;0;0;2;2;1;A01
200900005902;0;7;0;0;2;3;1;B01
200900005903;0;33;0;0;2;1;1;B01
200900005903;0;7;0;0;2;3;10;A01
200900005904;0;30;0;0;0;7;15;A01
200900005905;0;7;0;0;2;3;10;B01
200900005905;0;33;0;0;2;6;17;A01
200900005906;0;7;0;0;2;3;9;A01
200900005906;0;2;0;1;2;1;1;B01
200900005907;0;7;0;0;2;1;2;A01
200900005907;0;7;0;0;2;4;23;B01
200900005908;0;31;0;0;2;8;7;A01
200900005908;0;7;0;0;2;5;23;B01
200900005909;0;1;0;0;1;1;1;A01
200900005910;0;32;0;0;2;7;1;B01
200900005910;0;7;0;0;2;6;15;A01
200900005911;0;14;0;0;2;7;16;A01
200900005911;0;7;0;0;2;3;1;B01
200900005912;0;7;0;0;2;1;13;A01
200900005912;0;7;0;0;2;1;1;B01
200900005913;0;1;0;0;2;2;17;B01
200900005913;0;7;0;0;2;3;22;A01
200900005914;0;7;0;0;2;4;2;C01
200900005914;2;7;0;0;2;1;2;A01
200900005914;0;7;0;0;2;9;2;B01
200900005915;0;32;0;0;2;1;1;A01
200900005915;0;7;0;0;2;3;1;B01
200900005916;0;7;0;1;0;3;14;A01
200900005917;0;7;0;0;2;1;10;A01
200900005917;0;32;0;0;2;8;1;B01
200900005918;0;7;0;9;0;3;14;A01
200900005919;0;7;0;0;1;2;1;A01
200900005920;0;7;0;0;2;4;1;C01
200900005920;0;10;0;0;2;2;12;A01
200900005920;0;33;0;0;2;8;1;B01
200900005921;0;33;0;0;2;7;17;B01
200900005921;0;7;0;0;2;8;15;A01
200900005922;0;7;0;0;2;2;10;A01
200900005922;0;33;0;0;2;1;1;B01
200900005923;0;7;0;0;2;1;2;A01
200900005923;0;7;0;0;2;4;23;C01
200900005923;0;10;0;0;2;4;23;B01
200900005924;0;7;0;0;1;4;20;A01
200900005925;0;1;0;0;0;0;1;A01
200900005926;0;33;0;0;2;7;15;A01
200900005926;0;7;0;0;2;2;1;B01
200900005927;0;37;1;0;2;5;17;A01
200900005927;0;1;0;12;2;8;13;B01
200900005928;0;7;0;0;2;1;2;A01
200900005928;0;7;0;0;2;4;2;B01
200900005929;0;31;0;0;2;8;1;B01
200900005929;0;7;0;0;2;2;16;A01
200900005930;0;1;0;0;2;2;19;B01
200900005930;0;7;0;0;2;3;1;A01
200900005931;0;7;0;0;2;3;1;B01
200900005931;0;2;0;0;2;3;15;A01
200900005932;0;7;0;12;0;1;21;A01
200900005933;0;31;0;0;2;1;1;B01
200900005933;0;7;0;0;2;8;15;A01
200900005934;0;37;30;0;1;5;7;A01
200900005935;0;32;0;0;2;1;1;B01
200900005935;0;10;0;0;2;7;9;A01
200900005935;0;31;0;0;2;1;1;C01
200900005936;0;7;0;0;2;8;11;B01
200900005936;0;2;0;0;2;8;1;A01
200900005937;0;7;0;0;1;2;1;A01
200900005938;0;30;0;0;1;0;1;A01
200900005939;0;33;0;0;2;7;1;B01
200900005939;0;7;0;0;2;3;15;A01
200900005940;0;7;0;0;2;7;16;A01
200900005940;0;1;0;0;2;4;1;B01
200900005941;0;30;0;0;2;8;19;A01
200900005941;0;30;0;0;2;1;1;B01
200900005942;0;1;0;0;2;4;1;A01
200900005942;0;1;0;0;2;6;1;B01
200900005943;0;32;0;0;2;8;18;A01
200900005943;0;1;0;0;2;7;1;B01
200900005944;1;7;0;0;1;2;1;Z01
200900005945;0;30;0;0;2;1;1;A01
200900005945;0;7;0;0;2;2;10;B01
200900005946;0;7;0;0;2;3;15;A01
200900005946;0;31;0;0;2;7;17;B01
200900005947;0;34;0;14;0;1;14;A01
200900005948;0;32;0;0;2;8;1;B01
200900005948;0;10;0;0;2;1;23;A01
200900005949;0;10;0;0;1;3;1;A01
200900005950;0;32;0;0;2;2;5;A01
200900005950;0;7;0;0;2;3;22;B01
200900005951;0;2;0;0;2;6;1;A01
200900005951;1;7;0;0;2;0;15;Z01
200900005952;0;30;0;0;0;0;15;A01
200900005953;0;30;0;0;2;2;2;A01
200900005953;0;7;0;0;2;6;23;B01
200900005954;0;13;0;0;2;3;10;A01
200900005954;0;30;0;0;2;1;1;B01
200900005955;0;7;0;0;2;3;15;A01
200900005955;0;34;0;0;2;7;1;B01
200900005956;0;7;0;1;0;1;14;A01
200900005957;0;7;0;7;0;2;14;A01
200900005958;0;7;0;11;0;1;13;A01
200900005959;0;7;0;0;2;5;12;A01
200900005959;0;33;0;0;2;1;1;B01
200900005960;0;33;0;0;0;6;1;A01
200900005961;0;7;0;0;2;2;1;B01
200900005961;0;7;0;0;2;3;22;A01
200900005962;0;34;0;0;2;1;2;A01
200900005962;0;7;0;0;2;4;23;B01
200900005963;0;34;0;0;1;1;1;A01
200900005964;0;7;0;0;1;3;1;A01
200900005965;0;33;0;0;2;8;1;B01
200900005965;0;7;0;0;2;2;15;A01
200900005966;0;2;0;14;0;7;14;A01
200900005967;0;33;0;0;2;4;23;B01
200900005967;0;7;0;0;2;1;2;A01
200900005968;0;7;0;0;1;3;1;A01
200900005969;1;7;0;0;2;1;2;Z01
200900005969;0;30;0;0;2;4;2;A01
200900005970;0;2;0;0;2;6;1;C01
200900005970;0;32;0;0;2;8;1;B01
200900005970;0;7;0;0;2;7;1;A01
200900005971;0;10;0;0;2;3;23;B01
200900005971;0;30;0;0;2;1;13;A01
200900005972;0;1;0;0;2;3;17;A01
200900005972;0;7;0;0;2;3;15;B01
200900005973;0;1;0;0;0;0;21;A01
200900005974;0;7;0;0;2;1;2;A01
200900005974;0;32;0;0;2;5;2;B01
200900005975;2;7;0;0;2;2;7;Z01
200900005975;0;7;0;0;2;6;16;A01
200900005976;0;37;26;0;1;3;1;A01
200900005977;0;10;0;0;2;2;1;A01
200900005977;0;2;0;0;2;3;15;B01
200900005978;0;7;0;0;1;1;1;A01
200900005979;0;31;0;0;2;7;12;B01
200900005979;0;7;0;0;2;3;1;A01
200900005980;0;32;0;0;2;1;2;A01
200900005980;0;32;0;0;2;6;23;B01
200900005981;0;32;0;0;2;1;21;A01
200900005981;0;10;0;0;2;5;1;B01
200900005982;0;33;0;0;2;1;1;A01
200900005982;0;7;0;0;2;5;1;B01
200900005983;0;10;0;0;2;1;15;A01
200900005983;0;1;0;0;2;4;17;B01
200900005984;0;30;0;0;2;3;1;B01
200900005984;0;7;0;0;2;3;17;A01
200900005985;0;7;0;0;1;1;1;A01
200900005986;0;33;0;0;2;8;3;B01
200900005986;0;7;0;0;2;3;1;C01
200900005986;0;7;0;0;2;5;12;A01
200900005987;0;10;0;0;2;8;22;A01
200900005987;0;37;30;0;2;3;1;C01
200900005987;0;1;0;0;2;7;17;B01
200900005988;0;7;0;0;2;2;16;B01
200900005988;0;30;0;0;2;3;18;A01
200900005989;0;7;0;0;1;5;16;A01
200900005990;1;37;0;0;1;0;7;Z01
200900005991;0;1;0;12;0;1;14;A01
200900005992;0;7;0;0;2;4;23;C01
200900005992;0;10;0;0;2;6;23;D01
200900005992;0;32;0;0;2;1;23;B01
200900005992;0;7;0;0;2;1;13;A01
200900005993;0;31;0;0;2;1;14;A01
200900005993;0;7;0;0;2;6;1;B01
200900005994;0;7;0;0;2;3;15;B01
200900005994;0;32;0;0;2;5;17;A01
200900005995;0;33;0;4;2;3;3;A01
200900005995;1;7;0;0;2;0;11;Z01
200900005996;1;7;0;0;1;2;7;Z01
200900005997;0;31;0;0;0;7;21;A01
200900005998;0;7;0;0;1;1;1;A01
200900005999;0;7;0;0;2;2;16;A01
200900005999;0;33;0;8;2;6;1;B01
200900006000;0;1;0;0;1;3;1;A01
200900006001;0;32;0;0;2;2;1;B01
200900006001;0;7;0;0;2;1;15;A01
200900006002;0;31;0;0;0;0;0;A01
200900006003;0;7;0;0;2;7;1;B01
200900006003;0;2;0;0;2;4;13;A01
200900006004;0;1;0;0;2;1;7;B01
200900006004;0;7;0;0;2;2;16;A01
200900006005;0;7;0;4;2;6;1;B01
200900006005;0;7;0;4;2;2;14;A01
200900006006;0;7;0;0;1;3;1;A01
200900006007;0;30;0;0;2;5;1;B01
200900006007;0;7;0;0;2;5;4;A01
200900006008;0;7;0;0;2;2;1;A01
200900006008;0;30;0;0;2;1;1;B01
200900006009;0;7;0;0;1;2;1;A01
200900006010;0;7;0;0;2;2;1;A01
200900006010;0;37;3;0;2;3;9;B01
200900006011;0;32;0;0;0;0;21;A01
200900006012;0;2;0;0;2;1;2;A01
200900006012;0;7;0;0;2;6;2;B01
200900006013;0;7;0;0;2;3;11;A01
200900006013;0;2;0;0;2;3;1;B01
200900006014;0;7;0;0;1;0;1;A01
200900006015;0;33;0;0;2;2;3;A01
200900006015;0;7;0;0;2;3;11;B01
200900006016;0;31;0;0;2;5;16;B01
200900006016;0;7;0;0;2;3;7;A01
200900006017;0;30;0;0;2;3;1;B01
200900006017;0;7;0;0;2;2;15;A01
200900006018;0;30;0;0;2;1;8;B01
200900006018;0;7;0;0;2;3;15;A01
200900006019;0;7;0;0;1;2;1;A01
200900006020;0;1;0;0;2;4;1;B01
200900006020;0;10;0;0;2;2;17;A01
200900006021;0;32;0;4;0;0;14;A01
200900006022;0;7;0;11;0;1;14;A01
200900006023;0;33;0;0;2;7;14;A01
200900006023;0;7;0;0;2;7;12;B01
200900006024;0;32;0;0;2;1;1;B01
200900006024;0;10;0;0;2;2;15;A01
200900006025;0;7;0;0;2;1;2;A01
200900006025;0;1;0;0;2;4;23;B01
200900006026;0;32;0;0;2;1;1;B01
200900006026;0;7;0;0;2;7;1;A01
200900006027;1;1;0;0;1;1;1;Z01
200900006028;0;34;0;0;1;1;1;A01
200900006029;0;14;0;0;2;2;12;A01
200900006029;0;7;0;0;2;6;1;B01
200900006030;1;7;0;0;2;0;15;Z01
200900006030;0;2;0;0;2;0;1;A01
200900006031;0;30;0;0;1;0;5;A01
200900006032;0;1;0;0;0;0;19;A01
200900006033;0;30;0;1;0;0;13;A01
200900006034;0;33;0;1;2;0;2;A01
200900006034;0;7;0;0;2;4;20;B01
200900006035;1;7;0;0;1;0;1;Z01
200900006036;0;7;0;0;1;2;1;A01
200900006037;0;7;0;0;2;4;14;B01
200900006037;0;7;0;0;2;1;2;A01
200900006037;0;7;0;0;2;9;2;C01
200900006038;0;7;0;0;2;3;1;B01
200900006038;0;2;0;0;2;1;1;A01
200900006039;0;7;0;0;2;2;1;B01
200900006039;0;2;0;0;2;2;1;A01
200900006040;0;33;0;0;2;3;17;A01
200900006040;0;1;0;0;2;8;1;B01
200900006041;0;30;0;0;0;3;1;A01
200900006042;0;7;0;0;1;2;1;A01
200900006043;0;7;0;0;2;2;1;A01
200900006043;0;7;0;0;2;3;16;B01
200900006044;0;30;0;0;2;8;23;B01
200900006044;0;30;0;0;2;8;2;A01
200900006045;0;7;0;0;2;5;2;B01
200900006045;0;33;0;0;2;8;2;A01
200900006046;0;2;0;0;0;7;1;A01
200900006047;0;7;0;0;1;2;1;A01
200900006048;0;7;0;8;2;7;1;B01
200900006048;0;7;0;0;2;1;1;A01
200900006049;0;7;0;0;2;1;9;A01
200900006049;0;32;0;0;2;1;1;B01
200900006050;0;7;0;0;2;6;23;B01
200900006050;0;33;0;0;2;1;3;A01
200900006050;0;7;0;0;2;5;23;C01
200900006051;0;1;0;0;2;0;1;B01
200900006051;0;7;0;0;2;0;22;A01
200900006052;0;7;0;0;2;4;2;B01
200900006052;0;10;0;0;2;1;2;A01
200900006052;0;33;0;0;2;1;2;C01
200900006053;0;2;0;0;1;0;1;A01
200900006054;0;32;0;0;0;0;17;A01
200900006055;0;7;0;0;1;2;15;A01
200900006056;0;10;0;0;2;2;1;B01
200900006056;0;7;0;0;2;8;18;A01
200900006057;0;10;0;0;2;8;22;B01
200900006057;0;1;0;0;2;2;7;A01
200900006058;0;32;0;0;1;1;1;A01
200900006059;0;7;0;0;2;4;23;C01
200900006059;0;7;0;0;2;1;2;A01
200900006059;0;7;0;0;2;4;23;B01
200900006060;0;7;0;0;1;1;15;A01
200900006061;0;7;0;0;2;3;22;A01
200900006061;0;1;0;0;2;2;1;B01
200900006062;0;2;0;0;1;7;1;A01
200900006063;0;1;0;14;0;4;1;A01
200900006064;0;14;0;0;1;2;1;A01
200900006065;0;30;0;14;0;1;14;A01
200900006066;0;7;0;2;0;1;1;A01
200900006067;0;14;0;0;2;6;1;B01
200900006067;1;7;0;0;2;4;1;Z01
200900006067;0;34;0;0;2;2;3;A01
200900006068;0;10;0;0;2;0;9;A01
200900006068;0;33;0;0;2;0;1;B01
200900006069;0;31;0;0;2;3;3;A01
200900006069;0;7;0;0;2;7;12;B01
200900006070;0;30;0;0;2;1;18;A01
200900006070;0;7;0;0;2;5;22;B01
200900006071;0;7;0;0;2;3;9;A01
200900006071;0;31;0;0;2;2;1;B01
200900006072;0;7;0;0;2;2;15;A01
200900006072;0;1;0;0;2;1;1;B01
200900006073;0;7;0;0;2;7;16;B01
200900006073;0;31;0;0;2;3;1;A01
200900006074;0;31;0;0;2;3;18;A01
200900006074;0;10;0;0;2;5;1;B01
200900006075;0;34;0;0;2;1;1;B01
200900006075;0;7;0;0;2;5;22;A01
200900006076;0;7;0;0;2;8;1;C01
200900006076;0;7;0;0;2;4;23;D01
200900006076;0;7;0;0;2;7;12;B01
200900006076;0;33;0;0;2;8;3;A01
200900006077;0;7;0;0;1;2;1;A01
200900006078;0;31;0;0;0;8;1;A01
200900006079;0;30;0;0;0;0;7;A01
200900006080;0;7;0;0;2;6;2;B01
200900006080;0;30;0;0;2;2;2;A01
200900006081;0;17;0;0;2;2;12;A01
200900006081;0;7;0;4;2;8;1;B01
200900006082;0;7;0;0;1;1;1;A01
200900006083;0;7;0;1;2;1;1;B01
200900006083;0;7;0;0;2;3;1;A01
200900006084;0;10;0;0;2;1;2;A01
200900006084;0;7;0;0;2;4;2;B01
200900006085;0;2;0;0;0;0;21;A01
200900006086;0;31;0;0;0;8;21;A01
200900006087;0;32;0;0;1;4;1;A01
200900006088;0;32;0;0;0;0;21;A01
200900006089;0;30;0;0;0;7;1;A01
200900006090;0;33;0;0;0;2;3;A01
200900006091;0;34;0;15;2;7;1;B01
200900006091;0;10;0;0;2;1;15;A01
200900006092;0;10;0;0;2;2;14;A01
200900006092;0;7;0;0;2;6;23;B01
200900006092;0;7;0;0;2;6;1;C01
200900006093;0;33;0;0;2;3;3;A01
200900006093;0;7;0;0;2;5;12;B01
200900006094;0;32;0;0;2;3;1;A01
200900006094;0;7;0;0;2;2;15;B01