num_acc;senc;catv;occutc;obs;obsm;choc;manv;num_veh
200900006095;1;7;0;0;2;0;12;Z01
200900006095;0;33;0;0;2;8;1;A01
200900006096;0;7;0;0;1;2;1;A01
200900006097;0;10;0;0;2;4;23;B01
200900006097;1;7;0;0;2;1;2;Z01
200900006097;0;7;0;0;2;4;23;A01
200900006098;0;7;0;0;2;0;16;B01
200900006098;0;1;0;0;2;7;1;A01
200900006099;0;33;0;0;1;6;1;A01
200900006100;0;32;0;0;2;1;17;B01
200900006100;0;10;0;0;2;3;15;A01
200900006101;0;7;0;0;2;5;1;C01
200900006101;0;7;0;0;2;8;13;B01
200900006101;0;31;0;0;2;7;3;A01
200900006102;0;7;0;0;2;2;1;A01
200900006102;0;1;0;0;2;1;1;B01
200900006103;0;33;0;12;0;0;21;A01
200900006104;0;33;0;0;1;8;1;A01
200900006105;0;30;0;0;2;1;2;A01
200900006105;0;7;0;0;2;6;23;B01
200900006106;0;7;0;0;2;1;2;A01
200900006106;0;7;0;0;2;4;2;B01
200900006107;0;7;0;0;1;1;15;A01
200900006108;0;7;0;0;2;5;2;B01
200900006108;0;33;0;0;2;3;2;A01
200900006108;0;7;0;0;2;8;2;C01
200900006109;0;7;0;2;0;2;1;A01
200900006110;0;33;0;0;2;1;1;A01
200900006110;0;7;0;0;0;4;15;B01
200900006111;0;15;0;0;2;3;1;B01
200900006111;0;7;0;0;2;3;10;A01
200900006112;0;33;0;15;0;1;1;A01
200900006113;0;7;0;0;0;8;11;B01
200900006113;0;2;0;0;2;1;2;A01
200900006114;0;7;0;2;0;7;13;A01
200900006115;0;7;0;0;2;3;1;B02
200900006115;0;7;0;0;2;3;5;A01
200900006116;0;7;0;4;2;3;13;A01
200900006116;0;14;0;0;2;3;1;B02
200900006117;0;33;0;11;0;9;1;A01
200900006118;0;7;0;0;2;1;1;B02
200900006118;0;7;0;0;2;8;19;A01
200900006119;0;7;0;0;2;3;17;A01
200900006119;0;7;0;0;2;8;21;B02
200900006120;0;33;0;0;2;2;15;A01
200900006120;0;7;0;0;2;2;1;B02
200900006121;0;7;0;0;1;2;2;A01
200900006122;0;7;0;0;0;8;15;B02
200900006122;0;33;0;0;2;2;17;A01
200900006123;0;7;0;13;0;1;1;A01
200900006124;0;21;0;0;2;1;0;B02
200900006124;0;10;0;0;2;1;17;A01
200900006125;0;31;0;0;2;3;12;A01
200900006125;0;7;0;0;2;3;15;B02
200900006126;0;7;0;0;1;2;16;A01
200900006127;0;33;0;0;0;1;1;A01
200900006128;0;1;0;0;2;4;13;A01
200900006128;0;10;0;0;2;1;1;B02
200900006129;0;7;0;6;0;1;1;A01
200900006130;0;33;0;0;2;4;12;A01
200900006130;0;7;0;0;2;3;1;C03
200900006130;0;10;0;0;2;3;1;B02
200900006131;0;7;0;6;0;3;1;A01
200900006132;0;36;0;1;0;1;1;A01
200900006133;0;15;0;0;2;2;1;B02
200900006133;0;7;0;0;2;3;5;A01
200900006134;0;7;0;6;0;1;1;A01
200900006135;0;7;0;0;0;6;20;A01
200900006136;0;7;0;2;0;1;19;A01
200900006137;0;7;0;0;1;2;1;A01
200900006138;0;7;0;0;9;2;1;A01
200900006138;0;1;0;0;2;1;1;B01
200900006139;0;10;0;0;2;1;2;A01
200900006139;0;7;0;0;2;4;2;C01
200900006139;0;7;0;0;2;4;1;B01
200900006140;0;1;0;0;0;4;1;B01
200900006140;0;7;0;0;2;2;1;A01
200900006141;0;7;0;0;2;1;2;B01
200900006141;0;7;0;0;0;4;1;A01
200900006142;0;7;0;13;0;1;1;A01
200900006143;0;10;0;0;2;8;19;A01
200900006143;0;7;0;0;0;1;1;B01
200900006144;0;20;0;0;2;1;14;A01
200900006144;0;7;0;0;9;1;1;B01
200900006145;0;33;0;12;0;1;1;A01
200900006146;0;7;0;0;1;2;1;A01
200900006147;0;7;0;0;2;1;19;A01
200900006147;0;7;0;0;2;1;1;B01
200900006148;0;7;0;3;0;1;1;A01
200900006149;0;30;0;0;2;1;18;B01
200900006149;0;7;0;0;2;2;16;A01
200900006150;0;30;0;0;2;7;17;A01
200900006151;0;7;0;8;0;8;1;A01
200900006152;0;7;0;0;1;1;1;A01
200900006153;0;33;0;11;0;6;17;A01
200900006153;0;7;0;0;0;6;1;B01
200900006154;0;7;0;0;2;3;15;A01
200900006154;0;33;0;0;2;1;1;B01
200900006155;0;7;0;0;2;4;15;A01
200900006155;0;33;0;0;2;1;1;B01
200900006156;0;21;0;0;0;4;1;B01
200900006156;0;7;0;0;2;1;1;A01
200900006157;0;7;0;8;0;2;13;A01
200900006158;0;3;0;0;2;2;1;B01
200900006158;0;7;0;0;2;2;19;A01
200900006159;0;7;0;0;2;1;5;A01
200900006159;0;37;2;0;2;1;8;B01
200900006160;0;7;0;0;2;6;13;A01
200900006160;0;34;0;0;2;1;1;B01
200900006161;0;7;0;0;2;4;2;F02
200900006161;0;7;0;0;2;4;2;B01
200900006161;0;7;0;0;2;1;2;C01
200900006161;0;7;0;0;2;4;2;D01
200900006161;0;7;0;0;2;1;2;A01
200900006161;0;7;0;0;2;4;2;E01
200900006162;0;14;0;0;2;3;1;C01
200900006162;0;7;0;0;2;1;1;B01
200900006162;0;7;0;0;2;3;12;A01
200900006163;0;7;0;0;2;4;1;C01
200900006163;0;7;0;0;2;4;2;B01
200900006163;0;7;0;0;2;1;2;A01
200900006164;0;7;0;0;2;8;22;A01
200900006164;0;1;0;0;2;0;1;B01
200900006165;0;7;0;0;0;0;0;A01
200900006165;0;30;0;0;2;1;0;B01
200900006166;0;33;0;0;2;7;14;A01
200900006166;0;7;0;0;2;3;2;B01
200900006167;0;7;0;0;2;1;1;B01
200900006167;0;7;0;0;2;1;15;A01
200900006168;0;7;0;0;2;0;2;A01
200900006168;0;33;0;0;2;1;23;B01
200900006169;0;7;0;0;2;2;10;A01
200900006169;0;31;0;0;2;1;1;B01
200900006170;0;7;0;0;1;1;1;A01
200900006171;0;7;0;1;0;1;1;A01
200900006172;0;2;0;0;1;1;1;A01
200900006173;0;7;0;0;1;0;4;A01
200900006174;0;7;0;0;2;3;0;A01
200900006174;0;1;0;0;2;0;0;B01
200900006175;0;7;0;0;2;3;15;A01
200900006175;0;33;0;0;2;1;1;B01
200900006176;0;7;0;14;0;1;1;A01
200900006177;0;7;0;0;1;1;1;A01
200900006178;0;2;0;0;0;2;1;A01
200900006179;0;7;0;0;2;6;15;A01
200900006179;0;32;0;0;2;1;1;B01
200900006180;0;7;0;0;1;1;1;A01
200900006181;0;7;0;5;0;9;0;A01
200900006182;0;7;0;0;2;1;1;A01
200900006183;0;7;0;0;9;3;15;A01
200900006183;0;2;0;0;2;1;1;B01
200900006184;0;7;0;0;2;1;2;A01
200900006184;0;7;0;0;2;6;2;D01
200900006184;0;7;0;0;2;4;2;C01
200900006184;0;7;0;0;2;4;2;B01
200900006185;0;7;0;0;2;1;1;A01
200900006185;0;7;0;0;2;1;15;B01
200900006186;0;32;0;0;1;1;1;A01
200900006187;0;7;0;0;2;7;0;A01
200900006187;0;30;0;0;2;1;0;B01
200900006188;0;7;0;0;2;1;1;B01
200900006188;0;7;0;0;2;7;1;A01
200900006189;0;1;0;0;2;4;1;B01
200900006189;0;7;0;0;2;1;0;A01
200900006190;0;7;0;0;1;0;1;A01
200900006191;0;1;0;0;2;1;1;B01
200900006191;0;7;0;0;2;3;0;A01
200900006192;0;7;0;0;2;1;1;B01
200900006192;0;7;0;0;2;8;15;A01
200900006193;0;34;0;0;2;7;1;B01
200900006193;0;7;0;0;2;1;17;A01
200900006194;0;33;0;0;2;4;1;B01
200900006194;0;7;0;0;2;1;1;A01
200900006195;0;30;0;0;1;3;1;A01
200900006196;0;7;0;0;2;1;15;A01
200900006196;0;2;0;0;2;1;1;B01
200900006197;0;7;0;0;2;1;1;A01
200900006197;0;7;0;0;2;1;15;B01
200900006198;0;2;0;0;2;1;1;A01
200900006198;0;7;0;0;2;8;1;B01
200900006199;0;7;0;0;1;2;15;A01
200900006200;0;1;0;0;2;4;2;B01
200900006200;0;10;0;0;2;1;1;A01
200900006201;0;1;0;0;1;0;1;A01
200900006201;0;7;0;0;0;2;1;B01
200900006202;0;30;0;0;2;7;1;A01
200900006202;1;7;0;0;0;0;0;B01
200900006203;0;7;0;0;2;1;9;A01
200900006203;0;7;0;1;2;8;1;B01
200900006204;0;7;0;0;2;2;9;A01
200900006204;0;34;0;0;2;8;1;B01
200900006205;0;7;0;6;0;2;0;A01
200900006206;1;7;0;0;2;0;5;Z01
200900006206;0;1;0;0;2;1;1;B01
200900006206;0;1;0;0;2;1;1;A01
200900006207;0;7;0;0;2;1;9;A01
200900006207;0;33;0;0;2;2;1;B01
200900006208;0;7;0;0;1;1;0;A01
200900006209;0;7;0;0;2;1;19;A01
200900006209;0;7;0;0;2;1;1;A02
200900006210;0;7;0;0;2;1;13;A01
200900006210;0;7;0;0;2;3;1;A02
200900006211;0;7;0;13;0;9;17;A01
200900006212;0;7;0;13;0;3;13;A01
200900006213;0;15;0;0;2;3;15;C03
200900006213;0;33;0;0;2;2;1;B02
200900006213;0;7;0;0;2;2;15;A01
200900006214;0;7;0;4;0;3;2;A01
200900006215;0;7;0;0;2;3;15;A01
200900006215;0;33;0;0;2;1;17;B02
200900006216;0;7;0;13;0;7;18;A01
200900006217;0;30;0;0;2;1;1;A01
200900006217;0;7;0;0;2;3;19;B02
200900006218;0;33;0;0;2;1;17;B02
200900006218;0;7;0;0;2;3;15;A01
200900006219;0;7;0;0;2;8;17;B02
200900006219;0;1;0;0;2;8;1;A01
200900006220;0;7;0;0;2;1;9;A01
200900006220;0;33;0;0;2;1;1;B02
200900006221;0;7;0;5;0;6;1;B02
200900006221;0;7;0;2;2;2;14;A01
200900006222;0;7;0;3;0;2;13;A01
200900006223;0;7;0;0;1;2;1;A01
200900006224;0;7;0;8;0;1;1;A01
200900006225;0;7;0;0;1;2;1;A01
200900006226;0;7;0;0;0;9;14;A01
200900006227;0;7;0;0;2;1;1;B02
200900006227;0;7;0;0;2;8;19;A01
200900006228;0;7;0;13;0;3;1;A01
200900006229;0;7;0;13;0;2;1;A01
200900006230;0;7;0;0;2;1;13;A01
200900006230;0;10;0;0;2;1;1;B02
200900006231;0;7;0;0;1;1;1;A01
200900006232;0;31;0;0;1;1;1;A01
200900006233;0;7;0;0;2;6;2;B02
200900006233;0;7;0;0;2;2;2;A01
200900006233;0;7;0;0;9;1;2;C03
200900006234;0;7;0;0;0;3;1;B02
200900006234;0;30;0;0;2;2;17;A01
200900006235;0;7;0;0;2;2;21;C01
200900006235;0;7;0;3;2;9;6;A01
200900006235;0;10;0;0;2;3;1;B01
200900006236;0;7;0;0;1;1;1;A01
200900006237;0;1;0;0;2;4;2;B01
200900006237;0;7;0;0;9;1;2;A01
200900006238;0;7;0;0;1;1;16;A01
200900006239;0;7;0;0;2;1;1;A01
200900006239;0;7;0;0;2;1;1;C03
200900006239;0;7;0;0;0;3;1;B02
200900006240;0;7;0;0;1;0;1;A01
200900006241;0;7;0;4;0;3;1;A01
200900006242;0;7;0;0;2;3;1;B01
200900006242;0;7;0;0;2;2;1;A01
200900006243;0;1;0;0;1;1;1;A01
200900006244;0;7;0;0;2;1;1;B01
200900006244;0;7;0;0;2;2;1;A01
200900006245;0;7;0;0;2;3;15;A01
200900006245;0;33;0;0;2;1;1;B01
200900006246;0;7;0;0;2;1;1;A01
200900006246;0;2;0;0;2;5;1;B02
200900006247;0;7;0;0;2;1;1;A01
200900006247;0;7;0;0;2;3;1;C03
200900006247;0;7;0;0;2;5;23;B02
200900006248;0;15;0;0;2;4;23;A01
200900006248;0;14;0;0;2;1;1;B02
200900006249;0;7;0;0;0;0;17;A01
200900006249;0;33;0;0;2;8;17;B02
200900006250;0;7;0;0;2;1;2;A01
200900006250;0;7;0;0;2;4;2;B02
200900006251;0;7;0;0;2;3;15;A01
200900006251;0;32;0;0;2;7;17;B02
200900006252;0;33;0;14;0;4;1;A01
200900006253;0;7;0;7;0;1;14;A01
200900006254;0;7;0;0;2;3;11;B02
200900006254;0;14;0;0;2;3;1;A01
200900006255;0;7;0;0;2;3;15;B02
200900006255;0;33;0;0;2;8;1;A01
200900006256;0;7;0;8;0;2;14;A01
200900006257;0;7;0;0;0;9;14;A01
200900006258;1;7;0;0;2;1;1;A01
200900006258;0;33;0;0;0;4;1;B02
200900006259;0;7;0;7;0;2;1;A01
200900006260;0;7;0;0;2;8;19;A01
200900006260;0;15;0;0;2;2;1;B02
200900006261;0;7;0;0;2;1;1;A01
200900006261;0;15;0;0;2;5;15;B02
200900006262;0;7;0;0;2;3;1;B02
200900006262;0;7;0;0;2;3;13;A01
200900006263;0;7;0;0;2;1;1;B02
200900006263;0;7;0;0;2;7;19;A01
200900006264;0;31;0;0;0;2;16;A01
200900006265;0;10;0;13;0;2;1;A01
200900006266;0;7;0;2;0;1;1;A01
200900006267;0;7;0;0;2;6;9;A01
200900006267;0;33;0;0;2;1;1;B02
200900006268;0;7;0;0;0;9;1;A01
200900006269;0;7;0;13;0;2;1;A01
200900006270;0;7;0;0;1;1;1;A01
200900006271;0;7;0;2;0;3;14;A01
200900006272;0;7;0;0;2;2;2;B02
200900006272;0;3;0;0;2;6;23;A01
200900006273;0;33;0;0;2;1;17;A01
200900006273;0;7;0;0;2;8;15;B01
200900006274;0;13;0;0;2;6;1;A01
200900006274;0;7;0;0;2;1;1;B01
200900006275;0;7;0;3;0;9;21;A01
200900006276;0;7;0;0;1;5;4;A01
200900006277;0;1;0;0;2;4;2;B01
200900006277;0;7;0;0;2;4;2;A01
200900006278;0;7;0;0;1;1;2;A01
200900006279;0;7;0;1;0;1;24;C01
200900006279;0;7;0;1;2;3;1;A01
200900006279;0;7;0;0;2;3;24;B01
200900006280;0;38;1;0;1;3;15;A01
200900006281;1;7;0;0;1;3;1;A01
200900006282;0;7;0;0;1;2;1;A01
200900006283;0;7;0;0;1;1;17;A01
200900006283;0;7;0;0;2;1;24;C01
200900006284;1;7;0;0;1;4;4;A01
200900006285;0;30;0;0;1;1;1;A01
200900006286;0;7;0;0;1;1;1;A01
200900006287;0;2;0;0;2;9;2;A01
200900006287;0;7;0;0;2;6;2;B01
200900006288;0;33;0;0;2;1;21;B01
200900006288;0;7;0;0;2;0;10;A01
200900006289;2;7;0;0;2;1;2;A01
200900006289;0;7;0;0;0;4;1;B01
200900006290;0;10;0;6;2;2;16;B02
200900006291;0;7;0;0;2;1;21;A01
200900006291;0;7;0;0;2;4;1;B01
200900006292;0;33;0;0;2;2;17;A01
200900006292;0;7;0;0;2;3;13;B01
200900006293;0;7;0;0;2;1;13;A01
200900006293;0;7;0;0;2;3;21;B01
200900006294;0;2;0;0;0;8;1;A01
200900006295;0;33;0;0;0;1;1;A01
200900006295;0;33;0;0;0;4;1;B02
200900006296;0;7;0;0;2;1;13;A01
200900006296;0;7;0;0;2;3;1;B02
200900006297;0;2;0;0;2;5;0;B02
200900006297;0;7;0;0;2;3;9;A01
200900006298;0;31;0;0;2;1;17;B02
200900006298;0;7;0;0;2;8;19;A01
200900006299;0;7;0;0;2;3;1;B02
200900006299;0;33;0;0;2;3;0;A01
200900006300;0;7;0;6;0;1;0;A01
200900006301;0;7;0;0;2;1;13;A01
200900006301;0;31;0;0;2;1;1;B02
200900006302;0;38;30;0;0;6;23;A01
200900006302;0;17;0;1;0;2;0;B02
200900006303;0;36;0;6;0;1;1;A01
200900006304;0;30;0;11;0;1;1;A01
200900006305;0;7;0;0;2;1;1;A01
200900006305;0;7;0;0;2;1;13;B02
200900006306;0;7;0;2;0;1;1;A01
200900006307;0;7;0;0;2;8;19;A01
200900006307;0;7;0;0;2;1;1;B02
200900006308;0;30;0;0;4;3;1;A01
200900006308;0;39;0;0;2;2;1;B02
200900006309;0;7;0;0;0;4;13;A01
200900006310;0;14;0;0;1;4;4;A01
200900006311;0;99;0;0;2;4;1;B02
200900006311;0;7;0;0;1;2;1;A01
200900006312;0;7;0;0;2;2;15;A01
200900006312;0;33;0;0;2;1;1;B02
200900006313;0;7;0;0;1;3;1;A01
200900006314;0;30;0;0;2;1;13;A01
200900006314;0;7;0;0;2;3;2;B01
200900006315;0;7;0;0;2;1;1;B02
200900006315;0;7;0;0;2;7;13;A01
200900006316;0;31;0;8;0;1;0;A01
200900006317;0;7;0;13;0;1;1;A01
200900006318;0;7;0;0;2;1;1;B02
200900006318;0;7;0;0;2;6;15;C03
200900006318;0;7;0;0;2;1;1;A01
200900006319;0;7;0;0;2;3;13;A01
200900006319;0;10;0;0;2;8;21;B02
200900006320;0;7;0;0;1;7;1;A01
200900006321;0;7;0;0;2;1;1;A01
200900006321;0;7;0;0;2;1;1;B02
200900006322;0;14;0;0;2;8;0;A01
200900006322;0;7;0;0;2;1;0;B02
200900006323;0;7;0;6;0;2;0;A01
200900006324;0;7;0;0;2;3;1;B02
200900006324;0;7;0;0;2;2;1;A01
200900006325;0;7;0;0;2;1;1;B01
200900006325;0;7;0;0;2;7;15;A01
200900006326;0;7;0;0;2;3;1;A01
200900006326;0;30;0;0;2;3;17;B02
200900006327;0;7;0;0;2;3;1;B02
200900006327;0;7;0;0;2;3;11;A01
200900006328;0;7;0;2;0;3;2;A01
200900006329;0;33;0;0;0;0;1;B01
200900006329;0;14;0;0;0;0;15;A01
200900006330;0;7;0;6;0;2;1;A01
200900006331;0;33;0;12;0;1;1;A01
200900006332;0;7;0;2;0;1;1;A01
200900006333;0;7;0;0;2;2;15;A01
200900006333;0;30;0;0;2;1;1;B01
200900006334;0;7;0;0;1;0;2;A01
200900006335;0;1;0;0;0;8;9;A01
200900006335;0;34;0;0;9;1;1;B01
200900006336;0;7;0;0;0;3;15;A01
200900006336;0;33;0;0;0;1;1;B02
200900006337;0;7;0;0;1;3;0;A01
200900006338;0;7;0;0;2;1;13;A01
200900006338;0;7;0;0;2;1;1;B02
200900006339;0;3;0;0;2;3;1;B02
200900006339;0;7;0;0;2;3;13;A01
200900006340;0;7;0;0;1;1;0;A01
200900006341;0;7;0;13;2;3;13;A01
200900006341;0;7;0;0;0;1;1;B01
200900006342;0;7;0;13;0;7;1;A01
200900006342;0;7;0;0;0;1;1;B02
200900006343;0;7;0;0;2;3;1;B02
200900006343;0;7;0;0;2;6;13;A01
200900006344;0;7;0;0;2;3;0;B01
200900006344;0;7;0;0;2;1;13;A01
200900006345;0;7;0;2;0;8;14;A01
200900006346;0;7;0;8;0;9;15;A01
200900006347;0;7;0;13;0;2;1;A01
200900006348;0;7;0;0;2;5;1;A01
200900006348;0;7;0;0;2;1;1;B02
200900006348;0;7;0;0;2;1;19;C03
200900006349;0;10;0;13;0;1;14;A01
200900006350;0;7;0;0;2;3;1;A01
200900006350;0;32;0;0;2;8;1;B01
200900006351;0;14;0;0;0;3;0;B02
200900006351;0;7;0;0;2;2;1;A01
200900006352;0;33;0;0;2;1;1;B02
200900006352;0;7;0;0;2;8;10;A01
200900006353;0;7;0;0;2;1;1;B02
200900006353;0;7;0;0;2;1;17;A01
200900006354;0;7;0;0;1;7;1;A01
200900006355;0;7;0;0;2;1;1;B01
200900006355;0;7;0;0;2;1;2;A01
200900006355;0;10;0;0;0;0;0;D01
200900006355;0;7;0;0;0;5;2;C01
200900006356;0;33;0;0;2;1;1;A01
200900006357;0;7;0;13;0;2;1;A01
200900006358;0;33;0;0;2;1;1;C03
200900006358;0;10;0;0;2;3;1;D04
200900006358;0;14;0;0;2;3;1;B02
200900006358;0;7;0;0;2;3;13;A01
200900006359;0;31;0;0;2;1;13;A01
200900006359;0;7;0;0;2;3;1;B02
200900006360;0;3;0;0;2;3;19;A01
200900006360;0;7;0;0;2;1;19;B02
200900006361;0;7;0;0;2;5;2;B02
200900006361;0;30;0;0;2;1;2;A01
200900006362;0;7;0;9;0;2;14;A01
200900006363;0;7;0;0;2;3;13;A01
200900006363;0;7;0;0;2;3;1;B02
200900006364;0;17;0;0;2;8;15;A01
200900006364;0;33;0;0;2;1;17;B02
200900006365;0;33;0;0;2;1;17;A01
200900006365;0;7;0;0;2;8;15;B01
200900006366;0;7;0;0;2;1;15;A01
200900006366;0;33;0;0;2;1;17;B01
200900006367;0;2;0;0;2;1;2;A01
200900006367;0;7;0;0;2;4;1;B01
200900006368;0;7;0;0;2;1;2;A01
200900006368;0;7;0;0;2;4;1;B01
200900006369;0;31;0;0;2;1;17;A01
200900006369;0;7;0;0;2;0;9;B01
200900006370;0;2;0;0;2;7;17;A01
200900006370;0;14;0;0;2;1;9;B01
200900006371;0;7;0;0;2;4;2;B01
200900006371;0;7;0;0;2;1;2;A01
200900006372;0;7;0;0;2;1;1;C01
200900006372;0;7;0;0;2;7;1;B01
200900006372;0;7;0;0;2;2;9;A01
200900006373;0;7;0;0;2;3;1;B01
200900006373;0;2;0;0;2;1;15;A01
200900006374;0;7;0;0;2;0;9;A01
200900006374;0;33;0;0;2;0;1;B01
200900006375;0;7;0;2;0;2;1;A01
200900006376;0;30;0;0;2;4;2;B01
200900006376;0;2;0;0;2;1;2;A01
200900006377;0;33;0;0;2;1;1;B02
200900006377;0;7;0;0;2;3;15;A01
200900006378;0;7;0;0;0;0;0;A01
200900006378;0;10;0;0;0;0;0;B01
200900006379;0;7;0;0;1;4;4;A01
200900006380;0;17;0;0;1;2;23;A01
200900006381;0;7;0;0;1;0;1;A01
200900006382;1;7;0;0;1;8;0;A01
200900006383;0;7;0;0;2;1;1;B02
200900006383;0;7;0;0;2;1;15;A01
200900006384;0;7;0;6;0;3;1;A01
200900006385;1;99;0;0;1;1;1;A01
200900006386;0;7;0;0;2;1;13;A01
200900006386;0;1;0;0;2;1;1;B02
200900006386;0;1;0;0;2;1;1;C03
200900006387;0;7;0;6;0;1;1;A01
200900006388;0;7;0;0;2;6;15;B02
200900006388;0;33;0;0;2;1;17;A01
200900006389;0;7;0;8;2;3;5;A01
200900006389;0;2;0;0;2;8;1;B02
200900006390;0;7;0;3;0;3;1;A01
200900006391;0;7;0;0;2;7;16;B02
200900006391;0;30;0;0;2;1;18;A01
200900006392;0;10;0;0;2;3;0;A01
200900006392;0;7;0;0;2;3;0;B02
200900006393;0;10;0;3;0;1;1;A01
200900006394;0;7;0;0;2;6;15;A01
200900006394;0;2;0;0;2;1;1;B02
200900006395;0;10;0;0;2;3;1;B02
200900006395;0;7;0;0;2;3;13;A01
200900006396;0;2;0;0;2;1;1;A01
200900006396;0;10;0;0;2;8;1;B02
200900006397;0;15;0;0;2;3;1;B02
200900006397;0;33;0;0;2;1;13;A01
200900006398;0;7;0;0;1;3;1;A01
200900006399;0;2;0;0;2;8;13;A01
200900006399;0;7;0;0;2;8;1;B02
200900006400;0;99;0;0;2;1;16;A01
200900006400;0;1;0;0;2;5;1;B02
200900006401;0;7;0;0;2;3;13;A01
200900006401;0;7;0;0;2;3;1;B02
200900006402;0;7;0;0;9;1;9;A01
200900006402;0;2;0;0;2;6;1;B01
200900006403;0;15;0;0;2;8;11;B01
200900006403;0;7;0;12;0;7;1;A01
200900006404;0;7;0;13;0;0;1;A01
200900006405;0;7;0;3;2;9;0;B02
200900006405;0;7;0;14;1;1;21;A01
200900006406;0;33;0;16;0;0;1;A01
200900006407;0;7;0;0;2;1;5;A01
200900006407;0;7;0;0;2;1;1;B02
200900006408;0;7;0;13;0;3;17;A01
200900006409;0;1;0;0;2;1;5;A01
200900006409;0;31;0;0;2;1;5;B02
200900006410;0;7;0;0;2;1;1;A01
200900006410;0;7;0;0;2;2;15;B01
200900006411;0;7;0;0;1;2;1;A01
200900006412;0;7;0;0;2;7;1;B01
200900006412;0;7;0;0;2;1;15;A01
200900006413;0;14;0;0;1;7;1;A01
200900006414;0;7;0;4;0;3;21;A01
200900006415;1;7;0;0;1;0;16;Z01
200900006416;0;7;0;11;0;1;1;A01
200900006417;0;7;0;0;2;3;1;C03
200900006417;0;7;0;0;2;7;1;B02
200900006417;0;7;0;0;2;1;1;A01
200900006418;0;33;0;0;2;7;17;A01
200900006418;0;7;0;0;2;8;1;C03
200900006418;0;7;0;6;2;8;1;B02
200900006419;0;7;0;2;0;9;13;A01
200900006420;0;33;0;0;1;1;1;A01
200900006421;0;7;0;0;2;3;13;B02
200900006421;0;7;0;0;2;8;1;A01
200900006421;0;7;0;0;2;2;1;C03
200900006421;0;7;0;0;2;8;1;D04
200900006422;0;7;0;0;2;9;0;B02
200900006422;0;7;0;0;2;7;0;A01
200900006423;0;7;0;0;2;1;1;B01
200900006423;0;7;0;0;2;1;11;A01
200900006424;0;7;0;0;1;3;15;A01
200900006425;0;7;0;9;2;1;1;A01
200900006425;0;7;0;0;2;3;1;B01
200900006426;0;33;0;0;2;1;1;B02
200900006426;0;7;0;0;2;5;9;A01
200900006427;0;30;0;0;2;1;1;B01
200900006427;1;7;0;0;2;5;1;A01
200900006428;0;7;0;0;1;1;1;A01
200900006429;0;31;0;0;2;1;1;B01
200900006429;0;7;0;0;2;3;19;A01
200900006430;0;37;1;0;1;2;0;A01
200900006431;0;7;0;0;2;1;2;A01
200900006431;0;7;0;0;0;4;2;B02
200900006432;0;7;0;0;9;8;19;B02
200900006432;0;7;0;0;0;2;1;C03
200900006432;0;32;0;0;2;1;3;A01
200900006433;0;7;0;0;2;8;1;B01
200900006433;0;7;0;0;2;1;13;A01
200900006434;0;10;0;0;1;1;15;A01
200900006435;0;7;0;0;2;1;1;B01
200900006435;2;7;0;0;2;1;5;A01
200900006436;0;7;0;0;2;3;11;A01
200900006436;0;14;0;0;2;2;1;B01
200900006437;0;32;0;0;0;2;1;A01
200900006438;0;2;0;0;2;1;1;B01
200900006438;0;7;0;0;2;2;15;A01
200900006439;0;7;0;0;2;1;15;A01
200900006439;0;30;0;0;2;1;1;B01
200900006440;0;7;0;0;1;1;1;A01
200900006441;0;7;0;0;2;4;1;B01
200900006441;0;10;0;0;2;1;2;A01
200900006442;0;7;0;0;1;1;1;A01
200900006443;0;7;0;8;0;1;1;A01
200900006444;0;7;0;0;1;1;1;A01
200900006445;0;7;0;0;1;4;4;A01
200900006446;0;7;0;0;2;7;15;A01
200900006446;0;7;0;0;2;1;1;B01
200900006447;0;7;0;6;0;1;1;A01
200900006448;0;7;0;0;2;8;9;A01
200900006448;0;7;0;0;2;1;1;B01
200900006449;0;7;0;8;0;1;1;A01
200900006450;0;7;0;0;2;1;15;A01
200900006450;0;2;0;0;2;3;1;B01
200900006451;0;1;0;0;2;8;19;B01
200900006451;0;7;0;0;2;3;15;A01
200900006452;0;7;0;0;2;1;1;A01
200900006452;0;7;0;10;2;1;23;C01
200900006452;0;30;0;0;2;1;1;B01
200900006453;0;1;0;0;2;1;19;B01
200900006453;0;7;0;0;1;1;1;A01
200900006454;0;7;0;2;0;8;1;A01
200900006455;0;7;0;0;2;4;2;B01
200900006455;0;7;0;0;2;4;2;C01
200900006455;0;7;0;0;2;1;2;A01
200900006456;0;7;0;0;2;2;1;A01
200900006456;0;7;0;0;2;6;0;B01
200900006457;0;1;0;0;2;1;1;C01
200900006457;0;7;0;0;2;3;23;B01
200900006457;0;7;0;0;2;2;14;A01
200900006458;0;7;0;0;2;3;1;B01
200900006458;0;1;0;0;2;1;5;A01
200900006459;0;7;0;0;2;1;1;A01
200900006460;0;7;0;0;2;8;15;B01
200900006460;0;2;0;0;2;1;17;A01
200900006461;0;40;0;0;1;1;1;A01
200900006462;0;7;0;0;2;4;2;B01
200900006462;0;7;0;0;2;1;2;A01
200900006463;0;1;0;0;2;3;1;B01
200900006463;0;7;0;0;2;2;1;A01
200900006464;0;7;0;0;2;1;1;B01
200900006464;0;7;0;0;2;3;16;A01
200900006465;0;7;0;0;1;1;15;A01
200900006466;0;30;0;0;1;1;1;A01
200900006467;0;7;0;0;2;1;1;B01