num_acc;senc;catv;occutc;obs;obsm;choc;manv;num_veh
200900006467;0;7;0;0;2;1;2;C01
200900006467;0;7;0;0;2;1;1;D01
200900006467;0;7;0;0;2;1;13;A01
200900006468;0;7;0;0;1;3;15;A01
200900006469;0;7;0;15;0;1;1;A01
200900006470;0;7;0;0;2;6;1;B01
200900006470;0;7;0;0;2;1;1;A01
200900006471;0;2;0;0;2;1;1;A01
200900006471;0;7;0;0;2;3;1;B01
200900006472;0;1;0;0;0;0;1;B01
200900006472;0;7;0;0;2;0;15;A01
200900006473;0;7;0;0;2;1;1;A01
200900006474;0;7;0;0;2;0;1;A01
200900006474;0;1;0;0;2;1;0;B01
200900006475;0;7;0;0;1;1;1;A01
200900006476;0;7;0;0;2;1;1;A01
200900006476;0;7;0;0;2;4;23;B01
200900006477;0;7;0;0;2;1;16;A01
200900006477;0;1;0;0;2;8;19;B01
200900006478;0;7;0;0;2;3;9;A01
200900006478;0;2;0;0;2;1;1;B01
200900006479;0;7;0;1;2;2;1;A01
200900006479;0;7;0;0;2;3;1;B01
200900006480;0;7;0;15;0;1;1;A01
200900006481;0;7;0;2;0;3;1;C03
200900006481;0;7;0;0;2;1;1;A01
200900006481;0;7;0;0;2;1;1;B02
200900006482;0;7;0;0;2;1;1;A01
200900006482;0;2;0;0;2;4;1;B02
200900006483;0;7;0;16;0;2;1;A01
200900006484;0;30;0;0;0;1;1;A01
200900006485;0;7;0;2;0;2;1;A01
200900006486;0;7;0;0;0;0;0;A01
200900006487;0;7;0;0;0;0;12;A01
200900006488;0;7;0;0;9;5;16;A01
200900006488;0;1;0;0;2;1;1;B02
200900006489;0;31;0;0;2;1;1;A01
200900006489;0;7;0;0;2;3;19;B02
200900006490;0;7;0;0;0;0;2;B02
200900006490;0;7;0;0;2;3;1;C03
200900006490;0;2;0;0;2;1;13;A01
200900006491;0;7;0;0;5;0;21;A01
200900006492;0;7;0;4;0;2;1;A01
200900006493;0;7;0;0;0;1;1;A01
200900006494;0;7;0;16;0;7;19;A01
200900006495;0;10;0;0;1;1;1;A01
200900006496;0;31;0;13;0;0;1;A01
200900006497;0;7;0;1;2;2;1;A01
200900006497;0;15;0;0;2;2;0;C01
200900006497;0;7;0;0;2;8;0;B01
200900006498;0;17;0;0;2;2;12;A01
200900006498;0;7;0;3;0;8;1;B01
200900006499;0;7;0;4;0;8;2;A01
200900006500;0;17;0;0;2;2;12;A01
200900006500;0;7;0;0;0;6;1;B01
200900006501;0;7;0;0;0;6;1;A01
200900006501;0;7;0;0;2;2;11;B01
200900006502;0;7;0;0;2;3;1;B02
200900006502;0;17;0;0;2;8;1;A01
200900006503;0;1;0;0;2;7;1;B01
200900006503;0;7;0;0;2;1;1;A01
200900006504;0;7;0;0;2;1;1;A01
200900006504;0;7;0;0;2;4;23;B01
200900006505;0;7;0;2;0;3;0;A01
200900006506;0;7;0;0;1;1;1;A01
200900006507;0;3;0;0;2;2;1;B01
200900006507;0;2;0;0;2;1;9;A01
200900006508;0;7;0;0;2;3;5;A01
200900006508;0;7;0;0;2;3;1;B02
200900006509;0;7;0;2;0;1;1;A01
200900006510;0;7;0;6;0;1;1;A01
200900006511;0;7;0;0;1;1;1;A01
200900006512;0;7;0;0;0;9;14;A01
200900006513;0;17;0;0;9;1;1;A01
200900006513;0;1;0;0;2;6;11;B01
200900006514;0;7;0;13;0;1;15;A01
200900006515;0;7;0;2;0;8;1;A01
200900006516;0;33;0;0;2;2;19;A01
200900006516;0;33;0;0;2;3;1;B01
200900006517;0;7;0;14;0;1;1;A01
200900006517;0;7;0;1;0;4;23;B01
200900006518;0;1;0;0;2;7;1;A01
200900006518;0;7;0;0;2;1;19;B02
200900006519;0;7;0;0;2;1;1;A01
200900006519;0;7;0;13;2;7;1;B01
200900006520;0;7;0;0;2;1;1;A01
200900006520;0;7;0;0;2;7;19;B02
200900006521;0;7;0;0;2;2;21;A01
200900006521;0;7;0;0;2;6;23;B01
200900006521;0;7;0;0;2;1;1;C01
200900006522;0;7;0;13;0;1;13;B01
200900006522;0;7;0;2;0;1;1;A01
200900006523;0;7;0;0;1;3;1;A01
200900006524;0;7;0;0;2;3;1;B01
200900006524;0;33;0;0;2;1;1;A01
200900006525;0;30;0;0;2;1;1;B01
200900006525;0;7;0;0;2;6;19;A01
200900006526;0;10;0;0;1;1;2;A01
200900006527;0;7;0;0;2;1;1;B02
200900006527;0;7;0;0;2;7;13;A01
200900006528;0;7;0;0;2;2;15;B01
200900006528;0;33;0;0;2;1;1;A01
200900006529;0;7;0;0;2;1;2;A01
200900006529;0;7;0;0;0;5;2;B02
200900006530;0;7;0;2;0;1;1;A01
200900006531;0;7;0;0;2;1;1;A01
200900006531;0;7;0;0;2;8;1;B01
200900006532;0;7;0;0;0;0;21;A01
200900006533;0;30;0;0;2;1;2;A01
200900006533;0;7;0;0;2;5;2;B01
200900006534;0;2;0;0;2;1;1;B01
200900006534;0;7;0;0;2;3;9;A01
200900006535;0;33;0;8;0;8;17;A01
200900006536;0;7;0;0;2;1;16;B01
200900006536;0;31;0;0;0;0;0;A01
200900006537;0;1;0;0;2;8;1;B01
200900006537;0;2;0;0;2;1;1;A01
200900006538;0;7;0;13;0;1;1;A01
200900006539;0;7;0;13;0;1;14;A01
200900006540;0;37;15;0;1;7;1;A01
200900006541;0;2;0;0;2;1;1;B02
200900006541;0;7;0;0;0;8;16;A01
200900006542;0;7;0;0;0;3;13;A01
200900006542;0;7;0;0;0;4;1;B02
200900006543;0;7;0;16;0;2;1;A01
200900006544;0;10;0;0;2;1;1;A01
200900006544;0;7;0;0;2;7;1;B02
200900006545;0;7;0;0;2;1;1;A01
200900006545;0;7;0;0;2;8;1;B01
200900006546;0;7;0;0;2;3;15;B01
200900006546;0;32;0;0;2;7;1;A01
200900006547;0;1;0;0;1;1;1;A01
200900006548;0;33;0;0;2;1;1;B01
200900006548;0;7;0;0;2;3;15;A01
200900006549;0;33;0;0;2;1;17;A01
200900006549;0;7;0;0;2;2;15;B01
200900006550;0;7;0;0;2;1;13;A01
200900006550;0;7;0;0;2;1;1;B02
200900006551;0;7;0;0;1;1;1;A01
200900006552;0;3;0;0;9;2;1;A01
200900006552;0;1;0;0;2;6;1;B02
200900006553;0;7;0;0;0;8;1;A01
200900006553;0;7;0;0;0;1;1;B02
200900006554;0;7;0;0;0;8;10;A01
200900006554;0;10;0;0;2;1;1;B02
200900006555;0;7;0;0;0;0;16;A01
200900006555;0;30;0;0;0;7;1;B01
200900006556;0;7;0;2;0;9;1;A01
200900006557;0;7;0;0;2;1;1;A01
200900006557;0;7;0;0;2;7;2;B02
200900006558;0;10;0;10;0;1;1;A01
200900006559;0;7;0;0;2;1;1;B02
200900006559;0;7;0;0;2;1;15;A01
200900006560;0;10;0;0;2;1;5;B01
200900006560;0;10;0;0;2;1;6;A01
200900006561;0;2;0;0;2;1;1;B01
200900006561;0;13;0;0;2;3;9;A01
200900006562;0;33;0;0;2;1;1;B02
200900006562;0;33;0;0;2;1;13;A01
200900006563;0;32;0;6;0;2;15;A01
200900006564;0;10;0;0;2;3;1;B02
200900006564;0;10;0;0;2;3;1;A01
200900006565;0;7;0;0;2;3;0;A01
200900006565;0;15;0;0;2;3;1;B02
200900006566;0;7;0;0;9;1;11;A01
200900006566;0;1;0;0;2;1;1;B02
200900006567;0;10;0;0;0;4;23;B02
200900006567;0;17;0;1;1;1;1;A01
200900006567;0;15;0;0;0;8;23;C03
200900006568;0;21;0;0;2;3;15;A01
200900006568;0;7;0;0;2;1;17;B02
200900006569;0;7;0;0;1;1;1;A01
200900006570;1;7;0;0;1;1;17;A01
200900006571;0;21;0;0;0;5;15;B02
200900006571;0;33;0;0;2;1;17;A01
200900006571;0;10;0;0;2;3;1;C03
200900006572;0;10;0;0;9;1;13;A01
200900006572;0;1;0;;;1;1;B02
200900006573;0;7;0;0;1;3;1;A01
200900006574;0;10;0;0;2;1;1;B02
200900006574;0;7;0;0;0;6;10;A01
200900006575;0;14;0;0;2;3;1;B02
200900006575;0;33;0;0;2;1;1;A01
200900006576;0;7;0;13;0;0;1;A01
200900006577;0;7;0;0;2;8;6;A01
200900006577;0;7;0;0;2;1;1;B02
200900006578;0;7;0;0;0;1;1;A01
200900006578;0;7;0;0;0;1;1;B02
200900006579;0;10;0;2;0;1;1;A01
200900006580;0;7;0;0;2;2;1;A01
200900006580;0;7;0;0;2;3;1;B02
200900006581;0;33;0;0;2;1;1;A01
200900006581;0;7;0;0;0;5;15;B02
200900006582;0;7;0;0;2;5;13;A01
200900006582;0;7;0;0;2;3;1;B02
200900006583;0;7;0;0;2;1;2;A01
200900006583;0;7;0;0;2;4;2;B02
200900006584;0;7;0;2;0;8;1;A01
200900006585;0;14;0;0;1;1;2;A01
200900006586;0;7;0;0;2;2;15;A01
200900006586;0;7;0;0;2;3;1;B02
200900006587;1;7;0;0;0;0;17;B02
200900006587;0;7;0;3;0;2;14;A01
200900006588;0;17;0;0;2;8;19;A01
200900006588;0;7;0;0;2;1;1;B02
200900006589;0;7;0;0;2;1;1;B02
200900006589;0;7;0;0;2;5;13;A01
200900006590;0;14;0;0;0;3;0;C03
200900006590;0;7;0;0;2;3;2;A01
200900006590;0;7;0;0;0;4;15;B02
200900006591;0;10;0;0;2;3;1;A01
200900006591;0;17;0;0;2;8;15;B02
200900006592;0;10;0;0;0;1;1;A01
200900006593;0;1;0;0;2;7;1;B02
200900006593;0;7;0;0;2;3;1;A01
200900006594;0;7;0;0;2;1;2;B02
200900006594;0;7;0;11;2;3;3;A01
200900006595;0;7;0;0;2;1;1;B02
200900006595;0;7;0;0;2;1;13;A01
200900006596;0;7;0;0;2;3;1;B02
200900006596;0;7;0;0;2;2;19;A01
200900006597;0;7;0;0;2;1;1;B02
200900006597;0;7;0;0;2;1;5;A01
200900006598;0;7;0;2;0;9;1;A01
200900006599;0;14;0;0;2;1;15;B02
200900006599;0;7;0;0;2;1;1;A01
200900006600;0;7;0;0;1;2;1;A01
200900006601;0;7;0;3;2;1;5;B01
200900006601;0;7;0;3;2;1;5;A01
200900006602;0;7;0;16;0;1;13;A01
200900006603;0;1;0;0;0;4;2;B02
200900006603;0;7;0;0;2;2;17;A01
200900006604;0;17;0;0;1;4;0;A01
200900006605;0;7;0;0;0;6;19;A01
200900006605;0;33;0;0;0;3;21;B02
200900006606;0;7;0;13;0;9;14;A01
200900006607;0;7;0;0;2;1;1;A01
200900006607;0;33;0;0;2;8;1;B02
200900006608;0;33;0;3;0;9;1;A01
200900006609;0;7;0;0;0;4;2;B02
200900006609;0;30;0;0;2;1;2;A01
200900006610;0;10;0;0;1;2;20;A01
200900006611;0;7;0;0;2;3;15;B01
200900006611;0;2;0;0;2;1;3;A01
200900006612;0;7;0;0;2;3;15;A01
200900006612;0;7;0;0;2;2;1;B01
200900006613;0;7;0;9;2;3;1;B01
200900006613;0;2;0;0;2;2;9;A01
200900006614;0;30;0;0;2;1;15;A01
200900006614;0;7;0;0;2;1;1;B01
200900006615;0;7;0;0;1;1;1;A01
200900006616;0;7;0;0;2;4;2;C01
200900006616;0;7;0;0;2;1;1;A01
200900006616;0;7;0;0;2;4;2;B01
200900006617;0;7;0;0;2;4;2;C01
200900006617;0;7;0;0;2;1;1;A01
200900006617;0;7;0;0;2;4;2;B01
200900006618;0;7;0;0;1;1;0;A01
200900006619;0;7;0;13;0;1;1;A01
200900006620;0;33;0;5;0;1;1;D01
200900006621;0;31;0;7;0;1;1;A01
200900006622;0;7;0;7;0;1;1;A01
200900006623;0;7;0;0;2;1;16;A01
200900006623;0;1;0;0;2;4;19;B01
200900006624;0;7;0;0;2;5;17;A01
200900006624;0;7;0;0;2;0;1;B02
200900006625;0;7;0;0;2;7;1;A01
200900006625;0;1;0;0;2;4;2;B01
200900006626;0;7;0;0;9;2;9;A01
200900006626;0;2;0;0;2;3;1;B01
200900006627;0;7;0;0;2;2;15;A01
200900006627;0;1;0;0;2;2;15;B01
200900006628;0;30;0;0;1;1;1;A01
200900006629;0;7;0;1;0;2;1;A01
200900006630;0;7;0;0;1;3;24;B01
200900006630;0;7;0;1;0;2;1;A01
200900006631;0;7;0;0;2;1;1;A01
200900006631;0;7;0;0;2;4;1;B01
200900006632;0;30;0;0;2;3;17;A01
200900006632;0;7;0;0;2;1;1;B01
200900006633;0;7;0;0;2;1;13;A01
200900006633;0;7;0;0;2;3;1;B01
200900006634;0;31;0;0;2;2;1;B01
200900006634;0;7;0;0;2;3;9;A01
200900006635;0;7;0;0;1;1;1;A01
200900006636;0;7;0;0;2;1;15;A01
200900006636;0;30;0;0;2;2;1;B01
200900006637;0;7;0;0;2;2;1;B01
200900006637;0;30;0;0;2;1;5;A01
200900006638;0;10;0;1;0;6;0;B02
200900006638;0;7;0;0;1;2;1;A01
200900006639;0;2;0;0;1;1;1;A01
200900006640;0;7;0;9;2;1;14;A01
200900006641;0;7;0;0;2;4;2;C01
200900006641;0;7;0;0;2;1;2;A01
200900006641;0;7;0;0;2;4;2;B01
200900006642;0;30;0;0;2;1;1;B01
200900006642;0;7;0;0;2;2;15;A01
200900006643;0;7;0;0;2;5;23;B01
200900006643;0;7;0;0;2;1;2;A01
200900006644;0;7;0;0;0;6;15;A01
200900006644;0;34;0;0;2;1;1;B01
200900006645;0;7;0;6;0;1;1;A01
200900006646;0;7;0;0;1;1;1;A01
200900006647;0;7;0;0;2;2;15;A01
200900006647;0;33;0;0;2;1;1;B01
200900006648;0;7;0;0;1;4;20;A01
200900006649;0;30;0;0;2;1;1;B01
200900006649;0;7;0;0;2;1;6;A01
200900006650;0;30;0;0;1;1;1;A01
200900006651;0;7;0;0;2;2;1;B01
200900006651;0;7;0;0;2;3;15;A01
200900006652;0;10;0;0;2;7;1;A01
200900006652;0;7;0;0;2;2;0;B01
200900006653;0;7;0;0;2;4;2;B01
200900006653;0;30;0;0;2;1;1;A01
200900006654;0;7;0;0;2;3;1;B01
200900006654;0;7;0;0;2;2;1;A01
200900006655;0;3;0;0;2;1;1;A01
200900006655;0;10;0;0;2;1;23;B02
200900006656;0;7;0;0;2;3;15;A01
200900006656;0;7;0;0;2;1;1;B01
200900006657;0;7;0;0;2;1;13;A01
200900006657;0;7;0;0;2;1;1;B01
200900006658;0;30;0;0;2;1;1;B01
200900006658;0;7;0;0;2;3;15;A01
200900006659;0;7;0;0;1;1;0;A01
200900006660;0;7;0;0;2;3;1;B02
200900006660;0;10;0;0;2;3;1;A01
200900006661;0;2;0;0;2;8;1;B01
200900006661;0;7;0;0;2;1;9;A01
200900006662;0;30;0;0;1;1;16;A01
200900006663;0;7;0;0;2;8;1;B01
200900006663;0;10;0;0;2;1;1;A01
200900006664;0;7;0;0;1;1;1;A01
200900006665;0;7;0;0;1;3;15;A01
200900006666;0;7;0;0;9;0;10;B01
200900006666;0;33;0;16;9;0;1;A01
200900006667;0;7;0;0;1;1;16;A01
200900006668;0;7;0;0;2;3;15;A01
200900006668;0;1;0;0;2;8;1;B01
200900006669;0;2;0;0;2;1;17;A01
200900006669;0;7;0;0;9;1;15;B01
200900006670;0;7;0;0;2;3;15;A01
200900006670;0;2;0;0;2;8;1;B01
200900006671;0;7;0;13;0;1;1;A01
200900006672;0;7;0;0;2;2;17;A01
200900006672;0;7;0;0;2;8;10;B01
200900006673;0;7;0;13;0;9;1;A01
200900006674;0;30;0;0;2;1;17;A01
200900006674;0;7;0;0;2;4;1;B01
200900006675;0;7;0;0;2;1;1;A01
200900006675;0;17;0;0;0;0;1;B02
200900006676;0;7;0;2;0;1;16;A01
200900006677;0;10;0;2;0;3;1;A01
200900006678;0;7;0;0;2;1;15;A01
200900006678;0;30;0;0;2;1;1;B02
200900006679;0;7;0;0;2;2;17;A01
200900006679;0;7;0;0;2;3;17;B02
200900006680;0;7;0;2;0;3;1;A01
200900006681;0;7;0;0;2;2;15;A01
200900006681;0;1;0;0;2;0;1;B01
200900006682;0;7;0;0;2;1;1;B01
200900006682;0;7;0;0;2;1;13;A01
200900006683;0;7;0;8;0;2;1;A01
200900006684;0;7;0;0;1;1;1;A01
200900006685;0;38;4;0;0;0;21;B02
200900006685;0;7;0;13;0;1;14;A01
200900006686;0;7;0;0;0;3;1;A01
200900006687;0;7;0;13;0;3;1;A01
200900006688;0;7;0;0;2;3;1;A01
200900006688;0;2;0;0;2;8;19;B01
200900006689;0;7;0;0;2;1;1;B01
200900006689;0;7;0;0;2;7;1;A01
200900006690;0;21;0;0;2;4;1;B02
200900006690;0;15;0;0;2;1;1;A01
200900006691;0;7;0;0;2;2;1;B02
200900006691;0;7;0;0;2;2;17;A01
200900006691;0;7;0;0;2;1;1;C03
200900006692;0;33;0;16;0;3;1;A01
200900006693;0;7;0;0;1;1;15;A01
200900006694;0;7;0;0;0;4;20;B02
200900006694;0;7;0;0;2;2;2;A01
200900006695;0;33;0;0;0;1;1;A01
200900006696;0;7;0;0;2;1;1;A01
200900006696;0;1;0;0;2;1;13;B02
200900006697;0;1;0;0;2;8;1;A02
200900006698;0;33;0;0;2;2;1;B02
200900006698;0;10;0;0;2;1;19;A01
200900006699;0;7;0;2;0;1;13;A01
200900006700;0;7;0;2;0;2;1;A01
200900006701;0;7;0;0;2;3;1;B02
200900006701;0;7;0;0;2;3;13;A01
200900006702;0;7;0;0;2;3;19;A01
200900006702;0;1;0;0;2;1;1;B02
200900006703;0;7;0;0;2;7;19;A01
200900006703;0;7;0;0;2;1;1;B02
200900006704;0;33;0;16;0;8;1;A01
200900006705;0;7;0;0;2;1;17;A01
200900006705;0;33;0;0;2;1;1;B01
200900006706;0;33;0;12;0;8;16;A01
200900006707;0;7;0;8;2;2;13;A01
200900006707;0;10;0;0;2;2;1;B02
200900006708;0;2;0;0;2;1;1;B01
200900006708;0;7;0;0;2;3;13;A01
200900006709;0;31;0;0;2;2;5;B01
200900006709;0;7;0;0;2;2;9;A01
200900006710;0;7;0;0;0;3;19;B02
200900006710;0;7;0;0;2;1;1;A01
200900006711;0;7;0;11;0;1;1;A01
200900006712;0;7;0;7;0;1;0;A01
200900006713;0;30;0;0;0;1;1;A01
200900006714;0;7;0;0;2;1;1;B02
200900006714;0;7;0;0;2;1;13;A01
200900006715;0;7;0;0;2;1;1;B01
200900006715;0;7;0;0;2;3;19;A01
200900006716;0;7;0;0;2;1;2;A01
200900006716;0;7;0;0;2;4;0;B01
200900006716;0;7;0;0;0;0;2;C01
200900006717;0;7;0;0;1;3;1;A01
200900006718;0;2;0;0;2;1;2;A01
200900006718;0;1;0;0;2;4;1;B01
200900006719;0;7;0;0;1;0;4;A01
200900006720;0;7;0;0;9;3;15;A01
200900006720;0;33;0;0;2;1;1;B01
200900006721;0;7;0;0;2;3;15;A01
200900006721;0;30;0;0;2;1;1;B01
200900006722;0;7;0;0;1;3;1;A01
200900006723;0;30;0;0;2;1;1;B01
200900006723;0;7;0;0;2;1;15;A01
200900006724;0;7;0;0;2;1;1;B01
200900006724;0;7;0;0;2;1;1;C01
200900006724;2;7;0;0;2;1;1;A01
200900006725;0;30;0;0;2;1;1;B01
200900006725;0;7;0;0;2;0;15;A01
200900006726;1;7;0;0;2;7;1;B01
200900006726;0;33;0;0;2;8;1;A01
200900006727;0;7;0;12;0;1;1;A01
200900006728;1;7;0;0;2;1;13;B01
200900006728;0;2;0;0;2;1;1;A01
200900006729;0;7;0;0;2;1;9;A01
200900006729;0;7;0;0;2;7;1;B01
200900006730;0;33;0;0;2;1;1;B01
200900006730;0;7;0;0;2;8;15;A01
200900006731;0;7;0;2;0;2;14;A01
200900006732;0;31;0;1;2;1;13;A01
200900006733;0;2;0;0;2;1;0;B01
200900006733;0;7;0;0;2;1;9;A01
200900006734;0;30;0;0;0;0;2;A01
200900006735;0;7;0;0;2;2;19;A01
200900006735;0;36;0;0;2;1;1;B02
200900006736;0;7;0;0;2;1;14;A01
200900006737;0;7;0;0;2;8;15;B01
200900006737;0;2;0;0;2;1;17;A01
200900006738;0;30;0;0;1;1;1;A01
200900006739;0;7;0;0;2;3;15;B01
200900006739;0;31;0;0;2;2;0;A01
200900006740;0;7;0;0;1;3;1;A01
200900006741;0;7;0;0;1;1;1;A01
200900006742;0;33;0;0;2;2;17;A01
200900006742;0;7;0;0;9;8;15;B01
200900006743;0;7;0;0;2;1;2;A01
200900006743;0;33;0;0;2;4;2;B01
200900006744;0;7;0;0;2;8;13;A01
200900006744;0;7;0;0;2;3;1;B02
200900006745;0;33;0;1;0;1;1;A01
200900006746;0;7;0;0;9;3;1;C01
200900006746;0;33;0;0;2;1;13;A01
200900006746;0;7;0;0;9;6;1;B01
200900006747;0;7;0;6;0;3;1;A01
200900006748;0;7;0;0;2;1;15;A01
200900006748;0;30;0;0;2;1;1;B01
200900006749;0;7;0;0;1;1;1;A01
200900006750;0;33;0;12;0;1;1;A01
200900006751;0;7;0;0;9;1;23;C03
200900006751;0;33;0;0;2;1;1;A01
200900006751;0;10;0;0;2;8;19;B02
200900006752;0;7;0;0;2;4;2;B01
200900006752;0;30;0;0;2;1;2;A01
200900006753;0;7;0;0;2;2;1;B01
200900006753;0;7;0;0;2;1;0;A01
200900006754;0;33;0;0;2;3;1;B01
200900006754;0;7;0;0;2;1;15;A01
200900006755;0;7;0;0;2;4;15;B01
200900006755;0;7;0;0;2;1;2;A01
200900006756;0;7;0;1;2;1;23;D01
200900006756;0;7;0;1;2;1;1;A01
200900006756;0;7;0;0;2;7;24;C01
200900006757;0;33;0;0;2;1;17;B01
200900006757;0;7;0;0;2;8;15;A01
200900006758;0;1;0;0;2;7;1;B01
200900006758;0;7;0;0;2;1;9;A01
200900006759;0;10;0;0;2;2;15;A01
200900006759;0;10;0;0;2;3;1;B01
200900006760;0;7;0;0;2;2;9;A01
200900006760;0;1;0;0;2;8;0;B01
200900006761;0;7;0;0;2;4;2;B01
200900006761;0;7;0;0;2;4;2;C01
200900006761;0;7;0;0;2;1;1;A01
200900006762;0;1;0;0;2;4;9;B01
200900006762;0;7;0;0;9;1;9;A01
200900006763;0;7;0;0;2;3;15;A01
200900006763;0;2;0;0;2;1;1;B01
200900006764;0;7;0;0;1;2;1;A01
200900006765;0;7;0;6;0;9;17;A01
200900006766;0;7;0;9;0;1;5;A01
200900006767;0;30;0;0;2;8;1;B01
200900006767;0;10;0;0;2;1;1;A01
200900006768;0;7;0;0;2;1;1;B02
200900006768;0;7;0;0;2;1;13;A01
200900006769;0;7;0;0;2;4;1;B01
200900006769;0;7;0;0;2;1;2;A01
200900006770;0;30;0;0;2;3;15;A01
200900006770;0;7;0;0;2;2;16;B01
200900006771;0;7;0;8;0;2;1;A01
200900006772;0;7;0;0;1;1;1;A01
200900006773;0;7;0;0;1;7;1;A01
200900006774;0;20;0;0;2;8;1;A01
200900006774;0;7;0;0;2;1;1;B02
200900006775;0;7;0;0;2;9;13;A01
200900006775;0;7;0;0;2;1;1;B02
200900006776;0;7;0;0;1;3;1;A01
200900006777;0;7;0;0;1;3;1;A01
200900006778;0;10;0;0;2;1;21;A01
200900006778;0;7;0;0;2;6;1;B01
200900006778;0;7;0;0;2;1;5;C01
200900006779;0;31;0;0;1;3;0;B01
200900006779;0;7;0;0;2;2;16;A01
200900006780;0;7;0;0;1;1;1;A01
200900006781;0;2;0;13;0;0;13;A01
200900006782;0;2;0;0;2;1;1;B01
200900006782;0;7;0;0;2;7;15;A01
200900006783;0;15;0;0;2;1;1;B02
200900006783;0;7;0;0;2;7;13;A01
200900006784;0;7;0;0;2;3;15;A01
200900006784;0;31;0;0;2;7;1;B01
200900006785;0;2;0;6;0;1;14;A01
200900006786;0;31;0;0;2;1;3;A01
200900006786;0;7;0;0;2;3;15;B01
200900006787;0;7;0;3;0;1;1;A01
200900006788;0;7;0;0;2;3;19;A01
200900006788;0;2;0;0;2;1;1;B01
200900006789;0;7;0;0;2;1;10;A01
200900006789;0;34;0;0;2;1;17;B01
200900006790;0;33;0;0;2;1;2;A01
200900006790;0;7;0;0;2;6;15;B01
200900006791;0;7;0;0;2;7;17;A01
200900006791;0;1;0;0;2;8;13;B01
200900006792;0;7;0;0;1;2;1;A01
200900006793;0;7;0;0;2;1;2;A01
200900006793;0;7;0;0;2;4;1;B01
200900006794;0;30;0;0;2;1;2;A01
200900006794;0;31;0;0;2;4;23;B01
200900006795;0;7;0;0;1;1;1;A01
200900006796;0;10;0;0;9;4;2;B01
200900006796;0;2;0;0;2;1;2;A01
200900006797;0;7;0;0;2;1;15;A01
200900006797;0;2;0;0;2;7;17;B01
200900006798;0;7;0;0;2;8;15;A01
200900006798;0;30;0;0;2;1;10;B01
200900006799;0;1;0;0;2;1;1;A01
200900006799;0;10;0;0;2;4;0;B01
200900006800;0;30;0;0;2;1;2;A01
200900006800;0;7;0;0;2;4;2;B01
200900006801;0;7;0;0;2;3;1;B01
200900006801;0;7;0;0;2;2;1;A01
200900006802;0;7;0;0;1;2;1;A01
200900006803;0;17;0;0;2;3;15;A01
200900006803;0;1;0;0;2;7;17;B02
200900006804;0;7;0;0;2;3;16;A01
200900006804;0;2;0;0;2;1;1;B01
200900006805;0;30;0;0;2;1;1;B01
200900006805;0;7;0;0;2;2;15;A01
200900006806;0;7;0;0;2;1;1;C01
200900006806;0;7;0;0;2;1;2;A01
200900006806;0;7;0;0;1;4;1;B01
200900006807;0;31;0;6;0;7;14;A01
200900006808;0;7;0;0;9;2;2;A01
200900006808;0;1;0;0;2;4;2;B02
200900006809;0;7;0;0;2;3;1;B01
200900006809;0;30;0;0;2;1;1;A01
200900006810;0;33;0;6;0;1;1;A01
200900006811;0;33;0;0;1;1;1;A01
200900006812;0;33;0;14;0;1;1;A01
200900006813;0;1;0;0;2;7;1;B01
200900006813;0;7;0;0;2;1;9;A01
200900006814;0;7;0;6;0;3;16;A01
200900006815;0;1;0;0;2;8;19;A01
200900006815;0;10;0;0;2;0;16;B01
200900006816;0;7;0;0;2;3;15;A01
200900006816;0;1;0;0;2;7;1;B02
200900006817;0;1;0;0;2;0;1;B01
200900006817;0;7;0;0;2;1;9;A01
200900006818;0;7;0;0;1;4;4;A01
200900006819;0;7;0;0;2;1;13;A01
200900006819;0;7;0;0;2;3;1;B02
200900006820;0;7;0;16;0;9;1;A01
200900006821;0;30;0;0;2;3;9;A01
200900006821;0;7;0;0;2;2;1;B01
200900006821;0;99;0;0;2;8;24;C01
200900006822;0;30;0;0;2;1;1;B01
200900006822;0;7;0;0;2;3;15;A01
200900006823;0;7;0;0;2;3;1;B01
200900006823;0;1;0;0;2;1;15;A01
200900006824;0;7;0;0;1;3;1;A01
200900006824;0;1;0;0;2;4;19;B01
200900006825;0;7;0;0;1;5;15;A01
200900006826;0;10;0;0;2;1;1;B02
200900006826;0;7;0;0;2;1;9;A01
200900006827;0;7;0;0;2;1;1;B02
200900006827;0;7;0;0;2;1;13;A01
200900006828;0;7;0;2;0;2;21;A01
200900006829;0;38;1;0;1;1;1;A01
200900006830;0;7;0;0;1;2;1;A01
200900006831;0;7;0;0;9;2;1;B02
200900006831;0;30;0;0;2;3;15;A01
200900006832;0;7;0;0;2;2;1;A01
200900006832;0;1;0;0;2;1;1;B02
200900006833;0;1;0;0;2;2;1;A01
200900006833;0;7;0;0;2;2;15;B02
200900006834;0;7;0;0;2;2;19;A01
200900006834;0;7;0;0;2;3;1;B02
200900006835;0;33;0;0;2;3;15;A01
200900006835;0;7;0;0;2;8;1;B02
200900006836;0;7;0;0;2;2;1;B02
200900006836;0;7;0;0;2;3;15;A01
200900006837;0;7;0;0;2;4;1;B02
200900006837;0;7;0;0;2;1;1;C03
200900006837;0;7;0;0;2;1;1;A01
200900006838;0;7;0;0;2;5;15;A01
200900006838;0;33;0;0;2;1;1;B02
200900006839;0;7;0;13;0;7;9;A01