num_acc;senc;catv;occutc;obs;obsm;choc;manv;num_veh
200900006840;0;7;0;2;0;1;1;A01
200900006841;0;2;0;12;0;1;13;A01
200900006842;0;7;0;0;2;3;21;B01
200900006842;0;30;0;0;2;2;17;A01
200900006843;0;7;0;2;2;1;14;A01
200900006843;0;7;0;0;2;1;1;B01
200900006844;0;31;0;0;1;1;1;A01
200900006845;0;7;0;0;2;1;2;A01
200900006845;0;7;0;0;2;4;2;B01
200900006846;0;1;0;0;2;7;1;B01
200900006846;0;7;0;0;2;1;9;A01
200900006847;0;34;0;16;0;7;21;A01
200900006847;0;7;0;0;0;0;9;B01
200900006848;0;7;0;0;2;2;1;A01
200900006848;0;7;0;0;2;2;9;B01
200900006849;0;7;0;0;2;7;1;B01
200900006849;0;2;0;0;2;1;16;A01
200900006850;0;7;0;1;1;3;1;A01
200900006851;0;34;0;9;0;1;1;A01
200900006852;0;33;0;0;2;1;2;A01
200900006852;0;37;0;0;2;4;2;B01
200900006853;0;10;0;2;0;2;1;A01
200900006854;0;1;0;0;1;1;0;A01
200900006855;0;7;0;0;2;8;23;B01
200900006855;0;33;0;0;2;1;13;A01
200900006856;0;2;0;1;0;1;1;A01
200900006857;1;7;0;0;0;0;1;A01
200900006857;0;30;0;0;2;0;1;B01
200900006858;0;7;0;0;2;7;17;B01
200900006858;0;7;0;0;1;8;13;A01
200900006859;0;33;0;0;2;7;17;A01
200900006859;0;7;0;0;2;3;15;B01
200900006860;0;30;0;0;2;2;21;A01
200900006860;0;10;0;0;2;8;15;B01
200900006861;0;7;0;2;0;1;0;A01
200900006862;0;7;0;0;2;2;15;A01
200900006862;0;7;0;0;2;3;1;B01
200900006863;0;7;0;8;0;8;1;A01
200900006864;0;99;0;0;2;3;20;A01
200900006864;0;34;0;0;2;1;1;B01
200900006865;0;33;0;0;2;1;0;A01
200900006865;0;7;0;0;2;2;0;B01
200900006866;0;37;4;0;2;3;1;A01
200900006866;0;7;0;0;2;4;1;B01
200900006867;0;7;0;0;2;7;13;A01
200900006867;0;7;0;0;2;1;1;B02
200900006868;0;7;0;0;2;3;9;A01
200900006868;0;32;0;0;2;2;1;B01
200900006869;0;7;0;0;1;1;15;A01
200900006870;0;7;0;0;2;3;1;B01
200900006870;0;7;0;0;2;3;13;A01
200900006871;0;30;0;0;2;1;1;B01
200900006871;0;7;0;0;2;6;15;A01
200900006872;0;7;0;0;9;1;0;A01
200900006872;0;37;23;0;2;5;1;B01
200900006873;0;7;0;10;0;0;13;A01
200900006874;0;7;0;0;2;5;15;A01
200900006874;0;30;0;0;2;1;1;B01
200900006875;0;1;0;0;2;1;1;A01
200900006875;0;7;0;0;2;3;19;B02
200900006876;0;7;0;8;0;1;19;A01
200900006877;0;30;0;0;1;1;17;A01
200900006878;0;1;0;1;0;1;0;A01
200900006879;0;14;0;0;0;6;23;A01
200900006880;0;7;0;15;0;1;13;A01
200900006881;0;30;0;0;2;1;15;A01
200900006881;0;7;0;0;2;1;0;B01
200900006882;0;7;0;0;2;1;1;B02
200900006882;0;20;0;0;2;3;9;A01
200900006883;0;7;0;0;2;2;1;B01
200900006883;0;30;0;0;2;1;15;A01
200900006884;0;7;0;0;9;1;0;A01
200900006885;0;33;0;0;2;1;17;A01
200900006885;0;7;0;0;2;3;15;B02
200900006886;0;30;0;0;2;1;2;A01
200900006886;0;7;0;0;2;0;1;B01
200900006887;0;1;0;0;0;1;2;A01
200900006888;0;2;0;0;2;1;17;A01
200900006888;0;7;0;0;9;6;15;B01
200900006889;0;7;0;0;0;0;0;B02
200900006889;0;1;0;0;0;0;0;A01
200900006890;0;7;0;0;1;2;16;A01
200900006891;0;7;0;0;1;0;1;A01
200900006892;0;7;0;0;2;6;1;B01
200900006892;0;7;0;0;2;5;1;C01
200900006892;0;7;0;0;2;2;2;A01
200900006893;0;33;0;9;0;1;12;A01
200900006894;0;7;0;0;1;1;16;A01
200900006895;0;7;0;0;2;1;2;A01
200900006895;0;7;0;0;2;4;2;B01
200900006896;0;7;0;0;2;6;1;B01
200900006896;0;7;0;0;2;2;13;A01
200900006897;0;7;0;2;0;1;1;A01
200900006898;0;7;0;0;2;1;16;B01
200900006898;0;7;0;0;2;1;15;A01
200900006899;0;1;0;0;2;1;2;B01
200900006899;0;7;0;0;2;1;2;A01
200900006900;0;7;0;0;2;1;15;A01
200900006900;0;30;0;0;2;3;10;B01
200900006901;0;30;0;0;2;7;1;B02
200900006901;0;7;0;0;2;3;16;A01
200900006902;0;7;0;0;2;3;15;B01
200900006902;0;33;0;0;2;1;1;A01
200900006903;0;7;0;0;2;2;17;B01
200900006903;0;30;0;0;2;1;15;A01
200900006904;0;7;0;1;2;1;1;A01
200900006904;0;7;0;1;2;3;1;B01
200900006905;0;7;0;0;0;4;1;B01
200900006905;0;2;0;0;2;4;2;A01
200900006906;0;14;0;0;0;5;1;A01
200900006907;0;7;0;0;0;1;19;B02
200900006907;0;33;0;0;2;3;1;A01
200900006907;0;33;0;1;0;1;21;D04
200900006907;0;7;0;0;0;3;23;C03
200900006908;0;33;0;0;2;1;2;B02
200900006908;0;33;0;0;2;4;1;A01
200900006909;0;2;0;0;2;2;1;A01
200900006909;0;7;0;0;2;2;15;B02
200900006910;0;10;0;0;2;1;1;B02
200900006910;0;10;0;0;2;3;19;A01
200900006911;0;7;0;0;2;3;5;A01
200900006911;0;14;0;0;2;8;21;B02
200900006912;0;7;0;0;2;1;13;A01
200900006912;0;7;0;0;2;1;1;B02
200900006913;0;7;0;0;9;3;1;A01
200900006913;0;1;0;0;2;7;19;B02
200900006914;0;33;0;13;0;2;1;A01
200900006915;0;7;0;0;1;7;1;A01
200900006916;0;30;0;0;2;1;1;A01
200900006916;0;7;0;0;2;1;1;B02
200900006917;0;7;0;0;2;1;1;B01
200900006917;0;7;0;0;2;1;15;A01
200900006918;0;7;0;9;0;1;1;A01
200900006919;0;7;0;2;0;8;1;A01
200900006920;0;7;0;0;1;0;1;A01
200900006921;0;31;0;0;2;1;1;B01
200900006921;0;7;0;0;2;5;6;A01
200900006922;0;7;0;0;1;4;4;A01
200900006923;0;7;0;8;0;1;0;A01
200900006924;0;7;0;0;1;1;1;A01
200900006925;0;7;0;0;2;3;13;A01
200900006925;0;7;0;0;2;3;1;B01
200900006926;0;7;0;0;2;5;14;A01
200900006926;0;2;0;0;2;1;1;B01
200900006927;0;7;0;0;1;3;0;A01
200900006928;0;7;0;0;2;3;15;B01
200900006928;0;7;0;0;2;1;1;A01
200900006929;0;7;0;0;2;2;14;A01
200900006929;0;7;0;0;2;3;1;B01
200900006930;0;7;0;0;1;1;17;A01
200900006931;0;7;0;0;1;2;0;A01
200900006932;0;7;0;0;1;1;1;A01
200900006933;0;7;0;0;0;0;23;A01
200900006933;0;7;0;0;2;4;23;B01
200900006934;0;7;0;0;1;0;15;A01
200900006935;0;2;0;0;2;1;18;A01
200900006935;0;15;0;0;2;4;1;B01
200900006936;0;7;0;0;1;1;1;A01
200900006937;0;7;0;0;1;1;15;A01
200900006938;0;7;0;0;2;3;15;A01
200900006938;0;30;0;0;2;1;1;B01
200900006939;0;7;0;0;1;1;1;A01
200900006940;0;7;0;0;0;1;1;A01
200900006941;0;7;0;8;0;2;2;A01
200900006942;0;7;0;6;0;2;1;A01
200900006943;0;7;0;0;1;1;16;A01
200900006944;0;7;0;0;1;8;1;A01
200900006945;0;7;0;1;0;2;1;A01
200900006945;0;7;0;1;0;2;1;B01
200900006946;0;7;0;0;2;3;20;A01
200900006946;0;7;0;0;2;2;1;B01
200900006947;0;7;0;1;0;2;1;A01
200900006948;0;7;0;0;1;3;1;A01
200900006949;0;33;0;0;0;0;1;A01
200900006950;0;7;0;0;1;2;1;A01
200900006951;0;7;0;0;1;3;1;A01
200900006952;0;7;0;0;0;2;15;A01
200900006952;0;30;0;0;0;1;1;B01
200900006953;0;7;0;0;1;0;15;A01
200900006954;0;7;0;0;2;6;11;A01
200900006954;0;7;0;0;2;1;1;B01
200900006955;0;2;0;0;1;1;1;B01
200900006955;0;7;0;0;2;2;15;A01
200900006956;0;7;0;0;2;1;0;A01
200900006956;0;7;0;0;2;9;2;B01
200900006957;0;1;0;0;2;1;1;B01
200900006957;0;7;0;0;2;5;16;A01
200900006958;0;1;0;0;2;7;1;B01
200900006958;0;7;0;0;2;2;1;A01
200900006959;0;7;0;0;2;3;1;A01
200900006959;0;7;0;0;2;3;1;B01
200900006960;0;7;0;0;1;2;2;A01
200900006961;0;1;0;1;0;1;1;A01
200900006961;0;7;0;0;0;8;22;B01
200900006962;0;33;0;0;2;1;1;B01
200900006962;0;7;0;0;2;1;10;A01
200900006963;0;7;0;0;1;1;1;A01
200900006964;1;7;0;0;1;1;16;A01
200900006965;0;7;0;0;1;0;1;A01
200900006966;0;7;0;0;1;1;1;A01
200900006967;0;7;0;1;0;2;1;A01
200900006968;0;7;0;0;1;1;2;A01
200900006969;0;7;0;0;1;2;2;A01
200900006970;0;30;0;0;2;1;1;B01
200900006970;0;7;0;0;2;1;15;A01
200900006971;0;7;0;0;1;0;15;A01
200900006972;0;30;0;0;2;1;1;A01
200900006972;0;7;0;0;2;3;16;B01
200900006973;0;40;0;0;2;1;1;B01
200900006973;0;7;0;0;4;9;16;A01
200900006974;0;7;0;0;0;1;1;A01
200900006975;0;7;0;0;2;2;16;A01
200900006975;0;2;0;0;2;3;1;B01
200900006976;0;7;0;0;2;1;15;A01
200900006976;0;7;0;0;2;3;2;B01
200900006977;0;7;0;0;2;5;16;A01
200900006977;0;33;0;0;2;1;1;B01
200900006978;1;7;0;0;1;1;1;A01
200900006979;0;30;0;0;2;1;1;B01
200900006979;0;7;0;0;0;3;0;A01
200900006980;0;7;0;0;1;1;2;A01
200900006981;0;7;0;0;2;3;17;A01
200900006981;0;30;0;0;2;1;20;B01
200900006982;0;7;0;0;2;8;1;B01
200900006982;0;7;0;0;2;2;9;A01
200900006983;0;7;0;2;0;2;6;A01
200900006984;0;7;0;0;1;3;1;A01
200900006985;0;7;0;8;0;1;1;A01
200900006986;0;7;0;0;1;1;2;A01
200900006987;0;7;0;0;1;1;1;A01
200900006988;0;31;0;0;1;2;1;A01
200900006989;0;1;0;0;2;1;0;B01
200900006989;0;7;0;0;2;1;16;A01
200900006990;0;7;0;0;2;1;6;A01
200900006990;0;33;0;0;2;1;1;B01
200900006991;0;7;0;0;1;0;1;A01
200900006992;0;7;0;0;1;1;15;A01
200900006993;0;10;0;0;1;2;1;A01
200900006994;0;2;0;0;2;9;1;B01
200900006994;0;7;0;0;2;1;15;A01
200900006995;0;7;0;0;2;1;1;A01
200900006995;0;7;0;0;0;9;15;B01
200900006996;0;7;0;0;2;5;1;B01
200900006996;1;7;0;0;2;3;1;A01
200900006997;0;2;0;0;2;4;1;B01
200900006997;0;7;0;0;2;1;2;A01
200900006998;0;7;0;0;2;1;1;B01
200900006998;0;7;0;14;2;8;15;A01
200900006999;0;7;0;0;1;1;15;A01
200900007000;0;7;0;0;1;0;1;A01
200900007001;0;10;0;0;1;2;0;A01
200900007002;0;7;0;0;2;1;1;B01
200900007002;0;7;0;0;2;7;1;A01
200900007003;0;7;0;0;2;3;10;A01
200900007003;0;30;0;0;2;1;1;B01
200900007004;0;7;0;15;0;7;1;A01
200900007005;0;7;0;0;1;2;1;A01
200900007006;0;7;0;14;2;9;1;A01
200900007006;0;7;0;0;2;1;1;B01
200900007007;1;7;0;0;2;1;0;Z01
200900007007;0;7;0;0;2;3;0;A01
200900007008;0;7;0;0;1;1;1;A01
200900007009;0;7;0;2;0;8;0;A01
200900007010;0;7;0;0;0;1;15;A01
200900007010;0;7;0;0;2;1;1;B01
200900007011;0;7;0;0;2;8;15;A01
200900007011;0;30;0;0;2;8;1;B01
200900007012;0;2;0;0;2;1;1;B01
200900007012;0;7;0;0;2;2;10;A01
200900007013;0;7;0;15;0;1;1;A01
200900007014;0;7;0;13;2;3;14;A01
200900007014;0;7;0;0;2;1;1;B02
200900007015;0;7;0;0;2;1;15;A01
200900007015;0;1;0;0;2;1;1;B02
200900007016;0;33;0;0;0;7;15;A01
200900007017;0;7;0;0;2;8;10;A01
200900007017;0;7;0;0;2;7;1;B02
200900007018;0;7;0;0;0;1;1;B02
200900007018;0;10;0;0;0;1;21;C03
200900007018;0;7;0;0;0;1;13;A01
200900007019;0;7;0;0;1;3;15;A01
200900007020;0;7;0;0;1;2;1;A01
200900007021;0;7;0;0;2;3;19;A01
200900007021;0;15;0;0;2;1;1;B02
200900007022;0;7;0;0;0;7;5;A01
200900007022;0;7;0;0;0;1;0;B02
200900007023;0;7;0;0;2;8;1;A01
200900007023;0;10;0;0;2;1;1;B02
200900007024;0;7;0;6;0;8;1;A01
200900007025;0;2;0;0;2;1;1;B02
200900007025;0;7;0;0;2;6;20;A01
200900007026;0;7;0;13;0;2;1;A01
200900007027;0;2;0;0;2;1;1;B02
200900007027;0;7;0;0;2;2;15;A01
200900007028;0;7;0;2;0;8;1;A01
200900007029;0;7;0;0;0;1;1;A01
200900007030;0;7;0;1;0;1;1;A01
200900007031;1;7;0;0;1;0;1;A01
200900007032;0;7;0;2;0;1;1;A01
200900007033;0;7;0;0;1;1;0;A01
200900007034;0;7;0;0;1;3;1;A01
200900007035;0;30;0;0;2;1;17;A01
200900007035;0;7;0;0;2;3;15;B01
200900007036;0;7;0;0;1;1;1;A01
200900007037;2;7;0;12;0;1;1;A01
200900007038;0;7;0;10;0;1;1;A01
200900007039;0;7;0;8;0;2;1;A01
200900007040;0;10;0;0;2;4;23;B01
200900007040;0;7;0;0;2;1;2;A01
200900007041;0;7;0;0;2;1;1;A01
200900007041;0;7;0;0;2;4;1;B01
200900007042;0;7;0;0;0;1;1;C01
200900007042;0;7;0;0;0;3;1;B01
200900007042;0;7;0;0;2;1;1;A01
200900007043;0;30;0;0;2;1;18;A01
200900007043;0;7;0;0;2;1;15;B01
200900007044;0;2;0;0;2;1;2;B01
200900007044;0;7;0;0;2;3;9;A01
200900007045;0;7;0;0;2;1;15;A01
200900007045;0;1;0;0;2;1;1;B01
200900007046;0;1;0;0;2;1;0;B01
200900007046;0;7;0;0;1;7;1;A01
200900007047;0;7;0;0;2;4;2;B01
200900007047;0;7;0;0;2;1;2;A01
200900007048;0;31;0;0;2;4;1;B01
200900007048;0;7;0;0;2;1;1;A01
200900007048;0;7;0;0;2;5;1;C01
200900007049;0;7;0;0;2;1;1;B01
200900007049;0;7;0;0;2;3;15;A01
200900007050;0;7;0;0;2;2;1;B01
200900007050;0;7;0;0;2;2;15;A01
200900007051;0;10;0;4;0;1;1;A01
200900007052;0;7;0;0;2;2;0;A01
200900007052;0;30;0;0;2;2;21;B01
200900007053;0;7;0;0;2;2;1;A01
200900007053;0;1;0;0;2;7;19;B01
200900007054;0;31;0;0;2;2;1;B01
200900007054;0;7;0;0;2;6;9;A01
200900007055;0;7;0;4;0;0;13;A01
200900007056;0;7;0;0;2;0;1;B01
200900007056;0;7;0;0;2;0;1;C01
200900007056;1;7;0;0;2;0;0;A01
200900007057;0;7;0;0;0;9;0;A01
200900007058;1;7;0;4;2;0;0;A01
200900007058;0;7;0;0;2;0;1;B01
200900007058;0;7;0;0;2;0;1;C01
200900007059;0;7;0;0;9;0;0;A01
200900007060;0;10;0;0;2;1;21;B01
200900007060;0;17;0;3;2;0;13;A01
200900007061;0;7;0;4;0;0;5;A01
200900007062;0;7;0;0;2;0;0;A01
200900007062;0;7;0;0;2;6;1;B01
200900007063;0;7;0;0;2;4;1;B01
200900007063;0;7;0;0;2;1;13;A01
200900007064;0;7;0;13;9;9;0;A01
200900007065;0;7;0;0;2;0;0;A01
200900007065;0;33;0;0;2;0;1;B01
200900007066;0;7;0;3;2;0;13;A01
200900007066;0;7;0;0;2;8;1;B01
200900007067;0;7;0;13;0;0;0;A01
200900007068;0;33;0;0;0;0;0;A01
200900007069;0;7;0;4;0;8;0;A01
200900007070;0;14;0;0;2;0;2;D01
200900007070;0;17;0;0;2;1;2;A01
200900007070;0;7;0;0;2;4;2;B01
200900007070;0;7;0;0;2;0;2;E01
200900007070;0;7;0;0;2;0;2;F02
200900007070;0;7;0;0;2;4;2;C01
200900007071;0;17;0;3;2;3;13;A01
200900007071;0;7;0;0;2;7;1;B01
200900007072;0;7;0;0;2;8;1;B01
200900007072;0;7;0;0;2;7;12;A01
200900007073;0;7;0;13;0;9;0;A01
200900007074;0;10;0;0;2;1;2;A01
200900007074;0;7;0;0;2;4;2;B01
200900007075;0;7;0;0;2;1;2;A01
200900007075;0;17;0;0;2;4;2;B01
200900007076;0;7;0;0;2;4;2;C01
200900007076;0;7;0;0;2;1;2;A01
200900007076;0;7;0;0;2;4;2;B01
200900007077;0;7;0;13;0;0;0;A01
200900007078;0;7;0;0;0;0;0;A01
200900007079;0;7;0;3;2;0;0;A01
200900007079;0;17;0;0;2;1;1;B01
200900007080;0;7;0;4;0;8;0;A01
200900007081;0;7;0;0;2;0;0;B01
200900007081;0;7;0;0;2;0;0;C01
200900007081;0;7;0;0;2;0;0;A01
200900007082;0;10;0;0;2;1;2;A01
200900007082;1;17;0;0;2;4;2;B01
200900007083;0;7;0;0;2;1;2;A01
200900007083;0;7;0;0;2;4;2;B01
200900007084;0;7;0;0;2;4;2;B01
200900007084;0;7;0;0;2;1;2;A01
200900007085;0;7;0;3;0;0;0;A01
200900007086;0;7;0;0;2;1;11;A01
200900007086;0;7;0;0;2;4;1;B01
200900007086;0;7;0;0;2;4;1;D01
200900007086;0;7;0;0;2;4;1;C01
200900007087;0;17;0;0;2;1;21;A01
200900007087;0;7;0;0;2;4;1;B01
200900007088;0;7;0;0;6;0;21;A01
200900007089;0;7;0;3;0;9;0;A01
200900007090;0;7;0;13;0;0;0;A01
200900007091;0;7;0;0;2;7;1;B01
200900007091;2;7;0;0;2;1;1;A01
200900007092;0;2;0;0;1;1;17;A01
200900007093;0;7;0;0;1;3;1;A01
200900007094;0;7;0;8;0;1;1;A01
200900007095;0;7;0;2;0;8;1;A01
200900007096;0;30;0;0;2;1;1;B02
200900007096;0;10;0;0;2;8;16;A01
200900007097;0;7;0;0;1;2;0;A01
200900007098;0;7;0;6;0;1;1;A01
200900007099;0;7;0;0;1;3;1;A01
200900007100;0;7;0;0;2;1;1;A01
200900007100;0;7;0;0;2;1;1;B02
200900007101;0;7;0;13;0;2;0;A01
200900007102;0;7;0;8;0;1;1;A01
200900007103;0;7;0;0;2;8;10;A01
200900007103;0;2;0;0;2;1;2;B02
200900007104;0;7;0;0;2;8;13;A01
200900007104;0;10;0;0;2;8;1;B02
200900007105;0;7;0;13;0;8;1;A01
200900007106;0;33;0;0;2;8;2;A01
200900007106;0;7;0;0;2;3;0;B02
200900007107;0;2;0;0;2;1;1;B01
200900007107;0;10;0;0;2;3;9;A01
200900007108;0;31;0;0;2;2;1;B01
200900007108;0;7;0;0;2;2;15;A01
200900007109;0;7;0;0;2;6;24;B01
200900007109;0;7;0;1;0;2;1;A01
200900007110;0;7;0;0;1;3;1;A01
200900007111;0;7;0;0;2;1;1;A01
200900007111;0;1;0;0;2;1;1;B01
200900007112;0;7;0;0;0;2;15;A01
200900007112;0;2;0;0;0;1;1;B01
200900007113;0;7;0;1;1;1;1;A01
200900007114;0;7;0;0;1;1;1;A01
200900007115;0;39;0;14;0;3;1;B01
200900007115;0;7;0;7;0;1;1;A01
200900007116;0;7;0;0;1;1;1;A01
200900007117;0;7;0;0;2;2;15;A01
200900007117;0;10;0;0;2;3;1;B01
200900007118;0;7;0;1;0;1;1;A01
200900007119;0;7;0;0;1;1;1;A01
200900007120;0;7;0;14;2;8;15;A01
200900007120;0;7;0;0;2;1;1;B01
200900007121;0;7;0;0;2;1;1;A01
200900007121;0;7;0;0;2;4;1;B01
200900007122;0;7;0;0;0;1;1;A01
200900007123;0;7;0;0;0;1;14;A01
200900007124;0;7;0;0;1;1;1;A01
200900007125;0;7;0;14;2;9;1;A01
200900007125;0;7;0;0;2;1;1;B01
200900007126;0;3;0;0;2;7;0;A01
200900007126;2;7;0;0;2;3;0;B01
200900007127;0;7;0;0;9;2;9;A01
200900007127;0;30;0;0;2;8;1;B01
200900007128;0;7;0;0;2;0;1;A01
200900007128;0;7;0;0;2;1;2;B01
200900007129;0;7;0;0;2;3;24;A01
200900007129;0;1;0;1;0;1;1;B01
200900007130;0;7;0;0;1;1;1;A01
200900007131;0;7;0;0;1;7;1;A01
200900007132;0;3;0;0;1;1;2;A01
200900007133;0;7;0;0;1;0;1;A01
200900007134;0;2;0;0;0;0;1;A01
200900007135;0;7;0;0;1;7;1;A01
200900007136;0;7;0;0;1;1;16;A01
200900007137;0;30;0;0;1;1;0;A01
200900007138;0;30;0;0;2;1;1;B01
200900007138;0;7;0;0;2;1;15;A01
200900007139;0;10;0;0;1;2;1;A01
200900007140;0;15;0;0;9;5;17;A01
200900007140;0;1;0;0;2;1;1;B01
200900007141;0;7;0;0;2;1;1;B01
200900007141;0;7;0;0;2;1;13;A01
200900007142;0;7;0;0;2;3;2;A01
200900007142;0;7;0;8;2;2;2;B01
200900007143;0;7;0;0;2;2;1;B01
200900007143;0;7;0;0;2;3;15;A01
200900007144;0;7;0;0;2;1;16;A01
200900007144;0;30;0;0;2;1;1;B01
200900007145;0;7;0;0;2;3;1;A01
200900007146;0;7;0;0;1;1;1;A01
200900007147;0;7;0;0;1;2;1;A01
200900007148;0;7;0;0;2;0;22;A01
200900007148;0;1;0;1;0;0;1;B01
200900007149;0;7;0;0;0;1;15;A01
200900007150;0;7;0;0;1;3;1;A01
200900007151;0;10;0;0;1;1;1;A01
200900007152;0;7;0;0;1;1;1;A01
200900007153;0;7;0;0;1;1;1;A01
200900007154;0;33;0;0;2;1;16;B01
200900007154;0;7;0;0;2;2;1;A01
200900007155;0;7;0;0;2;1;1;B01
200900007155;0;7;0;0;2;3;15;A01
200900007156;0;7;0;0;2;6;15;B01
200900007156;0;2;0;0;2;1;1;A01
200900007157;0;7;0;0;2;2;1;B01
200900007157;0;7;0;0;1;1;10;A01
200900007158;0;7;0;0;1;1;1;A01
200900007159;0;2;0;3;0;1;2;A01
200900007160;0;7;0;0;2;3;9;B01
200900007160;0;2;0;0;2;1;17;A01
200900007161;0;7;0;0;2;1;15;A01
200900007161;0;7;0;0;2;1;1;B01
200900007162;0;7;0;0;1;2;1;A01
200900007163;0;7;0;0;1;1;15;A01
200900007164;0;33;0;0;2;1;2;A01
200900007164;0;7;0;0;2;5;10;B01
200900007165;0;2;0;0;2;1;1;B01
200900007165;0;10;0;0;2;3;9;A01
200900007166;0;7;0;0;2;8;1;B01
200900007166;0;7;0;0;2;1;1;A01
200900007167;0;7;0;0;1;1;1;A01
200900007168;0;30;0;0;2;1;1;A01
200900007168;0;7;0;0;2;3;15;B01
200900007169;0;33;0;0;2;9;1;A01
200900007169;0;7;0;0;2;1;1;B01
200900007170;0;7;0;0;2;2;1;A01
200900007170;0;7;0;0;2;3;15;B01
200900007171;0;7;0;0;1;5;1;A01
200900007172;0;7;0;0;1;1;15;A01
200900007173;0;33;0;0;2;9;13;A01
200900007173;0;7;0;0;2;8;1;B01
200900007173;0;7;0;0;2;1;1;C01
200900007174;0;30;0;1;0;1;1;A01
200900007174;0;7;0;0;2;0;1;C01
200900007174;0;7;0;0;2;3;0;B01
200900007175;0;7;0;0;1;7;1;A01
200900007176;0;7;0;0;2;8;1;B01
200900007176;0;7;0;0;2;1;15;A01
200900007177;0;7;0;0;0;3;9;A01
200900007177;0;30;0;0;2;1;1;B01
200900007178;0;33;0;0;2;1;1;B01
200900007178;1;7;0;0;2;8;10;A01
200900007179;2;7;0;9;0;1;1;A01
200900007180;0;7;0;0;1;1;1;A01
200900007181;0;7;0;0;2;3;1;B02
200900007181;0;7;0;0;2;8;15;A01
200900007182;0;7;0;0;1;1;0;A01
200900007183;0;7;0;0;2;1;1;C01
200900007183;0;7;0;0;2;1;1;A01
200900007183;0;7;0;0;2;4;1;B01
200900007184;0;7;0;0;1;0;1;A01
200900007185;0;30;0;0;2;7;0;B01
200900007185;0;10;0;0;2;3;0;A01
200900007186;0;7;0;0;2;9;1;A01
200900007187;0;7;0;0;1;0;1;A01
200900007188;0;30;0;0;2;1;1;B01
200900007188;0;10;0;0;2;8;16;A01
200900007189;0;7;0;0;2;0;15;A01
200900007189;0;32;0;0;2;1;1;B01
200900007190;0;7;0;0;2;7;1;B01
200900007190;0;7;0;0;2;1;1;A01
200900007191;0;7;0;2;0;1;1;A01
200900007192;0;7;0;13;0;2;0;A01
200900007193;0;7;0;0;2;1;1;A01
200900007193;0;7;0;0;2;9;2;B01
200900007193;0;7;0;0;2;4;23;C01
200900007194;0;32;0;0;0;8;1;A01
200900007195;0;2;0;0;2;1;1;B01
200900007195;0;7;0;0;2;3;15;A01
200900007196;0;17;0;0;2;1;1;B01
200900007196;0;7;0;0;2;1;6;A01
200900007197;0;7;0;0;1;1;16;A01
200900007198;0;7;0;0;2;1;15;B01
200900007198;0;2;0;0;2;1;1;A01
200900007199;0;7;0;0;1;1;1;A01
200900007200;2;7;0;0;2;1;13;A01
200900007200;0;7;0;0;2;1;1;B01
200900007201;0;7;0;1;2;3;20;A01
200900007201;0;7;0;0;2;2;1;B01
200900007202;0;21;0;0;0;6;1;A01
200900007202;0;33;0;0;2;2;1;B02
200900007203;0;7;0;0;1;2;1;A01
200900007204;0;7;0;1;1;1;1;A01
200900007205;0;99;0;0;0;8;1;A01
200900007205;0;30;0;0;2;1;1;B01
200900007206;0;7;0;0;1;0;15;A01
200900007207;0;7;0;0;1;1;1;A01
200900007208;1;10;0;0;2;2;1;A01
200900007208;0;1;0;0;2;4;1;B01
200900007209;0;7;0;0;2;7;2;A01
200900007209;0;33;0;0;2;0;9;B01
200900007210;0;1;0;0;2;1;1;B01
200900007210;0;33;0;0;2;5;16;A01
200900007211;0;7;0;0;2;9;1;B01
200900007211;0;7;0;0;2;1;13;A01
200900007212;0;7;0;13;0;1;1;A01
200900007213;0;7;0;0;2;7;15;A01
200900007213;0;7;0;0;2;3;1;D01
200900007213;0;7;0;0;0;6;2;C01
200900007213;0;33;0;0;2;1;17;B01
200900007214;0;7;0;0;2;1;1;B01
200900007214;0;7;0;0;2;7;15;A01
200900007215;0;7;0;0;1;0;1;A01
200900007216;0;7;0;0;2;3;1;B01
200900007216;0;7;0;0;2;3;1;A01
200900007217;2;7;0;0;2;1;0;A01
200900007217;0;7;0;0;2;4;0;B01
200900007218;0;7;0;16;0;0;0;A01
200900007219;0;7;0;7;0;0;13;A01
200900007220;0;7;0;4;0;0;0;A01
200900007221;0;10;0;0;2;0;1;B01
200900007221;0;7;0;3;2;0;0;A01
200900007222;0;7;0;3;0;0;0;A01
200900007223;0;7;0;4;0;9;0;A01
200900007224;0;17;0;0;2;0;0;A01
200900007224;0;7;0;0;2;0;1;B01
200900007225;0;10;0;0;2;0;1;B01
200900007225;0;7;0;3;9;1;1;A01
200900007226;0;7;0;0;0;0;0;A01
200900007227;0;7;0;0;2;8;1;B01
200900007227;0;7;0;0;2;7;12;A01
200900007228;0;7;0;3;0;0;0;A01
200900007229;0;7;0;4;0;0;0;A01
200900007230;0;7;0;0;2;1;2;A01
200900007230;0;7;0;0;2;4;2;B01
200900007231;0;7;0;0;0;9;0;A01
200900007232;0;7;0;0;2;0;0;A01
200900007232;0;7;0;0;2;0;0;B01
200900007233;1;7;0;0;0;0;0;B01
200900007233;0;7;0;16;0;0;0;A01
200900007234;0;17;0;0;2;1;0;A01
200900007234;0;7;0;0;2;6;1;B01
200900007235;0;7;0;0;2;0;0;A01
200900007235;0;7;0;0;2;0;0;B01
200900007236;0;7;0;0;2;1;1;A01
200900007236;0;7;0;0;2;5;1;C01
200900007236;0;7;0;0;2;1;1;B01
200900007236;0;7;0;0;2;0;1;D01