num_acc;senc;catv;occutc;obs;obsm;choc;manv;num_veh
200900007237;0;7;0;0;0;0;0;A01
200900007238;0;10;0;3;0;0;0;B01
200900007238;1;17;0;0;0;0;0;A01
200900007239;0;7;0;13;0;0;0;A01
200900007240;0;7;0;4;0;0;0;A01
200900007241;0;7;0;0;2;4;2;B01
200900007241;0;7;0;0;2;1;2;A01
200900007242;0;7;0;0;2;1;15;A01
200900007242;0;7;0;0;2;0;1;B01
200900007243;0;2;0;0;2;1;1;B01
200900007243;0;7;0;0;2;2;15;A01
200900007244;0;7;0;0;1;2;1;A01
200900007245;0;7;0;8;2;3;15;A01
200900007245;0;7;0;0;2;1;2;C01
200900007245;0;7;0;0;2;1;2;B01
200900007246;0;33;0;0;0;0;2;A01
200900007247;0;7;0;0;2;4;5;B02
200900007247;0;7;0;12;2;1;21;A01
200900007248;0;7;0;0;1;3;1;A01
200900007249;0;7;0;0;1;1;1;A01
200900007250;0;30;0;0;2;1;17;A01
200900007250;0;7;0;0;2;3;15;B01
200900007251;0;7;0;0;2;4;23;C01
200900007251;0;7;0;0;2;1;2;A01
200900007251;0;33;0;0;2;4;23;B01
200900007252;0;7;0;5;0;1;13;A01
200900007253;0;10;0;0;1;2;1;A01
200900007254;0;33;0;0;2;7;1;B01
200900007254;0;10;0;0;2;8;9;A01
200900007255;0;2;0;0;2;1;1;B01
200900007255;0;7;0;0;2;5;4;A01
200900007256;0;7;0;0;9;3;1;B01
200900007256;0;1;0;0;2;1;5;A01
200900007257;0;7;0;0;2;1;2;A01
200900007257;0;7;0;0;2;4;13;C01
200900007257;0;7;0;0;2;4;2;B01
200900007258;0;7;0;13;2;1;1;A01
200900007258;0;7;0;0;2;1;1;B01
200900007259;0;7;0;0;2;2;15;A01
200900007259;0;7;0;0;2;3;13;B01
200900007260;0;30;0;0;2;1;1;B01
200900007260;0;7;0;0;2;1;15;A01
200900007261;0;30;0;0;0;8;15;A01
200900007262;0;2;0;12;0;7;1;A01
200900007263;0;30;0;0;0;0;1;A01
200900007264;0;2;0;0;0;7;0;A01
200900007265;0;2;0;0;2;1;1;B01
200900007265;0;7;0;0;2;7;15;A01
200900007266;0;14;0;0;0;8;16;A01
200900007267;0;2;0;0;0;0;0;A01
200900007268;0;31;0;0;0;8;2;A01
200900007269;0;7;0;0;2;1;23;A01
200900007269;0;32;0;0;2;7;1;B01
200900007270;0;7;0;13;0;6;1;A01
200900007271;0;7;0;0;2;3;1;B02
200900007271;0;31;0;0;2;1;13;A01
200900007272;0;7;0;13;0;9;1;A01
200900007273;0;2;0;0;2;1;1;B02
200900007273;0;7;0;0;2;3;19;A01
200900007274;0;38;2;0;2;2;1;A01
200900007274;0;7;0;0;2;1;1;C03
200900007274;0;14;0;0;2;6;1;B02
200900007275;0;7;0;0;1;3;1;A01
200900007276;0;7;0;3;0;2;14;A01
200900007277;0;7;0;0;2;7;1;A01
200900007277;0;2;0;0;2;1;19;B02
200900007278;0;30;0;2;0;1;13;A01
200900007279;0;3;0;6;0;1;1;A01
200900007280;0;7;0;0;2;1;1;B02
200900007280;0;30;0;0;2;1;1;A01
200900007281;0;30;0;13;0;1;1;A01
200900007282;0;10;0;0;1;2;1;A01
200900007283;0;7;0;2;0;1;1;A01
200900007284;0;7;0;0;2;3;1;A01
200900007284;0;7;0;0;2;3;1;B02
200900007285;0;7;0;2;0;3;1;A01
200900007286;0;7;0;0;0;0;1;B02
200900007286;0;7;0;13;0;3;17;A01
200900007287;0;7;0;0;2;8;1;B01
200900007287;0;7;0;0;2;1;19;A01
200900007288;0;7;0;0;2;2;1;B01
200900007288;0;2;0;0;2;1;19;A01
200900007289;0;7;0;0;0;8;15;B01
200900007289;0;2;0;0;2;1;2;A01
200900007290;0;7;0;0;2;3;2;A01
200900007290;0;30;0;0;2;4;23;B01
200900007291;0;7;0;0;1;6;4;A01
200900007292;0;7;0;0;2;1;15;A01
200900007292;0;7;0;0;2;3;1;B02
200900007293;0;10;0;0;0;4;0;B02
200900007293;0;7;0;0;2;1;0;A01
200900007294;0;7;0;13;0;9;1;A01
200900007295;0;31;0;0;2;7;1;B02
200900007295;0;7;0;0;2;8;15;A01
200900007296;0;33;0;0;0;7;10;A01
200900007297;0;7;0;8;0;1;1;A01
200900007298;0;7;0;0;0;9;1;A01
200900007299;0;7;0;13;0;3;1;A01
200900007300;0;33;0;6;0;1;1;A01
200900007301;0;7;0;0;0;6;0;A01
200900007301;0;33;0;0;2;1;0;B01
200900007302;0;7;0;1;0;1;0;B01
200900007302;0;36;0;1;0;1;16;A01
200900007303;0;7;0;13;0;2;14;A01
200900007304;0;33;0;0;0;0;1;A01
200900007305;0;7;0;6;0;1;6;A01
200900007306;0;7;0;13;0;1;13;A01
200900007307;0;7;0;16;0;2;13;A01
200900007308;0;7;0;6;0;2;14;A01
200900007309;0;14;0;0;1;4;4;A01
200900007310;0;14;0;0;2;3;1;A01
200900007310;0;7;0;0;2;3;13;B02
200900007311;0;7;0;0;2;1;13;A01
200900007311;0;10;0;0;2;2;1;B02
200900007312;0;7;0;0;1;1;1;A01
200900007313;0;7;0;0;2;3;19;A01
200900007313;0;10;0;0;2;1;1;B02
200900007314;0;7;0;0;1;3;1;A01
200900007315;0;30;0;0;2;1;1;B01
200900007315;0;7;0;0;2;0;0;A01
200900007316;0;7;0;8;0;1;1;A01
200900007317;0;2;0;0;2;1;1;B01
200900007317;0;7;0;0;2;7;15;A01
200900007318;0;1;0;0;2;3;1;B01
200900007318;0;7;0;0;2;2;1;A01
200900007319;0;7;0;0;2;8;15;A01
200900007319;0;33;0;0;2;9;1;B01
200900007320;0;14;0;0;2;2;16;B01
200900007320;0;7;0;0;2;3;1;A01
200900007321;0;7;0;0;2;0;1;A01
200900007321;0;7;0;0;2;3;15;B01
200900007322;0;7;0;0;2;7;15;A01
200900007322;0;2;0;0;2;1;1;B01
200900007323;0;7;0;0;0;4;1;B01
200900007323;0;7;0;0;2;1;2;A01
200900007324;0;7;0;0;2;1;1;A01
200900007324;0;7;0;0;2;3;15;B01
200900007325;0;7;0;0;2;3;1;A01
200900007325;0;7;0;0;2;3;13;B02
200900007326;0;7;0;0;2;1;2;A01
200900007326;0;10;0;0;0;4;2;B02
200900007327;0;10;0;0;2;2;15;A01
200900007327;0;7;0;0;2;1;1;B02
200900007328;0;7;0;13;0;3;1;A01
200900007329;0;7;0;0;2;3;1;A01
200900007329;0;2;0;0;2;1;1;B01
200900007330;0;7;0;0;6;1;2;H08
200900007330;0;7;0;0;6;2;2;D04
200900007330;0;7;0;0;6;1;2;A01
200900007330;0;7;0;0;1;1;2;C03
200900007330;0;7;0;0;6;9;2;B02
200900007330;0;7;0;0;6;3;2;F06
200900007330;0;7;0;0;6;1;2;G07
200900007330;0;7;0;0;6;1;2;E05
200900007331;0;7;0;0;1;1;1;A01
200900007332;0;7;0;0;2;1;1;B01
200900007332;0;7;0;0;2;1;15;A01
200900007333;0;7;0;0;2;1;15;A01
200900007333;0;7;0;0;2;3;1;B01
200900007334;0;7;0;0;2;1;15;B01
200900007334;0;7;0;0;2;1;1;A01
200900007335;0;7;0;0;2;4;2;B01
200900007335;0;7;0;2;2;1;2;A01
200900007336;0;7;0;0;1;4;4;A01
200900007337;0;40;0;0;2;1;1;A01
200900007337;0;1;0;0;2;8;19;B01
200900007338;0;2;0;0;1;1;1;A01
200900007339;0;7;0;0;2;8;1;A01
200900007339;0;30;0;0;2;1;15;B01
200900007340;0;7;0;0;2;1;1;A01
200900007340;0;7;0;0;2;3;19;B01
200900007341;0;7;0;0;1;4;4;A01
200900007342;0;40;0;0;1;1;1;A01
200900007343;0;7;0;0;1;3;1;A01
200900007344;0;10;0;0;0;2;17;A01
200900007344;0;10;0;0;0;5;1;B02
200900007345;0;7;0;0;1;1;1;A01
200900007346;0;7;0;0;2;1;6;A01
200900007346;0;7;0;0;2;6;1;B02
200900007347;0;7;0;0;2;8;1;B02
200900007348;0;7;0;3;2;2;14;A01
200900007348;0;7;0;7;2;3;1;B02
200900007349;0;7;0;0;2;4;2;A01
200900007349;0;10;0;0;2;4;2;B02
200900007349;0;7;0;0;2;1;2;C03
200900007350;0;21;0;0;2;3;0;B02
200900007350;0;30;0;0;2;3;15;A01
200900007351;0;7;0;2;0;7;0;A01
200900007352;0;7;0;0;1;3;1;A01
200900007353;0;7;0;5;0;1;6;A01
200900007354;2;7;0;0;2;1;13;A01
200900007354;0;7;0;0;2;3;1;B02
200900007355;0;7;0;0;2;1;1;A01
200900007355;0;7;0;0;2;1;13;B02
200900007356;0;10;0;0;0;8;15;A01
200900007356;0;31;0;0;0;1;1;B02
200900007357;0;7;0;2;0;3;1;A01
200900007358;0;7;0;13;0;1;0;A01
200900007359;0;7;0;0;0;1;5;A01
200900007359;0;7;0;0;0;1;5;B02
200900007360;0;7;0;10;0;3;1;A01
200900007360;0;7;0;0;2;3;1;B02
200900007361;0;7;0;0;1;6;4;A01
200900007362;0;7;0;0;1;1;1;A01
200900007363;0;7;0;2;0;1;0;A01
200900007364;0;7;0;13;0;1;21;A01
200900007365;0;7;0;2;0;8;1;A01
200900007366;0;10;0;0;2;2;1;B02
200900007366;0;7;0;5;2;4;13;A01
200900007367;0;7;0;4;0;1;1;A01
200900007368;0;13;0;0;2;1;15;A01
200900007368;0;7;0;0;2;2;1;B02
200900007369;0;7;0;0;1;7;1;A01
200900007370;0;7;0;0;0;1;1;B02
200900007370;0;7;0;0;0;4;23;A01
200900007371;0;7;0;0;1;2;1;A01
200900007372;0;7;0;0;2;2;9;A01
200900007372;0;7;0;0;2;6;15;B01
200900007373;0;7;0;0;2;7;1;A01
200900007373;0;7;0;0;2;1;1;B01
200900007374;0;7;0;0;2;5;1;B01
200900007374;0;7;0;0;2;3;14;A01
200900007374;0;7;0;12;2;1;1;C01
200900007375;0;7;0;0;1;2;1;A01
200900007376;0;1;0;0;2;1;19;B01
200900007376;0;7;0;0;2;1;21;A01
200900007377;0;7;0;0;2;3;17;C01
200900007377;0;15;0;0;2;2;12;A01
200900007377;0;7;0;4;0;6;1;B01
200900007378;1;7;0;0;1;1;1;A01
200900007379;2;7;0;0;2;1;1;A01
200900007379;0;7;0;0;2;7;1;B02
200900007380;2;7;0;0;2;1;1;A01
200900007380;0;7;0;0;2;7;15;B01
200900007381;0;7;0;0;2;3;1;B01
200900007381;0;7;0;0;2;3;13;A01
200900007382;0;7;0;0;0;6;23;A01
200900007382;0;7;0;0;2;1;1;B02
200900007383;0;7;0;0;2;2;1;A01
200900007383;0;7;0;0;2;3;15;B02
200900007384;0;7;0;0;2;1;1;C03
200900007384;0;7;0;0;2;3;1;B02
200900007384;0;7;0;0;2;1;13;A01
200900007385;0;7;0;0;2;7;17;A01
200900007385;0;1;0;0;2;0;1;B02
200900007386;0;2;0;0;2;1;1;B02
200900007386;0;7;0;0;9;5;15;A01
200900007387;0;10;0;8;0;1;1;A01
200900007388;0;7;0;0;2;1;1;B02
200900007388;0;7;0;0;2;7;13;A01
200900007389;0;7;0;0;2;1;1;A01
200900007389;0;7;0;0;2;1;1;B02
200900007390;0;7;0;0;2;8;13;A01
200900007390;0;10;0;0;2;1;21;B02
200900007390;0;10;0;0;2;3;1;C03
200900007391;0;7;0;2;0;0;13;A01
200900007392;0;7;0;0;1;3;1;A01
200900007392;0;99;0;0;2;5;0;B02
200900007393;0;7;0;0;0;9;11;A01
200900007394;0;33;0;13;0;7;9;A01
200900007395;0;7;0;0;2;1;13;A01
200900007395;0;7;0;0;2;3;1;B02
200900007396;0;14;0;0;1;2;1;A01
200900007397;0;7;0;0;2;1;1;B02
200900007397;0;7;0;0;2;7;19;A01
200900007398;0;7;0;0;2;3;13;A01
200900007398;0;38;0;0;2;3;1;B02
200900007399;0;7;0;2;0;1;1;A01
200900007400;1;7;0;2;0;1;0;A01
200900007401;0;7;0;0;2;3;15;A01
200900007401;0;33;0;0;2;1;1;B02
200900007402;0;7;0;0;2;1;1;B02
200900007402;0;7;0;0;2;1;13;A01
200900007403;0;7;0;0;1;3;1;A01
200900007404;0;7;0;0;2;2;19;A01
200900007404;0;7;0;13;2;3;1;B02
200900007405;0;7;0;0;1;1;1;A01
200900007406;0;7;0;0;1;2;1;A01
200900007407;0;1;0;0;2;1;1;B01
200900007407;0;37;1;0;2;7;16;A01
200900007408;0;7;0;0;4;3;6;A01
200900007408;0;40;0;0;2;1;1;B01
200900007409;0;7;0;0;1;1;1;A01
200900007410;0;7;0;0;2;2;15;A01
200900007410;0;33;0;0;2;1;1;B01
200900007411;0;10;0;0;1;1;16;A01
200900007412;0;7;0;0;2;1;1;A01
200900007412;0;33;0;0;0;4;15;B01
200900007413;0;7;0;0;1;8;1;A01
200900007414;0;7;0;0;2;3;15;B01
200900007414;0;33;0;0;2;1;17;A01
200900007415;0;7;0;4;0;2;1;A01
200900007416;0;31;0;8;0;1;16;A01
200900007417;0;34;0;0;0;4;2;A01
200900007417;0;7;0;0;0;2;2;B02
200900007418;0;7;0;0;2;1;1;B02
200900007418;0;17;0;0;2;6;1;A01
200900007419;0;7;0;0;2;1;13;B01
200900007419;0;7;0;0;2;3;3;A01
200900007420;0;7;0;0;2;1;1;B01
200900007420;0;7;0;0;2;7;15;A01
200900007421;0;7;0;0;2;9;1;B01
200900007421;0;7;0;3;2;1;9;A01
200900007422;0;7;0;0;2;1;1;B01
200900007422;0;7;0;0;2;1;5;A01
200900007423;0;7;0;0;2;1;15;A01
200900007423;0;33;0;0;2;3;1;B01
200900007424;0;15;0;0;2;6;23;B01
200900007424;0;7;0;0;2;3;1;A01
200900007425;0;7;0;13;2;1;1;A01
200900007425;0;7;0;0;2;8;1;B01
200900007426;0;33;0;0;2;1;1;B01
200900007426;0;7;0;0;0;7;15;A01
200900007427;0;7;0;0;2;3;1;B01
200900007427;0;7;0;0;2;1;15;A01
200900007428;0;7;0;0;0;8;15;B01
200900007428;0;7;0;0;2;1;1;A01
200900007429;0;10;0;0;2;1;0;A01
200900007429;0;7;0;0;0;1;1;B01
200900007429;0;7;0;0;2;1;2;C01
200900007430;0;7;0;2;1;0;4;A01
200900007431;0;99;0;0;2;1;1;A01
200900007431;0;7;0;0;0;7;1;B01
200900007432;0;7;0;0;1;2;1;A01
200900007432;0;7;0;0;2;1;1;B01
200900007433;0;2;0;0;2;1;1;B01
200900007433;0;7;0;0;0;2;13;A01
200900007434;0;7;0;0;2;3;15;A01
200900007434;0;33;0;0;2;7;17;B02
200900007435;0;7;0;6;0;1;14;A01
200900007436;0;7;0;0;2;7;15;A01
200900007436;0;33;0;0;2;1;1;B02
200900007437;0;7;0;0;0;6;23;B02
200900007437;0;7;0;1;1;2;14;A01
200900007438;0;7;0;0;5;1;1;A01
200900007439;0;7;0;6;0;5;1;A01
200900007440;0;14;0;13;0;1;1;A01
200900007441;0;7;0;0;2;2;17;B02
200900007441;0;10;0;0;2;3;13;A01
200900007442;0;33;0;0;2;1;1;A01
200900007442;0;7;0;0;2;8;15;B01
200900007443;0;7;0;0;2;1;1;B01
200900007443;0;7;0;0;2;3;15;A01
200900007444;0;7;0;0;2;1;15;A01
200900007444;0;7;0;0;2;1;1;B02
200900007445;0;7;0;0;2;3;1;A01
200900007445;0;7;0;0;2;5;1;B02
200900007446;0;33;0;0;0;1;13;A01
200900007447;0;7;0;6;1;1;1;A01
200900007448;0;7;0;0;2;1;2;A01
200900007448;0;7;0;0;0;4;15;B01
200900007449;0;7;0;0;2;6;15;B02
200900007449;0;33;0;0;2;1;17;A01
200900007450;0;15;0;16;0;7;14;A01
200900007451;0;7;0;6;0;1;13;A01
200900007452;0;7;0;0;1;3;0;A01
200900007453;0;7;0;3;0;3;1;A01
200900007454;0;33;0;0;2;1;1;A01
200900007454;0;7;0;0;2;7;15;B02
200900007455;0;7;0;6;0;1;1;A01
200900007456;0;10;0;0;2;8;19;A01
200900007456;0;7;0;0;2;1;1;B02
200900007457;0;7;0;2;0;1;13;A01
200900007458;0;7;0;0;2;3;9;A01
200900007458;0;30;0;0;2;1;1;B02
200900007459;0;7;0;0;2;8;15;B02
200900007459;0;2;0;0;2;7;17;A01
200900007460;0;7;0;6;0;3;1;A01
200900007461;0;7;0;0;1;3;1;A01
200900007462;0;7;0;0;2;1;1;A01
200900007462;0;7;0;0;0;3;1;B01
200900007463;0;2;0;0;2;1;1;B01
200900007463;0;7;0;0;0;2;23;A01
200900007464;0;7;0;0;0;4;1;B01
200900007464;0;30;0;0;2;1;2;A01
200900007465;0;7;0;0;2;1;2;A01
200900007465;0;33;0;0;0;4;1;B01
200900007466;0;7;0;0;1;2;1;A01
200900007467;2;7;0;8;2;1;2;A01
200900007467;0;7;0;0;0;5;23;B01
200900007468;0;7;0;0;2;8;23;C03
200900007468;0;17;0;0;2;2;1;A01
200900007468;0;2;0;0;2;8;1;B02
200900007469;0;7;0;13;0;9;1;A01
200900007470;0;7;0;0;2;5;1;A01
200900007470;0;2;0;0;2;1;1;B01
200900007471;0;7;0;1;0;3;13;A01
200900007471;0;7;0;;;;24;B01
200900007472;0;17;0;0;0;4;23;B01
200900007472;0;7;0;0;2;1;2;A01
200900007473;0;7;0;0;2;4;0;A01
200900007473;0;30;0;0;2;1;0;B01
200900007474;0;2;0;0;2;3;0;B01
200900007474;0;7;0;0;2;1;16;A01
200900007475;0;7;0;0;2;1;15;A01
200900007475;0;7;0;0;2;1;1;B01
200900007476;0;7;0;0;1;3;0;A01
200900007477;0;99;0;0;0;0;0;A01
200900007477;0;31;0;14;0;1;1;B01
200900007478;0;7;0;0;1;1;1;A01
200900007479;0;7;0;0;1;1;1;A01
200900007480;0;7;0;0;2;1;0;B01
200900007480;0;7;0;0;2;0;0;A01
200900007481;2;7;0;0;1;0;21;A01
200900007482;0;7;0;0;2;4;0;A01
200900007482;0;2;0;0;1;1;0;B01
200900007483;0;2;0;0;2;0;0;A01
200900007483;0;7;0;0;2;8;0;B01
200900007484;0;30;0;0;2;1;13;A01
200900007484;0;7;0;0;2;1;1;B01
200900007485;0;7;0;0;2;0;0;B01
200900007485;0;1;0;0;2;1;0;A01
200900007486;0;38;0;0;0;0;0;A01
200900007487;0;7;0;0;2;1;0;B01
200900007487;0;7;0;0;2;1;0;A01
200900007488;0;7;0;0;2;0;0;A01
200900007488;0;2;0;0;2;0;0;B01
200900007489;0;2;0;0;2;1;1;B01
200900007489;0;7;0;0;2;3;10;A01
200900007490;0;7;0;0;2;2;1;B01
200900007490;0;7;0;0;2;8;1;A01
200900007491;0;2;0;0;2;1;1;A01
200900007491;0;2;0;0;2;4;1;B01
200900007492;0;7;0;0;2;1;2;A01
200900007492;0;13;0;0;2;4;2;B01
200900007493;0;7;0;0;2;0;0;A01
200900007493;0;2;0;0;2;0;0;B01
200900007494;0;7;0;4;0;1;0;A01
200900007495;0;7;0;0;2;6;16;A01
200900007495;0;2;0;0;2;1;1;B01
200900007496;0;31;0;13;0;1;1;A01
200900007497;0;33;0;6;0;7;15;A01
200900007498;0;7;0;0;2;3;1;B02
200900007498;0;7;0;0;2;3;1;A01
200900007499;0;33;0;0;2;1;1;B02
200900007499;0;7;0;0;2;6;19;A01
200900007500;0;30;0;1;0;1;1;A01
200900007501;0;33;0;0;2;7;16;B02
200900007501;0;31;0;0;2;1;18;A01
200900007502;0;15;0;0;2;3;1;A01
200900007502;0;7;0;0;2;3;13;B02
200900007503;0;7;0;0;2;1;6;A01
200900007503;0;7;0;0;2;1;1;B02
200900007504;0;2;0;14;0;1;1;A01
200900007504;0;7;0;0;2;4;23;B01
200900007505;0;7;0;0;2;8;1;C03
200900007505;0;14;0;0;2;3;1;B02
200900007505;0;7;0;0;2;2;13;A01
200900007506;0;14;0;0;2;8;1;C03
200900007506;0;7;0;0;2;1;13;A01
200900007506;0;7;0;0;2;1;1;B02
200900007507;0;30;0;0;0;8;1;B02
200900007508;0;7;0;0;1;2;1;A01
200900007509;0;7;0;0;2;3;13;A01
200900007509;0;7;0;0;2;3;1;B02
200900007510;0;7;0;0;2;1;2;A01
200900007510;0;7;0;0;2;4;0;B02
200900007511;0;21;0;0;2;8;15;B02
200900007511;0;30;0;0;2;7;17;A01
200900007512;0;2;0;1;0;2;17;A01
200900007512;0;7;0;0;2;6;24;B02
200900007513;0;7;0;0;1;4;4;A01
200900007514;0;7;0;15;0;2;1;A01
200900007515;0;7;0;0;2;3;1;A01
200900007515;0;30;0;0;2;7;1;B02
200900007516;0;2;0;0;0;0;0;A01
200900007517;0;30;0;0;0;0;0;A01
200900007518;0;1;0;0;2;0;19;B01
200900007518;0;7;0;0;2;0;0;A01
200900007519;0;1;0;0;0;0;0;A01
200900007520;0;30;0;0;0;0;0;A01
200900007521;0;30;0;0;0;0;0;A01
200900007522;0;7;0;0;2;3;1;B01
200900007522;0;7;0;0;2;3;13;A01
200900007523;0;2;0;12;0;1;1;A01
200900007524;0;7;0;0;2;3;15;A01
200900007524;0;2;0;0;2;8;1;B01
200900007525;0;7;0;0;2;0;0;B01
200900007525;0;37;1;0;2;0;0;A01
200900007526;0;1;0;0;0;0;0;A01
200900007527;0;7;0;0;2;0;0;A01
200900007527;0;7;0;0;2;0;0;B01
200900007528;0;7;0;0;0;9;0;A01
200900007529;0;2;0;0;2;0;0;A01
200900007529;0;7;0;0;2;0;0;B01
200900007530;0;7;0;0;2;8;0;D01
200900007530;0;7;0;0;2;4;2;A01
200900007530;0;7;0;0;2;9;2;C01
200900007530;0;7;0;0;2;9;2;B01
200900007531;0;7;0;0;1;0;0;A01
200900007532;0;17;0;1;0;2;1;B02
200900007533;0;30;0;1;0;1;0;A01
200900007534;0;30;0;0;2;0;0;A01
200900007534;0;7;0;0;2;0;0;B01
200900007535;0;30;0;6;0;1;1;A01
200900007536;0;1;0;0;2;1;0;B01
200900007536;0;30;0;0;2;0;0;A01
200900007537;0;7;0;0;2;9;2;A01
200900007537;0;7;0;0;2;9;2;B01
200900007537;0;7;0;0;2;2;2;C01
200900007537;0;7;0;0;0;6;2;D01
200900007538;0;33;0;0;2;2;1;B01
200900007538;0;7;0;0;2;2;1;A01
200900007539;0;7;0;0;2;6;11;A01
200900007539;0;31;0;0;2;2;1;B01
200900007540;0;7;0;0;1;2;1;A01
200900007541;0;7;0;0;0;8;1;B01
200900007541;2;7;0;0;2;1;16;A01
200900007542;0;7;0;0;1;7;1;A01
200900007543;0;7;0;6;0;1;13;A01
200900007544;0;7;0;0;2;1;1;B01
200900007544;0;7;0;0;2;8;13;A01
200900007545;0;33;0;1;0;8;13;A01
200900007546;0;37;1;0;1;6;0;A01
200900007547;0;10;0;2;0;3;13;A01
200900007548;0;7;0;3;0;3;1;A01
200900007549;0;7;0;0;2;3;1;B02
200900007549;0;7;0;0;2;3;1;A01
200900007550;0;7;0;2;0;1;1;A01
200900007551;0;7;0;0;0;3;13;A01
200900007551;0;10;0;0;2;3;1;B02
200900007552;0;7;0;6;0;1;1;A01
200900007553;0;14;0;13;0;3;0;A01
200900007554;0;10;0;0;1;6;20;A01
200900007555;0;10;0;0;2;8;10;A01
200900007555;0;7;0;0;2;1;1;B01
200900007556;0;7;0;0;2;1;0;B02
200900007557;0;3;0;0;2;2;14;A01
200900007557;0;7;0;0;0;4;20;B01
200900007558;0;7;0;0;0;4;1;B01
200900007558;0;7;0;0;2;1;2;A01
200900007559;0;7;0;6;0;1;0;A01
200900007560;0;30;0;0;2;1;1;B01
200900007560;0;7;0;0;2;1;0;A01
200900007561;0;7;0;0;0;1;1;B01
200900007561;0;7;0;0;2;1;0;A01
200900007562;0;7;0;16;2;1;13;A01
200900007562;0;7;0;0;2;1;1;B02
200900007563;0;7;0;0;1;2;17;A01
200900007564;0;7;0;13;0;3;1;A01
200900007565;0;10;0;16;2;3;6;A01
200900007565;0;7;0;13;2;1;1;B02
200900007566;0;7;0;0;1;2;15;A01
200900007567;0;33;0;0;2;1;1;B02
200900007567;0;7;0;0;2;2;15;A01
200900007568;0;15;0;2;0;1;1;A01
200900007569;0;7;0;0;0;0;10;A01
200900007569;0;7;0;1;1;2;14;B01
200900007570;0;7;0;0;2;1;13;A01
200900007570;0;20;0;0;2;3;1;B02
200900007571;0;2;0;0;0;7;0;B02
200900007571;0;7;0;0;2;1;0;A01
200900007572;0;7;0;0;1;2;1;A01
200900007573;0;7;0;0;2;8;1;B01
200900007573;0;7;0;0;2;1;1;A01
200900007574;0;2;0;0;1;1;13;A01
200900007575;0;7;0;0;2;1;9;A01
200900007575;0;1;0;0;2;7;1;B01
200900007576;0;7;0;0;2;1;11;B02
200900007576;0;2;0;0;2;8;1;A01
200900007577;0;15;0;0;2;2;21;B02
200900007577;0;7;0;3;2;6;4;A01
200900007578;0;7;0;2;0;2;1;A01
200900007579;0;7;0;0;1;3;1;A01
200900007580;0;7;0;0;2;3;1;B01
200900007580;0;7;0;0;2;1;1;A01
200900007581;0;7;0;0;1;3;1;A01
200900007582;0;38;2;0;1;2;1;A01
200900007583;0;2;0;0;2;1;21;A01
200900007583;0;7;0;0;0;4;23;B01
200900007584;0;10;0;2;0;3;14;A01
200900007585;0;31;0;0;2;1;0;A01
200900007585;0;7;0;0;2;8;23;B01
200900007586;0;7;0;0;2;1;2;A01
200900007586;0;7;0;0;0;4;23;B01
200900007587;0;7;0;3;2;9;14;A01
200900007587;0;7;0;0;2;2;15;B01
200900007588;0;17;0;11;0;3;13;A01
200900007589;0;7;0;0;2;1;1;A01
200900007589;0;21;0;0;0;5;20;B02
200900007590;0;7;0;0;1;3;1;A01
200900007591;0;2;0;1;0;1;1;A01
200900007592;0;7;0;1;0;2;14;A01
200900007593;0;1;0;0;2;1;1;B02
200900007593;0;7;0;0;2;3;1;A01
200900007594;0;33;0;0;0;7;17;A01
200900007595;0;7;0;0;1;2;1;A01
200900007596;0;7;0;0;2;4;23;B01
200900007596;0;30;0;0;2;1;1;A01
200900007597;0;7;0;8;0;1;13;A01
200900007598;0;1;0;0;2;0;13;B02
200900007598;0;7;0;0;2;7;17;A01
200900007598;0;7;0;1;0;0;24;C03
200900007599;0;30;0;0;2;1;2;A01
200900007599;0;7;0;0;2;5;23;B01
200900007600;0;7;0;0;2;2;1;B01
200900007600;0;7;0;0;2;2;15;A01
200900007601;0;7;0;0;2;2;9;A01
200900007601;0;7;0;0;2;1;5;C01
200900007601;0;7;0;0;2;1;1;B01
200900007602;0;2;0;0;2;2;10;B02
200900007602;0;7;0;0;2;1;1;A01
200900007603;1;7;0;0;1;1;1;Z01
200900007604;0;7;0;0;2;1;1;B02
200900007604;0;7;0;0;2;2;13;A01
200900007605;0;7;0;0;2;1;15;A01
200900007605;0;7;0;0;0;6;1;B01
200900007606;0;33;0;0;2;1;17;A01
200900007606;0;7;0;0;2;1;1;B01
200900007607;0;7;0;0;2;6;15;A01
200900007607;0;7;0;0;2;6;1;B01
200900007607;0;2;0;0;2;1;2;C01
200900007608;0;7;0;0;2;8;1;B01
200900007608;0;7;0;0;2;1;1;A01
200900007609;0;7;0;0;1;0;15;A01
200900007610;0;7;0;0;1;2;1;A01
200900007611;0;7;0;0;1;2;1;A01
200900007612;0;17;0;0;1;1;1;A01
200900007613;0;10;0;0;2;1;2;A01
200900007613;0;7;0;0;2;4;23;B01
200900007613;0;7;0;0;2;4;23;C01
200900007614;0;33;0;0;2;1;1;A01
200900007614;0;7;0;0;2;7;15;B01
200900007615;0;7;0;0;2;6;1;B02
200900007615;0;2;0;0;2;3;13;A01
200900007616;0;7;0;2;0;8;1;A01
200900007617;0;7;0;0;2;3;2;A01
200900007617;0;7;0;0;2;5;23;B02
200900007617;0;33;0;0;2;1;1;C03
200900007618;0;7;0;0;2;1;1;B02
200900007618;0;7;0;0;2;7;1;A01
200900007619;0;7;0;0;2;7;13;A01
200900007619;0;7;0;0;2;1;1;B02