num_acc;senc;catv;occutc;obs;obsm;choc;manv;num_veh
200900007620;0;10;0;0;2;2;5;A01
200900007620;0;7;0;0;2;2;1;B02
200900007621;0;2;0;0;2;1;19;A01
200900007621;0;10;0;0;2;2;0;B01
200900007622;0;2;0;2;0;1;14;A01
200900007623;0;7;0;15;0;2;1;A01
200900007624;0;1;0;0;2;8;1;B02
200900007624;0;7;0;0;9;2;1;A01
200900007625;0;10;0;11;2;1;1;B02
200900007625;0;7;0;0;2;3;19;A01
200900007626;0;7;0;0;2;3;13;A01
200900007626;0;7;0;0;2;3;1;B02
200900007627;0;33;0;3;0;1;1;A01
200900007628;0;7;0;2;0;1;1;A01
200900007629;0;7;0;6;2;7;1;B02
200900007629;0;7;0;0;2;3;19;A01
200900007630;0;7;0;0;2;8;1;A01
200900007630;0;7;0;0;2;3;15;B02
200900007631;0;7;0;13;0;9;1;A01
200900007632;0;7;0;3;2;6;9;A01
200900007632;0;33;0;0;2;2;15;B02
200900007633;0;7;0;0;2;3;13;A01
200900007633;0;15;0;13;2;1;1;B02
200900007634;0;7;0;0;2;8;15;A01
200900007634;0;33;0;0;2;1;17;B02
200900007635;0;10;0;0;1;6;1;A01
200900007636;0;7;0;2;0;1;1;A01
200900007637;0;7;0;0;0;0;13;A01
200900007637;0;7;0;0;2;1;17;B02
200900007637;0;17;0;0;0;3;1;C03
200900007638;0;7;0;6;0;8;21;A01
200900007639;0;7;0;0;2;8;23;B01
200900007639;1;7;0;0;2;1;13;A01
200900007640;0;7;0;0;2;1;1;B01
200900007640;0;1;0;0;2;8;19;A01
200900007641;0;7;0;0;2;3;15;A01
200900007641;2;7;0;0;2;2;17;B01
200900007642;0;7;0;0;2;4;23;B01
200900007642;0;2;0;0;2;1;1;A01
200900007643;0;7;0;2;0;2;1;A01
200900007644;0;7;0;0;9;1;2;A01
200900007644;0;1;0;0;2;4;2;B02
200900007645;0;7;0;2;0;1;1;A01
200900007646;0;7;0;2;0;1;14;A01
200900007647;0;7;0;0;2;2;1;C03
200900007647;0;7;0;3;2;9;1;A01
200900007647;0;7;0;0;2;1;1;D04
200900007647;0;7;0;0;2;3;1;B02
200900007648;0;7;0;0;2;1;1;A01
200900007648;0;7;0;0;2;7;19;B02
200900007649;0;7;0;2;0;2;0;A01
200900007650;0;7;0;6;0;1;0;A01
200900007650;0;7;0;0;2;1;1;C01
200900007650;0;7;0;0;2;3;11;B01
200900007651;0;7;0;0;0;1;1;B02
200900007651;0;7;0;0;0;2;15;A01
200900007652;0;7;0;0;2;6;1;C03
200900007652;0;7;0;0;2;4;15;B02
200900007652;0;30;0;0;2;1;17;A01
200900007653;0;7;0;0;2;1;15;A01
200900007653;0;33;0;0;2;2;1;B02
200900007654;0;7;0;0;0;8;15;A01
200900007654;0;31;0;0;0;2;17;B02
200900007655;0;1;0;0;0;6;1;B02
200900007655;0;3;0;0;2;2;1;A01
200900007656;0;7;0;0;0;4;1;B02
200900007656;0;7;0;0;0;1;21;A01
200900007657;0;31;0;0;6;1;16;A01
200900007658;0;7;0;8;0;1;1;A01
200900007659;0;7;0;13;0;1;1;A01
200900007660;0;7;0;0;1;4;4;A01
200900007661;0;31;0;0;2;1;17;A01
200900007661;0;21;0;0;2;3;15;B01
200900007662;0;7;0;0;2;1;1;B01
200900007662;0;2;0;0;2;7;1;A01
200900007663;0;7;0;0;2;1;1;A01
200900007663;0;7;0;0;2;3;1;B01
200900007664;0;7;0;8;0;3;13;A01
200900007665;0;10;0;0;2;8;13;A01
200900007665;0;10;0;0;2;3;1;B01
200900007666;0;36;0;0;5;2;21;A01
200900007667;0;7;0;13;0;7;1;A01
200900007668;0;7;0;2;0;1;13;A01
200900007669;0;7;0;3;2;1;17;A01
200900007669;0;17;0;0;2;6;1;B02
200900007670;0;7;0;0;2;2;1;B01
200900007670;0;37;0;0;2;6;19;A01
200900007671;0;14;0;0;2;1;1;B02
200900007671;0;14;0;0;2;3;15;A01
200900007672;0;7;0;3;0;3;17;A01
200900007673;0;7;0;0;1;3;1;A01
200900007674;0;7;0;0;0;0;1;A01
200900007675;0;14;0;0;0;8;0;B02
200900007675;0;7;0;0;0;9;0;A01
200900007675;0;7;0;0;2;1;0;D04
200900007675;0;7;0;0;2;6;0;C03
200900007676;0;7;0;0;2;1;13;A01
200900007676;0;17;0;0;2;1;21;B02
200900007677;0;38;0;0;0;4;2;B02
200900007677;0;7;0;0;2;1;2;A01
200900007678;0;30;0;12;0;8;1;A01
200900007679;0;7;0;16;0;9;13;A01
200900007680;0;10;0;2;0;1;1;A01
200900007681;0;7;0;13;0;1;0;A01
200900007682;0;33;0;0;2;1;1;B02
200900007682;0;7;0;0;2;5;15;A01
200900007683;0;7;0;0;2;1;2;A01
200900007683;0;33;0;0;0;4;15;B02
200900007684;0;7;0;0;2;8;1;B02
200900007684;0;7;0;0;2;1;19;A01
200900007685;0;7;0;0;2;1;1;B01
200900007685;0;7;0;0;0;7;0;A01
200900007686;0;7;0;0;2;1;19;A01
200900007686;0;7;0;0;2;3;1;B02
200900007687;0;7;0;0;2;2;1;B02
200900007687;0;7;0;0;2;2;13;A01
200900007688;0;7;0;0;0;3;2;B02
200900007688;0;10;0;0;0;2;2;A01
200900007689;0;7;0;0;9;3;15;B01
200900007689;0;30;0;0;2;2;17;A01
200900007690;0;7;0;0;2;3;16;B02
200900007690;0;7;0;0;2;3;13;A01
200900007691;0;1;0;0;2;1;5;A01
200900007691;0;7;0;0;9;2;16;B01
200900007692;1;7;0;0;1;3;1;A01
200900007693;0;7;0;0;2;2;15;A01
200900007693;0;7;0;0;2;3;1;B01
200900007694;0;7;0;0;1;2;1;A01
200900007695;0;7;0;0;2;1;5;A01
200900007695;0;7;0;0;2;3;1;B01
200900007696;0;7;0;0;2;2;1;A01
200900007696;0;7;0;0;2;7;13;B02
200900007697;0;10;0;0;0;1;1;B02
200900007697;0;31;0;0;2;1;16;A01
200900007698;0;7;0;0;2;3;1;B02
200900007698;0;7;0;0;2;2;15;A01
200900007698;0;7;0;0;2;1;1;C03
200900007699;0;7;0;0;2;1;0;A01
200900007699;0;7;0;0;2;1;1;B02
200900007700;0;7;0;0;2;5;15;A01
200900007700;0;7;0;0;9;3;1;D04
200900007700;0;7;0;0;9;6;1;C03
200900007700;0;33;0;0;2;1;1;B02
200900007701;0;7;0;0;2;3;15;A01
200900007701;0;7;0;0;2;3;1;B02
200900007702;0;7;0;0;2;3;19;B01
200900007702;0;7;0;0;2;8;1;A01
200900007703;0;7;0;0;2;1;1;B01
200900007703;0;7;0;0;2;6;15;A01
200900007704;0;7;0;2;0;9;1;A01
200900007705;0;7;0;13;0;9;1;A01
200900007706;0;7;0;0;2;1;13;A01
200900007706;0;7;0;0;2;1;1;B02
200900007707;0;7;0;0;2;1;1;A01
200900007707;0;7;0;0;2;4;1;B01
200900007708;0;7;0;0;1;3;1;A01
200900007709;0;7;0;0;0;9;1;A01
200900007710;0;30;0;0;0;0;1;A01
200900007711;0;1;0;0;2;1;13;B01
200900007711;0;7;0;0;2;2;17;A01
200900007712;0;7;0;2;0;8;1;A01
200900007713;0;10;0;0;2;3;17;A01
200900007713;0;7;0;0;2;3;1;B02
200900007714;0;7;0;0;2;4;1;B01
200900007714;0;30;0;0;2;1;1;A01
200900007715;0;7;0;0;2;1;1;B01
200900007715;0;7;0;0;2;3;15;A01
200900007716;0;7;0;0;2;7;9;A01
200900007716;0;7;0;7;2;1;1;B01
200900007717;0;7;0;3;0;1;1;A01
200900007718;0;7;0;0;2;1;13;A01
200900007718;0;7;0;0;2;1;13;B02
200900007719;0;7;0;2;0;3;13;A01
200900007720;0;7;0;0;0;2;1;A01
200900007721;0;21;0;0;2;8;15;B01
200900007721;0;7;0;0;2;2;17;A01
200900007722;0;30;0;0;2;3;18;A01
200900007722;0;7;0;0;2;2;1;B01
200900007723;0;2;0;0;0;0;1;A01
200900007724;0;2;0;0;0;0;21;A01
200900007725;0;7;0;0;6;9;19;A01
200900007726;0;7;0;0;2;1;1;B02
200900007726;0;7;0;6;2;7;21;A01
200900007727;0;7;0;6;0;4;1;A01
200900007728;0;30;0;0;2;1;18;A01
200900007728;0;7;0;0;2;8;15;B01
200900007729;0;10;0;0;2;1;19;A01
200900007729;0;30;0;0;2;8;1;B02
200900007730;0;7;0;0;0;0;14;A01
200900007731;0;30;0;0;2;1;1;B01
200900007731;0;7;0;0;2;2;1;A01
200900007732;0;2;0;0;0;0;1;A01
200900007733;0;7;0;0;1;3;1;A01
200900007734;0;7;0;0;2;2;1;B01
200900007734;0;1;0;0;2;3;13;A01
200900007735;0;1;0;0;2;3;1;B01
200900007735;0;7;0;0;2;2;16;A01
200900007736;0;10;0;0;0;4;1;B02
200900007736;0;7;0;0;0;1;1;A01
200900007737;0;7;0;0;2;8;1;C03
200900007737;0;7;0;0;2;1;1;B02
200900007737;0;7;0;0;2;3;13;A01
200900007738;0;7;0;0;2;1;1;A01
200900007738;0;7;0;0;2;7;1;B02
200900007739;0;7;0;13;0;9;1;A01
200900007740;0;7;0;0;2;3;13;A01
200900007740;0;7;0;0;2;3;1;B02
200900007741;0;7;0;14;0;3;2;C03
200900007741;0;7;0;0;2;2;13;A01
200900007741;0;7;0;0;2;2;1;B02
200900007742;0;7;0;0;1;2;1;A01
200900007743;0;7;0;0;2;1;9;A01
200900007743;0;2;0;0;2;7;1;B01
200900007744;0;7;0;0;2;3;1;A01
200900007744;0;7;0;0;2;3;13;B02
200900007745;0;7;0;0;2;1;1;A01
200900007745;0;7;0;0;2;4;1;B02
200900007746;0;7;0;0;2;3;13;A01
200900007746;0;7;0;0;2;3;1;B02
200900007747;0;31;0;0;0;0;1;A01
200900007748;0;33;0;0;0;0;21;B02
200900007749;0;7;0;2;0;7;1;A01
200900007750;0;7;0;0;2;3;1;B02
200900007750;0;7;0;0;2;3;13;A01
200900007751;0;30;0;8;0;1;14;A01
200900007752;1;30;0;0;1;0;1;A01
200900007753;0;7;0;0;2;1;2;B02
200900007753;0;7;0;0;0;4;23;A01
200900007754;0;38;1;16;0;9;1;A01
200900007755;0;99;0;14;0;7;13;A01
200900007756;0;7;0;0;2;1;13;A01
200900007756;0;14;0;0;2;2;1;B02
200900007757;0;33;0;0;0;0;2;B02
200900007757;0;7;0;0;0;0;2;A01
200900007758;0;7;0;1;0;3;1;A01
200900007758;0;7;0;0;0;5;23;B02
200900007759;0;7;0;2;0;8;1;A01
200900007760;0;7;0;0;2;1;1;B01
200900007760;0;7;0;0;2;1;13;A01
200900007760;0;7;0;0;0;4;15;C01
200900007761;0;7;0;0;2;1;13;A01
200900007761;0;7;0;0;2;1;1;B02
200900007762;0;36;0;15;0;1;13;A01
200900007763;0;7;0;0;1;1;1;A01
200900007764;0;7;0;3;0;1;13;A01
200900007765;0;7;0;0;1;2;1;A01
200900007766;0;7;0;0;2;7;1;B02
200900007766;0;7;0;0;2;1;1;A01
200900007767;0;7;0;0;2;1;1;B02
200900007767;0;7;0;0;2;1;13;A01
200900007768;0;7;0;4;0;1;21;A01
200900007769;0;1;0;0;2;1;1;B02
200900007769;0;7;0;0;9;5;15;A01
200900007770;0;30;0;0;2;1;1;A01
200900007770;0;7;0;0;2;3;1;B01
200900007771;0;7;0;0;1;1;1;A01
200900007772;0;7;0;6;0;1;1;A01
200900007773;0;7;0;6;0;1;1;A01
200900007774;0;7;0;0;2;1;0;A01
200900007774;0;30;0;0;2;7;1;B01
200900007775;0;30;0;0;2;7;17;A01
200900007775;0;30;0;0;2;8;1;B01
200900007776;0;7;0;0;0;1;14;A01
200900007777;0;32;0;0;2;7;1;B01
200900007777;0;7;0;0;2;1;15;A01
200900007778;0;7;0;0;2;3;15;A01
200900007778;0;33;0;0;2;8;1;B01
200900007779;0;33;0;0;2;1;17;A01
200900007779;0;7;0;0;2;8;15;B01
200900007780;0;10;0;0;2;1;1;A01
200900007780;0;7;0;0;2;4;1;B01
200900007781;0;7;0;0;9;1;0;A01
200900007781;0;1;0;0;2;0;0;B01
200900007782;0;2;0;0;2;1;1;B01
200900007782;0;7;0;0;2;8;9;A01
200900007783;0;7;0;0;1;2;1;A01
200900007784;0;7;0;0;2;4;1;B01
200900007784;0;7;0;0;2;1;1;A01
200900007785;0;10;0;0;1;1;1;A01
200900007786;0;7;0;0;2;2;15;A01
200900007786;0;7;0;0;2;3;1;B01
200900007787;0;30;0;0;1;1;16;A01
200900007788;0;7;0;0;1;1;1;A01
200900007789;0;7;0;8;0;1;1;A01
200900007790;0;2;0;0;0;0;1;A01
200900007791;0;7;0;0;2;8;0;B01
200900007791;0;7;0;0;2;3;1;A01
200900007792;0;7;0;0;0;8;11;A01
200900007792;0;32;0;0;2;7;17;B01
200900007793;0;7;0;0;2;2;17;A01
200900007793;0;7;0;0;2;3;15;B01
200900007794;1;7;0;0;1;1;1;A01
200900007795;0;2;0;0;2;1;1;A01
200900007795;0;7;0;0;2;6;1;B01
200900007796;0;7;0;0;2;4;23;A01
200900007796;0;2;0;0;2;1;2;B01
200900007797;0;2;0;0;2;1;1;B01
200900007797;0;30;0;0;2;8;1;A01
200900007798;0;7;0;0;2;8;0;A01
200900007798;0;32;0;0;0;1;1;B01
200900007799;0;7;0;0;2;7;15;A01
200900007799;0;32;0;0;2;1;1;B01
200900007800;0;30;0;0;0;0;1;A01
200900007801;0;2;0;0;2;1;1;A01
200900007801;0;7;0;0;2;3;1;B01
200900007802;0;7;0;0;2;3;0;A01
200900007802;0;30;0;0;2;7;0;B01
200900007803;0;7;0;4;0;1;13;A01
200900007804;0;7;0;0;0;9;1;A01
200900007805;0;10;0;0;9;2;17;A01
200900007806;0;7;0;2;0;3;13;A01
200900007807;0;7;0;0;2;2;1;A01
200900007807;0;2;0;0;2;1;1;B02
200900007808;0;33;0;0;2;3;1;B02
200900007808;0;7;0;0;2;3;15;A01
200900007809;0;7;0;2;0;2;14;A01
200900007810;0;7;0;0;2;7;1;B02
200900007810;0;7;0;0;2;1;19;A01
200900007811;0;7;0;1;0;0;0;B02
200900007811;0;7;0;0;2;1;1;A01
200900007811;0;7;0;1;0;0;0;C03
200900007811;0;7;0;1;0;0;0;D04
200900007811;0;7;0;0;2;7;9;E05
200900007812;0;7;0;0;2;3;13;A01
200900007812;0;14;0;0;2;3;14;B02
200900007813;0;14;0;0;2;8;13;A01
200900007813;0;7;0;0;2;3;1;B02
200900007814;0;7;0;0;2;7;17;A01
200900007814;0;1;0;0;0;8;1;B02
200900007815;0;33;0;13;0;1;13;A01
200900007816;0;17;0;0;2;2;17;B02
200900007816;0;7;0;0;2;8;17;C03
200900007816;0;7;0;14;2;0;17;D04
200900007816;0;7;0;0;2;1;5;A01
200900007817;0;7;0;0;2;1;15;A01
200900007817;0;10;0;0;2;2;1;B02
200900007818;0;10;0;0;2;3;13;A01
200900007818;0;7;0;0;2;3;1;B02
200900007819;0;10;0;0;0;0;1;A01
200900007819;0;7;0;0;0;5;0;E05
200900007819;0;10;0;1;2;6;23;C03
200900007819;0;7;0;14;0;1;1;D04
200900007820;0;30;0;0;2;1;1;B02
200900007820;0;10;0;0;2;8;1;A01
200900007821;0;30;0;0;2;1;2;A01
200900007821;0;7;0;0;2;5;15;B02
200900007822;0;32;0;0;2;1;1;B02
200900007822;0;14;0;0;2;3;15;A01
200900007823;0;7;0;0;0;9;1;A01
200900007824;0;33;0;0;0;8;1;A01
200900007825;0;7;0;0;2;7;0;B01
200900007825;0;7;0;0;2;1;1;A01
200900007826;0;30;0;0;2;1;1;B01
200900007826;0;7;0;0;2;1;15;A01
200900007827;0;30;0;0;0;2;1;A01
200900007828;0;7;0;0;2;1;1;B01
200900007828;0;7;0;0;2;3;19;A01
200900007829;0;7;0;0;0;9;14;A01
200900007830;0;7;0;0;0;4;15;B01
200900007830;0;7;0;0;2;1;2;A01
200900007831;0;7;0;13;0;9;14;A01
200900007832;0;7;0;0;2;3;13;A01
200900007833;0;33;0;0;0;0;1;A01
200900007834;0;7;0;0;1;1;1;A01
200900007835;0;7;0;2;0;1;14;A01
200900007836;0;10;0;6;0;1;0;A01
200900007837;1;7;0;0;1;3;0;Z01
200900007838;0;7;0;0;2;1;15;A01
200900007838;0;7;0;0;2;1;1;B02
200900007839;0;7;0;0;2;7;15;A01
200900007839;0;1;0;0;2;1;1;B02
200900007840;0;7;0;0;0;8;9;A01
200900007840;0;30;0;0;0;2;1;B01
200900007841;0;7;0;0;2;2;1;B01
200900007841;0;7;0;0;2;3;1;A01
200900007842;0;10;0;0;2;3;1;A01
200900007842;0;10;0;0;2;3;13;B02
200900007843;0;7;0;0;2;3;1;B02
200900007843;0;30;0;0;2;1;13;A01
200900007844;0;7;0;0;0;0;1;A01
200900007845;0;33;0;0;0;0;17;A01
200900007846;0;7;0;0;2;3;13;A01
200900007846;0;10;0;0;2;3;1;B02
200900007847;0;7;0;0;2;8;15;A01
200900007847;0;31;0;0;2;1;17;B02
200900007848;0;1;0;0;2;2;1;B01
200900007848;0;7;0;0;2;3;15;A01
200900007849;0;33;0;13;0;1;1;A01
200900007850;0;7;0;15;0;1;1;A01
200900007851;0;7;0;0;1;3;1;A01
200900007852;0;7;0;7;0;2;14;A01
200900007853;0;37;1;0;2;1;1;B02
200900007853;0;7;0;1;0;2;1;A01
200900007854;0;7;0;3;0;1;1;A01
200900007855;0;7;0;6;0;1;1;A01
200900007856;0;7;0;10;0;9;0;A01
200900007856;0;7;0;10;0;1;0;B01
200900007856;1;7;0;10;0;0;0;Z01
200900007857;0;7;0;0;1;3;0;A01
200900007858;0;7;0;0;1;1;1;A01
200900007859;0;7;0;0;2;7;2;A01
200900007859;0;2;0;0;2;8;2;B02
200900007860;0;7;0;13;0;1;13;A01
200900007861;0;7;0;0;2;1;2;C01
200900007861;0;7;0;0;0;4;2;A01
200900007861;0;7;0;0;2;4;2;B01
200900007862;0;33;0;0;2;2;17;A01
200900007862;0;7;0;0;0;3;15;B01
200900007863;0;33;0;0;0;1;1;A01
200900007864;0;7;0;15;0;1;14;A01
200900007865;0;7;0;0;2;2;2;A01
200900007865;0;3;0;0;2;8;2;C01
200900007865;0;2;0;0;2;4;11;B01
200900007866;0;1;0;0;2;1;2;B01
200900007866;1;7;0;0;9;5;17;A01
200900007867;0;7;0;0;1;3;1;A01
200900007868;0;15;0;0;2;1;1;A01
200900007869;0;2;0;0;2;2;17;B01
200900007869;1;7;0;0;0;1;9;A01
200900007870;0;7;0;0;2;3;1;B02
200900007870;0;33;0;0;2;1;13;A01
200900007871;0;7;0;0;2;4;2;A01
200900007871;0;7;0;0;2;1;2;B02
200900007872;0;2;0;1;0;1;13;A01
200900007873;0;7;0;2;6;3;1;A01
200900007874;0;7;0;0;2;1;2;A01
200900007874;0;10;0;0;2;5;1;B02
200900007875;0;7;0;0;2;3;13;A01
200900007875;0;7;0;0;2;3;1;B02
200900007875;0;7;0;0;2;1;1;C03
200900007876;0;7;0;0;1;1;1;A01
200900007877;0;7;0;0;1;2;1;A01
200900007878;1;7;0;0;1;3;0;Z01
200900007879;0;7;0;0;2;1;13;A01
200900007879;0;17;0;0;2;1;1;B02
200900007880;0;1;0;0;2;8;1;B01
200900007880;1;30;0;0;2;1;1;Z01
200900007881;0;7;0;0;2;4;2;B01
200900007881;0;7;0;0;2;1;2;A01
200900007882;0;7;0;0;2;6;1;B01
200900007882;0;30;0;0;2;1;1;A01
200900007883;0;7;0;0;0;8;20;B01
200900007883;0;7;0;0;2;1;17;A01
200900007884;0;7;0;0;2;3;19;A01
200900007884;0;33;0;0;2;1;1;B01
200900007885;0;10;0;0;0;1;23;B01
200900007885;0;31;0;0;2;1;1;A01
200900007886;0;7;0;0;2;3;1;B02
200900007886;0;7;0;0;2;2;15;A01
200900007887;0;2;0;0;2;1;1;B01
200900007887;0;7;0;0;2;3;15;A01
200900007888;0;30;0;0;2;1;17;B01
200900007888;0;7;0;0;2;3;20;A01
200900007889;0;7;0;0;2;5;16;B01
200900007889;0;2;0;0;2;3;18;A01
200900007890;0;7;0;0;0;0;14;A01
200900007891;0;7;0;0;2;7;19;A01
200900007891;0;7;0;0;2;1;1;B02
200900007892;0;7;0;0;0;0;14;A01
200900007893;0;7;0;0;2;1;1;B01
200900007893;0;7;0;0;2;3;17;A01
200900007894;0;7;0;3;0;5;1;A01
200900007895;0;7;0;0;0;0;14;A01
200900007896;0;7;0;0;2;7;17;A01
200900007896;0;1;0;0;0;8;1;B02
200900007897;0;7;0;0;2;5;16;B01
200900007897;0;7;0;1;2;3;1;A01
200900007898;0;7;0;0;1;1;1;A01
200900007899;0;7;0;0;0;9;1;A01
200900007900;0;2;0;0;2;1;9;A01
200900007900;0;7;0;0;2;2;1;B01
200900007901;0;7;0;0;2;3;10;A01
200900007901;0;7;0;0;2;2;1;B02
200900007902;0;10;0;0;2;6;13;A01
200900007902;0;7;0;0;2;3;1;B01
200900007903;0;10;0;0;2;1;13;A01
200900007903;0;7;0;13;;9;1;B02
200900007903;0;7;0;13;;3;1;C03
200900007904;0;7;0;0;;2;1;A01
200900007904;0;7;0;7;2;3;15;B02
200900007905;0;7;0;0;;3;1;B02
200900007905;0;7;0;0;;2;1;C03
200900007905;0;33;0;0;2;9;13;A01
200900007906;0;14;0;0;2;5;17;A01
200900007906;0;1;0;0;;3;1;B02
200900007907;0;33;0;0;0;7;1;A01
200900007908;1;99;0;0;1;4;1;A01
200900007909;0;10;0;0;1;6;0;A01
200900007910;0;7;0;0;2;0;15;A01
200900007910;0;7;0;0;2;0;1;C01
200900007910;0;1;0;0;2;0;19;B01
200900007911;0;7;0;0;2;1;1;A01
200900007911;0;7;0;0;2;4;23;B01
200900007912;0;2;0;0;2;1;1;A01
200900007912;0;7;0;0;2;3;15;B01
200900007913;0;7;0;0;1;2;1;A01
200900007914;0;32;0;16;0;8;1;A01
200900007915;0;7;0;0;1;1;15;A01
200900007916;0;10;0;0;2;3;1;C01
200900007916;0;7;0;0;2;7;1;B01
200900007916;0;7;0;0;2;2;16;A01
200900007917;0;7;0;0;2;4;1;A01
200900007917;0;30;0;0;2;1;1;B01
200900007918;0;7;0;0;2;5;0;B01
200900007918;0;7;0;0;2;1;1;A01
200900007919;0;37;3;0;2;3;1;A01
200900007919;0;7;0;0;2;2;15;B01
200900007920;0;7;0;0;2;4;1;A01
200900007920;0;10;0;0;2;1;1;B01
200900007921;0;7;0;0;2;7;15;A01
200900007921;0;7;0;0;2;1;1;B01
200900007922;0;7;0;0;1;2;1;A01
200900007923;0;33;0;0;2;7;23;B01
200900007923;0;7;0;0;2;4;4;A01
200900007924;0;7;0;2;0;1;0;A01
200900007925;0;37;0;0;1;5;1;A01
200900007926;0;10;0;0;1;1;1;A01
200900007927;0;7;0;0;2;3;1;A01
200900007927;0;7;0;0;0;5;1;B01
200900007928;0;7;0;0;2;1;15;A01
200900007928;0;33;0;0;2;3;3;B01
200900007929;0;16;0;0;2;1;1;B01
200900007929;0;7;0;0;0;4;2;A01
200900007930;0;7;0;0;2;1;1;B02
200900007930;0;7;0;;2;1;5;A01
200900007931;0;7;0;0;0;0;0;B01
200900007931;0;10;0;0;0;0;0;A01
200900007932;0;7;0;2;0;1;0;A01
200900007933;0;30;0;0;1;1;1;A01
200900007934;0;7;0;1;0;3;15;A01
200900007935;0;2;0;0;2;1;1;A01
200900007935;0;7;0;0;2;4;1;B01
200900007936;0;7;0;0;1;2;1;A01
200900007937;0;7;0;0;1;1;1;A01
200900007938;0;7;0;0;1;1;1;A01
200900007939;0;7;0;15;1;1;5;A01
200900007940;0;7;0;0;1;2;1;A01
200900007941;0;7;0;0;2;1;1;B01
200900007941;2;7;0;0;2;3;15;A01
200900007942;0;7;0;16;2;0;14;A01
200900007942;0;7;0;13;2;1;1;B02
200900007943;0;33;0;0;0;7;21;B01
200900007943;0;7;0;0;0;2;15;A01
200900007944;0;33;0;0;0;0;1;A01
200900007945;0;30;0;0;2;8;2;A01
200900007945;0;7;0;0;2;8;17;B01
200900007946;0;7;0;0;0;5;2;A01
200900007946;0;30;0;0;0;1;2;B01
200900007947;0;7;0;9;0;9;2;A01
200900007948;0;2;0;16;0;1;1;A01
200900007949;0;7;0;0;2;1;1;A01
200900007949;0;7;0;0;0;4;1;B01
200900007950;0;7;0;0;0;7;1;B01
200900007950;2;10;0;0;2;3;1;A01
200900007951;0;7;0;0;2;1;1;A01
200900007951;0;7;0;0;0;1;24;B01
200900007952;0;2;0;0;2;1;1;A01
200900007952;0;7;0;0;2;4;1;B01
200900007953;0;7;0;0;2;1;2;C01
200900007953;0;7;0;0;2;6;1;D01
200900007953;0;7;0;0;2;1;5;B01
200900007953;0;7;0;0;2;1;17;A01
200900007954;0;37;0;0;0;0;1;A01
200900007955;0;7;0;0;2;1;21;B01
200900007955;0;7;0;0;2;1;21;A01
200900007956;0;99;0;0;2;1;1;A01
200900007956;0;7;0;0;2;1;15;B01
200900007957;0;7;0;9;0;1;2;A01
200900007958;0;7;0;0;2;6;11;B02
200900007958;0;33;0;0;2;9;17;A01
200900007959;0;30;0;0;2;4;15;A01
200900007959;0;7;0;0;2;1;1;B02
200900007960;0;33;0;0;2;0;3;A01
200900007960;0;14;0;0;0;0;0;B01
200900007961;0;7;0;0;0;0;0;B01
200900007961;0;10;0;0;0;0;0;A01
200900007962;0;7;0;0;2;4;2;C01
200900007962;0;7;0;0;2;1;2;A01
200900007962;0;7;0;0;2;4;2;B01
200900007963;0;33;0;0;0;0;0;B01
200900007963;0;7;0;0;2;1;1;A01
200900007964;0;7;0;0;2;2;0;C01
200900007964;0;7;0;0;2;1;1;B01
200900007964;0;7;0;0;2;1;9;A01
200900007965;1;7;0;0;0;0;0;Z01
200900007965;0;2;0;0;0;0;0;A01
200900007966;0;7;0;0;0;0;0;B01
200900007966;0;1;0;0;0;0;0;A01
200900007967;0;7;0;0;1;2;1;A01
200900007968;0;10;0;0;0;0;0;A01
200900007968;0;7;0;0;0;0;0;B01
200900007969;0;7;0;0;0;9;1;A01
200900007970;0;15;0;0;2;2;1;B01
200900007970;0;7;0;0;2;3;15;A01
200900007971;0;7;0;0;4;2;1;A01
200900007971;0;39;3;0;2;3;1;B02
200900007972;0;7;0;14;0;0;0;A01
200900007973;0;7;0;0;2;3;1;B02
200900007973;0;7;0;0;2;3;13;A01
200900007974;0;7;0;0;1;7;1;A01
200900007975;0;7;0;0;2;2;1;B02
200900007975;0;2;0;0;2;1;1;A01
200900007976;0;7;0;0;1;1;1;A01
200900007977;0;7;0;0;0;0;0;B01
200900007977;0;7;0;0;0;0;0;A01
200900007978;0;2;0;0;2;1;0;A01
200900007978;0;7;0;0;2;1;0;B01
200900007979;0;33;0;0;2;1;17;B01
200900007979;0;7;0;0;2;1;9;A01
200900007980;0;7;0;0;0;5;15;A01
200900007980;0;33;0;0;2;1;1;B01
200900007981;0;7;0;0;2;3;9;A01
200900007981;0;2;0;0;2;7;1;B01
200900007982;0;7;0;0;2;1;17;A01
200900007982;0;31;0;0;2;1;1;B02
200900007983;0;7;0;0;0;9;1;A01
200900007984;0;7;0;0;1;2;1;A01
200900007985;0;7;0;3;0;8;1;A01
200900007985;0;17;0;0;2;3;2;B02
200900007986;0;2;0;0;1;1;17;A01
200900007987;0;7;0;;2;2;1;B02
200900007987;0;7;0;;2;2;13;A01
200900007988;0;1;0;0;2;1;1;A02
200900007988;0;7;0;0;2;3;1;A01
200900007989;0;7;0;;1;1;1;A01
200900007990;0;7;0;;1;8;1;A01
200900007991;0;30;0;0;2;1;1;B02
200900007991;0;7;0;0;2;1;15;A01
200900007992;0;7;0;2;5;2;1;A01
200900007993;0;15;0;3;2;8;6;A01
200900007993;0;15;0;3;0;8;1;B02
200900007994;0;7;0;1;0;;1;A01
200900007995;0;7;0;7;0;1;17;A01