num_acc;senc;catv;occutc;obs;obsm;choc;manv;num_veh
200900007996;0;7;0;0;2;1;1;A01
200900007996;0;15;0;0;2;3;1;B01
200900007997;0;7;0;0;2;3;15;A01
200900007997;0;2;0;0;2;1;18;B01
200900007998;0;7;0;6;0;1;1;A01
200900007999;0;33;0;11;2;1;17;A01
200900007999;0;7;0;0;2;1;1;B02
200900008000;0;10;0;0;0;1;1;B02
200900008000;0;7;0;0;0;1;13;A01
200900008001;0;2;0;0;2;0;16;B02
200900008001;0;7;0;0;2;0;16;A01
200900008002;0;10;0;0;2;7;1;A01
200900008002;0;7;0;0;2;1;1;B02
200900008003;0;10;0;2;0;1;0;A01
200900008004;0;10;0;0;2;1;1;B02
200900008004;0;7;0;0;2;7;21;A01
200900008005;0;7;0;0;2;3;13;A01
200900008005;0;10;0;0;2;3;1;B02
200900008005;0;13;0;0;2;8;1;C03
200900008006;0;7;0;0;2;2;19;A01
200900008006;0;10;0;0;2;1;1;B02
200900008007;0;7;0;13;0;2;1;A01
200900008008;0;7;0;13;0;9;1;A01
200900008009;0;7;0;6;0;1;1;A01
200900008010;0;7;0;2;0;3;13;A01
200900008011;0;7;0;10;0;2;1;A01
200900008012;0;36;0;0;2;2;19;B02
200900008012;0;7;0;0;2;1;1;A01
200900008013;0;7;0;0;2;1;1;A01
200900008013;0;10;0;0;2;7;19;B02
200900008014;0;7;0;9;0;1;1;A01
200900008015;0;7;0;0;2;3;19;A01
200900008015;0;2;0;0;2;1;19;B01
200900008016;0;7;0;0;2;1;1;B01
200900008016;0;7;0;0;2;1;15;A01
200900008017;0;15;0;0;2;1;1;B01
200900008017;0;7;0;0;2;3;1;A01
200900008018;0;7;0;0;2;1;1;B01
200900008018;0;20;0;0;2;2;15;A01
200900008019;0;7;0;0;2;1;2;A01
200900008019;0;7;0;0;2;4;2;B01
200900008020;0;33;0;0;2;1;1;A01
200900008020;0;7;0;0;2;3;19;B02
200900008021;0;7;0;0;2;7;19;A01
200900008021;0;7;0;0;2;1;1;B01
200900008022;0;7;0;0;2;5;15;B01
200900008022;0;33;0;0;2;1;1;A01
200900008023;0;2;0;0;2;1;1;B01
200900008023;0;7;0;0;2;5;15;A01
200900008024;0;7;0;0;2;1;1;A01
200900008024;0;2;0;0;2;0;1;B01
200900008025;0;1;0;0;2;1;1;A01
200900008025;0;7;0;0;0;5;1;B01
200900008026;0;7;0;0;2;2;1;B02
200900008026;0;7;0;0;2;3;19;A01
200900008027;0;7;0;2;0;1;1;A01
200900008028;0;33;0;0;2;1;1;B02
200900008028;0;7;0;0;2;3;13;A01
200900008029;0;7;0;0;0;1;13;A01
200900008030;0;17;0;0;0;0;1;A01
200900008031;0;7;0;0;2;1;15;A01
200900008031;0;7;0;0;2;1;1;B02
200900008032;0;33;0;16;0;1;13;A01
200900008033;0;7;0;0;2;3;15;A01
200900008033;0;14;0;0;2;3;1;B02
200900008034;0;33;0;13;0;2;1;A01
200900008035;0;7;0;13;0;9;14;A01
200900008036;0;7;0;0;1;2;17;A01
200900008037;0;2;0;1;0;1;1;A01
200900008037;0;7;0;0;0;6;24;B01
200900008038;0;7;0;0;2;1;1;A01
200900008038;0;7;0;0;2;3;23;C01
200900008038;0;99;0;0;2;5;1;B01
200900008039;0;7;0;0;2;3;1;B01
200900008039;0;7;0;0;2;3;5;A01
200900008040;0;17;0;0;2;4;2;A01
200900008040;0;17;0;0;2;2;1;B02
200900008041;0;10;0;0;2;1;1;B01
200900008041;0;7;0;0;2;1;17;A01
200900008042;0;7;0;13;0;3;19;A01
200900008043;0;37;1;8;0;2;1;A01
200900008044;0;7;0;2;0;1;13;A01
200900008045;0;7;0;0;2;1;1;B02
200900008045;0;7;0;0;2;1;13;A01
200900008046;0;1;0;0;2;4;1;C03
200900008046;0;1;0;0;2;4;1;E05
200900008046;0;1;0;0;2;4;1;B02
200900008046;0;7;0;0;2;1;1;A01
200900008046;0;1;0;0;2;4;1;D04
200900008046;0;1;0;0;2;4;1;H08
200900008046;0;1;0;0;2;4;1;F06
200900008046;0;1;0;0;2;4;1;G07
200900008046;0;1;0;0;2;4;1;J10
200900008046;0;1;0;0;2;4;1;I09
200900008047;0;7;0;0;2;3;13;A01
200900008047;0;7;0;13;2;3;1;B02
200900008048;0;7;0;0;2;4;0;B02
200900008048;0;7;0;0;2;1;2;A01
200900008049;0;10;0;1;0;1;1;A01
200900008050;0;7;0;0;9;7;16;A01
200900008050;0;1;0;0;2;1;2;B01
200900008051;0;2;0;0;0;0;1;A01
200900008052;0;7;0;8;0;3;13;A01
200900008053;0;10;0;12;0;2;14;A01
200900008054;0;7;0;13;0;1;1;A01
200900008055;0;7;0;0;2;7;2;A01
200900008055;0;31;0;0;2;8;2;B01
200900008056;0;7;0;0;2;1;1;B02
200900008056;0;7;0;0;2;1;13;A01
200900008057;0;7;0;2;0;9;13;A01
200900008058;0;10;0;0;1;1;1;A01
200900008059;0;7;0;0;1;2;1;A01
200900008060;0;7;0;0;2;1;13;A01
200900008060;0;7;0;0;2;1;1;B01
200900008061;0;21;0;0;2;5;1;B02
200900008061;0;30;0;0;2;1;1;A01
200900008062;0;7;0;0;2;3;17;A01
200900008062;0;7;0;13;2;3;1;B02
200900008063;0;2;0;0;2;1;1;B02
200900008063;0;7;0;0;2;7;15;A01
200900008064;0;7;0;13;0;9;1;A01
200900008065;0;7;0;12;0;1;0;A01
200900008066;0;7;0;15;2;8;15;B01
200900008066;0;7;0;0;2;1;1;A01
200900008067;0;7;0;0;9;2;1;A01
200900008067;0;1;0;0;2;8;9;B02
200900008068;0;14;0;13;0;1;1;A01
200900008069;0;7;0;13;0;3;13;A01
200900008070;0;7;0;0;0;1;1;A01
200900008071;0;7;0;0;2;7;13;C03
200900008071;0;7;0;0;2;2;1;B02
200900008071;0;7;0;6;0;1;13;A01
200900008072;0;7;0;0;1;1;11;A01
200900008073;0;7;0;0;2;3;21;B01
200900008073;0;7;0;0;2;1;19;A01
200900008073;0;7;0;0;2;6;21;C01
200900008073;0;7;0;0;2;8;21;E01
200900008073;0;7;0;0;2;1;21;D01
200900008074;0;7;0;0;2;3;16;A01
200900008074;0;2;0;0;2;1;1;B01
200900008075;0;7;0;0;9;2;2;A01
200900008075;0;1;0;0;2;3;2;B01
200900008076;0;7;0;15;0;1;2;A01
200900008077;0;7;0;0;2;1;1;B02
200900008077;0;15;0;2;2;3;1;A01
200900008078;0;7;0;0;2;1;1;A01
200900008078;0;7;0;0;2;2;1;B02
200900008079;0;7;0;0;2;1;1;B01
200900008079;0;7;0;0;2;2;13;A01
200900008080;0;7;0;1;0;1;0;A01
200900008081;0;7;0;16;0;1;1;A01
200900008082;0;7;0;6;0;8;1;A01
200900008083;0;7;0;0;2;7;13;A01
200900008083;0;7;0;0;2;1;1;B02
200900008084;0;7;0;0;2;7;1;B01
200900008084;0;7;0;0;2;1;1;A01
200900008085;0;7;0;0;1;4;4;A01
200900008086;0;7;0;0;2;1;2;A01
200900008086;0;7;0;0;0;4;1;B01
200900008087;0;7;0;0;2;4;2;C01
200900008087;0;7;0;0;2;4;2;B01
200900008087;0;7;0;0;2;1;2;A01
200900008088;0;30;0;0;2;0;1;A01
200900008088;0;1;0;0;2;1;15;B01
200900008089;0;17;0;0;2;1;2;C01
200900008089;0;7;0;0;2;1;1;B01
200900008089;0;7;0;0;2;4;15;A01
200900008090;0;2;0;0;2;1;1;B01
200900008090;0;7;0;0;2;3;15;A01
200900008091;0;7;0;0;2;1;1;B01
200900008091;0;7;0;0;2;2;1;A01
200900008092;0;7;0;0;2;4;23;C01
200900008092;0;7;0;0;2;4;23;B01
200900008092;0;7;0;0;2;1;2;A01
200900008093;0;7;0;0;2;0;1;A01
200900008093;0;7;0;0;2;9;1;B01
200900008094;0;7;0;0;2;5;1;B01
200900008094;0;1;0;0;2;1;19;A01
200900008095;0;7;0;0;2;1;1;A01
200900008095;0;7;0;0;2;1;1;B01
200900008096;0;7;0;0;2;1;13;A01
200900008096;0;7;0;0;2;1;1;B01
200900008097;0;7;0;0;2;2;1;B02
200900008097;0;7;0;0;2;5;15;A01
200900008097;0;7;0;0;2;2;2;C03
200900008097;0;7;0;0;2;3;2;D04
200900008098;0;17;0;0;0;3;24;C03
200900008098;0;7;0;1;2;1;2;A01
200900008098;0;17;0;0;0;4;1;B02
200900008099;0;31;0;6;0;7;1;A01
200900008100;0;7;0;13;0;7;1;A01
200900008101;0;10;0;0;2;8;9;A01
200900008101;0;2;0;0;2;1;21;B02
200900008102;0;7;0;0;2;1;1;B02
200900008102;0;30;0;0;2;0;2;A01
200900008102;0;7;0;0;2;5;15;C03
200900008103;0;7;0;13;0;3;1;A01
200900008104;0;33;0;0;2;2;2;A01
200900008104;0;10;0;0;2;3;23;B02
200900008105;0;33;0;0;9;4;1;A01
200900008106;0;7;0;13;0;9;1;A01
200900008107;0;7;0;8;0;2;1;A01
200900008108;0;7;0;0;0;8;10;A01
200900008108;0;7;0;0;2;1;1;B02
200900008109;0;7;0;0;2;4;23;B01
200900008109;0;10;0;0;2;4;23;E01
200900008109;0;15;0;0;2;1;2;A01
200900008109;0;7;0;0;2;4;23;C01
200900008109;0;7;0;0;2;4;23;D01
200900008110;0;7;0;0;2;4;23;C01
200900008110;0;7;0;0;2;4;23;B01
200900008110;0;7;0;0;2;1;2;A01
200900008111;0;15;0;0;2;2;21;C01
200900008111;0;33;0;0;2;3;2;A01
200900008111;0;7;0;0;2;8;1;B01
200900008112;0;7;0;0;2;8;1;B01
200900008112;0;15;0;0;2;2;12;A01
200900008113;0;10;0;2;0;1;0;A01
200900008114;0;7;0;0;1;1;2;A01
200900008115;0;7;0;0;1;2;16;A01
200900008116;0;7;0;13;0;2;1;A01
200900008117;0;7;0;0;2;3;1;B01
200900008117;0;7;0;0;2;3;13;A01
200900008118;0;7;0;0;1;4;4;A01
200900008119;0;7;0;0;2;4;2;B01
200900008119;0;7;0;0;2;1;2;A01
200900008120;0;7;0;0;2;1;1;B01
200900008120;0;7;0;0;2;1;5;A01
200900008121;0;7;0;0;1;1;0;A01
200900008122;0;7;0;0;2;3;1;A01
200900008122;0;7;0;0;2;1;2;B01
200900008123;0;10;0;0;1;4;20;A01
200900008124;0;7;0;0;2;3;13;A01
200900008124;0;33;0;0;2;1;2;B01
200900008125;0;7;0;0;2;2;15;B01
200900008125;0;2;0;0;2;1;8;A01
200900008126;0;7;0;0;2;1;1;A01
200900008126;0;7;0;0;2;3;15;B01
200900008127;0;7;0;0;2;1;2;B01
200900008127;0;7;0;9;2;6;15;A01
200900008128;0;7;0;0;1;4;0;A01
200900008129;0;7;0;0;0;8;23;B01
200900008129;2;7;0;0;2;1;1;A01
200900008130;0;7;0;0;0;0;9;A01
200900008131;0;7;0;0;2;8;19;A01
200900008131;0;7;0;0;2;1;1;B01
200900008132;0;1;0;12;0;1;1;A01
200900008133;0;2;0;0;2;1;21;A01
200900008133;0;15;0;0;2;3;1;B01
200900008134;0;30;0;0;2;3;5;A01
200900008134;0;30;0;0;2;3;1;B01
200900008135;0;7;0;0;2;8;17;A01
200900008135;0;33;0;0;2;7;17;B01
200900008136;0;15;0;0;2;3;1;B01
200900008136;0;7;0;0;2;3;1;A01
200900008137;0;7;0;0;0;4;15;B01
200900008137;0;33;0;0;2;1;14;A01
200900008138;0;33;0;0;2;8;1;B01
200900008138;0;10;0;0;2;5;1;A01
200900008139;0;7;0;2;0;3;13;A01
200900008140;0;7;0;0;2;1;1;A01
200900008140;0;33;0;0;0;4;15;B01
200900008141;0;2;0;0;2;1;1;B01
200900008141;0;7;0;0;0;3;17;A01
200900008142;0;7;0;13;0;0;13;A01
200900008143;0;7;0;13;0;1;0;A01
200900008144;1;7;0;0;1;2;2;A01
200900008145;0;33;0;0;2;2;1;A01
200900008146;0;7;0;0;2;6;17;A01
200900008146;0;7;0;0;2;1;1;C01
200900008146;0;7;0;13;2;8;1;B01
200900008147;0;31;0;12;0;2;1;A01
200900008148;0;31;0;0;0;1;2;B01
200900008148;0;7;0;16;0;6;9;A01
200900008149;0;32;0;0;2;1;18;A01
200900008149;0;7;0;0;2;5;7;B01
200900008150;0;7;0;0;2;3;13;A01
200900008150;0;7;0;0;2;3;2;B01
200900008151;0;33;0;0;2;1;1;B01
200900008151;0;7;0;0;2;3;19;A01
200900008152;0;7;0;0;2;1;1;B01
200900008152;0;7;0;0;2;1;13;A01
200900008153;0;7;0;0;2;3;13;A01
200900008153;0;99;0;0;2;3;1;B01
200900008154;0;7;0;0;2;4;2;B01
200900008154;0;7;0;0;2;1;2;A01
200900008155;0;30;0;0;0;7;16;A01
200900008156;0;7;0;0;1;2;1;A01
200900008157;0;14;0;0;1;4;4;A01
200900008158;0;30;0;0;2;6;15;B01
200900008158;2;33;0;0;2;1;0;A01
200900008159;0;30;0;0;0;0;1;A01
200900008160;0;7;0;0;2;1;9;A01
200900008160;0;7;0;8;0;4;2;B01
200900008161;0;7;0;0;2;3;9;A01
200900008162;0;7;0;0;2;3;1;B01
200900008162;0;7;0;0;2;1;15;A01
200900008163;0;10;0;0;2;3;10;A01
200900008163;0;7;0;0;2;2;1;B01
200900008164;0;7;0;0;2;2;20;A01
200900008164;0;2;0;0;2;1;1;B01
200900008165;0;7;0;0;1;1;2;A01
200900008166;0;7;0;0;2;4;2;B01
200900008166;0;30;0;0;2;1;2;A01
200900008167;0;7;0;16;0;0;1;A01
200900008168;0;31;0;0;6;1;1;A01
200900008169;0;7;0;2;0;0;1;A01
200900008170;0;33;0;0;0;8;1;A01
200900008171;0;7;0;0;2;3;13;A01
200900008171;0;17;0;0;2;3;21;B01
200900008172;0;7;0;0;2;1;1;A01
200900008172;0;7;0;0;2;4;1;B01
200900008173;0;7;0;0;2;2;1;A01
200900008173;0;7;0;0;2;1;1;B01
200900008174;0;7;0;0;2;3;19;A01
200900008174;0;13;0;0;2;2;1;B01
200900008175;0;7;0;16;0;7;14;A01
200900008176;0;7;0;0;2;7;1;A01
200900008176;0;31;0;0;2;3;15;B01
200900008177;0;33;0;0;2;1;1;B01
200900008177;0;7;0;0;2;2;11;C01
200900008177;0;33;0;0;0;0;0;A01
200900008178;0;7;0;8;0;1;1;A01
200900008179;0;7;0;0;2;1;13;A01
200900008179;0;7;0;0;2;3;21;B01
200900008180;0;33;0;14;0;1;2;A01
200900008181;0;37;1;0;1;1;1;B01
200900008182;0;30;0;0;2;1;2;A01
200900008182;0;30;0;0;2;4;1;B01
200900008183;0;7;0;0;1;5;4;A01
200900008184;0;33;0;0;2;1;7;B01
200900008184;0;7;0;0;2;7;15;A01
200900008185;0;7;0;0;0;9;1;A01
200900008186;0;30;0;0;2;8;1;B01
200900008186;0;7;0;0;2;1;1;A01
200900008187;0;7;0;0;2;4;15;B01
200900008187;0;32;0;0;2;1;3;A01
200900008188;0;30;0;9;0;1;0;A01
200900008189;0;30;0;0;0;1;1;A01
200900008190;0;7;0;16;0;1;14;A01
200900008191;0;7;0;2;0;1;13;A01
200900008192;0;7;0;0;2;2;1;B01
200900008192;0;7;0;0;2;3;5;A01
200900008193;0;7;0;4;0;1;0;A01
200900008194;0;7;0;0;1;1;1;A01
200900008195;0;7;0;1;1;2;14;A01
200900008196;0;7;0;6;2;4;24;C01
200900008196;0;7;0;1;2;1;13;A01
200900008196;0;7;0;0;2;4;2;D01
200900008196;0;7;0;0;2;4;1;B01
200900008197;0;7;0;0;2;2;1;B01
200900008197;0;7;0;0;2;3;15;A01
200900008198;0;33;0;0;0;0;1;A01
200900008199;0;7;0;0;1;2;1;A01
200900008200;0;7;0;0;2;3;1;C03
200900008200;0;7;0;0;2;3;1;B02
200900008200;0;7;0;0;2;0;17;A01
200900008201;0;7;0;16;0;2;1;A01
200900008202;0;7;0;0;2;2;15;A01
200900008202;0;7;0;0;2;1;1;B01
200900008203;0;7;0;6;0;3;13;A01
200900008204;0;7;0;1;0;1;5;A01
200900008205;0;7;0;3;2;7;17;A01
200900008205;0;14;0;0;2;8;1;B02
200900008206;0;7;0;0;2;4;15;B01
200900008206;0;10;0;0;2;1;1;A01
200900008207;0;7;0;8;0;7;1;A01
200900008208;0;7;0;2;0;1;1;A01
200900008209;0;7;0;0;2;1;1;C03
200900008209;0;7;0;0;2;1;1;B02
200900008209;0;7;0;0;2;1;13;A01
200900008210;0;7;0;0;2;8;13;A01
200900008210;0;2;0;0;2;7;2;B01
200900008211;0;7;0;2;2;8;1;B01
200900008211;0;7;0;0;2;1;19;A01
200900008212;0;10;0;0;2;4;1;A01
200900008212;0;7;0;1;2;1;1;B01
200900008213;0;7;0;0;1;2;1;A01
200900008214;0;7;0;0;1;3;15;A01
200900008215;0;7;0;0;2;1;1;A01
200900008215;0;1;0;0;2;6;1;B01
200900008216;0;10;0;0;2;8;1;B01
200900008216;0;7;0;0;2;1;19;A01
200900008217;0;7;0;0;2;5;20;A01
200900008217;0;2;0;0;2;1;1;B01
200900008218;0;7;0;0;0;4;2;B01
200900008218;0;14;0;0;2;1;1;A01
200900008219;0;7;0;0;2;1;13;A01
200900008219;0;10;0;0;2;1;1;B01
200900008220;0;7;0;13;0;1;1;A01
200900008221;0;7;0;13;0;1;13;A01
200900008222;0;15;0;0;1;3;1;A01
200900008223;0;7;0;0;2;1;2;A01
200900008223;0;7;0;0;0;4;0;B01
200900008224;0;7;0;0;2;2;17;B01
200900008224;0;30;0;0;2;2;1;A01
200900008225;0;7;0;0;2;1;1;A01
200900008225;0;7;0;0;2;1;1;B01
200900008226;0;7;0;12;0;1;16;A01
200900008227;0;7;0;0;1;3;1;A01
200900008228;0;7;0;0;2;1;1;B01
200900008228;0;10;0;0;2;1;5;A01
200900008229;0;7;0;6;0;1;19;A01
200900008230;0;7;0;0;0;0;1;A01
200900008231;0;14;0;0;1;0;1;A01
200900008232;0;30;0;0;2;1;1;A01
200900008232;0;7;0;0;2;3;1;B02
200900008233;0;7;0;8;0;7;19;A01
200900008234;0;7;0;0;2;1;5;A01
200900008234;0;7;0;0;2;2;1;B01
200900008235;0;7;0;0;2;1;21;A01
200900008235;0;21;0;0;2;1;9;B02
200900008236;0;7;0;0;1;1;1;A01
200900008237;0;7;0;6;0;1;13;A01
200900008238;0;7;0;0;2;1;1;B02
200900008238;0;7;0;0;2;1;1;A01
200900008239;0;7;0;0;1;2;2;A01
200900008240;0;30;0;0;2;3;1;B02
200900008240;0;7;0;0;2;2;15;A01
200900008241;0;7;0;14;0;1;2;F02
200900008241;0;7;0;14;0;1;2;C01
200900008241;0;36;0;0;0;4;23;B01
200900008241;0;7;0;14;0;0;2;D01
200900008241;0;7;0;14;0;1;2;G02
200900008241;0;10;0;14;0;1;2;A01
200900008241;0;7;0;0;0;0;2;E01
200900008242;0;7;0;0;2;1;1;B02
200900008242;0;7;0;0;2;1;13;A01
200900008243;0;7;0;6;0;1;1;A01
200900008244;0;7;0;0;2;3;1;C01
200900008244;0;10;0;0;2;3;1;A01
200900008244;0;7;0;0;2;6;1;B01
200900008245;0;7;0;0;1;2;16;A01
200900008246;0;15;0;3;0;1;0;A01
200900008247;0;7;0;8;0;1;1;A01
200900008248;0;7;0;0;2;5;1;A01
200900008248;0;15;0;0;2;3;1;B02
200900008249;0;30;0;0;2;1;1;A01
200900008249;0;30;0;0;2;3;19;B02
200900008250;0;7;0;0;2;1;1;B02
200900008250;0;10;0;0;2;1;13;A01
200900008251;0;30;0;0;2;1;1;B02
200900008251;0;7;0;0;2;5;19;A01
200900008252;0;7;0;0;0;3;1;B02
200900008252;0;7;0;0;2;7;17;A01
200900008253;0;7;0;16;0;0;1;A01
200900008254;0;37;20;0;2;6;1;C03
200900008254;0;7;0;0;2;1;0;B02
200900008254;0;7;0;0;2;1;1;A01
200900008255;0;10;0;0;2;4;2;B02
200900008255;0;7;0;0;2;1;2;A01
200900008256;0;7;0;0;2;6;13;A01
200900008256;0;7;0;0;2;2;1;B02
200900008257;0;7;0;0;2;1;2;B01
200900008257;0;7;0;0;2;8;9;A01
200900008258;0;7;0;8;0;1;1;A01
200900008258;0;7;0;0;0;7;23;B01
200900008259;0;7;0;0;1;4;4;A01
200900008260;0;7;0;0;0;6;1;B01
200900008261;0;7;0;0;2;2;2;A01
200900008261;0;30;0;0;0;4;2;B01
200900008262;0;7;0;0;2;3;13;A01
200900008262;0;13;0;0;2;1;1;B02
200900008263;0;7;0;3;0;1;1;A01
200900008264;0;7;0;0;2;1;0;B01
200900008264;0;7;0;0;2;1;13;A01
200900008265;0;30;0;0;2;1;1;B01
200900008265;0;7;0;0;2;5;15;A01
200900008266;0;7;0;0;2;3;1;A01
200900008266;0;3;0;0;2;3;1;B02
200900008267;0;7;0;0;2;1;2;A01
200900008267;0;7;0;0;0;4;23;B01
200900008268;0;37;3;0;2;2;15;A01
200900008268;0;2;0;0;2;1;21;B01
200900008269;0;30;0;0;2;0;1;B01
200900008269;0;7;0;0;2;0;15;A01
200900008270;0;7;0;0;2;1;1;B01
200900008270;0;7;0;0;2;1;13;A01
200900008271;0;7;0;0;2;2;1;A01
200900008271;0;2;0;0;2;7;15;B02
200900008272;0;7;0;13;0;1;1;A01
200900008273;0;7;0;0;2;1;2;A01
200900008273;0;7;0;0;0;4;23;B02
200900008274;0;7;0;0;2;7;15;B02
200900008274;0;7;0;0;2;1;1;A01
200900008275;0;7;0;13;0;2;1;A01
200900008276;0;31;0;13;0;1;0;A01
200900008277;0;7;0;0;2;1;15;B02
200900008277;0;33;0;0;2;1;17;A01
200900008278;0;7;0;0;2;3;15;A01
200900008278;0;7;0;0;2;1;1;B02
200900008279;0;33;0;0;2;1;2;A01
200900008279;0;7;0;0;2;3;15;B02
200900008280;0;7;0;13;0;1;15;A01
200900008281;0;2;0;10;0;2;2;A01
200900008282;0;10;0;0;2;3;1;A01
200900008282;0;1;0;0;2;1;1;B02
200900008283;0;10;0;0;2;7;14;A01
200900008283;0;7;0;0;2;1;2;B02
200900008284;0;33;0;2;0;2;1;A01
200900008285;0;7;0;13;0;1;1;A01
200900008286;0;10;0;1;1;3;13;A01
200900008286;1;7;0;0;2;8;1;B02
200900008287;0;7;0;0;2;3;15;B02
200900008287;0;36;0;0;2;1;1;A01
200900008288;0;7;0;10;0;2;1;A01
200900008289;0;33;0;0;0;4;23;A01
200900008289;0;33;0;0;0;6;23;B02
200900008289;0;33;0;1;0;1;1;C03
200900008290;0;7;0;0;0;0;1;A01
200900008290;0;99;0;16;0;0;1;B02
200900008291;0;7;0;6;0;2;14;A01
200900008292;0;7;0;0;0;7;1;B02
200900008292;0;7;0;0;0;1;0;A01
200900008293;0;7;0;0;2;1;1;A01
200900008293;0;7;0;0;2;0;17;B02
200900008294;0;2;0;0;2;1;1;B01
200900008294;0;7;0;0;2;2;13;A01
200900008295;0;30;0;0;2;2;17;A01
200900008295;0;7;0;0;2;3;2;B01
200900008296;0;33;0;0;2;1;13;A01
200900008296;0;17;0;0;2;3;1;B02
200900008297;0;7;0;0;0;6;2;B01
200900008297;0;31;0;0;2;1;2;A01
200900008298;0;7;0;8;0;7;1;A01
200900008299;0;7;0;0;1;1;1;A01
200900008300;0;33;0;0;2;1;1;B01
200900008300;0;7;0;0;2;3;15;A01
200900008301;0;7;0;0;2;3;15;A01
200900008301;0;7;0;0;2;3;1;B01
200900008302;0;7;0;0;1;2;16;A01
200900008303;0;36;0;15;0;1;1;A01
200900008304;1;7;0;0;2;2;13;A01
200900008304;0;30;0;0;2;3;1;B01
200900008305;0;7;0;0;2;1;1;B01
200900008305;0;7;0;0;2;3;9;A01
200900008306;0;2;0;0;2;1;1;B01
200900008306;0;7;0;0;2;3;15;A01
200900008307;0;7;0;0;2;3;1;B02
200900008307;0;7;0;0;2;8;1;A01
200900008308;0;7;0;15;0;8;14;A01
200900008309;0;7;0;0;2;2;2;A01
200900008309;0;14;0;0;2;6;1;B02
200900008310;0;7;0;0;2;3;1;B02
200900008310;0;2;0;0;2;1;13;A01
200900008311;0;7;0;3;0;1;1;A01
200900008312;0;7;0;0;0;0;2;A01
200900008313;0;10;0;0;2;3;1;B02
200900008313;0;15;0;0;2;3;5;A01
200900008314;0;30;0;8;0;2;14;A01
200900008315;0;7;0;0;2;1;1;B02
200900008315;0;7;0;0;2;2;15;A01
200900008316;0;7;0;13;0;3;0;A01
200900008317;0;7;0;2;0;9;2;A01
200900008318;0;7;0;0;2;2;15;A01
200900008318;0;33;0;0;2;1;1;B01
200900008319;0;7;0;0;1;3;1;A01
200900008320;0;7;0;0;2;1;15;A01
200900008320;0;2;0;0;2;1;1;B01
200900008321;0;7;0;0;0;4;23;B01
200900008321;0;14;0;0;2;1;2;A01
200900008322;0;33;0;2;0;7;2;A01
200900008323;0;7;0;0;1;3;1;A01
200900008324;0;1;0;0;2;1;1;B02
200900008324;0;2;0;0;2;1;1;A01
200900008325;0;33;0;2;0;1;13;A01
200900008326;0;7;0;0;2;8;9;A01
200900008326;0;7;0;3;2;2;1;B02
200900008327;0;1;0;0;2;1;1;A01
200900008327;0;7;0;0;9;1;0;C01
200900008327;0;1;0;0;2;8;0;B01
200900008328;0;1;0;0;2;4;2;B01
200900008328;0;7;0;0;2;2;2;A01
200900008329;0;1;0;0;2;7;0;B01
200900008329;0;7;0;0;9;1;15;A01
200900008330;0;7;0;0;2;3;1;A01
200900008330;0;1;0;0;2;3;19;B02
200900008331;0;7;0;0;2;1;1;A01
200900008331;0;7;0;0;2;3;1;B01
200900008332;0;2;0;0;2;1;1;A01
200900008332;0;7;0;0;2;2;16;B01
200900008333;0;14;0;0;2;1;2;A01
200900008333;0;7;0;0;2;4;1;B02
200900008334;0;33;0;0;2;7;1;A01
200900008334;0;33;0;0;2;8;1;B02
200900008335;0;7;0;0;2;3;15;A01
200900008335;0;32;0;0;2;1;1;B02
200900008336;0;7;0;0;2;8;15;B02
200900008336;0;7;0;0;2;2;17;A01
200900008337;0;33;0;0;2;7;1;B01
200900008337;0;7;0;0;2;1;1;A01
200900008337;0;7;0;0;2;1;23;C01
200900008338;0;10;0;0;2;1;2;A01
200900008338;0;7;0;0;2;4;1;B02
200900008339;0;30;0;0;2;1;15;A01
200900008339;0;21;0;0;2;3;1;B02
200900008340;0;7;0;13;0;9;4;A01
200900008341;0;7;0;0;1;4;4;A01
200900008342;0;7;0;0;2;3;13;A01
200900008342;0;2;0;0;2;8;1;B02
200900008343;0;36;0;15;0;2;1;A01
200900008344;0;2;0;0;2;1;1;B02
200900008344;0;7;0;0;2;7;15;A01
200900008345;0;7;0;13;0;1;1;A01
200900008346;0;2;0;12;0;7;1;A01
200900008347;0;1;0;0;2;3;2;B02
200900008347;0;7;0;0;2;2;17;A01
200900008348;0;10;0;0;1;4;4;A01
200900008349;0;7;0;0;0;3;1;A01
200900008350;0;7;0;0;2;3;11;A01
200900008350;0;7;0;0;2;6;1;B01
200900008351;0;10;0;0;2;1;1;A01
200900008351;0;7;0;0;2;1;1;B02
200900008352;0;13;0;0;2;1;1;B02
200900008352;0;7;0;0;2;7;13;A01
200900008353;0;10;0;2;0;3;1;A01
200900008354;0;7;0;0;1;6;4;A01
200900008355;0;1;0;0;2;9;1;A01
200900008355;0;14;0;0;2;3;16;B02
200900008356;0;7;0;0;2;3;1;B02
200900008356;0;7;0;0;2;3;13;A01
200900008357;0;10;0;0;2;8;1;B02
200900008357;0;7;0;0;2;1;1;A01
200900008358;0;33;0;3;0;8;1;A01
200900008359;0;7;0;2;0;1;14;A01
200900008360;0;7;0;0;2;1;1;B01
200900008360;0;7;0;0;2;8;9;A01
200900008361;0;7;0;0;2;3;1;A01
200900008361;0;7;0;0;2;3;1;B02
200900008362;0;7;0;0;2;3;1;B02
200900008362;0;7;0;0;2;3;13;A01