num_acc;senc;catv;occutc;obs;obsm;choc;manv;num_veh
200900008363;0;7;0;0;2;3;0;A01
200900008363;0;7;0;0;2;3;13;B02
200900008364;0;30;0;6;0;1;1;A01
200900008365;0;15;0;0;2;3;2;A01
200900008365;0;1;0;0;2;4;2;B02
200900008366;0;7;0;1;0;1;12;A01
200900008366;0;17;0;0;0;4;23;B02
200900008367;0;7;0;0;2;2;13;A01
200900008367;0;7;0;0;2;1;1;B02
200900008368;0;7;0;0;2;1;9;A01
200900008368;0;7;0;0;2;7;15;B01
200900008369;0;7;0;0;2;1;1;B01
200900008369;0;7;0;0;2;5;15;A01
200900008370;0;7;0;0;0;5;23;B01
200900008370;0;2;0;0;2;1;2;A01
200900008371;0;7;0;0;2;1;13;A01
200900008371;0;7;0;0;2;1;1;B01
200900008372;0;7;0;0;1;2;17;A01
200900008373;0;10;0;0;1;2;21;A01
200900008374;0;7;0;0;2;6;15;A01
200900008374;0;30;0;0;2;1;2;B01
200900008375;0;7;0;0;1;2;1;A01
200900008376;0;7;0;0;1;2;2;A01
200900008377;0;7;0;0;1;1;15;A01
200900008378;0;2;0;0;2;1;1;A01
200900008378;0;7;0;0;2;4;1;B01
200900008379;0;7;0;0;1;4;4;A01
200900008380;0;7;0;9;0;8;1;A01
200900008381;0;7;0;0;1;2;1;A01
200900008382;0;7;0;0;2;4;2;B01
200900008382;0;7;0;0;2;1;2;A01
200900008383;0;7;0;0;1;4;4;A01
200900008384;0;7;0;0;1;1;1;A01
200900008385;0;2;0;0;2;1;1;B01
200900008385;0;7;0;0;2;2;15;A01
200900008386;0;7;0;12;0;7;2;A01
200900008387;0;7;0;0;2;3;1;A01
200900008387;0;7;0;0;0;5;23;B01
200900008388;0;7;0;0;2;5;4;B01
200900008388;0;34;0;0;2;3;1;A01
200900008389;0;7;0;0;1;5;2;B01
200900008389;0;7;0;0;2;3;2;A01
200900008390;0;15;0;0;2;0;0;A01
200900008390;0;10;0;0;2;1;1;C03
200900008390;0;10;0;0;9;1;1;B02
200900008390;0;10;0;0;2;1;1;D04
200900008391;0;14;0;0;1;1;9;A01
200900008392;0;7;0;0;1;2;1;A01
200900008393;0;7;0;2;0;1;1;A01
200900008394;0;7;0;14;0;2;1;A01
200900008395;0;7;0;0;2;1;1;B02
200900008395;0;7;0;0;2;7;13;A01
200900008396;0;10;0;0;2;2;1;A01
200900008396;0;1;0;0;2;4;1;B02
200900008397;0;7;0;0;2;1;1;B02
200900008397;0;7;0;0;0;0;1;C03
200900008397;0;7;0;0;2;8;1;D04
200900008397;0;7;0;0;2;8;17;A01
200900008398;0;7;0;0;1;3;1;A01
200900008399;0;7;0;0;2;2;20;A01
200900008399;0;2;0;0;2;1;1;B02
200900008400;0;7;0;2;0;1;13;A01
200900008401;0;7;0;13;0;1;0;A01
200900008402;1;7;0;0;2;8;5;B01
200900008402;0;7;0;0;2;1;9;A01
200900008403;0;7;0;0;1;4;4;A01
200900008404;0;7;0;0;2;1;2;C01
200900008404;0;7;0;0;2;4;1;A01
200900008404;0;2;0;0;2;4;2;B01
200900008405;0;7;0;0;2;1;2;A01
200900008405;0;7;0;0;2;4;2;B01
200900008405;0;37;1;0;2;3;23;C01
200900008406;0;31;0;0;2;7;17;B01
200900008406;0;7;0;0;2;3;15;A01
200900008407;0;7;0;14;0;1;1;A01
200900008408;0;34;0;12;0;7;1;A01
200900008409;0;33;0;0;2;1;21;B02
200900008409;0;33;0;3;0;7;14;A01
200900008410;0;7;0;0;2;8;1;A01
200900008410;0;7;0;0;2;1;19;B02
200900008411;0;38;0;0;2;3;13;A01
200900008411;0;7;0;0;2;8;1;B02
200900008412;0;7;0;2;0;2;1;A01
200900008413;0;7;0;10;0;1;1;A01
200900008414;0;7;0;8;0;1;13;A01
200900008415;0;36;0;13;0;2;14;A01
200900008416;0;33;0;12;0;0;1;A01
200900008417;0;7;0;0;2;1;6;A01
200900008417;0;33;0;0;2;7;1;B02
200900008418;0;10;0;0;2;1;15;A01
200900008418;0;7;0;0;2;2;1;B01
200900008419;0;30;0;0;2;4;2;B01
200900008419;0;15;0;0;2;2;1;A01
200900008420;0;7;0;9;0;1;1;A01
200900008420;0;7;0;0;0;0;1;B01
200900008421;0;7;0;0;2;8;1;C01
200900008421;0;7;0;0;2;8;1;B01
200900008421;0;7;0;0;2;8;5;A01
200900008421;0;7;0;0;2;3;1;D01
200900008422;0;7;0;0;0;9;1;A01
200900008423;0;7;0;0;2;3;19;A01
200900008423;0;7;0;0;2;1;1;B01
200900008424;0;2;0;8;0;1;1;A01
200900008425;0;7;0;6;0;3;13;A01
200900008426;0;7;0;3;0;9;13;A01
200900008427;0;15;0;0;2;1;2;A01
200900008427;0;7;0;0;2;4;2;B01
200900008428;0;7;0;0;2;7;13;A01
200900008428;0;7;0;0;2;1;1;B02
200900008429;0;7;0;0;2;3;1;B02
200900008429;0;7;0;0;2;2;19;A01
200900008430;0;7;0;0;2;7;13;A01
200900008430;0;10;0;0;2;1;1;B02
200900008431;0;7;0;0;2;1;1;B02
200900008431;0;7;0;0;2;7;15;A01
200900008432;1;7;0;0;1;2;1;A01
200900008433;0;7;0;0;2;1;1;A01
200900008433;0;7;0;0;2;7;19;B02
200900008434;0;7;0;2;0;3;14;A01
200900008435;0;7;0;0;0;5;15;B02
200900008435;0;7;0;0;2;3;2;A01
200900008436;0;7;0;0;0;4;2;B01
200900008436;0;37;0;0;2;1;2;A01
200900008437;0;37;1;0;1;6;2;A01
200900008438;0;7;0;0;0;4;1;B01
200900008438;0;7;0;0;2;1;1;A01
200900008439;0;7;0;0;1;2;1;A01
200900008440;0;7;0;0;2;1;11;A01
200900008440;0;7;0;0;2;1;1;B01
200900008441;0;10;0;0;2;1;2;A01
200900008441;0;10;0;0;2;4;2;B01
200900008442;0;7;0;0;2;1;1;B01
200900008442;0;10;0;0;2;7;15;A01
200900008443;0;7;0;0;1;2;9;A01
200900008444;0;7;0;0;1;1;1;A01
200900008445;0;10;0;0;1;0;1;A01
200900008446;0;7;0;0;2;1;0;A01
200900008446;0;7;0;0;2;4;0;B01
200900008447;0;7;0;0;1;5;4;A01
200900008448;0;7;0;0;2;1;0;B01
200900008448;0;7;0;0;2;2;0;A01
200900008449;0;7;0;0;2;1;1;A01
200900008449;0;7;0;0;1;1;1;B01
200900008450;0;7;0;0;1;3;1;A01
200900008451;0;2;0;0;2;3;11;A01
200900008451;0;7;0;0;2;7;1;B01
200900008452;0;2;0;0;2;1;15;A01
200900008452;0;7;0;0;0;0;1;B01
200900008453;0;7;0;14;0;1;2;A01
200900008453;0;7;0;0;0;4;2;B01
200900008454;0;7;0;0;1;3;1;B01
200900008454;0;7;0;0;1;3;1;A01
200900008455;0;7;0;0;2;5;2;B01
200900008455;0;10;0;0;2;2;2;A01
200900008456;0;7;0;0;1;3;1;A01
200900008457;0;14;0;0;2;1;1;B02
200900008457;0;7;0;0;2;7;1;A01
200900008458;0;7;0;9;0;9;15;A01
200900008459;0;7;0;4;0;2;1;A01
200900008460;0;7;0;13;0;1;1;A01
200900008461;0;10;0;0;2;1;1;A01
200900008461;0;10;0;0;2;3;1;B02
200900008462;0;7;0;0;2;3;1;A01
200900008462;0;7;0;0;2;3;0;B01
200900008463;0;15;0;0;2;3;5;B02
200900008463;0;7;0;0;2;3;5;A01
200900008464;0;7;0;0;2;8;1;B02
200900008464;0;7;0;0;2;3;1;A01
200900008465;0;7;0;0;0;1;2;A01
200900008465;0;7;0;0;0;4;2;C01
200900008465;0;7;0;0;2;4;2;B01
200900008466;0;1;0;0;2;1;19;A01
200900008466;0;37;1;0;9;7;16;B02
200900008467;0;7;0;2;0;7;13;A01
200900008468;0;7;0;0;1;2;9;A01
200900008468;0;7;0;0;2;1;9;B01
200900008469;0;7;0;0;2;8;1;B01
200900008469;0;15;0;0;2;7;12;A01
200900008470;1;7;0;0;1;1;21;A01
200900008470;0;7;0;0;0;0;10;B01
200900008471;0;10;0;0;2;1;1;B01
200900008471;0;1;0;0;2;7;1;A01
200900008472;0;32;0;0;2;3;1;A01
200900008472;0;7;0;0;2;2;16;B01
200900008473;0;7;0;0;1;8;1;A01
200900008474;0;7;0;0;1;2;1;A01
200900008475;0;7;0;0;2;2;1;B01
200900008475;0;1;0;0;2;3;5;A01
200900008476;0;7;0;0;1;1;9;A01
200900008477;0;7;0;0;1;3;1;A01
200900008478;0;7;0;0;1;2;1;A01
200900008479;0;7;0;2;0;1;14;A01
200900008480;0;10;0;0;2;8;15;A01
200900008480;0;1;0;0;2;1;17;B01
200900008481;0;7;0;0;2;2;1;B01
200900008481;0;7;0;0;2;3;19;A01
200900008482;0;7;0;0;2;8;15;A01
200900008482;0;33;0;0;2;1;1;B01
200900008483;1;7;0;0;1;3;0;A01
200900008484;0;7;0;15;0;1;14;A01
200900008485;0;7;0;0;2;1;2;A01
200900008485;0;7;0;0;2;4;1;B01
200900008486;0;7;0;0;1;1;15;A01
200900008487;0;7;0;0;2;2;13;A01
200900008487;0;1;0;0;2;4;1;B02
200900008488;0;7;0;2;0;1;13;A01
200900008489;0;7;0;2;2;1;13;B02
200900008489;0;7;0;0;2;3;1;A01
200900008490;0;7;0;0;2;2;19;A01
200900008490;0;33;0;0;2;1;1;B02
200900008491;0;7;0;0;2;1;1;B02
200900008491;0;7;0;0;0;6;19;A01
200900008492;0;7;0;0;2;3;20;A01
200900008492;0;30;0;0;2;7;1;B02
200900008493;0;33;0;0;2;1;17;B02
200900008493;0;7;0;0;2;6;15;A01
200900008494;0;33;0;0;2;8;13;A01
200900008494;0;33;0;0;2;8;1;B02
200900008495;0;7;0;13;0;2;14;A01
200900008496;0;7;0;0;2;6;15;A01
200900008496;0;30;0;0;2;2;17;B02
200900008497;0;7;0;13;0;1;13;A01
200900008498;0;13;0;0;2;3;1;B02
200900008498;0;7;0;0;2;1;2;C03
200900008498;0;7;0;0;0;4;15;A01
200900008499;0;7;0;8;0;8;13;A01
200900008500;0;2;0;13;0;1;14;A01
200900008501;0;15;0;4;0;3;13;A01
200900008502;0;7;0;9;0;7;17;A01
200900008503;0;1;0;0;2;6;1;B02
200900008503;0;7;0;0;2;2;17;A01
200900008504;0;2;0;6;0;2;15;A01
200900008505;0;7;0;0;2;3;9;B02
200900008505;0;33;0;0;2;5;15;A01
200900008506;0;7;0;0;2;8;16;B02
200900008506;0;2;0;0;2;2;1;A01
200900008507;0;7;0;0;2;3;5;A01
200900008507;0;33;0;0;2;1;1;B01
200900008508;0;33;0;0;2;1;1;B01
200900008508;0;7;0;0;2;8;9;A01
200900008509;0;7;0;0;2;2;15;A01
200900008509;0;33;0;0;2;1;1;B01
200900008510;0;7;0;0;2;1;1;B01
200900008510;0;2;0;0;2;1;1;A01
200900008511;0;10;0;0;2;3;10;A01
200900008511;0;33;0;0;2;1;1;B01
200900008512;0;7;0;0;2;1;1;B01
200900008512;0;7;0;0;2;4;13;A01
200900008513;0;33;0;0;2;1;1;B01
200900008513;0;7;0;0;2;5;15;A01
200900008514;0;7;0;0;1;6;1;A01
200900008515;0;7;0;0;2;8;15;A01
200900008515;0;10;0;3;2;1;1;B02
200900008516;0;7;0;13;0;1;1;A01
200900008517;0;7;0;0;2;1;13;A01
200900008517;0;7;0;0;2;1;1;B02
200900008517;0;7;0;0;2;3;21;C03
200900008518;0;7;0;0;2;1;2;A01
200900008518;0;7;0;0;2;4;2;B01
200900008519;0;7;0;0;1;3;1;A01
200900008520;0;7;0;0;2;7;13;A01
200900008520;0;7;0;0;2;1;1;B02
200900008521;0;7;0;0;2;3;21;A01
200900008521;0;2;0;0;2;8;19;B02
200900008522;0;14;0;13;0;7;1;A01
200900008523;0;7;0;13;0;9;13;A01
200900008524;0;7;0;0;1;1;15;A01
200900008525;0;7;0;0;2;7;1;B02
200900008525;0;7;0;0;2;2;1;A01
200900008526;0;33;0;0;0;8;0;A01
200900008527;0;7;0;0;1;3;1;A01
200900008528;0;7;0;4;0;3;1;A01
200900008529;1;30;0;0;2;2;17;A01
200900008529;0;7;0;0;2;3;15;B02
200900008530;0;7;0;0;2;3;15;A01
200900008530;0;30;0;0;2;3;1;B02
200900008531;0;31;0;0;0;0;1;A01
200900008532;0;14;0;0;2;4;23;C03
200900008532;0;7;0;0;2;3;23;B02
200900008532;0;38;1;1;1;9;13;A01
200900008533;0;7;0;0;2;1;1;B02
200900008533;0;33;0;0;2;1;0;A01
200900008533;0;33;0;0;2;6;1;C03
200900008534;0;7;0;13;0;2;21;A01
200900008535;0;33;0;0;2;7;1;B01
200900008535;0;7;0;0;2;8;15;A01
200900008536;0;7;0;0;2;3;1;B02
200900008536;0;7;0;0;2;3;1;A01
200900008537;0;1;0;0;0;0;1;B01
200900008537;0;10;0;0;2;0;1;A01
200900008538;0;1;0;0;0;0;1;A01
200900008539;0;14;0;0;2;3;1;B02
200900008539;0;7;0;2;2;2;17;A01
200900008540;0;7;0;0;1;2;1;A01
200900008541;0;31;0;0;2;1;1;A01
200900008541;0;7;0;0;2;3;19;B02
200900008542;0;7;0;0;0;1;2;A01
200900008543;0;7;0;0;0;4;1;B01
200900008543;0;7;0;0;2;1;1;A01
200900008544;0;7;0;0;9;1;21;B02
200900008544;0;1;0;0;2;8;9;A01
200900008545;0;33;0;2;0;9;1;A01
200900008546;0;33;0;0;2;1;17;B02
200900008546;0;7;0;0;2;8;10;A01
200900008547;0;30;0;0;2;1;19;A01
200900008547;0;7;0;0;9;2;15;B02
200900008548;0;37;1;0;2;7;15;A01
200900008548;0;32;0;0;2;2;1;B01
200900008549;0;7;0;0;1;2;1;B02
200900008549;0;7;0;0;1;1;1;A01
200900008550;0;30;0;0;2;1;17;A01
200900008550;0;7;0;0;0;8;20;B02
200900008551;0;2;0;0;2;1;1;B01
200900008551;1;7;0;0;2;3;16;A01
200900008552;0;7;0;13;0;9;1;A01
200900008553;0;7;0;8;0;8;1;A01
200900008554;0;7;0;0;2;1;1;A01
200900008554;0;7;0;0;0;4;1;B01
200900008555;0;33;0;0;2;1;1;B02
200900008555;0;7;0;0;2;8;15;A01
200900008556;0;7;0;0;0;2;1;C03
200900008556;0;2;0;0;0;4;1;B02
200900008556;0;7;0;0;2;2;1;A01
200900008557;0;7;0;0;2;4;2;B01
200900008557;0;7;0;0;1;1;2;A01
200900008558;0;10;0;0;2;7;13;A01
200900008558;0;7;0;0;2;7;13;B02
200900008559;0;7;0;0;2;4;15;B01
200900008559;0;7;0;0;2;1;1;A01
200900008560;0;7;0;0;2;1;2;A01
200900008560;0;7;0;0;2;4;1;B01
200900008561;0;17;0;0;2;5;14;B01
200900008561;0;10;0;;2;3;16;A01
200900008562;0;7;0;0;1;2;1;A01
200900008563;0;7;0;0;2;3;1;B02
200900008563;0;7;0;0;2;8;1;C03
200900008563;0;7;0;0;2;3;1;D04
200900008563;0;7;0;0;2;3;13;A01
200900008564;0;7;0;0;2;1;1;B02
200900008564;0;7;0;3;0;8;14;A01
200900008565;0;7;0;16;0;9;1;A01
200900008566;0;33;0;0;2;3;1;B01
200900008566;0;7;0;0;2;2;12;A01
200900008567;0;37;2;0;2;8;2;B01
200900008567;0;7;0;0;2;2;9;A01
200900008568;0;7;0;0;2;1;1;A01
200900008568;0;7;0;0;0;7;15;B01
200900008569;0;7;0;0;1;0;4;A01
200900008570;0;36;0;8;0;8;1;A01
200900008571;0;10;0;0;9;1;1;B02
200900008571;0;31;0;0;2;8;1;A01
200900008572;0;7;0;0;2;9;1;B01
200900008572;0;7;0;0;2;2;14;A01
200900008573;0;7;0;0;1;1;15;A01
200900008574;0;7;0;2;0;1;1;A01
200900008575;0;30;0;0;2;1;1;B01
200900008575;0;7;0;0;2;2;16;A01
200900008576;0;7;0;0;1;3;1;A01
200900008577;0;7;0;0;2;3;13;A01
200900008577;0;30;0;0;2;1;17;B01
200900008578;0;7;0;0;2;7;16;A01
200900008578;0;2;0;0;2;1;1;B01
200900008579;0;7;0;0;1;3;1;A01
200900008580;0;7;0;0;2;4;2;C01
200900008580;0;7;0;0;2;1;2;A01
200900008580;0;7;0;0;2;4;2;B01
200900008581;0;7;0;0;2;1;1;B01
200900008581;0;7;0;0;2;1;5;A01
200900008582;0;15;0;0;2;1;1;B01
200900008582;0;7;0;0;0;5;19;A01
200900008583;0;7;0;0;2;1;13;A01
200900008583;0;33;0;0;2;1;1;B01
200900008584;0;33;0;0;1;1;1;A01
200900008585;0;40;0;0;1;1;1;A01
200900008586;0;7;0;0;2;4;2;A01
200900008586;0;7;0;0;2;4;2;B01
200900008587;0;38;50;0;0;4;1;A01
200900008587;0;7;0;0;2;1;1;B01
200900008588;0;7;0;0;1;3;1;A01
200900008589;0;7;0;0;2;3;24;B01
200900008589;0;7;0;1;2;3;1;A01
200900008590;0;7;0;0;2;8;1;B02
200900008590;0;7;0;0;2;5;17;A01
200900008591;0;10;0;0;2;1;1;A01
200900008591;0;1;0;0;2;2;1;B02
200900008592;0;7;0;0;2;4;2;B02
200900008592;0;7;0;0;0;4;2;C03
200900008592;0;7;0;0;2;1;2;A01
200900008593;0;7;0;0;1;2;1;A01
200900008594;0;7;0;0;5;3;1;A01
200900008595;0;7;0;0;0;2;16;A01
200900008595;0;30;0;0;2;3;1;B02
200900008596;0;7;0;0;2;3;15;A01
200900008596;0;2;0;0;2;1;1;B02
200900008597;0;7;0;0;1;1;15;A01
200900008598;0;7;0;0;2;3;1;B02
200900008598;0;2;0;0;2;3;1;A01
200900008599;0;39;0;0;9;1;1;A01
200900008599;0;1;0;0;4;7;1;B02
200900008600;0;7;0;0;2;3;1;A01
200900008600;0;2;0;0;2;2;17;B02
200900008601;0;7;0;8;0;2;14;A01
200900008602;0;7;0;9;1;3;1;A01
200900008603;0;7;0;0;2;1;0;B02
200900008603;0;7;0;0;2;2;13;A01
200900008604;0;7;0;0;2;3;1;B02
200900008604;0;33;0;0;2;1;13;A01
200900008605;0;7;0;8;0;3;1;A01
200900008606;0;31;0;13;0;7;1;A01
200900008607;0;33;0;0;2;7;17;B02
200900008607;0;7;0;0;0;8;15;A01
200900008608;0;7;0;0;1;1;1;A01
200900008609;0;7;0;0;2;3;13;A01
200900008609;0;7;0;0;2;1;1;B02
200900008610;0;30;0;0;0;1;1;A01
200900008611;0;1;0;0;2;1;13;A01
200900008611;0;7;0;0;2;1;1;B02
200900008612;0;7;0;0;1;3;21;A01
200900008613;0;7;0;6;0;3;1;A01
200900008614;0;7;0;0;1;2;1;A01
200900008615;0;7;0;0;2;2;15;A01
200900008615;0;7;0;0;2;1;1;B02
200900008616;0;30;0;0;2;1;13;A01
200900008616;0;7;0;0;2;3;1;B02
200900008617;0;7;0;0;0;0;13;A01
200900008617;0;10;0;0;2;2;1;C03
200900008617;0;7;0;4;0;9;1;B02
200900008618;0;10;0;13;0;1;1;A01
200900008619;0;7;0;0;2;3;1;A01
200900008619;0;7;0;0;2;1;1;C03
200900008619;0;10;0;0;2;8;1;B02
200900008620;0;7;0;0;2;2;13;A01
200900008620;0;7;0;0;2;2;1;B02
200900008621;0;30;0;0;1;1;1;A01
200900008622;0;7;0;16;0;3;1;A01
200900008623;0;7;0;0;2;8;1;B02
200900008623;0;10;0;0;2;1;19;A01
200900008624;0;7;0;0;0;3;19;B02
200900008624;0;33;0;0;0;2;1;A01
200900008625;0;7;0;0;2;3;1;A01
200900008625;0;7;0;0;2;1;19;B02
200900008626;0;2;0;0;2;1;13;A01
200900008626;0;7;0;0;2;3;1;B02
200900008627;0;31;0;0;2;1;0;A01
200900008627;0;14;0;0;2;8;1;B02
200900008628;0;7;0;16;0;1;17;A01
200900008629;0;7;0;0;1;3;1;A01
200900008630;0;7;0;0;2;1;1;B01
200900008630;0;7;0;0;2;1;1;A01
200900008630;0;15;0;0;2;1;23;C01
200900008631;0;7;0;0;2;4;13;B01
200900008631;0;32;0;0;2;1;1;A01
200900008632;0;31;0;0;2;1;1;B02
200900008632;0;14;0;0;2;8;19;A01
200900008633;0;31;0;0;1;1;1;A01
200900008634;0;7;0;0;2;1;1;A01
200900008634;0;7;0;0;2;0;1;B01
200900008635;0;31;0;8;0;1;14;A01
200900008636;0;7;0;0;2;4;2;B01
200900008636;0;7;0;0;2;1;2;A01
200900008636;0;7;0;0;2;1;2;C01
200900008637;0;2;0;0;2;7;15;B01
200900008637;0;7;0;0;2;3;15;A01
200900008638;0;17;0;3;0;1;1;A01
200900008639;0;7;0;0;1;4;4;A01
200900008640;0;7;0;0;2;1;2;B01
200900008640;0;7;0;0;2;1;2;A01
200900008640;0;7;0;0;2;4;1;C01
200900008641;0;10;0;0;2;5;24;C01
200900008641;0;10;0;0;2;5;24;B01
200900008641;0;10;0;1;9;2;9;A01
200900008642;0;10;0;8;2;3;1;B01
200900008642;0;10;0;0;2;2;1;A01
200900008643;0;33;0;0;2;1;1;B01
200900008643;0;7;0;0;2;2;19;A01
200900008644;0;7;0;0;2;1;11;A01
200900008644;0;10;0;0;0;4;1;B01
200900008645;0;7;0;0;1;8;1;A01
200900008646;0;7;0;0;2;4;2;B01
200900008646;0;31;0;0;2;3;2;A01
200900008647;0;33;0;0;2;1;2;A01
200900008647;0;7;0;0;0;4;2;B01
200900008648;0;2;0;0;2;1;1;B01
200900008648;0;7;0;0;2;5;15;A01
200900008649;0;7;0;7;0;1;13;A01
200900008650;0;7;0;0;2;4;2;B01
200900008650;0;7;0;0;2;1;2;A01
200900008651;0;7;0;0;2;1;2;B01
200900008651;0;7;0;0;2;4;1;C01
200900008651;0;7;0;0;2;1;1;A01
200900008652;0;7;0;0;2;2;1;B02
200900008652;0;7;0;0;2;2;17;A01
200900008653;0;7;0;0;2;2;15;A01
200900008653;0;30;0;0;2;7;1;B02
200900008654;0;10;0;13;0;1;1;A01
200900008655;0;7;0;0;2;3;1;A01
200900008655;0;7;0;0;2;2;1;B02
200900008656;0;7;0;0;2;1;1;A01
200900008656;0;7;0;0;2;1;1;B02
200900008657;0;7;0;0;1;1;1;A01
200900008658;0;7;0;0;2;1;1;A01
200900008658;0;10;0;0;0;7;13;B02
200900008659;0;7;0;0;0;3;1;B02
200900008659;0;33;0;0;2;1;17;A01
200900008660;0;7;0;2;0;1;0;A01
200900008661;0;7;0;0;2;6;1;A01
200900008661;0;33;0;0;2;1;2;B01
200900008662;0;10;0;0;2;8;1;B01
200900008662;0;14;0;0;2;2;9;A01
200900008663;0;7;0;6;0;1;1;A01
200900008664;0;7;0;0;2;0;12;A01
200900008664;0;7;0;0;0;5;1;B01
200900008664;0;7;0;0;2;2;1;C01
200900008665;0;21;0;0;2;3;1;B02
200900008665;0;7;0;0;2;3;13;A01
200900008666;0;30;0;0;1;1;1;A01
200900008667;0;32;0;0;1;1;2;A01
200900008668;0;7;0;0;1;3;15;A01
200900008669;0;7;0;0;1;1;0;A01
200900008670;0;1;0;0;1;1;1;A01
200900008671;0;7;0;0;2;8;1;B01
200900008671;0;30;0;0;2;1;0;A01
200900008672;0;7;0;1;0;9;14;A01
200900008673;0;1;0;0;2;8;0;B01
200900008674;0;7;0;0;2;6;4;A01
200900008674;0;7;0;0;2;7;0;B01
200900008675;0;30;0;0;1;1;1;A01
200900008676;0;7;0;0;2;3;0;B01
200900008676;0;30;0;0;2;1;13;A01
200900008677;0;33;0;0;2;1;1;B01
200900008677;0;1;0;0;2;5;9;A01
200900008678;0;7;0;0;9;7;22;A01
200900008678;0;1;0;0;2;1;18;B01
200900008679;0;2;0;0;2;1;3;A01
200900008679;0;7;0;0;2;3;9;B01
200900008680;0;7;0;0;2;1;1;A01
200900008680;0;7;0;0;2;4;15;B01
200900008681;0;7;0;0;2;3;15;A01
200900008681;0;33;0;0;2;1;1;B01
200900008682;0;7;0;0;1;7;1;A01
200900008683;0;33;0;2;0;1;2;A01
200900008684;0;33;0;5;0;8;1;A01
200900008685;0;7;0;0;2;2;1;B02
200900008685;0;33;0;0;2;7;13;A01
200900008686;0;14;0;0;2;1;1;B02
200900008686;0;7;0;0;2;1;5;A01
200900008687;0;1;0;0;0;0;1;A01
200900008688;0;10;0;0;0;3;13;A01
200900008688;0;7;0;0;2;1;1;B02
200900008689;0;33;0;2;0;1;1;A01
200900008690;0;30;0;1;0;1;13;A01
200900008690;0;7;0;1;2;5;24;B02
200900008691;0;1;0;0;2;1;13;A01
200900008691;0;7;0;0;2;2;1;B02
200900008692;0;17;0;0;1;5;23;A01
200900008693;0;7;0;2;0;3;1;A01
200900008694;0;7;0;0;2;8;1;B02
200900008694;0;33;0;0;2;8;13;A01
200900008695;0;37;0;0;2;3;1;B02
200900008695;0;7;0;3;2;1;13;A01
200900008696;0;10;0;0;2;4;2;B01
200900008696;0;2;0;0;2;1;2;A01
200900008697;0;7;0;0;2;6;2;B01
200900008697;0;7;0;0;2;4;2;C01
200900008697;0;7;0;0;2;2;2;A01
200900008698;0;2;0;0;2;0;1;A01
200900008698;0;7;0;0;0;0;1;B01
200900008699;0;7;0;0;1;3;0;A01
200900008700;0;7;0;0;2;3;2;A01
200900008700;0;7;0;0;2;4;2;B01
200900008700;0;7;0;0;2;4;15;C01
200900008701;0;7;0;0;1;5;4;A01
200900008702;0;32;0;0;2;1;;B02
200900008702;0;7;0;0;2;3;;A01
200900008703;0;7;0;0;1;1;16;A01
200900008704;0;7;0;0;2;1;1;B01
200900008704;0;7;0;0;2;7;15;A01
200900008705;0;30;0;15;0;2;14;A01
200900008706;1;7;0;0;2;3;13;Z01
200900008706;0;7;0;0;2;2;2;B01
200900008706;0;7;0;0;2;1;2;A01
200900008707;0;33;0;0;2;1;1;A01
200900008707;0;10;0;0;2;3;1;B01
200900008708;0;7;0;0;1;3;1;A01
200900008709;1;7;0;0;1;2;1;Z01
200900008710;0;1;0;0;1;1;1;A01
200900008711;0;7;0;0;1;3;1;A01
200900008712;0;1;0;0;2;8;16;B01
200900008712;0;7;0;0;2;5;16;A01
200900008713;0;1;0;0;1;2;2;A01
200900008714;0;7;0;0;2;3;15;B01
200900008714;0;30;0;0;2;1;1;A01
200900008715;0;32;0;0;2;1;16;B01
200900008715;0;7;0;0;2;2;1;A01
200900008716;0;7;0;0;2;1;9;A01
200900008716;0;2;0;0;2;7;1;B01
200900008717;0;7;0;0;1;3;1;A01
200900008718;0;33;0;0;2;4;23;B01
200900008718;0;30;0;14;2;1;2;A01
200900008719;0;30;0;15;0;7;14;A01
200900008720;0;34;0;0;2;7;1;B01
200900008720;0;38;2;0;2;3;15;A01
200900008721;0;7;0;0;2;1;1;B01
200900008721;0;10;0;15;2;7;5;A01
200900008722;0;7;0;0;1;0;1;A01
200900008723;0;7;0;11;0;1;13;A01
200900008724;0;32;0;0;2;1;2;B01
200900008724;0;34;0;0;2;1;1;C01
200900008724;0;33;0;0;2;4;2;A01
200900008725;0;7;0;0;2;4;2;B01
200900008725;0;7;0;0;2;4;2;C01
200900008725;0;38;1;0;2;1;2;A01
200900008726;0;33;0;0;0;3;1;A01
200900008727;0;33;0;0;2;1;3;B01
200900008727;0;33;0;0;2;3;11;A01
200900008728;0;33;0;0;2;2;1;B01
200900008728;0;7;0;0;2;6;11;A01
200900008729;0;7;0;0;2;5;23;B01
200900008729;0;2;0;0;2;1;2;A01
200900008730;0;30;0;11;0;8;13;A01
200900008731;0;30;0;0;2;1;17;B01
200900008731;0;7;0;0;2;3;13;A01
200900008732;0;1;0;0;1;1;1;A01
200900008733;0;10;0;0;2;4;2;B01
200900008733;0;32;0;0;2;1;2;A01
200900008734;0;7;0;0;1;2;7;A01
200900008735;0;7;0;0;1;1;1;A01
200900008736;0;30;0;0;0;2;1;A01
200900008737;0;31;0;0;2;3;1;B01
200900008737;0;7;0;0;2;5;12;A01
200900008738;0;31;0;0;0;0;1;A01
200900008739;0;7;0;0;1;2;16;A01