num_acc;senc;catv;occutc;obs;obsm;choc;manv;num_veh
200900008740;0;37;30;0;1;3;1;A01
200900008741;0;7;0;8;1;3;1;A01
200900008742;0;32;0;0;2;7;17;B01
200900008742;0;7;0;0;2;3;15;A01
200900008743;0;37;0;0;2;1;2;A01
200900008743;0;7;0;0;2;4;23;B01
200900008744;0;7;0;0;2;8;15;B01
200900008744;0;32;0;0;2;1;17;A01
200900008745;0;7;0;0;2;2;15;A01
200900008745;0;30;0;0;2;1;1;B01
200900008746;0;32;0;0;1;0;1;A01
200900008747;0;7;0;0;2;5;1;B01
200900008747;0;7;0;0;2;4;1;C01
200900008747;0;33;0;0;2;5;3;A01
200900008747;1;7;0;0;2;3;11;Z01
200900008748;0;7;0;0;1;1;1;A01
200900008749;0;7;0;0;2;6;4;A01
200900008749;0;37;1;0;2;5;1;B01
200900008750;0;33;0;0;2;0;1;A01
200900008750;0;33;0;0;2;6;14;B01
200900008751;0;7;0;0;1;1;16;A01
200900008752;0;30;0;0;2;2;1;B01
200900008752;0;7;0;0;2;6;11;A01
200900008753;0;33;0;1;0;5;21;A01
200900008754;0;7;0;0;2;2;2;B01
200900008754;0;33;0;0;2;6;3;C01
200900008754;0;33;0;0;2;9;2;A01
200900008755;0;13;0;6;0;0;1;A01
200900008756;0;7;0;0;2;5;1;C01
200900008756;0;34;0;0;2;4;3;B01
200900008756;0;33;0;0;2;1;3;A01
200900008757;0;7;0;0;2;2;15;A01
200900008757;0;1;0;0;2;1;1;B01
200900008758;0;33;0;0;0;8;2;A01
200900008759;0;1;0;0;0;0;1;A01
200900008760;0;32;0;0;2;1;12;A01
200900008760;0;32;0;0;2;4;3;B01
200900008761;0;2;0;0;2;1;2;A01
200900008761;0;7;0;0;2;4;23;B01
200900008762;0;7;0;0;2;1;2;A01
200900008762;0;33;0;0;2;4;23;B01
200900008763;0;32;0;0;2;3;1;B01
200900008763;0;3;0;0;2;7;1;A01
200900008764;0;1;0;0;2;1;1;A01
200900008764;0;7;0;0;2;6;16;B01
200900008765;0;32;0;0;9;2;1;A01
200900008766;0;33;0;0;0;7;16;A01
200900008767;0;10;0;0;2;5;23;B01
200900008767;0;2;0;0;2;3;2;A01
200900008768;0;7;0;0;2;8;2;B01
200900008768;0;32;0;0;2;7;2;A01
200900008769;0;7;0;0;2;4;2;B01
200900008769;0;7;0;0;2;2;12;A01
200900008769;0;10;0;0;2;5;2;C01
200900008770;0;7;0;0;1;0;1;A01
200900008771;1;30;0;0;1;1;7;Z01
200900008772;0;30;0;0;2;1;2;A01
200900008772;0;7;0;0;2;5;23;B01
200900008773;0;7;0;4;2;6;1;B01
200900008773;0;17;0;0;2;2;12;A01
200900008774;0;10;0;0;2;7;12;B01
200900008774;0;32;0;0;2;3;3;A01
200900008775;0;7;0;0;2;7;12;A01
200900008775;0;32;0;0;2;8;3;B01
200900008776;0;7;0;0;2;6;2;B01
200900008776;0;7;0;0;2;1;2;A01
200900008777;0;7;0;0;2;0;1;A01
200900008777;0;1;0;0;2;8;15;B01
200900008778;0;7;0;0;2;2;2;A01
200900008778;0;32;0;0;2;4;2;B01
200900008779;1;7;0;8;2;9;1;Z01
200900008779;0;7;0;0;2;1;15;A01
200900008780;0;38;1;0;2;2;2;A01
200900008780;0;7;0;0;2;5;23;B01
200900008781;1;7;0;0;2;1;2;Z01
200900008781;0;7;0;0;2;1;2;A01
200900008782;2;36;0;6;0;2;14;Z01
200900008783;0;1;0;0;2;1;19;B01
200900008783;0;2;0;8;2;1;7;A01
200900008784;0;7;0;0;2;2;15;B01
200900008784;0;33;0;0;2;7;1;A01
200900008785;0;7;0;0;2;6;22;A01
200900008785;0;32;0;0;2;2;1;B01
200900008786;0;7;0;0;2;6;1;B01
200900008786;0;31;0;0;2;6;1;A01
200900008787;0;7;0;0;2;7;1;A01
200900008787;0;31;0;0;2;1;1;B01
200900008788;0;7;0;0;2;4;2;B01
200900008788;0;7;0;0;2;1;2;A01
200900008789;0;31;0;1;0;1;18;A01
200900008790;0;1;0;0;2;4;11;B01
200900008790;0;32;0;0;2;1;1;A01
200900008791;0;32;0;0;2;8;1;A01
200900008791;0;7;0;0;2;8;15;B01
200900008792;0;1;0;0;2;1;1;B01
200900008792;0;7;0;0;2;3;22;A01
200900008793;0;33;0;0;2;7;1;B01
200900008793;0;7;0;0;2;3;15;A01
200900008794;0;7;0;0;2;3;16;B01
200900008794;0;10;0;0;2;2;1;A01
200900008795;0;34;0;0;2;3;7;B01
200900008795;0;7;0;0;2;3;15;A01
200900008796;0;30;0;0;0;0;1;A01
200900008797;0;31;0;0;1;1;2;A01
200900008798;0;34;0;0;2;1;1;A01
200900008798;0;7;0;0;2;6;1;B01
200900008799;0;7;0;0;2;8;9;A01
200900008799;0;32;0;0;2;1;1;B01
200900008800;0;7;0;0;1;2;1;A01
200900008801;0;7;0;0;2;2;1;A01
200900008801;0;32;0;0;2;1;1;B01
200900008802;0;7;0;0;1;0;16;A01
200900008803;0;32;0;0;0;0;21;A01
200900008804;0;33;0;0;1;1;1;A01
200900008805;0;37;10;15;1;5;14;A01
200900008806;0;7;0;0;2;6;11;A01
200900008806;0;33;0;0;2;2;1;B01
200900008807;0;10;0;0;2;6;2;B01
200900008807;0;34;0;0;2;1;2;A01
200900008808;0;30;0;0;0;0;21;A01
200900008809;0;7;0;0;2;1;9;A01
200900008809;0;7;0;0;2;4;1;C01
200900008809;0;30;0;0;2;1;17;B01
200900008810;0;33;0;0;1;1;1;A01
200900008811;0;32;0;0;0;0;21;A01
200900008812;0;13;0;0;2;3;15;B01
200900008812;0;7;0;0;2;2;1;A01
200900008813;0;33;0;0;2;6;14;A01
200900008813;0;7;0;0;2;6;23;B01
200900008813;0;7;0;0;2;7;23;C01
200900008814;0;7;0;0;2;7;15;A01
200900008814;0;1;0;0;2;1;1;B01
200900008815;0;32;0;14;2;3;1;A01
200900008815;1;7;0;0;2;2;12;Z01
200900008816;0;33;0;0;1;1;17;A01
200900008817;0;33;0;0;2;1;17;B01
200900008817;0;7;0;0;2;3;10;A01
200900008818;0;7;0;0;2;2;15;B01
200900008818;0;32;0;0;2;1;7;A01
200900008819;0;30;0;0;2;2;17;A01
200900008819;0;7;0;0;2;8;15;B01
200900008820;0;33;0;0;2;8;15;B01
200900008820;0;30;0;0;2;1;17;A01
200900008821;1;7;0;0;2;0;13;Z01
200900008821;0;1;0;1;2;7;1;A01
200900008822;2;7;0;7;9;1;13;A01
200900008823;0;7;0;4;2;6;18;A01
200900008823;0;17;0;0;2;2;1;B01
200900008824;0;7;0;15;2;1;13;A01
200900008824;0;7;0;0;2;5;1;B01
200900008825;0;2;0;0;0;0;1;A01
200900008826;0;2;0;0;0;0;1;A01
200900008827;0;33;0;0;0;7;1;A01
200900008828;0;32;0;0;2;0;1;B01
200900008828;0;34;0;0;2;0;1;A01
200900008829;0;33;0;0;2;1;1;B01
200900008829;0;7;0;0;2;6;9;A01
200900008830;0;7;0;0;1;3;16;A01
200900008831;0;7;0;0;2;4;23;B01
200900008831;0;38;46;0;2;1;2;A01
200900008832;0;7;0;0;1;3;15;A01
200900008833;0;7;0;0;2;7;16;A01
200900008833;0;30;0;0;2;1;7;B01
200900008834;0;7;0;0;2;1;2;A01
200900008834;0;7;0;0;2;0;23;B01
200900008835;0;32;0;0;2;1;1;B01
200900008835;0;1;0;0;2;7;1;A01
200900008836;0;31;0;0;2;1;1;B01
200900008836;0;7;0;0;2;5;15;A01
200900008837;0;7;0;0;2;1;1;B01
200900008837;0;33;0;0;2;1;1;A01
200900008838;0;30;0;0;2;1;1;A01
200900008838;0;7;0;0;2;3;1;B01
200900008839;0;2;0;1;2;1;18;A01
200900008839;0;7;0;0;2;2;22;B01
200900008840;0;7;0;8;0;3;16;A01
200900008841;0;34;0;0;0;7;7;A01
200900008842;0;30;0;0;0;0;1;A01
200900008843;0;7;0;0;2;3;1;A01
200900008843;0;7;0;0;2;7;9;B01
200900008844;0;34;0;14;0;1;13;A01
200900008845;0;7;0;4;2;3;13;A01
200900008845;0;7;0;4;2;5;1;B01
200900008846;0;7;0;0;2;5;1;B01
200900008846;0;2;0;0;2;3;11;A01
200900008847;0;7;0;0;2;2;1;B01
200900008847;0;7;0;0;2;1;1;A01
200900008848;1;7;0;0;2;2;12;Z01
200900008848;0;32;0;0;2;6;1;A01
200900008849;0;7;0;0;1;4;4;A01
200900008850;0;7;0;0;2;4;2;A01
200900008850;1;10;0;0;2;1;2;Z01
200900008851;0;7;0;0;2;6;11;B01
200900008851;0;32;0;0;2;7;12;A01
200900008852;0;7;0;0;2;2;10;A01
200900008852;0;32;0;0;2;6;2;B01
200900008853;1;30;0;0;1;0;1;Z01
200900008854;0;10;0;0;2;7;16;A01
200900008854;0;32;0;0;2;1;18;B01
200900008855;0;30;0;0;2;1;2;B01
200900008855;0;7;0;0;2;6;10;A01
200900008856;0;33;0;0;1;3;1;A01
200900008857;0;2;0;0;2;3;1;A01
200900008857;1;7;0;0;2;7;12;Z01
200900008858;0;32;0;1;5;1;1;A01
200900008859;0;7;0;1;0;1;1;A01
200900008860;1;10;0;0;2;0;13;Z01
200900008860;0;33;0;1;2;1;1;A01
200900008861;0;1;0;14;0;1;12;A01
200900008862;0;7;0;0;2;1;13;A01
200900008862;0;7;0;0;2;1;23;B01
200900008863;0;10;0;0;2;8;1;B01
200900008863;0;10;0;0;2;2;16;A01
200900008864;0;33;0;0;2;1;2;A01
200900008864;0;7;0;0;2;5;23;B01
200900008865;0;31;0;0;2;1;2;B01
200900008865;0;7;0;0;2;8;10;A01
200900008866;0;7;0;0;2;3;16;B01
200900008866;0;1;0;0;2;1;1;A01
200900008867;0;7;0;0;2;2;1;B01
200900008867;0;32;0;0;2;8;11;A01
200900008868;0;33;0;0;2;8;3;A01
200900008868;0;7;0;0;2;7;1;B01
200900008869;0;7;0;0;1;2;15;A01
200900008870;0;7;0;0;2;7;16;B01
200900008870;0;2;0;0;2;1;18;A01
200900008871;0;7;0;0;2;3;22;A01
200900008871;0;1;0;0;2;1;1;B01
200900008872;0;7;0;0;2;1;1;A01
200900008872;0;1;0;0;2;7;1;B01
200900008873;0;30;0;0;1;1;1;A01
200900008874;0;7;0;0;1;3;1;A01
200900008875;0;7;0;0;1;1;1;A01
200900008876;0;32;0;0;1;1;17;A01
200900008877;0;7;0;0;2;4;2;C01
200900008877;0;13;0;0;2;4;2;A01
200900008877;0;7;0;0;2;9;2;B01
200900008878;0;30;0;0;2;1;9;A01
200900008878;0;7;0;0;2;2;1;B01
200900008879;0;33;0;0;2;3;3;A01
200900008879;0;7;0;0;2;5;12;B01
200900008880;0;7;0;0;2;1;15;A01
200900008880;0;1;0;0;2;1;1;B01
200900008881;0;1;0;0;2;0;1;B01
200900008881;0;7;0;0;2;7;22;A01
200900008882;0;7;0;0;2;1;2;A01
200900008882;0;7;0;0;2;1;2;B01
200900008883;0;7;0;0;1;2;1;A01
200900008884;0;7;0;0;2;4;12;B01
200900008884;0;33;0;0;2;1;3;A01
200900008885;0;33;0;0;2;8;18;A01
200900008885;0;10;0;0;2;2;16;B01
200900008886;0;30;0;0;2;2;7;B01
200900008886;0;7;0;0;2;7;22;A01
200900008887;0;7;0;0;2;1;1;A01
200900008887;0;1;0;0;2;8;19;B01
200900008888;0;7;0;0;2;4;4;A01
200900008888;0;32;0;0;2;8;1;B01
200900008889;0;10;0;0;2;7;12;A01
200900008889;0;32;0;0;2;8;3;B01
200900008890;0;7;0;0;2;3;13;A01
200900008890;0;30;0;0;2;5;17;B01
200900008891;0;7;0;0;2;2;15;A01
200900008891;0;30;0;0;2;1;1;B01
200900008892;0;7;0;0;1;7;1;A01
200900008893;0;7;0;0;2;1;1;B01
200900008893;0;7;0;1;2;2;1;A01
200900008894;0;7;0;0;2;3;9;B01
200900008894;0;30;0;0;2;2;1;A01
200900008895;0;32;0;0;2;2;17;B01
200900008895;0;7;0;0;2;8;15;A01
200900008896;0;10;0;0;1;1;1;A01
200900008897;0;7;0;0;2;3;1;B01
200900008897;0;30;0;0;2;2;1;A01
200900008898;0;33;0;0;2;7;1;A01
200900008898;0;7;0;0;2;8;15;B01
200900008899;0;30;0;0;0;7;1;A01
200900008900;0;10;0;0;1;3;15;A01
200900008901;0;32;0;0;1;1;1;A01
200900008902;0;2;0;0;0;7;15;A01
200900008903;0;30;0;0;0;8;1;A01
200900008904;0;2;0;12;0;2;14;A01
200900008905;0;7;0;0;2;6;15;A01
200900008905;0;32;0;0;2;1;17;B01
200900008906;0;7;0;0;2;8;1;A01
200900008906;1;14;0;0;2;2;12;Z01
200900008907;0;32;0;0;2;7;14;A01
200900008907;0;10;0;0;2;8;1;B01
200900008908;0;7;0;0;2;1;2;A01
200900008908;0;7;0;0;2;4;23;B01
200900008909;0;32;0;0;2;1;2;A01
200900008909;0;7;0;0;2;4;2;B01
200900008910;0;32;0;0;1;1;1;A01
200900008911;0;7;0;0;1;3;1;A01
200900008912;0;2;0;12;0;2;14;A01
200900008913;0;7;0;0;2;3;15;B01
200900008913;0;30;0;0;2;2;17;A01
200900008914;0;30;0;0;2;3;10;A01
200900008914;0;33;0;0;2;2;1;B01
200900008915;0;7;0;3;0;1;12;A01
200900008916;0;7;0;0;2;5;15;A01
200900008916;0;33;0;0;2;3;1;B01
200900008917;0;30;0;0;0;7;1;A01
200900008918;0;1;0;0;0;3;21;A01
200900008919;0;10;0;0;1;4;1;A01
200900008920;0;1;0;0;2;2;1;B01
200900008920;0;7;0;0;2;2;1;C01
200900008920;0;13;0;0;2;8;22;A01
200900008921;0;7;0;0;2;4;23;B01
200900008921;0;7;0;0;2;4;2;A01
200900008922;0;1;0;0;2;1;14;B01
200900008922;0;7;0;0;2;3;24;A01
200900008923;1;7;0;0;1;1;15;Z01
200900008924;0;37;30;0;1;2;15;A01
200900008925;0;7;0;0;2;4;23;C01
200900008925;0;7;0;0;2;1;2;A01
200900008925;0;7;0;0;2;4;23;B01
200900008926;0;31;0;0;0;4;1;A01
200900008927;0;7;0;0;2;3;11;A01
200900008927;0;33;0;0;2;7;1;B01
200900008928;0;30;0;0;2;1;1;A01
200900008928;0;7;0;0;2;8;15;B01
200900008929;0;32;0;0;2;1;18;A01
200900008929;0;13;0;0;2;5;1;B01
200900008930;0;7;0;0;2;3;23;B01
200900008930;0;30;0;0;2;3;2;A01
200900008931;0;10;0;0;2;1;2;A01
200900008931;0;7;0;0;2;9;23;B01
200900008931;0;38;1;0;2;4;23;C01
200900008932;0;7;0;0;2;1;1;A01
200900008932;0;33;0;0;2;8;1;B01
200900008933;0;7;0;0;2;8;11;A01
200900008933;0;32;0;0;2;1;1;B01
200900008934;0;7;0;0;1;4;4;A01
200900008935;0;7;0;0;2;3;11;A01
200900008935;0;33;0;0;2;7;1;B01
200900008936;0;30;0;1;0;8;13;A01
200900008937;0;7;0;0;2;2;12;A01
200900008937;0;33;0;0;2;8;3;B01
200900008938;0;7;0;0;1;6;20;A01
200900008939;0;7;0;0;2;3;9;B01
200900008939;0;32;0;0;2;9;1;A01
200900008940;0;32;0;14;0;2;13;A01
200900008941;0;7;0;0;2;8;11;A01
200900008941;0;33;0;0;2;1;1;B01
200900008942;0;7;0;0;2;3;15;A01
200900008942;0;2;0;0;2;1;1;B01
200900008943;0;7;0;0;1;3;1;A01
200900008944;0;1;0;0;2;1;2;A01
200900008944;0;7;0;0;2;0;23;B01
200900008945;0;10;0;0;2;4;1;C01
200900008945;0;31;0;0;2;8;13;A01
200900008945;0;7;0;0;2;7;1;B01
200900008946;0;7;0;0;2;7;12;A01
200900008946;0;33;0;0;2;3;3;B01
200900008947;0;2;0;12;0;2;14;A01
200900008948;0;10;0;0;2;0;13;A01
200900008948;0;32;0;0;2;0;17;B01
200900008949;0;7;0;0;2;3;22;A01
200900008949;0;1;0;0;2;1;1;B01
200900008950;0;32;0;0;1;1;1;A01
200900008951;0;7;0;0;2;2;14;A01
200900008951;0;32;0;0;2;8;1;B01
200900008952;0;33;0;0;1;1;1;A01
200900008953;0;31;0;0;1;0;2;A01
200900008954;0;30;0;0;2;1;2;A01
200900008954;0;7;0;0;2;4;2;B01
200900008955;0;30;0;0;0;8;1;A01
200900008956;0;34;0;0;2;3;2;B01
200900008956;0;10;0;0;2;2;2;A01
200900008957;0;7;0;0;0;0;11;A01
200900008957;0;31;0;0;0;0;21;B01
200900008958;0;7;0;0;0;4;23;B01
200900008958;0;32;0;0;0;1;2;A01
200900008959;0;7;0;4;0;7;1;A01
200900008960;0;7;0;0;1;4;4;A01
200900008961;0;7;0;9;0;1;2;A01
200900008962;0;33;0;0;2;3;3;B01
200900008962;0;10;0;0;2;5;12;A01
200900008963;0;7;0;0;1;0;1;A01
200900008964;0;10;0;0;1;1;1;A01
200900008965;0;34;0;0;1;2;1;A01
200900008966;0;32;0;0;2;3;3;B01
200900008966;0;7;0;0;2;5;12;A01
200900008967;0;1;0;0;0;0;0;A01
200900008968;0;7;0;0;1;6;1;A01
200900008969;0;31;0;0;0;2;1;A01
200900008970;0;7;0;0;2;1;1;B01
200900008970;0;7;0;0;2;1;1;A01
200900008971;0;7;0;0;2;2;21;C01
200900008971;0;7;0;0;2;8;15;B01
200900008971;0;7;0;0;2;3;5;A01
200900008972;0;1;0;0;0;1;19;B01
200900008972;0;7;0;0;0;5;12;A01
200900008973;0;10;0;0;1;3;9;A01
200900008974;0;7;0;0;2;7;10;A01
200900008974;0;31;0;0;2;1;1;B01
200900008975;0;7;0;0;0;3;11;A01
200900008975;0;31;0;0;0;7;11;B01
200900008976;0;17;0;0;2;2;12;A01
200900008976;0;7;0;0;0;3;1;B01
200900008977;0;7;0;0;0;7;1;A01
200900008977;0;1;0;0;2;8;1;B01
200900008978;0;1;0;0;2;8;0;A01
200900008978;0;7;0;0;0;5;2;B01
200900008979;0;30;0;0;1;5;13;A01
200900008980;0;7;0;0;2;3;15;B01
200900008980;0;32;0;0;2;2;2;A01
200900008981;0;7;0;0;2;3;11;A01
200900008981;0;33;0;0;2;2;2;B01
200900008982;0;7;0;0;2;1;15;A01
200900008982;0;7;0;0;2;8;2;B01
200900008983;1;7;0;0;0;2;2;B01
200900008983;0;1;0;0;0;3;15;A01
200900008984;0;30;0;1;0;2;1;A01
200900008985;0;7;0;0;2;1;0;B01
200900008985;0;2;0;0;2;3;0;A01
200900008986;1;34;0;0;0;0;0;Z01
200900008987;0;2;0;0;0;1;1;A01
200900008987;0;33;0;0;0;1;1;B01
200900008988;0;7;0;0;2;4;0;C01
200900008988;0;7;0;0;2;9;0;B01
200900008988;0;7;0;0;2;1;2;A01
200900008989;0;7;0;0;0;6;15;B01
200900008989;0;30;0;0;2;2;2;A01
200900008990;0;33;0;0;1;1;1;A01
200900008991;0;7;0;0;9;3;11;A01
200900008991;0;31;0;0;0;5;21;B01
200900008992;2;7;0;0;2;1;2;Z01
200900008992;0;7;0;0;2;4;1;B01
200900008992;0;7;0;0;2;4;1;C01
200900008993;0;30;0;0;2;7;1;A01
200900008993;0;14;0;0;2;6;1;B01
200900008994;0;30;0;14;0;8;1;A01
200900008995;0;32;0;0;2;1;1;B01
200900008995;0;7;0;0;2;7;1;A01
200900008996;0;31;0;0;0;3;0;B01
200900008996;0;7;0;0;2;5;12;A01
200900008997;1;7;0;0;1;1;1;A01
200900008998;0;7;0;0;2;3;15;A01
200900008998;0;32;0;0;2;3;1;B01
200900008999;0;32;0;0;1;1;17;A01
200900009000;0;32;0;7;0;7;2;A01
200900009001;0;2;0;0;0;7;0;A01
200900009002;0;32;0;0;2;1;1;A01
200900009002;0;7;0;0;2;3;1;B01
200900009003;0;7;0;4;0;2;0;B01
200900009003;0;7;0;4;0;6;0;C01
200900009003;0;7;0;4;2;6;11;A01
200900009004;0;7;0;0;9;8;20;A01
200900009004;0;2;0;0;9;1;1;B01
200900009004;0;2;0;0;2;1;1;C01
200900009005;2;32;0;0;2;1;1;A01
200900009005;0;33;0;0;2;8;1;B01
200900009006;0;33;0;0;2;2;5;A01
200900009006;0;7;0;0;2;3;15;B01
200900009007;0;30;0;0;2;3;18;A01
200900009007;0;10;0;0;2;7;16;B01
200900009008;1;7;0;0;2;2;2;Z01
200900009008;0;1;0;0;2;4;2;B01
200900009009;0;37;1;0;1;2;1;A01
200900009010;1;7;0;0;0;1;0;Z01
200900009011;0;7;0;0;2;3;1;B01
200900009011;0;10;0;0;2;1;16;A01
200900009012;0;1;0;0;1;1;1;A01
200900009013;1;30;0;0;1;1;2;A01
200900009014;0;7;0;0;0;6;2;C01
200900009014;0;33;0;0;2;7;2;A01
200900009014;0;33;0;0;0;6;2;B01
200900009015;0;30;0;1;0;2;1;A01
200900009016;1;7;0;0;2;3;17;Z01
200900009016;0;31;0;0;2;1;1;A01
200900009017;0;33;0;0;2;1;3;A01
200900009017;0;7;0;0;2;6;12;B01
200900009018;0;7;0;0;2;4;1;B01
200900009018;0;32;0;0;2;1;2;A01
200900009019;0;7;0;0;0;6;15;A01
200900009019;0;33;0;0;2;1;1;B01
200900009020;0;7;0;0;2;5;1;B01
200900009020;0;7;0;0;2;3;2;A01
200900009021;0;7;0;0;1;7;1;A01
200900009022;0;7;0;0;9;8;0;A01
200900009022;0;1;0;0;0;0;3;B01
200900009023;0;7;0;0;2;3;1;A01
200900009023;0;7;0;0;2;2;1;B01
200900009024;1;7;0;0;2;2;3;Z01
200900009024;0;31;0;0;2;3;3;A01
200900009025;0;7;0;0;2;1;0;A01
200900009025;0;1;0;0;2;1;0;B01
200900009026;0;2;0;12;0;8;0;A01
200900009027;0;1;0;0;2;7;1;A01
200900009027;0;7;0;0;0;1;1;B01
200900009028;0;7;0;0;2;4;2;C01
200900009028;0;7;0;0;2;4;2;B01
200900009028;0;7;0;0;2;4;2;D01
200900009028;0;7;0;0;2;1;2;A01
200900009029;0;1;0;0;0;0;0;A01
200900009029;0;1;0;0;0;1;2;B01
200900009030;0;7;0;14;2;1;1;A01
200900009030;0;7;0;0;0;4;1;B01
200900009031;0;7;0;0;1;3;2;A01
200900009032;0;30;0;0;1;1;1;A01
200900009033;0;7;0;0;1;3;0;A01
200900009034;2;30;0;0;0;0;0;Z01
200900009035;0;1;0;0;2;2;1;B01
200900009035;0;7;0;0;2;3;1;A01
200900009036;0;7;0;0;0;8;10;A01
200900009036;0;32;0;1;2;1;1;B01
200900009037;0;30;0;0;1;1;1;A01
200900009038;0;32;0;0;1;3;1;A01
200900009039;0;32;0;0;2;7;17;A01
200900009039;0;7;0;0;2;3;15;B01
200900009040;0;7;0;0;0;4;1;C01
200900009040;0;7;0;0;0;0;1;B01
200900009040;0;7;0;0;0;1;1;A01
200900009041;0;7;0;0;2;4;2;C01
200900009041;0;7;0;0;2;1;1;A01
200900009041;0;7;0;0;2;4;2;B01
200900009042;1;7;0;0;1;3;1;Z01
200900009043;0;32;0;0;2;2;1;B01
200900009043;0;7;0;0;2;3;10;A01
200900009044;0;32;0;0;1;1;1;A01
200900009045;0;7;0;0;0;3;15;B01
200900009045;0;30;0;0;2;1;1;A01
200900009046;0;7;0;0;0;1;0;A01
200900009047;0;7;0;0;1;1;0;A01
200900009048;0;7;0;0;2;3;15;A01
200900009048;0;32;0;0;2;1;1;B01
200900009049;0;7;0;0;1;1;2;A01
200900009050;0;2;0;0;2;2;15;B01
200900009050;1;7;0;0;0;1;0;Z01
200900009051;0;7;0;0;2;2;2;A01
200900009051;0;2;0;0;2;6;2;B01
200900009052;0;7;0;0;0;3;0;A01
200900009053;0;7;0;0;2;4;23;B01
200900009053;0;30;0;1;0;1;1;A01
200900009054;0;7;0;15;2;2;0;A01
200900009054;0;7;0;0;2;8;0;B01
200900009055;0;7;0;0;2;1;1;B01
200900009055;0;7;0;0;2;1;15;A01
200900009055;0;7;0;0;2;1;1;C01
200900009056;0;32;0;0;2;1;2;A01
200900009056;0;10;0;1;0;4;2;B01
200900009057;0;30;0;12;0;1;1;A01
200900009058;0;7;0;6;0;8;1;A01
200900009059;0;32;0;14;0;7;2;A01
200900009060;0;31;0;0;0;3;21;A01
200900009061;0;1;0;0;1;1;1;A01
200900009062;0;37;25;0;2;3;0;B01
200900009062;0;7;0;0;2;5;16;A01
200900009063;0;7;0;0;2;2;12;A01
200900009063;0;33;0;0;2;8;3;B01
200900009064;0;32;0;0;1;7;1;A01
200900009065;0;33;0;0;2;2;3;A01
200900009065;0;7;0;0;0;6;11;B01
200900009066;0;7;0;0;2;4;2;A01
200900009066;0;38;1;0;2;1;2;B01
200900009067;0;7;0;0;2;4;2;B01
200900009067;0;7;0;0;2;1;2;A01
200900009068;0;30;0;1;0;2;0;A01
200900009069;0;31;0;4;0;3;1;A01
200900009070;0;7;0;0;1;2;1;A01
200900009071;0;7;0;0;2;6;1;B01
200900009071;0;33;0;0;2;9;3;A01
200900009072;0;32;0;0;2;2;1;B01
200900009072;0;7;0;0;2;8;10;A01
200900009073;0;7;0;0;1;5;4;A01
200900009074;0;2;0;15;0;0;0;A01
200900009075;0;7;0;6;0;3;11;A01
200900009076;0;7;0;0;0;4;0;A01
200900009077;1;7;0;0;1;0;0;Z01
200900009078;0;31;0;0;2;8;9;A01
200900009078;0;17;0;0;2;2;1;B01
200900009079;0;7;0;0;2;3;15;A01
200900009079;0;30;0;0;2;7;17;B01
200900009080;0;32;0;0;1;3;0;A01
200900009081;0;7;0;0;2;1;2;A01
200900009081;0;7;0;0;0;4;1;B01
200900009082;0;32;0;0;0;4;16;A01
200900009082;0;7;0;0;2;1;1;B01
200900009083;0;7;0;11;0;7;1;A01
200900009083;0;7;0;0;2;2;1;B01
200900009084;0;2;0;0;2;1;2;A01
200900009084;0;7;0;0;0;8;15;B01
200900009085;0;7;0;0;2;7;0;A01
200900009085;0;7;0;0;2;1;0;B01
200900009086;0;30;0;0;0;7;21;A01
200900009087;0;7;0;0;2;0;2;B01
200900009087;0;7;0;0;0;2;2;A01
200900009088;0;13;0;0;2;1;15;A01
200900009088;0;33;0;0;2;1;15;B01
200900009089;0;7;0;0;9;3;1;B01
200900009089;0;1;0;0;2;1;19;A01
200900009090;0;14;0;0;1;7;1;A01
200900009091;0;7;0;0;2;1;9;A01
200900009091;0;2;0;0;2;2;1;B01
200900009092;0;7;0;0;2;8;1;C01
200900009092;0;33;0;0;2;2;1;B01
200900009093;0;32;0;0;2;3;3;A01
200900009093;0;7;0;0;2;7;12;B01
200900009094;0;7;0;0;2;3;2;A01
200900009094;0;32;0;0;0;5;2;B01
200900009095;0;7;0;0;0;6;2;B01
200900009095;0;7;0;4;2;1;2;A01
200900009096;0;10;0;0;2;2;20;A01
200900009096;0;33;0;0;2;8;1;B01
200900009097;0;30;0;0;0;7;0;A01
200900009098;0;7;0;0;0;6;4;A01
200900009099;0;7;0;15;1;1;2;A01
200900009100;0;7;0;0;2;2;0;B01
200900009100;0;1;0;0;2;1;19;A01
200900009101;0;7;0;0;2;2;10;A01
200900009101;0;32;0;0;2;1;1;B01
200900009102;0;32;0;0;2;8;2;B01
200900009102;0;7;0;0;2;2;2;A01
200900009103;0;7;0;0;2;8;2;B01
200900009103;0;30;0;0;0;7;1;A01
200900009104;0;7;0;0;2;1;1;A01
200900009104;0;33;0;0;0;3;15;B01
200900009105;0;7;0;0;2;2;22;B01
200900009105;0;1;0;1;2;9;2;A01
200900009106;0;7;0;0;0;5;2;B01
200900009106;0;33;0;0;2;1;3;A01
200900009107;0;30;0;0;2;1;7;A01
200900009107;0;37;32;0;2;7;14;B01
200900009108;0;7;0;0;0;8;15;A01
200900009108;0;30;0;0;0;1;2;B01
200900009109;0;33;0;0;0;1;17;A01