num_acc;senc;catv;occutc;obs;obsm;choc;manv;num_veh
200900009109;0;10;0;0;2;8;15;B01
200900009110;0;7;0;0;1;4;4;A01
200900009111;0;1;0;0;1;1;0;A01
200900009112;0;30;0;0;1;1;19;A01
200900009113;0;1;0;0;0;4;15;B01
200900009113;0;32;0;0;2;1;21;A01
200900009114;0;7;0;0;0;4;23;A01
200900009114;0;2;0;0;0;0;18;B01
200900009115;1;1;0;0;1;1;2;Z01
200900009116;0;30;0;0;2;8;2;A01
200900009116;0;7;0;0;2;3;2;B01
200900009117;1;7;0;0;2;3;15;Z01
200900009117;0;33;0;0;2;2;1;A01
200900009118;0;33;0;0;0;0;1;A01
200900009119;0;2;0;1;0;1;1;A01
200900009120;0;7;0;4;0;2;14;A01
200900009121;0;7;0;0;0;4;1;B01
200900009121;1;7;0;0;2;1;1;A01
200900009122;0;7;0;0;2;5;2;B01
200900009122;0;7;0;0;2;3;2;A01
200900009123;0;34;0;0;2;7;15;A01
200900009123;0;7;0;0;2;1;1;B01
200900009124;0;7;0;0;0;3;9;B01
200900009124;0;34;0;0;0;1;2;A01
200900009125;0;7;0;0;2;1;2;A01
200900009125;0;7;0;12;0;4;11;B01
200900009126;0;1;0;0;1;0;1;A01
200900009127;0;33;0;0;2;1;2;A01
200900009127;0;10;0;0;2;6;2;B01
200900009128;0;2;0;0;0;3;15;A01
200900009128;0;33;0;0;0;5;1;B01
200900009129;0;2;0;0;2;1;1;B01
200900009129;0;7;0;0;2;8;20;A01
200900009130;0;7;0;0;2;6;15;A01
200900009130;0;32;0;0;2;1;1;B01
200900009131;0;37;20;0;1;3;2;A01
200900009132;0;2;0;1;0;1;2;A01
200900009132;0;7;0;0;2;3;0;B01
200900009133;0;7;0;0;2;6;11;A01
200900009133;0;33;0;0;2;1;1;B01
200900009134;0;7;0;0;1;2;2;A01
200900009135;0;32;0;0;2;1;2;A01
200900009135;0;7;0;0;0;5;2;B01
200900009136;0;2;0;0;1;1;17;A01
200900009137;0;1;0;0;1;1;5;A01
200900009138;0;31;0;0;2;1;3;A01
200900009138;0;7;0;0;0;2;12;B01
200900009139;0;7;0;0;2;2;14;A01
200900009139;0;32;0;0;2;3;0;B01
200900009140;0;1;0;0;0;8;2;B01
200900009140;0;7;0;0;0;5;2;A01
200900009141;0;7;0;0;0;4;12;A01
200900009141;0;34;0;0;0;1;1;B01
200900009142;0;7;0;0;2;4;15;C01
200900009142;0;33;0;0;2;1;17;A01
200900009142;0;7;0;0;0;3;15;B01
200900009143;0;34;0;0;2;1;2;A01
200900009143;0;7;0;0;2;1;16;B01
200900009144;0;7;0;0;2;6;1;B01
200900009144;0;7;0;7;2;6;0;A01
200900009144;1;7;0;0;2;0;9;Z01
200900009145;0;33;0;0;1;1;1;A01
200900009146;0;7;0;1;0;1;0;A01
200900009146;0;15;0;0;0;5;24;B01
200900009147;0;33;0;0;1;1;0;A01
200900009148;0;7;0;0;2;6;15;B01
200900009148;0;33;0;0;2;1;0;A01
200900009149;0;10;0;0;0;3;15;B01
200900009149;0;34;0;0;0;1;17;A01
200900009150;0;7;0;0;1;3;2;A01
200900009151;0;30;0;0;2;1;2;A01
200900009151;1;30;0;0;0;0;15;Z01
200900009152;0;34;0;0;0;0;0;A01
200900009153;0;7;0;0;1;2;0;A01
200900009154;0;14;0;0;2;6;16;B01
200900009154;0;7;0;0;2;1;2;A01
200900009155;0;7;0;1;2;2;23;B01
200900009155;0;32;0;0;0;1;1;A01
200900009156;0;30;0;0;1;1;19;A01
200900009157;0;7;0;0;2;5;20;B01
200900009157;0;31;0;1;0;2;14;A01
200900009158;0;2;0;0;1;1;0;A01
200900009159;0;33;0;0;2;1;1;A01
200900009159;0;7;0;0;0;2;16;B01
200900009160;0;7;0;0;2;4;23;B01
200900009160;0;1;0;0;2;1;2;A01
200900009161;0;7;0;0;0;6;2;B01
200900009161;0;33;0;0;2;2;12;A01
200900009162;0;32;0;8;2;8;0;A01
200900009162;0;7;0;0;2;1;1;B01
200900009163;0;7;0;0;1;3;1;A01
200900009164;1;7;0;0;1;4;4;Z01
200900009165;0;32;0;0;2;8;3;A01
200900009165;1;7;0;0;0;0;0;Z01
200900009166;0;1;0;0;0;0;0;B01
200900009166;0;1;0;0;0;0;0;A01
200900009167;0;33;0;0;2;2;3;A01
200900009167;0;7;0;0;2;6;1;B01
200900009168;0;33;0;0;1;0;0;A01
200900009169;0;7;0;0;2;3;15;A01
200900009169;0;32;0;0;2;5;13;B01
200900009170;0;7;0;0;1;5;0;B01
200900009170;0;33;0;0;0;2;2;A01
200900009171;0;30;0;1;0;1;13;A01
200900009172;0;2;0;15;0;2;1;A01
200900009173;0;30;0;0;1;2;1;A01
200900009174;0;10;0;0;1;4;4;A01
200900009175;0;10;0;0;0;0;2;B01
200900009175;0;31;0;0;2;3;3;A01
200900009176;1;7;0;0;2;0;0;Z01
200900009176;0;2;0;0;0;7;21;A01
200900009177;0;10;0;0;1;2;1;A01
200900009178;0;10;0;0;1;1;1;A01
200900009179;0;7;0;0;2;2;12;A01
200900009179;0;30;0;0;2;1;11;B01
200900009180;0;33;0;14;0;0;12;A01
200900009180;0;7;0;0;2;5;23;B01
200900009181;0;1;0;0;2;1;1;B01
200900009181;0;10;0;0;2;4;15;A01
200900009182;0;31;0;1;2;2;17;B01
200900009182;0;7;0;0;2;3;13;A01
200900009183;0;30;0;0;0;1;2;B01
200900009183;0;7;0;0;2;3;10;A01
200900009184;0;2;0;0;0;1;0;A01
200900009185;0;31;0;0;2;1;1;B01
200900009185;0;7;0;0;2;5;15;A01
200900009186;0;7;0;0;1;5;4;A01
200900009187;0;7;0;0;2;4;23;B01
200900009187;0;7;0;0;2;1;2;A01
200900009188;0;33;0;0;2;1;2;C01
200900009188;0;10;0;0;2;1;2;A01
200900009188;0;33;0;0;0;4;2;B01
200900009189;0;7;0;0;2;3;2;A01
200900009189;0;7;0;0;2;4;2;B01
200900009190;0;7;0;0;0;0;1;A01
200900009191;0;33;0;12;0;1;0;A01
200900009192;0;32;0;14;0;7;0;A01
200900009193;0;30;0;12;0;8;2;A01
200900009194;0;7;0;0;9;8;15;B01
200900009194;0;2;0;0;2;7;17;A01
200900009195;0;1;0;0;1;1;0;A01
200900009196;0;10;0;0;2;3;2;B01
200900009196;0;10;0;0;2;2;2;A01
200900009197;0;7;0;0;1;1;15;A01
200900009198;0;1;0;0;1;2;5;A01
200900009199;0;1;0;0;2;4;19;A01
200900009199;0;2;0;0;2;1;1;B01
200900009200;1;32;0;0;1;1;1;Z01
200900009201;0;1;0;0;0;0;0;A01
200900009202;0;30;0;0;0;1;1;B01
200900009202;0;7;0;0;0;5;1;A01
200900009203;0;2;0;0;1;1;1;A01
200900009204;0;2;0;1;0;1;21;B01
200900009204;0;7;0;0;0;0;15;A01
200900009205;0;33;0;0;2;2;17;A01
200900009205;0;7;0;0;2;3;15;B01
200900009206;1;7;0;0;1;2;1;A01
200900009207;0;10;0;0;2;2;16;A01
200900009207;0;1;0;0;2;1;1;B01
200900009208;0;30;0;15;0;7;2;A01
200900009209;0;1;0;0;2;8;11;B01
200900009209;0;30;0;0;2;5;2;A01
200900009210;0;7;0;0;0;8;9;B01
200900009210;0;33;0;0;2;1;1;A01
200900009211;0;7;0;0;2;5;15;A01
200900009211;0;32;0;0;2;1;1;B01
200900009212;0;7;0;0;0;4;2;C01
200900009212;0;7;0;0;0;1;2;A01
200900009212;0;7;0;0;0;4;2;B01
200900009213;0;3;0;0;2;6;1;B01
200900009213;0;2;0;0;2;1;2;A01
200900009214;0;7;0;12;0;2;14;A01
200900009215;0;7;0;0;0;6;0;B01
200900009215;2;7;0;0;2;2;12;A01
200900009216;0;7;0;0;2;8;15;B01
200900009216;0;32;0;0;2;1;2;A01
200900009217;0;2;0;0;0;0;2;A01
200900009218;0;7;0;0;1;4;4;A01
200900009219;0;30;0;14;0;0;1;A01
200900009220;0;33;0;0;2;1;16;B01
200900009220;0;7;0;0;2;5;16;A01
200900009221;0;7;0;0;0;5;1;A01
200900009221;0;7;0;0;0;3;9;B01
200900009222;0;2;0;0;2;2;1;A01
200900009222;0;7;0;0;0;2;1;B01
200900009223;0;32;0;0;0;7;1;A01
200900009224;0;1;0;0;1;1;1;A01
200900009225;2;7;0;1;0;2;14;A01
200900009226;0;1;0;1;0;2;0;A01
200900009227;0;7;0;0;1;2;0;A01
200900009228;0;2;0;0;2;3;15;B01
200900009228;0;32;0;0;2;1;0;A01
200900009229;0;7;0;0;0;4;2;B01
200900009229;0;7;0;0;2;1;2;A01
200900009230;1;17;0;0;2;2;12;Z01
200900009230;0;7;0;4;0;6;2;A01
200900009231;0;33;0;0;2;2;2;A01
200900009231;0;7;0;0;2;6;2;B01
200900009232;0;7;0;0;1;1;15;A01
200900009233;0;7;0;0;2;1;23;A01
200900009233;0;7;0;0;0;5;23;B01
200900009234;1;7;0;0;0;0;0;Z01
200900009234;0;30;0;0;2;1;15;A01
200900009235;0;13;0;0;2;2;21;A01
200900009235;0;32;0;0;2;1;1;B01
200900009236;0;7;0;0;9;3;12;B01
200900009236;0;32;0;0;2;8;1;A01
200900009237;0;1;0;0;2;1;1;B01
200900009237;0;10;0;0;0;8;16;A01
200900009238;0;7;0;0;0;5;2;B01
200900009238;0;33;0;0;2;1;2;A01
200900009239;0;34;0;0;2;2;11;A01
200900009239;0;2;0;0;2;3;2;B01
200900009240;0;7;0;0;0;6;1;B01
200900009240;0;7;0;0;2;1;1;A01
200900009241;0;1;0;0;0;0;0;A01
200900009242;0;1;0;0;1;0;2;A01
200900009243;0;1;0;0;2;8;9;A01
200900009243;0;15;0;0;2;2;16;B01
200900009244;0;30;0;0;1;1;1;A01
200900009245;0;7;0;0;1;4;4;A01
200900009246;0;33;0;0;2;0;2;A01
200900009247;0;7;0;0;1;2;1;A01
200900009248;0;32;0;0;0;0;2;A01
200900009249;0;32;0;0;0;2;2;A01
200900009250;0;7;0;0;1;1;2;A01
200900009251;0;7;0;0;2;2;1;A01
200900009251;0;32;0;0;2;3;2;B01
200900009252;0;30;0;0;0;0;21;B01
200900009252;0;33;0;0;0;0;9;A01
200900009253;0;33;0;0;2;1;7;B01
200900009253;0;7;0;0;2;7;16;A01
200900009254;0;2;0;0;0;0;2;A01
200900009255;0;7;0;0;1;2;16;A01
200900009256;0;31;0;0;2;1;1;A01
200900009256;0;7;0;0;4;2;1;B01
200900009257;0;34;0;0;1;2;0;A01
200900009258;0;7;0;0;2;3;1;B01
200900009258;0;7;0;0;2;2;1;A01
200900009259;0;33;0;0;0;0;0;B01
200900009259;0;7;0;0;0;0;11;A01
200900009260;0;7;0;0;1;3;1;A01
200900009261;0;7;0;0;2;2;16;B01
200900009261;0;2;0;0;2;3;1;A01
200900009262;0;33;0;0;0;0;2;B01
200900009262;0;7;0;0;2;2;12;A01
200900009263;0;10;0;0;2;1;2;A01
200900009263;0;7;0;0;0;4;2;B01
200900009264;0;33;0;0;2;1;1;A01
200900009264;0;10;0;0;2;3;15;B01
200900009265;0;33;0;0;2;8;0;B01
200900009265;0;7;0;0;2;2;1;A01
200900009266;0;2;0;0;0;0;0;A01
200900009267;0;32;0;0;0;6;1;A01
200900009267;1;10;0;0;0;0;15;Z01
200900009268;0;7;0;0;2;1;15;A01
200900009268;0;32;0;0;2;8;1;B01
200900009269;0;30;0;0;2;4;2;B01
200900009269;0;7;0;0;2;1;2;A01
200900009270;0;10;0;0;0;0;11;B01
200900009270;0;33;0;0;0;1;1;A01
200900009271;0;31;0;0;1;2;0;A01
200900009272;0;7;0;0;2;3;10;A01
200900009272;0;32;0;0;2;1;1;B01
200900009273;0;7;0;0;0;2;2;A01
200900009273;0;2;0;0;0;4;2;B01
200900009274;0;32;0;0;2;1;2;A01
200900009274;0;7;0;0;0;6;2;B01
200900009274;0;31;0;0;2;7;2;C01
200900009275;0;7;0;0;1;1;1;A01
200900009276;1;7;0;0;0;1;1;Z01
200900009277;0;2;0;0;1;8;1;A01
200900009278;0;7;0;0;1;3;2;A01
200900009279;0;32;0;0;0;4;2;B01
200900009279;0;7;0;0;2;4;2;A01
200900009280;0;7;0;0;2;2;9;B01
200900009280;0;7;0;0;2;1;1;A01
200900009281;0;33;0;0;2;2;3;A01
200900009281;0;7;0;0;2;4;2;B01
200900009282;0;33;0;0;2;3;1;A01
200900009282;0;7;0;0;2;2;19;B01
200900009283;0;2;0;0;0;5;0;B01
200900009283;0;1;0;0;2;1;7;A01
200900009284;0;34;0;0;1;1;2;A01
200900009285;0;7;0;0;2;2;15;A01
200900009285;0;30;0;0;4;1;1;B01
200900009286;0;1;0;0;0;0;1;A01
200900009287;0;7;0;0;0;9;2;A01
200900009288;0;7;0;0;2;8;15;A01
200900009288;0;2;0;0;2;7;1;B01
200900009289;0;1;0;0;0;0;0;A01
200900009289;1;7;0;0;0;0;0;Z01
200900009290;0;7;0;0;1;1;0;A01
200900009291;0;32;0;0;2;4;1;B01
200900009291;0;7;0;0;2;1;1;A01
200900009292;0;32;0;0;2;8;0;B01
200900009292;0;7;0;0;2;2;0;A01
200900009293;0;7;0;0;2;3;10;A01
200900009293;0;2;0;0;2;1;1;B01
200900009294;0;33;0;0;1;1;1;A01
200900009295;0;10;0;0;2;3;15;B01
200900009295;0;33;0;0;2;7;1;A01
200900009296;0;32;0;0;2;1;2;A01
200900009296;0;7;0;0;0;4;2;B01
200900009297;0;32;0;0;1;3;0;A01
200900009298;0;7;0;0;0;6;4;A01
200900009299;0;7;0;0;2;3;1;B01
200900009299;0;7;0;0;2;2;1;A01
200900009300;0;33;0;0;0;0;21;A01
200900009301;0;7;0;0;0;5;16;A01
200900009302;0;33;0;0;1;8;0;A01
200900009303;0;10;0;0;2;1;2;A01
200900009303;0;7;0;0;0;4;2;B01
200900009304;0;7;0;0;1;1;1;A01
200900009305;0;7;0;0;0;6;20;A01
200900009305;0;33;0;0;0;2;1;B01
200900009306;0;10;0;0;1;2;1;A01
200900009307;0;33;0;0;2;1;2;A01
200900009307;0;7;0;0;0;6;11;B01
200900009308;0;2;0;0;2;8;0;A01
200900009308;1;7;0;0;2;5;12;Z01
200900009309;0;7;0;0;1;1;2;A01
200900009310;0;1;0;0;1;1;1;A01
200900009311;0;7;0;0;2;2;1;A01
200900009311;0;7;0;0;2;3;16;B01
200900009312;0;32;0;0;0;3;3;A01
200900009312;0;7;0;0;0;2;12;B01
200900009313;0;7;0;0;2;5;1;B01
200900009313;0;7;0;0;2;1;1;A01
200900009314;0;34;0;0;1;1;1;A01
200900009315;0;32;0;0;0;3;2;A01
200900009315;0;7;0;0;0;8;2;B01
200900009316;0;1;0;0;0;7;1;A01
200900009316;0;7;0;0;0;1;1;B01
200900009317;0;34;0;0;0;1;3;A01
200900009318;0;33;0;0;2;1;2;A01
200900009318;0;7;0;0;2;2;2;B01
200900009319;0;31;0;0;2;8;2;B01
200900009319;0;7;0;0;2;6;2;A01
200900009320;0;7;0;0;2;6;13;A01
200900009320;0;34;0;0;2;7;17;B01
200900009321;0;1;0;0;2;7;1;B01
200900009321;0;10;0;0;2;2;16;A01
200900009322;0;7;0;0;2;3;10;B01
200900009322;0;33;0;0;2;1;2;A01
200900009323;0;33;0;0;0;1;0;A01
200900009323;0;7;0;0;0;3;0;B01
200900009324;0;30;0;0;0;6;2;A01
200900009324;1;7;0;0;2;2;2;Z01
200900009325;0;7;0;0;0;1;0;A01
200900009325;0;33;0;0;2;2;0;B01
200900009326;0;33;0;0;2;1;1;A01
200900009326;0;7;0;0;2;8;9;B01
200900009327;0;7;0;0;1;1;15;A01
200900009328;0;33;0;0;0;0;0;A01
200900009329;0;2;0;0;0;7;2;A01
200900009329;1;7;0;0;0;0;2;Z01
200900009330;0;20;0;0;2;1;0;A01
200900009330;0;32;0;1;2;1;1;B01
200900009331;0;2;0;0;2;1;2;A01
200900009331;0;1;0;0;0;8;2;B01
200900009331;0;7;0;0;2;3;1;C01
200900009332;0;7;0;0;2;7;15;C01
200900009332;0;33;0;0;2;0;1;A01
200900009332;0;7;0;0;2;7;1;B01
200900009333;1;7;0;0;2;0;0;Z01
200900009333;0;7;0;0;2;1;2;A01
200900009333;0;10;0;0;0;4;2;B01
200900009334;0;32;0;0;2;1;2;D01
200900009334;0;7;0;0;4;3;9;B01
200900009334;0;14;0;0;2;2;2;A01
200900009334;0;33;0;0;2;1;2;E01
200900009334;0;7;0;0;2;1;2;C01
200900009335;0;7;0;0;1;2;2;A01
200900009336;0;1;0;0;2;1;1;B01
200900009336;0;34;0;0;2;1;1;A01
200900009337;0;33;0;0;0;3;2;B01
200900009337;0;7;0;0;0;2;12;A01
200900009338;0;1;0;0;2;7;1;A01
200900009338;0;32;0;0;2;1;1;B01
200900009339;0;7;0;0;0;2;7;B01
200900009339;0;30;0;0;2;2;11;A01
200900009340;0;7;0;0;1;6;2;A01
200900009341;0;1;0;1;0;1;14;A01
200900009342;0;1;0;0;2;3;1;B01
200900009342;0;32;0;0;2;2;0;A01
200900009343;0;32;0;15;0;7;9;A01
200900009344;0;7;0;0;2;2;2;B01
200900009344;0;1;0;0;2;1;9;A01
200900009345;0;7;0;0;1;0;1;A01
200900009346;0;31;0;0;0;5;0;A01
200900009346;1;7;0;;;;;Z01
200900009347;0;2;0;0;2;7;20;A01
200900009347;0;7;0;0;0;3;14;B01
200900009348;0;33;0;1;0;3;18;A01
200900009348;0;7;0;0;0;5;23;B01
200900009349;0;33;0;0;1;2;5;A01
200900009350;0;7;0;0;2;7;0;A01
200900009350;0;30;0;0;2;8;0;B01
200900009351;0;7;0;0;0;4;23;B01
200900009351;0;30;0;0;0;6;2;A01
200900009352;0;33;0;0;1;5;0;A01
200900009353;0;7;0;0;1;2;1;A01
200900009354;0;7;0;0;2;3;2;B01
200900009354;0;7;0;0;2;2;14;A01
200900009355;0;7;0;1;0;1;1;A01
200900009356;0;2;0;0;1;5;1;A01
200900009357;0;10;0;0;1;6;4;A01
200900009358;0;7;0;0;2;2;16;A01
200900009358;0;33;0;0;2;3;1;B01
200900009359;0;32;0;0;2;3;1;B01
200900009359;0;10;0;0;2;2;15;A01
200900009360;0;7;0;0;2;2;12;A01
200900009360;0;33;0;0;2;8;2;B01
200900009361;0;1;0;0;0;0;0;A01
200900009362;0;30;0;0;1;0;0;A01
200900009363;0;7;0;0;2;1;2;A01
200900009363;0;2;0;0;0;4;0;B01
200900009364;1;7;0;0;0;4;2;B01
200900009364;0;7;0;0;2;1;2;A01
200900009365;0;7;0;0;2;4;2;D01
200900009365;0;7;0;0;2;1;2;A01
200900009365;0;7;0;0;2;4;2;B01
200900009365;0;7;0;0;2;4;2;C01
200900009366;0;7;0;0;2;2;10;A01
200900009366;0;2;0;0;2;8;0;B01
200900009367;0;7;0;1;0;2;2;A01
200900009368;0;7;0;0;1;2;1;A01
200900009369;0;33;0;0;2;1;3;A01
200900009369;0;7;0;0;0;5;11;B01
200900009370;0;31;0;0;2;8;21;A01
200900009371;0;30;0;0;1;1;2;A01
200900009372;0;30;0;0;0;0;0;B01
200900009372;1;10;0;0;0;0;0;A01
200900009373;0;31;0;0;2;1;1;A01
200900009373;0;7;0;0;9;4;1;C01
200900009373;0;7;0;0;2;4;1;B01
200900009374;0;7;0;0;2;2;9;A01
200900009374;0;7;0;0;2;8;2;B01
200900009375;0;32;0;0;2;8;11;A01
200900009375;0;32;0;0;2;7;2;B01
200900009376;0;31;0;0;2;7;2;A01
200900009376;0;7;0;0;9;8;2;B01
200900009377;0;32;0;0;0;7;2;A01
200900009377;0;7;0;0;0;3;0;B01
200900009378;0;32;0;0;2;8;2;B01
200900009378;1;7;0;0;2;2;12;A01
200900009379;0;7;0;0;2;1;1;B01
200900009379;0;2;0;0;0;1;0;A01
200900009380;0;33;0;0;0;8;2;A01
200900009381;0;1;0;0;0;3;11;B01
200900009381;1;2;0;0;9;1;1;Z01
200900009382;0;7;0;0;2;3;16;A01
200900009382;1;10;0;0;2;7;15;Z01
200900009383;0;30;0;0;2;1;1;B01
200900009383;0;7;0;0;2;4;4;A01
200900009384;0;1;0;14;0;0;2;A01
200900009385;0;34;0;0;2;3;16;B01
200900009385;0;7;0;0;2;2;16;A01
200900009386;0;7;0;0;2;2;15;B01
200900009386;0;33;0;0;2;1;1;A01
200900009387;0;7;0;0;2;8;22;A01
200900009387;0;30;0;1;0;1;2;B01
200900009388;0;7;0;0;0;2;2;A01
200900009388;0;32;0;0;0;3;2;B01
200900009389;0;7;0;0;1;1;1;A01
200900009390;0;7;0;0;1;8;0;A01
200900009391;0;10;0;0;2;4;2;B01
200900009391;0;7;0;0;0;4;2;C01
200900009391;0;7;0;0;2;1;2;A01
200900009392;0;30;0;0;0;3;2;B01
200900009392;0;7;0;0;2;2;15;A01
200900009393;0;33;0;0;2;8;2;A01
200900009393;0;7;0;0;2;7;9;B01
200900009394;0;33;0;0;2;2;21;B01
200900009394;0;10;0;0;2;5;15;A01
200900009395;0;7;0;0;1;3;1;A01
200900009396;0;7;0;0;0;5;1;B01
200900009396;0;30;0;0;0;1;0;A01
200900009397;0;7;0;0;2;8;10;A01
200900009397;0;33;0;0;2;1;1;B01
200900009398;0;7;0;0;0;4;2;B01
200900009398;0;7;0;0;0;1;2;A01
200900009398;0;7;0;0;0;4;2;C01
200900009398;0;7;0;0;0;4;2;D01
200900009399;0;7;0;0;1;2;15;A01
200900009400;0;2;0;1;0;1;18;B01
200900009400;0;7;0;0;0;7;23;A01
200900009401;0;10;0;0;2;7;2;A01
200900009401;0;2;0;0;2;2;2;C01
200900009401;0;7;0;0;2;2;1;B01
200900009402;0;7;0;0;0;7;15;A01
200900009402;0;32;0;0;0;1;1;B01
200900009403;0;37;1;0;1;7;7;A01
200900009404;0;30;0;12;0;1;6;A01
200900009405;0;7;0;6;2;4;0;A01
200900009405;0;7;0;8;0;4;0;B01
200900009406;0;7;0;0;0;6;2;B01
200900009406;0;32;0;0;2;1;2;A01
200900009407;0;7;0;0;2;1;1;A01
200900009407;0;7;0;0;2;1;2;B01
200900009407;0;7;0;0;0;4;1;C01
200900009408;0;32;0;0;2;1;1;B01
200900009408;0;7;0;0;2;8;10;A01
200900009409;0;2;0;8;0;1;0;A01
200900009410;0;30;0;12;0;0;16;A01
200900009411;0;1;0;0;2;1;1;B01
200900009411;0;7;0;0;2;2;15;A01
200900009412;0;7;0;15;0;6;4;A01
200900009413;0;32;0;0;2;3;9;B01
200900009413;0;7;0;0;2;2;1;A01
200900009414;0;7;0;0;2;6;11;A01
200900009414;0;37;0;0;2;2;1;B01
200900009415;0;30;0;0;1;1;1;A01
200900009416;0;1;0;0;1;0;0;A01
200900009417;0;7;0;0;0;3;15;A01
200900009418;0;7;0;0;1;1;0;A01
200900009419;0;7;0;0;1;7;7;A01
200900009420;0;7;0;0;2;3;15;B01
200900009420;0;33;0;1;2;2;17;A01
200900009421;0;33;0;0;2;3;13;A01
200900009421;0;1;0;0;2;2;1;B01
200900009422;0;7;0;0;2;2;1;A01
200900009422;0;33;0;0;2;1;1;B01
200900009423;0;2;0;0;0;0;1;A01
200900009424;0;10;0;8;0;1;15;A01
200900009425;0;1;0;1;0;1;0;B01
200900009425;0;7;0;0;2;5;0;A01
200900009426;0;7;0;0;0;0;0;A01
200900009427;0;7;0;4;2;2;0;A01
200900009427;0;7;0;0;2;6;1;B01
200900009428;0;7;0;0;0;0;16;B01
200900009428;0;10;0;0;0;1;1;A01
200900009429;0;33;0;0;2;1;3;B01
200900009429;0;10;0;0;2;2;2;A01
200900009429;1;7;0;0;2;0;11;Z01
200900009429;0;7;0;0;2;7;1;C01
200900009430;0;7;0;0;1;2;1;A01
200900009431;0;7;0;0;2;3;11;A01
200900009431;0;30;0;0;2;1;17;B01
200900009432;0;32;0;0;0;0;1;A01
200900009433;0;30;0;0;2;7;12;A01
200900009433;0;10;0;0;0;7;12;B01
200900009434;0;32;0;0;2;1;2;A01
200900009434;0;32;0;0;0;4;1;B01
200900009435;0;7;0;0;1;1;1;A01
200900009436;0;7;0;0;1;6;20;A01
200900009437;0;7;0;0;2;3;15;B01
200900009437;0;30;0;0;2;2;17;A01
200900009438;0;32;0;0;2;6;1;B01
200900009438;0;7;0;0;2;2;19;A01
200900009439;0;7;0;0;2;2;0;A01
200900009439;0;34;0;0;2;1;0;B01
200900009440;0;13;0;0;2;3;9;A01
200900009440;0;33;0;0;2;1;1;B01
200900009441;0;7;0;0;1;5;4;A01
200900009442;0;32;0;0;1;1;2;A01
200900009443;0;7;0;0;2;3;15;B01
200900009443;0;34;0;0;2;8;17;A01
200900009444;0;7;0;0;0;3;0;A01
200900009445;0;7;0;0;2;1;15;A01
200900009445;0;31;0;0;2;3;1;B01
200900009446;0;10;0;0;0;3;15;B01
200900009446;0;32;0;0;0;1;17;A01
200900009447;0;30;0;0;4;1;0;A01
200900009447;0;30;0;0;2;4;0;B01
200900009448;0;7;0;0;2;3;9;B01
200900009448;0;30;0;0;0;1;2;A01
200900009449;0;7;0;1;0;7;1;A01
200900009450;0;7;0;0;2;1;11;A01
200900009450;0;34;0;2;0;3;2;B01
200900009451;0;7;0;0;9;3;1;B01
200900009451;0;30;0;0;2;3;1;A01
200900009452;0;37;0;0;1;2;1;A01
200900009453;0;7;0;0;0;5;1;B01
200900009453;0;33;0;0;2;3;21;A01
200900009454;0;1;0;0;2;8;2;A01
200900009454;1;30;0;0;2;7;17;Z01
200900009455;0;7;0;0;2;3;1;A01
200900009455;0;1;0;0;2;2;19;B01
200900009456;0;30;0;0;2;2;17;A01
200900009456;0;7;0;0;2;3;15;B01
200900009457;0;30;0;0;1;1;2;A01
200900009458;0;10;0;0;2;1;2;A01
200900009458;0;7;0;0;2;4;2;B01
200900009458;0;33;0;0;1;1;0;C01
200900009459;0;33;0;0;2;8;1;B01
200900009459;0;7;0;0;2;2;16;A01
200900009460;0;2;0;0;2;7;1;B01
200900009460;0;7;0;0;2;3;13;A01
200900009461;0;7;0;0;2;3;15;B01
200900009461;0;34;0;0;2;1;21;A01
200900009462;0;33;0;0;0;8;1;B01
200900009462;0;10;0;0;0;3;10;A01
200900009463;0;7;0;0;1;1;1;A01
200900009464;0;2;0;0;0;7;1;A01
200900009465;0;33;0;0;2;1;0;A01
200900009465;0;7;0;0;2;5;2;B01
200900009466;0;30;0;0;1;1;1;A01
200900009466;0;7;0;0;2;3;1;B01
200900009467;0;7;0;0;2;2;14;B01
200900009467;0;30;0;9;2;3;18;A01
200900009468;0;32;0;0;9;7;1;A01
200900009469;0;33;0;0;2;8;1;B01
200900009469;0;7;0;0;2;1;15;A01
200900009470;0;7;0;0;1;2;1;A01
200900009471;0;32;0;0;0;1;2;B01
200900009471;1;7;0;0;0;8;10;Z01
200900009472;0;33;0;0;2;7;21;A01
200900009472;0;7;0;0;2;6;15;B01
200900009473;0;33;0;0;0;7;2;A01
200900009474;0;7;0;0;1;3;1;A01
200900009475;0;7;0;0;2;8;0;A01
200900009475;0;33;0;0;2;7;1;B01
200900009476;0;10;0;0;1;3;15;A01
200900009477;0;7;0;0;1;4;4;A01
200900009478;0;10;0;0;1;1;0;A01
200900009479;0;32;0;0;0;8;1;B01
200900009479;0;30;0;1;0;1;1;A01
200900009480;0;30;0;0;1;1;1;A01
200900009481;0;7;0;1;0;2;1;A01
200900009482;0;7;0;0;2;6;15;B01
200900009482;0;33;0;0;2;1;1;A01
200900009483;0;33;0;0;2;1;1;B01
200900009483;0;10;0;0;2;3;19;A01
200900009484;0;7;0;0;0;5;2;B01
200900009484;0;2;0;0;2;4;2;A01
200900009485;1;33;0;0;0;0;0;Z01
200900009486;0;7;0;0;2;2;17;A01
200900009486;0;30;0;0;2;8;1;B01
200900009487;0;7;0;0;2;6;2;B01