num_acc;senc;catv;occutc;obs;obsm;choc;manv;num_veh
200900009487;0;33;0;0;2;1;2;A01
200900009488;0;33;0;0;2;4;23;B01
200900009488;0;7;0;0;2;1;2;A01
200900009489;0;30;0;14;2;1;1;A01
200900009490;0;10;0;0;2;0;0;A01
200900009490;0;2;0;0;0;8;1;B01
200900009491;0;32;0;0;2;1;2;A01
200900009491;0;32;0;0;0;5;2;B01
200900009492;0;7;0;0;0;4;23;B01
200900009492;0;33;0;14;0;1;2;A01
200900009493;0;32;0;0;0;0;0;A01
200900009494;0;33;0;0;2;1;2;A01
200900009494;0;7;0;0;2;6;2;B01
200900009495;0;7;0;0;0;6;0;B01
200900009495;0;32;0;0;2;1;1;A01
200900009496;0;7;0;0;2;4;2;B01
200900009496;0;10;0;0;2;1;2;A01
200900009496;0;7;0;0;2;4;2;C01
200900009497;0;7;0;0;2;8;11;B01
200900009497;0;7;0;0;2;4;1;C01
200900009497;0;33;0;0;2;7;3;A01
200900009498;0;7;0;0;0;4;2;B01
200900009498;0;14;0;0;2;2;2;A01
200900009499;0;7;0;0;0;2;1;A01
200900009500;0;31;0;0;2;7;1;B01
200900009500;0;7;0;0;2;3;15;A01
200900009501;0;1;0;0;1;1;1;A01
200900009502;0;2;0;0;2;8;1;A01
200900009502;0;7;0;0;2;1;1;B01
200900009503;0;7;0;1;2;8;2;B01
200900009503;0;7;0;11;2;1;6;A01
200900009504;0;7;0;11;0;1;13;A01
200900009505;0;2;0;14;0;1;2;A01
200900009505;0;7;0;0;0;4;23;B01
200900009506;0;2;0;0;0;4;23;B01
200900009506;0;2;0;14;0;1;2;A01
200900009507;0;7;0;0;2;3;9;A01
200900009507;0;2;0;0;2;7;1;B01
200900009508;0;7;0;0;2;1;13;A01
200900009508;0;7;0;0;2;1;1;B02
200900009509;0;7;0;0;2;0;19;A01
200900009509;0;7;0;0;2;2;1;B02
200900009510;0;33;0;0;2;1;1;B02
200900009510;0;7;0;0;2;7;15;A01
200900009511;0;3;0;0;1;1;1;A01
200900009512;0;2;0;0;1;7;1;A01
200900009513;0;10;0;0;2;1;1;A01
200900009513;0;7;0;0;2;4;23;B01
200900009514;0;7;0;6;0;7;13;A01
200900009515;0;10;0;0;2;3;23;B01
200900009515;0;7;0;0;2;1;13;A01
200900009516;0;7;0;13;0;9;1;A01
200900009517;0;2;0;0;2;3;15;B01
200900009517;0;2;0;0;2;6;18;A01
200900009518;0;10;0;13;0;9;2;A01
200900009519;0;7;0;0;2;3;9;A01
200900009519;0;33;0;0;2;1;1;B01
200900009520;0;7;0;0;1;3;15;A01
200900009521;0;33;0;9;1;1;1;A01
200900009522;0;7;0;0;2;8;15;A01
200900009522;0;30;0;0;2;1;17;B01
200900009523;0;7;0;0;1;1;1;A01
200900009524;0;7;0;0;2;7;1;B01
200900009524;0;7;0;0;2;1;1;A01
200900009525;0;7;0;0;1;3;15;A01
200900009526;0;20;0;6;0;2;1;A01
200900009527;0;7;0;6;1;1;14;A01
200900009528;0;7;0;0;2;1;15;C01
200900009528;0;7;0;0;2;8;15;A01
200900009528;0;10;0;0;2;2;1;B01
200900009529;0;33;0;0;2;1;17;A01
200900009529;0;7;0;0;0;6;15;B02
200900009530;0;1;0;0;0;1;1;A01
200900009531;0;7;0;8;0;7;1;A01
200900009532;0;7;0;0;2;2;1;A01
200900009532;0;7;0;0;2;7;19;B02
200900009533;0;7;0;0;0;6;1;A01
200900009533;0;7;0;0;0;2;19;B02
200900009534;0;30;0;0;2;5;13;A01
200900009534;0;30;0;0;2;1;14;B02
200900009535;0;33;0;13;0;1;15;A01
200900009536;0;7;0;10;0;2;1;A01
200900009537;0;7;0;6;0;3;1;A01
200900009538;0;7;0;0;2;8;22;A01
200900009538;0;1;0;0;2;1;21;B01
200900009539;0;7;0;0;1;4;4;A01
200900009540;0;7;0;0;1;1;15;A01
200900009541;0;36;0;1;0;9;14;A01
200900009542;0;7;0;0;2;1;2;A01
200900009542;0;7;0;0;2;9;2;B01
200900009542;0;7;0;0;2;4;2;C01
200900009543;0;7;0;0;2;3;13;A01
200900009543;0;17;0;0;2;3;21;B02
200900009544;0;7;0;0;0;2;19;A01
200900009544;0;7;0;0;0;3;1;B02
200900009545;0;7;0;13;0;1;14;A01
200900009546;0;7;0;2;0;3;15;A01
200900009547;0;7;0;13;0;7;14;A01
200900009548;0;7;0;8;0;1;13;A01
200900009549;0;7;0;0;0;8;1;B02
200900009549;0;30;0;0;2;3;13;A01
200900009550;0;7;0;0;2;5;17;B02
200900009550;0;7;0;0;2;6;13;A01
200900009551;0;7;0;13;0;1;1;A01
200900009552;0;7;0;13;0;2;14;A01
200900009553;0;7;0;0;2;2;1;A01
200900009553;0;33;0;0;2;8;1;B01
200900009554;0;7;0;0;2;1;19;A01
200900009554;0;30;0;0;2;1;1;B01
200900009555;0;10;0;0;2;3;1;B02
200900009555;0;7;0;0;2;3;1;C02
200900009556;0;14;0;0;2;3;1;B02
200900009556;0;7;0;0;2;1;13;A01
200900009557;0;15;0;0;2;8;23;B02
200900009557;0;7;0;1;0;8;14;A01
200900009558;0;33;0;13;0;1;1;A01
200900009559;0;7;0;0;2;2;15;A01
200900009559;0;32;0;0;2;1;1;B02
200900009560;0;7;0;13;0;9;1;A01
200900009561;0;7;0;0;1;1;1;A01
200900009562;0;7;0;4;0;3;1;A01
200900009563;0;2;0;0;2;1;13;A01
200900009563;0;7;0;0;2;2;1;B02
200900009564;0;33;0;15;0;2;1;A01
200900009565;0;7;0;13;0;5;13;A01
200900009566;0;7;0;0;1;1;1;A01
200900009567;0;7;0;0;2;1;2;A01
200900009567;0;7;0;0;2;4;1;B01
200900009568;0;7;0;0;2;1;17;A01
200900009568;0;7;0;0;2;4;1;B01
200900009569;0;30;0;12;0;0;1;A01
200900009570;0;2;0;0;2;1;1;A01
200900009570;0;7;0;0;0;8;15;B01
200900009571;0;7;0;0;1;1;1;A01
200900009572;0;7;0;0;0;1;2;A01
200900009572;0;7;0;0;0;4;2;B01
200900009572;0;7;0;0;0;4;0;C01
200900009573;0;7;0;4;0;1;1;A01
200900009574;0;7;0;0;2;6;15;A01
200900009574;0;33;0;0;2;7;1;B01
200900009575;0;2;0;1;0;1;14;A01
200900009576;0;7;0;0;2;2;15;A01
200900009576;0;2;0;0;2;1;17;B01
200900009577;0;2;0;0;0;7;9;A01
200900009577;0;7;0;0;2;3;1;B01
200900009578;0;7;0;13;0;1;1;A01
200900009579;0;7;0;0;0;0;18;A01
200900009580;0;14;0;0;2;1;1;B01
200900009580;0;33;0;0;2;1;13;A01
200900009581;0;7;0;0;1;1;1;A01
200900009582;0;2;0;0;2;1;13;A01
200900009582;0;37;11;0;2;1;1;B01
200900009583;0;2;0;0;2;7;2;A01
200900009583;0;7;0;0;0;6;23;B01
200900009584;0;13;0;0;2;3;21;B01
200900009584;0;7;0;3;2;1;17;A01
200900009585;0;7;0;0;1;4;4;A01
200900009586;0;7;0;0;2;3;15;A01
200900009586;0;2;0;0;2;1;17;B01
200900009587;0;7;0;0;0;6;1;B01
200900009587;0;7;0;0;0;4;1;C01
200900009587;0;7;0;0;2;1;1;D01
200900009587;0;2;0;0;2;1;17;A01
200900009588;0;17;0;0;2;2;21;A01
200900009588;0;7;0;0;2;1;1;B01
200900009589;0;30;0;16;0;0;1;A01
200900009590;0;7;0;0;0;9;1;A01
200900009591;0;7;0;0;2;1;2;A01
200900009591;0;7;0;0;2;4;0;B02
200900009592;0;7;0;6;0;1;1;A01
200900009593;0;7;0;0;0;1;1;A01
200900009594;0;31;0;0;2;1;1;A01
200900009594;0;7;0;0;0;3;19;B02
200900009595;0;1;0;0;0;1;1;A01
200900009596;0;15;0;0;2;1;1;A01
200900009596;0;10;0;0;2;4;23;B02
200900009597;0;7;0;13;2;7;19;A01
200900009597;0;7;0;0;2;1;1;B02
200900009598;0;7;0;16;0;3;1;A01
200900009599;0;7;0;3;0;3;1;A01
200900009600;0;33;0;8;0;1;1;A01
200900009601;0;33;0;0;2;1;17;A01
200900009601;0;7;0;0;2;2;1;B02
200900009601;0;33;0;14;0;1;1;C03
200900009602;0;7;0;0;1;1;1;A01
200900009603;0;13;0;0;2;3;1;B01
200900009603;0;7;0;0;2;3;13;A01
200900009604;0;7;0;0;2;1;17;A01
200900009604;0;7;0;0;2;1;1;B01
200900009605;0;7;0;0;1;2;1;A01
200900009606;0;2;0;0;2;1;1;A01
200900009606;0;7;0;0;2;3;15;B01
200900009607;0;33;0;3;0;1;14;A01
200900009608;0;7;0;0;0;1;1;A01
200900009609;0;7;0;2;0;9;1;A01
200900009610;0;7;0;0;2;3;13;A01
200900009610;0;7;0;0;2;3;1;B02
200900009611;0;7;0;0;2;3;1;B02
200900009611;0;7;0;0;2;3;5;A01
200900009612;0;7;0;0;1;3;0;A01
200900009613;0;33;0;0;2;1;1;B02
200900009613;0;7;0;0;2;4;4;A01
200900009614;0;7;0;13;0;2;1;A01
200900009615;0;7;0;0;2;1;13;A01
200900009615;0;7;0;0;2;1;1;B02
200900009616;0;14;0;0;0;4;23;A01
200900009616;0;7;0;1;2;3;1;B02
200900009617;0;30;0;0;0;8;1;A01
200900009618;0;14;0;0;0;4;2;B02
200900009618;0;7;0;0;2;1;2;A01
200900009619;0;2;0;0;2;1;0;B02
200900009619;0;7;0;0;2;1;0;A01
200900009620;0;14;0;0;0;2;0;A01
200900009621;0;14;0;0;2;3;23;B02
200900009621;0;7;0;0;2;3;1;A01
200900009622;0;7;0;0;0;3;15;A01
200900009622;0;7;0;0;2;2;1;B02
200900009623;0;30;0;12;0;1;5;A01
200900009624;0;7;0;13;0;3;1;A01
200900009625;0;7;0;8;0;7;14;A01
200900009626;0;7;0;0;0;8;1;A01
200900009627;0;7;0;0;1;2;1;A01
200900009628;0;7;0;7;0;3;14;A01
200900009629;0;7;0;16;0;3;1;A01
200900009630;0;33;0;6;0;1;1;A01
200900009631;1;7;0;0;0;0;0;A01
200900009632;0;7;0;0;2;3;9;A01
200900009632;0;7;0;0;2;2;1;B01
200900009633;0;7;0;0;2;8;19;A01
200900009633;0;1;0;0;2;2;1;B01
200900009634;0;7;0;0;2;1;2;A01
200900009634;0;30;0;0;2;4;2;B01
200900009635;0;7;0;0;2;2;1;B01
200900009635;0;33;0;0;2;1;15;A01
200900009636;0;33;0;0;0;0;13;A01
200900009637;0;7;0;0;2;4;2;D01
200900009637;1;7;0;0;0;1;2;A01
200900009637;0;7;0;0;2;4;2;B01
200900009637;0;7;0;0;2;4;2;C01
200900009638;0;7;0;0;2;1;1;A01
200900009638;0;30;0;0;0;4;15;B01
200900009639;0;2;0;0;2;1;18;B01
200900009639;0;7;0;0;0;7;16;A01
200900009640;0;7;0;2;0;9;17;A01
200900009641;0;7;0;0;2;1;1;B01
200900009641;0;7;0;6;2;4;1;A01
200900009642;0;7;0;0;2;3;15;B01
200900009642;0;30;0;0;2;3;1;A01
200900009643;0;7;0;0;2;7;15;A01
200900009643;0;33;0;0;2;2;1;B01
200900009644;0;37;15;0;1;7;1;A01
200900009645;0;33;0;0;2;1;1;B01
200900009645;0;7;0;0;2;5;15;A01
200900009646;0;7;0;6;2;3;1;B01
200900009646;0;7;0;0;2;2;15;A01
200900009647;0;7;0;0;2;2;15;A01
200900009647;0;7;0;0;2;2;1;B01
200900009648;0;7;0;0;2;1;13;A01
200900009648;0;7;0;0;2;1;1;B01
200900009649;0;7;0;0;2;1;2;A01
200900009649;0;2;0;0;0;4;2;B01
200900009650;0;2;0;0;2;1;1;B01
200900009650;0;7;0;0;2;2;15;A01
200900009651;0;7;0;0;2;1;2;A01
200900009651;0;7;0;0;0;4;23;B01
200900009652;0;7;0;13;0;1;17;A01
200900009653;0;7;0;0;0;1;1;A01
200900009654;0;7;0;0;2;3;1;A01
200900009654;0;30;0;0;2;1;1;B02
200900009655;0;7;0;0;6;9;14;A01
200900009656;0;33;0;13;0;1;1;A01
200900009657;0;7;0;0;0;6;4;A01
200900009657;0;2;0;0;0;1;1;B02
200900009658;0;7;0;0;2;3;15;A01
200900009658;0;30;0;0;2;1;21;B02
200900009659;0;33;0;0;2;1;13;A01
200900009659;0;7;0;0;2;3;1;B02
200900009660;0;7;0;2;0;3;0;A01
200900009661;0;10;0;0;2;2;15;A01
200900009661;0;31;0;0;2;1;1;B02
200900009662;0;17;0;1;0;2;14;A01
200900009662;0;17;0;0;0;6;24;D04
200900009663;0;7;0;0;2;1;1;B02
200900009663;0;7;0;0;2;1;13;A01
200900009664;0;21;0;0;0;6;15;B02
200900009664;0;33;0;0;2;1;17;A01
200900009665;0;1;0;0;2;6;15;A01
200900009665;0;7;0;0;2;3;17;B02
200900009666;0;7;0;0;2;1;1;A01
200900009666;0;7;0;0;0;4;1;B02
200900009667;0;7;0;0;2;1;1;B02
200900009667;0;7;0;0;2;1;13;A01
200900009668;0;7;0;2;0;8;1;A01
200900009669;0;7;0;2;0;1;1;A01
200900009670;0;7;0;3;0;1;17;A01
200900009671;0;2;0;14;0;3;11;A01
200900009671;0;7;0;14;0;2;1;B01
200900009672;0;7;0;0;1;2;1;A01
200900009673;0;33;0;0;2;1;1;B01
200900009673;0;7;0;0;2;2;15;A01
200900009674;0;7;0;0;2;3;15;A01
200900009674;0;1;0;0;2;1;17;B01
200900009675;0;1;0;1;0;1;0;B01
200900009675;0;7;0;0;2;8;22;A01
200900009676;0;7;0;0;2;1;2;A01
200900009676;0;7;0;0;0;4;1;B01
200900009677;0;17;0;0;1;7;21;A01
200900009678;0;7;0;8;0;3;0;A01
200900009679;0;7;0;0;0;5;1;B01
200900009679;0;7;0;0;2;1;1;A01
200900009679;0;7;0;0;0;4;1;C01
200900009680;0;33;0;0;1;1;1;A01
200900009681;0;33;0;3;2;7;1;B01
200900009681;0;7;0;0;2;1;15;A01
200900009682;0;7;0;0;1;4;4;A01
200900009683;0;7;0;0;0;4;1;B01
200900009683;0;2;0;0;2;1;2;A01
200900009684;0;34;0;11;0;3;1;A01
200900009685;0;1;0;0;2;2;1;B01
200900009685;0;7;0;0;2;3;15;A01
200900009686;0;7;0;0;2;1;1;C01
200900009686;0;7;0;0;2;3;1;B01
200900009686;0;7;0;0;2;2;13;A01
200900009687;0;7;0;0;2;3;1;B02
200900009687;0;7;0;0;2;3;13;A01
200900009688;0;33;0;0;0;0;1;A01
200900009689;0;2;0;0;2;7;1;A01
200900009689;0;7;0;0;2;3;1;B01
200900009690;0;7;0;0;1;0;0;A01
200900009691;0;7;0;2;0;0;13;A01
200900009692;0;7;0;0;2;4;1;B01
200900009692;0;33;0;0;2;1;12;A01
200900009693;0;7;0;16;0;1;1;A01
200900009694;0;30;0;1;0;1;1;A01
200900009695;0;7;0;0;2;7;17;A01
200900009695;0;1;0;0;2;8;1;B01
200900009696;0;3;0;13;0;1;1;A01
200900009697;0;2;0;0;2;1;1;B02
200900009697;0;7;0;0;2;8;19;A01
200900009698;0;33;0;0;2;1;1;B01
200900009698;0;7;0;0;2;3;10;A01
200900009699;0;7;0;0;2;7;15;A01
200900009699;0;2;0;0;2;1;1;B01
200900009700;0;30;0;0;2;4;1;B01
200900009700;0;7;0;0;2;1;1;A01
200900009701;0;2;0;0;2;1;1;A01
200900009701;0;7;0;0;2;3;15;B01
200900009702;0;7;0;0;2;1;13;B01
200900009702;0;7;0;0;2;3;1;A01
200900009703;0;33;0;11;0;1;1;A01
200900009704;0;7;0;0;2;4;23;C01
200900009704;0;7;0;0;2;1;1;A01
200900009704;0;7;0;0;2;1;1;B01
200900009705;0;30;0;0;2;1;17;B01
200900009705;0;7;0;0;2;3;15;A01
200900009706;0;33;0;0;2;5;1;B01
200900009706;0;7;0;0;2;1;9;A01
200900009707;0;36;0;0;2;1;1;B01
200900009707;0;7;0;0;2;7;19;A01
200900009708;0;7;0;0;0;4;1;B01
200900009708;0;7;0;0;2;1;2;A01
200900009709;0;7;0;0;0;4;2;B01
200900009709;0;7;0;0;2;1;1;A01
200900009710;0;2;0;0;2;2;17;A01
200900009710;0;7;0;0;2;3;15;B02
200900009711;0;7;0;0;2;3;9;A01
200900009711;0;2;0;0;2;1;1;B01
200900009712;0;7;0;0;2;1;1;B01
200900009712;0;7;0;0;0;4;15;A01
200900009713;0;2;0;0;2;1;17;A01
200900009713;0;7;0;0;2;3;15;B01
200900009714;0;7;0;6;0;1;14;A01
200900009715;0;32;0;0;2;1;2;A01
200900009715;1;7;0;0;2;4;2;B01
200900009716;0;7;0;0;2;8;1;A01
200900009716;0;2;0;0;2;1;1;B02
200900009717;0;7;0;13;0;3;13;A01
200900009718;0;30;0;0;0;7;1;A01
200900009719;0;7;0;0;2;1;13;A01
200900009719;0;7;0;0;2;1;1;C03
200900009719;0;7;0;0;2;3;1;B02
200900009720;0;31;0;0;0;0;1;A01
200900009721;0;7;0;0;2;8;1;B02
200900009721;0;7;0;13;2;7;17;A01
200900009722;0;7;0;10;0;1;1;A01
200900009723;0;30;0;14;0;1;1;A01
200900009724;0;7;0;2;0;7;1;A01
200900009725;0;7;0;0;2;7;1;B02
200900009725;0;31;0;0;2;1;9;A01
200900009726;0;7;0;0;2;1;1;A01
200900009726;0;32;0;0;2;7;1;B02
200900009727;0;7;0;0;2;2;1;A01
200900009727;0;2;0;0;2;4;15;B01
200900009728;0;7;0;0;1;2;1;A01
200900009729;0;33;0;0;2;1;1;B01
200900009729;0;7;0;0;2;6;10;A01
200900009730;0;7;0;16;0;1;1;B02
200900009730;0;7;0;16;0;1;1;A01
200900009731;0;10;0;0;9;1;0;C03
200900009731;0;7;0;0;2;3;21;B02
200900009731;0;7;0;0;2;3;17;A01
200900009732;0;36;0;13;0;2;1;A01
200900009733;0;7;0;0;2;1;1;C03
200900009733;0;17;0;3;2;3;5;A01
200900009733;0;15;0;3;0;0;6;B02
200900009734;0;36;0;13;0;1;1;A01
200900009735;0;33;0;0;2;1;1;B02
200900009735;0;7;0;0;2;8;19;A01
200900009736;0;33;0;0;0;7;1;A01
200900009737;0;10;0;0;2;8;10;A01
200900009737;0;33;0;0;2;1;1;B02
200900009738;0;7;0;0;2;3;1;A01
200900009738;0;10;0;0;2;3;1;B01
200900009739;0;7;0;0;4;3;0;A01
200900009739;0;39;0;0;2;2;2;B02
200900009740;0;32;0;1;0;1;1;A01
200900009741;0;7;0;0;2;1;21;C01
200900009741;0;10;0;0;2;3;21;B01
200900009741;0;7;0;0;2;1;13;A01
200900009742;0;30;0;0;2;1;1;B01
200900009742;0;7;0;0;2;7;19;A01
200900009743;0;7;0;0;2;7;15;A01
200900009743;0;33;0;0;2;1;17;A02
200900009744;0;31;0;0;2;1;1;B01
200900009744;0;7;0;0;2;8;15;A01
200900009745;0;32;0;0;2;1;1;B01
200900009745;0;7;0;0;2;7;19;A01
200900009746;0;30;0;0;2;1;15;A01
200900009746;0;7;0;0;2;2;19;B01
200900009747;0;7;0;0;2;2;15;A01
200900009747;0;33;0;0;2;1;1;B01
200900009748;0;3;0;0;2;4;1;B01
200900009748;0;7;0;0;2;4;2;C01
200900009748;0;3;0;0;2;1;2;A01
200900009749;0;1;0;0;2;1;1;B01
200900009749;0;7;0;0;2;8;19;A01
200900009750;0;99;0;0;2;4;2;B01
200900009750;0;7;0;0;2;1;2;A01
200900009750;0;7;0;0;0;4;2;C01
200900009751;0;7;0;0;2;1;15;B02
200900009751;0;10;0;0;2;1;1;A01
200900009752;0;38;31;0;2;2;1;A01
200900009752;0;7;0;7;2;3;19;B01
200900009753;0;10;0;13;2;3;1;A01
200900009753;1;99;0;0;2;7;17;B01
200900009754;0;33;0;15;0;1;1;A01
200900009755;0;7;0;0;2;7;1;B02
200900009755;0;7;0;0;2;1;1;A01
200900009756;0;7;0;13;0;9;1;A01
200900009757;0;31;0;0;2;1;17;A01
200900009757;0;7;0;0;2;8;15;B02
200900009758;0;10;0;0;2;3;19;A01
200900009758;0;1;0;0;2;1;1;B02
200900009759;0;33;0;0;2;7;1;A01
200900009759;0;7;0;0;0;3;11;B02
200900009760;0;7;0;13;2;3;17;A01
200900009760;0;7;0;0;2;1;1;B02
200900009761;0;7;0;2;0;3;1;A01
200900009762;0;7;0;13;0;1;14;A01
200900009763;0;7;0;0;2;5;13;A01
200900009763;0;7;0;0;2;1;1;B01
200900009764;0;7;0;0;2;1;1;A01
200900009764;0;7;0;0;0;4;15;B02
200900009765;0;33;0;0;2;2;17;A01
200900009765;0;10;0;0;2;3;15;B02
200900009766;0;7;0;2;0;3;13;A01
200900009767;0;7;0;0;2;5;15;A01
200900009767;0;33;0;0;2;1;1;B02
200900009768;0;30;0;0;2;1;1;A01
200900009768;0;38;0;0;2;3;1;B02
200900009769;0;30;0;6;0;1;1;A01
200900009770;0;7;0;0;2;0;23;C03
200900009770;0;7;0;0;2;2;19;A01
200900009770;0;7;0;0;2;1;1;B02
200900009771;0;10;0;0;2;7;19;B02
200900009771;0;33;0;0;2;1;1;A01
200900009772;0;7;0;0;2;1;1;B02
200900009772;0;7;0;0;2;1;13;A01
200900009773;0;7;0;0;2;4;4;A01
200900009773;0;14;0;0;2;1;1;B02
200900009773;0;7;0;0;0;0;1;C03
200900009774;0;10;0;0;2;8;1;B02
200900009774;0;30;0;0;2;8;1;A01
200900009775;0;10;0;0;2;1;1;B02
200900009775;0;7;0;0;2;3;19;A01
200900009776;0;33;0;0;2;7;1;B02
200900009776;0;7;0;0;2;1;19;A01
200900009777;0;7;0;0;0;0;1;B02
200900009777;0;33;0;0;0;1;21;A01
200900009778;0;2;0;0;0;8;15;A01
200900009779;0;30;0;1;2;1;0;A01
200900009779;0;7;0;0;0;4;0;B02
200900009779;0;10;0;0;0;1;1;C03
200900009780;0;33;0;0;2;1;1;A01
200900009780;0;7;0;0;2;2;15;B02
200900009781;0;30;0;0;0;0;0;A01
200900009782;0;7;0;2;0;1;14;A01
200900009783;0;7;0;1;2;1;0;C03
200900009783;0;7;0;0;2;8;1;B02
200900009783;0;7;0;1;0;2;0;D04
200900009783;0;7;0;0;2;1;15;A01
200900009784;0;7;0;14;0;1;1;A01
200900009784;0;33;0;0;0;4;23;C03
200900009784;0;31;0;0;0;4;23;B02
200900009785;0;7;0;0;2;1;1;A01
200900009785;0;10;0;11;2;7;9;B02
200900009786;0;1;0;0;2;1;1;B01
200900009786;0;7;0;0;2;7;1;A01
200900009787;0;7;0;0;2;3;15;A01
200900009787;0;30;0;0;2;1;1;B01
200900009788;0;7;0;0;2;2;1;B01
200900009788;0;2;0;0;2;1;1;A01
200900009789;0;14;0;0;2;1;1;A01
200900009789;0;7;0;0;2;7;19;B02
200900009790;0;33;0;0;2;1;1;B01
200900009790;0;7;0;0;2;8;15;A01
200900009791;0;7;0;3;2;2;12;A01
200900009791;0;15;0;0;0;6;1;B02
200900009792;0;30;0;6;0;2;1;A01
200900009793;0;7;0;8;0;1;13;A01
200900009794;0;7;0;13;0;1;1;A01
200900009795;0;10;0;4;0;1;1;A01
200900009796;0;30;0;0;0;7;1;A01
200900009797;0;7;0;6;0;2;15;A01
200900009798;0;33;0;0;2;1;1;A01
200900009798;0;7;0;0;2;6;19;B02
200900009799;0;33;0;0;2;1;1;A01
200900009799;0;7;0;0;2;3;0;B02
200900009800;0;7;0;0;2;1;1;A01
200900009800;0;33;0;0;2;7;1;B02
200900009801;0;7;0;0;2;3;13;A01
200900009801;0;7;0;0;2;3;1;B02
200900009802;0;17;0;0;2;7;19;A01
200900009802;0;7;0;0;2;1;1;B02
200900009803;0;7;0;0;1;3;1;A01
200900009804;0;33;0;0;2;8;1;A01
200900009804;1;7;0;0;2;8;5;B02
200900009805;0;2;0;0;2;1;19;A01
200900009805;0;7;0;0;2;2;1;B02
200900009806;0;7;0;0;2;2;1;B01
200900009806;0;7;0;0;2;1;1;A01
200900009807;0;7;0;0;1;2;1;A01
200900009808;0;7;0;1;0;1;13;A01
200900009809;0;7;0;0;2;1;2;A01
200900009809;0;7;0;0;2;4;2;B01
200900009810;0;36;0;3;0;2;10;A01
200900009811;0;7;0;9;0;1;13;A01
200900009812;0;10;0;0;2;3;15;A01
200900009812;0;1;0;0;2;1;1;B01
200900009813;0;7;0;6;2;7;1;B01
200900009813;0;7;0;0;2;1;1;A01
200900009814;0;7;0;0;2;3;1;B01
200900009814;0;7;0;0;2;3;1;A01
200900009815;0;7;0;0;2;3;9;A01
200900009815;0;10;0;0;2;2;6;B01
200900009816;0;7;0;1;0;3;1;A01
200900009817;0;7;0;0;2;1;1;A01
200900009817;0;2;0;0;2;1;1;B01
200900009818;0;30;0;0;2;8;1;B01
200900009818;0;30;0;0;2;1;17;A01
200900009819;0;7;0;3;0;1;1;A01
200900009820;0;7;0;13;0;9;14;A01
200900009821;0;7;0;0;2;4;2;B01
200900009821;0;7;0;0;2;1;2;A01
200900009821;0;7;0;0;2;4;2;C01
200900009822;0;7;0;2;0;8;1;A01
200900009823;0;7;0;0;0;9;1;A01
200900009824;0;7;0;6;0;8;1;A01
200900009825;0;7;0;13;0;9;1;B02
200900009825;0;7;0;13;0;9;17;A01
200900009826;0;33;0;0;0;8;5;A01
200900009827;0;7;0;0;2;2;13;A01
200900009827;0;1;0;0;2;1;1;B02
200900009828;0;10;0;0;2;3;1;B02
200900009828;0;7;0;13;2;3;5;A01
200900009829;0;1;0;0;0;0;1;A01
200900009830;0;7;0;13;0;1;14;A01
200900009831;0;33;0;0;0;0;0;A01
200900009831;0;7;0;0;0;0;21;B02
200900009832;0;10;0;13;0;7;1;A01
200900009833;0;7;0;0;2;3;15;A01
200900009833;0;30;0;0;2;7;17;B02
200900009834;0;7;0;0;0;0;1;A01
200900009835;0;34;0;0;2;0;1;B01
200900009835;0;7;0;0;2;3;15;A01
200900009836;0;7;0;0;2;8;5;C01
200900009836;1;32;0;0;2;0;13;A01
200900009836;0;33;0;0;2;3;5;B01
200900009837;0;7;0;0;2;1;1;B01
200900009837;0;7;0;0;2;4;15;A01
200900009838;0;7;0;0;2;8;15;A01
200900009838;0;33;0;0;2;1;1;B02
200900009839;0;7;0;0;2;2;21;A01
200900009839;0;33;0;0;2;7;1;B02
200900009840;0;33;0;13;0;1;1;A01
200900009841;0;1;0;0;2;1;1;B02
200900009841;0;2;0;0;2;1;1;A01
200900009842;1;7;0;0;2;7;17;A01
200900009842;0;1;0;0;2;8;1;B02
200900009843;0;33;0;13;0;1;1;A01
200900009844;0;31;0;8;2;1;1;A01
200900009845;0;7;0;2;0;3;13;A01
200900009846;0;7;0;13;0;1;1;A01
200900009847;0;2;0;0;2;1;1;B01
200900009847;0;17;0;0;2;5;4;A01
200900009848;1;7;0;0;2;1;1;A01
200900009848;0;30;0;0;2;4;1;B01
200900009849;0;30;0;1;0;6;0;A01
200900009850;0;2;0;0;2;1;1;A01
200900009850;0;7;0;0;0;6;16;B01
200900009851;0;2;0;0;2;1;1;B01
200900009851;0;7;0;0;2;6;7;A01
200900009852;0;10;0;0;1;2;1;A01
200900009853;0;7;0;0;2;1;2;A01
200900009853;0;7;0;0;2;4;2;B01
200900009853;0;7;0;0;0;4;0;C01
200900009854;0;7;0;0;1;2;1;A01
200900009855;0;1;0;0;2;1;1;A01
200900009855;1;7;0;0;2;1;13;B01
200900009856;0;37;1;0;1;3;1;A01
200900009857;0;7;0;0;0;3;16;A01
200900009857;0;2;0;0;0;7;2;B01
200900009858;1;7;0;0;2;1;15;A01
200900009858;0;30;0;0;2;1;1;B01
200900009859;0;7;0;0;1;2;1;A01
200900009860;0;32;0;0;2;1;16;A01
200900009860;0;7;0;0;2;3;23;B01
200900009861;0;15;0;0;2;7;13;A01
200900009861;0;7;0;0;2;8;16;B01