num_acc;senc;catv;occutc;obs;obsm;choc;manv;num_veh
200900009862;0;7;0;0;2;1;1;B01
200900009862;0;7;0;0;0;4;23;A01
200900009863;0;32;0;0;2;4;1;B01
200900009863;0;7;0;0;2;0;3;A01
200900009864;0;1;0;0;2;0;19;B01
200900009864;0;7;0;0;9;1;0;A01
200900009865;0;7;0;6;0;1;16;A01
200900009866;0;7;0;0;2;3;16;B01
200900009866;0;31;0;0;2;1;21;A01
200900009867;0;30;0;0;2;1;0;A01
200900009867;0;7;0;0;2;5;0;B01
200900009868;0;33;0;0;2;1;1;B01
200900009868;0;34;0;0;2;7;11;A01
200900009869;0;7;0;0;2;2;15;A01
200900009869;0;30;0;12;2;7;1;B01
200900009870;0;7;0;0;1;1;15;A01
200900009871;0;7;0;0;2;3;13;A01
200900009871;0;7;0;0;2;3;1;B01
200900009872;0;7;0;0;1;1;1;A01
200900009873;0;33;0;6;2;1;17;A01
200900009873;0;7;0;0;2;8;15;B01
200900009874;0;7;0;0;2;4;2;A01
200900009874;0;7;0;0;0;0;2;B01
200900009875;0;1;0;0;2;1;0;A01
200900009875;0;7;0;0;0;4;1;B01
200900009876;0;7;0;0;2;2;16;B01
200900009876;0;31;0;12;2;1;2;A01
200900009877;0;7;0;0;0;3;5;A01
200900009877;0;7;0;0;0;3;1;B01
200900009878;0;33;0;0;2;3;13;A01
200900009878;0;7;0;0;2;3;1;B01
200900009878;0;20;0;0;0;0;22;C01
200900009879;0;7;0;0;2;3;1;C01
200900009879;0;7;0;0;2;1;17;A01
200900009879;0;7;0;0;2;1;1;B01
200900009880;0;99;0;0;2;8;22;A01
200900009880;0;1;0;0;2;1;1;B01
200900009881;0;7;0;0;2;3;15;B01
200900009881;0;32;0;0;2;1;17;A01
200900009882;0;7;0;0;2;8;15;B01
200900009882;0;32;0;6;2;2;17;A01
200900009883;0;7;0;12;2;8;1;A01
200900009883;0;30;0;12;2;7;1;B01
200900009884;0;1;0;0;2;2;1;B01
200900009884;0;7;0;0;2;5;17;A01
200900009885;1;7;0;0;2;0;17;A01
200900009885;0;2;0;0;2;3;2;B01
200900009886;0;7;0;0;1;2;1;A01
200900009887;0;10;0;0;2;4;2;B01
200900009887;0;33;0;0;2;1;2;A01
200900009887;0;7;0;0;2;4;1;C01
200900009888;0;7;0;0;2;2;0;A01
200900009888;0;31;0;0;2;3;1;B01
200900009889;0;10;0;0;0;4;2;B01
200900009889;0;31;0;0;2;4;2;A01
200900009890;0;7;0;0;1;7;2;A01
200900009891;0;7;0;15;0;2;1;A01
200900009892;0;33;0;0;2;9;19;A01
200900009892;0;7;0;0;2;1;1;B01
200900009893;0;30;0;0;2;8;1;A01
200900009893;0;7;0;0;2;8;15;B01
200900009894;0;7;0;0;2;2;1;B01
200900009894;0;2;0;0;2;1;15;A01
200900009895;0;33;0;0;2;1;17;B01
200900009895;0;7;0;0;2;3;10;A01
200900009896;0;7;0;0;2;8;19;B02
200900009896;0;33;0;0;2;1;1;A01
200900009897;0;34;0;4;0;9;1;A01
200900009898;0;7;0;0;2;3;1;B02
200900009898;0;30;0;0;2;1;17;A01
200900009899;0;33;0;4;0;3;13;A01
200900009900;0;7;0;0;2;3;17;A01
200900009900;0;33;0;0;2;1;1;B02
200900009901;0;7;0;6;0;2;1;A01
200900009902;0;7;0;8;0;2;1;A01
200900009903;0;31;0;2;0;1;13;A01
200900009904;0;33;0;0;2;1;17;A01
200900009904;0;7;0;0;2;8;1;B02
200900009904;0;10;0;0;2;3;1;C03
200900009905;0;7;0;0;2;7;15;A01
200900009905;0;2;0;0;2;1;1;B02
200900009906;0;15;0;6;0;3;1;A01
200900009907;0;10;0;0;2;1;1;A01
200900009907;0;7;0;0;2;3;15;B02
200900009908;0;30;0;0;0;7;1;B02
200900009908;0;7;0;0;2;1;1;A01
200900009909;0;7;0;0;0;4;1;B02
200900009909;0;7;0;0;2;2;1;A01
200900009910;0;32;0;0;2;7;1;B02
200900009910;0;10;0;0;2;1;19;A01
200900009911;0;33;0;16;0;0;1;A01
200900009912;0;2;0;1;0;1;0;B02
200900009912;0;7;0;0;0;6;0;A01
200900009913;0;33;0;0;2;5;12;A01
200900009913;0;7;0;0;2;3;1;B02
200900009914;0;10;0;0;2;1;19;A01
200900009914;0;33;0;0;2;1;21;B02
200900009915;0;7;0;0;2;1;1;B02
200900009915;0;30;0;0;2;1;19;A01
200900009916;0;34;0;0;2;1;1;B02
200900009916;0;7;0;0;2;2;15;A01
200900009917;0;30;0;0;2;1;1;B02
200900009917;0;7;0;0;2;6;15;A01
200900009918;0;7;0;0;2;1;23;B02
200900009918;0;15;0;0;2;4;4;A01
200900009918;0;33;0;0;2;1;23;C03
200900009919;0;7;0;8;0;1;1;A01
200900009920;0;1;0;0;2;1;1;A01
200900009920;0;10;0;0;0;4;1;B02
200900009921;0;7;0;2;0;1;1;A01
200900009922;0;7;0;0;2;6;1;B02
200900009922;0;31;0;0;2;2;6;A01
200900009923;0;34;0;0;2;1;2;A01
200900009923;0;7;0;0;2;6;15;B02
200900009924;0;7;0;0;2;8;15;A01
200900009924;0;32;0;0;2;1;1;B02
200900009925;0;7;0;0;2;2;1;B02
200900009925;0;10;0;0;2;8;9;A01
200900009926;0;7;0;0;2;7;0;B02
200900009926;0;14;0;0;2;1;1;A01
200900009927;0;7;0;0;2;1;16;B02
200900009927;0;31;0;0;2;7;15;A01
200900009928;0;7;0;0;2;1;1;B02
200900009928;0;7;0;0;2;1;1;A01
200900009929;0;33;0;0;2;1;1;B01
200900009929;0;7;0;0;2;8;1;C01
200900009929;0;7;0;0;2;2;13;A01
200900009930;0;7;0;6;0;1;1;A01
200900009931;0;33;0;14;2;1;1;A01
200900009931;0;7;0;0;2;2;16;B01
200900009932;0;30;0;0;2;1;1;A01
200900009932;0;7;0;0;2;5;15;B01
200900009933;0;10;0;13;0;3;1;A01
200900009934;0;7;0;0;2;3;1;B02
200900009934;0;7;0;0;2;3;1;A01
200900009935;0;7;0;0;1;1;16;A01
200900009936;0;33;0;15;2;0;0;B01
200900009936;0;7;0;0;2;2;15;A01
200900009937;0;7;0;0;5;1;1;A01
200900009938;0;7;0;0;9;1;1;A01
200900009938;0;1;0;0;2;1;15;B02
200900009939;0;3;0;0;2;5;15;A01
200900009939;0;30;0;0;2;2;1;B02
200900009940;0;33;0;8;0;1;1;A01
200900009941;0;7;0;16;0;1;1;A01
200900009942;0;7;0;8;0;2;21;B01
200900009942;1;7;0;0;0;0;17;A01
200900009943;0;7;0;0;2;1;2;A01
200900009943;0;7;0;0;2;4;2;B01
200900009943;0;7;0;0;2;4;2;C01
200900009943;0;7;0;0;2;4;2;D01
200900009944;0;33;0;0;0;1;1;A01
200900009945;0;2;0;0;0;1;0;A01
200900009946;0;30;0;0;2;0;0;A01
200900009946;0;7;0;0;2;3;0;B01
200900009947;0;30;0;0;2;1;1;B01
200900009947;0;7;0;0;2;3;15;A01
200900009948;0;30;0;0;2;1;19;A01
200900009948;0;7;0;0;2;5;1;B01
200900009949;0;33;0;1;2;1;17;A01
200900009949;0;7;0;0;2;8;15;B01
200900009950;0;30;0;0;2;1;17;B01
200900009950;0;7;0;0;2;8;15;A01
200900009951;0;33;0;16;0;1;0;A01
200900009951;0;7;0;0;0;0;0;B01
200900009952;0;33;0;0;2;7;17;A01
200900009952;0;7;0;0;2;6;15;B01
200900009953;0;7;0;0;2;2;15;A01
200900009953;0;30;0;0;2;8;1;B01
200900009954;0;7;0;0;2;8;15;A01
200900009954;0;30;0;0;2;1;1;B01
200900009955;0;33;0;14;0;1;1;A01
200900009956;0;7;0;0;2;8;22;A01
200900009956;0;1;0;1;0;1;1;B01
200900009957;0;7;0;0;2;2;1;B01
200900009957;0;7;0;0;2;3;9;A01
200900009958;0;7;0;0;9;7;19;A01
200900009958;0;2;0;0;2;1;18;B01
200900009959;0;30;0;0;0;0;0;A01
200900009960;0;7;0;0;1;2;1;A01
200900009961;0;7;0;0;2;8;1;A01
200900009961;0;7;0;0;2;2;1;B01
200900009962;0;33;0;0;2;1;17;A01
200900009962;0;7;0;0;2;8;15;B01
200900009963;0;7;0;13;0;9;21;A01
200900009964;0;7;0;0;2;6;19;A01
200900009964;0;2;0;0;2;1;1;B01
200900009965;0;7;0;0;1;1;0;A01
200900009966;0;32;0;12;0;3;21;A01
200900009967;0;10;0;0;2;1;19;A01
200900009967;0;7;0;0;2;1;1;B01
200900009968;0;7;0;0;1;8;1;A01
200900009969;0;33;0;1;0;1;13;A01
200900009970;0;7;0;0;2;8;1;A01
200900009970;0;7;0;0;2;1;1;B01
200900009971;0;7;0;0;2;1;13;A01
200900009971;0;7;0;0;2;1;1;B01
200900009972;0;7;0;0;2;1;0;A01
200900009972;0;7;0;0;2;1;0;B01
200900009973;0;7;0;0;2;1;1;B01
200900009973;0;7;0;0;2;3;1;A01
200900009974;0;7;0;0;2;3;15;A01
200900009974;0;30;0;0;2;1;1;B01
200900009975;0;33;0;1;0;1;1;A01
200900009976;0;7;0;0;2;1;1;B01
200900009976;0;7;0;0;2;3;14;A01
200900009977;0;7;0;0;2;4;23;B01
200900009977;0;7;0;0;2;1;2;A01
200900009977;0;7;0;0;2;1;23;C01
200900009977;0;13;0;0;2;4;23;D01
200900009978;0;7;0;1;2;1;1;B01
200900009978;0;7;0;0;2;5;1;A01
200900009979;0;30;0;0;2;8;1;B01
200900009979;1;2;0;0;0;0;0;A01
200900009980;0;30;0;0;2;1;1;B01
200900009980;0;7;0;0;2;1;16;A01
200900009981;0;7;0;0;2;3;16;B01
200900009981;0;30;0;0;2;1;1;A01
200900009982;0;33;0;0;2;1;1;B01
200900009982;0;7;0;0;2;1;15;A01
200900009983;0;7;0;0;9;2;15;A01
200900009983;0;33;0;0;2;1;1;B01
200900009984;0;7;0;0;2;6;1;B01
200900009984;0;7;0;0;2;6;0;C01
200900009984;0;2;0;0;2;1;1;A01
200900009985;0;34;0;0;2;1;17;A01
200900009985;0;7;0;0;2;3;1;B01
200900009986;0;31;0;1;0;8;1;A01
200900009987;0;7;0;0;2;7;10;A01
200900009987;0;7;0;0;2;1;1;B01
200900009988;0;7;0;0;2;8;19;A01
200900009988;0;34;0;0;2;1;17;B01
200900009989;0;7;0;2;0;2;13;A01
200900009990;0;2;0;0;1;1;1;A01
200900009991;0;7;0;0;2;0;20;A01
200900009991;0;1;0;0;2;1;1;B01
200900009992;0;7;0;0;2;2;16;A01
200900009992;0;30;0;0;2;1;18;B01
200900009993;0;7;0;0;2;1;1;B01
200900009993;0;7;0;0;2;1;5;A01
200900009994;0;7;0;0;2;3;1;B01
200900009994;0;7;0;0;2;2;1;A01
200900009995;0;7;0;0;0;0;14;A01
200900009996;0;7;0;6;0;1;14;A01
200900009997;0;33;0;0;2;2;1;B01
200900009997;0;7;0;0;2;6;15;A01
200900009998;0;7;0;0;2;1;1;A01
200900009998;0;7;0;0;2;4;1;B01
200900009999;0;7;0;15;0;1;13;A01
200900010000;0;7;0;0;2;8;10;A01
200900010000;0;33;0;0;2;1;1;B01
200900010001;2;7;0;0;2;1;15;A01
200900010001;0;30;0;0;2;1;1;B01
200900010002;0;7;0;0;2;1;2;A01
200900010002;0;7;0;0;2;4;2;C01
200900010002;0;7;0;0;2;4;2;B01
200900010003;0;10;0;0;1;7;22;A01
200900010003;0;1;0;0;2;1;1;B01
200900010004;0;7;0;0;2;2;15;A01
200900010004;0;30;0;0;2;1;1;B01
200900010005;0;7;0;0;2;1;1;B01
200900010005;0;7;0;1;2;1;1;A01
200900010006;0;7;0;0;2;1;2;A01
200900010006;0;7;0;0;1;4;1;B01
200900010007;0;7;0;0;2;1;1;C01
200900010007;0;7;0;0;2;1;1;B01
200900010007;0;7;0;0;2;6;15;A01
200900010008;0;7;0;2;0;1;1;A01
200900010009;0;7;0;0;0;9;13;A01
200900010010;0;7;0;0;2;0;17;A01
200900010010;0;1;0;0;0;0;1;B02
200900010011;0;10;0;6;0;1;1;A01
200900010012;0;7;0;0;2;1;13;A01
200900010012;0;10;0;0;2;3;1;B02
200900010012;0;10;0;0;2;3;1;C03
200900010012;0;7;0;0;2;1;1;E05
200900010012;0;7;0;0;2;1;1;D04
200900010013;0;33;0;0;2;8;13;B02
200900010013;0;14;0;0;2;8;1;A01
200900010014;0;10;0;0;1;4;4;A01
200900010015;0;10;0;0;2;3;1;B02
200900010016;0;33;0;0;2;7;15;A01
200900010016;0;10;0;0;2;1;1;B02
200900010017;0;7;0;0;0;4;20;A01
200900010017;1;7;0;0;2;1;2;B01
200900010018;0;7;0;0;2;1;2;A01
200900010018;0;7;0;0;2;4;23;B01
200900010019;0;7;0;0;0;1;10;B01
200900010019;0;20;0;0;0;0;0;A01
200900010020;0;7;0;0;1;4;20;A01
200900010021;0;7;0;8;0;1;19;A01
200900010022;0;7;0;0;1;2;1;A01
200900010023;0;1;0;0;2;7;8;A01
200900010023;0;7;0;0;2;1;1;B01
200900010024;0;7;0;1;0;1;5;A01
200900010025;0;32;0;0;2;8;1;B01
200900010025;0;32;0;0;2;1;1;A01
200900010026;0;7;0;14;0;1;5;A01
200900010027;0;7;0;0;1;4;4;A01
200900010028;0;7;0;0;1;7;1;A01
200900010029;0;7;0;0;0;4;2;C01
200900010029;0;7;0;0;2;5;2;B01
200900010029;0;7;0;0;2;1;2;A01
200900010030;0;37;0;14;0;3;7;A01
200900010031;0;10;0;0;1;5;4;A01
200900010032;0;7;0;0;2;0;15;A01
200900010032;0;31;0;0;2;7;17;B01
200900010033;0;1;0;0;2;0;0;B01
200900010033;0;14;0;0;9;0;1;A01
200900010034;0;2;0;0;1;3;3;A01
200900010035;0;7;0;0;2;1;2;A01
200900010035;0;7;0;0;2;6;2;B01
200900010035;0;7;0;0;2;6;2;C01
200900010036;0;99;0;0;1;3;15;A01
200900010037;0;34;0;0;2;1;1;B01
200900010037;0;30;0;0;2;1;19;A01
200900010038;0;33;0;0;2;1;1;A01
200900010038;0;7;0;0;2;6;11;B01
200900010039;0;7;0;0;2;8;15;A01
200900010039;0;2;0;0;2;1;1;B01
200900010040;0;99;0;0;1;6;1;A01
200900010041;0;7;0;0;1;1;1;A01
200900010042;0;31;0;0;2;1;5;B01
200900010042;0;7;0;0;2;1;1;A01
200900010043;0;7;0;15;2;7;15;A01
200900010043;0;7;0;0;2;1;1;B01
200900010044;0;2;0;0;1;7;1;A01
200900010045;0;99;0;0;2;6;1;B01
200900010045;0;33;0;0;2;8;1;C01
200900010045;2;7;0;0;2;3;13;A01
200900010045;0;33;0;0;0;9;1;D01
200900010046;0;34;0;0;2;1;2;A01
200900010046;0;7;0;0;0;6;2;B01
200900010047;0;7;0;0;2;1;1;C01
200900010047;0;32;0;0;2;1;2;A01
200900010047;0;7;0;0;2;6;1;B01
200900010048;0;32;0;0;2;1;1;B01
200900010048;0;7;0;0;0;6;1;C01
200900010048;0;10;0;0;2;3;19;A01
200900010049;2;7;0;0;2;3;9;A01
200900010049;0;7;0;3;2;5;1;B01
200900010050;0;33;0;12;2;1;1;A01
200900010050;1;30;0;0;0;0;5;C01
200900010050;0;10;0;0;2;1;1;B01
200900010051;0;33;0;3;0;8;1;A01
200900010052;0;7;0;0;2;1;1;B01
200900010052;0;7;0;0;2;1;17;A01
200900010053;0;7;0;0;0;8;15;B01
200900010053;0;33;0;0;2;1;2;A01
200900010054;0;7;0;0;2;1;21;B01
200900010054;0;30;0;0;2;8;19;A01
200900010055;0;7;0;0;2;4;1;B01
200900010055;0;7;0;0;2;1;1;A01
200900010056;0;7;0;0;2;2;15;A01
200900010056;0;33;0;0;2;1;1;B01
200900010057;0;37;1;0;9;3;1;B01
200900010057;0;30;0;0;9;3;17;A01
200900010058;0;32;0;0;0;3;1;B01
200900010058;0;33;0;0;0;3;1;A01
200900010059;0;7;0;0;2;2;19;B01
200900010059;0;33;0;0;2;2;24;C01
200900010059;0;7;0;0;2;1;19;A01
200900010060;0;10;0;0;0;4;1;B01
200900010060;0;30;0;0;2;2;2;A01
200900010061;0;32;0;13;2;1;0;B01
200900010061;0;7;0;0;2;6;15;A01
200900010062;0;14;0;0;2;3;16;A01
200900010062;0;37;7;0;2;7;2;B01
200900010063;0;7;0;0;1;2;0;A01
200900010064;0;31;0;0;2;1;1;B01
200900010064;0;7;0;0;2;5;15;A01
200900010065;0;7;0;0;1;1;1;A01
200900010066;0;7;0;0;2;3;13;A01
200900010066;0;7;0;0;2;3;1;B01
200900010067;0;33;0;0;2;3;1;A01
200900010067;0;7;0;0;2;3;15;B01
200900010068;0;33;0;0;2;1;1;A01
200900010068;0;2;0;0;2;6;15;B01
200900010069;0;7;0;2;0;1;13;A01
200900010070;0;33;0;3;0;0;17;A01
200900010071;0;7;0;0;0;4;16;B02
200900010071;0;30;0;0;2;1;2;A01
200900010072;0;7;0;0;2;3;1;C03
200900010072;0;7;0;1;0;3;13;A01
200900010072;0;7;0;0;0;8;23;B02
200900010073;0;7;0;0;2;3;1;B02
200900010073;0;33;0;0;2;1;13;A01
200900010074;0;33;0;0;2;1;2;B02
200900010074;0;33;0;0;2;1;13;A01
200900010075;0;7;0;0;2;3;9;A01
200900010076;0;2;0;9;2;1;1;B01
200900010076;0;7;0;0;2;3;10;A01
200900010077;0;33;0;0;6;1;1;A01
200900010078;0;7;0;0;2;2;11;A01
200900010078;0;15;0;0;0;8;1;B02
200900010079;0;1;0;13;0;1;2;B02
200900010079;0;1;0;13;0;1;2;A01
200900010080;0;31;0;0;1;1;1;A01
200900010081;0;7;0;4;2;2;1;A01
200900010081;0;7;0;0;2;2;1;B02
200900010082;0;2;0;0;2;2;1;B02
200900010082;0;10;0;0;0;2;15;A01
200900010083;0;7;0;0;2;3;1;B02
200900010083;0;33;0;0;2;1;1;A01
200900010084;0;17;0;0;1;3;1;A01
200900010085;0;7;0;0;2;1;1;B02
200900010085;0;7;0;0;2;1;19;A01
200900010086;0;7;0;0;2;6;15;B02
200900010086;0;33;0;0;2;1;1;A01
200900010087;0;7;0;2;0;1;13;A01
200900010088;0;33;0;0;0;9;1;A01
200900010089;0;7;0;2;0;1;1;A01
200900010090;0;33;0;2;0;9;1;A01
200900010091;0;30;0;12;0;3;13;A01
200900010092;0;7;0;0;2;2;13;A01
200900010092;0;1;0;0;2;1;13;B02
200900010093;0;7;0;0;2;2;1;B02
200900010093;0;10;0;0;2;2;23;A01
200900010094;0;1;0;0;2;3;13;B02
200900010094;0;7;0;0;2;2;1;A01
200900010095;0;2;0;8;0;1;14;A01
200900010096;0;7;0;0;0;0;14;A01
200900010097;0;10;0;0;2;6;1;C03
200900010097;0;31;0;0;2;1;1;B02
200900010097;0;33;0;0;2;1;13;A01
200900010098;0;7;0;0;2;1;1;A01
200900010098;0;7;0;0;2;7;15;B02
200900010099;0;7;0;13;0;9;14;A01
200900010100;0;7;0;0;2;3;1;B02
200900010100;0;7;0;0;2;3;13;A01
200900010101;0;31;0;3;1;1;1;A01
200900010101;0;7;0;0;1;1;1;B02
200900010102;0;33;0;0;6;1;1;A01
200900010103;0;10;0;0;2;3;1;A01
200900010103;0;33;0;0;2;8;15;B02
200900010104;0;7;0;0;1;1;1;A01
200900010105;0;7;0;4;0;0;2;A01
200900010105;0;7;0;4;0;0;1;B02
200900010106;0;30;0;0;2;1;1;A01
200900010106;0;10;0;0;0;8;1;B02
200900010107;0;7;0;13;0;1;0;A01
200900010108;0;33;0;6;0;1;13;A01
200900010109;0;7;0;2;0;1;1;A01
200900010110;0;33;0;4;2;7;13;A01
200900010110;0;7;0;0;2;1;1;B02
200900010111;0;7;0;0;1;1;13;A01
200900010112;0;7;0;0;2;3;13;A01
200900010112;0;1;0;0;2;1;1;B02
200900010113;0;14;0;0;2;3;1;B02
200900010113;0;36;0;0;2;3;1;A01
200900010114;0;7;0;0;2;1;15;A01
200900010114;0;33;0;0;2;1;1;B02
200900010115;0;7;0;0;0;4;9;A01
200900010115;0;7;0;0;2;1;1;B02
200900010116;0;7;0;0;1;1;1;A01
200900010117;0;7;0;0;1;3;1;A01
200900010118;0;10;0;0;2;1;1;A01
200900010118;0;7;0;0;2;4;1;B01
200900010118;0;7;0;0;2;4;1;C01
200900010119;0;7;0;0;2;2;1;A01
200900010119;0;1;0;0;2;4;1;B01
200900010120;0;7;0;0;2;1;15;A01
200900010120;0;7;0;0;2;3;1;B01
200900010121;0;7;0;0;9;3;1;B01
200900010121;0;1;0;0;2;2;19;A01
200900010122;0;7;0;0;2;1;2;A01
200900010122;0;7;0;0;2;4;1;B01
200900010123;0;7;0;0;2;3;0;A01
200900010123;0;7;0;0;2;1;1;B01
200900010124;0;7;0;0;2;2;12;A01
200900010124;0;2;0;0;2;1;1;B01
200900010125;0;7;0;0;1;1;1;A01
200900010126;0;7;0;0;1;8;14;A01
200900010127;0;7;0;12;0;2;21;A01
200900010128;0;7;0;0;2;1;1;B01
200900010128;0;7;0;0;2;1;1;C01
200900010128;0;7;0;1;2;8;19;A01
200900010129;0;10;0;0;1;1;1;A01
200900010130;0;7;0;9;1;1;14;A01
200900010131;0;7;0;0;1;8;1;A01
200900010132;0;7;0;0;2;1;1;B01
200900010132;0;7;0;0;2;7;15;A01
200900010133;0;7;0;0;1;1;1;A01
200900010134;0;7;0;0;1;2;1;A01
200900010135;0;7;0;0;1;3;1;A01
200900010136;0;2;0;0;0;7;1;A01
200900010137;0;1;0;0;2;1;1;B01
200900010137;0;7;0;0;9;1;15;A01
200900010138;0;10;0;0;1;1;1;A01
200900010139;0;7;0;0;2;2;1;A01
200900010140;0;7;0;0;2;8;21;B02
200900010140;0;7;0;0;2;1;5;A01
200900010140;0;7;0;0;2;1;21;D04
200900010140;0;7;0;0;2;8;21;C03
200900010141;0;7;0;6;0;1;1;A01
200900010142;0;7;0;2;0;3;1;A01
200900010143;0;7;0;13;0;1;1;A01
200900010144;0;7;0;0;2;2;1;B02
200900010144;0;7;0;0;2;5;1;A01
200900010145;0;7;0;0;2;1;1;B02
200900010145;0;7;0;0;2;1;13;A01
200900010146;0;7;0;0;2;3;1;B02
200900010146;0;7;0;0;2;3;13;A01
200900010147;0;7;0;0;1;2;1;A01
200900010148;0;7;0;0;1;2;1;A01
200900010149;0;7;0;0;2;1;13;A01
200900010149;0;7;0;0;2;1;1;B02
200900010150;0;7;0;8;0;7;19;A01
200900010151;0;7;0;13;0;1;1;A01
200900010152;0;7;0;8;0;1;1;A01
200900010153;0;10;0;13;0;1;1;A01
200900010154;0;7;0;13;0;1;1;A01
200900010155;0;7;0;13;0;7;17;B02
200900010155;0;7;0;0;0;3;17;A01
200900010156;0;7;0;2;0;2;1;A01
200900010157;0;7;0;0;1;1;19;A01
200900010158;0;7;0;2;0;3;1;A01
200900010159;0;7;0;16;0;1;1;A01
200900010160;0;7;0;0;2;2;1;B02
200900010160;0;7;0;0;2;9;2;A01
200900010161;0;7;0;6;0;3;1;A01
200900010162;0;15;0;0;0;6;23;B02
200900010162;0;7;0;1;0;2;2;A01
200900010163;0;7;0;0;0;1;0;B02
200900010163;0;7;0;0;0;1;1;A01
200900010164;0;30;0;0;0;8;1;A01
200900010165;0;7;0;0;2;3;1;B02
200900010165;0;7;0;0;2;2;5;A01
200900010166;0;7;0;6;0;1;13;A01
200900010167;0;7;0;0;2;1;5;A01
200900010167;0;7;0;0;2;1;1;B01
200900010168;0;7;0;0;2;3;0;B01
200900010168;0;7;0;0;2;3;1;A01
200900010169;0;7;0;0;2;1;1;B01
200900010169;0;7;0;0;2;2;15;A01
200900010170;0;7;0;0;2;4;2;B01
200900010170;0;7;0;0;2;1;2;A01
200900010171;0;7;0;0;2;3;1;B01
200900010171;0;7;0;0;2;2;15;A01
200900010172;0;1;0;0;2;1;1;B01
200900010172;0;7;0;0;9;3;15;A01
200900010173;0;7;0;8;0;1;1;A01
200900010174;0;7;0;0;2;2;1;B01
200900010174;0;7;0;0;2;3;10;A01
200900010175;0;7;0;0;2;1;21;A01
200900010175;0;7;0;0;0;0;0;C01
200900010175;0;7;0;0;2;1;1;B01
200900010176;0;7;0;0;2;1;21;A01
200900010176;0;7;0;0;2;1;1;B01
200900010176;0;7;0;0;0;0;9;C01
200900010177;0;7;0;0;1;1;1;A01
200900010178;0;7;0;0;1;1;1;A01
200900010179;0;7;0;0;2;3;1;A01
200900010179;0;7;0;0;2;3;1;C01
200900010179;0;7;0;0;2;2;15;B01
200900010180;0;7;0;0;2;1;1;B01
200900010180;0;7;0;0;2;2;15;A01
200900010181;0;36;0;0;2;1;1;B01
200900010181;0;7;0;0;2;3;13;A01
200900010182;0;7;0;0;2;3;5;B02
200900010182;0;7;0;0;2;3;5;A01
200900010183;0;7;0;0;1;1;1;A01
200900010184;0;7;0;13;0;2;1;A01
200900010185;0;7;0;1;2;1;17;A01
200900010185;0;10;0;0;2;1;16;B02
200900010185;0;15;0;0;2;6;2;C03
200900010186;0;7;0;13;0;1;0;A01
200900010187;0;7;0;0;1;2;1;A01
200900010188;0;7;0;0;1;1;16;A01
200900010189;0;7;0;0;2;1;1;A01
200900010189;0;7;0;0;2;4;23;B01
200900010190;0;7;0;0;0;3;1;B02
200900010190;0;7;0;0;2;1;1;A01
200900010191;0;7;0;0;2;3;1;B02
200900010191;0;7;0;0;2;6;1;C03
200900010191;0;7;0;0;2;3;5;A01
200900010192;0;7;0;6;0;1;1;A01
200900010193;0;10;0;0;2;1;1;A01
200900010193;0;7;0;0;2;1;5;B02
200900010194;0;7;0;0;2;2;1;A01
200900010194;0;7;0;0;2;1;13;B02
200900010195;0;7;0;0;2;3;1;B02
200900010195;0;7;0;0;2;3;13;A01
200900010196;0;7;0;0;2;1;1;B02
200900010196;0;7;0;0;2;2;1;A01
200900010197;0;15;0;0;2;6;9;A01
200900010197;0;7;0;0;2;1;1;B02
200900010198;0;7;0;2;0;1;1;A01
200900010199;0;7;0;16;2;9;16;A01
200900010200;0;7;0;0;2;2;1;A01
200900010200;0;7;0;0;0;4;0;B02
200900010201;0;7;0;0;0;8;1;A01
200900010202;0;7;0;0;2;1;1;A01
200900010202;0;7;0;0;0;7;19;B01
200900010203;0;7;0;0;2;2;17;B02
200900010203;0;2;0;0;0;8;1;A01
200900010204;0;7;0;0;1;1;1;A01
200900010205;0;2;0;0;2;1;1;B01
200900010205;0;7;0;0;2;3;9;A01
200900010206;0;7;0;0;1;1;1;A01
200900010207;0;15;0;0;2;3;1;B02
200900010207;0;10;0;0;2;3;13;A01
200900010208;0;7;0;6;0;1;0;A01
200900010209;0;7;0;13;0;9;1;A01
200900010210;0;2;0;6;0;1;1;A01
200900010211;0;7;0;0;1;0;1;A01
200900010212;0;7;0;0;1;7;1;A01
200900010213;0;33;0;1;2;1;2;A01
200900010213;0;7;0;0;0;7;23;B01
200900010214;0;33;0;0;2;1;2;A01
200900010214;0;7;0;0;2;4;2;B01
200900010215;0;7;0;0;2;2;1;B01
200900010215;0;31;0;0;2;1;19;A01
200900010216;0;7;0;0;1;0;0;A01
200900010217;0;7;0;1;0;2;1;A01
200900010218;0;33;0;0;0;7;1;A01
200900010219;0;7;0;0;0;1;1;A01
200900010220;0;33;0;0;0;1;1;A01
200900010220;0;7;0;0;0;1;1;B02
200900010221;0;7;0;2;0;1;1;A01
200900010222;0;7;0;0;2;1;1;B02
200900010222;0;30;0;0;2;1;13;A01
200900010223;0;17;0;0;2;8;1;C03
200900010223;0;7;0;0;2;3;1;B02
200900010223;0;7;0;0;2;3;17;A01
200900010224;0;7;0;0;2;5;15;A01
200900010224;0;2;0;0;2;1;1;B02
200900010225;0;14;0;0;2;5;15;C03
200900010225;0;14;0;0;2;2;1;A01
200900010225;0;7;0;0;2;4;1;B02
200900010226;0;7;0;13;0;9;1;A01