num_acc;senc;catv;occutc;obs;obsm;choc;manv;num_veh
200900010227;0;7;0;0;2;3;1;A01
200900010227;0;7;0;0;2;3;1;B02
200900010228;0;7;0;0;2;2;15;A01
200900010228;0;1;0;0;2;1;1;B02
200900010229;0;7;0;16;5;1;1;A01
200900010230;0;2;0;0;2;1;1;B02
200900010230;0;7;0;0;0;8;19;A01
200900010231;0;7;0;0;0;6;4;A01
200900010231;0;1;0;0;2;2;0;B02
200900010232;0;7;0;13;0;3;1;A01
200900010233;0;7;0;16;0;2;14;A01
200900010234;0;7;0;2;0;1;1;A01
200900010235;0;7;0;0;2;8;1;B02
200900010235;0;7;0;0;2;1;1;A01
200900010236;0;7;0;2;0;3;1;A01
200900010237;0;7;0;2;0;1;1;A01
200900010238;0;7;0;0;2;1;13;A01
200900010238;0;7;0;0;2;1;1;B02
200900010239;0;7;0;13;0;9;1;A01
200900010240;0;7;0;0;1;2;1;A01
200900010241;0;14;0;0;2;2;1;A01
200900010241;0;10;0;7;2;3;1;B01
200900010242;0;7;0;2;0;8;1;A01
200900010243;0;7;0;0;2;8;15;B01
200900010243;0;10;0;0;2;1;1;A01
200900010244;0;2;0;0;2;1;1;B01
200900010244;0;7;0;0;2;1;15;A01
200900010245;0;7;0;0;2;2;1;A01
200900010245;0;7;0;0;2;4;4;B01
200900010246;0;7;0;0;2;6;1;B01
200900010246;0;10;0;0;2;2;2;A01
200900010247;0;7;0;0;2;1;1;A01
200900010247;0;7;0;0;2;8;1;B01
200900010248;0;2;0;0;1;1;16;A01
200900010249;0;10;0;0;2;3;1;A01
200900010249;0;7;0;0;2;3;1;B01
200900010250;0;7;0;9;0;0;1;A01
200900010251;0;7;0;8;2;0;0;A01
200900010251;0;7;0;0;2;1;1;B01
200900010252;0;7;0;0;1;2;1;A01
200900010253;0;7;0;0;2;1;1;A01
200900010253;0;17;0;0;0;4;1;B02
200900010254;0;17;0;6;2;2;1;A01
200900010254;0;7;0;0;2;3;1;B02
200900010255;0;7;0;0;2;4;1;A01
200900010255;0;7;0;0;2;2;1;B01
200900010256;1;7;0;0;1;0;1;A01
200900010257;0;7;0;6;2;2;1;B01
200900010257;0;7;0;0;2;1;1;A01
200900010258;0;7;0;0;1;2;1;A01
200900010259;0;7;0;0;1;1;1;A01
200900010260;0;7;0;0;2;3;1;A01
200900010260;0;7;0;0;2;3;1;B01
200900010261;0;10;0;0;2;4;1;B01
200900010261;0;7;0;0;2;1;2;A01
200900010262;0;7;0;0;2;3;15;A01
200900010262;0;7;0;0;2;1;1;B01
200900010262;0;7;0;0;2;3;23;C01
200900010263;0;1;0;0;2;6;1;B01
200900010263;0;7;0;0;2;2;17;A01
200900010264;0;7;0;0;2;4;1;B01
200900010264;0;7;0;0;2;1;2;A01
200900010265;0;7;0;0;1;1;1;A01
200900010266;0;7;0;0;2;1;1;B02
200900010266;0;7;0;0;2;1;17;A01
200900010267;0;10;0;0;2;8;15;A01
200900010267;0;7;0;0;2;1;1;B01
200900010268;0;7;0;0;1;2;1;A01
200900010269;0;7;0;0;2;4;1;D01
200900010269;0;7;0;0;2;1;2;A01
200900010269;0;7;0;0;2;4;23;B01
200900010269;0;7;0;0;2;4;1;C01
200900010270;0;7;0;0;1;2;1;A01
200900010271;0;1;0;0;2;1;1;A01
200900010271;0;7;0;0;2;2;16;B01
200900010272;0;7;0;0;2;2;2;A01
200900010272;0;7;0;0;2;4;16;B01
200900010273;0;2;0;0;2;1;2;A01
200900010273;0;7;0;0;2;6;1;B01
200900010274;0;7;0;0;2;2;1;A01
200900010274;0;1;0;0;2;1;19;B01
200900010275;0;7;0;0;1;2;17;A01
200900010276;0;7;0;0;2;1;1;B01
200900010276;0;7;0;0;2;2;1;A01
200900010277;0;7;0;0;2;1;1;B01
200900010277;0;7;0;6;2;5;1;A01
200900010278;0;7;0;0;1;2;1;A01
200900010279;0;2;0;0;2;1;1;B01
200900010279;0;10;0;0;2;2;15;A01
200900010280;0;7;0;8;0;1;14;A01
200900010281;0;10;0;0;2;2;17;A01
200900010281;0;1;0;0;2;8;1;B01
200900010282;0;7;0;0;2;6;15;B01
200900010282;0;1;0;0;2;1;2;A01
200900010283;0;7;0;0;2;2;1;A01
200900010283;0;38;18;0;2;6;1;B01
200900010284;0;7;0;0;2;3;1;A01
200900010284;0;1;0;0;2;1;1;B01
200900010285;0;33;0;0;1;1;1;A01
200900010286;0;7;0;8;0;1;14;A01
200900010287;0;7;0;0;1;1;16;A01
200900010288;0;10;0;0;2;6;15;A01
200900010288;0;33;0;0;2;1;1;B01
200900010289;0;7;0;0;2;5;1;A01
200900010289;0;1;0;0;2;1;16;B01
200900010290;0;7;0;0;1;2;15;A01
200900010291;0;7;0;6;1;2;14;A01
200900010292;0;7;0;2;2;1;1;A01
200900010293;0;14;0;0;1;1;1;A01
200900010294;1;3;0;0;2;1;2;A01
200900010294;0;33;0;0;2;4;1;B01
200900010295;0;7;0;0;2;2;2;A01
200900010295;0;7;0;0;2;6;2;B01
200900010296;0;7;0;0;2;4;1;B01
200900010296;0;2;0;0;2;1;2;A01
200900010297;0;7;0;0;2;2;15;A01
200900010297;0;33;0;0;2;1;1;B01
200900010298;0;7;0;0;1;1;15;A01
200900010299;0;7;0;0;2;1;1;B01
200900010299;0;7;0;0;2;8;15;A01
200900010300;0;7;0;0;2;1;1;B01
200900010300;0;7;0;0;2;3;14;A01
200900010301;0;2;0;0;0;0;14;A01
200900010302;0;7;0;0;2;1;1;B01
200900010302;0;30;0;0;2;2;1;A01
200900010302;0;7;0;0;2;3;23;C01
200900010303;0;7;0;0;2;6;13;A01
200900010303;0;7;0;0;2;1;2;B01
200900010304;0;7;0;0;2;5;15;A01
200900010304;0;2;0;0;2;1;8;B01
200900010305;0;7;0;0;2;8;22;A01
200900010305;0;1;0;1;0;2;1;B01
200900010306;0;7;0;0;2;2;15;B01
200900010306;0;31;0;0;2;8;1;A01
200900010307;0;7;0;0;0;8;19;A01
200900010307;0;7;0;0;2;1;1;B02
200900010308;0;7;0;0;2;3;13;A01
200900010308;0;15;0;0;2;2;1;B02
200900010309;0;15;0;1;0;2;1;A01
200900010310;0;7;0;0;0;1;13;A01
200900010311;0;3;0;0;2;8;19;B02
200900010311;0;7;0;0;2;1;1;A01
200900010312;0;7;0;0;1;4;4;A01
200900010313;0;7;0;13;0;2;1;A01
200900010314;0;7;0;0;2;3;1;A01
200900010314;0;37;0;0;2;2;19;B02
200900010315;0;7;0;0;2;1;1;A01
200900010315;0;7;0;0;2;1;1;B02
200900010316;0;2;0;0;2;1;17;A01
200900010316;0;7;0;0;2;8;15;B02
200900010317;0;7;0;0;2;3;1;B02
200900010317;0;33;0;0;2;1;17;A01
200900010318;0;33;0;16;0;1;16;A01
200900010319;0;7;0;0;2;3;13;A01
200900010319;0;7;0;0;2;3;1;B02
200900010320;0;7;0;0;0;6;23;B02
200900010320;0;15;0;0;2;2;1;A01
200900010320;0;7;0;1;2;3;15;C03
200900010321;0;7;0;0;2;2;1;A01
200900010321;0;7;0;0;2;3;1;B01
200900010322;0;33;0;4;0;1;13;A01
200900010323;0;3;0;6;0;1;13;A01
200900010324;0;2;0;0;1;2;0;A01
200900010325;0;7;0;0;2;6;1;A01
200900010325;0;1;0;0;2;1;1;B01
200900010326;0;7;0;0;2;6;1;B01
200900010326;0;7;0;0;2;3;1;A01
200900010327;0;2;0;0;2;3;1;B01
200900010327;1;7;0;0;2;2;1;A01
200900010328;0;7;0;0;2;2;15;A01
200900010328;0;7;0;0;2;1;1;B01
200900010329;0;7;0;0;2;4;2;B01
200900010329;0;7;0;0;2;4;23;C01
200900010329;0;7;0;0;2;1;2;A01
200900010330;0;1;0;0;2;1;1;A01
200900010330;0;7;0;0;2;2;1;B01
200900010331;0;37;1;0;1;5;15;A01
200900010331;0;7;0;0;2;3;23;B01
200900010332;0;10;0;0;2;2;16;A01
200900010332;0;7;0;0;2;2;15;B01
200900010333;0;1;0;0;2;1;1;B01
200900010333;0;7;0;0;2;2;15;A01
200900010334;0;7;0;0;2;1;9;C03
200900010334;0;15;0;0;2;7;1;B02
200900010334;0;10;0;0;2;8;1;A01
200900010335;0;7;0;0;2;2;1;B01
200900010335;0;33;0;0;2;3;9;A01
200900010336;0;33;0;0;2;1;1;A01
200900010336;0;7;0;0;2;0;1;B02
200900010337;0;7;0;8;0;6;1;A01
200900010338;0;2;0;0;2;3;1;B01
200900010338;0;7;0;0;2;3;15;A01
200900010339;0;30;0;13;0;8;1;A01
200900010340;0;21;0;0;0;3;0;A01
200900010340;0;31;0;0;2;1;1;B02
200900010341;0;17;0;0;2;3;1;B02
200900010341;0;7;0;0;2;1;13;A01
200900010342;0;33;0;0;2;1;13;A01
200900010342;0;21;0;0;2;6;1;B02
200900010343;0;7;0;0;0;3;9;A01
200900010343;0;14;0;0;2;1;1;B02
200900010344;0;7;0;13;0;9;1;A01
200900010345;0;7;0;2;0;1;13;A01
200900010346;0;7;0;0;1;8;24;B02
200900010346;0;15;0;0;1;2;12;A01
200900010347;0;7;0;0;2;1;15;B01
200900010347;0;31;0;0;2;1;1;A01
200900010348;0;7;0;6;0;2;19;A01
200900010349;0;7;0;0;0;3;15;A01
200900010349;0;30;0;0;0;1;1;B02
200900010350;0;33;0;2;0;1;15;A01
200900010351;0;7;0;0;2;1;1;B01
200900010351;0;7;0;0;2;2;15;A01
200900010352;0;7;0;0;9;3;13;A01
200900010352;0;30;0;0;2;1;1;B02
200900010353;0;31;0;0;2;1;1;B02
200900010353;0;7;0;0;2;7;1;A01
200900010354;0;10;0;0;2;3;13;A01
200900010354;0;7;0;0;2;8;1;B02
200900010355;0;33;0;0;0;8;1;A01
200900010356;0;7;0;0;2;3;13;A01
200900010356;0;37;2;0;2;3;1;B01
200900010357;0;33;0;0;2;1;1;B01
200900010357;0;7;0;0;2;2;15;A01
200900010358;0;7;0;0;2;1;2;A01
200900010358;0;7;0;0;2;4;23;B01
200900010359;0;2;0;0;2;1;1;A01
200900010359;0;7;0;0;2;8;15;B01
200900010360;0;7;0;0;1;4;4;A01
200900010361;0;7;0;0;2;3;23;B01
200900010361;0;7;0;0;2;2;14;A01
200900010362;0;7;0;0;0;6;15;B02
200900010363;0;2;0;1;0;1;1;A01
200900010364;0;1;0;0;2;1;1;B01
200900010364;0;7;0;0;2;6;4;A01
200900010365;0;7;0;0;2;4;23;B01
200900010365;0;7;0;0;2;1;2;A01
200900010366;0;7;0;0;2;1;1;A01
200900010366;0;7;0;0;2;2;1;B01
200900010367;0;7;0;0;2;1;2;A01
200900010367;0;7;0;0;2;4;2;C01
200900010367;0;30;0;0;2;4;2;B01
200900010368;0;7;0;0;1;5;1;A01
200900010369;0;7;0;6;0;1;1;A01
200900010370;0;7;0;8;2;8;1;A01
200900010370;0;7;0;0;2;7;23;B01
200900010371;0;7;0;0;0;0;2;B01
200900010371;0;7;0;0;0;0;1;A01
200900010372;0;7;0;1;0;3;13;A01
200900010373;0;7;0;0;2;1;1;B01
200900010373;0;7;0;0;2;3;15;A01
200900010374;0;7;0;0;1;1;1;A01
200900010375;0;7;0;0;2;5;23;B01
200900010375;0;7;0;0;2;4;15;C01
200900010375;0;33;0;0;2;1;2;A01
200900010376;0;7;0;0;2;3;24;B01
200900010376;1;7;0;0;2;2;1;C01
200900010376;0;1;0;1;2;8;1;A01
200900010377;0;33;0;0;2;4;23;B01
200900010377;0;10;0;0;2;1;2;A01
200900010378;0;7;0;0;2;1;1;A01
200900010378;0;7;0;0;2;5;1;B01
200900010379;0;10;0;0;1;2;1;A01
200900010380;0;7;0;0;2;3;24;C01
200900010380;0;7;0;0;2;2;15;B01
200900010380;0;33;0;0;2;1;21;A01
200900010381;0;7;0;0;2;2;0;B01
200900010381;0;1;0;0;2;1;1;A01
200900010382;0;31;0;0;2;1;1;B01
200900010382;0;7;0;0;2;1;15;A01
200900010383;0;7;0;0;2;3;1;B01
200900010383;0;2;0;0;2;1;1;A01
200900010384;0;2;0;0;1;1;1;A01
200900010385;1;7;0;0;1;2;14;A01
200900010386;0;31;0;0;2;3;1;B01
200900010386;0;7;0;0;2;2;2;A01
200900010387;0;7;0;0;2;1;1;A01
200900010387;0;7;0;0;2;1;1;B01
200900010388;0;7;0;0;1;2;17;A01
200900010389;0;7;0;0;2;7;1;B01
200900010389;0;7;0;0;2;1;9;A01
200900010390;0;7;0;0;2;3;20;A01
200900010390;0;2;0;0;2;1;1;B01
200900010391;0;31;0;0;2;1;1;B01
200900010391;0;7;0;0;2;1;15;A01
200900010392;0;2;0;0;2;2;17;A01
200900010392;0;7;0;0;2;3;15;B01
200900010393;0;7;0;0;1;2;16;A01
200900010394;0;1;0;0;2;3;1;B01
200900010394;0;7;0;0;2;1;16;A01
200900010395;0;30;0;0;2;1;1;B01
200900010395;0;7;0;0;2;3;16;A01
200900010396;0;2;0;0;2;1;18;B01
200900010396;0;7;0;0;2;2;16;A01
200900010397;1;10;0;0;2;1;17;A01
200900010397;0;7;0;0;2;6;15;B01
200900010398;0;7;0;6;0;2;14;A01
200900010399;0;7;0;0;1;1;1;A01
200900010400;0;33;0;0;2;1;1;B01
200900010400;0;7;0;0;2;6;15;A01
200900010401;0;33;0;0;2;1;1;B01
200900010401;0;7;0;0;2;7;1;A01
200900010402;0;2;0;0;2;1;1;B01
200900010402;0;7;0;0;2;5;15;A01
200900010403;0;7;0;0;2;3;1;B01
200900010403;0;7;0;0;2;1;16;A01
200900010404;0;7;0;0;2;6;2;B01
200900010404;0;7;0;0;2;1;2;A01
200900010405;0;7;0;0;2;1;2;B01
200900010405;0;7;0;0;2;1;2;C01
200900010405;0;7;0;0;2;4;23;A01
200900010406;0;7;0;0;2;3;15;B01
200900010406;0;2;0;0;2;6;1;A01
200900010407;0;33;0;0;2;1;1;B02
200900010407;0;7;0;0;2;2;19;A01
200900010408;0;2;0;0;2;1;1;B02
200900010408;0;7;0;0;2;7;19;A01
200900010409;0;7;0;2;6;1;1;A01
200900010410;0;7;0;0;1;3;1;A01
200900010411;0;33;0;0;1;1;1;A01
200900010412;0;7;0;8;0;1;14;A01
200900010413;0;7;0;0;2;3;1;A01
200900010413;0;2;0;0;2;1;5;B02
200900010414;0;7;0;0;2;2;19;B02
200900010414;0;7;0;0;2;3;1;A01
200900010415;0;7;0;0;2;1;1;B02
200900010415;0;7;0;0;2;1;5;A01
200900010416;0;33;0;0;1;2;1;A01
200900010417;0;7;0;0;0;0;1;A01
200900010418;0;1;0;0;0;2;1;B02
200900010418;0;7;0;0;2;3;15;A01
200900010419;0;10;0;0;0;3;15;A01
200900010419;0;2;0;0;0;1;1;B02
200900010420;0;2;0;0;2;1;1;B02
200900010420;0;7;0;0;2;6;13;A01
200900010421;0;33;0;0;2;1;1;A01
200900010421;0;7;0;0;0;4;15;B02
200900010422;0;17;0;0;2;3;1;C03
200900010422;0;7;0;0;2;1;13;B02
200900010422;0;7;0;0;0;0;19;A01
200900010423;0;30;0;6;0;1;0;A01
200900010424;0;7;0;0;2;3;1;B02
200900010424;0;7;0;0;2;3;13;A01
200900010425;0;7;0;13;0;3;13;A01
200900010426;0;7;0;0;2;3;13;A01
200900010426;0;7;0;0;2;3;1;B02
200900010427;0;13;0;0;1;1;1;A01
200900010428;0;10;0;0;2;1;9;A01
200900010428;0;10;0;0;0;2;1;B01
200900010429;0;30;0;0;2;6;15;A01
200900010429;0;7;0;0;2;3;1;B01
200900010430;0;7;0;9;0;6;11;A01
200900010430;0;2;0;0;2;1;1;B01
200900010431;0;7;0;2;0;9;1;A01
200900010432;0;15;0;0;2;3;11;A01
200900010432;0;7;0;3;0;4;1;B01
200900010433;0;7;0;0;0;1;3;A01
200900010433;0;7;0;0;0;1;3;B01
200900010434;0;7;0;0;1;0;1;A01
200900010435;0;7;0;0;2;1;1;B01
200900010435;0;2;0;0;2;1;17;A01
200900010436;0;30;0;0;2;1;21;B01
200900010436;0;7;0;0;0;6;21;A01
200900010437;0;7;0;0;2;3;15;B01
200900010437;0;33;0;1;2;0;2;A01
200900010438;0;2;0;0;2;0;17;A01
200900010438;0;7;0;0;2;8;15;B01
200900010439;0;7;0;0;1;1;1;A01
200900010440;0;1;0;0;2;1;1;B01
200900010440;0;7;0;0;2;3;15;A01
200900010441;0;7;0;0;1;2;1;A01
200900010442;0;1;0;0;2;1;15;A01
200900010442;0;7;0;0;0;1;1;B01
200900010443;0;7;0;0;2;3;2;B01
200900010443;0;7;0;0;2;1;2;C01
200900010443;0;7;0;0;2;1;1;A01
200900010444;0;7;0;0;2;4;1;B01
200900010444;0;7;0;0;2;1;1;A01
200900010445;0;7;0;8;0;1;1;A01
200900010446;0;7;0;0;2;1;1;B01
200900010446;0;7;0;0;2;4;4;A01
200900010447;0;33;0;0;2;1;1;B01
200900010447;0;7;0;0;2;5;15;A01
200900010448;0;33;0;0;2;1;1;B01
200900010448;0;7;0;0;2;0;15;A01
200900010449;0;7;0;0;2;5;15;A01
200900010449;0;33;0;0;2;2;1;B01
200900010450;0;7;0;0;2;1;2;A01
200900010450;0;7;0;0;2;4;23;B01
200900010451;0;7;0;0;1;1;0;A01
200900010452;0;31;0;0;2;8;10;A01
200900010452;0;7;0;0;2;1;1;B01
200900010453;0;40;10;0;1;1;1;A01
200900010454;0;32;0;0;2;7;0;B01
200900010454;0;7;0;0;2;8;10;A01
200900010455;0;33;0;1;0;0;0;A01
200900010456;0;7;0;0;0;4;2;A01
200900010456;1;7;0;0;2;1;2;B01
200900010457;0;7;0;2;0;3;1;A01
200900010458;0;30;0;0;2;1;17;A01
200900010458;0;10;0;0;2;4;15;B01
200900010459;0;33;0;0;2;8;1;B02
200900010459;0;7;0;0;2;3;15;A01
200900010460;0;33;0;13;2;1;17;A01
200900010460;0;7;0;0;2;8;15;B02
200900010461;0;7;0;2;2;9;17;A01
200900010461;0;37;10;0;0;8;1;B02
200900010462;0;7;0;13;0;8;1;B02
200900010462;0;7;0;13;2;1;17;A01
200900010463;0;33;0;0;6;3;1;A01
200900010464;0;7;0;13;0;9;14;A01
200900010465;0;17;0;0;2;1;2;A01
200900010465;0;7;0;0;0;4;1;B02
200900010466;0;7;0;0;2;1;1;A01
200900010466;0;31;0;0;2;8;15;B02
200900010467;0;33;0;16;0;1;1;A01
200900010468;0;33;0;16;0;1;1;A01
200900010469;0;30;0;0;2;3;15;A01
200900010469;0;7;0;0;2;2;17;B02
200900010470;0;7;0;0;2;1;1;B02
200900010470;0;1;0;0;2;8;9;A01
200900010471;0;31;0;0;2;1;1;B02
200900010471;0;7;0;0;2;2;1;A01
200900010472;0;7;0;0;1;1;1;A01
200900010473;0;33;0;0;2;8;1;B02
200900010473;0;7;0;0;2;1;1;A01
200900010474;0;7;0;0;2;1;2;A01
200900010474;0;7;0;0;2;4;2;B01
200900010475;0;7;0;0;1;4;4;A01
200900010476;0;7;0;0;2;1;9;A01
200900010476;0;10;0;0;2;6;0;B01
200900010477;0;2;0;0;2;8;11;A01
200900010477;0;7;0;0;2;7;1;B01
200900010478;0;7;0;0;2;5;1;A01
200900010478;0;33;0;0;2;1;1;B01
200900010479;0;7;0;0;2;6;1;A01
200900010479;0;7;0;0;2;3;1;B01
200900010480;0;7;0;0;2;1;1;B01
200900010480;0;7;0;0;2;1;15;A01
200900010481;0;2;0;0;2;1;1;A01
200900010481;0;7;0;0;2;4;23;B01
200900010482;0;32;0;0;0;3;1;A01
200900010483;0;7;0;0;2;5;2;B01
200900010483;0;7;0;0;2;3;1;A01
200900010484;0;7;0;0;1;4;4;A01
200900010485;0;7;0;0;1;2;0;A01
200900010486;0;7;0;0;2;3;21;B01
200900010486;0;10;0;0;2;3;13;A01
200900010487;0;7;0;0;0;1;19;A01
200900010487;0;7;0;0;0;8;2;B02
200900010488;0;7;0;2;0;2;1;A01
200900010489;0;14;0;0;2;8;1;C03
200900010489;0;14;0;0;2;1;19;A01
200900010489;0;14;0;0;0;3;23;B02
200900010490;0;7;0;0;1;1;1;A01
200900010491;0;7;0;0;0;8;21;A01
200900010492;0;7;0;0;2;1;1;C03
200900010492;0;7;0;13;2;3;1;A01
200900010492;0;7;0;0;2;1;15;B02
200900010493;0;1;0;0;0;0;1;A01
200900010494;0;36;0;13;0;1;1;A01
200900010495;0;7;0;0;2;3;19;A01
200900010495;0;7;0;0;2;1;1;B02
200900010496;0;1;0;0;2;8;13;B02
200900010496;0;7;0;0;2;7;17;A01
200900010497;0;7;0;0;2;1;5;A01
200900010497;0;7;0;0;2;1;1;B01
200900010498;0;7;0;0;2;3;1;B01
200900010498;0;2;0;0;2;1;0;A01
200900010499;0;7;0;0;1;1;1;A01
200900010500;0;99;0;0;0;0;0;B02
200900010500;0;7;0;0;1;2;21;A01
200900010501;0;99;0;0;2;1;2;B02
200900010501;0;7;0;0;0;3;1;A01
200900010502;0;1;0;0;0;4;1;A01
200900010502;1;13;0;0;9;2;1;B02
200900010503;0;15;0;0;2;2;1;B02
200900010503;0;7;0;0;2;9;17;A01
200900010504;0;15;0;4;0;3;1;A01
200900010505;0;7;0;0;0;1;13;A01
200900010506;0;7;0;13;0;3;1;A01
200900010507;0;7;0;13;0;1;15;A01
200900010508;0;10;0;0;1;2;1;A01
200900010509;0;7;0;2;0;1;14;A01
200900010510;0;7;0;0;2;5;15;B02
200900010510;0;99;0;0;2;3;1;C03
200900010510;0;10;0;0;2;3;1;A01
200900010511;0;7;0;0;2;3;1;B02
200900010511;0;7;0;0;2;3;1;C03
200900010511;0;7;0;0;2;8;1;D04
200900010511;0;7;0;0;2;3;17;A01
200900010511;0;7;0;0;2;3;1;E05
200900010511;0;7;0;0;2;1;1;F06
200900010512;0;7;0;0;2;3;1;A01
200900010512;0;7;0;0;2;1;1;B02
200900010513;0;7;0;0;2;3;1;B02
200900010513;0;7;0;0;2;3;15;A01
200900010514;0;7;0;0;2;1;1;B02
200900010514;0;7;0;0;2;8;1;A01
200900010515;0;7;0;0;9;2;16;A01
200900010515;0;1;0;0;2;4;1;B01
200900010516;0;1;0;0;2;4;15;A01
200900010516;0;7;0;0;9;1;1;B01
200900010517;0;7;0;0;1;3;17;A01
200900010518;0;7;0;0;2;1;1;B01
200900010518;0;7;0;0;2;8;13;A01
200900010519;0;7;0;0;2;3;1;B01
200900010519;0;2;0;0;2;1;17;A01
200900010520;1;7;0;0;1;1;1;A01
200900010521;0;14;0;0;1;2;15;A01
200900010522;0;2;0;0;2;2;1;B01
200900010522;0;7;0;0;2;3;16;A01
200900010523;0;7;0;0;2;1;1;A01
200900010523;0;7;0;0;1;4;1;B01
200900010524;0;36;0;8;0;1;16;A01
200900010525;0;7;0;0;1;2;1;A01
200900010526;0;7;0;0;2;2;15;A01
200900010526;0;7;0;0;2;3;1;B01
200900010527;0;30;0;0;2;8;1;B01
200900010527;0;7;0;0;2;3;16;A01
200900010528;0;2;0;0;2;1;17;A01
200900010528;0;7;0;0;2;3;15;B01
200900010529;2;10;0;0;0;6;11;A01
200900010529;0;15;0;0;2;2;1;B01
200900010530;0;15;0;0;2;2;12;A01
200900010530;0;7;0;0;0;8;1;B01
200900010531;0;7;0;13;0;9;1;A01
200900010532;0;7;0;0;2;1;1;B01
200900010532;0;10;0;0;2;8;9;A01
200900010533;0;7;0;0;2;1;1;B01
200900010533;0;2;0;0;2;1;15;A01
200900010534;0;30;0;14;0;8;1;A01
200900010535;0;7;0;0;1;2;1;A01
200900010536;0;7;0;0;1;2;1;A01
200900010537;0;7;0;0;2;5;1;B01
200900010537;0;7;0;0;2;1;15;A01
200900010538;0;7;0;0;2;1;1;B01
200900010538;0;7;0;0;2;1;15;A01
200900010539;0;7;0;3;2;8;9;B01
200900010539;0;7;0;0;2;1;1;A01
200900010540;0;10;0;0;2;2;17;B02
200900010540;0;2;0;0;2;8;15;A01
200900010541;0;7;0;0;2;2;1;A01
200900010541;0;2;0;0;2;4;15;B02
200900010542;0;2;0;0;2;4;2;B02
200900010542;0;7;0;0;2;2;2;A01
200900010543;0;2;0;0;2;4;1;B02
200900010543;0;7;0;0;2;2;1;A01
200900010544;0;7;0;0;2;1;1;B02
200900010544;0;7;0;0;2;1;19;A01
200900010545;0;7;0;2;0;8;1;A01
200900010546;0;7;0;2;0;1;14;A01
200900010547;0;2;0;0;2;1;1;B02
200900010547;0;33;0;0;2;6;19;A01
200900010548;0;7;0;0;2;3;10;A01
200900010548;0;34;0;0;2;1;1;B02
200900010549;0;7;0;2;0;8;1;A01
200900010550;0;7;0;11;0;4;0;A01
200900010551;0;7;0;8;0;2;14;A01
200900010552;0;7;0;0;2;1;13;A01
200900010552;0;7;0;0;2;1;1;B02
200900010553;0;30;0;0;0;8;13;A01
200900010554;0;7;0;13;0;3;1;A01
200900010555;0;7;0;0;2;3;1;C03
200900010555;0;10;0;0;2;7;1;A01
200900010556;0;30;0;0;2;3;15;B02
200900010556;0;7;0;0;2;7;17;A01
200900010557;0;7;0;2;0;1;1;A01
200900010558;0;33;0;3;0;1;14;A01
200900010559;0;7;0;2;0;1;1;A01
200900010560;0;30;0;12;0;2;1;A01
200900010561;0;33;0;0;2;2;1;B01
200900010561;0;7;0;0;2;8;15;A01
200900010562;0;7;0;0;2;8;15;A01
200900010562;0;7;0;0;2;2;1;B01
200900010563;0;7;0;0;2;1;5;C01
200900010563;0;7;0;0;2;4;5;B01
200900010563;0;7;0;0;2;1;1;A01
200900010564;0;7;0;0;2;8;9;A01
200900010564;0;31;0;0;2;1;1;B01
200900010565;0;2;0;0;2;2;17;B01
200900010565;0;7;0;0;2;8;15;A01
200900010566;0;7;0;0;1;2;1;A01
200900010567;0;33;0;0;2;2;17;A01
200900010567;0;7;0;0;2;3;15;B02
200900010568;0;2;0;8;0;1;1;A01
200900010569;0;7;0;0;2;2;1;B01
200900010569;0;7;0;0;2;1;15;A01
200900010570;0;7;0;8;0;8;1;A01
200900010571;0;3;0;1;0;1;5;A01
200900010572;0;7;0;0;2;3;15;A01
200900010572;0;7;0;0;2;2;1;B01
200900010573;0;7;0;0;2;8;15;A01
200900010573;0;10;0;0;2;1;1;B01
200900010574;0;10;0;13;0;2;2;A01
200900010575;0;10;0;13;2;2;13;A01
200900010575;0;10;0;0;2;2;14;B01
200900010576;0;7;0;0;0;1;13;A01
200900010577;0;2;0;0;2;8;11;A01
200900010577;0;7;0;0;2;7;2;B01
200900010578;0;30;0;0;1;2;1;A01
200900010579;0;33;0;0;2;1;1;A01
200900010579;0;10;0;0;2;8;19;B01
200900010580;0;2;0;12;2;1;2;A01
200900010580;0;7;0;0;2;3;2;B01
200900010581;0;31;0;0;6;0;0;A01
200900010582;0;7;0;0;2;1;1;A01
200900010582;0;7;0;7;2;8;1;B01
200900010583;0;7;0;6;0;4;13;A01
200900010584;0;7;0;0;2;3;2;B01
200900010584;0;7;0;0;2;2;2;A01
200900010585;0;7;0;0;2;3;2;A01
200900010585;0;7;0;0;2;4;23;B01
200900010586;0;7;0;13;0;9;1;A01
200900010587;0;33;0;0;2;1;1;B01
200900010587;0;7;0;0;2;1;9;A01
200900010588;0;7;0;0;2;1;15;A01
200900010588;0;33;0;0;2;8;1;B01
200900010589;0;7;0;8;0;1;19;A01
200900010590;0;31;0;0;2;0;13;A01
200900010590;0;10;0;0;2;8;23;B01
200900010591;0;2;0;0;2;1;1;B01
200900010591;0;7;0;0;2;3;9;A01
200900010592;0;30;0;0;2;1;17;A01
200900010592;0;7;0;0;2;8;2;B01
200900010593;0;2;0;0;2;1;2;B01
200900010593;0;7;0;0;2;8;15;A01
200900010594;0;7;0;8;2;2;12;A01
200900010594;0;7;0;8;2;3;1;B01
200900010595;0;33;0;0;2;1;1;B01
200900010595;0;7;0;0;2;1;15;A01
200900010596;0;17;0;0;0;0;1;B01