num_acc;senc;catv;occutc;obs;obsm;choc;manv;num_veh
200900010597;0;2;0;0;2;7;15;A01
200900010597;0;7;0;0;2;1;9;B01
200900010598;0;7;0;0;2;1;2;B01
200900010598;0;7;0;0;2;3;2;A01
200900010599;0;7;0;0;2;2;2;B01
200900010599;0;10;0;0;2;1;16;A01
200900010600;0;7;0;0;2;1;0;A01
200900010600;0;7;0;0;2;1;1;B01
200900010601;0;7;0;2;0;1;2;A01
200900010602;0;7;0;0;2;3;1;A01
200900010602;0;7;0;0;2;3;1;B01
200900010603;2;7;0;13;0;2;1;A01
200900010604;0;31;0;0;2;4;0;B01
200900010604;0;10;0;0;2;1;0;A01
200900010605;0;7;0;2;0;1;21;A01
200900010606;0;30;0;0;2;8;3;A01
200900010606;0;7;0;0;2;3;4;B01
200900010607;0;1;0;0;2;7;11;B01
200900010607;0;7;0;0;9;7;1;A01
200900010608;0;7;0;0;1;4;4;A01
200900010609;0;7;0;0;2;2;1;B01
200900010609;0;7;0;0;2;3;5;A01
200900010610;0;7;0;0;2;1;21;B01
200900010610;0;31;0;0;2;8;1;A01
200900010611;0;7;0;2;0;8;1;A01
200900010612;0;7;0;0;1;2;1;A01
200900010613;0;7;0;0;2;1;1;A01
200900010613;0;7;0;0;2;4;2;B02
200900010614;0;7;0;0;2;1;21;B01
200900010614;0;7;0;0;2;8;0;A01
200900010615;0;7;0;0;2;1;21;B01
200900010615;0;10;0;0;2;1;1;A01
200900010616;0;7;0;0;2;4;2;B01
200900010616;0;7;0;0;2;1;1;A01
200900010617;0;7;0;0;2;5;1;B01
200900010617;0;7;0;0;2;6;1;A01
200900010618;0;7;0;0;2;7;1;A01
200900010618;0;32;0;0;2;8;2;B01
200900010619;0;7;0;0;2;2;1;A01
200900010619;0;2;0;0;2;1;15;B02
200900010620;0;7;0;0;2;6;1;C01
200900010620;0;7;0;1;2;2;1;B01
200900010620;0;7;0;0;2;1;11;A01
200900010621;0;7;0;0;2;1;2;A01
200900010621;0;7;0;0;2;4;9;B02
200900010622;0;33;0;13;0;1;13;A01
200900010623;0;10;0;0;2;7;15;A01
200900010623;0;33;0;0;2;1;1;B02
200900010624;0;1;0;16;0;0;1;A01
200900010625;0;10;0;0;0;2;16;A01
200900010625;0;1;0;0;2;1;1;B01
200900010626;0;7;0;0;1;1;1;A01
200900010627;0;7;0;0;2;2;17;A01
200900010627;0;7;0;0;2;3;20;B01
200900010628;0;7;0;0;1;1;1;A01
200900010629;0;30;0;1;0;1;1;A01
200900010630;0;1;0;0;2;1;1;A01
200900010630;0;7;0;0;2;7;1;B01
200900010631;0;2;0;0;2;4;1;A01
200900010631;0;1;0;0;2;4;1;B01
200900010632;0;2;0;0;0;0;0;A01
200900010632;0;1;0;0;0;0;1;B01
200900010633;0;37;1;0;2;3;1;B01
200900010633;0;7;0;0;2;1;1;A01
200900010634;0;7;0;1;0;1;14;A01
200900010635;0;7;0;0;1;1;15;A01
200900010636;0;7;0;0;2;4;16;B01
200900010636;0;7;0;0;2;1;1;A01
200900010637;0;7;0;8;0;1;1;A01
200900010638;0;7;0;0;1;1;15;A01
200900010639;0;10;0;0;2;2;15;A01
200900010639;0;2;0;0;0;1;1;B01
200900010640;0;2;0;0;2;1;17;A01
200900010640;0;7;0;0;2;6;1;B01
200900010641;0;7;0;0;2;8;20;B01
200900010641;0;30;0;0;2;1;17;A01
200900010642;0;32;0;8;0;1;2;A01
200900010643;0;2;0;0;0;0;1;A01
200900010644;0;7;0;0;0;0;0;A01
200900010645;0;7;0;0;2;4;1;B01
200900010645;1;7;0;0;2;1;1;A01
200900010646;0;33;0;6;0;1;2;A01
200900010647;0;30;0;0;2;1;1;B01
200900010647;0;7;0;0;2;3;9;A01
200900010648;0;7;0;0;2;0;1;B01
200900010648;0;7;0;3;2;0;13;A01
200900010649;0;7;0;0;2;7;1;B01
200900010649;0;31;0;0;2;1;1;A01
200900010650;0;7;0;0;2;1;1;A01
200900010650;0;1;0;0;2;6;19;B01
200900010651;0;7;0;0;0;1;15;A01
200900010651;0;30;0;0;2;1;1;B01
200900010652;0;30;0;1;0;1;14;B02
200900010652;0;7;0;0;0;5;24;A01
200900010653;0;7;0;0;0;1;11;A01
200900010653;0;7;0;0;2;3;1;B01
200900010654;0;7;0;5;0;9;1;A01
200900010655;0;30;0;0;2;1;1;B01
200900010655;0;7;0;0;2;0;23;A01
200900010655;0;7;0;0;2;1;1;C01
200900010656;0;7;0;0;0;0;1;A01
200900010656;0;31;0;6;0;7;0;B01
200900010657;0;33;0;7;0;0;0;A01
200900010658;0;7;0;13;0;9;13;A01
200900010659;0;7;0;0;2;3;0;A01
200900010659;0;7;0;0;2;3;0;B01
200900010660;0;7;0;0;2;1;2;A01
200900010660;0;99;0;0;2;6;1;B01
200900010661;0;7;0;0;2;1;2;B01
200900010661;0;10;0;0;2;1;13;A01
200900010662;0;7;0;0;2;2;1;A01
200900010662;0;7;0;0;2;4;1;C01
200900010662;0;7;0;0;2;3;1;B01
200900010663;0;99;0;0;0;1;14;A01
200900010664;0;7;0;0;2;2;9;A01
200900010664;0;1;0;0;2;4;1;B01
200900010665;0;7;0;0;2;1;1;A01
200900010665;0;7;0;0;2;3;1;B01
200900010666;0;7;0;0;2;7;2;A01
200900010666;0;7;0;0;2;1;1;B01
200900010667;0;7;0;0;2;8;15;B01
200900010667;0;33;0;0;2;1;1;A01
200900010668;1;7;0;0;2;5;17;A01
200900010668;0;31;0;0;2;1;1;B01
200900010669;0;32;0;0;2;1;2;B01
200900010669;0;7;0;0;2;4;2;A01
200900010670;0;7;0;3;0;2;1;A01
200900010671;0;7;0;6;0;8;1;A01
200900010672;0;7;0;0;0;0;0;A01
200900010673;0;33;0;0;2;4;2;C01
200900010673;0;7;0;0;2;4;2;A01
200900010673;0;7;0;0;2;1;2;B01
200900010674;0;7;0;0;2;0;0;A01
200900010674;0;7;0;0;2;0;1;B01
200900010675;0;7;0;0;2;0;0;A01
200900010675;0;7;0;0;2;0;0;B01
200900010676;0;7;0;3;0;0;0;A01
200900010677;0;33;0;0;2;0;0;A01
200900010678;0;7;0;3;2;0;13;A01
200900010678;1;7;0;0;2;0;0;B01
200900010679;0;7;0;0;2;0;0;A01
200900010679;0;7;0;0;2;3;1;B01
200900010680;0;17;0;4;0;0;13;A01
200900010681;0;7;0;4;0;0;0;A01
200900010682;0;33;0;0;0;0;0;A01
200900010683;0;7;0;4;0;0;14;A01
200900010684;0;7;0;13;0;0;0;A01
200900010685;0;17;0;0;2;7;12;A01
200900010685;0;7;0;3;2;8;14;B01
200900010686;0;7;0;4;0;0;0;A01
200900010686;0;7;0;0;9;0;0;B01
200900010687;0;7;0;1;0;1;14;A01
200900010687;0;7;0;0;2;4;24;B01
200900010688;0;7;0;0;0;9;0;A01
200900010689;0;7;0;0;2;4;2;B01
200900010689;0;33;0;0;2;1;2;A01
200900010690;0;7;0;13;0;0;0;A01
200900010691;0;17;0;0;2;2;1;B01
200900010691;0;7;0;0;2;3;11;A01
200900010692;0;7;0;4;2;0;0;A01
200900010692;0;7;0;0;2;0;1;B01
200900010693;0;7;0;0;0;9;0;A01
200900010694;0;7;0;7;0;9;0;A01
200900010695;0;7;0;0;2;7;1;C01
200900010695;0;7;0;0;2;7;1;D01
200900010695;0;10;0;0;2;4;2;B01
200900010695;0;17;0;0;2;1;2;A01
200900010695;0;7;0;0;2;7;1;E01
200900010696;0;7;0;0;2;7;11;A01
200900010696;0;10;0;0;2;0;1;B01
200900010697;0;7;0;4;0;0;0;A01
200900010698;0;7;0;3;0;0;0;A01
200900010699;0;7;0;0;2;1;2;A01
200900010699;0;7;0;0;2;4;2;B01
200900010700;0;7;0;0;2;0;0;B01
200900010700;0;10;0;0;2;0;0;C01
200900010700;0;17;0;0;2;0;0;A01
200900010701;0;7;0;0;2;1;2;B01
200900010701;0;7;0;0;2;1;2;E01
200900010701;0;17;0;0;2;1;2;H02
200900010701;0;7;0;0;2;4;2;D01
200900010701;0;7;0;0;2;4;2;A01
200900010701;0;7;0;0;2;1;2;C01
200900010701;0;7;0;0;2;1;2;F02
200900010701;0;7;0;0;2;1;2;G02
200900010702;0;7;0;3;0;0;0;A01
200900010703;0;7;0;0;2;0;0;A01
200900010703;0;7;0;0;2;0;1;B01
200900010704;0;33;0;0;0;0;0;A01
200900010705;0;7;0;1;0;2;9;A01
200900010705;0;7;0;0;2;6;24;B01
200900010706;0;7;0;4;0;9;0;A01
200900010707;0;7;0;0;2;0;0;B01
200900010707;0;7;0;0;2;0;0;C01
200900010707;0;7;0;0;2;0;0;A01
200900010708;0;7;0;0;2;1;2;A01
200900010708;0;7;0;0;2;4;2;C01
200900010708;0;7;0;0;2;1;2;B01
200900010709;0;7;0;13;0;0;0;A01
200900010710;0;7;0;4;0;0;0;A01
200900010711;0;33;0;4;0;0;0;A01
200900010712;0;7;0;0;0;0;0;A01
200900010713;0;17;0;0;2;7;12;A01
200900010713;0;7;0;0;2;8;1;B01
200900010714;0;7;0;4;0;0;0;A01
200900010715;0;15;0;0;2;0;1;B01
200900010715;0;33;0;14;0;1;12;A01
200900010716;0;7;0;0;2;1;2;A01
200900010716;0;33;0;0;2;4;2;B01
200900010717;0;17;0;0;2;4;2;A01
200900010717;0;7;0;0;2;1;2;C01
200900010717;0;7;0;0;2;1;2;B01
200900010718;1;7;0;13;0;0;0;A01
200900010719;0;7;0;0;2;1;1;B01
200900010719;0;7;0;0;2;1;15;A01
200900010720;0;7;0;0;2;2;1;A01
200900010720;0;30;0;0;2;1;1;B01
200900010721;0;37;1;0;2;5;17;A01
200900010721;0;1;0;0;2;8;1;B01
200900010722;0;7;0;10;0;1;1;A01
200900010723;0;7;0;0;9;8;22;V01
200900010723;0;1;0;1;0;1;1;B01
200900010724;0;2;0;0;2;1;1;B01
200900010724;0;7;0;0;2;6;1;A01
200900010725;0;7;0;0;1;1;15;A01
200900010726;0;7;0;0;1;2;1;A01
200900010727;0;7;0;0;2;1;15;A01
200900010727;0;30;0;0;2;3;1;B01
200900010728;1;7;0;0;1;1;1;A01
200900010729;0;7;0;0;1;1;1;A01
200900010730;0;7;0;0;2;1;1;A01
200900010730;0;7;0;0;2;4;23;B01
200900010731;1;7;0;0;1;0;1;A01
200900010732;1;7;0;0;2;1;15;A01
200900010732;0;7;0;0;2;1;1;B01
200900010733;0;7;0;0;2;3;9;A01
200900010733;0;31;0;0;2;1;17;B01
200900010734;0;30;0;0;1;1;1;A01
200900010735;0;7;0;0;2;1;1;B01
200900010735;0;7;0;0;2;1;19;A01
200900010735;0;7;0;0;2;1;23;C01
200900010736;0;2;0;0;2;0;17;B01
200900010736;0;7;0;0;2;0;15;A01
200900010737;0;7;0;0;1;1;1;A01
200900010738;0;7;0;0;1;1;0;A01
200900010739;0;31;0;12;0;1;1;A01
200900010740;0;7;0;0;2;4;1;B01
200900010740;0;7;0;0;2;4;1;A01
200900010741;0;7;0;0;2;1;1;A01
200900010741;0;7;0;0;2;4;1;B01
200900010742;1;2;0;0;1;1;1;A01
200900010743;0;7;0;0;1;2;1;A01
200900010744;0;7;0;0;1;1;15;A01
200900010745;0;7;0;0;2;3;15;A01
200900010745;0;2;0;0;2;7;1;B01
200900010746;0;7;0;6;2;1;1;A01
200900010746;0;7;0;0;2;7;15;B01
200900010747;0;7;0;1;2;2;2;B01
200900010747;0;7;0;0;2;1;1;A01
200900010748;0;2;0;0;2;1;13;A01
200900010748;0;7;0;0;2;3;1;B01
200900010749;0;7;0;0;2;0;15;B01
200900010749;0;31;0;0;2;0;17;A01
200900010750;0;7;0;0;2;2;1;B01
200900010750;0;7;0;0;2;3;1;A01
200900010751;0;7;0;0;1;1;16;A01
200900010752;0;7;0;3;0;9;1;A01
200900010753;0;7;0;0;1;2;1;A01
200900010754;0;7;0;0;2;1;1;B01
200900010754;0;7;0;0;2;9;1;A01
200900010755;0;7;0;8;2;1;16;A01
200900010755;0;1;0;0;2;1;1;B01
200900010756;0;2;0;0;2;9;1;B01
200900010756;0;7;0;14;2;2;1;A01
200900010757;0;2;0;0;2;1;0;B01
200900010757;0;7;0;0;2;7;15;A01
200900010758;0;99;0;0;1;1;1;A01
200900010759;0;1;0;0;1;1;1;A01
200900010760;0;7;0;0;1;1;1;A01
200900010761;0;7;0;0;2;7;16;A01
200900010761;0;1;0;0;2;1;1;B01
200900010762;0;7;0;0;2;1;1;B01
200900010762;0;7;0;0;2;3;16;A01
200900010763;0;7;0;0;1;1;1;A01
200900010764;0;7;0;0;2;2;15;A01
200900010764;0;33;0;0;2;1;1;B01
200900010765;0;7;0;0;2;2;19;A01
200900010765;0;7;0;0;2;3;19;B01
200900010766;0;7;0;0;1;1;15;A01
200900010767;0;33;0;0;2;1;1;B01
200900010767;0;7;0;0;2;7;10;A01
200900010768;0;7;0;0;2;2;0;A01
200900010768;0;7;0;0;2;4;1;C01
200900010768;0;7;0;0;2;5;1;B01
200900010769;0;7;0;0;1;1;16;A01
200900010770;0;2;0;1;0;1;14;A01
200900010771;0;7;0;0;1;1;1;A01
200900010772;0;7;0;0;1;1;15;A01
200900010773;0;7;0;13;0;8;1;A01
200900010774;0;7;0;0;2;0;17;A01
200900010774;0;2;0;0;2;8;1;B01
200900010775;0;7;0;0;1;3;1;A01
200900010776;0;7;0;0;2;1;10;A01
200900010776;0;7;0;0;2;7;1;B01
200900010777;0;7;0;0;1;1;1;A01
200900010778;0;7;0;0;1;2;13;A01
200900010779;0;7;0;0;2;4;1;C01
200900010779;0;7;0;0;2;4;1;A01
200900010779;0;7;0;0;2;4;1;B01
200900010780;0;7;0;0;2;1;15;A01
200900010780;0;33;0;0;2;1;1;B01
200900010781;0;7;0;0;1;3;0;A01
200900010782;0;30;0;11;0;1;1;A01
200900010783;0;7;0;5;0;2;2;A01
200900010784;0;1;0;1;0;0;1;B01
200900010784;0;7;0;0;2;0;22;A01
200900010785;0;33;0;0;2;1;1;B01
200900010785;0;7;0;0;2;3;1;A01
200900010786;0;7;0;9;0;9;1;A01
200900010787;0;7;0;0;2;1;15;A01
200900010787;0;32;0;0;2;1;1;B01
200900010788;0;7;0;0;1;1;1;A01
200900010789;0;7;0;0;2;3;1;A01
200900010789;0;13;0;0;2;6;1;B01
200900010790;0;7;0;0;2;0;0;B01
200900010790;0;30;0;0;2;0;1;A01
200900010791;0;37;2;0;2;3;13;A01
200900010791;0;7;0;0;2;1;1;B01
200900010792;0;1;0;0;2;1;1;A01
200900010792;0;7;0;0;2;1;1;B01
200900010793;0;37;1;0;2;3;13;A01
200900010793;0;7;0;0;2;2;1;B01
200900010794;0;7;0;0;1;1;15;A01
200900010795;0;33;0;0;9;3;1;B01
200900010795;0;1;0;0;2;1;1;A01
200900010796;0;33;0;0;2;8;1;B01
200900010796;0;7;0;0;2;2;10;A01
200900010797;0;7;0;0;0;8;1;B01
200900010797;0;7;0;0;2;1;1;A01
200900010798;0;33;0;0;2;8;1;B01
200900010798;0;7;0;0;2;8;1;A01
200900010799;0;7;0;8;2;1;0;A01
200900010799;0;7;0;0;2;3;1;B01
200900010800;0;7;0;0;2;1;1;B01
200900010800;0;7;0;0;2;7;15;A01
200900010801;1;7;0;0;2;1;1;A01
200900010801;0;7;0;0;2;2;1;B01
200900010802;0;7;0;0;0;1;0;A01
200900010803;0;7;0;2;0;2;1;A01
200900010804;0;7;0;0;0;4;2;B02
200900010804;0;33;0;0;2;1;2;A01
200900010805;0;7;0;0;1;7;1;A01
200900010806;0;2;0;14;0;1;1;A01
200900010807;0;7;0;0;1;2;1;A01
200900010808;0;7;0;2;0;1;1;A01
200900010809;0;7;0;13;0;9;1;A01
200900010810;0;30;0;8;0;2;1;A01
200900010811;0;10;0;0;2;8;15;B02
200900010811;0;33;0;0;2;1;17;A01
200900010812;0;7;0;0;0;3;15;A01
200900010812;0;2;0;0;0;1;1;B02
200900010813;0;7;0;0;2;3;19;A01
200900010813;0;2;0;0;2;1;1;B02
200900010814;0;7;0;0;2;8;19;A01
200900010814;0;7;0;0;2;3;1;B02
200900010815;0;33;0;0;2;1;13;A01
200900010815;0;33;0;0;2;1;1;B02
200900010816;0;7;0;0;0;7;1;A01
200900010816;0;7;0;0;2;1;1;B02
200900010817;0;10;0;0;2;3;1;A01
200900010817;0;7;0;0;2;1;1;B02
200900010818;0;33;0;0;2;1;1;B02
200900010818;0;7;0;0;2;2;1;A01
200900010819;0;7;0;2;0;3;13;A01
200900010820;0;7;0;0;0;5;0;A01
200900010820;0;7;0;0;0;1;0;B02
200900010821;0;7;0;0;0;3;13;A01
200900010821;0;7;0;0;0;3;1;B02
200900010822;0;10;0;0;1;3;1;A01
200900010823;1;7;0;0;0;0;0;A01
200900010824;0;7;0;0;2;6;1;B01
200900010824;0;33;0;0;2;1;1;A01
200900010825;0;33;0;0;2;1;1;A01
200900010825;0;7;0;0;2;1;1;B01
200900010826;0;7;0;0;2;4;1;B01
200900010826;0;32;0;0;2;1;1;A01
200900010827;0;33;0;0;2;1;17;A01
200900010827;0;7;0;0;2;8;15;B01
200900010828;0;7;0;0;2;3;16;A01
200900010828;0;7;0;0;2;1;1;B01
200900010829;0;33;0;0;2;1;1;A01
200900010829;0;7;0;0;2;7;15;B01
200900010830;0;10;0;0;2;1;1;A01
200900010830;0;2;0;0;2;4;1;B01
200900010831;0;7;0;0;2;7;21;D01
200900010831;0;7;0;0;2;1;17;C01
200900010831;0;15;0;0;0;6;2;B01
200900010831;0;7;0;0;2;2;11;A01
200900010832;0;7;0;15;0;1;1;A01
200900010833;0;7;0;0;2;1;2;A01
200900010833;0;7;0;0;2;4;2;B01
200900010834;0;7;0;0;2;1;14;A01
200900010834;0;7;0;0;2;4;23;B01
200900010835;0;7;0;0;2;1;5;A01
200900010835;0;7;0;0;2;1;1;B01
200900010836;0;7;0;0;2;1;2;C01
200900010836;0;7;0;0;2;2;1;B01
200900010836;0;7;0;0;2;3;9;A01
200900010837;0;7;0;0;1;4;0;A01
200900010838;0;7;0;0;2;4;1;B01
200900010838;0;10;0;0;2;4;1;A01
200900010839;0;2;0;0;2;1;17;A01
200900010839;0;10;0;0;2;8;15;B01
200900010840;0;7;0;0;2;1;15;B01
200900010840;0;33;0;0;2;1;16;A01
200900010841;0;31;0;0;2;1;1;A01
200900010841;0;7;0;0;1;4;1;C01
200900010841;0;33;0;0;0;7;2;B01
200900010842;0;31;0;0;2;1;1;B01
200900010842;0;7;0;0;2;3;10;A01
200900010843;0;31;0;0;2;1;1;B01
200900010843;0;7;0;0;2;3;9;A01
200900010844;0;7;0;0;1;3;1;A01
200900010845;0;14;0;0;2;2;2;A01
200900010845;0;7;0;0;2;4;1;B01
200900010846;0;7;0;0;2;0;15;B01
200900010846;0;7;0;0;2;0;1;D01
200900010846;0;7;0;0;2;1;1;C01
200900010846;0;99;0;0;2;1;1;A01
200900010847;0;7;0;0;2;1;9;A01
200900010847;0;1;0;0;2;1;1;B01
200900010848;0;7;0;7;0;1;1;A01
200900010849;0;7;0;1;0;1;0;A01
200900010850;0;33;0;0;9;1;17;A01
200900010850;0;1;0;0;2;4;1;B01
200900010851;0;31;0;0;2;2;1;B01
200900010851;0;10;0;0;2;3;9;A01
200900010852;0;7;0;6;0;1;1;A01
200900010853;0;7;0;0;2;6;15;A01
200900010853;0;31;0;0;2;1;17;B01
200900010854;0;33;0;9;0;2;1;A01
200900010855;0;33;0;0;2;1;1;B01
200900010855;0;7;0;0;2;1;9;A01
200900010856;0;37;20;0;2;6;23;B01
200900010856;0;37;10;0;2;7;17;A01
200900010857;0;7;0;0;1;3;1;A01
200900010858;0;7;0;0;2;5;15;B01
200900010858;0;7;0;0;2;1;1;A01
200900010859;0;7;0;0;2;1;2;A01
200900010859;0;7;0;0;2;4;1;B01
200900010860;0;7;0;0;1;1;1;A01
200900010861;0;2;0;0;2;1;1;B01
200900010861;0;7;0;0;2;2;15;A01
200900010862;0;7;0;0;2;1;1;B01
200900010862;0;7;0;0;2;5;9;A01
200900010863;0;7;0;0;2;1;2;A01
200900010863;0;7;0;0;2;4;23;B01
200900010864;0;7;0;0;2;2;16;A01
200900010864;0;7;0;0;2;8;9;B01
200900010865;0;33;0;0;2;8;10;A01
200900010865;0;33;0;0;2;1;1;B01
200900010866;0;10;0;0;2;3;15;B02
200900010866;0;33;0;0;2;1;1;A01
200900010867;0;10;0;0;2;1;1;B02
200900010867;0;7;0;0;2;2;11;A01
200900010867;0;7;0;0;0;6;23;D04
200900010867;0;7;0;0;2;1;1;C03
200900010868;0;7;0;0;2;3;1;B02
200900010868;0;10;0;0;2;3;1;A01
200900010869;0;7;0;0;2;1;13;A01
200900010869;0;7;0;0;2;8;15;B02
200900010870;0;7;0;0;6;1;1;A01
200900010871;0;7;0;0;2;3;1;A01
200900010871;0;7;0;0;2;3;15;B02
200900010872;0;7;0;13;0;9;1;A01
200900010873;0;30;0;0;0;4;2;B02
200900010873;0;7;0;0;2;1;2;A01
200900010874;0;32;0;0;0;8;1;A01
200900010875;0;7;0;2;0;8;1;A01
200900010876;0;10;0;0;2;3;1;B02
200900010876;0;7;0;0;2;6;1;A01
200900010877;0;10;0;0;2;1;17;A01
200900010877;0;7;0;0;2;1;1;B02
200900010878;0;7;0;13;0;8;1;B02
200900010878;0;7;0;13;0;6;1;A01
200900010879;0;7;0;1;0;2;15;A01
200900010879;0;30;0;0;0;2;1;B02
200900010880;0;7;0;0;2;2;1;B02
200900010880;0;7;0;0;2;3;17;A01
200900010881;0;7;0;0;0;4;2;B02
200900010881;0;33;0;0;2;1;2;A01
200900010882;0;10;0;0;2;2;10;B02
200900010882;0;7;0;0;2;3;1;A01
200900010883;0;7;0;0;2;1;1;B02
200900010883;0;7;0;0;2;8;19;A01
200900010884;0;7;0;9;0;1;1;A01
200900010885;0;2;0;0;2;1;1;B01
200900010885;0;10;0;0;2;3;9;A01
200900010886;0;7;0;1;0;2;1;B01
200900010886;0;7;0;0;2;3;22;A01
200900010887;0;7;0;0;2;0;15;A01
200900010887;0;1;0;0;2;4;1;B01
200900010888;0;1;0;0;0;0;0;B01
200900010888;0;32;0;0;9;1;1;A01
200900010889;0;2;0;12;2;3;2;B01
200900010889;1;7;0;0;2;2;1;A01
200900010890;0;7;0;0;0;7;1;A01
200900010891;0;7;0;8;0;7;1;A01
200900010892;0;7;0;0;1;0;2;A01
200900010893;0;7;0;2;0;9;13;A01
200900010894;0;30;0;0;2;1;2;A01
200900010894;0;30;0;0;2;4;1;B02
200900010895;0;10;0;0;1;6;4;A01
200900010896;0;7;0;3;0;1;0;A01
200900010897;0;7;0;3;0;2;1;A01
200900010898;0;7;0;0;0;1;1;A01
200900010899;0;7;0;16;0;1;1;A01
200900010900;0;7;0;13;0;2;1;A01
200900010901;0;7;0;0;2;3;13;A01
200900010901;0;7;0;0;2;3;0;B01
200900010902;0;7;0;4;0;1;1;A01
200900010903;0;30;0;0;2;2;13;B02
200900010903;0;7;0;0;2;2;1;A01
200900010904;0;2;0;8;0;7;1;A01
200900010905;0;33;0;0;2;1;1;B02
200900010905;0;7;0;0;2;7;15;A01
200900010906;0;10;0;0;2;4;2;A01
200900010906;0;3;0;0;2;4;2;B01
200900010907;0;7;0;1;2;1;13;B01
200900010907;0;7;0;1;2;1;1;A01
200900010908;0;7;0;0;2;5;1;A01
200900010908;0;33;0;0;2;1;2;B01
200900010909;0;7;0;0;0;8;15;B02
200900010909;0;38;0;0;2;3;21;A01
200900010910;0;7;0;10;0;1;13;A01
200900010911;0;7;0;0;2;3;1;A01
200900010911;0;2;0;0;2;1;13;B02
200900010912;0;2;0;13;0;1;1;A01
200900010913;0;7;0;0;0;0;0;A01
200900010914;0;7;0;0;2;3;1;B02
200900010914;0;7;0;0;2;1;1;A01
200900010915;0;33;0;13;0;7;14;A01
200900010916;0;7;0;0;1;2;15;A01
200900010917;0;1;0;0;2;6;1;A01
200900010917;0;30;0;0;2;8;17;B02
200900010918;0;7;0;0;2;3;1;B02
200900010918;0;7;0;0;2;2;1;A01
200900010919;0;7;0;13;0;9;1;A01
200900010920;0;7;0;0;2;6;15;B01
200900010920;0;30;0;0;2;2;17;A01
200900010921;0;7;0;0;1;1;15;A01
200900010922;0;37;1;0;2;0;1;A01
200900010922;1;7;0;0;0;0;16;Z01
200900010923;0;7;0;13;0;1;1;A01
200900010924;0;30;0;0;2;1;17;A01
200900010924;0;7;0;0;2;3;15;B01
200900010925;0;7;0;0;2;2;2;A01
200900010925;0;1;0;0;2;8;19;B01
200900010926;0;7;0;0;1;1;20;A01
200900010927;0;7;0;0;2;2;0;A01
200900010927;0;2;0;0;2;8;1;B01
200900010928;0;7;0;0;2;1;1;A01
200900010928;0;7;0;0;2;1;13;B01
200900010929;0;7;0;0;2;1;1;B01
200900010929;0;7;0;0;2;2;15;A01
200900010930;0;15;0;2;0;7;1;B01
200900010931;0;7;0;0;2;2;17;A01
200900010931;0;7;0;0;2;6;1;B01
200900010932;0;14;0;0;2;2;19;A01
200900010932;0;7;0;0;2;3;1;B01
200900010933;0;1;0;13;0;0;1;A01
200900010934;0;33;0;0;0;0;1;A01
200900010935;0;7;0;0;2;1;1;B01
200900010935;0;7;0;3;2;7;13;A01
200900010936;0;2;0;0;2;3;1;A01
200900010936;0;10;0;0;2;3;1;B01
200900010937;0;7;0;0;2;3;1;B01
200900010937;0;7;0;2;2;1;1;A01
200900010938;0;7;0;0;2;8;1;A01
200900010938;0;7;0;0;2;3;19;B01
200900010939;0;7;0;3;0;2;14;A01
200900010939;0;7;0;0;9;1;1;B01
200900010940;0;7;0;0;2;8;11;A01
200900010940;0;7;0;0;2;7;2;B01
200900010941;0;33;0;0;2;1;1;B01
200900010941;0;7;0;0;2;7;15;A01
200900010942;0;10;0;0;1;3;1;A01
200900010943;0;7;0;8;2;4;1;B01
200900010943;0;7;0;0;2;1;2;A01
200900010944;0;7;0;3;2;7;9;A01
200900010944;0;7;0;0;2;8;1;B01
200900010945;0;1;0;0;1;1;2;A01
200900010946;0;7;0;0;1;1;2;A01
200900010947;0;30;0;0;0;0;1;A01
200900010948;0;7;0;0;2;3;23;B01
200900010948;0;7;0;7;2;1;1;A01
200900010949;0;7;0;6;0;3;1;A01
200900010950;0;7;0;0;2;3;1;B01
200900010950;0;7;0;0;2;3;1;A01
200900010951;0;7;0;0;2;7;15;A01
200900010951;0;7;0;0;2;1;1;B01
200900010952;0;33;0;0;0;0;1;A01
200900010953;0;10;0;0;2;1;2;A01
200900010953;0;7;0;0;2;4;2;B01
200900010954;0;7;0;0;2;3;1;A01
200900010954;0;7;0;0;0;8;19;B01
200900010955;0;7;0;8;0;1;2;A01
200900010956;0;7;0;0;2;3;9;A01
200900010956;0;2;0;0;2;1;2;B01
200900010957;0;2;0;16;0;8;1;A01
200900010958;0;7;0;0;1;1;2;A01
200900010958;0;7;0;0;2;7;2;B01
200900010959;0;7;0;0;1;8;20;A01
200900010960;0;7;0;1;1;2;1;A01
200900010961;0;7;0;0;2;6;11;A01
200900010961;0;33;0;0;2;1;1;B01
200900010962;0;33;0;12;0;1;1;A01
200900010963;0;7;0;0;2;3;10;A01
200900010963;0;31;0;0;2;1;17;B01
200900010964;0;7;0;8;0;7;1;A01
200900010965;0;33;0;0;2;1;1;B02
200900010965;0;7;0;0;2;2;1;A01
200900010966;0;2;0;0;2;1;16;B02
200900010966;0;7;0;0;2;7;1;A01
200900010967;0;7;0;0;2;2;1;B02
200900010967;0;7;0;0;2;3;13;A01
200900010968;0;7;0;0;2;1;21;B02
200900010968;0;7;0;0;2;1;5;A01
200900010969;0;15;0;3;0;3;1;A01
200900010970;0;7;0;0;2;1;13;A01
200900010971;0;7;0;0;2;2;0;A01
200900010971;0;1;0;0;2;1;19;B02
200900010972;0;7;0;13;0;1;1;A01
200900010973;0;7;0;13;0;9;12;A01