num_acc;senc;catv;occutc;obs;obsm;choc;manv;num_veh
200900010974;0;10;0;0;2;3;1;B02
200900010974;0;7;0;0;2;9;17;A01
200900010975;0;7;0;13;0;9;1;A01
200900010976;0;7;0;0;2;3;21;B02
200900010976;0;32;0;0;0;1;1;A01
200900010977;0;7;0;13;0;2;0;A01
200900010978;0;7;0;0;2;7;15;A01
200900010978;0;33;0;0;2;1;1;B02
200900010979;0;2;0;0;2;1;1;A01
200900010979;0;7;0;0;2;8;1;B02
200900010980;0;7;0;0;0;0;0;A01
200900010981;0;30;0;0;0;4;2;B02
200900010981;0;7;0;0;2;2;2;A01
200900010982;0;2;0;0;2;1;1;B02
200900010982;0;2;0;0;9;8;10;A01
200900010983;0;7;0;0;2;1;1;A01
200900010983;0;7;0;0;2;7;1;B02
200900010984;0;7;0;0;2;3;15;B02
200900010984;0;33;0;0;2;1;1;A01
200900010985;0;10;0;2;0;1;1;A01
200900010986;0;7;0;0;0;9;1;A01
200900010987;0;7;0;13;0;9;1;A01
200900010988;0;30;0;0;2;1;19;A01
200900010988;0;7;0;0;2;2;1;B02
200900010989;0;10;0;0;2;8;1;A01
200900010989;0;10;0;0;2;1;1;B02
200900010990;0;2;0;0;2;1;1;A01
200900010990;0;7;0;0;2;3;15;B02
200900010991;0;31;0;0;2;1;1;A01
200900010991;0;10;0;0;0;6;11;B02
200900010992;0;7;0;0;9;5;1;A01
200900010992;0;2;0;0;2;1;1;B02
200900010993;0;1;0;0;2;8;1;B02
200900010993;0;7;0;0;2;1;15;A01
200900010994;0;33;0;0;2;1;1;A01
200900010994;0;7;0;0;2;6;15;B02
200900010995;0;7;0;0;0;3;0;B02
200900010995;0;33;0;0;0;1;0;A01
200900010996;0;33;0;0;2;1;17;A01
200900010996;0;7;0;0;2;6;17;B02
200900010997;0;33;0;0;0;1;1;B02
200900010997;0;7;0;0;0;7;15;A01
200900010998;0;30;0;8;0;1;14;A01
200900010999;0;7;0;0;2;1;1;B01
200900010999;0;2;0;0;2;5;15;A01
200900011000;0;2;0;12;0;7;1;A01
200900011001;0;7;0;0;0;8;15;B01
200900011001;0;30;0;0;2;1;1;A01
200900011002;0;7;0;0;1;1;1;A01
200900011003;0;7;0;0;2;3;1;B01
200900011003;0;31;0;0;2;1;13;A01
200900011004;0;7;0;0;0;7;15;A01
200900011004;0;7;0;0;2;1;1;B01
200900011005;0;7;0;0;2;3;15;A01
200900011005;0;33;0;0;2;1;1;B01
200900011006;0;7;0;0;2;1;1;B01
200900011006;0;7;0;0;2;1;1;A01
200900011007;0;33;0;0;0;0;1;A01
200900011008;0;2;0;0;0;0;1;A01
200900011009;0;1;0;0;2;1;1;A01
200900011009;0;7;0;0;2;2;1;B01
200900011010;0;7;0;1;0;1;1;A01
200900011011;0;7;0;0;2;5;1;B01
200900011011;0;7;0;0;2;1;9;A01
200900011012;0;7;0;0;0;1;13;A01
200900011012;0;7;0;0;0;1;1;B02
200900011013;0;33;0;0;2;1;1;B02
200900011013;0;7;0;0;2;3;15;A01
200900011014;0;30;0;0;0;8;1;A01
200900011015;0;7;0;0;2;2;1;C03
200900011015;0;33;0;0;2;2;1;A01
200900011015;0;7;0;0;2;2;15;B02
200900011016;0;7;0;0;2;7;11;A01
200900011016;0;30;0;0;2;1;0;B01
200900011017;0;7;0;2;0;8;1;A01
200900011018;0;36;0;8;0;2;0;A01
200900011019;0;7;0;7;2;3;1;A01
200900011019;0;7;0;0;2;8;1;B01
200900011020;0;33;0;1;2;6;21;B01
200900011020;0;7;0;0;2;8;15;A01
200900011021;0;33;0;0;2;7;1;B01
200900011021;0;10;0;0;2;1;15;A01
200900011022;0;7;0;0;1;1;0;A01
200900011023;0;7;0;0;1;2;1;A01
200900011024;0;7;0;6;0;8;1;A01
200900011025;0;20;0;0;1;3;1;A01
200900011026;0;7;0;0;2;3;13;A01
200900011026;0;15;0;0;2;3;1;B02
200900011027;0;7;0;13;0;1;0;A01
200900011028;0;7;0;0;1;1;1;A01
200900011029;0;33;0;13;0;1;0;A01
200900011030;0;7;0;13;0;1;1;A01
200900011031;0;33;0;12;0;1;1;A01
200900011032;0;7;0;0;1;1;1;A01
200900011033;0;7;0;0;2;3;13;A01
200900011033;0;7;0;0;2;3;1;C03
200900011033;0;7;0;0;0;0;1;B02
200900011034;0;7;0;2;0;3;13;A01
200900011035;0;7;0;13;0;1;1;A01
200900011036;0;33;0;0;2;1;1;B02
200900011036;0;10;0;0;2;7;15;A01
200900011037;0;7;0;2;0;6;1;A01
200900011038;0;7;0;8;0;1;2;A01
200900011039;0;7;0;6;0;1;1;A01
200900011040;0;7;0;1;2;7;1;A01
200900011040;0;10;0;0;2;1;1;B01
200900011041;0;7;0;0;2;3;15;A01
200900011041;0;7;0;0;2;1;1;B02
200900011042;0;1;0;0;2;8;15;B02
200900011043;0;7;0;0;2;0;23;B02
200900011043;0;33;0;0;2;1;13;A01
200900011044;0;7;0;0;0;4;2;A01
200900011044;0;14;0;0;2;1;0;B02
200900011045;0;7;0;0;2;2;17;A01
200900011045;0;21;0;0;2;8;15;B02
200900011046;0;7;0;8;0;1;1;A01
200900011047;0;7;0;0;0;2;1;A01
200900011048;0;7;0;16;0;1;1;A01
200900011049;0;14;0;0;2;1;2;A01
200900011049;0;7;0;0;2;4;23;B01
200900011050;0;7;0;2;0;9;1;A01
200900011051;0;7;0;2;0;1;2;A01
200900011052;0;2;0;9;0;1;0;A01
200900011053;0;7;0;0;2;5;17;B01
200900011053;0;35;0;0;2;3;1;A01
200900011054;0;7;0;16;0;1;2;A01
200900011055;0;7;0;0;1;2;1;A01
200900011056;0;7;0;0;2;1;15;B01
200900011056;0;2;0;0;2;1;17;A01
200900011057;0;10;0;3;0;1;2;A01
200900011058;0;7;0;9;0;1;1;A01
200900011059;0;7;0;0;1;2;2;A01
200900011059;0;33;0;0;2;1;2;B01
200900011060;0;7;0;9;2;1;2;B01
200900011060;0;7;0;0;2;2;2;A01
200900011061;0;7;0;0;2;3;9;B01
200900011061;0;2;0;0;2;1;17;A01
200900011061;0;7;0;0;2;7;23;C01
200900011062;0;33;0;16;0;7;1;A01
200900011063;0;2;0;0;0;0;1;A01
200900011064;0;7;0;0;1;4;4;A01
200900011065;0;7;0;0;2;1;1;A01
200900011065;0;7;0;0;2;8;19;B01
200900011066;0;7;0;6;0;2;1;A01
200900011067;0;7;0;0;2;1;2;A01
200900011067;0;7;0;0;2;4;23;B01
200900011068;0;7;0;0;2;8;16;A01
200900011068;0;7;0;0;2;1;1;B01
200900011069;0;33;0;0;2;7;2;A01
200900011069;0;7;0;0;2;2;2;B01
200900011070;0;33;0;0;0;0;2;A01
200900011071;0;30;0;0;2;1;1;A01
200900011071;0;7;0;0;2;2;1;B01
200900011072;0;33;0;0;2;2;1;B01
200900011072;0;7;0;0;2;2;15;A01
200900011073;0;33;0;0;2;4;1;B01
200900011073;0;33;0;0;2;1;2;A01
200900011074;0;7;0;0;2;8;15;A01
200900011074;0;33;0;0;2;1;1;B01
200900011075;0;7;0;0;2;1;2;A01
200900011075;0;7;0;0;2;4;1;B01
200900011076;0;10;0;0;1;3;15;A01
200900011077;0;7;0;0;2;1;2;A01
200900011077;0;7;0;0;2;4;1;C01
200900011077;0;7;0;0;2;4;2;B01
200900011078;0;31;0;0;2;1;17;A01
200900011078;0;7;0;0;2;6;15;B01
200900011079;0;7;0;0;2;1;2;B01
200900011079;0;7;0;3;2;8;9;A01
200900011080;0;7;0;0;1;2;1;A01
200900011081;0;7;0;0;1;6;4;A01
200900011082;0;7;0;0;2;1;15;A01
200900011082;0;33;0;0;2;7;1;B01
200900011083;0;7;0;0;2;1;2;A01
200900011083;0;7;0;0;2;4;2;B01
200900011083;0;7;0;0;2;4;1;C01
200900011084;0;7;0;0;2;1;1;A01
200900011084;0;7;0;0;0;4;15;B01
200900011085;0;7;0;0;2;8;1;B01
200900011085;0;7;0;0;2;3;1;A01
200900011086;0;33;0;0;2;1;2;A01
200900011086;0;7;0;0;2;2;4;B01
200900011087;0;37;20;0;2;1;2;A01
200900011087;0;37;20;0;2;4;23;B01
200900011088;0;7;0;0;2;8;10;A01
200900011088;0;2;0;0;2;1;1;B01
200900011089;0;1;0;0;2;1;1;B01
200900011089;0;7;0;0;2;2;15;A01
200900011090;0;7;0;0;2;1;2;A01
200900011090;0;33;0;0;0;4;2;B01
200900011091;0;30;0;0;2;7;16;B01
200900011091;0;7;0;0;2;3;1;A01
200900011092;0;7;0;0;1;1;16;A01
200900011093;0;7;0;0;1;4;4;A01
200900011094;0;2;0;0;2;1;1;A01
200900011094;0;7;0;0;2;3;15;B01
200900011095;0;7;0;0;2;1;15;B01
200900011095;0;7;0;0;2;3;23;C01
200900011095;0;7;0;0;2;1;1;A01
200900011096;0;7;0;0;2;7;1;B01
200900011096;0;7;0;0;2;8;11;A01
200900011097;0;7;0;0;1;2;1;A01
200900011098;0;7;0;0;0;8;1;B01
200900011098;0;31;0;0;2;1;1;A01
200900011099;0;7;0;0;1;3;23;B01
200900011099;0;10;0;0;1;3;1;A01
200900011100;0;33;0;13;0;1;17;A01
200900011101;0;33;0;13;0;9;1;A01
200900011102;0;7;0;0;2;7;13;A01
200900011102;0;10;0;0;2;1;1;B02
200900011103;0;10;0;2;0;1;13;A01
200900011104;0;15;0;0;2;3;5;B02
200900011104;0;7;0;0;2;0;13;A02
200900011105;0;33;0;0;0;3;21;B02
200900011105;0;7;0;0;2;1;23;C03
200900011105;0;7;0;0;0;2;19;A01
200900011106;0;7;0;0;2;4;15;B02
200900011106;0;7;0;0;2;1;2;A01
200900011107;0;7;0;0;0;5;1;B02
200900011107;0;7;0;0;0;3;1;A01
200900011108;0;7;0;1;0;1;14;A01
200900011108;0;7;0;0;2;1;24;B02
200900011109;0;7;0;2;0;9;13;A01
200900011110;0;7;0;3;0;9;1;A01
200900011111;0;33;0;0;2;1;1;B02
200900011111;0;7;0;0;2;3;15;A01
200900011112;0;7;0;13;0;1;13;A01
200900011113;0;7;0;8;0;1;1;A01
200900011114;0;7;0;0;2;7;15;A01
200900011114;0;33;0;0;2;1;1;B02
200900011115;0;33;0;13;0;0;1;A01
200900011116;0;7;0;11;0;9;1;A01
200900011117;0;7;0;16;0;2;14;A01
200900011118;0;7;0;2;0;1;1;A01
200900011119;0;33;0;0;2;3;13;A01
200900011119;0;33;0;0;2;3;1;B02
200900011120;0;7;0;2;0;2;1;A01
200900011121;0;7;0;0;2;6;15;A01
200900011121;0;31;0;0;2;1;17;B02
200900011122;0;33;0;15;0;9;13;A01
200900011123;0;33;0;13;0;1;1;A01
200900011124;0;7;0;4;0;3;1;A01
200900011125;0;7;0;0;2;2;14;A01
200900011125;0;1;0;0;0;4;1;B02
200900011126;0;7;0;0;2;8;1;B01
200900011126;0;7;0;0;2;1;1;A01
200900011127;0;7;0;8;0;5;1;A01
200900011128;0;7;0;0;2;1;2;B02
200900011128;0;7;0;0;2;8;2;C03
200900011128;0;7;0;16;0;4;21;A01
200900011129;0;10;0;2;0;3;1;A01
200900011130;0;7;0;0;0;6;2;C01
200900011130;0;7;0;0;2;1;2;A01
200900011130;0;7;0;0;0;4;2;B01
200900011131;0;7;0;13;0;9;1;A01
200900011132;0;7;0;0;2;1;2;E05
200900011132;0;7;0;0;0;4;1;A01
200900011132;0;7;0;0;2;1;2;C03
200900011132;0;3;0;0;2;1;2;D04
200900011132;0;7;0;0;2;1;2;B02
200900011133;0;2;0;0;2;8;1;B02
200900011133;0;7;0;0;2;3;15;A01
200900011134;0;10;0;0;1;1;1;A01
200900011135;0;30;0;0;5;1;1;A01
200900011136;0;14;0;0;2;8;1;B02
200900011136;0;7;0;0;2;3;13;A01
200900011137;0;7;0;0;2;4;1;B01
200900011137;0;7;0;0;2;1;1;A01
200900011138;0;7;0;0;1;3;16;A01
200900011138;0;2;0;0;2;3;1;B01
200900011138;0;7;0;0;0;3;24;C01
200900011139;0;99;0;0;2;3;15;A01
200900011139;0;7;0;0;2;8;1;B02
200900011140;0;2;0;0;2;3;2;B01
200900011140;0;7;0;0;2;3;20;A01
200900011141;0;7;0;0;2;1;1;A01
200900011141;0;7;0;0;2;1;1;B01
200900011142;0;2;0;1;0;1;13;A01
200900011142;0;7;0;0;2;4;0;B01
200900011143;0;7;0;9;0;1;14;A01
200900011144;0;7;0;0;0;1;1;A01
200900011145;0;16;0;0;0;0;15;A01
200900011146;0;7;0;0;2;4;2;B01
200900011146;0;30;0;0;2;1;1;A01
200900011147;0;7;0;0;2;3;23;B02
200900011147;0;21;0;1;0;8;1;A01
200900011148;0;7;0;0;2;1;1;B01
200900011148;0;7;0;0;2;7;15;A01
200900011149;0;7;0;8;0;4;1;A01
200900011150;0;17;0;3;0;1;1;A01
200900011151;0;20;0;0;1;6;4;A01
200900011152;0;14;0;0;2;3;1;B02
200900011152;0;7;0;0;2;3;13;A01
200900011153;0;14;0;0;0;6;1;B01
200900011153;0;7;0;0;2;1;1;A01
200900011154;0;7;0;0;1;4;20;A01
200900011155;0;15;0;0;2;1;1;B01
200900011155;0;7;0;0;2;1;17;A01
200900011156;2;7;0;0;2;3;17;A01
200900011156;0;7;0;0;2;3;1;B02
200900011157;0;7;0;2;0;1;1;A01
200900011158;0;3;0;0;1;3;1;A01
200900011159;0;30;0;0;0;0;16;A01
200900011159;0;7;0;13;0;0;21;B01
200900011160;0;15;0;5;0;2;1;A01
200900011161;0;7;0;6;0;3;1;A01
200900011162;0;7;0;6;0;1;14;A01
200900011163;0;7;0;13;0;9;1;A01
200900011164;0;30;0;0;2;1;2;A01
200900011164;0;7;0;0;2;4;1;B01
200900011165;0;7;0;6;0;8;1;A01
200900011166;0;1;0;0;2;1;1;B01
200900011166;0;10;0;0;9;7;16;A01
200900011167;0;7;0;0;2;3;2;A01
200900011167;0;7;0;0;0;5;2;B01
200900011168;0;30;0;0;0;3;2;A01
200900011169;0;7;0;0;2;1;1;A01
200900011170;0;7;0;0;2;1;1;B01
200900011170;0;7;0;0;2;1;13;A01
200900011171;0;7;0;0;2;1;1;B01
200900011171;0;7;0;0;0;8;15;A01
200900011172;0;7;0;0;2;3;13;A01
200900011172;0;7;0;0;2;1;1;B02
200900011173;0;7;0;1;0;3;1;A01
200900011173;0;10;0;0;2;3;0;B01
200900011174;0;7;0;0;2;3;21;B02
200900011174;0;7;0;0;2;1;13;A01
200900011175;0;7;0;0;2;3;1;A01
200900011175;0;7;0;0;2;4;23;B01
200900011176;0;7;0;0;1;0;4;A01
200900011177;0;7;0;0;2;2;1;A01
200900011177;0;1;0;0;2;4;1;B02
200900011178;0;7;0;0;2;3;13;A01
200900011178;0;15;0;0;2;0;1;B02
200900011179;0;15;0;0;0;4;24;A01
200900011179;0;7;0;1;0;1;1;B02
200900011180;0;10;0;0;1;4;4;A01
200900011181;0;7;0;0;1;1;1;A01
200900011182;0;7;0;0;2;1;2;A01
200900011182;0;7;0;0;0;4;2;C01
200900011182;0;7;0;0;0;4;2;B01
200900011183;0;7;0;2;0;1;13;A01
200900011184;0;7;0;0;2;1;17;A01
200900011184;0;7;0;0;2;1;1;B02
200900011185;0;7;0;0;2;1;1;B02
200900011185;0;33;0;0;2;7;13;A01
200900011186;0;7;0;0;0;7;4;A01
200900011186;0;7;0;0;2;1;1;B02
200900011187;0;1;0;0;2;1;1;A01
200900011187;0;7;0;0;0;2;1;B01
200900011188;0;2;0;0;2;1;2;A01
200900011188;0;7;0;0;0;4;2;B01
200900011189;0;7;0;0;2;2;1;A01
200900011189;0;7;0;0;2;8;19;B02
200900011190;0;7;0;2;0;1;13;A01
200900011191;0;7;0;6;2;1;1;A01
200900011191;0;7;0;0;2;1;1;B01
200900011192;0;7;0;0;9;2;1;A01
200900011193;0;7;0;13;0;9;1;A01
200900011194;0;33;0;0;2;1;2;A01
200900011194;0;7;0;0;0;4;23;B02
200900011195;0;1;0;0;2;1;5;A01
200900011195;0;10;0;0;0;1;1;B02
200900011196;0;7;0;0;1;2;16;A01
200900011197;0;7;0;0;6;3;1;A01
200900011198;0;2;0;0;2;3;1;B02
200900011198;0;7;0;1;2;3;13;A01
200900011199;0;7;0;0;2;1;2;B02
200900011199;0;10;0;0;0;1;1;A01
200900011200;0;7;0;0;2;3;13;A01
200900011200;0;7;0;0;2;3;1;B02
200900011201;0;7;0;0;2;8;1;B02
200900011201;0;7;0;0;9;0;1;C03
200900011201;0;7;0;0;2;3;13;A01
200900011202;0;7;0;6;0;1;1;A01
200900011203;0;7;0;0;2;3;1;A01
200900011203;0;2;0;0;2;1;1;B02
200900011204;0;7;0;0;2;1;15;B02
200900011204;0;30;0;0;2;1;1;A01
200900011205;0;7;0;0;2;2;15;A01
200900011205;0;1;0;0;2;8;1;B02
200900011206;0;7;0;0;2;3;15;A01
200900011206;0;7;0;0;2;1;1;B02
200900011207;0;1;0;0;9;7;1;B01
200900011207;0;1;0;0;2;0;1;A01
200900011208;0;33;0;0;2;1;1;B01
200900011208;0;7;0;0;2;8;15;A01
200900011209;0;7;0;0;2;1;16;A01
200900011209;0;7;0;0;2;4;16;B01
200900011210;1;7;0;0;1;0;1;A01
200900011211;0;37;1;0;2;6;1;B01
200900011211;0;7;0;0;2;1;1;A01
200900011212;0;7;0;0;2;8;15;B01
200900011212;0;30;0;0;2;1;1;A01
200900011213;0;7;0;0;1;3;15;A01
200900011214;0;7;0;0;1;1;1;A01
200900011215;0;7;0;0;1;1;1;A01
200900011216;0;7;0;8;0;9;15;A01
200900011217;0;7;0;0;2;2;15;A01
200900011217;0;7;0;0;2;8;1;B01
200900011218;0;7;0;12;2;2;1;A01
200900011218;0;1;0;0;2;1;1;B01
200900011219;0;7;0;0;2;7;15;A01
200900011219;0;7;0;0;2;1;1;B01
200900011220;0;7;0;0;2;2;15;A01
200900011220;0;1;0;0;2;1;1;B01
200900011221;0;7;0;2;0;8;1;A01
200900011222;0;30;0;6;0;1;1;A01
200900011223;0;7;0;0;1;3;1;A01
200900011224;0;7;0;0;1;1;15;A01
200900011225;0;30;0;0;1;1;1;A01
200900011226;0;7;0;0;2;3;0;A01
200900011226;0;40;0;0;2;1;1;B01
200900011227;0;7;0;0;2;6;2;A01
200900011227;0;15;0;0;2;1;2;B01
200900011227;0;7;0;0;2;5;17;C01
200900011228;0;7;0;0;0;4;2;A01
200900011228;0;7;0;0;2;1;2;B01
200900011229;0;10;0;0;2;1;2;B02
200900011229;0;17;0;0;2;3;2;D04
200900011229;0;10;0;0;0;0;2;A01
200900011229;0;15;0;14;0;3;21;C03
200900011230;0;7;0;0;1;1;1;A01
200900011231;0;7;0;0;2;7;1;A01
200900011232;0;7;0;2;0;1;1;A01
200900011233;1;7;0;0;2;3;15;A01
200900011233;0;32;0;0;2;1;1;B01
200900011234;0;7;0;0;2;7;16;B01
200900011234;0;34;0;0;2;8;1;A01
200900011235;0;7;0;0;0;4;2;A01
200900011235;0;7;0;0;0;4;2;B01
200900011235;0;7;0;0;2;1;2;C01
200900011236;0;40;0;0;1;0;1;A01
200900011237;0;10;0;0;2;2;11;A01
200900011237;0;1;0;0;2;4;19;B01
200900011238;0;7;0;0;2;1;1;A01
200900011238;0;7;0;0;2;4;1;B01
200900011239;0;7;0;0;2;1;1;A01
200900011239;0;1;0;0;2;7;19;B01
200900011240;0;7;0;0;2;2;1;B01
200900011240;0;7;0;0;2;7;1;A01
200900011241;0;7;0;0;2;3;15;B01
200900011241;0;32;0;0;2;1;17;A01
200900011242;0;7;0;0;2;6;15;B01
200900011242;0;7;0;0;2;1;1;A01
200900011243;0;2;0;0;2;6;1;A01
200900011243;0;1;0;0;2;7;1;B01
200900011244;0;7;0;6;0;1;0;A01
200900011245;0;7;0;0;2;1;1;A01
200900011245;0;7;0;0;2;4;1;B01
200900011246;0;1;0;0;2;2;19;A01
200900011246;0;7;0;0;2;1;1;B01
200900011247;0;7;0;1;2;6;16;B02
200900011247;0;33;0;1;2;1;2;A01
200900011248;0;7;0;0;2;3;13;A01
200900011248;0;7;0;0;2;8;14;B02
200900011249;0;7;0;0;2;1;2;A01
200900011249;0;30;0;0;2;4;2;B02
200900011250;0;7;0;0;2;1;13;A01
200900011250;0;14;0;0;2;1;1;B02
200900011251;0;7;0;13;0;1;1;A01
200900011252;0;2;0;0;1;0;0;A01
200900011253;0;7;0;0;2;3;15;A01
200900011253;0;33;0;0;2;1;1;B01
200900011254;0;7;0;0;2;4;2;B01
200900011254;0;7;0;0;2;1;1;A01
200900011254;0;7;0;0;2;4;2;C01
200900011255;0;2;0;0;2;7;17;B01
200900011255;0;10;0;0;2;3;9;A01
200900011256;0;10;0;0;2;3;1;B01
200900011256;0;10;0;0;2;8;10;A01
200900011257;0;7;0;0;2;7;15;B01
200900011257;0;33;0;0;2;1;1;A01
200900011258;0;7;0;0;1;1;1;A01
200900011259;0;7;0;0;2;6;2;B01
200900011259;0;30;0;0;2;2;2;A01
200900011260;0;7;0;0;2;3;13;A01
200900011260;0;7;0;0;2;3;1;B01
200900011261;0;2;0;0;1;1;1;A01
200900011262;0;7;0;0;2;2;13;A01
200900011262;0;7;0;0;2;1;1;B02
200900011263;0;7;0;0;2;3;1;B02
200900011263;0;7;0;0;2;3;5;A01
200900011264;0;7;0;2;0;1;13;A01
200900011265;0;7;0;6;0;3;14;A01
200900011266;0;7;0;0;0;0;14;B01
200900011266;0;2;0;0;0;0;13;A01
200900011267;0;31;0;0;1;2;1;A01
200900011268;0;7;0;0;2;1;14;A01
200900011268;0;7;0;1;2;1;1;B01
200900011269;0;7;0;6;0;2;14;A01
200900011270;0;7;0;0;2;1;2;A01
200900011270;0;7;0;0;2;4;2;B01
200900011271;0;7;0;0;2;3;1;B01
200900011271;0;7;0;0;2;1;13;A01
200900011272;0;7;0;0;2;3;15;A01
200900011272;0;32;0;0;2;7;1;B01
200900011273;0;7;0;0;2;4;1;C01
200900011273;0;7;0;0;2;1;1;A01
200900011273;0;7;0;0;2;4;1;B01
200900011274;0;7;0;1;2;1;23;B01
200900011274;0;7;0;0;2;3;1;A01
200900011274;0;7;0;1;2;8;3;C01
200900011274;0;7;0;0;2;2;23;D01
200900011275;0;33;0;0;2;1;1;B01
200900011275;0;7;0;0;2;7;9;A01
200900011276;0;7;0;6;0;3;1;A01
200900011277;0;7;0;0;1;1;1;A01
200900011278;0;7;0;0;2;8;19;A01
200900011278;0;33;0;0;2;1;1;B02
200900011279;0;2;0;0;1;1;1;A01
200900011280;0;7;0;0;2;2;16;B01
200900011280;0;31;0;0;2;3;7;A01
200900011281;0;7;0;0;2;1;2;A01
200900011281;0;7;0;0;2;4;2;B01
200900011282;0;7;0;0;2;3;1;A01
200900011282;0;7;0;0;2;3;1;B02
200900011283;0;33;0;0;2;2;2;A01
200900011283;0;7;0;0;2;5;15;B01
200900011284;0;7;0;0;2;2;2;A01
200900011284;0;7;0;0;0;4;2;B01
200900011285;0;7;0;0;2;1;2;A01
200900011285;0;7;0;0;2;4;2;B01
200900011286;0;7;0;0;1;2;1;A01
200900011287;0;7;0;0;2;3;1;A01
200900011287;0;7;0;0;2;6;15;B01
200900011288;0;7;0;0;2;1;15;A01
200900011288;0;31;0;0;2;1;1;B01
200900011289;1;7;0;0;1;1;0;A01
200900011290;0;33;0;0;2;7;12;A01
200900011290;0;7;0;0;2;8;1;B01
200900011291;0;10;0;0;2;1;1;A01
200900011291;0;7;0;0;2;4;23;B01
200900011292;0;33;0;14;0;4;1;A01
200900011293;0;31;0;0;2;1;2;A01
200900011293;0;7;0;0;2;4;2;B01
200900011294;0;31;0;0;2;3;21;B01
200900011294;0;7;0;0;2;3;13;A01
200900011295;0;7;0;0;2;5;1;A01
200900011296;0;7;0;0;2;1;2;B02
200900011296;0;7;0;0;0;4;2;A01
200900011297;0;7;0;0;2;3;1;A01
200900011297;0;31;0;0;2;6;15;B01
200900011298;0;7;0;0;2;6;0;C03
200900011298;0;7;0;0;2;1;15;A01
200900011298;0;31;0;0;2;1;1;B02
200900011299;0;33;0;0;2;1;13;A01
200900011299;0;38;0;0;2;3;1;B02
200900011300;0;2;0;0;2;2;17;A01
200900011300;0;7;0;0;2;3;15;B01
200900011301;0;7;0;0;2;7;12;A01
200900011301;0;1;0;0;2;0;1;B01
200900011302;0;7;0;13;0;1;17;A01
200900011303;0;99;0;0;2;1;0;A01
200900011303;0;33;0;0;9;1;17;B02
200900011304;0;33;0;13;0;1;1;A01
200900011305;0;7;0;0;2;1;1;B02
200900011305;0;33;0;0;2;7;17;A01
200900011306;0;7;0;13;0;1;1;A01
200900011307;0;7;0;0;2;2;15;A01
200900011307;0;33;0;0;2;1;1;B02
200900011308;0;7;0;8;0;3;1;A01
200900011309;0;7;0;0;2;5;16;A01
200900011309;0;30;0;0;2;1;1;B02
200900011310;0;7;0;10;0;1;14;A01
200900011311;0;30;0;0;2;1;1;B01
200900011311;0;7;0;0;2;2;15;A01
200900011312;0;2;0;0;2;8;1;B01
200900011312;0;7;0;0;2;1;15;A01
200900011313;0;7;0;0;2;3;14;A01
200900011313;0;2;0;0;2;2;1;B01
200900011314;0;2;0;0;2;1;15;A01
200900011314;0;7;0;0;2;2;2;B01
200900011315;0;7;0;0;2;3;17;B01
200900011315;0;7;0;0;2;3;5;A01
200900011315;0;15;0;0;2;6;1;C01
200900011316;0;7;0;0;2;3;1;B01
200900011316;0;30;0;0;2;1;17;A01
200900011317;0;7;0;0;2;2;16;A01
200900011317;0;33;0;0;2;6;1;B01
200900011318;0;2;0;1;0;1;1;B01
200900011318;0;7;0;0;2;8;24;A01
200900011319;0;7;0;1;0;1;0;A01
200900011320;0;1;0;0;2;1;1;B01
200900011320;0;7;0;0;9;2;1;A01
200900011321;0;7;0;2;0;1;1;A01
200900011322;0;7;0;7;0;1;13;A01
200900011323;0;17;0;3;0;0;14;A01
200900011323;0;38;42;14;0;1;1;B02
200900011324;0;30;0;0;2;1;1;B02
200900011324;0;10;0;0;2;3;15;A01
200900011325;0;7;0;2;0;1;1;A01
200900011326;0;33;0;2;0;1;13;A01
200900011327;0;33;0;0;2;2;17;A01
200900011327;0;7;0;0;2;3;1;B02
200900011328;0;7;0;0;0;6;15;B02
200900011328;0;33;0;0;2;2;1;A01
200900011329;0;7;0;13;0;9;14;A01
200900011330;0;7;0;0;2;1;15;A01
200900011330;0;7;0;0;2;1;1;B02
200900011331;0;7;0;0;2;1;1;A01
200900011331;0;14;0;0;2;3;1;B02
200900011332;0;33;0;0;0;7;1;A01
200900011333;0;36;0;6;0;1;14;A01
200900011334;0;7;0;1;0;1;1;A01
200900011334;0;7;0;1;2;4;0;B02
200900011335;0;7;0;0;2;3;13;A01
200900011335;0;7;0;0;2;3;1;B02
200900011336;0;1;0;0;2;8;1;B02
200900011336;0;7;0;0;2;1;13;A01
200900011337;0;38;12;0;2;6;19;B02
200900011337;0;2;0;0;2;1;1;A01
200900011338;0;7;0;13;0;1;1;A01
200900011339;0;33;0;0;2;1;1;B02
200900011339;0;7;0;0;2;8;19;A01
200900011340;0;7;0;0;2;1;13;A01
200900011340;0;7;0;13;0;9;21;C03
200900011340;0;7;0;0;2;1;1;B02
200900011341;0;33;0;0;2;9;1;B02
200900011341;0;10;0;0;2;3;1;A01
200900011342;0;7;0;0;1;1;1;A01
200900011343;0;7;0;0;5;1;1;A01
200900011344;0;33;0;16;0;1;1;A01
200900011345;0;33;0;0;0;0;17;A01
200900011346;0;33;0;16;0;0;13;A01
200900011347;0;7;0;0;2;1;12;A01
200900011347;0;33;0;0;2;1;5;B01
200900011348;0;2;0;0;2;8;1;B01
200900011348;0;7;0;0;2;3;15;A01
200900011349;0;7;0;8;0;1;13;A01
200900011350;0;33;0;0;0;1;1;C03