num_acc;senc;catv;occutc;obs;obsm;choc;manv;num_veh
200900011350;0;33;0;0;2;7;13;A01
200900011350;0;33;0;0;0;1;1;B02
200900011351;0;7;0;0;2;1;13;A01
200900011351;0;7;0;0;2;3;1;B02
200900011352;0;7;0;2;0;8;13;A01
200900011353;0;33;0;0;0;3;15;A01
200900011354;0;7;0;0;2;4;2;B01
200900011354;1;7;0;0;2;1;2;Z01
200900011355;0;7;0;0;2;3;10;A01
200900011355;0;7;0;0;2;1;1;B01
200900011356;0;7;0;0;2;1;1;B02
200900011356;0;7;0;0;2;8;9;A01
200900011357;0;7;0;0;0;7;2;B01
200900011357;0;30;0;0;2;1;9;A01
200900011358;0;1;0;0;2;5;1;B02
200900011358;0;7;0;0;2;3;16;A01
200900011359;0;7;0;0;1;1;0;A01
200900011360;0;7;0;0;1;2;1;A01
200900011361;0;7;0;0;2;1;1;B01
200900011361;0;7;0;0;2;2;15;A01
200900011362;0;7;0;0;0;0;1;A01
200900011363;0;7;0;3;0;1;1;A01
200900011364;0;7;0;6;0;1;19;A01
200900011365;0;1;0;0;0;1;1;A01
200900011365;0;7;0;0;0;0;0;B02
200900011366;0;7;0;0;0;0;0;A01
200900011367;0;1;0;0;2;1;16;B02
200900011367;0;15;0;0;0;5;1;A01
200900011368;0;7;0;2;0;3;1;A01
200900011369;0;33;0;0;0;7;1;A01
200900011370;0;10;0;0;0;7;15;A01
200900011370;0;33;0;0;2;1;18;B01
200900011371;0;7;0;0;2;7;19;A01
200900011371;0;1;0;0;2;1;1;B02
200900011372;0;7;0;3;0;3;1;A01
200900011373;0;1;0;0;2;8;16;B02
200900011373;0;14;0;0;2;5;16;A01
200900011374;0;10;0;0;2;1;1;B01
200900011374;0;7;0;0;2;3;15;A02
200900011375;0;33;0;0;1;1;1;A01
200900011376;0;7;0;0;1;2;21;A01
200900011377;0;2;0;0;2;1;1;A01
200900011377;0;1;0;0;2;8;15;B01
200900011378;0;7;0;1;0;7;14;A01
200900011378;0;17;0;0;0;6;24;B02
200900011379;0;7;0;0;1;1;2;A01
200900011380;0;7;0;3;0;5;1;A01
200900011381;0;1;0;0;2;1;15;B01
200900011381;0;7;0;0;2;3;12;A01
200900011382;0;33;0;0;2;1;1;B01
200900011382;0;7;0;0;2;8;15;A01
200900011383;0;36;0;0;2;1;13;B01
200900011383;0;7;0;0;2;6;15;A01
200900011384;0;7;0;0;0;6;1;B02
200900011384;0;33;0;0;2;1;2;A01
200900011385;0;33;0;3;0;8;1;A01
200900011386;0;33;0;0;0;0;1;A01
200900011387;0;7;0;4;0;3;11;A01
200900011388;0;7;0;0;2;3;1;B02
200900011388;0;33;0;0;2;1;17;A01
200900011389;0;7;0;0;2;3;1;B02
200900011389;0;7;0;0;2;7;19;A01
200900011390;0;7;0;0;2;3;1;B02
200900011390;0;33;0;0;2;1;13;A01
200900011391;0;30;0;0;2;1;1;A01
200900011391;0;7;0;0;0;4;1;B01
200900011392;0;10;0;4;2;3;11;A01
200900011392;0;10;0;4;0;5;1;B01
200900011393;0;7;0;3;0;1;14;A01
200900011394;0;31;0;0;2;3;5;B02
200900011394;0;7;0;0;2;3;1;A01
200900011395;0;33;0;0;2;1;1;B01
200900011395;0;7;0;0;2;8;10;A01
200900011396;0;7;0;0;2;6;15;A01
200900011396;0;2;0;0;2;1;1;B01
200900011397;0;1;0;0;2;1;19;A01
200900011397;0;7;0;0;2;1;1;B01
200900011398;0;7;0;0;2;1;1;A01
200900011398;0;7;0;0;2;1;1;B01
200900011399;0;7;0;0;2;4;1;B01
200900011399;0;7;0;0;2;1;1;A01
200900011400;0;7;0;0;1;2;1;A01
200900011401;0;7;0;1;0;1;1;A01
200900011402;0;7;0;0;1;1;1;A01
200900011403;0;7;0;0;2;8;22;A01
200900011403;0;1;0;1;0;1;1;B01
200900011404;0;7;0;0;2;1;15;A01
200900011404;0;1;0;0;2;8;19;B01
200900011405;0;7;0;2;0;3;1;A01
200900011406;0;1;0;0;2;1;1;B01
200900011406;0;7;0;0;2;2;22;A01
200900011407;0;1;0;0;2;1;19;B01
200900011407;0;7;0;0;2;2;15;A01
200900011408;0;7;0;0;1;2;1;A01
200900011409;0;1;0;0;2;0;1;A01
200900011409;0;7;0;0;2;1;15;B01
200900011410;0;7;0;0;2;5;1;B01
200900011410;0;7;0;0;2;1;9;A01
200900011411;0;37;1;0;2;4;1;B01
200900011411;0;33;0;9;2;1;1;A01
200900011412;0;7;0;0;2;1;1;B01
200900011412;0;10;0;0;2;7;1;A01
200900011413;0;30;0;0;2;1;15;A01
200900011413;0;7;0;0;2;2;1;B01
200900011414;0;7;0;0;2;3;15;A01
200900011414;0;2;0;0;2;1;1;B01
200900011415;0;7;0;0;2;1;1;A01
200900011415;0;33;0;0;2;4;1;B01
200900011416;0;7;0;0;2;6;15;A01
200900011416;0;1;0;0;2;1;1;B01
200900011417;0;37;1;0;2;2;1;B01
200900011417;0;1;0;0;2;1;13;A01
200900011418;0;7;0;0;2;7;15;A01
200900011418;0;1;0;0;2;1;1;B01
200900011419;0;1;0;0;2;7;19;B01
200900011419;0;7;0;0;2;1;1;A01
200900011420;0;7;0;0;2;3;1;A01
200900011420;0;1;0;0;2;2;15;B01
200900011421;0;7;0;0;1;1;15;A01
200900011422;0;2;0;0;2;3;15;A01
200900011422;0;7;0;0;2;5;1;B01
200900011423;0;7;0;0;2;1;1;A01
200900011423;0;2;0;0;2;1;15;B01
200900011424;0;1;0;0;1;1;1;A01
200900011425;0;7;0;0;2;2;16;B01
200900011425;0;2;0;0;2;1;19;A01
200900011426;0;7;0;0;2;0;10;A01
200900011426;0;1;0;0;2;0;1;B01
200900011427;0;7;0;0;2;1;2;A01
200900011427;0;7;0;0;2;4;1;B01
200900011428;0;7;0;0;2;8;0;B01
200900011428;0;7;0;0;2;1;1;A01
200900011429;0;7;0;0;2;1;1;A01
200900011429;0;7;0;0;2;4;1;C01
200900011429;0;7;0;0;2;1;1;B01
200900011430;0;1;0;0;2;1;1;B01
200900011430;0;7;0;0;2;3;16;A01
200900011431;0;7;0;0;2;1;1;A01
200900011431;0;2;0;0;2;4;2;B01
200900011432;0;10;0;0;2;1;15;A01
200900011432;0;7;0;0;2;4;1;B01
200900011433;0;7;0;0;2;8;1;B01
200900011433;0;10;0;0;2;1;16;A01
200900011434;0;7;0;0;1;8;1;A01
200900011435;0;7;0;0;2;3;1;B01
200900011435;0;2;0;0;2;8;1;A01
200900011436;0;7;0;0;2;1;1;B02
200900011436;0;10;0;0;2;2;15;A01
200900011437;0;7;0;2;0;1;14;A01
200900011438;0;7;0;0;1;5;4;A01
200900011439;0;30;0;0;2;1;13;A01
200900011439;0;7;0;0;2;1;1;B02
200900011440;0;7;0;0;1;2;12;A01
200900011441;0;33;0;0;0;9;14;A01
200900011442;0;33;0;0;0;7;1;A01
200900011443;0;31;0;0;0;7;1;A01
200900011444;0;30;0;0;0;8;14;A01
200900011445;0;30;0;14;0;1;1;A01
200900011445;0;7;0;0;2;5;23;B02
200900011446;0;30;0;0;0;1;1;A01
200900011446;0;7;0;0;2;1;15;B02
200900011447;0;7;0;0;1;2;1;A01
200900011448;0;7;0;0;2;3;1;A01
200900011448;0;7;0;0;0;4;1;B02
200900011449;0;30;0;6;0;1;1;A01
200900011450;0;10;0;0;9;0;15;A01
200900011451;0;7;0;16;2;9;14;A01
200900011452;0;33;0;0;0;0;1;A01
200900011453;0;7;0;0;2;3;1;B02
200900011453;0;7;0;0;2;2;14;A01
200900011454;0;7;0;0;2;2;15;A01
200900011454;0;7;0;0;2;1;1;B02
200900011455;0;7;0;0;2;8;1;F06
200900011455;0;7;0;0;2;1;1;D04
200900011455;0;7;0;0;2;1;5;A01
200900011455;0;7;0;0;2;1;1;B02
200900011455;0;7;0;0;2;1;1;E05
200900011455;0;7;0;0;2;8;1;C03
200900011456;0;10;0;0;1;4;4;A01
200900011457;0;7;0;0;2;2;15;B01
200900011457;2;7;0;0;2;1;1;A01
200900011458;0;7;0;0;2;1;15;A01
200900011458;0;7;0;0;2;8;1;B01
200900011459;0;1;0;0;2;1;1;B01
200900011459;0;7;0;0;2;3;9;A01
200900011460;0;7;0;0;1;2;1;A01
200900011461;0;1;0;0;2;1;1;B01
200900011461;0;7;0;0;1;2;1;A01
200900011462;0;7;0;0;2;2;1;A01
200900011462;0;2;0;0;2;3;1;B01
200900011463;0;7;0;0;2;1;1;A01
200900011463;0;1;0;0;2;7;19;B01
200900011464;0;7;0;0;2;8;15;B01
200900011464;0;33;0;0;2;1;17;A01
200900011465;0;7;0;0;1;8;1;A01
200900011466;0;7;0;0;2;6;1;A01
200900011467;0;38;1;0;1;2;1;A01
200900011468;0;7;0;1;0;3;1;A01
200900011469;0;1;0;0;2;1;9;B02
200900011469;0;37;1;0;2;2;1;A01
200900011470;0;7;0;2;0;1;1;A01
200900011471;0;7;0;0;2;3;23;A01
200900011471;0;30;0;9;2;1;17;B02
200900011472;0;7;0;0;2;1;13;A01
200900011472;0;7;0;0;2;3;1;B02
200900011473;0;7;0;0;2;3;15;B02
200900011473;0;33;0;0;2;2;17;A01
200900011474;0;33;0;0;0;1;1;A01
200900011475;0;7;0;0;2;1;1;B02
200900011475;0;7;0;0;2;8;10;A01
200900011476;0;7;0;6;0;1;13;A01
200900011477;0;33;0;0;2;7;1;A01
200900011477;0;7;0;0;2;0;1;A02
200900011478;0;7;0;0;1;3;15;A01
200900011479;0;36;0;2;1;1;1;A01
200900011480;0;7;0;0;2;8;19;B02
200900011480;0;7;0;0;2;1;1;A01
200900011481;0;7;0;0;1;3;1;A01
200900011482;0;33;0;8;0;8;17;A01
200900011483;0;7;0;0;2;2;13;A01
200900011483;0;7;0;0;2;3;1;B02
200900011484;0;7;0;0;2;8;1;B02
200900011484;0;7;0;0;2;1;1;A01
200900011485;0;7;0;13;0;9;14;A01
200900011486;0;7;0;0;0;0;21;A01
200900011487;0;7;0;13;0;3;13;A01
200900011488;0;7;0;0;2;4;2;B02
200900011488;0;7;0;0;0;4;2;C03
200900011488;0;7;0;0;2;1;2;A01
200900011489;0;7;0;0;2;3;1;C03
200900011489;0;7;0;0;2;4;1;B02
200900011489;0;10;0;0;2;1;1;A01
200900011490;0;33;0;0;2;1;1;B02
200900011490;0;7;0;0;2;6;15;A01
200900011491;0;33;0;13;0;3;1;A01
200900011492;0;10;0;0;2;3;13;B02
200900011492;0;7;0;0;2;3;1;A01
200900011493;0;7;0;0;2;2;19;A01
200900011493;0;30;0;0;2;1;1;B02
200900011494;0;30;0;0;2;3;17;A01
200900011494;0;10;0;0;0;3;23;C03
200900011494;0;7;0;0;0;3;1;B02
200900011495;0;7;0;0;2;2;1;B02
200900011495;0;3;0;0;2;9;13;A01
200900011496;0;33;0;0;2;8;0;A01
200900011496;0;7;0;0;2;8;21;B02
200900011497;0;7;0;0;2;1;1;A01
200900011497;0;33;0;0;2;1;13;B02
200900011498;0;2;0;0;2;1;1;A01
200900011498;1;7;0;0;2;1;13;B02
200900011499;0;7;0;6;0;2;0;A01
200900011500;0;7;0;15;0;8;19;A01
200900011500;0;7;0;15;2;1;1;B02
200900011501;0;7;0;0;2;2;17;B02
200900011501;0;21;0;0;2;3;15;A01
200900011502;0;31;0;0;0;1;2;B02
200900011502;0;7;0;0;2;1;9;A01
200900011503;0;1;0;0;0;4;1;B01
200900011503;0;7;0;0;2;1;12;A01
200900011504;0;7;0;0;2;3;13;A01
200900011504;0;33;0;0;2;1;1;B01
200900011505;0;7;0;16;0;9;1;A01
200900011506;0;14;0;0;2;4;13;A01
200900011506;0;15;0;0;2;1;1;B02
200900011507;0;7;0;13;2;3;1;B02
200900011507;0;7;0;0;2;9;15;A01
200900011507;0;7;0;0;2;3;1;C03
200900011508;0;7;0;4;2;9;17;A01
200900011508;0;7;0;0;2;4;1;B02
200900011509;0;7;0;0;2;6;23;B02
200900011509;0;33;0;0;2;1;1;A01
200900011510;0;7;0;0;2;2;1;B01
200900011510;0;30;0;0;2;1;15;A02
200900011511;0;30;0;0;0;8;1;A01
200900011512;0;31;0;0;2;8;13;A01
200900011512;0;7;0;0;2;8;1;B02
200900011513;0;7;0;0;0;1;1;B02
200900011513;0;7;0;0;0;2;13;A01
200900011514;0;2;0;0;2;1;1;A01
200900011514;0;7;0;0;2;3;16;B02
200900011515;0;7;0;4;0;3;2;A01
200900011516;0;10;0;0;2;3;15;A01
200900011516;0;33;0;8;2;7;17;B02
200900011516;0;33;0;0;2;1;21;C03
200900011517;0;7;0;0;2;3;1;B02
200900011517;0;7;0;0;2;3;1;A01
200900011518;0;33;0;0;2;1;1;B02
200900011518;0;7;0;0;2;3;15;A01
200900011519;0;7;0;12;2;6;1;A01
200900011519;0;7;0;0;2;1;15;B02
200900011520;0;7;0;2;0;2;0;A01
200900011521;0;7;0;0;2;3;19;B02
200900011521;0;31;0;0;2;1;1;A01
200900011522;0;30;0;14;0;1;1;A01
200900011523;0;10;0;0;0;0;0;A01
200900011524;0;7;0;14;0;1;1;A01
200900011525;0;7;0;4;0;2;1;A01
200900011526;0;10;0;0;2;1;1;B02
200900011526;0;7;0;0;2;1;1;A01
200900011527;0;7;0;13;0;9;17;A01
200900011528;0;33;0;0;2;1;1;A01
200900011528;0;33;0;0;0;4;1;B02
200900011529;0;7;0;0;2;6;1;B02
200900011529;0;7;0;0;2;7;14;A01
200900011530;0;7;0;0;0;3;0;A01
200900011530;0;3;0;0;2;2;1;B02
200900011531;0;7;0;4;0;1;1;A01
200900011532;0;7;0;14;2;2;19;A01
200900011532;0;7;0;14;0;3;1;B02
200900011533;0;7;0;0;2;8;23;B02
200900011533;0;15;0;0;2;7;21;A01
200900011534;0;2;0;0;1;7;1;A01
200900011535;0;7;0;15;2;3;19;B02
200900011535;0;33;0;0;0;7;19;A01
200900011536;0;1;0;0;2;7;21;B02
200900011536;0;10;0;0;2;1;1;A01
200900011537;0;31;0;0;0;4;0;A01
200900011538;0;7;0;0;2;1;1;B01
200900011538;0;7;0;0;2;3;19;A01
200900011539;0;7;0;13;0;9;1;A01
200900011540;0;7;0;3;2;8;21;A01
200900011541;0;2;0;0;0;7;16;A01
200900011542;0;10;0;0;2;1;23;C01
200900011542;0;10;0;0;2;1;15;A01
200900011542;0;10;0;0;2;6;1;B01
200900011543;0;7;0;0;1;2;17;A01
200900011544;0;33;0;13;0;1;1;A01
200900011545;0;10;0;2;0;1;14;A01
200900011546;0;7;0;0;2;8;15;A01
200900011546;0;30;0;0;2;2;17;B01
200900011547;0;33;0;8;2;2;17;A01
200900011547;0;7;0;0;2;3;1;B01
200900011548;0;7;0;0;2;3;1;B01
200900011548;0;7;0;0;2;7;10;A01
200900011549;0;2;0;0;2;1;1;A01
200900011549;0;7;0;0;2;4;0;B01
200900011550;0;1;0;0;2;0;0;A01
200900011550;0;7;0;0;2;0;0;B01
200900011551;0;7;0;0;2;1;1;A01
200900011551;0;31;0;0;2;4;23;B01
200900011552;0;7;0;0;2;1;1;A01
200900011552;0;1;0;0;2;0;0;B01
200900011553;0;7;0;3;0;1;1;A01
200900011554;0;7;0;0;2;1;9;A01
200900011554;0;7;0;0;2;1;1;C01
200900011554;0;7;0;0;2;7;1;B01
200900011555;0;7;0;0;1;2;1;A01
200900011556;0;7;0;0;1;1;1;A01
200900011557;0;7;0;0;2;1;15;A01
200900011557;0;31;0;0;2;1;1;B01
200900011558;0;2;0;0;0;1;0;A01
200900011559;0;7;0;0;1;1;1;A01
200900011560;0;32;0;0;2;1;1;B01
200900011560;0;7;0;0;2;8;15;A01
200900011561;0;1;0;0;2;1;0;B01
200900011561;0;7;0;0;2;1;0;A01
200900011562;0;7;0;8;0;1;1;A01
200900011563;0;7;0;0;2;4;2;B01
200900011563;0;14;0;0;2;1;2;A01
200900011564;0;7;0;14;0;9;1;A01
200900011565;0;7;0;0;2;5;15;A01
200900011565;0;31;0;0;2;1;1;B01
200900011566;0;7;0;0;2;1;1;A01
200900011566;0;7;0;0;2;4;2;B01
200900011567;0;7;0;0;2;3;9;A01
200900011567;0;30;0;0;2;7;1;B01
200900011568;0;7;0;0;1;7;1;A01
200900011569;0;7;0;0;2;8;15;B01
200900011569;1;7;0;0;2;1;1;A01
200900011570;0;2;0;0;2;1;1;A01
200900011570;0;7;0;0;2;3;15;B01
200900011571;0;7;0;0;2;1;17;A01
200900011571;0;30;0;0;2;1;1;B01
200900011572;0;7;0;0;1;2;1;A01
200900011573;0;7;0;0;2;6;10;A01
200900011573;0;33;0;0;2;1;1;B01
200900011574;0;1;0;0;2;4;1;B01
200900011574;0;7;0;0;2;1;9;A01
200900011575;0;7;0;0;2;1;2;A01
200900011575;0;7;0;0;2;5;1;C01
200900011575;0;7;0;0;2;1;2;B01
200900011576;0;30;0;0;2;1;0;A01
200900011576;0;7;0;0;2;1;0;B01
200900011577;0;7;0;0;2;4;1;B01
200900011577;0;33;0;0;2;8;1;A01
200900011578;0;33;0;0;2;3;1;B01
200900011578;0;7;0;0;2;2;9;A01
200900011579;0;33;0;0;2;1;0;B01
200900011579;0;7;0;0;2;1;0;A01
200900011580;0;2;0;0;2;1;17;A01
200900011580;0;7;0;0;2;3;15;B01
200900011581;0;7;0;0;2;1;0;A01
200900011581;0;7;0;0;2;3;0;B01
200900011582;0;31;0;0;2;1;2;A01
200900011582;0;7;0;0;2;4;23;B01
200900011583;0;7;0;0;2;7;12;A01
200900011583;0;7;0;4;2;3;1;B01
200900011584;0;14;0;0;2;2;0;A01
200900011584;0;7;0;0;2;6;0;B01
200900011585;0;99;0;0;2;3;13;A01
200900011585;0;1;0;0;2;0;0;B01
200900011586;0;1;0;0;2;0;0;B01
200900011586;0;7;0;0;2;2;0;A01
200900011587;0;7;0;0;2;2;1;A01
200900011588;0;7;0;0;0;1;1;A01
200900011589;0;7;0;0;2;3;1;A01
200900011589;0;7;0;0;2;3;1;B01
200900011590;0;30;0;0;1;5;1;A01
200900011591;0;10;0;7;2;2;1;B01
200900011591;0;7;0;0;2;1;1;A01
200900011592;0;1;0;0;2;0;5;A01
200900011592;0;30;0;0;2;7;1;B01
200900011593;0;7;0;0;2;3;9;A01
200900011593;0;30;0;0;2;1;1;B01
200900011594;0;7;0;0;1;2;0;A01
200900011595;0;7;0;0;2;1;11;A01
200900011595;0;7;0;0;0;4;23;C01
200900011595;0;15;0;0;2;2;0;B01
200900011596;0;7;0;0;1;1;1;A01
200900011597;0;7;0;0;1;2;1;A01
200900011598;0;7;0;0;2;3;9;A01
200900011598;0;33;0;0;2;1;1;B01
200900011599;0;7;0;3;0;6;1;A01
200900011599;0;14;0;0;2;3;1;B01
200900011600;0;7;0;0;2;7;15;B01
200900011600;0;33;0;0;2;1;1;C01
200900011600;0;7;0;1;0;7;23;A01
200900011601;0;7;0;0;2;1;23;C01
200900011601;0;33;0;0;2;3;1;A01
200900011601;0;7;0;0;2;8;19;B01
200900011602;0;31;0;15;0;1;1;A01
200900011603;0;7;0;0;2;4;2;B01
200900011603;0;7;0;0;2;4;1;C01
200900011603;0;7;0;0;2;1;2;A01
200900011604;0;7;0;4;0;1;6;A01
200900011605;0;7;0;2;0;1;1;A01
200900011606;0;14;0;0;0;5;1;B01
200900011606;0;1;0;0;0;8;1;A01
200900011607;0;7;0;8;0;1;1;A01
200900011608;0;1;0;0;2;8;15;A01
200900011608;0;7;0;0;2;3;1;B01
200900011609;0;33;0;0;2;1;1;B01
200900011609;0;7;0;0;2;2;13;A01
200900011610;0;10;0;2;2;3;1;A01
200900011610;0;7;0;0;2;3;1;B01
200900011611;0;7;0;0;1;2;1;A01
200900011612;0;7;0;0;2;2;1;B01
200900011612;0;7;0;0;2;3;16;A01
200900011613;0;7;0;0;0;1;14;A01
200900011614;0;7;0;0;2;3;9;A01
200900011614;0;30;0;0;2;7;1;B01
200900011615;0;7;0;13;0;2;14;A01
200900011616;0;10;0;2;0;1;1;A01
200900011617;0;2;0;9;0;7;1;A01
200900011618;0;17;0;0;2;4;2;A01
200900011618;0;10;0;0;2;1;2;B01
200900011619;0;10;0;0;1;2;1;A01
200900011620;0;1;0;0;2;8;1;B01
200900011620;0;7;0;0;2;1;15;A01
200900011621;0;7;0;0;2;1;1;A01
200900011621;0;7;0;0;0;4;23;B01
200900011622;0;33;0;15;0;0;1;A01
200900011622;0;7;0;0;0;0;0;B01
200900011623;0;7;0;0;2;7;15;A01
200900011623;0;31;0;0;2;7;1;B01
200900011624;1;7;0;0;2;0;0;Z01
200900011624;0;1;0;0;2;0;0;B01
200900011625;0;7;0;0;2;1;15;B01
200900011625;0;7;0;0;2;2;1;A01
200900011626;0;7;0;0;1;3;1;A01
200900011627;0;33;0;0;2;1;1;B01
200900011627;0;7;0;0;2;6;15;A01
200900011628;0;37;1;0;1;0;0;A01
200900011629;0;2;0;1;0;1;1;A01
200900011630;0;7;0;13;0;1;14;A01
200900011631;0;7;0;0;2;5;17;B01
200900011631;0;99;0;0;2;3;2;A01
200900011632;0;7;0;2;0;1;21;A01
200900011633;1;7;0;0;1;2;1;A01
200900011634;0;33;0;0;1;1;15;A01
200900011635;0;7;0;2;0;1;1;A01
200900011636;0;33;0;0;0;1;1;A01
200900011637;0;7;0;0;2;4;1;B01
200900011637;0;30;0;0;2;1;2;A01
200900011638;0;7;0;3;0;1;0;A01
200900011639;0;15;0;13;2;3;1;A01
200900011639;0;7;0;0;9;1;1;D04
200900011639;0;10;0;0;2;8;1;C03
200900011639;0;10;0;0;2;2;13;E05
200900011639;0;7;0;13;0;1;21;B02
200900011640;0;33;0;0;0;7;1;A01
200900011640;0;7;0;0;2;1;1;B02
200900011641;0;33;0;0;2;2;1;B02
200900011641;0;10;0;0;2;5;15;A01
200900011642;0;7;0;0;2;3;1;B02
200900011642;0;30;0;0;2;1;16;A01
200900011643;0;7;0;2;0;1;1;A01
200900011644;0;2;0;0;2;8;1;B02
200900011644;0;7;0;0;2;2;1;A01
200900011645;0;2;0;0;2;3;1;A01
200900011645;0;7;0;0;9;3;1;B02
200900011646;0;7;0;6;0;9;14;A01
200900011647;0;7;0;0;2;1;1;B02
200900011647;0;7;0;0;2;2;15;A01
200900011648;0;7;0;2;0;1;1;A01
200900011649;0;7;0;0;2;3;13;A01
200900011649;0;13;0;0;2;3;1;B02
200900011650;0;17;0;0;2;3;1;B02
200900011650;0;7;0;0;2;3;13;A01
200900011651;0;7;0;0;4;7;1;A01
200900011651;0;39;0;0;2;1;1;B02
200900011652;0;7;0;0;2;5;4;A01
200900011652;0;33;0;0;2;1;1;B02
200900011653;0;7;0;2;0;1;1;A01
200900011654;0;7;0;0;2;2;1;B02
200900011654;0;30;0;0;2;1;5;A01
200900011655;0;32;0;16;0;2;1;A01
200900011656;0;7;0;5;0;1;14;A01
200900011657;0;33;0;15;0;2;1;A01
200900011658;0;1;0;0;9;0;1;B01
200900011658;0;7;0;0;0;0;13;A01
200900011659;0;10;0;0;1;0;15;A01
200900011660;0;7;0;0;2;4;1;B01
200900011660;0;30;0;0;2;1;2;A01
200900011661;0;1;0;0;2;1;19;A01
200900011661;0;7;0;0;2;2;16;B01
200900011662;0;2;0;0;2;1;1;B01
200900011662;0;7;0;0;2;8;9;A01
200900011663;0;7;0;0;2;1;1;A01
200900011663;0;7;0;0;2;1;16;B01
200900011664;0;7;0;0;2;1;1;B01
200900011664;0;1;0;0;2;0;19;A01
200900011665;0;7;0;0;2;8;9;A01
200900011665;0;7;0;0;2;1;1;B01
200900011666;0;33;0;0;2;1;1;B01
200900011666;0;7;0;0;2;7;22;A01
200900011667;0;2;0;0;2;1;1;B01
200900011667;0;7;0;0;2;3;1;A01
200900011668;1;7;0;0;2;0;16;A01
200900011668;0;30;0;0;2;0;16;B01
200900011669;0;1;0;0;2;1;1;B01
200900011669;0;1;0;0;2;1;1;A01
200900011670;0;7;0;13;0;1;1;A01
200900011671;0;7;0;0;2;3;1;A01
200900011671;0;2;0;0;2;3;19;B01
200900011672;0;7;0;0;2;3;1;A01
200900011672;2;7;0;0;2;1;0;B02
200900011673;0;7;0;0;2;1;1;A01
200900011673;0;7;0;0;2;4;1;B02
200900011674;0;7;0;0;2;1;0;A01
200900011674;0;7;0;0;2;1;1;B01
200900011675;0;7;0;0;2;1;1;B02
200900011675;0;15;0;0;2;3;13;A01
200900011676;0;7;0;0;0;1;1;A01
200900011676;0;7;0;0;0;1;1;B02
200900011677;0;31;0;7;0;1;6;A01
200900011678;0;7;0;0;0;5;1;A01
200900011679;0;7;0;0;2;2;15;A01
200900011679;0;7;0;0;2;3;1;B02
200900011680;0;7;0;0;2;1;14;B02
200900011680;0;7;0;0;2;6;2;C03
200900011680;0;7;0;0;2;1;1;A01
200900011681;0;33;0;2;0;1;1;A01
200900011682;0;7;0;1;1;2;17;A01
200900011683;0;10;0;0;2;1;0;A01
200900011683;0;10;0;0;2;1;0;B02
200900011684;0;10;0;0;1;7;1;A01
200900011685;0;33;0;0;2;2;1;B02
200900011685;0;7;0;0;2;2;15;A01
200900011686;0;7;0;0;1;1;1;A01
200900011687;0;7;0;0;1;8;23;A01
200900011688;0;33;0;2;0;1;1;A01
200900011689;0;10;0;0;2;3;17;C03
200900011689;0;32;0;0;2;6;17;A01
200900011689;0;10;0;0;2;8;1;B02
200900011690;0;7;0;1;1;3;16;A01
200900011691;0;7;0;13;0;1;1;A01
200900011692;0;33;0;0;1;2;1;A01
200900011693;0;7;0;0;2;8;13;A01
200900011693;0;14;0;0;2;3;1;B02
200900011694;0;7;0;13;0;1;1;A01
200900011695;0;7;0;0;1;3;1;A01
200900011696;0;7;0;0;0;6;15;A01
200900011696;0;33;0;0;0;2;17;B02
200900011697;0;7;0;0;2;3;1;A01
200900011697;0;2;0;0;2;1;0;B02
200900011698;0;7;0;0;1;7;1;A01
200900011699;0;7;0;6;0;9;13;A01
200900011700;0;1;0;0;2;0;19;B01
200900011700;0;7;0;0;0;3;15;A01
200900011701;1;7;0;0;1;1;13;A01
200900011702;0;30;0;0;2;0;17;A01
200900011702;0;7;0;0;2;8;15;B01
200900011703;0;7;0;0;1;2;0;A01
200900011704;0;7;0;0;0;5;0;A01
200900011704;0;33;0;0;2;0;0;B01
200900011705;0;33;0;0;2;1;1;A01
200900011705;0;2;0;0;2;1;1;B01
200900011706;0;7;0;0;2;1;1;B01
200900011706;0;7;0;0;2;3;23;C01
200900011706;0;7;0;0;2;7;9;A01
200900011707;0;7;0;0;2;3;10;A01
200900011707;0;10;0;0;2;1;13;B01
200900011708;0;7;0;0;2;1;2;B01
200900011708;0;33;0;0;2;2;9;A01
200900011709;0;7;0;0;2;3;1;B01
200900011709;0;30;0;0;2;1;1;A01
200900011710;0;7;0;12;1;1;0;A01
200900011711;0;7;0;0;2;3;1;B01
200900011712;0;1;0;0;0;1;1;A01
200900011713;0;7;0;0;2;3;9;A01
200900011713;0;33;0;0;2;7;16;B01
200900011714;0;33;0;0;0;0;21;A01
200900011715;0;32;0;12;0;1;1;A01
200900011716;0;7;0;0;0;8;14;A01
200900011717;0;7;0;13;0;1;14;A01
200900011718;0;7;0;0;2;1;7;B01
200900011718;0;7;0;0;2;5;15;A01
200900011719;0;7;0;6;2;1;1;A01
200900011720;0;7;0;0;2;4;2;B01
200900011720;0;2;0;0;2;1;2;A01
200900011721;0;7;0;0;2;4;2;C01
200900011721;0;7;0;0;2;1;2;A01
200900011721;0;7;0;0;2;4;2;B01
200900011722;0;2;0;0;2;1;1;B01
200900011722;0;10;0;0;2;2;1;A01
200900011723;0;15;0;0;2;1;1;B01
200900011723;0;10;0;0;2;8;19;A01
200900011724;0;7;0;0;2;1;1;A01
200900011725;0;7;0;0;2;2;15;A01
200900011725;0;2;0;0;2;1;1;B01