num_acc;senc;catv;occutc;obs;obsm;choc;manv;num_veh
200900011726;0;7;0;0;2;1;2;A01
200900011726;0;7;0;0;2;4;2;B01
200900011727;0;7;0;0;2;2;15;A01
200900011727;0;7;0;0;2;3;1;B01
200900011728;0;33;0;13;0;1;1;A01
200900011729;0;7;0;4;0;3;0;A01
200900011730;0;2;0;0;2;7;1;B01
200900011730;0;7;0;0;2;3;1;A01
200900011731;0;7;0;0;1;1;1;A01
200900011732;0;33;0;0;9;8;1;A01
200900011732;0;1;0;0;2;8;19;B01
200900011733;0;30;0;0;0;0;1;A01
200900011733;0;7;0;0;0;3;15;B01
200900011734;0;7;0;0;2;3;23;A01
200900011734;0;1;0;0;2;2;1;B01
200900011735;0;7;0;13;0;1;14;A01
200900011736;0;7;0;0;2;3;13;A01
200900011736;0;33;0;0;2;3;1;B01
200900011737;0;33;0;0;0;7;1;A01
200900011738;0;15;0;0;2;3;1;B01
200900011738;0;7;0;0;2;3;5;A01
200900011739;0;7;0;0;2;1;12;A01
200900011739;0;7;0;0;2;6;1;B01
200900011740;0;10;0;2;0;3;14;A01
200900011741;0;38;39;0;2;0;24;B01
200900011741;0;15;0;0;1;8;1;A01
200900011742;0;7;0;13;0;7;1;A01
200900011742;0;7;0;0;2;6;14;B01
200900011743;0;7;0;10;0;7;1;A01
200900011744;0;7;0;0;2;8;13;A01
200900011744;0;7;0;0;0;8;1;B01
200900011745;0;33;0;0;2;1;1;A01
200900011745;0;7;0;0;2;8;1;B01
200900011746;0;7;0;2;0;1;0;A01
200900011747;0;7;0;0;0;8;16;A01
200900011747;0;7;0;0;2;0;1;B01
200900011748;0;7;0;0;1;0;1;A01
200900011749;0;2;0;0;2;1;13;A01
200900011749;0;7;0;0;2;2;1;B01
200900011750;0;7;0;8;0;1;1;A01
200900011751;0;7;0;0;2;1;13;A01
200900011751;0;14;0;0;2;1;1;B02
200900011752;0;7;0;0;1;1;1;C03
200900011752;0;30;0;0;2;2;1;A01
200900011752;0;7;0;0;9;4;4;B02
200900011753;0;7;0;0;2;7;1;B02
200900011753;0;7;0;0;2;1;19;A01
200900011754;1;7;0;0;1;3;1;A01
200900011755;0;7;0;14;0;1;1;A01
200900011756;0;7;0;0;2;1;1;C03
200900011756;0;7;0;3;0;1;0;A01
200900011756;0;7;0;0;2;5;1;B02
200900011757;0;7;0;0;2;4;2;B02
200900011757;0;7;0;0;2;4;2;C03
200900011757;0;7;0;0;2;1;2;A01
200900011757;0;7;0;0;0;4;2;D04
200900011758;0;33;0;0;2;1;3;A01
200900011758;0;7;0;0;2;1;15;B02
200900011759;0;7;0;2;0;7;1;A01
200900011760;0;7;0;0;2;3;15;B02
200900011760;0;33;0;0;2;1;1;A01
200900011761;0;7;0;0;1;1;1;A01
200900011762;0;7;0;0;1;2;1;A01
200900011762;0;99;0;0;0;8;0;B02
200900011763;0;7;0;8;0;7;13;A01
200900011764;0;7;0;2;0;1;1;A01
200900011765;0;7;0;0;2;1;2;C03
200900011765;0;7;0;16;0;0;1;A01
200900011765;0;7;0;1;2;1;21;B02
200900011766;0;7;0;0;1;2;1;A01
200900011767;0;30;0;0;2;1;1;B02
200900011767;0;7;0;0;2;3;15;A01
200900011768;0;7;0;6;0;3;0;A01
200900011769;0;7;0;0;2;3;13;A01
200900011769;0;7;0;0;2;3;1;B02
200900011769;0;7;0;0;2;3;1;C03
200900011770;0;7;0;0;2;7;1;A01
200900011770;0;7;0;0;2;1;1;B02
200900011771;0;10;0;13;0;2;21;A01
200900011772;0;7;0;13;0;3;13;A01
200900011773;0;7;0;9;0;3;19;A01
200900011774;0;7;0;0;2;3;21;B02
200900011774;0;7;0;0;2;3;10;A01
200900011775;0;7;0;0;0;8;1;A01
200900011775;0;7;0;0;2;1;1;B01
200900011776;0;7;0;0;2;1;15;A01
200900011776;0;7;0;0;2;3;1;B01
200900011777;0;7;0;0;2;1;15;A01
200900011777;0;33;0;0;2;1;1;B01
200900011778;0;7;0;0;0;5;1;B01
200900011778;0;7;0;0;2;1;1;A01
200900011779;1;7;0;0;2;0;1;Z01
200900011779;0;7;0;0;0;4;1;B01
200900011780;0;7;0;8;0;1;13;A01
200900011781;0;7;0;0;0;3;13;A01
200900011781;0;14;0;0;2;1;1;B01
200900011782;0;7;0;0;0;8;9;A01
200900011782;0;30;0;0;2;1;1;B01
200900011783;0;1;0;0;2;1;1;B01
200900011783;0;10;0;0;2;2;15;A01
200900011784;0;32;0;0;1;1;17;A01
200900011785;0;7;0;0;0;7;16;A01
200900011785;0;2;0;0;2;1;1;B01
200900011786;0;7;0;0;2;1;1;B01
200900011786;1;7;0;0;0;0;9;Z01
200900011786;0;7;0;0;2;1;1;C01
200900011786;0;7;0;0;2;0;1;D01
200900011787;0;2;0;0;1;1;1;A01
200900011788;0;7;0;14;2;1;1;A01
200900011788;0;7;0;12;2;3;16;B01
200900011789;0;31;0;0;2;2;1;B01
200900011789;0;7;0;0;0;8;10;A01
200900011790;0;7;0;0;1;3;1;A01
200900011791;0;2;0;0;2;1;1;B01
200900011791;0;10;0;0;0;7;16;A01
200900011792;0;7;0;0;2;2;2;A01
200900011792;0;7;0;0;0;0;2;C01
200900011792;0;7;0;0;2;0;2;B01
200900011793;0;7;0;0;2;3;15;A01
200900011793;0;2;0;0;0;0;1;B01
200900011794;0;7;0;0;1;2;15;A01
200900011795;0;99;0;0;1;0;15;A01
200900011796;0;7;0;0;0;4;2;B01
200900011796;0;7;0;0;2;1;2;A01
200900011797;0;7;0;0;2;3;15;A01
200900011797;0;7;0;0;2;3;1;B01
200900011798;0;2;0;0;0;7;1;A01
200900011799;0;7;0;0;0;4;23;B01
200900011799;0;7;0;0;2;1;2;A01
200900011800;0;7;0;11;0;3;16;A01
200900011801;0;7;0;0;1;1;17;A01
200900011802;1;30;0;0;1;0;1;Z01
200900011803;0;7;0;0;2;2;1;B01
200900011803;0;7;0;0;0;3;15;A01
200900011804;0;7;0;0;2;1;1;B01
200900011804;0;7;0;0;2;1;13;A01
200900011805;0;7;0;0;0;2;1;B01
200900011805;0;7;0;0;2;1;15;A01
200900011806;0;1;0;0;0;4;0;B01
200900011806;0;7;0;0;2;2;0;A01
200900011807;0;1;0;0;2;1;1;B01
200900011807;0;7;0;0;0;7;16;A01
200900011808;0;2;0;0;2;1;1;B01
200900011808;0;10;0;0;0;2;15;A01
200900011809;0;7;0;0;2;1;1;A01
200900011809;0;7;0;0;0;4;2;C01
200900011809;0;7;0;0;2;4;2;B01
200900011810;0;2;0;0;1;0;1;A01
200900011811;0;7;0;0;2;1;15;A01
200900011811;0;2;0;0;2;1;1;B01
200900011812;0;7;0;0;0;4;24;B01
200900011812;0;7;0;1;0;1;14;A01
200900011813;0;10;0;0;1;1;15;A01
200900011814;0;7;0;0;2;1;1;A01
200900011814;0;7;0;0;0;3;15;B01
200900011815;0;7;0;0;0;4;15;B01
200900011815;0;10;0;0;2;1;1;A01
200900011816;0;7;0;0;2;1;11;A01
200900011816;0;33;0;0;0;4;23;B01
200900011817;0;7;0;6;0;1;13;A01
200900011818;0;2;0;1;0;1;2;A01
200900011818;0;7;0;0;0;5;23;B01
200900011819;0;1;0;0;2;0;1;B01
200900011819;0;17;0;0;0;2;16;A01
200900011820;0;7;0;0;0;2;15;A01
200900011820;0;2;0;0;2;1;1;B01
200900011821;0;31;0;0;2;1;1;B01
200900011821;0;7;0;0;0;2;15;A01
200900011822;0;7;0;0;2;2;16;A01
200900011822;0;1;0;0;2;3;1;B01
200900011823;0;2;0;0;2;1;1;B01
200900011823;0;7;0;0;2;1;15;A01
200900011824;0;7;0;0;2;1;15;A01
200900011825;0;32;0;0;2;1;1;B01
200900011825;0;7;0;0;0;5;15;A01
200900011826;0;7;0;0;0;8;1;A01
200900011826;1;7;0;0;2;0;1;Z01
200900011827;0;30;0;0;2;1;1;A01
200900011827;0;7;0;0;0;8;1;B01
200900011828;0;7;0;0;1;1;19;A01
200900011829;0;7;0;0;0;3;1;A01
200900011829;0;30;0;0;2;1;1;B01
200900011830;0;37;0;0;1;7;2;A01
200900011831;0;7;0;0;1;3;1;A01
200900011832;0;7;0;0;0;4;1;C01
200900011832;0;10;0;0;0;6;1;B01
200900011832;0;7;0;0;2;1;13;A01
200900011833;0;33;0;11;0;1;1;A01
200900011834;0;7;0;0;2;1;15;A01
200900011834;0;7;0;0;2;1;1;B01
200900011835;0;7;0;0;2;1;15;A01
200900011835;0;30;0;0;2;1;1;B01
200900011836;0;37;2;0;1;2;20;A01
200900011837;0;7;0;0;2;1;15;A01
200900011837;0;7;0;0;2;1;1;B01
200900011838;0;7;0;0;2;1;1;A01
200900011838;0;7;0;0;0;4;1;B01
200900011839;0;7;0;0;1;1;16;A01
200900011840;0;1;0;0;2;1;5;A01
200900011840;0;10;0;0;2;0;16;B01
200900011841;0;7;0;0;2;7;15;A01
200900011841;0;2;0;0;2;1;1;B01
200900011842;1;7;0;0;0;2;1;Z01
200900011842;0;31;0;0;2;1;1;A01
200900011843;0;30;0;0;1;0;1;A01
200900011844;0;7;0;0;0;7;15;A01
200900011844;0;7;0;0;2;3;1;B01
200900011845;0;1;0;0;0;0;1;B01
200900011845;0;7;0;0;2;1;1;A01
200900011846;0;7;0;0;1;2;1;A01
200900011847;0;7;0;0;2;1;15;A01
200900011847;0;2;0;0;2;1;1;B01
200900011848;0;1;0;0;2;3;1;B01
200900011848;0;7;0;0;0;2;17;A01
200900011849;0;7;0;0;1;1;1;A01
200900011850;0;7;0;0;2;1;15;A01
200900011850;0;30;0;0;2;1;1;B01
200900011851;0;7;0;0;0;8;15;A01
200900011851;0;40;0;11;2;1;2;B01
200900011852;0;7;0;0;1;2;1;A01
200900011853;0;7;0;0;0;4;1;B01
200900011853;0;7;0;0;2;1;1;A01
200900011854;0;7;0;0;2;1;2;B01
200900011854;0;7;0;0;2;2;13;A01
200900011855;0;1;0;0;0;0;0;B01
200900011855;1;7;0;0;0;0;0;Z01
200900011856;0;7;0;0;0;4;23;C01
200900011856;0;7;0;0;2;4;23;B01
200900011856;0;7;0;0;2;1;2;A01
200900011857;0;7;0;0;2;3;15;B01
200900011857;0;2;0;0;2;1;17;A01
200900011858;0;31;0;0;2;1;1;B01
200900011858;0;7;0;0;0;0;15;A01
200900011859;0;7;0;0;2;7;9;A01
200900011859;0;2;0;0;2;1;1;B01
200900011860;0;7;0;0;1;1;1;A01
200900011861;0;7;0;0;2;1;2;A01
200900011861;0;7;0;0;2;4;23;B01
200900011862;0;7;0;0;1;1;16;A01
200900011863;0;7;0;0;2;8;1;A01
200900011863;0;31;0;0;2;1;1;B01
200900011864;0;30;0;12;0;1;16;A01
200900011865;0;1;0;0;1;1;1;A01
200900011866;0;10;0;0;2;3;1;A01
200900011866;0;1;0;0;0;0;1;B01
200900011867;0;7;0;0;0;8;15;A01
200900011867;0;33;0;0;2;1;17;B01
200900011868;0;2;0;0;2;1;1;B01
200900011868;0;7;0;0;2;2;15;A01
200900011869;0;2;0;1;0;8;13;A01
200900011870;0;2;0;0;0;0;0;A01
200900011871;0;30;0;0;2;2;9;A01
200900011871;0;7;0;0;2;6;9;B01
200900011872;0;1;0;0;2;8;19;B01
200900011872;0;7;0;0;2;1;1;A01
200900011873;0;7;0;0;1;6;4;A01
200900011874;0;7;0;0;1;7;0;A01
200900011875;0;33;0;0;9;7;3;A01
200900011876;0;7;0;4;0;3;2;A01
200900011877;0;7;0;0;2;8;13;B01
200900011877;0;7;0;4;0;7;2;C01
200900011877;0;7;0;0;0;0;9;A01
200900011878;0;7;0;0;0;4;23;C01
200900011878;0;10;0;0;2;1;1;E01
200900011878;0;7;0;0;1;4;1;A01
200900011878;0;7;0;0;2;4;1;B01
200900011878;0;7;0;0;2;2;1;D01
200900011879;0;7;0;4;0;3;2;A01
200900011880;0;7;0;2;0;8;2;A01
200900011881;0;7;0;4;0;1;2;A01
200900011882;0;7;0;4;0;3;2;A01
200900011883;0;17;0;0;2;2;12;A01
200900011883;0;7;0;0;0;6;1;B01
200900011884;0;34;0;0;0;8;2;A01
200900011885;0;7;0;4;0;6;2;A01
200900011886;0;7;0;3;0;1;2;A01
200900011887;0;7;0;4;0;2;2;A01
200900011888;0;33;0;0;0;7;2;B01
200900011888;0;10;0;0;2;8;11;A01
200900011889;0;10;0;0;2;1;1;A01
200900011889;0;99;0;0;0;4;1;B01
200900011890;0;7;0;4;0;1;2;A01
200900011891;0;7;0;0;0;8;1;A01
200900011891;1;7;0;0;2;2;17;B01
200900011892;0;7;0;4;0;3;2;A01
200900011892;0;33;0;0;2;1;2;B01
200900011893;0;10;0;0;2;1;1;A01
200900011893;0;7;0;0;0;4;1;B01
200900011894;1;7;0;0;0;4;12;B01
200900011894;0;7;0;0;2;1;1;A01
200900011895;0;32;0;0;2;7;1;A01
200900011895;0;7;0;0;2;8;11;B01
200900011896;0;7;0;0;0;1;1;B01
200900011896;0;17;0;0;2;6;11;A01
200900011897;0;7;0;4;0;3;2;A01
200900011898;0;7;0;7;0;3;2;A01
200900011899;0;7;0;4;0;3;2;A01
200900011900;0;33;0;0;2;1;1;A01
200900011900;0;7;0;0;0;4;1;B01
200900011901;0;7;0;0;2;1;1;A01
200900011901;0;7;0;0;0;4;1;B01
200900011902;0;7;0;3;0;3;2;A01
200900011903;0;7;0;3;0;3;2;A01
200900011904;0;7;0;0;0;4;2;B01
200900011904;0;33;0;0;2;1;2;A01
200900011905;0;33;0;0;2;1;3;A01
200900011905;0;7;0;0;2;3;11;B01
200900011906;0;7;0;4;0;1;2;A01
200900011907;0;7;0;6;0;7;1;B01
200900011907;0;7;0;0;2;1;1;A01
200900011908;0;7;0;0;0;1;1;B01
200900011908;0;7;0;0;2;8;1;A01
200900011909;0;2;0;0;2;1;17;B02
200900011909;0;7;0;0;2;3;15;A01
200900011910;0;7;0;0;0;0;10;A01
200900011910;0;7;0;0;2;1;1;B01
200900011911;0;31;0;0;2;1;1;B01
200900011911;0;7;0;0;2;7;16;A01
200900011912;0;7;0;0;2;3;1;B01
200900011912;0;10;0;0;2;2;13;A01
200900011913;0;1;0;0;2;1;1;B01
200900011913;0;7;0;0;0;2;22;A01
200900011914;1;7;0;0;2;5;19;B02
200900011914;0;30;0;0;2;1;15;A01
200900011915;0;7;0;0;2;4;23;D01
200900011915;0;7;0;0;2;4;23;B01
200900011915;0;7;0;0;2;4;23;C01
200900011915;0;7;0;0;2;1;1;A01
200900011916;0;10;0;16;0;1;1;A01
200900011917;0;7;0;0;1;2;1;A01
200900011918;0;31;0;0;2;1;1;B02
200900011918;0;7;0;0;2;7;15;A01
200900011919;0;10;0;0;1;2;1;A01
200900011920;0;33;0;0;2;1;2;A01
200900011920;0;7;0;0;2;6;2;B02
200900011921;0;7;0;0;2;1;19;A01
200900011921;0;1;0;0;2;7;1;B02
200900011922;0;7;0;2;0;2;1;A01
200900011923;0;2;0;0;2;1;1;B02
200900011923;0;7;0;0;9;1;15;A01
200900011924;0;31;0;0;2;1;13;A01
200900011924;0;7;0;0;2;1;1;B02
200900011925;0;33;0;13;0;1;1;A01
200900011926;0;7;0;13;0;1;1;A01
200900011927;0;7;0;0;2;3;2;B02
200900011927;0;2;0;0;2;1;17;A01
200900011928;0;7;0;0;2;1;13;B02
200900011928;0;15;0;0;2;1;1;A01
200900011929;0;7;0;0;2;6;1;B02
200900011929;0;7;0;0;2;1;1;A01
200900011930;0;7;0;8;0;1;1;A01
200900011931;0;7;0;0;2;3;1;A01
200900011931;0;7;0;0;2;3;1;B02
200900011932;0;7;0;0;2;7;1;A01
200900011932;0;14;0;0;2;1;19;B02
200900011933;0;7;0;0;0;0;24;C03
200900011933;0;30;0;1;2;3;1;B02
200900011933;0;7;0;0;2;3;21;A01
200900011934;0;7;0;0;2;2;1;A01
200900011934;0;36;0;0;2;1;16;B02
200900011935;0;7;0;0;2;3;13;A01
200900011935;0;7;0;0;2;3;1;B02
200900011936;0;30;0;0;2;1;1;B02
200900011936;0;30;0;0;2;1;1;A01
200900011937;0;7;0;0;1;3;1;A01
200900011938;0;30;0;0;1;1;1;A01
200900011939;0;30;0;0;0;1;0;A01
200900011939;0;30;0;0;0;1;0;B02
200900011940;0;7;0;0;2;1;1;A01
200900011940;0;7;0;0;0;4;1;B02
200900011941;0;2;0;0;0;1;17;B02
200900011941;0;7;0;0;0;8;15;A01
200900011942;0;30;0;0;2;1;17;A01
200900011942;0;33;0;0;2;1;1;B02
200900011943;0;7;0;6;0;1;13;A01
200900011944;0;30;0;0;0;4;23;B02
200900011944;0;7;0;14;0;1;2;A01
200900011945;0;7;0;0;0;2;15;A01
200900011945;0;2;0;0;2;1;18;B01
200900011946;0;33;0;0;2;1;1;A01
200900011946;0;7;0;0;0;4;1;B01
200900011947;0;7;0;0;1;1;15;A01
200900011948;0;33;0;0;2;1;1;B01
200900011948;0;7;0;0;0;5;15;A01
200900011949;0;7;0;0;2;3;1;B01
200900011949;0;1;0;0;2;0;1;A01
200900011950;0;7;0;0;1;0;1;A01
200900011951;0;1;0;0;2;1;15;A01
200900011951;0;7;0;0;0;5;15;B01
200900011952;0;7;0;0;2;3;1;B01
200900011952;0;2;0;0;0;0;13;A01
200900011953;0;10;0;0;0;5;16;A01
200900011953;0;30;0;0;2;3;18;B01
200900011954;0;33;0;0;2;1;17;B01
200900011954;0;7;0;0;2;8;15;A01
200900011955;0;31;0;0;2;7;17;A01
200900011955;0;7;0;0;2;8;15;B01
200900011956;0;2;0;0;0;8;1;B01
200900011956;0;7;0;0;2;1;1;A01
200900011957;0;33;0;0;2;1;1;B01
200900011957;0;10;0;0;0;5;1;A01
200900011958;0;7;0;0;2;3;15;A01
200900011958;0;30;0;0;2;1;1;B01
200900011959;0;7;0;0;0;7;24;B01
200900011959;0;10;0;0;1;4;4;A01
200900011960;0;7;0;0;0;7;17;B01
200900011960;0;1;0;0;2;3;13;A01
200900011961;0;7;0;0;0;8;15;A01
200900011961;0;40;0;0;2;1;1;B01
200900011962;0;7;0;0;2;3;1;A01
200900011962;0;7;0;9;0;7;1;B01
200900011963;0;10;0;0;0;4;4;A01
200900011963;0;7;0;0;2;1;1;B01
200900011964;0;7;0;0;2;8;10;A01
200900011964;0;30;0;0;2;9;1;B01
200900011965;0;7;0;9;0;1;16;A01
200900011966;0;7;0;0;0;4;2;B01
200900011966;0;7;0;0;2;1;2;A01
200900011967;0;7;0;0;1;1;1;A01
200900011968;0;7;0;0;2;1;1;A01
200900011968;0;7;0;3;0;4;1;B01
200900011969;0;32;0;0;2;3;3;A01
200900011969;0;7;0;0;2;2;14;B01
200900011970;0;33;0;0;2;1;17;A01
200900011970;0;10;0;0;0;8;15;B01
200900011971;0;10;0;0;0;4;15;B01
200900011971;0;7;0;0;2;2;1;A01
200900011972;0;32;0;0;2;1;1;B01
200900011972;0;7;0;0;0;7;10;A01
200900011973;0;7;0;0;2;2;15;A01
200900011973;0;7;0;0;2;3;1;B01
200900011974;0;7;0;0;0;8;1;A01
200900011974;0;7;0;0;2;1;1;B01
200900011975;0;7;0;0;2;0;1;B01
200900011975;0;1;0;0;0;4;1;A01
200900011976;0;37;10;0;1;1;2;A01
200900011977;0;7;0;6;0;4;16;B01
200900011977;0;10;0;0;2;2;2;A01
200900011978;0;7;0;0;1;2;16;A01
200900011979;0;7;0;0;0;3;15;A01
200900011979;0;31;0;0;2;1;16;B01
200900011980;0;7;0;0;2;8;10;A01
200900011980;0;7;0;0;2;1;1;B01
200900011981;0;33;0;0;2;2;1;B01
200900011981;0;7;0;0;0;8;15;A01
200900011982;0;7;0;0;0;5;16;B01
200900011982;0;33;0;0;2;1;1;A01
200900011983;0;7;0;0;2;1;15;A01
200900011983;0;33;0;0;2;1;1;B01
200900011984;0;7;0;0;0;3;1;B01
200900011985;0;7;0;0;2;1;1;B01
200900011985;0;10;0;0;2;3;1;A01
200900011986;0;40;0;0;0;7;1;A01
200900011987;0;7;0;0;0;5;1;B01
200900011987;0;1;0;0;2;3;1;A01
200900011988;0;7;0;0;0;2;1;B01
200900011988;0;7;0;0;2;1;15;A01
200900011989;0;33;0;0;2;7;17;A01
200900011989;0;7;0;0;0;6;15;B01
200900011990;0;7;0;0;2;1;1;A01
200900011990;0;7;0;0;0;8;1;B01
200900011991;0;2;0;0;2;1;1;B01
200900011991;0;7;0;0;0;8;14;A01
200900011992;0;7;0;0;0;5;15;B01
200900011992;0;31;0;0;2;7;1;A01
200900011993;0;7;0;0;0;4;23;B01
200900011993;0;7;0;0;2;1;2;A01
200900011994;0;7;0;0;2;3;15;B01
200900011994;0;30;0;0;0;5;17;A01
200900011995;0;7;0;0;0;5;15;A01
200900011995;0;7;0;0;2;1;1;B01
200900011996;0;7;0;0;2;1;1;B01
200900011996;0;7;0;0;0;2;15;A01
200900011997;0;7;0;0;0;2;16;B01
200900011997;0;31;0;0;2;1;1;A01
200900011998;0;7;0;0;0;6;15;B01
200900011998;0;33;0;0;2;1;1;A01
200900011999;0;7;0;0;0;5;15;A01
200900011999;0;2;0;0;2;1;1;B01
200900012000;0;7;0;0;0;4;1;C01
200900012000;0;7;0;0;2;4;1;B01
200900012000;0;7;0;0;2;1;1;A01
200900012001;0;7;0;0;0;7;1;B01
200900012001;0;1;0;0;2;1;18;A01
200900012002;0;7;0;0;2;1;1;A01
200900012002;0;30;0;0;0;9;1;B01
200900012003;0;7;0;0;0;3;1;B01
200900012003;0;2;0;0;2;2;1;A01
200900012004;0;33;0;15;0;1;14;A01
200900012005;0;30;0;11;0;1;17;A01
200900012006;0;7;0;6;0;1;13;A01
200900012007;0;33;0;0;2;1;1;B01
200900012007;0;7;0;0;2;3;15;A01
200900012008;0;7;0;0;0;4;23;D01
200900012008;0;7;0;0;2;1;1;A01
200900012008;0;7;0;0;2;4;23;B01
200900012008;0;7;0;0;2;4;23;C01
200900012009;0;7;0;0;2;1;15;A01
200900012009;0;7;0;0;2;1;1;B01
200900012010;0;30;0;0;2;1;9;A01
200900012010;0;2;0;0;2;1;1;B01
200900012011;0;7;0;0;2;1;1;A01
200900012011;0;1;0;0;0;4;23;B01
200900012012;0;7;0;0;0;5;12;A01
200900012012;0;33;0;7;2;1;1;B01
200900012013;0;30;0;0;2;1;1;A01
200900012013;0;10;0;0;0;5;23;B01
200900012014;0;1;0;0;2;1;1;B01
200900012014;0;7;0;0;0;2;1;A01
200900012015;0;31;0;8;2;2;17;A01
200900012015;0;7;0;0;0;8;1;C01
200900012016;0;7;0;0;1;8;1;A01
200900012017;0;7;0;0;2;7;15;B01
200900012017;0;7;0;0;2;2;1;A01
200900012018;0;7;0;0;0;3;15;A01
200900012018;0;30;0;0;2;1;1;B01
200900012019;0;7;0;0;2;7;15;A01
200900012019;0;2;0;0;2;1;2;B01
200900012020;0;7;0;0;2;3;11;A01
200900012020;0;7;0;0;2;7;1;B01
200900012021;0;7;0;0;1;2;2;B01
200900012021;0;7;0;4;0;1;2;A01
200900012022;0;7;0;0;2;1;2;A01
200900012022;0;10;0;0;0;4;2;B01
200900012023;0;7;0;0;0;4;2;E01
200900012023;0;10;0;0;2;4;2;B01
200900012023;0;7;0;0;2;4;2;C01
200900012023;0;10;0;0;2;4;2;D01
200900012023;0;7;0;0;2;1;2;A01
200900012024;0;7;0;0;2;4;2;C01
200900012024;0;7;0;0;2;4;2;B01
200900012024;0;7;0;0;0;4;2;E01
200900012024;0;7;0;0;2;1;2;A01
200900012024;0;7;0;0;2;4;2;D01
200900012025;0;33;0;0;2;2;1;A01
200900012025;0;7;0;0;0;6;1;B01
200900012026;0;7;0;0;0;4;1;C01
200900012026;0;7;0;0;2;1;1;A01
200900012026;0;7;0;0;2;4;1;B01
200900012027;0;14;0;0;2;2;2;B01
200900012027;0;7;0;0;0;4;24;A01
200900012028;0;17;0;0;2;2;12;A01
200900012028;0;7;0;0;0;6;1;B01
200900012029;0;7;0;5;0;9;2;A01
200900012030;0;33;0;0;2;0;1;A01
200900012030;0;7;0;0;0;5;12;B01
200900012031;0;7;0;4;0;7;2;A01
200900012032;0;7;0;13;0;2;2;A01
200900012033;0;7;0;7;0;3;12;A01
200900012034;0;17;0;0;2;2;12;A01
200900012034;0;7;0;0;0;6;1;B01
200900012034;0;10;0;0;2;1;1;C01
200900012035;0;10;0;0;2;1;21;A01
200900012035;0;7;0;0;0;4;1;B01
200900012036;0;10;0;0;2;1;2;C01
200900012036;0;17;0;0;0;4;2;B01
200900012036;0;7;0;0;2;1;2;A01
200900012037;0;14;0;0;2;1;1;A01
200900012037;0;7;0;0;0;4;1;B01
200900012038;0;7;0;0;2;2;15;A01
200900012038;0;31;0;0;2;1;1;B01
200900012039;0;2;0;0;2;1;1;B01
200900012039;0;7;0;0;2;1;13;A01
200900012040;0;7;0;2;0;7;1;A01
200900012041;0;7;0;0;2;1;1;B02
200900012041;0;7;0;0;2;1;5;A01
200900012042;0;7;0;0;0;7;15;B01
200900012042;0;1;0;0;2;1;19;A01
200900012043;0;7;0;0;2;6;9;A01
200900012043;0;30;0;0;2;2;1;B01
200900012044;0;7;0;0;2;8;1;C01
200900012044;0;7;0;0;2;1;1;A01
200900012044;0;7;0;0;2;9;2;B01
200900012045;0;36;0;2;0;1;1;A01
200900012046;0;10;0;0;0;7;20;B01
200900012046;0;2;0;0;2;1;1;A01
200900012047;0;7;0;0;2;2;16;B01
200900012047;0;33;0;0;0;0;1;A01
200900012048;0;7;0;0;2;4;2;B01
200900012048;0;30;0;0;2;1;2;A01
200900012049;0;7;0;0;2;2;1;A01
200900012049;0;1;0;0;2;1;1;B01
200900012050;0;31;0;0;2;1;1;A01
200900012050;0;7;0;0;2;6;15;B01
200900012051;0;33;0;0;2;1;1;A01
200900012051;0;7;0;0;0;5;15;B02
200900012051;0;7;0;0;2;3;1;C03
200900012052;0;7;0;0;2;4;2;B01
200900012052;0;7;0;0;0;4;2;C01
200900012052;0;7;0;0;2;1;1;A01
200900012053;0;7;0;0;0;7;15;A01
200900012053;0;33;0;0;2;1;1;B01
200900012054;0;7;0;0;0;5;1;B01
200900012054;0;2;0;0;2;1;1;A01
200900012055;0;7;0;0;2;7;16;B01
200900012055;0;32;0;0;0;6;18;A01
200900012056;0;7;0;0;1;1;1;A01
200900012057;0;7;0;6;0;1;14;A01
200900012058;0;14;0;15;0;7;0;A01
200900012059;0;33;0;0;0;7;17;B01
200900012059;0;7;0;0;2;2;15;A01
200900012060;0;7;0;0;0;5;15;B01
200900012060;0;33;0;0;2;2;1;A01
200900012061;0;7;0;0;2;4;23;B01
200900012061;0;37;1;0;0;4;23;C01
200900012061;0;14;0;0;2;2;2;A01
200900012062;1;7;0;0;2;0;2;A01
200900012062;0;7;0;0;0;4;1;B01
200900012063;0;7;0;0;2;2;0;A01
200900012063;0;1;0;0;0;1;0;B01
200900012064;0;7;0;0;2;1;15;A01
200900012064;0;7;0;0;2;1;1;B01
200900012065;0;7;0;0;2;1;5;A01
200900012065;0;7;0;0;0;8;1;C01
200900012065;0;7;0;0;0;2;21;B01
200900012066;0;7;0;0;1;3;16;A01
200900012067;0;33;0;0;2;1;1;A01
200900012067;0;7;0;0;0;2;15;B01
200900012068;0;40;0;0;2;1;1;A01
200900012069;0;7;0;0;1;3;16;A01
200900012070;0;31;0;0;2;2;16;A01
200900012070;0;31;0;0;2;3;1;B01
200900012071;0;7;0;0;0;2;15;A01
200900012071;0;31;0;0;2;1;1;B01
200900012072;0;7;0;1;0;9;1;A01
200900012072;0;7;0;1;0;1;1;B01
200900012073;0;7;0;0;2;2;1;A01
200900012073;0;7;0;0;0;8;1;B01
200900012074;0;7;0;0;1;0;1;A01
200900012075;0;7;0;0;0;4;1;B01
200900012075;0;10;0;0;2;1;2;A01
200900012076;0;7;0;0;0;4;1;C01