num_acc;senc;catv;occutc;obs;obsm;choc;manv;num_veh
200900012076;0;7;0;0;2;1;1;A01
200900012076;0;7;0;0;2;4;1;B01
200900012077;0;30;0;0;2;1;1;B01
200900012077;0;7;0;0;0;3;15;A01
200900012078;0;31;0;0;2;1;1;B01
200900012078;0;7;0;0;0;7;15;A01
200900012079;0;2;0;0;2;1;1;B01
200900012079;0;7;0;0;0;3;15;A01
200900012080;0;7;0;0;2;1;2;B01
200900012080;1;7;0;0;2;1;2;A01
200900012080;0;7;0;0;0;4;1;D01
200900012080;0;7;0;0;2;1;2;C01
200900012081;0;32;0;0;2;1;21;A01
200900012081;1;7;0;0;0;5;15;B01
200900012082;0;7;0;0;2;2;1;A01
200900012082;0;30;0;0;2;1;1;B01
200900012083;0;7;0;9;0;2;14;A01
200900012084;0;37;1;0;1;2;1;A01
200900012085;0;7;0;0;0;4;1;B01
200900012085;0;7;0;0;2;1;1;A01
200900012086;0;7;0;0;0;2;16;A01
200900012086;0;2;0;0;2;1;18;B01
200900012087;0;7;0;0;0;8;1;A01
200900012087;0;40;0;0;2;1;1;B01
200900012088;0;33;0;0;2;2;1;B01
200900012088;0;7;0;1;2;3;16;A01
200900012089;0;7;0;0;2;2;15;A01
200900012089;0;1;0;0;0;8;1;B01
200900012090;0;10;0;0;2;2;1;A01
200900012090;0;7;0;0;2;3;1;B01
200900012091;0;7;0;0;1;1;1;A01
200900012092;0;7;0;0;2;2;1;A01
200900012092;0;7;0;1;0;8;1;B01
200900012093;0;30;0;0;2;8;0;A01
200900012093;0;7;0;0;0;5;1;B01
200900012094;0;7;0;0;2;2;15;B01
200900012094;0;33;0;0;2;2;17;A01
200900012095;0;40;0;0;1;1;1;A01
200900012096;0;7;0;1;0;2;1;A01
200900012097;0;7;0;0;2;7;1;B01
200900012097;0;1;0;0;2;1;1;A01
200900012098;0;7;0;0;0;7;15;A01
200900012098;0;32;0;0;2;1;1;B01
200900012099;0;2;0;0;2;8;18;B01
200900012099;0;14;0;0;0;5;16;A01
200900012100;0;7;0;0;0;2;15;A01
200900012100;0;31;0;0;2;1;1;B01
200900012101;0;7;0;0;0;4;15;C01
200900012101;0;7;0;0;2;4;15;B01
200900012101;0;7;0;0;2;1;15;A01
200900012102;0;30;0;0;2;1;1;B01
200900012102;0;7;0;0;2;2;15;A01
200900012103;0;7;0;0;2;1;15;A01
200900012103;0;33;0;0;2;8;1;B01
200900012104;0;10;0;0;2;1;16;A01
200900012104;0;7;0;0;0;3;1;B01
200900012105;0;1;0;0;2;1;1;B01
200900012105;0;7;0;0;9;2;15;A01
200900012106;0;32;0;0;2;1;17;A01
200900012106;0;7;0;0;0;6;15;B01
200900012107;0;33;0;0;0;8;21;B01
200900012107;0;31;0;0;2;1;19;A01
200900012108;0;7;0;0;2;1;1;A01
200900012108;0;7;0;0;0;4;0;B01
200900012109;0;1;0;0;2;1;1;B01
200900012109;0;7;0;0;0;7;23;A01
200900012110;0;7;0;0;0;8;15;B01
200900012110;0;33;0;0;2;1;17;A01
200900012111;0;33;0;0;1;1;1;A01
200900012112;0;31;0;0;0;0;0;A01
200900012113;0;1;0;0;2;1;13;A01
200900012113;0;7;0;0;2;6;16;B01
200900012114;0;7;0;0;2;1;0;G02
200900012114;0;7;0;0;2;1;0;D01
200900012114;0;7;0;0;2;4;0;E01
200900012114;0;7;0;0;2;1;1;B01
200900012114;0;7;0;0;2;1;0;F02
200900012114;0;7;0;0;0;4;1;A01
200900012114;0;7;0;0;2;1;0;C01
200900012115;0;7;0;0;2;3;13;A01
200900012115;0;7;0;0;0;8;1;B01
200900012116;0;7;0;0;0;4;1;B01
200900012116;0;7;0;0;2;1;1;A01
200900012117;0;7;0;0;2;1;1;B01
200900012117;0;7;0;0;0;4;1;A01
200900012118;0;7;0;0;1;1;23;A01
200900012119;0;2;0;0;2;1;1;A01
200900012119;0;7;0;0;0;3;13;B01
200900012120;1;7;0;0;0;0;21;A01
200900012120;0;33;0;0;2;2;1;B01
200900012121;0;7;0;14;0;9;0;A01
200900012122;0;33;0;0;2;1;1;A01
200900012122;0;7;0;0;0;6;1;B01
200900012123;0;7;0;5;1;3;0;A01
200900012124;0;1;0;1;2;1;17;A01
200900012124;0;37;2;0;0;8;23;B01
200900012125;0;40;0;0;1;2;1;A01
200900012126;0;7;0;0;0;6;1;B01
200900012126;0;33;0;0;2;8;1;A01
200900012127;0;7;0;0;2;2;15;A01
200900012127;0;2;0;0;2;3;1;B01
200900012128;0;7;0;0;2;0;15;A01
200900012128;0;2;0;0;2;0;1;B01
200900012129;0;7;0;0;1;2;1;A01
200900012130;0;30;0;0;2;2;15;B01
200900012130;0;7;0;0;2;3;15;A01
200900012131;0;7;0;0;1;3;1;A01
200900012132;0;7;0;0;2;1;2;B01
200900012132;0;7;0;0;1;4;2;A01
200900012133;0;10;0;0;2;1;1;A01
200900012133;0;33;0;0;2;1;1;B01
200900012134;0;7;0;8;0;1;1;A01
200900012135;0;30;0;12;2;2;18;A01
200900012135;0;7;0;0;0;7;16;B01
200900012136;0;7;0;0;2;1;16;A01
200900012136;0;10;0;0;0;4;16;B01
200900012137;0;7;0;0;0;4;1;B01
200900012137;0;7;0;0;2;1;1;A01
200900012138;0;7;0;0;2;1;1;B01
200900012138;0;7;0;0;0;5;1;A01
200900012139;0;7;0;0;2;1;15;A01
200900012139;0;30;0;0;2;1;1;B01
200900012140;0;7;0;0;1;1;16;A01
200900012141;0;30;0;0;2;2;15;A01
200900012141;0;7;0;0;0;8;1;B01
200900012142;0;7;0;0;2;2;15;A01
200900012142;0;7;0;0;2;3;1;B01
200900012143;0;7;0;13;0;1;1;A01
200900012144;0;7;0;6;0;1;1;A01
200900012145;0;33;0;8;0;1;1;A01
200900012146;0;14;0;0;0;2;14;A01
200900012147;0;3;0;6;0;1;1;A01
200900012148;0;7;0;0;2;3;1;B02
200900012148;0;14;0;0;2;3;1;A01
200900012149;0;2;0;0;2;1;1;B02
200900012149;0;7;0;0;2;7;15;A01
200900012150;0;99;0;13;0;2;1;A01
200900012151;0;1;0;0;2;4;1;B02
200900012151;1;7;0;0;2;2;1;A01
200900012152;0;33;0;0;6;1;0;A01
200900012153;0;7;0;2;0;9;13;A01
200900012154;0;7;0;0;6;1;21;A01
200900012155;0;7;0;13;0;3;1;A01
200900012156;0;7;0;0;2;3;17;A01
200900012156;0;7;0;0;2;3;1;B02
200900012157;0;7;0;6;0;1;19;A01
200900012158;0;7;0;0;9;1;1;A01
200900012158;0;30;0;0;2;4;9;B02
200900012159;0;14;0;0;2;2;19;B02
200900012159;0;7;0;0;2;3;1;A01
200900012160;0;10;0;2;0;1;14;A01
200900012161;0;7;0;0;2;1;1;A01
200900012161;0;7;0;8;2;8;15;B02
200900012162;0;7;0;6;0;2;14;A01
200900012163;0;30;0;0;1;1;21;A01
200900012164;0;10;0;0;0;6;2;C01
200900012164;0;7;0;0;2;4;2;B01
200900012164;0;7;0;0;2;1;2;A01
200900012165;0;7;0;4;0;4;2;A01
200900012166;0;7;0;3;0;3;11;A01
200900012167;0;7;0;4;0;1;2;A01
200900012168;0;7;0;6;0;0;1;A01
200900012169;0;7;0;3;0;1;2;A01
200900012170;0;7;0;0;2;3;11;A01
200900012170;0;33;0;0;0;7;1;B01
200900012171;0;7;0;0;2;1;2;A01
200900012171;0;7;0;0;0;4;2;B01
200900012172;0;7;0;0;0;9;11;A01
200900012173;0;7;0;0;2;2;17;A01
200900012173;0;7;0;0;0;6;2;B01
200900012174;0;7;0;4;0;1;2;A01
200900012175;0;33;0;0;2;1;3;B01
200900012175;0;7;0;0;0;3;11;A01
200900012176;0;7;0;5;0;7;2;A01
200900012177;0;14;0;0;0;0;1;B01
200900012177;0;33;0;0;0;7;1;A01
200900012178;0;33;0;0;0;2;1;B01
200900012178;0;7;0;0;2;6;11;A01
200900012179;0;7;0;4;0;5;2;A01
200900012180;0;7;0;0;2;4;23;C01
200900012180;0;7;0;0;2;1;0;A01
200900012180;0;7;0;0;2;4;23;B01
200900012181;0;7;0;0;2;1;1;A01
200900012181;0;7;0;0;0;0;1;B01
200900012182;0;7;0;0;2;8;15;A01
200900012182;0;33;0;0;2;1;17;B01
200900012183;0;7;0;0;0;3;1;B01
200900012183;0;7;0;0;2;2;1;A01
200900012184;0;10;0;0;2;3;1;B02
200900012185;0;21;0;0;2;4;1;B01
200900012185;0;2;0;0;2;1;1;A01
200900012186;0;7;0;0;2;1;15;A01
200900012186;0;1;0;0;0;0;1;B01
200900012187;1;7;0;0;0;8;1;A01
200900012187;0;31;0;0;2;1;15;B01
200900012188;0;7;0;0;2;3;19;A01
200900012188;0;33;0;0;2;1;1;B02
200900012189;0;32;0;0;0;0;1;B01
200900012189;0;7;0;0;0;0;15;A01
200900012190;0;1;0;0;0;1;15;B01
200900012190;0;7;0;0;9;2;15;A01
200900012191;0;7;0;14;0;2;13;A01
200900012192;0;30;0;0;2;1;1;A01
200900012192;0;7;0;0;0;4;1;B01
200900012193;0;30;0;0;2;2;17;A01
200900012193;0;7;0;0;0;8;15;B01
200900012194;0;7;0;0;2;1;1;B01
200900012194;0;7;0;1;0;9;1;A01
200900012195;0;33;0;0;2;6;0;B01
200900012195;0;33;0;12;2;1;2;A01
200900012196;0;10;0;0;1;4;4;A01
200900012197;0;7;0;6;0;1;1;A01
200900012198;0;7;0;0;2;8;1;B01
200900012198;0;2;0;0;2;8;1;A01
200900012199;0;33;0;0;0;0;1;A01
200900012200;0;7;0;0;2;3;13;A01
200900012200;0;10;0;0;2;3;1;B01
200900012201;0;33;0;6;0;3;13;A01
200900012202;2;7;0;1;0;3;13;A01
200900012203;0;2;0;0;2;3;1;B01
200900012203;0;7;0;0;2;8;16;C01
200900012203;0;7;0;0;2;1;1;A01
200900012204;0;7;0;8;0;3;1;A01
200900012205;0;2;0;0;2;9;1;B02
200900012205;0;7;0;0;2;1;;A01
200900012206;0;7;0;0;2;1;2;A01
200900012206;0;7;0;6;2;4;2;B02
200900012207;0;7;0;0;0;4;2;B02
200900012207;0;33;0;0;2;1;2;A01
200900012208;0;7;0;0;2;1;2;A01
200900012208;0;7;0;0;0;4;2;B02
200900012209;0;7;0;0;2;1;17;A01
200900012209;0;7;0;0;0;6;15;B02
200900012210;0;7;0;3;0;2;13;A01
200900012211;0;7;0;0;2;3;1;A01
200900012211;0;7;0;0;2;3;1;B02
200900012212;0;7;0;6;0;1;13;A01
200900012213;0;7;0;3;0;9;1;A01
200900012214;0;33;0;7;0;1;1;A01
200900012215;0;7;0;2;0;1;14;A01
200900012216;0;7;0;13;0;1;1;A01
200900012217;0;7;0;0;1;2;1;A01
200900012218;0;33;0;8;0;1;1;A01
200900012219;0;7;0;2;0;1;15;A01
200900012220;0;7;0;0;0;2;15;A01
200900012220;0;2;0;0;2;3;16;B02
200900012221;0;7;0;3;0;2;1;A01
200900012222;0;1;0;1;0;1;21;B02
200900012222;0;7;0;0;0;8;23;A01
200900012223;0;10;0;13;0;1;1;A01
200900012224;0;7;0;0;2;3;1;B02
200900012224;0;7;0;0;2;3;13;A01
200900012225;0;7;0;0;2;1;1;A01
200900012225;0;2;0;0;2;8;19;B02
200900012226;0;7;0;13;0;1;1;A01
200900012227;0;30;0;0;2;8;10;A01
200900012227;0;7;0;0;2;2;1;B02
200900012228;0;7;0;0;2;3;1;B02
200900012228;0;10;0;0;2;8;19;A01
200900012229;0;7;0;0;2;6;1;B02
200900012229;0;13;0;0;2;2;17;A01
200900012230;0;7;0;0;2;3;1;B02
200900012230;0;7;0;0;2;1;1;A01
200900012231;0;10;0;0;0;2;1;A01
200900012232;0;7;0;0;2;4;2;D04
200900012232;0;7;0;0;0;4;2;E05
200900012232;0;7;0;0;2;4;2;C03
200900012232;0;17;0;0;2;1;2;A01
200900012232;0;7;0;0;2;4;2;B02
200900012233;0;7;0;13;0;7;1;A01
200900012234;0;7;0;4;0;9;0;A01
200900012235;0;7;0;3;0;1;0;A01
200900012236;0;7;0;0;2;1;13;A01
200900012236;0;7;0;0;2;1;1;B02
200900012237;0;31;0;0;2;8;1;A01
200900012237;0;7;0;0;2;8;10;B02
200900012238;0;32;0;0;2;6;1;A01
200900012239;0;30;0;0;;8;16;B02
200900012239;0;7;0;0;2;7;17;A01
200900012240;0;7;0;13;0;8;1;B02
200900012240;0;7;0;0;2;1;13;A01
200900012240;0;7;0;0;0;1;1;C03
200900012241;0;15;0;0;;1;1;B02
200900012241;0;7;0;0;2;1;5;A01
200900012242;0;10;0;0;1;7;16;A01
200900012243;0;30;0;0;2;1;16;A01
200900012243;0;10;0;0;;3;23;B02
200900012244;0;30;0;7;0;2;1;A01
200900012245;0;7;0;0;2;2;17;A01
200900012245;0;1;0;0;2;6;1;B01
200900012246;0;7;0;0;1;4;4;A01
200900012247;0;7;0;0;2;2;15;A01
200900012247;0;31;0;0;2;7;1;B01
200900012248;0;10;0;0;2;3;17;A01
200900012248;0;7;0;0;2;1;9;B02
200900012249;0;7;0;9;0;3;1;A01
200900012250;0;21;0;13;0;0;13;A01
200900012251;0;7;0;0;2;1;1;B02
200900012251;0;7;0;0;2;1;13;A01
200900012252;0;33;0;0;2;8;1;A01
200900012252;0;7;0;0;2;3;1;B01
200900012253;0;7;0;8;0;1;1;A01
200900012254;0;7;0;7;0;9;15;A01
200900012255;0;31;0;6;0;3;1;A01
200900012256;0;33;0;0;2;1;1;B01
200900012256;0;7;0;0;2;5;10;A01
200900012257;0;7;0;0;2;1;1;A01
200900012257;0;7;0;0;0;8;1;B02
200900012258;0;7;0;4;0;3;14;A01
200900012259;0;1;0;0;2;1;1;B02
200900012259;0;31;0;0;9;1;13;A01
200900012260;0;33;0;16;0;0;1;A01
200900012261;0;31;0;0;2;1;13;A01
200900012261;0;10;0;0;2;3;13;B02
200900012262;0;33;0;0;6;1;19;A01
200900012263;0;31;0;0;2;1;5;A01
200900012263;0;1;0;0;2;1;5;B02
200900012264;0;30;0;13;0;1;1;A01
200900012265;0;7;0;0;0;5;1;A01
200900012266;0;7;0;0;2;1;1;B02
200900012266;0;7;0;0;2;1;15;A01
200900012266;0;7;0;0;2;3;23;C03
200900012267;0;7;0;13;0;0;1;A01
200900012268;0;7;0;0;1;2;1;A01
200900012269;0;30;0;0;2;1;1;B01
200900012269;0;7;0;0;2;2;11;A01
200900012270;0;7;0;0;1;3;1;A01
200900012271;0;7;0;0;1;3;10;A01
200900012272;0;1;0;0;2;3;15;B01
200900012272;0;37;1;0;9;3;1;A01
200900012273;0;7;0;0;2;0;14;A01
200900012273;0;1;0;0;2;0;23;B01
200900012274;0;33;0;0;0;6;21;A01
200900012275;0;7;0;0;2;0;9;A01
200900012275;0;32;0;0;2;0;1;B01
200900012276;0;7;0;0;1;3;9;A01
200900012277;0;33;0;0;2;7;1;B01
200900012277;0;7;0;0;2;8;11;A01
200900012278;0;33;0;0;2;1;13;A01
200900012278;0;7;0;0;2;5;1;B01
200900012278;0;7;0;0;2;3;1;C01
200900012279;0;7;0;0;2;5;1;B01
200900012279;0;34;0;0;2;1;1;A01
200900012280;0;30;0;0;2;3;2;A01
200900012280;0;7;0;0;2;5;2;B01
200900012280;0;7;0;0;2;6;2;C01
200900012281;0;7;0;0;2;8;1;A01
200900012281;0;2;0;0;2;8;1;B01
200900012282;0;7;0;2;2;5;1;B01
200900012282;0;7;0;0;2;1;1;A01
200900012283;0;7;0;1;0;1;13;A01
200900012284;0;7;0;0;2;1;1;B01
200900012284;0;7;0;0;2;8;17;A01
200900012285;0;31;0;0;1;7;1;A01
200900012286;0;7;0;0;2;5;22;B01
200900012286;0;33;0;0;2;1;18;A01
200900012287;0;7;0;0;2;4;2;B01
200900012287;0;7;0;0;2;4;2;C01
200900012287;0;14;0;0;2;1;2;A01
200900012288;2;32;0;0;0;0;16;A01
200900012289;0;10;0;0;1;5;1;A01
200900012290;0;32;0;0;0;0;21;A01
200900012291;0;10;0;0;2;1;2;A01
200900012291;0;7;0;0;2;4;2;B01
200900012292;0;7;0;0;2;8;15;A01
200900012292;0;31;0;0;2;7;1;B01
200900012293;0;33;0;0;2;5;12;B01
200900012293;0;33;0;0;2;1;3;A01
200900012294;0;1;0;0;2;8;18;A01
200900012294;0;14;0;0;2;7;16;B01
200900012295;0;13;0;0;1;4;4;A01
200900012296;0;32;0;0;1;2;1;A01
200900012297;0;30;0;0;2;0;23;A01
200900012297;1;7;0;0;2;2;13;Z01
200900012298;0;33;0;0;2;3;1;B01
200900012298;0;7;0;0;2;7;16;C01
200900012298;0;33;0;0;2;3;1;A01
200900012299;0;33;0;0;2;2;17;B01
200900012299;0;7;0;0;2;8;10;A01
200900012300;0;34;0;0;2;0;3;B01
200900012300;0;7;0;0;2;3;11;A01
200900012301;0;32;0;0;2;4;15;B01
200900012301;0;7;0;0;2;2;1;A01
200900012302;0;10;0;0;2;1;15;A01
200900012302;0;34;0;0;2;3;1;B01
200900012303;0;33;0;0;1;2;1;A01
200900012304;0;32;0;0;2;7;1;B01
200900012304;0;7;0;0;2;6;11;A01
200900012305;0;33;0;0;2;6;15;A01
200900012305;0;32;0;0;2;0;1;B01
200900012306;0;33;0;0;1;3;1;A01
200900012307;0;7;0;0;2;7;12;A01
200900012307;0;31;0;0;2;8;3;B01
200900012308;0;32;0;0;0;8;1;A01
200900012309;0;7;0;0;2;5;12;A01
200900012309;0;33;0;0;2;3;3;B01
200900012310;0;7;0;0;2;2;15;A01
200900012310;0;33;0;0;2;1;17;B01
200900012311;0;10;0;0;1;3;1;A01
200900012312;0;30;0;0;1;1;1;A01
200900012313;0;38;47;0;1;3;7;A01
200900012314;0;34;0;0;1;1;1;A01
200900012315;0;33;0;0;2;4;23;B01
200900012315;0;7;0;0;2;3;2;A01
200900012316;0;1;0;0;2;2;16;A01
200900012316;1;7;0;0;2;3;18;Z01
200900012317;0;7;0;0;2;1;2;A01
200900012317;0;7;0;0;2;4;2;B01
200900012318;0;33;0;0;1;1;1;A01
200900012319;0;33;0;0;0;0;1;A01
200900012320;0;7;0;0;2;6;10;A01
200900012320;0;30;0;0;2;2;1;B01
200900012321;0;30;0;0;2;8;13;A01
200900012321;0;10;0;0;2;5;1;B01
200900012322;0;32;0;0;0;8;1;A01
200900012323;0;7;0;0;1;1;15;A01
200900012324;0;7;0;0;2;2;1;C01
200900012324;0;7;0;0;2;5;15;A01
200900012324;0;7;0;0;2;2;1;B01
200900012325;0;33;0;0;2;1;2;A01
200900012325;0;7;0;0;2;5;16;B01
200900012326;0;7;0;0;2;6;1;B01
200900012326;0;32;0;0;2;2;14;A01
200900012327;0;2;0;0;2;0;1;B01
200900012327;0;10;0;0;2;0;11;A01
200900012328;0;33;0;0;2;1;1;B01
200900012328;0;10;0;0;2;7;16;A01
200900012329;0;32;0;0;2;1;1;A01
200900012329;0;7;0;0;2;6;23;B01
200900012330;0;32;0;0;2;3;1;B01
200900012330;0;7;0;0;2;2;15;A01
200900012331;0;7;0;0;2;3;15;A01
200900012331;0;32;0;0;2;2;17;B01
200900012332;0;30;0;0;0;0;1;A01
200900012333;0;32;0;0;1;1;17;A01
200900012334;0;10;0;0;2;6;2;B01
200900012334;0;30;0;0;2;7;2;A01
200900012335;0;7;0;0;2;8;13;A01
200900012335;0;32;0;0;2;2;17;B01
200900012336;0;7;0;0;2;2;12;A01
200900012336;0;7;0;0;2;4;1;C01
200900012336;0;33;0;0;2;8;3;B01
200900012337;0;1;0;0;2;8;9;B01
200900012337;0;32;0;0;2;1;1;A01
200900012338;0;33;0;0;1;1;1;A01
200900012339;0;7;0;0;2;8;1;B01
200900012339;0;15;0;0;2;2;14;A01
200900012340;0;7;0;0;2;6;13;A01
200900012340;0;30;0;0;2;2;1;B01
200900012341;0;31;0;0;0;0;21;A01
200900012342;0;7;0;0;1;2;1;A01
200900012343;0;32;0;8;2;7;18;A01
200900012343;0;7;0;0;2;2;22;B01
200900012344;0;7;0;0;2;3;15;B01
200900012344;0;32;0;0;2;1;17;A01
200900012345;0;2;0;0;0;7;1;A01
200900012346;0;32;0;0;2;1;1;B01
200900012346;0;7;0;0;2;2;9;A01
200900012347;0;32;0;0;0;8;21;A01
200900012348;0;34;0;0;0;0;1;A01
200900012349;0;7;0;0;1;3;1;A01
200900012350;0;1;0;0;0;8;1;A01
200900012351;0;7;0;0;2;2;15;A01
200900012351;0;30;0;0;2;3;1;B01
200900012352;0;7;0;0;2;1;1;A01
200900012352;0;33;0;0;2;8;1;B01
200900012353;0;1;0;0;1;1;1;A01
200900012354;0;30;0;14;0;1;1;A01
200900012355;0;37;1;0;1;2;7;A01
200900012356;0;34;0;0;2;1;1;A01
200900012356;1;7;0;0;2;7;10;Z01
200900012357;0;1;0;0;2;7;17;B01
200900012357;0;7;0;0;2;8;22;A01
200900012358;0;7;0;0;2;3;1;B01
200900012358;0;7;0;0;2;3;1;A01
200900012359;0;7;0;0;1;4;4;A01
200900012360;0;30;0;0;2;1;2;A01
200900012360;0;10;0;0;2;4;23;B01
200900012361;0;10;0;0;2;3;15;B01
200900012361;0;32;0;0;2;3;17;A01
200900012362;0;31;0;0;2;1;2;A01
200900012362;0;2;0;0;2;4;2;B01
200900012363;0;7;0;0;2;8;1;C01
200900012363;0;7;0;1;2;0;14;A01
200900012363;0;7;0;14;2;6;1;B01
200900012364;0;1;0;0;2;0;2;A01
200900012364;0;1;0;0;2;1;2;B01
200900012365;0;7;0;0;2;6;2;B01
200900012365;0;30;0;0;2;1;2;A01
200900012366;0;7;0;0;1;3;15;A01
200900012367;0;10;0;0;2;3;22;A01
200900012367;0;1;0;0;2;1;1;B01
200900012368;0;7;0;0;1;2;1;A01
200900012369;0;7;0;0;2;1;1;B01
200900012369;0;30;0;0;2;7;1;A01
200900012370;0;7;0;0;2;4;2;B01
200900012370;0;2;0;0;2;1;2;A01
200900012371;0;7;0;0;2;8;15;A01
200900012371;0;2;0;0;2;2;1;B01
200900012372;0;30;0;14;0;1;13;A01
200900012373;0;7;0;0;2;5;2;B01
200900012373;0;33;0;0;2;1;2;A01
200900012374;0;7;0;0;1;6;4;A01
200900012375;1;7;0;0;2;0;14;Z01
200900012375;0;33;0;0;2;7;1;A01
200900012376;0;31;0;0;2;7;1;B01
200900012376;0;7;0;0;2;8;11;A01
200900012377;0;7;0;0;2;5;16;A01
200900012377;0;32;0;0;2;1;1;B01
200900012378;0;7;0;0;1;3;1;A01
200900012379;0;7;0;0;2;2;1;A01
200900012379;0;1;0;0;2;0;19;B01
200900012380;0;7;0;0;2;1;2;A01
200900012380;0;7;0;0;2;4;23;B01
200900012381;0;7;0;0;1;1;1;A01
200900012382;0;7;0;0;2;2;14;A01
200900012382;0;30;0;0;2;3;1;B01
200900012383;0;2;0;0;1;1;12;A01
200900012384;0;32;0;0;2;1;2;A01
200900012384;0;30;0;0;2;4;23;B01
200900012385;0;7;0;0;1;0;15;A01
200900012386;0;37;1;0;2;2;2;A01
200900012386;0;1;0;0;2;4;23;B01
200900012387;0;7;0;0;1;7;1;A01
200900012388;0;2;0;0;1;3;1;A01
200900012389;0;31;0;0;1;1;1;A01
200900012390;0;33;0;0;2;1;1;A01
200900012390;0;7;0;0;2;3;16;B01
200900012391;1;7;0;0;1;4;4;Z01
200900012392;0;7;0;0;2;5;23;B01
200900012392;0;2;0;0;2;1;2;A01
200900012393;0;7;0;11;0;1;14;A01
200900012394;0;7;0;8;0;2;14;A01
200900012395;0;10;0;14;0;1;20;A01
200900012396;0;30;0;8;0;7;21;A01
200900012397;0;7;0;0;2;1;15;A01
200900012397;0;1;0;0;2;3;1;B01
200900012398;0;10;0;0;2;4;4;A01
200900012398;0;32;0;0;2;4;23;B01
200900012399;0;7;0;0;2;3;15;B01
200900012399;0;32;0;0;2;7;17;A01
200900012400;0;1;0;0;1;1;1;A01
200900012401;0;7;0;0;1;6;4;A01
200900012402;0;30;0;1;0;1;14;A01
200900012403;0;2;0;14;0;7;1;A01
200900012404;0;10;0;14;0;1;14;A01
200900012405;0;7;0;0;1;2;1;A01
200900012406;0;10;0;0;2;1;1;B01
200900012406;0;7;0;0;2;6;1;A01
200900012407;0;2;0;1;0;1;14;A01
200900012408;0;32;0;0;2;1;1;A01
200900012408;0;7;0;0;2;3;9;B01
200900012409;0;33;0;0;1;3;1;A01
200900012410;0;7;0;0;2;2;15;A01
200900012410;0;30;0;0;2;1;1;B01
200900012411;0;30;0;1;2;1;5;A01
200900012411;0;7;0;0;2;3;1;B01
200900012412;0;10;0;0;1;3;1;A01
200900012413;0;10;0;0;1;4;4;A01
200900012414;0;10;0;0;2;3;15;B01
200900012414;0;32;0;0;2;3;1;A01
200900012415;0;2;0;0;1;1;17;A01
200900012416;0;7;0;0;1;3;1;A01
200900012417;0;30;0;0;2;8;18;A01
200900012417;0;10;0;0;2;7;16;B01
200900012418;0;30;0;0;1;1;1;A01
200900012419;0;10;0;0;1;3;4;A01
200900012420;0;7;0;0;2;6;2;B01
200900012420;0;2;0;0;2;1;2;A01
200900012421;0;7;0;0;1;1;15;A01
200900012422;0;32;0;0;2;1;2;A01
200900012422;0;7;0;0;2;5;23;B01
200900012423;0;32;0;12;0;3;21;A01
200900012424;0;7;0;0;2;2;10;A01
200900012424;0;30;0;0;2;1;18;B01
200900012425;0;2;0;0;2;3;1;A01
200900012425;0;7;0;0;2;2;12;B01
200900012426;0;31;0;0;2;1;2;A01
200900012426;0;33;0;0;2;4;2;B01
200900012427;0;31;0;1;2;8;7;A01
200900012427;0;7;0;0;2;2;14;B01
200900012428;1;10;0;0;1;0;1;Z01
200900012429;0;7;0;0;2;2;15;A01
200900012429;0;33;0;0;2;1;1;B01
200900012430;0;7;0;0;2;7;15;A01
200900012430;0;2;0;0;2;1;1;B01
200900012431;0;7;0;0;2;3;11;A01
200900012431;0;2;0;0;2;2;3;B01
200900012432;0;1;0;0;2;1;1;B01
200900012432;0;7;0;0;2;5;9;A01
200900012433;1;13;0;0;2;0;1;Z01
200900012433;0;7;0;0;2;8;1;A01
200900012434;0;7;0;0;0;1;1;A01
200900012435;0;30;0;0;0;8;1;A01
200900012436;0;7;0;0;2;3;15;B01
200900012436;0;32;0;0;2;7;5;A01
200900012437;0;7;0;0;2;2;8;A01
200900012437;0;30;0;0;2;7;15;B01
200900012438;0;34;0;0;2;5;17;B01
200900012438;0;7;0;0;2;6;22;A01
200900012439;0;32;0;0;2;7;2;F02
200900012439;0;32;0;0;2;8;2;D01
200900012439;0;7;0;0;2;9;2;B01
200900012439;0;31;0;0;2;1;2;E01
200900012439;0;13;0;0;2;2;12;A01
200900012439;0;7;0;0;2;3;1;C01
200900012440;0;33;0;0;2;3;2;A01
200900012440;0;10;0;0;2;5;2;B01
200900012441;0;32;0;8;0;0;14;A01
200900012442;0;7;0;0;2;1;10;A01
200900012442;0;32;0;0;2;5;15;B01
200900012442;0;32;0;0;2;1;15;C01
200900012443;0;34;0;0;2;2;1;A01
200900012443;0;7;0;0;2;3;1;B01
200900012444;0;31;0;0;2;1;5;A01
200900012444;0;7;0;0;2;3;10;B01
200900012445;0;31;0;0;2;7;1;A01
200900012445;1;7;0;0;2;8;14;Z01
200900012446;0;7;0;0;2;3;10;A01
200900012446;0;31;0;0;2;1;5;B01
200900012447;0;7;0;0;1;2;16;A01
200900012448;0;31;0;0;1;1;1;A01
200900012449;0;10;0;0;2;7;16;A01
200900012449;0;33;0;0;2;1;1;B01
200900012450;0;1;0;0;2;8;1;A01
200900012450;1;14;0;0;2;7;14;Z01
200900012451;0;31;0;0;2;1;2;A01
200900012451;0;10;0;0;2;4;2;B01
200900012452;0;34;0;0;0;7;1;A01