num_acc;senc;catv;occutc;obs;obsm;choc;manv;num_veh
200900012453;0;31;0;0;2;7;1;B01
200900012453;0;7;0;0;2;8;11;A01
200900012454;0;30;0;0;2;5;2;A01
200900012454;0;7;0;0;2;5;23;B01
200900012455;0;30;0;0;2;2;1;A01
200900012455;0;2;0;0;2;6;1;B01
200900012456;0;7;0;0;2;2;2;A01
200900012456;0;7;0;0;2;6;2;B01
200900012457;1;1;0;0;1;8;1;Z01
200900012458;0;33;0;0;2;3;1;B01
200900012458;0;7;0;0;2;7;12;A01
200900012459;0;30;0;0;2;6;15;B01
200900012459;0;7;0;0;2;3;1;A01
200900012460;0;31;0;0;2;0;17;B01
200900012460;0;30;0;0;2;0;17;A01
200900012461;0;30;0;0;0;8;21;A01
200900012462;0;2;0;0;2;7;1;A01
200900012462;0;7;0;0;2;5;12;B01
200900012463;0;33;0;12;0;2;1;A01
200900012464;0;33;0;4;0;3;13;A01
200900012465;1;7;0;0;2;0;1;Z01
200900012465;0;1;0;0;2;0;1;A01
200900012466;0;7;0;0;2;6;1;B01
200900012466;0;2;0;0;2;1;1;A01
200900012467;0;7;0;0;2;7;1;A01
200900012467;0;1;0;0;2;8;15;B01
200900012468;0;1;0;0;0;0;1;A01
200900012469;0;32;0;11;0;7;21;A01
200900012470;0;7;0;0;2;4;23;B01
200900012470;0;7;0;0;2;4;23;D01
200900012470;0;7;0;0;2;4;23;C01
200900012470;0;10;0;0;2;1;2;A01
200900012471;0;30;0;0;0;2;1;A01
200900012472;0;7;0;0;2;7;1;A01
200900012472;0;31;0;0;2;8;11;B01
200900012473;0;32;0;0;0;7;1;A01
200900012474;0;7;0;0;2;1;9;B01
200900012474;0;30;0;0;2;1;17;A01
200900012475;1;7;0;0;2;7;14;Z01
200900012475;0;1;0;0;2;6;13;A01
200900012476;0;30;0;0;2;8;17;A01
200900012476;0;10;0;0;2;3;15;B01
200900012477;0;3;0;0;1;1;1;A01
200900012478;0;32;0;0;2;7;1;B01
200900012478;0;7;0;0;2;3;15;A01
200900012479;0;7;0;0;2;4;23;B01
200900012479;0;7;0;0;2;1;2;A01
200900012479;0;7;0;0;2;4;23;C01
200900012479;0;7;0;0;2;4;23;D01
200900012480;0;7;0;0;2;5;16;A01
200900012480;0;30;0;0;2;8;18;B01
200900012481;0;32;0;0;2;1;17;B01
200900012481;0;7;0;0;2;5;1;C01
200900012481;0;10;0;0;2;8;22;A01
200900012482;0;33;0;15;0;8;1;A01
200900012483;0;2;0;0;2;0;1;A01
200900012483;1;30;0;0;2;1;1;Z01
200900012484;0;7;0;0;1;3;1;A01
200900012485;0;33;0;0;0;7;1;A01
200900012486;0;7;0;0;2;4;2;A01
200900012486;1;7;0;0;2;0;2;Z01
200900012487;0;2;0;0;0;8;1;A01
200900012488;0;30;0;0;1;3;1;A01
200900012489;0;30;0;0;2;1;1;B01
200900012489;0;7;0;0;2;8;10;A01
200900012490;0;31;0;0;2;8;1;B01
200900012490;0;7;0;0;2;1;15;A01
200900012491;0;33;0;0;2;8;1;A01
200900012491;1;7;0;0;2;0;11;Z01
200900012492;0;7;0;0;1;5;4;A01
200900012493;0;2;0;0;0;8;1;A01
200900012494;0;34;0;0;0;3;1;A01
200900012495;0;7;0;0;2;3;13;A01
200900012495;0;32;0;0;2;1;1;B01
200900012496;0;7;0;0;2;3;10;A01
200900012496;0;34;0;0;2;7;1;B01
200900012497;0;30;0;12;0;7;14;A01
200900012498;0;33;0;0;1;1;1;A01
200900012499;0;7;0;0;2;1;1;B01
200900012499;0;33;0;0;2;8;15;A01
200900012500;0;7;0;0;1;4;4;A01
200900012501;0;32;0;0;2;1;1;A01
200900012501;0;7;0;0;2;2;16;B01
200900012502;0;31;0;0;2;7;1;A01
200900012502;0;31;0;0;2;0;13;B01
200900012503;0;32;0;0;2;3;18;A01
200900012503;0;7;0;0;2;7;16;B01
200900012504;0;30;0;0;2;3;17;A01
200900012504;0;10;0;0;2;3;15;B01
200900012505;0;1;0;0;0;0;1;A01
200900012506;0;1;0;0;2;1;1;A01
200900012506;0;7;0;0;2;8;1;B01
200900012507;0;30;0;0;1;1;1;A01
200900012508;0;7;0;0;2;1;2;A01
200900012508;0;34;0;0;2;4;23;B01
200900012509;0;10;0;0;2;8;21;A01
200900012509;0;32;0;0;2;7;1;B01
200900012510;0;32;0;0;1;1;1;A01
200900012511;0;10;0;0;2;1;2;A01
200900012511;0;7;0;0;2;4;2;B01
200900012512;0;30;0;0;2;7;17;A01
200900012512;0;7;0;0;2;8;15;B01
200900012513;0;7;0;0;1;7;1;A01
200900012514;0;7;0;0;2;2;15;A01
200900012514;0;31;0;0;2;1;1;B01
200900012515;0;7;0;0;2;3;10;B01
200900012515;0;32;0;0;2;1;17;A01
200900012516;0;7;0;0;2;7;1;A01
200900012516;0;32;0;0;2;2;1;B01
200900012517;0;1;0;0;2;1;2;A01
200900012517;0;7;0;0;2;4;23;B01
200900012518;0;10;0;0;1;1;1;A01
200900012519;0;7;0;0;2;8;15;A01
200900012519;0;7;0;0;2;2;1;B01
200900012520;0;1;0;0;5;1;1;A01
200900012521;1;7;0;0;2;0;11;Z01
200900012521;0;33;0;0;2;1;3;A01
200900012522;0;7;0;0;2;2;16;A01
200900012522;0;2;0;0;2;8;1;B01
200900012523;0;30;0;0;2;2;17;B01
200900012523;0;7;0;0;2;3;10;A01
200900012524;0;2;0;0;2;3;18;A01
200900012524;0;7;0;0;2;2;16;B01
200900012525;0;2;0;12;0;7;14;A01
200900012526;0;7;0;0;1;1;1;A01
200900012527;0;2;0;0;1;1;17;A01
200900012528;0;32;0;0;2;1;2;C01
200900012528;0;33;0;0;2;0;2;A01
200900012528;0;7;0;0;2;6;2;D01
200900012528;0;32;0;0;2;7;2;B01
200900012529;0;7;0;11;0;3;15;A01
200900012530;0;33;0;0;2;8;1;B01
200900012530;0;7;0;0;2;7;12;A01
200900012531;0;7;0;0;2;4;2;B01
200900012531;0;7;0;0;2;1;2;A01
200900012532;0;32;0;0;0;7;21;A01
200900012533;0;3;0;0;1;1;15;A01
200900012534;0;32;0;14;0;0;1;A01
200900012535;0;7;0;0;2;8;22;A01
200900012535;0;30;0;0;2;2;1;B01
200900012536;0;7;0;0;2;6;23;B01
200900012536;0;33;0;0;2;2;11;A01
200900012537;0;30;0;0;2;8;13;B01
200900012537;0;30;0;0;2;1;1;A01
200900012538;0;10;0;0;1;2;1;A01
200900012539;0;34;0;0;2;1;1;A01
200900012539;0;1;0;0;2;1;5;B01
200900012540;0;10;0;0;2;2;16;A01
200900012540;0;30;0;0;2;3;1;B01
200900012541;1;7;0;0;2;7;12;Z01
200900012541;0;31;0;0;2;8;1;A01
200900012542;0;33;0;0;2;1;1;B01
200900012542;0;7;0;0;2;7;15;A01
200900012543;0;37;30;0;1;1;1;A01
200900012544;0;1;0;0;2;8;13;B01
200900012544;0;7;0;0;2;2;17;A01
200900012545;0;30;0;0;2;1;1;B01
200900012545;0;7;0;0;2;8;1;A01
200900012546;0;32;0;0;2;7;1;B01
200900012546;0;7;0;0;2;6;21;A01
200900012547;0;31;0;0;2;1;1;A01
200900012547;0;7;0;0;2;7;1;B01
200900012548;0;7;0;1;2;1;5;A01
200900012548;0;7;0;0;2;1;1;B01
200900012549;0;30;0;0;2;2;1;B01
200900012549;0;7;0;0;2;3;1;A01
200900012550;0;7;0;0;2;7;1;B01
200900012550;0;7;0;0;2;1;1;A01
200900012551;0;32;0;0;2;2;1;A01
200900012551;1;34;0;0;2;1;1;Z01
200900012552;0;7;0;0;1;2;15;A01
200900012553;1;7;0;0;2;0;10;Z01
200900012553;0;31;0;0;2;1;1;A01
200900012554;0;7;0;0;2;8;16;B01
200900012554;0;30;0;0;2;3;17;A01
200900012555;0;7;0;0;2;2;16;B01
200900012555;0;30;0;0;2;3;18;A01
200900012556;0;32;0;0;2;9;2;A01
200900012556;0;30;0;0;2;2;2;B01
200900012557;0;7;0;0;2;1;2;A01
200900012557;0;33;0;0;2;4;2;B01
200900012558;0;2;0;0;2;1;17;B01
200900012558;0;7;0;0;2;3;15;A01
200900012559;0;32;0;0;0;0;1;A01
200900012560;1;7;0;0;2;6;12;Z01
200900012560;0;7;0;0;2;1;1;A01
200900012561;0;7;0;0;1;3;1;A01
200900012562;0;7;0;0;2;1;1;B01
200900012562;0;7;0;0;2;8;1;A01
200900012563;0;7;0;11;0;3;21;A01
200900012564;0;2;0;0;2;1;17;A01
200900012564;0;7;0;0;2;3;1;B01
200900012565;0;7;0;11;0;3;12;A01
200900012566;0;7;0;2;0;3;13;A01
200900012567;1;7;0;0;2;1;1;Z01
200900012567;0;7;0;0;2;7;1;A01
200900012568;0;7;0;6;2;4;2;A01
200900012568;1;7;0;0;2;1;2;Z01
200900012569;0;7;0;0;2;4;23;B01
200900012569;0;7;0;0;2;1;2;A01
200900012570;0;32;0;0;2;3;13;A01
200900012570;0;10;0;0;2;3;1;B01
200900012571;1;10;0;0;2;0;2;Z01
200900012571;0;10;0;0;2;4;23;A01
200900012572;0;30;0;0;2;2;1;A01
200900012572;0;7;0;0;2;3;16;B01
200900012573;0;33;0;12;2;7;1;A01
200900012573;1;7;0;0;2;3;13;Z01
200900012574;0;7;0;0;2;4;2;C01
200900012574;0;7;0;0;2;4;2;B01
200900012574;0;7;0;0;2;1;2;A01
200900012575;0;7;0;1;0;7;14;A01
200900012576;0;7;0;0;2;6;1;B01
200900012576;0;7;0;0;2;1;1;A01
200900012577;0;7;0;0;2;3;15;A01
200900012577;0;2;0;0;2;3;1;B01
200900012578;0;10;0;0;2;2;14;A01
200900012578;0;7;0;4;2;6;1;B01
200900012579;0;7;0;0;2;2;2;A01
200900012579;0;7;0;0;2;6;23;B01
200900012580;0;2;0;1;2;3;1;B01
200900012580;0;7;0;0;2;2;14;A01
200900012581;0;1;0;0;0;0;21;A01
200900012582;0;37;2;0;2;6;2;B01
200900012582;0;7;0;0;2;0;2;A01
200900012583;0;7;0;0;2;5;16;A01
200900012583;0;30;0;0;2;1;1;B01
200900012584;0;7;0;0;2;4;2;B01
200900012584;0;7;0;0;2;1;2;A01
200900012585;1;33;0;0;1;0;16;Z01
200900012586;0;2;0;0;2;1;2;A01
200900012586;0;7;0;0;2;4;23;B01
200900012587;0;7;0;0;2;6;2;B01
200900012587;0;2;0;0;2;1;2;A01
200900012588;0;7;0;0;2;6;2;B01
200900012588;0;30;0;0;2;1;2;A01
200900012589;0;7;0;0;0;1;1;A01
200900012590;0;31;0;0;2;3;1;B01
200900012590;0;7;0;0;2;3;15;A01
200900012591;0;32;0;0;1;1;1;A01
200900012592;0;15;0;0;2;2;12;A01
200900012592;0;7;0;4;2;6;1;B01
200900012593;0;7;0;0;2;3;11;A01
200900012593;0;33;0;1;2;5;17;B01
200900012594;0;7;0;0;1;3;1;A01
200900012595;0;30;0;0;0;0;21;A01
200900012596;0;37;0;0;1;7;1;A01
200900012597;1;2;0;0;1;0;1;Z01
200900012598;0;7;0;0;1;2;1;A01
200900012599;0;33;0;0;2;2;15;B01
200900012599;0;10;0;0;2;3;15;A01
200900012600;0;2;0;0;2;2;17;A01
200900012600;0;7;0;0;2;8;15;B01
200900012601;0;1;0;0;2;1;7;A01
200900012601;0;37;1;0;2;5;14;B01
200900012602;0;33;0;0;2;1;17;A01
200900012602;0;34;0;0;2;1;1;B01
200900012603;0;32;0;0;2;1;17;A01
200900012603;0;7;0;0;2;3;15;B01
200900012604;0;13;0;6;0;3;13;A01
200900012605;0;7;0;0;1;3;1;A01
200900012606;0;7;0;0;2;1;2;A01
200900012606;0;7;0;0;2;4;23;B01
200900012607;0;7;0;0;2;1;1;A01
200900012607;0;7;0;1;2;6;1;B01
200900012608;0;7;0;0;2;3;13;A01
200900012608;0;32;0;0;2;2;17;B01
200900012609;0;7;0;0;1;4;4;A01
200900012610;0;7;0;0;2;2;1;B01
200900012610;0;7;0;0;2;3;1;A01
200900012611;0;31;0;0;2;4;2;A01
200900012611;0;7;0;0;2;1;2;B01
200900012612;0;2;0;0;2;5;12;A01
200900012612;0;34;0;0;2;1;1;B01
200900012613;1;1;0;0;2;0;1;Z01
200900012613;0;34;0;0;2;6;1;A01
200900012614;0;7;0;0;1;1;1;A01
200900012615;0;32;0;0;0;0;1;A01
200900012616;0;7;0;0;1;3;1;A01
200900012617;0;7;0;0;1;1;1;A01
200900012618;0;2;0;1;2;2;2;A01
200900012618;0;31;0;0;2;3;2;B01
200900012619;0;33;0;0;2;0;1;B01
200900012619;0;7;0;0;2;0;22;A01
200900012620;0;33;0;0;2;1;1;B01
200900012620;0;7;0;0;2;7;1;A01
200900012621;0;30;0;15;0;3;14;A01
200900012622;0;7;0;0;2;3;1;B01
200900012622;0;2;0;0;2;1;1;A01
200900012623;0;7;0;0;2;6;15;A01
200900012623;0;2;0;0;2;1;17;B01
200900012624;0;1;0;0;2;4;11;B01
200900012624;0;7;0;0;2;1;1;A01
200900012625;0;31;0;0;2;1;3;D01
200900012625;0;7;0;0;2;5;2;B01
200900012625;0;31;0;0;2;1;2;A01
200900012625;0;33;0;0;2;1;3;C01
200900012626;0;33;0;0;0;7;21;A01
200900012627;0;7;0;0;2;1;11;A01
200900012627;0;7;0;0;2;5;1;B01
200900012628;0;7;0;0;2;3;10;A01
200900012628;0;33;0;0;2;1;17;B01
200900012629;0;7;0;0;2;5;1;B01
200900012629;0;33;0;0;2;1;21;A01
200900012630;1;7;0;0;1;0;7;Z01
200900012631;0;7;0;0;1;3;1;A01
200900012632;0;7;0;0;2;1;2;A01
200900012632;0;7;0;0;2;4;23;B01
200900012633;0;32;0;0;1;1;1;A01
200900012634;1;7;0;0;2;8;11;Z01
200900012634;0;33;0;0;2;7;1;A01
200900012635;0;7;0;0;1;2;1;A01
200900012636;0;32;0;0;2;2;17;A01
200900012636;0;1;0;0;2;8;15;B01
200900012637;0;7;0;0;2;4;2;B01
200900012637;0;7;0;0;2;1;2;A01
200900012638;0;32;0;0;0;8;21;A01
200900012639;0;1;0;0;2;8;5;A01
200900012639;1;7;0;0;2;0;16;Z01
200900012640;0;7;0;0;2;3;2;A01
200900012640;0;7;0;0;2;5;2;B01
200900012641;0;1;0;0;2;6;1;B01
200900012641;0;2;0;0;2;1;1;A01
200900012642;0;32;0;1;0;2;14;A01
200900012643;0;7;0;0;1;3;1;A01
200900012644;0;7;0;0;2;3;15;B01
200900012644;0;32;0;0;2;7;17;A01
200900012645;0;34;0;0;1;3;5;A01
200900012646;0;7;0;0;2;3;22;A01
200900012646;0;1;0;0;2;1;1;B01
200900012647;0;33;0;0;2;9;1;B01
200900012647;0;33;0;0;2;7;1;C01
200900012647;0;7;0;0;2;2;1;A01
200900012648;0;31;0;0;2;4;2;B01
200900012648;0;2;0;0;2;1;2;A01
200900012649;0;7;0;0;2;5;23;C01
200900012649;0;3;0;0;2;9;2;A01
200900012649;0;7;0;0;2;5;23;B01
200900012650;0;7;0;0;2;1;1;B01
200900012650;0;1;0;0;2;8;1;A01
200900012651;0;30;0;0;0;0;21;A01
200900012652;0;7;0;0;1;1;15;A01
200900012653;0;30;0;12;2;3;1;A01
200900012653;1;10;0;0;2;7;12;Z01
200900012654;0;30;0;1;0;1;13;A01
200900012655;0;33;0;0;0;7;1;A01
200900012656;0;31;0;0;2;1;2;A01
200900012656;0;7;0;0;2;5;2;B01
200900012657;0;32;0;0;2;8;3;B01
200900012657;0;7;0;0;2;7;12;A01
200900012658;0;7;0;0;2;8;15;A01
200900012658;0;32;0;0;2;7;17;B01
200900012659;0;32;0;0;2;8;11;A01
200900012659;0;7;0;0;2;2;1;B01
200900012660;0;1;0;0;1;8;1;A01
200900012661;0;13;0;6;0;1;1;A01
200900012662;0;33;0;14;2;8;18;A01
200900012662;0;7;0;0;2;3;1;B01
200900012663;0;7;0;0;2;1;2;A01
200900012663;0;7;0;0;2;4;23;B01
200900012664;0;7;0;0;2;3;11;A01
200900012664;0;33;0;0;2;2;1;B01
200900012665;0;7;0;0;2;2;2;A01
200900012665;0;31;0;0;2;6;23;B01
200900012666;0;30;0;0;2;4;23;A01
200900012666;1;7;0;0;2;0;2;Z01
200900012667;0;1;0;0;1;7;7;A01
200900012668;0;2;0;0;2;7;17;B01
200900012668;0;1;0;0;2;3;13;A01
200900012669;0;7;0;0;2;4;2;B01
200900012669;0;32;0;0;2;1;2;A01
200900012670;0;30;0;0;2;1;2;A01
200900012670;0;7;0;0;2;4;23;B01
200900012671;0;7;0;0;1;0;1;A01
200900012672;0;7;0;0;1;6;4;A01
200900012673;2;7;0;4;2;1;2;Z01
200900012673;0;7;0;4;2;4;2;A01
200900012674;0;33;0;0;2;0;2;A01
200900012674;1;7;0;0;2;0;2;Z01
200900012675;0;1;0;1;0;1;14;A01
200900012676;0;32;0;14;0;8;1;A01
200900012677;0;32;0;0;0;0;1;A01
200900012678;0;10;0;0;2;5;23;C01
200900012678;0;7;0;0;2;1;2;A01
200900012678;0;7;0;0;2;3;23;B01
200900012679;0;30;0;0;0;8;21;A01
200900012680;0;33;0;0;2;3;2;A01
200900012680;0;7;0;0;2;7;2;B01
200900012681;0;7;0;0;2;2;1;B01
200900012681;0;30;0;0;2;8;1;A01
200900012682;0;37;1;0;1;8;7;A01
200900012683;0;2;0;0;1;2;17;A01
200900012684;0;7;0;0;2;2;10;A01
200900012684;0;33;0;0;2;3;1;B01
200900012685;0;30;0;0;2;0;5;A01
200900012685;0;30;0;0;2;0;15;B01
200900012686;0;2;0;0;2;1;2;A01
200900012686;0;7;0;0;2;0;2;B01
200900012687;0;32;0;0;2;6;1;A01
200900012687;0;7;0;0;2;3;15;B01
200900012688;0;7;0;0;2;3;2;B01
200900012688;0;7;0;0;2;2;14;A01
200900012689;0;10;0;0;1;3;15;A01
200900012690;0;7;0;0;2;2;15;A01
200900012690;0;7;0;0;2;1;1;B01
200900012691;0;7;0;0;2;2;15;A01
200900012691;0;31;0;0;2;1;1;B01
200900012692;0;30;0;0;2;1;1;B01
200900012692;0;7;0;0;2;2;15;A01
200900012693;0;32;0;0;1;2;1;A01
200900012694;0;7;0;0;2;5;2;A01
200900012694;0;32;0;0;2;1;2;B01
200900012695;0;7;0;0;2;8;10;A01
200900012695;0;32;0;0;2;3;17;B01
200900012696;0;7;0;0;2;8;15;A01
200900012696;0;33;0;0;2;3;1;B01
200900012697;0;32;0;0;2;1;13;A01
200900012697;0;37;27;0;2;3;7;B01
200900012698;1;10;0;0;1;6;4;Z01
200900012699;0;32;0;0;1;1;1;A01
200900012700;0;7;0;0;2;5;2;B01
200900012700;0;33;0;0;2;8;2;A01
200900012701;0;7;0;7;0;1;13;A01
200900012702;0;7;0;0;2;4;1;B01
200900012702;0;7;0;4;2;1;14;A01
200900012703;0;2;0;0;0;0;1;A01
200900012704;0;32;0;14;0;3;13;A01
200900012705;0;7;0;0;2;3;1;B01
200900012705;0;31;0;14;2;1;13;A01
200900012706;0;30;0;12;0;1;14;A01
200900012707;0;31;0;1;2;4;13;A01
200900012707;0;7;0;0;2;5;24;B01
200900012708;0;32;0;0;2;1;1;B01
200900012708;0;7;0;0;2;6;9;A01
200900012709;0;7;0;7;0;2;14;A01
200900012710;0;7;0;0;2;1;10;A01
200900012710;0;32;0;0;2;3;1;B01
200900012711;0;30;0;0;0;0;2;A01
200900012712;0;7;0;0;2;8;10;A01
200900012712;0;32;0;0;2;1;1;B01
200900012713;0;7;0;0;2;1;2;A01
200900012713;0;7;0;0;2;4;2;B01
200900012714;1;7;0;0;2;0;9;Z01
200900012714;0;30;0;0;2;5;1;A01
200900012715;0;7;0;0;1;2;1;A01
200900012716;0;7;0;14;0;1;14;A01
200900012717;0;7;0;0;2;3;1;A01
200900012717;0;7;0;0;2;1;1;B01
200900012718;1;7;0;0;2;0;2;Z01
200900012718;0;32;0;0;2;6;2;A01
200900012719;0;7;0;0;1;3;1;A01
200900012720;0;33;0;0;2;1;1;B01
200900012720;0;7;0;0;2;7;16;A01
200900012721;0;32;0;0;1;0;1;A01
200900012722;0;7;0;0;2;5;23;B01
200900012722;0;7;0;0;2;1;2;A01
200900012723;0;7;0;0;2;6;11;C01
200900012723;0;32;0;0;2;1;2;A01
200900012723;0;34;0;0;2;7;23;B01
200900012724;0;33;0;0;1;3;16;A01
200900012725;0;7;0;0;2;3;9;A01
200900012725;0;32;0;0;2;7;1;B01
200900012726;0;7;0;0;1;2;1;A01
200900012727;0;30;0;0;2;0;18;A01
200900012727;0;7;0;0;2;0;12;B01
200900012728;0;32;0;0;2;3;17;A01
200900012728;0;7;0;0;2;3;15;B01
200900012729;0;10;0;0;2;2;16;A01
200900012729;0;31;0;0;2;8;1;B01
200900012730;0;30;0;0;2;1;18;A01
200900012730;0;7;0;0;2;5;16;B01
200900012731;0;34;0;0;2;1;2;A01
200900012731;0;7;0;0;2;6;2;B01
200900012732;0;33;0;1;1;3;7;A01
200900012733;0;7;0;0;1;1;7;A01
200900012734;0;33;0;0;2;8;1;B01
200900012734;0;7;0;0;2;1;15;A01
200900012735;0;30;0;0;2;1;2;A01
200900012735;0;7;0;0;2;6;23;B01
200900012736;0;2;0;0;2;1;1;A01
200900012736;1;7;0;0;2;0;15;Z01
200900012737;0;2;0;0;2;1;5;B01
200900012737;0;10;0;0;2;3;10;A01
200900012738;0;33;0;0;2;1;1;C01
200900012738;0;33;0;0;2;8;1;D01
200900012738;0;7;0;0;2;6;11;A01
200900012738;0;34;0;0;2;2;1;B01
200900012739;0;2;0;0;1;1;1;A01
200900012740;0;30;0;1;0;2;14;A01
200900012741;0;37;0;0;1;2;1;A01
200900012742;0;2;0;0;2;2;1;B01
200900012742;0;1;0;0;2;2;15;A01
200900012743;0;30;0;0;2;1;1;B01
200900012743;0;7;0;0;2;3;10;A01
200900012744;0;7;0;0;2;2;14;B01
200900012744;0;33;0;0;2;1;1;A01
200900012745;0;32;0;0;0;0;21;A01
200900012746;0;7;0;0;2;1;1;B01
200900012746;0;33;0;0;2;8;1;A01
200900012747;0;7;0;0;2;6;15;A01
200900012747;0;31;0;0;2;7;1;B01
200900012748;0;1;0;0;1;1;1;A01
200900012749;0;7;0;0;2;3;11;A01
200900012749;0;31;0;0;2;7;1;B01
200900012750;0;37;29;0;2;2;7;B01
200900012750;0;7;0;0;2;5;16;A01
200900012751;0;13;0;6;0;1;1;A01
200900012752;0;33;0;0;1;8;1;A01
200900012753;0;1;0;0;2;1;5;B01
200900012753;0;7;0;0;2;1;9;A01
200900012754;0;30;0;0;2;6;1;A01
200900012754;0;7;0;0;2;0;14;B01
200900012755;0;7;0;0;2;8;10;A01
200900012755;0;31;0;0;2;0;1;B01
200900012756;0;31;0;0;0;0;1;A01
200900012757;0;10;0;0;1;1;16;A01
200900012758;0;1;0;0;1;1;1;A01
200900012759;0;30;0;0;2;1;7;A01
200900012759;0;7;0;0;2;7;16;B01
200900012760;0;7;0;0;2;3;2;A01
200900012760;0;33;0;0;2;4;23;B01
200900012761;0;10;0;0;2;2;2;A01
200900012761;0;7;0;0;2;6;2;B01
200900012762;0;10;0;4;2;1;2;A01
200900012762;0;7;0;4;2;4;2;B01
200900012763;1;7;0;0;1;0;1;Z01
200900012764;0;30;0;0;2;2;1;B01
200900012764;0;7;0;0;2;3;9;A01
200900012765;0;32;0;0;2;1;1;A01
200900012765;0;7;0;0;2;2;1;B01
200900012766;0;32;0;14;0;1;1;A01
200900012767;0;7;0;0;2;3;12;A01
200900012767;0;2;0;0;2;4;1;B01
200900012768;0;2;0;0;0;0;1;A01
200900012769;0;32;0;0;1;1;1;A01
200900012770;0;7;0;0;2;3;1;B01
200900012770;0;33;0;0;2;1;1;A01
200900012771;0;32;0;0;2;8;2;A01
200900012771;0;7;0;0;2;4;2;B01
200900012772;0;32;0;0;0;8;21;A01
200900012773;0;1;0;0;1;7;1;A01
200900012774;0;7;0;0;2;1;15;A01
200900012774;0;1;0;0;2;3;16;B01
200900012775;0;7;0;0;2;2;1;A01
200900012775;0;33;0;0;2;3;1;B01
200900012776;0;34;0;0;2;8;1;B01
200900012776;0;7;0;0;2;2;1;A01
200900012777;0;30;0;0;2;8;11;A01
200900012777;0;37;1;0;2;7;7;B01
200900012778;0;33;0;0;2;3;2;A01
200900012778;0;7;0;0;2;5;23;B01
200900012779;0;7;0;0;2;1;15;A01
200900012779;0;1;0;0;2;7;1;B01
200900012780;0;30;0;0;1;1;1;A01
200900012781;0;1;0;0;0;0;21;A01
200900012782;1;7;0;0;1;3;1;Z01
200900012783;0;34;0;0;2;2;1;B01
200900012783;0;10;0;0;2;3;1;A01
200900012784;0;33;0;0;2;2;3;A01
200900012784;1;7;0;0;2;6;12;Z01
200900012785;0;30;0;1;0;1;14;A01
200900012786;0;2;0;0;0;8;21;A01
200900012787;0;10;0;0;2;3;2;C01
200900012787;0;7;0;0;2;5;2;B01
200900012787;0;33;0;0;2;3;2;A01
200900012788;0;30;0;0;0;3;15;A01
200900012789;0;7;0;0;2;4;2;B01
200900012789;0;7;0;0;2;1;2;A01
200900012790;0;7;0;0;2;3;12;A01
200900012790;0;7;0;0;2;5;1;B01
200900012791;0;7;0;0;2;6;1;B01
200900012791;0;7;0;0;2;3;11;A01
200900012792;0;7;0;0;2;4;23;C01
200900012792;0;7;0;14;2;4;23;D01
200900012792;0;7;0;0;2;4;23;E01
200900012792;0;7;0;14;2;1;2;A01
200900012792;0;7;0;0;2;4;23;B01
200900012793;0;30;0;0;0;7;15;A01
200900012794;0;7;0;1;0;3;13;A01
200900012795;0;34;0;0;2;2;15;B01
200900012795;0;34;0;0;2;3;5;A01
200900012796;0;30;0;0;0;0;1;A01
200900012797;0;31;0;0;0;0;3;A01
200900012798;0;7;0;12;2;2;10;A01
200900012798;0;32;0;12;2;2;1;B01
200900012799;0;33;0;0;0;8;21;A01
200900012800;0;10;0;0;1;3;15;A01
200900012801;0;10;0;1;0;1;14;A01
200900012802;0;7;0;0;1;4;4;A01
200900012803;0;10;0;0;2;4;2;A01
200900012803;0;30;0;0;2;1;2;B01
200900012804;0;7;0;0;2;2;2;A01
200900012804;0;7;0;0;2;4;23;C01
200900012804;0;7;0;0;2;5;23;B01
200900012805;0;7;0;0;1;4;4;A01
200900012806;0;31;0;0;2;3;3;A01
200900012806;0;7;0;0;2;6;11;B01
200900012807;0;33;0;0;2;2;1;B01
200900012807;0;7;0;0;2;3;14;A01
200900012808;0;30;0;0;2;1;1;A01
200900012808;1;7;0;0;2;8;22;Z01
200900012809;0;7;0;0;2;1;1;B01
200900012809;0;1;0;0;2;8;5;A01
200900012810;0;7;0;0;2;2;1;B01
200900012810;0;1;0;0;2;3;15;A01
200900012811;0;32;0;0;2;2;17;A01
200900012811;0;7;0;0;2;2;15;B01
200900012812;0;2;0;1;2;3;17;A01
200900012812;0;2;0;0;2;8;13;B01
200900012813;0;31;0;0;2;7;17;A01
200900012813;1;7;0;0;2;0;17;Z01
200900012814;0;33;0;0;2;2;2;A01
200900012814;0;7;0;0;2;6;2;B01
200900012815;0;32;0;0;1;1;1;A01
200900012816;0;7;0;0;2;2;10;A01
200900012816;0;33;0;0;2;1;1;B01
200900012817;0;30;0;0;2;7;17;B01
200900012817;0;32;0;0;2;8;15;A01
200900012818;0;15;0;0;2;1;2;A01
200900012818;0;7;0;0;2;0;2;B01
200900012818;0;7;0;0;2;4;2;C01
200900012819;0;31;0;0;0;0;1;A01
200900012820;0;7;0;0;2;8;10;A01
200900012820;0;30;0;0;2;1;1;B01
200900012821;0;2;0;0;2;1;7;A01
200900012821;0;7;0;0;2;5;15;B01
200900012822;0;33;0;0;2;1;1;B01