num_acc;senc;catv;occutc;obs;obsm;choc;manv;num_veh
200900012822;0;7;0;0;2;5;15;A01
200900012823;0;33;0;0;0;7;1;A01
200900012824;0;7;0;0;2;2;2;A01
200900012824;0;7;0;0;2;3;2;B01
200900012825;0;32;0;0;0;0;15;A01
200900012826;0;7;0;0;2;2;16;A01
200900012826;0;37;10;0;2;3;7;B01
200900012827;0;2;0;0;1;1;1;A01
200900012828;0;30;0;0;2;3;1;B01
200900012828;0;7;0;0;2;1;15;A01
200900012829;0;7;0;0;2;2;2;A01
200900012829;0;7;0;0;2;6;2;B01
200900012830;0;7;0;0;2;7;1;B01
200900012830;0;30;0;0;2;8;13;A01
200900012831;0;7;0;0;2;3;15;A01
200900012831;0;33;0;0;2;8;1;B01
200900012832;0;7;0;0;1;5;16;A01
200900012833;0;10;0;0;2;1;1;B01
200900012833;0;7;0;6;2;0;4;A01
200900012834;0;33;0;0;2;1;18;B01
200900012834;0;1;0;0;2;7;16;A01
200900012835;0;1;0;0;2;8;13;A01
200900012835;0;37;5;0;2;7;17;B01
200900012836;0;7;0;0;2;1;2;A01
200900012836;0;7;0;0;2;4;2;B01
200900012837;0;7;0;1;2;7;1;A01
200900012837;0;7;0;0;2;1;1;B01
200900012838;0;7;0;0;2;2;1;A01
200900012838;0;1;0;0;2;3;19;B01
200900012839;0;32;0;15;0;1;21;A01
200900012840;0;7;0;0;2;2;16;A01
200900012840;0;2;0;0;2;1;1;B01
200900012841;0;7;0;6;0;1;13;A01
200900012842;0;7;0;0;1;1;1;A01
200900012843;0;1;0;0;2;7;5;A01
200900012843;0;1;0;0;2;1;15;B01
200900012844;0;1;0;0;0;0;1;A01
200900012845;0;7;0;0;1;2;1;A01
200900012846;0;1;0;0;2;1;17;B01
200900012846;0;7;0;0;2;6;22;A01
200900012847;0;33;0;0;2;1;1;B01
200900012847;0;7;0;0;2;3;5;A01
200900012848;0;7;0;0;2;1;2;A01
200900012848;0;7;0;0;2;4;2;B01
200900012849;1;2;0;0;1;1;5;Z01
200900012850;0;7;0;0;2;2;15;A01
200900012850;0;33;0;0;2;8;7;B01
200900012851;0;7;0;0;1;2;1;A01
200900012852;0;7;0;0;2;2;15;A01
200900012852;0;2;0;0;2;1;1;B01
200900012853;0;31;0;14;0;1;14;A01
200900012854;0;32;0;0;1;1;1;A01
200900012855;0;30;0;1;0;0;13;A01
200900012856;0;33;0;14;2;6;18;B01
200900012856;0;10;0;0;2;7;22;A01
200900012857;0;7;0;0;1;3;7;A01
200900012858;0;10;0;0;2;0;15;B01
200900012858;0;30;0;0;2;0;1;A01
200900012859;0;7;0;0;2;2;16;A01
200900012859;0;34;0;0;2;1;1;B01
200900012860;0;30;0;0;0;0;1;A01
200900012861;0;31;0;14;2;1;1;A01
200900012861;0;14;0;0;2;0;23;B01
200900012862;0;10;0;0;2;8;1;C01
200900012862;0;7;0;0;2;1;17;B01
200900012862;0;7;0;0;2;9;5;A01
200900012863;0;30;0;0;2;0;2;A01
200900012863;0;7;0;0;2;5;2;B01
200900012864;0;7;0;0;2;2;12;A01
200900012864;0;32;0;0;2;8;1;B01
200900012865;0;2;0;0;2;1;2;A01
200900012865;0;7;0;0;2;4;23;B01
200900012866;0;7;0;6;0;3;21;A01
200900012867;0;33;0;0;1;1;1;A01
200900012868;0;7;0;0;2;2;2;A01
200900012868;0;7;0;0;2;6;23;B01
200900012869;0;2;0;0;1;1;1;A01
200900012870;0;32;0;0;2;7;5;A01
200900012870;0;7;0;0;2;8;15;B01
200900012871;0;31;0;0;2;3;15;B01
200900012871;0;7;0;0;2;7;17;A01
200900012872;0;7;0;0;1;1;1;A01
200900012873;0;30;0;0;1;3;1;A01
200900012874;0;7;0;0;2;5;15;B01
200900012874;0;32;0;0;2;1;17;A01
200900012875;0;7;0;0;2;8;11;A01
200900012875;0;17;0;0;2;2;1;B01
200900012875;0;7;0;0;2;5;1;C01
200900012876;0;7;0;0;2;1;2;A01
200900012876;0;7;0;0;2;4;2;B01
200900012877;0;32;0;0;2;2;2;A01
200900012877;0;32;0;0;2;3;2;B01
200900012878;0;7;0;0;2;8;1;B01
200900012878;0;2;0;0;2;1;1;A01
200900012879;0;7;0;0;2;2;1;A01
200900012879;0;7;0;0;2;3;1;B01
200900012880;0;7;0;0;2;2;13;A01
200900012880;0;33;0;0;2;1;1;B01
200900012881;0;32;0;14;0;1;14;A01
200900012882;0;32;0;1;0;1;13;A01
200900012883;0;10;0;0;2;2;14;B01
200900012883;0;32;0;0;2;8;18;A01
200900012884;0;7;0;0;2;6;2;B01
200900012884;0;33;0;0;2;1;2;A01
200900012885;0;10;0;0;2;3;2;B01
200900012885;0;33;0;0;2;7;2;A01
200900012886;0;7;0;0;2;7;1;A01
200900012886;0;32;0;0;2;1;1;B01
200900012887;0;10;0;0;2;4;24;B01
200900012887;0;32;0;0;2;1;1;A01
200900012888;0;31;0;0;0;7;1;A01
200900012889;1;32;0;0;2;0;21;A01
200900012890;0;7;0;0;1;3;15;A01
200900012891;0;7;0;0;2;3;12;A01
200900012891;0;7;0;0;2;5;1;B01
200900012892;0;32;0;0;2;8;1;A01
200900012892;1;34;0;0;2;0;17;Z01
200900012893;0;7;0;0;2;3;2;A01
200900012893;0;7;0;0;2;6;23;B01
200900012894;0;1;0;0;2;1;1;B01
200900012894;0;10;0;0;2;3;1;A01
200900012895;1;7;0;0;2;0;16;Z01
200900012895;0;31;0;0;2;0;1;A01
200900012896;0;7;0;0;1;4;4;A01
200900012897;0;7;0;0;2;4;2;B01
200900012897;0;10;0;0;2;4;2;A01
200900012898;0;30;0;0;2;8;1;B01
200900012898;0;7;0;0;2;5;1;A01
200900012899;0;32;0;0;2;8;1;B01
200900012899;0;38;1;0;2;7;14;A01
200900012900;0;33;0;0;2;1;2;A01
200900012900;0;7;0;0;2;5;23;C01
200900012900;0;7;0;0;2;6;23;B01
200900012901;0;7;0;0;1;1;16;A01
200900012902;0;33;0;0;2;6;15;B01
200900012902;0;33;0;0;2;1;17;A01
200900012903;0;32;0;0;2;1;1;B01
200900012903;0;7;0;0;2;3;17;A01
200900012904;0;30;0;11;0;3;15;A01
200900012905;0;1;0;0;2;1;1;B01
200900012905;0;10;0;0;2;3;10;A01
200900012906;0;7;0;0;2;1;1;A01
200900012906;0;33;0;0;2;8;1;B01
200900012907;0;1;0;0;2;1;1;A01
200900012907;0;7;0;0;2;3;1;B01
200900012908;0;7;0;0;2;4;2;A01
200900012908;2;10;0;0;2;1;2;Z01
200900012909;0;32;0;0;2;2;16;A01
200900012909;0;32;0;0;2;3;23;B01
200900012910;0;7;0;0;2;1;2;A01
200900012910;0;32;0;0;2;4;2;B01
200900012911;0;30;0;0;0;2;21;A01
200900012912;0;33;0;0;2;1;1;B01
200900012912;0;7;0;0;2;2;15;A01
200900012913;0;2;0;0;0;7;1;A01
200900012914;0;38;61;0;1;1;16;A01
200900012915;0;32;0;0;1;1;1;A01
200900012916;0;7;0;0;2;6;11;A01
200900012916;0;33;0;0;2;1;1;B01
200900012917;0;32;0;0;2;7;17;A01
200900012917;0;7;0;0;2;8;13;B01
200900012918;0;32;0;14;0;1;11;A01
200900012919;0;7;0;0;2;2;23;C01
200900012919;0;30;0;0;2;1;2;A01
200900012919;0;7;0;0;2;5;23;B01
200900012920;0;7;0;0;2;2;15;A01
200900012920;0;32;0;0;2;1;1;B01
200900012921;0;32;0;0;2;8;16;A01
200900012921;1;7;0;0;2;0;1;Z01
200900012922;0;7;0;0;2;6;1;B01
200900012922;0;33;0;0;2;1;1;A01
200900012923;0;7;0;0;2;4;23;B01
200900012923;0;32;0;0;2;1;2;A01
200900012924;0;37;10;0;1;3;15;A01
200900012925;0;7;0;0;2;1;15;A01
200900012925;0;30;0;0;2;8;1;B01
200900012926;0;7;0;0;2;3;2;A01
200900012926;0;32;0;0;2;7;2;B01
200900012927;0;33;0;12;0;0;14;A01
200900012928;0;7;0;0;2;5;12;B01
200900012928;0;31;0;0;2;3;3;A01
200900012929;0;7;0;0;2;8;22;A01
200900012929;0;1;0;0;2;2;1;B01
200900012930;0;7;0;0;2;5;11;B01
200900012930;0;33;0;0;2;3;1;A01
200900012931;0;7;0;0;2;7;17;A01
200900012931;0;1;0;0;2;2;14;B01
200900012931;0;1;0;12;2;8;23;C01
200900012932;0;2;0;0;2;1;1;A01
200900012932;0;7;0;0;2;8;15;B01
200900012933;0;31;0;1;2;2;1;B01
200900012933;0;7;0;0;2;3;10;A01
200900012934;0;32;0;0;2;8;1;B01
200900012934;0;7;0;0;2;1;15;A01
200900012935;0;7;0;0;2;2;2;A01
200900012935;0;34;0;0;2;6;2;B01
200900012936;0;32;0;0;0;0;1;A01
200900012937;0;33;0;0;2;7;3;A01
200900012937;1;10;0;0;2;3;13;Z01
200900012938;0;33;0;0;0;0;0;A01
200900012939;0;7;0;0;2;1;1;B01
200900012939;0;7;0;0;2;6;1;A01
200900012940;0;1;0;0;0;1;1;A01
200900012941;0;30;0;0;2;8;1;B01
200900012941;0;7;0;0;2;5;17;A01
200900012942;0;7;0;0;1;4;4;A01
200900012943;0;30;0;0;2;1;1;B01
200900012943;0;7;0;0;2;2;1;A01
200900012944;0;30;0;0;0;0;1;A01
200900012945;0;7;0;0;1;3;1;A01
200900012946;0;30;0;0;1;1;1;A01
200900012947;0;7;0;0;0;0;0;A01
200900012947;0;7;0;0;0;0;0;B01
200900012948;0;7;0;0;2;7;1;A01
200900012948;0;7;0;0;2;1;0;B01
200900012949;0;7;0;9;0;5;0;A01
200900012950;0;17;0;3;0;3;2;A01
200900012951;0;1;0;0;1;0;1;B01
200900012951;0;7;0;0;2;0;9;A01
200900012952;0;10;0;0;0;3;0;C03
200900012952;0;10;0;0;1;5;1;B02
200900012952;0;33;0;1;0;1;1;A01
200900012953;0;2;0;0;0;0;1;A01
200900012954;0;33;0;0;2;1;1;A01
200900012954;0;7;0;0;2;5;15;B02
200900012955;0;7;0;13;0;9;1;A01
200900012956;0;7;0;0;2;2;1;B02
200900012956;0;7;0;2;2;2;1;A01
200900012957;0;7;0;3;2;2;13;A01
200900012957;0;7;0;0;2;1;1;B02
200900012958;0;30;0;6;0;1;14;A01
200900012959;0;10;0;8;0;7;1;A01
200900012960;0;7;0;0;2;3;1;B02
200900012960;0;2;0;0;2;8;13;A01
200900012961;1;7;0;0;1;1;1;A01
200900012962;0;30;0;0;0;0;0;A01
200900012963;0;7;0;0;2;3;17;B01
200900012963;0;7;0;0;2;3;5;A01
200900012964;0;1;0;0;2;4;1;B02
200900012964;0;7;0;0;2;2;1;A01
200900012965;0;7;0;0;1;2;1;A01
200900012966;0;1;0;0;2;7;1;A01
200900012966;0;10;0;0;9;2;15;B02
200900012967;0;7;0;13;0;9;1;A01
200900012968;0;17;0;0;2;1;1;B02
200900012968;0;7;0;0;2;4;1;E05
200900012968;0;7;0;0;2;1;1;D04
200900012968;0;7;0;0;2;1;13;A01
200900012969;0;33;0;0;0;1;2;A01
200900012970;0;33;0;0;2;1;13;A01
200900012970;0;17;0;0;2;3;1;B02
200900012971;1;7;0;0;2;6;2;A01
200900012971;0;33;0;0;2;2;17;B02
200900012972;0;14;0;3;0;3;1;A01
200900012972;0;7;0;0;0;4;0;B02
200900012973;0;2;0;11;0;1;1;A01
200900012974;0;7;0;0;2;3;1;A01
200900012974;0;31;0;0;2;7;19;B02
200900012975;0;7;0;13;0;9;1;A01
200900012976;0;7;0;0;6;9;1;A01
200900012977;0;14;0;13;5;3;1;B01
200900012977;0;7;0;0;2;1;13;A01
200900012978;0;33;0;13;0;0;17;A01
200900012979;0;7;0;0;2;3;1;B02
200900012979;0;7;0;0;2;3;13;A01
200900012980;0;33;0;13;0;1;0;A01
200900012981;0;7;0;13;0;2;1;A01
200900012982;0;7;0;13;0;2;1;A01
200900012983;0;7;0;13;5;2;1;A01
200900012984;0;7;0;0;2;1;1;B01
200900012984;0;7;0;0;2;1;5;A01
200900012985;0;7;0;0;2;3;1;A01
200900012985;0;7;0;0;2;3;1;B02
200900012986;0;17;0;13;0;6;1;A01
200900012987;0;7;0;0;2;3;5;A01
200900012987;0;7;0;0;2;1;1;B01
200900012988;0;7;0;0;2;3;0;A01
200900012988;0;7;0;0;2;3;0;B01
200900012989;0;7;0;6;2;8;1;A01
200900012990;0;32;0;0;2;1;1;A01
200900012990;0;7;0;0;2;6;16;B01
200900012991;0;7;0;0;2;1;2;A01
200900012991;0;7;0;0;2;4;2;B01
200900012992;0;7;0;0;2;1;19;A01
200900012992;0;1;0;0;2;8;1;B01
200900012993;0;7;0;0;2;4;2;C01
200900012993;0;7;0;0;2;1;2;A01
200900012993;0;7;0;0;2;4;2;B01
200900012994;0;7;0;0;2;4;0;B01
200900012994;0;13;0;0;2;1;0;A01
200900012995;0;33;0;14;0;9;1;A01
200900012996;0;1;0;0;2;1;16;B01
200900012996;0;7;0;0;2;3;1;A01
200900012997;0;7;0;0;1;2;15;A01
200900012998;0;7;0;0;2;1;2;A01
200900012998;0;7;0;0;2;4;23;B01
200900012999;0;31;0;0;2;1;1;A01
200900013000;1;7;0;0;2;4;2;C01
200900013000;0;7;0;0;2;1;2;B01
200900013000;1;7;0;0;2;1;2;A01
200900013001;0;31;0;0;2;1;17;A01
200900013001;0;7;0;0;2;6;15;B01
200900013002;0;7;0;0;1;3;2;A01
200900013003;0;7;0;0;2;3;1;C01
200900013003;0;7;0;0;2;1;2;A01
200900013003;0;7;0;0;2;4;2;D01
200900013003;0;7;0;0;2;4;2;B01
200900013004;0;1;0;0;2;1;1;B01
200900013004;0;7;0;0;2;8;15;A01
200900013005;0;7;0;0;2;1;15;A01
200900013005;0;7;0;0;2;2;1;B01
200900013006;0;31;0;0;2;7;1;B01
200900013006;0;7;0;0;2;1;15;A01
200900013007;0;7;0;0;2;6;11;A01
200900013007;0;37;1;0;2;1;2;B01
200900013008;0;2;0;0;2;7;8;A01
200900013008;0;7;0;0;2;3;15;B01
200900013009;0;7;0;0;2;3;1;A01
200900013009;0;7;0;0;2;1;1;B01
200900013010;0;7;0;0;2;1;1;B01
200900013010;0;7;0;0;2;3;13;A01
200900013011;0;30;0;0;2;7;1;B01
200900013011;0;7;0;0;2;3;9;A01
200900013012;0;7;0;0;2;4;15;B01
200900013012;0;33;0;0;2;1;1;A01
200900013013;0;31;0;0;2;1;1;B01
200900013013;0;7;0;0;2;2;15;A01
200900013014;0;7;0;0;2;3;16;A01
200900013014;0;1;0;0;2;0;15;B01
200900013015;0;7;0;0;2;8;15;B01
200900013015;0;34;0;0;2;1;3;A01
200900013016;0;7;0;0;2;3;22;A01
200900013016;0;33;0;0;2;1;18;B01
200900013017;0;7;0;4;0;1;1;A01
200900013018;0;30;0;3;0;1;1;A01
200900013019;0;7;0;0;2;1;1;A01
200900013019;0;7;0;0;2;4;23;B01
200900013020;0;10;0;0;2;1;1;C01
200900013020;0;7;0;0;0;8;1;A01
200900013020;0;7;0;0;2;3;1;B01
200900013021;0;7;0;0;2;2;1;A01
200900013021;0;7;0;0;2;3;19;B01
200900013022;0;7;0;8;0;2;1;A01
200900013023;0;7;0;0;2;1;13;A01
200900013023;0;7;0;0;2;1;0;B01
200900013024;0;7;0;0;2;7;13;A01
200900013024;0;7;0;0;2;1;1;B01
200900013025;0;7;0;15;0;3;13;A01
200900013026;0;7;0;6;0;3;13;A01
200900013027;0;7;0;13;0;1;1;A01
200900013028;0;7;0;0;2;1;2;A01
200900013028;0;7;0;0;2;4;2;B01
200900013029;0;7;0;0;2;2;17;A01
200900013029;0;14;0;0;0;6;1;B01
200900013030;0;36;0;0;0;2;15;A01
200900013031;0;31;0;0;0;1;17;A01
200900013031;0;7;0;0;0;3;19;B01
200900013032;0;32;0;0;0;1;1;A01
200900013033;0;1;0;0;0;4;2;B01
200900013033;1;7;0;0;9;0;2;A01
200900013034;0;31;0;6;0;1;1;A01
200900013035;0;7;0;2;2;1;0;A01
200900013036;0;7;0;0;2;4;2;B01
200900013036;0;7;0;4;2;1;2;A01
200900013037;0;33;0;0;2;1;0;C01
200900013037;0;7;0;0;2;2;0;A01
200900013037;0;7;0;0;2;7;0;B01
200900013038;0;7;0;0;2;1;0;A01
200900013038;0;7;0;0;2;8;1;B01
200900013039;0;7;0;0;2;2;15;B01
200900013039;0;33;0;0;2;9;1;A01
200900013040;0;33;0;0;2;1;1;A01
200900013040;0;7;0;0;2;1;15;B01
200900013041;0;2;0;0;2;1;0;B01
200900013041;0;1;0;0;2;7;0;A01
200900013042;0;1;0;0;2;4;15;A01
200900013042;1;7;0;0;2;3;1;Z01
200900013043;0;7;0;0;2;2;13;A01
200900013043;0;10;0;0;2;3;1;B01
200900013044;0;32;0;0;2;7;1;B01
200900013044;1;7;0;0;2;0;14;A01
200900013045;0;7;0;0;2;4;1;B01
200900013045;0;33;0;0;2;1;3;A01
200900013046;0;1;0;0;2;1;1;B01
200900013046;0;7;0;0;2;8;0;A01
200900013047;0;7;0;4;0;9;1;A01
200900013048;0;33;0;0;2;1;15;A01
200900013048;0;7;0;0;2;8;1;B01
200900013049;0;1;0;0;2;0;13;C01
200900013049;0;7;0;0;2;0;22;A01
200900013049;0;7;0;0;2;3;1;B01
200900013050;0;7;0;0;2;1;2;A01
200900013050;0;7;0;0;2;4;23;C01
200900013050;0;7;0;0;2;1;23;B01
200900013051;0;2;0;0;2;1;0;A01
200900013051;0;7;0;0;2;8;0;B01
200900013052;0;31;0;0;2;1;1;B01
200900013052;0;7;0;0;2;1;1;A01
200900013053;0;7;0;0;2;4;2;C01
200900013053;0;7;0;0;2;4;2;B01
200900013053;0;7;0;0;2;1;2;A01
200900013053;0;7;0;0;2;4;2;D01
200900013054;0;7;0;0;2;1;0;A01
200900013054;0;7;0;0;2;1;0;B01
200900013055;0;7;0;0;2;3;1;B01
200900013055;0;7;0;0;2;2;15;A01
200900013056;0;7;0;1;0;9;16;A01
200900013056;0;7;0;0;0;5;24;B01
200900013057;0;7;0;0;2;8;0;B01
200900013057;0;7;0;0;2;6;0;C01
200900013057;0;7;0;0;2;2;0;A01
200900013058;0;7;0;0;1;2;9;A01
200900013059;0;15;0;0;2;3;1;A01
200900013059;0;14;0;0;2;3;1;B02
200900013060;0;7;0;2;2;3;13;A01
200900013060;0;1;0;0;2;1;0;B02
200900013061;0;33;0;0;2;1;13;A01
200900013061;0;7;0;0;2;1;1;C03
200900013061;0;33;0;0;2;1;1;B02
200900013062;0;7;0;6;0;9;1;A01
200900013063;0;7;0;2;0;1;1;A01
200900013064;0;7;0;0;1;2;16;A01
200900013065;0;2;0;0;2;4;1;A01
200900013065;1;7;0;0;2;1;1;B01
200900013066;1;7;0;0;2;3;18;A01
200900013066;0;7;0;3;0;5;1;B01
200900013067;1;7;0;0;1;2;0;A01
200900013068;0;33;0;0;2;1;1;A01
200900013068;0;7;0;0;2;4;14;B01
200900013069;0;7;0;0;2;4;0;B01
200900013069;0;7;0;0;2;2;1;A01
200900013070;0;7;0;0;2;3;15;A01
200900013070;0;13;0;0;2;2;16;B01
200900013071;0;33;0;0;2;8;1;B01
200900013071;0;7;0;0;2;3;15;A01
200900013072;0;7;0;0;1;0;0;A01
200900013073;1;7;0;0;2;2;1;A01
200900013073;0;33;0;0;2;1;15;B01
200900013074;0;7;0;0;2;7;14;A01
200900013074;0;1;0;12;2;9;1;B01
200900013075;0;7;0;2;2;3;0;A01
200900013075;0;7;0;0;2;2;1;B01
200900013076;0;1;0;0;2;0;0;A01
200900013076;1;7;0;0;2;0;0;B01
200900013077;0;7;0;0;2;1;0;A01
200900013077;0;2;0;0;2;1;0;B01
200900013078;0;38;0;0;2;5;0;A01
200900013078;0;33;0;0;2;3;0;B01
200900013079;0;7;0;0;2;3;9;A01
200900013079;0;31;0;0;2;0;1;B01
200900013080;0;7;0;0;1;2;0;A01
200900013081;0;2;0;0;0;8;1;A01
200900013082;0;2;0;0;2;4;0;B01
200900013082;1;7;0;0;0;0;0;C01
200900013082;0;7;0;0;2;2;0;A01
200900013083;0;7;0;15;0;9;14;A01
200900013084;0;32;0;4;0;0;1;A01
200900013085;0;7;0;0;2;3;0;B01
200900013085;0;7;0;0;2;3;0;A01
200900013086;0;7;0;3;0;1;1;A01
200900013087;0;15;0;0;1;2;1;A01
200900013088;0;7;0;0;2;5;1;B01
200900013088;0;7;0;0;2;1;1;A01
200900013089;0;7;0;0;2;3;0;A01
200900013089;0;30;0;0;2;2;0;B01
200900013090;0;7;0;0;2;1;2;A01
200900013090;0;7;0;0;2;4;1;B01
200900013091;0;7;0;0;2;5;12;A01
200900013091;0;33;0;0;2;3;2;B01
200900013092;0;7;0;0;2;4;1;B01
200900013092;0;7;0;0;2;1;1;A01
200900013092;0;13;0;0;2;4;1;D01
200900013092;0;7;0;0;2;4;1;C01
200900013093;0;30;0;0;2;2;17;A01
200900013093;0;7;0;0;2;3;15;B01
200900013094;0;7;0;0;2;1;0;A01
200900013094;0;7;0;0;2;1;0;B01
200900013095;0;7;0;0;2;3;0;A01
200900013095;0;1;0;0;2;1;0;B01
200900013096;0;7;0;0;2;1;5;A01
200900013096;0;2;0;0;2;1;5;B01
200900013097;0;7;0;0;2;3;15;A01
200900013097;0;33;0;0;2;9;1;B01
200900013098;0;7;0;0;1;1;1;A01
200900013099;0;7;0;0;2;1;2;A01
200900013099;0;1;0;0;2;4;9;B01
200900013100;0;7;0;0;2;6;2;B01
200900013100;0;7;0;0;2;6;2;C01
200900013100;0;7;0;0;2;1;1;A01
200900013101;0;15;0;0;2;7;0;A01
200900013101;0;2;0;0;2;1;0;B01
200900013102;0;7;0;0;2;7;13;A01
200900013102;0;7;0;0;2;3;1;B01
200900013103;0;33;0;0;2;2;17;B01
200900013103;0;17;0;0;2;3;15;A01
200900013104;0;7;0;0;2;8;1;A01
200900013104;0;7;0;0;2;3;1;B01
200900013105;0;1;0;0;2;4;1;B01
200900013105;0;7;0;0;2;2;14;A01
200900013106;0;7;0;0;1;2;1;A01
200900013107;0;7;0;0;1;2;1;A01
200900013108;0;7;0;16;1;1;18;A01
200900013109;0;7;0;1;2;4;23;B01
200900013109;1;7;0;1;0;1;0;A01
200900013110;0;7;0;0;2;4;2;C01
200900013110;0;7;0;0;2;1;2;A01
200900013110;0;7;0;0;2;1;2;B01
200900013111;0;7;0;0;2;3;15;B01
200900013111;0;32;0;0;2;1;1;A01
200900013112;0;30;0;0;0;7;1;A01
200900013113;0;2;0;0;2;1;0;A01
200900013113;0;7;0;0;2;3;0;B01
200900013114;0;7;0;0;1;1;1;A01
200900013115;0;31;0;0;2;1;0;B01
200900013115;0;10;0;0;2;3;0;A01
200900013116;0;7;0;0;2;4;2;B01
200900013116;0;33;0;0;2;1;1;A01
200900013117;0;14;0;0;2;6;1;B01
200900013117;0;33;0;0;2;8;14;A01
200900013118;0;7;0;0;9;1;0;A01
200900013119;0;7;0;0;1;1;1;A01
200900013120;0;7;0;0;1;6;4;A01
200900013121;0;7;0;0;2;6;1;C01
200900013121;0;7;0;0;0;0;0;A01
200900013121;0;33;0;0;2;1;2;B01
200900013122;0;7;0;0;2;3;15;B01
200900013122;0;33;0;0;2;3;1;A01
200900013123;0;31;0;0;2;1;0;A01
200900013123;0;7;0;0;2;3;0;B01
200900013124;0;33;0;0;2;1;3;A01
200900013124;0;1;0;0;2;5;19;B01
200900013125;0;7;0;16;0;9;1;A01
200900013126;0;7;0;0;2;4;23;B01
200900013126;0;31;0;0;2;1;1;A01
200900013127;0;37;1;0;2;1;2;A01
200900013127;0;7;0;0;2;4;2;B01
200900013128;0;7;0;0;2;6;15;B01
200900013128;0;7;0;0;2;1;1;A01
200900013129;0;7;0;0;0;8;13;A01
200900013129;0;31;0;0;0;7;17;B02
200900013130;0;31;0;0;0;8;0;A01
200900013131;0;7;0;0;2;8;13;A01
200900013131;0;33;0;0;2;1;2;B01
200900013132;0;7;0;0;1;1;16;A01
200900013133;0;31;0;0;2;1;15;A01
200900013133;0;7;0;0;2;8;1;B02
200900013134;0;32;0;0;2;1;16;A01
200900013134;0;7;0;0;2;2;1;B01
200900013135;0;7;0;0;2;8;1;B01
200900013135;0;7;0;0;2;9;13;A01
200900013136;0;7;0;0;2;3;0;C01
200900013136;0;33;0;0;2;7;18;A01
200900013136;0;7;0;0;2;5;1;B01
200900013137;0;21;0;0;2;5;1;A01
200900013138;0;10;0;6;0;2;14;A01
200900013139;0;14;0;0;0;3;1;A01
200900013139;0;14;0;0;0;2;1;B02
200900013140;0;33;0;11;0;1;1;A01
200900013141;0;7;0;0;2;1;1;B02
200900013141;0;7;0;0;2;1;2;C03
200900013141;0;7;0;0;2;1;13;A01
200900013142;0;7;0;2;0;1;13;A01
200900013143;0;7;0;0;2;3;1;B02
200900013143;0;33;0;0;2;1;13;A01
200900013144;0;7;0;13;0;3;13;A01
200900013145;0;7;0;0;2;3;13;A01
200900013145;0;7;0;0;2;3;1;B02
200900013146;0;7;0;0;1;2;1;A01
200900013147;0;33;0;0;0;0;21;A01
200900013148;0;7;0;6;0;1;1;A01
200900013149;0;7;0;0;2;2;15;A01
200900013149;0;7;0;2;2;2;21;B02
200900013150;0;7;0;0;2;1;1;C03
200900013150;0;7;0;0;2;1;17;A01
200900013150;0;7;0;0;2;8;1;B02
200900013151;0;17;0;0;2;1;2;C03
200900013151;0;10;0;0;2;4;1;B02
200900013151;0;17;0;0;2;4;1;A01
200900013152;0;7;0;9;0;0;17;A01
200900013153;1;10;0;0;1;3;1;A01
200900013154;0;7;0;0;2;1;17;A01
200900013154;0;7;0;0;0;2;1;B02
200900013155;0;10;0;0;2;2;2;A01
200900013155;0;10;0;0;2;6;2;B02
200900013156;0;10;0;2;0;7;13;A01
200900013157;0;33;0;0;1;1;21;A01
200900013158;0;17;0;3;0;8;13;A01
200900013159;0;33;0;0;2;1;15;B02
200900013159;0;37;0;0;2;5;7;A01
200900013160;0;7;0;0;2;3;13;A01
200900013160;0;7;0;0;2;3;1;B02
200900013161;0;33;0;3;0;2;1;A01
200900013162;0;33;0;0;2;1;17;A01
200900013162;0;10;0;0;0;8;19;B02
200900013163;0;14;0;0;2;1;17;A01
200900013163;0;14;0;0;2;3;19;B02
200900013164;0;7;0;0;2;0;0;D04
200900013164;0;7;0;0;0;0;1;C03
200900013164;0;7;0;0;0;0;1;B02
200900013164;0;7;0;0;2;3;13;A01
200900013165;0;33;0;0;2;1;3;A01
200900013165;0;7;0;0;0;6;11;B02
200900013165;0;7;0;0;0;5;1;C03
200900013166;0;7;0;0;2;3;5;A01
200900013166;0;10;0;0;2;3;1;B02
200900013167;0;7;0;0;2;3;1;B02
200900013167;0;7;0;0;2;5;1;A01
200900013168;0;7;0;13;0;1;1;A01
200900013169;0;7;0;0;0;0;15;A01
200900013170;0;7;0;0;2;7;13;A01
200900013170;0;7;0;0;2;1;1;B02
200900013171;0;33;0;0;0;0;0;A01
200900013172;0;7;0;0;9;4;1;B02
200900013172;0;1;0;0;2;1;1;A01
200900013173;0;7;0;3;0;1;1;A01
200900013174;0;21;0;13;0;3;13;A01
200900013175;0;33;0;0;2;1;0;A01
200900013175;0;17;0;0;2;8;10;B01
200900013176;0;33;0;0;2;1;2;A01
200900013176;0;33;0;0;0;7;16;B02
200900013177;0;7;0;2;0;7;14;A01
200900013178;0;7;0;0;2;8;1;B02
200900013178;0;33;0;0;2;8;13;A01
200900013179;0;7;0;0;2;1;0;A01
200900013179;0;7;0;0;0;3;0;B02
200900013180;0;7;0;0;2;1;13;A01
200900013180;0;7;0;0;2;1;0;B02
200900013181;0;7;0;0;0;7;1;A01
200900013181;0;7;0;0;0;1;19;B02
200900013182;0;7;0;0;2;8;1;A01