num_acc;senc;catv;occutc;obs;obsm;choc;manv;num_veh
200900013182;0;7;0;0;2;8;1;B02
200900013183;0;1;0;0;0;7;1;A01
200900013184;0;7;0;0;0;1;1;A01
200900013185;0;7;0;15;0;1;1;A01
200900013186;0;10;0;2;0;3;1;A01
200900013187;0;10;0;13;0;2;1;A01
200900013188;0;33;0;16;0;9;1;A01
200900013189;0;14;0;0;2;3;1;B02
200900013189;0;7;0;0;2;2;15;A01
200900013189;0;7;0;0;2;1;15;C03
200900013190;0;7;0;0;1;3;1;A01
200900013191;0;7;0;0;2;8;13;A01
200900013191;0;7;0;0;2;8;0;B02
200900013192;0;7;0;2;0;1;14;A01
200900013193;0;7;0;0;2;3;1;B02
200900013193;0;7;0;0;2;3;13;A01
200900013194;0;7;0;0;2;1;2;B02
200900013195;0;7;0;3;2;5;1;A01
200900013195;0;7;0;0;2;3;1;B02
200900013196;0;33;0;0;2;1;5;A01
200900013196;0;7;0;0;2;2;1;B01
200900013197;0;33;0;4;0;1;1;A01
200900013198;0;33;0;0;2;8;13;A01
200900013198;0;7;0;0;2;1;1;B02
200900013199;0;7;0;0;2;7;1;A01
200900013199;0;7;0;0;2;5;1;C01
200900013199;0;7;0;0;2;3;1;B01
200900013200;0;7;0;2;0;9;1;A01
200900013201;0;7;0;8;0;3;13;A01
200900013202;0;33;0;0;2;1;1;B02
200900013202;0;7;0;0;2;5;19;A01
200900013203;0;7;0;12;0;9;1;A01
200900013204;0;7;0;8;0;1;13;A01
200900013205;0;7;0;2;0;7;17;A01
200900013206;0;7;0;0;2;3;15;A01
200900013206;0;33;0;0;2;1;17;B02
200900013207;0;7;0;2;0;1;1;A01
200900013208;0;7;0;8;0;7;1;A01
200900013209;0;7;0;4;0;1;1;A01
200900013210;0;7;0;0;1;1;15;A01
200900013211;0;33;0;0;2;5;21;B02
200900013211;0;7;0;0;2;1;1;A01
200900013212;0;10;0;8;0;3;1;A01
200900013213;0;7;0;0;1;1;21;A01
200900013214;0;7;0;0;2;2;19;A01
200900013214;0;33;0;0;2;7;1;B02
200900013215;0;7;0;0;2;3;1;B02
200900013215;0;33;0;0;2;1;13;A01
200900013216;0;7;0;0;2;8;19;B01
200900013216;0;7;0;0;2;1;19;A01
200900013217;0;7;0;0;2;1;1;B02
200900013217;0;7;0;0;2;3;17;A01
200900013218;0;15;0;0;2;3;1;B02
200900013218;0;7;0;0;2;3;13;A01
200900013219;0;7;0;13;0;1;0;A01
200900013220;0;33;0;0;2;2;2;A01
200900013221;0;10;0;0;1;3;1;A01
200900013222;0;7;0;13;0;3;13;A01
200900013223;0;7;0;0;2;3;13;A01
200900013223;0;7;0;0;2;3;1;B02
200900013224;0;7;0;0;2;1;1;B02
200900013224;0;7;0;0;2;8;19;A01
200900013225;0;10;0;0;2;4;15;A01
200900013225;0;10;0;0;2;1;2;B02
200900013226;0;7;0;0;2;3;13;A01
200900013226;0;7;0;0;2;3;1;B02
200900013227;0;30;0;0;5;0;21;A01
200900013228;0;7;0;0;2;1;2;B01
200900013228;0;7;0;0;1;2;1;A01
200900013229;0;99;0;0;2;2;15;A01
200900013229;0;33;0;0;2;1;19;B01
200900013230;0;7;0;;;4;23;C02
200900013230;0;7;0;0;2;4;23;B01
200900013230;0;7;0;0;2;1;2;A01
200900013231;0;31;0;12;0;8;1;A01
200900013232;0;7;0;0;2;3;1;B01
200900013232;0;7;0;0;2;3;1;A01
200900013233;0;33;0;0;0;8;1;A01
200900013234;0;7;0;1;0;1;13;A01
200900013235;0;2;0;0;2;1;1;B01
200900013235;0;7;0;0;2;7;15;A01
200900013236;0;37;12;0;1;1;7;A01
200900013237;0;7;0;0;2;4;23;D01
200900013237;0;7;0;0;2;1;2;A01
200900013237;0;7;0;0;2;4;23;C01
200900013237;0;7;0;0;2;4;23;B01
200900013238;0;7;0;0;2;3;1;B01
200900013238;0;7;0;0;2;1;19;A01
200900013239;0;7;0;0;2;3;1;B02
200900013239;0;7;0;0;2;3;13;A01
200900013240;0;7;0;0;2;1;13;A01
200900013240;0;7;0;0;2;1;1;B02
200900013241;0;38;2;0;2;1;1;B01
200900013241;0;7;0;0;2;1;16;A01
200900013242;0;7;0;0;2;2;15;A01
200900013242;0;2;0;0;2;1;1;B01
200900013243;0;7;0;0;2;6;1;B01
200900013243;0;2;0;0;2;1;1;A01
200900013244;0;7;0;0;2;3;1;A01
200900013244;0;2;0;0;2;1;1;B01
200900013245;0;2;0;0;0;1;1;B02
200900013245;0;7;0;0;0;3;19;A01
200900013246;0;7;0;0;0;8;1;B01
200900013246;0;7;0;0;2;1;16;A01
200900013247;0;7;0;0;1;4;20;A01
200900013248;0;30;0;0;2;1;1;B01
200900013248;0;7;0;0;0;8;15;A01
200900013249;0;17;0;0;2;1;1;A01
200900013249;0;7;0;0;2;1;13;B01
200900013250;0;7;0;0;1;1;1;A01
200900013251;0;7;0;8;2;2;1;B01
200900013251;0;7;0;0;2;1;1;A01
200900013252;0;33;0;0;0;1;1;A01
200900013253;0;7;0;0;0;0;23;C03
200900013253;0;7;0;0;9;2;16;A01
200900013253;0;1;0;0;2;2;1;B02
200900013254;0;7;0;0;2;2;13;A01
200900013254;0;7;0;0;2;2;13;B02
200900013255;0;7;0;13;0;8;1;A01
200900013256;0;7;0;0;1;1;1;A01
200900013257;0;7;0;3;0;2;1;A01
200900013258;0;7;0;0;0;8;1;D04
200900013258;0;7;0;0;2;3;1;B02
200900013258;0;7;0;0;2;3;1;C03
200900013258;0;33;0;0;2;1;17;A01
200900013259;0;30;0;0;2;1;17;A01
200900013259;0;7;0;0;2;3;15;B01
200900013260;0;7;0;0;2;2;1;B02
200900013260;0;2;0;0;2;1;13;A01
200900013261;0;33;0;0;2;1;1;C01
200900013261;0;7;0;0;2;4;1;B01
200900013261;0;15;0;0;2;4;19;A01
200900013262;0;7;0;0;1;1;2;A01
200900013263;0;38;15;0;1;1;1;A01
200900013264;0;7;0;0;2;1;13;A01
200900013264;0;7;0;0;2;3;1;B02
200900013265;0;7;0;0;2;7;15;A01
200900013265;0;2;0;0;2;1;1;B02
200900013266;0;30;0;0;2;8;11;B01
200900013266;1;7;0;0;2;0;0;A01
200900013267;0;7;0;0;1;7;1;A01
200900013268;0;7;0;0;2;3;1;B02
200900013268;0;7;0;0;2;1;2;C03
200900013268;0;7;0;0;2;3;13;A01
200900013269;0;30;0;0;2;1;1;A01
200900013269;0;7;0;0;0;8;15;B01
200900013270;0;7;0;0;2;3;1;B02
200900013270;0;7;0;0;2;1;13;A01
200900013271;0;30;0;16;0;0;14;A01
200900013272;0;30;0;0;2;1;1;A01
200900013272;0;38;1;0;2;8;1;B02
200900013273;0;7;0;0;1;2;1;A01
200900013274;0;7;0;0;2;4;1;C01
200900013274;0;7;0;0;2;1;1;A01
200900013274;0;7;0;0;2;4;1;B01
200900013275;0;7;0;0;2;4;1;B01
200900013275;0;7;0;0;2;1;1;A01
200900013276;0;7;0;0;2;2;15;A01
200900013276;0;1;0;0;2;1;1;B01
200900013277;0;33;0;0;2;1;1;B01
200900013277;0;7;0;0;2;3;15;A01
200900013278;0;2;0;12;0;2;14;A01
200900013279;0;7;0;0;2;5;11;A01
200900013279;0;2;0;0;2;1;1;B01
200900013280;0;33;0;0;0;8;1;A01
200900013281;0;33;0;0;2;8;1;A01
200900013281;0;7;0;0;2;2;1;B01
200900013282;0;1;0;1;0;1;1;B01
200900013282;0;7;0;0;2;8;22;A01
200900013283;0;7;0;0;1;2;1;A01
200900013284;0;2;0;12;0;2;14;A01
200900013285;0;7;0;0;2;4;1;B01
200900013285;0;38;1;0;2;1;1;A01
200900013286;0;33;0;0;0;8;1;A01
200900013287;0;30;0;0;0;8;1;A01
200900013288;0;30;0;0;2;8;9;A01
200900013288;0;7;0;0;2;3;1;B01
200900013289;0;7;0;0;2;2;1;A01
200900013289;0;1;0;0;2;4;15;B01
200900013290;0;30;0;0;0;0;1;A01
200900013291;0;2;0;12;0;1;1;A01
200900013292;0;10;0;2;2;2;1;A01
200900013292;0;7;0;0;2;3;19;B02
200900013293;0;7;0;0;2;2;13;A01
200900013293;0;7;0;0;2;3;1;B02
200900013294;0;14;0;0;2;2;19;B02
200900013294;0;7;0;15;2;8;1;A01
200900013295;0;1;0;0;9;1;2;A01
200900013295;0;1;0;0;9;4;2;B02
200900013296;0;33;0;9;0;1;1;A01
200900013297;0;7;0;13;0;3;1;A01
200900013298;0;7;0;8;0;2;1;A01
200900013299;0;7;0;2;0;1;13;A01
200900013300;0;7;0;0;0;3;16;A01
200900013300;0;7;0;0;0;1;1;B02
200900013301;0;7;0;0;2;3;1;A01
200900013301;0;7;0;0;2;2;1;B02
200900013302;0;7;0;0;2;0;13;A01
200900013302;0;7;0;0;2;3;1;B02
200900013303;0;7;0;0;2;7;1;A01
200900013303;0;7;0;0;2;1;9;B02
200900013304;0;7;0;6;0;1;17;B02
200900013304;0;7;0;0;2;3;17;A01
200900013305;0;34;0;0;2;1;13;A01
200900013305;0;7;0;0;2;3;13;B02
200900013306;0;2;0;0;2;1;1;A01
200900013306;0;21;0;0;2;4;23;B02
200900013307;0;30;0;0;0;8;1;A01
200900013308;0;7;0;0;2;2;1;A01
200900013308;0;7;0;0;2;3;19;B02
200900013309;0;10;0;0;2;3;13;A01
200900013309;0;10;0;0;2;3;1;B02
200900013310;0;7;0;2;0;3;1;A01
200900013311;0;7;0;0;2;1;1;B02
200900013311;0;7;0;0;2;1;17;A01
200900013312;0;10;0;0;2;1;1;A01
200900013312;0;7;0;0;2;3;0;B02
200900013313;0;13;0;0;2;8;10;B02
200900013313;0;7;0;0;2;1;17;A01
200900013314;0;7;0;0;2;4;1;A01
200900013314;0;33;0;0;2;1;16;B02
200900013315;0;7;0;0;2;3;15;A01
200900013315;0;33;0;0;2;1;1;B02
200900013316;0;10;0;13;0;1;13;A01
200900013317;0;14;0;0;2;4;21;A01
200900013317;0;14;0;0;2;1;1;B02
200900013318;0;30;0;0;0;1;1;A01
200900013319;0;7;0;0;2;3;1;B02
200900013319;0;1;0;0;2;1;19;A01
200900013320;0;7;0;0;2;1;1;B02
200900013320;0;10;0;0;2;3;13;A01
200900013321;0;10;0;0;0;8;15;B01
200900013321;0;2;0;0;2;1;17;A01
200900013322;0;7;0;0;2;1;2;A01
200900013322;0;7;0;0;0;4;1;B01
200900013323;0;2;0;0;2;1;1;B01
200900013323;0;7;0;0;2;1;9;A01
200900013324;0;33;0;12;0;1;1;A01
200900013325;0;2;0;0;2;1;1;A01
200900013325;0;7;0;0;2;4;23;B01
200900013326;0;30;0;0;2;1;0;A01
200900013326;0;7;0;0;2;3;0;B01
200900013327;0;7;0;0;0;0;1;A01
200900013328;0;2;0;0;0;7;1;A01
200900013329;0;30;0;0;0;7;1;A01
200900013330;0;30;0;0;0;0;0;A01
200900013331;0;7;0;0;1;1;1;A01
200900013332;0;1;0;0;2;8;19;A01
200900013332;0;7;0;0;2;1;1;B01
200900013333;0;7;0;0;2;2;1;B01
200900013333;0;7;0;0;2;7;1;A01
200900013334;0;30;0;0;0;0;0;A01
200900013335;0;30;0;0;2;7;1;B01
200900013335;0;7;0;0;2;8;15;A01
200900013336;0;33;0;0;2;8;1;A01
200900013336;0;7;0;0;2;4;15;B01
200900013337;0;7;0;0;2;1;1;A01
200900013337;0;7;0;0;2;2;1;B01
200900013338;0;30;0;0;0;7;1;A01
200900013339;0;2;0;1;0;0;0;A01
200900013340;0;7;0;0;2;4;1;B01
200900013340;0;2;0;0;2;1;1;A01
200900013341;0;7;0;0;2;1;1;B01
200900013341;0;7;0;0;2;4;12;A01
200900013342;0;7;0;0;2;1;1;A01
200900013342;0;7;0;0;2;4;1;C01
200900013342;0;7;0;0;2;4;1;B01
200900013343;0;7;0;0;2;1;1;A01
200900013343;0;7;0;0;2;4;1;B01
200900013344;0;7;0;3;0;8;1;A01
200900013345;0;7;0;0;2;1;13;A01
200900013345;0;7;0;0;2;3;1;B01
200900013346;0;7;0;0;2;1;1;A01
200900013346;0;7;0;0;2;5;1;B01
200900013347;0;17;0;0;0;8;1;A01
200900013348;0;7;0;0;2;3;1;B02
200900013349;1;14;0;0;1;0;1;A01
200900013350;0;31;0;0;0;0;0;A01
200900013351;0;7;0;0;1;3;15;A01
200900013352;1;7;0;0;1;1;1;A01
200900013353;0;33;0;0;2;1;1;B01
200900013353;0;14;0;0;0;6;15;A01
200900013354;0;30;0;0;2;1;1;B01
200900013354;0;7;0;0;2;3;16;A01
200900013355;0;7;0;0;2;4;1;C01
200900013355;0;7;0;0;2;1;1;A01
200900013355;0;7;0;0;2;4;1;B01
200900013356;0;7;0;3;0;2;14;A01
200900013357;0;30;0;0;2;1;1;B01
200900013357;0;7;0;0;2;8;9;A01
200900013358;0;7;0;14;0;1;1;A01
200900013359;0;7;0;8;0;9;16;A01
200900013360;0;30;0;3;0;8;1;A01
200900013361;0;7;0;0;2;3;13;A01
200900013361;0;7;0;0;2;1;1;B01
200900013362;0;7;0;0;2;3;17;A01
200900013362;0;32;0;0;2;6;1;B01
200900013363;0;30;0;0;0;1;1;A01
200900013364;0;7;0;0;2;1;1;A01
200900013364;0;7;0;0;0;4;1;B01
200900013365;0;7;0;0;0;9;1;A01
200900013366;0;7;0;0;2;4;2;B01
200900013366;0;10;0;0;0;4;2;C01
200900013366;0;7;0;0;2;1;2;A01
200900013367;0;7;0;10;0;3;13;A01
200900013368;0;7;0;13;0;8;16;A01
200900013369;0;33;0;0;2;7;1;B02
200900013369;0;7;0;0;2;1;19;A01
200900013370;0;10;0;0;1;5;4;A01
200900013371;0;10;0;0;2;3;13;B02
200900013371;0;7;0;0;2;9;1;A01
200900013372;0;7;0;1;0;3;13;A01
200900013373;0;7;0;0;2;2;9;B02
200900013373;0;33;0;0;2;2;1;A01
200900013374;0;10;0;0;2;3;13;A01
200900013374;0;7;0;0;2;3;1;B02
200900013375;0;33;0;3;0;0;17;A01
200900013376;0;17;0;0;2;2;15;A01
200900013376;0;7;0;0;2;1;1;B02
200900013377;0;7;0;0;2;3;24;B01
200900013377;0;7;0;1;1;5;4;A01
200900013378;0;2;0;0;2;4;2;B01
200900013378;0;7;0;0;2;1;1;A01
200900013379;0;7;0;0;1;0;1;A01
200900013380;0;7;0;9;2;8;1;C03
200900013380;0;7;0;0;2;4;15;B02
200900013380;0;7;0;0;2;1;1;A01
200900013381;0;7;0;0;2;1;13;B02
200900013381;0;7;0;0;2;1;13;A01
200900013382;0;10;0;0;2;1;1;B02
200900013382;0;7;0;13;2;1;13;A01
200900013383;0;2;0;0;1;1;1;A01
200900013384;0;7;0;0;2;3;2;B01
200900013384;0;7;0;0;2;3;15;A01
200900013385;0;10;0;16;0;9;1;A01
200900013386;0;99;0;13;0;1;17;A01
200900013387;0;33;0;0;2;1;1;A01
200900013387;0;7;0;0;2;8;15;B02
200900013388;0;7;0;0;1;3;20;A01
200900013389;0;7;0;2;0;3;1;A01
200900013390;0;7;0;0;2;3;1;B01
200900013390;0;7;0;0;2;3;13;A01
200900013391;0;10;0;0;2;3;21;A01
200900013391;0;7;0;0;2;3;13;B02
200900013392;0;7;0;0;2;8;19;A01
200900013392;0;33;0;0;2;7;17;B02
200900013393;0;7;0;13;0;1;13;A01
200900013394;0;7;0;0;2;2;15;B02
200900013394;0;2;0;0;2;1;1;A01
200900013395;0;7;0;0;2;1;1;A01
200900013395;0;7;0;0;2;3;19;B02
200900013396;0;7;0;0;2;3;1;B02
200900013396;0;2;0;0;2;1;13;A01
200900013397;0;7;0;2;0;1;1;A01
200900013398;0;1;0;0;2;4;15;B02
200900013398;0;7;0;0;2;2;23;A01
200900013399;0;14;0;0;1;5;1;A01
200900013400;0;21;0;0;2;2;1;A01
200900013400;0;36;0;0;2;3;18;B02
200900013401;0;7;0;13;0;9;1;A01
200900013402;0;7;0;0;0;2;1;B02
200900013402;0;7;0;0;0;5;15;A01
200900013403;0;14;0;0;2;2;1;A01
200900013403;0;7;0;0;0;6;19;B02
200900013404;0;2;0;0;2;1;13;A01
200900013404;0;1;0;0;2;1;1;B02
200900013405;0;7;0;13;0;1;1;A01
200900013406;0;30;0;6;0;1;1;A01
200900013407;0;7;0;0;2;3;13;A01
200900013407;0;17;0;0;2;8;1;B02
200900013408;0;7;0;2;0;9;13;A01
200900013409;0;7;0;0;2;1;1;A01
200900013409;0;7;0;0;2;1;1;B02
200900013410;0;7;0;0;1;3;1;A01
200900013411;0;7;0;0;2;5;9;A01
200900013411;0;33;0;0;2;1;1;B02
200900013412;0;10;0;6;0;7;0;A01
200900013413;0;7;0;2;0;2;1;A01
200900013414;0;34;0;0;2;1;2;B02
200900013414;0;7;0;0;2;4;2;A01
200900013415;0;7;0;0;2;3;1;A01
200900013415;0;7;0;0;2;3;1;B02
200900013416;0;7;0;0;2;1;1;B02
200900013416;0;7;0;0;2;7;19;A01
200900013417;0;33;0;0;2;2;17;B02
200900013417;0;21;0;0;2;3;15;A01
200900013418;0;1;0;0;2;1;15;B02
200900013418;0;7;0;0;2;3;1;A01
200900013419;0;17;0;0;2;3;1;C01
200900013419;0;10;0;0;2;3;13;A01
200900013420;0;7;0;0;0;8;11;A01
200900013420;0;7;0;0;0;3;0;B02
200900013421;0;7;0;0;2;8;15;B02
200900013421;0;30;0;0;2;1;13;A01
200900013422;0;32;0;13;0;1;1;A01
200900013423;0;2;0;0;2;1;13;A01
200900013423;0;7;0;0;2;8;1;B02
200900013424;0;7;0;0;2;8;15;A01
200900013424;0;7;0;0;2;3;1;B02
200900013425;0;7;0;0;2;1;1;B02
200900013425;0;7;0;0;2;1;1;A01
200900013426;0;7;0;0;2;2;17;A01
200900013426;0;17;0;0;2;6;1;B02
200900013427;0;10;0;2;0;9;1;A01
200900013428;0;33;0;0;2;1;1;B02
200900013428;0;7;0;0;2;2;15;A01
200900013429;0;7;0;2;0;1;13;A01
200900013430;0;7;0;0;1;0;20;A01
200900013431;0;33;0;0;2;1;1;B02
200900013431;0;7;0;0;2;6;9;A01
200900013432;0;7;0;0;2;3;13;A01
200900013432;0;13;0;0;2;3;1;B02
200900013433;0;7;0;0;2;3;16;A01
200900013433;0;2;0;0;2;1;1;B01
200900013434;0;36;0;0;2;1;1;B02
200900013434;0;21;0;0;2;2;19;A01
200900013435;0;10;0;14;0;1;1;B02
200900013435;0;7;0;3;0;9;1;A01
200900013436;0;31;0;2;0;1;1;A01
200900013437;0;7;0;0;0;2;17;A01
200900013437;0;1;0;0;2;6;5;B02
200900013438;0;7;0;0;2;1;2;A01
200900013438;0;33;0;0;2;4;1;B02
200900013439;0;7;0;0;2;1;1;A01
200900013439;0;30;0;0;2;8;1;B01
200900013440;0;14;0;1;2;5;16;B02
200900013440;0;1;0;0;2;3;2;A01
200900013441;0;33;0;0;2;8;15;B02
200900013441;0;33;0;0;2;2;17;A01
200900013442;0;7;0;0;2;1;17;A01
200900013442;0;2;0;0;2;1;1;B02
200900013443;0;14;0;6;0;1;1;A01
200900013444;0;33;0;2;0;1;1;A01
200900013445;0;33;0;13;0;0;16;A01
200900013446;0;7;0;0;2;3;1;B02
200900013446;0;33;0;0;2;1;13;A01
200900013447;0;7;0;0;2;3;11;C03
200900013447;0;7;0;0;2;7;1;B02
200900013447;0;2;0;0;2;1;19;A01
200900013448;0;17;0;0;2;4;1;B02
200900013448;0;10;0;0;2;1;2;A01
200900013449;0;7;0;16;0;1;1;A01
200900013450;0;7;0;0;2;1;1;B02
200900013450;0;7;0;0;2;1;13;A01
200900013451;0;30;0;5;0;3;0;A01
200900013452;0;33;0;0;0;0;19;A01
200900013453;0;7;0;0;1;2;1;A01
200900013454;0;7;0;0;0;8;1;B02
200900013454;0;7;0;0;0;1;21;A01
200900013455;0;7;0;13;0;9;1;A01
200900013456;0;7;0;13;0;1;1;A01
200900013457;0;33;0;14;0;1;1;A01
200900013458;0;7;0;13;0;3;19;A01
200900013459;0;2;0;0;2;1;1;B01
200900013459;0;7;0;0;2;0;15;A01
200900013460;0;7;0;0;0;3;1;A01
200900013461;0;7;0;0;2;3;19;A01
200900013461;0;7;0;0;2;1;1;B02
200900013462;0;7;0;0;2;1;16;A01
200900013462;0;7;0;0;2;3;1;B02
200900013463;0;10;0;0;1;1;5;A01
200900013464;0;7;0;0;2;3;1;B02
200900013464;0;7;0;0;2;3;15;A01
200900013465;0;14;0;0;2;7;19;A01
200900013465;0;14;0;0;2;1;1;B02
200900013466;0;1;0;0;2;1;5;A01
200900013466;0;7;0;0;2;1;15;B02
200900013467;0;7;0;0;2;7;15;A01
200900013467;0;31;0;0;2;2;1;B02
200900013468;0;7;0;0;1;6;4;A01
200900013469;0;33;0;2;0;1;1;A01
200900013470;0;7;0;0;0;1;2;A01
200900013470;0;7;0;0;0;4;2;B02
200900013471;0;7;0;0;0;6;15;A01
200900013471;0;3;0;0;2;2;1;B02
200900013472;0;7;0;0;2;2;15;A01
200900013472;0;7;0;0;2;3;1;B02
200900013473;0;2;0;0;2;7;17;A01
200900013473;0;7;0;0;2;3;15;B02
200900013474;0;31;0;0;2;1;17;A01
200900013474;0;7;0;0;2;8;10;B02
200900013475;0;7;0;2;0;1;14;A01
200900013476;0;7;0;2;0;8;1;A01
200900013477;0;7;0;0;0;3;1;A01
200900013478;0;7;0;13;0;2;1;A01
200900013479;0;7;0;0;2;1;1;B02
200900013479;0;7;0;0;2;1;15;A01
200900013480;0;33;0;0;2;1;17;A01
200900013480;0;7;0;0;0;3;17;B02
200900013481;0;33;0;6;0;1;1;A01
200900013482;0;7;0;0;5;1;1;A01
200900013483;0;7;0;0;2;1;13;A01
200900013483;0;7;0;0;2;1;1;B02
200900013484;0;7;0;0;2;2;15;A01
200900013484;0;33;0;0;2;1;1;B02
200900013485;0;30;0;0;2;1;1;B01
200900013485;0;7;0;0;2;3;1;A01
200900013486;0;7;0;0;1;1;1;A01
200900013487;0;7;0;3;0;1;1;A01
200900013488;0;7;0;4;0;3;1;A01
200900013489;0;33;0;8;9;8;1;A01
200900013490;0;7;0;0;0;8;15;A01
200900013490;0;30;0;0;2;1;1;B02
200900013491;0;14;0;0;2;3;1;B02
200900013491;0;33;0;0;2;0;13;A01
200900013492;0;33;0;9;1;0;1;A01
200900013493;0;13;0;0;2;3;1;B02
200900013493;0;7;0;0;2;3;1;A01
200900013494;0;7;0;0;2;2;1;B02
200900013494;0;30;0;0;2;6;15;A01
200900013495;0;7;0;0;1;5;1;A01
200900013496;0;7;0;0;1;7;1;A01
200900013497;0;7;0;0;2;3;11;A01
200900013497;0;15;0;0;0;5;1;B02
200900013498;0;7;0;0;2;1;1;A01
200900013498;0;10;0;0;2;1;13;B02
200900013499;0;7;0;8;0;8;13;A01
200900013500;0;7;0;0;1;2;14;A01
200900013501;0;30;0;0;0;0;1;A01
200900013502;0;7;0;0;2;3;1;B01
200900013502;0;2;0;0;0;4;23;C01
200900013502;0;7;0;6;2;1;15;A01
200900013503;0;7;0;0;1;3;1;A01
200900013504;0;33;0;0;2;1;13;A01
200900013504;0;7;0;0;2;3;1;B02
200900013505;0;30;0;0;2;1;17;A01
200900013505;0;7;0;0;2;3;1;B01
200900013506;0;32;0;0;1;1;0;A01
200900013507;0;7;0;15;0;1;1;A01
200900013508;0;10;0;0;2;2;1;A01
200900013508;0;7;0;0;2;4;1;B01
200900013509;0;7;0;0;2;1;2;A01
200900013509;0;15;0;0;2;4;23;B02
200900013510;0;7;0;0;2;1;2;A01
200900013510;0;7;0;0;2;4;2;C01
200900013510;0;7;0;0;2;4;23;B01
200900013511;0;33;0;0;0;0;1;A01
200900013512;0;7;0;0;2;3;15;A01
200900013512;0;33;0;0;2;1;1;B01
200900013513;0;33;0;0;2;1;1;A01
200900013513;0;10;0;0;2;8;15;B02
200900013514;0;33;0;0;0;8;1;A01
200900013515;0;7;0;2;0;1;1;A01
200900013516;0;21;0;0;2;3;1;B02
200900013516;0;10;0;0;2;2;16;A01
200900013517;0;7;0;0;2;3;1;B02
200900013517;0;31;0;0;2;1;1;A01
200900013518;0;14;0;0;2;2;1;A01
200900013518;0;7;0;0;0;4;23;B02
200900013519;0;33;0;0;0;0;1;B02
200900013519;0;33;0;0;0;0;1;A01
200900013520;0;7;0;0;1;2;1;A01
200900013521;0;7;0;0;1;2;1;A01
200900013522;0;7;0;0;1;1;1;A01
200900013523;0;7;0;0;2;2;15;A01
200900013523;0;7;0;0;2;4;1;B01
200900013524;0;7;0;0;0;2;16;A01
200900013524;0;1;0;0;2;1;0;B01
200900013525;1;7;0;0;1;1;1;A01
200900013526;0;33;0;0;2;8;1;B01
200900013526;0;7;0;0;0;8;1;A01
200900013527;0;7;0;0;1;7;15;A01
200900013528;0;7;0;0;2;4;1;B01
200900013528;0;7;0;0;2;1;1;A01
200900013529;0;7;0;0;2;1;15;A01
200900013529;0;7;0;0;2;1;1;B01
200900013530;0;7;0;0;1;2;1;A01
200900013531;0;33;0;0;2;0;1;A01
200900013531;0;33;0;0;0;1;9;B01
200900013532;0;1;0;0;2;1;19;A01
200900013532;0;33;0;0;0;1;1;B01
200900013533;0;30;0;0;0;1;1;B01
200900013533;0;7;0;0;2;3;15;A01
200900013534;0;30;0;12;0;0;1;A01
200900013535;0;7;0;0;2;3;2;A01
200900013535;0;7;0;0;2;3;13;B02
200900013536;0;7;0;8;0;5;0;A01
200900013537;0;7;0;8;0;2;1;A01
200900013538;0;7;0;;;3;1;B02
200900013538;2;33;0;;1;1;17;A01
200900013539;0;30;0;0;2;1;17;A01
200900013540;0;33;0;0;0;8;1;A01
200900013541;0;2;0;0;2;3;13;B02
200900013541;0;14;0;0;2;8;1;A01
200900013542;0;33;0;16;0;1;17;A01
200900013543;0;2;0;0;2;8;19;A01
200900013543;0;33;0;0;2;1;1;C03
200900013543;0;33;0;0;2;1;1;B02
200900013544;0;33;0;0;0;7;0;A01
200900013545;0;31;0;0;2;1;1;B02
200900013545;0;10;0;0;2;5;15;A01
200900013546;0;2;0;0;;0;;A01
200900013547;0;7;0;0;2;3;1;B02
200900013547;0;7;0;0;2;1;13;A01
200900013548;0;33;0;1;0;1;0;A01
200900013549;0;31;0;0;2;7;1;A01
200900013549;0;7;0;0;2;1;19;B02
200900013550;0;31;0;13;0;1;1;A01
200900013551;0;1;0;0;2;5;13;A01
200900013551;0;14;0;0;2;3;1;B02
200900013552;0;7;0;0;9;8;1;A01
200900013552;0;1;0;0;2;1;16;B02
200900013553;0;2;0;0;0;0;1;A01
200900013554;0;7;0;0;2;3;19;B02
200900013554;0;30;0;0;2;1;1;A01
200900013555;0;2;0;0;2;1;17;A01
200900013555;0;7;0;0;2;3;1;C03
200900013555;0;2;0;0;2;1;21;B02
200900013556;0;7;0;0;2;1;1;B02
200900013556;0;33;0;0;2;1;5;A01
200900013557;0;7;0;2;0;9;1;A01
200900013558;0;7;0;0;2;1;1;B02
200900013558;0;7;0;0;0;1;0;A01
200900013559;0;10;0;6;0;9;14;A01
200900013560;0;32;0;0;2;1;1;B01
200900013560;0;7;0;0;2;7;15;A01
200900013561;0;7;0;0;2;2;1;B02
200900013561;0;33;0;0;2;2;1;A01
200900013562;0;33;0;7;0;1;1;A01
200900013563;0;7;0;0;2;2;15;A01
200900013563;0;32;0;0;0;1;1;B02
200900013564;0;7;0;;1;1;1;A01
200900013565;0;10;0;13;0;1;1;A01
200900013566;0;7;0;0;2;4;23;A01
200900013566;0;31;0;14;0;1;1;B02
200900013567;0;31;0;0;2;1;1;B01
200900013567;0;7;0;0;2;6;15;A01
200900013568;0;7;0;2;0;0;19;A01
200900013569;0;7;0;0;2;3;13;A01
200900013569;0;7;0;0;2;3;1;B02