num_acc;senc;catv;occutc;obs;obsm;choc;manv;num_veh
200900013570;0;3;0;0;2;2;13;B02
200900013570;0;14;0;0;2;3;1;A01
200900013571;0;7;0;0;2;1;13;A01
200900013571;0;7;0;0;2;3;1;B02
200900013572;0;7;0;0;2;3;1;B01
200900013572;0;7;0;0;2;2;1;A01
200900013573;0;33;0;0;2;1;1;A01
200900013573;0;7;0;0;2;3;15;B01
200900013574;0;7;0;0;9;3;1;B01
200900013574;0;1;0;0;2;1;16;A01
200900013575;0;7;0;0;1;4;20;A01
200900013576;0;17;0;8;0;1;1;A01
200900013577;0;33;0;0;6;8;21;A01
200900013578;0;7;0;0;0;3;17;A01
200900013578;0;33;0;0;0;1;1;B02
200900013579;0;33;0;0;2;1;1;A01
200900013579;0;7;0;0;0;8;15;B02
200900013580;0;2;0;0;2;1;1;C03
200900013580;0;7;0;0;2;7;1;A01
200900013580;0;10;0;0;2;1;1;B02
200900013581;0;7;0;0;2;8;13;A01
200900013581;0;7;0;0;2;1;1;B02
200900013582;0;33;0;16;0;9;13;A01
200900013583;0;32;0;0;6;2;1;A01
200900013584;0;2;0;0;1;0;1;A01
200900013585;0;7;0;2;0;1;13;A01
200900013586;0;7;0;0;0;6;1;A01
200900013586;0;7;0;0;0;3;1;B02
200900013587;0;7;0;0;2;6;2;B01
200900013587;0;7;0;0;2;2;2;A01
200900013588;0;31;0;10;0;7;1;A01
200900013589;0;10;0;0;0;4;15;A01
200900013589;0;31;0;0;2;1;2;B02
200900013590;0;33;0;11;0;1;1;A01
200900013591;0;7;0;0;2;1;2;A01
200900013591;0;7;0;0;2;4;2;B01
200900013591;0;7;0;0;2;4;2;C01
200900013592;0;2;0;0;2;1;17;B01
200900013592;0;10;0;0;2;3;19;A01
200900013593;0;10;0;0;1;4;4;A01
200900013594;1;7;0;0;9;8;15;A01
200900013594;0;1;0;0;2;8;0;B01
200900013595;0;7;0;0;2;8;1;B02
200900013595;0;7;0;0;2;1;1;C03
200900013595;0;7;0;0;2;2;13;A01
200900013596;0;7;0;0;1;4;4;A01
200900013597;0;33;0;13;0;8;1;A01
200900013598;0;33;0;0;2;0;1;A01
200900013599;0;7;0;0;2;6;4;A01
200900013599;0;2;0;0;2;1;1;B02
200900013600;0;7;0;0;2;1;13;A01
200900013600;0;17;0;0;2;3;1;B02
200900013601;0;33;0;0;2;1;17;B02
200900013601;0;7;0;0;2;2;19;A01
200900013602;0;7;0;0;2;1;13;A01
200900013602;0;7;0;0;2;1;21;B02
200900013603;0;7;0;0;2;2;1;B02
200900013603;0;30;0;0;2;1;19;A01
200900013604;0;7;0;0;2;8;0;B02
200900013604;0;7;0;0;2;3;13;A01
200900013605;0;7;0;10;0;1;15;A01
200900013606;0;30;0;0;0;0;0;A01
200900013607;0;33;0;0;2;4;13;A01
200900013607;0;7;0;0;2;3;1;B02
200900013608;0;10;0;0;0;9;1;A01
200900013609;0;7;0;0;1;4;24;A01
200900013609;0;7;0;1;0;1;2;B02
200900013610;0;30;0;6;0;3;1;A01
200900013611;0;7;0;0;2;3;1;A01
200900013611;0;7;0;0;2;3;1;B02
200900013612;0;33;0;0;2;1;13;A01
200900013612;0;33;0;0;2;3;1;B02
200900013613;0;7;0;0;2;1;1;B02
200900013613;0;7;0;0;2;8;19;A01
200900013614;0;2;0;0;2;1;9;A01
200900013614;0;7;0;0;2;3;15;B01
200900013615;0;7;0;0;2;2;1;B02
200900013615;0;7;0;0;2;3;13;A01
200900013616;0;38;10;0;2;1;1;A01
200900013616;0;7;0;0;2;8;19;B02
200900013617;0;30;0;0;0;1;1;A01
200900013618;0;7;0;0;2;3;1;B02
200900013618;0;1;0;0;2;8;1;D04
200900013618;0;7;0;13;2;3;17;A01
200900013618;0;7;0;0;2;6;1;C03
200900013619;0;7;0;13;0;7;13;A01
200900013620;0;7;0;0;2;1;19;A01
200900013620;0;14;0;0;2;1;1;B01
200900013621;0;30;0;0;2;8;19;A01
200900013621;0;7;0;0;2;1;1;B01
200900013622;0;2;0;0;2;1;1;A01
200900013622;0;7;0;0;2;5;19;B01
200900013623;0;7;0;13;2;1;1;A01
200900013623;0;7;0;0;2;2;1;B01
200900013624;0;7;0;4;0;3;13;A01
200900013625;0;7;0;0;2;3;9;A01
200900013625;0;30;0;0;2;1;1;B01
200900013626;0;7;0;0;2;1;2;A01
200900013626;0;7;0;0;2;4;1;B01
200900013627;0;7;0;2;2;3;1;B01
200900013627;0;7;0;0;2;1;15;A01
200900013628;0;7;0;4;0;2;14;A01
200900013629;0;30;0;0;2;1;1;B01
200900013629;0;10;0;0;2;3;9;A01
200900013630;0;7;0;13;0;3;13;A01
200900013631;0;7;0;0;2;1;1;B01
200900013631;0;2;0;0;2;2;1;A01
200900013632;0;7;0;6;0;2;14;A01
200900013633;0;7;0;0;2;1;1;B01
200900013633;0;7;0;0;2;3;9;A01
200900013634;0;7;0;0;2;8;9;B01
200900013634;0;2;0;0;2;1;17;A01
200900013635;0;7;0;0;2;7;15;A01
200900013635;0;30;0;0;2;1;1;B01
200900013636;0;7;0;0;2;2;15;A01
200900013636;0;7;0;0;2;1;1;B01
200900013637;0;30;0;0;2;1;1;A01
200900013637;0;7;0;0;2;8;9;B01
200900013638;0;7;0;0;2;1;1;A01
200900013638;0;7;0;0;2;8;1;B01
200900013639;0;7;0;0;1;8;1;A01
200900013640;0;7;0;0;2;3;9;A01
200900013640;0;1;0;0;2;1;1;B01
200900013641;0;7;0;0;1;7;1;A01
200900013642;0;7;0;0;0;1;9;A01
200900013643;0;7;0;0;2;1;15;A01
200900013643;0;31;0;0;2;1;1;B01
200900013644;0;7;0;0;1;1;1;A01
200900013645;0;7;0;13;0;2;14;A01
200900013646;0;7;0;14;0;2;14;A01
200900013647;0;7;0;15;0;2;14;A01
200900013648;0;7;0;0;2;3;1;A01
200900013648;0;2;0;0;0;4;1;C01
200900013648;0;7;0;0;2;4;1;B01
200900013649;0;7;0;0;9;2;1;A01
200900013649;0;1;0;0;0;4;1;B01
200900013650;0;7;0;13;0;1;1;A01
200900013651;0;30;0;0;2;1;1;A01
200900013651;0;10;0;0;2;2;19;B01
200900013652;0;7;0;0;2;3;13;A01
200900013652;0;7;0;0;2;3;1;B01
200900013653;0;7;0;0;2;1;1;B01
200900013653;0;7;0;0;2;7;13;A01
200900013654;0;7;0;0;2;7;1;B01
200900013654;0;7;0;0;2;3;9;A01
200900013655;0;7;0;1;0;2;14;A01
200900013656;0;7;0;0;1;2;1;A01
200900013657;0;7;0;0;2;8;13;A01
200900013657;0;7;0;4;2;9;2;B02
200900013658;0;7;0;8;0;3;13;A01
200900013659;0;7;0;0;1;3;1;A01
200900013660;0;7;0;0;1;2;1;A01
200900013661;0;7;0;0;2;2;2;A01
200900013661;0;7;0;0;2;6;2;B01
200900013662;0;7;0;0;2;7;15;A01
200900013662;0;7;0;0;2;1;2;B01
200900013663;0;7;0;0;2;1;1;A01
200900013663;0;7;0;0;2;1;1;B01
200900013664;0;7;0;0;2;4;23;C01
200900013664;0;7;0;0;2;1;1;A01
200900013664;0;7;0;0;2;9;1;B01
200900013665;0;7;0;0;2;6;9;B01
200900013665;0;7;0;0;2;1;1;A01
200900013666;0;7;0;0;2;1;2;A01
200900013666;0;7;0;4;0;4;2;B01
200900013666;0;7;0;0;2;6;23;C01
200900013666;0;7;0;0;2;4;23;D01
200900013667;0;2;0;0;0;7;15;B01
200900013667;0;7;0;0;2;1;9;A01
200900013668;0;7;0;0;1;2;1;A01
200900013669;0;7;0;0;2;3;13;A01
200900013669;0;7;0;0;2;3;1;B01
200900013670;0;7;0;8;0;9;1;A01
200900013671;0;7;0;0;0;4;2;B01
200900013671;0;7;0;0;2;1;2;A01
200900013672;0;7;0;0;1;3;16;A01
200900013673;0;7;0;0;2;1;1;A01
200900013673;0;7;0;0;2;8;1;B01
200900013674;0;7;0;0;2;3;11;A01
200900013674;1;7;0;0;0;0;17;D01
200900013674;0;7;0;0;2;7;2;B01
200900013674;0;7;0;0;2;6;23;C01
200900013675;0;7;0;0;1;4;20;A01
200900013676;0;10;0;0;2;5;1;A01
200900013676;0;7;0;0;0;4;1;D01
200900013676;0;7;0;0;2;2;1;E01
200900013676;0;7;0;0;2;1;1;B01
200900013676;0;7;0;0;2;4;1;C01
200900013677;0;7;0;0;2;3;9;A01
200900013677;0;1;0;0;2;1;1;B01
200900013678;0;2;0;0;2;1;1;A01
200900013678;0;7;0;0;2;3;15;B01
200900013679;0;7;0;0;2;1;1;A01
200900013679;0;7;0;0;2;8;15;B01
200900013680;0;7;0;0;1;1;15;A01
200900013681;0;7;0;0;2;1;1;A01
200900013681;0;2;0;0;2;3;13;B01
200900013682;0;7;0;4;2;8;0;A01
200900013682;0;7;0;0;2;1;1;B01
200900013683;0;7;0;4;0;1;21;A01
200900013684;0;2;0;0;2;1;1;B01
200900013684;0;7;0;0;2;2;15;A01
200900013685;0;7;0;0;2;4;1;A01
200900013685;0;7;0;0;0;4;1;B01
200900013685;0;7;0;0;0;4;1;C01
200900013686;0;33;0;0;0;8;12;A01
200900013687;1;7;0;0;0;0;0;A01
200900013688;0;7;0;15;0;2;1;A01
200900013689;0;37;2;0;2;4;23;B01
200900013689;0;7;0;0;2;1;1;A01
200900013690;0;7;0;4;2;1;2;A01
200900013690;0;7;0;0;0;8;2;B01
200900013691;0;7;0;0;2;4;1;B01
200900013691;0;7;0;0;2;1;1;A01
200900013692;0;10;0;0;2;2;1;B01
200900013692;0;7;0;0;2;1;1;A01
200900013693;0;7;0;0;1;2;15;A01
200900013694;0;7;0;0;2;3;13;A01
200900013694;0;7;0;0;2;3;1;B02
200900013695;0;7;0;0;2;3;1;C01
200900013695;0;7;0;14;2;2;2;A01
200900013695;0;7;0;0;2;6;2;B01
200900013696;0;7;0;0;2;0;1;A01
200900013696;0;7;0;0;2;0;1;B01
200900013697;0;2;0;0;2;1;15;B01
200900013697;0;7;0;0;2;3;16;A01
200900013698;0;7;0;0;1;2;1;A01
200900013699;0;7;0;0;2;4;2;B01
200900013699;0;7;0;0;2;1;2;A01
200900013700;0;7;0;0;2;3;9;A01
200900013700;0;7;0;0;2;2;1;B01
200900013701;0;7;0;3;0;3;0;A01
200900013702;0;7;0;0;2;1;6;A01
200900013702;0;7;0;0;2;3;23;B01
200900013703;0;7;0;0;1;0;15;A01
200900013704;0;30;0;0;2;1;1;B02
200900013704;0;7;0;0;2;3;15;A01
200900013705;0;34;0;0;2;5;17;A01
200900013705;0;7;0;0;2;3;15;B01
200900013706;0;7;0;0;1;2;1;A01
200900013707;0;10;0;0;2;4;15;B01
200900013707;0;7;0;0;2;1;1;A01
200900013708;0;7;0;1;0;2;1;A01
200900013709;0;34;0;0;2;8;1;B01
200900013709;0;7;0;0;2;1;13;A01
200900013710;0;7;0;0;2;7;1;B01
200900013710;0;7;0;0;2;3;16;A01
200900013711;0;33;0;0;2;2;3;A01
200900013711;0;7;0;0;0;6;11;B01
200900013712;0;7;0;2;0;8;2;A01
200900013713;0;33;0;3;0;2;1;A01
200900013714;0;7;0;0;2;4;23;B01
200900013714;0;7;0;0;2;4;23;C01
200900013714;0;7;0;0;2;1;2;A01
200900013715;0;7;0;0;0;2;13;B02
200900013715;0;7;0;0;0;2;1;A01
200900013716;0;7;0;0;0;4;2;B01
200900013716;0;10;0;0;2;1;2;A01
200900013717;0;7;0;0;2;6;11;A01
200900013717;0;33;0;0;2;7;2;B01
200900013718;0;7;0;0;2;1;1;A01
200900013718;0;1;0;0;2;6;13;B01
200900013719;0;14;0;4;0;6;9;A01
200900013720;0;7;0;0;2;2;1;A01
200900013720;0;1;0;0;2;1;5;B01
200900013721;0;7;0;0;1;1;15;A01
200900013722;0;7;0;13;0;1;0;A01
200900013723;0;7;0;0;1;1;1;A01
200900013724;0;7;0;0;1;2;15;A01
200900013725;0;7;0;0;2;1;1;A01
200900013725;0;7;0;0;2;1;1;B02
200900013726;0;7;0;13;0;3;0;A01
200900013727;0;10;0;4;0;3;0;A01
200900013728;0;7;0;0;1;1;1;A01
200900013729;0;30;0;0;0;2;1;A01
200900013730;0;10;0;0;2;1;1;B02
200900013730;0;7;0;0;2;1;17;A01
200900013730;0;38;1;0;0;3;2;C03
200900013731;0;7;0;0;0;4;2;F02
200900013731;0;7;0;0;2;1;2;A01
200900013731;0;7;0;0;2;4;2;C01
200900013731;0;7;0;0;2;1;2;B01
200900013731;0;7;0;0;2;4;2;E01
200900013731;0;7;0;0;2;4;2;D01
200900013732;0;10;0;0;2;3;23;B01
200900013732;0;7;0;0;2;6;2;C01
200900013732;0;7;0;0;2;4;2;E01
200900013732;0;7;0;1;2;1;1;A01
200900013733;0;7;0;0;2;1;1;B01
200900013733;0;7;0;0;2;1;13;A01
200900013734;0;7;0;0;1;3;1;A01
200900013735;0;7;0;0;1;1;15;A01
200900013736;0;10;0;4;2;7;11;A01
200900013736;0;10;0;0;2;8;1;B01
200900013737;0;7;0;13;0;3;1;A01
200900013738;0;7;0;5;0;1;21;A01
200900013739;0;7;0;4;0;2;0;A01
200900013740;0;7;0;3;0;2;1;A01
200900013741;0;7;0;3;0;3;16;A01
200900013742;0;7;0;0;2;1;2;C01
200900013742;0;15;0;0;2;5;2;B01
200900013742;0;7;0;0;2;1;9;A01
200900013743;0;7;0;0;1;1;17;A01
200900013744;0;32;0;0;1;7;1;A01
200900013745;0;30;0;0;2;2;9;A01
200900013745;0;7;0;0;2;2;16;B01
200900013746;0;30;0;0;0;4;1;B01
200900013746;0;7;0;0;2;2;14;A01
200900013747;0;15;0;0;2;8;23;C01
200900013747;0;7;0;0;2;3;15;A01
200900013747;0;33;0;0;2;1;2;B01
200900013748;0;33;0;0;0;8;1;A01
200900013749;0;7;0;0;2;1;1;A01
200900013749;0;7;0;0;2;4;1;C01
200900013749;0;7;0;0;2;4;1;B01
200900013750;0;33;0;6;0;1;1;A01
200900013751;0;33;0;0;2;0;21;B01
200900013751;0;7;0;0;2;0;17;A01
200900013752;0;7;0;0;0;2;17;A01
200900013752;0;30;0;0;2;1;1;B02
200900013753;0;14;0;0;2;3;1;A01
200900013753;0;7;0;0;2;3;13;B02
200900013754;0;7;0;0;2;4;4;A01
200900013754;0;30;0;0;2;1;1;B01
200900013755;0;10;0;0;0;8;10;A01
200900013755;0;15;0;0;2;3;1;B02
200900013756;0;7;0;0;2;2;19;A01
200900013756;0;30;0;0;2;1;1;B01
200900013757;0;7;0;3;2;1;0;C01
200900013757;0;7;0;0;2;5;12;A01
200900013757;0;7;0;0;2;3;1;B01
200900013757;0;7;0;0;9;3;0;D01
200900013758;0;10;0;0;1;1;1;A01
200900013759;0;33;0;0;0;8;1;A01
200900013760;0;7;0;0;0;8;1;B01
200900013760;0;1;0;0;2;7;13;A01
200900013761;0;3;0;0;2;7;15;B01
200900013761;0;15;0;0;2;1;1;A01
200900013762;0;7;0;0;1;3;1;A01
200900013763;0;7;0;0;1;3;15;A01
200900013764;0;7;0;0;2;5;15;A01
200900013764;0;2;0;0;2;1;1;B01
200900013765;0;7;0;0;2;2;1;B01
200900013765;0;10;0;0;2;2;15;A01
200900013766;0;7;0;14;0;1;6;A01
200900013767;0;7;0;4;0;9;12;A01
200900013768;0;33;0;0;0;8;11;A01
200900013769;0;33;0;0;2;1;1;B01
200900013769;0;10;0;0;2;8;9;A01
200900013770;0;7;0;0;0;1;0;A01
200900013771;0;7;0;0;2;2;2;A01
200900013771;0;7;0;0;2;0;2;B01
200900013772;0;7;0;0;1;2;1;A01
200900013773;0;7;0;0;0;0;1;A01
200900013774;0;7;0;0;0;0;1;A01
200900013775;0;32;0;0;2;0;1;B01
200900013775;0;31;0;0;2;0;1;C01
200900013775;0;7;0;14;2;0;1;A01
200900013776;0;7;0;0;2;3;15;B01
200900013776;0;30;0;0;2;2;17;A01
200900013777;0;7;0;0;2;1;0;B02
200900013777;0;7;0;0;2;1;1;A01
200900013777;0;7;0;0;2;3;0;C03
200900013778;0;7;0;0;1;0;0;A01
200900013779;0;7;0;0;2;1;2;A01
200900013779;0;7;0;0;2;4;2;B01
200900013779;0;7;0;0;1;3;2;C01
200900013780;0;7;0;6;0;5;2;B02
200900013780;0;7;0;0;2;1;2;A01
200900013781;0;7;0;0;2;3;15;B01
200900013781;0;31;0;0;2;1;17;A01
200900013782;0;31;0;0;0;0;1;A01
200900013783;0;7;0;0;1;4;4;A01
200900013784;0;33;0;0;2;1;13;A01
200900013784;0;7;0;0;2;0;1;B01
200900013785;0;7;0;2;0;1;1;A01
200900013786;0;7;0;0;1;1;1;A01
200900013787;0;7;0;2;0;6;13;A01
200900013788;0;7;0;0;1;7;1;A01
200900013789;0;7;0;6;0;7;13;A01
200900013790;0;7;0;0;2;4;2;B01
200900013790;0;7;0;0;2;1;2;A01
200900013791;0;10;0;0;2;1;1;A01
200900013791;0;7;0;0;2;2;1;B02
200900013791;0;10;0;0;2;4;1;C03
200900013792;0;7;0;0;2;4;2;C01
200900013792;0;7;0;0;2;1;2;A01
200900013792;0;7;0;0;2;1;2;B01
200900013793;0;10;0;0;2;7;15;A01
200900013793;0;32;0;0;2;1;1;B02
200900013794;0;33;0;0;2;8;1;B01
200900013794;0;7;0;0;2;5;17;A01
200900013795;0;7;0;13;0;9;17;A01
200900013796;0;7;0;0;1;2;15;A01
200900013797;0;33;0;6;0;1;1;A01
200900013798;0;1;0;0;0;1;1;A01
200900013799;0;7;0;0;1;3;15;A01
200900013800;0;30;0;0;0;7;1;A01
200900013801;0;7;0;0;2;2;2;A01
200900013801;0;33;0;0;0;4;23;B01
200900013802;0;2;0;0;1;1;9;A01
200900013803;0;10;0;0;1;3;1;A01
200900013804;0;30;0;0;0;0;1;A01
200900013805;0;2;0;16;0;7;16;A01
200900013806;0;31;0;3;0;8;13;A01
200900013807;0;7;0;2;0;8;13;A01
200900013808;0;7;0;0;2;3;13;A01
200900013808;0;3;0;0;2;1;21;B02
200900013809;0;7;0;14;0;1;1;A01
200900013810;0;7;0;8;0;1;1;A01
200900013811;0;7;0;0;2;1;9;A01
200900013811;0;2;0;0;2;4;1;B02
200900013812;0;7;0;0;2;3;15;B02
200900013812;0;33;0;0;2;2;17;A01
200900013813;0;7;0;0;2;1;1;B02
200900013813;0;7;0;3;2;8;15;A01
200900013814;0;7;0;0;2;3;1;B01
200900013814;0;3;0;0;2;1;13;A01
200900013815;0;7;0;0;2;3;19;A01
200900013815;0;7;0;0;2;2;1;B01
200900013816;0;31;0;0;0;7;1;A01
200900013817;0;1;0;0;0;0;1;A01
200900013818;0;7;0;0;2;1;9;B01
200900013818;0;7;0;0;2;1;23;C01
200900013818;0;7;0;0;2;3;6;A01
200900013819;0;2;0;16;0;8;1;A01
200900013820;0;2;0;0;0;7;1;A01
200900013821;0;17;0;2;0;1;13;A01
200900013822;0;33;0;0;2;1;2;A01
200900013822;0;7;0;0;2;6;15;B01
200900013823;0;33;0;0;1;1;1;A01
200900013824;0;7;0;0;1;2;1;A01
200900013825;0;2;0;0;2;3;1;B01
200900013825;0;7;0;0;2;1;15;A01
200900013826;0;10;0;0;2;1;6;A01
200900013826;0;10;0;0;2;3;1;B01
200900013827;0;7;0;0;2;2;2;A01
200900013827;0;7;0;0;2;4;23;B01
200900013828;0;7;0;0;2;1;15;A01
200900013828;0;33;0;0;2;1;1;B01
200900013829;0;2;0;0;0;0;1;A01
200900013830;0;7;0;0;1;1;1;A01
200900013831;0;7;0;6;0;1;1;A01
200900013832;0;7;0;0;1;0;16;A01
200900013833;0;7;0;0;2;1;1;B02
200900013833;0;2;0;0;2;1;20;A01
200900013834;0;7;0;0;2;2;1;B01
200900013834;0;7;0;0;2;0;16;A01
200900013835;0;7;0;14;0;0;15;A01
200900013836;0;7;0;0;2;4;1;B02
200900013836;0;7;0;0;2;1;1;C03
200900013836;0;38;1;0;2;4;15;A01
200900013837;0;7;0;5;0;1;0;A01
200900013838;0;32;0;0;1;1;1;A01
200900013839;0;7;0;0;2;3;2;B02
200900013839;0;7;0;0;2;3;13;A01
200900013840;0;10;0;0;2;0;1;B01
200900013840;0;2;0;1;2;0;1;A01
200900013841;0;33;0;0;2;0;17;A01
200900013841;0;7;0;0;2;3;15;B01
200900013842;0;7;0;6;0;0;1;A01
200900013843;0;10;0;0;2;3;19;B02
200900013843;0;10;0;0;2;2;1;A01
200900013844;0;7;0;0;2;4;2;C01
200900013844;0;7;0;0;2;1;2;A01
200900013844;0;7;0;0;2;4;2;B01
200900013845;0;7;0;0;2;3;1;A01
200900013846;0;7;0;4;0;9;0;A01
200900013847;0;7;0;0;2;2;15;B02
200900013847;0;30;0;0;2;8;15;A01
200900013848;0;7;0;0;2;1;1;A01
200900013848;0;7;0;0;2;0;0;B01
200900013849;0;7;0;0;1;4;20;A01
200900013850;0;7;0;0;1;3;1;A01
200900013851;0;7;0;0;2;4;1;B02
200900013851;0;33;0;0;2;1;1;A01
200900013852;0;7;0;0;2;1;1;B02
200900013852;2;7;0;0;2;8;15;A01
200900013853;0;7;0;6;0;0;1;A01
200900013854;0;7;0;0;1;0;1;A01
200900013855;2;7;0;0;2;1;13;A01
200900013855;0;7;0;0;2;1;1;B01
200900013856;0;30;0;2;0;1;0;A01
200900013857;0;7;0;13;2;8;1;B01
200900013857;0;7;0;0;2;3;1;A01
200900013858;0;7;0;0;1;5;1;A01
200900013859;0;30;0;0;2;4;23;C01
200900013859;0;7;0;0;2;4;23;D01
200900013859;0;7;0;0;2;4;23;B01
200900013859;0;10;0;0;2;1;2;A01
200900013860;0;7;0;3;0;1;1;A01
200900013861;0;7;0;13;0;9;17;A01
200900013862;0;7;0;0;0;0;0;A01
200900013863;0;13;0;0;2;2;1;B02
200900013863;0;7;0;0;2;3;15;A01
200900013864;0;7;0;6;0;1;1;A01
200900013865;0;38;6;0;2;8;1;B01
200900013865;0;7;0;0;2;8;12;A01
200900013866;0;7;0;0;2;1;20;B01
200900013866;0;7;0;0;2;0;4;A01
200900013867;0;7;0;0;0;0;1;A01
200900013868;0;7;0;0;0;5;15;A01
200900013868;0;7;0;0;0;3;1;B02
200900013869;0;7;0;0;2;3;1;B02
200900013869;0;34;0;0;2;1;13;A01
200900013870;0;7;0;0;1;1;1;A01
200900013871;0;34;0;0;2;1;1;B01
200900013871;0;7;0;0;2;3;11;A01
200900013872;0;34;0;0;2;1;1;B01
200900013872;0;7;0;0;2;7;11;A01
200900013873;0;7;0;0;2;0;9;B01
200900013873;0;32;0;0;2;0;1;A01
200900013874;0;33;0;0;2;1;17;A01
200900013874;0;7;0;0;2;3;15;B02
200900013875;0;10;0;0;2;3;1;B02
200900013875;0;7;0;0;2;3;1;A01
200900013876;0;14;0;0;2;0;0;A01
200900013876;0;7;0;0;9;2;0;B02
200900013877;0;7;0;0;2;6;1;B01
200900013877;0;7;0;0;2;0;1;C01
200900013877;0;7;0;0;2;0;17;A01
200900013878;0;7;0;0;1;0;4;A01
200900013879;0;7;0;0;2;0;0;A01
200900013879;0;7;0;0;0;0;0;B01
200900013880;0;10;0;0;1;0;4;A01
200900013881;0;7;0;0;2;4;2;B01
200900013881;0;7;0;0;2;1;2;A01
200900013882;0;32;0;0;0;0;1;A01
200900013883;0;7;0;;;1;1;B02
200900013883;0;33;0;0;2;0;1;A01
200900013884;0;7;0;14;0;1;2;A01
200900013884;0;7;0;0;0;2;2;C03
200900013884;0;7;0;14;0;1;2;B02
200900013885;0;7;0;0;2;4;12;A01
200900013885;0;34;0;0;2;1;1;B01
200900013886;0;7;0;6;0;1;1;A01
200900013887;0;7;0;1;0;0;14;A01
200900013888;0;32;0;0;1;0;1;A01
200900013889;0;7;0;0;0;9;1;A01
200900013890;0;31;0;0;2;1;13;A01
200900013890;1;7;0;0;0;0;17;C01
200900013890;0;34;0;0;2;1;1;B01
200900013891;0;2;0;16;0;1;15;A01
200900013892;0;7;0;0;2;1;1;C01
200900013892;0;7;0;0;0;4;1;D01
200900013892;0;7;0;0;2;1;1;A01
200900013892;0;7;0;0;2;1;1;B01
200900013893;0;7;0;0;0;2;1;A01
200900013894;0;7;0;0;0;7;1;A01
200900013894;0;7;0;0;2;1;16;B01
200900013895;0;30;0;13;0;2;14;A01
200900013896;0;2;0;16;0;8;1;A01
200900013897;0;7;0;0;1;1;1;A01
200900013898;0;2;0;0;2;1;1;A01
200900013898;0;7;0;0;0;0;1;B01
200900013899;0;2;0;0;2;1;1;A01
200900013899;0;7;0;0;0;3;1;B01
200900013900;0;7;0;0;2;3;13;A01
200900013900;0;7;0;0;2;3;1;B02
200900013901;0;7;0;0;4;0;1;A01
200900013901;0;40;0;0;2;1;1;B01
200900013902;0;7;0;0;1;1;1;A01
200900013903;0;7;0;0;1;7;1;A01
200900013904;0;10;0;0;0;3;0;A01
200900013905;0;2;0;16;0;7;1;A01
200900013906;0;7;0;0;0;4;1;B01
200900013906;0;7;0;0;2;1;1;A01
200900013906;1;7;0;0;2;4;4;Z02
200900013906;0;7;0;0;2;1;1;C01
200900013906;0;7;0;0;2;1;1;E01
200900013906;0;7;0;0;2;1;1;D01
200900013906;0;7;0;0;2;2;1;G02
200900013907;0;7;0;0;1;1;1;A01
200900013908;0;7;0;16;1;1;1;A01
200900013909;0;7;0;0;2;1;1;A01
200900013909;0;7;0;0;2;1;1;C01
200900013909;0;7;0;0;2;1;1;B01
200900013910;0;2;0;0;2;1;1;A01
200900013910;0;7;0;0;0;7;1;B01
200900013911;0;7;0;0;2;1;1;C03
200900013911;0;10;0;0;2;3;1;B02
200900013911;0;7;0;0;2;3;13;A01
200900013912;0;15;0;0;2;8;1;A01
200900013912;0;7;0;0;0;1;1;B01
200900013913;0;10;0;0;0;2;15;A01
200900013913;0;2;0;0;2;1;1;B02
200900013914;0;38;0;0;0;3;15;A01
200900013914;0;7;0;0;0;2;1;B02
200900013915;0;7;0;0;0;0;1;B01
200900013915;0;7;0;0;2;1;15;A01
200900013916;0;7;0;0;2;2;15;A01
200900013916;0;2;0;0;2;1;1;B02
200900013917;0;2;0;0;2;1;1;B02
200900013917;0;7;0;0;2;8;15;A01
200900013918;0;7;0;4;0;1;1;A01
200900013919;0;2;0;16;0;8;1;A01
200900013920;0;7;0;0;2;3;1;A01
200900013920;0;2;0;0;0;8;1;B01
200900013921;0;7;0;0;0;4;1;B01
200900013921;0;7;0;0;2;1;13;A01
200900013922;0;7;0;0;1;4;20;A01
200900013923;0;7;0;1;0;8;1;B01
200900013923;0;7;0;0;2;2;1;A01
200900013924;0;37;1;0;0;0;1;A01
200900013925;0;7;0;0;2;3;13;B02
200900013925;0;7;0;0;2;3;1;A01
200900013926;0;7;0;8;0;1;14;A01
200900013927;0;7;0;0;2;0;10;A01
200900013927;0;33;0;0;2;0;1;B01
200900013928;0;7;0;0;0;8;10;A01
200900013928;0;33;0;0;2;1;17;B02
200900013929;0;30;0;0;1;0;17;A01
200900013930;0;7;0;0;2;1;2;A01
200900013930;0;7;0;0;2;4;2;B02
200900013931;0;7;0;0;2;3;19;A01
200900013931;0;33;0;0;2;1;1;B02
200900013932;0;33;0;0;0;1;1;B02
200900013932;0;7;0;0;2;6;1;A01
200900013933;0;7;0;14;2;1;13;A01
200900013933;0;7;0;0;2;1;1;B01
200900013934;0;7;0;10;0;3;13;A01
200900013935;0;7;0;1;0;1;20;A01
200900013936;0;7;0;0;2;0;11;A01
200900013936;0;33;0;0;2;8;17;B01
200900013937;0;7;0;0;2;9;1;A01
200900013937;0;7;0;0;2;0;9;B01
200900013938;0;7;0;0;6;1;1;A01
200900013939;0;7;0;0;2;3;16;A01
200900013939;0;7;0;0;2;7;0;B02
200900013940;0;7;0;0;2;3;1;B02
200900013940;0;7;0;0;2;3;13;A01
200900013941;0;7;0;0;2;1;1;B01
200900013941;0;7;0;0;2;1;17;A01