num_acc;senc;catv;occutc;obs;obsm;choc;manv;num_veh
200900013942;0;7;0;0;2;0;2;B01
200900013942;1;7;0;0;2;0;2;A01
200900013943;0;7;0;8;2;3;11;A01
200900013943;0;7;0;0;0;0;9;B02
200900013944;0;7;0;0;2;8;1;B01
200900013944;0;33;0;0;2;7;0;A01
200900013945;0;7;0;0;2;2;15;A01
200900013945;0;7;0;6;2;1;1;B02
200900013946;0;7;0;0;1;0;20;A01
200900013947;0;30;0;0;2;1;1;A01
200900013947;0;7;0;0;2;3;9;B01
200900013948;0;7;0;0;0;0;9;A01
200900013948;0;7;0;0;2;0;1;B01
200900013949;0;7;0;6;0;1;0;A01
200900013950;0;7;0;0;2;1;1;B01
200900013950;0;7;0;0;2;1;1;A01
200900013951;0;14;0;0;2;3;1;B02
200900013951;0;7;0;0;2;1;1;A01
200900013952;0;2;0;0;2;7;0;A01
200900013952;0;7;0;0;2;1;1;B01
200900013953;0;7;0;0;1;1;1;A01
200900013954;0;7;0;13;2;2;14;A01
200900013954;0;10;0;0;2;1;1;B02
200900013955;0;7;0;1;2;2;1;B01
200900013955;0;7;0;0;2;2;1;A01
200900013956;0;7;0;0;1;1;1;A01
200900013957;0;7;0;14;0;2;1;A01
200900013958;0;1;0;0;2;0;0;A01
200900013958;0;7;0;0;2;3;1;B01
200900013959;0;7;0;0;2;3;0;A01
200900013959;0;30;0;0;2;7;1;B01
200900013960;0;7;0;0;1;2;1;A01
200900013961;0;7;0;0;1;1;1;A01
200900013962;0;7;0;0;2;8;22;A01
200900013962;0;1;0;0;0;7;1;B01
200900013963;0;7;0;0;1;1;1;A01
200900013964;0;1;0;0;0;0;1;B01
200900013964;0;7;0;0;2;1;1;A01
200900013965;0;7;0;0;2;3;1;A01
200900013965;0;2;0;0;2;2;1;B01
200900013966;0;7;0;0;1;1;1;A01
200900013967;0;7;0;0;2;1;1;A01
200900013967;0;7;0;0;0;8;15;B01
200900013968;0;7;0;0;2;4;1;C01
200900013968;0;7;0;0;2;1;1;A01
200900013968;0;7;0;0;2;4;2;B01
200900013969;0;7;0;0;2;3;15;A01
200900013969;0;2;0;0;0;1;1;B01
200900013970;0;7;0;0;2;2;1;B01
200900013970;0;10;0;0;0;8;1;A01
200900013971;0;17;0;0;2;6;13;A01
200900013971;0;7;0;0;0;8;1;B01
200900013972;0;7;0;6;0;2;1;A01
200900013973;0;7;0;0;2;3;0;B01
200900013973;0;7;0;0;2;1;0;A01
200900013974;0;7;0;0;0;8;1;B01
200900013974;2;7;0;0;2;1;1;A01
200900013975;0;7;0;0;1;1;1;A01
200900013976;0;30;0;0;2;1;0;A01
200900013976;0;7;0;0;2;0;0;B01
200900013977;0;7;0;0;2;3;15;B01
200900013977;0;7;0;0;2;1;1;A01
200900013978;0;7;0;13;0;1;1;A01
200900013979;0;31;0;0;2;1;2;B02
200900013979;0;15;0;0;2;1;23;C03
200900013979;0;7;0;0;2;6;15;A01
200900013980;0;7;0;0;2;8;1;A01
200900013980;0;1;0;0;2;1;19;B02
200900013981;0;33;0;0;2;1;1;B01
200900013981;0;7;0;0;0;7;15;A01
200900013982;0;7;0;0;2;1;15;A01
200900013982;0;2;0;0;2;1;1;B01
200900013983;0;32;0;0;2;1;17;A01
200900013983;0;7;0;0;0;8;15;B01
200900013984;0;7;0;2;0;8;1;A01
200900013985;0;1;0;1;0;1;1;B01
200900013985;0;7;0;0;0;8;22;A01
200900013986;0;7;0;0;2;2;1;B02
200900013986;0;1;0;0;2;1;13;A01
200900013987;0;7;0;0;0;4;1;B01
200900013987;0;7;0;0;2;1;2;A01
200900013988;0;33;0;3;0;8;1;A01
200900013989;0;7;0;8;1;1;13;A01
200900013990;0;10;0;0;2;8;15;B02
200900013990;0;33;0;0;2;7;17;A01
200900013991;0;2;0;0;2;7;1;B01
200900013991;0;7;0;0;2;1;9;A01
200900013992;0;1;0;0;0;4;11;B02
200900013992;0;10;0;0;2;3;2;A01
200900013993;0;7;0;0;0;8;0;C03
200900013993;0;7;0;0;2;3;15;B02
200900013993;0;31;0;1;2;2;17;A01
200900013994;0;33;0;2;0;1;17;A01
200900013995;0;99;0;0;2;3;13;B02
200900013995;0;99;0;0;2;3;0;A01
200900013996;0;10;0;2;0;3;14;A01
200900013997;0;7;0;0;0;6;2;B02
200900013997;0;33;0;9;2;1;0;A01
200900013998;0;7;0;0;2;1;0;A01
200900013998;0;2;0;0;2;1;1;B01
200900013999;0;7;0;0;0;3;2;A01
200900013999;0;7;0;0;0;5;2;B01
200900014000;0;10;0;0;2;6;2;B01
200900014000;0;7;0;0;2;2;2;A01
200900014001;0;7;0;0;2;1;0;A01
200900014001;0;7;0;0;2;9;1;C01
200900014001;0;7;0;0;2;1;1;B01
200900014002;0;34;0;0;2;8;1;B01
200900014002;0;7;0;0;2;5;12;A01
200900014003;0;7;0;0;0;4;2;D01
200900014003;0;7;0;0;2;4;2;C01
200900014003;0;7;0;0;2;1;2;B01
200900014003;0;7;0;0;2;1;2;A01
200900014004;0;7;0;0;2;4;2;B01
200900014004;0;7;0;0;0;4;2;C01
200900014004;0;7;0;0;2;1;2;A01
200900014005;0;34;0;0;2;5;3;A01
200900014005;0;7;0;0;0;5;1;B01
200900014006;0;7;0;0;2;1;2;A01
200900014006;0;7;0;0;2;4;2;B01
200900014007;0;7;0;4;0;2;17;A01
200900014008;0;33;0;0;0;7;16;A01
200900014009;0;7;0;0;0;3;1;B01
200900014009;0;7;0;4;2;1;0;A01
200900014010;0;33;0;16;0;7;1;A01
200900014011;0;7;0;0;0;8;1;A01
200900014012;0;7;0;0;2;1;2;A01
200900014012;0;7;0;0;2;4;2;C01
200900014012;0;7;0;0;2;4;2;B01
200900014013;0;7;0;0;2;1;2;A01
200900014013;0;7;0;0;0;4;2;C01
200900014013;0;7;0;0;2;4;2;B01
200900014014;0;7;0;0;0;2;12;B01
200900014014;0;33;0;3;0;3;3;A01
200900014015;0;7;0;3;0;7;0;A01
200900014016;0;34;0;0;0;0;1;A01
200900014017;0;7;0;3;0;3;12;A01
200900014018;0;7;0;0;2;4;2;C01
200900014018;0;7;0;0;2;4;2;B01
200900014018;0;7;0;0;0;4;2;D01
200900014018;0;7;0;0;2;1;2;A01
200900014019;0;10;0;0;2;1;2;A01
200900014019;0;10;0;0;0;4;2;B01
200900014020;0;33;0;0;0;2;1;B01
200900014020;0;7;0;0;2;3;11;A01
200900014021;0;7;0;0;2;1;2;A01
200900014021;0;7;0;0;2;1;2;D01
200900014021;0;10;0;0;2;1;2;C01
200900014021;0;7;0;0;0;4;2;B01
200900014022;0;7;0;0;0;0;1;A01
200900014023;0;7;0;0;2;1;1;A01
200900014023;0;7;0;0;2;2;2;B01
200900014024;0;7;0;0;0;4;1;B01
200900014024;0;7;0;0;2;6;1;A01
200900014025;0;7;0;0;2;1;1;A01
200900014025;0;7;0;0;0;4;2;C01
200900014025;0;7;0;0;0;8;1;D01
200900014025;0;7;0;0;2;4;2;B01
200900014026;0;33;0;0;0;0;1;C01
200900014026;0;7;0;0;1;7;1;A01
200900014026;0;32;0;0;0;7;1;B01
200900014027;0;7;0;0;0;4;2;B01
200900014027;0;7;0;1;0;1;2;A01
200900014028;0;33;0;1;0;1;21;A01
200900014028;0;7;0;0;0;6;23;B01
200900014029;0;33;0;14;0;1;2;A01
200900014030;0;7;0;0;0;4;2;C01
200900014030;0;7;0;0;2;4;2;B01
200900014030;0;7;0;0;2;1;2;A01
200900014031;0;15;0;0;2;1;2;A01
200900014031;0;7;0;0;0;4;2;B01
200900014032;0;7;0;0;0;4;2;C01
200900014032;0;7;0;0;0;4;2;B01
200900014032;0;7;0;0;0;1;2;A01
200900014033;0;7;0;3;2;7;12;A01
200900014033;0;7;0;3;0;3;1;B01
200900014034;1;7;0;0;0;1;2;A01
200900014034;0;7;0;14;0;4;2;B01
200900014034;0;7;0;0;0;4;2;C01
200900014035;0;32;0;0;0;8;1;B01
200900014035;0;7;0;0;2;7;12;A01
200900014036;0;7;0;3;0;3;0;A01
200900014037;0;32;0;0;2;8;1;B01
200900014037;0;7;0;3;2;5;12;A01
200900014038;0;7;0;0;0;4;2;B01
200900014038;0;7;0;0;0;1;2;A01
200900014038;0;7;0;0;0;4;2;C01
200900014039;0;7;0;0;0;6;11;A01
200900014039;0;33;0;0;2;1;21;B01
200900014040;0;7;0;0;2;3;19;B02
200900014040;2;7;0;14;0;2;1;A01
200900014041;0;7;0;0;2;2;16;B02
200900014041;0;33;0;0;2;1;5;A01
200900014042;0;7;0;0;2;1;1;A01
200900014042;0;7;0;0;2;4;1;B02
200900014043;0;7;0;2;0;9;14;A01
200900014044;0;7;0;0;0;1;1;A01
200900014044;0;10;0;0;0;4;15;B02
200900014045;0;7;0;13;0;1;14;A01
200900014046;0;7;0;0;2;1;15;B02
200900014046;0;2;0;0;2;1;1;A01
200900014047;0;30;0;0;2;2;1;A01
200900014047;0;7;0;0;2;3;19;B02
200900014048;0;7;0;0;1;1;1;A01
200900014049;0;33;0;13;0;5;1;A01
200900014050;0;33;0;0;2;1;1;A01
200900014050;0;10;0;0;2;7;15;B01
200900014051;0;13;0;0;1;0;11;A01
200900014052;0;7;0;0;2;3;17;A01
200900014052;0;7;0;2;2;8;17;B02
200900014053;0;7;0;0;2;6;23;C01
200900014053;0;7;0;0;2;1;17;A01
200900014053;0;7;0;0;2;1;1;B01
200900014054;0;7;0;0;2;1;15;B01
200900014054;0;2;0;0;2;3;1;A01
200900014055;0;7;0;3;2;0;13;A01
200900014055;0;7;0;0;2;8;17;B01
200900014056;0;36;0;13;0;0;14;A01
200900014057;0;7;0;0;2;0;23;F02
200900014057;0;7;0;0;2;4;1;D01
200900014057;0;7;0;3;2;4;23;C01
200900014057;0;7;0;0;2;0;23;E01
200900014057;0;7;0;0;2;0;23;B01
200900014057;0;7;0;3;2;3;1;A01
200900014058;0;99;0;0;1;0;0;A01
200900014059;0;7;0;3;0;3;1;A01
200900014060;0;7;0;2;0;1;14;A01
200900014061;0;10;0;13;0;3;1;A01
200900014062;0;7;0;0;2;1;13;A01
200900014062;0;7;0;0;2;1;23;B02
200900014063;0;7;0;0;2;1;1;B02
200900014063;0;7;0;0;2;5;15;A01
200900014064;0;7;0;0;2;2;15;A01
200900014064;0;2;0;0;2;1;1;B02
200900014065;0;7;0;0;2;2;19;A01
200900014065;0;7;0;0;2;1;1;B02
200900014066;0;7;0;0;2;3;9;A01
200900014066;0;2;0;0;2;5;12;B02
200900014067;0;2;0;0;2;1;1;C01
200900014067;0;10;0;0;2;4;0;B01
200900014067;0;7;0;0;2;1;1;A01
200900014068;0;7;0;0;2;1;1;A01
200900014068;0;1;0;0;2;2;21;B01
200900014069;0;1;0;0;0;1;1;A01
200900014070;0;7;0;0;2;1;0;B01
200900014070;0;30;0;0;2;7;0;A01
200900014071;0;7;0;0;2;0;0;A01
200900014072;0;7;0;0;1;0;0;A01
200900014073;0;30;0;0;0;0;0;A01
200900014073;0;7;0;0;0;0;0;B01
200900014074;0;7;0;1;0;0;0;A01
200900014075;0;7;0;0;2;3;19;A01
200900014075;0;7;0;0;2;2;1;B01
200900014076;0;7;0;0;2;1;1;A01
200900014076;0;7;0;0;2;4;1;B01
200900014076;0;7;0;0;2;4;1;C01
200900014077;0;7;0;2;0;2;1;A01
200900014078;0;7;0;0;2;2;1;B01
200900014078;0;7;0;0;2;1;15;A01
200900014079;0;13;0;0;2;7;1;A01
200900014079;0;33;0;0;2;7;2;B01
200900014080;0;7;0;0;0;0;0;B01
200900014080;0;7;0;0;0;0;0;A01
200900014081;0;7;0;0;0;0;0;A01
200900014082;0;7;0;3;0;1;1;A01
200900014083;0;7;0;0;1;2;1;A01
200900014084;0;2;0;14;0;7;17;A01
200900014084;0;7;0;0;2;7;23;B01
200900014085;0;37;20;0;1;1;1;A01
200900014086;0;2;0;6;0;2;14;A01
200900014087;0;32;0;0;1;0;1;A01
200900014088;0;7;0;0;2;4;1;A01
200900014088;0;33;0;0;2;1;0;B01
200900014089;0;2;0;0;1;1;17;A01
200900014090;0;7;0;4;0;1;13;A01
200900014091;0;7;0;6;0;2;14;A01
200900014092;0;33;0;11;0;1;0;A01
200900014093;0;7;0;0;2;8;15;B01
200900014093;0;30;0;0;2;2;17;A01
200900014094;0;7;0;0;2;1;1;A01
200900014094;0;7;0;0;2;1;15;B01
200900014095;0;7;0;11;0;0;0;A01
200900014096;0;30;0;0;2;1;2;A01
200900014096;0;10;0;0;0;4;2;B01
200900014097;0;7;0;0;1;1;15;A01
200900014098;0;33;0;0;0;0;0;A01
200900014099;0;34;0;0;2;4;12;B01
200900014099;0;7;0;0;2;1;1;A01
200900014100;0;30;0;0;2;4;1;A01
200900014100;0;7;0;0;0;4;23;B01
200900014101;0;7;0;0;2;1;1;B01
200900014101;0;2;0;0;2;7;15;A01
200900014102;0;7;0;0;1;1;1;A01
200900014103;0;7;0;0;1;2;15;A01
200900014104;0;7;0;0;2;1;2;A01
200900014104;0;7;0;0;2;4;2;B01
200900014105;0;7;0;0;2;3;1;B01
200900014105;0;7;0;0;2;1;21;A01
200900014106;0;32;0;0;0;1;1;A01
200900014107;0;7;0;0;2;1;1;B01
200900014107;0;7;0;0;2;7;15;A01
200900014108;0;7;0;0;2;3;15;A01
200900014108;0;30;0;0;2;1;1;B01
200900014109;0;7;0;6;0;2;14;A01
200900014110;0;31;0;0;2;1;8;B01
200900014110;0;7;0;0;2;5;15;A01
200900014111;0;7;0;0;1;0;0;A01
200900014112;0;33;0;0;2;7;17;A01
200900014112;0;7;0;0;2;8;15;B01
200900014113;0;7;0;0;2;1;2;B01
200900014113;0;7;0;0;2;7;2;A01
200900014114;0;7;0;0;2;3;13;A01
200900014114;0;7;0;0;2;8;1;B01
200900014115;0;30;0;0;1;1;18;A01
200900014116;0;7;0;15;0;2;14;A01
200900014117;0;7;0;0;1;3;1;A01
200900014118;0;7;0;0;1;1;1;A01
200900014119;0;31;0;0;2;8;13;A01
200900014119;0;30;0;0;2;1;1;B01
200900014120;0;7;0;0;2;1;0;A01
200900014120;0;7;0;0;2;8;1;B01
200900014121;0;7;0;0;2;3;10;A01
200900014121;0;33;0;0;2;5;2;B01
200900014122;0;7;0;0;1;2;1;A01
200900014123;0;7;0;0;2;3;1;B01
200900014123;0;2;0;0;2;1;1;A01
200900014124;0;2;0;0;2;1;1;A01
200900014124;0;7;0;0;2;8;1;B01
200900014125;0;10;0;2;0;1;10;A01
200900014126;0;7;0;0;2;1;9;A01
200900014126;0;7;0;0;2;1;1;B01
200900014127;0;32;0;0;2;1;1;B01
200900014127;0;7;0;0;2;2;9;A01
200900014128;0;10;0;0;1;3;1;A01
200900014129;0;7;0;0;2;5;23;B01
200900014129;0;30;0;0;2;1;2;A01
200900014130;0;7;0;0;1;7;1;A01
200900014131;0;7;0;0;2;1;1;B01
200900014131;0;7;0;0;2;7;1;A01
200900014132;0;7;0;3;0;1;14;A01
200900014133;0;7;0;0;1;8;1;A01
200900014134;0;7;0;0;2;8;1;A01
200900014134;0;7;0;0;2;1;1;B01
200900014135;0;30;0;0;2;1;13;A01
200900014135;0;7;0;0;0;3;1;B01
200900014136;0;7;0;0;2;1;0;A01
200900014136;0;7;0;0;2;4;1;B01
200900014137;0;14;0;0;0;0;23;A01
200900014138;0;7;0;0;2;3;0;B01
200900014138;0;7;0;0;2;3;0;A01
200900014139;0;7;0;0;2;1;13;A01
200900014139;0;7;0;11;2;3;1;B01
200900014140;0;7;0;0;1;1;1;A01
200900014141;0;7;0;1;2;1;1;A01
200900014141;0;10;0;1;2;6;9;B01
200900014142;0;7;0;0;1;2;1;A01
200900014143;0;2;0;0;2;6;1;B01
200900014143;0;7;0;0;2;3;15;A01
200900014144;0;7;0;0;1;1;1;A01
200900014145;0;7;0;0;2;7;15;A01
200900014145;0;37;1;0;2;2;1;B01
200900014146;0;7;0;0;2;1;9;A01
200900014146;0;33;0;7;2;7;1;B01
200900014147;0;7;0;0;2;6;1;B01
200900014147;0;7;0;0;2;3;1;C01
200900014147;0;32;0;0;2;1;1;A01
200900014148;0;7;0;0;0;1;0;B01
200900014148;0;31;0;0;2;1;0;A01
200900014149;0;7;0;0;2;2;1;A01
200900014149;0;13;0;0;2;1;1;B01
200900014150;1;7;0;0;1;0;0;Z01
200900014151;0;7;0;0;2;1;1;B01
200900014151;0;7;0;0;2;7;1;A01
200900014152;0;7;0;0;1;1;0;A01
200900014153;0;2;0;1;0;1;1;A01
200900014153;0;3;0;0;0;4;24;B01
200900014154;0;7;0;0;0;4;1;B01
200900014154;0;32;0;0;2;1;21;A01
200900014155;0;7;0;0;1;1;1;A01
200900014156;0;2;0;0;2;9;1;A01
200900014156;1;7;0;0;2;0;15;B01
200900014157;0;30;0;0;0;7;1;B01
200900014157;0;7;0;0;2;1;1;A01
200900014158;0;32;0;0;0;3;1;B01
200900014158;0;7;0;0;0;0;15;A01
200900014159;0;7;0;0;2;2;1;A01
200900014159;0;7;0;0;2;8;16;B01
200900014160;0;7;0;0;2;1;15;A01
200900014160;0;32;0;0;2;1;1;B01
200900014161;0;7;0;0;2;8;20;A01
200900014161;0;32;0;0;2;1;1;B01
200900014162;0;7;0;8;0;9;1;A01
200900014163;0;2;0;0;1;2;2;A01
200900014164;0;31;0;0;2;8;1;B01
200900014164;0;7;0;0;2;6;4;A01
200900014165;0;7;0;0;2;1;1;A01
200900014165;0;7;0;0;2;4;1;B01
200900014166;0;2;0;0;2;1;1;A01
200900014166;0;7;0;0;0;6;1;B01
200900014167;0;2;0;0;1;0;21;A01
200900014168;0;2;0;0;2;1;1;A01
200900014168;0;7;0;0;2;1;1;B01
200900014169;0;2;0;0;2;1;9;B01
200900014169;0;7;0;0;2;2;2;A01
200900014170;0;33;0;0;2;1;1;B01
200900014170;0;7;0;0;2;1;15;A01
200900014171;0;33;0;0;2;1;1;B01
200900014171;1;7;0;0;2;3;16;Z01
200900014172;0;7;0;0;2;2;0;B01
200900014172;0;30;0;1;2;3;0;A01
200900014173;0;30;0;0;2;1;18;A01
200900014173;0;10;0;0;2;2;16;B01
200900014174;0;7;0;0;2;8;15;A01
200900014174;0;33;0;0;2;1;1;B01
200900014175;0;7;0;0;2;8;11;A01
200900014175;0;2;0;0;2;2;1;B01
200900014176;0;32;0;0;1;1;18;A01
200900014177;0;32;0;0;2;1;17;A01
200900014177;0;7;0;0;2;3;17;B01
200900014178;0;7;0;0;2;1;13;A01
200900014178;0;99;0;0;2;1;1;B01
200900014179;0;13;0;0;1;0;2;A01
200900014180;0;2;0;0;2;1;1;A01
200900014180;0;7;0;0;0;4;23;B01
200900014181;0;7;0;0;2;3;10;A01
200900014181;0;2;0;0;2;2;17;B01
200900014182;0;37;1;0;1;1;15;A01
200900014183;0;7;0;0;2;7;15;A01
200900014183;0;30;0;0;2;1;1;B01
200900014184;0;7;0;0;2;8;1;B01
200900014184;0;10;0;0;2;7;1;C01
200900014184;0;32;0;0;2;2;0;A01
200900014185;0;7;0;0;2;3;1;A01
200900014185;0;31;0;0;2;4;1;B01
200900014186;0;2;0;0;0;0;0;A01
200900014187;0;33;0;0;0;0;0;A01
200900014188;0;7;0;0;2;5;2;A01
200900014188;0;33;0;0;2;1;2;B01
200900014189;0;7;0;0;1;1;1;A01
200900014190;0;7;0;0;2;1;2;A01
200900014190;0;7;0;0;2;1;0;B01
200900014190;0;7;0;0;2;7;0;C01
200900014191;0;2;0;14;0;1;1;A01
200900014191;0;7;0;14;2;1;1;B01
200900014191;0;7;0;0;0;0;1;C01
200900014192;1;7;0;14;0;1;1;A01
200900014192;0;7;0;0;2;4;2;B01
200900014193;0;7;0;0;1;1;0;A01
200900014194;0;7;0;0;2;2;17;B01
200900014194;0;7;0;0;2;8;15;A01
200900014195;0;7;0;0;2;4;1;B01
200900014195;0;7;0;0;2;1;0;A01
200900014196;0;7;0;6;0;6;1;A01
200900014197;0;33;0;0;2;3;9;B01
200900014197;0;32;0;0;2;1;17;A01
200900014198;0;7;0;12;0;2;0;A01
200900014199;0;33;0;6;0;7;0;A01
200900014200;0;31;0;0;2;1;1;A01
200900014200;0;7;0;0;2;2;15;B02
200900014201;0;7;0;0;1;2;1;A01
200900014202;0;2;0;0;0;0;1;A01
200900014203;0;7;0;0;2;3;13;A01
200900014203;0;14;0;0;0;3;1;B02
200900014204;0;30;0;0;2;1;17;A01
200900014204;0;7;0;0;2;1;15;B02
200900014205;0;7;0;0;1;3;1;A01
200900014206;0;10;0;0;2;1;13;B02
200900014206;0;10;0;0;2;1;1;A01
200900014207;0;31;0;0;1;1;0;A01
200900014208;0;34;0;0;2;1;17;B02
200900014208;0;7;0;0;0;6;2;A01
200900014209;0;7;0;0;1;4;20;A01
200900014210;0;7;0;0;2;2;2;B02
200900014210;0;7;0;0;0;6;2;A01
200900014211;0;14;0;1;1;2;14;A01
200900014211;0;10;0;2;1;4;24;B02
200900014212;0;32;0;0;2;7;17;A01
200900014212;0;7;0;0;2;3;15;B02
200900014213;0;38;2;0;1;0;1;A01
200900014214;0;7;0;0;2;5;1;B01
200900014214;0;7;0;0;2;6;4;A01
200900014215;0;7;0;0;2;3;1;B01
200900014215;0;2;0;0;2;1;12;A01
200900014216;0;7;0;0;1;3;4;A01
200900014217;0;7;0;0;1;2;1;A01
200900014218;0;7;0;0;2;1;15;A01
200900014218;0;33;0;0;2;1;1;B01
200900014219;0;31;0;0;2;1;1;B01
200900014219;0;7;0;0;2;6;10;A01
200900014220;0;7;0;0;2;7;15;A01
200900014220;0;31;0;0;2;1;1;B01
200900014221;0;7;0;0;2;8;1;B01
200900014221;0;7;0;0;2;7;1;A01
200900014222;0;7;0;0;2;1;15;A01
200900014222;0;31;0;0;2;1;1;B01
200900014223;0;7;0;0;1;1;15;A01
200900014224;0;17;0;0;1;1;15;A01
200900014225;0;7;0;0;2;6;2;B01
200900014225;0;30;0;0;2;1;2;A01
200900014225;0;7;0;0;2;3;23;C01
200900014226;0;7;0;0;1;2;9;A01
200900014227;0;7;0;0;2;2;16;B01
200900014227;0;2;0;0;2;1;1;A01
200900014228;0;38;1;9;1;3;20;A01
200900014229;1;7;0;0;1;7;1;A01
200900014230;0;2;0;0;1;1;1;A01
200900014231;0;2;0;0;2;1;2;B01
200900014231;0;7;0;0;2;2;12;A01
200900014232;0;2;0;0;2;1;2;A01
200900014232;0;7;0;0;2;4;2;B01
200900014233;0;32;0;12;0;2;1;A01
200900014234;0;7;0;0;2;2;13;A01
200900014234;0;31;0;0;0;1;1;B01
200900014235;0;2;0;0;1;0;1;A01
200900014236;0;7;0;0;1;3;1;A01
200900014237;0;7;0;0;0;3;15;A01
200900014237;0;30;0;0;2;1;1;B01
200900014238;0;7;0;0;2;1;1;A01
200900014238;0;7;0;0;0;4;1;B01
200900014239;0;7;0;1;0;0;1;A01
200900014240;0;7;0;0;2;3;0;A01
200900014240;0;7;0;0;2;0;0;B01
200900014241;0;7;0;6;0;3;13;A01
200900014242;0;7;0;0;2;8;15;A01
200900014242;0;7;0;0;2;1;1;B01
200900014243;0;30;0;1;0;1;0;A01
200900014243;0;7;0;0;2;6;23;B02
200900014244;0;7;0;0;2;3;16;A01
200900014244;0;2;0;0;2;4;1;B02
200900014245;0;33;0;0;1;1;1;A01
200900014246;0;7;0;0;1;1;16;A01
200900014247;0;31;0;0;0;1;1;A01
200900014248;0;7;0;0;2;2;15;A01
200900014248;0;32;0;0;2;1;1;B01
200900014249;0;7;0;0;1;1;15;A01
200900014250;0;32;0;0;1;2;1;A01
200900014251;0;7;0;3;0;1;13;A01
200900014252;0;32;0;0;2;7;1;B01
200900014252;0;7;0;0;2;3;9;A01
200900014253;0;7;0;0;2;1;1;B01
200900014253;0;7;0;0;2;7;1;A01
200900014254;0;7;0;0;2;1;1;A01
200900014254;0;7;0;0;2;7;15;B01
200900014254;0;7;0;0;2;8;23;C01
200900014255;0;32;0;0;2;1;1;B01
200900014255;0;7;0;0;0;3;15;A01
200900014256;0;7;0;0;2;6;23;B01
200900014256;0;32;0;0;2;1;1;A01
200900014257;0;7;0;0;2;3;0;A01
200900014257;0;2;0;0;2;1;0;B01
200900014258;0;33;0;8;0;1;0;A01
200900014259;0;10;0;0;2;0;16;B01
200900014259;0;2;0;0;2;1;1;A01
200900014260;0;7;0;0;1;1;1;A01
200900014261;0;7;0;0;1;3;1;A01
200900014262;0;7;0;0;2;5;15;B01
200900014262;0;33;0;0;2;1;1;A01
200900014263;0;7;0;0;1;1;1;A01
200900014264;0;7;0;0;2;8;11;A01
200900014264;0;34;0;1;2;7;12;B01
200900014265;0;40;0;0;1;2;1;A01
200900014266;0;7;0;0;2;1;1;A01
200900014266;0;7;0;0;2;4;23;B01
200900014267;0;33;0;0;1;1;1;A01
200900014268;0;7;0;0;2;8;15;A01
200900014268;0;31;0;0;2;7;17;B01
200900014269;0;7;0;0;2;4;1;B01
200900014269;0;33;0;0;2;1;1;A01
200900014270;0;2;0;0;2;1;5;A01
200900014270;0;7;0;0;2;1;1;B01
200900014271;0;7;0;0;2;7;1;A01
200900014271;0;33;0;0;2;3;1;B01
200900014272;0;7;0;0;2;8;2;A01
200900014272;0;30;0;0;2;1;2;B01
200900014273;0;7;0;0;2;4;1;B01
200900014273;0;31;0;0;2;1;1;A01
200900014274;0;33;0;0;2;1;1;A01
200900014274;0;7;0;0;0;4;1;B02
200900014275;0;2;0;8;2;1;2;A01
200900014275;0;1;0;0;2;8;15;B02
200900014276;0;7;0;13;0;7;1;A01
200900014277;0;36;0;12;0;1;1;B02
200900014277;0;36;0;0;0;0;1;A01
200900014278;0;7;0;0;2;1;1;B02
200900014278;0;7;0;0;2;7;9;A01
200900014279;0;14;0;0;2;3;1;A01
200900014280;0;30;0;0;0;0;0;A01
200900014281;0;21;0;0;2;0;2;A01
200900014281;0;2;0;0;2;1;2;B02
200900014282;0;7;0;0;0;6;2;B02
200900014282;0;33;0;0;2;1;2;A01
200900014283;0;7;0;0;2;2;1;B02
200900014283;0;30;0;0;2;1;1;A01
200900014284;0;33;0;0;2;1;17;B02
200900014284;0;7;0;0;2;3;15;A01
200900014285;0;7;0;0;2;7;1;B02
200900014285;0;2;0;0;2;1;1;A01
200900014286;0;33;0;0;2;0;21;A01
200900014287;0;14;0;2;6;1;2;A01
200900014288;0;7;0;0;0;9;1;A01
200900014289;0;7;0;3;0;1;1;A01
200900014290;0;7;0;1;0;2;1;A01
200900014291;0;1;0;0;9;8;9;A01
200900014291;0;1;0;0;9;7;16;B02
200900014292;0;2;0;0;1;7;2;A01
200900014293;0;7;0;0;9;3;1;B02
200900014293;0;1;0;0;2;7;13;A01
200900014294;0;7;0;0;2;4;23;C01
200900014294;0;10;0;0;2;1;1;A01
200900014294;0;15;0;0;2;4;23;D01
200900014294;0;7;0;0;2;4;23;B01
200900014295;0;33;0;2;0;1;1;A01
200900014296;0;7;0;0;2;1;15;A01
200900014296;0;30;0;0;2;1;1;B01
200900014297;0;7;0;0;1;1;20;A01
200900014298;0;1;0;0;2;1;19;A01
200900014298;0;7;0;0;2;2;16;B01
200900014299;0;7;0;0;1;3;1;A01
200900014300;0;7;0;0;0;8;1;A01
200900014301;0;37;0;0;1;4;1;A01
200900014302;0;7;0;8;0;1;2;B01
200900014302;0;33;0;8;0;4;2;A01
200900014303;0;7;0;0;1;1;20;A01
200900014304;0;33;0;7;0;1;1;A01
200900014305;0;36;0;2;0;1;1;A01
200900014306;0;7;0;0;0;4;1;C03
200900014306;0;7;0;0;2;1;1;A01
200900014306;0;7;0;0;0;4;1;B02
200900014307;0;7;0;0;0;9;1;A01
200900014308;0;7;0;0;2;1;2;C03
200900014308;0;7;0;0;0;4;2;A01
200900014308;0;7;0;0;2;4;2;B02