num_acc;senc;catv;occutc;obs;obsm;choc;manv;num_veh
200900014309;0;7;0;0;2;0;1;B02
200900014309;0;7;0;0;2;1;1;A01
200900014310;0;33;0;0;0;0;1;A01
200900014311;0;7;0;2;0;1;1;A01
200900014312;0;7;0;0;0;5;23;B02
200900014312;0;30;0;0;2;1;1;A01
200900014313;0;2;0;0;2;0;1;B01
200900014313;0;7;0;0;2;1;9;A01
200900014314;0;7;0;8;0;3;1;A01
200900014315;0;36;0;16;0;1;1;A01
200900014316;0;7;0;0;0;4;0;B02
200900014316;0;7;0;0;0;2;2;A01
200900014317;0;7;0;0;0;2;1;A01
200900014318;0;7;0;0;0;1;13;A01
200900014318;0;10;0;0;0;1;1;B02
200900014319;0;7;0;14;0;1;1;B02
200900014319;0;7;0;0;0;7;23;A01
200900014320;0;7;0;1;0;2;1;A01
200900014321;0;7;0;0;2;1;1;B02
200900014321;0;7;0;0;2;1;15;A01
200900014322;0;7;0;0;9;0;17;A01
200900014322;0;1;0;0;2;0;2;B02
200900014323;0;7;0;0;2;2;19;A01
200900014323;0;7;0;0;2;1;1;B02
200900014324;0;7;0;13;0;2;16;A01
200900014325;0;3;0;0;2;1;17;A01
200900014325;0;7;0;0;2;6;1;B01
200900014325;0;7;0;0;2;6;1;C01
200900014326;0;7;0;0;1;1;1;A01
200900014327;0;7;0;0;1;2;1;A01
200900014328;0;7;0;0;2;1;1;B02
200900014328;0;1;0;0;2;3;19;A01
200900014329;0;17;0;0;2;3;2;B01
200900014329;0;17;0;0;0;5;2;A01
200900014330;0;31;0;0;2;1;2;D01
200900014330;0;10;0;0;0;4;1;C01
200900014330;0;7;0;0;2;1;1;B01
200900014330;0;7;0;0;2;1;1;A01
200900014331;0;7;0;1;1;1;1;A01
200900014332;0;7;0;0;2;3;15;A01
200900014332;0;34;0;0;2;1;1;B02
200900014333;0;33;0;0;1;2;0;A01
200900014334;0;10;0;0;2;3;1;B01
200900014334;0;31;0;0;2;1;1;A01
200900014335;0;33;0;0;2;1;1;A01
200900014335;0;7;0;4;0;8;5;B02
200900014336;0;33;0;16;0;9;1;A01
200900014337;0;7;0;0;2;4;23;B01
200900014337;0;10;0;0;2;1;1;A01
200900014338;0;7;0;0;2;2;1;A01
200900014338;0;2;0;0;2;1;1;B01
200900014339;0;32;0;16;0;1;1;A01
200900014340;0;7;0;0;1;2;1;A01
200900014341;0;7;0;0;1;2;16;A01
200900014342;0;7;0;0;2;4;23;B01
200900014342;0;14;0;0;2;1;1;A01
200900014343;0;10;0;0;2;1;2;A01
200900014343;0;7;0;0;0;4;1;B01
200900014344;0;7;0;0;2;1;0;A01
200900014344;0;7;0;0;2;1;1;B01
200900014345;0;7;0;0;2;1;2;B01
200900014345;0;7;0;11;2;1;5;A01
200900014346;0;7;0;0;2;1;15;A01
200900014346;0;7;0;0;2;1;1;B01
200900014347;0;33;0;0;2;1;1;B01
200900014347;0;7;0;0;2;1;15;A01
200900014348;0;7;0;0;2;6;1;B01
200900014348;0;7;0;0;2;2;1;A01
200900014349;0;33;0;0;2;4;1;B02
200900014350;0;7;0;0;1;1;1;A01
200900014351;0;1;0;0;2;0;19;B01
200900014351;0;7;0;0;2;1;1;A01
200900014352;0;7;0;0;1;2;1;A01
200900014353;0;7;0;0;0;4;2;A01
200900014353;2;7;0;0;2;1;2;Z01
200900014354;0;7;0;0;1;3;1;A01
200900014355;0;1;0;0;0;1;1;B01
200900014355;0;7;0;0;2;1;9;A01
200900014356;0;2;0;6;0;1;0;A01
200900014357;0;7;0;0;9;1;15;A01
200900014358;0;7;0;0;2;1;1;A01
200900014358;0;7;0;0;2;4;1;B01
200900014359;0;7;0;0;2;7;10;A01
200900014359;0;32;0;0;2;1;1;B02
200900014360;0;30;0;0;2;7;2;A01
200900014360;0;7;0;0;2;3;2;B01
200900014361;0;33;0;7;0;1;13;A01
200900014362;0;33;0;0;2;1;;A01
200900014362;1;7;0;;2;;;Z01
200900014363;0;7;0;7;0;1;6;A01
200900014364;0;7;0;0;1;2;15;A01
200900014365;0;7;0;0;2;1;1;A01
200900014365;0;7;0;0;2;4;1;C01
200900014365;0;7;0;0;2;4;1;B01
200900014366;0;30;0;0;2;2;1;B01
200900014366;0;7;0;0;2;3;0;A01
200900014367;0;33;0;0;1;1;1;A01
200900014368;0;10;0;0;2;4;2;B01
200900014368;0;2;0;0;2;1;1;A01
200900014369;0;7;0;0;1;1;1;A01
200900014370;0;2;0;4;0;1;1;A01
200900014371;0;7;0;0;0;4;23;B02
200900014371;0;7;0;0;0;4;23;A01
200900014371;0;7;0;0;0;4;23;C03
200900014371;2;7;0;0;0;1;2;D04
200900014372;0;10;0;0;1;1;1;A01
200900014373;0;7;0;0;2;3;15;A01
200900014373;0;34;0;;2;1;17;B01
200900014374;0;7;0;0;0;1;9;A01
200900014374;0;1;0;0;0;1;1;B01
200900014375;0;2;0;0;1;4;1;A01
200900014376;0;7;0;0;2;3;11;B02
200900014376;0;33;0;0;2;2;17;A01
200900014377;0;33;0;0;2;1;17;A01
200900014377;0;7;0;0;2;3;9;B01
200900014378;0;30;0;0;2;7;1;A01
200900014378;1;7;0;0;2;3;1;Z01
200900014379;0;33;0;0;2;3;5;B01
200900014379;0;10;0;0;2;3;15;A01
200900014380;0;7;0;0;2;2;1;B01
200900014380;0;30;0;0;2;1;1;A01
200900014381;0;7;0;0;2;1;1;A01
200900014381;0;10;0;0;2;4;1;C01
200900014381;0;7;0;0;2;4;1;B01
200900014382;0;7;0;0;2;8;15;B01
200900014382;0;33;0;0;2;3;17;A01
200900014383;0;7;0;6;0;1;1;A01
200900014384;0;7;0;0;2;1;1;B01
200900014384;2;7;0;0;2;1;1;A01
200900014385;0;1;0;0;0;1;1;B01
200900014385;0;7;0;0;2;1;1;A01
200900014386;0;36;0;1;0;3;16;A01
200900014387;0;7;0;0;2;3;15;B02
200900014387;0;31;0;0;2;1;1;A01
200900014388;0;10;0;1;0;1;1;A01
200900014389;0;7;0;0;2;1;13;A01
200900014389;0;7;0;0;2;1;1;B02
200900014390;0;30;0;0;2;0;15;B02
200900014390;0;30;0;0;2;1;1;A01
200900014391;0;33;0;13;0;1;14;A01
200900014392;0;33;0;0;1;3;1;A01
200900014393;0;33;0;11;0;1;1;A01
200900014394;0;7;0;1;0;8;1;A01
200900014395;0;33;0;0;2;1;13;A01
200900014395;0;7;0;0;2;1;1;B02
200900014396;0;33;0;0;0;7;1;A01
200900014397;0;7;0;2;0;1;1;A01
200900014398;0;14;0;0;1;2;1;A01
200900014399;0;7;0;13;0;3;1;A01
200900014400;0;17;0;0;2;2;1;B02
200900014400;0;7;0;0;2;1;17;A01
200900014401;1;7;0;0;1;3;1;A01
200900014402;0;30;0;6;0;3;13;A01
200900014403;0;10;0;2;0;1;13;A01
200900014404;0;7;0;0;2;1;1;B02
200900014404;0;7;0;0;2;3;19;A01
200900014405;0;7;0;0;2;3;1;B01
200900014405;0;7;0;7;2;3;6;A01
200900014406;0;31;0;0;2;1;1;A01
200900014406;0;7;0;0;2;8;19;B02
200900014407;0;7;0;0;0;1;2;C03
200900014408;0;7;0;8;0;9;1;A01
200900014409;0;7;0;3;0;3;1;A01
200900014410;0;7;0;0;2;1;2;B02
200900014410;0;7;0;0;0;8;10;A01
200900014411;0;7;0;6;0;1;14;A01
200900014412;0;7;0;3;0;9;11;A01
200900014413;0;7;0;0;1;1;1;A01
200900014414;0;7;0;2;0;1;1;A01
200900014415;0;7;0;0;2;1;1;C03
200900014415;0;7;0;0;2;2;19;A01
200900014415;0;10;0;0;2;3;1;B02
200900014416;0;7;0;0;2;2;17;A01
200900014416;0;3;0;0;0;6;1;B02
200900014417;0;7;0;0;2;3;1;B02
200900014417;0;7;0;0;2;3;11;A01
200900014417;0;7;0;0;2;1;23;C03
200900014418;0;7;0;0;6;9;21;A01
200900014419;0;7;0;0;2;1;2;A01
200900014419;0;7;0;2;0;4;2;B02
200900014420;0;7;0;0;1;3;1;A01
200900014421;0;7;0;0;2;1;2;A01
200900014421;0;14;0;0;0;0;0;B02
200900014422;0;7;0;0;2;1;1;B02
200900014422;0;7;0;0;2;1;15;A01
200900014423;0;7;0;0;0;4;16;B02
200900014423;0;7;0;0;2;1;1;A01
200900014424;0;7;0;13;0;8;1;A01
200900014425;0;7;0;8;2;8;1;B02
200900014425;0;7;0;0;2;1;19;A01
200900014426;0;7;0;0;6;1;1;A01
200900014427;0;7;0;0;0;3;1;A01
200900014428;0;7;0;0;2;1;1;B02
200900014428;0;7;0;3;2;7;19;A01
200900014429;0;7;0;0;2;1;1;B02
200900014429;0;7;0;0;2;1;3;A01
200900014430;0;14;0;2;0;2;1;A01
200900014431;0;7;0;0;2;1;19;A01
200900014431;0;7;0;0;2;7;1;B02
200900014432;0;7;0;0;0;9;1;A01
200900014433;0;7;0;0;2;1;1;B02
200900014433;0;7;0;0;2;7;19;A01
200900014434;0;7;0;0;2;8;1;A01
200900014434;0;30;0;0;2;1;1;B01
200900014435;0;7;0;0;0;8;0;B01
200900014435;0;7;0;0;2;1;9;A01
200900014436;0;7;0;0;2;1;1;B01
200900014436;0;7;0;0;2;2;11;A01
200900014437;0;7;0;5;0;7;0;A01
200900014438;0;7;0;0;2;1;1;B01
200900014438;0;7;0;0;0;3;15;A01
200900014439;0;2;0;0;2;8;13;B01
200900014439;0;7;0;0;2;7;2;A01
200900014440;0;10;0;0;2;7;1;B01
200900014440;0;99;0;0;2;3;1;A01
200900014441;0;2;0;0;0;2;0;A01
200900014442;0;33;0;13;0;1;1;A01
200900014443;1;7;0;0;1;1;1;A01
200900014444;0;7;0;0;2;1;2;A01
200900014444;0;7;0;0;2;4;2;B01
200900014445;0;7;0;0;2;8;0;A01
200900014445;0;2;0;0;2;1;0;B01
200900014446;0;7;0;0;2;2;1;B02
200900014446;0;7;0;9;2;2;13;A01
200900014447;0;7;0;1;0;2;1;A01
200900014448;0;7;0;0;1;2;0;A01
200900014449;0;36;0;12;0;2;14;A01
200900014450;0;7;0;0;2;1;0;A01
200900014450;0;7;0;0;2;1;0;B01
200900014451;0;30;0;0;2;1;1;B01
200900014451;0;7;0;0;2;8;10;A01
200900014452;0;33;0;0;0;3;1;B01
200900014452;0;7;0;0;0;7;16;A01
200900014453;0;34;0;0;0;2;1;A01
200900014454;0;7;0;0;0;9;21;A01
200900014455;0;7;0;8;2;2;15;A01
200900014455;0;7;0;0;2;1;1;B02
200900014456;0;7;0;0;1;1;0;A01
200900014457;0;2;0;0;0;0;0;A01
200900014458;0;7;0;0;2;8;17;A01
200900014458;0;2;0;0;2;1;17;B01
200900014459;0;7;0;0;2;2;21;A01
200900014460;0;7;0;0;2;2;0;A01
200900014460;0;7;0;0;2;1;0;B01
200900014461;0;7;0;2;0;1;0;A01
200900014462;0;7;0;0;2;1;0;A01
200900014462;0;7;0;0;2;6;2;B01
200900014463;0;7;0;0;2;6;23;B01
200900014463;0;7;0;0;0;8;23;C01
200900014463;0;99;0;0;2;1;1;A01
200900014464;0;7;0;0;2;8;0;B01
200900014464;0;30;0;0;2;1;13;A01
200900014465;0;7;0;0;0;3;15;A01
200900014465;0;33;0;0;2;3;1;B01
200900014466;0;7;0;0;0;8;15;B01
200900014466;0;34;0;0;0;7;17;A01
200900014467;0;1;0;0;0;1;1;A01
200900014468;0;7;0;0;9;1;9;A01
200900014468;0;1;0;0;0;4;1;B02
200900014469;0;7;0;0;2;2;2;A01
200900014469;0;7;0;0;0;6;2;B01
200900014470;0;7;0;0;1;3;0;A01
200900014471;0;10;0;0;1;1;1;A01
200900014472;0;33;0;0;0;0;0;A01
200900014473;0;7;0;0;2;4;2;A01
200900014473;0;33;0;0;2;1;23;B01
200900014474;0;7;0;0;2;3;13;A01
200900014474;0;7;0;0;2;3;1;B01
200900014475;0;7;0;0;0;3;1;A01
200900014476;0;2;0;0;1;1;0;A01
200900014477;0;7;0;0;2;5;0;A01
200900014477;0;7;0;0;2;3;0;B01
200900014478;0;7;0;0;2;7;15;A01
200900014478;0;7;0;0;2;3;1;B01
200900014479;0;33;0;0;2;8;1;B01
200900014479;0;7;0;0;2;2;15;A01
200900014480;0;7;0;0;2;2;16;A01
200900014480;0;1;0;0;2;1;1;B01
200900014481;0;7;0;0;1;1;1;A01
200900014482;0;7;0;1;0;3;1;B01
200900014482;0;1;0;0;0;1;1;A01
200900014483;0;10;0;0;2;8;15;B01
200900014483;0;2;0;0;2;2;1;A01
200900014484;0;30;0;0;2;1;2;A01
200900014484;0;30;0;0;2;8;1;B01
200900014485;0;2;0;0;2;1;1;A01
200900014485;1;37;2;0;2;6;0;B01
200900014486;0;7;0;0;2;4;23;B01
200900014486;0;7;0;0;2;1;2;A01
200900014486;0;13;0;0;2;4;23;C01
200900014487;0;7;0;0;1;3;2;A01
200900014488;0;37;1;0;1;5;2;A01
200900014489;0;7;0;0;0;8;9;A01
200900014489;0;7;0;0;2;2;2;B01
200900014490;0;7;0;0;0;4;2;B01
200900014490;0;7;0;0;2;1;2;A01
200900014491;0;20;0;0;2;4;0;B01
200900014491;0;7;0;0;2;2;0;A01
200900014492;0;7;0;6;0;1;15;A01
200900014493;0;7;0;0;0;2;1;A01
200900014494;0;7;0;0;0;8;1;A01
200900014495;0;7;0;0;0;4;2;B01
200900014495;0;37;1;0;2;1;2;A01
200900014496;0;7;0;0;1;7;0;A01
200900014497;0;33;0;0;0;8;9;A01
200900014497;0;7;0;0;2;1;1;B01
200900014498;0;15;0;0;2;2;1;B01
200900014498;0;7;0;0;2;5;11;A01
200900014499;0;33;0;0;1;2;0;A01
200900014500;0;7;0;0;0;9;0;A01
200900014501;0;7;0;0;2;4;2;B01
200900014501;0;7;0;0;2;1;2;A01
200900014502;0;7;0;0;2;1;0;B01
200900014502;0;7;0;0;0;4;0;C01
200900014502;0;7;0;0;2;4;0;A01
200900014503;0;7;0;0;2;3;2;B01
200900014503;0;7;0;0;2;5;15;C01
200900014503;0;7;0;0;2;1;2;A01
200900014504;0;7;0;0;0;1;0;A01
200900014505;0;33;0;0;2;3;3;B01
200900014505;0;7;0;0;0;7;12;A01
200900014505;0;7;0;0;0;6;1;C01
200900014506;0;33;0;4;2;7;1;B01
200900014506;0;14;0;0;2;8;11;A01
200900014507;0;33;0;0;0;0;21;A01
200900014508;0;33;0;0;2;3;1;B01
200900014508;0;7;0;0;2;5;12;A01
200900014509;0;33;0;0;2;1;2;A01
200900014509;0;7;0;0;2;4;2;B01
200900014510;0;17;0;0;2;2;12;A01
200900014510;0;7;0;0;2;3;1;B01
200900014511;0;7;0;0;2;1;13;A01
200900014511;0;7;0;0;2;1;1;B01
200900014512;0;7;0;0;2;1;16;A01
200900014512;0;7;0;0;0;3;1;B02
200900014513;0;7;0;0;1;3;0;A01
200900014514;0;7;0;0;1;1;1;A01
200900014515;0;7;0;0;1;4;1;A01
200900014515;0;37;2;0;0;2;0;B01
200900014516;0;7;0;0;2;1;1;B02
200900014516;0;7;0;0;2;1;1;C03
200900014516;0;7;0;0;2;1;1;A01
200900014516;0;7;0;0;2;1;1;D04
200900014516;0;7;0;0;2;1;0;E05
200900014517;0;10;0;13;0;7;1;A01
200900014518;0;7;0;0;0;0;0;A01
200900014519;0;7;0;13;0;2;1;A01
200900014520;0;7;0;0;2;2;2;A01
200900014520;0;1;0;0;0;4;2;B02
200900014521;0;7;0;0;2;0;15;A01
200900014521;0;2;0;0;2;0;1;B01
200900014522;0;7;0;0;2;1;1;A01
200900014522;0;7;0;6;2;5;15;B02
200900014523;0;7;0;0;2;1;1;A01
200900014523;0;31;0;0;2;4;1;B02
200900014523;0;7;0;0;2;1;1;C03
200900014524;0;7;0;0;2;4;1;C01
200900014524;0;7;0;0;2;1;1;A01
200900014524;0;7;0;0;2;4;1;B01
200900014525;0;7;0;0;0;4;2;B02
200900014525;0;7;0;0;2;1;2;A01
200900014526;0;7;0;13;0;7;1;A01
200900014527;0;15;0;0;2;4;24;B02
200900014527;0;7;0;1;0;1;14;A01
200900014528;0;7;0;13;0;3;1;A01
200900014529;0;7;0;1;0;1;1;A01
200900014529;0;7;0;0;0;4;24;B02
200900014530;0;7;0;0;1;2;1;A01
200900014531;0;7;0;0;1;1;1;A01
200900014532;0;7;0;0;0;4;1;A01
200900014532;0;7;0;0;2;2;1;B01
200900014533;0;7;0;0;2;4;2;B01
200900014533;0;7;0;0;2;1;2;A01
200900014534;0;7;0;7;0;3;1;A01
200900014535;0;7;0;4;0;8;1;A01
200900014536;0;7;0;0;1;2;0;A01
200900014537;0;10;0;0;1;3;13;A01
200900014538;0;7;0;4;0;1;0;A01
200900014539;0;7;0;0;0;4;23;B01
200900014539;0;7;0;0;2;1;2;A01
200900014540;0;7;0;0;9;9;1;A01
200900014541;0;99;0;0;1;2;1;A01
200900014542;0;7;0;13;0;4;2;A01
200900014543;0;2;0;0;2;5;1;B01
200900014543;0;7;0;0;2;3;9;A01
200900014544;0;7;0;0;1;2;1;A01
200900014545;0;7;0;16;0;2;1;A01
200900014546;0;7;0;0;2;6;15;A01
200900014546;0;10;0;0;2;3;1;B02
200900014547;0;7;0;0;1;0;1;A01
200900014548;0;7;0;2;0;3;1;A01
200900014549;0;7;0;0;1;1;9;A01
200900014550;0;7;0;0;0;1;2;A01
200900014550;0;7;0;0;0;4;15;B01
200900014551;0;7;0;0;2;1;1;B01
200900014551;0;7;0;0;2;1;0;A01
200900014552;0;7;0;0;2;7;19;A01
200900014552;0;7;0;0;2;1;1;B02
200900014553;0;7;0;0;1;1;1;A01
200900014554;0;7;0;0;0;0;2;A01
200900014555;0;7;0;0;2;1;2;A01
200900014555;0;10;0;0;0;4;2;B01
200900014556;0;7;0;0;2;5;16;A01
200900014556;0;7;0;0;2;1;1;B02
200900014557;0;7;0;0;2;2;1;B01
200900014557;0;7;0;0;2;2;9;A01
200900014558;0;7;0;0;1;3;15;A01
200900014559;0;7;0;0;0;0;0;A01
200900014559;0;2;0;0;0;0;0;B01
200900014560;0;7;0;2;1;1;13;A01
200900014561;0;7;0;0;2;1;2;A01
200900014561;0;7;0;0;0;4;2;B01
200900014562;0;7;0;0;2;1;13;A01
200900014562;0;7;0;0;2;3;1;B01
200900014563;0;7;0;13;0;1;13;A01
200900014564;0;2;0;0;0;8;2;A01
200900014565;0;7;0;0;0;4;1;B01
200900014565;0;7;0;0;2;3;13;A01
200900014566;0;7;0;0;1;2;1;A01
200900014567;0;7;0;13;0;9;1;A01
200900014568;0;7;0;0;1;1;1;A01
200900014569;0;7;0;0;1;2;1;A01
200900014570;0;7;0;0;0;6;2;B02
200900014570;0;30;0;0;2;1;2;A01
200900014571;0;7;0;15;0;1;14;A01
200900014572;0;2;0;0;0;4;2;A01
200900014572;0;7;0;0;2;1;2;B02
200900014573;0;7;0;0;2;8;19;B01
200900014573;0;10;0;0;2;3;5;A01
200900014574;0;30;0;0;2;7;17;B02
200900014574;0;21;0;0;2;8;15;A01
200900014575;0;7;0;2;0;2;0;A01
200900014576;0;10;0;0;1;4;4;A01
200900014577;0;36;0;0;2;6;4;A01
200900014577;0;30;0;0;2;3;1;B02
200900014578;0;33;0;13;0;7;0;A01
200900014579;0;7;0;0;2;1;15;A01
200900014579;0;7;0;0;2;1;1;B02
200900014580;0;7;0;0;0;0;1;A01
200900014581;0;33;0;13;0;9;13;A01
200900014582;0;7;0;0;2;1;1;A01
200900014582;0;7;0;0;2;9;13;B02
200900014582;0;7;0;0;2;1;17;C03
200900014583;0;2;0;7;0;2;1;A01
200900014584;0;7;0;6;1;7;1;A01
200900014585;0;33;0;0;2;1;1;B01
200900014585;0;7;0;0;2;7;15;A01
200900014586;0;7;0;2;0;8;1;A01
200900014587;0;7;0;0;2;3;1;B02
200900014587;0;7;0;0;2;2;1;A01
200900014588;0;7;0;0;2;1;19;A01
200900014589;0;14;0;13;0;1;1;A01
200900014590;0;7;0;1;0;5;14;A01
200900014591;0;3;0;0;2;7;1;B02
200900014591;0;7;0;0;2;3;10;A01
200900014592;0;7;0;0;1;2;20;A01
200900014593;0;33;0;0;2;1;1;B02
200900014593;0;7;0;0;2;2;15;A01
200900014594;0;33;0;0;1;1;21;A01
200900014595;0;1;0;0;2;0;0;B01
200900014595;0;7;0;0;2;0;1;A01
200900014596;0;7;0;0;2;3;15;B01
200900014596;0;10;0;0;2;2;17;A01
200900014597;0;10;0;0;1;4;4;A01
200900014598;0;7;0;0;2;2;1;B01
200900014598;0;2;0;0;2;1;1;A01
200900014599;0;7;0;6;0;1;19;A01
200900014600;0;7;0;0;1;2;1;A01
200900014601;0;30;0;0;0;7;1;B01
200900014601;0;7;0;0;2;3;9;A01
200900014602;0;7;0;0;2;1;1;B01
200900014602;0;2;0;0;2;8;11;A01
200900014603;0;2;0;12;0;1;1;A01
200900014604;0;2;0;0;2;1;1;A01
200900014604;0;7;0;0;0;5;1;B01
200900014605;0;1;0;0;2;8;1;B01
200900014605;0;10;0;0;2;1;1;A01
200900014606;0;7;0;0;2;3;1;B01
200900014606;0;1;0;0;2;1;1;A01
200900014607;0;7;0;6;0;1;13;A01
200900014608;0;30;0;8;0;1;0;A01
200900014609;0;7;0;2;6;9;21;A01
200900014610;0;7;0;0;0;1;1;A01
200900014611;0;7;0;8;0;1;1;A01
200900014612;0;7;0;3;0;7;1;A01
200900014613;0;7;0;0;2;2;19;A01
200900014613;0;7;0;0;2;8;1;B02
200900014614;0;33;0;0;2;1;1;A01
200900014614;0;7;0;0;2;1;1;B02
200900014615;0;31;0;0;1;1;1;A01
200900014616;0;7;0;0;0;2;1;B01
200900014616;0;30;0;0;2;1;1;A01
200900014617;0;30;0;1;0;1;1;A01
200900014618;0;33;0;1;0;1;1;A01
200900014619;0;33;0;0;2;1;17;B01
200900014619;0;7;0;0;2;3;17;A01
200900014620;0;7;0;0;2;4;2;B01
200900014620;0;10;0;0;2;1;2;A01
200900014621;0;7;0;0;2;5;16;A01
200900014621;0;2;0;0;2;2;1;B02
200900014622;0;38;0;0;0;4;1;B02
200900014622;0;14;0;0;2;1;1;A01
200900014623;0;33;0;0;6;1;1;A01
200900014624;0;7;0;2;0;1;1;A01
200900014625;0;30;0;0;9;7;16;A01
200900014625;0;1;0;0;2;1;1;B02
200900014626;0;7;0;10;0;2;1;A01
200900014627;0;7;0;6;0;1;14;A01
200900014628;0;7;0;14;0;1;1;A01
200900014629;0;7;0;0;2;2;13;A01
200900014629;0;7;0;0;2;2;21;B02
200900014630;0;33;0;13;0;1;1;A01
200900014631;0;33;0;13;0;1;1;A01
200900014632;0;7;0;0;2;3;1;A01
200900014632;0;30;0;0;2;1;13;B02
200900014633;0;7;0;0;2;1;1;B02
200900014633;0;7;0;0;2;1;13;A01
200900014634;0;7;0;0;0;1;13;A01
200900014634;0;7;0;0;0;1;23;B02
200900014635;0;15;0;0;2;1;1;B02
200900014635;0;7;0;0;2;5;11;A01
200900014636;0;10;0;0;2;6;1;A01
200900014636;0;2;0;0;2;6;1;B02
200900014637;0;7;0;0;2;1;1;A01
200900014637;0;7;0;0;2;4;2;B01
200900014637;0;7;0;0;2;4;2;D01
200900014637;0;7;0;0;2;4;2;C01
200900014638;0;33;0;0;2;2;17;A01
200900014638;0;7;0;0;0;3;15;B01
200900014639;0;7;0;13;0;9;14;A01
200900014640;0;7;0;0;2;6;1;A01
200900014640;0;14;0;0;2;3;15;B01
200900014641;0;31;0;0;2;1;15;B02
200900014641;0;33;0;0;2;1;1;A01
200900014642;0;7;0;0;2;1;19;A01
200900014642;0;7;0;0;2;1;1;B01
200900014643;0;7;0;0;2;1;2;A01
200900014643;0;7;0;0;2;4;2;C01
200900014643;0;10;0;0;2;4;2;B01
200900014644;0;2;0;12;0;1;1;A01
200900014645;0;7;0;0;2;2;15;A01
200900014645;0;7;0;0;2;1;1;B01
200900014646;0;7;0;0;2;3;1;B01
200900014646;0;7;0;0;2;1;16;A01
200900014647;0;7;0;3;2;1;5;A01
200900014647;0;7;0;0;2;1;1;B01
200900014648;0;15;0;0;2;2;15;A01
200900014648;0;7;0;0;2;8;1;B01
200900014649;0;7;0;0;2;7;15;A01
200900014649;0;31;0;0;2;1;1;B01
200900014650;0;7;0;0;2;8;15;A01
200900014650;0;17;0;0;2;1;1;B02
200900014651;0;7;0;6;0;2;1;A01
200900014652;0;7;0;0;2;1;1;A01
200900014652;0;7;0;0;2;3;15;B02
200900014653;0;15;0;0;2;3;23;C01
200900014653;0;7;0;0;2;3;1;A01
200900014653;0;7;0;0;2;1;15;B01
200900014654;0;31;0;7;0;1;1;A01
200900014655;0;33;0;13;0;1;1;A01
200900014656;0;7;0;0;2;3;1;B02
200900014656;0;7;0;0;2;3;13;A01
200900014657;0;7;0;0;2;2;16;A01
200900014657;0;32;0;0;2;8;1;B01
200900014658;0;7;0;1;0;1;0;A01
200900014659;0;7;0;0;2;4;2;B01
200900014659;0;7;0;0;2;1;2;A01
200900014660;0;7;0;0;0;1;2;A01
200900014660;0;37;1;0;0;4;0;B01
200900014661;0;7;0;0;0;1;15;A01
200900014661;0;1;0;0;0;1;0;B01
200900014662;0;7;0;0;0;0;0;B01
200900014662;0;30;0;0;0;1;0;A01
200900014663;0;2;0;0;2;7;1;B01
200900014663;0;7;0;0;2;1;1;A01
200900014664;0;7;0;0;2;3;9;B01
200900014664;0;7;0;0;2;1;1;A01
200900014665;0;7;0;0;1;0;1;A01
200900014666;0;7;0;0;0;1;1;A01
200900014666;0;1;0;0;0;0;2;B01
200900014667;0;7;0;1;9;8;24;A01
200900014667;0;1;0;0;0;0;1;B01
200900014668;0;7;0;0;0;7;7;A01
200900014668;0;2;0;0;2;3;7;B01
200900014669;0;7;0;0;1;7;0;A01
200900014670;0;2;0;0;0;0;0;A01
200900014671;0;30;0;0;0;7;0;A01
200900014672;0;7;0;0;0;1;11;A01
200900014672;0;7;0;0;2;8;1;B01
200900014673;0;7;0;0;0;7;0;B01
200900014673;0;1;0;0;0;1;0;A01
200900014674;0;7;0;0;1;3;0;A01
200900014675;0;7;0;0;2;2;0;A01
200900014675;0;38;0;0;0;3;2;B01
200900014676;0;1;0;0;0;1;1;B01
200900014676;0;7;0;0;0;1;15;A01
200900014677;0;30;0;0;0;9;0;A01
200900014678;0;33;0;0;1;1;0;A01
200900014679;0;7;0;0;2;6;9;A01
200900014679;0;7;0;0;2;1;1;B01
200900014680;0;37;2;0;2;0;0;A01
200900014680;0;1;0;0;2;0;0;B01
200900014681;0;7;0;0;0;0;0;A01
200900014682;0;2;0;0;0;0;0;A01
200900014683;0;31;0;0;2;7;17;A01
200900014683;0;7;0;0;2;8;15;B01
200900014684;0;14;0;0;2;0;9;B01
200900014684;0;30;0;0;0;1;15;A01
200900014685;0;30;0;0;0;0;16;A01
200900014685;0;33;0;0;0;8;0;B01
200900014686;0;7;0;0;0;0;0;A01
200900014687;0;7;0;0;2;3;15;A01
200900014687;0;7;0;0;2;1;1;B01
200900014688;0;7;0;0;1;1;1;A01
200900014689;0;2;0;0;2;1;17;A01
200900014689;0;7;0;0;2;8;15;B01
200900014690;0;7;0;0;2;0;0;A01
200900014690;0;7;0;0;2;0;0;B01
200900014691;0;7;0;0;2;4;2;A01
200900014691;0;7;0;0;0;4;2;B01
200900014692;0;7;0;0;2;8;12;A01
200900014692;0;32;0;0;2;0;0;B01
200900014693;0;7;0;0;2;1;1;B01
200900014693;0;7;0;0;2;7;9;A01
200900014694;0;7;0;4;0;3;1;A01
200900014695;0;7;0;0;2;2;11;A01
200900014695;0;33;0;0;2;1;1;B02
200900014696;0;33;0;0;0;0;21;A01
200900014697;0;2;0;0;2;1;1;B02
200900014697;0;7;0;0;2;3;19;A01
200900014698;0;33;0;0;2;1;19;A01
200900014698;0;10;0;0;2;7;1;B02
200900014699;0;7;0;0;2;1;1;A01
200900014699;0;7;0;0;2;1;1;B02