num_acc;senc;catv;occutc;obs;obsm;choc;manv;num_veh
200900015081;0;7;0;0;2;7;10;A01
200900015081;0;7;0;0;2;1;1;B01
200900015082;0;7;0;0;1;3;1;A01
200900015083;0;7;0;0;1;4;4;A01
200900015084;0;7;0;0;2;3;9;A01
200900015084;0;2;0;0;2;1;1;B01
200900015085;0;7;0;0;2;4;1;B01
200900015085;0;33;0;0;2;1;2;A01
200900015086;0;7;0;0;2;8;1;B01
200900015086;0;3;0;0;2;2;15;A01
200900015087;0;33;0;0;2;1;1;B01
200900015087;0;7;0;0;2;6;15;A01
200900015088;0;7;0;0;2;7;14;A01
200900015088;0;7;0;0;2;8;1;B01
200900015089;0;10;0;0;2;0;0;A01
200900015089;0;7;0;4;2;0;0;B01
200900015090;0;7;0;0;2;0;1;C01
200900015090;0;7;0;0;2;0;1;B01
200900015090;0;20;0;0;2;1;12;A01
200900015091;0;7;0;0;2;0;0;A01
200900015091;0;7;0;0;2;0;1;C01
200900015091;0;7;0;0;2;0;0;B01
200900015092;0;7;0;3;0;0;0;A01
200900015092;0;7;0;0;2;1;0;B01
200900015093;0;7;0;3;0;0;0;A01
200900015094;0;7;0;0;2;0;12;A01
200900015094;0;33;0;0;2;0;1;B01
200900015095;0;7;0;4;0;0;0;A01
200900015096;0;7;0;0;2;1;2;A01
200900015096;0;7;0;0;2;4;2;B01
200900015097;0;33;0;16;0;0;0;A01
200900015098;0;7;0;0;2;4;2;C01
200900015098;0;7;0;0;2;1;2;A01
200900015098;0;7;0;0;2;4;2;B01
200900015099;0;7;0;12;0;9;14;A01
200900015100;0;7;0;0;2;4;2;B01
200900015100;0;17;0;0;2;1;2;A01
200900015101;0;7;0;3;0;0;0;A01
200900015102;0;33;0;0;2;1;2;A01
200900015102;1;7;0;0;2;4;2;B01
200900015103;0;7;0;3;2;5;12;A01
200900015103;0;33;0;0;2;8;1;B01
200900015103;0;7;0;0;2;4;1;C01
200900015104;0;38;2;16;0;7;14;A01
200900015105;0;10;0;3;0;9;0;A01
200900015106;0;33;0;0;2;1;3;A01
200900015106;0;7;0;0;2;4;12;B01
200900015107;0;7;0;0;2;0;12;A01
200900015107;0;7;0;0;2;0;2;B01
200900015107;0;10;0;0;2;4;1;C01
200900015108;0;7;0;0;2;4;2;B01
200900015108;0;17;0;0;2;1;2;A01
200900015108;0;17;0;0;2;4;2;C01
200900015109;0;33;0;0;2;1;2;A01
200900015109;0;7;0;0;2;6;2;B01
200900015110;0;7;0;0;2;4;2;E01
200900015110;0;7;0;0;2;1;2;B01
200900015110;0;7;0;0;2;4;2;C01
200900015110;0;10;0;0;2;1;2;A01
200900015110;0;7;0;0;2;4;2;D01
200900015111;0;7;0;4;2;8;11;A01
200900015111;0;10;0;0;2;7;1;B01
200900015112;0;7;0;0;2;1;2;A01
200900015112;0;10;0;0;2;4;2;B01
200900015113;0;10;0;0;2;1;2;A01
200900015113;0;7;0;0;2;4;2;B01
200900015113;0;7;0;0;2;4;2;C01
200900015114;0;10;0;3;2;0;0;A01
200900015114;0;14;0;0;2;0;1;B01
200900015115;0;7;0;0;2;4;2;B01
200900015115;0;7;0;0;2;1;2;A01
200900015116;0;7;0;0;2;1;2;A01
200900015116;0;17;0;0;2;4;2;B01
200900015117;0;17;0;0;2;8;1;C01
200900015117;0;17;0;0;0;0;11;A01
200900015117;0;33;0;3;2;8;17;B01
200900015118;0;7;0;13;0;9;14;A01
200900015119;0;14;0;3;0;0;0;A01
200900015120;0;7;0;0;2;7;12;A01
200900015120;0;7;0;0;2;8;1;B01
200900015121;0;7;0;4;0;0;0;A01
200900015122;0;7;0;3;0;3;13;A01
200900015123;0;7;0;2;0;0;0;A01
200900015124;0;7;0;13;0;0;0;A01
200900015125;0;17;0;0;2;0;0;B01
200900015125;0;7;0;0;2;0;0;A01
200900015126;0;7;0;0;2;0;0;A01
200900015126;0;7;0;0;2;0;0;B01
200900015127;0;7;0;3;0;0;0;A01
200900015128;0;7;0;0;2;1;2;A01
200900015128;0;7;0;0;2;4;2;B01
200900015128;0;7;0;0;2;4;2;C01
200900015129;0;7;0;0;2;4;2;B01
200900015129;0;10;0;4;2;1;2;A01
200900015130;0;7;0;0;0;0;0;A01
200900015131;0;33;0;15;0;1;0;A01
200900015132;0;7;0;0;2;0;0;A01
200900015132;0;7;0;13;2;0;0;B01
200900015133;0;7;0;0;2;0;1;B01
200900015133;0;33;0;0;2;0;17;A01
200900015134;0;33;0;0;2;0;0;A01
200900015134;0;7;0;0;2;4;1;B01
200900015135;0;33;0;0;0;0;0;A01
200900015136;0;14;0;4;0;0;0;A01
200900015137;0;33;0;0;2;1;1;B01
200900015137;0;7;0;0;2;5;1;A01
200900015138;0;7;0;0;1;6;1;A01
200900015139;0;7;0;0;1;1;23;A01
200900015140;0;7;0;0;9;6;1;B01
200900015140;0;7;0;0;2;2;1;A01
200900015140;0;7;0;0;2;1;1;C01
200900015141;0;1;0;0;2;0;0;B01
200900015141;0;7;0;0;2;1;1;A01
200900015142;0;33;0;15;0;2;14;A01
200900015143;0;32;0;9;0;9;1;A01
200900015144;0;7;0;0;2;1;1;B01
200900015144;0;32;0;7;2;7;15;A01
200900015145;0;2;0;0;2;1;2;A01
200900015145;0;7;0;0;2;4;15;B01
200900015146;0;34;0;0;0;0;0;A01
200900015147;0;7;0;1;0;2;1;A01
200900015148;0;7;0;0;2;3;10;A01
200900015148;0;30;0;1;2;5;17;B01
200900015149;0;2;0;1;0;1;1;B01
200900015149;0;7;0;0;2;3;22;A01
200900015150;0;7;0;0;2;1;1;A01
200900015150;0;7;0;1;2;1;1;B01
200900015151;0;33;0;0;2;1;17;A01
200900015151;0;7;0;0;2;6;15;B01
200900015152;0;7;0;0;2;1;9;A01
200900015152;0;37;0;0;2;3;1;B01
200900015153;0;7;0;0;2;3;15;A01
200900015153;0;30;0;0;2;1;1;B01
200900015154;0;2;0;0;2;1;2;A01
200900015154;0;7;0;0;2;4;2;B01
200900015155;0;7;0;0;2;1;1;A01
200900015155;0;1;0;0;2;1;1;B01
200900015156;0;7;0;0;2;4;2;C01
200900015156;0;7;0;0;2;1;2;A01
200900015156;0;7;0;0;2;0;2;B01
200900015157;2;7;0;0;2;3;2;A01
200900015157;0;7;0;0;2;2;9;B01
200900015158;0;2;0;0;2;1;1;B01
200900015158;0;7;0;0;2;7;15;A01
200900015159;0;2;0;9;0;3;1;A01
200900015160;0;2;0;0;0;8;1;A01
200900015161;0;7;0;0;2;1;1;B01
200900015161;0;7;0;0;2;8;19;A01
200900015162;0;13;0;0;2;1;1;A01
200900015162;0;15;0;0;0;4;1;B01
200900015163;0;7;0;13;0;1;1;A01
200900015164;0;7;0;2;0;3;13;A01
200900015165;0;7;0;4;0;1;0;A01
200900015166;0;7;0;13;0;1;21;A01
200900015167;0;7;0;0;2;1;13;A01
200900015167;0;7;0;0;2;1;1;B01
200900015168;0;7;0;2;0;8;14;A01
200900015169;0;7;0;2;0;8;1;A01
200900015170;0;7;0;8;0;1;13;A01
200900015171;0;33;0;0;2;1;2;A01
200900015171;0;33;0;0;0;6;2;B01
200900015172;0;7;0;0;2;3;1;A01
200900015172;0;33;0;0;2;1;1;C01
200900015172;0;7;0;0;2;3;1;B01
200900015173;0;31;0;6;0;1;1;A01
200900015174;0;7;0;8;2;7;15;A01
200900015174;0;7;0;8;2;1;1;B01
200900015175;0;7;0;0;2;8;9;A01
200900015175;0;7;0;0;2;3;1;B01
200900015176;0;7;0;0;2;1;1;B01
200900015176;0;7;0;0;2;1;13;A01
200900015177;0;7;0;0;2;2;1;A01
200900015177;0;2;0;0;2;1;13;B01
200900015178;0;7;0;2;0;3;1;A01
200900015179;0;7;0;2;0;2;1;A01
200900015180;0;7;0;0;2;3;1;B01
200900015180;0;7;0;0;2;3;17;A01
200900015181;0;30;0;0;2;8;1;A01
200900015182;0;7;0;8;0;2;1;A01
200900015183;0;7;0;0;2;5;21;A01
200900015183;0;33;0;0;2;1;21;B01
200900015184;0;7;0;0;2;3;1;B01
200900015184;0;30;0;0;2;3;13;A01
200900015185;0;7;0;0;2;1;2;A01
200900015185;0;7;0;0;0;4;2;B01
200900015186;0;10;0;0;1;4;4;A01
200900015187;0;10;0;0;2;2;9;A01
200900015187;0;7;0;6;2;3;2;B01
200900015188;0;10;0;4;2;1;17;A01
200900015188;0;14;0;4;0;5;2;B01
200900015189;0;7;0;0;2;8;0;A01
200900015189;0;7;0;0;2;1;0;B01
200900015190;0;7;0;0;0;1;16;A01
200900015191;0;15;0;1;0;2;1;C01
200900015191;0;10;0;0;2;1;1;A01
200900015191;0;14;0;0;0;4;1;B01
200900015192;0;33;0;0;2;1;1;B01
200900015192;0;7;0;0;2;1;13;A01
200900015193;0;7;0;6;0;1;1;A01
200900015194;0;7;0;8;0;1;17;A01
200900015195;0;33;0;0;2;1;1;B02
200900015195;0;7;0;0;2;1;15;A01
200900015196;0;7;0;0;2;5;1;C03
200900015196;0;7;0;0;2;3;1;A01
200900015196;0;7;0;0;2;1;1;B02
200900015197;0;7;0;0;2;2;1;B02
200900015197;0;1;0;0;2;7;15;A01
200900015198;2;7;0;0;2;1;13;A01
200900015198;0;7;0;0;2;1;1;B01
200900015199;0;7;0;2;0;1;1;A01
200900015200;0;7;0;3;0;1;1;A01
200900015201;0;7;0;13;0;1;13;A01
200900015202;0;7;0;2;0;3;13;A01
200900015203;0;7;0;13;0;1;1;A01
200900015204;0;3;0;13;0;1;14;B01
200900015204;0;7;0;2;0;2;14;A01
200900015205;0;7;0;0;2;3;2;E05
200900015205;0;10;0;0;2;6;2;B02
200900015205;0;7;0;0;2;3;17;A01
200900015205;0;7;0;0;2;3;1;C03
200900015205;0;7;0;0;2;1;2;D04
200900015206;0;7;0;0;2;8;10;A01
200900015206;0;7;0;0;2;2;1;B02
200900015207;0;7;0;1;0;1;1;A01
200900015207;0;14;0;0;2;6;23;B02
200900015208;0;7;0;8;0;1;14;A01
200900015209;0;7;0;1;0;1;1;A01
200900015210;0;7;0;0;2;1;13;A01
200900015210;0;7;0;0;2;1;2;C03
200900015210;0;7;0;0;2;1;1;B02
200900015211;0;7;0;2;0;9;13;A01
200900015212;0;7;0;0;1;2;1;A01
200900015213;0;31;0;0;1;1;21;A01
200900015214;0;7;0;2;0;6;1;A01
200900015215;0;7;0;6;0;1;1;A01
200900015216;0;7;0;16;0;3;14;A01
200900015217;0;7;0;0;0;4;1;B02
200900015217;0;7;0;0;2;1;1;A01
200900015218;0;7;0;15;0;1;13;A01
200900015219;0;33;0;0;0;0;0;A01
200900015219;0;7;0;14;0;1;0;B02
200900015220;0;7;0;0;1;1;1;A01
200900015221;0;7;0;0;1;2;16;A01
200900015222;0;14;0;0;2;8;15;A01
200900015222;0;2;0;0;2;1;1;B01
200900015223;0;99;0;0;2;1;1;B01
200900015223;0;7;0;0;2;1;13;A01
200900015224;0;20;0;0;1;2;15;A01
200900015225;0;7;0;0;1;1;1;A01
200900015226;0;7;0;0;2;6;15;B01
200900015226;0;33;0;0;2;1;17;A01
200900015227;0;17;0;0;1;8;11;A01
200900015228;0;7;0;0;2;1;13;A01
200900015228;0;7;0;0;0;1;1;B01
200900015229;0;7;0;0;2;1;13;A01
200900015229;0;7;0;0;0;3;23;B01
200900015230;0;1;0;0;2;8;1;A01
200900015230;0;7;0;0;2;2;1;B01
200900015231;0;33;0;0;2;1;1;B01
200900015231;0;31;0;0;2;4;11;A01
200900015232;0;10;0;0;9;2;1;B02
200900015232;0;1;0;0;0;1;1;A01
200900015233;0;7;0;13;0;3;14;A01
200900015234;0;2;0;0;2;1;1;B02
200900015234;0;7;0;0;2;7;15;A01
200900015235;0;33;0;0;0;0;1;A01
200900015236;0;33;0;13;0;1;1;A01
200900015237;0;7;0;0;0;2;1;B02
200900015237;0;7;0;0;2;3;13;A01
200900015238;0;14;0;0;0;4;1;B02
200900015238;0;7;0;0;2;1;2;A01
200900015239;0;7;0;0;2;4;1;A01
200900015239;0;10;0;0;2;1;1;B02
200900015240;0;30;0;1;0;2;0;A01
200900015240;0;14;0;0;2;4;0;B02
200900015241;0;2;0;0;2;1;1;B02
200900015241;0;7;0;0;2;2;19;A01
200900015242;0;17;0;0;2;8;1;B02
200900015242;0;7;0;0;2;3;1;A01
200900015243;0;7;0;2;0;7;2;A01
200900015244;0;7;0;0;2;2;15;A01
200900015244;0;32;0;0;2;1;1;B02
200900015245;0;33;0;0;2;7;21;B01
200900015245;0;7;0;0;2;1;9;A01
200900015246;0;17;0;6;0;2;14;A01
200900015247;0;2;0;2;0;1;1;A01
200900015248;0;1;0;16;0;8;1;A01
200900015249;0;7;0;0;2;1;1;B02
200900015249;0;7;0;0;2;1;1;A01
200900015250;0;31;0;8;0;9;1;A01
200900015251;0;7;0;0;2;6;;B02
200900015251;0;33;0;0;2;2;1;A01
200900015252;0;7;0;0;1;2;1;A01
200900015253;0;7;0;0;2;1;19;A01
200900015253;0;33;0;0;2;8;1;B02
200900015254;0;7;0;0;2;1;1;B02
200900015254;0;33;0;0;2;0;16;A01
200900015255;0;7;0;2;2;3;13;A01
200900015255;0;7;0;0;2;3;1;B02
200900015256;0;33;0;7;0;0;0;A01
200900015257;0;35;0;0;2;2;2;A01
200900015258;0;10;0;0;1;3;1;A01
200900015259;0;30;0;13;0;7;15;A01
200900015260;0;7;0;0;1;2;1;A01
200900015261;0;33;0;0;2;3;1;C03
200900015261;0;33;0;0;2;3;1;B02
200900015261;0;7;0;0;2;3;1;A01
200900015262;0;7;0;0;2;3;13;A01
200900015262;0;7;0;0;2;2;1;B02
200900015263;0;7;0;14;1;3;1;A01
200900015264;0;1;0;0;2;8;1;B01
200900015264;0;7;0;0;2;2;16;A01
200900015265;0;33;0;0;2;1;1;B01
200900015265;0;7;0;0;2;2;15;A01
200900015266;0;10;0;0;2;3;1;B02
200900015266;0;7;0;0;2;3;13;A01
200900015267;0;30;0;0;2;2;2;B02
200900015267;0;7;0;0;0;5;15;A01
200900015268;0;7;0;2;0;1;14;A01
200900015269;0;2;0;5;0;2;1;A01
200900015270;0;7;0;0;2;8;15;B02
200900015270;0;33;0;0;2;1;1;A01
200900015271;0;7;0;0;2;1;2;B02
200900015271;0;7;0;0;2;1;13;A01
200900015272;0;7;0;0;2;2;15;A01
200900015272;0;33;0;0;2;1;1;B02
200900015273;0;2;0;0;2;1;13;B02
200900015273;0;7;0;0;2;1;1;A01
200900015274;0;7;0;1;0;1;1;A01
200900015275;0;3;0;8;0;1;1;A01
200900015276;0;7;0;0;2;3;13;A01
200900015276;0;10;0;0;2;3;1;B02
200900015277;0;7;0;13;0;1;1;A01
200900015278;0;7;0;2;0;1;1;A01
200900015279;0;7;0;2;0;1;1;A01
200900015280;0;10;0;0;2;1;1;A01
200900015280;0;7;0;0;2;4;15;B02
200900015281;0;1;0;0;2;7;19;B02
200900015281;0;7;0;0;9;2;1;A01
200900015282;0;33;0;0;2;1;2;A01
200900015282;0;7;0;0;0;6;23;B02
200900015283;0;7;0;0;9;2;17;A01
200900015283;0;1;0;0;0;4;1;B02
200900015284;1;7;0;0;0;0;0;A01
200900015285;0;7;0;0;0;9;1;A01
200900015286;0;7;0;0;1;1;1;A01
200900015287;0;7;0;0;2;6;16;A01
200900015287;0;33;0;0;2;1;1;B01
200900015288;0;7;0;0;9;3;15;B01
200900015288;0;2;0;9;2;3;17;A01
200900015289;0;31;0;0;1;1;1;A01
200900015290;0;33;0;0;1;1;1;A01
200900015291;0;1;0;0;2;8;0;B02
200900015291;0;7;0;0;2;3;1;A01
200900015292;0;7;0;16;0;1;1;A01
200900015293;0;33;0;4;0;7;1;A01
200900015294;0;17;0;0;0;8;1;A01
200900015295;0;7;0;2;0;9;1;A01
200900015296;0;30;0;0;2;1;1;B02
200900015296;0;7;0;0;2;6;4;A01
200900015297;0;15;0;0;2;8;0;B02
200900015297;0;33;0;0;2;8;13;A01
200900015298;0;7;0;2;0;1;1;A01
200900015299;0;99;0;0;2;1;1;A01
200900015299;0;99;0;0;2;1;1;B02
200900015300;0;7;0;0;2;7;15;A01
200900015300;0;7;0;0;2;1;1;B02
200900015301;0;7;0;0;2;3;1;A01
200900015301;0;7;0;0;2;2;19;B02
200900015302;0;10;0;0;2;8;1;B02
200900015302;0;7;0;0;2;7;14;A01
200900015303;0;7;0;0;2;1;1;A01
200900015303;0;7;0;0;2;8;1;B02
200900015304;0;14;0;1;0;1;1;C03
200900015304;0;7;0;1;0;4;23;B02
200900015304;0;7;0;0;0;4;23;A01
200900015305;0;33;0;3;0;9;1;A01
200900015306;0;33;0;14;0;1;1;A01
200900015307;0;2;0;0;2;1;1;A01
200900015307;0;7;0;0;2;2;15;B02
200900015308;0;7;0;0;2;1;1;B02
200900015308;0;1;0;0;2;8;19;A01
200900015309;0;7;0;0;2;1;1;A01
200900015309;0;7;0;0;2;7;1;B02
200900015310;0;7;0;0;2;3;15;B02
200900015310;0;7;0;0;2;2;1;A01
200900015311;0;7;0;0;2;1;1;B01
200900015311;0;7;0;0;2;3;9;A01
200900015312;0;2;0;0;2;1;1;B01
200900015312;0;7;0;0;2;3;1;A01
200900015313;0;7;0;0;1;2;1;A01
200900015314;0;7;0;13;0;3;1;A01
200900015315;0;7;0;0;0;3;18;B01
200900015315;0;2;0;0;2;1;1;A01
200900015316;0;7;0;0;1;2;1;A01
200900015317;0;7;0;0;1;2;1;A01
200900015318;0;7;0;0;2;3;13;A01
200900015318;0;7;0;0;2;3;1;B02
200900015319;0;32;0;0;2;1;1;A01
200900015319;0;7;0;0;0;4;1;B02
200900015320;0;33;0;0;2;1;17;A01
200900015320;0;31;0;0;2;8;15;B02
200900015321;0;7;0;0;2;1;15;A01
200900015321;0;31;0;0;2;8;18;B02
200900015322;0;33;0;13;0;1;2;A01
200900015323;0;7;0;0;2;4;2;B01
200900015323;0;33;0;0;2;2;2;A01
200900015324;0;33;0;0;2;1;1;B01
200900015324;0;7;0;0;2;5;15;A01
200900015325;0;1;0;0;0;0;14;A01
200900015326;0;33;0;0;2;1;1;A01
200900015326;0;7;0;0;0;6;20;B02
200900015327;0;7;0;1;0;1;1;A01
200900015328;0;7;0;0;2;5;15;A01
200900015328;0;7;0;0;2;1;1;B01
200900015329;0;7;0;0;2;1;2;A01
200900015329;0;7;0;0;2;4;1;B01
200900015330;0;7;0;0;2;3;15;A01
200900015330;0;2;0;0;2;1;1;B01
200900015331;0;7;0;13;0;1;1;A01
200900015332;0;7;0;16;2;3;1;B02
200900015332;0;7;0;0;2;2;19;A01
200900015333;0;7;0;8;0;1;1;A01
200900015334;0;7;0;0;2;5;1;B01
200900015334;0;7;0;0;2;3;10;A01
200900015335;0;7;0;0;2;3;15;A01
200900015335;0;33;0;0;2;3;1;B01
200900015336;0;7;0;0;1;4;4;A01
200900015337;0;7;0;0;2;2;1;B01
200900015337;0;1;0;0;2;1;16;A01
200900015338;0;2;0;0;2;2;18;A01
200900015338;0;7;0;0;2;3;15;B01
200900015339;0;7;0;3;0;2;14;A01
200900015340;0;7;0;0;2;3;13;A01
200900015340;0;33;0;0;2;2;17;B02
200900015341;0;7;0;0;2;4;1;C01
200900015341;0;7;0;0;2;1;1;A01
200900015341;0;7;0;0;2;4;1;B01
200900015342;0;2;0;0;2;1;1;A01
200900015342;0;7;0;0;2;4;1;B01
200900015343;0;33;0;0;;4;1;B02
200900015343;0;7;0;0;2;2;1;A01
200900015344;0;7;0;13;2;5;17;A01
200900015344;0;7;0;0;;6;1;B02
200900015345;0;10;0;0;2;3;1;A01
200900015345;0;7;0;0;;3;15;B02
200900015346;0;7;0;;;1;1;B02
200900015346;0;7;0;;2;8;15;A01
200900015347;0;32;0;0;1;1;1;A01
200900015348;0;7;0;13;0;3;1;A01
200900015349;0;7;0;16;0;9;1;A01
200900015350;0;7;0;0;2;1;1;A01
200900015350;0;7;0;0;0;4;15;B02
200900015351;0;7;0;0;;8;1;A01
200900015351;0;1;0;0;2;1;1;B02
200900015352;0;1;0;;;1;1;A01
200900015352;0;7;0;0;2;2;16;B02
200900015353;0;7;0;0;2;1;1;A01
200900015353;0;33;0;0;2;1;13;B02
200900015354;0;7;0;0;0;9;1;A01
200900015355;0;2;0;0;2;1;13;A01
200900015355;0;7;0;0;2;8;15;B01
200900015356;0;2;0;0;2;7;17;A01
200900015356;0;7;0;0;2;3;1;B01
200900015357;0;7;0;0;2;6;17;A01
200900015357;0;7;0;0;2;3;1;B01
200900015358;0;7;0;0;1;1;1;A01
200900015359;0;2;0;0;2;1;1;B01
200900015359;0;7;0;0;2;3;15;A01
200900015360;0;7;0;0;2;4;16;A01
200900015360;0;1;0;0;2;1;1;B01
200900015361;0;7;0;0;2;1;15;A01
200900015361;0;30;0;0;2;7;1;B01
200900015362;0;7;0;0;2;1;1;A01
200900015362;0;17;0;0;0;4;2;B02
200900015363;0;7;0;0;2;8;19;A01
200900015363;0;33;0;0;2;1;1;B02
200900015364;0;7;0;2;0;8;13;A01
200900015365;0;7;0;0;2;3;13;A01
200900015365;0;17;0;0;2;8;1;B02
200900015366;0;7;0;3;0;1;1;A01
200900015367;0;2;0;0;2;4;15;A01
200900015367;0;17;0;0;2;2;21;B02
200900015368;0;7;0;0;2;1;13;B02
200900015368;0;15;0;0;2;3;1;A01
200900015369;0;7;0;10;2;3;21;A01
200900015369;0;7;0;0;0;0;23;B02
200900015370;0;7;0;16;0;1;13;A01
200900015371;0;7;0;0;2;5;15;A01
200900015371;0;33;0;0;2;1;1;B02
200900015372;0;7;0;2;0;2;0;A01
200900015373;0;7;0;0;2;3;1;B02
200900015373;0;7;0;0;2;3;13;A01
200900015374;0;7;0;0;2;3;1;B02
200900015374;0;15;0;0;2;2;19;A01
200900015375;0;30;0;0;2;4;1;B02
200900015375;0;7;0;0;2;1;2;A01
200900015376;0;36;0;8;0;3;13;A01
200900015377;0;10;0;6;0;8;2;A01
200900015378;0;7;0;0;2;1;1;A01
200900015378;0;7;0;0;2;0;1;B02
200900015379;0;7;0;2;0;9;1;A01
200900015380;0;7;0;0;2;3;13;A01
200900015380;0;14;0;0;2;3;1;B02
200900015381;0;7;0;16;0;7;14;A01
200900015382;0;33;0;0;0;8;1;A01
200900015383;0;7;0;1;0;3;0;A01
200900015383;0;7;0;0;0;8;24;C03
200900015383;0;10;0;0;2;6;24;B02
200900015384;0;7;0;0;2;8;9;A01
200900015384;0;7;0;0;2;3;1;B01
200900015385;0;7;0;8;0;1;14;A01
200900015386;0;7;0;0;1;4;4;A01
200900015387;0;7;0;0;0;7;15;A01
200900015387;0;33;0;0;2;1;1;B01
200900015388;0;15;0;0;2;3;9;A01
200900015388;0;7;0;0;2;1;1;B01
200900015389;0;7;0;0;2;3;10;A01
200900015389;0;33;0;0;2;1;1;B01
200900015390;0;36;0;0;2;1;1;A01
200900015390;0;7;0;0;2;4;23;B02
200900015391;0;7;0;2;0;1;14;A01
200900015392;0;7;0;0;2;1;13;A01
200900015392;0;15;0;0;2;1;1;B02
200900015393;0;7;0;0;2;1;1;B01
200900015393;0;30;0;0;2;1;1;A01
200900015394;0;7;0;2;0;2;0;A01
200900015395;0;7;0;0;2;3;1;A01
200900015395;0;7;0;0;2;2;1;B02
200900015396;0;7;0;0;2;3;1;A01
200900015396;0;7;0;0;2;2;19;B02
200900015397;0;30;0;0;2;7;15;B02
200900015397;0;7;0;0;2;1;15;A01
200900015398;0;7;0;0;2;2;1;A01
200900015398;0;7;0;0;2;3;1;B02
200900015399;0;7;0;3;0;9;0;A01
200900015400;0;2;0;12;0;7;14;A01
200900015401;0;2;0;0;2;1;1;B01
200900015401;0;7;0;0;2;1;15;A01
200900015402;0;30;0;0;0;0;1;A01
200900015403;0;7;0;8;0;1;1;A01
200900015404;0;7;0;0;1;4;4;A01
200900015405;0;7;0;0;1;1;1;A01
200900015406;0;7;0;0;2;5;15;A01
200900015406;0;2;0;0;2;1;1;B01
200900015407;0;7;0;2;0;1;6;A01
200900015408;0;7;0;1;0;2;14;A01
200900015409;0;7;0;0;1;7;16;A01
200900015410;0;7;0;0;2;3;1;A01
200900015410;0;7;0;0;2;3;1;B01
200900015411;0;7;0;0;1;1;1;A01
200900015412;0;7;0;0;2;6;1;A01
200900015412;0;30;0;0;0;1;1;B01
200900015413;0;7;0;9;0;1;1;A01
200900015414;0;7;0;7;0;2;1;A01
200900015415;0;7;0;0;1;4;4;A01
200900015416;0;7;0;0;2;4;2;C01
200900015416;0;7;0;0;2;4;2;B01
200900015416;0;7;0;0;2;1;1;A01
200900015417;0;7;0;0;1;1;15;A01
200900015418;0;30;0;12;0;0;1;A01
200900015419;0;13;0;0;1;7;1;A01
200900015420;0;30;0;0;1;1;1;A01
200900015421;0;7;0;0;2;4;23;B01
200900015421;0;7;0;0;2;1;2;A01
200900015421;0;7;0;0;2;4;23;C01
200900015422;0;30;0;12;0;1;1;A01
200900015423;0;7;0;0;2;2;1;A01
200900015423;0;3;0;0;2;3;1;B01
200900015424;0;7;0;7;2;1;1;A01
200900015424;0;7;0;0;2;1;1;B01
200900015425;0;7;0;0;2;1;1;B01
200900015425;0;7;0;0;2;6;15;A01
200900015426;0;7;0;0;2;5;15;A01
200900015426;0;33;0;0;2;1;1;B01
200900015427;0;33;0;0;2;1;1;B01
200900015427;0;7;0;0;2;7;15;A01
200900015428;0;33;0;14;0;1;16;A01
200900015429;0;7;0;0;2;4;2;C01
200900015429;0;7;0;0;2;1;1;A01
200900015429;0;7;0;0;2;4;2;B01
200900015430;0;7;0;0;2;1;1;A01
200900015430;0;10;0;0;2;2;13;B02
200900015431;0;10;0;0;0;0;5;B02
200900015431;0;15;0;0;2;0;21;A01
200900015432;0;10;0;0;2;1;1;B02
200900015432;0;7;0;0;2;1;17;A01
200900015433;0;7;0;0;0;1;15;A01
200900015434;0;7;0;0;2;3;5;A01
200900015434;0;7;0;0;2;1;1;B02
200900015435;0;7;0;0;0;2;5;A01
200900015435;0;7;0;0;2;2;1;B02
200900015436;0;7;0;0;2;1;13;A01
200900015436;0;37;0;0;2;1;1;B02
200900015437;0;7;0;0;2;3;13;A01
200900015437;0;2;0;0;2;1;1;B01
200900015438;0;7;0;13;0;1;1;A01
200900015439;0;7;0;0;9;1;9;B02
200900015439;0;1;0;0;2;7;1;A01
200900015440;0;7;0;8;0;1;1;A01
200900015441;0;7;0;0;9;1;15;A01
200900015441;0;1;0;0;2;1;1;B02
200900015442;0;21;0;0;2;3;1;A01
200900015442;0;2;0;0;2;1;1;B02
200900015443;0;7;0;0;2;6;15;B01
200900015443;0;30;0;0;2;1;17;A01
200900015444;0;7;0;0;2;4;15;B01
200900015444;0;2;0;0;2;1;1;A01
200900015445;0;7;0;0;1;6;4;A01
200900015446;0;7;0;0;2;1;1;B01
200900015446;0;7;0;8;2;5;1;A01
200900015447;0;7;0;0;1;1;15;A01
200900015448;0;10;0;;2;2;1;B02
200900015448;0;30;0;;2;3;15;A01
200900015449;0;1;0;1;0;0;1;B01
200900015449;0;7;0;0;2;0;24;A01
200900015450;0;7;0;0;2;1;15;A01
200900015450;0;30;0;0;2;1;8;B01
200900015451;0;7;0;0;2;1;2;A01
200900015451;0;7;0;0;0;4;2;B01
200900015452;0;7;0;0;2;4;2;A01
200900015452;0;7;0;0;2;4;2;B01
200900015453;0;33;0;0;1;1;8;A01
200900015454;0;7;0;0;1;1;1;A01
200900015455;0;32;0;0;2;0;0;B01
200900015455;0;7;0;0;2;3;0;A01
200900015456;0;37;0;0;1;2;1;A01
200900015457;0;7;0;0;2;6;15;A01
200900015457;0;31;0;0;2;1;1;B01
200900015458;0;7;0;0;2;6;15;A01
200900015458;0;2;0;0;2;7;1;B01
200900015459;0;30;0;0;2;0;15;B01