num_acc;senc;catv;occutc;obs;obsm;choc;manv;num_veh
200900015459;0;7;0;0;2;1;1;A01
200900015460;0;30;0;0;1;1;1;A01
200900015461;0;7;0;0;1;1;1;A01
200900015462;0;13;0;0;1;8;1;A01
200900015463;0;33;0;0;2;0;9;A01
200900015464;0;1;0;0;2;0;1;B02
200900015464;0;7;0;0;9;1;19;A01
200900015465;0;33;0;0;2;1;1;A01
200900015465;0;7;0;0;2;3;1;B02
200900015466;0;7;0;0;2;1;17;A01
200900015466;0;7;0;0;2;3;1;B02
200900015467;0;7;0;0;2;3;1;A01
200900015467;0;7;0;0;2;2;19;B02
200900015468;0;33;0;0;2;1;1;B02
200900015468;0;7;0;0;2;8;1;C03
200900015468;0;7;0;0;2;1;13;A01
200900015469;0;17;0;3;0;2;21;A01
200900015470;0;7;0;0;2;3;1;B02
200900015470;0;7;0;0;2;3;13;A01
200900015471;0;38;0;0;2;1;1;B02
200900015471;0;30;0;0;2;1;13;A01
200900015472;0;30;0;0;2;1;5;A01
200900015472;0;7;0;0;2;3;1;B02
200900015473;0;21;0;13;0;9;1;A01
200900015474;0;7;0;0;2;2;15;A01
200900015474;0;31;0;0;2;1;1;B02
200900015475;0;7;0;0;2;2;5;B02
200900015475;0;7;0;0;2;7;21;A01
200900015476;0;2;0;16;0;1;1;A01
200900015477;0;33;0;0;2;1;1;B02
200900015477;0;7;0;0;2;4;15;A01
200900015478;0;30;0;0;2;1;5;A01
200900015478;0;7;0;0;2;1;1;B02
200900015479;0;7;0;0;0;8;1;B02
200900015479;0;31;0;0;2;1;1;A01
200900015480;0;7;0;0;1;2;1;A01
200900015481;0;7;0;0;0;4;23;A01
200900015481;0;1;0;0;2;1;1;B02
200900015482;0;33;0;13;0;1;17;A01
200900015483;0;7;0;2;0;1;1;A01
200900015484;0;30;0;0;2;8;1;A01
200900015484;0;7;0;0;2;2;1;B02
200900015485;0;10;0;0;2;4;4;B02
200900015485;0;33;0;0;2;1;1;A01
200900015486;0;33;0;4;0;7;2;A01
200900015487;0;33;0;0;2;9;21;B02
200900015487;0;7;0;0;0;6;13;A01
200900015488;0;33;0;0;0;1;1;A01
200900015489;0;7;0;0;2;2;1;A01
200900015489;0;10;0;0;0;6;15;B02
200900015490;0;7;0;0;2;2;1;A01
200900015490;0;7;0;0;2;3;9;B02
200900015491;0;10;0;6;0;1;1;A01
200900015492;0;1;0;0;2;2;19;B02
200900015492;0;33;0;0;2;1;1;A01
200900015493;0;7;0;0;2;1;15;A01
200900015493;0;2;0;0;2;1;1;B02
200900015494;0;7;0;0;9;1;1;C03
200900015494;0;17;0;3;2;3;14;B02
200900015494;0;17;0;3;2;1;6;A01
200900015494;0;7;0;0;9;2;1;D04
200900015495;0;33;0;0;0;0;15;A01
200900015496;0;15;0;0;2;1;2;A01
200900015496;0;7;0;0;0;4;1;B02
200900015497;0;7;0;8;1;3;13;A01
200900015498;0;7;0;1;1;1;1;A01
200900015499;0;7;0;2;0;5;1;A01
200900015500;0;7;0;1;0;4;23;B02
200900015500;0;7;0;1;0;9;23;C03
200900015500;0;7;0;1;0;1;1;D04
200900015500;0;7;0;1;0;9;23;A01
200900015501;0;10;0;0;2;0;24;D04
200900015501;0;7;0;0;2;7;11;B02
200900015501;0;7;0;0;2;1;1;A01
200900015501;0;7;0;0;2;1;24;C03
200900015502;0;30;0;0;1;1;1;A01
200900015503;0;7;0;10;2;3;13;B01
200900015503;0;7;0;0;2;3;1;A01
200900015504;0;7;0;0;2;2;15;A01
200900015504;0;1;0;0;2;1;1;B01
200900015505;0;10;0;0;1;1;1;A01
200900015506;0;7;0;0;1;1;1;A01
200900015507;0;7;0;0;0;0;15;C01
200900015507;0;7;0;1;0;1;21;A01
200900015507;0;7;0;0;0;5;24;B01
200900015508;0;7;0;0;2;1;1;A01
200900015508;0;7;0;0;2;7;10;B01
200900015509;0;7;0;0;2;1;9;A01
200900015509;0;1;0;0;2;2;1;B01
200900015510;0;37;1;0;1;3;15;A01
200900015511;0;30;0;0;2;1;2;A01
200900015511;0;7;0;0;2;5;2;B01
200900015512;0;7;0;0;2;7;15;A01
200900015512;0;33;0;0;2;2;1;B01
200900015513;0;1;0;0;2;8;19;B01
200900015513;0;7;0;0;2;1;1;A01
200900015514;0;7;0;0;2;1;1;B01
200900015514;1;7;0;0;2;1;1;A01
200900015515;1;7;0;0;1;1;1;A01
200900015516;0;7;0;0;2;0;16;A01
200900015516;0;1;0;12;2;0;1;B01
200900015517;0;33;0;0;2;1;1;B01
200900015517;0;7;0;0;2;2;19;A01
200900015518;0;7;0;0;2;2;1;A01
200900015518;0;32;0;0;2;1;0;B02
200900015519;0;31;0;12;0;5;0;A01
200900015520;0;7;0;6;2;2;1;A01
200900015520;0;7;0;0;0;6;24;B02
200900015521;0;7;0;0;2;4;2;B01
200900015521;0;7;0;0;2;1;2;A01
200900015522;0;7;0;0;0;4;1;B01
200900015522;0;7;0;0;2;1;1;A01
200900015523;0;7;0;0;1;2;21;A01
200900015524;0;7;0;0;2;2;21;B01
200900015524;0;7;0;0;2;1;0;A01
200900015525;0;7;0;0;0;1;1;A01
200900015526;1;15;0;0;1;3;1;A01
200900015527;0;7;0;0;2;1;1;B02
200900015527;0;10;0;0;2;8;15;A01
200900015528;0;7;0;;2;9;2;B02
200900015528;0;7;0;;2;1;2;A01
200900015528;0;10;0;;;4;2;C03
200900015529;0;7;0;0;1;1;;A01
200900015530;0;30;0;1;0;1;1;A01
200900015531;0;7;0;8;0;8;13;A01
200900015532;0;7;0;0;2;1;2;B02
200900015532;0;30;0;0;0;4;2;A01
200900015533;0;7;0;0;1;1;1;A01
200900015534;0;7;0;0;2;1;1;B01
200900015534;0;7;0;0;2;2;10;A01
200900015535;0;7;0;0;2;1;0;B02
200900015535;0;7;0;0;2;2;15;A01
200900015536;0;2;0;0;2;1;1;A01
200900015536;0;20;0;0;2;1;16;B02
200900015537;0;1;0;0;2;8;1;B02
200900015537;0;7;0;0;2;7;1;A01
200900015538;0;7;0;0;1;4;20;A01
200900015539;0;7;0;5;0;1;13;A01
200900015540;0;7;0;4;2;1;2;A01
200900015540;0;37;44;0;2;6;2;B02
200900015541;0;30;0;0;2;4;1;B02
200900015541;0;7;0;0;2;1;1;A01
200900015542;0;1;0;1;0;1;14;A01
200900015543;0;33;0;0;2;3;17;A01
200900015543;0;7;0;0;2;3;1;B02
200900015544;0;30;0;0;0;0;1;A01
200900015545;0;7;0;0;2;1;1;A01
200900015545;0;36;0;0;2;1;1;B02
200900015546;0;7;0;0;1;3;2;A01
200900015547;0;7;0;0;0;8;0;B02
200900015547;0;7;0;0;2;1;1;A01
200900015548;0;7;0;0;2;3;13;A01
200900015548;0;14;0;0;2;3;1;B02
200900015549;0;7;0;0;2;1;1;A01
200900015549;0;7;0;0;2;7;1;B02
200900015550;0;7;0;0;1;2;1;A01
200900015551;0;7;0;12;0;9;1;A01
200900015552;0;7;0;0;2;6;16;A01
200900015552;0;30;0;0;2;7;16;B01
200900015553;0;7;0;0;1;1;1;A01
200900015554;0;7;0;4;0;2;13;A01
200900015554;0;17;0;0;0;6;1;B02
200900015555;0;7;0;0;2;8;15;B02
200900015555;0;33;0;0;2;7;17;A01
200900015556;0;7;0;15;0;1;0;A01
200900015557;0;3;0;1;0;1;4;A01
200900015558;0;33;0;0;2;1;1;B01
200900015558;0;7;0;0;2;1;5;A01
200900015559;0;7;0;8;0;3;17;A01
200900015560;0;10;0;0;1;2;1;A01
200900015561;0;33;0;11;2;1;17;A01
200900015561;0;7;0;0;0;6;1;B02
200900015562;0;7;0;0;1;1;1;A01
200900015563;0;7;0;0;1;1;1;A01
200900015564;0;7;0;0;0;1;1;A01
200900015565;0;1;0;0;2;0;15;B01
200900015565;0;7;0;0;2;2;1;A01
200900015566;0;7;0;0;2;1;15;B01
200900015566;0;33;0;0;2;1;17;A01
200900015567;0;15;0;0;2;1;19;B02
200900015567;0;7;0;0;2;8;15;A01
200900015568;0;7;0;10;0;3;13;A01
200900015569;0;7;0;0;2;3;1;B02
200900015569;0;7;0;0;2;3;15;A01
200900015570;0;17;0;0;0;6;23;B01
200900015570;0;7;0;1;0;1;2;A01
200900015571;0;32;0;0;2;1;1;A01
200900015571;0;7;0;0;2;4;1;B01
200900015572;0;2;0;0;1;0;1;A01
200900015573;0;7;0;0;1;2;1;A01
200900015574;0;33;0;0;2;1;1;B02
200900015574;0;7;0;0;2;5;15;A01
200900015575;0;7;0;0;1;1;1;A01
200900015576;0;7;0;13;0;3;13;A01
200900015577;0;10;0;0;2;1;1;A01
200900015577;0;1;0;0;2;8;1;B02
200900015578;0;7;0;13;0;3;1;A01
200900015579;0;7;0;8;0;1;1;A01
200900015580;0;2;0;11;0;1;1;A01
200900015581;0;7;0;2;0;3;16;A01
200900015582;0;30;0;1;0;1;1;A01
200900015583;0;7;0;;1;2;1;A01
200900015584;0;7;0;6;2;3;1;B02
200900015584;0;7;0;;2;3;17;A01
200900015585;0;7;0;7;2;1;1;A01
200900015585;0;7;0;0;2;3;15;B02
200900015586;0;7;0;0;2;1;2;A01
200900015586;0;7;0;0;2;4;23;C03
200900015586;0;7;0;0;2;4;2;B02
200900015587;0;7;0;;;4;1;B02
200900015587;0;33;0;;2;1;2;A01
200900015588;0;7;0;0;1;1;2;A01
200900015589;0;20;0;8;0;1;1;A01
200900015590;0;7;0;0;1;1;1;A01
200900015591;0;7;0;13;0;1;1;A01
200900015592;0;30;0;0;2;1;2;A01
200900015592;0;7;0;0;2;7;15;B01
200900015593;0;7;0;0;2;1;1;B01
200900015593;0;2;0;0;0;6;21;A01
200900015594;0;7;0;0;2;2;15;A01
200900015594;0;7;0;0;2;3;1;B01
200900015595;0;7;0;0;2;1;13;A01
200900015595;0;33;0;0;0;4;1;B01
200900015595;0;7;0;0;2;1;1;C01
200900015596;0;7;0;0;2;3;1;C03
200900015596;0;7;0;0;2;2;1;A01
200900015596;0;14;0;0;2;6;23;B02
200900015597;0;2;0;0;0;1;21;A01
200900015598;0;7;0;3;0;1;1;A01
200900015599;0;10;0;0;2;3;11;A01
200900015599;0;33;0;0;2;2;2;B01
200900015600;0;7;0;14;0;1;2;A01
200900015600;0;7;0;0;0;4;23;C01
200900015600;0;7;0;14;0;4;23;B01
200900015601;0;10;0;0;2;5;1;A01
200900015601;0;10;0;0;2;1;19;B02
200900015602;0;7;0;0;2;1;2;A01
200900015602;0;7;0;0;2;4;2;B01
200900015603;0;7;0;0;2;1;1;C03
200900015603;0;7;0;0;2;8;1;B02
200900015603;0;7;0;0;2;1;13;A01
200900015604;0;7;0;0;1;1;1;A01
200900015605;0;30;0;11;0;1;1;A01
200900015606;0;7;0;0;2;1;13;A01
200900015606;0;7;0;0;2;1;1;B02
200900015607;0;7;0;0;2;1;2;A01
200900015607;0;10;0;0;2;4;2;B01
200900015608;0;39;0;0;2;3;1;B01
200900015608;0;10;0;0;4;7;1;A01
200900015609;0;7;0;6;0;2;15;A01
200900015610;0;7;0;0;2;7;15;B01
200900015610;0;2;0;0;2;1;2;A01
200900015611;0;7;0;2;0;1;1;A01
200900015612;0;33;0;0;2;1;1;A01
200900015612;0;14;0;0;2;3;1;B02
200900015613;0;7;0;3;2;1;13;A01
200900015613;0;10;0;3;2;1;1;B01
200900015614;0;7;0;0;2;8;17;A01
200900015614;0;1;0;0;2;7;2;B02
200900015615;0;7;0;0;2;1;1;C02
200900015615;0;33;0;0;2;1;17;A01
200900015615;0;7;0;0;2;3;15;B02
200900015616;0;7;0;0;2;1;15;A01
200900015616;0;2;0;0;2;1;1;B02
200900015617;0;7;0;;2;1;15;B02
200900015617;0;30;0;;2;7;17;A01
200900015618;0;7;0;0;2;3;1;A01
200900015618;0;7;0;0;2;1;1;B01
200900015619;0;7;0;0;2;1;1;B01
200900015619;0;7;0;0;2;1;13;A01
200900015620;0;7;0;0;2;7;15;A01
200900015620;0;7;0;0;2;1;1;B01
200900015621;0;33;0;8;0;2;13;A01
200900015622;0;33;0;0;2;1;1;B02
200900015622;0;33;0;0;2;1;17;A01
200900015622;0;7;0;0;2;2;1;C03
200900015623;0;7;0;0;2;1;13;A01
200900015623;0;10;0;0;2;1;1;B02
200900015624;0;7;0;0;2;2;17;B02
200900015624;0;2;0;0;2;8;15;A01
200900015625;0;7;0;13;0;9;1;A01
200900015626;0;7;0;13;0;9;1;A01
200900015627;0;17;0;0;2;5;17;B02
200900015627;0;1;0;0;2;3;15;A01
200900015628;0;7;0;0;2;3;1;B02
200900015628;0;10;0;0;2;1;13;A01
200900015629;0;7;0;0;2;3;1;B02
200900015629;0;10;0;0;2;3;15;A01
200900015630;0;33;0;13;0;3;1;A01
200900015631;0;7;0;0;1;3;1;A01
200900015632;0;2;0;0;2;1;1;A01
200900015632;0;7;0;0;2;4;1;B01
200900015633;0;2;0;6;0;1;1;A01
200900015634;0;7;0;0;1;1;20;A01
200900015635;0;7;0;0;2;1;15;A01
200900015635;0;7;0;0;2;3;1;B01
200900015636;0;31;0;0;2;1;1;B01
200900015636;0;7;0;0;2;7;19;A01
200900015637;0;3;0;2;0;1;2;A01
200900015638;0;7;0;0;2;1;1;A01
200900015638;0;10;0;0;2;6;1;B01
200900015639;0;10;0;0;0;2;1;B02
200900015639;0;2;0;0;2;8;9;A01
200900015640;0;7;0;0;2;1;1;A01
200900015640;0;7;0;0;2;8;1;B01
200900015641;0;33;0;;1;1;1;A01
200900015642;0;2;0;0;2;1;17;B02
200900015642;0;7;0;0;2;1;1;C03
200900015642;0;7;0;0;2;3;9;A01
200900015643;0;7;0;0;1;1;1;A01
200900015644;0;1;0;;2;;1;C03
200900015644;0;1;0;;2;;1;B02
200900015644;0;7;0;;2;0;15;A01
200900015645;0;32;0;0;2;1;1;B01
200900015645;0;7;0;0;2;3;19;A01
200900015646;0;30;0;16;0;1;1;A01
200900015647;0;7;0;0;2;8;1;B01
200900015647;0;7;0;0;2;1;19;A01
200900015648;0;17;0;2;0;3;1;A01
200900015649;0;33;0;2;0;2;13;A01
200900015650;0;7;0;0;5;1;1;A01
200900015651;0;7;0;0;2;1;1;B01
200900015651;0;7;0;0;2;1;19;A01
200900015652;0;7;0;0;2;1;13;A01
200900015652;0;7;0;0;2;1;1;B02
200900015653;0;7;0;2;0;9;1;A01
200900015654;0;7;0;0;2;1;1;A01
200900015654;0;7;0;0;2;1;1;B01
200900015655;0;7;0;0;2;1;1;A01
200900015655;0;7;0;0;2;1;1;B01
200900015656;0;33;0;0;2;1;17;A01
200900015656;0;7;0;0;2;8;19;B02
200900015657;0;7;0;0;2;7;15;A01
200900015657;0;33;0;0;2;1;1;B01
200900015658;0;30;0;1;0;2;14;A01
200900015659;0;7;0;0;2;2;16;A01
200900015659;0;7;0;1;2;7;1;B01
200900015660;0;7;0;0;2;1;1;A01
200900015660;0;7;0;0;2;3;1;B01
200900015661;0;30;0;0;2;1;2;A01
200900015661;0;2;0;0;2;5;16;B01
200900015662;0;7;0;10;0;2;19;A01
200900015663;0;7;0;0;2;2;1;B02
200900015663;0;1;0;0;2;3;19;A01
200900015664;0;2;0;0;2;3;1;B02
200900015664;0;7;0;0;2;3;5;A01
200900015665;0;7;0;0;2;1;13;A01
200900015665;0;2;0;0;2;1;1;B02
200900015666;0;7;0;2;0;8;14;A01
200900015667;0;7;0;0;0;0;15;A01
200900015668;0;7;0;2;0;1;1;A01
200900015669;0;14;0;0;2;3;13;A01
200900015669;0;14;0;0;2;3;1;C03
200900015670;0;7;0;2;0;1;0;A01
200900015671;0;33;0;6;0;1;1;A01
200900015672;0;7;0;2;0;8;13;A01
200900015673;0;7;0;13;0;1;1;A01
200900015674;0;2;0;0;0;9;17;A01
200900015675;0;7;0;1;0;7;0;B02
200900015675;0;7;0;1;0;8;4;A01
200900015676;0;7;0;13;2;5;17;A01
200900015676;0;7;0;14;2;3;1;B01
200900015677;0;7;0;0;2;1;1;B02
200900015677;0;7;0;0;2;7;13;A01
200900015678;0;2;0;0;1;1;1;A01
200900015679;0;7;0;2;0;2;1;A01
200900015680;0;33;0;0;2;3;1;A01
200900015680;0;7;0;0;2;6;19;B02
200900015681;0;1;0;13;0;1;1;A01
200900015682;0;7;0;0;2;8;19;A01
200900015682;0;7;0;0;2;1;1;B02
200900015683;0;7;0;0;2;3;1;B02
200900015683;0;7;0;0;2;3;13;A01
200900015684;0;10;0;0;2;8;10;A01
200900015684;0;10;0;0;2;1;1;B02
200900015685;0;33;0;10;0;1;14;A01
200900015686;0;7;0;2;0;3;14;A01
200900015687;0;7;0;0;2;3;1;B02
200900015687;0;10;0;0;2;3;1;A01
200900015688;0;7;0;0;2;2;17;A01
200900015688;0;21;0;0;2;3;15;B02
200900015689;0;7;0;0;2;1;1;B02
200900015689;0;10;0;0;2;2;15;A01
200900015690;0;7;0;2;0;2;13;A01
200900015691;0;30;0;0;2;1;1;B02
200900015691;0;7;0;0;2;8;9;A01
200900015692;0;7;0;0;1;2;1;A01
200900015693;0;2;0;0;0;0;1;A01
200900015694;0;30;0;0;2;8;1;B01
200900015694;0;7;0;0;2;1;11;A01
200900015695;0;7;0;10;0;1;13;A01
200900015696;0;7;0;1;2;4;2;B01
200900015696;0;7;0;0;2;1;2;A01
200900015697;0;33;0;2;0;9;1;A01
200900015698;0;7;0;0;2;1;13;A01
200900015698;0;7;0;0;2;3;1;B02
200900015699;0;7;0;0;1;8;5;A01
200900015700;0;7;0;3;0;3;16;A01
200900015701;0;7;0;13;0;2;1;A01
200900015702;0;7;0;0;1;2;0;A01
200900015703;0;10;0;0;2;4;1;B02
200900015703;0;10;0;0;2;1;1;A01
200900015704;0;30;0;0;2;1;1;B02
200900015704;0;7;0;0;2;3;15;A01
200900015705;0;7;0;13;0;1;13;A01
200900015706;0;7;0;0;1;4;24;A01
200900015707;0;31;0;6;0;3;1;A01
200900015708;0;30;0;0;2;1;21;A01
200900015708;0;7;0;0;2;8;1;B01
200900015709;0;33;0;0;2;7;1;A01
200900015709;0;7;0;0;2;3;15;B01
200900015710;0;1;0;0;2;7;1;A01
200900015710;0;7;0;0;2;2;1;B01
200900015711;0;7;0;0;2;2;1;A01
200900015711;0;1;0;0;2;1;1;B01
200900015712;0;7;0;0;2;1;15;A01
200900015712;0;7;0;0;2;3;1;B01
200900015713;0;7;0;0;2;1;23;C01
200900015713;0;7;0;1;2;2;15;B01
200900015713;0;7;0;0;2;1;19;A01
200900015714;0;7;0;0;2;1;1;A01
200900015714;0;7;0;0;2;4;1;B01
200900015715;0;31;0;0;2;1;17;A01
200900015716;0;10;0;0;2;3;1;A01
200900015716;0;2;0;0;2;2;9;B01
200900015717;0;7;0;0;2;3;1;B02
200900015718;0;7;0;0;2;1;1;B01
200900015718;0;7;0;0;2;1;1;C01
200900015718;0;7;0;0;2;1;15;A01
200900015719;0;1;0;0;2;1;1;A01
200900015719;0;17;0;0;2;7;16;B01
200900015720;0;2;0;0;2;1;1;B01
200900015720;1;7;0;0;2;1;15;A01
200900015721;0;7;0;0;2;3;5;A01
200900015721;0;7;0;0;2;9;1;C01
200900015721;0;7;0;0;2;8;1;B01
200900015722;0;33;0;0;2;1;1;A01
200900015722;0;7;0;0;2;8;15;B01
200900015723;0;7;0;0;1;4;4;A01
200900015724;0;7;0;0;2;7;20;A01
200900015724;2;31;0;0;2;1;1;B01
200900015725;0;10;0;0;2;2;1;B01
200900015725;0;7;0;8;2;7;15;A01
200900015726;0;15;0;0;2;8;1;C01
200900015726;0;7;0;0;2;1;1;B01
200900015726;0;7;0;0;2;1;5;A01
200900015727;0;7;0;0;2;4;11;B01
200900015727;0;33;0;0;2;1;1;A01
200900015728;0;7;0;0;2;8;15;B01
200900015728;0;7;0;2;2;7;17;A01
200900015729;0;7;0;0;2;4;1;B01
200900015729;0;7;0;0;2;4;1;C01
200900015729;0;7;0;0;2;1;1;A01
200900015730;0;7;0;0;2;1;10;B02
200900015730;0;31;0;0;0;2;1;A01
200900015731;0;33;0;2;0;1;1;A01
200900015732;0;14;0;0;2;3;2;A01
200900015732;0;32;0;0;2;1;2;B02
200900015733;0;7;0;2;0;9;0;A01
200900015734;0;30;0;0;2;1;1;A01
200900015734;0;7;0;0;2;4;0;B01
200900015735;0;99;0;0;2;8;19;B02
200900015735;0;7;0;0;2;1;1;A01
200900015736;0;7;0;0;2;4;0;B01
200900015736;0;33;0;0;2;1;1;A01
200900015737;0;7;0;0;2;4;13;A01
200900015737;0;33;0;0;2;1;1;B01
200900015738;0;7;0;0;2;2;15;A01
200900015738;0;7;0;0;2;1;1;B01
200900015739;0;7;0;13;0;1;1;A01
200900015740;0;7;0;0;2;4;1;C01
200900015740;0;7;0;0;2;1;1;A01
200900015740;0;7;0;0;2;4;1;B01
200900015741;0;7;0;0;2;2;0;B01
200900015741;0;30;0;0;2;1;0;A01
200900015742;0;7;0;0;2;0;1;B01
200900015742;0;7;0;0;2;0;5;A01
200900015743;0;34;0;0;2;1;3;A01
200900015743;0;7;0;0;2;5;11;B01
200900015744;0;7;0;0;2;1;1;B01
200900015744;0;7;0;0;2;4;1;C01
200900015744;0;7;0;0;2;1;12;A01
200900015745;0;7;0;0;2;3;15;A01
200900015745;0;2;0;1;2;1;1;B01
200900015746;0;7;0;0;0;4;23;B01
200900015746;0;7;0;0;2;8;21;C01
200900015746;0;7;0;0;2;1;1;A01
200900015747;0;7;0;0;2;1;13;A01
200900015747;0;7;0;0;2;1;1;B01
200900015748;0;7;0;0;0;1;2;A01
200900015748;0;7;0;0;2;4;2;B01
200900015749;0;7;0;0;2;5;15;A01
200900015749;0;1;0;0;2;1;1;B01
200900015750;2;7;0;0;2;1;6;A01
200900015750;0;7;0;0;2;1;1;B01
200900015751;1;7;0;0;2;1;1;A01
200900015751;0;2;0;0;1;3;1;B01
200900015752;1;7;0;0;2;2;2;A01
200900015752;0;2;0;0;2;4;2;B01
200900015753;0;1;0;0;2;3;15;A01
200900015753;0;7;0;0;2;2;1;B01
200900015754;0;7;0;0;2;3;16;B01
200900015754;1;7;0;0;2;0;0;A01
200900015755;0;7;0;0;1;3;1;A01
200900015756;0;7;0;0;2;3;9;B02
200900015756;0;14;0;0;2;3;1;A01
200900015757;0;10;0;8;0;8;0;A01
200900015758;0;1;0;0;0;0;1;A01
200900015759;0;7;0;2;0;9;1;A01
200900015760;0;33;0;0;2;1;1;B02
200900015760;0;10;0;0;2;2;10;A01
200900015761;0;7;0;0;2;1;1;A01
200900015761;0;7;0;0;2;7;1;B02
200900015762;0;7;0;0;2;3;1;B02
200900015762;0;7;0;0;2;2;1;A01
200900015763;0;7;0;0;2;2;5;A01
200900015763;0;7;0;0;2;1;1;B02
200900015764;0;33;0;0;2;1;1;A01
200900015764;0;7;0;0;2;3;19;B02
200900015765;0;7;0;9;0;9;1;A01
200900015766;0;7;0;13;0;9;1;A01
200900015767;0;10;0;3;0;3;14;A01
200900015768;0;33;0;0;2;7;1;A01
200900015768;0;7;0;0;2;1;15;B02
200900015769;0;7;0;0;2;1;1;A01
200900015769;0;7;0;0;2;4;23;B02
200900015769;0;7;0;0;2;4;23;C03
200900015770;0;7;0;0;2;7;15;A01
200900015770;0;2;0;0;2;1;1;B02
200900015771;0;33;0;0;2;1;21;A01
200900015771;0;10;0;0;0;8;9;B02
200900015772;0;33;0;0;2;7;2;A01
200900015772;0;7;0;0;0;8;10;B01
200900015773;0;7;0;0;1;1;1;A01
200900015774;0;7;0;0;2;1;1;C01
200900015774;0;7;0;0;2;6;15;B01
200900015774;0;33;0;0;2;7;17;A01
200900015775;0;33;0;0;2;0;1;B01
200900015775;0;7;0;0;2;1;0;A01
200900015776;0;7;0;0;2;1;1;B02
200900015777;0;32;0;15;2;3;1;B01
200900015777;0;7;0;0;2;1;1;A01
200900015778;0;1;0;0;2;1;19;B01
200900015778;0;7;0;0;2;2;1;A01
200900015779;0;7;0;0;1;2;17;A01
200900015780;0;7;0;0;1;0;0;A01
200900015781;0;17;0;0;2;2;12;A01
200900015781;0;7;0;0;2;8;1;B01
200900015782;0;7;0;0;2;1;0;A01
200900015782;0;7;0;0;2;5;0;B01
200900015783;0;7;0;0;9;3;1;A01
200900015784;0;14;0;0;2;1;15;A01
200900015784;0;7;0;0;2;7;1;B01
200900015785;0;7;0;0;2;8;0;B01
200900015785;0;7;0;0;2;8;0;A01
200900015786;0;34;0;0;2;1;1;A01
200900015786;0;7;0;0;2;2;15;B01
200900015787;0;7;0;0;2;7;16;B01
200900015787;0;30;0;0;2;1;18;A01
200900015788;0;10;0;0;2;2;1;B01
200900015788;0;7;0;0;2;3;15;A01
200900015789;0;33;0;12;2;1;17;A01
200900015789;0;30;0;0;2;0;1;B01
200900015790;0;30;0;0;2;2;19;A01
200900015790;0;7;0;0;2;1;1;B01
200900015791;0;7;0;0;2;6;1;B01
200900015791;0;15;0;0;2;2;12;A01
200900015792;0;7;0;0;2;2;1;A01
200900015792;0;1;0;0;2;8;15;B02
200900015793;0;10;0;0;2;7;15;B02
200900015793;0;31;0;0;2;1;1;A01
200900015794;0;7;0;1;0;1;2;B02
200900015794;0;14;0;0;2;6;23;A01
200900015795;0;7;0;0;2;1;1;B02
200900015795;0;7;0;0;2;1;13;A01
200900015796;0;7;0;0;2;1;1;A01
200900015796;0;7;0;0;2;8;15;B02
200900015797;0;7;0;0;2;1;1;B02
200900015797;0;7;0;0;2;1;15;A01
200900015798;0;7;0;4;0;3;17;A01
200900015799;0;32;0;0;2;1;19;B02
200900015799;0;7;0;0;2;2;1;A01
200900015800;0;33;0;1;0;1;1;B02
200900015800;0;7;0;0;2;2;13;A01
200900015801;0;7;0;0;1;1;0;A01
200900015802;0;7;0;8;0;7;1;A01
200900015803;0;7;0;0;2;3;19;A01
200900015803;0;33;0;0;2;1;1;B02
200900015804;1;7;0;0;2;6;17;A01
200900015804;0;33;0;0;2;8;1;B02
200900015805;0;7;0;4;2;1;1;A01
200900015805;0;1;0;0;2;4;1;B02
200900015806;0;7;0;6;0;2;1;A01
200900015807;0;10;0;6;0;8;1;A01
200900015808;0;7;0;0;2;1;1;D01
200900015808;0;7;0;0;2;1;1;B01
200900015808;0;7;0;0;2;1;0;A01
200900015808;0;7;0;0;2;1;1;C01
200900015809;0;3;0;14;0;3;1;A01
200900015810;0;33;0;0;2;1;1;B01
200900015810;0;7;0;0;2;8;19;A01
200900015811;0;7;0;0;1;2;3;A01
200900015812;0;36;0;2;0;1;1;A01
200900015813;0;7;0;0;2;3;19;A01
200900015813;0;2;0;0;2;1;17;B01
200900015814;0;7;0;0;2;5;16;A01
200900015814;0;30;0;0;2;1;1;B01
200900015815;0;33;0;16;0;1;1;A01
200900015816;0;7;0;0;2;1;1;B01
200900015816;0;7;0;0;2;1;13;A01
200900015817;0;1;0;0;2;1;5;B02
200900015817;0;31;0;0;2;1;1;A01
200900015818;0;30;0;0;1;1;17;A01
200900015819;0;2;0;0;1;1;17;A01
200900015820;0;7;0;6;0;9;13;A01
200900015821;0;7;0;13;0;1;1;A01
200900015822;0;7;0;15;2;8;1;B01
200900015822;1;7;0;0;2;1;0;A01
200900015823;0;30;0;1;0;1;2;A01
200900015824;0;7;0;0;2;3;15;A01
200900015824;0;2;0;0;2;1;1;B01
200900015825;0;7;0;0;2;4;1;A01
200900015825;0;7;0;0;2;1;15;B01
200900015826;1;7;0;0;1;2;1;A01
200900015827;0;7;0;0;2;1;1;B01
200900015827;0;7;0;0;2;1;15;A01
200900015828;0;7;0;0;1;1;1;A01
200900015829;0;7;0;0;1;3;15;A01
200900015830;0;34;0;1;2;1;1;B01
200900015830;0;7;0;0;2;6;10;A01
200900015831;0;7;0;0;1;7;1;A01