num_acc;senc;catv;occutc;obs;obsm;choc;manv;num_veh
200900016209;1;7;0;0;1;2;1;A01
200900016210;0;2;0;0;0;0;1;B01
200900016210;0;1;0;0;0;0;7;A01
200900016211;0;32;0;0;0;0;1;A01
200900016212;0;7;0;0;0;5;16;A01
200900016212;0;1;0;0;0;8;7;B01
200900016213;0;10;0;0;2;5;1;D01
200900016213;0;7;0;0;2;8;1;B01
200900016213;0;14;0;0;2;2;12;A01
200900016213;0;7;0;0;2;5;1;C01
200900016214;0;7;0;0;2;3;11;A01
200900016214;0;32;0;0;2;5;3;B01
200900016215;0;7;0;0;1;2;1;A01
200900016216;0;7;0;0;1;3;1;A01
200900016217;0;7;0;0;2;7;16;A01
200900016217;0;1;0;0;2;3;1;B01
200900016218;0;30;0;0;0;8;1;A01
200900016219;0;1;0;0;2;1;1;B01
200900016219;0;10;0;0;0;3;9;A01
200900016220;0;30;0;0;0;0;1;A01
200900016221;1;7;0;0;2;1;2;Z01
200900016221;0;32;0;0;0;4;2;A01
200900016222;0;30;0;0;2;0;1;A01
200900016223;0;30;0;0;0;9;1;A01
200900016224;0;2;0;0;2;3;7;A01
200900016224;0;7;0;0;9;3;15;B01
200900016225;0;7;0;0;2;8;1;C01
200900016225;0;7;0;0;2;2;12;A01
200900016225;0;33;0;0;2;8;3;B01
200900016226;0;7;0;0;2;5;1;C01
200900016226;0;7;0;0;2;1;13;A01
200900016226;0;32;0;0;2;4;17;B01
200900016227;0;30;0;14;0;7;1;A01
200900016228;0;2;0;0;0;0;1;A01
200900016229;0;7;0;0;0;3;1;B01
200900016229;0;7;0;4;2;7;21;A01
200900016230;0;30;0;0;2;1;2;A01
200900016230;0;10;0;0;0;4;23;B01
200900016231;0;7;0;0;2;7;16;A01
200900016231;0;37;10;0;2;3;7;B01
200900016232;0;34;0;0;0;4;23;B01
200900016232;0;32;0;0;2;3;2;A01
200900016233;0;7;0;0;2;1;1;B01
200900016233;0;7;0;0;2;2;15;A01
200900016234;0;31;0;0;2;3;2;A01
200900016234;0;7;0;0;0;5;2;B01
200900016235;0;7;0;0;2;6;1;B01
200900016235;0;2;0;0;2;1;11;A01
200900016236;0;33;0;0;2;8;17;A01
200900016236;0;34;0;0;0;0;15;B01
200900016237;0;30;0;0;2;8;1;B01
200900016237;0;7;0;0;2;3;1;A01
200900016238;0;33;0;0;2;4;2;B01
200900016238;0;7;0;0;2;1;2;A01
200900016239;0;33;0;0;1;2;17;A01
200900016240;0;30;0;12;0;3;13;A01
200900016241;0;7;0;0;1;3;16;A01
200900016242;0;7;0;0;2;3;7;A01
200900016242;0;7;0;10;2;2;16;B01
200900016243;0;33;0;0;1;1;1;A01
200900016244;0;30;0;0;0;1;14;A01
200900016245;0;7;0;4;0;6;1;B01
200900016245;0;17;0;0;2;2;12;A01
200900016246;0;7;0;0;2;2;1;A01
200900016246;0;30;0;0;2;1;1;B01
200900016246;0;2;0;0;2;9;1;C01
200900016247;0;30;0;0;0;1;1;A01
200900016247;1;7;0;0;2;3;15;Z01
200900016248;0;30;0;0;0;7;14;A01
200900016248;0;32;0;0;2;0;1;B01
200900016249;0;2;0;0;0;4;9;A01
200900016249;0;7;0;0;2;3;1;B01
200900016250;0;7;0;4;2;2;13;A01
200900016250;0;7;0;0;2;3;1;B01
200900016251;0;32;0;0;2;1;7;B01
200900016251;0;7;0;0;2;2;15;A01
200900016252;0;7;0;0;0;6;4;A01
200900016252;0;33;0;0;0;6;23;B01
200900016253;0;7;0;0;0;3;9;A01
200900016253;0;32;0;0;0;5;1;B01
200900016254;0;7;0;0;2;7;16;B01
200900016254;0;32;0;0;2;1;7;A01
200900016255;0;14;0;0;0;1;16;B01
200900016255;0;7;0;8;0;8;18;A01
200900016256;0;1;0;0;0;0;0;A01
200900016257;0;13;0;4;2;1;2;A01
200900016257;0;7;0;0;0;4;23;C01
200900016257;0;7;0;0;2;5;23;B01
200900016258;0;2;0;0;2;1;1;B01
200900016258;0;7;0;0;2;1;15;A01
200900016259;0;37;20;9;0;1;13;A01
200900016260;0;32;0;9;0;1;15;A01
200900016261;0;13;0;0;2;7;16;A01
200900016261;0;7;0;0;2;3;7;B01
200900016262;0;32;0;0;2;1;1;B01
200900016262;0;10;0;0;2;2;15;A01
200900016263;0;7;0;0;1;2;16;A01
200900016264;0;7;0;0;0;0;1;A01
200900016265;0;2;0;0;0;4;23;B01
200900016265;0;7;0;0;2;1;2;A01
200900016266;0;7;0;0;2;3;9;A01
200900016266;0;33;0;0;2;2;1;B01
200900016267;0;10;0;0;0;3;10;A01
200900016267;0;32;0;1;0;1;17;B01
200900016268;0;37;2;0;2;2;1;A01
200900016268;0;7;0;0;0;5;1;B01
200900016269;0;2;0;0;2;1;1;A01
200900016270;0;7;0;0;2;5;16;A01
200900016270;0;37;3;0;2;3;1;B01
200900016271;0;7;0;12;0;2;14;A01
200900016272;0;1;0;0;0;1;1;B01
200900016272;0;7;0;0;0;8;22;A01
200900016273;0;7;0;0;2;1;1;A01
200900016273;0;7;0;0;2;3;1;B01
200900016274;0;33;0;0;2;3;1;B01
200900016274;0;7;0;0;2;2;1;A01
200900016275;0;7;0;0;0;5;2;B01
200900016275;0;32;0;0;2;8;2;A01
200900016276;0;2;0;0;2;3;18;A01
200900016276;0;7;0;0;2;2;16;B01
200900016277;0;1;0;0;1;1;1;A01
200900016278;0;33;0;0;0;8;1;A01
200900016279;0;7;0;0;2;2;15;A01
200900016279;0;32;0;0;2;1;1;B01
200900016280;0;7;0;0;2;4;23;B01
200900016280;0;7;0;0;0;4;23;C01
200900016280;0;37;1;0;2;1;2;A01
200900016281;0;7;0;0;0;2;22;A01
200900016281;0;33;0;0;2;2;18;B01
200900016282;0;7;0;0;1;2;16;A01
200900016283;0;7;0;0;1;1;1;A01
200900016284;0;7;0;0;1;5;1;A01
200900016285;0;33;0;0;2;1;1;A01
200900016285;0;7;0;0;2;7;1;B01
200900016286;0;33;0;1;2;8;3;A01
200900016286;0;7;0;0;0;7;12;B01
200900016287;0;2;0;0;2;2;17;A01
200900016287;0;10;0;0;2;3;15;B01
200900016288;0;33;0;0;9;0;1;A01
200900016289;0;33;0;0;2;7;17;A01
200900016289;0;7;0;0;2;3;15;B01
200900016290;0;7;0;0;0;5;11;B01
200900016290;0;33;0;0;2;1;1;A01
200900016291;0;7;0;0;0;4;2;B01
200900016291;0;10;0;14;0;1;23;A01
200900016292;0;31;0;0;2;3;3;A01
200900016292;0;7;0;0;2;6;12;B01
200900016293;0;31;0;0;0;7;3;B01
200900016293;0;7;0;0;2;8;11;A01
200900016294;0;1;0;1;0;3;1;B01
200900016294;0;37;30;1;0;5;17;A01
200900016295;0;30;0;0;0;1;17;B01
200900016295;0;7;0;0;0;3;10;A01
200900016296;0;7;0;0;1;1;1;A01
200900016297;0;32;0;0;2;1;1;B01
200900016297;0;7;0;0;2;2;15;A01
200900016298;0;32;0;0;2;8;1;B01
200900016298;0;7;0;0;2;1;1;A01
200900016299;0;7;0;0;1;2;1;A01
200900016300;0;7;0;0;2;3;15;A01
200900016300;0;32;0;0;2;1;1;B01
200900016301;0;7;0;8;2;1;21;A01
200900016302;0;7;0;8;0;1;14;A01
200900016303;0;7;0;0;0;4;15;A01
200900016303;0;31;0;0;2;9;1;B01
200900016304;0;32;0;0;0;1;17;B01
200900016304;0;7;0;0;0;3;10;A01
200900016305;0;1;0;0;0;0;1;A01
200900016306;0;7;0;0;9;7;16;B01
200900016306;0;30;0;0;2;8;18;A01
200900016307;0;7;0;0;0;7;16;A01
200900016308;0;30;0;0;2;2;5;A01
200900016308;0;7;0;0;2;3;1;B01
200900016309;0;7;0;0;2;5;4;A01
200900016309;0;30;0;0;2;2;1;B01
200900016310;0;7;0;9;0;3;13;A01
200900016311;0;34;0;0;2;5;16;B01
200900016311;0;30;0;0;2;6;18;A01
200900016312;0;2;0;8;0;0;18;A01
200900016313;1;7;0;0;2;3;15;Z01
200900016313;0;32;0;0;2;8;1;A01
200900016314;0;32;0;0;2;8;17;B01
200900016314;0;7;0;0;2;6;10;A01
200900016315;0;2;0;0;2;1;1;B01
200900016315;0;30;0;0;2;7;1;A01
200900016316;0;7;0;0;2;3;1;A01
200900016316;0;32;0;0;2;3;1;B01
200900016317;0;30;0;11;0;1;21;A01
200900016318;0;7;0;0;2;1;2;A01
200900016318;0;7;0;0;0;5;23;B01
200900016319;0;30;0;0;2;3;1;A01
200900016319;0;32;0;0;0;3;15;B01
200900016320;0;7;0;0;0;4;2;B01
200900016320;0;2;0;0;0;1;2;A01
200900016321;0;2;0;0;2;8;1;B01
200900016321;0;10;0;0;2;7;14;A01
200900016322;0;7;0;0;2;3;1;A01
200900016322;0;7;0;0;2;1;15;B01
200900016323;0;7;0;0;1;5;4;A01
200900016324;0;38;1;0;1;1;1;A01
200900016325;0;7;0;0;1;3;1;A01
200900016326;0;10;0;0;2;3;15;B01
200900016326;0;2;0;0;2;3;17;A01
200900016327;0;38;46;1;2;3;7;A01
200900016327;0;10;0;0;2;5;2;B01
200900016328;0;7;0;0;0;3;10;A01
200900016328;0;34;0;0;2;1;17;B01
200900016329;0;31;0;0;2;8;3;A01
200900016329;0;7;0;0;2;2;12;B01
200900016330;0;10;0;0;2;4;23;B01
200900016330;0;7;0;0;2;1;2;A01
200900016330;0;7;0;0;0;4;23;C01
200900016331;0;10;0;0;0;8;1;B01
200900016331;0;14;0;0;2;1;12;A01
200900016332;0;7;0;0;0;8;1;A01
200900016333;0;7;0;1;0;8;15;A01
200900016333;0;3;0;1;0;3;1;B01
200900016334;1;34;0;0;1;0;1;Z01
200900016335;0;10;0;0;1;1;1;A01
200900016336;0;10;0;0;2;4;2;B01
200900016336;0;10;0;0;2;1;2;D01
200900016336;0;7;0;0;0;4;2;C01
200900016336;0;7;0;0;2;1;2;A01
200900016337;0;7;0;;1;1;1;B02
200900016337;0;7;0;;2;7;15;A01
200900016338;0;7;0;;2;1;1;A01
200900016338;0;7;0;;2;1;13;B02
200900016339;0;7;0;;2;3;15;B02
200900016339;0;33;0;;2;1;1;A01
200900016340;0;7;0;0;2;0;13;A01
200900016340;0;7;0;0;0;0;1;B02
200900016341;0;30;0;2;0;1;1;A01
200900016342;0;7;0;2;0;3;13;A01
200900016343;0;7;0;0;0;1;1;B02
200900016343;0;7;0;0;0;7;19;A01
200900016344;0;7;0;0;2;4;2;C01
200900016344;0;7;0;0;2;1;2;B01
200900016344;0;7;0;0;2;1;2;A01
200900016345;0;33;0;9;2;9;17;A01
200900016345;0;7;0;0;2;3;15;B02
200900016346;0;7;0;1;0;4;9;A01
200900016347;0;7;0;0;2;1;2;A01
200900016347;0;7;0;0;2;4;2;B01
200900016348;0;31;0;0;0;4;2;A01
200900016348;0;7;0;0;2;1;2;B01
200900016349;0;7;0;13;0;1;1;A01
200900016350;0;7;0;0;2;4;2;A02
200900016350;0;31;0;0;2;1;2;A01
200900016351;0;7;0;0;0;1;0;A01
200900016352;1;30;0;0;1;1;1;A01
200900016353;0;7;0;0;2;4;15;B01
200900016353;0;7;0;0;2;1;2;A01
200900016354;0;7;0;16;0;1;14;A01
200900016355;1;7;0;0;2;1;1;A01
200900016355;0;2;0;0;2;7;2;B01
200900016356;0;7;0;13;0;3;1;A01
200900016357;0;7;0;0;2;1;13;A01
200900016357;0;10;0;0;2;1;1;B01
200900016358;0;7;0;0;2;7;19;A01
200900016358;0;7;0;0;2;1;19;B01
200900016359;0;30;0;0;2;1;9;B01
200900016359;0;7;0;0;2;1;10;A01
200900016360;0;7;0;0;2;8;19;B02
200900016360;0;7;0;0;2;1;1;A01
200900016361;0;1;0;0;2;4;23;B02
200900016361;0;7;0;0;2;7;1;A01
200900016361;0;1;0;0;2;4;1;C03
200900016362;0;33;0;0;2;1;14;A01
200900016362;0;10;0;0;2;5;1;B02
200900016363;0;7;0;2;0;7;1;A01
200900016364;0;7;0;0;2;3;17;A01
200900016364;0;7;0;0;2;3;1;B02
200900016365;0;7;0;0;2;3;2;A01
200900016365;0;10;0;0;0;5;15;B02
200900016366;0;31;0;0;2;1;15;B02
200900016366;0;7;0;0;2;2;1;A01
200900016367;0;7;0;2;0;1;0;A01
200900016368;0;10;0;2;0;9;1;A01
200900016369;0;7;0;0;1;2;0;A01
200900016370;0;7;0;0;2;5;19;A01
200900016370;0;33;0;0;2;1;1;B02
200900016371;0;14;0;15;0;0;16;A01
200900016372;0;7;0;0;2;1;1;B02
200900016372;0;7;0;0;2;3;13;A01
200900016373;0;3;0;0;2;4;1;C03
200900016373;0;7;0;0;2;1;17;A01
200900016373;0;7;0;0;2;3;1;B02
200900016374;0;7;0;1;0;1;14;A01
200900016374;0;10;0;0;0;4;23;B02
200900016375;0;7;0;0;2;2;1;B02
200900016375;0;7;0;0;2;3;15;A01
200900016376;0;7;0;2;0;1;1;A01
200900016377;0;7;0;0;1;2;1;B01
200900016378;0;7;0;0;2;3;1;B01
200900016378;0;33;0;0;2;1;5;A01
200900016379;0;7;0;2;0;1;13;A01
200900016380;0;7;0;0;1;3;15;A01
200900016381;0;2;0;0;2;1;2;B01
200900016381;0;7;0;0;2;3;1;A01
200900016382;0;7;0;0;2;3;1;B02
200900016382;0;33;0;0;2;1;13;A01
200900016383;0;7;0;0;2;2;13;A01
200900016383;0;7;0;0;2;2;0;B02
200900016384;0;2;0;0;2;3;19;A01
200900016384;0;21;0;0;2;6;1;B02
200900016385;0;7;0;0;9;3;1;B02
200900016385;0;2;0;0;2;1;13;A01
200900016386;0;7;0;2;0;2;13;A01
200900016387;0;10;0;0;2;1;1;B02
200900016387;0;7;0;0;2;7;13;A01
200900016388;0;7;0;2;0;1;1;A01
200900016389;0;7;0;0;2;6;15;B02
200900016389;0;33;0;0;2;2;17;A01
200900016390;0;7;0;0;1;1;1;A01
200900016391;0;1;0;0;2;8;2;B01
200900016391;0;7;0;0;9;7;2;A01
200900016392;0;1;0;0;2;8;1;B01
200900016392;0;7;0;5;9;1;1;A01
200900016393;0;7;0;0;2;2;1;B01
200900016393;0;7;0;0;2;3;15;A01
200900016394;0;7;0;0;2;2;1;B01
200900016394;0;7;0;0;2;3;15;A01
200900016395;0;7;0;0;0;9;1;A01
200900016396;0;33;0;0;1;2;0;A01
200900016397;0;7;0;0;0;4;2;C01
200900016397;0;7;0;0;2;1;2;A01
200900016397;0;7;0;0;2;9;2;B01
200900016398;0;7;0;0;1;8;1;A01
200900016399;0;7;0;0;1;2;1;A01
200900016400;0;7;0;0;2;1;15;A01
200900016400;0;7;0;0;2;3;1;B01
200900016401;0;1;0;0;2;2;1;B01
200900016401;0;7;0;0;2;8;22;A01
200900016402;0;7;0;0;2;2;15;A01
200900016402;0;7;0;0;2;3;1;B01
200900016403;0;7;0;0;2;4;23;F02
200900016403;0;7;0;0;2;4;23;B01
200900016403;0;16;0;0;2;1;1;A01
200900016403;0;7;0;0;2;4;23;E01
200900016403;0;7;0;0;2;4;23;C01
200900016403;0;7;0;0;9;3;23;D01
200900016404;0;32;0;11;0;1;1;A01
200900016405;0;32;0;0;2;1;1;B01
200900016405;0;7;0;0;0;8;10;A01
200900016406;0;7;0;0;2;1;1;A01
200900016406;0;7;0;0;0;8;1;B01
200900016407;0;7;0;0;1;5;0;A01
200900016408;0;7;0;0;2;2;15;A01
200900016408;0;1;0;0;2;7;1;B01
200900016409;0;7;0;0;2;1;11;A01
200900016409;0;7;0;0;2;1;15;B01
200900016410;0;7;0;0;2;3;10;A01
200900016410;0;33;0;0;2;1;1;B01
200900016411;0;7;0;0;1;5;20;A01
200900016412;0;10;0;0;2;2;19;A01
200900016412;0;30;0;0;2;1;1;B02
200900016413;0;7;0;4;0;9;1;A01
200900016414;0;33;0;0;2;1;1;B02
200900016414;0;7;0;0;2;3;9;A01
200900016415;0;33;0;0;2;1;1;A01
200900016415;0;7;0;0;2;5;16;B02
200900016416;0;10;0;7;0;5;1;A01
200900016417;0;7;0;0;2;3;0;A01
200900016417;0;37;1;0;2;1;1;B01
200900016418;0;33;0;0;0;1;1;A01
200900016419;0;7;0;0;2;3;1;B01
200900016419;0;7;0;1;2;2;14;A01
200900016420;0;7;0;0;2;8;10;A01
200900016420;0;33;0;0;2;1;0;B01
200900016421;0;30;0;0;2;2;17;A01
200900016421;0;7;0;0;2;8;15;B01
200900016422;0;7;0;13;0;1;14;A01
200900016423;0;7;0;0;2;8;17;A01
200900016423;0;7;0;0;0;7;1;B01
200900016424;0;7;0;0;2;2;1;B02
200900016424;0;2;0;0;2;1;1;A01
200900016425;0;7;0;0;2;1;15;A01
200900016425;0;33;0;0;2;7;1;B02
200900016426;0;15;0;0;1;3;10;A01
200900016427;0;7;0;0;2;1;9;A01
200900016427;0;33;0;0;2;1;1;B02
200900016428;0;7;0;0;0;9;0;A01
200900016429;0;7;0;0;2;1;13;A01
200900016429;0;7;0;0;2;1;1;B02
200900016430;0;33;0;16;0;9;0;A01
200900016431;0;7;0;14;0;3;1;A01
200900016432;0;7;0;0;2;3;13;A01
200900016432;0;7;0;0;2;3;1;B02
200900016433;0;7;0;0;0;3;1;A01
200900016434;0;10;0;0;1;4;20;A01
200900016435;0;30;0;4;0;1;1;A01
200900016436;0;7;0;6;0;1;1;A01
200900016437;0;10;0;0;2;5;15;A01
200900016437;0;33;0;0;2;1;1;B02
200900016438;0;7;0;0;2;3;13;A01
200900016438;0;7;0;0;2;3;1;B02
200900016439;0;33;0;16;0;8;15;A01
200900016440;0;30;0;16;0;8;1;A01
200900016441;0;7;0;0;2;1;1;A01
200900016441;0;7;0;0;2;1;1;B02
200900016442;0;7;0;0;0;9;13;A01
200900016443;0;7;0;0;2;2;1;B02
200900016443;0;7;0;0;2;5;13;A01
200900016444;0;30;0;0;2;1;13;C03
200900016444;0;2;0;0;2;0;13;A01
200900016444;0;30;0;0;2;1;13;B02
200900016445;0;33;0;2;0;0;1;A01
200900016446;0;7;0;16;0;8;13;A01
200900016447;0;1;0;0;2;1;1;A01
200900016447;0;7;0;0;9;7;1;B02
200900016448;0;7;0;0;0;9;1;A01
200900016449;0;7;0;3;0;2;1;A01
200900016450;0;7;0;0;2;1;13;A01
200900016450;0;7;0;0;2;1;1;B02
200900016451;0;7;0;0;2;8;1;B02
200900016451;0;33;0;0;2;8;13;A01
200900016452;0;7;0;0;2;1;1;A01
200900016452;0;33;0;0;0;6;1;B01
200900016453;0;7;0;0;1;2;1;A01
200900016454;0;33;0;15;0;0;0;A01
200900016455;0;36;0;6;0;1;14;A01
200900016456;0;7;0;0;2;6;15;B01
200900016456;0;99;0;0;2;2;1;A01
200900016457;0;7;0;12;0;1;6;A01
200900016458;0;7;0;0;2;1;2;A01
200900016458;0;7;0;0;2;4;2;B01
200900016459;0;2;0;16;0;6;1;A01
200900016460;0;1;0;0;2;7;1;B01
200900016460;0;7;0;0;2;3;9;A01
200900016461;0;7;0;12;2;3;5;A01
200900016461;0;7;0;0;2;3;1;B01
200900016462;0;7;0;0;1;2;1;A01
200900016462;0;1;0;0;2;7;19;B01
200900016463;0;7;0;0;2;1;1;A01
200900016463;0;7;0;0;2;4;1;C01
200900016463;0;7;0;0;2;4;1;B01
200900016464;0;2;0;0;2;7;1;B01
200900016464;0;7;0;0;2;1;9;A01
200900016465;0;7;0;0;2;1;15;A01
200900016465;0;7;0;0;2;1;21;B01
200900016466;0;7;0;0;2;2;9;A01
200900016466;0;30;0;0;0;5;1;B01
200900016467;0;37;1;0;1;3;21;A01
200900016468;0;7;0;0;2;2;23;B01
200900016468;0;7;0;0;2;6;4;A01
200900016469;0;7;0;0;1;0;1;A01
200900016470;0;33;0;0;2;1;2;B01
200900016470;0;7;0;0;0;7;0;A01
200900016471;0;1;0;0;2;1;1;A01
200900016471;0;7;0;0;2;5;1;B01
200900016472;0;30;0;0;0;0;0;A01
200900016473;0;7;0;0;0;1;1;B01
200900016473;0;7;0;0;2;2;1;A01
200900016474;0;7;0;0;1;1;1;A01
200900016475;0;7;0;0;2;1;2;A01
200900016475;0;7;0;0;2;4;2;B01
200900016475;0;7;0;0;2;4;2;C01
200900016475;0;7;0;0;2;4;2;D01
200900016476;0;7;0;0;1;3;1;A01
200900016477;0;30;0;0;2;1;1;B01
200900016477;0;7;0;0;2;3;15;A01
200900016478;0;33;0;0;0;3;16;A01
200900016479;0;7;0;0;2;7;10;A01
200900016479;0;7;0;0;2;1;1;B01
200900016480;0;32;0;0;2;1;9;A01
200900016480;0;7;0;0;2;2;1;B01
200900016481;0;7;0;2;0;1;1;A01
200900016482;0;7;0;13;0;2;14;A01
200900016483;0;33;0;0;0;1;15;A01
200900016484;0;10;0;0;1;2;17;A01
200900016485;0;7;0;0;1;0;9;A01
200900016486;0;7;0;2;0;3;1;A01
200900016487;0;2;0;0;2;0;1;A01
200900016487;0;1;0;0;2;1;1;B01
200900016488;0;7;0;0;1;7;21;A01
200900016489;0;7;0;0;0;0;4;A01
200900016490;0;33;0;7;0;1;1;A01
200900016491;0;7;0;13;0;0;1;A01
200900016492;0;30;0;12;0;0;14;A01
200900016492;1;7;0;0;0;0;13;B01
200900016493;0;7;0;0;2;3;1;B01
200900016493;0;7;0;0;2;1;15;A01
200900016494;0;2;0;0;1;1;1;A01
200900016495;0;7;0;2;0;9;1;A01
200900016496;0;7;0;13;0;1;16;A01
200900016497;0;3;0;0;2;1;1;B01
200900016497;0;1;0;0;2;1;19;A01
200900016498;0;30;0;0;0;7;1;A01
200900016498;0;7;0;0;1;1;1;B01
200900016499;0;33;0;0;0;7;3;A01
200900016500;0;7;0;0;2;5;2;B01
200900016500;0;33;0;0;2;1;3;A01
200900016500;0;7;0;0;2;6;2;C01
200900016501;0;7;0;0;2;4;1;A01
200900016501;0;7;0;6;0;4;11;B01
200900016502;0;7;0;0;2;1;19;A01
200900016502;0;1;0;0;2;8;1;B01
200900016503;0;7;0;0;2;1;1;B01
200900016503;0;7;0;0;2;1;13;A01
200900016504;0;2;0;0;1;1;1;A01
200900016505;0;7;0;0;2;8;1;B01
200900016505;1;7;0;0;2;8;16;A01
200900016506;0;1;0;0;2;1;5;A01
200900016506;0;7;0;0;2;1;15;B01
200900016507;0;7;0;0;1;0;1;A01
200900016508;0;7;0;1;0;2;0;A01
200900016509;0;10;0;0;0;0;1;A01
200900016510;0;7;0;0;1;3;1;A01
200900016511;2;7;0;0;2;2;16;A01
200900016511;0;30;0;0;2;0;1;B01
200900016512;0;30;0;0;2;1;1;A01
200900016512;0;7;0;0;0;4;1;B01
200900016513;0;7;0;0;0;1;1;B01
200900016513;0;7;0;0;2;2;10;A01
200900016514;0;1;0;0;2;1;1;B01
200900016514;0;7;0;0;9;2;15;A01
200900016515;0;1;0;0;2;0;1;B01
200900016515;0;7;0;0;9;1;9;A01
200900016516;0;7;0;0;1;3;1;A01
200900016517;0;1;0;0;2;2;19;A01
200900016517;0;7;0;0;2;2;1;B01
200900016518;0;7;0;0;2;1;1;A01
200900016518;0;7;0;0;0;4;2;B01
200900016519;0;7;0;0;2;1;1;A01
200900016519;0;7;0;1;2;8;19;B01
200900016520;0;10;0;0;1;0;16;A01
200900016521;0;7;0;0;2;1;1;A01
200900016521;0;1;0;0;0;0;1;B01
200900016522;1;7;0;0;1;0;0;A01
200900016523;0;7;0;0;2;3;15;B01
200900016523;0;33;0;0;2;3;17;A01
200900016524;0;2;0;0;2;1;15;A01
200900016524;0;7;0;0;2;3;1;B01
200900016525;0;33;0;0;2;1;1;B01
200900016525;0;7;0;0;0;9;15;A01
200900016526;0;7;0;0;2;7;0;A01
200900016526;0;33;0;0;2;1;1;B01
200900016527;0;7;0;0;9;0;1;B01
200900016527;0;1;0;0;2;0;1;A01
200900016528;0;7;0;0;2;1;13;A01
200900016528;0;7;0;1;2;1;1;B01
200900016529;0;1;0;0;2;7;1;B01
200900016529;0;10;0;0;2;1;9;A01
200900016530;0;7;0;0;2;3;15;B01
200900016530;0;7;0;0;2;2;1;A01
200900016531;0;30;0;1;0;2;1;A01
200900016532;0;7;0;0;1;2;0;A01
200900016533;0;32;0;0;2;5;16;B01
200900016533;0;7;0;0;2;2;9;A01
200900016534;0;7;0;0;1;1;0;A01
200900016535;0;7;0;0;2;2;1;A01
200900016535;0;1;0;0;2;1;1;B01
200900016536;0;1;0;0;2;6;1;A01
200900016537;0;7;0;0;2;6;15;B01
200900016537;0;7;0;0;2;2;9;A01
200900016538;0;7;0;0;2;7;15;B01
200900016538;0;2;0;0;2;1;1;A01
200900016539;0;7;0;0;1;1;1;A01
200900016540;0;7;0;0;2;3;15;A01
200900016540;0;33;0;0;2;1;1;B01
200900016541;0;1;0;1;0;1;1;B01
200900016541;0;7;0;0;2;8;22;A01
200900016542;0;1;0;1;0;7;1;B01
200900016542;0;7;0;0;2;8;24;A01
200900016543;0;33;0;0;2;2;3;A01
200900016543;0;7;0;0;2;0;12;B01
200900016543;0;7;0;0;2;0;1;C01
200900016544;0;14;0;6;0;0;1;A01
200900016545;0;1;0;0;2;1;0;A01
200900016545;0;99;0;0;9;4;0;B01
200900016546;0;2;0;0;2;1;1;B02
200900016546;0;10;0;0;2;2;19;A01
200900016547;0;7;0;0;2;1;1;B02
200900016547;0;7;0;0;2;2;19;A01
200900016548;0;7;0;6;0;1;1;A01
200900016549;0;2;0;0;2;4;15;B02
200900016549;0;2;0;0;2;1;2;A01
200900016550;0;7;0;6;0;7;1;A01
200900016551;0;30;0;0;2;1;1;A01
200900016551;0;7;0;0;2;3;15;B02
200900016552;0;7;0;13;0;4;1;A01
200900016553;0;30;0;0;2;2;15;A01
200900016553;0;7;0;0;2;2;1;B02
200900016554;0;33;0;0;2;1;13;A01
200900016554;0;7;0;0;2;3;1;B02
200900016555;0;7;0;8;0;7;0;A01
200900016556;0;30;0;0;2;1;16;A01
200900016556;0;7;0;0;2;2;1;B02
200900016557;0;7;0;0;2;1;1;B02
200900016557;0;7;0;0;2;1;15;A01
200900016558;0;33;0;6;0;1;6;A01
200900016559;1;7;0;0;1;3;1;A01
200900016560;0;7;0;0;1;2;1;A01
200900016561;0;7;0;6;0;2;13;A01
200900016562;0;7;0;0;2;2;1;A01
200900016562;0;7;0;0;2;2;13;B02
200900016563;0;7;0;0;1;1;1;A01
200900016564;0;7;0;0;2;6;4;A01
200900016564;0;2;0;0;2;1;1;B02
200900016565;0;7;0;0;2;3;17;A01
200900016565;0;7;0;0;2;2;17;B02
200900016566;0;7;0;0;2;3;1;A01
200900016566;0;2;0;0;2;1;1;B02
200900016567;0;33;0;0;2;5;1;A01
200900016567;0;7;0;0;2;3;9;B02
200900016568;0;10;0;0;2;1;6;A01
200900016568;0;10;0;0;2;3;2;B02
200900016569;0;33;0;15;0;1;1;A01
200900016570;0;33;0;0;2;1;11;B02
200900016570;0;7;0;0;2;6;10;A01
200900016571;0;10;0;0;2;8;15;A01
200900016571;0;30;0;0;2;1;1;B02
200900016572;0;7;0;0;2;2;1;B02
200900016572;0;7;0;0;2;2;13;A01
200900016573;0;2;0;0;2;1;1;A01
200900016573;0;7;0;0;2;3;15;B02
200900016574;0;7;0;0;2;1;1;B02
200900016574;0;2;0;0;2;1;13;A01
200900016575;0;7;0;13;0;3;1;A01
200900016576;0;7;0;0;2;2;20;A01
200900016576;0;2;0;0;2;1;1;B02
200900016577;0;33;0;0;2;5;18;A01
200900016577;0;7;0;0;2;3;1;B01
200900016578;0;10;0;0;2;1;23;B01
200900016578;0;7;0;0;0;1;1;A01
200900016578;0;7;0;0;2;8;1;C01
200900016579;0;34;0;0;2;2;17;B01
200900016579;0;7;0;0;2;8;20;A01
200900016580;0;7;0;0;2;0;1;A01
200900016580;0;30;0;0;2;0;1;B01