num_acc;senc;catv;occutc;obs;obsm;choc;manv;num_veh
200900016581;0;30;0;0;2;1;13;A01
200900016581;0;31;0;0;2;1;1;B02
200900016582;0;7;0;6;2;8;19;A01
200900016582;0;7;0;8;2;1;1;B01
200900016583;0;7;0;0;2;4;1;B01
200900016583;0;33;0;0;2;1;1;A01
200900016584;0;33;0;3;0;7;1;A01
200900016585;0;7;0;14;0;2;14;A01
200900016586;0;7;0;0;2;8;9;B01
200900016586;0;10;0;0;2;3;1;A01
200900016587;0;2;0;0;1;1;23;A01
200900016588;0;7;0;13;0;2;13;A01
200900016589;0;7;0;2;0;5;14;A01
200900016590;0;7;0;6;0;9;13;A01
200900016591;0;7;0;2;0;3;1;A01
200900016592;0;7;0;0;1;2;1;A01
200900016593;0;33;0;0;2;1;1;A01
200900016593;0;33;0;0;2;4;13;B02
200900016594;0;2;0;0;0;1;1;A01
200900016595;0;7;0;0;2;3;13;B02
200900016595;0;7;0;0;2;3;1;A01
200900016596;0;33;0;0;2;1;1;B02
200900016596;0;7;0;0;2;7;15;A01
200900016597;0;7;0;0;2;8;15;A01
200900016597;0;33;0;0;2;1;17;B02
200900016598;0;32;0;0;2;1;13;A01
200900016598;0;7;0;0;2;1;1;B02
200900016599;0;33;0;6;0;2;1;A01
200900016600;0;7;0;1;1;1;1;A01
200900016601;0;32;0;0;2;1;1;A01
200900016601;0;10;0;0;9;7;15;B02
200900016602;0;7;0;0;2;1;15;A01
200900016602;0;7;0;0;2;8;1;C03
200900016602;0;7;0;6;2;9;1;B02
200900016603;0;7;0;0;2;3;24;C03
200900016603;0;7;0;0;2;6;23;B02
200900016603;0;33;0;1;2;1;1;A01
200900016604;0;7;0;0;1;3;1;A01
200900016604;0;15;0;0;2;8;1;B02
200900016605;0;33;0;0;2;1;1;B02
200900016605;0;7;0;0;2;2;15;A01
200900016606;0;31;0;12;0;7;1;A01
200900016607;0;31;0;13;0;0;1;A01
200900016608;0;7;0;0;2;4;2;B01
200900016608;0;31;0;0;2;1;2;A01
200900016609;0;7;0;0;2;1;2;A01
200900016609;0;7;0;0;2;4;23;B01
200900016610;0;7;0;0;2;1;1;A01
200900016610;0;7;0;0;2;4;23;B01
200900016611;0;32;0;0;1;1;1;A01
200900016612;0;7;0;0;2;1;1;A01
200900016612;0;7;0;0;2;4;23;B01
200900016613;0;2;0;0;2;1;17;B01
200900016613;0;7;0;0;2;3;9;A01
200900016614;0;31;0;0;2;7;2;A01
200900016614;0;7;0;0;2;8;2;B01
200900016615;0;10;0;0;2;1;23;E01
200900016615;0;7;0;0;2;8;23;B01
200900016615;0;7;0;0;2;1;15;A01
200900016615;0;2;0;0;2;7;23;C01
200900016615;0;7;0;0;2;1;23;D01
200900016616;0;7;0;0;2;6;15;A01
200900016616;0;30;0;0;2;1;0;B01
200900016617;0;7;0;0;2;1;1;A01
200900016617;0;7;0;0;2;4;23;B01
200900016617;0;7;0;0;2;4;20;C01
200900016618;0;7;0;0;2;3;13;A01
200900016618;0;7;0;0;2;3;1;B01
200900016619;0;7;0;0;2;3;9;A01
200900016619;0;30;0;0;2;8;1;B01
200900016620;0;7;0;0;2;7;15;A01
200900016620;0;30;0;0;2;1;1;B01
200900016621;0;7;0;0;0;0;0;A01
200900016621;0;7;0;0;2;0;0;B01
200900016622;0;31;0;0;2;1;15;A01
200900016622;0;33;0;0;2;1;1;B01
200900016623;0;7;0;0;2;1;13;A01
200900016623;0;33;0;0;2;3;1;B02
200900016624;0;7;0;0;2;3;1;B02
200900016624;0;7;0;0;2;3;1;A01
200900016625;0;7;0;0;2;1;13;A01
200900016625;0;7;0;0;2;1;1;B02
200900016626;0;7;0;0;2;3;13;A01
200900016626;0;7;0;0;2;3;1;B02
200900016627;0;7;0;0;0;3;1;B02
200900016627;0;7;0;0;0;1;13;A01
200900016628;0;33;0;0;2;3;1;B02
200900016628;0;7;0;0;2;3;15;A01
200900016629;0;7;0;0;0;4;2;B02
200900016629;0;7;0;0;0;1;2;A01
200900016629;0;7;0;0;0;4;2;C03
200900016630;0;33;0;0;2;9;1;B02
200900016630;0;10;0;0;2;3;15;A01
200900016631;0;7;0;0;2;1;1;A01
200900016631;0;33;0;0;2;4;1;B02
200900016632;0;7;0;0;2;3;1;A01
200900016633;0;14;0;0;1;3;1;A01
200900016634;0;30;0;0;2;1;17;A01
200900016634;0;7;0;0;2;3;19;B02
200900016635;0;7;0;0;2;7;15;B02
200900016635;0;33;0;0;2;1;1;A01
200900016636;0;10;0;0;2;2;1;B02
200900016636;0;30;0;0;2;1;13;A01
200900016637;0;7;0;0;2;1;15;A01
200900016637;0;32;0;0;2;8;1;B01
200900016638;0;7;0;0;1;1;1;A01
200900016639;0;2;0;0;2;1;17;A01
200900016639;0;7;0;0;2;8;9;B01
200900016640;0;7;0;0;2;3;1;B02
200900016640;0;7;0;0;2;3;13;A01
200900016640;0;7;0;0;2;1;1;C03
200900016641;0;7;0;0;2;4;23;B01
200900016641;0;7;0;0;2;1;1;A01
200900016641;0;7;0;0;2;4;23;C01
200900016642;0;7;0;0;2;4;0;B01
200900016642;0;33;0;0;2;1;1;A01
200900016643;0;7;0;2;0;9;0;A01
200900016644;0;7;0;0;2;7;13;A01
200900016644;0;7;0;0;2;1;1;B01
200900016645;0;7;0;2;0;1;14;A01
200900016646;0;7;0;0;2;2;1;A01
200900016646;0;10;0;0;0;6;23;B01
200900016647;0;7;0;0;2;6;1;A01
200900016647;0;2;0;0;2;7;12;B01
200900016648;0;31;0;0;0;7;1;A01
200900016649;0;7;0;0;2;8;9;A01
200900016649;0;33;0;0;2;1;1;B01
200900016650;0;7;0;0;2;4;1;B01
200900016650;0;2;0;0;2;1;1;A01
200900016651;0;2;0;0;2;1;1;B01
200900016651;0;7;0;0;2;5;15;A01
200900016652;0;7;0;0;2;1;1;A01
200900016652;0;7;0;0;2;0;1;B01
200900016653;0;7;0;0;1;3;4;A01
200900016654;0;7;0;0;2;1;15;A01
200900016654;0;2;0;0;2;1;1;B01
200900016655;0;7;0;0;2;2;16;A01
200900016655;0;2;0;0;2;6;1;B01
200900016656;0;7;0;0;2;0;9;A01
200900016656;0;33;0;0;2;8;21;B01
200900016657;0;7;0;0;2;6;14;A01
200900016657;0;7;0;0;2;3;1;B01
200900016658;0;31;0;6;0;7;1;A01
200900016659;0;7;0;0;1;7;1;A01
200900016660;0;7;0;0;1;1;9;A01
200900016661;0;32;0;16;0;9;1;A01
200900016662;0;7;0;0;2;3;15;B02
200900016662;0;7;0;0;2;1;1;A01
200900016663;0;33;0;13;0;1;1;A01
200900016664;0;7;0;0;2;7;1;B02
200900016664;0;7;0;0;2;2;13;A01
200900016665;0;7;0;0;1;2;1;A01
200900016666;0;7;0;6;0;1;13;A01
200900016667;0;17;0;2;0;1;13;A01
200900016668;0;7;0;0;1;3;1;A01
200900016669;0;21;0;0;1;0;4;A01
200900016670;0;33;0;0;1;0;2;A01
200900016671;0;33;0;0;2;1;1;B01
200900016671;0;7;0;0;2;2;10;A01
200900016672;0;36;0;12;0;1;1;A01
200900016673;0;7;0;0;2;2;2;A01
200900016673;0;1;0;0;2;4;2;B01
200900016674;0;7;0;13;0;7;1;A01
200900016675;0;7;0;6;0;1;13;A01
200900016676;0;7;0;1;1;2;1;A01
200900016676;0;7;0;0;2;7;24;B01
200900016677;1;33;0;0;1;1;0;A01
200900016678;0;7;0;0;2;4;1;B01
200900016678;0;7;0;0;2;1;1;A01
200900016679;0;7;0;0;2;3;1;B01
200900016679;0;7;0;0;2;1;13;A01
200900016680;0;7;0;0;2;5;1;C01
200900016680;0;2;0;1;2;8;18;A01
200900016681;0;7;0;0;2;1;2;A01
200900016681;0;7;0;0;2;4;1;B01
200900016682;0;7;0;0;2;2;17;A01
200900016682;0;7;0;0;2;8;15;B01
200900016683;0;37;1;0;2;1;1;B01
200900016683;0;7;0;0;2;3;15;A01
200900016684;0;36;0;9;2;1;14;A01
200900016685;0;7;0;0;2;2;15;A01
200900016685;0;7;0;0;2;3;1;B01
200900016686;0;30;0;0;2;1;1;B01
200900016686;0;1;0;0;2;7;15;A01
200900016687;0;17;0;0;2;7;15;B01
200900016687;0;7;0;0;2;1;1;A01
200900016688;0;7;0;0;2;8;15;A01
200900016688;0;7;0;0;2;3;1;B01
200900016689;0;7;0;0;2;5;15;A01
200900016689;0;10;0;0;2;5;1;C01
200900016689;0;34;0;0;2;1;1;B01
200900016690;0;33;0;4;0;0;1;A01
200900016691;0;7;0;0;2;3;13;A01
200900016691;0;7;0;0;2;2;1;B01
200900016692;0;7;0;0;0;0;12;A01
200900016692;0;7;0;2;0;9;21;B01
200900016693;0;7;0;0;0;4;2;B01
200900016693;0;7;0;0;2;1;2;A01
200900016694;0;7;0;13;9;1;17;B01
200900016694;0;15;0;3;9;1;6;A01
200900016695;0;7;0;0;2;1;2;A01
200900016695;0;7;0;0;0;4;2;C01
200900016695;0;7;0;0;2;4;2;B01
200900016696;0;7;0;3;0;1;13;A01
200900016697;1;31;0;6;0;0;1;A01
200900016698;0;7;0;0;1;1;1;A01
200900016699;0;7;0;0;1;1;20;A01
200900016700;0;7;0;0;1;2;1;A01
200900016701;0;33;0;0;2;8;1;B02
200900016701;0;33;0;0;2;8;17;A01
200900016702;0;7;0;0;0;3;5;A01
200900016702;0;7;0;0;0;3;17;B02
200900016703;0;7;0;0;2;1;13;A01
200900016703;0;7;0;0;2;1;1;B02
200900016704;0;10;0;0;2;3;1;A01
200900016704;0;17;0;0;2;5;1;B02
200900016705;0;33;0;0;0;0;1;A01
200900016706;0;33;0;0;2;1;17;A01
200900016706;0;7;0;0;2;8;15;B02
200900016707;0;7;0;0;2;1;1;B02
200900016707;0;7;0;0;2;1;13;A01
200900016708;0;7;0;0;2;3;13;A01
200900016708;0;7;0;0;2;3;1;B02
200900016709;0;7;0;0;0;1;1;B02
200900016709;0;33;0;0;0;4;15;A01
200900016710;0;7;0;0;0;1;1;A01
200900016711;0;7;0;0;0;1;1;A01
200900016712;1;7;0;0;1;4;20;A01
200900016713;0;7;0;0;2;3;11;A01
200900016713;0;7;0;0;0;8;1;C01
200900016713;0;7;0;0;2;2;1;B01
200900016714;0;7;0;0;2;3;1;A01
200900016714;0;1;0;0;2;1;9;B01
200900016715;0;2;0;0;2;1;13;A01
200900016715;0;7;0;0;2;1;1;B01
200900016716;0;14;0;0;1;2;15;A01
200900016717;0;7;0;0;1;0;1;A01
200900016718;0;7;0;0;2;3;1;A01
200900016718;0;7;0;0;2;4;15;B01
200900016719;0;7;0;0;1;1;15;A01
200900016720;0;7;0;0;0;4;1;A01
200900016720;0;7;0;0;2;4;1;C01
200900016720;0;7;0;1;0;1;2;B01
200900016721;0;2;0;0;2;3;9;A01
200900016721;0;13;0;0;2;2;1;B01
200900016722;0;7;0;0;2;3;0;B01
200900016722;0;30;0;0;2;1;0;A01
200900016723;0;33;0;0;2;8;2;B01
200900016723;0;7;0;0;2;6;2;A01
200900016724;0;7;0;0;1;5;1;A01
200900016725;0;7;0;0;1;3;1;A01
200900016726;1;7;0;0;2;0;0;A01
200900016726;0;2;0;0;2;8;15;B01
200900016727;0;2;0;0;2;1;2;A01
200900016727;0;7;0;0;2;5;1;B01
200900016728;0;7;0;0;2;1;1;B01
200900016728;0;2;0;0;2;8;16;A01
200900016729;0;10;0;3;0;8;1;A01
200900016730;0;7;0;0;0;6;1;B01
200900016730;0;7;0;0;2;2;12;A01
200900016731;0;7;0;14;0;1;2;A01
200900016731;0;7;0;0;0;4;23;B01
200900016732;0;10;0;0;0;5;1;B01
200900016732;0;7;0;0;2;7;12;A01
200900016733;0;7;0;2;0;0;13;A01
200900016734;0;7;0;0;2;3;1;B02
200900016734;0;2;0;0;2;8;15;A01
200900016735;0;7;0;12;0;1;1;A01
200900016736;0;33;0;0;0;1;1;A01
200900016737;0;33;0;0;0;3;1;A01
200900016738;0;30;0;3;0;3;1;A01
200900016739;0;30;0;1;0;1;1;A01
200900016740;0;7;0;0;2;4;2;A01
200900016740;2;3;0;0;0;1;7;C03
200900016740;0;7;0;0;0;6;2;B02
200900016741;0;33;0;0;2;1;2;A01
200900016741;0;33;0;0;0;3;2;B02
200900016742;0;10;0;0;0;1;1;A01
200900016743;0;7;0;0;2;1;1;B02
200900016743;0;7;0;0;2;2;15;A01
200900016744;0;33;0;0;2;1;17;B02
200900016744;0;7;0;0;2;3;1;A01
200900016745;0;7;0;0;2;3;11;A01
200900016745;0;2;0;0;2;3;1;B02
200900016746;0;33;0;0;0;1;1;A01
200900016747;0;31;0;0;0;4;1;A01
200900016748;0;33;0;13;0;1;1;A01
200900016749;0;7;0;0;1;1;1;A01
200900016750;0;2;0;0;0;9;1;A01
200900016751;0;7;0;0;2;1;13;A01
200900016751;0;7;0;0;0;3;21;C01
200900016751;0;7;0;0;2;1;1;B01
200900016752;0;31;0;0;2;1;1;A01
200900016752;0;7;0;0;2;6;19;B01
200900016753;0;7;0;0;2;2;15;A01
200900016753;0;2;0;0;2;1;1;B01
200900016754;0;10;0;0;2;7;15;A01
200900016754;0;33;0;0;2;1;1;B01
200900016755;0;10;0;0;2;1;2;A01
200900016755;0;7;0;0;2;4;2;C01
200900016755;0;7;0;0;2;4;23;B01
200900016756;0;7;0;0;2;3;15;A01
200900016756;0;7;0;0;2;3;1;B01
200900016757;0;7;0;0;1;1;1;A01
200900016758;0;7;0;0;2;3;15;A01
200900016758;0;1;0;0;2;8;1;B01
200900016759;0;30;0;0;2;1;1;B01
200900016759;0;99;0;0;2;6;15;A01
200900016760;0;2;0;0;2;1;13;A01
200900016760;0;7;0;0;2;3;1;B01
200900016761;0;7;0;0;2;1;2;B01
200900016761;0;7;0;0;2;4;2;A01
200900016762;0;7;0;13;0;1;14;A01
200900016763;0;7;0;0;2;4;1;B01
200900016763;0;7;0;0;2;1;2;A01
200900016764;0;7;0;0;1;3;1;A01
200900016765;0;7;0;0;2;2;15;A01
200900016765;0;33;0;0;2;1;1;B01
200900016766;0;7;0;0;2;4;1;B01
200900016766;0;7;0;0;2;1;2;A01
200900016767;0;7;0;0;2;1;2;B01
200900016767;0;7;0;0;2;4;2;A01
200900016767;0;7;0;0;2;1;2;C01
200900016768;0;7;0;0;2;8;15;B01
200900016768;0;2;0;0;2;7;17;A01
200900016769;0;7;0;0;1;3;2;A01
200900016770;0;7;0;0;2;1;1;A01
200900016770;0;1;0;0;2;1;2;B02
200900016771;0;2;0;0;2;8;18;A01
200900016771;0;7;0;0;2;2;20;B01
200900016772;0;33;0;0;0;0;0;A01
200900016773;0;7;0;0;0;5;1;A01
200900016773;0;2;0;0;2;1;19;B02
200900016774;0;7;0;0;2;3;19;B02
200900016774;0;33;0;0;2;1;1;A01
200900016775;0;7;0;0;0;1;16;B02
200900016775;0;7;0;0;0;8;23;A01
200900016776;0;33;0;0;2;8;1;A01
200900016776;0;7;0;0;2;2;15;B02
200900016777;0;7;0;0;1;1;1;A01
200900016778;0;2;0;16;0;0;14;A01
200900016779;0;7;0;0;0;4;2;A01
200900016779;0;7;0;0;0;4;23;B01
200900016779;0;7;0;0;2;1;2;C01
200900016780;0;7;0;0;2;3;1;A01
200900016780;0;7;0;0;2;3;1;B02
200900016781;0;7;0;0;2;5;1;A01
200900016781;0;7;0;0;2;1;1;B02
200900016782;0;7;0;0;0;9;1;A01
200900016783;0;10;0;0;1;1;1;A01
200900016784;0;7;0;13;0;2;14;A01
200900016785;0;7;0;0;0;9;1;A01
200900016786;0;35;0;0;2;1;0;B02
200900016786;0;7;0;0;2;1;1;A01
200900016787;0;7;0;0;2;1;2;A01
200900016787;0;15;0;0;2;4;2;B02
200900016788;0;10;0;0;2;5;1;A01
200900016788;0;33;0;0;2;1;1;B02
200900016789;0;7;0;0;5;1;13;A01
200900016790;0;7;0;0;2;3;5;A01
200900016790;0;13;0;0;2;3;1;B02
200900016791;0;7;0;2;0;2;1;A01
200900016792;0;7;0;0;2;1;1;B02
200900016792;0;7;0;0;2;7;19;A01
200900016793;0;7;0;0;0;1;0;A01
200900016793;0;7;0;0;0;1;0;B02
200900016794;0;30;0;8;0;8;19;A01
200900016795;0;7;0;9;0;2;14;A01
200900016796;0;10;0;0;2;1;1;A01
200900016796;0;7;0;0;2;6;15;B02
200900016797;0;14;0;0;2;4;2;B02
200900016797;0;7;0;0;2;1;2;A01
200900016798;0;7;0;0;6;1;1;A01
200900016799;0;7;0;0;2;1;15;A01
200900016799;0;7;0;0;2;6;1;B01
200900016800;0;2;0;0;2;7;1;A01
200900016800;0;7;0;0;2;8;16;B01
200900016801;0;7;0;0;2;1;17;A01
200900016801;0;7;0;0;2;4;1;B01
200900016802;0;7;0;0;1;1;1;A01
200900016803;0;7;0;0;1;6;1;A01
200900016804;0;7;0;0;2;7;24;A01
200900016804;0;7;0;0;2;6;1;B01
200900016805;1;7;0;0;0;0;0;A01
200900016806;0;10;0;0;2;1;1;A01
200900016806;0;7;0;0;2;1;1;B01
200900016807;0;7;0;0;1;3;1;A01
200900016808;1;7;0;0;1;0;0;A01
200900016809;0;2;0;0;2;1;17;B01
200900016809;0;7;0;0;2;6;10;A01
200900016810;0;7;0;0;2;2;15;B01
200900016810;0;7;0;0;2;1;1;A01
200900016811;0;7;0;0;2;1;1;A01
200900016811;0;7;0;0;2;8;1;B01
200900016811;0;7;0;0;2;4;1;C01
200900016812;0;7;0;0;2;1;1;B01
200900016812;0;7;0;0;2;1;1;A01
200900016813;0;7;0;0;2;3;15;A01
200900016813;0;7;0;0;2;6;1;B01
200900016814;0;2;0;0;2;0;1;A01
200900016815;0;7;0;0;2;1;1;A01
200900016815;0;7;0;0;2;1;1;B01
200900016816;0;7;0;0;2;6;1;B01
200900016816;0;2;0;0;2;1;1;A01
200900016817;0;2;0;0;2;8;1;B01
200900016817;0;7;0;0;2;1;15;A01
200900016818;0;7;0;0;1;0;1;A01
200900016819;0;30;0;0;2;1;17;B02
200900016819;0;7;0;0;2;8;15;A01
200900016820;0;10;0;0;2;1;1;A01
200900016820;0;15;0;0;2;4;1;B01
200900016821;0;7;0;0;2;7;1;B01
200900016821;0;2;0;0;2;1;19;A01
200900016822;0;7;0;0;1;0;1;A01
200900016823;0;10;0;0;2;1;1;A01
200900016823;0;7;0;0;2;4;1;B01
200900016824;0;33;0;7;0;1;1;A01
200900016825;0;7;0;0;2;6;15;B01
200900016825;0;33;0;0;2;1;17;A01
200900016826;0;7;0;7;0;1;1;A01
200900016827;0;2;0;0;2;1;1;B01
200900016827;0;7;0;0;2;3;15;A01
200900016828;0;7;0;0;2;3;1;B02
200900016828;0;7;0;0;2;2;15;A01
200900016829;0;17;0;0;2;1;1;B01
200900016829;0;7;0;0;2;8;10;A01
200900016830;0;10;0;0;2;5;15;B02
200900016830;0;33;0;0;2;1;1;A01
200900016831;0;30;0;0;2;8;16;A01
200900016831;0;7;0;0;2;1;1;C01
200900016831;0;33;0;0;9;1;1;B01
200900016832;0;7;0;3;0;1;11;A01
200900016833;0;7;0;0;0;4;15;A01
200900016833;0;30;0;0;2;1;1;B02
200900016834;0;2;0;0;2;7;17;B02
200900016834;0;7;0;0;2;8;15;A01
200900016835;0;7;0;0;2;1;17;A01
200900016835;0;33;0;0;2;1;1;B02
200900016836;0;7;0;0;2;3;1;A01
200900016836;0;14;0;0;2;2;1;B02
200900016837;0;7;0;0;0;1;1;B02
200900016837;0;1;0;0;2;1;1;A01
200900016838;0;7;0;13;0;1;1;A01
200900016839;0;7;0;0;2;1;13;B01
200900016839;0;14;0;0;2;3;1;A01
200900016840;0;14;0;0;2;4;23;B01
200900016840;0;7;0;0;0;3;1;A01
200900016841;0;7;0;0;0;7;1;A01
200900016841;0;2;0;0;0;3;13;B02
200900016842;0;7;0;0;2;3;13;A01
200900016842;0;33;0;0;2;6;17;B02
200900016843;0;7;0;13;0;1;1;A01
200900016844;0;7;0;3;0;6;17;A01
200900016845;0;7;0;0;2;1;1;B02
200900016845;0;7;0;0;2;5;15;A01
200900016846;0;33;0;0;2;1;17;B02
200900016846;0;7;0;0;2;4;10;A01
200900016847;0;7;0;0;2;2;19;A01
200900016847;0;33;0;0;2;1;1;B02
200900016848;0;15;0;2;0;2;1;A01
200900016848;0;14;0;0;2;3;1;B01
200900016849;0;7;0;0;1;1;24;A01
200900016850;0;7;0;0;2;5;15;B02
200900016850;0;33;0;0;2;1;1;A01
200900016851;0;1;0;0;2;1;1;A01
200900016851;0;1;0;0;2;1;1;B02
200900016851;0;7;0;0;9;2;9;C03
200900016852;0;33;0;0;9;8;1;A01
200900016852;0;33;0;0;9;8;1;B02
200900016853;0;7;0;0;2;6;15;B02
200900016853;0;7;0;0;2;2;11;A01
200900016854;0;7;0;0;2;5;17;A01
200900016854;0;33;0;0;2;1;17;B02
200900016855;0;7;0;3;2;3;0;B01
200900016855;0;10;0;0;2;8;0;A01
200900016856;0;14;0;0;1;6;1;B01
200900016856;0;7;0;0;2;1;2;A01
200900016857;0;7;0;0;2;1;15;A01
200900016857;0;30;0;0;2;8;1;B01
200900016858;0;7;0;0;2;5;15;A01
200900016858;0;7;0;0;0;2;1;B02
200900016859;0;32;0;0;0;7;13;A01
200900016860;0;7;0;0;2;3;1;A01
200900016860;0;1;0;1;0;2;0;B01
200900016861;0;7;0;0;2;3;1;A01
200900016861;0;7;0;0;2;3;1;B01
200900016862;0;10;0;2;0;2;1;A01
200900016863;0;7;0;0;2;1;13;A01
200900016863;0;7;0;0;2;3;13;B02
200900016864;0;7;0;13;0;8;21;A01
200900016865;0;7;0;1;2;1;1;B01
200900016865;0;7;0;0;2;7;1;A01
200900016866;0;33;0;0;2;1;21;A01
200900016866;0;7;0;0;2;4;23;B01
200900016867;0;7;0;0;2;1;2;A01
200900016867;0;7;0;0;2;4;2;B01
200900016868;0;7;0;13;0;1;1;A01
200900016869;0;7;0;0;2;2;1;A01
200900016869;0;1;0;0;2;1;0;B01
200900016870;0;13;0;0;2;3;13;A01
200900016870;0;7;0;0;2;3;1;B02
200900016871;0;7;0;0;2;1;1;B02
200900016871;0;30;0;0;2;8;1;A01
200900016872;0;7;0;0;1;1;21;A01
200900016873;0;7;0;0;2;2;9;A01
200900016873;0;7;0;0;2;7;1;B01
200900016874;0;1;0;0;2;6;2;B02
200900016874;0;10;0;0;9;2;21;A01
200900016875;0;7;0;13;0;1;1;A01
200900016876;0;7;0;13;0;1;1;A01
200900016877;0;30;0;0;2;1;15;A01
200900016877;0;7;0;0;2;1;1;B02
200900016878;0;2;0;0;0;0;1;A01
200900016879;0;37;0;0;2;1;15;A01
200900016879;0;31;0;0;0;1;1;B01
200900016880;0;33;0;2;0;1;1;A01
200900016881;0;31;0;4;0;1;2;A01
200900016882;0;32;0;0;2;1;1;A01
200900016882;0;7;0;0;2;1;15;B02
200900016883;0;33;0;3;0;2;14;A01
200900016884;0;7;0;0;2;2;6;A01
200900016884;0;33;0;0;2;1;1;B02
200900016885;0;34;0;0;2;1;13;A01
200900016885;0;7;0;0;2;8;0;C01
200900016885;0;7;0;0;2;3;0;B01
200900016886;0;33;0;0;1;1;1;A01
200900016886;0;33;0;;;;;C03
200900016886;0;33;0;;;;;B02
200900016887;0;7;0;0;2;3;1;A01
200900016887;0;2;0;0;0;1;1;B01
200900016888;0;2;0;0;2;1;1;B02
200900016888;0;7;0;0;9;3;17;A01
200900016889;0;7;0;0;2;8;15;B02
200900016889;0;33;0;0;2;2;17;A01
200900016890;0;33;0;16;0;7;0;A01
200900016891;0;7;0;0;0;3;1;B02
200900016891;0;7;0;0;0;3;13;A01
200900016892;0;7;0;0;2;1;1;A01
200900016892;0;33;0;0;0;0;1;B01
200900016893;0;7;0;0;2;2;0;A01
200900016893;0;7;0;0;2;2;13;B02
200900016894;0;7;0;0;1;2;21;A01
200900016895;0;17;0;0;1;7;16;A01
200900016896;0;10;0;0;1;2;1;A01
200900016897;0;7;0;0;2;3;15;A01
200900016897;0;30;0;0;2;1;1;B02
200900016898;0;7;0;6;0;1;14;A01
200900016899;0;2;0;0;1;0;14;A01
200900016900;0;33;0;12;0;7;1;A01
200900016901;0;7;0;0;1;1;1;A01
200900016902;0;7;0;0;2;1;1;A01
200900016902;0;10;0;0;2;8;19;B02
200900016903;0;7;0;0;1;1;1;A01
200900016904;0;7;0;0;2;3;1;A01
200900016904;0;7;0;0;2;8;1;B02
200900016905;0;7;0;0;2;1;1;B02
200900016905;0;7;0;0;2;1;13;A01
200900016906;0;31;0;13;0;0;1;A01
200900016906;1;7;0;;;;;A02
200900016907;0;10;0;0;1;1;15;A01
200900016908;0;10;0;0;2;0;1;A01
200900016908;0;33;0;0;2;1;1;B02
200900016909;1;7;0;;;;;B02
200900016909;0;33;0;0;2;8;1;A01
200900016910;0;30;0;0;2;7;1;B02
200900016910;0;7;0;0;2;2;15;A01
200900016911;1;7;0;0;0;0;1;B02
200900016911;0;30;0;12;0;0;1;A01
200900016912;0;7;0;;1;1;13;A01
200900016913;0;7;0;0;0;3;1;A01
200900016913;0;7;0;0;0;3;1;B02
200900016914;0;7;0;0;2;3;1;B02
200900016914;0;7;0;0;2;3;13;A01
200900016914;0;7;0;0;2;9;1;C03
200900016915;0;14;0;0;2;5;20;A01
200900016915;0;7;0;0;2;2;1;B02
200900016916;0;33;0;0;0;8;1;A01
200900016916;0;7;0;0;0;8;1;B02
200900016917;0;7;0;0;2;3;5;A01
200900016917;0;10;0;0;2;6;1;B02
200900016917;0;33;0;0;9;8;1;C03
200900016918;0;7;0;0;2;3;15;A01
200900016918;0;2;0;0;0;1;1;B01
200900016919;0;36;0;6;0;7;1;A01
200900016920;0;7;0;0;1;3;0;A01
200900016921;0;7;0;0;2;3;1;B02
200900016921;0;2;0;0;2;1;19;A01
200900016922;0;1;0;0;2;1;1;A01
200900016922;0;7;0;0;0;8;1;B01
200900016923;0;10;0;0;1;0;1;A01
200900016924;0;7;0;0;2;1;15;A01
200900016924;0;33;0;1;0;1;1;B01
200900016925;0;34;0;0;2;1;17;B02
200900016925;0;10;0;0;2;2;10;A01
200900016926;0;33;0;0;2;1;1;B02
200900016926;0;7;0;0;2;8;9;A01
200900016927;0;32;0;0;0;7;1;A01
200900016928;0;7;0;0;2;2;15;A01
200900016928;0;7;0;0;2;1;1;B02
200900016929;0;33;0;0;1;1;1;A01
200900016930;0;2;0;0;2;0;1;A01
200900016930;0;7;0;0;2;2;1;B02
200900016931;0;2;0;0;0;0;1;A01
200900016932;0;7;0;1;1;2;1;A01
200900016933;0;7;0;0;2;1;1;B02
200900016933;0;7;0;0;2;1;1;A01
200900016934;0;7;0;0;2;3;15;A01
200900016934;0;1;0;0;2;0;1;B01
200900016935;0;7;0;13;0;3;1;A01
200900016936;0;7;0;0;2;1;1;C01
200900016936;0;33;0;0;2;1;17;B01
200900016936;0;7;0;0;2;3;9;A01
200900016937;0;2;0;0;2;1;1;B02
200900016937;0;7;0;0;2;3;1;A01
200900016938;0;7;0;0;2;5;15;A01
200900016938;0;30;0;0;2;1;1;B01
200900016939;0;7;0;0;2;3;1;A01
200900016939;0;7;0;0;2;3;1;B01
200900016940;0;10;0;0;2;2;21;B02
200900016940;0;1;0;0;2;1;15;A01
200900016941;0;7;0;0;1;1;1;A01
200900016942;0;3;0;0;2;2;1;B01
200900016942;0;7;0;0;2;3;9;A01
200900016943;0;7;0;8;0;2;1;A01
200900016944;0;2;0;0;2;7;16;A01
200900016944;1;10;0;0;2;1;1;B01
200900016945;0;7;0;0;2;1;1;A01
200900016945;0;7;0;0;2;1;1;B02
200900016946;0;10;0;0;2;1;2;B02
200900016946;0;7;0;0;2;4;23;A01
200900016947;0;7;0;0;2;7;12;A01
200900016947;0;7;0;0;2;0;23;C01