num_acc;senc;catv;occutc;obs;obsm;choc;manv;num_veh
200900017295;0;7;0;0;2;1;13;A01
200900017295;0;7;0;0;2;3;1;B02
200900017296;0;7;0;0;2;3;1;A01
200900017296;0;7;0;0;2;1;1;B01
200900017297;0;30;0;0;2;1;1;B02
200900017297;0;30;0;0;2;1;5;A01
200900017298;0;7;0;0;1;1;1;A01
200900017299;0;7;0;0;2;1;1;B02
200900017299;0;7;0;0;2;7;1;A01
200900017300;0;7;0;0;2;2;15;A01
200900017300;0;34;0;0;2;1;1;B01
200900017301;0;7;0;0;2;1;13;A01
200900017301;0;7;0;0;2;1;1;B02
200900017302;0;7;0;0;1;1;17;A01
200900017303;0;30;0;0;0;8;1;A01
200900017304;0;7;0;0;2;1;1;B02
200900017304;0;7;0;0;2;1;13;A01
200900017305;0;33;0;0;2;8;1;A01
200900017305;0;14;0;0;0;0;1;B01
200900017306;0;17;0;0;0;7;0;A01
200900017307;0;7;0;0;2;1;1;A01
200900017307;0;7;0;0;2;1;1;B01
200900017308;0;30;0;0;2;1;0;A01
200900017308;0;7;0;0;0;4;1;B01
200900017309;0;7;0;0;2;8;15;B01
200900017309;0;2;0;0;2;1;17;A01
200900017310;0;7;0;0;2;1;1;B01
200900017310;0;7;0;9;2;5;1;A01
200900017311;0;30;0;0;2;7;1;B02
200900017311;0;10;0;0;2;1;1;A01
200900017312;0;7;0;0;2;4;1;B01
200900017312;0;7;0;0;2;1;1;A01
200900017313;0;7;0;0;1;1;1;A01
200900017314;0;7;0;6;0;1;14;A01
200900017315;0;30;0;1;0;1;1;A01
200900017316;0;30;0;0;2;7;1;B01
200900017316;0;7;0;0;2;8;16;A01
200900017317;0;7;0;0;2;4;1;C01
200900017317;0;7;0;0;2;2;2;A01
200900017317;0;7;0;0;2;4;2;B01
200900017318;0;7;0;0;2;8;1;A01
200900017318;0;1;0;0;2;1;13;B02
200900017319;0;3;0;16;0;9;1;A01
200900017320;0;33;0;12;0;1;1;A01
200900017321;0;7;0;0;0;9;1;A01
200900017322;0;7;0;0;2;1;1;B01
200900017322;0;7;0;0;2;7;1;A01
200900017323;0;7;0;0;2;2;1;B02
200900017323;0;30;0;0;2;1;13;A01
200900017324;0;33;0;0;6;1;1;A01
200900017325;0;7;0;0;2;3;15;B01
200900017325;0;2;0;0;2;7;17;A01
200900017326;0;7;0;3;0;6;1;B02
200900017326;0;7;0;0;1;2;1;A01
200900017327;0;7;0;0;2;4;2;B01
200900017327;0;7;0;0;2;1;2;A01
200900017328;0;10;0;0;2;3;17;A01
200900017328;0;10;0;0;2;3;1;B02
200900017328;0;1;0;0;2;8;1;C03
200900017329;0;7;0;0;2;1;1;B01
200900017329;0;7;0;0;2;1;1;A01
200900017330;0;7;0;0;2;1;23;C03
200900017330;0;7;0;0;2;1;1;B02
200900017330;0;7;0;0;2;1;15;A01
200900017331;0;33;0;0;2;1;17;A01
200900017331;0;7;0;0;0;4;15;B02
200900017332;0;30;0;0;1;1;1;A01
200900017333;0;33;0;0;2;9;21;A01
200900017333;0;7;0;0;2;5;15;B02
200900017334;0;7;0;2;0;3;14;A01
200900017335;0;7;0;10;0;2;1;A01
200900017336;0;30;0;0;2;1;5;B02
200900017336;0;7;0;0;2;2;1;A01
200900017337;0;7;0;13;0;2;1;A01
200900017338;0;7;0;0;2;3;23;B01
200900017338;0;33;0;0;2;1;1;A01
200900017339;0;10;0;0;2;0;1;B01
200900017339;0;2;0;0;2;1;1;A01
200900017340;0;7;0;0;2;7;1;A01
200900017340;0;7;0;0;2;1;15;B01
200900017341;0;7;0;0;1;0;1;A01
200900017341;1;7;0;0;0;0;0;B01
200900017342;0;33;0;0;2;1;1;A01
200900017343;0;7;0;0;1;1;1;A01
200900017344;0;33;0;0;1;1;1;A01
200900017345;0;7;0;0;2;1;1;A01
200900017345;0;7;0;0;2;4;1;B01
200900017346;0;7;0;0;2;7;1;A01
200900017346;0;7;0;0;2;1;15;B01
200900017347;0;7;0;0;2;1;1;A01
200900017348;0;7;0;0;2;3;1;A01
200900017348;0;33;0;0;2;4;23;B01
200900017349;0;2;0;0;2;1;17;A01
200900017349;0;7;0;0;2;2;1;B01
200900017350;0;2;0;0;2;0;1;B01
200900017350;0;7;0;0;2;2;15;A01
200900017351;0;7;0;0;1;1;1;A01
200900017352;0;7;0;0;1;1;16;A01
200900017353;0;2;0;0;2;1;1;B01
200900017353;0;7;0;0;2;5;15;A01
200900017354;0;7;0;0;2;1;1;A01
200900017354;0;7;0;0;2;8;1;B01
200900017355;0;32;0;0;1;8;1;A01
200900017356;0;7;0;0;2;0;1;A01
200900017356;0;33;0;0;2;1;1;B01
200900017357;0;7;0;0;2;3;1;B01
200900017357;0;2;0;0;2;1;1;A01
200900017358;0;7;0;0;2;4;1;B01
200900017358;0;33;0;0;2;7;1;A01
200900017359;0;2;0;0;2;1;1;A01
200900017359;0;7;0;0;2;8;1;B01
200900017360;0;7;0;0;1;0;1;A01
200900017361;0;7;0;0;2;4;23;B01
200900017361;0;7;0;0;2;4;23;C01
200900017361;0;7;0;0;2;1;1;A01
200900017362;0;2;0;0;2;8;1;A01
200900017362;0;17;0;0;2;1;19;B02
200900017363;0;7;0;0;2;3;15;A01
200900017363;0;10;0;0;2;3;1;B02
200900017364;0;7;0;0;0;0;1;A01
200900017365;0;7;0;4;0;2;9;A01
200900017366;0;7;0;0;2;1;1;B02
200900017366;0;17;0;0;2;7;1;A01
200900017367;0;7;0;0;2;2;2;A01
200900017367;0;2;0;0;2;4;2;B02
200900017368;0;7;0;0;0;2;2;B02
200900017368;0;7;0;0;0;6;2;A01
200900017369;0;7;0;0;9;2;1;A01
200900017369;0;1;0;0;2;4;1;B02
200900017370;0;15;0;0;2;4;1;B02
200900017370;0;10;0;0;2;1;1;A01
200900017371;0;7;0;0;1;1;1;A01
200900017372;0;99;0;3;0;2;0;A01
200900017373;0;7;0;0;2;1;1;B02
200900017373;0;7;0;7;2;2;19;A01
200900017374;0;7;0;13;0;0;1;A01
200900017375;0;36;0;2;0;2;14;A01
200900017376;0;7;0;16;0;2;14;A01
200900017377;0;14;0;0;0;2;1;A01
200900017378;0;7;0;0;2;1;1;A01
200900017378;0;7;0;0;2;4;1;B01
200900017379;0;33;0;0;2;1;1;A01
200900017379;0;7;0;0;2;1;1;B01
200900017380;0;7;0;0;0;1;1;B01
200900017380;0;1;0;0;2;1;1;A01
200900017381;0;7;0;0;2;1;1;B01
200900017381;2;7;0;0;2;7;15;A01
200900017382;0;7;0;1;0;1;1;A01
200900017383;0;7;0;0;2;1;15;A01
200900017383;0;33;0;0;2;2;1;B01
200900017384;0;7;0;0;2;5;1;B01
200900017384;0;7;0;0;2;1;1;A01
200900017385;0;7;0;0;2;2;15;A01
200900017385;0;33;0;0;2;1;1;B01
200900017386;0;31;0;0;2;1;13;B01
200900017386;0;7;0;0;2;2;16;A01
200900017387;0;7;0;0;2;1;1;A01
200900017387;0;15;0;0;2;4;24;B01
200900017388;0;7;0;0;2;1;15;A01
200900017388;0;7;0;0;2;6;1;B01
200900017389;0;37;35;0;1;5;20;A01
200900017390;0;7;0;0;2;8;15;B01
200900017390;0;7;0;0;2;2;1;A01
200900017391;0;2;0;0;2;8;1;A01
200900017391;0;7;0;0;2;1;1;B01
200900017392;0;2;0;0;0;8;1;A01
200900017393;0;7;0;13;0;0;0;A01
200900017394;0;32;0;0;1;7;1;A01
200900017395;0;7;0;0;1;3;17;A01
200900017396;0;7;0;0;1;7;1;A01
200900017397;0;10;0;0;1;5;20;A01
200900017398;0;7;0;0;0;3;1;B02
200900017398;0;7;0;0;0;3;13;A01
200900017399;0;7;0;2;0;1;1;A01
200900017400;0;7;0;0;2;3;15;B02
200900017400;0;7;0;0;2;2;1;A01
200900017401;0;7;0;2;0;9;13;A01
200900017402;0;7;0;0;1;1;15;A01
200900017403;0;2;0;0;2;3;1;B02
200900017403;0;7;0;0;2;3;13;A01
200900017404;0;10;0;0;2;4;2;B02
200900017404;0;33;0;0;2;1;2;A01
200900017405;0;7;0;0;2;8;1;B02
200900017405;0;2;0;0;2;8;1;A01
200900017406;0;7;0;0;9;3;1;B02
200900017406;0;30;0;0;2;1;5;A01
200900017407;0;10;0;0;2;1;13;A01
200900017407;0;14;0;2;2;1;1;B02
200900017407;0;7;0;0;0;6;23;C03
200900017408;0;33;0;6;2;1;1;A01
200900017408;0;7;0;0;2;7;1;B02
200900017409;0;33;0;2;0;3;1;A01
200900017410;0;7;0;0;2;2;1;B02
200900017410;0;33;0;0;2;1;13;A01
200900017411;0;7;0;0;2;1;1;B02
200900017411;0;33;0;0;2;1;13;A01
200900017412;0;7;0;0;1;3;1;A01
200900017413;0;7;0;0;2;3;1;A01
200900017413;0;7;0;0;0;3;1;B02
200900017414;0;7;0;3;0;1;1;A01
200900017415;0;1;0;0;2;1;1;B02
200900017415;0;10;0;0;0;6;1;A01
200900017416;0;7;0;3;2;7;2;B02
200900017416;0;7;0;3;2;8;17;A01
200900017417;0;30;0;0;2;3;23;A01
200900017417;0;14;0;0;0;2;2;B02
200900017418;0;33;0;13;0;1;1;A01
200900017419;2;7;0;0;2;8;10;A01
200900017419;0;31;0;0;2;1;17;B01
200900017420;0;7;0;0;2;4;4;A01
200900017420;0;30;0;0;2;1;23;B01
200900017421;1;7;0;0;1;1;1;A01
200900017422;0;7;0;0;1;3;1;A01
200900017423;0;7;0;6;0;9;1;A01
200900017424;0;7;0;0;2;3;9;A01
200900017424;0;1;0;0;2;1;1;B01
200900017425;0;30;0;0;2;1;1;B01
200900017425;0;7;0;0;2;5;15;A01
200900017426;0;30;0;0;0;4;15;B01
200900017426;0;7;0;0;2;2;1;A01
200900017427;0;7;0;0;1;1;1;A01
200900017428;0;33;0;0;2;0;1;B01
200900017428;0;7;0;0;2;8;15;A01
200900017429;0;7;0;0;2;8;13;A01
200900017429;0;32;0;0;2;7;17;B01
200900017430;0;10;0;0;2;8;5;A01
200900017430;0;32;0;0;2;1;1;B01
200900017431;0;99;0;0;0;0;0;B02
200900017431;0;7;0;0;9;0;1;A01
200900017432;0;31;0;0;2;1;1;A01
200900017432;0;7;0;0;2;3;19;B02
200900017433;0;33;0;0;2;1;1;B02
200900017433;0;7;0;0;2;7;15;A01
200900017434;0;33;0;2;0;1;14;A01
200900017435;0;32;0;0;2;8;1;B02
200900017435;0;7;0;0;2;5;17;A01
200900017436;0;7;0;0;2;1;1;A01
200900017436;0;7;0;0;2;6;1;C03
200900017436;0;7;0;0;2;6;1;B02
200900017437;0;10;0;0;2;2;2;A01
200900017437;0;15;0;0;0;8;1;B02
200900017438;0;31;0;0;2;7;1;A01
200900017438;0;7;0;0;2;1;23;B02
200900017439;0;7;0;0;0;8;1;C03
200900017439;0;7;0;0;0;5;1;B02
200900017439;0;7;0;0;0;3;1;A01
200900017439;0;7;0;0;0;7;1;D04
200900017440;0;33;0;0;2;3;1;B02
200900017440;0;33;0;0;2;3;5;A01
200900017441;0;7;0;0;2;3;1;A01
200900017441;0;7;0;0;2;3;13;B02
200900017442;0;7;0;16;0;9;13;A01
200900017443;0;7;0;1;0;1;14;A01
200900017444;0;33;0;0;2;1;17;A01
200900017444;0;7;0;0;0;3;1;B02
200900017445;0;33;0;0;2;1;17;A01
200900017445;0;10;0;0;2;8;15;B02
200900017446;0;7;0;13;0;9;14;A01
200900017447;0;33;0;13;0;8;14;A01
200900017448;0;7;0;4;0;3;13;A01
200900017449;0;7;0;16;0;9;17;A01
200900017450;0;31;0;1;0;1;0;A01
200900017450;0;7;0;0;0;4;0;B02
200900017451;0;32;0;0;2;1;21;B02
200900017451;0;7;0;0;2;2;23;A01
200900017452;0;7;0;0;2;2;15;A01
200900017452;0;2;0;0;2;1;1;B02
200900017453;0;10;0;0;9;1;14;A01
200900017454;0;7;0;0;0;1;1;A01
200900017454;0;14;0;0;0;3;13;B02
200900017455;0;7;0;1;1;1;1;A01
200900017456;0;30;0;0;2;2;21;A01
200900017456;0;7;0;0;2;2;15;B02
200900017457;0;7;0;6;0;7;1;A01
200900017458;0;7;0;0;0;8;11;A01
200900017458;0;7;0;0;2;1;1;B02
200900017459;0;7;0;0;2;2;1;B02
200900017459;0;1;0;0;0;8;19;A01
200900017460;0;10;0;0;2;4;12;A01
200900017460;0;33;0;0;2;1;21;C01
200900017460;0;7;0;0;2;2;21;B01
200900017461;0;7;0;0;2;4;2;B01
200900017461;0;7;0;0;2;1;2;A01
200900017461;0;7;0;0;0;4;2;C01
200900017462;0;10;0;0;2;1;2;A01
200900017462;0;7;0;0;0;4;2;B01
200900017463;0;31;0;0;0;8;13;A01
200900017464;0;32;0;0;2;1;1;B01
200900017464;0;7;0;0;2;5;12;A01
200900017465;0;33;0;0;2;1;3;A01
200900017465;0;7;0;0;0;5;12;B01
200900017466;0;30;0;0;0;0;0;A01
200900017467;0;7;0;5;0;2;1;A01
200900017468;0;7;0;3;0;8;21;A01
200900017469;0;7;0;0;2;6;1;C01
200900017469;0;15;0;0;2;5;1;A01
200900017469;0;32;0;4;2;8;1;B01
200900017470;0;7;0;0;2;6;2;B01
200900017470;0;7;0;0;0;4;2;C01
200900017470;0;10;0;0;2;1;2;A01
200900017471;0;32;0;14;0;1;21;A01
200900017472;0;7;0;0;2;4;2;B01
200900017472;0;34;0;0;0;0;2;A01
200900017473;0;7;0;0;2;4;2;B01
200900017473;0;7;0;0;0;4;2;C01
200900017473;0;7;0;0;2;1;2;A01
200900017473;1;7;0;0;2;1;2;D01
200900017474;0;33;0;3;2;2;3;A01
200900017474;0;7;0;0;2;8;11;B01
200900017475;0;7;0;0;2;3;0;B01
200900017475;0;7;0;0;2;2;19;A01
200900017476;0;7;0;0;0;4;2;C01
200900017476;0;7;0;0;2;1;2;A01
200900017476;0;7;0;0;0;4;2;B01
200900017477;0;7;0;0;2;7;12;B01
200900017477;0;33;0;0;2;3;3;A01
200900017478;0;7;0;0;2;1;2;A01
200900017478;0;32;0;0;0;4;2;B01
200900017479;0;33;0;0;2;0;1;B01
200900017479;0;7;0;0;2;2;10;A01
200900017480;0;33;0;16;0;8;0;A01
200900017481;0;7;0;0;2;1;13;B01
200900017481;0;30;0;0;2;8;5;A01
200900017482;0;33;0;2;2;6;1;B02
200900017482;0;7;0;0;2;1;15;A01
200900017483;0;7;0;6;0;3;1;A01
200900017484;0;30;0;0;2;1;2;A01
200900017484;0;7;0;0;2;4;23;B02
200900017485;0;7;0;0;0;0;0;T01
200900017485;0;7;0;0;1;3;1;A01
200900017486;0;7;0;0;2;3;0;A01
200900017486;0;32;0;0;2;1;9;B02
200900017487;0;21;0;0;2;6;1;B01
200900017487;0;2;0;0;2;0;17;A01
200900017488;0;15;0;0;2;6;1;B02
200900017488;0;33;0;0;2;3;6;A01
200900017489;0;7;0;14;0;1;14;A01
200900017490;0;33;0;0;2;9;13;A01
200900017490;0;7;0;0;2;1;0;B02
200900017491;0;33;0;0;0;0;0;A01
200900017492;0;14;0;0;2;5;15;B02
200900017492;0;33;0;0;2;1;1;A01
200900017493;0;30;0;0;2;1;1;A01
200900017493;0;7;0;0;2;3;5;B02
200900017494;0;10;0;3;0;3;2;A01
200900017495;0;14;0;0;2;8;15;B02
200900017495;0;33;0;0;2;1;21;A01
200900017496;0;7;0;0;2;5;1;B02
200900017496;0;33;0;0;2;1;1;A01
200900017497;0;30;0;7;0;4;1;A01
200900017498;0;33;0;0;2;1;17;A01
200900017498;0;15;0;0;2;6;15;B02
200900017499;0;7;0;0;2;1;16;A01
200900017499;0;13;0;0;2;7;1;B02
200900017500;0;33;0;0;2;1;17;A01
200900017500;0;7;0;0;2;8;15;B02
200900017501;0;33;0;0;2;1;1;B02
200900017501;0;31;0;0;2;1;13;A01
200900017502;0;10;0;0;2;1;13;A01
200900017502;0;10;0;0;2;1;1;B02
200900017503;0;7;0;0;2;8;15;B02
200900017503;0;33;0;0;2;1;17;A01
200900017504;0;7;0;0;0;1;1;A01
200900017505;0;7;0;0;2;1;15;A01
200900017505;0;30;0;0;2;1;1;B02
200900017506;0;7;0;0;2;1;17;A01
200900017506;0;7;0;0;0;4;23;C03
200900017506;0;7;0;0;0;1;23;D04
200900017506;0;7;0;0;6;7;1;B02
200900017507;0;31;0;0;1;1;1;A01
200900017508;0;7;0;0;1;2;16;A01
200900017509;0;99;0;0;2;8;2;A01
200900017509;0;32;0;0;2;7;2;B01
200900017510;0;14;0;0;1;6;4;A01
200900017511;0;7;0;0;2;2;12;A01
200900017511;0;34;0;0;2;6;16;B01
200900017512;0;2;0;9;0;0;0;A01
200900017513;0;7;0;0;2;6;11;A01
200900017513;0;32;0;0;2;1;1;B01
200900017514;0;7;0;0;1;1;1;A01
200900017515;0;7;0;12;2;1;6;A01
200900017515;0;7;0;0;2;1;1;B01
200900017516;0;7;0;0;1;1;1;A01
200900017517;0;34;0;0;2;5;16;A01
200900017517;0;30;0;0;2;1;1;B01
200900017518;0;7;0;0;2;0;1;A01
200900017518;0;33;0;0;0;1;1;B01
200900017519;0;33;0;0;2;1;1;A01
200900017519;0;99;0;0;2;6;0;B01
200900017520;0;7;0;4;2;3;1;B01
200900017520;0;7;0;0;2;3;15;A01
200900017521;0;33;0;0;2;3;1;B01
200900017522;0;7;0;0;2;7;1;B01
200900017522;0;7;0;0;2;1;1;A01
200900017523;0;33;0;0;2;8;0;A01
200900017523;0;30;0;0;2;8;0;B01
200900017524;0;7;0;0;2;4;23;B01
200900017524;0;7;0;0;2;1;2;A01
200900017525;0;7;0;9;2;1;0;A01
200900017525;0;7;0;0;0;1;1;B01
200900017526;0;10;0;0;2;3;15;A01
200900017526;0;30;0;0;2;1;1;B01
200900017527;0;1;0;0;2;3;15;B01
200900017527;0;7;0;0;2;3;1;A01
200900017528;0;7;0;1;0;8;0;A01
200900017529;0;7;0;0;2;4;2;B01
200900017529;0;7;0;0;2;1;2;A01
200900017530;0;7;0;0;2;3;15;A01
200900017530;0;7;0;0;2;3;1;B01
200900017531;0;7;0;0;2;3;1;A01
200900017531;0;7;0;0;2;8;19;B01
200900017532;1;1;0;0;1;1;1;A01
200900017533;0;7;0;8;0;1;5;A01
200900017534;0;7;0;0;2;1;2;A01
200900017534;0;7;0;0;2;4;2;B01
200900017534;0;7;0;0;2;4;2;C01
200900017534;0;7;0;0;2;4;2;D01
200900017535;0;7;0;3;0;1;1;A01
200900017536;0;10;0;0;2;1;1;B02
200900017536;0;7;0;0;2;3;13;A01
200900017537;0;7;0;0;2;3;1;B02
200900017537;0;7;0;0;2;5;13;A01
200900017538;0;7;0;0;2;1;5;A01
200900017538;0;7;0;0;2;1;1;B02
200900017539;0;7;0;0;2;1;13;A01
200900017539;0;7;0;0;2;3;1;B02
200900017540;0;31;0;0;2;1;1;B02
200900017540;0;7;0;0;2;8;15;A01
200900017541;0;15;0;0;2;1;1;A01
200900017541;0;15;0;0;0;4;1;B02
200900017542;0;7;0;16;0;8;1;A01
200900017543;0;7;0;14;0;1;0;A01
200900017544;0;10;0;0;2;1;17;A01
200900017544;0;15;0;0;0;4;1;B02
200900017545;0;7;0;13;0;1;1;A01
200900017546;0;7;0;0;0;9;1;A01
200900017547;0;7;0;0;1;2;1;A01
200900017548;0;7;0;0;9;2;1;B02
200900017548;0;1;0;0;2;4;13;A01
200900017549;0;7;0;0;2;2;15;A01
200900017549;0;30;0;0;2;7;1;B02
200900017550;0;7;0;13;0;1;1;A01
200900017551;0;33;0;0;2;3;1;B02
200900017551;0;10;0;0;2;3;13;A01
200900017552;0;7;0;0;2;5;17;B02
200900017552;0;7;0;0;2;3;0;A01
200900017553;0;7;0;0;1;6;0;A01
200900017554;0;7;0;3;0;1;1;A01
200900017555;0;7;0;1;0;0;1;A01
200900017555;0;7;0;0;2;0;0;B02
200900017556;0;7;0;0;2;2;17;A01
200900017556;0;7;0;0;2;3;15;B02
200900017557;0;2;0;0;2;1;1;B02
200900017557;0;7;0;0;0;4;23;A01
200900017558;0;7;0;0;1;3;1;A01
200900017559;0;33;0;0;2;7;17;A01
200900017559;0;7;0;0;2;1;1;C01
200900017559;0;7;0;11;2;8;2;B01
200900017560;0;10;0;0;2;3;11;A01
200900017560;0;1;0;0;2;1;15;B01
200900017561;0;7;0;0;1;1;1;A01
200900017562;0;7;0;0;2;8;20;A01
200900017562;0;2;0;0;2;1;1;B01
200900017563;0;7;0;0;2;8;1;B01
200900017563;0;7;0;0;2;1;15;A01
200900017564;0;31;0;0;2;1;1;B01
200900017564;0;7;0;0;2;3;15;A01
200900017565;0;2;0;0;2;0;1;A01
200900017566;0;7;0;0;1;1;1;A01
200900017567;0;7;0;0;2;8;15;A01
200900017567;0;33;0;0;2;7;1;B01
200900017568;0;7;0;0;2;2;15;A01
200900017568;0;31;0;0;2;1;1;B01
200900017569;0;7;0;0;2;0;16;A01
200900017570;0;7;0;0;2;2;1;A01
200900017571;0;2;0;0;2;1;1;A01
200900017571;0;7;0;0;2;4;1;B01
200900017572;0;30;0;0;2;8;1;B01
200900017572;0;10;0;0;2;0;10;A01
200900017573;0;10;0;0;1;0;0;A01
200900017574;0;1;0;0;1;1;1;A01
200900017575;0;2;0;0;2;1;18;A01
200900017575;0;7;0;0;2;7;1;B01
200900017576;0;2;0;0;2;1;1;A01
200900017577;0;7;0;0;1;0;1;A01
200900017578;0;7;0;6;0;1;1;A01
200900017579;0;2;0;0;2;1;1;B01
200900017579;0;7;0;0;2;3;15;A01
200900017580;0;33;0;0;2;7;1;A01
200900017580;0;7;0;0;2;0;1;B01
200900017581;0;7;0;0;2;2;15;A01
200900017581;0;2;0;0;2;7;1;B01
200900017582;0;2;0;0;2;1;1;B01
200900017582;0;7;0;0;2;1;15;A01
200900017583;0;21;0;0;0;5;1;A01
200900017583;0;30;0;0;2;1;1;B02
200900017584;0;7;0;0;2;9;1;A01
200900017585;0;7;0;0;0;9;1;A01
200900017586;0;7;0;0;1;2;1;A01
200900017587;0;7;0;0;2;1;1;A01
200900017587;0;7;0;0;2;4;1;B02
200900017588;0;10;0;0;9;3;19;A01
200900017588;0;1;0;0;2;0;1;B02
200900017589;0;7;0;8;0;1;1;A01
200900017590;0;30;0;0;2;1;15;A01
200900017590;0;7;0;0;2;1;16;B02
200900017591;0;14;0;6;2;8;0;A01
200900017591;0;7;0;0;2;1;0;B02
200900017592;0;31;0;1;0;1;14;A01
200900017593;0;33;0;0;2;1;17;B02
200900017593;0;7;0;0;2;8;15;A01
200900017594;0;7;0;0;1;2;1;A01
200900017595;0;30;0;0;9;1;0;A01
200900017595;0;1;0;0;2;1;0;B02
200900017596;0;30;0;6;0;1;1;A01
200900017597;0;10;0;0;2;2;1;A01
200900017597;0;2;0;0;2;6;15;B02
200900017598;0;7;0;0;2;2;17;A01
200900017598;0;17;0;0;0;6;15;B02
200900017599;0;33;0;15;0;8;1;A01
200900017600;0;30;0;0;2;1;5;A01
200900017600;0;7;0;0;9;1;5;B02
200900017601;0;33;0;0;2;1;1;A01
200900017601;0;1;0;0;2;1;1;B02
200900017602;0;10;0;0;1;4;4;A01
200900017603;0;2;0;0;2;1;16;B02
200900017603;0;7;0;0;2;3;1;A01
200900017604;0;7;0;3;0;3;1;A01
200900017605;0;7;0;13;0;9;17;A01
200900017606;0;7;0;2;0;3;1;A01
200900017607;0;33;0;0;2;1;0;A01
200900017607;0;33;0;0;2;1;0;B02
200900017608;0;7;0;0;0;4;2;B01
200900017608;0;30;0;0;0;1;2;A01
200900017609;0;17;0;0;0;0;1;A01
200900017609;0;99;0;14;0;0;13;B02
200900017610;0;33;0;0;2;1;13;A01
200900017610;0;21;0;0;2;1;1;B02
200900017611;0;2;0;7;0;1;1;A01
200900017612;0;30;0;0;0;0;0;A01
200900017613;0;33;0;0;2;8;1;A01
200900017613;0;7;0;6;2;1;1;B01
200900017614;0;37;1;0;1;2;1;B01
200900017615;0;1;0;0;2;8;19;A01
200900017615;0;7;0;0;2;1;1;B01
200900017616;0;7;0;0;2;3;13;A01
200900017616;0;7;0;0;2;3;1;C01
200900017616;0;10;0;0;2;6;23;B01
200900017617;0;33;0;15;2;1;17;A01
200900017617;0;7;0;0;2;3;1;B01
200900017618;0;10;0;0;2;3;17;A01
200900017618;0;7;0;0;2;3;16;B01
200900017619;0;7;0;0;2;4;17;A01
200900017619;0;7;0;0;2;6;1;C03
200900017619;0;7;0;0;2;1;1;B02
200900017620;0;33;0;3;0;1;1;A01
200900017621;0;31;0;10;0;1;1;A01
200900017622;0;33;0;13;0;1;1;A01
200900017623;0;33;0;0;0;1;1;A01
200900017624;0;7;0;0;9;5;15;A01
200900017624;0;1;0;0;2;3;1;B02
200900017625;0;7;0;0;2;3;15;A01
200900017625;0;33;0;0;2;8;1;B02
200900017626;0;14;0;0;2;4;4;A01
200900017626;0;7;0;0;2;1;1;B02
200900017627;0;7;0;0;2;3;15;B02
200900017627;0;31;0;0;2;1;1;A01
200900017628;0;33;0;0;2;7;21;B02
200900017628;0;7;0;0;2;2;9;A01
200900017629;0;2;0;15;0;1;1;A01
200900017630;0;30;0;12;0;2;1;A01
200900017631;0;7;0;0;1;2;1;A01
200900017632;0;33;0;13;0;1;1;A01
200900017633;0;2;0;0;2;1;1;A01
200900017633;0;7;0;0;2;3;15;B02
200900017634;0;7;0;0;2;3;1;B02
200900017634;0;36;0;0;2;3;1;A01
200900017635;0;31;0;0;2;1;1;A01
200900017635;0;7;0;0;2;5;10;B02
200900017636;0;32;0;0;2;1;17;A01
200900017636;0;21;0;0;0;4;15;B02
200900017637;0;7;0;0;2;7;15;B01
200900017637;0;10;0;0;2;1;1;A01
200900017638;0;7;0;4;0;3;0;A01
200900017639;0;7;0;0;2;6;15;B02
200900017639;0;33;0;0;2;1;17;A01
200900017640;0;7;0;0;9;3;9;A01
200900017640;0;1;0;0;2;1;0;B02
200900017641;0;7;0;0;2;3;1;A01
200900017641;0;7;0;0;2;3;1;B02
200900017642;0;30;0;6;0;1;1;A01
200900017643;0;7;0;3;0;9;0;A01
200900017644;0;7;0;1;0;1;2;A01
200900017644;0;7;0;0;0;4;23;B02
200900017645;0;33;0;0;2;9;13;B02
200900017645;0;7;0;0;2;1;1;A01
200900017646;0;33;0;3;0;3;1;A01
200900017647;0;33;0;0;2;7;1;A01
200900017647;0;1;0;0;2;4;1;B02
200900017648;0;33;0;15;0;1;0;A01
200900017649;0;2;0;0;2;1;0;B02
200900017649;0;30;0;0;2;1;13;A01
200900017650;0;7;0;2;0;3;13;A01
200900017651;0;7;0;0;0;9;1;A01
200900017652;0;2;0;13;0;1;1;A01
200900017653;0;33;0;0;2;1;1;B01
200900017653;0;7;0;0;2;3;15;A01
200900017654;0;7;0;0;2;1;1;B01
200900017654;0;7;0;1;2;7;15;A01
200900017655;0;2;0;0;2;1;5;A01
200900017655;0;7;0;0;2;6;1;B01
200900017656;0;10;0;0;2;1;1;B01
200900017656;0;7;0;0;2;3;9;A01
200900017657;0;7;0;1;0;3;13;A01
200900017657;0;10;0;0;0;6;24;B02
200900017658;0;2;0;0;2;1;1;A01
200900017658;0;7;0;0;2;2;1;B01
200900017659;0;7;0;0;2;7;1;A01
200900017659;0;2;0;0;2;0;9;B01
200900017660;0;7;0;0;0;7;23;A01
200900017661;0;7;0;15;0;1;1;A01
200900017662;0;7;0;0;2;1;1;A01
200900017662;0;7;0;0;2;4;1;B01
200900017663;0;7;0;0;1;7;15;A01
200900017664;0;7;0;0;0;5;1;B01
200900017664;0;7;0;0;0;6;1;C01
200900017664;0;7;0;0;0;1;15;A01
200900017665;0;7;0;1;0;1;14;A01
200900017666;0;7;0;0;2;3;11;A01
200900017666;0;30;0;0;2;1;1;B01