num_acc;senc;catv;occutc;obs;obsm;choc;manv;num_veh
200900017667;0;1;0;0;0;0;1;A01
200900017668;0;7;0;0;2;4;2;B01
200900017668;0;7;0;0;2;3;1;A01
200900017669;0;7;0;0;2;3;20;B01
200900017669;0;2;0;0;2;2;13;A01
200900017670;0;1;0;0;2;4;0;B01
200900017670;0;7;0;0;2;1;0;A01
200900017671;0;3;0;0;2;1;1;B01
200900017671;0;7;0;0;2;1;15;A01
200900017672;0;7;0;0;0;3;16;B01
200900017672;0;7;0;0;0;1;1;A01
200900017673;0;7;0;0;1;2;4;A01
200900017674;0;7;0;0;9;1;15;A01
200900017675;0;7;0;0;2;3;9;A01
200900017675;0;2;0;0;2;1;1;B01
200900017676;0;1;0;0;0;0;1;A01
200900017677;0;1;0;0;0;0;0;A01
200900017678;0;31;0;0;0;0;1;A01
200900017679;0;7;0;0;0;7;16;A01
200900017679;0;2;0;0;0;8;18;B01
200900017680;0;7;0;0;0;4;0;A01
200900017680;0;7;0;0;0;4;0;B01
200900017681;0;7;0;0;2;1;1;A01
200900017681;0;7;0;0;2;3;1;B01
200900017682;0;7;0;0;1;1;15;A01
200900017683;0;2;0;16;0;1;1;A01
200900017684;0;2;0;0;0;8;2;A01
200900017684;0;7;0;0;0;8;2;B01
200900017685;0;1;0;0;0;2;0;B01
200900017685;0;1;0;0;0;1;1;A01
200900017686;0;7;0;0;0;7;1;A01
200900017687;0;7;0;0;0;7;22;A01
200900017687;0;2;0;0;2;1;1;B01
200900017688;0;7;0;4;0;1;1;A01
200900017689;0;7;0;0;2;8;19;A01
200900017689;0;7;0;0;2;1;1;B02
200900017690;0;7;0;0;2;2;1;A01
200900017690;0;1;0;0;2;1;0;B02
200900017691;0;7;0;13;0;9;0;A01
200900017692;0;10;0;0;2;5;13;A01
200900017692;0;10;0;0;2;1;1;B02
200900017693;0;10;0;0;2;2;1;A01
200900017693;0;2;0;0;2;1;1;B02
200900017694;0;7;0;0;2;1;1;B02
200900017694;0;7;0;2;2;8;1;A01
200900017695;0;7;0;0;2;2;2;A01
200900017695;0;1;0;0;2;4;2;B02
200900017696;0;7;0;0;2;8;19;A01
200900017696;0;7;0;0;2;2;1;B02
200900017697;0;30;0;0;2;1;1;B02
200900017697;0;30;0;0;2;1;13;A01
200900017698;0;7;0;0;0;1;1;A01
200900017699;0;1;0;0;0;4;1;B02
200900017699;0;1;0;0;0;4;1;C03
200900017699;0;2;0;0;2;1;17;A01
200900017700;0;7;0;0;2;3;1;A01
200900017700;0;2;0;0;2;8;15;B02
200900017701;0;7;0;0;0;0;1;A01
200900017702;0;7;0;6;0;1;0;A01
200900017703;0;30;0;0;2;8;10;B02
200900017703;0;30;0;0;2;1;1;A01
200900017704;0;7;0;0;1;3;1;A01
200900017705;0;2;0;0;2;8;1;B02
200900017705;0;17;0;0;2;7;17;A01
200900017706;0;7;0;0;2;4;2;C03
200900017706;0;14;0;0;2;2;13;A01
200900017706;0;7;0;0;2;6;2;B02
200900017707;0;7;0;0;0;1;2;A01
200900017707;0;7;0;0;0;4;2;C01
200900017707;0;7;0;0;0;9;2;B01
200900017708;0;2;0;0;0;0;12;A01
200900017708;0;7;0;0;0;2;1;B01
200900017709;0;7;0;0;1;1;1;A01
200900017710;0;33;0;0;0;4;2;A01
200900017710;0;7;0;0;0;4;2;B01
200900017711;0;30;0;1;0;1;1;A01
200900017712;0;1;0;0;0;0;1;A01
200900017713;0;7;0;0;0;0;1;A01
200900017714;0;1;0;15;0;0;0;A01
200900017715;0;2;0;11;0;1;1;A01
200900017716;0;7;0;0;2;1;1;A01
200900017716;0;38;1;9;2;2;1;B01
200900017716;0;30;0;0;2;1;1;C01
200900017717;0;7;0;1;0;8;24;A01
200900017717;0;1;0;1;0;1;1;B01
200900017718;0;7;0;0;1;1;1;A01
200900017719;0;7;0;0;0;8;20;A01
200900017719;0;7;0;0;0;7;1;B01
200900017720;0;30;0;0;0;1;18;A01
200900017720;0;7;0;0;0;5;16;B01
200900017721;0;30;0;0;2;1;2;A01
200900017721;0;7;0;0;0;4;2;B01
200900017722;1;3;0;0;0;0;15;A01
200900017722;0;7;0;0;0;1;1;B01
200900017723;0;30;0;0;0;1;1;B01
200900017723;0;7;0;0;0;1;15;A01
200900017724;0;7;0;0;1;2;16;A01
200900017725;0;7;0;0;2;3;1;B01
200900017725;0;7;0;0;2;1;1;C01
200900017725;0;7;0;0;2;6;1;A01
200900017726;0;7;0;0;0;1;1;D01
200900017726;0;30;0;0;0;7;1;B01
200900017726;0;7;0;0;0;4;4;A01
200900017726;0;7;0;0;0;3;1;C01
200900017727;0;7;0;0;0;1;1;B01
200900017727;0;7;0;0;0;1;1;C01
200900017727;0;7;0;0;0;7;15;A01
200900017728;0;7;0;0;0;4;4;A01
200900017729;0;7;0;0;2;7;1;B01
200900017729;0;7;0;0;2;3;19;A01
200900017730;0;33;0;0;0;4;1;A01
200900017731;0;1;0;0;0;0;15;B01
200900017731;0;7;0;0;0;1;17;A01
200900017732;0;10;0;0;2;1;1;A01
200900017732;0;7;0;0;2;4;1;B01
200900017733;0;2;0;9;0;1;1;A01
200900017734;0;2;0;0;2;8;15;B01
200900017734;0;2;0;0;2;1;17;A01
200900017735;0;7;0;0;1;1;15;A01
200900017736;0;2;0;0;0;1;1;A01
200900017737;0;33;0;0;2;1;15;A01
200900017737;0;7;0;0;2;7;1;B01
200900017738;0;7;0;0;2;2;1;A01
200900017738;0;2;0;0;2;8;1;B01
200900017739;0;7;0;0;2;7;15;A01
200900017739;0;33;0;0;0;1;1;B02
200900017740;0;7;0;0;0;4;9;B01
200900017740;0;33;0;0;0;1;17;A01
200900017741;0;7;0;0;1;3;1;A01
200900017742;0;7;0;8;0;2;1;A01
200900017743;0;7;0;13;0;1;17;A01
200900017744;0;7;0;13;0;2;1;A01
200900017745;0;7;0;0;2;1;1;A01
200900017745;0;10;0;0;0;8;19;B02
200900017746;0;7;0;0;0;9;1;A01
200900017747;0;7;0;4;0;3;13;A01
200900017748;0;33;0;0;2;1;3;A01
200900017748;0;7;0;0;2;8;15;B02
200900017749;0;15;0;0;2;4;1;B02
200900017749;0;7;0;0;2;1;1;A01
200900017750;0;33;0;8;0;3;17;A01
200900017751;0;7;0;2;0;3;1;A01
200900017752;0;33;0;13;2;1;18;A01
200900017752;0;7;0;0;0;8;1;B02
200900017753;0;7;0;13;0;1;0;A01
200900017754;0;30;0;0;0;1;2;A01
200900017754;0;7;0;0;0;4;1;B02
200900017755;0;7;0;0;0;9;1;A01
200900017756;0;1;0;0;2;1;0;B02
200900017756;0;14;0;0;0;5;0;A01
200900017757;0;13;0;0;2;2;1;B02
200900017757;0;7;0;0;0;0;0;A01
200900017758;0;10;0;0;2;3;19;A01
200900017758;0;33;0;0;2;1;1;B02
200900017759;0;7;0;0;2;1;1;A01
200900017759;0;21;0;0;2;3;19;B02
200900017760;0;36;0;8;0;1;14;A01
200900017761;0;7;0;0;2;1;1;B02
200900017761;0;7;0;0;2;1;1;C03
200900017761;0;7;0;0;0;7;19;A01
200900017762;0;7;0;0;0;3;19;A01
200900017762;0;33;0;0;0;1;1;B02
200900017763;0;7;0;0;2;3;20;A01
200900017763;0;30;0;0;2;5;15;B02
200900017764;0;1;0;0;0;1;0;C03
200900017764;0;1;0;0;0;0;0;B02
200900017764;0;10;0;0;9;1;11;A01
200900017765;0;1;0;0;0;4;0;B02
200900017765;0;33;0;0;2;1;1;A01
200900017766;0;7;0;0;2;3;1;B02
200900017766;0;1;0;0;2;2;19;A01
200900017767;0;7;0;0;2;2;1;A01
200900017767;0;2;0;0;0;8;19;B02
200900017768;0;7;0;0;2;3;1;B02
200900017768;0;7;0;0;2;3;1;A01
200900017769;0;7;0;6;0;1;1;A01
200900017770;0;7;0;0;2;1;1;B02
200900017770;0;14;0;0;2;1;1;A01
200900017771;0;33;0;0;0;0;1;A01
200900017772;0;10;0;0;2;9;1;C03
200900017772;0;7;0;0;2;1;1;A01
200900017772;0;10;0;0;2;1;1;B02
200900017773;0;7;0;0;0;6;15;B01
200900017773;0;33;0;0;2;1;17;A01
200900017774;0;2;0;0;2;1;13;A01
200900017774;0;7;0;0;0;3;1;B01
200900017775;0;33;0;0;0;0;1;A01
200900017776;0;7;0;0;0;2;1;B01
200900017776;0;7;0;0;2;3;15;A01
200900017777;0;31;0;0;0;1;1;B01
200900017777;0;7;0;0;0;8;9;A01
200900017778;0;7;0;0;1;3;4;A01
200900017779;0;7;0;0;2;8;10;A01
200900017779;0;7;0;0;2;1;1;B01
200900017780;0;30;0;0;0;8;1;A01
200900017781;0;7;0;16;0;9;13;A01
200900017782;0;7;0;2;0;2;13;A01
200900017783;0;7;0;0;2;1;1;B02
200900017783;0;7;0;0;2;1;17;A01
200900017784;0;30;0;0;2;7;1;A01
200900017784;0;14;0;0;2;2;1;B02
200900017785;0;7;0;0;1;7;1;A01
200900017786;0;7;0;0;1;4;4;A01
200900017787;0;7;0;16;0;9;14;A01
200900017788;0;7;0;0;2;1;1;B02
200900017788;0;30;0;0;0;4;1;A01
200900017789;0;7;0;0;2;3;1;B02
200900017789;0;7;0;0;2;3;1;A01
200900017790;0;2;0;12;0;1;0;A01
200900017791;0;7;0;0;2;9;1;B02
200900017791;0;15;0;0;2;5;12;A01
200900017792;0;7;0;0;2;1;1;A01
200900017792;0;33;0;0;2;4;23;B02
200900017793;0;7;0;13;0;3;19;A01
200900017794;0;7;0;13;0;2;1;A01
200900017795;0;7;0;0;0;3;15;A01
200900017795;0;33;0;0;2;1;1;B02
200900017796;0;7;0;2;0;3;1;A01
200900017797;0;7;0;13;0;1;18;A01
200900017798;0;10;0;2;0;1;2;A01
200900017799;0;7;0;2;0;3;13;A01
200900017800;0;33;0;12;0;1;1;A01
200900017801;0;7;0;0;0;0;1;A01
200900017802;0;33;0;0;2;1;21;B02
200900017802;0;33;0;0;0;7;16;A01
200900017803;0;33;0;0;2;1;1;A01
200900017803;0;7;0;0;2;4;2;B02
200900017804;0;33;0;0;0;0;21;A01
200900017805;0;17;0;0;2;2;1;B02
200900017805;0;10;0;3;2;1;1;A01
200900017806;0;33;0;2;0;1;1;A01
200900017807;0;14;0;0;2;3;1;A01
200900017807;0;7;0;0;2;1;13;B02
200900017808;0;7;0;0;1;1;15;A01
200900017809;0;7;0;0;1;1;2;A01
200900017810;0;7;0;0;1;7;1;A01
200900017811;0;7;0;13;0;3;13;A01
200900017812;0;33;0;0;2;1;17;A01
200900017812;0;7;0;0;2;6;15;B02
200900017813;0;7;0;0;9;1;19;A01
200900017813;0;1;0;0;2;8;1;B02
200900017814;0;33;0;3;2;0;13;A01
200900017815;0;2;0;0;2;1;13;B02
200900017815;0;7;0;0;2;2;24;A01
200900017816;0;21;0;0;0;6;1;B02
200900017816;0;16;0;0;2;2;1;A01
200900017817;0;2;0;0;0;0;20;A01
200900017818;0;7;0;0;1;2;1;A01
200900017819;0;33;0;0;0;1;1;A01
200900017820;0;7;0;4;0;9;1;A01
200900017821;0;7;0;0;1;1;1;A01
200900017822;0;7;0;0;2;1;1;B02
200900017822;0;7;0;0;2;2;13;A01
200900017823;0;7;0;0;2;6;1;A01
200900017823;0;7;0;0;2;3;1;B02
200900017824;0;30;0;0;2;1;1;B02
200900017824;0;7;0;0;2;3;9;A01
200900017825;0;33;0;0;2;1;17;B02
200900017825;0;7;0;0;2;8;19;A01
200900017826;0;7;0;0;0;5;9;B02
200900017826;0;31;0;0;2;3;1;A01
200900017827;0;7;0;0;2;1;1;B02
200900017827;0;7;0;0;2;3;19;A01
200900017828;0;7;0;0;2;3;1;A01
200900017828;0;7;0;0;2;1;5;C03
200900017828;0;7;0;0;2;1;1;B02
200900017829;0;7;0;0;2;1;1;B02
200900017829;0;7;0;0;2;1;17;A01
200900017830;0;7;0;0;2;1;1;B02
200900017830;0;7;0;2;2;1;13;A01
200900017831;0;14;0;0;2;1;19;A01
200900017831;0;14;0;0;2;3;17;B02
200900017832;0;10;0;0;2;1;1;B02
200900017832;0;10;0;0;2;2;15;A01
200900017833;0;10;0;5;0;0;1;A01
200900017834;0;7;0;3;0;1;14;A01
200900017835;0;7;0;1;0;1;1;A01
200900017836;0;7;0;2;0;3;14;A01
200900017837;0;7;0;0;2;1;1;A01
200900017837;0;14;0;0;2;7;19;B02
200900017838;0;7;0;0;2;7;13;A01
200900017838;0;7;0;0;2;1;1;B02
200900017839;0;33;0;0;2;1;1;B02
200900017839;0;7;0;4;2;2;13;A01
200900017839;0;7;0;0;2;1;1;C03
200900017840;0;7;0;0;2;8;21;B02
200900017840;0;7;0;0;2;3;17;A01
200900017841;0;7;0;0;1;2;1;A01
200900017842;0;7;0;8;0;9;1;A01
200900017843;0;7;0;0;2;1;0;B02
200900017843;0;7;0;0;2;1;0;A01
200900017844;0;7;0;0;2;8;1;A01
200900017844;0;33;0;0;2;7;13;B02
200900017845;0;14;0;0;2;7;15;B02
200900017845;0;7;0;0;2;1;1;A01
200900017846;0;7;0;0;2;1;17;A01
200900017846;0;21;0;0;2;8;15;B02
200900017847;0;7;0;6;0;0;1;A01
200900017848;0;7;0;0;2;1;2;A01
200900017848;0;14;0;0;0;6;1;B02
200900017849;0;33;0;3;0;1;1;A01
200900017850;0;7;0;0;2;2;1;B02
200900017850;0;32;0;0;2;1;1;A01
200900017851;0;10;0;0;2;2;15;A01
200900017851;0;30;0;0;2;1;1;B02
200900017852;0;7;0;4;0;0;1;A01
200900017853;0;7;0;0;2;2;1;B02
200900017853;0;7;0;0;2;7;15;A01
200900017854;0;7;0;1;0;1;14;A01
200900017855;0;7;0;0;2;1;1;B02
200900017855;0;7;0;0;2;2;15;A01
200900017856;0;7;0;0;0;8;1;A01
200900017857;0;2;0;0;2;1;1;A01
200900017857;0;14;0;0;2;4;23;B02
200900017858;0;33;0;0;2;1;9;A01
200900017859;0;7;0;0;2;1;1;B02
200900017859;0;7;0;0;2;1;1;A01
200900017860;0;7;0;0;1;3;1;A01
200900017861;0;7;0;0;2;8;19;B02
200900017861;0;33;0;0;2;1;1;A01
200900017862;0;7;0;1;2;7;17;A01
200900017862;0;10;0;0;2;3;15;B02
200900017863;0;7;0;0;1;3;1;A01
200900017864;0;7;0;9;0;7;1;A01
200900017865;0;10;0;0;2;1;1;A01
200900017865;0;10;0;0;2;8;23;B02
200900017866;0;7;0;3;0;3;1;A01
200900017866;0;7;0;0;2;3;0;B02
200900017867;0;7;0;0;1;1;2;A01
200900017868;0;7;0;0;0;4;4;A01
200900017868;0;31;0;0;2;1;2;B01
200900017869;0;7;0;0;2;7;15;A01
200900017869;0;33;0;0;2;1;1;B01
200900017870;0;7;0;0;2;1;1;A01
200900017870;0;7;0;0;2;4;1;B01
200900017871;0;7;0;0;0;4;15;B01
200900017871;0;7;0;0;0;1;2;A01
200900017872;0;33;0;0;2;1;1;B01
200900017872;0;3;0;0;2;7;15;A01
200900017873;0;7;0;0;1;3;2;A01
200900017874;0;32;0;0;2;2;16;A01
200900017874;0;7;0;0;2;3;0;B01
200900017875;0;33;0;8;2;1;1;A01
200900017875;0;7;0;0;2;2;15;B01
200900017876;0;7;0;0;2;9;1;B01
200900017876;0;7;0;0;2;2;9;A01
200900017877;0;30;0;0;1;1;1;A01
200900017878;0;7;0;0;1;2;1;A01
200900017879;0;7;0;0;2;3;17;A01
200900017879;0;33;0;0;2;3;1;B01
200900017880;0;7;0;0;9;8;13;A01
200900017880;0;30;0;0;2;7;2;B01
200900017881;0;10;0;0;1;1;16;A01
200900017882;0;7;0;0;2;3;15;B01
200900017882;0;31;0;0;2;1;17;A01
200900017883;1;10;0;0;1;2;17;A01
200900017884;0;1;0;0;2;1;1;B01
200900017884;0;32;0;0;0;0;15;A01
200900017885;0;33;0;0;2;1;17;A01
200900017885;0;7;0;0;2;8;15;B01
200900017886;0;7;0;0;0;0;0;A01
200900017886;0;34;0;14;0;1;1;B01
200900017887;0;7;0;0;2;7;1;B01
200900017887;0;7;0;0;2;3;9;A01
200900017888;0;7;0;0;1;1;1;A01
200900017889;0;7;0;0;1;1;1;A01
200900017890;1;7;0;0;2;3;1;B01
200900017890;0;7;0;0;2;1;13;A01
200900017891;0;7;0;3;2;9;2;A01
200900017891;0;15;0;0;2;4;1;B01
200900017892;0;7;0;0;1;2;1;A01
200900017893;1;7;0;0;1;0;0;A01
200900017894;0;7;0;1;0;7;1;A01
200900017895;0;7;0;6;0;1;0;A01
200900017896;0;7;0;0;2;6;1;B01
200900017896;1;15;0;0;2;0;12;C01
200900017896;0;7;0;0;2;8;12;A01
200900017897;0;7;0;0;1;1;1;A01
200900017898;0;7;0;0;0;4;23;C01
200900017898;0;7;0;14;2;1;2;A01
200900017898;0;7;0;14;2;4;23;B01
200900017899;0;7;0;0;0;8;0;C01
200900017899;0;7;0;0;2;1;0;B01
200900017899;0;34;0;0;2;0;0;A01
200900017900;0;30;0;0;1;1;1;A01
200900017901;0;31;0;0;0;8;1;A01
200900017901;0;7;0;0;0;0;16;B01
200900017902;0;33;0;0;2;1;0;A01
200900017902;0;7;0;0;0;4;0;B01
200900017903;0;14;0;0;2;3;1;B01
200900017903;0;7;0;0;2;1;13;A01
200900017904;0;13;0;0;0;7;1;A01
200900017905;0;7;0;4;0;3;1;A01
200900017906;0;7;0;4;0;0;2;A01
200900017907;0;10;0;0;0;3;1;A01
200900017907;0;7;0;0;2;1;1;B01
200900017908;0;7;0;0;2;9;21;C01
200900017908;0;7;0;0;2;1;2;B01
200900017908;0;7;0;0;0;4;1;A01
200900017909;0;7;0;4;0;3;17;A01
200900017910;0;7;0;4;0;1;1;A01
200900017911;0;7;0;0;2;7;12;A01
200900017911;0;33;0;0;2;3;1;B01
200900017912;0;31;0;0;0;0;12;A01
200900017913;0;7;0;12;0;9;0;A01
200900017914;0;7;0;0;0;8;1;A01
200900017914;1;99;0;0;2;0;0;B01
200900017915;0;7;0;0;0;1;1;A01
200900017916;0;7;0;14;2;4;2;A01
200900017916;0;17;0;1;0;1;2;B01
200900017917;0;7;0;4;0;3;1;A01
200900017918;0;31;0;0;0;3;1;A01
200900017919;0;7;0;13;0;2;1;A01
200900017920;0;7;0;0;0;4;1;B01
200900017920;0;7;0;0;2;1;1;C01
200900017920;0;7;0;0;0;4;1;A01
200900017921;0;7;0;6;0;3;1;A01
200900017921;0;7;0;0;2;1;1;B01
200900017922;0;7;0;0;2;3;21;B01
200900017922;0;7;0;0;0;5;23;A01
200900017923;0;7;0;4;0;3;1;A01
200900017924;0;7;0;3;0;1;1;A01
200900017925;0;7;0;13;0;1;1;A01
200900017926;0;7;0;0;0;4;2;A01
200900017926;0;7;0;0;2;1;2;B01
200900017927;0;7;0;0;2;6;2;A01
200900017927;0;7;0;0;2;2;2;B01
200900017928;0;7;0;0;9;4;2;A01
200900017928;0;7;0;0;2;4;2;B01
200900017928;0;7;0;0;2;1;2;C01
200900017929;0;7;0;13;0;1;0;A01
200900017930;0;7;0;0;2;1;2;C01
200900017930;0;7;0;0;2;4;2;A01
200900017930;0;7;0;0;2;4;2;B01
200900017931;0;7;0;0;2;2;21;C01
200900017931;0;10;0;0;2;4;1;A01
200900017931;0;7;0;0;2;1;2;B01
200900017932;0;7;0;0;2;7;1;A01
200900017932;1;10;0;0;2;3;3;B01
200900017933;2;7;0;0;0;4;2;A01
200900017933;0;32;0;0;2;1;2;B01
200900017934;0;33;0;0;0;2;1;B01
200900017934;0;7;0;0;2;8;11;A01
200900017935;0;7;0;4;2;8;1;A01
200900017935;0;14;0;0;2;7;12;B01
200900017936;0;7;0;0;2;3;0;B01
200900017936;0;7;0;0;2;2;0;A01
200900017937;0;33;0;0;2;1;3;B01
200900017937;0;7;0;0;0;6;2;A01
200900017938;0;99;0;13;0;3;1;A01
200900017939;0;7;0;0;2;1;1;B01
200900017939;0;7;0;0;2;1;1;A01
200900017940;0;1;0;0;2;2;1;B01
200900017940;0;33;0;0;9;3;9;A01
200900017941;0;7;0;0;2;3;2;C01
200900017941;0;7;0;0;0;6;13;A01
200900017941;0;33;0;0;2;1;2;B01
200900017942;0;7;0;0;0;4;1;A01
200900017942;0;7;0;0;2;1;1;C01
200900017942;0;7;0;0;2;4;1;B01
200900017943;0;7;0;0;2;1;1;A01
200900017943;0;7;0;0;2;1;1;B01
200900017944;0;7;0;0;2;3;17;A01
200900017944;0;7;0;0;2;3;1;B01
200900017945;0;7;0;0;2;1;1;B01
200900017945;0;7;0;0;2;7;1;A01
200900017946;0;7;0;0;2;1;1;A01
200900017946;0;7;0;0;2;8;10;B01
200900017947;0;10;0;0;2;4;11;A01
200900017947;0;7;0;0;2;7;1;B01
200900017947;0;33;0;0;2;1;1;C01
200900017948;0;7;0;0;2;1;0;A01
200900017948;0;7;0;0;2;4;0;B01
200900017949;0;7;0;3;2;6;1;A01
200900017949;0;17;0;0;2;2;12;B01
200900017950;0;34;0;0;0;3;17;B01
200900017950;0;7;0;0;0;8;15;A01
200900017951;0;7;0;15;1;2;0;A01
200900017952;0;7;0;0;2;1;1;A01
200900017952;0;7;0;0;2;8;15;B01
200900017953;0;7;0;0;0;0;0;A01
200900017953;0;7;0;8;2;1;1;B02
200900017954;0;7;0;0;2;3;9;A01
200900017954;0;33;0;0;2;1;1;B01
200900017955;0;7;0;0;2;2;1;B01
200900017955;0;30;0;0;2;3;1;A01
200900017956;0;2;0;0;2;1;0;A01
200900017956;0;7;0;0;2;1;1;B01
200900017957;0;7;0;0;2;1;2;A01
200900017957;0;7;0;0;0;4;2;B01
200900017958;0;10;0;0;2;1;2;B01
200900017958;0;7;0;0;2;3;10;A01
200900017959;0;7;0;0;2;1;2;B01
200900017959;0;7;0;0;2;4;2;A01
200900017960;0;10;0;0;2;3;1;A01
200900017960;0;1;0;0;2;4;15;B01
200900017961;0;7;0;0;9;3;1;B01
200900017961;0;36;0;0;2;1;17;A01
200900017962;0;31;0;0;2;1;2;A01
200900017962;0;7;0;0;2;1;15;B01
200900017963;0;7;0;0;1;4;4;A01
200900017964;0;7;0;0;2;8;10;A01
200900017964;0;7;0;0;2;2;1;B01
200900017965;0;31;0;0;2;1;2;A01
200900017965;0;7;0;0;0;6;1;B01
200900017966;0;7;0;0;2;1;1;B01
200900017966;0;7;0;0;2;1;9;A01
200900017967;0;33;0;0;1;1;17;A01
200900017968;0;7;0;0;2;3;15;A01
200900017968;0;2;0;0;2;1;1;B01
200900017969;0;7;0;0;0;3;1;B01
200900017969;0;7;0;0;0;2;19;A01
200900017970;0;7;0;0;2;1;9;B01
200900017970;0;30;0;0;2;9;17;A01
200900017971;0;7;0;0;2;4;23;C01
200900017971;0;7;0;0;2;1;1;A01
200900017971;0;7;0;0;2;4;1;B01
200900017972;0;7;0;0;1;1;2;A01
200900017973;0;7;0;0;1;4;4;A01
200900017974;0;7;0;0;2;3;1;A01
200900017974;0;7;0;0;2;5;15;B01
200900017975;0;7;0;0;2;2;0;B01
200900017975;0;7;0;0;2;1;0;A01
200900017976;0;31;0;0;2;1;2;B01
200900017976;0;7;0;0;2;2;15;A01
200900017977;0;33;0;0;2;1;1;A01
200900017977;0;7;0;0;2;5;1;B01
200900017978;0;7;0;0;0;2;0;A01
200900017979;0;32;0;0;1;1;1;A01
200900017980;0;7;0;0;1;1;1;A01
200900017981;0;31;0;0;2;3;1;A01
200900017981;1;7;0;0;0;0;1;B01
200900017982;0;7;0;6;0;1;1;A01
200900017983;0;7;0;0;2;3;9;A01
200900017983;0;7;0;0;2;1;17;B01
200900017984;0;7;0;0;1;7;1;A01
200900017985;0;40;0;0;2;1;1;B01
200900017985;0;7;0;0;4;7;23;A01
200900017986;0;7;0;0;2;4;2;D01
200900017986;0;30;0;0;2;4;2;B01
200900017986;0;7;0;0;2;1;2;A01
200900017986;0;7;0;0;2;4;2;E01
200900017986;0;7;0;0;2;4;2;C01
200900017987;0;2;0;0;2;1;3;A01
200900017987;0;7;0;0;2;5;12;B01
200900017988;0;33;0;0;2;7;1;A01
200900017988;0;10;0;0;2;8;11;B01
200900017989;0;7;0;0;2;3;0;B01
200900017989;0;30;0;0;2;3;1;A01
200900017990;0;31;0;0;2;1;17;B01
200900017990;0;7;0;0;2;3;15;A01
200900017991;1;10;0;1;0;0;0;A01
200900017991;0;30;0;1;0;0;0;B01
200900017992;0;7;0;0;2;3;9;A01
200900017992;0;32;0;0;2;7;0;B01
200900017993;0;7;0;0;2;2;1;B01
200900017993;1;99;0;0;2;8;11;A01
200900017994;0;7;0;0;1;2;15;A01
200900017995;0;31;0;0;2;7;1;A01
200900017995;0;30;0;0;2;3;9;B01
200900017996;0;2;0;0;2;1;18;B01
200900017996;0;7;0;0;2;2;16;A01
200900017997;0;32;0;14;0;1;2;A01
200900017998;0;32;0;0;2;1;0;A01
200900017998;0;7;0;1;0;6;0;B01
200900017999;0;7;0;1;1;3;1;A01
200900018000;0;7;0;0;1;0;1;A01
200900018001;0;33;0;0;0;8;1;A01
200900018002;0;32;0;0;2;1;0;A01
200900018002;0;7;0;0;2;3;1;B01
200900018003;0;7;0;0;2;2;15;A01
200900018003;0;33;0;0;2;1;2;B01
200900018004;0;7;0;8;0;1;0;A01
200900018005;0;33;0;0;0;0;1;A01
200900018006;0;33;0;0;2;1;21;A01
200900018006;0;7;0;0;2;3;15;B01
200900018007;0;7;0;0;1;0;16;A01
200900018008;0;33;0;0;2;8;1;B01
200900018008;0;7;0;0;0;8;15;A01
200900018009;0;2;0;0;2;1;1;A01
200900018009;0;7;0;0;2;4;23;B01
200900018010;0;33;0;0;0;3;18;B01
200900018010;0;7;0;0;0;5;14;A01
200900018011;0;7;0;0;2;3;2;B01
200900018011;2;7;0;0;0;3;5;A01
200900018012;0;7;0;0;2;8;2;A01
200900018012;0;32;0;0;2;7;2;B01
200900018013;0;7;0;6;9;3;2;A01
200900018013;0;7;0;0;2;1;0;B01
200900018014;0;7;0;0;0;0;0;A01
200900018014;0;7;0;0;0;8;1;B01
200900018015;0;37;2;0;2;1;8;A01
200900018015;0;7;0;0;2;1;1;B01
200900018016;0;7;0;0;9;3;13;A01
200900018016;0;7;0;0;0;3;1;B01
200900018017;0;32;0;0;0;7;1;A01
200900018018;0;7;0;0;2;3;15;A01
200900018018;0;32;0;0;2;1;17;B01
200900018019;0;7;0;0;2;3;9;A01
200900018019;0;7;0;1;2;1;1;B01
200900018020;1;7;0;0;0;0;0;A01
200900018021;0;7;0;0;2;4;23;C01
200900018021;0;7;0;0;2;1;2;A01
200900018021;0;7;0;0;2;9;23;B01
200900018022;0;7;0;0;0;3;10;A01
200900018022;0;2;0;0;0;1;2;B01
200900018023;0;7;0;0;0;1;5;A01
200900018023;0;7;0;0;0;1;1;B01
200900018024;0;33;0;0;2;1;1;B01
200900018024;0;7;0;0;2;8;20;A01
200900018025;0;7;0;0;2;1;2;A01
200900018025;0;7;0;0;2;4;2;B01
200900018026;0;7;0;0;1;5;4;A01
200900018027;0;7;0;0;1;1;1;A01
200900018028;0;7;0;0;0;7;1;A01
200900018028;0;31;0;0;0;1;1;B01
200900018029;0;31;0;0;1;1;2;A01
200900018030;0;13;0;0;2;3;9;A01
200900018030;0;30;0;0;2;2;9;B01
200900018031;0;7;0;0;2;2;15;A01
200900018031;0;32;0;0;2;1;8;B01
200900018032;0;7;0;0;0;0;23;B01
200900018032;0;3;0;0;1;2;11;A01
200900018033;0;7;0;0;1;2;0;A01
200900018034;0;7;0;0;2;1;17;A01
200900018034;0;2;0;0;2;1;1;B01
200900018035;0;7;0;0;2;3;15;A01
200900018035;0;2;0;0;2;1;1;B01
200900018036;0;37;0;0;2;3;9;B01
200900018036;0;7;0;0;2;1;1;A01
200900018037;0;7;0;0;2;3;1;A01
200900018037;0;7;0;0;2;3;1;B01
200900018038;0;7;0;0;2;4;4;A01