num_acc;senc;catv;occutc;obs;obsm;choc;manv;num_veh
200900018038;0;30;0;0;2;1;2;B01
200900018039;0;2;0;0;2;6;0;A01
200900018039;0;7;0;0;9;6;9;B01
200900018040;0;7;0;0;1;4;4;A01
200900018041;0;7;0;6;0;1;0;A01
200900018042;0;31;0;0;2;7;1;B01
200900018042;0;14;0;0;0;0;0;A01
200900018043;0;7;0;1;0;0;0;A01
200900018043;0;33;0;0;0;0;0;B01
200900018044;0;7;0;0;0;1;9;A01
200900018044;0;7;0;0;0;5;1;B01
200900018045;0;7;0;0;2;1;1;B01
200900018045;0;7;0;0;2;2;15;A01
200900018046;0;7;0;0;0;4;15;B01
200900018046;0;3;0;0;2;1;2;A01
200900018047;0;30;0;0;2;1;1;B01
200900018047;0;7;0;0;2;1;15;A01
200900018048;0;7;0;0;2;7;24;C01
200900018048;0;7;0;1;0;8;0;B01
200900018048;0;7;0;0;2;2;1;A01
200900018049;0;7;0;0;2;7;1;A01
200900018049;0;7;0;0;2;1;9;B01
200900018050;0;7;0;0;2;2;1;A01
200900018050;0;7;0;0;2;4;2;B01
200900018051;0;7;0;0;1;2;1;A01
200900018052;0;32;0;0;2;1;1;B01
200900018052;0;7;0;0;2;3;9;A01
200900018053;0;7;0;1;2;0;0;B01
200900018053;0;7;0;1;2;1;0;A01
200900018053;0;31;0;0;0;0;0;C01
200900018054;0;7;0;0;2;2;15;A01
200900018054;0;32;0;0;2;1;1;B01
200900018055;0;7;0;0;2;7;21;A01
200900018055;0;31;0;0;2;9;1;B01
200900018056;0;7;0;0;2;3;17;B01
200900018056;0;7;0;0;2;9;17;A01
200900018056;0;7;0;0;2;9;2;C01
200900018056;0;7;0;0;2;6;2;D01
200900018056;0;37;0;0;2;8;23;E01
200900018057;0;7;0;8;0;1;1;A01
200900018058;0;7;0;0;1;7;1;A01
200900018059;0;7;0;0;2;4;2;B01
200900018059;2;7;0;0;2;1;2;A01
200900018060;2;7;0;8;0;1;0;A01
200900018061;0;7;0;0;2;1;2;A01
200900018061;0;7;0;0;2;4;23;B01
200900018062;0;32;0;0;2;1;1;B01
200900018062;0;7;0;0;2;3;15;A01
200900018063;0;30;0;0;2;7;1;A01
200900018063;0;7;0;0;2;6;1;B01
200900018064;0;7;0;0;2;1;2;A01
200900018064;0;7;0;0;2;4;2;B01
200900018065;0;7;0;1;0;2;0;A01
200900018066;0;7;0;0;2;1;2;B01
200900018066;0;7;0;0;2;4;4;A01
200900018067;0;7;0;0;1;4;4;A01
200900018068;0;7;0;0;0;1;15;A01
200900018068;0;30;0;0;0;1;0;B01
200900018069;0;7;0;0;2;8;1;B01
200900018069;0;7;0;0;2;1;1;A01
200900018070;1;7;0;0;2;0;13;A01
200900018070;0;2;0;0;2;7;1;B01
200900018070;0;7;0;0;2;3;1;C01
200900018071;0;33;0;0;2;0;23;A01
200900018071;0;7;0;0;2;3;0;B01
200900018072;0;7;0;11;0;1;0;A01
200900018073;0;7;0;0;2;7;12;B01
200900018073;0;7;0;0;2;1;9;A01
200900018074;0;7;0;0;2;4;2;B01
200900018074;0;1;0;0;0;0;0;A01
200900018075;0;7;0;0;2;1;1;A01
200900018075;0;7;0;0;2;4;2;B01
200900018076;0;7;0;0;2;3;15;A01
200900018076;0;2;0;0;2;8;1;B01
200900018077;0;7;0;0;1;1;1;A01
200900018078;0;7;0;0;2;7;15;B01
200900018078;0;2;0;0;2;1;1;A01
200900018079;0;32;0;0;0;0;1;A01
200900018080;0;7;0;0;1;2;1;A01
200900018081;1;7;0;0;1;1;9;A01
200900018082;0;30;0;0;0;0;1;A01
200900018083;0;7;0;0;2;1;1;B01
200900018083;0;7;0;0;2;1;5;A01
200900018084;0;7;0;0;0;1;1;A01
200900018085;0;7;0;0;2;3;15;A01
200900018085;0;31;0;0;2;1;1;B01
200900018086;0;7;0;0;2;3;2;A01
200900018086;0;7;0;12;2;7;2;B01
200900018087;0;7;0;0;9;2;1;A01
200900018087;0;2;0;0;2;4;1;B01
200900018088;0;7;0;0;2;1;15;A01
200900018088;0;33;0;0;2;7;1;B01
200900018089;0;2;0;0;2;1;0;B01
200900018089;0;7;0;0;2;3;15;A01
200900018090;0;2;0;0;9;1;1;A01
200900018091;0;7;0;6;2;1;2;A01
200900018091;0;7;0;0;0;7;23;B01
200900018092;0;33;0;0;2;7;1;A01
200900018092;0;7;0;0;2;3;16;B01
200900018093;0;33;0;0;2;1;1;B01
200900018093;0;7;0;0;2;2;15;A01
200900018094;0;32;0;0;2;1;17;A01
200900018094;0;7;0;0;0;3;0;B01
200900018095;0;7;0;0;9;8;11;A01
200900018095;0;38;90;0;0;2;1;B01
200900018096;0;2;0;0;2;2;1;B01
200900018096;0;7;0;0;2;3;16;A01
200900018097;0;7;0;1;0;2;1;A01
200900018097;0;7;0;0;2;6;23;B01
200900018098;0;7;0;0;2;3;15;A01
200900018098;0;30;0;0;2;3;0;B01
200900018099;0;33;0;0;2;1;1;B01
200900018099;0;7;0;1;2;8;9;A01
200900018100;0;33;0;0;2;1;1;A01
200900018100;0;7;0;0;2;7;0;B01
200900018101;0;7;0;0;2;3;15;A01
200900018101;0;33;0;0;2;1;2;B01
200900018102;0;7;0;0;0;6;2;B01
200900018102;1;7;0;0;2;6;2;A01
200900018103;0;7;0;0;0;6;2;B01
200900018103;0;32;0;0;2;2;2;A01
200900018104;0;7;0;0;1;1;1;A01
200900018105;0;7;0;0;2;1;0;A01
200900018105;0;7;0;0;2;8;0;B01
200900018106;0;7;0;0;0;5;2;C01
200900018106;0;7;0;0;2;4;2;B01
200900018106;0;7;0;0;2;1;2;A01
200900018107;0;32;0;0;2;1;17;A01
200900018107;0;7;0;0;2;6;19;B01
200900018108;0;7;0;0;2;1;0;A01
200900018108;0;7;0;0;2;4;0;B01
200900018109;0;33;0;0;2;1;17;B01
200900018109;0;7;0;0;2;3;23;A01
200900018110;0;7;0;0;2;4;1;B01
200900018110;0;7;0;0;2;1;1;A01
200900018111;0;7;0;1;0;2;0;A01
200900018112;0;34;0;0;0;0;0;A01
200900018112;1;7;0;0;0;0;0;B01
200900018113;0;7;0;0;0;0;0;A01
200900018113;0;33;0;0;0;0;0;B01
200900018114;0;7;0;0;2;6;15;A01
200900018114;0;33;0;0;2;1;17;B01
200900018115;1;7;0;0;1;1;1;A01
200900018116;0;7;0;0;0;0;23;C01
200900018116;0;7;0;0;2;1;15;A01
200900018116;0;33;0;0;2;1;17;B01
200900018117;0;7;0;0;1;2;1;A01
200900018118;0;7;0;0;0;0;0;A01
200900018118;1;7;0;0;0;0;0;B01
200900018119;0;31;0;0;2;1;3;B01
200900018119;0;7;0;0;0;4;1;A01
200900018120;0;7;0;0;2;7;15;A01
200900018120;0;30;0;0;2;1;1;B01
200900018121;0;33;0;0;1;0;0;A01
200900018122;0;10;0;0;2;7;15;A01
200900018122;0;32;0;0;9;1;21;B01
200900018123;0;7;0;0;2;1;2;A01
200900018123;0;32;0;0;2;4;23;B01
200900018124;0;7;0;0;1;1;1;A01
200900018125;0;7;0;0;1;1;1;A01
200900018126;0;7;0;0;2;4;23;E01
200900018126;0;7;0;0;2;4;23;D01
200900018126;0;7;0;0;2;6;23;B01
200900018126;0;7;0;0;2;1;1;A01
200900018126;0;7;0;0;2;4;23;C01
200900018127;0;7;0;0;2;3;15;B01
200900018127;0;33;0;0;2;7;1;A01
200900018128;0;7;0;8;0;1;0;A01
200900018129;0;7;0;1;0;1;2;A01
200900018130;0;7;0;0;0;0;0;A01
200900018130;0;7;0;0;0;0;0;B01
200900018131;0;7;0;0;2;3;1;A01
200900018131;0;30;0;8;2;1;1;B01
200900018132;0;1;0;1;0;0;0;B01
200900018132;0;7;0;0;0;0;0;A01
200900018133;0;7;0;0;1;1;1;A01
200900018134;0;7;0;0;1;2;1;A01
200900018135;0;10;0;6;0;2;15;A01
200900018136;0;7;0;0;2;1;1;B01
200900018136;0;7;0;0;2;3;15;A01
200900018137;0;7;0;3;0;1;14;A01
200900018138;0;30;0;7;0;1;1;A01
200900018139;0;33;0;0;2;1;2;A01
200900018139;0;7;0;0;2;6;2;B01
200900018140;0;7;0;6;0;2;15;A01
200900018141;0;2;0;0;2;1;1;B02
200900018141;0;7;0;0;2;2;15;A01
200900018142;0;7;0;0;2;7;19;A01
200900018142;0;33;0;0;2;1;1;B02
200900018143;0;31;0;0;2;1;1;B02
200900018143;0;7;0;0;2;3;19;A01
200900018144;0;7;0;0;2;1;1;A01
200900018144;0;7;0;0;2;3;15;B02
200900018145;0;33;0;0;0;7;14;A01
200900018146;0;7;0;0;0;6;1;B02
200900018146;0;7;0;0;0;1;1;C03
200900018146;0;7;0;0;0;1;13;A01
200900018147;0;7;0;2;0;1;13;A01
200900018148;0;7;0;0;2;1;15;A01
200900018148;0;33;0;0;2;1;1;B02
200900018149;0;10;0;0;1;1;15;A01
200900018150;0;33;0;0;0;8;1;A01
200900018151;0;36;0;0;2;3;13;A01
200900018151;0;7;0;0;2;3;1;B02
200900018152;0;7;0;0;9;2;15;A01
200900018152;0;33;0;0;2;1;1;B02
200900018153;0;10;0;0;0;5;12;A01
200900018153;0;33;0;0;2;2;1;B01
200900018154;0;7;0;1;2;1;1;B01
200900018154;0;7;0;0;2;3;15;A01
200900018155;0;7;0;0;1;4;4;A01
200900018156;0;7;0;8;0;1;13;A01
200900018157;0;7;0;0;9;1;15;B02
200900018157;0;31;0;0;2;2;1;A01
200900018158;0;7;0;0;2;1;19;A01
200900018158;0;33;0;0;2;1;1;B01
200900018159;0;31;0;3;0;3;13;A01
200900018160;0;7;0;0;2;8;15;B01
200900018160;0;33;0;0;2;1;17;A01
200900018161;0;7;0;0;2;1;1;B01
200900018161;0;7;0;0;2;2;15;A01
200900018162;0;7;0;13;0;1;17;A01
200900018163;0;2;0;0;2;1;1;B01
200900018163;0;7;0;0;2;1;15;A01
200900018164;0;7;0;0;2;3;1;C01
200900018164;0;7;0;0;2;1;13;A01
200900018164;0;7;0;0;2;3;1;B01
200900018165;0;7;0;0;2;4;23;B01
200900018165;0;2;0;0;2;1;2;A01
200900018166;0;31;0;0;2;1;1;A01
200900018166;0;7;0;0;2;3;15;B02
200900018167;0;7;0;0;2;8;15;A01
200900018167;0;33;0;0;2;1;17;B02
200900018168;0;33;0;0;2;1;13;A01
200900018168;0;17;0;0;2;2;1;B02
200900018169;0;2;0;0;2;1;1;A01
200900018169;0;7;0;0;2;3;1;B02
200900018170;0;1;0;13;0;1;14;A01
200900018171;0;1;0;0;2;1;1;B01
200900018171;0;7;0;0;2;7;15;A01
200900018172;0;7;0;0;2;1;15;A01
200900018172;0;33;0;0;2;1;1;B02
200900018173;0;7;0;15;0;9;14;A01
200900018174;0;7;0;0;2;3;1;B02
200900018174;0;7;0;0;2;2;9;A01
200900018175;0;7;0;0;2;2;2;A01
200900018175;0;17;0;0;0;6;1;B02
200900018176;0;7;0;0;2;6;10;A01
200900018176;0;30;0;0;2;1;1;B02
200900018177;0;7;0;8;0;1;13;A01
200900018178;0;7;0;0;2;7;1;B01
200900018178;0;31;0;0;2;8;18;A01
200900018179;0;30;0;0;2;1;2;A01
200900018179;0;7;0;0;0;4;1;B02
200900018180;0;36;0;0;0;2;1;A01
200900018181;0;7;0;13;0;9;14;A01
200900018182;0;33;0;0;2;1;1;B02
200900018182;0;7;0;0;2;5;15;A01
200900018183;0;7;0;13;0;9;14;A01
200900018184;0;17;0;0;2;6;1;B02
200900018184;0;2;0;0;2;1;5;A01
200900018185;0;7;0;0;2;1;1;A01
200900018185;0;1;0;0;2;8;15;B02
200900018186;0;7;0;0;9;1;1;A01
200900018186;0;1;0;0;2;8;13;B02
200900018187;0;7;0;0;2;1;1;B02
200900018187;0;33;0;0;2;2;13;A01
200900018188;0;1;0;0;2;8;5;B02
200900018188;0;7;0;0;2;1;9;A01
200900018189;0;7;0;2;0;1;14;A01
200900018190;0;7;0;0;2;6;9;A01
200900018190;0;33;0;0;2;1;1;B01
200900018191;0;7;0;6;0;2;14;A01
200900018192;0;2;0;0;2;1;1;B02
200900018192;0;7;0;0;2;3;19;A01
200900018193;0;7;0;8;0;1;1;A01
200900018194;0;33;0;3;0;8;14;A01
200900018195;0;7;0;0;2;7;9;B02
200900018195;0;33;0;0;2;1;1;A01
200900018196;0;7;0;0;1;1;1;A01
200900018197;0;7;0;12;0;2;13;A01
200900018198;0;33;0;0;2;1;17;A01
200900018198;0;15;0;0;2;8;15;B02
200900018199;0;33;0;0;2;0;0;A01
200900018199;0;7;0;0;2;3;0;C03
200900018199;0;7;0;0;2;8;0;B02
200900018200;0;7;0;0;2;5;16;B02
200900018200;0;30;0;0;2;1;18;A01
200900018201;0;1;0;0;1;1;21;A01
200900018202;0;7;0;0;2;8;1;B02
200900018202;0;7;0;0;2;8;13;A01
200900018203;0;10;0;0;2;3;1;A01
200900018203;0;37;15;0;2;3;1;B02
200900018204;0;7;0;0;2;1;1;B02
200900018204;0;7;0;0;0;8;15;A01
200900018205;0;33;0;13;0;1;14;A01
200900018206;0;7;0;2;0;2;13;A01
200900018207;0;30;0;0;2;3;1;B01
200900018207;0;7;0;0;2;2;17;A01
200900018208;0;30;0;0;2;1;17;A01
200900018208;0;7;0;0;2;8;15;B01
200900018209;0;10;0;0;0;7;15;A01
200900018209;0;7;0;0;2;1;1;B02
200900018210;0;7;0;2;0;2;1;A01
200900018211;0;7;0;6;0;8;14;A01
200900018212;0;7;0;4;0;1;14;A01
200900018213;0;30;0;0;0;1;13;A01
200900018214;0;30;0;0;2;1;13;A01
200900018214;0;7;0;0;2;3;1;B02
200900018215;0;7;0;6;0;3;13;A01
200900018216;0;33;0;0;2;4;17;A01
200900018216;0;7;0;0;2;1;17;B02
200900018217;0;2;0;0;2;3;17;B02
200900018217;0;7;0;0;2;3;20;A01
200900018218;0;7;0;0;2;4;1;B02
200900018218;0;7;0;0;2;1;2;A01
200900018219;0;1;0;0;2;1;1;B02
200900018219;0;7;0;0;2;2;15;A01
200900018220;0;14;0;0;1;3;15;A01
200900018221;0;33;0;13;0;1;14;A01
200900018222;0;7;0;13;5;3;21;A01
200900018223;0;7;0;0;1;1;1;A01
200900018224;0;7;0;0;0;1;21;A01
200900018225;0;33;0;0;0;7;14;A01
200900018226;0;7;0;0;0;7;15;B02
200900018226;0;32;0;0;0;8;17;A01
200900018227;0;10;0;0;2;1;2;A01
200900018227;0;17;0;0;2;4;1;B02
200900018228;0;7;0;0;2;2;1;B02
200900018228;0;7;0;0;2;3;15;A01
200900018229;0;31;0;12;0;7;14;A01
200900018230;0;2;0;0;2;1;1;A01
200900018230;0;7;0;0;2;3;1;B02
200900018231;0;7;0;1;0;1;2;A01
200900018231;0;7;0;0;2;6;24;B02
200900018232;0;7;0;0;2;1;1;B02
200900018232;0;7;0;0;2;1;13;A01
200900018233;0;7;0;0;0;1;1;B02
200900018233;0;1;0;0;0;1;13;A01
200900018234;0;7;0;0;2;1;2;A01
200900018234;0;7;0;0;2;4;15;B02
200900018235;0;2;0;0;2;3;1;A01
200900018235;1;7;0;0;0;0;13;B01
200900018236;0;30;0;8;0;1;1;A01
200900018237;0;32;0;0;2;1;17;A01
200900018237;0;7;0;0;2;3;15;B02
200900018238;0;7;0;0;2;1;2;A01
200900018238;0;7;0;0;2;4;1;B01
200900018239;0;10;0;0;2;1;13;A01
200900018239;0;1;0;0;2;1;1;B02
200900018240;0;33;0;12;0;1;1;A01
200900018241;0;7;0;0;2;3;19;A01
200900018241;0;7;0;0;2;2;1;B02
200900018242;0;33;0;15;0;8;1;A01
200900018243;0;14;0;0;2;3;13;A01
200900018243;0;7;0;0;2;3;1;B02
200900018244;0;7;0;13;0;2;1;A01
200900018245;0;7;0;0;2;3;1;B01
200900018245;0;31;0;0;2;1;13;A01
200900018246;0;2;0;0;2;1;1;A01
200900018246;0;7;0;0;2;7;1;B01
200900018247;0;33;0;0;0;6;13;A01
200900018247;0;10;0;0;0;8;1;B02
200900018248;0;7;0;0;2;1;15;A01
200900018248;0;7;0;0;2;1;1;B01
200900018249;0;1;0;0;0;1;1;A01
200900018250;0;7;0;0;2;1;1;C03
200900018250;0;31;0;0;2;1;17;A01
200900018250;0;7;0;0;2;3;1;B02
200900018251;0;7;0;0;2;3;1;A01
200900018251;0;7;0;0;2;7;1;B02
200900018252;0;14;0;0;0;8;14;A01
200900018253;0;7;0;0;1;1;1;A01
200900018254;0;7;0;3;0;6;24;B01
200900018254;0;15;0;1;0;2;2;A01
200900018255;0;30;0;0;1;1;1;A01
200900018256;0;1;0;0;2;3;9;B01
200900018256;0;7;0;0;2;2;0;A01
200900018257;0;1;0;0;2;8;1;B01
200900018257;1;7;0;0;2;0;15;A01
200900018258;0;7;0;0;2;3;2;A01
200900018258;0;7;0;0;0;4;23;C01
200900018258;0;7;0;0;2;5;23;B01
200900018259;0;7;0;0;1;3;9;A01
200900018260;0;30;0;0;2;8;15;A01
200900018260;0;30;0;0;2;7;1;B02
200900018261;0;7;0;6;0;1;1;A01
200900018262;0;7;0;0;0;2;12;A01
200900018262;0;7;0;0;0;6;1;B01
200900018263;0;31;0;0;2;1;1;B01
200900018263;0;7;0;0;0;8;9;A01
200900018264;0;7;0;0;0;1;1;B01
200900018264;0;7;0;0;2;4;17;A01
200900018265;0;7;0;0;2;1;1;B02
200900018265;0;7;0;0;2;1;13;A01
200900018266;0;30;0;0;2;1;1;A01
200900018266;0;7;0;0;2;3;15;B02
200900018267;0;7;0;3;0;1;1;A01
200900018268;0;7;0;0;1;1;1;A01
200900018269;0;10;0;0;2;3;10;B01
200900018269;0;33;0;0;2;1;2;A01
200900018270;0;7;0;0;2;4;2;B01
200900018270;0;10;0;0;2;1;2;C01
200900018270;0;7;0;0;0;4;2;A01
200900018271;0;7;0;0;2;2;17;B02
200900018271;0;17;0;0;2;3;15;A01
200900018272;0;14;0;9;0;8;14;A01
200900018273;0;1;0;0;2;7;1;B01
200900018273;0;7;0;0;2;2;1;A01
200900018274;0;2;0;0;2;7;1;A01
200900018274;0;7;0;6;2;7;1;B02
200900018275;0;30;0;9;0;2;14;A01
200900018276;0;7;0;0;9;2;1;A01
200900018276;0;1;0;0;2;1;19;B02
200900018277;0;30;0;0;2;1;2;A01
200900018277;0;7;0;0;0;5;2;B01
200900018278;0;7;0;0;2;8;2;B01
200900018278;0;36;0;0;2;2;2;A01
200900018279;0;7;0;2;0;1;13;A01
200900018280;0;7;0;0;2;1;1;B02
200900018280;0;7;0;0;2;6;0;C03
200900018280;0;7;0;2;2;3;1;A01
200900018281;0;17;0;6;1;5;15;A01
200900018282;0;7;0;0;2;3;16;A01
200900018282;0;33;0;0;2;7;1;B02
200900018283;0;7;0;0;2;1;13;A01
200900018283;0;7;0;0;2;1;1;B02
200900018284;0;7;0;2;6;1;1;A01
200900018285;0;33;0;0;1;1;21;A01
200900018286;0;7;0;6;0;9;0;A01
200900018287;0;7;0;0;1;2;15;A01
200900018288;0;33;0;15;0;7;1;A01
200900018289;0;7;0;0;1;2;1;A01
200900018290;0;7;0;0;2;3;21;A01
200900018290;0;1;0;0;0;4;2;B02
200900018291;0;7;0;0;1;3;16;A01
200900018292;0;7;0;0;2;1;1;A01
200900018292;0;1;0;0;2;6;19;B01
200900018293;0;7;0;0;2;2;1;A01
200900018293;0;7;0;0;2;3;1;B01
200900018294;0;7;0;0;1;1;1;A01
200900018295;0;7;0;0;1;3;23;A01
200900018296;0;1;0;0;2;1;0;B01
200900018296;1;7;0;0;2;1;1;A01
200900018297;0;13;0;0;1;2;16;A01
200900018298;0;7;0;0;2;1;13;A01
200900018298;0;7;0;0;2;1;1;B01
200900018299;0;7;0;0;2;1;2;A01
200900018299;0;7;0;0;0;4;2;B01
200900018300;0;7;0;0;1;3;1;A01
200900018301;0;1;0;0;2;1;19;B01
200900018301;0;7;0;0;2;2;16;A01
200900018302;0;32;0;0;2;0;0;B01
200900018302;0;7;0;0;9;2;0;A01
200900018303;0;7;0;0;1;1;0;A01
200900018304;0;1;0;0;2;7;16;B01
200900018304;0;7;0;0;2;3;0;A01
200900018305;0;7;0;0;2;2;15;A01
200900018305;0;1;0;0;2;1;1;B01
200900018306;0;2;0;0;1;1;1;A01
200900018307;0;33;0;0;5;1;1;A01
200900018308;0;33;0;0;5;1;1;A01
200900018309;0;7;0;0;0;2;1;A01
200900018309;0;7;0;0;0;3;15;B02
200900018310;0;17;0;0;2;6;1;B02
200900018310;0;10;0;0;2;1;1;A01
200900018311;0;33;0;0;0;8;1;A01
200900018312;0;1;0;0;2;8;13;A01
200900018312;0;7;0;0;2;3;1;B02
200900018313;0;1;0;0;1;1;1;A01
200900018314;0;14;0;0;1;1;1;A01
200900018315;0;7;0;0;2;1;5;A01
200900018315;0;7;0;0;0;3;1;B02
200900018316;0;33;0;16;0;2;14;A01
200900018317;0;33;0;2;0;1;1;A01
200900018318;0;7;0;0;2;4;23;B01
200900018318;0;7;0;0;2;1;2;A01
200900018319;0;7;0;0;1;1;1;B01
200900018320;0;31;0;0;2;1;1;B01
200900018320;2;7;0;0;2;2;15;A01
200900018321;0;21;0;0;2;6;1;A01
200900018321;0;7;0;5;2;3;1;B02
200900018322;0;2;0;0;0;1;1;A01
200900018323;0;7;0;8;2;2;1;B02
200900018323;0;7;0;0;2;3;1;A01
200900018324;0;7;0;0;1;8;1;A01
200900018325;0;7;0;0;1;1;1;A01
200900018326;0;1;0;0;2;2;1;B02
200900018326;0;7;0;0;2;7;19;A01
200900018327;0;7;0;0;2;3;1;A01
200900018327;0;7;0;0;2;1;1;B01
200900018328;0;7;0;0;2;3;1;B01
200900018328;0;31;0;0;2;1;1;A02
200900018329;0;2;0;0;1;1;17;A01
200900018330;0;7;0;13;0;9;1;A01
200900018331;0;7;0;2;0;1;1;A01
200900018332;0;7;0;0;1;2;1;A01
200900018333;0;33;0;0;2;7;17;B02
200900018333;0;7;0;0;2;8;17;A01
200900018334;0;7;0;13;0;9;1;A01
200900018335;0;7;0;0;1;1;1;A01
200900018336;0;1;0;0;2;8;0;B02
200900018336;0;10;0;0;9;7;17;A01
200900018337;0;7;0;0;1;2;1;A01
200900018338;0;7;0;0;2;1;1;C03
200900018338;0;7;0;3;2;3;13;A01
200900018338;0;7;0;3;2;1;1;B02
200900018339;0;7;0;13;0;9;1;A01
200900018340;0;7;0;15;0;1;1;A01
200900018341;0;10;0;0;1;1;1;A01
200900018342;0;30;0;0;2;1;1;A01
200900018342;0;7;0;0;2;3;1;C03
200900018342;0;7;0;0;2;3;1;B02
200900018343;0;15;0;6;0;1;1;A01
200900018344;0;33;0;0;5;1;21;A01
200900018345;0;7;0;0;2;1;1;C03
200900018345;0;14;0;0;2;1;1;B02
200900018345;0;7;0;0;2;1;17;A01
200900018346;0;7;0;0;1;1;1;A01
200900018347;0;7;0;0;2;3;15;A01
200900018347;0;2;0;0;2;2;17;B01
200900018348;0;7;0;0;1;2;2;A01
200900018349;0;7;0;13;0;3;1;A01
200900018350;0;31;0;0;0;7;1;A01
200900018351;0;7;0;2;0;3;1;A01
200900018352;0;33;0;12;0;1;1;A01
200900018353;1;7;0;0;0;0;0;A01
200900018354;0;10;0;0;2;3;2;B01
200900018354;0;7;0;0;2;1;1;A01
200900018355;0;7;0;0;1;1;1;A01
200900018356;0;7;0;0;2;1;1;B01
200900018356;0;7;0;0;2;1;11;A01
200900018357;0;7;0;0;0;4;0;A01
200900018358;0;7;0;15;0;1;15;A01
200900018359;0;7;0;0;2;1;1;A01
200900018359;0;10;0;0;2;4;1;B01
200900018360;0;7;0;0;2;1;2;A01
200900018360;0;17;0;0;2;4;2;B01
200900018361;0;30;0;0;2;1;15;A01
200900018361;0;7;0;0;1;0;1;B01
200900018362;0;7;0;14;0;1;1;A01
200900018363;0;7;0;1;0;9;1;A01
200900018364;0;7;0;0;0;4;2;B01
200900018364;0;2;0;0;2;1;2;A01
200900018365;0;7;0;0;0;1;11;B01
200900018365;0;2;0;0;2;6;1;A01
200900018366;0;7;0;0;2;1;15;A01
200900018366;0;30;0;0;2;8;1;B01
200900018367;0;7;0;0;2;1;1;A01
200900018367;0;7;0;15;2;5;1;B01
200900018368;0;7;0;0;2;1;2;A01
200900018368;0;7;0;0;2;4;1;B01
200900018369;0;7;0;11;0;1;21;A01
200900018370;0;7;0;0;2;4;20;A01
200900018370;0;1;0;0;2;1;1;B01
200900018371;0;7;0;12;0;1;1;A01
200900018372;0;7;0;0;2;1;15;A01
200900018372;0;30;0;0;2;3;16;B01
200900018373;0;7;0;4;0;8;12;A01
200900018374;0;7;0;0;1;1;15;A01
200900018375;0;10;0;2;0;1;1;A01
200900018376;0;7;0;4;0;2;14;A01
200900018377;0;10;0;0;2;5;2;A01
200900018377;0;30;0;0;2;5;3;B01
200900018378;0;7;0;0;2;3;0;C01
200900018378;0;7;0;0;2;8;0;A01
200900018378;0;7;0;0;2;1;0;B01
200900018379;0;14;0;0;2;5;16;B01
200900018379;0;2;0;0;2;8;18;A01
200900018380;0;7;0;0;1;3;1;A01
200900018381;0;7;0;0;0;6;2;B01
200900018381;0;7;0;0;2;2;2;A01
200900018382;0;7;0;0;9;7;17;A01
200900018382;0;1;0;0;0;4;2;B01
200900018383;0;10;0;0;1;2;15;A01
200900018384;0;7;0;0;2;6;12;A01
200900018384;0;32;0;0;2;1;12;B01
200900018385;1;7;0;0;2;1;13;X01
200900018385;0;7;0;1;0;1;0;A01
200900018386;0;7;0;0;1;2;1;A01
200900018387;0;7;0;0;0;3;1;B01
200900018387;0;7;0;0;0;3;15;A01
200900018388;0;2;0;0;0;7;1;A01
200900018389;0;7;0;3;0;3;13;A01
200900018390;0;7;0;0;2;4;1;A01
200900018390;0;7;0;0;2;1;1;B01
200900018391;0;7;0;0;0;3;12;A01
200900018392;0;33;0;0;0;8;1;A01
200900018393;0;7;0;0;1;2;1;A01
200900018394;0;7;0;0;2;3;15;B01
200900018394;0;2;0;0;2;1;1;A01
200900018395;0;16;0;3;0;8;0;A01
200900018396;0;7;0;0;1;1;1;A01
200900018397;1;7;0;0;0;4;11;B01
200900018397;0;33;0;0;2;1;1;A01
200900018398;0;7;0;0;2;4;2;C01
200900018398;0;7;0;0;2;1;2;A01
200900018398;0;7;0;0;2;4;2;B01
200900018399;1;7;0;0;1;1;2;Z01
200900018400;0;10;0;0;2;3;11;B01
200900018400;0;31;0;0;2;2;1;A01
200900018401;0;7;0;0;2;1;1;A01
200900018401;0;7;0;0;2;4;1;B01
200900018402;0;7;0;0;2;7;15;A01
200900018402;0;2;0;0;2;1;0;B01
200900018403;0;7;0;0;2;4;1;C01
200900018403;0;10;0;0;2;1;13;A01
200900018403;0;7;0;0;2;4;1;D01
200900018403;0;7;0;0;2;4;1;E01
200900018403;0;7;0;0;2;4;1;B01
200900018404;0;1;0;0;2;8;19;B01
200900018404;0;7;0;0;9;2;17;A01
200900018405;0;30;0;0;1;1;1;A01
200900018406;0;31;0;0;2;8;1;B01
200900018406;0;7;0;0;2;7;12;A01
200900018407;0;7;0;6;0;6;2;B01
200900018407;0;7;0;0;2;1;15;A01
200900018408;0;31;0;11;0;1;1;A01
200900018409;0;7;0;0;2;7;15;B01
200900018409;0;2;0;0;2;1;1;A01
200900018410;0;7;0;0;2;2;1;A01
200900018410;0;7;0;0;9;6;1;B01
200900018411;0;7;0;0;1;1;1;A01
200900018412;0;34;0;4;0;9;1;A01
200900018413;0;32;0;0;1;1;0;A01
200900018414;0;33;0;0;5;1;1;A01
200900018415;0;33;0;0;1;1;3;A01
200900018416;0;7;0;0;1;1;1;A01
200900018417;0;7;0;0;0;3;16;B01
200900018417;0;2;0;0;2;1;1;A01
200900018418;0;7;0;0;1;8;1;A01