num_acc;senc;catv;occutc;obs;obsm;choc;manv;num_veh
200900018419;0;7;0;0;1;7;0;A01
200900018420;0;7;0;0;2;6;11;B01
200900018420;0;33;0;0;2;1;3;A01
200900018421;0;7;0;0;1;1;1;A01
200900018422;0;33;0;0;1;7;1;A01
200900018423;0;7;0;1;2;1;1;A01
200900018423;0;37;4;0;0;2;24;D01
200900018423;0;7;0;0;2;1;1;B01
200900018424;0;10;0;0;2;3;9;A01
200900018424;0;31;0;0;2;3;1;B01
200900018425;0;33;0;0;2;0;1;B01
200900018425;0;7;0;8;2;5;15;A01
200900018426;0;32;0;4;0;1;3;A01
200900018427;0;7;0;4;0;7;1;A01
200900018428;0;7;0;0;0;3;1;A01
200900018429;0;1;0;0;2;6;19;B01
200900018429;0;7;0;0;9;1;1;A01
200900018430;0;7;0;0;0;8;1;A01
200900018430;0;7;0;0;2;2;1;B01
200900018431;0;34;0;0;2;2;1;B01
200900018431;0;7;0;0;2;1;15;A01
200900018432;0;7;0;8;0;3;21;A01
200900018433;0;7;0;0;2;2;1;A01
200900018433;0;7;0;0;2;3;1;B01
200900018434;0;7;0;0;1;1;15;A01
200900018435;0;7;0;0;2;6;24;C01
200900018435;0;7;0;0;2;3;15;A01
200900018435;0;7;0;0;2;3;9;B01
200900018436;0;7;0;0;0;1;16;A01
200900018436;0;7;0;0;0;3;17;B01
200900018437;0;13;0;0;2;5;1;A01
200900018437;0;15;0;0;2;1;2;B01
200900018437;0;15;0;0;2;6;2;C01
200900018438;0;2;0;0;2;7;1;A01
200900018438;0;7;0;0;2;2;0;B01
200900018439;0;7;0;0;1;1;17;A01
200900018440;0;7;0;0;2;4;1;B01
200900018440;0;7;0;0;2;1;2;A01
200900018441;0;33;0;14;0;1;1;A01
200900018442;0;7;0;0;0;5;15;A01
200900018442;0;7;0;0;2;1;1;B01
200900018443;0;7;0;0;2;2;1;A01
200900018443;0;33;0;0;2;8;19;B01
200900018444;0;7;0;0;1;1;2;A01
200900018445;0;7;0;0;1;1;1;A01
200900018446;0;7;0;0;2;1;2;A01
200900018446;0;7;0;0;2;4;2;B01
200900018447;0;7;0;1;1;1;1;A01
200900018448;0;7;0;0;2;2;1;A01
200900018448;0;7;0;0;2;8;1;B01
200900018449;1;7;0;0;2;0;15;Z01
200900018449;0;30;0;0;2;7;17;B01
200900018450;0;33;0;0;0;7;17;A01
200900018450;0;7;0;0;0;8;13;B01
200900018451;0;30;0;0;0;8;1;A01
200900018452;1;7;0;0;1;1;0;A01
200900018453;0;33;0;0;2;2;1;B01
200900018453;0;7;0;0;2;6;11;A01
200900018454;0;7;0;1;1;3;1;A01
200900018455;0;7;0;0;0;1;1;B01
200900018455;0;14;0;9;2;5;4;A01
200900018456;0;10;0;8;0;1;1;A01
200900018457;0;33;0;0;2;3;1;B01
200900018457;0;10;0;0;2;2;1;A01
200900018458;0;7;0;0;1;1;0;A01
200900018459;0;7;0;0;2;4;2;B01
200900018459;0;30;0;0;2;3;1;A01
200900018460;0;7;0;0;2;8;1;C01
200900018460;0;32;0;0;2;1;1;B01
200900018460;0;7;0;0;2;3;0;A01
200900018461;0;7;0;0;1;0;1;A01
200900018462;1;15;0;0;2;2;14;Z01
200900018462;0;7;0;0;2;1;2;C01
200900018462;0;7;0;0;2;4;2;B01
200900018462;0;7;0;0;2;8;12;A01
200900018463;0;2;0;0;1;1;0;A01
200900018464;0;7;0;0;1;1;1;A01
200900018465;0;2;0;14;0;9;5;A01
200900018466;0;7;0;6;0;1;1;A01
200900018467;0;1;0;0;2;1;5;A01
200900018467;0;33;0;0;0;3;9;B01
200900018468;0;7;0;0;1;8;15;A01
200900018469;0;7;0;0;2;2;12;A01
200900018469;0;2;0;0;2;8;1;B01
200900018470;0;7;0;15;0;1;14;B01
200900018470;0;7;0;0;0;0;9;A01
200900018471;0;7;0;4;9;9;1;A01
200900018472;0;7;0;3;0;9;0;A01
200900018473;0;7;0;0;2;4;2;C01
200900018473;0;7;0;0;2;1;2;A01
200900018473;0;7;0;0;2;4;2;B01
200900018474;0;2;0;1;1;1;1;A01
200900018475;0;33;0;12;0;1;1;A01
200900018476;0;2;0;0;9;7;21;B01
200900018476;0;7;0;0;0;0;20;A01
200900018477;0;2;0;0;9;3;1;A01
200900018477;0;37;1;0;0;2;15;B01
200900018478;0;7;0;0;2;6;11;A01
200900018478;0;34;0;0;2;3;1;B01
200900018479;0;7;0;0;1;7;1;A01
200900018480;0;7;0;0;1;3;1;A01
200900018481;0;31;0;0;2;5;12;B01
200900018481;0;7;0;0;2;3;1;A01
200900018482;0;7;0;0;1;7;9;A01
200900018483;0;7;0;0;2;1;1;B01
200900018483;0;7;0;0;2;2;15;A01
200900018484;1;2;0;0;1;0;0;Z01
200900018485;0;7;0;0;2;4;21;C01
200900018485;0;7;0;0;2;2;14;B01
200900018485;0;7;0;0;2;3;1;A01
200900018485;0;7;0;0;2;1;1;D01
200900018486;0;7;0;5;0;2;17;A01
200900018486;0;7;0;0;0;8;12;B01
200900018487;0;7;0;0;1;1;1;A01
200900018488;0;33;0;12;0;1;1;A01
200900018489;0;30;0;0;2;1;16;B01
200900018489;0;7;0;0;2;1;13;A01
200900018490;0;7;0;1;1;1;21;A01
200900018490;0;7;0;0;2;6;23;B01
200900018491;0;7;0;0;2;0;0;B01
200900018491;0;7;0;0;2;0;0;A01
200900018491;0;7;0;0;2;0;0;C01
200900018492;0;34;0;8;0;1;1;A01
200900018493;0;30;0;0;1;1;1;A01
200900018494;0;7;0;0;1;2;1;A01
200900018495;0;7;0;0;2;1;2;A01
200900018495;0;2;0;0;2;1;1;B01
200900018496;0;7;0;0;2;1;13;A01
200900018496;0;7;0;0;2;1;1;B01
200900018497;0;7;0;0;2;3;15;A01
200900018497;0;7;0;0;2;2;1;B01
200900018498;0;1;0;0;2;4;2;C01
200900018498;0;7;0;0;2;1;1;A01
200900018498;0;1;0;0;2;4;2;B01
200900018499;0;33;0;0;2;2;15;B01
200900018499;0;30;0;0;2;1;2;A01
200900018500;0;2;0;0;1;7;2;A01
200900018501;0;1;0;0;2;1;1;B01
200900018501;0;3;0;0;9;1;15;A01
200900018502;0;99;0;11;0;0;1;A01
200900018503;0;7;0;0;2;1;2;B01
200900018503;0;2;0;0;2;7;2;A01
200900018504;0;7;0;0;2;3;13;A01
200900018504;0;15;0;0;2;2;15;B01
200900018505;0;7;0;0;2;1;1;A01
200900018505;0;7;0;12;2;6;15;B01
200900018506;0;7;0;0;2;1;23;A01
200900018506;0;33;0;0;0;3;1;B01
200900018507;0;30;0;0;0;0;18;A01
200900018507;0;7;0;0;2;5;12;B01
200900018508;0;7;0;0;2;1;17;A01
200900018509;0;7;0;4;0;3;12;A01
200900018510;0;7;0;6;0;1;14;A01
200900018510;1;7;0;0;2;0;15;Z01
200900018511;0;7;0;0;1;2;2;A01
200900018512;0;7;0;11;0;8;11;A01
200900018512;0;10;0;0;2;1;1;B01
200900018513;0;34;0;0;2;1;1;B01
200900018513;0;7;0;0;2;3;15;C01
200900018513;0;7;0;0;2;2;1;A01
200900018514;0;2;0;0;2;4;1;A01
200900018514;1;7;0;0;0;0;0;Z01
200900018515;0;7;0;0;1;1;0;A01
200900018516;0;7;0;0;0;4;2;B01
200900018516;0;10;0;0;2;1;2;A01
200900018517;1;7;0;0;1;1;1;A01
200900018518;0;33;0;0;0;0;21;A01
200900018519;0;7;0;0;1;1;2;A01
200900018520;0;2;0;0;2;1;21;A01
200900018520;0;7;0;0;2;6;20;B01
200900018521;0;7;0;0;2;5;23;B01
200900018521;0;7;0;0;0;4;23;C01
200900018521;0;7;0;0;2;3;2;A01
200900018522;0;33;0;0;2;3;1;B01
200900018522;0;7;0;0;2;1;10;A01
200900018523;0;7;0;9;0;1;1;A01
200900018524;0;2;0;0;2;2;1;B01
200900018524;0;7;0;0;2;2;9;A01
200900018525;0;10;0;0;2;2;1;B01
200900018525;0;30;0;0;2;8;3;A01
200900018526;0;7;0;9;9;2;21;A01
200900018527;0;7;0;3;0;1;1;A01
200900018528;0;7;0;0;2;2;15;A01
200900018528;0;32;0;0;2;1;1;B01
200900018529;0;33;0;1;2;1;1;A01
200900018529;0;7;0;0;2;3;15;B01
200900018530;0;10;0;0;2;4;23;B01
200900018530;0;7;0;0;2;4;23;C01
200900018530;0;7;0;0;2;1;2;A01
200900018531;0;10;0;0;1;1;1;A01
200900018532;0;7;0;0;1;1;1;A01
200900018533;0;30;0;14;0;2;0;A01
200900018534;0;7;0;0;2;4;0;B01
200900018534;0;7;0;0;2;1;0;A01
200900018535;0;7;0;0;1;5;21;A01
200900018535;0;10;0;0;0;1;0;B01
200900018536;0;7;0;0;2;1;1;B01
200900018536;0;7;0;0;2;3;1;A01
200900018537;0;38;1;0;2;3;16;A01
200900018537;0;30;0;0;2;1;1;B01
200900018538;0;14;0;0;2;5;1;B01
200900018538;0;7;0;0;2;1;9;A01
200900018539;0;7;0;2;0;1;1;A01
200900018540;0;7;0;0;2;2;15;A01
200900018540;0;2;0;0;2;8;1;B01
200900018541;0;2;0;0;0;7;16;A01
200900018542;0;13;0;0;2;2;2;A01
200900018542;0;7;0;0;2;6;2;B01
200900018543;0;7;0;0;0;8;20;B01
200900018543;0;30;0;0;2;8;17;A01
200900018544;0;32;0;0;0;8;1;A01
200900018545;0;7;0;0;1;3;1;A01
200900018546;0;33;0;0;1;1;1;A01
200900018547;0;2;0;0;2;2;17;B01
200900018547;0;7;0;0;2;3;10;A01
200900018548;0;7;0;0;2;1;1;B01
200900018548;0;7;0;0;2;8;1;D01
200900018548;0;10;0;0;2;1;15;A01
200900018548;0;7;0;0;2;8;1;C01
200900018549;0;7;0;1;0;3;21;B01
200900018549;0;7;0;0;0;5;23;A01
200900018550;0;33;0;0;2;7;1;B01
200900018550;0;7;0;0;2;8;15;A01
200900018551;0;7;0;0;2;3;1;A01
200900018551;0;1;0;0;2;8;19;B01
200900018552;0;7;0;0;1;2;1;A01
200900018553;0;7;0;0;1;1;1;A01
200900018554;0;2;0;0;0;1;2;A01
200900018554;0;7;0;0;0;4;23;B01
200900018555;0;7;0;0;0;1;0;A01
200900018556;0;32;0;16;0;7;1;A01
200900018557;0;33;0;0;2;8;13;A01
200900018557;0;7;0;0;2;1;16;B01
200900018558;0;7;0;0;2;3;1;A01
200900018558;0;33;0;0;2;1;1;B01
200900018559;0;7;0;0;1;2;1;A01
200900018560;0;30;0;0;2;1;1;B01
200900018560;0;7;0;0;2;7;15;A01
200900018561;0;33;0;0;2;1;1;A01
200900018561;0;7;0;0;2;4;11;B01
200900018562;0;7;0;0;0;6;1;B01
200900018562;0;32;0;0;0;2;17;A01
200900018563;0;34;0;0;1;1;17;A01
200900018564;0;17;0;0;2;4;23;B01
200900018564;0;2;0;1;0;1;21;A01
200900018565;0;7;0;0;2;6;2;A01
200900018565;0;33;0;0;2;1;2;B01
200900018566;0;7;0;0;2;6;2;A01
200900018566;0;7;0;0;2;2;2;B01
200900018567;0;7;0;0;1;1;1;A01
200900018568;0;7;0;0;2;1;12;A01
200900018568;0;7;0;0;2;4;2;B01
200900018569;0;7;0;0;2;7;14;A01
200900018569;0;7;0;0;2;7;1;B01
200900018570;0;7;0;0;0;4;2;A01
200900018570;0;7;0;0;2;1;21;B01
200900018571;0;7;0;0;2;3;9;A01
200900018571;0;7;0;0;2;7;1;B01
200900018572;0;33;0;0;2;4;1;A01
200900018572;1;7;0;0;0;0;0;B01
200900018573;0;7;0;15;0;1;16;A01
200900018574;0;32;0;1;2;1;2;A01
200900018574;0;7;0;0;2;7;16;B01
200900018575;0;7;0;0;2;1;1;C01
200900018575;0;7;0;0;0;6;1;D01
200900018575;0;7;0;0;0;1;1;E01
200900018575;0;7;0;0;2;7;1;B01
200900018575;0;7;0;0;2;1;5;A01
200900018576;0;32;0;0;2;4;11;A01
200900018576;0;7;0;0;2;2;1;B01
200900018577;0;7;0;0;1;3;1;A01
200900018578;0;7;0;0;1;1;1;A01
200900018579;0;14;0;0;2;3;1;B01
200900018579;0;14;0;0;2;2;1;A01
200900018580;0;7;0;0;1;1;15;A01
200900018581;0;10;0;0;1;3;1;A01
200900018582;0;7;0;0;2;2;9;A01
200900018582;0;15;0;0;0;2;1;B01
200900018583;0;7;0;0;2;8;1;B01
200900018583;0;10;0;0;2;1;15;A01
200900018584;0;7;0;0;2;8;23;C01
200900018584;0;2;0;0;2;1;17;A01
200900018584;0;7;0;0;2;8;23;B01
200900018585;0;7;0;0;2;4;2;B01
200900018585;0;7;0;1;2;1;2;A01
200900018586;0;7;0;0;1;2;1;A01
200900018587;0;7;0;0;2;3;11;A01
200900018587;0;32;0;0;2;5;1;B01
200900018588;0;7;0;0;2;3;17;A01
200900018588;0;32;0;0;2;7;3;B01
200900018589;0;7;0;0;1;2;1;A01
200900018590;0;7;0;0;1;3;1;A01
200900018591;0;30;0;0;1;3;1;A01
200900018592;0;7;0;0;2;1;13;A01
200900018592;0;14;0;0;2;1;1;B01
200900018593;0;7;0;0;1;4;20;A01
200900018594;0;1;0;1;2;1;1;A01
200900018594;0;7;0;0;2;1;1;B01
200900018595;0;7;0;0;1;1;1;A01
200900018596;0;7;0;0;2;1;15;A01
200900018596;0;33;0;0;2;1;1;B01
200900018597;0;7;0;15;0;1;1;A01
200900018598;0;7;0;0;2;2;1;A01
200900018598;0;33;0;0;2;3;1;B01
200900018599;0;7;0;0;1;1;1;A01
200900018600;0;33;0;0;2;1;1;B01
200900018600;0;7;0;0;2;5;10;A01
200900018601;0;7;0;15;0;3;15;A01
200900018602;0;31;0;0;2;1;1;A01
200900018602;0;7;0;0;2;7;1;B01
200900018603;0;34;0;0;1;2;1;A01
200900018604;0;7;0;0;2;2;2;A01
200900018604;0;7;0;0;2;6;2;B01
200900018605;0;37;1;0;2;8;0;C01
200900018605;0;7;0;0;2;8;0;D01
200900018605;0;7;0;0;2;2;0;A01
200900018605;0;7;0;0;2;8;0;E01
200900018605;0;7;0;0;2;8;0;B01
200900018606;0;7;0;0;0;1;0;A01
200900018607;0;7;0;7;0;3;1;A01
200900018608;0;10;0;0;2;8;10;A01
200900018608;0;34;0;0;2;1;0;B01
200900018609;0;30;0;4;0;8;2;A01
200900018610;0;7;0;3;0;1;0;A01
200900018611;0;2;0;0;2;1;1;B01
200900018611;0;7;0;0;2;1;1;A01
200900018612;0;7;0;0;2;3;9;A01
200900018612;0;1;0;0;2;1;1;B01
200900018613;0;30;0;0;1;3;15;A01
200900018614;0;31;0;14;0;1;5;A01
200900018615;0;7;0;0;1;3;2;A01
200900018616;0;10;0;4;0;3;1;A01
200900018617;0;2;0;0;2;1;1;B01
200900018617;0;7;0;0;2;3;15;A01
200900018618;0;7;0;0;0;8;17;A01
200900018618;0;2;0;0;2;1;17;B01
200900018619;0;14;0;0;0;7;2;A01
200900018619;0;1;0;0;0;6;2;B01
200900018620;0;33;0;0;2;8;1;B01
200900018620;0;7;0;0;2;7;12;A01
200900018621;0;10;0;0;0;7;23;A01
200900018621;0;31;0;0;2;1;18;B01
200900018622;0;7;0;0;2;1;1;A01
200900018622;0;10;0;0;2;4;23;B01
200900018623;0;10;0;0;9;3;1;A01
200900018623;0;1;0;0;2;1;1;B01
200900018624;1;7;0;0;1;3;1;A01
200900018625;0;2;0;0;1;1;9;A01
200900018626;0;7;0;0;2;2;1;B01
200900018626;0;7;0;0;2;3;1;A01
200900018627;0;2;0;0;1;2;1;A01
200900018628;0;7;0;0;1;3;15;A01
200900018629;0;7;0;0;2;3;9;A01
200900018629;0;2;0;0;2;1;1;B01
200900018630;0;31;0;0;2;1;1;B01
200900018630;0;7;0;0;2;2;15;A01
200900018631;0;37;1;0;2;4;23;B01
200900018631;0;33;0;0;2;0;12;A01
200900018632;0;33;0;0;1;1;0;A01
200900018633;0;7;0;0;0;8;1;A01
200900018634;0;7;0;0;2;7;15;A01
200900018634;0;7;0;0;2;1;1;B01
200900018635;0;30;0;0;0;7;1;A01
200900018636;0;7;0;0;2;2;11;A01
200900018636;0;37;40;0;2;3;1;B01
200900018637;0;33;0;0;2;8;3;B01
200900018637;0;7;0;0;2;7;12;A01
200900018638;0;10;0;0;2;1;1;B01
200900018638;0;10;0;0;2;7;15;A01
200900018639;0;7;0;0;2;1;1;B01
200900018639;0;7;0;0;2;3;1;A01
200900018640;0;7;0;1;0;8;1;A01
200900018641;0;7;0;12;0;1;0;A01
200900018642;1;7;0;0;2;0;17;Z01
200900018642;0;7;0;1;2;6;21;A01
200900018643;0;7;0;0;2;1;21;C01
200900018643;0;7;0;0;0;4;9;B01
200900018643;0;7;0;0;0;8;1;A01
200900018643;0;7;0;0;2;1;1;D01
200900018644;0;7;0;0;0;0;1;A01
200900018645;0;37;1;0;2;3;7;A01
200900018645;0;7;0;0;2;5;14;B01
200900018646;0;7;0;0;1;1;1;B01
200900018647;0;7;0;0;0;1;2;A01
200900018647;0;34;0;0;2;1;9;B01
200900018648;0;2;0;12;0;0;1;A01
200900018649;0;7;0;0;1;4;4;A01
200900018650;0;7;0;0;2;6;14;A01
200900018650;0;33;0;0;2;8;1;B01
200900018651;0;7;0;0;1;3;0;A01
200900018652;0;7;0;0;2;1;1;A01
200900018652;0;30;0;0;2;4;1;B01
200900018653;0;30;0;0;2;1;1;B01
200900018653;0;7;0;0;2;8;1;A01
200900018654;0;7;0;0;2;2;1;A01
200900018654;0;7;0;0;2;3;1;B01
200900018655;0;1;0;0;2;1;1;B01
200900018655;0;7;0;0;2;1;15;A01
200900018656;0;7;0;0;2;3;1;A01
200900018656;0;7;0;0;2;8;1;B01
200900018657;0;7;0;8;0;1;1;A01
200900018658;0;7;0;0;2;1;1;A01
200900018658;0;7;0;0;2;3;1;B01
200900018659;0;2;0;0;0;7;1;A01
200900018660;0;7;0;0;2;2;1;B01
200900018660;0;33;0;0;2;2;17;A01
200900018661;0;7;0;0;2;8;1;B01
200900018661;0;30;0;0;2;1;17;A01
200900018662;0;7;0;0;2;1;1;A01
200900018662;0;7;0;0;2;8;1;B01
200900018663;0;7;0;0;1;0;1;A01
200900018664;0;1;0;0;0;0;1;A01
200900018665;0;7;0;0;2;1;1;B01
200900018665;0;7;0;0;2;1;1;A01
200900018666;0;7;0;2;0;1;1;A01
200900018667;0;33;0;16;0;1;1;A01
200900018668;0;30;0;12;0;1;13;A01
200900018669;0;7;0;0;2;8;19;B02
200900018669;0;10;0;0;2;1;1;A01
200900018670;0;33;0;13;0;1;13;A01
200900018671;0;30;0;0;2;3;1;A01
200900018671;0;33;0;0;2;1;13;B02
200900018672;0;7;0;0;2;1;1;B02
200900018672;0;7;0;0;2;2;15;A01
200900018673;0;10;0;0;2;3;1;B02
200900018673;0;7;0;0;2;1;13;A01
200900018674;0;7;0;2;0;1;1;A01
200900018675;0;7;0;0;9;4;23;B02
200900018675;0;2;0;13;2;1;21;A01
200900018676;0;7;0;13;0;2;14;A01
200900018677;0;7;0;0;0;2;1;A01
200900018677;0;7;0;1;0;2;0;B02
200900018678;0;7;0;0;1;3;1;A01
200900018679;0;1;0;0;0;0;21;B01
200900018679;0;7;0;0;2;3;22;A01
200900018680;0;7;0;0;2;2;1;A01
200900018680;0;1;0;0;2;1;19;B01
200900018681;0;20;0;0;2;3;15;B01
200900018681;0;32;0;0;2;1;17;A01
200900018682;0;7;0;13;0;1;1;A01
200900018683;0;33;0;0;2;1;1;B02
200900018683;0;7;0;0;2;7;20;A01
200900018684;0;7;0;6;0;1;1;A01
200900018685;0;3;0;0;2;2;15;A01
200900018685;0;7;0;0;2;3;1;B01
200900018686;0;30;0;0;0;1;1;A01
200900018687;0;7;0;0;2;4;1;B01
200900018687;0;7;0;0;2;1;16;A01
200900018688;0;10;0;0;2;3;1;B02
200900018688;0;10;0;0;2;5;13;A01
200900018689;0;7;0;0;2;1;2;A01
200900018689;0;7;0;0;2;4;23;B01
200900018690;0;7;0;0;1;1;15;A01
200900018691;0;7;0;0;2;7;1;B01
200900018691;0;1;0;0;2;1;19;A01
200900018692;0;10;0;0;1;2;16;A01
200900018693;0;7;0;0;1;1;1;A01
200900018694;0;7;0;15;0;2;14;A01
200900018695;0;7;0;0;2;4;23;B01
200900018695;0;37;0;0;2;1;1;A01
200900018696;0;7;0;0;2;1;2;B01
200900018696;0;7;0;0;2;4;1;D01
200900018696;0;7;0;0;2;1;2;A01
200900018696;0;7;0;0;2;1;2;C01
200900018697;0;7;0;0;2;7;1;B01
200900018697;0;2;0;0;2;1;1;A01
200900018698;0;7;0;0;2;1;1;A01
200900018698;0;1;0;0;2;7;1;B01
200900018699;0;33;0;12;0;1;1;A01
200900018700;0;7;0;0;0;4;23;C01
200900018700;0;33;0;0;2;1;1;A01
200900018700;0;33;0;0;2;1;23;B01
200900018701;0;7;0;8;0;2;1;A01
200900018702;0;30;0;0;2;1;1;A01
200900018702;0;7;0;0;2;4;1;B01
200900018703;0;1;0;12;0;7;1;A01
200900018704;0;7;0;7;0;1;1;A01
200900018705;0;30;0;0;0;0;1;A01
200900018706;0;30;0;0;2;1;18;A01
200900018706;0;7;0;0;2;2;15;B01
200900018707;0;15;0;0;1;0;1;A01
200900018708;0;7;0;13;0;9;1;A01
200900018709;0;7;0;13;0;9;1;A01
200900018710;0;30;0;0;0;7;1;A01
200900018711;0;7;0;0;1;1;1;A01
200900018712;0;7;0;0;2;1;1;A01
200900018712;0;30;0;0;2;7;1;B01
200900018713;0;7;0;1;2;4;1;B01
200900018713;0;7;0;0;2;1;1;A01
200900018714;0;10;0;0;2;2;1;A01
200900018714;0;7;0;2;2;3;1;B01
200900018715;0;7;0;0;2;1;13;A01
200900018715;0;7;0;0;2;1;1;B01
200900018716;0;33;0;15;0;2;1;A01
200900018717;0;7;0;0;1;1;1;A01
200900018718;0;30;0;0;0;7;1;A01
200900018719;0;7;0;0;1;1;1;A01
200900018720;0;2;0;0;2;1;18;A01
200900018720;0;7;0;0;0;2;16;B01
200900018721;0;1;0;0;1;1;1;A01
200900018722;0;7;0;0;2;3;1;B01
200900018722;0;2;0;0;2;1;1;A01
200900018723;0;7;0;0;1;1;1;A01
200900018724;0;7;0;0;2;6;9;A01
200900018724;0;7;0;0;2;2;16;B01
200900018725;0;2;0;14;0;1;0;A01
200900018726;0;7;0;0;2;3;1;B02
200900018726;0;7;0;0;2;3;13;A01
200900018727;0;10;0;0;0;2;14;A01
200900018728;0;30;0;0;2;1;1;B02
200900018728;0;7;0;0;2;2;15;A01
200900018729;0;7;0;0;2;3;1;B02
200900018729;0;7;0;0;2;3;13;A01
200900018730;0;33;0;0;2;4;23;B02
200900018730;0;33;0;0;2;1;2;A01
200900018731;0;7;0;0;2;3;1;B02
200900018731;0;7;0;0;2;3;13;A01
200900018732;0;30;0;0;2;1;19;A01
200900018732;0;7;0;0;2;8;1;B02
200900018733;0;7;0;6;0;2;14;A01
200900018734;0;7;0;0;1;5;1;A01
200900018735;0;7;0;15;0;5;1;A01
200900018736;0;7;0;0;2;2;15;A01
200900018736;0;7;0;0;2;1;1;B02
200900018737;0;7;0;0;2;2;15;B02
200900018737;0;7;0;0;2;1;1;A01
200900018738;0;7;0;7;0;2;1;A01
200900018739;0;7;0;0;1;1;1;A01
200900018740;0;10;0;0;1;1;21;A01
200900018741;0;33;0;0;2;1;21;B01
200900018741;0;7;0;0;2;3;15;A01
200900018742;0;30;0;0;1;1;1;A01
200900018743;0;7;0;0;2;3;0;B01
200900018743;0;30;0;0;2;1;17;A01
200900018744;0;30;0;14;0;0;1;A01
200900018745;0;7;0;0;2;4;1;B01
200900018745;0;7;0;0;2;1;2;A01
200900018746;0;7;0;13;0;1;14;A01
200900018747;0;7;0;13;0;9;1;A01
200900018748;0;7;0;2;0;1;1;A01
200900018749;0;7;0;5;2;1;13;A01
200900018749;0;7;0;0;2;1;1;B02
200900018750;0;7;0;0;2;1;1;B01
200900018750;0;7;0;0;2;1;17;A01
200900018751;0;7;0;13;0;7;1;A01
200900018752;0;7;0;0;1;1;1;A01
200900018753;0;30;0;0;2;1;2;B02
200900018753;0;7;0;0;2;4;23;A01
200900018754;0;40;0;0;1;1;1;A01
200900018755;0;7;0;0;0;9;1;A01
200900018756;0;10;0;6;0;3;1;A01
200900018757;0;7;0;0;2;7;1;A01
200900018757;0;7;0;0;2;8;1;B01
200900018758;0;14;0;0;1;7;1;A01
200900018759;0;7;0;4;0;3;13;A01
200900018760;0;7;0;2;0;8;9;A01
200900018761;0;10;0;13;0;2;1;A01
200900018762;0;7;0;0;2;2;11;A01
200900018762;0;35;0;0;0;6;15;B02
200900018763;0;7;0;0;2;1;1;A01
200900018763;0;7;0;0;1;4;23;B01
200900018764;0;7;0;0;1;1;1;A01
200900018765;0;7;0;2;0;1;0;A01
200900018766;0;7;0;0;2;2;1;B01
200900018766;0;7;0;0;2;3;15;A01
200900018767;0;33;0;0;2;1;1;A01
200900018767;0;7;0;0;2;3;15;B02
200900018768;0;7;0;1;0;1;1;A01
200900018769;0;7;0;0;0;7;15;A01
200900018769;0;34;0;0;2;1;1;B01
200900018770;0;40;0;0;2;1;1;B01
200900018770;0;2;0;0;4;1;0;A01
200900018771;0;2;0;0;2;1;16;B01
200900018771;0;7;0;0;2;1;15;A01
200900018772;0;31;0;13;0;0;1;A01
200900018773;0;7;0;0;2;3;1;B01
200900018773;0;2;0;0;2;8;13;A01
200900018774;0;33;0;0;2;1;17;A01
200900018774;0;7;0;0;2;3;15;B01
200900018775;0;7;0;0;0;7;1;B01
200900018775;0;7;0;0;2;1;15;A01
200900018776;0;7;0;0;2;4;2;A01
200900018776;0;30;0;0;2;1;2;B02
200900018777;0;7;0;13;0;3;13;A01
200900018778;0;33;0;0;6;3;1;A01
200900018779;0;17;0;13;0;2;1;A01
200900018780;0;30;0;0;2;8;2;B02
200900018780;0;33;0;0;2;7;17;A01
200900018781;0;7;0;0;2;1;19;A01
200900018781;0;7;0;0;2;6;1;B02
200900018782;0;33;0;0;2;7;1;A01
200900018782;0;7;0;0;2;3;1;B02
200900018783;0;1;0;0;0;8;1;B01
200900018783;0;7;0;0;2;5;1;A01
200900018784;0;37;1;0;0;7;23;C01
200900018784;0;33;0;0;2;1;15;B01
200900018784;0;7;0;0;2;3;1;A01
200900018785;0;7;0;0;2;1;14;B02
200900018785;0;10;0;0;2;1;13;A01
200900018786;0;1;0;0;0;7;1;B01
200900018787;0;2;0;16;0;0;0;A01
200900018788;0;7;0;0;2;1;13;A01
200900018788;0;7;0;0;2;1;1;B02
200900018789;0;2;0;16;0;0;0;A01
200900018790;0;7;0;0;1;2;15;A01
200900018791;0;7;0;0;0;0;15;B01
200900018791;0;33;0;0;0;7;16;A01
200900018792;0;31;0;13;0;1;1;A01
200900018793;0;31;0;0;1;1;1;A01
200900018794;0;7;0;0;2;1;1;B02
200900018794;0;7;0;0;2;1;15;A01
200900018795;0;31;0;0;2;7;1;A01
200900018795;0;7;0;0;0;3;15;B01
200900018796;0;33;0;0;2;0;1;B01
200900018796;0;33;0;0;2;1;1;A01
200900018796;0;7;0;0;0;1;1;C01
200900018797;0;33;0;0;2;1;1;A01
200900018797;0;33;0;0;0;6;1;B01
200900018798;0;7;0;0;0;4;15;B01
200900018798;0;2;0;0;2;1;1;A01
200900018799;0;7;0;0;2;1;1;B02
200900018800;0;2;0;5;0;1;1;A01
200900018801;0;7;0;0;2;3;1;B02
200900018801;0;33;0;0;2;1;21;A01
200900018802;0;7;0;0;1;1;1;A01
200900018803;0;7;0;0;0;4;1;B01
200900018803;0;7;0;0;2;1;1;A01
200900018804;0;33;0;11;0;1;1;A01
200900018805;0;2;0;0;1;1;1;A01
200900018806;0;7;0;0;0;8;15;A01
200900018806;0;2;0;0;2;1;5;B02