num_acc;senc;catv;occutc;obs;obsm;choc;manv;num_veh
200900018807;0;7;0;0;2;1;15;A01
200900018807;0;2;0;0;2;7;1;B01
200900018808;0;2;0;0;2;8;17;B01
200900018808;0;7;0;0;0;3;20;A01
200900018809;0;7;0;0;1;7;1;A01
200900018810;0;7;0;13;0;1;0;A01
200900018811;0;14;0;0;2;1;1;A01
200900018811;0;7;0;0;2;1;1;B01
200900018812;0;33;0;13;0;1;1;A01
200900018813;0;7;0;2;0;3;13;A01
200900018814;0;2;0;0;2;8;13;A01
200900018814;0;7;0;0;2;8;1;B02
200900018815;0;7;0;13;0;1;1;A01
200900018816;0;33;0;0;2;1;17;A01
200900018816;0;7;0;0;2;1;1;C03
200900018816;0;7;0;0;2;3;1;B02
200900018817;0;33;0;0;2;1;1;A01
200900018817;0;7;0;0;2;3;19;B02
200900018818;0;7;0;0;2;3;13;A01
200900018818;0;7;0;0;2;3;1;B02
200900018819;0;2;0;0;2;1;3;A01
200900018819;0;7;0;0;2;6;23;B02
200900018820;0;1;0;0;2;4;1;B02
200900018821;0;2;0;3;0;7;1;A01
200900018822;0;31;0;12;0;2;1;A01
200900018823;0;7;0;0;1;3;1;A01
200900018824;0;33;0;0;1;1;21;A01
200900018825;0;7;0;0;1;1;1;A01
200900018826;0;2;0;0;2;1;13;A01
200900018826;0;7;0;0;2;1;1;B01
200900018827;0;7;0;0;1;1;1;A01
200900018828;0;7;0;0;2;1;2;A01
200900018828;0;7;0;0;2;5;2;B01
200900018829;0;33;0;13;0;1;13;A01
200900018830;0;7;0;0;2;2;16;A01
200900018830;0;1;0;0;2;7;19;B01
200900018831;0;7;0;0;2;2;1;A01
200900018831;0;7;0;0;2;6;1;B01
200900018832;0;14;0;0;2;3;1;A01
200900018832;0;14;0;0;2;3;1;B02
200900018833;0;7;0;0;2;3;17;A01
200900018833;0;7;0;6;2;3;1;B02
200900018834;0;7;0;0;2;8;13;A01
200900018834;0;33;0;0;2;2;1;B02
200900018835;0;7;0;0;2;3;19;A01
200900018835;0;2;0;0;2;1;1;B02
200900018836;0;33;0;13;0;0;13;A01
200900018837;0;7;0;4;2;8;1;A01
200900018837;0;7;0;0;2;4;1;B01
200900018838;0;7;0;0;2;7;19;A01
200900018838;0;2;0;0;2;1;14;B01
200900018839;0;33;0;4;0;8;1;A01
200900018840;0;33;0;3;0;2;0;A01
200900018841;0;7;0;0;1;2;1;A01
200900018842;0;7;0;0;1;1;21;A01
200900018843;0;7;0;0;1;7;1;A01
200900018844;0;14;0;0;0;0;0;A01
200900018845;0;30;0;9;0;1;1;A01
200900018846;0;7;0;0;1;1;17;A01
200900018847;0;2;0;0;2;1;0;A01
200900018847;0;7;0;0;2;3;15;B01
200900018848;0;36;0;5;0;2;14;A01
200900018849;0;7;0;0;2;1;1;A01
200900018849;0;7;0;0;0;8;1;B02
200900018850;0;10;0;0;1;7;1;A01
200900018851;0;7;0;0;2;1;1;B02
200900018851;0;7;0;0;2;2;15;A01
200900018852;0;33;0;9;0;1;1;A01
200900018853;0;7;0;0;1;2;1;A01
200900018854;0;20;0;0;2;1;15;A01
200900018854;0;30;0;0;2;1;1;B01
200900018855;0;32;0;1;0;1;1;A01
200900018856;0;7;0;0;2;1;15;A01
200900018856;0;2;0;0;2;9;1;B01
200900018857;0;10;0;4;0;9;0;A01
200900018858;0;7;0;0;2;1;2;C01
200900018858;0;7;0;0;2;4;0;B01
200900018858;0;7;0;0;0;4;2;A01
200900018859;0;30;0;0;0;0;0;A01
200900018860;0;7;0;0;9;6;4;B01
200900018860;0;20;0;0;2;3;5;A01
200900018861;0;7;0;0;2;8;15;B01
200900018861;0;33;0;0;2;1;3;A01
200900018862;0;7;0;0;1;1;17;A01
200900018863;0;7;0;0;1;6;4;A01
200900018864;0;7;0;0;2;1;2;A01
200900018864;0;7;0;0;0;4;2;B01
200900018865;0;32;0;0;2;1;1;A01
200900018865;0;10;0;0;2;4;1;B01
200900018866;0;7;0;0;1;1;1;A01
200900018867;0;10;0;0;2;6;1;B01
200900018867;0;33;0;0;2;2;21;A01
200900018868;0;2;0;0;9;1;2;A01
200900018868;0;2;0;0;9;4;2;B01
200900018869;0;7;0;0;0;4;2;B01
200900018869;0;7;0;0;0;1;2;A01
200900018870;0;7;0;0;2;8;1;B01
200900018870;0;7;0;0;2;2;15;A01
200900018871;0;33;0;0;2;1;1;A01
200900018871;0;7;0;0;0;6;1;B01
200900018872;0;30;0;0;1;3;3;A01
200900018873;0;7;0;0;2;2;11;B01
200900018873;0;7;0;0;2;6;1;A01
200900018874;1;7;0;0;1;1;1;A01
200900018875;0;7;0;0;0;4;2;A01
200900018875;0;14;0;0;2;1;2;B01
200900018876;0;7;0;0;2;1;2;A01
200900018876;0;7;0;0;2;8;2;B01
200900018877;0;7;0;0;2;4;2;B01
200900018877;2;7;0;0;2;1;2;A01
200900018878;0;15;0;0;0;7;0;B01
200900018878;0;15;0;0;0;8;3;A01
200900018879;0;7;0;0;2;2;1;B01
200900018879;0;33;0;2;0;2;2;C01
200900018879;0;7;0;0;0;0;0;A01
200900018880;0;7;0;0;1;7;13;A01
200900018881;0;7;0;0;1;2;1;A01
200900018882;0;2;0;0;2;1;17;A01
200900018882;0;10;0;0;2;3;15;B01
200900018883;0;33;0;0;0;7;21;C01
200900018883;0;7;0;0;2;1;1;A01
200900018883;0;7;0;0;2;4;1;B01
200900018884;1;10;0;0;1;1;1;Z01
200900018885;0;7;0;0;2;1;1;B01
200900018885;0;1;0;0;2;1;1;A01
200900018886;0;7;0;0;2;1;15;A01
200900018886;0;7;0;0;1;3;23;C01
200900018886;0;7;0;0;2;3;23;D01
200900018886;0;7;0;0;2;3;23;B01
200900018887;0;7;0;9;0;1;1;A01
200900018888;0;33;0;0;1;1;21;A01
200900018889;0;7;0;0;1;3;11;A01
200900018890;0;30;0;0;2;7;17;B01
200900018890;0;7;0;0;2;3;15;A01
200900018891;0;31;0;0;2;4;3;B01
200900018891;0;7;0;0;2;1;11;A01
200900018892;0;31;0;0;0;7;1;A01
200900018893;0;34;0;0;2;1;1;A01
200900018893;0;7;0;0;2;6;16;B01
200900018894;0;30;0;12;0;1;17;A01
200900018895;0;7;0;0;0;4;0;B01
200900018895;0;7;0;0;2;1;2;A01
200900018896;0;34;0;0;0;4;23;B01
200900018896;0;7;0;0;0;1;2;A01
200900018897;0;33;0;0;2;7;0;B01
200900018897;0;7;0;0;2;3;0;A01
200900018898;0;2;0;0;2;7;1;B01
200900018898;0;7;0;0;0;1;15;A01
200900018899;0;2;0;0;2;8;1;B01
200900018899;0;7;0;0;2;1;15;A01
200900018900;0;7;0;0;2;8;0;A01
200900018900;0;33;0;0;2;1;0;B01
200900018901;0;7;0;0;1;2;2;A01
200900018902;0;30;0;0;2;1;2;A01
200900018902;0;7;0;0;2;5;2;B01
200900018903;0;7;0;5;0;3;21;A01
200900018903;1;7;0;0;0;0;2;Z01
200900018904;0;7;0;0;2;7;15;A01
200900018904;0;33;0;0;2;1;1;B01
200900018905;0;2;0;16;0;8;1;B01
200900018906;0;7;0;0;0;1;1;A01
200900018906;0;7;0;0;0;4;2;B01
200900018907;0;7;0;0;2;8;1;B01
200900018907;0;7;0;0;2;1;1;A01
200900018908;2;7;0;0;2;1;2;A01
200900018908;0;7;0;0;1;3;19;B01
200900018909;0;10;0;0;0;4;1;B01
200900018909;0;30;0;0;2;1;1;A01
200900018910;0;7;0;4;0;1;21;A01
200900018911;0;7;0;0;2;4;2;A01
200900018911;0;10;0;0;2;1;2;B01
200900018911;0;7;0;0;2;4;2;C01
200900018912;0;2;0;0;2;1;1;A01
200900018912;0;7;0;0;2;4;20;B01
200900018913;0;15;0;0;2;2;2;A01
200900018913;0;10;0;3;0;6;2;B01
200900018914;0;32;0;0;9;7;1;B01
200900018914;0;10;0;0;9;7;15;A01
200900018915;0;7;0;0;1;7;1;A01
200900018916;0;7;0;0;1;1;5;A01
200900018917;0;33;0;0;2;2;2;A01
200900018917;0;7;0;0;2;3;13;B01
200900018918;0;32;0;0;2;1;1;B01
200900018918;0;7;0;0;2;3;15;A01
200900018919;0;7;0;0;1;1;15;A01
200900018920;0;7;0;0;2;7;12;A01
200900018920;0;34;0;0;2;1;3;B01
200900018921;0;7;0;4;2;6;1;C01
200900018921;0;10;0;0;2;1;1;B01
200900018921;0;15;0;0;2;2;12;A01
200900018922;0;1;0;1;0;2;1;A01
200900018923;0;37;20;0;1;2;1;A01
200900018924;0;7;0;0;1;1;1;A01
200900018925;0;33;0;0;2;2;3;A01
200900018925;0;7;0;0;2;7;1;D01
200900018925;0;7;0;0;0;4;1;C01
200900018925;0;7;0;0;2;6;11;B01
200900018926;0;7;0;0;1;1;1;A01
200900018927;0;33;0;0;0;8;1;A01
200900018928;0;7;0;0;2;4;1;A01
200900018928;0;14;0;0;2;0;1;C01
200900018928;0;33;0;0;2;1;1;B01
200900018929;0;7;0;4;0;3;0;A01
200900018930;0;7;0;0;2;8;2;A01
200900018930;0;33;0;0;2;7;2;B01
200900018931;0;7;0;0;0;8;15;B01
200900018931;0;33;0;0;2;1;17;A01
200900018932;0;36;0;6;0;1;1;A01
200900018933;0;7;0;0;2;4;2;B01
200900018933;0;7;0;0;2;1;2;A01
200900018934;0;33;0;0;2;7;21;B01
200900018934;0;7;0;0;2;8;13;A01
200900018935;0;7;0;0;2;1;15;A01
200900018935;0;30;0;0;2;8;1;B01
200900018936;0;7;0;0;2;4;0;B01
200900018936;0;7;0;0;2;4;0;D01
200900018936;0;7;0;0;2;1;9;A01
200900018936;0;7;0;0;2;1;0;C01
200900018937;0;7;0;0;2;4;2;B01
200900018937;0;10;0;0;2;1;2;A01
200900018938;0;7;0;4;0;3;2;A01
200900018938;0;7;0;4;0;6;2;B01
200900018939;0;7;0;0;2;5;10;B01
200900018939;0;34;0;0;2;1;1;A01
200900018940;0;7;0;0;0;3;0;A01
200900018941;0;37;1;0;2;8;1;A01
200900018941;0;37;1;0;2;1;1;B01
200900018942;0;33;0;0;2;8;1;B01
200900018942;0;33;0;0;2;7;1;A01
200900018943;0;7;0;0;2;6;10;A01
200900018943;0;2;0;0;2;1;9;B01
200900018944;0;7;0;0;0;6;15;B01
200900018944;0;2;0;0;0;2;1;A01
200900018945;0;7;0;0;1;1;0;A01
200900018946;0;14;0;3;2;1;21;C01
200900018946;0;38;1;0;2;4;2;D01
200900018946;0;7;0;0;2;5;1;A01
200900018946;0;7;0;3;2;6;1;B01
200900018946;0;15;0;0;2;4;2;E01
200900018947;0;2;0;0;2;1;5;A01
200900018947;0;33;0;0;2;3;18;B01
200900018948;0;2;0;0;2;1;1;A01
200900018948;0;7;0;0;2;2;16;B01
200900018949;2;2;0;0;1;1;1;A01
200900018950;0;7;0;0;2;3;2;A01
200900018950;0;32;0;0;2;1;2;B01
200900018951;0;33;0;0;1;1;1;A01
200900018952;0;7;0;0;2;8;1;B01
200900018952;0;7;0;4;2;1;1;A01
200900018953;0;33;0;0;2;1;1;B01
200900018953;0;7;0;0;2;8;10;A01
200900018954;0;7;0;0;1;2;1;A01
200900018955;0;7;0;0;1;1;0;A01
200900018956;0;7;0;0;0;8;2;B01
200900018956;0;32;0;0;2;7;17;A01
200900018957;0;7;0;0;1;2;0;A01
200900018958;0;7;0;0;0;6;1;B01
200900018958;0;33;0;0;2;1;12;A01
200900018959;0;7;0;0;2;2;1;A01
200900018959;0;1;0;0;2;2;10;B01
200900018960;0;7;0;7;2;8;1;B01
200900018960;0;7;0;0;2;1;1;A01
200900018961;0;7;0;14;0;2;16;A01
200900018962;0;7;0;0;2;1;1;B01
200900018962;0;10;0;0;2;7;15;A01
200900018963;0;33;0;0;2;3;3;A01
200900018963;0;7;0;0;2;2;12;B01
200900018964;0;7;0;0;1;1;1;A01
200900018965;0;7;0;0;2;7;15;A01
200900018965;0;32;0;0;2;1;2;B01
200900018966;0;34;0;0;2;1;5;B01
200900018966;0;7;0;0;0;3;10;A01
200900018967;0;7;0;0;1;1;1;A01
200900018968;0;7;0;0;0;8;2;B01
200900018968;0;7;0;0;0;2;9;A01
200900018969;0;7;0;0;1;1;16;A01
200900018970;0;34;0;0;0;1;0;A01
200900018971;0;7;0;0;2;2;15;A01
200900018971;0;32;0;0;2;1;1;B01
200900018972;0;7;0;0;2;4;1;B01
200900018972;0;7;0;0;2;1;1;A01
200900018973;0;7;0;0;2;4;2;B01
200900018973;0;7;0;0;2;4;2;C01
200900018973;0;7;0;0;2;1;2;A01
200900018973;0;7;0;0;2;4;2;D01
200900018974;0;7;0;0;0;2;15;B01
200900018974;0;7;0;0;0;3;1;A01
200900018975;0;7;0;0;1;2;0;A01
200900018976;0;30;0;0;2;8;15;B01
200900018976;0;7;0;0;2;7;1;A01
200900018977;0;7;0;0;1;1;2;A01
200900018978;0;33;0;14;2;2;18;A01
200900018979;0;33;0;8;2;7;1;B01
200900018979;0;7;0;0;2;8;9;A01
200900018980;0;7;0;2;0;1;1;A01
200900018981;0;7;0;0;1;2;1;A01
200900018982;0;7;0;0;0;8;1;B01
200900018982;0;7;0;0;2;1;15;A01
200900018983;0;7;0;0;2;3;9;A01
200900018983;0;7;0;0;2;7;1;B01
200900018984;1;31;0;0;1;1;1;A01
200900018985;0;7;0;0;1;2;10;A01
200900018986;0;16;0;0;2;1;0;B01
200900018986;0;7;0;0;2;1;0;C01
200900018986;0;99;0;0;0;4;0;A01
200900018987;0;7;0;0;1;3;1;A01
200900018988;0;7;0;0;2;3;15;A01
200900018988;0;33;0;0;2;1;1;B01
200900018989;0;7;0;0;2;3;1;B01
200900018989;0;7;0;0;2;7;1;A01
200900018990;0;32;0;0;0;1;2;A01
200900018990;0;7;0;0;0;4;2;B01
200900018991;0;33;0;0;2;8;3;A01
200900018991;0;7;0;0;2;2;12;B01
200900018992;0;7;0;0;2;6;11;B01
200900018992;0;7;0;0;0;0;24;C01
200900018992;0;33;0;0;2;2;1;A01
200900018993;0;31;0;0;0;8;1;A01
200900018994;0;30;0;0;2;1;21;B01
200900018994;0;7;0;0;2;5;4;A01
200900018995;0;7;0;0;1;2;1;A01
200900018996;0;33;0;0;2;7;1;A01
200900018996;0;7;0;0;2;6;1;B01
200900018997;0;7;0;15;2;1;15;A01
200900018997;0;7;0;15;0;1;1;B01
200900018998;0;1;0;0;2;1;19;B01
200900018998;0;7;0;0;2;6;20;A01
200900018999;0;7;0;6;1;1;21;A01
200900018999;0;7;0;0;0;0;2;B01
200900019000;0;33;0;0;0;3;21;A01
200900019001;0;31;0;0;0;1;1;B01
200900019001;0;20;0;0;0;2;15;A01
200900019002;0;10;0;0;0;0;22;B01
200900019002;0;1;0;1;0;1;1;A01
200900019003;1;7;0;0;1;2;1;A01
200900019004;0;7;0;1;0;2;3;A01
200900019005;0;17;0;0;0;3;1;A01
200900019005;0;7;0;0;2;1;2;B01
200900019006;0;10;0;0;0;8;15;B01
200900019006;0;31;0;0;2;1;17;A01
200900019007;0;1;0;1;0;1;0;A01
200900019007;0;7;0;0;0;4;24;B01
200900019008;0;30;0;0;2;4;5;A01
200900019008;0;7;0;0;2;1;1;B01
200900019009;0;7;0;1;1;2;9;A01
200900019010;0;2;0;0;1;1;1;A01
200900019011;0;7;0;0;2;3;1;B01
200900019011;0;33;0;0;2;3;0;A01
200900019012;0;7;0;0;2;7;1;B01
200900019012;0;31;0;0;2;8;21;A01
200900019013;0;7;0;0;0;8;15;B01
200900019013;0;33;0;0;2;1;1;A01
200900019014;1;30;0;0;1;1;1;A01
200900019015;0;7;0;0;1;2;16;A01
200900019016;1;7;0;0;0;0;0;Z01
200900019017;0;10;0;0;0;3;1;C01
200900019017;0;10;0;0;0;5;1;B01
200900019017;0;33;0;0;2;1;2;A01
200900019018;0;7;0;0;2;7;13;A01
200900019018;0;10;0;11;2;8;1;B01
200900019019;0;33;0;0;2;1;2;B01
200900019019;0;7;0;0;2;3;20;A01
200900019020;0;7;0;0;2;6;1;B01
200900019020;0;7;0;14;0;2;13;A01
200900019021;0;33;0;0;2;1;2;B01
200900019021;0;7;0;0;2;1;2;A01
200900019022;0;7;0;0;2;8;11;B01
200900019022;0;33;0;0;2;7;1;A01
200900019023;0;7;0;0;2;8;20;A01
200900019023;0;33;0;0;2;1;1;B01
200900019024;0;7;0;0;1;1;16;A01
200900019025;0;7;0;6;2;1;1;A01
200900019025;0;7;0;0;2;3;1;B01
200900019026;0;7;0;0;2;3;15;A01
200900019026;0;33;0;0;2;1;2;B01
200900019027;0;7;0;0;2;5;17;A01
200900019027;0;30;0;0;2;1;1;B01
200900019028;0;30;0;0;0;1;2;A01
200900019028;0;7;0;0;2;4;23;B01
200900019029;0;7;0;0;2;3;1;A01
200900019029;0;7;0;0;2;2;1;B01
200900019030;0;2;0;0;1;1;1;A01
200900019031;0;7;0;0;1;1;1;A01
200900019032;0;7;0;0;2;7;10;A01
200900019032;0;33;0;0;2;1;1;B01
200900019033;0;7;0;15;0;7;13;A01
200900019034;0;7;0;0;1;8;1;A01
200900019035;0;17;0;0;9;0;11;A01
200900019035;0;1;0;0;2;8;15;B01
200900019036;0;2;0;0;2;3;1;A01
200900019036;0;7;0;0;2;3;1;B01
200900019037;0;7;0;0;0;2;1;A01
200900019038;0;30;0;0;2;1;1;B01
200900019038;0;7;0;0;2;2;15;A01
200900019039;0;7;0;0;1;1;1;A01
200900019040;0;7;0;0;1;2;1;A01
200900019041;0;7;0;0;1;3;1;A01
200900019042;0;33;0;0;2;7;1;B01
200900019042;2;7;0;0;2;1;1;A01
200900019043;0;32;0;0;0;7;3;A01
200900019044;0;7;0;0;2;1;2;C01
200900019044;0;7;0;0;2;4;2;A01
200900019044;0;7;0;0;2;4;2;B01
200900019045;0;7;0;0;1;3;1;A01
200900019046;0;7;0;0;1;7;2;A01
200900019047;0;10;0;0;2;1;2;A01
200900019047;0;14;0;0;2;4;1;B01
200900019048;0;10;0;0;2;2;15;A01
200900019048;0;33;0;0;2;1;1;B01
200900019049;0;33;0;0;2;3;21;B01
200900019049;0;7;0;0;0;5;1;A01
200900019050;0;7;0;0;1;2;16;A01
200900019051;0;7;0;0;2;2;1;A01
200900019051;0;10;0;0;2;6;1;B01
200900019052;0;31;0;0;2;1;1;C01
200900019052;0;7;0;0;0;8;1;B01
200900019052;0;17;0;0;2;2;12;A01
200900019053;0;2;0;0;2;1;1;B01
200900019053;0;7;0;0;2;7;10;A01
200900019054;0;2;0;14;0;8;1;A01
200900019055;0;7;0;0;2;4;23;D01
200900019055;0;7;0;0;2;1;1;A01
200900019055;0;7;0;0;2;4;23;B01
200900019055;0;7;0;0;2;4;23;C01
200900019055;0;7;0;0;2;4;23;E01
200900019056;0;31;0;0;2;1;17;A01
200900019056;0;7;0;0;2;8;1;B01
200900019056;0;7;0;0;2;7;15;C01
200900019057;0;2;0;0;2;1;1;A01
200900019057;0;31;0;0;2;2;9;B01
200900019058;0;37;1;2;0;2;14;A01
200900019059;0;7;0;6;2;1;1;A01
200900019059;0;7;0;0;2;1;1;B01
200900019060;0;7;0;0;1;1;1;A01
200900019061;0;7;0;0;2;7;1;A01
200900019061;0;7;0;4;2;3;13;B01
200900019062;0;10;0;0;2;8;0;B01
200900019062;0;32;0;0;2;2;0;A01
200900019063;0;32;0;0;0;1;0;A01
200900019063;0;33;0;0;0;1;1;B01
200900019064;0;7;0;0;0;3;13;A01
200900019064;0;7;0;0;0;7;1;B01
200900019065;0;10;0;0;2;3;0;B01
200900019065;0;33;0;1;2;2;0;A01
200900019066;0;7;0;1;2;2;0;A01
200900019066;0;7;0;0;2;1;0;B01
200900019067;1;7;0;1;1;3;0;Z01
200900019068;0;7;0;0;1;2;14;A01
200900019069;0;10;0;0;2;4;2;D01
200900019069;0;7;0;0;2;3;0;C01
200900019069;0;7;0;0;2;2;2;A01
200900019069;0;10;0;0;2;6;2;B01
200900019070;0;7;0;0;5;5;1;B01
200900019070;0;32;0;0;2;4;2;A01
200900019071;0;37;2;0;0;8;2;B01
200900019071;0;30;0;0;2;1;14;A01
200900019072;0;7;0;0;2;2;1;A01
200900019072;0;7;0;0;2;3;1;B01
200900019073;0;7;0;0;0;0;2;A01
200900019074;0;7;0;1;1;3;1;A01
200900019075;0;7;0;0;2;1;2;A01
200900019075;0;7;0;0;2;1;1;B01
200900019075;0;7;0;0;2;4;1;C01
200900019076;0;1;0;0;2;8;1;B01
200900019076;0;7;0;0;9;8;9;A01
200900019077;0;1;0;0;0;1;0;A01
200900019078;0;7;0;9;1;3;16;A01
200900019079;1;7;0;0;2;0;0;Z01
200900019079;0;33;0;0;2;3;1;B01
200900019080;0;7;0;0;1;2;1;A01
200900019081;1;7;0;0;2;0;0;Z01
200900019081;0;33;0;0;2;4;23;B01
200900019081;0;10;0;0;0;5;1;C01
200900019082;0;17;0;0;0;2;0;C01
200900019082;0;7;0;0;0;9;0;A01
200900019082;0;7;0;0;0;6;0;B01
200900019083;0;7;0;0;2;8;15;B01
200900019083;0;32;0;0;2;1;17;A01
200900019084;0;7;0;0;1;2;5;A01
200900019085;0;7;0;6;0;1;2;A01
200900019086;0;7;0;0;1;2;1;A01
200900019087;0;10;0;0;2;1;2;A01
200900019087;0;7;0;0;2;8;15;B01
200900019088;0;33;0;0;2;1;1;B01
200900019088;0;2;0;0;2;3;17;A01
200900019089;0;7;0;0;1;2;1;A01
200900019090;0;1;0;0;2;1;5;B01
200900019090;0;7;0;0;2;7;1;A01
200900019091;0;7;0;0;2;1;14;B01
200900019091;0;2;0;0;2;1;17;A01
200900019092;0;7;0;0;1;1;1;A01
200900019093;0;7;0;0;2;1;1;A01
200900019093;0;7;0;0;2;4;2;B01
200900019094;0;1;0;0;0;7;1;A01
200900019094;0;7;0;0;0;1;1;B01
200900019095;0;33;0;0;0;9;2;A01
200900019095;0;7;0;0;0;0;11;B01
200900019096;0;7;0;4;0;2;0;A01
200900019097;0;37;10;0;1;2;1;A01
200900019098;0;7;0;0;9;2;16;B01
200900019098;0;2;0;0;2;3;18;A01
200900019099;0;7;0;0;2;7;12;A01
200900019099;0;32;0;0;2;1;12;B01
200900019100;0;7;0;0;2;1;5;A01
200900019100;0;7;0;0;2;1;1;B01
200900019101;0;7;0;0;0;1;2;C01
200900019101;0;7;0;0;0;4;2;A01
200900019101;0;7;0;0;0;4;2;B01
200900019102;0;2;0;11;0;0;1;A01
200900019103;0;2;0;0;2;1;1;B01
200900019103;1;7;0;0;2;2;13;Z01
200900019104;0;7;0;4;0;3;19;A01
200900019105;0;7;0;0;2;2;10;A01
200900019105;0;33;0;0;2;1;1;B01
200900019106;0;1;0;0;0;1;19;B01
200900019106;0;30;0;0;0;1;1;A01
200900019107;0;7;0;0;1;1;1;A01
200900019108;0;37;1;1;0;7;17;A01
200900019108;0;14;0;0;2;6;24;B01
200900019109;0;7;0;0;1;1;15;A01
200900019110;0;7;0;0;1;1;15;A01
200900019111;0;7;0;15;2;1;2;A01
200900019111;0;7;0;0;0;4;2;B01
200900019112;0;7;0;0;2;1;14;A01
200900019112;0;1;0;0;2;3;1;B01
200900019113;0;37;4;7;0;2;0;A01
200900019114;0;7;0;0;2;1;1;A01
200900019114;0;7;0;0;2;4;23;B01
200900019115;0;10;0;0;1;0;13;A01
200900019116;0;7;0;0;2;4;2;C01
200900019116;0;7;0;0;2;1;2;A01
200900019116;0;7;0;0;2;1;2;B01
200900019117;0;30;0;0;0;1;1;A01
200900019118;0;10;0;14;0;1;2;A01
200900019119;0;33;0;0;0;8;2;A01
200900019120;0;7;0;0;1;1;1;A01
200900019121;0;7;0;0;2;3;17;A01
200900019121;0;2;0;0;2;2;17;B01
200900019122;0;7;0;0;2;4;1;B01
200900019122;0;7;0;0;2;1;2;A01
200900019123;0;7;0;0;1;4;4;A01
200900019124;0;7;0;0;2;2;15;A01
200900019124;0;1;0;0;2;1;1;B01
200900019125;0;7;0;0;2;1;2;B01
200900019125;0;2;0;0;2;3;1;A01
200900019126;0;7;0;0;0;6;0;C01
200900019126;0;7;0;0;2;3;15;A01
200900019126;0;34;0;1;2;1;17;B01
200900019127;0;30;0;0;0;7;2;A01
200900019127;0;7;0;0;2;2;1;B01
200900019128;0;30;0;0;2;1;1;B01
200900019128;0;7;0;0;2;7;16;A01
200900019129;0;7;0;0;2;1;2;A01
200900019129;0;2;0;0;0;4;2;B01
200900019130;0;7;0;0;2;3;2;A01
200900019130;0;1;0;0;2;1;19;B01
200900019131;0;37;1;0;1;2;1;A01
200900019132;0;7;0;0;1;5;15;A01
200900019133;0;7;0;0;0;5;12;A01
200900019133;0;33;0;0;2;3;3;B01
200900019134;0;7;0;0;2;1;2;A01
200900019134;0;7;0;0;2;4;2;B01
200900019135;0;7;0;0;1;2;15;A01
200900019136;0;7;0;0;2;2;15;A01
200900019136;0;33;0;0;2;1;1;B01
200900019137;0;7;0;0;0;4;2;C01
200900019137;0;7;0;0;0;4;2;A01
200900019137;0;7;0;14;0;1;2;B01
200900019138;0;7;0;0;0;0;23;A01
200900019138;0;10;0;0;2;1;3;D01
200900019138;0;33;0;0;2;4;2;C01
200900019138;0;7;0;1;0;4;23;B01
200900019139;0;33;0;16;0;7;15;A01
200900019140;0;7;0;0;1;1;1;A01
200900019141;0;2;0;0;2;9;2;B01
200900019141;0;7;0;0;9;2;9;A01
200900019141;0;7;0;0;2;1;2;C01
200900019142;0;7;0;0;2;6;2;A01
200900019142;0;32;0;0;2;1;2;B01
200900019143;0;7;0;0;1;4;4;A01
200900019144;0;30;0;0;2;1;1;B01
200900019144;0;7;0;0;2;3;15;A01
200900019145;0;7;0;0;2;2;15;A01
200900019145;0;31;0;0;2;9;1;B01
200900019146;0;7;0;0;0;3;15;B01
200900019146;0;2;0;0;2;1;17;A01
200900019147;0;7;0;0;0;0;0;B01
200900019147;0;33;0;0;0;0;0;A01
200900019148;0;34;0;0;2;1;1;B01
200900019148;0;7;0;0;2;2;19;A01
200900019149;0;34;0;0;2;2;17;A01
200900019149;0;7;0;0;2;3;15;B01
200900019150;0;7;0;0;0;0;15;C01
200900019150;0;1;0;0;2;1;1;B01
200900019150;0;7;0;0;9;2;21;A01
200900019151;0;7;0;0;1;1;1;A01
200900019152;0;7;0;0;0;4;2;A01
200900019152;0;7;0;0;0;1;2;B01
200900019153;0;7;0;0;2;8;15;A01
200900019153;0;33;0;0;2;1;1;B01
200900019154;0;30;0;6;0;1;0;A01
200900019155;0;7;0;0;1;3;1;A01
200900019156;0;7;0;1;0;2;21;A01
200900019157;0;7;0;0;2;4;1;A01
200900019157;0;33;0;0;2;1;1;B01
200900019158;0;7;0;0;2;3;13;B01
200900019158;0;2;0;0;2;1;16;A01
200900019159;0;30;0;0;1;2;1;A01
200900019160;0;14;0;0;2;1;12;A01
200900019160;0;7;0;3;2;4;16;B01
200900019161;0;34;0;0;2;3;3;A01
200900019161;0;7;0;0;2;6;15;B01
200900019162;0;7;0;0;0;8;10;A01
200900019162;0;34;0;0;2;1;1;B01
200900019163;0;7;0;0;1;2;1;A01
200900019164;0;7;0;0;0;4;23;D01
200900019164;0;7;0;0;2;1;2;B01
200900019164;0;7;0;0;2;1;1;A01
200900019164;0;7;0;0;2;1;2;C01
200900019165;0;10;0;0;2;7;15;A01
200900019165;0;7;0;0;2;1;1;B01
200900019166;0;10;0;0;2;6;1;A01
200900019166;0;33;0;0;2;2;0;D01
200900019166;0;7;0;0;2;1;0;C01
200900019166;0;7;0;0;2;1;1;B01
200900019167;0;31;0;0;0;1;1;A01
200900019167;0;7;0;0;2;6;11;B01
200900019168;0;7;0;12;0;7;1;A01
200900019169;0;37;1;0;2;7;1;B01
200900019169;0;2;0;0;2;1;1;A01
200900019170;0;1;0;0;1;1;1;A01