num_acc;senc;catv;occutc;obs;obsm;choc;manv;num_veh
200900019171;0;7;0;0;1;2;1;A01
200900019172;0;7;0;0;0;3;1;B01
200900019172;0;7;0;0;0;2;1;A01
200900019173;0;10;0;0;0;3;2;B01
200900019173;0;37;1;0;0;8;2;A01
200900019174;0;10;0;0;2;1;1;A01
200900019174;0;7;0;0;2;8;15;B01
200900019175;0;31;0;0;2;4;1;B01
200900019175;0;7;0;0;2;3;2;A01
200900019176;0;7;0;0;2;1;1;A01
200900019176;0;7;0;0;2;1;1;B01
200900019177;0;7;0;0;0;4;1;B01
200900019177;0;32;0;0;2;1;2;A01
200900019178;0;7;0;15;0;5;1;B01
200900019178;0;33;0;15;2;3;18;A01
200900019179;0;7;0;0;0;4;2;C01
200900019179;0;10;0;0;2;1;1;A01
200900019179;0;7;0;0;2;4;2;B01
200900019180;0;7;0;0;1;1;0;A01
200900019181;0;33;0;12;0;1;1;A01
200900019182;0;15;0;0;2;5;1;A01
200900019182;0;7;0;4;2;3;14;B01
200900019183;0;7;0;4;0;2;0;A01
200900019184;0;7;0;0;2;3;11;A01
200900019184;0;2;0;0;2;7;1;B01
200900019185;0;7;0;0;2;9;21;A01
200900019185;0;7;0;0;2;2;2;B01
200900019186;0;7;0;0;2;5;1;A01
200900019186;0;7;0;0;2;3;16;B01
200900019187;0;7;0;0;2;1;2;A01
200900019187;0;7;0;0;0;4;2;B01
200900019188;0;33;0;0;1;2;2;A01
200900019189;0;33;0;0;0;0;1;A01
200900019190;0;7;0;0;2;1;21;A01
200900019190;0;7;0;0;2;4;23;B01
200900019191;0;7;0;0;2;3;2;B01
200900019191;0;2;0;0;2;2;17;A01
200900019192;0;32;0;0;2;7;1;B01
200900019192;0;7;0;0;2;6;21;A01
200900019193;0;7;0;4;0;9;2;A01
200900019194;0;7;0;14;2;1;1;A01
200900019194;0;2;0;0;2;1;1;B01
200900019195;0;10;0;8;0;3;15;A01
200900019196;0;31;0;0;2;5;15;A01
200900019196;0;31;0;0;2;5;1;B01
200900019197;0;32;0;14;2;1;3;B01
200900019197;0;7;0;0;2;7;22;A01
200900019198;0;7;0;0;2;4;2;C01
200900019198;0;7;0;0;2;1;2;A01
200900019198;0;7;0;0;2;9;2;B01
200900019199;0;2;0;0;2;3;1;A01
200900019199;0;7;0;0;2;2;0;B01
200900019200;0;37;2;0;1;1;1;A01
200900019201;0;3;0;1;0;1;1;A01
200900019202;0;10;0;0;2;3;9;A01
200900019202;0;2;0;0;2;1;21;B01
200900019203;0;31;0;0;0;7;2;A01
200900019204;0;7;0;0;1;1;1;A01
200900019205;0;7;0;0;2;3;16;B01
200900019205;0;33;0;0;2;7;17;A01
200900019206;0;33;0;0;2;1;17;B01
200900019206;0;7;0;0;2;1;9;A01
200900019207;0;7;0;0;2;1;0;B01
200900019207;0;7;0;0;2;2;10;A01
200900019208;0;7;0;0;2;2;16;A01
200900019208;0;30;0;0;2;1;7;B01
200900019209;0;2;0;0;2;1;2;A01
200900019209;0;7;0;0;2;4;2;B01
200900019210;0;7;0;0;2;8;22;A01
200900019210;0;1;0;1;0;1;1;B01
200900019211;0;33;0;0;2;1;1;B01
200900019211;0;10;0;0;0;3;13;V01
200900019212;0;30;0;0;0;1;7;B01
200900019212;0;10;0;0;0;7;15;A01
200900019213;0;1;0;0;0;1;2;A01
200900019213;0;7;0;0;2;4;2;B01
200900019214;0;30;0;0;2;1;1;A01
200900019214;0;10;0;0;2;6;10;B01
200900019215;0;33;0;0;2;1;1;A01
200900019215;0;7;0;0;2;2;15;B01
200900019216;0;33;0;0;2;1;1;A01
200900019216;0;7;0;0;2;2;15;B01
200900019217;0;7;0;0;2;4;2;A01
200900019217;0;7;0;0;2;1;2;B01
200900019218;0;7;0;3;0;3;1;A01
200900019219;0;2;0;0;2;1;17;A01
200900019219;0;7;0;0;2;3;15;B01
200900019220;0;7;0;0;2;1;2;A01
200900019220;0;7;0;0;2;4;23;B01
200900019220;0;7;0;0;0;8;23;C01
200900019221;0;7;0;6;0;1;1;A01
200900019222;0;2;0;0;2;2;21;A01
200900019222;0;7;0;0;2;2;1;B01
200900019223;0;7;0;0;0;3;2;A01
200900019223;0;31;0;0;0;2;2;B01
200900019224;0;2;0;0;2;1;1;A01
200900019224;0;7;0;0;2;6;1;B01
200900019225;0;7;0;12;0;1;0;A01
200900019226;0;30;0;0;2;1;5;A01
200900019226;0;7;0;0;2;1;1;B01
200900019227;0;33;0;0;2;1;2;A01
200900019227;0;10;0;0;2;4;2;B01
200900019228;0;7;0;0;2;3;1;A01
200900019228;0;7;0;6;2;6;1;B01
200900019229;0;7;0;0;2;6;10;A01
200900019229;0;20;0;0;2;1;1;B01
200900019230;0;7;0;0;2;3;16;B01
200900019230;0;7;0;0;2;3;15;A01
200900019231;0;30;0;0;0;2;2;A01
200900019232;0;7;0;0;1;2;1;A01
200900019233;0;7;0;0;2;3;1;B01
200900019233;0;2;0;0;2;1;1;A01
200900019234;0;1;0;0;2;2;1;B01
200900019234;0;7;0;0;2;8;15;A01
200900019235;0;37;1;0;1;2;1;A01
200900019236;0;7;0;1;0;8;1;A01
200900019237;0;7;0;0;2;8;9;A01
200900019237;0;15;0;0;2;1;21;B01
200900019238;0;7;0;0;1;1;2;A01
200900019239;0;7;0;0;2;5;15;B01
200900019239;0;2;0;0;2;1;1;A01
200900019240;0;7;0;1;2;2;9;A01
200900019241;0;7;0;0;2;1;15;A01
200900019241;0;33;0;0;2;1;2;B01
200900019242;0;7;0;0;2;4;1;B01
200900019242;0;10;0;0;2;1;1;A01
200900019243;0;7;0;0;1;1;0;A01
200900019244;0;33;0;0;2;1;1;B01
200900019244;0;10;0;0;2;2;15;A01
200900019245;0;7;0;0;1;4;4;A01
200900019246;1;7;0;0;2;0;15;Z01
200900019246;0;32;0;0;2;1;21;B01
200900019247;0;33;0;0;2;7;2;A01
200900019247;0;7;0;0;9;8;11;B01
200900019248;0;7;0;0;2;4;2;A01
200900019248;0;7;0;0;2;1;2;B01
200900019249;0;7;0;0;2;4;18;B01
200900019249;0;33;0;0;2;1;1;A01
200900019250;0;7;0;4;0;0;0;A01
200900019251;0;33;0;0;2;1;17;A01
200900019251;0;7;0;0;2;4;11;B01
200900019252;0;7;0;0;1;1;1;A01
200900019253;0;10;0;9;1;1;15;A01
200900019254;0;7;0;0;1;1;1;A01
200900019255;0;33;0;0;0;8;21;A01
200900019256;0;7;0;0;2;1;0;A01
200900019256;0;7;0;0;2;3;0;B01
200900019257;0;7;0;5;0;0;0;A01
200900019258;0;7;0;0;1;2;1;A01
200900019259;2;7;0;0;2;1;8;A01
200900019259;0;37;1;0;2;1;1;C01
200900019259;0;7;0;15;2;5;1;B01
200900019260;0;37;1;0;0;8;1;B01
200900019260;0;10;0;0;2;2;0;A01
200900019261;0;2;0;0;2;0;5;A01
200900019261;0;7;0;0;2;3;15;B01
200900019262;0;7;0;0;2;3;10;A01
200900019262;0;2;0;;;;;B01
200900019263;0;10;0;0;2;1;13;A01
200900019263;0;7;0;0;2;1;1;B01
200900019264;0;7;0;0;2;3;1;B01
200900019264;0;7;0;0;2;2;10;A01
200900019265;0;7;0;0;1;3;1;A01
200900019266;0;7;0;0;1;2;1;A01
200900019267;0;7;0;0;1;2;1;A01
200900019268;0;7;0;15;0;1;1;A01
200900019269;0;7;0;0;2;2;1;A01
200900019269;0;2;0;0;2;3;9;B02
200900019270;0;30;0;0;1;2;1;A01
200900019271;0;7;0;0;1;6;15;A01
200900019272;0;37;0;0;2;1;1;B02
200900019272;0;7;0;0;2;4;23;A01
200900019273;0;7;0;0;2;3;9;B01
200900019273;0;7;0;0;2;2;21;A01
200900019274;0;36;0;0;2;4;1;A01
200900019274;1;7;0;11;2;1;1;Z01
200900019274;0;7;0;0;2;8;1;B01
200900019275;0;7;0;0;2;3;11;A01
200900019275;0;30;0;0;2;1;1;B01
200900019276;0;7;0;0;2;8;15;B01
200900019276;0;33;0;0;2;7;17;A01
200900019277;0;7;0;0;2;1;1;B01
200900019277;0;7;0;0;2;6;1;A01
200900019278;0;33;0;0;2;1;1;A01
200900019278;0;10;0;0;2;8;15;B01
200900019279;0;1;0;0;2;4;2;B01
200900019279;1;32;0;0;2;1;1;A01
200900019280;0;2;0;9;0;1;1;A01
200900019281;0;10;0;0;2;1;15;B01
200900019281;0;32;0;0;2;8;14;A01
200900019282;0;2;0;0;0;1;1;A01
200900019283;0;7;0;0;2;7;1;A01
200900019283;0;7;0;1;2;1;1;B01
200900019284;0;2;0;11;0;1;13;A01
200900019285;0;7;0;0;1;5;1;A01
200900019286;0;7;0;0;2;5;2;B01
200900019286;0;7;0;0;2;4;2;C01
200900019286;0;7;0;0;2;1;2;A01
200900019287;0;2;0;3;0;2;14;A01
200900019288;0;7;0;4;0;7;0;A01
200900019289;0;7;0;0;1;3;15;A01
200900019290;0;7;0;0;2;8;15;B01
200900019290;0;2;0;0;2;1;17;A01
200900019291;0;32;0;16;0;7;1;A01
200900019292;0;7;0;0;0;4;2;A01
200900019292;1;7;0;0;0;1;1;B01
200900019293;0;34;0;0;2;1;1;B01
200900019293;0;7;0;0;2;1;15;A01
200900019294;0;7;0;0;2;8;10;A01
200900019294;0;7;0;0;2;1;1;B01
200900019295;0;33;0;1;0;1;0;A01
200900019296;0;32;0;0;2;3;18;B01
200900019296;0;7;0;0;2;2;10;A01
200900019297;0;33;0;12;0;1;1;A01
200900019298;0;10;0;13;0;1;14;A01
200900019299;0;30;0;16;0;8;15;A01
200900019300;0;10;0;0;2;3;9;A01
200900019300;0;34;0;0;2;1;1;B01
200900019301;0;7;0;0;2;5;1;B01
200900019301;0;31;0;15;2;9;21;A01
200900019302;0;33;0;8;0;1;0;A01
200900019303;0;30;0;0;2;1;1;A01
200900019304;0;7;0;0;0;2;2;A01
200900019304;0;7;0;0;0;2;0;B01
200900019305;0;10;0;0;2;7;12;A01
200900019305;0;30;0;0;2;1;3;B01
200900019306;0;7;0;0;1;3;1;A01
200900019307;0;7;0;0;0;9;0;A01
200900019307;1;7;0;0;0;0;0;B01
200900019308;0;32;0;16;0;7;1;A01
200900019309;0;33;0;0;2;1;1;B01
200900019309;0;7;0;0;0;0;1;A01
200900019310;0;7;0;0;2;3;14;A01
200900019310;0;33;0;0;2;7;14;B01
200900019311;0;7;0;0;2;3;16;A01
200900019311;0;1;0;0;2;0;15;B01
200900019312;0;33;0;0;0;7;1;B02
200900019312;0;7;0;1;0;3;9;A01
200900019313;0;7;0;0;1;3;15;A01
200900019314;0;7;0;0;1;5;1;A01
200900019315;0;2;0;0;2;8;1;B01
200900019315;0;7;0;0;2;8;15;A01
200900019316;0;7;0;0;2;8;24;B01
200900019316;0;7;0;1;0;4;4;A01
200900019317;0;7;0;0;2;1;15;A01
200900019317;0;7;0;0;2;1;1;B01
200900019318;0;14;0;0;2;2;1;B01
200900019318;0;7;0;0;2;0;24;D01
200900019318;0;7;0;1;2;6;18;A01
200900019318;0;7;0;0;2;7;24;C01
200900019319;0;7;0;0;1;1;1;A01
200900019320;0;7;0;0;1;3;1;A01
200900019321;0;7;0;0;2;1;2;C01
200900019321;0;7;0;0;0;4;23;A01
200900019321;0;7;0;0;2;4;2;B01
200900019322;0;7;0;0;2;1;9;A01
200900019322;0;7;0;0;2;8;1;B01
200900019323;0;7;0;0;1;1;1;A01
200900019324;0;7;0;0;2;1;2;B01
200900019324;0;30;0;0;2;7;2;A01
200900019325;0;33;0;0;2;1;1;A01
200900019326;0;7;0;0;2;1;2;A01
200900019326;0;7;0;0;0;4;23;B01
200900019327;0;7;0;0;2;3;15;B01
200900019327;0;33;0;0;2;3;17;A01
200900019328;0;1;0;0;0;9;1;A01
200900019329;0;99;0;0;2;1;1;A01
200900019329;0;7;0;0;0;3;23;B01
200900019330;0;7;0;0;0;1;9;B01
200900019330;0;1;0;0;2;1;1;A01
200900019331;0;7;0;0;2;3;13;A01
200900019331;0;7;0;0;2;3;1;B02
200900019332;0;7;0;0;2;5;1;A01
200900019332;2;7;0;2;2;3;0;A02
200900019333;0;10;0;0;1;1;1;A01
200900019334;0;2;0;0;2;7;6;A01
200900019334;0;7;0;0;2;8;1;B01
200900019335;0;1;0;0;2;8;1;B01
200900019335;0;7;0;0;2;1;15;A01
200900019336;1;1;0;0;1;1;1;A01
200900019337;0;2;0;15;0;3;14;A01
200900019338;0;7;0;0;2;1;2;A01
200900019338;0;7;0;0;2;4;1;B01
200900019339;0;7;0;0;2;3;16;B01
200900019339;0;1;0;0;2;1;1;A01
200900019340;0;2;0;0;2;1;15;B01
200900019340;0;7;0;0;2;4;4;A01
200900019341;1;30;0;0;1;0;0;A01
200900019342;0;7;0;1;0;9;1;A01
200900019342;0;7;0;0;2;8;24;B01
200900019343;0;7;0;0;2;4;1;B01
200900019343;0;32;0;0;2;1;1;A01
200900019344;0;7;0;0;1;1;1;A01
200900019345;0;7;0;0;1;3;1;A01
200900019346;0;33;0;0;1;1;1;A01
200900019347;0;7;0;0;2;4;4;A01
200900019347;0;1;0;0;2;1;1;B01
200900019348;0;7;0;2;0;1;1;A01
200900019349;0;7;0;0;2;1;1;A01
200900019349;0;7;0;0;2;4;1;B01
200900019350;0;7;0;0;4;8;15;A01
200900019350;0;40;0;0;2;1;1;B01
200900019351;0;7;0;0;1;1;1;A01
200900019352;0;7;0;0;2;6;15;A01
200900019352;0;2;0;0;2;1;17;B01
200900019353;0;7;0;0;2;7;16;A01
200900019353;0;30;0;0;2;1;18;B01
200900019354;1;7;0;0;2;1;1;A01
200900019354;0;30;0;0;2;6;15;B01
200900019355;0;7;0;0;2;4;1;C01
200900019355;0;7;0;0;2;1;1;A01
200900019355;0;7;0;0;2;4;1;B01
200900019356;0;7;0;0;2;1;16;A01
200900019356;0;1;0;0;2;7;1;B01
200900019357;0;7;0;0;2;2;15;A01
200900019357;0;7;0;0;2;1;1;B01
200900019358;0;1;0;0;2;1;19;B01
200900019358;0;7;0;0;2;2;1;A01
200900019359;0;30;0;0;2;5;1;B01
200900019359;0;7;0;0;2;1;15;A01
200900019360;0;1;0;0;1;0;1;A01
200900019361;0;2;0;1;0;8;1;A01
200900019362;0;33;0;0;0;7;1;A01
200900019363;0;7;0;0;2;4;1;B02
200900019363;0;33;0;0;2;1;1;C03
200900019363;0;7;0;0;0;0;15;A01
200900019363;0;33;0;0;2;7;1;D04
200900019364;0;30;0;1;0;7;1;A01
200900019365;0;20;0;0;2;3;19;A01
200900019365;0;33;0;0;2;1;21;B02
200900019366;0;7;0;0;1;2;14;A01
200900019367;0;7;0;7;0;9;13;A01
200900019368;0;7;0;0;2;1;13;A01
200900019368;0;7;0;0;2;1;1;B02
200900019369;0;7;0;0;1;1;1;A01
200900019370;0;7;0;0;1;2;1;A01
200900019371;0;7;0;2;0;2;1;A01
200900019372;0;33;0;0;2;8;1;A01
200900019372;0;37;10;0;2;8;1;B02
200900019373;0;7;0;0;2;2;15;A01
200900019373;0;1;0;0;2;1;1;B02
200900019374;0;7;0;0;2;2;20;A01
200900019374;0;33;0;0;2;1;1;B02
200900019375;0;7;0;0;2;2;1;A01
200900019375;0;7;0;0;2;3;0;B02
200900019376;0;30;0;0;2;1;1;B02
200900019376;0;7;0;0;2;3;19;A01
200900019377;0;7;0;0;2;1;1;B02
200900019377;0;33;0;0;2;1;17;A01
200900019378;0;7;0;0;2;2;23;B02
200900019378;0;33;0;0;2;1;16;A01
200900019379;0;33;0;13;0;1;13;A01
200900019380;0;7;0;0;2;3;15;A01
200900019380;0;30;0;0;2;1;1;B02
200900019381;0;33;0;0;0;2;1;A01
200900019382;0;33;0;0;0;5;1;A01
200900019383;0;2;0;0;2;1;1;A01
200900019384;0;33;0;0;0;7;1;A01
200900019385;0;33;0;0;2;1;1;B01
200900019385;0;7;0;0;2;1;16;A01
200900019386;0;7;0;1;0;1;1;A01
200900019387;0;30;0;0;2;1;1;A01
200900019387;0;7;0;0;2;4;1;B01
200900019388;0;7;0;0;1;2;1;A01
200900019389;0;1;0;0;2;1;0;B01
200900019389;0;7;0;0;9;3;0;A01
200900019390;0;7;0;6;0;1;1;A01
200900019391;0;37;1;0;1;2;1;A01
200900019392;0;34;0;0;2;1;1;B01
200900019392;0;7;0;0;2;5;4;A01
200900019393;0;7;0;0;1;1;1;B01
200900019394;0;7;0;0;2;1;1;A01
200900019394;0;7;0;0;2;3;15;B01
200900019395;0;7;0;0;1;0;1;A01
200900019396;0;7;0;0;9;1;20;A01
200900019397;0;30;0;11;0;1;1;A01
200900019398;0;7;0;0;2;6;15;A01
200900019398;0;33;0;0;2;1;1;B01
200900019399;0;40;0;0;1;3;1;A01
200900019400;0;31;0;0;2;1;1;B01
200900019400;0;14;0;0;2;7;14;A01
200900019401;0;7;0;0;2;1;0;B01
200900019401;0;7;0;0;2;2;1;A01
200900019402;0;30;0;0;2;1;1;A01
200900019402;0;7;0;0;2;1;1;B01
200900019403;0;7;0;0;2;2;9;A01
200900019403;0;37;18;0;2;1;1;B01
200900019404;0;10;0;0;2;3;5;A01
200900019404;0;7;0;0;2;3;1;B01
200900019405;0;7;0;0;2;8;16;B01
200900019405;0;10;0;0;2;1;1;A01
200900019406;0;7;0;0;2;5;24;C01
200900019406;0;7;0;1;2;7;1;B01
200900019406;0;7;0;0;2;3;9;A01
200900019407;0;7;0;0;2;1;1;A01
200900019407;0;7;0;0;2;1;15;B01
200900019408;0;7;0;0;0;4;2;A01
200900019408;0;7;0;3;2;5;2;D01
200900019408;0;7;0;0;2;3;21;E01
200900019408;0;7;0;0;2;4;2;B01
200900019408;0;7;0;0;2;4;2;C01
200900019409;0;7;0;0;2;1;2;B01
200900019409;0;7;0;0;0;4;1;A01
200900019410;0;7;0;0;1;1;1;A01
200900019411;0;1;0;0;2;3;19;A01
200900019411;0;7;0;0;2;2;1;B01
200900019412;0;7;0;0;2;2;20;A01
200900019412;0;1;0;0;2;1;16;B01
200900019413;0;7;0;0;0;8;21;A01
200900019413;0;7;0;0;0;0;0;B02
200900019414;0;7;0;0;2;1;1;B01
200900019414;0;34;0;0;2;1;13;A01
200900019415;0;33;0;0;2;7;17;A01
200900019415;0;7;0;0;2;8;13;B02
200900019416;0;7;0;0;2;3;15;A01
200900019416;0;32;0;0;2;1;1;B01
200900019417;0;7;0;0;2;3;15;A01
200900019417;0;32;0;0;2;5;1;B01
200900019418;0;7;0;0;0;4;2;A01
200900019418;0;7;0;0;2;4;2;B01
200900019418;0;7;0;0;2;1;2;C01
200900019419;0;7;0;0;2;3;9;A01
200900019419;0;33;0;0;2;2;2;B01
200900019420;0;7;0;0;1;1;2;A01
200900019421;0;7;0;0;2;1;13;A01
200900019421;0;38;1;0;2;1;1;B01
200900019422;0;33;0;0;6;1;2;A01
200900019423;0;2;0;0;2;2;9;A01
200900019423;0;7;0;0;0;3;1;B01
200900019424;0;7;0;0;2;1;15;A02
200900019424;0;1;0;0;2;3;1;A01
200900019425;0;7;0;4;2;3;17;A01
200900019425;0;17;0;4;2;1;21;B01
200900019426;0;7;0;0;0;4;2;B01
200900019426;0;33;0;0;2;1;3;C01
200900019426;0;7;0;0;2;2;0;A01
200900019427;0;7;0;11;0;2;21;A01
200900019427;0;7;0;0;2;1;11;B01
200900019428;0;7;0;0;1;2;2;A01
200900019429;0;7;0;0;1;1;16;A01
200900019430;0;32;0;0;0;0;1;A01
200900019431;0;7;0;0;1;1;1;A01
200900019432;0;7;0;0;2;3;1;A01
200900019432;0;7;0;0;0;2;1;B02
200900019433;0;7;0;0;2;5;23;B01
200900019433;0;7;0;0;2;1;1;A01
200900019434;0;7;0;0;2;3;9;A01
200900019434;0;33;0;0;2;1;0;B01
200900019435;0;7;0;0;9;6;1;A01
200900019435;0;33;0;0;0;7;2;B02
200900019436;0;30;0;0;2;8;0;A01
200900019436;1;10;0;0;2;8;0;Z01
200900019437;0;7;0;0;1;3;1;A01
200900019438;0;39;0;0;2;1;0;B01
200900019438;0;10;0;0;4;4;0;A01
200900019439;0;30;0;0;2;1;1;A01
200900019439;0;7;0;0;2;1;15;B01
200900019440;0;7;0;0;2;7;15;A01
200900019440;0;31;0;0;2;1;1;B02
200900019441;0;10;0;0;1;4;4;A01
200900019442;0;7;0;0;2;6;4;B01
200900019442;0;31;0;0;2;1;21;A01
200900019443;0;31;0;8;0;2;0;A01
200900019444;0;33;0;0;2;1;2;A01
200900019444;0;10;0;0;2;6;10;B01
200900019445;0;33;0;6;0;1;1;A01
200900019446;0;30;0;16;0;0;15;A01
200900019447;0;7;0;0;2;3;1;B01
200900019447;0;31;0;0;2;1;1;A01
200900019448;0;2;0;0;2;1;13;B02
200900019448;0;21;0;0;2;3;1;A01
200900019449;0;32;0;16;0;7;16;A01
200900019450;0;7;0;0;1;2;1;A01
200900019451;0;7;0;0;2;1;1;A01
200900019451;0;30;0;0;0;8;19;B01
200900019452;0;1;0;0;2;1;15;A01
200900019452;0;7;0;0;2;2;1;B01
200900019453;0;30;0;0;2;1;0;A01
200900019453;0;7;0;0;2;3;15;B01
200900019454;0;7;0;0;2;2;16;A01
200900019454;0;1;0;0;2;1;19;B01
200900019455;0;7;0;0;1;1;1;A01
200900019456;0;7;0;0;1;1;0;A01
200900019457;0;7;0;0;2;4;23;B01
200900019457;0;10;0;0;2;1;1;A01
200900019457;0;7;0;0;0;5;23;C01
200900019458;1;33;0;0;1;2;1;A01
200900019459;0;32;0;16;0;8;1;A01
200900019460;0;7;0;0;1;0;4;A01
200900019461;0;7;0;0;2;1;9;B01
200900019461;0;31;0;0;2;7;3;A01
200900019462;0;1;0;0;2;1;1;A01
200900019462;0;7;0;0;2;2;9;B01
200900019463;0;7;0;0;0;3;15;B01
200900019463;0;2;0;0;1;1;1;A01
200900019464;0;7;0;0;1;1;1;A01
200900019465;0;7;0;0;1;2;1;A01
200900019466;0;7;0;0;1;2;1;A01
200900019467;0;7;0;1;2;5;1;A01
200900019467;0;36;0;1;2;1;1;B01
200900019468;0;1;0;0;2;2;1;B01
200900019468;0;10;0;0;2;6;1;A01
200900019469;0;7;0;4;0;2;1;A01
200900019470;0;30;0;0;0;7;1;A01
200900019471;1;7;0;0;2;0;1;Z01
200900019471;0;7;0;0;2;5;1;A01
200900019472;0;31;0;0;0;0;1;A01
200900019473;0;1;0;0;2;3;0;B01
200900019473;0;7;0;0;9;2;0;A01
200900019474;0;7;0;0;1;1;15;A01
200900019475;0;2;0;1;0;7;1;B01
200900019475;0;7;0;0;2;8;9;A01
200900019476;0;2;0;0;2;1;17;B02
200900019476;0;7;0;0;2;3;15;A01
200900019477;0;33;0;15;0;0;1;A01
200900019478;0;7;0;0;0;0;15;A01
200900019478;0;32;0;16;0;8;1;B02
200900019479;0;7;0;0;1;0;23;A01
200900019480;0;7;0;15;0;1;6;A01
200900019481;0;1;0;0;2;1;1;A01
200900019481;0;7;0;0;2;3;1;B01
200900019482;0;7;0;0;2;2;15;A01
200900019482;0;7;0;0;2;5;1;C01
200900019482;0;7;0;0;2;3;1;B01
200900019483;0;7;0;0;2;4;2;B01
200900019483;0;7;0;0;2;4;2;A01
200900019483;1;7;0;0;2;1;1;Z01
200900019484;0;7;0;0;2;3;2;B01
200900019484;1;7;0;0;2;3;17;Z01
200900019484;0;7;0;0;2;1;2;A01
200900019485;0;1;0;0;0;1;16;B01
200900019485;0;7;0;0;2;7;16;A01
200900019486;0;7;0;0;1;2;1;A01
200900019487;0;7;0;0;2;2;16;B01
200900019487;0;33;0;0;2;2;1;A01
200900019488;0;7;0;0;2;5;1;B01
200900019488;0;2;0;0;2;8;9;A01
200900019489;0;7;0;0;2;5;19;A02
200900019489;0;33;0;0;2;1;1;A01
200900019490;0;7;0;0;2;3;1;B01
200900019490;0;30;0;0;2;1;1;A01
200900019491;0;1;0;0;2;1;1;B01
200900019491;1;30;0;0;2;1;1;Z01
200900019492;0;7;0;9;1;6;1;A01
200900019493;0;10;0;0;1;3;1;A01
200900019494;0;33;0;2;0;1;0;A01
200900019495;0;34;0;0;2;1;1;B02
200900019495;0;7;0;0;2;5;15;A01
200900019496;0;30;0;0;2;8;0;B01
200900019496;0;7;0;0;2;2;1;A01
200900019497;0;10;0;0;1;6;4;A01
200900019498;0;30;0;0;2;2;2;A01
200900019498;0;7;0;0;2;3;15;B01
200900019499;0;1;0;0;1;1;1;A01
200900019500;0;15;0;6;0;0;1;A01
200900019501;0;2;0;12;0;7;1;A01
200900019502;0;7;0;0;2;7;1;B01
200900019502;0;7;0;0;2;1;1;A01
200900019503;0;2;0;0;2;2;16;A01
200900019503;0;7;0;0;2;1;1;B02
200900019504;0;7;0;0;1;1;1;A01
200900019505;0;7;0;0;1;1;1;A01
200900019506;0;32;0;0;2;1;2;A01
200900019506;0;7;0;0;2;4;2;B02
200900019507;0;32;0;0;2;1;1;A01
200900019507;0;7;0;0;2;3;1;B02
200900019508;0;33;0;16;0;0;1;A01
200900019509;0;7;0;0;2;3;17;A01
200900019509;0;7;0;0;2;3;1;B02
200900019510;0;1;0;0;2;1;5;B02
200900019510;0;10;0;0;2;1;1;A01
200900019511;0;34;0;0;2;3;1;B02
200900019511;0;7;0;0;2;3;13;A01
200900019512;0;31;0;0;2;1;1;A01
200900019512;0;7;0;0;2;2;15;B02
200900019513;0;34;0;0;2;7;1;A01
200900019513;0;10;0;0;2;3;16;B02
200900019514;0;7;0;2;0;1;1;A01
200900019515;0;31;0;8;0;1;1;A01
200900019516;0;31;0;0;1;1;1;A01
200900019517;0;31;0;0;2;1;1;A01
200900019517;0;7;0;0;2;5;15;B02
200900019518;0;1;0;6;0;0;1;A01
200900019519;0;7;0;0;2;3;15;A01
200900019519;0;1;0;0;2;1;21;B02
200900019520;2;30;0;0;2;1;13;B02
200900019520;0;14;0;0;2;1;1;A01
200900019521;0;10;0;0;1;1;16;A01
200900019522;0;31;0;12;2;8;17;A01
200900019522;0;7;0;0;0;0;11;B02
200900019523;0;33;0;6;0;9;1;A01
200900019524;0;7;0;0;2;6;15;A01
200900019524;0;33;0;0;2;1;1;B02
200900019525;0;2;0;0;2;1;13;A01
200900019525;0;7;0;0;2;3;1;B02
200900019526;0;7;0;0;2;8;15;B02
200900019526;0;34;0;0;2;1;1;A01
200900019527;0;38;0;6;0;1;1;A01
200900019528;0;33;0;13;0;2;1;A01
200900019529;0;30;0;0;2;1;1;A01
200900019529;0;7;0;0;2;3;15;B02
200900019530;0;32;0;0;0;7;1;A01
200900019531;0;33;0;12;0;3;14;A01
200900019532;0;33;0;0;2;1;17;A01
200900019532;0;7;0;0;2;6;15;B02
200900019533;0;7;0;0;2;1;1;B02
200900019533;0;1;0;0;2;8;19;A01
200900019533;0;7;0;0;2;1;23;C03
200900019534;0;31;0;13;0;7;1;A01
200900019535;0;31;0;0;2;1;1;B02
200900019535;0;7;0;0;2;1;15;A01
200900019536;0;7;0;0;2;1;1;B02
200900019537;0;7;0;0;2;2;1;A01
200900019537;0;17;0;0;0;6;1;B02
200900019538;0;7;0;0;2;2;14;A01
200900019538;0;2;0;0;2;1;13;B01
200900019539;0;1;0;0;2;8;1;B01
200900019539;0;1;0;0;2;8;1;C01
200900019539;0;7;0;0;2;1;13;A01
200900019540;0;33;0;0;1;3;1;A01
200900019541;0;7;0;0;2;2;15;A01
200900019541;0;32;0;0;2;1;1;B01
200900019542;0;33;0;0;2;1;1;A01
200900019542;0;7;0;0;0;3;15;B01
200900019543;0;7;0;0;2;7;1;A01
200900019543;0;2;0;0;2;3;15;B01
200900019544;1;7;0;0;1;1;1;A01
200900019545;0;7;0;0;2;3;11;A01
200900019545;0;7;0;15;2;2;1;B01
200900019546;0;7;0;0;2;8;1;B01
200900019546;0;14;0;0;2;2;12;A01