num_acc;senc;catv;occutc;obs;obsm;choc;manv;num_veh
200900019547;0;7;0;0;2;8;1;C01
200900019547;0;32;0;0;2;7;17;A01
200900019547;0;7;0;0;2;8;2;B01
200900019548;0;7;0;0;9;1;15;A01
200900019548;0;2;0;0;2;1;1;B01
200900019549;0;7;0;0;9;2;1;A01
200900019549;0;2;0;0;2;5;1;B01
200900019550;1;7;0;0;1;4;4;A01
200900019551;0;7;0;0;2;1;9;A01
200900019551;0;32;0;0;2;7;16;B01
200900019552;0;2;0;5;0;1;1;A01
200900019552;1;7;0;0;0;0;1;B01
200900019553;0;32;0;0;2;2;17;A01
200900019553;0;7;0;0;2;3;15;B01
200900019554;0;2;0;0;2;1;1;B01
200900019554;0;37;25;0;2;1;24;C01
200900019554;0;7;0;0;2;2;15;A01
200900019555;0;7;0;0;0;9;13;A01
200900019555;0;7;0;0;0;1;1;B01
200900019556;0;34;0;0;2;1;13;A01
200900019556;0;7;0;0;2;8;11;B01
200900019557;0;32;0;0;0;0;0;B01
200900019557;0;7;0;0;2;1;15;A01
200900019558;0;7;0;13;0;0;0;A01
200900019559;0;30;0;8;0;1;1;A01
200900019560;0;20;0;0;2;4;1;A01
200900019560;0;7;0;0;2;4;2;C01
200900019560;0;10;0;0;2;4;2;D01
200900019560;0;7;0;0;2;4;1;B01
200900019561;0;1;0;0;2;4;1;B01
200900019561;0;7;0;0;2;2;2;A01
200900019562;0;30;0;0;2;1;1;B01
200900019562;0;7;0;0;2;3;15;A01
200900019563;0;1;0;0;2;1;5;A01
200900019563;0;7;0;0;2;8;5;B01
200900019564;0;7;0;0;0;6;15;B01
200900019564;0;33;0;0;2;1;17;A01
200900019565;0;7;0;0;2;2;15;A01
200900019565;0;33;0;0;2;1;1;B02
200900019566;0;33;0;0;0;1;18;A01
200900019566;0;7;0;0;0;3;1;B02
200900019567;0;7;0;0;2;3;21;B02
200900019567;0;31;0;0;2;3;13;A01
200900019568;0;7;0;0;2;7;15;A01
200900019568;0;33;0;0;2;1;18;B02
200900019569;0;33;0;1;0;2;21;A01
200900019569;0;10;0;0;0;8;15;B02
200900019570;0;10;0;0;2;3;13;A01
200900019570;0;7;0;0;2;3;1;B02
200900019571;0;7;0;0;2;7;9;A01
200900019571;0;2;0;0;2;8;1;B02
200900019572;0;2;0;0;0;8;13;A01
200900019573;0;33;0;0;0;1;1;A01
200900019574;0;33;0;0;2;1;0;A01
200900019574;0;10;0;0;2;1;0;B02
200900019575;0;7;0;6;1;2;1;A01
200900019576;2;7;0;8;0;0;15;A01
200900019577;0;7;0;0;2;3;1;B02
200900019577;0;7;0;0;2;3;1;A01
200900019578;0;2;0;0;2;8;17;A01
200900019578;0;33;0;0;2;8;17;B02
200900019579;0;7;0;13;0;3;0;A01
200900019580;0;7;0;0;2;1;13;A01
200900019580;0;7;0;0;2;1;1;B02
200900019580;0;33;0;0;2;1;1;C03
200900019581;0;17;0;0;2;1;1;B02
200900019581;0;31;0;0;2;1;5;A01
200900019582;0;10;0;0;2;1;1;B02
200900019582;0;7;0;0;2;1;13;A01
200900019583;0;7;0;2;0;1;1;A01
200900019584;0;15;0;0;0;0;1;B02
200900019584;0;33;0;14;0;1;17;A01
200900019585;0;7;0;6;0;1;21;A01
200900019586;0;33;0;0;2;1;1;A01
200900019586;0;10;0;0;2;3;1;B02
200900019587;0;10;0;0;0;6;23;B02
200900019587;0;33;0;0;2;1;1;A01
200900019588;0;33;0;0;2;1;2;B02
200900019588;0;30;0;0;0;6;16;A01
200900019589;0;31;0;0;2;1;1;B01
200900019589;0;7;0;0;2;6;15;A01
200900019590;0;7;0;0;0;4;2;B01
200900019590;0;7;0;0;0;1;2;A01
200900019591;0;33;0;0;2;1;2;A01
200900019591;0;7;0;0;0;5;2;B01
200900019592;0;7;0;0;9;1;1;B01
200900019592;0;1;0;0;2;1;0;A01
200900019593;0;10;0;0;2;2;15;A01
200900019593;0;7;0;0;2;1;1;B01
200900019594;0;7;0;0;2;7;1;B01
200900019594;0;7;0;0;2;1;1;A01
200900019595;0;31;0;0;2;7;21;B01
200900019595;0;7;0;0;2;1;19;A01
200900019596;0;33;0;15;0;0;1;A01
200900019597;0;7;0;0;1;1;1;A01
200900019598;0;30;0;0;2;0;1;B01
200900019598;0;7;0;0;2;1;1;A01
200900019599;0;7;0;0;0;3;15;B01
200900019599;0;33;0;0;2;1;17;A01
200900019600;0;33;0;0;2;1;1;B01
200900019600;0;7;0;0;2;2;15;A01
200900019601;0;10;0;0;1;6;0;A01
200900019602;0;2;0;0;2;1;2;A01
200900019602;0;37;15;0;2;4;23;B01
200900019603;0;34;0;0;2;8;1;B01
200900019603;0;7;0;0;2;7;12;A01
200900019604;0;7;0;0;2;2;19;A01
200900019604;0;30;0;0;2;1;1;B01
200900019605;0;37;2;0;2;2;1;A01
200900019605;0;7;0;0;2;8;9;B01
200900019606;0;30;0;0;0;8;15;B01
200900019606;0;32;0;0;2;1;17;A01
200900019607;0;33;0;0;2;1;0;A01
200900019607;0;7;0;0;2;3;1;B01
200900019608;0;1;0;9;0;1;1;A01
200900019609;0;7;0;0;2;3;15;A01
200900019609;0;33;0;0;2;7;1;B01
200900019610;0;31;0;0;0;1;1;A01
200900019611;0;32;0;0;2;1;6;A01
200900019611;0;7;0;0;2;6;2;B01
200900019612;0;33;0;0;2;1;1;B01
200900019612;0;7;0;0;2;8;15;A01
200900019613;0;7;0;0;1;2;16;A01
200900019614;0;7;0;0;1;1;0;A01
200900019614;0;2;0;0;2;1;2;B01
200900019615;0;7;0;0;2;7;17;A01
200900019615;0;33;0;0;2;8;1;B01
200900019616;0;31;0;0;2;1;1;B01
200900019616;0;10;0;0;2;1;13;A01
200900019617;0;33;0;0;2;1;21;B01
200900019617;0;7;0;0;0;8;15;A01
200900019618;0;7;0;0;1;2;9;A01
200900019619;0;32;0;0;2;2;17;A01
200900019619;0;7;0;0;2;6;15;B01
200900019620;0;33;0;0;1;8;1;A01
200900019621;0;7;0;0;2;1;1;A01
200900019621;0;7;0;0;2;4;1;B01
200900019622;0;31;0;0;2;1;17;B01
200900019622;0;7;0;0;2;2;15;A01
200900019623;0;32;0;0;2;1;17;A01
200900019623;0;7;0;0;2;8;15;B01
200900019624;0;7;0;0;2;8;5;D01
200900019624;0;32;0;0;2;0;5;A01
200900019624;0;7;0;0;0;0;11;B01
200900019624;0;7;0;0;2;8;5;C01
200900019625;0;7;0;0;2;3;9;B01
200900019625;0;34;0;0;2;7;15;A01
200900019626;0;33;0;0;0;9;14;A01
200900019627;0;7;0;0;2;1;13;A01
200900019627;0;7;0;0;2;1;1;C03
200900019627;0;7;0;0;0;1;1;B02
200900019628;0;7;0;8;0;2;14;A01
200900019629;0;7;0;0;2;3;1;A01
200900019629;0;7;0;0;0;6;10;B02
200900019630;0;1;0;0;0;8;19;B02
200900019630;0;10;0;6;2;1;1;A01
200900019631;0;7;0;0;2;1;1;A01
200900019631;0;7;0;0;;4;23;B02
200900019632;0;10;0;0;1;1;23;B02
200900019632;0;7;0;0;2;1;1;A01
200900019633;0;33;0;0;2;1;17;A01
200900019633;0;7;0;0;;8;15;B02
200900019634;0;14;0;0;2;2;1;B02
200900019634;0;1;0;0;0;3;13;A01
200900019635;0;1;0;0;;1;1;A01
200900019635;0;10;0;0;2;2;1;B02
200900019636;0;7;0;0;1;2;1;A01
200900019637;0;7;0;13;0;1;1;A01
200900019638;0;31;0;16;0;8;1;A01
200900019639;0;10;0;0;1;2;1;A01
200900019640;0;7;0;0;9;2;17;A01
200900019640;0;2;0;0;2;8;10;B02
200900019641;0;2;0;0;0;1;1;A01
200900019642;0;7;0;0;2;3;1;B02
200900019642;0;7;0;0;2;3;1;C03
200900019642;0;7;0;0;2;2;15;A01
200900019643;0;7;0;13;0;2;1;A01
200900019644;0;7;0;10;0;8;1;A01
200900019645;0;7;0;0;2;2;1;A01
200900019645;0;7;0;0;2;1;15;B02
200900019646;0;10;0;0;2;1;1;B02
200900019646;0;38;0;0;2;4;1;A01
200900019647;0;7;0;2;0;3;1;A01
200900019648;0;33;0;6;0;1;1;A01
200900019649;0;7;0;0;0;9;13;A01
200900019650;0;7;0;0;2;1;15;A01
200900019650;0;7;0;0;2;3;1;B02
200900019651;0;33;0;13;0;1;1;A01
200900019652;0;7;0;2;0;1;0;A01
200900019653;0;7;0;0;2;8;19;A01
200900019653;0;7;0;0;2;1;1;B02
200900019654;0;7;0;0;1;3;1;A01
200900019655;0;2;0;0;2;1;17;A01
200900019655;0;7;0;0;2;3;15;B01
200900019656;0;31;0;9;0;1;14;A01
200900019657;0;7;0;0;1;7;1;A01
200900019658;0;30;0;0;2;8;13;A01
200900019658;0;10;0;0;2;1;1;B01
200900019659;0;10;0;0;1;5;20;A01
200900019660;0;7;0;0;9;1;9;A01
200900019660;0;1;0;0;2;1;1;B01
200900019661;0;7;0;0;0;3;0;B02
200900019661;0;7;0;0;2;1;6;A01
200900019661;0;7;0;0;0;3;1;C03
200900019662;0;14;0;0;2;8;1;B01
200900019662;0;7;0;0;2;3;13;A01
200900019663;0;10;0;0;2;4;2;C01
200900019663;0;7;0;0;2;4;2;B01
200900019663;0;7;0;0;2;1;1;A01
200900019663;0;7;0;0;2;4;2;D01
200900019664;0;7;0;0;2;1;1;B01
200900019664;0;7;0;0;2;1;1;A01
200900019665;0;7;0;10;0;1;14;A01
200900019666;0;32;0;6;0;1;1;A01
200900019667;2;7;0;16;0;9;14;A01
200900019668;0;7;0;0;2;1;2;A01
200900019668;0;7;0;0;2;4;23;B01
200900019669;0;7;0;0;2;1;1;B01
200900019669;0;7;0;0;2;1;15;A01
200900019670;0;7;0;6;0;9;1;A01
200900019671;0;10;0;0;2;8;23;B02
200900019671;0;7;0;0;2;6;1;A01
200900019672;0;7;0;0;2;2;13;A01
200900019672;0;7;0;0;2;3;1;B02
200900019672;0;7;0;0;2;1;1;C03
200900019673;0;7;0;0;2;3;21;A01
200900019673;0;15;0;0;2;1;21;B02
200900019674;0;1;0;0;2;1;15;A01
200900019674;0;10;0;0;2;2;1;B02
200900019675;0;31;0;13;0;0;1;A01
200900019676;0;1;0;0;0;4;1;B02
200900019676;0;2;0;0;2;1;1;A01
200900019677;0;10;0;4;0;1;13;A01
200900019678;0;7;0;0;2;3;1;A01
200900019678;0;10;0;0;2;1;1;B02
200900019679;0;7;0;0;2;1;13;A01
200900019679;0;10;0;0;2;2;1;B02
200900019680;0;7;0;0;2;2;17;A01
200900019680;0;7;0;0;2;3;16;C03
200900019680;0;7;0;0;2;8;15;B02
200900019681;0;14;0;3;0;1;1;A01
200900019682;0;20;0;6;2;8;1;A01
200900019682;0;7;0;0;2;8;1;B02
200900019683;0;7;0;2;0;1;2;A01
200900019684;0;15;0;0;0;3;13;A01
200900019685;0;7;0;0;1;1;20;A01
200900019686;0;14;0;0;2;8;13;A01
200900019686;0;7;0;0;0;8;1;B02
200900019687;0;7;0;0;2;2;16;A01
200900019687;0;1;0;0;2;1;1;B01
200900019688;0;7;0;0;0;4;1;B01
200900019688;0;2;0;0;2;4;1;A01
200900019689;0;2;0;0;2;1;17;A01
200900019689;0;7;0;0;2;3;15;B01
200900019690;0;2;0;0;2;6;24;A01
200900019690;0;2;0;1;1;1;1;B02
200900019691;0;10;0;0;2;1;1;A01
200900019691;0;7;0;0;2;4;23;B01
200900019692;0;1;0;0;2;1;0;B01
200900019692;0;7;0;0;9;2;16;A01
200900019693;0;2;0;1;0;1;1;A01
200900019694;0;7;0;0;1;1;20;A01
200900019695;0;7;0;0;2;1;15;A01
200900019695;0;30;0;0;2;1;1;B01
200900019696;0;7;0;0;2;3;1;B01
200900019696;0;1;0;0;2;1;15;A01
200900019697;0;7;0;0;2;4;1;B01
200900019697;0;7;0;0;2;1;1;A01
200900019698;0;7;0;0;2;2;15;A01
200900019698;0;1;0;0;2;8;19;B01
200900019699;0;7;0;0;1;3;1;A01
200900019700;0;7;0;9;0;4;1;A01
200900019701;0;7;0;0;2;2;16;A01
200900019701;0;7;0;0;2;3;1;B01
200900019702;0;7;0;7;0;1;1;A01
200900019703;0;7;0;0;1;2;1;A01
200900019704;0;2;0;0;2;8;1;B01
200900019704;1;7;0;0;2;0;1;A01
200900019705;0;15;0;0;2;1;1;A01
200900019705;0;15;0;0;2;4;2;B01
200900019706;0;7;0;0;2;3;21;A01
200900019706;0;7;0;0;2;1;1;B01
200900019707;0;3;0;0;2;1;1;B01
200900019707;0;2;0;0;2;1;1;A01
200900019708;0;37;21;0;1;2;16;A01
200900019709;0;2;0;0;1;1;1;A01
200900019710;0;7;0;0;1;3;1;A01
200900019711;0;7;0;0;1;1;1;A01
200900019712;0;7;0;0;2;4;16;A01
200900019712;0;31;0;0;2;1;1;B01
200900019713;1;7;0;0;2;0;1;B01
200900019713;0;7;0;0;2;1;1;A01
200900019714;0;33;0;0;2;1;17;A01
200900019714;0;13;0;0;0;8;8;B01
200900019715;0;7;0;0;2;1;10;A01
200900019715;0;30;0;0;2;1;1;B01
200900019716;1;7;0;0;2;0;0;A01
200900019716;0;1;0;0;2;0;19;B01
200900019717;0;7;0;0;1;3;1;A01
200900019718;0;36;0;1;0;1;1;A01
200900019719;0;7;0;0;2;3;20;A01
200900019719;0;33;0;0;2;1;1;B01
200900019720;0;7;0;0;2;4;2;C01
200900019720;0;7;0;0;0;4;2;D01
200900019720;0;7;0;0;2;4;2;B01
200900019720;0;7;0;0;2;1;2;A01
200900019721;0;7;0;0;2;3;16;B01
200900019721;0;10;0;0;2;3;16;A01
200900019722;0;7;0;0;2;2;19;B01
200900019722;0;2;0;0;2;1;5;A01
200900019723;0;33;0;0;2;0;17;B01
200900019723;0;7;0;0;2;3;15;A01
200900019724;0;7;0;0;1;3;1;A01
200900019725;0;7;0;0;2;4;1;B01
200900019725;0;2;0;0;2;1;1;A01
200900019726;0;7;0;0;2;6;9;A01
200900019726;0;7;0;0;2;1;1;B01
200900019727;2;30;0;0;2;1;1;A01
200900019727;0;1;0;0;2;1;1;B01
200900019728;0;7;0;0;2;7;16;A01
200900019728;0;1;0;0;2;1;1;B01
200900019729;0;1;0;0;2;8;1;B01
200900019729;0;7;0;0;2;1;15;A01
200900019730;0;30;0;0;1;1;15;A01
200900019731;0;1;0;0;2;0;1;B01
200900019731;0;7;0;0;2;0;14;A01
200900019732;0;10;0;0;1;4;4;A01
200900019733;0;7;0;0;2;1;1;B01
200900019733;0;1;0;0;2;1;1;A01
200900019734;1;7;0;0;1;4;4;A01
200900019735;1;30;0;0;1;0;1;A01
200900019736;0;7;0;0;1;1;1;A01
200900019737;0;1;0;0;2;1;1;B01
200900019737;0;7;0;0;2;3;15;A01
200900019738;0;7;0;0;2;1;1;A01
200900019738;0;37;2;0;2;2;1;B01
200900019739;0;7;0;0;2;0;24;B01
200900019739;0;1;0;0;2;3;13;A01
200900019739;0;7;0;0;2;7;1;C01
200900019740;0;2;0;0;2;2;1;B01
200900019740;0;1;0;0;2;1;1;A01
200900019741;0;7;0;0;2;1;1;A01
200900019741;0;7;0;0;2;4;1;B01
200900019742;0;7;0;0;1;2;15;A01
200900019743;0;40;0;0;1;2;1;A01
200900019744;0;7;0;0;2;1;15;B01
200900019744;0;10;0;0;2;3;1;A01
200900019745;0;1;0;0;1;1;1;A01
200900019746;0;7;0;0;2;8;24;A01
200900019746;0;1;0;1;0;1;1;B01
200900019747;0;30;0;15;0;1;5;A01
200900019747;0;7;0;0;2;1;1;B01
200900019748;0;40;0;0;2;8;1;A01
200900019748;0;2;0;0;4;2;1;B01
200900019749;0;7;0;0;2;3;16;A01
200900019749;0;7;0;0;2;2;1;B01
200900019750;0;7;0;0;2;7;17;B01
200900019750;0;33;0;0;0;8;16;A01
200900019751;0;7;0;3;0;2;14;A01
200900019752;0;7;0;0;2;1;2;C01
200900019752;0;7;0;0;0;4;2;A01
200900019752;0;7;0;0;2;4;2;B01
200900019753;0;7;0;0;0;6;1;C01
200900019753;0;10;0;3;0;6;1;A01
200900019753;0;17;0;0;2;2;12;B01
200900019754;0;15;0;0;2;2;12;A01
200900019754;0;7;0;0;0;6;1;B01
200900019755;0;7;0;0;0;6;2;A01
200900019755;0;7;0;0;2;2;0;B01
200900019756;0;7;0;0;0;3;0;B02
200900019756;0;7;0;0;2;3;13;A01
200900019757;0;7;0;0;2;3;15;B02
200900019757;0;30;0;15;2;7;17;A01
200900019758;0;31;0;0;2;8;1;A01
200900019758;0;7;0;0;2;1;5;B02
200900019759;0;7;0;13;0;9;18;A01
200900019760;0;7;0;0;2;4;2;B02
200900019760;0;30;0;0;2;1;2;A01
200900019761;0;31;0;0;2;1;21;A01
200900019761;0;31;0;0;2;1;21;B02
200900019762;0;33;0;0;9;0;5;A01
200900019762;0;7;0;0;9;2;1;B02
200900019763;0;1;0;0;0;0;1;A01
200900019764;0;30;0;13;0;1;1;A01
200900019765;0;33;0;14;0;1;1;A01
200900019766;0;7;0;0;0;1;1;A01
200900019767;0;7;0;13;0;1;14;A01
200900019768;0;7;0;2;0;1;1;A01
200900019769;0;33;0;0;2;7;3;A01
200900019769;0;7;0;0;0;8;1;B02
200900019770;0;7;0;0;2;7;1;A01
200900019770;0;1;0;0;2;1;16;B02
200900019771;0;33;0;2;0;9;1;A01
200900019772;0;1;0;0;2;1;1;A01
200900019772;0;1;0;0;2;1;15;B02
200900019773;0;7;0;0;2;3;1;B02
200900019773;0;1;0;0;2;1;1;A01
200900019774;0;33;0;13;0;3;1;A01
200900019775;0;2;0;0;2;7;19;B02
200900019775;0;7;0;0;2;3;1;A01
200900019776;0;7;0;0;2;7;1;A01
200900019776;0;1;0;0;2;0;1;B02
200900019777;0;7;0;3;0;1;1;A01
200900019778;0;7;0;0;2;8;15;A01
200900019778;0;7;0;0;2;1;1;B02
200900019779;0;7;0;2;0;3;1;A01
200900019780;0;7;0;1;1;2;2;A01
200900019781;0;7;0;0;1;1;15;A01
200900019782;0;10;0;0;2;2;1;A01
200900019782;0;7;0;0;2;1;1;B01
200900019783;0;33;0;0;2;1;1;B01
200900019783;0;7;0;0;2;5;15;A01
200900019784;0;7;0;0;0;8;1;A01
200900019784;0;17;0;0;2;2;12;B01
200900019785;0;15;0;0;2;1;1;B01
200900019785;0;7;0;0;2;8;13;A01
200900019786;2;7;0;0;2;1;1;A01
200900019786;0;7;0;0;2;4;1;B01
200900019787;1;7;0;0;0;8;10;A01
200900019787;0;33;0;0;2;1;1;B02
200900019788;0;1;0;12;2;7;19;B01
200900019788;0;37;8;0;2;1;1;A01
200900019789;0;7;0;0;1;2;1;A01
200900019790;0;7;0;0;2;8;17;A01
200900019790;0;33;0;0;2;7;17;B02
200900019791;0;7;0;4;0;3;1;A01
200900019792;0;7;0;0;0;8;1;A01
200900019793;0;7;0;0;2;1;1;B02
200900019793;0;7;0;0;0;8;19;A01
200900019794;0;7;0;0;2;3;13;A01
200900019794;0;10;0;0;2;3;1;B02
200900019795;0;7;0;8;0;1;0;A01
200900019796;0;33;0;0;2;7;17;A01
200900019796;0;7;0;0;2;8;15;B02
200900019797;0;31;0;8;1;1;1;A01
200900019798;0;7;0;13;0;9;1;A01
200900019799;0;7;0;0;2;7;19;A01
200900019799;0;7;0;0;2;1;1;B02
200900019800;0;33;0;0;2;1;17;B02
200900019800;0;10;0;0;0;6;10;A01
200900019801;0;7;0;0;2;1;1;B02
200900019801;0;7;0;0;2;1;5;A01
200900019802;0;7;0;0;2;1;19;A01
200900019802;0;30;0;0;2;1;1;B02
200900019803;0;7;0;0;2;3;2;C03
200900019803;0;7;0;0;2;3;8;B02
200900019803;0;7;0;0;2;3;13;A01
200900019804;0;7;0;8;0;8;1;A01
200900019805;0;7;0;0;2;9;11;A01
200900019805;0;7;0;0;2;9;1;B02
200900019806;0;7;0;0;0;0;1;A01
200900019807;0;7;0;0;2;3;1;B02
200900019807;0;7;0;0;2;5;12;A01
200900019808;0;7;0;6;0;1;1;A01
200900019809;0;7;0;14;2;1;1;A01
200900019809;0;7;0;0;2;4;23;B02
200900019810;0;7;0;13;0;7;0;A01
200900019811;0;2;0;0;2;1;1;B02
200900019811;0;7;0;0;2;3;1;A01
200900019812;0;7;0;0;9;3;1;A01
200900019812;0;1;0;0;2;1;5;B02
200900019813;0;7;0;2;0;1;1;A01
200900019814;0;33;0;0;2;1;17;B02
200900019814;0;7;0;0;2;3;10;A01
200900019815;0;7;0;0;2;1;1;B02
200900019815;0;7;0;0;0;1;15;A01
200900019816;0;7;0;0;0;8;1;B02
200900019816;0;14;0;0;2;1;1;A01
200900019817;0;7;0;0;2;8;15;B02
200900019817;0;33;0;0;2;1;17;A01
200900019818;0;7;0;0;2;1;0;A01
200900019818;0;7;0;0;2;1;0;B01
200900019819;0;1;0;0;2;1;17;B01
200900019819;0;7;0;0;9;3;15;A01
200900019820;0;1;0;0;2;1;2;A01
200900019820;0;7;0;0;9;3;19;B01
200900019821;0;7;0;0;2;1;1;B01
200900019821;0;30;0;0;2;1;5;A01
200900019822;0;7;0;0;0;3;0;A01
200900019823;0;1;0;0;2;3;1;B01
200900019823;0;7;0;0;2;2;1;A01
200900019824;0;32;0;0;0;0;0;A01
200900019825;0;7;0;0;1;2;1;A01
200900019826;0;3;0;1;0;1;0;A01
200900019826;0;7;0;0;2;8;24;B01
200900019827;0;7;0;0;2;8;15;A01
200900019827;0;31;0;0;2;1;17;B01
200900019828;0;7;0;0;2;7;15;B01
200900019828;0;1;0;0;2;3;1;A01
200900019829;0;7;0;3;0;7;1;D04
200900019829;0;7;0;0;2;1;1;C03
200900019829;0;7;0;0;2;9;17;A01
200900019829;0;14;0;0;2;1;1;B02
200900019830;0;7;0;0;2;1;13;A01
200900019830;0;7;0;0;2;3;1;B02
200900019831;0;7;0;0;0;1;15;A01
200900019831;0;7;0;0;2;1;1;B01
200900019832;0;7;0;0;1;1;1;A01
200900019833;0;7;0;0;2;4;23;B01
200900019833;0;7;0;0;2;1;1;A01
200900019834;0;7;0;0;2;1;2;A01
200900019834;0;7;0;0;2;4;2;B01
200900019835;0;7;0;0;2;1;1;B01
200900019835;0;7;0;0;2;2;15;A01
200900019836;0;30;0;0;0;0;0;A01
200900019837;0;7;0;0;2;4;4;A01
200900019837;0;33;0;0;2;1;1;B01
200900019838;2;7;0;0;1;0;0;Z01
200900019839;0;7;0;0;2;3;5;A01
200900019839;0;7;0;0;2;3;1;B02
200900019840;0;31;0;0;2;1;1;A01
200900019840;0;7;0;0;2;3;15;B02
200900019841;0;32;0;0;2;7;1;B01
200900019841;0;7;0;0;2;3;11;A01
200900019842;0;7;0;0;2;0;16;A01
200900019842;0;33;0;0;2;0;1;B01
200900019843;0;7;0;6;0;1;1;A01
200900019844;0;7;0;0;2;0;1;B01
200900019844;0;7;0;0;2;0;1;A01
200900019845;0;7;0;0;2;5;1;A01
200900019845;0;7;0;0;2;3;1;B01
200900019846;0;7;0;0;1;1;1;A01
200900019847;0;7;0;0;0;8;11;A01
200900019847;0;7;0;0;2;2;1;B01
200900019848;0;7;0;0;2;1;17;A01
200900019848;0;2;0;0;2;1;1;B02
200900019849;0;7;0;2;0;8;14;A01
200900019850;0;7;0;0;1;1;15;A01
200900019851;0;7;0;0;2;8;15;B01
200900019851;0;33;0;15;2;7;17;A01
200900019852;0;1;0;0;2;4;9;B02
200900019852;0;7;0;0;2;1;1;A01
200900019853;0;7;0;0;2;1;13;A01
200900019853;0;16;0;0;2;3;1;B02
200900019854;0;7;0;0;1;2;16;A01
200900019855;0;7;0;0;1;2;1;A01
200900019856;0;7;0;0;2;3;1;B01
200900019856;0;7;0;0;2;1;1;A01
200900019857;0;7;0;0;1;2;1;A01
200900019858;0;7;0;6;2;2;1;A01
200900019858;0;7;0;7;2;3;1;B01
200900019859;0;7;0;0;1;1;0;A01
200900019860;0;7;0;2;0;1;2;A01
200900019861;0;7;0;0;0;4;23;B02
200900019861;0;7;0;0;2;1;1;A01
200900019862;0;7;0;2;0;7;17;A01
200900019863;0;37;15;0;2;3;15;A01
200900019863;0;30;0;0;2;7;1;B01
200900019863;0;7;0;0;2;7;1;C01
200900019864;0;10;0;0;1;1;2;A01
200900019865;0;7;0;0;1;0;0;A01
200900019866;0;7;0;0;2;7;5;A01
200900019866;0;7;0;0;2;1;1;B02
200900019867;0;7;0;0;2;1;1;B01
200900019867;0;7;0;0;2;2;1;A01
200900019868;0;7;0;0;2;3;1;A01
200900019868;0;7;0;0;2;2;15;B01
200900019869;1;7;0;0;1;3;1;A01
200900019870;1;1;0;0;1;0;0;Z01
200900019871;0;7;0;0;2;1;14;A01
200900019871;0;10;0;0;0;3;1;C03
200900019871;0;10;0;0;2;1;1;B02
200900019872;0;31;0;0;2;1;2;B01
200900019872;0;7;0;0;2;8;10;A01
200900019873;0;37;1;0;1;2;1;A01
200900019874;0;7;0;0;1;2;1;A01
200900019875;0;7;0;16;2;8;1;A01
200900019875;0;7;0;0;2;1;1;B01
200900019876;0;30;0;0;2;1;1;B02
200900019876;0;7;0;0;0;1;15;A01
200900019877;0;7;0;0;2;3;15;A01
200900019877;0;31;0;0;2;1;2;B02
200900019878;0;7;0;0;1;7;1;A01
200900019879;0;7;0;2;0;3;1;A01
200900019880;0;7;0;0;0;1;2;A01
200900019881;0;10;0;0;1;1;1;A01
200900019882;0;7;0;0;1;1;15;A01
200900019883;0;7;0;0;1;4;4;Z01
200900019884;0;7;0;7;2;1;6;A01
200900019884;0;7;0;0;2;3;1;B01
200900019885;0;31;0;0;2;1;1;A01
200900019886;0;7;0;8;0;8;1;A01
200900019887;0;10;0;0;0;4;1;C01
200900019887;0;10;0;0;2;1;2;A01
200900019887;0;7;0;0;0;4;1;D01
200900019887;0;7;0;0;0;4;1;B01
200900019888;0;7;0;0;1;1;1;A01
200900019889;0;7;0;0;1;1;1;A01
200900019890;0;7;0;0;2;7;21;B01
200900019890;0;7;0;0;2;3;21;E01
200900019890;0;7;0;0;2;0;0;Z02
200900019890;0;7;0;8;2;7;21;A01
200900019890;0;7;0;0;2;3;21;C01
200900019890;0;7;0;0;2;8;21;D01
200900019891;0;7;0;0;2;2;1;A01
200900019891;0;7;0;0;2;3;1;B01
200900019892;0;7;0;12;2;3;1;A01
200900019892;0;7;0;12;2;3;1;B01
200900019893;0;10;0;14;0;3;1;D04
200900019893;0;7;0;0;2;1;1;B02
200900019893;0;7;0;0;2;3;13;A01
200900019893;0;7;0;0;2;6;1;C03
200900019894;0;7;0;0;2;2;16;B01
200900019894;0;2;0;0;2;3;1;A01
200900019895;0;7;0;0;2;3;1;C01
200900019895;0;7;0;0;2;3;1;B01
200900019895;0;7;0;0;2;4;1;D01
200900019895;0;32;0;0;2;1;13;A01
200900019896;0;7;0;10;2;0;13;A01
200900019896;1;7;0;0;2;0;0;Z01
200900019897;0;30;0;0;2;2;1;B01
200900019897;0;7;0;0;2;1;1;A01
200900019898;0;7;0;0;1;1;16;A01
200900019899;0;30;0;1;0;1;1;A01
200900019900;0;7;0;0;1;1;1;A01
200900019901;0;10;0;0;1;3;1;A01
200900019902;0;30;0;0;0;7;21;A01
200900019902;0;7;0;0;0;6;2;B01
200900019903;1;7;0;0;2;1;1;A01
200900019903;0;7;0;0;2;3;1;B01
200900019904;0;7;0;15;0;2;1;A01
200900019905;0;7;0;0;1;0;1;A01
200900019906;0;15;0;0;2;6;16;A01
200900019906;0;1;0;0;2;9;16;B01
200900019907;0;7;0;0;1;2;16;A01
200900019908;0;7;0;0;1;0;1;A01
200900019909;0;7;0;0;2;4;23;C01
200900019909;0;7;0;0;2;1;1;A01
200900019909;0;7;0;0;2;4;1;B01
200900019910;0;1;0;0;2;1;1;B01
200900019910;0;30;0;0;2;3;9;A01