num_acc;senc;catv;occutc;obs;obsm;choc;manv;num_veh
200900019911;0;40;1;0;1;1;1;A01
200900019912;0;7;0;0;2;1;2;A01
200900019912;0;7;0;0;0;4;2;C01
200900019912;0;7;0;0;2;0;2;B01
200900019913;0;7;0;0;2;1;9;A01
200900019913;0;30;0;0;2;7;1;B02
200900019914;0;7;0;0;2;8;10;A01
200900019914;0;30;0;0;2;1;1;B01
200900019915;0;7;0;0;1;4;4;A01
200900019916;0;7;0;0;2;1;1;B01
200900019916;0;7;0;15;2;7;15;A01
200900019917;0;7;0;0;2;3;16;A01
200900019917;0;7;0;0;2;2;1;B01
200900019918;0;2;0;0;2;1;1;B02
200900019918;0;7;0;0;2;3;17;A01
200900019919;0;36;0;0;2;0;20;A01
200900019920;0;7;0;0;0;3;1;A01
200900019920;0;7;0;0;0;8;1;B02
200900019921;0;10;0;0;1;2;16;A01
200900019922;0;7;0;;2;8;1;B02
200900019922;0;14;0;;2;4;3;A01
200900019923;0;7;0;4;2;6;1;B01
200900019923;0;17;0;4;2;2;14;A01
200900019924;0;7;0;0;2;1;2;A01
200900019924;0;7;0;0;0;4;2;B01
200900019925;0;7;0;0;0;6;1;B01
200900019925;0;7;0;0;0;2;17;A01
200900019926;0;7;0;0;1;1;1;A01
200900019927;0;15;0;13;0;1;16;A01
200900019928;0;7;0;0;2;3;15;B01
200900019928;0;30;0;0;2;2;5;A01
200900019929;0;13;0;0;2;4;23;C01
200900019929;0;7;0;0;2;1;23;B01
200900019929;0;17;0;0;2;3;1;A01
200900019930;0;7;0;0;1;3;15;A01
200900019931;0;7;0;0;2;3;1;B01
200900019931;0;7;0;0;2;1;21;A01
200900019932;0;7;0;0;1;1;1;A01
200900019933;0;7;0;0;2;1;1;B01
200900019933;0;7;0;0;2;3;5;A01
200900019934;0;7;0;0;1;2;1;A01
200900019935;0;7;0;3;0;2;1;A01
200900019936;0;7;0;0;2;4;2;B01
200900019936;0;7;0;0;2;1;2;A01
200900019936;0;7;0;0;0;4;2;D01
200900019936;0;7;0;0;2;4;2;C01
200900019937;0;7;0;0;2;1;2;A01
200900019937;0;99;0;0;2;4;23;B01
200900019938;0;7;0;0;0;3;1;A01
200900019938;0;7;0;0;2;2;12;B01
200900019939;0;7;0;0;2;1;1;B01
200900019939;0;7;0;0;2;7;1;A01
200900019940;0;7;0;12;0;6;1;A01
200900019941;0;7;0;0;2;2;15;A01
200900019941;0;2;0;0;2;1;1;B01
200900019942;0;17;0;0;2;8;2;B01
200900019942;0;7;0;3;2;3;2;A01
200900019943;0;10;0;0;1;4;4;A01
200900019944;0;7;0;0;0;4;2;B01
200900019944;0;10;0;0;2;1;2;A01
200900019945;0;7;0;0;1;2;1;A01
200900019946;0;7;0;0;0;0;1;B01
200900019946;0;7;0;0;2;0;1;C01
200900019946;1;7;0;0;0;0;9;A01
200900019947;0;7;0;0;1;2;1;A01
200900019948;0;33;0;1;0;8;2;A01
200900019948;0;7;0;0;2;2;1;B01
200900019949;0;7;0;0;2;1;2;A01
200900019949;0;7;0;0;2;4;23;B01
200900019949;0;7;0;0;0;4;23;C01
200900019950;0;7;0;0;2;1;1;A01
200900019950;0;7;0;;2;3;10;B01
200900019951;0;7;0;0;1;8;23;A01
200900019952;2;7;0;0;1;2;1;A01
200900019953;1;7;0;0;0;0;0;B01
200900019953;0;7;0;3;0;2;12;A01
200900019954;0;7;0;0;2;3;1;B01
200900019954;0;2;0;0;2;2;1;A01
200900019955;1;7;0;0;1;0;0;Z01
200900019956;0;7;0;3;0;8;17;A01
200900019956;0;17;0;0;0;4;23;B01
200900019957;0;10;0;0;2;1;1;B01
200900019957;0;7;0;0;2;7;1;A01
200900019958;0;14;0;13;0;0;14;A01
200900019959;0;7;0;0;1;0;2;A01
200900019960;0;7;0;4;0;3;1;A01
200900019961;0;7;0;8;0;2;1;A01
200900019962;0;17;0;;2;4;;C01
200900019962;0;7;0;;2;1;1;D01
200900019962;0;7;0;;2;9;9;B01
200900019962;0;17;0;;2;1;1;A01
200900019963;0;7;0;;2;4;1;C02
200900019963;0;7;0;;2;6;12;B02
200900019963;0;15;0;;2;1;2;A01
200900019964;0;7;0;;2;;;A01
200900019964;0;7;0;3;2;3;1;B02
200900019965;0;15;0;;2;1;12;A01
200900019965;0;7;0;;2;1;1;B02
200900019966;0;7;0;14;2;2;;G02
200900019966;0;15;0;;2;2;;D02
200900019966;0;17;0;;2;6;;B02
200900019966;0;7;0;14;;1;;H02
200900019966;0;17;0;;2;3;;A01
200900019966;0;10;0;;2;1;;E02
200900019966;0;7;0;;2;1;;C02
200900019966;0;15;0;;2;3;;F02
200900019967;0;7;0;0;2;3;1;B02
200900019967;0;7;0;0;2;1;13;A01
200900019968;0;14;0;;;4;;F02
200900019968;0;7;0;;2;5;;E02
200900019968;0;10;0;0;0;3;;C02
200900019968;0;7;0;0;0;6;;B02
200900019968;0;13;0;0;0;5;;A01
200900019968;0;7;0;;2;2;;G02
200900019968;0;7;0;;;6;;D02
200900019969;0;7;0;;2;8;11;A01
200900019969;0;7;0;;2;8;13;B02
200900019970;0;7;0;;2;4;1;A01
200900019970;0;7;0;;2;4;1;B02
200900019971;0;10;0;;2;1;1;A01
200900019971;0;7;0;;2;9;1;B02
200900019971;0;7;0;;0;4;1;C02
200900019972;0;10;0;;2;1;2;A01
200900019972;0;7;0;;2;4;2;D02
200900019972;0;7;0;;2;4;2;C02
200900019972;0;7;0;;2;4;2;B02
200900019973;0;7;0;4;0;3;16;A01
200900019974;0;7;0;4;;8;2;A01
200900019975;0;7;0;0;0;0;16;C03
200900019975;0;7;0;0;2;3;1;A01
200900019975;0;7;0;0;2;3;1;B02
200900019976;0;7;0;0;1;1;1;A01
200900019977;0;7;0;0;2;1;1;A01
200900019977;0;7;0;0;2;7;13;B02
200900019978;0;7;0;3;2;1;2;C03
200900019978;0;10;0;3;2;5;3;A01
200900019978;0;7;0;0;2;3;1;B02
200900019979;0;7;0;0;2;2;2;A01
200900019979;0;1;0;0;0;4;2;B02
200900019980;0;7;0;0;2;2;1;B02
200900019980;0;7;0;5;2;3;5;A01
200900019981;0;7;0;0;2;1;19;A01
200900019981;0;31;0;0;2;7;1;B02
200900019982;0;33;0;0;2;7;21;B02
200900019982;0;7;0;0;2;6;0;A01
200900019983;0;7;0;14;0;2;1;B02
200900019983;0;7;0;14;0;2;1;D04
200900019983;0;7;0;14;0;1;1;C03
200900019983;0;7;0;3;0;2;14;A01
200900019983;0;7;0;14;0;3;1;E05
200900019984;0;7;0;0;2;5;15;A01
200900019984;0;7;0;0;2;1;1;B02
200900019984;0;7;0;0;2;2;23;C03
200900019985;0;7;0;0;2;3;17;A01
200900019985;0;30;0;0;2;1;1;B02
200900019986;0;7;0;0;5;1;21;A01
200900019987;0;30;0;0;2;4;1;B02
200900019987;0;7;0;0;2;2;1;A01
200900019988;0;7;0;0;2;5;15;A01
200900019988;0;1;0;0;2;1;1;B02
200900019989;0;7;0;0;1;2;1;A01
200900019990;0;7;0;0;2;8;1;C03
200900019990;0;14;0;0;2;3;13;A01
200900019990;0;7;0;0;2;8;1;B02
200900019991;0;7;0;6;2;7;1;A01
200900019991;0;7;0;0;2;1;1;B01
200900019992;0;7;0;0;1;1;1;A01
200900019993;0;2;0;0;2;1;1;B01
200900019993;0;7;0;0;2;3;15;A01
200900019994;0;7;0;0;2;5;2;B01
200900019994;2;7;0;0;2;1;2;A01
200900019995;0;7;0;0;2;2;15;A01
200900019995;0;7;0;2;2;7;1;B01
200900019996;0;7;0;0;2;1;1;A01
200900019997;0;7;0;0;1;2;12;A01
200900019998;0;33;0;0;2;1;17;A01
200900019998;0;7;0;0;2;8;17;B02
200900019999;0;31;0;0;0;1;1;A01
200900020000;0;33;0;0;2;1;13;A01
200900020000;0;7;0;0;2;1;1;C01
200900020000;0;17;0;0;2;3;1;B01
200900020001;0;7;0;0;2;5;15;A01
200900020001;0;31;0;0;2;1;1;B02
200900020002;0;7;0;0;2;3;15;A01
200900020002;0;33;0;0;2;0;2;B02
200900020003;0;7;0;2;0;2;1;A01
200900020004;0;7;0;13;0;1;17;A01
200900020005;0;7;0;0;0;3;4;A01
200900020005;0;1;0;1;2;0;1;B02
200900020006;0;7;0;2;0;3;13;A01
200900020007;0;1;0;0;2;6;1;C03
200900020007;0;7;0;0;2;2;17;A01
200900020007;0;7;0;8;2;8;1;B02
200900020008;0;14;0;2;0;3;1;A01
200900020009;0;31;0;0;2;9;13;A01
200900020009;0;7;0;0;9;2;1;B02
200900020010;0;33;0;0;2;1;1;A01
200900020010;0;7;0;0;2;8;1;B02
200900020011;0;10;0;0;2;3;15;A01
200900020011;0;33;0;0;2;1;1;B02
200900020012;0;7;0;0;2;1;1;B02
200900020012;0;10;0;0;2;7;13;A01
200900020013;0;33;0;0;2;3;17;A01
200900020013;0;7;0;0;2;3;1;B02
200900020014;0;33;0;13;0;1;1;A01
200900020015;0;7;0;0;2;8;1;C03
200900020015;0;7;0;0;2;1;13;A01
200900020015;0;7;0;0;2;1;1;B02
200900020016;0;7;0;0;0;7;15;A01
200900020016;0;7;0;0;2;1;14;B02
200900020017;0;7;0;12;0;1;1;A01
200900020018;0;10;0;4;0;2;15;A01
200900020019;0;10;0;13;0;3;1;A01
200900020020;0;7;0;0;1;2;1;A01
200900020021;0;7;0;4;2;1;2;B02
200900020021;0;7;0;4;2;2;2;F06
200900020021;0;7;0;0;2;4;2;E05
200900020021;0;7;0;0;2;4;1;C03
200900020021;0;7;0;0;2;1;2;D04
200900020021;0;7;0;0;2;8;1;A01
200900020022;0;7;0;13;0;1;1;A01
200900020023;0;7;0;12;2;6;14;A01
200900020023;0;7;0;0;2;8;1;B02
200900020024;0;33;0;0;0;0;1;A01
200900020025;0;13;0;0;2;1;14;A01
200900020025;0;10;0;0;2;1;1;B02
200900020026;0;10;0;6;0;1;1;A01
200900020027;0;14;0;0;2;6;1;B02
200900020027;0;1;0;0;2;1;13;A01
200900020028;0;30;0;0;2;1;2;B02
200900020028;0;14;0;0;0;6;16;A01
200900020029;0;10;0;0;2;1;0;B02
200900020029;0;7;0;0;2;1;17;A01
200900020030;0;10;0;0;2;4;1;B02
200900020030;0;30;0;0;2;1;1;A01
200900020031;0;7;0;0;1;4;4;A01
200900020032;0;2;0;8;0;2;1;A01
200900020033;0;33;0;0;2;2;3;A01
200900020033;0;7;0;0;2;6;1;B02
200900020033;0;7;0;0;2;7;1;C03
200900020034;0;7;0;0;2;3;19;A01
200900020034;0;30;0;0;2;1;1;B02
200900020035;0;7;0;3;0;8;1;A01
200900020036;0;7;0;0;1;3;1;A01
200900020037;0;7;0;0;0;4;23;A01
200900020037;0;7;0;1;0;1;1;B02
200900020038;0;7;0;0;0;4;1;A01
200900020038;0;2;0;0;2;1;2;B02
200900020039;0;7;0;0;2;1;1;A01
200900020039;0;7;0;0;0;5;9;B02
200900020040;0;33;0;0;0;1;0;A01
200900020041;0;33;0;0;2;1;18;B01
200900020041;0;7;0;0;2;3;23;C01
200900020041;0;7;0;0;2;7;22;A01
200900020042;0;7;0;0;2;5;15;A01
200900020042;0;32;0;0;2;1;1;B01
200900020043;0;7;0;0;2;1;2;A01
200900020043;0;7;0;0;2;4;2;B01
200900020044;0;7;0;0;2;3;1;B01
200900020044;0;33;0;0;2;1;17;A01
200900020045;0;33;0;16;2;3;16;A01
200900020045;0;7;0;0;2;3;1;B01
200900020046;0;7;0;0;2;1;2;A01
200900020046;0;7;0;0;2;4;23;B01
200900020047;1;7;0;0;1;7;20;A01
200900020048;0;7;0;0;1;3;1;A01
200900020049;0;31;0;0;2;1;1;B01
200900020049;0;7;0;0;2;3;10;A01
200900020050;0;7;0;0;1;2;17;A01
200900020051;0;7;0;0;2;3;1;A01
200900020051;0;7;0;0;2;7;1;B01
200900020052;0;7;0;0;2;8;1;B01
200900020052;1;10;0;0;2;3;13;A01
200900020053;0;10;0;0;2;3;13;A01
200900020053;0;32;0;0;2;1;17;B01
200900020054;0;7;0;0;1;3;1;A01
200900020055;0;7;0;0;2;3;15;B01
200900020055;0;30;0;0;2;2;17;A01
200900020056;0;7;0;0;1;7;1;A01
200900020057;0;1;0;0;2;1;1;B01
200900020057;0;7;0;0;2;5;19;A01
200900020058;0;30;0;0;1;1;2;A01
200900020059;0;1;0;0;2;1;1;A01
200900020059;0;7;0;0;2;2;16;B01
200900020060;0;7;0;0;2;7;19;B01
200900020060;0;30;0;0;2;1;1;A01
200900020061;0;7;0;0;2;3;9;A01
200900020061;0;30;0;0;2;1;1;B01
200900020062;0;7;0;0;2;1;1;A01
200900020062;0;2;0;0;2;7;1;B01
200900020063;0;10;0;0;1;4;4;A01
200900020064;0;7;0;0;2;4;2;C01
200900020064;0;7;0;14;0;1;1;A01
200900020064;0;7;0;14;2;4;2;B01
200900020065;0;7;0;0;2;3;15;B01
200900020065;0;33;0;0;2;1;17;A01
200900020066;0;33;0;0;2;1;1;B01
200900020066;0;7;0;0;2;3;9;A01
200900020067;0;7;0;0;2;1;1;A01
200900020067;0;30;0;0;2;4;2;B01
200900020068;0;33;0;0;2;1;19;B01
200900020068;0;33;0;0;2;1;0;A01
200900020069;0;33;0;0;2;1;17;A01
200900020069;0;7;0;0;2;2;9;B01
200900020070;0;7;0;0;2;1;1;A01
200900020070;0;7;0;0;0;4;1;B01
200900020071;0;7;0;8;0;3;13;A01
200900020072;0;7;0;0;2;1;1;A01
200900020073;0;7;0;0;0;4;23;B01
200900020073;0;7;0;0;2;1;1;A01
200900020074;0;7;0;0;1;1;1;A01
200900020074;0;7;0;1;2;3;1;B01
200900020075;0;30;0;0;2;4;23;B01
200900020075;0;7;0;0;2;1;2;A01
200900020076;0;1;0;0;2;1;13;A01
200900020076;0;7;0;0;2;5;1;B01
200900020077;0;2;0;0;1;1;17;A01
200900020078;0;2;0;0;1;1;1;A01
200900020079;0;30;0;0;2;1;12;A01
200900020079;0;7;0;0;2;4;14;B01
200900020080;0;7;0;0;1;1;1;A01
200900020081;0;7;0;0;2;1;1;B01
200900020081;0;7;0;0;2;7;15;A01
200900020082;0;7;0;0;0;0;0;A01
200900020083;0;7;0;0;2;3;13;A01
200900020083;0;30;0;0;2;2;1;B01
200900020084;0;7;0;0;2;0;16;A01
200900020084;0;2;0;0;2;1;1;B01
200900020085;0;7;0;0;1;2;1;A01
200900020086;0;7;0;0;2;3;9;A01
200900020086;0;31;0;0;2;1;1;B01
200900020087;0;7;0;0;2;4;2;A01
200900020087;0;7;0;0;2;1;2;C01
200900020087;0;7;0;0;2;1;2;B01
200900020088;0;32;0;0;2;1;2;A01
200900020088;0;7;0;0;0;5;2;B01
200900020089;0;7;0;0;2;6;10;B01
200900020089;0;7;0;0;2;2;0;A01
200900020090;0;7;0;0;1;3;1;A01
200900020091;1;7;0;0;2;2;17;A01
200900020091;0;7;0;0;2;8;15;B01
200900020091;0;30;0;0;2;1;1;C01
200900020092;0;7;0;0;1;3;20;A01
200900020093;0;7;0;0;2;2;15;A01
200900020093;0;33;0;0;2;1;8;B01
200900020094;1;10;0;0;1;0;1;A01
200900020095;0;7;0;0;2;8;15;A01
200900020095;0;33;0;0;2;1;1;B01
200900020096;0;7;0;0;1;1;1;A01
200900020097;0;37;7;0;2;2;1;B01
200900020097;0;7;0;0;2;3;15;A01
200900020098;2;7;0;0;1;1;2;A01
200900020099;0;30;0;0;2;1;17;A01
200900020099;0;7;0;0;2;2;15;B01
200900020100;0;2;0;0;2;1;1;A01
200900020100;0;33;0;0;2;1;1;B01
200900020101;0;31;0;0;2;1;9;A01
200900020101;0;7;0;0;2;3;15;B01
200900020102;0;2;0;0;2;3;2;B01
200900020102;0;7;0;0;2;3;15;A01
200900020103;0;7;0;1;2;5;1;B01
200900020103;0;7;0;0;2;1;9;A01
200900020104;0;2;0;0;2;1;1;A01
200900020104;0;7;0;0;2;1;1;B01
200900020105;0;7;0;0;0;0;9;B01
200900020105;0;33;0;0;0;0;0;A01
200900020106;1;7;0;0;2;1;2;A01
200900020106;0;7;0;0;2;4;2;B01
200900020106;0;7;0;0;2;4;2;C01
200900020107;0;30;0;0;2;1;17;A01
200900020107;0;7;0;0;0;6;13;B01
200900020108;0;2;0;0;1;1;0;A01
200900020109;0;7;0;0;2;4;24;B01
200900020109;0;2;0;1;0;1;14;A01
200900020110;0;7;0;0;1;2;1;A01
200900020111;0;7;0;0;2;3;9;A01
200900020111;0;33;0;0;2;2;2;B01
200900020112;0;7;0;0;1;1;0;A01
200900020113;0;2;0;0;2;1;1;B01
200900020113;0;7;0;0;2;2;15;A01
200900020114;0;2;0;0;2;1;13;A01
200900020114;0;7;0;0;2;3;1;B01
200900020115;0;33;0;0;2;1;13;A01
200900020115;0;7;0;0;2;3;1;B01
200900020116;0;2;0;0;2;1;1;B01
200900020116;0;7;0;0;2;1;0;A01
200900020117;0;14;0;0;2;3;1;B01
200900020117;0;7;0;0;2;1;1;A01
200900020118;0;7;0;0;1;0;0;A01
200900020119;0;10;0;0;1;3;2;A01
200900020120;0;7;0;0;1;1;1;A01
200900020121;0;2;0;0;2;7;21;B01
200900020121;0;7;0;0;1;1;1;A01
200900020122;0;7;0;0;2;5;17;A01
200900020122;0;2;0;0;2;4;1;B01
200900020123;0;7;0;0;2;3;2;B01
200900020123;0;33;0;0;2;0;2;A01
200900020124;0;7;0;0;0;6;1;A01
200900020124;0;7;0;0;2;1;1;B01
200900020125;0;7;0;0;2;0;2;D01
200900020125;0;7;0;0;2;4;2;B01
200900020125;0;7;0;0;2;1;2;A01
200900020125;0;7;0;0;2;0;2;C01
200900020126;0;2;0;0;2;1;17;A01
200900020126;0;7;0;0;2;3;15;B01
200900020127;0;7;0;6;0;2;14;A01
200900020128;0;30;0;0;1;1;17;A01
200900020129;0;31;0;0;2;1;1;B01
200900020129;0;7;0;0;2;5;1;A01
200900020130;0;33;0;0;1;1;1;A01
200900020131;0;10;0;0;2;6;9;A01
200900020131;0;33;0;0;2;0;0;B01
200900020132;0;7;0;0;2;3;1;A01
200900020132;0;32;0;0;2;4;15;B01
200900020133;0;33;0;0;2;1;1;B01
200900020133;0;7;0;0;2;2;15;A01
200900020134;0;7;0;0;2;4;2;B01
200900020134;0;7;0;0;2;1;1;A01
200900020135;0;30;0;0;2;0;0;B01
200900020135;1;7;0;0;2;0;0;A01
200900020136;0;7;0;0;1;3;15;A01
200900020137;0;7;0;0;2;5;15;A01
200900020137;0;30;0;0;2;1;1;B01
200900020138;0;17;0;0;2;2;12;A01
200900020138;0;7;0;0;0;8;1;B01
200900020139;0;7;0;0;2;1;1;A01
200900020139;0;7;0;0;2;4;2;B01
200900020140;0;30;0;0;2;7;1;A01
200900020140;0;7;0;0;2;3;1;B01
200900020141;0;30;0;0;2;1;1;B01
200900020141;1;7;0;0;2;7;15;A01
200900020142;0;7;0;0;0;8;15;A01
200900020142;0;34;0;0;2;1;1;B01
200900020143;0;7;0;0;0;7;1;B01
200900020143;0;7;0;0;2;1;1;A01
200900020144;0;7;0;0;2;1;1;A01
200900020144;0;7;0;2;2;8;1;B01
200900020145;0;32;0;12;0;1;1;B01
200900020145;0;7;0;0;0;0;15;A01
200900020146;0;34;0;0;2;1;1;B01
200900020146;0;7;0;0;0;7;1;A01
200900020147;0;7;0;0;1;1;1;A01
200900020148;0;31;0;0;0;7;1;A01
200900020148;0;7;0;0;2;1;15;B01
200900020149;0;7;0;0;2;0;1;B01
200900020149;0;7;0;0;0;1;1;A01
200900020150;0;7;0;0;2;3;13;A01
200900020150;0;7;0;0;2;3;1;D01
200900020150;0;7;0;0;0;3;1;C01
200900020150;0;7;0;0;2;9;1;B01
200900020151;0;2;0;14;0;1;1;A01
200900020152;0;32;0;0;2;1;1;B01
200900020152;0;7;0;0;2;1;15;A01
200900020153;0;7;0;0;2;4;2;C01
200900020153;0;7;0;0;2;4;2;B01
200900020153;0;7;0;0;2;1;2;A01
200900020154;0;7;0;0;2;0;0;B01
200900020154;0;31;0;0;2;2;0;A01
200900020155;0;7;0;0;0;8;22;A01
200900020155;0;7;0;1;0;7;1;B01
200900020156;0;32;0;0;1;0;17;A01
200900020157;0;7;0;8;0;1;0;A01
200900020158;0;7;0;0;2;2;2;A01
200900020158;0;7;0;8;2;5;0;B01
200900020159;0;7;0;1;0;2;0;A01
200900020160;0;7;0;0;2;1;2;A01
200900020160;0;31;0;0;2;4;23;B01
200900020161;0;7;0;0;2;4;2;B01
200900020161;0;7;0;0;0;4;2;C01
200900020161;0;7;0;0;2;1;2;A01
200900020162;1;7;0;0;2;0;0;A01
200900020162;0;30;0;0;0;4;0;B01
200900020163;0;7;0;0;2;2;15;A01
200900020163;0;2;0;0;2;1;0;B02
200900020164;0;7;0;0;2;8;23;C03
200900020164;0;7;0;0;2;7;16;B02
200900020164;0;30;0;0;2;8;18;A01
200900020165;0;7;0;0;2;3;1;B02
200900020165;0;2;0;0;2;1;13;A01
200900020166;0;7;0;2;0;1;14;A01
200900020167;0;32;0;0;2;1;0;A01
200900020167;0;7;0;0;2;3;1;B01
200900020167;0;7;0;0;0;0;23;C01
200900020168;0;33;0;0;2;7;23;C01
200900020168;0;10;0;0;2;3;14;A01
200900020168;0;7;0;0;0;0;1;B01
200900020169;0;7;0;6;2;3;1;B01
200900020169;0;7;0;0;2;3;1;A01
200900020170;0;31;0;0;2;1;1;B01
200900020170;0;7;0;0;2;3;15;A01
200900020171;0;7;0;0;2;8;0;C01
200900020171;0;10;0;0;2;2;9;A01
200900020171;0;7;0;1;2;3;1;B01
200900020172;0;7;0;0;2;1;13;A01
200900020172;0;14;0;0;2;1;2;B01
200900020173;0;10;0;0;1;0;0;A01
200900020174;0;2;0;0;2;1;1;B01
200900020174;0;7;0;0;2;7;15;A01
200900020175;0;13;0;0;2;5;1;B01
200900020175;0;7;0;0;2;6;1;C01
200900020175;0;33;0;0;2;1;3;A01
200900020176;0;7;0;0;1;1;0;A01
200900020177;0;31;0;0;2;7;0;A01
200900020177;0;7;0;0;0;0;0;B01
200900020178;0;7;0;0;2;1;1;A01
200900020178;0;17;0;0;2;3;0;B01
200900020179;0;7;0;0;2;7;1;B01
200900020179;0;30;0;0;2;1;1;A01
200900020180;0;7;0;1;2;1;13;A01
200900020181;0;33;0;0;2;1;1;B01
200900020181;0;7;0;0;2;8;9;A01
200900020182;0;31;0;0;2;1;1;A01
200900020182;0;37;1;0;2;2;1;B01
200900020183;0;7;0;0;2;3;9;A01
200900020183;0;7;0;1;2;5;1;B01
200900020184;0;10;0;0;2;6;4;A01
200900020184;0;2;0;0;2;1;1;B01
200900020185;0;7;0;0;2;1;2;A01
200900020185;0;7;0;0;2;4;2;B01
200900020186;0;33;0;1;0;1;1;A01
200900020186;0;7;0;0;2;4;0;B01
200900020187;1;10;0;0;2;1;2;A01
200900020187;0;7;0;0;2;4;2;C01
200900020187;0;7;0;0;2;4;2;B01
200900020188;0;7;0;0;2;3;15;A01
200900020188;0;31;0;0;2;0;17;B01
200900020189;0;7;0;0;2;4;1;B01
200900020189;0;33;0;0;2;1;1;A01
200900020190;0;2;0;0;1;1;1;A01
200900020191;0;7;0;0;2;1;2;B01
200900020191;0;7;0;0;2;7;2;A01
200900020192;0;33;0;0;2;3;2;B01
200900020192;0;10;0;0;2;3;15;A01
200900020193;0;7;0;0;2;3;2;B01
200900020193;0;33;0;0;1;8;21;A01
200900020194;0;7;0;0;2;3;15;A01
200900020194;0;33;0;0;2;1;17;B01
200900020195;0;33;0;0;0;0;1;A01
200900020196;0;7;0;0;2;2;0;A01
200900020196;0;32;0;0;2;0;0;B01
200900020197;0;37;23;0;2;2;1;B01
200900020197;0;7;0;0;2;3;15;A01
200900020198;0;7;0;2;0;1;1;A01
200900020199;0;7;0;0;2;1;1;A01
200900020199;0;7;0;0;2;8;19;B02
200900020200;0;7;0;0;0;0;14;A01
200900020201;0;7;0;0;2;7;1;B02
200900020201;0;7;0;0;0;1;9;A01
200900020202;0;33;0;16;0;7;0;A01
200900020203;0;7;0;0;0;9;1;A01
200900020204;1;7;0;0;1;7;1;A01
200900020205;0;10;0;0;2;2;2;A01
200900020205;0;99;0;0;0;0;0;B02
200900020206;0;33;0;0;2;3;21;A01
200900020206;0;7;0;0;2;5;2;B02
200900020207;0;30;0;1;0;3;1;A01
200900020207;0;7;0;0;2;5;24;C03
200900020207;0;7;0;0;2;2;24;B02
200900020208;0;30;0;0;2;7;1;B02
200900020208;0;7;0;0;2;1;1;A01
200900020209;0;10;0;0;2;3;16;B02
200900020209;0;7;0;0;2;3;1;A01
200900020210;0;1;0;0;2;8;16;B02
200900020210;0;7;0;0;2;1;1;A01
200900020211;0;7;0;1;0;3;1;A01
200900020212;0;7;0;0;2;1;1;B02
200900020212;0;7;0;0;2;3;15;A01
200900020213;0;31;0;0;2;1;1;B02
200900020213;0;7;0;0;2;8;19;A01
200900020214;0;7;0;0;2;1;1;A01
200900020214;0;1;0;0;2;1;16;B02
200900020215;0;7;0;4;0;1;14;A01
200900020216;0;7;0;0;2;1;1;B02
200900020216;0;7;0;0;0;7;19;A01
200900020217;0;7;0;0;2;2;15;A01
200900020217;0;7;0;0;2;2;1;B02
200900020218;0;7;0;0;2;5;17;B01
200900020218;0;2;0;0;2;8;13;A01
200900020219;0;2;0;0;2;1;1;A01
200900020219;0;7;0;0;2;5;15;B01
200900020220;0;33;0;0;2;1;1;A01
200900020220;0;1;0;0;2;0;14;B01
200900020221;0;7;0;0;2;8;1;B01
200900020221;0;7;0;0;2;4;11;C01
200900020221;0;31;0;0;2;1;3;A01
200900020222;0;33;0;1;2;2;1;B01
200900020222;0;2;0;0;2;8;17;A01
200900020223;0;31;0;0;2;8;1;A01
200900020223;1;7;0;0;2;0;15;Z01
200900020224;0;7;0;0;2;3;1;B01
200900020224;0;7;0;0;2;2;1;A01
200900020225;0;7;0;0;1;1;1;A01
200900020226;0;30;0;0;0;0;21;A01
200900020227;0;10;0;0;2;3;2;A01
200900020227;0;7;0;0;2;4;23;B01
200900020228;0;7;0;0;2;3;10;A01
200900020228;0;31;0;0;2;2;1;B01
200900020229;0;2;0;0;0;0;1;A01
200900020230;0;7;0;0;2;1;2;A01
200900020230;0;7;0;0;2;4;23;B01
200900020231;0;31;0;0;0;0;1;A01
200900020232;0;7;0;0;2;2;15;A01
200900020232;0;30;0;0;2;1;1;B01
200900020233;0;31;0;0;0;0;17;A01
200900020234;0;31;0;0;0;1;3;A01
200900020235;0;7;0;0;1;7;1;A01
200900020236;0;32;0;0;0;7;21;A01
200900020237;0;1;0;0;2;8;1;B01
200900020237;0;7;0;0;2;1;15;A01
200900020238;0;7;0;0;2;6;13;A01
200900020238;0;33;0;0;2;2;1;B01
200900020239;1;7;0;0;1;2;1;Z01
200900020240;0;13;0;0;2;2;11;A01
200900020240;0;33;0;0;2;3;11;B01
200900020241;0;1;0;0;2;8;7;B01
200900020241;0;1;0;0;2;5;7;A01
200900020242;1;7;0;0;1;0;1;Z01
200900020243;0;33;0;0;2;7;3;A01
200900020243;0;7;0;0;2;8;1;B01
200900020244;0;1;0;0;1;1;1;A01
200900020245;0;7;0;0;2;8;22;A01
200900020245;0;1;0;0;2;1;1;B01
200900020246;0;32;0;0;2;3;17;A01
200900020246;0;10;0;0;2;6;15;B01
200900020247;0;7;0;0;2;4;23;B01
200900020247;0;7;0;0;2;1;2;A01
200900020248;0;7;0;0;2;1;1;B01
200900020248;0;7;0;14;2;7;15;A01
200900020249;0;7;0;0;2;2;1;B01
200900020249;0;30;0;0;2;3;9;A01
200900020250;0;30;0;0;0;8;15;A01
200900020251;0;10;0;0;2;7;23;A01
200900020251;0;30;0;0;2;3;18;B01
200900020252;0;1;0;0;2;7;17;B01