num_acc;senc;catv;occutc;obs;obsm;choc;manv;num_veh
200900020252;0;7;0;0;2;3;22;A01
200900020253;0;33;0;0;2;1;1;B01
200900020253;0;1;0;0;2;3;19;A01
200900020254;0;7;0;0;1;4;4;A01
200900020255;0;7;0;0;1;2;7;A01
200900020256;0;32;0;0;2;8;1;B01
200900020256;0;7;0;0;2;1;15;A01
200900020257;0;32;0;0;2;3;23;B01
200900020257;0;7;0;0;2;2;14;A01
200900020257;0;7;0;0;2;3;23;C01
200900020258;0;1;0;12;0;3;17;A01
200900020259;0;34;0;0;2;4;1;B01
200900020259;0;7;0;0;2;1;15;A01
200900020260;0;30;0;0;1;1;18;A01
200900020261;0;7;0;7;0;1;15;A01
200900020262;0;10;0;0;1;1;15;A01
200900020263;0;32;0;0;2;6;2;A01
200900020263;0;7;0;0;2;0;2;B01
200900020263;1;7;0;0;2;0;1;Z01
200900020264;0;7;0;0;2;8;1;B01
200900020264;0;7;0;0;2;3;1;C01
200900020264;0;14;0;0;2;2;12;A01
200900020265;0;1;0;0;1;8;1;A01
200900020266;0;37;0;0;2;4;2;B01
200900020266;0;37;0;0;2;1;2;A01
200900020267;1;2;0;0;1;1;1;Z01
200900020268;0;7;0;0;2;2;1;A01
200900020268;0;1;0;0;2;4;11;B01
200900020269;0;7;0;0;1;2;1;A01
200900020270;0;7;0;0;1;5;1;A01
200900020271;0;7;0;0;1;1;1;A01
200900020272;0;1;0;8;0;3;14;A01
200900020273;0;34;0;0;2;0;23;B01
200900020273;0;32;0;0;2;0;2;A01
200900020274;0;32;0;0;0;7;1;A01
200900020275;0;30;0;12;0;2;1;A01
200900020276;0;7;0;0;2;4;23;B01
200900020276;0;30;0;0;2;1;2;A01
200900020277;0;7;0;0;2;1;2;A01
200900020277;0;7;0;0;2;4;23;B01
200900020278;0;7;0;1;2;8;1;B01
200900020278;0;7;0;1;2;1;15;A01
200900020279;0;7;0;0;2;0;9;A01
200900020279;0;30;0;0;2;1;2;C01
200900020279;0;34;0;0;2;4;2;B01
200900020280;0;37;30;0;1;1;1;A01
200900020281;0;32;0;1;2;1;18;A01
200900020281;0;10;0;0;2;4;23;B01
200900020282;0;7;0;0;2;3;15;A01
200900020282;0;30;0;0;2;7;1;B01
200900020283;0;10;0;0;2;3;11;A01
200900020283;0;32;0;0;2;2;1;B01
200900020284;0;7;0;0;2;4;23;B01
200900020284;0;7;0;0;2;1;2;A01
200900020285;0;30;0;6;0;1;13;A01
200900020286;0;33;0;0;2;7;15;B01
200900020286;0;30;0;0;2;3;1;A01
200900020287;0;31;0;0;2;1;1;B01
200900020287;0;10;0;0;2;2;15;A01
200900020288;0;30;0;14;0;7;1;A01
200900020289;0;7;0;0;1;1;15;A01
200900020290;0;31;0;0;2;8;3;A01
200900020290;0;7;0;0;2;7;12;B01
200900020291;0;30;0;0;0;0;15;A01
200900020292;0;32;0;1;2;1;14;A01
200900020292;0;7;0;0;2;4;24;B01
200900020293;0;30;0;0;2;2;2;A01
200900020293;0;7;0;0;2;6;23;B01
200900020294;0;7;0;0;1;1;1;A01
200900020295;0;1;0;0;2;8;13;B01
200900020295;0;10;0;0;2;7;1;A01
200900020296;0;7;0;0;2;6;1;B01
200900020296;0;34;0;0;2;1;1;A01
200900020297;0;33;0;0;1;2;17;A01
200900020298;1;7;0;0;2;2;10;Z01
200900020298;0;33;0;0;2;1;1;A01
200900020299;0;33;0;0;1;1;18;A01
200900020300;0;7;0;0;2;4;23;A01
200900020300;1;7;0;0;2;1;2;Z01
200900020301;0;7;0;4;0;3;13;A01
200900020302;0;7;0;0;2;2;1;B01
200900020302;0;30;0;0;2;1;5;A01
200900020303;0;30;0;0;2;3;1;B01
200900020303;0;7;0;0;2;1;15;A01
200900020304;0;7;0;1;0;1;15;A01
200900020305;0;7;0;11;0;1;13;A01
200900020306;0;31;0;0;2;4;2;B01
200900020306;0;7;0;0;2;1;2;A01
200900020307;0;10;0;0;2;4;2;B01
200900020307;0;7;0;0;2;1;2;A01
200900020308;0;32;0;0;2;2;2;A01
200900020308;0;10;0;0;2;5;2;B01
200900020309;1;7;0;0;2;2;1;Z01
200900020309;0;30;0;0;2;3;1;A01
200900020310;0;14;0;0;2;2;2;A01
200900020310;0;7;0;0;2;6;23;B01
200900020311;0;32;0;0;0;0;1;A01
200900020312;0;31;0;0;0;7;1;A01
200900020313;0;7;0;0;1;4;4;A01
200900020314;0;30;0;0;0;2;1;A01
200900020315;0;10;0;0;1;0;4;A01
200900020316;0;10;0;0;2;4;2;B01
200900020316;0;2;0;0;2;1;2;A01
200900020317;0;31;0;0;0;0;21;A01
200900020318;0;32;0;0;2;3;1;A01
200900020318;0;10;0;0;2;2;1;B01
200900020319;0;30;0;0;1;1;1;A01
200900020320;0;7;0;0;2;3;24;B01
200900020320;0;1;0;0;2;5;14;A01
200900020321;0;32;0;0;2;1;3;A01
200900020321;0;10;0;0;2;5;1;B01
200900020322;0;10;0;0;1;1;1;A01
200900020323;0;33;0;0;2;1;1;B01
200900020323;0;10;0;0;2;7;15;A01
200900020324;0;10;0;0;1;5;4;A01
200900020325;1;30;0;0;2;0;1;Z01
200900020325;0;2;0;0;2;7;7;A01
200900020326;0;32;0;0;0;7;21;A01
200900020327;0;7;0;6;0;8;13;A01
200900020328;0;7;0;0;2;3;15;A01
200900020328;0;33;0;0;2;8;1;B01
200900020329;0;7;0;0;2;8;9;A01
200900020329;0;1;0;0;2;1;1;B01
200900020330;0;7;0;0;1;1;1;A01
200900020331;0;7;0;1;1;1;20;A01
200900020332;0;1;0;0;2;3;18;B01
200900020332;0;14;0;0;2;2;22;A01
200900020333;1;33;0;0;1;1;1;Z01
200900020334;0;32;0;0;1;2;1;A01
200900020335;1;7;0;0;2;7;22;Z01
200900020335;0;33;0;0;2;8;18;A01
200900020336;0;1;0;0;1;1;7;A01
200900020337;0;32;0;14;0;0;21;A01
200900020338;0;7;0;0;2;6;23;B01
200900020338;0;32;0;0;2;6;2;A01
200900020339;0;7;0;0;2;2;12;A01
200900020339;0;32;0;0;2;4;1;B01
200900020340;0;33;0;1;0;2;14;A01
200900020341;0;2;0;0;0;0;1;A01
200900020342;0;31;0;0;0;2;1;A01
200900020343;0;7;0;0;1;1;1;A01
200900020344;0;7;0;0;1;6;4;A01
200900020345;0;1;0;0;1;1;1;A01
200900020346;0;7;0;0;2;8;10;A01
200900020346;0;32;0;0;2;7;5;B01
200900020347;1;7;0;0;2;5;17;Z01
200900020347;0;31;0;0;2;1;3;A01
200900020348;0;32;0;0;2;3;1;B01
200900020348;0;7;0;0;2;2;1;A01
200900020349;0;34;0;0;2;3;1;B01
200900020349;0;7;0;0;2;8;15;A01
200900020350;0;30;0;0;0;0;1;A01
200900020351;0;7;0;0;2;1;2;A01
200900020351;0;7;0;0;2;4;23;B01
200900020352;0;7;0;0;1;1;1;A01
200900020353;0;31;0;0;2;7;1;B01
200900020353;0;7;0;0;2;7;15;A01
200900020354;0;7;0;0;2;7;17;A01
200900020354;0;30;0;0;2;3;1;B01
200900020355;0;7;0;0;2;4;23;B01
200900020355;0;7;0;0;2;1;2;A01
200900020355;0;7;0;0;2;4;23;C01
200900020355;0;7;0;0;2;6;23;D01
200900020356;0;7;0;0;2;6;11;A01
200900020356;0;32;0;0;2;2;1;B01
200900020357;0;34;0;0;1;2;1;A01
200900020358;0;33;0;0;2;0;1;A01
200900020358;1;1;0;0;2;2;19;Z01
200900020359;0;7;0;0;2;1;1;B01
200900020359;0;32;0;0;2;7;1;A01
200900020360;0;2;0;0;2;2;17;B01
200900020360;0;10;0;0;2;3;15;A01
200900020361;0;34;0;12;0;8;13;A01
200900020362;0;7;0;0;2;8;15;A01
200900020362;0;33;0;0;2;3;17;B01
200900020363;0;7;0;0;2;3;15;A01
200900020363;0;30;0;0;2;0;1;B01
200900020364;0;33;0;0;2;3;1;A01
200900020364;0;7;0;0;2;2;15;B01
200900020365;0;10;0;0;1;3;1;A01
200900020366;0;33;0;0;2;1;1;A01
200900020366;0;31;0;0;2;8;15;B01
200900020367;0;30;0;0;2;0;1;B01
200900020367;0;7;0;0;2;2;14;A01
200900020368;0;1;0;0;2;0;7;B01
200900020368;0;7;0;0;2;3;15;A01
200900020369;0;7;0;0;1;1;16;A01
200900020370;0;7;0;0;1;1;15;A01
200900020371;0;33;0;0;2;0;23;B01
200900020371;0;7;0;0;2;1;2;A01
200900020372;0;10;0;0;1;3;15;A01
200900020373;0;31;0;0;2;4;15;B01
200900020373;0;32;0;0;2;1;1;A01
200900020374;0;30;0;0;2;8;13;A01
200900020374;0;7;0;0;2;7;1;B01
200900020375;0;7;0;0;2;3;9;A01
200900020375;0;30;0;0;2;1;1;B01
200900020376;0;7;0;0;2;3;13;A01
200900020376;0;37;25;0;2;2;7;B01
200900020377;1;32;0;0;1;1;1;Z01
200900020378;0;34;0;0;2;4;16;B01
200900020378;0;7;0;0;2;1;2;A01
200900020379;0;32;0;12;0;7;14;A01
200900020380;0;33;0;8;1;8;7;A01
200900020381;0;1;0;0;1;2;7;A01
200900020382;0;7;0;0;2;3;1;B01
200900020382;0;33;0;0;2;1;1;A01
200900020383;0;33;0;0;0;7;1;A01
200900020384;0;30;0;0;1;1;1;A01
200900020385;0;7;0;0;2;7;1;B01
200900020385;0;30;0;0;2;3;1;A01
200900020386;0;30;0;0;2;5;17;A01
200900020386;0;10;0;0;2;3;1;B01
200900020387;0;33;0;0;0;0;21;A01
200900020388;0;1;0;0;2;4;23;B01
200900020388;0;7;0;0;2;1;2;A01
200900020389;0;7;0;0;2;4;23;B01
200900020389;0;30;0;0;2;1;2;A01
200900020390;0;10;0;0;2;3;15;A01
200900020390;0;30;0;0;2;8;1;B01
200900020391;0;7;0;0;2;3;15;A01
200900020391;0;30;0;0;2;2;17;B01
200900020392;0;10;0;0;2;2;2;A01
200900020392;0;7;0;0;2;6;2;B01
200900020392;0;7;0;0;2;7;1;C01
200900020393;0;7;0;0;2;2;15;A01
200900020393;0;32;0;0;2;3;1;B01
200900020394;0;7;0;0;2;5;15;B01
200900020394;0;30;0;0;2;5;2;A01
200900020395;0;32;0;0;2;7;17;A01
200900020395;0;7;0;0;2;3;1;B01
200900020396;0;1;0;0;2;0;1;B01
200900020396;0;7;0;0;2;2;17;A01
200900020397;1;7;0;0;2;2;1;Z01
200900020397;0;33;0;0;2;3;1;A01
200900020398;0;7;0;0;2;3;1;B01
200900020398;0;7;0;1;2;3;1;A01
200900020399;0;7;0;0;2;6;10;A01
200900020399;0;34;0;0;2;2;1;B01
200900020400;0;34;0;0;1;8;17;A01
200900020401;0;31;0;0;2;8;2;A01
200900020401;0;7;0;0;2;4;2;B01
200900020402;1;10;0;0;2;0;11;Z01
200900020402;0;32;0;0;2;2;1;A01
200900020403;0;30;0;0;2;1;17;B01
200900020403;0;7;0;0;2;8;10;A01
200900020404;0;7;0;0;2;3;1;B01
200900020404;0;32;0;0;2;5;1;A01
200900020405;0;7;0;0;2;7;15;A01
200900020405;0;38;39;0;2;3;15;B01
200900020406;0;7;0;0;2;4;23;D01
200900020406;0;10;0;0;2;4;2;B01
200900020406;0;10;0;0;2;4;23;E01
200900020406;0;10;0;0;2;1;23;C01
200900020406;0;7;0;0;2;2;2;A01
200900020407;0;2;0;0;1;1;1;A01
200900020408;0;2;0;0;2;3;1;B01
200900020408;0;2;0;0;2;2;9;A01
200900020409;0;7;0;0;2;1;1;A01
200900020409;1;7;0;0;2;0;15;Z01
200900020410;0;7;0;7;0;1;13;A01
200900020411;0;32;0;0;2;1;2;A01
200900020411;0;7;0;0;2;5;16;B01
200900020412;0;32;0;0;2;8;1;B01
200900020412;0;7;0;0;2;1;15;A01
200900020412;0;7;0;0;2;1;23;C01
200900020413;0;10;0;0;2;4;2;A01
200900020413;0;30;0;0;2;4;2;B01
200900020414;0;10;0;0;2;2;22;A01
200900020414;0;33;0;0;2;8;18;B01
200900020415;0;31;0;0;2;8;1;B01
200900020415;0;7;0;0;2;2;12;A01
200900020416;0;7;0;0;2;3;15;B01
200900020416;0;32;0;0;2;7;1;A01
200900020417;0;7;0;0;2;6;15;B01
200900020417;0;34;0;0;2;1;1;A01
200900020418;0;7;0;0;2;1;9;B01
200900020418;0;30;0;0;2;1;1;A01
200900020419;0;13;0;0;1;4;4;A01
200900020420;0;33;0;0;2;1;3;A01
200900020420;0;10;0;0;2;5;12;B01
200900020420;0;7;0;0;2;4;23;C01
200900020421;0;7;0;0;2;8;15;A01
200900020421;0;33;0;0;2;1;1;B01
200900020422;0;7;0;0;1;3;15;A01
200900020423;0;7;0;0;1;2;1;A01
200900020424;0;33;0;0;2;1;2;C01
200900020424;0;33;0;0;2;4;2;B01
200900020424;0;33;0;0;2;1;2;A01
200900020425;0;34;0;0;2;3;1;B01
200900020425;0;14;0;0;2;2;16;A01
200900020426;0;7;0;0;2;3;15;B01
200900020426;0;30;0;0;2;1;17;A01
200900020427;0;33;0;0;1;0;1;A01
200900020428;0;33;0;0;0;7;1;A01
200900020429;0;7;0;0;2;1;2;A01
200900020429;0;1;0;0;2;4;23;B01
200900020430;0;32;0;0;1;1;1;A01
200900020431;0;32;0;0;2;0;17;A01
200900020431;0;30;0;0;2;0;15;B01
200900020432;0;30;0;0;2;1;1;A01
200900020432;0;7;0;0;2;2;15;B01
200900020433;0;7;0;0;2;7;1;B01
200900020433;2;7;0;0;2;1;1;A01
200900020434;0;7;0;2;0;9;13;A01
200900020435;0;7;0;0;2;7;1;B01
200900020435;0;7;0;0;2;3;1;A01
200900020436;1;14;0;0;2;5;16;Z01
200900020436;0;1;0;0;2;8;1;A01
200900020437;0;33;0;0;2;2;1;B01
200900020437;0;10;0;0;2;3;15;A01
200900020438;0;7;0;0;2;6;2;B01
200900020438;0;7;0;0;2;2;2;A01
200900020439;0;33;0;0;2;4;23;B01
200900020439;0;10;0;0;2;1;2;A01
200900020440;0;31;0;0;2;1;1;A01
200900020440;0;7;0;0;2;5;1;B01
200900020441;1;34;0;0;2;5;16;Z01
200900020441;0;32;0;0;2;3;1;A01
200900020442;0;30;0;0;2;1;2;A01
200900020442;0;7;0;0;2;4;23;B01
200900020443;0;1;0;0;0;0;1;A01
200900020444;0;7;0;0;1;1;1;A01
200900020445;1;10;0;0;1;0;1;Z01
200900020446;0;2;0;0;2;3;1;B01
200900020446;0;7;0;0;2;2;16;A01
200900020447;0;37;0;0;1;2;7;A01
200900020448;0;30;0;15;0;1;14;A01
200900020449;0;7;0;0;2;8;15;B01
200900020449;0;32;0;0;2;7;17;A01
200900020450;0;7;0;0;1;3;1;A01
200900020451;0;1;0;0;2;2;1;A01
200900020451;2;7;0;0;2;8;22;Z01
200900020452;0;30;0;0;2;8;17;A01
200900020452;0;10;0;0;2;0;15;B01
200900020453;0;7;0;0;1;3;1;A01
200900020454;0;7;0;0;2;3;11;A01
200900020454;0;33;0;0;2;7;1;B01
200900020455;0;33;0;1;2;1;1;A01
200900020455;1;7;0;0;2;0;1;Z01
200900020456;0;7;0;0;1;3;1;A01
200900020457;0;7;0;0;2;6;1;C01
200900020457;0;7;0;0;2;3;2;A01
200900020457;0;1;0;0;2;4;2;B01
200900020458;0;1;0;0;2;2;19;A01
200900020458;0;7;0;0;2;3;1;B01
200900020459;1;2;0;0;1;0;1;Z01
200900020460;0;33;0;0;1;1;18;A01
200900020461;0;1;0;0;2;0;1;B01
200900020461;0;7;0;0;2;8;22;A01
200900020462;0;7;0;0;1;1;1;A01
200900020463;0;34;0;0;1;1;1;A01
200900020464;0;2;0;1;0;0;14;A01
200900020465;0;7;0;0;2;3;16;B01
200900020465;0;31;0;0;2;1;1;A01
200900020466;0;33;0;0;2;3;1;B01
200900020466;0;32;0;0;2;1;15;A01
200900020467;0;10;0;0;2;8;15;B01
200900020467;0;32;0;0;2;1;5;A01
200900020468;0;30;0;0;0;0;21;A01
200900020469;0;1;0;0;2;1;5;A01
200900020469;0;33;0;0;2;1;1;B01
200900020470;0;30;0;0;1;1;1;A01
200900020471;0;32;0;0;2;1;3;A01
200900020471;1;7;0;0;2;1;1;X01
200900020471;1;7;0;0;2;7;14;Z01
200900020472;0;1;0;0;1;0;1;A01
200900020473;0;7;0;0;2;2;12;A01
200900020473;0;31;0;0;2;3;3;B01
200900020474;0;32;0;0;0;8;21;A01
200900020475;0;7;0;0;2;3;22;A01
200900020475;0;33;0;0;2;1;1;B01
200900020476;0;32;0;0;2;1;1;B01
200900020476;0;7;0;0;2;7;16;A01
200900020477;0;34;0;0;1;2;1;A01
200900020478;0;32;0;0;2;2;1;B01
200900020478;0;7;0;0;2;3;10;A01
200900020479;0;34;0;0;2;1;17;A01
200900020479;0;7;0;0;2;6;15;B01
200900020480;0;34;0;0;1;3;1;A01
200900020481;0;2;0;1;0;1;14;A01
200900020482;0;1;0;0;0;0;14;A01
200900020483;0;7;0;0;2;3;15;B01
200900020483;0;32;0;0;2;8;1;A01
200900020484;0;7;0;0;2;6;23;B01
200900020484;0;30;0;0;2;1;2;A01
200900020485;0;32;0;0;2;7;23;B01
200900020485;0;10;0;0;2;0;14;A01
200900020486;0;31;0;0;2;3;7;A01
200900020486;0;7;0;0;2;3;16;B01
200900020487;0;33;0;0;2;8;1;B01
200900020487;0;7;0;0;2;2;12;A01
200900020488;1;30;0;0;1;0;1;Z01
200900020489;0;32;0;0;2;5;2;A01
200900020489;0;32;0;0;2;3;2;B01
200900020490;0;7;0;0;2;3;15;B01
200900020490;0;2;0;0;2;1;17;A01
200900020491;0;7;0;0;2;6;23;B01
200900020491;0;7;0;0;2;2;2;A01
200900020492;0;7;0;0;2;1;2;A01
200900020492;0;32;0;0;2;4;23;B01
200900020493;0;32;0;0;2;1;2;A01
200900020493;0;7;0;0;2;4;2;B01
200900020494;0;7;0;0;2;3;15;B01
200900020494;0;33;0;0;2;2;5;A01
200900020495;0;37;1;0;1;2;15;A01
200900020496;0;7;0;0;2;5;2;B01
200900020496;0;33;0;0;2;0;2;A01
200900020497;0;31;0;0;2;3;1;B01
200900020497;0;14;0;0;2;2;15;A01
200900020498;0;14;0;0;2;3;16;A01
200900020498;0;31;0;0;2;2;1;B01
200900020499;0;7;0;4;0;1;21;A01
200900020500;0;32;0;0;2;8;3;B01
200900020500;0;10;0;0;2;2;22;A01
200900020500;0;7;0;0;2;8;23;C01
200900020501;0;7;0;0;1;0;1;A01
200900020502;0;33;0;0;1;1;1;A01
200900020503;0;32;0;0;0;7;1;A01
200900020504;0;7;0;0;2;1;2;A01
200900020504;0;7;0;0;2;4;23;C01
200900020504;0;10;0;0;2;4;23;B01
200900020505;0;32;0;0;2;2;2;A01
200900020505;0;7;0;0;2;6;2;B01
200900020506;0;7;0;0;1;4;4;A01
200900020507;0;31;0;0;2;3;1;A01
200900020507;0;7;0;0;2;1;15;B01
200900020508;0;32;0;0;2;0;1;B01
200900020508;0;13;0;0;2;2;15;A01
200900020509;0;32;0;0;2;3;1;B01
200900020509;0;7;0;0;2;1;15;A01
200900020510;0;7;0;0;2;5;15;A01
200900020510;0;32;0;0;2;1;1;B01
200900020511;0;33;0;0;2;3;1;B01
200900020511;0;7;0;0;2;5;16;A01
200900020512;0;33;0;4;2;1;3;A01
200900020512;1;7;0;0;2;5;12;Z01
200900020513;0;7;0;0;1;7;1;A01
200900020514;0;32;0;0;2;4;2;B01
200900020514;0;7;0;0;2;4;4;A01
200900020515;0;32;0;0;2;1;17;B01
200900020515;0;1;0;0;2;3;15;A01
200900020516;0;7;0;0;2;8;1;B01
200900020516;0;33;0;0;2;7;1;A01
200900020517;0;32;0;0;2;7;1;A01
200900020517;0;7;0;0;2;6;9;B01
200900020518;0;31;0;0;0;0;1;A01
200900020519;0;32;0;0;2;1;1;B01
200900020519;0;7;0;0;2;2;1;A01
200900020520;0;30;0;0;2;1;18;A01
200900020520;0;7;0;0;2;7;16;B01
200900020521;0;1;0;0;2;3;9;B01
200900020521;0;32;0;0;2;1;1;A01
200900020522;0;7;0;0;2;2;9;A01
200900020522;0;32;0;0;2;7;1;B01
200900020523;0;2;0;0;2;2;5;A01
200900020523;0;7;0;0;2;3;15;B01
200900020524;0;2;0;12;2;1;18;B01
200900020524;0;7;0;0;2;1;15;A01
200900020525;0;7;0;0;1;3;1;A01
200900020526;0;7;0;0;2;5;15;A01
200900020526;0;31;0;0;2;1;1;B01
200900020527;0;7;0;0;2;2;16;B01
200900020527;0;2;0;0;2;1;18;A01
200900020528;0;10;0;11;0;3;15;A01
200900020529;0;30;0;0;2;8;17;A01
200900020529;0;7;0;0;2;3;1;B01
200900020530;0;10;0;6;2;4;2;A01
200900020530;0;32;0;0;2;1;2;B01
200900020531;0;7;0;0;2;4;11;B01
200900020531;0;33;0;0;2;1;3;A01
200900020532;0;2;0;0;2;7;1;B01
200900020532;0;7;0;0;2;3;10;A01
200900020533;0;31;0;0;1;1;1;A01
200900020534;0;2;0;0;0;0;1;A01
200900020535;0;33;0;0;2;1;3;A01
200900020535;1;7;0;0;2;6;11;Z01
200900020536;0;7;0;0;2;0;2;C01
200900020536;0;7;0;0;2;1;2;A01
200900020536;0;7;0;0;2;4;2;B01
200900020537;0;7;0;0;1;1;16;A01
200900020538;0;33;0;0;2;8;1;B01
200900020538;0;7;0;0;2;2;1;A01
200900020539;0;7;0;0;2;2;9;A01
200900020539;0;32;0;0;2;5;17;B01
200900020540;0;7;0;0;2;2;2;C01
200900020540;0;2;0;0;2;3;2;A01
200900020540;0;10;0;0;2;5;2;B01
200900020541;0;30;0;0;1;2;1;A01
200900020542;0;30;0;1;2;8;21;A01
200900020542;0;7;0;15;2;1;1;B01
200900020543;0;1;0;0;2;1;1;B01
200900020543;0;7;0;0;2;8;22;A01
200900020544;0;7;0;0;2;1;1;B01
200900020544;0;7;0;0;2;1;1;A01
200900020544;0;10;0;0;2;3;1;C01
200900020545;0;7;0;7;2;9;14;A01
200900020545;0;7;0;0;2;3;1;B01
200900020546;0;1;0;0;2;4;23;A01
200900020546;0;32;0;0;2;1;2;B01
200900020547;0;33;0;0;2;2;17;A01
200900020547;0;7;0;0;2;3;1;B01
200900020548;1;33;0;0;1;2;1;Z01
200900020549;0;34;0;0;2;1;13;A01
200900020549;0;7;0;0;2;7;16;B01
200900020550;0;32;0;0;1;2;17;A01
200900020551;0;1;0;12;0;0;14;A01
200900020552;0;7;0;0;2;3;10;A01
200900020552;0;30;0;0;2;1;1;B01
200900020553;0;7;0;0;1;1;1;A01
200900020554;0;2;0;1;0;6;14;A01
200900020555;0;30;0;0;2;2;2;A01
200900020555;0;7;0;0;2;4;2;B01
200900020556;0;2;0;0;2;7;23;B01
200900020556;0;7;0;0;2;3;15;A01
200900020557;0;2;0;1;0;1;14;A01
200900020558;0;7;0;0;2;8;10;A01
200900020558;0;33;0;0;2;2;1;B01
200900020559;0;7;0;0;2;8;9;A01
200900020559;0;1;0;0;2;7;1;B01
200900020560;0;7;0;0;2;3;9;A01
200900020560;0;32;0;0;2;6;17;B01
200900020561;0;7;0;0;2;4;2;B01
200900020561;0;7;0;0;2;2;2;A01
200900020562;0;31;0;0;0;0;1;A01
200900020563;0;7;0;0;2;7;1;B01
200900020563;0;32;0;1;2;3;18;A01
200900020564;0;7;0;0;2;5;15;A01
200900020564;0;31;0;0;2;1;1;B01
200900020565;0;30;0;12;0;1;14;A01
200900020566;0;7;0;0;2;3;15;B01
200900020566;0;1;0;0;2;1;1;A01
200900020567;0;33;0;4;0;7;1;A01
200900020568;0;30;0;14;0;1;15;A01
200900020569;0;32;0;0;0;0;1;A01
200900020570;0;10;0;0;1;3;1;A01
200900020571;0;7;0;0;2;1;2;A01
200900020571;0;7;0;0;2;4;2;B01
200900020572;0;35;0;14;0;0;14;A01
200900020573;0;7;0;0;1;4;4;A01
200900020574;0;1;0;0;2;1;1;A01
200900020574;0;38;0;0;2;2;1;B01
200900020575;0;7;0;4;0;2;16;A01
200900020576;1;7;0;0;2;0;2;Z01
200900020576;0;2;0;0;2;4;2;A01
200900020577;0;7;0;0;2;5;1;B01
200900020577;0;30;0;0;2;2;1;A01
200900020578;0;3;0;12;0;2;14;A01
200900020579;0;10;0;0;2;8;10;A01
200900020579;0;2;0;0;2;1;1;B01
200900020580;0;14;0;0;1;3;15;A01
200900020581;0;30;0;0;2;8;18;B01
200900020581;0;7;0;0;2;7;16;A01
200900020582;0;2;0;0;2;2;1;B01
200900020582;0;7;0;0;2;3;15;A01
200900020583;0;10;0;0;2;1;1;A01
200900020583;0;2;0;0;2;2;15;B01
200900020584;0;7;0;0;2;5;2;B01
200900020584;0;7;0;0;2;4;2;C01
200900020584;0;10;0;0;2;2;2;A01
200900020585;0;33;0;14;0;8;14;A01
200900020586;0;34;0;0;1;1;18;A01
200900020587;0;34;0;0;0;8;1;A01
200900020588;0;7;0;0;2;2;1;B01
200900020588;0;2;0;0;2;1;10;A01
200900020589;0;32;0;12;2;3;21;A01
200900020590;0;7;0;0;2;1;1;B01
200900020590;0;13;0;0;2;7;1;A01
200900020591;0;2;0;0;1;2;17;A01
200900020592;0;33;0;0;2;7;2;B01
200900020592;0;7;0;0;2;5;2;C01
200900020592;0;7;0;0;2;3;13;A01
200900020593;0;2;0;0;1;1;17;A01
200900020594;0;32;0;0;0;1;1;A01
200900020595;0;30;0;0;1;0;1;A01
200900020596;0;30;0;0;2;1;2;A01
200900020596;0;7;0;0;2;5;23;B01
200900020597;0;10;0;0;2;3;16;A01
200900020597;0;34;0;0;2;2;1;B01
200900020598;0;7;0;0;2;5;1;B01
200900020598;0;33;0;0;2;1;3;A01
200900020599;1;33;0;0;1;0;1;Z01
200900020600;0;2;0;0;2;5;1;B01
200900020600;0;7;0;0;2;2;16;A01
200900020601;0;7;0;0;2;4;23;B01
200900020601;0;30;0;0;2;2;2;A01
200900020602;0;7;0;15;0;1;21;A01
200900020603;0;7;0;14;0;2;14;A01
200900020604;0;7;0;11;9;3;13;A01
200900020605;0;33;0;0;0;0;14;A01
200900020606;0;1;0;0;0;1;1;A01
200900020607;0;31;0;0;2;1;2;A01
200900020607;0;7;0;0;2;4;2;B01
200900020608;0;32;0;0;0;8;15;A01
200900020609;0;7;0;0;2;6;13;A01
200900020609;0;33;0;0;2;2;3;B01
200900020610;0;7;0;0;2;2;1;A01
200900020610;0;34;0;0;2;8;1;B01
200900020611;0;7;0;0;1;2;1;A01
200900020612;0;30;0;1;0;1;14;A01
200900020613;0;1;0;0;2;1;19;B01
200900020613;0;7;0;0;2;3;16;A01
200900020614;0;31;0;0;2;2;17;A01
200900020614;0;7;0;0;2;8;15;B01
200900020615;0;7;0;0;2;1;2;A01
200900020615;0;7;0;0;2;4;2;B01
200900020615;0;7;0;0;2;4;2;C01
200900020616;0;30;0;0;1;0;1;A01
200900020617;0;7;0;0;2;4;23;C01
200900020617;0;7;0;0;2;1;11;A01
200900020617;0;7;0;0;2;9;23;B01
200900020618;0;33;0;0;2;2;1;A01
200900020618;1;7;0;0;2;3;13;Z01
200900020619;0;7;0;0;2;2;2;A01
200900020619;0;32;0;0;2;8;23;B01
200900020620;0;7;0;0;2;1;1;B01
200900020620;0;33;0;0;2;7;17;A01
200900020621;0;7;0;0;1;3;15;A01
200900020622;0;7;0;0;2;1;2;A01
200900020622;0;2;0;0;2;4;23;B01
200900020623;0;7;0;0;2;3;9;A01
200900020623;0;2;0;0;2;2;1;B01
200900020624;1;30;0;0;1;1;5;Z01
200900020625;0;10;0;0;1;7;16;A01
200900020626;0;7;0;1;0;1;13;A01
200900020627;0;7;0;0;2;8;1;B01