num_acc;senc;catv;occutc;obs;obsm;choc;manv;num_veh
200900020627;0;14;0;0;2;2;12;A01
200900020628;0;33;0;4;2;2;1;B01
200900020628;0;7;0;0;2;6;11;A01
200900020629;0;7;0;0;2;6;2;C01
200900020629;0;33;0;0;2;7;2;B01
200900020629;0;33;0;0;2;8;11;A01
200900020630;0;7;0;0;2;8;22;A01
200900020630;0;1;0;0;2;1;1;B01
200900020631;0;10;0;0;1;1;17;A01
200900020632;0;7;0;0;2;8;10;A01
200900020632;0;31;0;0;2;1;1;B01
200900020633;0;10;0;0;2;5;2;B01
200900020633;0;10;0;0;2;4;2;C01
200900020633;0;17;0;0;2;1;2;A01
200900020634;0;10;0;0;2;4;2;B01
200900020634;0;7;0;0;2;4;2;C01
200900020634;0;7;0;0;2;1;2;A01
200900020634;0;7;0;0;2;4;2;D01
200900020635;0;33;0;0;2;8;11;C01
200900020635;0;7;0;4;2;4;14;A01
200900020635;0;33;0;0;2;7;11;B01
200900020635;0;10;0;0;2;5;23;D01
200900020636;0;13;0;0;2;7;16;B01
200900020636;0;32;0;0;2;1;7;A01
200900020637;1;7;0;0;1;0;1;Z01
200900020638;0;31;0;0;2;1;1;B01
200900020638;0;7;0;0;2;2;1;A01
200900020639;0;33;0;0;2;7;15;A01
200900020639;0;13;0;0;2;2;1;B01
200900020640;0;7;0;0;1;4;4;A01
200900020641;0;30;0;0;1;1;1;A01
200900020642;0;33;0;0;2;2;1;B01
200900020642;0;7;0;0;2;6;11;A01
200900020643;0;7;0;0;2;4;2;B01
200900020643;0;7;0;0;2;1;2;A01
200900020644;0;14;0;0;1;2;1;A01
200900020645;0;30;0;0;0;0;1;A01
200900020646;0;2;0;0;1;1;1;A01
200900020647;0;7;0;0;1;1;15;A01
200900020648;0;7;0;0;2;1;2;A01
200900020648;0;7;0;0;2;4;23;B01
200900020649;0;7;0;0;2;6;1;A01
200900020649;0;2;0;0;2;1;1;B01
200900020650;0;30;0;0;2;3;1;A01
200900020650;0;7;0;0;2;2;1;B01
200900020651;0;37;10;0;1;5;7;A01
200900020652;0;7;0;0;2;6;13;A01
200900020652;0;31;0;0;2;7;3;B01
200900020653;0;32;0;0;0;0;1;A01
200900020654;0;10;0;0;2;7;16;B01
200900020654;0;2;0;0;2;3;18;A01
200900020655;0;7;0;0;2;0;12;A01
200900020655;0;30;0;0;2;0;2;C01
200900020655;0;32;0;0;2;0;2;B01
200900020656;0;33;0;0;2;0;1;B01
200900020656;0;7;0;0;2;0;1;A01
200900020657;0;32;0;0;0;0;21;A01
200900020658;0;7;0;0;2;5;17;A01
200900020658;0;33;0;0;2;3;1;B01
200900020659;0;7;0;0;1;6;4;A01
200900020660;0;37;0;0;1;7;7;A01
200900020661;0;33;0;0;0;7;1;A01
200900020662;0;7;0;0;2;4;2;B01
200900020662;0;30;0;0;2;1;2;A01
200900020663;0;10;0;0;2;5;16;A01
200900020663;0;32;0;0;2;3;1;B01
200900020664;0;7;0;0;2;0;14;A01
200900020664;0;34;0;0;2;3;1;B01
200900020665;0;33;0;0;0;0;21;A01
200900020666;0;33;0;1;2;2;17;A01
200900020666;0;7;0;0;2;3;1;B01
200900020667;0;7;0;0;2;3;1;B01
200900020667;0;7;0;0;2;1;15;A01
200900020668;1;7;0;0;1;0;1;Z01
200900020669;1;7;0;0;2;7;1;Z01
200900020669;0;7;0;1;2;8;16;A01
200900020670;0;33;0;0;2;2;1;B01
200900020670;0;7;0;0;2;3;22;A01
200900020671;0;30;0;0;1;1;1;A01
200900020672;0;30;0;0;2;3;1;B01
200900020672;0;7;0;0;2;1;15;A01
200900020673;0;33;0;0;2;1;1;A01
200900020673;0;7;0;0;2;2;10;B01
200900020674;0;32;0;0;1;1;18;A01
200900020675;0;32;0;0;2;1;1;A01
200900020675;0;7;0;0;2;5;1;B01
200900020676;0;7;0;0;2;1;2;B01
200900020676;0;33;0;0;2;1;2;C01
200900020676;0;7;0;0;2;4;2;A01
200900020677;0;32;0;0;2;7;1;A01
200900020677;0;7;0;0;2;3;15;B01
200900020678;0;33;0;0;2;7;1;A01
200900020678;0;7;0;0;2;3;15;B01
200900020679;0;30;0;0;2;1;1;B01
200900020679;0;7;0;0;2;3;15;A01
200900020680;0;7;0;0;2;2;16;A01
200900020680;0;7;0;0;2;7;16;B01
200900020681;0;7;0;6;0;1;14;A01
200900020682;0;7;0;0;2;1;1;A01
200900020682;0;1;0;0;2;4;1;B01
200900020683;0;7;0;0;2;2;16;B01
200900020683;0;30;0;0;2;0;18;A01
200900020684;0;30;0;15;0;1;0;A01
200900020685;0;2;0;0;2;1;1;A01
200900020685;0;7;0;0;9;5;1;B01
200900020686;0;1;0;0;2;1;1;A01
200900020686;1;7;0;0;0;4;2;Z01
200900020687;0;7;0;0;0;2;1;A01
200900020688;0;7;0;1;0;2;1;A01
200900020688;0;7;0;0;2;3;22;B01
200900020689;0;7;0;0;0;2;1;A01
200900020690;0;7;0;0;1;2;1;A01
200900020691;0;33;0;0;2;3;1;A01
200900020692;0;7;0;0;2;1;1;A01
200900020692;0;7;0;0;0;4;23;D01
200900020692;0;33;0;0;2;1;3;C01
200900020692;0;7;0;0;0;4;22;B01
200900020693;0;7;0;0;0;7;15;A01
200900020693;0;32;0;0;0;2;1;B01
200900020694;0;7;0;0;2;3;15;A01
200900020694;0;33;0;0;2;2;17;B01
200900020695;0;31;0;0;2;1;1;A01
200900020695;0;7;0;0;0;4;1;B01
200900020696;0;7;0;0;1;3;1;A01
200900020697;0;7;0;0;0;4;1;B01
200900020697;0;33;0;0;2;1;1;A01
200900020698;0;7;0;0;2;7;12;A01
200900020698;0;17;0;0;0;4;1;C01
200900020698;0;7;0;0;2;8;1;B01
200900020699;0;7;0;0;2;6;20;B01
200900020699;0;2;0;0;2;2;1;A01
200900020700;0;33;0;0;2;5;17;A01
200900020700;0;32;0;0;2;3;1;B01
200900020701;0;7;0;0;1;1;7;A01
200900020702;0;10;0;0;2;3;15;A01
200900020702;0;33;0;0;2;8;1;B01
200900020703;0;7;0;0;0;6;1;C01
200900020703;0;7;0;0;0;0;12;A01
200900020703;0;33;0;0;2;2;3;B01
200900020704;0;7;0;0;1;6;20;A01
200900020705;0;2;0;8;0;1;15;A01
200900020706;0;32;0;0;2;1;1;A01
200900020706;0;7;0;0;0;1;15;B01
200900020707;0;31;0;0;2;8;1;A01
200900020707;0;7;0;0;2;1;1;B01
200900020708;0;7;0;0;2;5;1;A01
200900020708;0;32;0;0;2;1;15;B01
200900020709;0;7;0;0;2;4;2;B01
200900020709;0;30;0;0;2;1;2;A01
200900020710;0;7;0;0;2;2;15;B01
200900020710;0;30;0;0;2;2;1;A01
200900020711;0;7;0;0;2;8;13;A01
200900020711;0;33;0;1;2;1;1;B01
200900020712;0;7;0;0;2;8;15;A01
200900020712;0;32;0;0;2;7;17;B01
200900020713;0;30;0;0;2;3;1;B01
200900020713;0;7;0;0;2;3;15;A01
200900020714;0;34;0;0;2;8;1;B01
200900020714;0;34;0;0;2;1;1;A01
200900020715;0;32;0;0;0;7;1;A01
200900020716;0;10;0;0;1;2;1;A01
200900020717;0;30;0;0;1;0;1;A01
200900020718;0;13;0;1;0;2;21;A01
200900020719;0;34;0;0;2;1;3;B01
200900020719;0;7;0;0;2;0;23;C01
200900020719;0;7;0;0;2;7;22;A01
200900020720;0;2;0;0;2;1;2;A01
200900020720;0;10;0;0;2;5;2;B01
200900020721;0;7;0;0;1;1;1;A01
200900020722;0;2;0;0;2;1;7;A01
200900020722;0;7;0;0;2;7;16;B01
200900020723;0;30;0;0;1;1;17;A01
200900020724;0;10;0;0;2;2;12;B01
200900020724;0;32;0;0;2;3;1;A01
200900020725;0;37;15;0;1;2;16;A01
200900020726;0;7;0;0;2;2;17;A01
200900020726;0;1;0;0;2;0;1;B01
200900020727;0;10;0;0;2;3;9;B01
200900020727;0;33;0;0;2;2;1;A01
200900020728;0;32;0;1;2;1;1;B01
200900020728;0;7;0;0;2;2;9;A01
200900020729;0;10;0;0;2;4;2;B01
200900020729;0;7;0;0;2;1;2;A01
200900020730;1;7;0;0;2;6;10;Z01
200900020730;0;2;0;0;2;1;1;A01
200900020731;0;32;0;0;1;1;1;A01
200900020732;0;30;0;0;2;8;1;B01
200900020732;0;7;0;0;2;3;15;A01
200900020733;0;33;0;0;2;7;3;A01
200900020733;0;7;0;0;2;2;12;B01
200900020733;0;7;0;0;2;8;1;C01
200900020734;0;33;0;0;2;1;1;A01
200900020734;0;7;0;0;2;3;9;B01
200900020735;0;30;0;0;1;1;16;A01
200900020736;0;1;0;0;1;1;1;A01
200900020737;0;1;0;0;2;1;18;B01
200900020737;0;7;0;0;0;2;22;A01
200900020738;0;15;0;0;0;0;1;C01
200900020738;0;33;0;0;2;4;3;A01
200900020738;0;7;0;1;0;4;1;B01
200900020739;0;10;0;1;2;6;15;A01
200900020739;0;30;0;0;2;3;17;B01
200900020740;0;32;0;0;0;3;1;B01
200900020740;0;33;0;0;2;1;15;A01
200900020741;0;32;0;0;1;2;1;A01
200900020742;0;10;0;0;0;6;1;A01
200900020742;0;31;0;0;2;1;1;B01
200900020743;0;7;0;0;2;1;1;A01
200900020743;0;7;0;0;2;4;23;C01
200900020743;0;7;0;0;2;4;23;B01
200900020744;0;33;0;11;0;8;21;A01
200900020745;0;7;0;0;2;7;15;A01
200900020745;0;33;0;0;2;1;1;B01
200900020746;0;7;0;0;2;1;1;A01
200900020746;0;7;0;0;2;4;1;B01
200900020747;0;7;0;0;0;6;1;B01
200900020747;0;32;0;0;2;1;1;A01
200900020748;0;7;0;0;9;7;15;A01
200900020748;0;1;0;0;2;1;1;B01
200900020749;0;7;0;0;2;7;14;A01
200900020749;0;33;0;0;2;8;1;B01
200900020750;0;30;0;0;0;8;18;B01
200900020750;0;7;0;0;0;7;22;A01
200900020751;1;7;0;0;0;0;0;Z01
200900020751;0;7;0;0;2;8;1;A01
200900020751;0;7;0;0;2;4;23;B01
200900020752;0;33;0;0;2;1;1;A01
200900020752;0;7;0;0;2;4;23;B01
200900020753;0;31;0;0;0;7;3;B01
200900020753;0;10;0;0;2;3;13;A01
200900020753;0;31;0;0;2;2;1;D01
200900020753;0;7;0;0;0;7;1;C01
200900020754;0;1;0;0;1;1;1;A01
200900020755;0;30;0;0;2;2;18;A01
200900020755;0;1;0;0;2;7;16;B01
200900020756;0;7;0;0;0;5;12;B01
200900020756;0;33;0;0;2;1;3;A01
200900020757;0;32;0;0;1;8;0;A01
200900020758;0;2;0;0;2;2;17;B01
200900020758;0;7;0;0;2;3;10;A01
200900020759;1;17;0;0;2;1;1;Z01
200900020759;0;7;0;4;0;4;1;A01
200900020760;0;7;0;0;0;3;13;B01
200900020760;0;33;0;0;2;2;17;A01
200900020761;0;30;0;0;0;7;0;A01
200900020761;1;7;0;0;0;1;1;Z01
200900020762;0;7;0;14;0;1;1;A01
200900020763;0;7;0;0;0;0;18;B01
200900020763;0;2;0;0;0;0;7;A01
200900020764;0;33;0;16;2;2;17;A01
200900020764;0;7;0;0;0;3;15;B01
200900020765;0;33;0;0;2;3;3;A01
200900020765;0;7;0;0;0;6;1;C01
200900020765;0;10;0;0;0;7;12;B01
200900020766;0;7;0;0;2;5;23;B01
200900020766;0;31;0;0;2;1;1;A01
200900020767;0;7;0;0;1;2;1;A01
200900020768;0;7;0;4;2;2;1;A01
200900020768;0;7;0;0;0;6;1;B01
200900020769;0;7;0;0;0;4;2;B01
200900020769;0;33;0;0;2;1;2;A01
200900020770;0;32;0;0;2;1;12;A01
200900020770;0;7;0;0;0;6;23;B01
200900020771;0;7;0;0;2;2;1;A01
200900020771;0;30;0;0;2;3;16;B01
200900020772;0;1;0;0;1;0;21;A01
200900020773;0;33;0;15;0;8;1;A01
200900020774;0;7;0;0;2;1;15;B01
200900020774;0;32;0;0;2;7;1;A01
200900020775;0;7;0;0;9;3;22;A01
200900020775;0;1;0;1;0;1;1;B01
200900020776;0;32;0;0;2;7;17;B01
200900020776;0;7;0;0;2;3;15;A01
200900020777;0;7;0;0;0;4;23;C01
200900020777;0;7;0;0;2;2;1;A01
200900020777;0;7;0;0;2;9;23;B01
200900020778;0;31;0;0;2;3;3;B01
200900020778;0;10;0;0;2;2;12;A01
200900020779;0;33;0;0;0;8;1;B01
200900020779;0;7;0;0;2;1;1;A01
200900020780;0;33;0;0;0;8;1;A01
200900020781;0;7;0;0;0;4;1;B01
200900020781;0;7;0;0;2;1;1;A01
200900020782;0;30;0;0;0;1;1;C01
200900020782;0;34;0;1;0;1;1;B01
200900020782;0;7;0;0;0;0;22;A01
200900020783;0;7;0;0;2;8;1;D01
200900020783;0;10;0;0;2;9;1;A01
200900020783;0;33;0;0;2;1;1;B01
200900020783;0;7;0;0;0;4;1;C01
200900020784;0;10;0;0;0;3;10;B01
200900020784;0;34;0;0;2;1;17;A01
200900020785;0;14;0;0;2;5;1;B01
200900020785;0;33;0;0;2;8;18;A01
200900020786;0;1;0;0;1;8;21;A01
200900020787;0;34;0;0;2;2;1;A01
200900020787;0;7;0;0;2;4;12;B01
200900020788;0;7;0;0;2;5;23;B01
200900020788;0;30;0;0;2;1;1;A01
200900020789;0;30;0;12;0;1;16;A01
200900020790;0;7;0;0;2;3;9;A01
200900020790;0;2;0;0;2;1;1;B01
200900020791;0;7;0;14;0;1;16;A01
200900020792;0;7;0;0;1;2;16;A01
200900020793;0;33;0;0;1;1;1;A01
200900020794;0;7;0;0;2;2;1;A01
200900020794;0;33;0;0;2;2;1;B01
200900020795;0;33;0;0;2;1;1;B01
200900020795;0;7;0;0;2;3;15;A01
200900020796;0;33;0;0;1;1;1;A01
200900020797;0;10;0;0;1;5;4;A01
200900020798;0;7;0;0;2;7;17;B01
200900020798;0;30;0;0;2;8;13;A01
200900020799;0;31;0;0;2;3;18;A01
200900020799;0;7;0;0;2;2;16;B01
200900020800;0;7;0;0;2;8;15;A01
200900020800;0;2;0;0;2;3;1;B01
200900020801;0;7;0;0;1;2;1;A01
200900020802;0;7;0;0;2;5;2;B01
200900020802;0;31;0;0;2;1;2;A01
200900020803;1;2;0;0;1;8;1;Z01
200900020804;0;2;0;0;2;2;1;B01
200900020804;0;7;0;0;2;5;23;C01
200900020804;0;13;0;0;2;3;22;A01
200900020805;0;1;0;0;0;0;21;A01
200900020806;0;7;0;0;2;8;1;B01
200900020806;0;7;0;0;2;1;1;A01
200900020807;0;33;0;0;2;1;3;E01
200900020807;0;7;0;0;2;4;2;B01
200900020807;0;33;0;0;2;8;3;C01
200900020807;0;7;0;0;2;6;12;A01
200900020807;0;7;0;0;2;3;2;D01
200900020808;0;32;0;0;1;1;1;A01
200900020809;0;7;0;0;2;3;9;A01
200900020809;0;30;0;0;2;1;1;B01
200900020810;0;7;0;0;1;4;4;A01
200900020811;0;7;0;0;2;5;22;B01
200900020811;0;30;0;0;2;3;18;A01
200900020812;0;7;0;0;1;2;16;A01
200900020813;0;7;0;0;2;2;15;A01
200900020813;0;30;0;0;2;1;1;B01
200900020814;0;32;0;0;2;4;2;B01
200900020814;0;30;0;0;2;1;2;A01
200900020815;0;7;0;0;2;5;2;B01
200900020815;0;7;0;0;2;3;2;A01
200900020816;0;7;0;0;2;3;15;B01
200900020816;0;30;0;0;2;6;1;A01
200900020817;0;10;0;0;2;2;16;A01
200900020817;0;1;0;0;2;1;7;B01
200900020818;0;7;0;6;0;2;13;A01
200900020819;0;2;0;14;0;1;1;A01
200900020820;0;37;5;0;1;2;7;A01
200900020821;0;7;0;0;1;8;1;A01
200900020822;0;33;0;0;1;1;1;A01
200900020823;0;33;0;0;2;8;18;B01
200900020823;0;7;0;0;2;1;15;A01
200900020824;0;7;0;0;2;6;23;B01
200900020824;0;32;0;0;2;7;14;A01
200900020825;0;10;0;0;2;6;23;B01
200900020825;0;2;0;0;2;6;2;A01
200900020826;0;33;0;0;2;7;14;A01
200900020826;0;7;0;0;2;6;1;B01
200900020827;0;1;0;0;2;3;7;A01
200900020827;1;13;0;0;2;3;17;Z01
200900020828;0;31;0;0;2;1;2;A01
200900020828;0;7;0;0;2;4;2;B01
200900020829;0;3;0;0;1;1;16;A01
200900020830;0;7;0;0;2;3;15;B01
200900020830;0;33;0;0;2;1;17;A01
200900020831;0;33;0;0;2;1;7;A01
200900020831;0;7;0;0;2;7;15;B01
200900020832;0;7;0;14;0;1;13;A01
200900020833;0;10;0;0;2;2;4;A01
200900020833;0;1;0;0;2;1;1;B01
200900020834;0;34;0;0;1;0;1;A01
200900020835;0;7;0;0;2;1;15;A01
200900020835;0;33;0;0;2;1;1;B01
200900020836;0;7;0;0;2;3;1;A01
200900020836;0;33;0;0;2;7;15;B01
200900020837;0;33;0;0;0;7;1;A01
200900020838;0;30;0;0;2;7;17;A01
200900020838;0;7;0;0;2;3;1;B01
200900020839;0;32;0;0;2;0;5;B01
200900020839;0;7;0;0;2;0;10;A01
200900020840;0;7;0;0;2;5;16;B01
200900020840;0;1;0;0;2;1;1;A01
200900020841;0;1;0;0;2;8;5;A01
200900020841;0;7;0;0;2;1;1;B01
200900020842;0;7;0;0;2;1;2;A01
200900020842;0;7;0;0;2;4;23;B01
200900020842;0;32;0;0;2;4;23;C01
200900020843;0;1;0;0;1;1;7;A01
200900020844;0;10;0;0;2;2;15;A01
200900020844;0;33;0;0;2;1;1;B01
200900020845;0;31;0;0;0;0;1;A01
200900020846;0;1;0;0;1;1;1;A01
200900020847;0;7;0;0;1;1;1;A01
200900020848;0;30;0;0;0;7;1;A01
200900020849;0;7;0;0;2;1;2;A01
200900020849;0;7;0;0;2;4;2;B01
200900020850;0;1;0;0;2;1;18;A01
200900020850;0;7;0;0;2;2;16;C01
200900020850;0;1;0;0;2;1;18;B01
200900020851;0;7;0;0;2;8;1;C01
200900020851;0;30;0;0;2;7;1;B01
200900020851;0;7;0;0;2;8;11;A01
200900020852;0;33;0;0;2;8;1;A01
200900020852;0;17;0;0;2;7;14;B01
200900020853;0;7;0;0;2;8;10;A01
200900020853;0;2;0;0;2;3;1;B01
200900020854;0;10;0;0;2;3;9;A01
200900020854;0;2;0;0;2;1;1;B01
200900020855;0;7;0;0;2;2;15;A01
200900020855;0;31;0;0;2;1;1;B01
200900020856;0;32;0;0;1;3;1;A01
200900020857;0;2;0;0;2;1;17;B01
200900020857;0;7;0;0;2;3;13;A01
200900020858;0;10;0;0;2;1;15;B01
200900020858;0;33;0;0;2;7;1;A01
200900020859;0;33;0;0;2;1;16;B01
200900020859;0;7;0;0;2;3;1;A01
200900020860;0;7;0;0;1;8;1;A01
200900020861;0;7;0;0;2;2;2;A01
200900020861;0;7;0;0;2;6;23;B01
200900020862;0;30;0;0;2;4;2;B01
200900020862;0;30;0;0;2;1;2;A01
200900020863;1;7;0;0;1;3;1;Z01
200900020864;0;7;0;0;1;1;16;A01
200900020865;0;10;0;0;2;2;12;A01
200900020865;0;33;0;0;2;8;1;B01
200900020866;0;7;0;1;2;3;16;A01
200900020866;0;1;0;0;2;8;1;B01
200900020867;0;37;16;0;2;8;1;B01
200900020867;0;7;0;0;2;4;23;A01
200900020868;0;30;0;0;2;2;17;A01
200900020868;0;37;25;0;2;3;1;B01
200900020869;0;7;0;1;1;2;20;A01
200900020870;1;7;0;0;2;0;15;Z01
200900020870;0;1;0;0;2;0;1;A01
200900020871;0;30;0;0;2;1;1;B01
200900020871;0;7;0;0;2;2;1;A01
200900020872;0;2;0;0;2;4;2;B01
200900020872;0;7;0;0;2;1;2;A01
200900020873;0;7;0;0;2;6;2;B01
200900020873;0;33;0;0;2;1;2;A01
200900020874;0;7;0;0;2;8;15;A01
200900020874;0;40;0;0;2;2;1;B01
200900020875;0;34;0;0;0;2;1;A01
200900020876;0;7;0;0;2;4;2;B01
200900020876;0;32;0;0;2;1;2;A01
200900020877;0;7;0;0;2;1;2;A01
200900020877;0;33;0;0;2;4;23;B01
200900020878;0;33;0;0;2;5;3;A01
200900020878;0;7;0;0;2;3;12;B01
200900020879;0;7;0;0;2;2;12;A01
200900020879;0;33;0;0;2;8;1;B01
200900020880;0;7;0;0;2;1;1;A01
200900020880;0;7;0;0;2;8;1;B01
200900020881;0;31;0;0;2;1;1;B01
200900020881;0;7;0;0;2;5;15;A01
200900020882;0;2;0;0;2;0;9;A01
200900020882;0;7;0;0;2;2;1;B01
200900020883;0;7;0;0;2;1;2;A01
200900020883;0;7;0;0;2;4;2;B01
200900020884;0;30;0;0;2;1;2;A01
200900020884;0;7;0;0;2;6;2;B01
200900020885;0;7;0;0;2;3;1;B01
200900020885;0;30;0;0;2;1;1;A01
200900020886;0;7;0;0;2;3;1;C01
200900020886;0;7;0;0;2;8;1;B01
200900020886;0;2;0;0;2;2;17;A01
200900020887;1;7;0;0;2;0;2;Z01
200900020887;0;2;0;0;2;4;2;A01
200900020888;0;7;0;0;1;2;1;A01
200900020889;0;7;0;15;0;9;14;A01
200900020890;1;7;0;0;2;1;1;Z01
200900020890;0;7;0;12;2;3;1;A01
200900020891;0;7;0;0;2;3;1;B01
200900020891;0;7;0;0;2;1;1;A01
200900020892;0;33;0;0;1;1;1;A01
200900020893;0;1;0;0;2;2;12;B01
200900020893;0;1;0;0;2;1;1;A01
200900020894;0;7;0;0;1;1;1;A01
200900020895;1;7;0;0;2;0;16;Z01
200900020895;0;33;0;0;2;8;1;A01
200900020896;1;1;0;0;1;0;1;Z01
200900020897;0;2;0;1;0;1;13;A01
200900020898;0;38;21;0;1;7;1;A01
200900020899;0;30;0;0;2;2;2;A01
200900020899;0;10;0;0;2;4;2;B01
200900020900;0;10;0;0;1;7;1;A01
200900020901;0;10;0;0;2;4;23;B01
200900020901;0;7;0;0;2;1;2;A01
200900020902;0;30;0;12;0;1;14;A01
200900020903;0;1;0;0;2;4;2;B01
200900020903;0;7;0;0;2;3;2;A01
200900020904;0;37;1;0;1;2;1;A01
200900020905;0;1;0;0;2;4;12;A01
200900020905;0;7;0;0;2;4;2;B01
200900020906;0;2;0;0;2;1;1;A01
200900020906;1;7;0;0;2;4;1;Z01
200900020907;0;7;0;0;2;1;1;B01
200900020907;0;30;0;0;2;7;1;A01
200900020908;0;1;0;0;0;0;1;A01
200900020909;0;7;0;0;9;2;9;A01
200900020909;0;30;0;0;2;8;1;B01
200900020910;0;31;0;0;2;8;1;B01
200900020910;0;7;0;0;2;3;1;A01
200900020911;0;32;0;0;0;6;1;A01
200900020911;1;7;0;0;2;1;0;Z01
200900020912;0;10;0;0;2;8;1;B01
200900020912;0;10;0;0;2;1;1;A01
200900020913;0;7;0;0;0;1;15;A01
200900020913;0;32;0;0;4;3;1;B01
200900020914;0;7;0;0;9;3;15;B01
200900020914;0;30;0;0;0;0;17;A01
200900020915;0;7;0;0;0;1;1;A01
200900020916;0;32;0;0;9;0;1;A01
200900020917;0;1;0;0;0;6;23;B01
200900020917;0;2;0;0;0;2;1;A01
200900020918;0;7;0;0;2;5;11;A01
200900020918;0;31;0;0;2;2;1;B01
200900020919;0;30;0;0;2;1;1;A01
200900020919;0;7;0;0;2;8;15;B01
200900020920;0;7;0;0;2;2;1;A01
200900020920;0;33;0;0;2;8;1;B01
200900020921;0;7;0;0;1;1;7;A01
200900020922;0;7;0;0;0;2;16;A01
200900020922;0;1;0;0;2;1;1;B01
200900020923;0;31;0;12;0;8;1;A01
200900020924;0;7;0;0;1;0;1;A01
200900020925;0;30;0;1;1;1;1;A01
200900020926;1;7;0;0;0;0;1;Z01
200900020927;0;32;0;0;0;8;15;A01
200900020928;0;32;0;0;1;1;2;A01
200900020929;0;7;0;0;1;2;1;A01
200900020930;0;30;0;0;2;1;1;A01
200900020930;0;7;0;0;2;5;1;B01
200900020931;0;32;0;0;0;0;1;A01
200900020932;0;30;0;0;1;1;1;A01
200900020933;0;1;0;0;2;0;14;A01
200900020933;1;7;0;0;2;0;7;Z01
200900020934;0;7;0;0;2;5;16;B01
200900020934;0;30;0;0;2;3;18;A01
200900020935;0;7;0;0;2;3;11;A01
200900020935;0;33;0;0;0;5;3;B01
200900020936;0;10;0;0;1;6;4;A01
200900020937;0;32;0;0;0;0;1;A01
200900020938;0;7;0;0;2;2;14;A01
200900020938;0;32;0;0;2;4;23;B01
200900020939;0;7;0;0;2;3;1;A01
200900020939;0;1;0;0;2;8;15;B01
200900020940;0;7;0;0;2;6;23;B01
200900020940;0;30;0;1;0;1;1;A01
200900020941;0;7;0;9;0;1;1;B01
200900020941;0;7;0;0;2;2;1;A01
200900020942;0;2;0;0;9;8;7;A01
200900020943;0;33;0;0;2;5;9;A01
200900020943;0;32;0;0;2;3;1;B01
200900020944;0;7;0;0;2;3;9;A01
200900020944;0;33;0;0;2;1;17;B01
200900020945;0;10;0;0;2;2;1;B01
200900020945;0;2;0;0;2;1;5;A01
200900020946;0;2;0;0;2;7;11;A01
200900020946;0;32;0;0;2;7;3;B01
200900020947;0;7;0;0;2;2;1;A01
200900020947;0;7;0;0;2;6;11;B01
200900020948;0;32;0;0;0;0;21;A01
200900020949;0;30;0;0;0;0;1;B01
200900020949;0;7;0;0;0;0;1;A01
200900020950;0;7;0;0;1;2;1;A01
200900020951;0;30;0;0;0;8;1;A01
200900020952;0;1;0;1;0;3;18;B01
200900020952;0;13;0;0;0;2;22;A01
200900020953;0;7;0;0;1;2;1;A01
200900020954;0;32;0;0;2;8;11;A01
200900020954;0;7;0;0;2;7;1;B01
200900020955;0;33;0;0;1;3;1;A01
200900020956;0;13;0;0;1;0;4;A01
200900020957;0;33;0;0;2;9;3;E01
200900020957;0;33;0;0;2;2;3;D01
200900020957;0;10;0;0;2;6;1;A01
200900020957;0;7;0;0;2;9;1;B01
200900020957;0;33;0;0;2;2;3;C01
200900020957;0;33;0;0;0;8;1;F01
200900020957;0;7;0;0;2;2;1;G01
200900020958;0;7;0;0;2;2;15;A01
200900020958;0;33;0;0;2;3;1;B01
200900020959;0;10;0;0;2;8;9;A01
200900020959;0;30;0;0;2;1;1;B01
200900020960;0;1;0;0;2;1;1;C01
200900020960;0;7;0;1;0;3;15;A01
200900020960;0;3;0;0;2;6;15;B01
200900020961;0;10;0;0;1;2;1;A01
200900020962;0;7;0;0;2;6;22;A01
200900020962;0;31;0;0;2;1;17;B01
200900020963;0;7;0;0;2;2;15;A01
200900020963;0;31;0;0;2;6;1;B01
200900020964;0;1;0;0;9;7;0;A01
200900020964;0;1;0;0;9;1;11;B01
200900020965;0;2;0;0;2;1;17;B01
200900020965;0;7;0;0;0;8;10;A01
200900020966;0;30;0;0;1;1;1;A01
200900020967;0;33;0;0;2;0;1;A01
200900020967;1;7;0;0;0;0;10;Z01
200900020968;0;32;0;0;2;2;1;A01
200900020968;0;7;0;0;2;5;1;B01
200900020969;0;32;0;0;0;1;21;A01
200900020970;0;7;0;0;2;3;9;B01
200900020970;0;31;0;0;2;5;1;A01
200900020971;0;7;0;0;0;3;15;A01
200900020971;0;32;0;0;0;7;1;B01
200900020972;0;1;0;15;9;0;1;A01
200900020972;0;1;0;15;9;0;14;B01
200900020973;0;32;0;0;2;1;1;A01
200900020973;0;7;0;0;2;6;1;C01
200900020973;0;33;0;0;2;4;1;B01
200900020974;0;7;0;0;2;1;1;B01
200900020974;0;7;0;0;2;8;1;A01
200900020975;0;7;0;0;2;2;1;A01
200900020975;0;32;0;0;2;1;13;B01
200900020976;0;7;0;0;2;2;1;B01
200900020976;0;10;0;0;2;5;1;A01
200900020977;0;7;0;0;0;1;15;B01
200900020977;0;30;0;0;2;1;1;A01
200900020978;0;33;0;0;1;1;1;A01
200900020979;0;7;0;0;2;2;15;A01
200900020979;0;32;0;0;2;1;1;B01