num_acc;senc;catv;occutc;obs;obsm;choc;manv;num_veh
200900020980;0;1;0;0;0;0;7;A01
200900020981;0;31;0;0;0;0;21;A01
200900020982;0;33;0;0;1;1;17;A01
200900020983;0;14;0;0;2;8;15;B01
200900020983;0;32;0;0;2;7;17;A01
200900020984;0;30;0;0;0;7;1;A01
200900020985;0;7;0;0;1;7;15;A01
200900020986;0;1;0;0;2;8;1;B01
200900020986;0;10;0;0;2;2;16;A01
200900020987;0;7;0;0;0;2;16;A01
200900020988;0;7;0;0;1;3;15;A01
200900020989;0;30;0;0;1;1;17;A01
200900020990;0;7;0;0;2;5;16;B01
200900020990;0;37;15;0;2;3;7;A01
200900020991;0;32;0;0;2;8;3;A01
200900020991;0;7;0;0;2;7;12;B01
200900020992;0;10;0;0;1;2;1;A01
200900020993;0;2;0;0;0;0;1;A01
200900020994;0;1;0;0;1;1;1;A01
200900020995;0;7;0;0;0;2;7;A01
200900020995;0;1;0;0;2;8;7;B01
200900020996;0;7;0;0;2;8;11;A01
200900020996;0;33;0;4;2;7;1;B01
200900020997;0;30;0;1;0;3;18;B01
200900020997;0;7;0;0;2;7;22;A01
200900020998;0;7;0;0;9;8;1;B01
200900020998;0;1;0;0;2;1;1;A01
200900020999;0;7;0;0;2;7;1;A01
200900020999;0;31;0;0;2;8;16;B01
200900021000;0;2;0;0;2;1;2;B01
200900021000;0;10;0;0;2;3;15;A01
200900021001;0;32;0;0;2;8;1;B01
200900021001;0;7;0;0;2;3;15;A01
200900021002;0;7;0;9;0;2;2;A01
200900021003;0;7;0;0;2;4;23;B01
200900021003;0;7;0;0;0;4;23;C01
200900021003;0;10;0;0;2;1;12;A01
200900021004;0;33;0;0;2;8;3;A01
200900021004;0;7;0;0;4;7;1;B01
200900021004;0;7;0;0;2;6;1;C01
200900021005;0;7;0;0;2;1;23;A01
200900021005;0;30;0;0;2;1;1;B01
200900021006;0;31;0;0;0;7;3;B01
200900021006;0;7;0;0;0;7;12;A01
200900021007;0;7;0;0;1;1;15;A01
200900021008;0;7;0;0;1;1;1;A01
200900021009;0;15;0;0;2;1;1;A01
200900021009;0;1;0;0;2;8;9;B01
200900021010;0;7;0;13;0;1;1;A01
200900021011;0;7;0;0;1;1;1;A01
200900021012;0;7;0;6;0;1;1;A01
200900021013;0;7;0;1;1;3;1;A01
200900021014;0;10;0;2;0;8;1;A01
200900021015;0;7;0;0;0;6;16;B01
200900021015;0;13;0;0;2;3;23;C01
200900021015;1;7;0;0;2;2;2;A01
200900021016;0;31;0;0;2;1;1;B01
200900021016;0;7;0;0;2;3;9;A01
200900021017;0;33;0;3;0;1;1;A01
200900021018;0;7;0;0;2;2;1;A01
200900021018;0;1;0;0;2;2;11;B02
200900021019;0;15;0;0;2;4;15;B02
200900021019;0;2;0;0;2;1;1;A01
200900021020;0;2;0;12;0;1;1;A01
200900021021;0;33;0;0;2;2;17;A01
200900021021;0;7;0;0;2;8;15;B02
200900021022;0;31;0;13;0;3;1;A01
200900021023;0;7;0;0;2;1;13;A01
200900021023;0;15;0;0;2;3;1;B01
200900021024;0;7;0;0;1;0;15;A01
200900021025;0;33;0;0;2;1;1;B02
200900021025;0;7;0;0;2;7;15;A01
200900021026;0;7;0;0;2;1;1;A01
200900021026;0;30;0;0;2;8;19;B01
200900021027;0;7;0;0;2;7;19;A01
200900021027;0;7;0;0;2;1;19;B01
200900021027;0;7;0;0;2;1;23;C01
200900021028;0;7;0;0;2;3;1;B02
200900021028;0;7;0;0;2;3;1;A01
200900021029;0;7;0;13;0;1;14;A01
200900021030;0;7;0;0;0;1;1;A01
200900021031;0;7;0;15;0;1;5;A01
200900021032;0;33;0;15;0;1;13;A01
200900021033;0;10;0;0;2;3;1;B01
200900021033;0;10;0;0;2;3;15;A01
200900021034;0;7;0;0;2;3;17;A01
200900021034;0;21;0;0;2;8;1;C03
200900021034;0;7;0;0;2;3;1;B02
200900021035;0;7;0;0;2;3;1;B02
200900021035;0;7;0;0;2;3;13;A01
200900021036;0;7;0;0;2;1;13;A01
200900021036;0;7;0;0;2;3;1;B01
200900021036;0;7;0;0;2;1;2;C01
200900021037;0;30;0;0;2;1;2;B01
200900021037;0;7;0;0;2;1;15;A01
200900021038;0;7;0;6;0;1;24;A01
200900021039;0;7;0;0;2;1;5;A01
200900021039;0;7;0;0;2;1;1;B02
200900021040;0;30;0;0;2;1;1;B01
200900021040;1;7;0;0;2;3;15;A01
200900021041;0;2;0;3;0;8;1;A01
200900021042;0;15;0;0;2;8;9;B01
200900021042;0;7;0;0;2;1;9;A01
200900021043;0;10;0;13;0;1;1;A01
200900021044;0;7;0;8;0;2;1;A01
200900021045;0;7;0;0;2;1;0;A01
200900021045;0;7;0;0;2;1;1;B01
200900021046;0;10;0;0;0;0;23;C01
200900021046;0;2;0;1;2;1;1;B01
200900021046;0;10;0;0;2;2;10;A01
200900021047;0;7;0;0;0;2;0;A01
200900021048;0;2;0;0;1;1;17;A01
200900021049;0;17;0;0;0;4;23;C03
200900021049;0;17;0;0;2;1;2;A01
200900021049;0;17;0;0;2;4;23;B02
200900021050;0;7;0;0;2;7;15;A01
200900021050;0;2;0;0;2;1;1;B02
200900021051;0;33;0;0;0;1;1;A01
200900021052;0;7;0;0;1;1;0;A01
200900021053;0;7;0;13;0;7;14;A01
200900021054;0;10;0;0;1;4;2;B02
200900021054;0;10;0;0;2;1;2;A01
200900021055;0;7;0;0;1;3;13;A01
200900021056;0;7;0;6;0;1;1;A01
200900021057;0;3;0;0;2;8;15;B01
200900021057;0;2;0;0;2;0;17;A01
200900021058;0;7;0;0;0;0;1;C01
200900021058;0;7;0;0;2;8;15;B01
200900021058;0;7;0;0;2;1;5;A01
200900021059;0;7;0;0;2;3;1;B02
200900021059;0;7;0;5;2;3;13;A01
200900021060;0;7;0;0;2;1;1;B01
200900021060;0;7;0;0;2;7;15;A01
200900021061;0;7;0;0;2;4;0;A01
200900021061;0;2;0;0;2;1;0;B01
200900021062;0;7;0;0;0;1;1;A01
200900021063;0;2;0;0;2;1;5;A01
200900021063;0;7;0;0;2;1;1;B01
200900021064;0;33;0;2;0;6;1;A01
200900021065;0;10;0;2;0;2;1;A01
200900021066;0;7;0;0;1;3;1;A01
200900021067;0;7;0;13;0;1;1;A01
200900021068;0;10;0;0;2;7;16;A01
200900021068;0;30;0;0;2;1;1;B01
200900021069;0;7;0;0;2;7;15;A01
200900021069;0;32;0;0;2;1;1;B01
200900021070;0;7;0;2;0;8;1;A01
200900021071;0;7;0;0;2;7;19;A01
200900021071;0;16;0;0;2;1;1;B02
200900021072;0;33;0;0;2;1;1;B02
200900021072;0;7;0;0;2;7;19;A01
200900021073;0;1;0;0;2;1;1;B02
200900021073;0;7;0;0;9;4;13;A01
200900021074;0;7;0;8;0;9;17;A01
200900021075;0;7;0;2;0;8;14;A01
200900021076;0;7;0;0;2;7;1;A01
200900021076;0;1;0;0;2;8;1;B02
200900021077;0;7;0;0;2;2;1;B02
200900021077;0;2;0;0;2;1;17;A01
200900021078;0;7;0;13;0;2;1;A01
200900021079;0;7;0;0;1;1;16;A01
200900021080;0;33;0;0;2;1;17;A01
200900021080;0;7;0;0;2;3;15;B01
200900021081;0;7;0;0;2;1;1;A01
200900021081;0;7;0;0;0;4;1;B01
200900021082;0;7;0;0;0;4;1;B01
200900021082;0;7;0;0;2;1;2;A01
200900021083;0;30;0;0;2;1;2;A01
200900021083;0;7;0;0;2;4;23;B01
200900021084;0;7;0;0;2;3;1;A01
200900021084;0;1;0;0;2;1;1;B01
200900021085;0;33;0;1;1;1;1;A01
200900021086;0;7;0;0;4;8;15;B01
200900021086;0;40;12;0;2;1;1;A01
200900021087;0;33;0;3;0;2;14;A01
200900021088;0;30;0;1;0;1;17;A01
200900021089;0;33;0;0;2;1;1;B01
200900021089;0;7;0;0;2;3;19;A01
200900021090;0;7;0;0;2;1;16;D01
200900021090;0;7;0;0;2;1;1;C01
200900021090;2;7;0;0;2;1;1;A01
200900021090;2;7;0;0;2;1;6;B01
200900021091;0;10;0;0;2;1;2;A01
200900021091;0;7;0;0;0;4;23;B01
200900021092;0;7;0;0;1;1;1;A01
200900021093;0;2;0;0;2;1;19;A01
200900021093;0;7;0;0;2;1;1;B01
200900021094;0;7;0;0;1;1;1;A01
200900021095;0;2;0;0;2;1;0;A01
200900021095;0;7;0;0;2;7;15;B01
200900021096;0;7;0;0;1;1;1;A01
200900021097;0;7;0;0;1;3;15;A01
200900021098;0;15;0;0;2;3;1;B01
200900021098;0;7;0;0;2;9;1;D01
200900021098;0;7;0;0;2;1;1;C01
200900021098;0;7;0;0;2;1;9;A01
200900021099;0;7;0;0;6;9;21;A01
200900021100;0;7;0;0;2;6;9;B01
200900021100;0;2;0;0;2;1;1;A01
200900021101;0;7;0;0;2;3;13;A01
200900021101;0;7;0;0;2;3;1;B02
200900021102;0;7;0;0;2;3;15;A01
200900021102;0;2;0;0;2;1;1;B02
200900021103;0;10;0;0;1;2;1;A01
200900021104;0;7;0;0;1;2;1;A01
200900021105;0;7;0;0;1;3;1;A01
200900021106;0;33;0;0;2;8;1;A01
200900021106;0;16;0;0;2;3;1;B02
200900021107;0;33;0;14;0;1;1;A01
200900021108;0;33;0;6;0;2;1;A01
200900021109;0;7;0;0;2;8;12;C03
200900021109;0;7;0;0;2;1;2;A01
200900021109;0;7;0;0;2;4;15;B02
200900021110;0;7;0;0;2;1;1;B02
200900021110;0;7;0;0;2;1;13;A01
200900021111;0;2;0;0;2;1;1;B02
200900021111;0;7;0;0;2;3;1;A01
200900021112;0;7;0;0;1;3;1;A01
200900021113;0;7;0;0;2;7;20;B02
200900021113;0;2;0;0;2;8;18;A01
200900021114;0;7;0;0;2;1;1;A01
200900021114;0;7;0;6;0;4;15;B02
200900021115;0;7;0;0;2;3;13;A01
200900021115;0;7;0;0;9;1;2;C03
200900021115;0;17;0;0;2;3;1;B02
200900021116;0;7;0;13;0;9;1;A01
200900021117;0;7;0;6;0;8;1;A01
200900021118;0;7;0;0;2;2;1;B02
200900021118;0;2;0;0;2;3;1;A01
200900021119;0;10;0;0;0;0;1;C03
200900021119;0;10;0;0;2;1;17;A01
200900021119;0;10;0;0;2;1;1;B02
200900021120;0;7;0;1;0;1;0;A01
200900021120;0;7;0;0;2;8;23;B01
200900021121;0;7;0;2;0;1;1;A01
200900021122;0;33;0;0;2;1;2;A01
200900021122;0;7;0;0;0;6;2;B02
200900021123;0;2;0;0;2;2;17;A01
200900021123;0;10;0;0;2;3;2;B01
200900021124;0;1;0;1;0;1;2;A01
200900021124;0;33;0;0;0;4;23;B01
200900021125;0;33;0;0;2;7;1;B01
200900021125;0;3;0;0;2;2;15;A01
200900021126;0;7;0;8;0;1;14;A01
200900021127;0;10;0;0;2;3;1;B02
200900021127;0;30;0;0;2;3;13;A01
200900021128;0;14;0;13;2;3;1;B02
200900021128;0;7;0;0;2;3;13;A01
200900021129;0;1;0;0;0;7;19;B01
200900021129;1;7;0;0;2;1;15;A01
200900021130;0;7;0;0;0;4;2;B01
200900021130;0;7;0;0;0;1;2;A01
200900021131;0;33;0;0;2;1;1;B01
200900021131;0;7;0;0;2;3;20;A01
200900021132;0;7;0;0;2;6;15;B02
200900021132;0;30;0;0;2;1;1;A01
200900021133;0;40;10;0;1;1;0;A01
200900021134;0;33;0;0;2;7;17;B01
200900021134;0;7;0;2;2;8;15;A01
200900021135;0;7;0;0;2;3;20;A01
200900021135;0;33;0;0;2;7;1;B01
200900021136;0;1;0;0;2;1;1;C01
200900021136;0;7;0;0;2;3;2;A01
200900021136;0;1;0;0;2;1;1;B01
200900021137;0;7;0;0;2;1;16;B01
200900021137;0;7;0;0;2;2;1;A01
200900021138;0;7;0;0;1;0;1;A01
200900021139;0;10;0;0;2;5;23;B01
200900021139;0;33;0;0;2;1;2;A01
200900021140;0;7;0;2;0;1;1;A01
200900021140;0;7;0;0;9;1;1;B01
200900021141;0;33;0;8;0;1;1;A01
200900021142;0;7;0;0;1;3;1;A01
200900021143;0;7;0;0;2;1;1;B01
200900021143;0;7;0;8;2;7;1;A01
200900021144;0;1;0;0;1;1;1;A01
200900021145;0;1;0;0;2;1;5;B01
200900021145;0;1;0;0;2;1;5;A01
200900021145;0;7;0;0;2;1;1;C01
200900021146;0;10;0;0;2;8;0;B01
200900021146;0;7;0;0;2;1;23;C01
200900021146;0;2;0;14;2;7;0;A01
200900021147;0;7;0;0;2;1;15;A01
200900021147;0;30;0;0;2;8;1;B01
200900021148;0;1;0;0;2;1;1;B01
200900021148;0;7;0;0;2;7;16;A01
200900021149;0;7;0;0;4;1;1;B01
200900021149;0;40;0;0;2;8;1;A01
200900021150;0;7;0;0;2;8;15;B01
200900021150;0;31;0;0;2;1;1;A01
200900021151;0;7;0;0;2;7;17;A01
200900021151;0;10;0;0;2;3;1;B01
200900021152;0;7;0;0;1;3;1;A01
200900021153;0;7;0;0;1;0;1;A01
200900021154;0;40;0;0;1;0;1;A01
200900021155;0;1;0;0;2;0;19;A01
200900021155;0;7;0;0;2;1;1;B01
200900021156;0;7;0;0;1;3;15;A01
200900021157;0;7;0;0;2;1;0;A01
200900021157;0;7;0;0;2;3;15;B01
200900021158;0;7;0;0;2;3;1;A01
200900021158;0;2;0;0;2;1;1;B01
200900021159;0;1;0;0;4;1;16;B01
200900021159;0;40;0;0;1;1;1;A01
200900021160;0;7;0;1;2;9;1;A01
200900021160;0;7;0;0;2;7;15;B01
200900021161;0;7;0;0;2;1;1;A01
200900021161;0;1;0;0;2;1;1;B01
200900021162;0;10;0;0;1;0;1;A01
200900021163;0;7;0;0;2;3;22;A01
200900021163;0;1;0;1;0;3;1;B01
200900021164;1;7;0;0;2;0;16;A01
200900021164;0;1;0;0;2;8;1;B01
200900021165;0;7;0;0;2;1;16;A01
200900021165;0;1;0;0;2;7;1;B01
200900021166;0;7;0;0;1;2;1;A01
200900021167;0;7;0;0;2;6;15;A01
200900021167;0;2;0;0;2;1;17;B01
200900021168;0;7;0;0;2;2;15;A01
200900021168;0;2;0;0;2;8;1;B01
200900021169;0;7;0;0;2;6;1;A01
200900021169;0;7;0;0;2;1;1;B01
200900021170;0;7;0;0;2;1;15;A01
200900021170;0;7;0;0;2;8;1;B01
200900021171;0;40;0;0;1;2;1;A01
200900021172;2;7;0;0;2;1;1;A01
200900021172;1;2;0;0;2;1;1;B01
200900021173;0;1;0;0;1;1;1;A01
200900021174;0;7;0;0;2;7;15;A01
200900021174;0;34;0;0;2;1;1;B01
200900021175;0;1;0;0;2;1;19;A01
200900021175;0;1;0;0;2;1;1;B01
200900021176;0;7;0;0;2;7;15;A01
200900021176;0;31;0;0;2;1;1;B02
200900021177;0;1;0;0;2;1;16;B02
200900021177;0;7;0;0;2;7;1;A01
200900021178;0;21;0;0;2;3;15;A01
200900021178;0;7;0;0;2;6;1;B02
200900021179;0;7;0;0;2;1;13;B02
200900021179;0;10;0;0;2;1;1;A01
200900021180;0;7;0;0;1;5;1;A01
200900021181;0;7;0;0;0;9;14;A01
200900021182;0;2;0;5;0;1;1;A01
200900021183;0;7;0;0;2;2;1;B02
200900021183;0;1;0;0;2;1;19;A01
200900021184;0;7;0;0;2;4;1;C03
200900021184;0;7;0;0;2;4;1;B02
200900021184;0;7;0;0;2;1;1;A01
200900021185;0;30;0;0;2;1;1;A01
200900021185;0;7;0;0;2;3;1;B02
200900021186;0;33;0;0;0;0;1;A01
200900021187;0;7;0;0;0;1;5;A01
200900021187;0;7;0;0;2;1;1;B02
200900021188;0;7;0;0;2;6;1;B02
200900021188;0;33;0;0;2;2;1;A01
200900021189;0;7;0;0;2;8;1;B02
200900021189;0;30;0;0;2;1;1;A01
200900021190;0;33;0;13;0;0;1;A01
200900021191;0;30;0;0;2;1;1;A01
200900021191;0;7;0;0;0;6;15;B02
200900021192;0;7;0;0;2;2;15;A01
200900021192;0;33;0;0;2;1;1;B02
200900021193;0;7;0;0;2;3;5;A01
200900021193;0;7;0;0;2;6;21;B02
200900021194;0;1;0;0;2;1;1;B02
200900021194;0;7;0;0;0;8;23;A01
200900021195;0;33;0;0;0;0;1;A01
200900021196;0;33;0;1;0;1;1;A01
200900021197;0;1;0;0;2;7;21;B02
200900021197;0;7;0;0;2;4;4;A01
200900021198;0;33;0;3;0;1;1;A01
200900021199;0;7;0;0;0;4;1;B02
200900021199;0;7;0;0;2;1;1;A01
200900021200;0;7;0;2;0;8;0;A01
200900021201;0;7;0;0;2;1;1;B02
200900021201;0;7;0;0;2;8;1;A01
200900021202;0;17;0;0;0;4;2;A01
200900021202;0;7;0;0;2;1;2;B01
200900021203;0;7;0;0;2;1;1;C01
200900021203;0;7;0;0;2;4;2;A01
200900021203;0;7;0;0;2;4;2;B01
200900021204;0;7;0;0;2;3;15;A01
200900021204;0;1;0;0;2;5;15;B01
200900021205;0;7;0;0;2;7;15;B01
200900021205;0;30;0;0;2;1;1;A01
200900021206;0;33;0;0;2;4;15;A01
200900021206;0;7;0;0;2;8;1;B01
200900021207;0;7;0;0;2;1;1;B01
200900021207;0;30;0;0;2;1;15;A01
200900021208;0;7;0;16;0;1;1;A01
200900021209;1;2;0;0;1;0;0;A01
200900021210;0;30;0;0;2;8;19;A01
200900021210;0;7;0;0;2;1;17;B01
200900021211;0;7;0;0;1;1;1;A01
200900021212;0;7;0;0;1;8;1;A01
200900021213;0;2;0;0;1;0;0;A01
200900021214;0;7;0;0;2;8;15;B01
200900021214;0;30;0;0;2;7;1;A01
200900021215;0;7;0;0;2;1;1;A01
200900021215;0;7;0;0;2;8;15;B01
200900021216;0;1;0;0;2;8;19;B01
200900021216;0;7;0;0;2;1;1;A01
200900021217;0;7;0;0;0;4;2;D01
200900021217;0;7;0;1;0;1;1;A01
200900021217;0;7;0;1;0;1;2;B01
200900021217;0;7;0;1;0;1;2;C01
200900021218;0;33;0;1;0;3;1;A01
200900021219;0;7;0;0;0;0;15;A01
200900021219;0;32;0;0;0;0;1;B01
200900021220;0;7;0;0;2;1;1;A01
200900021220;0;1;0;0;2;4;1;B01
200900021221;0;2;0;0;1;0;1;A01
200900021222;0;1;0;0;2;3;1;A01
200900021222;0;7;0;0;2;2;15;B01
200900021223;0;1;0;0;2;1;1;B01
200900021223;0;7;0;0;2;3;16;A01
200900021224;0;30;0;0;1;1;1;A01
200900021225;0;7;0;0;2;1;15;A01
200900021225;0;1;0;0;2;8;1;B01
200900021226;0;1;0;0;2;1;1;B01
200900021226;0;7;0;0;2;7;22;A01
200900021227;0;7;0;0;1;2;1;A01
200900021228;0;33;0;0;2;8;1;B01
200900021228;0;7;0;0;2;1;1;A01
200900021229;1;30;0;0;1;0;16;A01
200900021230;0;7;0;0;2;7;1;B01
200900021230;0;7;0;0;2;1;1;A01
200900021231;0;7;0;0;2;1;1;A01
200900021231;0;7;0;0;2;3;15;B01
200900021232;0;7;0;0;2;3;15;A01
200900021232;0;15;0;0;2;2;1;B01
200900021233;1;7;0;0;1;0;1;A01
200900021234;0;7;0;2;0;1;0;A01
200900021235;0;34;0;0;2;1;1;B01
200900021235;0;7;0;0;2;8;16;A01
200900021236;0;7;0;0;2;2;19;A01
200900021236;0;33;0;0;2;1;1;B01
200900021237;0;32;0;0;2;4;1;B01
200900021237;0;7;0;0;2;1;1;A01
200900021238;0;7;0;0;2;1;5;C03
200900021238;0;7;0;0;2;1;13;A01
200900021238;0;7;0;0;2;8;5;B02
200900021239;0;7;0;0;1;1;1;A01
200900021240;0;7;0;12;0;2;9;A01
200900021240;0;1;0;0;2;8;11;B01
200900021241;0;30;0;4;0;7;1;A01
200900021242;0;7;0;0;1;3;13;A01
200900021243;0;7;0;0;0;0;1;A01
200900021244;0;7;0;0;1;6;1;A01
200900021245;0;7;0;0;2;6;15;A01
200900021245;0;7;0;0;2;3;1;B01
200900021246;0;7;0;0;2;5;20;A01
200900021246;0;30;0;0;2;3;1;B01
200900021247;0;33;0;0;2;1;1;B01
200900021247;0;10;0;0;2;4;4;A01
200900021248;0;2;0;14;2;2;15;A01
200900021248;0;7;0;0;2;1;1;B01
200900021249;0;7;0;14;0;2;0;A01
200900021250;0;7;0;0;2;0;0;A01
200900021250;0;2;0;0;2;1;1;B01
200900021251;0;7;0;0;1;7;1;A01
200900021252;0;1;0;0;2;1;1;B01
200900021252;0;7;0;0;2;6;1;A01
200900021253;0;7;0;0;2;8;1;B01
200900021253;0;7;0;0;2;8;1;A01
200900021254;0;7;0;0;2;1;15;A01
200900021254;0;7;0;0;2;3;1;B01
200900021255;0;7;0;13;0;3;5;A01
200900021256;0;7;0;0;2;6;1;B01
200900021256;0;7;0;1;0;3;1;A01
200900021257;0;7;0;0;1;1;1;A01
200900021258;0;33;0;0;2;2;1;B01
200900021258;0;7;0;0;2;8;10;A01
200900021259;0;7;0;0;2;4;9;A01
200900021259;0;2;0;0;2;7;1;B01
200900021260;0;7;0;1;0;1;1;A01
200900021261;0;7;0;0;1;3;15;A01
200900021262;0;2;0;0;2;0;1;A01
200900021263;0;7;0;0;2;1;1;B01
200900021263;0;7;0;0;2;1;15;A01
200900021264;0;30;0;0;0;0;0;A01
200900021265;0;7;0;0;1;0;1;A01
200900021266;0;7;0;0;2;4;23;C01
200900021266;0;7;0;0;2;1;2;A01
200900021266;0;7;0;0;2;9;2;B01
200900021267;0;7;0;0;2;1;0;A01
200900021267;0;7;0;0;2;7;0;B01
200900021268;0;7;0;0;2;3;15;A01
200900021268;0;33;0;0;2;5;17;B01
200900021269;0;7;0;0;2;9;1;B01
200900021269;0;7;0;7;2;1;1;A01
200900021270;0;10;0;0;1;0;16;A01
200900021271;0;7;0;0;2;3;1;A01
200900021271;0;7;0;0;2;2;1;B01
200900021272;0;7;0;0;1;1;1;A01
200900021273;0;7;0;0;1;2;2;A01
200900021274;0;7;0;12;0;0;1;A01
200900021275;0;2;0;0;2;1;1;A01
200900021275;0;7;0;0;2;4;1;B01
200900021276;0;1;0;0;1;1;1;A01
200900021277;0;2;0;0;2;1;5;A01
200900021277;0;7;0;0;2;2;1;B01
200900021278;0;2;0;0;2;1;2;B01
200900021278;0;7;0;0;2;3;2;A01
200900021279;0;7;0;0;2;1;13;A01
200900021279;0;7;0;0;2;2;23;B01
200900021279;0;7;0;0;2;1;23;C01
200900021280;0;1;0;0;2;5;1;B01
200900021280;0;7;0;0;2;8;22;A01
200900021281;0;31;0;3;0;7;1;A01
200900021282;0;7;0;0;2;4;1;B01
200900021282;0;30;0;0;2;1;1;A01
200900021283;1;7;0;0;1;4;4;A01
200900021284;0;30;0;0;2;1;1;A01
200900021284;0;7;0;0;2;1;2;B01
200900021285;0;7;0;0;2;1;1;B01
200900021285;0;7;0;0;2;3;1;A01
200900021286;0;7;0;0;2;1;1;A01
200900021286;0;7;0;0;2;4;1;B01
200900021287;0;7;0;0;2;9;1;A01
200900021287;0;1;0;0;2;9;15;B01
200900021288;0;10;0;0;2;3;1;B01
200900021288;0;30;0;0;2;1;13;A01
200900021289;0;7;0;1;2;1;1;B01
200900021289;0;7;0;14;2;1;1;A01
200900021290;0;1;0;0;2;1;11;A01
200900021290;0;7;0;0;2;1;1;B01
200900021291;0;7;0;0;2;3;15;A01
200900021291;0;34;0;0;2;3;1;B01
200900021292;0;7;0;6;1;4;4;A01
200900021293;0;30;0;0;2;1;1;A01
200900021293;0;7;0;0;2;6;15;B01
200900021294;0;7;0;0;1;3;1;A01
200900021295;0;33;0;0;0;1;1;A01
200900021296;0;7;0;0;2;2;1;B01
200900021296;0;7;0;0;2;1;9;A01
200900021297;0;7;0;0;1;3;1;A01
200900021298;0;7;0;0;1;2;1;A01
200900021299;0;7;0;0;2;3;0;A01
200900021299;0;30;0;0;2;7;0;B01
200900021300;0;15;0;0;2;1;1;A01
200900021300;0;7;0;0;2;4;1;B01
200900021301;0;33;0;11;0;1;13;A01
200900021302;0;37;5;0;2;3;1;B01
200900021302;0;7;0;0;2;5;6;A01
200900021303;0;7;0;0;2;8;15;B01
200900021303;0;33;0;0;2;1;17;A01
200900021304;0;33;0;11;0;1;1;A01
200900021305;0;33;0;0;2;1;1;B01
200900021305;0;7;0;0;2;5;15;A01
200900021306;0;7;0;0;2;4;1;A01
200900021306;0;33;0;0;2;1;0;B01
200900021307;0;7;0;0;2;8;1;B01
200900021307;0;30;0;0;2;1;1;A01
200900021308;0;7;0;0;2;2;1;B01
200900021308;0;7;0;0;2;3;15;A01
200900021309;0;30;0;0;2;1;1;B01
200900021309;0;7;0;0;2;2;15;A01
200900021310;0;7;0;1;0;1;2;A01
200900021310;0;99;0;0;0;0;0;B01
200900021311;0;33;0;0;2;1;1;B01
200900021311;0;99;0;0;2;6;1;A01
200900021312;0;7;0;0;2;1;13;A01
200900021312;0;7;0;0;2;3;1;B01
200900021313;0;33;0;14;0;1;1;A01
200900021314;0;7;0;1;1;2;1;A01
200900021315;0;31;0;0;2;1;1;B01
200900021315;0;7;0;0;2;1;15;A01
200900021316;0;7;0;0;1;2;1;A01
200900021317;0;7;0;0;2;3;15;A01
200900021317;0;34;0;0;2;7;17;B01
200900021318;0;7;0;0;1;3;2;A01
200900021319;0;7;0;0;1;0;1;A01
200900021320;0;33;0;0;2;1;1;B01
200900021320;0;1;0;0;2;1;1;A01
200900021321;0;7;0;0;2;3;2;A01
200900021321;0;7;0;0;2;1;15;B01
200900021322;0;7;0;0;2;1;17;A01
200900021322;0;7;0;0;2;0;15;B01
200900021323;0;7;0;0;1;0;1;A01
200900021324;0;2;0;0;2;1;9;A01
200900021324;0;7;0;0;2;4;1;B01
200900021325;0;33;0;0;0;9;1;A01
200900021326;0;7;0;0;2;7;10;A01
200900021326;0;2;0;0;2;9;1;B01
200900021327;0;1;0;14;0;1;1;A01
200900021328;0;7;0;0;2;2;15;A01
200900021328;0;2;0;0;2;3;1;B01
200900021329;0;30;0;1;0;1;1;A01
200900021330;0;7;0;0;2;3;15;B01
200900021330;0;30;0;0;2;1;17;A01
200900021331;0;7;0;0;1;1;1;A01
200900021332;0;1;0;0;2;1;5;A01
200900021332;0;7;0;14;2;7;15;B01
200900021333;0;2;0;0;2;1;1;B01
200900021333;0;7;0;0;2;3;15;A01
200900021334;0;2;0;0;1;1;17;A01
200900021335;0;7;0;0;1;1;4;A01
200900021336;0;15;0;0;2;5;1;A01
200900021336;0;1;0;0;2;8;2;B01
200900021337;0;99;0;0;2;2;10;A01
200900021337;0;31;0;0;2;9;1;B01
200900021338;0;31;0;0;2;1;1;A01
200900021338;1;1;0;1;2;0;0;B01
200900021339;0;10;0;0;1;3;1;A01
200900021340;0;30;0;1;0;1;2;A01
200900021341;0;33;0;0;2;1;1;A01
200900021341;0;7;0;0;2;4;1;B01
200900021342;0;7;0;0;2;3;2;B01
200900021342;0;2;0;0;2;2;2;A01
200900021343;0;7;0;0;2;8;1;A01
200900021343;0;1;0;0;2;0;1;B01
200900021344;0;33;0;0;2;1;1;A01
200900021344;0;1;0;0;2;1;9;B01
200900021345;0;33;0;12;0;1;1;A01
200900021346;0;32;0;0;2;1;17;B01
200900021346;0;10;0;0;2;8;15;A01
200900021347;0;7;0;0;2;4;23;C01
200900021347;0;7;0;0;2;1;2;A01
200900021347;0;7;0;0;2;9;23;B01
200900021348;0;7;0;0;2;2;15;A01
200900021348;0;32;0;0;2;9;1;B01
200900021349;0;7;0;0;2;2;1;A01
200900021349;0;2;0;0;2;1;1;B01
200900021350;0;10;0;0;2;1;2;A01
200900021350;0;1;0;0;2;1;5;B01
200900021351;1;7;0;0;0;0;0;A01
200900021352;0;7;0;0;1;2;2;A01
200900021353;0;10;0;0;1;1;1;A01
200900021354;0;7;0;0;2;6;11;B01
200900021354;0;7;0;0;2;1;1;A01
200900021355;0;7;0;13;0;0;0;A01