num_acc;senc;catv;occutc;obs;obsm;choc;manv;num_veh
200900021356;0;33;0;4;0;0;0;A01
200900021357;0;7;0;4;0;0;0;A01
200900021358;0;17;0;0;2;0;0;A01
200900021358;0;7;0;0;2;0;0;B01
200900021359;0;7;0;3;0;0;0;A01
200900021360;0;17;0;0;2;0;0;A01
200900021360;0;7;0;0;2;0;1;B01
200900021361;0;33;0;0;0;0;1;B01
200900021361;0;7;0;0;0;0;11;A01
200900021362;0;7;0;4;0;9;0;A01
200900021363;0;7;0;0;2;4;2;B01
200900021363;0;7;0;0;2;1;2;A01
200900021364;0;7;0;4;0;0;13;A01
200900021365;0;7;0;16;0;0;0;A01
200900021366;0;33;0;0;2;1;2;A01
200900021366;0;7;0;0;2;4;2;B01
200900021367;0;7;0;0;0;0;0;A01
200900021368;0;7;0;3;0;0;0;A01
200900021369;0;7;0;0;2;1;2;A01
200900021369;0;7;0;0;2;4;2;B01
200900021370;0;7;0;4;0;0;0;A01
200900021371;0;33;0;0;2;3;3;A01
200900021371;0;7;0;0;2;7;12;B01
200900021372;0;7;0;0;0;0;0;A01
200900021373;0;7;0;0;2;4;2;B01
200900021373;0;17;0;0;2;4;2;C01
200900021373;0;10;0;0;2;4;2;D01
200900021373;0;10;0;0;2;1;2;A01
200900021374;0;7;0;0;0;0;0;A01
200900021375;0;7;0;4;5;0;14;A01
200900021376;0;7;0;3;0;0;0;A01
200900021377;0;10;0;4;0;0;0;A01
200900021378;0;7;0;0;2;0;1;B01
200900021378;0;7;0;0;2;0;9;A01
200900021379;0;33;0;0;2;1;2;A01
200900021379;0;7;0;0;2;4;2;B01
200900021380;0;7;0;3;2;0;1;B01
200900021380;0;17;0;0;2;1;0;A01
200900021381;0;7;0;13;0;0;0;A01
200900021382;0;7;0;13;0;0;0;A01
200900021383;0;7;0;0;0;0;0;A01
200900021384;0;17;0;0;2;4;2;C01
200900021384;0;17;0;0;2;4;2;B01
200900021384;0;17;0;0;2;1;2;A01
200900021385;0;7;0;13;0;1;19;A01
200900021386;0;2;0;0;2;1;13;A01
200900021386;0;7;0;0;2;5;17;B02
200900021387;0;33;0;2;0;1;13;A01
200900021388;0;33;0;8;0;0;0;A01
200900021389;0;7;0;2;0;1;1;A01
200900021390;0;30;0;0;2;1;13;A01
200900021390;0;7;0;0;2;1;1;B02
200900021391;0;7;0;0;1;3;1;A01
200900021392;0;7;0;6;0;8;1;A01
200900021393;0;36;0;1;0;0;1;A01
200900021394;0;7;0;15;0;8;1;A01
200900021395;0;10;0;6;0;1;1;A01
200900021396;0;7;0;2;0;1;1;A01
200900021397;0;7;0;13;0;2;14;A01
200900021398;0;7;0;0;1;7;1;A01
200900021399;0;10;0;0;2;8;10;A01
200900021399;0;7;0;0;2;1;21;B02
200900021400;0;33;0;0;2;7;17;B02
200900021400;0;7;0;0;2;8;10;A01
200900021401;0;7;0;8;0;8;14;A01
200900021402;0;31;0;0;0;0;0;A01
200900021403;0;7;0;2;2;1;15;A01
200900021403;0;7;0;0;2;1;1;B01
200900021404;0;7;0;0;0;3;1;B02
200900021404;0;7;0;0;0;7;19;A01
200900021405;0;7;0;0;0;6;9;B02
200900021405;0;33;0;0;2;1;2;A01
200900021406;1;14;0;0;1;0;1;A01
200900021407;0;14;0;2;0;9;1;A01
200900021408;0;32;0;0;2;9;1;B01
200900021408;0;7;0;0;2;1;15;A01
200900021409;0;7;0;0;2;3;15;A01
200900021409;0;7;0;0;2;3;1;B01
200900021410;0;7;0;0;2;1;1;B01
200900021410;0;7;0;8;2;1;1;A01
200900021411;0;7;0;0;9;6;15;B01
200900021411;0;1;0;0;2;1;1;A01
200900021412;0;7;0;0;0;0;0;A01
200900021412;0;7;0;0;0;0;0;B01
200900021413;0;10;0;0;0;0;0;A01
200900021414;0;7;0;1;2;3;1;A01
200900021414;0;7;0;0;2;3;5;B01
200900021415;0;7;0;0;1;3;2;A01
200900021416;0;30;0;1;0;1;0;A01
200900021417;0;7;0;0;9;7;2;B01
200900021417;0;1;0;0;0;7;2;A01
200900021418;1;7;0;0;1;1;0;A01
200900021419;0;33;0;0;2;1;1;B01
200900021419;0;7;0;0;2;2;1;A01
200900021420;0;14;0;0;0;8;1;A01
200900021421;0;7;0;0;2;1;1;B02
200900021421;0;7;0;0;2;2;15;A01
200900021422;0;7;0;13;0;1;2;A01
200900021423;0;7;0;13;0;1;0;A01
200900021424;0;7;0;8;0;7;1;A01
200900021425;0;10;0;0;2;1;1;B02
200900021425;0;10;0;0;2;1;1;A01
200900021426;0;7;0;2;0;1;14;A01
200900021427;0;10;0;0;2;8;1;C01
200900021427;0;10;0;0;2;1;1;B01
200900021427;0;10;0;0;2;1;13;A01
200900021428;0;7;0;0;2;1;1;B01
200900021428;0;7;0;0;2;2;19;A01
200900021429;0;7;0;0;2;1;15;A01
200900021429;0;33;0;0;2;1;1;B01
200900021430;0;7;0;0;2;1;17;A01
200900021430;0;7;0;0;2;1;1;B02
200900021430;0;10;0;0;2;1;1;C03
200900021431;0;7;0;0;2;3;1;B02
200900021431;0;7;0;0;2;3;13;A01
200900021432;0;30;0;0;2;8;19;A01
200900021432;0;7;0;0;2;1;0;B02
200900021433;0;7;0;0;1;0;1;A01
200900021434;0;1;0;0;2;1;19;A01
200900021434;0;1;0;0;2;1;1;B01
200900021435;0;7;0;2;0;2;1;A01
200900021436;0;7;0;8;0;2;1;A01
200900021437;0;7;0;0;2;3;15;A01
200900021437;0;7;0;0;2;3;1;B02
200900021438;0;7;0;0;2;1;15;A01
200900021438;0;33;0;0;2;1;1;B02
200900021439;0;7;0;0;2;1;1;A01
200900021439;0;13;0;0;2;8;1;B02
200900021440;0;1;0;14;0;1;1;A01
200900021441;0;32;0;14;0;8;1;A01
200900021442;0;7;0;0;2;1;1;B02
200900021442;0;7;0;0;2;3;21;C03
200900021442;0;7;0;0;2;1;13;A01
200900021443;0;7;0;0;2;1;1;B02
200900021443;0;7;0;0;2;7;13;A01
200900021444;0;7;0;0;2;3;13;A01
200900021444;0;7;0;0;2;1;1;B02
200900021445;0;7;0;0;1;1;1;A01
200900021446;0;7;0;13;0;1;1;A01
200900021447;0;33;0;14;0;1;13;A01
200900021448;0;7;0;2;0;8;14;A01
200900021449;0;7;0;0;1;3;15;A01
200900021450;0;7;0;0;2;2;15;A01
200900021450;0;2;0;0;2;1;1;B01
200900021451;0;7;0;0;2;3;2;A01
200900021451;0;7;0;0;2;2;2;B01
200900021452;0;33;0;0;2;1;1;B01
200900021452;0;7;0;0;2;2;15;A01
200900021453;0;7;0;0;1;8;4;A01
200900021454;0;7;0;0;1;3;0;A01
200900021455;0;7;0;0;2;2;1;B01
200900021455;0;33;0;0;2;1;1;A01
200900021456;0;2;0;0;0;0;1;B01
200900021456;1;7;0;0;0;0;1;A01
200900021457;0;33;0;0;2;4;15;B01
200900021457;0;7;0;0;2;1;1;A01
200900021458;0;33;0;0;2;3;18;B01
200900021458;0;7;0;0;2;2;16;A01
200900021459;0;30;0;0;0;1;7;A01
200900021459;0;7;0;0;0;5;7;B01
200900021460;0;7;0;0;2;3;15;A01
200900021460;0;33;0;0;2;1;1;B02
200900021461;0;7;0;0;1;4;20;A01
200900021462;0;7;0;2;0;1;1;A01
200900021463;0;7;0;11;0;1;14;A01
200900021464;0;7;0;0;1;1;1;A01
200900021465;0;7;0;0;2;8;1;B01
200900021465;0;7;0;0;2;1;6;A01
200900021466;0;2;0;0;2;1;16;A01
200900021466;0;7;0;0;2;7;16;B01
200900021467;0;38;10;0;2;3;2;A01
200900021467;0;38;15;0;2;4;23;B01
200900021467;0;38;10;0;2;4;23;C01
200900021468;0;10;0;0;1;7;1;A01
200900021469;0;7;0;0;1;3;1;A01
200900021470;0;7;0;0;2;2;14;B01
200900021470;0;7;0;0;2;8;13;A01
200900021471;0;10;0;0;9;5;17;A01
200900021471;0;1;0;0;2;1;1;B02
200900021472;0;30;0;0;2;1;19;A01
200900021472;0;10;0;0;2;3;1;B01
200900021473;0;1;0;0;2;3;1;A01
200900021473;0;7;0;0;2;1;1;B01
200900021474;0;7;0;0;1;3;0;A01
200900021475;0;7;0;0;0;5;1;B01
200900021475;0;7;0;0;2;1;1;A01
200900021476;0;7;0;0;2;8;0;A01
200900021476;1;7;0;;;;;A02
200900021477;0;7;0;5;0;1;1;A01
200900021478;0;34;0;0;0;7;21;B01
200900021478;0;7;0;0;0;0;1;A01
200900021479;0;7;0;0;2;7;1;A01
200900021479;0;2;0;0;2;1;1;B01
200900021480;0;2;0;0;2;6;1;B01
200900021480;0;10;0;0;2;2;1;A01
200900021481;0;7;0;0;0;1;15;A01
200900021481;0;7;0;0;2;1;1;B01
200900021482;0;7;0;0;1;1;1;A01
200900021483;0;7;0;1;0;4;0;B01
200900021483;0;7;0;0;2;4;1;C01
200900021483;0;7;0;15;2;1;1;A01
200900021484;2;7;0;0;2;1;0;A01
200900021484;0;2;0;0;2;1;1;B01
200900021485;0;31;0;0;2;0;15;B01
200900021485;0;30;0;0;2;0;15;A01
200900021486;0;7;0;4;0;3;1;A01
200900021487;0;30;0;0;2;2;1;A01
200900021487;0;7;0;0;2;5;20;B01
200900021488;0;31;0;0;2;1;1;B02
200900021488;0;7;0;0;2;8;15;A01
200900021489;0;7;0;0;2;6;1;B01
200900021489;0;30;0;0;2;2;0;A01
200900021490;0;7;0;1;0;1;1;A01
200900021491;0;7;0;0;2;1;2;A01
200900021491;0;7;0;0;2;4;23;B01
200900021491;0;7;0;0;2;4;23;C01
200900021491;0;7;0;0;2;4;23;D01
200900021492;0;2;0;0;0;8;1;A01
200900021493;0;30;0;13;0;1;1;A01
200900021494;0;7;0;0;1;1;1;A01
200900021495;0;30;0;0;2;1;1;B01
200900021495;0;7;0;0;2;8;22;A01
200900021496;0;7;0;0;2;8;11;A01
200900021496;0;7;0;0;2;3;1;C01
200900021496;0;33;0;0;2;1;1;B01
200900021497;0;13;0;0;2;2;1;B01
200900021497;0;7;0;0;2;8;1;A01
200900021498;0;7;0;0;2;4;23;B01
200900021498;0;30;0;0;2;1;2;A01
200900021499;0;7;0;2;0;2;1;A01
200900021500;0;34;0;0;2;7;2;B01
200900021500;0;7;0;0;2;3;15;A01
200900021501;0;7;0;0;2;1;1;B01
200900021501;0;7;0;0;2;6;15;A01
200900021502;0;33;0;0;2;1;1;B01
200900021502;0;7;0;0;2;3;15;A01
200900021503;0;31;0;0;0;4;1;B01
200900021503;0;7;0;0;2;1;1;A01
200900021504;0;7;0;3;2;3;1;A01
200900021504;0;7;0;1;2;1;1;B02
200900021505;0;7;0;0;2;7;10;A01
200900021505;0;7;0;0;2;1;1;B01
200900021506;0;7;0;0;0;4;1;A01
200900021507;0;2;0;0;0;3;1;A01
200900021508;0;7;0;0;2;3;15;C01
200900021508;0;7;0;0;2;6;16;A01
200900021508;0;7;0;1;2;1;15;B01
200900021509;0;34;0;0;2;2;1;B01
200900021509;0;7;0;0;2;8;10;A01
200900021510;0;7;0;0;2;6;15;B01
200900021510;0;32;0;0;2;1;17;A01
200900021511;0;33;0;0;2;3;15;B01
200900021511;0;7;0;0;2;3;15;A01
200900021512;0;7;0;0;0;4;23;C01
200900021512;0;7;0;0;2;4;23;B01
200900021512;0;7;0;0;2;1;1;A01
200900021513;0;7;0;0;1;1;1;A01
200900021514;0;34;0;0;2;2;15;A01
200900021514;0;7;0;1;2;1;1;B01
200900021515;0;7;0;0;2;4;1;B01
200900021515;0;7;0;0;0;3;1;C01
200900021515;0;7;0;0;2;1;1;A01
200900021516;0;32;0;0;2;1;17;B01
200900021516;0;7;0;0;2;8;9;A01
200900021517;0;7;0;0;2;1;2;A01
200900021517;0;37;7;0;2;5;23;B01
200900021518;0;2;0;0;2;1;13;A01
200900021518;0;7;0;0;2;1;1;B01
200900021519;0;31;0;0;2;1;1;B01
200900021519;0;7;0;0;2;7;15;A01
200900021520;0;7;0;11;0;3;0;A01
200900021521;0;7;0;0;2;2;1;B01
200900021521;0;1;0;0;2;1;1;A01
200900021522;0;32;0;0;2;1;17;B01
200900021522;0;7;0;0;2;3;15;A01
200900021523;0;7;0;0;2;2;1;B01
200900021523;0;2;0;0;2;1;1;A01
200900021524;0;33;0;0;2;3;1;B01
200900021524;0;7;0;0;2;1;15;A01
200900021525;0;7;0;15;2;1;1;A01
200900021525;0;7;0;0;2;7;1;B01
200900021526;0;10;0;0;0;3;1;A01
200900021527;0;7;0;0;2;8;19;A01
200900021527;0;30;0;0;2;2;1;B01
200900021528;0;7;0;0;2;4;21;B01
200900021528;0;13;0;0;2;1;2;A01
200900021529;0;2;0;0;0;0;1;A01
200900021530;0;7;0;0;2;7;17;A01
200900021530;0;7;0;0;2;3;15;B01
200900021531;0;7;0;0;2;1;15;A01
200900021531;0;2;0;0;2;1;1;B01
200900021532;0;7;0;0;1;2;1;A01
200900021533;0;14;0;15;0;1;21;A01
200900021534;0;31;0;0;2;7;20;A01
200900021534;0;7;0;0;2;2;15;B01
200900021535;0;33;0;0;6;1;0;A01
200900021536;0;33;0;12;0;0;1;A01
200900021537;0;2;0;0;0;0;1;B01
200900021537;0;7;0;0;2;3;1;A01
200900021538;0;2;0;0;2;1;5;A01
200900021538;0;7;0;0;2;3;1;B01
200900021539;0;2;0;1;0;3;13;A01
200900021540;0;7;0;16;0;1;1;A01
200900021541;0;7;0;0;2;3;6;A01
200900021541;0;14;0;0;2;3;14;B02
200900021542;0;7;0;2;0;8;13;A01
200900021543;0;7;0;0;2;3;13;A01
200900021543;0;7;0;0;2;1;1;B02
200900021544;0;1;0;0;0;7;1;A01
200900021545;0;7;0;0;2;1;13;A01
200900021545;0;7;0;0;2;1;1;B02
200900021546;0;20;0;0;2;4;2;B02
200900021546;0;7;0;0;0;4;15;C03
200900021546;0;7;0;0;0;1;15;A01
200900021547;0;7;0;13;0;1;1;A01
200900021548;0;10;0;3;0;2;1;A01
200900021549;0;7;0;0;2;1;11;A01
200900021549;0;33;0;0;2;1;1;C03
200900021549;0;7;0;1;0;3;24;B02
200900021550;0;7;0;0;2;2;17;B02
200900021550;0;7;0;0;2;3;15;A01
200900021550;0;17;0;0;0;0;1;C03
200900021551;0;7;0;13;0;8;1;A01
200900021552;0;7;0;0;0;1;1;A01
200900021552;0;1;0;0;2;1;19;B02
200900021553;0;15;0;0;2;6;13;B02
200900021553;0;7;0;0;2;8;1;A01
200900021554;0;7;0;6;0;1;13;A01
200900021555;0;7;0;2;0;1;1;A01
200900021556;0;7;0;8;0;7;14;A01
200900021557;0;33;0;6;0;1;1;A01
200900021558;0;7;0;2;0;3;13;A01
200900021559;0;7;0;0;2;3;13;A01
200900021559;0;7;0;0;2;3;1;B02
200900021560;0;7;0;8;0;1;1;A01
200900021561;0;10;0;2;0;1;0;A01
200900021562;0;7;0;6;0;9;1;A01
200900021563;0;7;0;6;0;1;1;A01
200900021564;0;33;0;13;0;8;1;A01
200900021565;0;7;0;15;1;1;1;A01
200900021566;0;7;0;0;1;1;1;A01
200900021567;0;33;0;13;0;0;1;A01
200900021568;0;7;0;0;2;1;1;B02
200900021568;0;2;0;0;2;1;13;A01
200900021569;0;1;0;0;0;4;0;B02
200900021569;0;7;0;0;2;2;2;A01
200900021570;0;33;0;2;0;1;13;A01
200900021571;0;7;0;2;0;0;13;A01
200900021572;0;10;0;0;1;2;1;A01
200900021573;0;30;0;0;2;1;1;B02
200900021573;0;7;0;0;2;8;19;A01
200900021574;0;7;0;0;0;1;0;B02
200900021574;0;7;0;1;0;9;14;A01
200900021575;0;7;0;2;0;3;13;A01
200900021576;0;7;0;6;0;2;14;A01
200900021577;0;7;0;0;1;1;1;A01
200900021578;0;7;0;0;2;1;1;B01
200900021578;0;7;0;0;2;1;17;A01
200900021579;0;7;0;0;9;6;1;D01
200900021579;0;33;0;0;2;1;1;B01
200900021579;0;7;0;0;2;4;1;C01
200900021579;0;7;0;0;2;2;1;A01
200900021580;0;7;0;0;2;1;2;A01
200900021580;0;7;0;0;2;4;1;B01
200900021581;0;7;0;0;2;3;2;B01
200900021581;0;7;0;0;2;1;13;A01
200900021582;0;33;0;9;0;1;17;A01
200900021582;0;7;0;0;2;6;1;B01
200900021583;0;7;0;0;2;8;1;B02
200900021583;0;7;0;0;2;3;13;A01
200900021584;0;7;0;2;6;7;1;A01
200900021585;0;30;0;0;0;0;1;A01
200900021586;0;14;0;0;2;3;1;B02
200900021586;0;7;0;0;2;1;1;A01
200900021587;0;33;0;2;0;1;21;A01
200900021588;0;7;0;0;2;2;1;B02
200900021588;0;7;0;0;2;2;13;A01
200900021589;0;7;0;2;0;1;14;A01
200900021590;0;15;0;0;0;0;13;A01
200900021590;0;7;0;0;2;1;1;B02
200900021591;0;7;0;0;0;0;0;A01
200900021591;0;7;0;0;2;3;1;B02
200900021592;0;7;0;0;1;3;19;A01
200900021593;0;33;0;0;0;7;1;A01
200900021594;0;7;0;13;0;1;1;A01
200900021595;0;33;0;13;0;1;1;A01
200900021596;0;1;0;0;2;4;1;B02
200900021596;0;7;0;0;2;7;21;A01
200900021597;0;7;0;0;2;3;13;A01
200900021597;0;7;0;0;2;3;1;B02
200900021598;0;7;0;0;0;8;1;A01
200900021598;0;7;0;0;2;1;1;B02
200900021599;0;32;0;0;2;3;9;A01
200900021599;0;7;0;0;2;9;2;B01
200900021600;0;7;0;0;1;2;1;A01
200900021601;0;10;0;0;0;0;24;C01
200900021601;0;31;0;0;2;7;13;B01
200900021601;0;7;0;0;2;2;16;A01
200900021602;0;33;0;0;2;1;1;A01
200900021602;0;7;0;0;2;3;1;B01
200900021603;0;21;0;0;2;8;15;A01
200900021603;0;33;0;0;2;1;17;B02
200900021604;0;7;0;0;2;2;23;B01
200900021604;0;7;0;1;0;7;0;A01
200900021605;0;7;0;0;2;6;10;A01
200900021605;0;33;0;0;2;1;2;B01
200900021606;0;7;0;0;1;3;1;A01
200900021607;0;31;0;3;0;2;14;A01
200900021608;0;7;0;13;0;1;1;A01
200900021609;0;7;0;0;2;7;13;A01
200900021609;0;7;0;0;2;1;1;B02
200900021610;0;7;0;0;1;3;1;A01
200900021611;0;7;0;3;0;3;17;A01
200900021611;0;7;0;0;9;1;1;B02
200900021612;0;7;0;0;2;1;15;B02
200900021612;0;7;0;0;2;7;1;A01
200900021613;0;33;0;0;2;6;1;A01
200900021613;0;7;0;0;2;1;9;B02
200900021614;0;7;0;0;2;2;16;A01
200900021614;0;1;0;0;2;8;16;B02
200900021615;0;1;0;0;2;7;17;A01
200900021616;0;7;0;13;0;1;1;A01
200900021617;0;7;0;0;2;1;1;A01
200900021617;0;7;0;0;2;3;19;B02
200900021618;0;2;0;0;2;1;1;A01
200900021618;0;7;0;0;2;2;10;B02
200900021619;0;7;0;0;2;3;1;B02
200900021619;0;3;0;0;2;3;13;A01
200900021620;0;7;0;0;2;1;5;A01
200900021620;0;7;0;0;2;2;1;B02
200900021621;0;7;0;0;2;1;1;B02
200900021621;0;7;0;0;2;3;15;A01
200900021622;0;7;0;2;0;2;1;A01
200900021623;0;7;0;8;0;9;15;A01
200900021624;0;20;0;10;0;9;1;A01
200900021625;0;7;0;0;2;3;1;A01
200900021625;0;7;0;0;2;6;1;B02
200900021626;0;33;0;13;0;1;14;A01
200900021627;0;1;0;0;2;8;9;A01
200900021627;0;7;0;0;2;1;1;B02
200900021628;0;30;0;0;2;7;1;B02
200900021628;0;7;0;0;2;1;1;A01
200900021629;0;10;0;0;2;1;13;A01
200900021629;0;10;0;0;2;1;1;B02
200900021630;0;7;0;13;2;2;1;A01
200900021630;0;7;0;0;2;1;1;B02
200900021631;0;10;0;0;2;1;19;A01
200900021631;0;7;0;0;2;3;1;B01
200900021632;0;7;0;0;1;2;0;A01
200900021633;0;7;0;0;2;7;1;B01
200900021633;0;7;0;0;2;1;0;A01
200900021634;0;21;0;0;0;0;13;A01
200900021635;0;7;0;0;0;2;1;B02
200900021636;0;7;0;0;2;1;1;B01
200900021636;0;7;0;0;2;1;13;A01
200900021637;0;33;0;0;2;1;1;B02
200900021637;0;10;0;0;2;1;1;A01
200900021638;0;7;0;0;2;1;1;A01
200900021638;0;1;0;0;2;1;15;B01
200900021639;0;7;0;0;2;1;16;A01
200900021640;0;7;0;0;2;3;15;A01
200900021640;0;31;0;0;2;1;1;B01
200900021641;0;7;0;0;2;1;2;A01
200900021641;0;2;0;0;2;4;1;B01
200900021642;0;33;0;0;2;7;16;A01
200900021643;0;2;0;14;0;1;1;A01
200900021644;0;1;0;0;2;8;15;A01
200900021644;0;17;0;0;2;1;17;B02
200900021645;0;33;0;0;6;1;1;A01
200900021646;0;2;0;0;2;1;13;A01
200900021646;0;7;0;0;2;1;1;B02
200900021647;0;7;0;13;0;1;1;A01
200900021648;0;7;0;8;0;2;1;A01
200900021649;0;7;0;8;2;2;17;A01
200900021649;0;7;0;0;2;3;15;B02
200900021650;0;7;0;0;2;8;16;A01
200900021650;0;7;0;0;2;2;1;B02
200900021651;0;1;0;14;0;0;14;A01
200900021652;0;10;0;0;2;3;15;B02
200900021652;0;33;0;0;2;1;1;A01
200900021653;0;7;0;13;0;9;1;A01
200900021654;0;7;0;0;1;2;1;A01
200900021655;0;7;0;0;2;4;23;B01
200900021655;0;2;0;0;2;1;2;A01
200900021656;0;2;0;14;2;7;1;A01
200900021656;0;39;0;0;2;1;1;B01
200900021657;0;7;0;0;0;9;1;A01
200900021658;0;33;0;0;2;7;1;B01
200900021658;0;7;0;0;2;3;9;A01
200900021659;0;2;0;0;2;8;13;B01
200900021659;0;10;0;0;2;5;1;A01
200900021660;0;33;0;14;2;7;1;B01
200900021660;0;7;0;0;2;2;15;A01
200900021660;0;7;0;0;2;1;23;C01
200900021661;0;1;0;0;2;1;1;B01
200900021661;0;7;0;0;2;5;16;A01
200900021662;0;1;0;0;2;1;1;B01
200900021662;0;7;0;0;2;2;16;A01
200900021663;0;7;0;0;2;1;15;A01
200900021663;0;7;0;0;2;1;1;B01
200900021664;0;7;0;0;2;1;13;A01
200900021664;0;7;0;0;2;1;1;B01
200900021665;0;7;0;15;0;1;1;A01
200900021666;0;7;0;0;1;1;1;A01
200900021667;0;7;0;6;0;1;13;A01
200900021668;0;2;0;13;0;1;1;A01
200900021669;0;7;0;0;2;1;13;A01
200900021669;0;7;0;0;2;1;1;B01
200900021670;0;7;0;0;0;9;13;A01
200900021671;0;7;0;0;2;3;1;B01
200900021671;0;10;0;0;2;3;23;C01
200900021671;0;7;0;0;2;2;19;A01
200900021672;0;7;0;0;2;1;1;A01
200900021672;0;38;36;15;2;8;1;B01
200900021673;0;7;0;0;1;5;0;A01
200900021674;0;7;0;0;2;2;14;A01
200900021674;0;17;0;0;0;6;1;B02
200900021675;0;10;0;13;0;2;14;A01
200900021676;0;33;0;0;2;1;1;A01
200900021676;0;7;0;0;0;4;23;B02
200900021677;0;33;0;6;0;7;1;A01
200900021678;0;33;0;0;2;1;17;A01
200900021678;0;7;0;0;0;8;15;B02
200900021679;0;7;0;2;2;1;17;A01
200900021679;0;7;0;0;2;2;17;B02
200900021680;0;17;0;0;2;2;1;B02
200900021680;0;7;0;0;0;3;15;A01
200900021681;0;7;0;0;2;6;15;A01
200900021681;0;33;0;0;2;1;1;B02
200900021682;0;7;0;0;2;1;2;A01
200900021682;0;7;0;0;0;4;23;C01
200900021682;0;7;0;0;2;4;23;B01
200900021683;0;7;0;0;9;3;22;A01
200900021684;0;7;0;13;0;3;21;A01
200900021685;0;7;0;0;1;1;16;A01
200900021686;0;2;0;1;0;1;1;A01
200900021687;0;99;0;0;2;8;19;B02
200900021687;0;7;0;0;2;3;21;A01
200900021688;0;7;0;13;0;1;13;A01
200900021689;0;17;0;13;2;4;2;A01
200900021689;0;10;0;0;2;1;2;B02
200900021690;0;1;0;0;2;1;1;B02
200900021690;0;7;0;0;2;7;1;A01
200900021691;0;33;0;1;0;1;1;A01
200900021692;0;7;0;0;2;1;1;A01
200900021692;0;7;0;0;0;1;1;B01
200900021693;0;7;0;0;2;2;9;A01
200900021693;0;2;0;0;2;1;1;B01
200900021694;0;33;0;0;0;7;1;B01
200900021694;0;2;0;0;2;8;11;A01
200900021695;0;33;0;0;0;0;1;C01
200900021695;0;33;0;0;2;1;5;A01
200900021695;0;33;0;0;0;0;1;B01
200900021695;0;33;0;0;0;0;1;D01
200900021695;0;33;0;0;0;0;1;E01
200900021696;1;7;0;0;1;1;1;A01
200900021697;0;7;0;0;2;8;1;C03
200900021697;0;7;0;0;2;6;15;B02
200900021697;0;33;0;0;2;2;17;A01
200900021698;0;7;0;6;0;3;15;A01
200900021699;0;7;0;0;2;3;15;A01
200900021699;0;33;0;0;0;8;1;B01
200900021700;0;7;0;13;2;3;11;A01
200900021700;0;7;0;3;2;7;1;B02
200900021701;0;14;0;8;2;2;1;A01
200900021701;0;17;0;0;2;3;19;B02
200900021702;0;7;0;0;2;6;19;A01
200900021702;0;33;0;0;2;1;1;B02
200900021703;0;7;0;2;0;1;1;A01
200900021704;0;1;0;0;2;8;1;B02
200900021704;0;10;0;0;2;7;17;A01
200900021705;0;7;0;0;2;3;16;A01
200900021705;0;7;0;0;2;3;15;B02
200900021706;0;7;0;13;0;1;1;A01
200900021707;0;38;1;0;1;2;1;A01
200900021708;0;7;0;0;2;1;1;A01
200900021708;0;7;0;0;0;2;1;B01
200900021709;0;7;0;0;2;8;19;B02
200900021709;0;10;0;0;2;1;1;A01
200900021710;0;7;0;0;2;2;17;A01
200900021710;0;7;0;0;2;2;1;B02
200900021710;0;7;0;0;0;0;1;C03
200900021711;0;7;0;0;2;3;1;A01
200900021712;0;31;0;6;0;1;13;A01
200900021713;0;7;0;0;0;0;23;C03
200900021713;0;7;0;0;2;1;17;A01
200900021713;0;30;0;0;2;1;1;B02
200900021714;0;15;0;4;0;1;1;A01
200900021715;0;7;0;0;2;7;15;A01
200900021715;0;15;0;0;2;1;1;B02
200900021716;0;7;0;2;0;3;17;A01
200900021717;0;15;0;0;0;0;13;A01
200900021717;0;33;0;16;0;0;17;B02
200900021718;0;7;0;0;2;3;15;A01
200900021718;0;1;0;0;2;1;1;B02
200900021719;0;33;0;6;2;3;1;A01
200900021719;0;10;0;0;2;3;1;B02
200900021720;0;7;0;0;2;1;2;B02
200900021720;0;17;0;0;2;4;2;A01
200900021721;0;31;0;0;0;8;9;A01
200900021722;0;7;0;0;2;2;1;B02
200900021722;0;7;0;0;2;1;1;A01
200900021723;0;7;0;0;0;3;15;A01
200900021723;0;33;0;0;2;7;17;B02
200900021724;0;7;0;0;2;3;1;B02
200900021724;0;7;0;0;2;1;1;A01
200900021725;1;7;0;0;1;1;1;A01
200900021726;0;1;0;0;0;4;1;A01
200900021726;0;7;0;0;9;1;14;B02
200900021727;0;2;0;0;2;1;19;A01
200900021727;0;7;0;0;2;3;16;B02
200900021728;0;7;0;0;2;1;15;A01
200900021728;0;31;0;0;0;7;1;B02
200900021729;0;99;0;0;2;4;23;C03
200900021729;0;33;0;0;2;1;2;A01
200900021729;0;7;0;0;2;3;1;B02
200900021730;0;7;0;6;0;1;21;A01
200900021731;0;30;0;0;2;1;1;B02
200900021731;0;7;0;0;0;7;1;A01
200900021732;0;10;0;6;0;2;14;A01
200900021733;0;7;0;0;9;3;13;A01
200900021733;0;15;0;0;0;4;4;B01
200900021734;0;7;0;16;0;9;1;A01
200900021735;0;7;0;2;0;1;15;A01
200900021736;0;7;0;0;2;1;1;C03
200900021736;0;7;0;0;2;3;1;A01
200900021736;0;7;0;0;2;3;1;B02
200900021737;0;30;0;0;0;3;1;A01
200900021738;0;31;0;0;0;8;1;A01
200900021738;0;7;0;0;0;0;1;B02