num_acc;senc;catv;occutc;obs;obsm;choc;manv;num_veh
200900021739;0;7;0;0;2;3;16;A01
200900021739;0;7;0;0;2;3;1;B02
200900021740;0;33;0;13;0;2;14;A01
200900021741;0;7;0;16;0;1;1;A01
200900021742;0;7;0;0;2;3;15;B02
200900021742;0;2;0;0;2;1;1;A01
200900021743;0;7;0;0;2;3;15;A01
200900021743;0;21;0;0;2;1;23;C03
200900021743;0;10;0;0;2;2;1;B02
200900021744;0;2;0;13;0;1;1;A01
200900021745;0;3;0;13;0;1;1;A01
200900021746;0;1;0;2;0;1;1;A01
200900021747;0;7;0;0;0;2;1;A01
200900021747;0;7;0;0;2;3;1;B01
200900021748;0;7;0;0;0;4;23;B02
200900021748;0;7;0;0;2;1;1;A01
200900021749;0;2;0;0;2;1;1;A01
200900021749;0;7;0;0;2;6;15;B01
200900021750;0;7;0;0;2;2;15;A01
200900021750;0;7;0;0;2;3;1;B02
200900021751;0;14;0;0;2;1;1;B02
200900021751;0;7;0;0;2;1;13;A01
200900021752;0;14;0;0;2;1;1;B02
200900021752;0;3;0;0;2;8;1;A01
200900021753;0;30;0;1;0;1;13;A01
200900021753;0;7;0;0;2;3;23;B02
200900021754;0;7;0;0;1;2;1;A01
200900021755;0;21;0;0;1;3;1;A01
200900021756;0;7;0;0;2;3;13;A01
200900021756;0;7;0;0;2;2;1;B02
200900021757;0;7;0;0;;7;23;A02
200900021757;0;7;0;6;0;1;1;A01
200900021758;0;7;0;0;1;1;1;A01
200900021759;0;7;0;0;2;4;1;B01
200900021759;0;13;0;0;2;1;0;A01
200900021760;0;33;0;0;0;9;1;A01
200900021761;0;7;0;0;2;3;1;B01
200900021761;0;1;0;0;2;2;1;A01
200900021762;0;7;0;0;0;1;1;A01
200900021763;0;7;0;0;2;1;19;A01
200900021763;0;30;0;0;2;8;13;B02
200900021764;0;7;0;0;0;9;1;A01
200900021765;0;7;0;0;2;1;1;B01
200900021765;0;7;0;0;2;1;15;A01
200900021766;0;30;0;0;2;1;0;B02
200900021766;0;30;0;0;2;1;0;A01
200900021767;0;7;0;0;0;0;1;A01
200900021768;0;7;0;0;2;5;17;A01
200900021768;0;2;0;0;2;8;1;B01
200900021769;0;7;0;6;0;1;0;A01
200900021770;0;7;0;0;0;9;1;A01
200900021771;0;7;0;0;1;0;1;A01
200900021772;0;7;0;0;2;3;2;B01
200900021772;0;30;0;0;2;4;2;A01
200900021773;0;10;0;0;1;2;1;A01
200900021774;0;1;0;0;2;0;1;B01
200900021774;0;7;0;0;2;7;18;A01
200900021775;0;7;0;0;2;1;1;A01
200900021776;0;7;0;0;1;1;1;A01
200900021777;0;7;0;0;1;3;1;A01
200900021778;1;7;0;0;1;1;1;A01
200900021779;0;7;0;0;2;2;1;A01
200900021779;0;7;0;0;2;1;19;B02
200900021780;0;7;0;0;0;9;1;A01
200900021781;0;33;0;0;2;1;1;B01
200900021781;0;7;0;0;2;7;15;A01
200900021782;0;30;0;0;2;7;5;A01
200900021782;0;7;0;0;2;7;15;B02
200900021783;0;2;0;0;0;1;1;B02
200900021783;0;7;0;0;0;2;15;A01
200900021784;0;7;0;0;2;7;1;A01
200900021784;0;7;0;0;2;2;1;B02
200900021785;0;7;0;8;0;1;1;A01
200900021786;0;33;0;0;2;1;1;B02
200900021786;0;33;0;0;2;1;13;A01
200900021787;0;30;0;0;1;1;1;A01
200900021788;0;33;0;0;5;1;1;A01
200900021789;0;7;0;0;2;4;23;B01
200900021789;0;7;0;0;2;1;1;A01
200900021790;0;21;0;0;2;8;15;B02
200900021790;0;33;0;0;2;1;1;A01
200900021791;0;2;0;0;0;1;0;A01
200900021792;0;7;0;0;2;2;1;A01
200900021792;0;2;0;0;2;8;15;B01
200900021793;0;7;0;0;2;7;21;B01
200900021793;0;7;0;0;2;1;9;A01
200900021794;0;7;0;0;1;5;4;A01
200900021795;0;7;0;6;0;9;14;A01
200900021796;0;7;0;0;2;3;1;B01
200900021796;0;2;0;0;2;7;1;A01
200900021797;0;7;0;0;2;4;23;B01
200900021797;0;7;0;0;2;1;1;A01
200900021798;0;33;0;1;0;1;1;A01
200900021798;0;7;0;0;2;6;24;B01
200900021799;0;7;0;0;1;1;1;A01
200900021800;0;7;0;0;2;4;1;B01
200900021800;0;7;0;0;2;1;1;A01
200900021801;0;7;0;13;0;7;13;A01
200900021802;0;33;0;0;6;1;1;A01
200900021803;0;7;0;0;1;6;1;A01
200900021804;0;2;0;8;0;8;1;A01
200900021805;0;7;0;0;2;4;1;E05
200900021805;0;7;0;0;2;1;1;C03
200900021805;0;17;0;0;2;3;1;A01
200900021805;0;7;0;0;2;3;1;D04
200900021805;0;7;0;0;2;3;17;B02
200900021806;0;7;0;16;0;6;1;A01
200900021807;0;30;0;0;2;7;1;A01
200900021807;0;7;0;0;2;8;20;B01
200900021808;0;10;0;0;1;2;1;A01
200900021809;0;2;0;0;2;1;1;B01
200900021809;0;7;0;0;2;5;1;A01
200900021810;0;7;0;0;1;3;1;A01
200900021811;0;33;0;0;2;1;1;B01
200900021811;0;1;0;0;2;4;5;A01
200900021812;0;1;0;0;1;1;1;A01
200900021813;0;7;0;0;0;8;1;B02
200900021813;0;7;0;0;2;1;19;A01
200900021814;0;7;0;2;0;0;0;A01
200900021815;0;7;0;0;0;8;1;A01
200900021815;0;1;0;0;0;1;1;B02
200900021816;0;7;0;0;2;8;0;B01
200900021816;0;2;0;0;2;7;0;A01
200900021817;0;1;0;0;2;0;1;B01
200900021817;0;7;0;0;2;1;1;A01
200900021818;0;33;0;0;2;1;17;A01
200900021818;0;7;0;0;2;3;15;B02
200900021819;2;7;0;2;0;1;0;A01
200900021820;0;2;0;0;2;1;1;B02
200900021820;0;7;0;0;2;3;1;A01
200900021821;0;7;0;0;2;3;1;B02
200900021821;0;7;0;0;2;3;13;A01
200900021822;0;7;0;0;0;8;1;B02
200900021822;0;7;0;0;2;1;1;A01
200900021823;0;7;0;0;2;1;1;A01
200900021823;0;7;0;0;0;8;1;B01
200900021824;0;33;0;0;0;0;1;B01
200900021824;0;33;0;11;2;0;1;A01
200900021825;1;10;0;0;1;1;1;A01
200900021826;0;2;0;0;2;1;1;A01
200900021826;0;33;0;0;0;4;15;B01
200900021827;0;7;0;0;2;1;13;A01
200900021827;0;10;0;0;2;1;1;C03
200900021827;0;7;0;0;2;6;1;B02
200900021828;0;7;0;0;2;8;1;B02
200900021828;0;33;0;0;2;1;1;A01
200900021829;0;32;0;0;2;1;2;A01
200900021829;0;7;0;0;0;4;2;B02
200900021830;0;31;0;0;2;0;21;A01
200900021830;0;10;0;0;2;0;19;B02
200900021831;0;1;0;12;0;0;1;A01
200900021832;0;7;0;0;2;1;1;A01
200900021832;0;3;0;0;2;8;19;B02
200900021833;0;7;0;0;0;3;15;A01
200900021833;0;2;0;0;2;1;1;B01
200900021834;0;14;0;0;2;7;16;A01
200900021834;0;2;0;0;0;8;1;B01
200900021835;0;7;0;0;0;2;15;A01
200900021835;0;7;0;0;2;1;1;B01
200900021836;0;7;0;0;2;1;1;A01
200900021836;0;7;0;0;0;4;1;B01
200900021837;0;30;0;0;2;1;21;A01
200900021837;0;7;0;0;2;2;19;B02
200900021838;0;7;0;0;2;2;1;A01
200900021838;0;2;0;0;2;1;19;B02
200900021839;0;15;0;0;0;6;0;B02
200900021839;0;2;0;1;0;1;1;A01
200900021840;0;2;0;0;0;0;15;A01
200900021841;0;7;0;0;2;1;1;B02
200900021841;0;30;0;0;2;1;13;A01
200900021842;0;2;0;0;0;7;16;A01
200900021843;0;33;0;0;2;7;1;A01
200900021843;0;2;0;0;2;1;16;B01
200900021844;0;7;0;0;0;3;15;A01
200900021844;0;33;0;0;2;2;1;B01
200900021845;0;33;0;0;2;1;1;B01
200900021845;0;33;0;0;0;4;1;C01
200900021845;0;33;0;0;2;2;1;A01
200900021846;0;7;0;0;0;0;19;B02
200900021846;0;33;0;12;0;1;21;A01
200900021847;0;33;0;0;0;1;1;A01
200900021847;0;7;0;0;0;6;15;B02
200900021848;0;7;0;0;2;3;13;A01
200900021848;0;30;0;0;2;1;1;B02
200900021849;0;7;0;0;1;1;15;A01
200900021850;0;7;0;0;2;1;13;A01
200900021850;0;7;0;0;2;1;1;B02
200900021851;0;7;0;0;0;3;1;B01
200900021851;1;7;0;0;2;1;1;A01
200900021852;0;31;0;0;2;1;18;A01
200900021852;0;7;0;0;2;2;16;B01
200900021853;0;7;0;0;9;2;1;B02
200900021853;0;1;0;0;2;8;19;A01
200900021854;0;7;0;7;0;1;1;A01
200900021855;0;7;0;0;0;3;17;A01
200900021855;0;33;0;0;2;7;17;B02
200900021856;0;33;0;0;0;8;1;B02
200900021856;0;7;0;0;0;2;19;A01
200900021857;0;33;0;16;0;1;1;A01
200900021858;0;7;0;0;2;2;1;B01
200900021858;0;7;0;0;2;1;1;A01
200900021859;0;7;0;16;0;0;1;A01
200900021860;0;7;0;9;0;1;0;A01
200900021861;0;7;0;0;2;5;1;B01
200900021861;0;7;0;0;2;1;1;A01
200900021862;0;7;0;0;2;8;4;A01
200900021862;0;33;0;1;2;1;1;B01
200900021863;0;14;0;0;2;2;1;A01
200900021863;0;1;0;0;2;1;1;B01
200900021864;0;30;0;0;2;1;1;A01
200900021864;0;7;0;0;2;3;1;B01
200900021865;0;33;0;8;2;7;1;B01
200900021865;0;7;0;0;2;1;1;A01
200900021866;0;7;0;0;2;1;1;A01
200900021866;0;7;0;0;2;8;1;B01
200900021867;0;30;0;0;2;1;1;A01
200900021867;0;7;0;0;2;8;15;B01
200900021868;0;7;0;0;2;4;23;A01
200900021868;0;30;0;0;2;1;1;B01
200900021869;0;7;0;0;1;2;1;A01
200900021870;0;7;0;6;0;1;19;A01
200900021871;0;33;0;0;2;1;17;A01
200900021871;0;7;0;0;2;3;15;B01
200900021872;0;33;0;0;2;1;2;A01
200900021872;0;7;0;0;2;6;2;B01
200900021873;0;7;0;0;2;5;15;A01
200900021873;0;1;0;0;2;1;1;B01
200900021874;0;7;0;0;1;3;1;A01
200900021875;0;7;0;0;2;1;1;A01
200900021875;0;10;0;1;2;8;0;B01
200900021876;0;7;0;4;0;3;17;A01
200900021877;0;7;0;0;2;0;1;A01
200900021877;0;7;0;4;0;0;1;B01
200900021878;0;7;0;14;0;1;1;D01
200900021878;0;7;0;3;0;1;0;A01
200900021878;0;7;0;0;2;3;1;B01
200900021878;0;7;0;14;0;1;1;C01
200900021879;0;33;0;11;0;1;0;A01
200900021880;0;2;0;0;2;1;1;B02
200900021880;0;7;0;0;2;3;15;A01
200900021881;0;33;0;0;0;0;1;A01
200900021882;0;7;0;0;2;7;19;A01
200900021882;0;33;0;0;2;1;1;B02
200900021883;0;33;0;6;0;1;14;A01
200900021884;0;33;0;8;0;1;1;A01
200900021885;0;2;0;0;2;1;17;A01
200900021885;0;7;0;0;2;7;23;C03
200900021885;0;7;0;0;2;8;15;B02
200900021886;0;7;0;0;0;4;2;B02
200900021886;0;7;0;0;2;1;2;C03
200900021886;0;7;0;0;0;4;1;A01
200900021887;0;33;0;12;0;8;1;A01
200900021888;0;38;0;0;0;0;20;C03
200900021888;0;7;0;0;2;4;17;A01
200900021888;0;1;0;0;2;1;17;B02
200900021889;0;7;0;0;1;3;13;A01
200900021890;0;7;0;0;2;1;1;B02
200900021890;0;7;0;0;2;1;13;A01
200900021891;0;10;0;0;2;4;2;A01
200900021891;0;33;0;0;2;1;2;B02
200900021892;0;7;0;0;2;2;15;A01
200900021892;0;2;0;0;2;2;1;B02
200900021893;0;7;0;14;0;9;17;B02
200900021893;0;7;0;0;0;6;23;A01
200900021894;0;30;0;0;2;1;13;A01
200900021894;0;30;0;0;2;1;1;C03
200900021894;0;30;0;0;2;1;1;B02
200900021895;0;7;0;13;0;1;14;A01
200900021896;0;7;0;0;2;1;1;C03
200900021896;0;7;0;0;2;2;13;A01
200900021896;0;7;0;0;2;2;1;B02
200900021897;0;7;0;0;2;2;1;A01
200900021897;0;7;0;0;2;6;1;B02
200900021898;0;7;0;0;2;1;13;A01
200900021898;0;7;0;0;2;1;1;B02
200900021899;0;33;0;0;9;1;12;A01
200900021900;0;7;0;0;1;7;1;A01
200900021901;0;33;0;3;0;1;1;A01
200900021902;0;7;0;0;2;2;21;A01
200900021902;0;36;0;0;2;2;13;B02
200900021903;0;7;0;0;0;1;2;B02
200900021903;0;7;0;12;0;7;15;A01
200900021904;0;7;0;0;2;8;19;A01
200900021904;0;33;0;0;2;1;1;B02
200900021905;0;7;0;6;0;2;1;A01
200900021906;0;7;0;0;0;0;1;A01
200900021906;0;10;0;1;0;1;1;B02
200900021907;0;30;0;0;2;2;1;A01
200900021907;0;7;0;0;2;2;19;B02
200900021908;0;33;0;0;2;1;17;A01
200900021908;0;7;0;0;2;6;15;B02
200900021909;0;7;0;0;0;4;0;A01
200900021909;0;7;0;0;2;1;1;B02
200900021910;0;7;0;0;2;3;1;C03
200900021910;0;7;0;0;2;1;1;B02
200900021910;0;7;0;0;2;1;17;A01
200900021911;0;33;0;0;2;8;13;A01
200900021911;0;10;0;0;2;8;1;B02
200900021912;0;7;0;0;2;8;19;A01
200900021912;0;33;0;0;2;1;1;B02
200900021913;0;7;0;0;0;0;9;A01
200900021913;0;33;0;0;2;8;1;B02
200900021914;0;7;0;0;2;1;13;A01
200900021914;0;7;0;0;2;1;1;B02
200900021915;0;7;0;13;0;2;1;A01
200900021915;0;7;0;1;0;4;1;B02
200900021916;0;30;0;0;0;3;15;A01
200900021916;0;31;0;0;2;1;1;B01
200900021917;0;7;0;0;1;1;12;A01
200900021918;0;32;0;0;2;2;15;A01
200900021918;0;32;0;0;2;1;1;B01
200900021919;0;31;0;0;1;1;1;A01
200900021920;0;7;0;0;0;6;15;A01
200900021920;0;10;0;0;2;2;17;B02
200900021921;0;1;0;0;2;4;0;B01
200900021921;0;10;0;0;2;1;1;A01
200900021922;0;2;0;0;2;2;14;A01
200900021922;0;7;0;0;9;3;16;B01
200900021923;0;1;0;0;2;1;1;B01
200900021923;0;7;0;0;2;7;16;A01
200900021924;0;7;0;0;2;1;2;A01
200900021924;0;7;0;0;0;4;2;B01
200900021925;0;7;0;0;9;0;1;A01
200900021925;0;1;0;0;2;1;1;B02
200900021926;0;7;0;0;2;2;21;A01
200900021926;0;7;0;0;2;1;1;B01
200900021927;0;7;0;0;2;2;14;A01
200900021927;0;7;0;0;2;1;1;B01
200900021928;0;7;0;0;1;4;20;A01
200900021929;0;33;0;0;0;1;17;B02
200900021929;0;7;0;0;0;5;15;A01
200900021930;0;30;0;0;2;1;1;A01
200900021930;0;7;0;0;2;3;1;B02
200900021931;0;7;0;0;0;1;1;B01
200900021931;0;7;0;0;2;7;1;A01
200900021932;0;2;0;0;0;1;23;B01
200900021932;0;10;0;0;2;4;4;A01
200900021933;0;7;0;0;0;2;1;A01
200900021933;0;30;0;0;0;7;19;B02
200900021934;0;33;0;0;2;1;9;A01
200900021934;0;7;0;0;0;5;1;B02
200900021935;0;7;0;13;0;2;1;A01
200900021936;0;7;0;0;0;1;19;B02
200900021936;0;7;0;0;2;6;19;A01
200900021937;0;10;0;0;1;4;4;A01
200900021938;0;7;0;0;2;1;0;B02
200900021938;0;7;0;0;2;1;1;A01
200900021939;0;7;0;13;0;1;1;A01
200900021940;0;7;0;0;0;4;23;C01
200900021940;0;7;0;0;2;4;23;B01
200900021940;0;7;0;0;2;1;1;A01
200900021941;0;7;0;0;0;1;1;B01
200900021941;0;7;0;0;2;3;15;A01
200900021942;0;7;0;13;0;2;1;A01
200900021943;0;7;0;0;2;1;12;A01
200900021943;0;10;0;0;0;6;1;B01
200900021944;0;33;0;0;2;0;17;A01
200900021944;0;99;0;0;2;8;1;C03
200900021944;0;10;0;0;0;0;1;B02
200900021945;0;7;0;6;0;2;0;A01
200900021946;0;7;0;8;0;8;1;A01
200900021947;0;7;0;13;0;1;1;A01
200900021948;0;30;0;0;2;1;1;B02
200900021948;0;7;0;0;2;6;20;A01
200900021949;0;7;0;0;2;2;15;A01
200900021949;0;33;0;0;2;1;1;B02
200900021950;0;7;0;0;0;2;16;A01
200900021950;0;7;0;0;2;3;1;B01
200900021951;0;7;0;0;0;4;23;D01
200900021951;0;7;0;0;2;1;1;A01
200900021951;0;7;0;0;2;3;9;C01
200900021951;0;7;0;0;2;4;23;B01
200900021952;0;14;0;8;0;3;1;A01
200900021953;0;7;0;0;2;2;1;A01
200900021953;0;1;0;0;2;1;1;B02
200900021954;0;99;0;0;2;3;9;A01
200900021954;0;33;0;0;2;1;1;B02
200900021955;0;7;0;0;1;1;15;A01
200900021956;0;15;0;14;0;5;21;A01
200900021956;0;1;0;14;0;8;1;B02
200900021957;0;7;0;0;2;1;1;A01
200900021957;0;7;0;0;0;4;9;B01
200900021958;0;30;0;0;2;0;1;B02
200900021958;0;30;0;0;2;7;17;A01
200900021959;0;33;0;16;0;8;1;A01
200900021960;0;31;0;0;2;1;1;A01
200900021960;0;10;0;0;2;2;15;B02
200900021961;0;7;0;0;2;7;15;B02
200900021961;0;31;0;0;2;1;1;A01
200900021962;0;7;0;0;0;0;1;A01
200900021963;0;32;0;15;0;1;1;A01
200900021964;0;7;0;3;0;2;1;A01
200900021965;0;7;0;0;2;3;1;B02
200900021965;0;7;0;0;2;2;13;A01
200900021966;0;7;0;2;0;2;19;A01
200900021967;0;13;0;0;1;5;4;A01
200900021968;0;33;0;13;0;7;1;A01
200900021969;0;7;0;0;1;7;1;A01
200900021970;0;7;0;0;0;7;1;A01
200900021970;0;7;0;0;2;1;1;B02
200900021971;0;7;0;0;1;4;20;A01
200900021972;0;31;0;13;0;1;17;A01
200900021973;0;7;0;2;0;1;1;A01
200900021974;0;31;0;0;2;2;5;A01
200900021974;0;33;0;0;2;1;1;B01
200900021975;0;7;0;0;2;2;1;A01
200900021975;0;1;0;0;2;7;19;B01
200900021976;0;7;0;6;0;7;1;A01
200900021977;0;31;0;16;0;7;18;A01
200900021978;0;7;0;0;2;2;1;B01
200900021978;0;2;0;0;2;6;19;A01
200900021979;0;7;0;4;0;8;13;A01
200900021980;0;10;0;0;2;2;1;A01
200900021980;0;2;0;0;2;3;11;B02
200900021981;0;7;0;0;2;1;1;A01
200900021981;0;2;0;0;2;1;19;B02
200900021982;0;33;0;0;2;1;13;A01
200900021982;0;10;0;0;2;3;1;B02
200900021983;0;2;0;0;2;1;1;B02
200900021983;0;14;0;0;2;1;15;A01
200900021984;0;7;0;13;0;1;1;A01
200900021985;0;7;0;0;0;9;14;A01
200900021986;0;7;0;2;0;7;14;A01
200900021987;0;33;0;8;0;1;1;A01
200900021988;0;7;0;0;2;1;1;B02
200900021988;0;7;0;0;2;3;9;A01
200900021989;0;33;0;14;0;3;14;A01
200900021990;0;30;0;0;2;8;16;B02
200900021990;0;7;0;3;2;1;15;A01
200900021991;0;14;0;0;2;6;1;B02
200900021991;0;7;0;3;2;2;2;A01
200900021992;0;7;0;2;0;7;1;A01
200900021993;0;10;0;13;0;3;19;A01
200900021994;0;2;0;0;2;1;1;B02
200900021994;0;36;0;0;2;3;1;A01
200900021995;0;33;0;0;2;1;1;A01
200900021995;0;7;0;0;2;3;1;B02
200900021996;0;7;0;0;0;9;1;A01
200900021997;0;7;0;0;2;4;15;B02
200900021997;0;2;0;0;2;1;1;A01
200900021998;0;7;0;0;1;1;0;A01
200900021999;0;15;0;0;2;1;0;A01
200900021999;0;7;0;0;2;3;0;B02
200900022000;0;33;0;0;0;0;1;A01
200900022001;0;33;0;0;2;7;1;A01
200900022001;0;7;0;0;2;1;9;B02
200900022002;0;33;0;0;2;1;1;B02
200900022002;0;7;0;0;2;5;19;A01
200900022003;0;7;0;0;2;2;1;B01
200900022003;0;2;0;0;2;1;9;A01
200900022004;0;7;0;1;2;1;2;A01
200900022004;0;7;0;0;2;4;2;B01
200900022004;0;7;0;0;2;4;2;C01
200900022005;0;7;0;0;2;6;1;B01
200900022005;0;7;0;0;2;3;13;A01
200900022006;0;33;0;16;0;1;1;A01
200900022007;0;33;0;0;0;7;13;A01
200900022008;0;7;0;0;1;2;21;A01
200900022009;0;33;0;13;0;1;1;A01
200900022010;0;33;0;8;0;1;1;A01
200900022011;0;7;0;13;0;2;1;A01
200900022012;0;17;0;0;2;3;13;A01
200900022012;0;15;0;0;2;8;1;B02
200900022013;0;30;0;1;2;1;2;A01
200900022013;0;7;0;0;0;6;2;B02
200900022014;0;7;0;13;0;0;1;A01
200900022015;0;7;0;0;2;3;1;B02
200900022015;0;7;0;0;2;1;1;A01
200900022016;0;14;0;0;1;1;1;A01
200900022017;0;7;0;0;2;6;1;B02
200900022017;0;7;0;0;2;3;1;A01
200900022017;0;7;0;0;0;1;13;C03
200900022018;0;7;0;0;2;1;15;A01
200900022018;0;30;0;0;2;1;1;B02
200900022019;0;33;0;0;2;1;1;A01
200900022019;0;7;0;0;2;3;9;B01
200900022020;0;33;0;13;0;3;1;A01
200900022021;0;10;0;2;0;3;14;A01
200900022022;0;7;0;0;2;4;1;C01
200900022022;0;7;0;0;2;1;1;A01
200900022022;0;7;0;0;2;4;23;B01
200900022023;0;7;0;0;1;4;20;A01
200900022024;0;7;0;0;2;1;2;A01
200900022024;0;7;0;0;0;4;1;B01
200900022025;0;1;0;0;2;1;1;B01
200900022025;0;7;0;0;9;2;1;A01
200900022026;0;7;0;0;2;6;1;A01
200900022026;0;1;0;0;2;2;13;B01
200900022027;0;2;0;0;0;0;1;A01
200900022028;0;33;0;16;0;9;0;A01
200900022029;0;7;0;13;0;3;19;A01
200900022030;0;7;0;0;0;3;0;A01
200900022031;0;38;0;0;2;1;1;B02
200900022031;0;7;0;0;2;1;5;A01
200900022032;0;30;0;14;0;1;9;A01
200900022033;0;7;0;13;0;9;13;A01
200900022034;0;7;0;0;0;3;22;A01
200900022034;0;1;0;1;0;2;1;B02
200900022035;0;7;0;3;0;9;1;A01
200900022036;0;30;0;0;2;1;17;A01
200900022036;0;7;0;0;2;6;15;B02
200900022037;0;7;0;6;0;3;13;A01
200900022038;0;7;0;0;1;3;1;A01
200900022039;0;33;0;0;2;1;1;B02
200900022039;0;7;0;0;2;1;15;A01
200900022040;1;7;0;0;2;5;15;A01
200900022040;0;33;0;0;2;1;1;B02
200900022041;0;99;0;0;0;9;1;A01
200900022042;0;7;0;0;2;2;15;A01
200900022042;0;2;0;0;2;1;1;B02
200900022043;0;14;0;0;2;3;1;B02
200900022043;0;33;0;0;2;1;17;A01
200900022044;0;33;0;0;2;0;1;B01
200900022044;0;7;0;0;2;3;15;A01
200900022045;0;33;0;0;2;1;1;B01
200900022045;0;7;0;0;2;5;15;A01
200900022046;0;31;0;0;2;2;2;A01
200900022046;0;37;0;0;2;6;2;B02
200900022047;0;10;0;0;2;3;1;B02
200900022047;0;10;0;0;2;3;15;A01
200900022048;0;2;0;0;2;0;1;A01
200900022048;0;33;0;0;2;0;1;B01
200900022049;0;30;0;0;2;8;13;A01
200900022049;0;7;0;0;2;8;1;B02
200900022050;0;7;0;0;2;1;9;A01
200900022050;0;7;0;0;0;2;1;B02
200900022051;0;7;0;16;0;9;0;A01
200900022052;0;31;0;16;0;1;1;A01
200900022053;0;7;0;0;0;3;0;A01
200900022054;0;1;0;0;2;8;2;A01
200900022055;0;30;0;0;2;1;1;B02
200900022055;0;7;0;0;2;3;13;A01
200900022056;0;10;0;0;2;3;1;A01
200900022056;0;13;0;0;2;1;5;C03
200900022056;0;7;0;0;2;1;1;B02
200900022057;0;30;0;9;0;1;1;A01
200900022058;0;30;0;0;1;3;1;A01
200900022059;0;7;0;8;0;3;13;A01
200900022060;0;7;0;0;2;1;1;A01
200900022060;0;10;0;0;2;4;15;B01
200900022061;0;99;0;0;2;1;1;B02
200900022061;0;1;0;0;2;1;19;A01
200900022062;0;7;0;0;0;2;15;B02
200900022062;0;7;0;0;0;3;1;A01
200900022063;0;33;0;0;2;1;2;A01
200900022063;0;7;0;0;2;4;2;B01
200900022064;0;33;0;0;2;1;17;A01
200900022064;0;7;0;0;2;8;15;B01
200900022065;1;7;0;0;0;0;1;A01
200900022065;0;7;0;9;2;1;14;B01
200900022066;0;7;0;1;1;8;1;B02
200900022066;0;7;0;1;1;8;13;A01
200900022067;0;7;0;0;2;2;16;B01
200900022067;0;7;0;0;2;6;0;C01
200900022067;0;7;0;0;2;3;1;A01
200900022068;0;7;0;0;2;1;1;B01
200900022068;0;7;0;0;2;1;13;A01
200900022069;0;7;0;0;0;9;13;A01
200900022070;0;7;0;0;2;3;1;B02
200900022070;0;7;0;0;2;3;1;A01
200900022071;0;10;0;0;2;6;15;B02
200900022071;0;2;0;0;2;1;17;A01
200900022072;0;7;0;0;2;3;1;A01
200900022072;0;7;0;0;2;8;1;B02
200900022073;0;2;0;0;0;1;0;B02
200900022073;0;7;0;0;0;5;15;A01
200900022074;0;7;0;0;2;3;9;B01
200900022074;0;7;0;0;2;3;16;A01
200900022075;0;7;0;0;2;3;1;B01
200900022075;0;7;0;3;2;3;13;A01
200900022076;0;7;0;13;0;3;0;A01
200900022077;0;7;0;0;2;2;15;A01
200900022077;0;7;0;0;2;3;1;B02
200900022078;0;7;0;11;0;9;1;A01
200900022079;0;7;0;0;2;3;15;A01
200900022079;0;2;0;0;2;0;1;B01
200900022080;0;7;0;0;2;1;1;B01
200900022080;0;7;0;0;2;1;13;A01
200900022081;0;7;0;0;2;3;17;B02
200900022081;0;7;0;0;2;3;1;A01
200900022082;0;7;0;13;0;0;13;A01
200900022083;0;2;0;6;0;2;14;A01
200900022084;0;30;0;0;2;1;1;B02
200900022084;0;7;0;0;2;3;1;A01
200900022085;0;7;0;0;2;3;9;B01
200900022085;0;30;0;0;2;0;9;A01
200900022086;0;7;0;2;0;7;0;A01
200900022087;0;7;0;0;0;3;23;B02
200900022087;0;7;0;0;2;1;14;A01
200900022088;0;7;0;0;1;2;1;A01
200900022089;0;7;0;13;2;2;19;A01
200900022089;0;7;0;9;2;1;1;B02
200900022090;0;7;0;13;0;7;14;A01
200900022091;0;7;0;0;2;5;15;A01
200900022091;0;7;0;0;2;1;1;B02
200900022092;0;7;0;0;2;1;9;A01
200900022092;0;7;0;0;2;1;1;B01
200900022093;0;31;0;4;0;1;1;A01
200900022094;0;7;0;14;0;0;1;A01
200900022095;0;30;0;13;0;1;14;A01
200900022096;0;7;0;13;0;2;14;A01
200900022097;0;7;0;6;0;3;16;A01
200900022098;0;33;0;13;0;0;1;A01
200900022099;0;7;0;6;2;2;17;A01
200900022099;0;14;0;0;2;3;15;B02
200900022100;0;33;0;11;0;1;0;A01
200900022101;0;33;0;9;0;3;1;A01
200900022102;0;7;0;0;2;1;1;A01
200900022102;0;7;0;0;2;0;17;B01
200900022103;0;7;0;13;0;0;1;A01
200900022104;0;7;0;0;2;0;9;A01
200900022104;0;30;0;0;2;3;1;B01
200900022105;0;7;0;0;2;4;2;B01
200900022105;0;7;0;0;2;1;2;A01
200900022106;0;7;0;0;2;4;1;B01
200900022106;0;7;0;0;2;1;1;A01
200900022107;0;7;0;0;2;1;15;A01
200900022107;0;1;0;0;2;1;1;B01
200900022108;0;7;0;0;2;1;1;B01
200900022108;0;7;0;0;2;1;6;A01
200900022109;0;2;0;0;6;0;0;A01
200900022110;0;7;0;6;0;2;14;A01
200900022111;0;7;0;0;2;1;1;B01
200900022111;0;7;0;0;2;7;15;A01
200900022112;0;7;0;0;2;6;9;A01
200900022112;0;2;0;0;2;0;1;B01
200900022113;0;7;0;0;0;0;0;B01
200900022113;0;7;0;0;0;0;0;C01
200900022113;0;7;0;0;0;0;0;A01
200900022114;0;7;0;0;1;7;1;A01