num_acc;senc;catv;occutc;obs;obsm;choc;manv;num_veh
200900022481;0;33;0;0;2;1;17;B01
200900022481;0;7;0;0;0;3;15;A01
200900022482;0;7;0;0;2;1;15;A01
200900022482;0;7;0;0;0;8;1;C01
200900022482;0;7;0;0;0;8;1;B01
200900022483;0;7;0;0;1;1;1;A01
200900022484;0;7;0;1;0;3;1;A01
200900022485;0;10;0;0;1;7;1;A01
200900022486;0;15;0;0;2;6;23;B01
200900022486;0;33;0;0;2;5;13;A01
200900022487;0;7;0;0;2;4;2;B01
200900022487;0;7;0;0;2;1;2;A01
200900022487;0;7;0;0;2;4;2;C01
200900022488;0;33;0;4;0;3;1;A01
200900022489;0;7;0;0;2;4;2;B01
200900022489;0;7;0;0;2;1;2;A01
200900022490;0;7;0;0;2;2;0;A01
200900022490;0;7;0;0;2;5;1;B01
200900022491;0;7;0;0;2;2;1;C01
200900022491;0;7;0;0;2;1;1;A01
200900022491;0;7;0;0;2;3;9;B01
200900022492;0;7;0;12;0;3;20;A01
200900022493;0;7;0;0;0;4;15;B01
200900022493;0;7;0;0;2;1;1;A01
200900022494;0;7;0;0;2;1;2;A01
200900022494;0;7;0;0;2;4;15;B01
200900022495;0;7;0;0;2;5;1;B01
200900022495;0;7;0;0;2;3;0;A01
200900022496;0;7;0;0;0;7;2;B01
200900022496;0;7;0;0;2;3;15;A01
200900022497;0;7;0;0;2;1;15;B01
200900022497;0;1;0;0;2;1;1;A01
200900022498;0;7;0;0;2;1;2;A01
200900022498;0;7;0;0;2;4;2;B01
200900022499;0;7;0;0;1;7;1;A01
200900022500;0;32;0;16;0;7;9;A01
200900022501;0;31;0;0;2;1;11;B02
200900022501;0;31;0;0;2;2;1;A01
200900022502;0;33;0;0;2;1;1;C01
200900022502;0;7;0;0;2;4;13;A01
200900022502;0;33;0;0;2;1;1;B01
200900022503;0;7;0;0;2;8;1;A01
200900022503;0;10;0;0;0;3;24;C01
200900022503;0;7;0;1;2;1;1;B01
200900022504;0;15;0;3;0;0;1;A01
200900022505;0;30;0;0;0;0;1;A01
200900022506;0;7;0;0;2;8;15;B01
200900022506;0;7;0;0;2;1;1;A01
200900022507;0;7;0;0;1;5;9;A01
200900022508;0;7;0;13;0;3;13;A01
200900022509;0;7;0;0;0;1;1;A01
200900022509;0;33;0;0;0;4;1;B02
200900022510;0;7;0;0;1;2;1;A01
200900022511;0;7;0;13;0;1;13;A01
200900022512;0;7;0;13;0;2;1;A01
200900022513;0;7;0;0;2;3;1;B02
200900022513;0;7;0;0;2;3;17;A01
200900022514;0;7;0;0;2;8;19;A01
200900022514;0;10;0;0;2;2;1;B02
200900022515;0;7;0;6;0;1;14;A01
200900022516;0;7;0;0;2;1;2;A01
200900022516;0;17;0;0;0;4;1;B02
200900022517;0;31;0;0;2;1;1;A01
200900022517;0;7;0;0;2;8;19;B02
200900022518;0;7;0;0;2;3;1;A01
200900022518;0;33;0;0;0;1;13;B02
200900022519;0;7;0;1;2;2;2;A01
200900022519;0;7;0;0;0;6;15;B02
200900022520;0;7;0;0;2;7;15;A01
200900022520;0;33;0;0;2;1;1;B02
200900022521;0;7;0;0;2;3;10;A01
200900022521;0;31;0;0;2;1;1;B02
200900022522;0;33;0;0;2;1;1;A01
200900022522;0;10;0;0;2;3;19;B02
200900022523;0;33;0;0;2;2;13;A01
200900022523;0;7;0;0;2;1;1;B02
200900022524;0;7;0;0;1;2;1;A01
200900022525;0;7;0;0;2;3;1;A01
200900022525;0;1;0;0;2;1;19;B01
200900022526;0;2;0;0;0;1;1;A01
200900022527;0;14;0;0;2;1;2;A01
200900022527;0;7;0;0;2;4;1;B01
200900022528;0;7;0;0;2;1;1;A01
200900022528;0;7;0;0;2;4;2;B01
200900022529;0;33;0;0;2;1;17;A01
200900022529;0;7;0;0;2;3;9;B01
200900022530;0;7;0;0;2;0;9;A01
200900022530;0;2;0;0;2;1;1;B01
200900022531;0;14;0;0;1;3;15;A01
200900022532;0;34;0;0;2;3;9;B01
200900022532;0;7;0;0;2;1;15;A01
200900022533;0;33;0;0;1;1;17;A01
200900022534;1;7;0;0;2;0;9;A01
200900022534;0;7;0;0;2;7;1;B01
200900022535;0;31;0;0;2;0;2;A01
200900022535;0;7;0;0;2;4;2;B01
200900022536;0;30;0;0;0;8;1;A01
200900022537;0;7;0;2;0;8;1;A01
200900022538;0;7;0;13;0;2;1;A01
200900022539;0;7;0;0;2;8;1;B01
200900022539;0;7;0;0;2;1;1;A01
200900022540;0;1;0;0;0;7;1;A01
200900022541;0;7;0;0;1;1;15;A01
200900022542;0;7;0;13;0;2;1;A01
200900022543;0;7;0;0;2;3;1;B02
200900022543;0;7;0;0;2;1;1;A01
200900022544;0;7;0;0;1;1;1;A01
200900022545;0;7;0;13;0;2;1;A01
200900022546;0;14;0;0;2;3;1;B02
200900022546;0;7;0;0;2;3;13;A01
200900022547;0;30;0;0;2;1;1;B01
200900022547;0;7;0;0;2;3;9;A01
200900022548;0;7;0;1;0;1;2;A01
200900022548;0;7;0;1;0;4;2;B01
200900022548;0;7;0;0;0;4;2;C01
200900022549;0;10;0;0;2;4;23;B01
200900022549;0;7;0;0;2;1;2;A01
200900022550;0;7;0;13;0;3;1;A01
200900022551;0;2;0;0;2;1;17;A01
200900022551;0;7;0;0;2;3;13;B02
200900022551;0;7;0;0;2;3;0;C03
200900022552;0;7;0;0;2;2;1;B02
200900022552;0;7;0;0;2;3;9;A01
200900022553;0;31;0;8;0;7;14;A01
200900022554;0;33;0;13;0;1;1;A01
200900022555;0;33;0;0;0;8;1;B02
200900022555;0;33;0;0;0;8;1;A01
200900022556;0;33;0;0;0;0;21;A01
200900022556;0;7;0;0;0;0;13;B02
200900022557;0;7;0;2;0;7;1;A01
200900022558;0;7;0;0;2;3;1;B02
200900022558;0;31;0;0;2;1;1;A01
200900022559;0;7;0;0;2;1;13;A01
200900022559;0;7;0;0;2;1;1;B01
200900022559;0;7;0;0;2;1;1;C01
200900022560;0;7;0;0;0;0;0;A01
200900022561;0;7;0;0;1;1;1;A01
200900022562;0;7;0;0;2;3;15;B01
200900022562;0;2;0;0;2;0;17;A01
200900022563;0;31;0;0;2;1;1;B01
200900022563;0;7;0;0;2;2;15;A01
200900022564;0;7;0;6;0;1;1;A01
200900022565;0;7;0;0;2;1;1;A01
200900022565;0;7;0;0;2;3;0;B01
200900022566;0;15;0;0;2;1;1;B02
200900022566;0;7;0;0;2;1;13;A01
200900022567;0;7;0;0;2;7;13;A01
200900022567;0;7;0;0;2;1;1;B02
200900022568;0;7;0;2;0;1;13;A01
200900022569;0;38;1;0;1;2;1;A01
200900022570;0;7;0;6;2;1;1;A01
200900022570;0;7;0;1;0;3;20;B01
200900022571;0;7;0;0;2;3;15;A01
200900022571;0;33;0;7;2;7;17;B02
200900022572;0;10;0;0;2;8;15;A01
200900022572;0;31;0;0;2;1;17;B02
200900022573;0;7;0;0;1;3;1;A01
200900022574;0;7;0;0;2;3;1;B01
200900022574;0;7;0;0;2;3;13;A01
200900022575;0;7;0;0;1;0;1;A01
200900022576;0;7;0;0;2;1;1;A01
200900022576;0;7;0;0;2;1;0;B01
200900022577;0;7;0;1;0;4;0;A01
200900022578;0;7;0;0;2;0;0;B01
200900022578;0;7;0;0;2;0;0;A01
200900022579;0;2;0;0;2;0;0;B01
200900022579;0;7;0;0;2;0;0;A01
200900022580;0;7;0;0;2;4;1;B01
200900022580;0;7;0;0;2;4;1;A01
200900022581;0;7;0;0;9;1;15;A01
200900022582;0;7;0;0;0;0;0;A01
200900022583;0;7;0;6;0;1;0;A01
200900022584;0;7;0;4;0;3;1;A01
200900022585;0;2;0;0;2;0;0;A01
200900022585;0;7;0;0;0;0;0;B01
200900022586;0;7;0;3;0;1;0;A01
200900022587;0;7;0;0;2;0;0;B01
200900022587;0;7;0;0;2;0;0;A01
200900022588;1;7;0;0;2;1;2;A01
200900022588;0;31;0;0;2;4;23;B01
200900022589;0;7;0;0;9;0;0;B01
200900022589;0;2;0;0;2;4;0;A01
200900022590;0;7;0;0;2;4;4;A01
200900022590;0;7;0;0;2;1;1;B01
200900022591;0;7;0;0;2;7;1;A01
200900022591;0;7;0;0;2;1;1;B01
200900022592;0;7;0;0;2;7;0;B01
200900022592;0;7;0;0;2;0;0;A01
200900022593;0;7;0;13;0;2;1;A01
200900022594;0;7;0;0;2;1;1;B02
200900022594;0;7;0;0;2;1;13;A01
200900022594;0;7;0;0;2;3;1;C03
200900022595;0;7;0;0;0;6;1;A01
200900022595;0;2;0;0;2;1;1;B02
200900022596;0;7;0;0;1;3;1;A01
200900022597;0;2;0;0;2;8;0;B02
200900022597;0;7;0;0;2;2;1;A01
200900022598;0;2;0;0;2;1;1;B02
200900022598;0;10;0;0;2;5;19;A01
200900022599;0;1;0;0;2;1;1;B02
200900022599;0;7;0;0;2;2;13;A01
200900022600;0;15;0;0;2;1;1;A01
200900022600;0;7;0;0;2;3;23;B02
200900022600;0;15;0;0;2;6;23;C03
200900022600;0;7;0;0;2;7;19;D04
200900022601;0;7;0;3;0;9;13;A01
200900022602;0;7;0;0;2;3;1;B02
200900022602;0;7;0;0;2;1;1;A01
200900022603;0;33;0;13;0;1;1;A01
200900022604;0;2;0;0;2;1;1;B02
200900022604;0;7;0;0;2;7;1;A01
200900022605;0;7;0;13;0;3;1;A01
200900022606;0;7;0;0;2;1;1;A01
200900022606;0;7;0;0;0;4;15;B02
200900022607;0;7;0;0;2;8;1;B02
200900022607;0;10;0;0;2;3;13;A01
200900022608;0;7;0;0;2;2;1;A01
200900022608;0;30;0;0;2;3;1;B01
200900022609;0;7;0;2;0;2;1;A01
200900022610;0;32;0;0;2;1;1;B02
200900022610;0;7;0;0;2;3;15;A01
200900022611;0;7;0;8;0;3;1;A01
200900022612;0;33;0;0;2;1;2;A01
200900022612;0;7;0;0;2;4;2;B01
200900022613;0;7;0;0;1;0;0;A01
200900022614;0;7;0;0;1;2;1;A01
200900022615;0;7;0;0;1;7;0;A01
200900022616;0;33;0;0;2;1;13;B01
200900022616;0;7;0;0;2;3;10;A01
200900022617;0;30;0;0;2;0;1;B01
200900022617;1;7;0;0;2;0;20;A01
200900022618;0;7;0;0;1;2;1;A01
200900022619;0;7;0;0;2;2;1;A01
200900022619;0;7;0;0;2;8;15;B02
200900022620;0;10;0;0;1;0;1;A01
200900022621;0;7;0;0;1;0;0;A01
200900022622;0;30;0;0;0;0;0;A01
200900022623;0;30;0;0;2;3;0;A01
200900022623;0;7;0;0;2;0;0;B01
200900022624;0;10;0;0;2;0;0;B01
200900022624;0;7;0;0;2;3;0;A01
200900022625;0;7;0;0;2;0;0;A01
200900022626;0;30;0;0;2;4;1;A01
200900022626;0;7;0;0;2;4;0;B01
200900022627;0;36;0;8;0;2;1;A01
200900022628;0;7;0;5;0;7;13;A01
200900022629;0;7;0;2;0;2;13;A01
200900022630;0;33;0;0;0;0;0;A01
200900022630;0;7;0;0;0;0;0;B01
200900022631;0;7;0;0;2;4;1;A01
200900022631;0;7;0;0;2;1;1;B01
200900022632;0;7;0;14;0;1;0;A01
200900022633;0;7;0;0;2;3;13;A01
200900022633;0;7;0;0;2;3;1;B02
200900022634;0;1;0;0;2;2;1;B01
200900022634;0;7;0;0;9;2;1;A01
200900022635;0;7;0;6;0;1;1;A01
200900022635;0;7;0;0;2;1;2;B02
200900022636;0;7;0;0;0;0;0;A01
200900022636;0;7;0;0;0;0;0;B01
200900022637;0;7;0;0;0;4;17;B01
200900022637;0;33;0;0;2;1;1;A01
200900022638;0;7;0;0;2;1;1;A01
200900022639;0;7;0;0;0;0;0;A01
200900022640;0;1;0;0;2;7;1;B02
200900022640;0;30;0;0;2;1;1;A01
200900022641;0;7;0;0;2;4;2;B01
200900022641;0;7;0;3;2;4;1;A01
200900022642;0;33;0;0;0;0;1;A01
200900022643;0;7;0;0;0;0;0;A01
200900022644;0;7;0;13;0;2;14;A01
200900022645;0;7;0;0;2;3;9;A01
200900022645;0;33;0;0;2;2;1;B01
200900022646;0;7;0;0;1;2;1;A01
200900022647;0;7;0;0;2;3;1;A01
200900022647;0;30;0;0;2;1;13;B02
200900022648;0;7;0;0;2;3;13;A01
200900022648;0;7;0;0;2;3;1;B02
200900022649;0;7;0;10;2;3;1;A02
200900022649;0;7;0;10;2;3;1;B01
200900022650;0;7;0;0;2;8;13;A01
200900022650;0;33;0;0;2;8;1;B02
200900022651;0;7;0;0;2;7;1;A01
200900022651;0;10;0;0;2;3;15;B02
200900022652;0;7;0;0;0;1;13;A01
200900022652;0;7;0;0;0;1;1;B01
200900022653;0;7;0;0;2;1;1;A01
200900022653;0;2;0;0;2;1;1;B02
200900022654;0;17;0;13;0;2;1;A01
200900022655;0;14;0;0;2;1;17;B02
200900022655;0;7;0;0;2;6;15;A01
200900022656;0;17;0;3;0;3;1;A01
200900022657;0;7;0;13;0;1;1;A01
200900022658;0;7;0;0;1;7;1;A01
200900022659;0;7;0;13;0;2;1;A01
200900022660;0;33;0;0;0;0;1;A01
200900022661;0;7;0;0;2;1;1;A01
200900022661;0;2;0;0;2;1;15;B02
200900022662;0;33;0;0;2;1;17;B01
200900022662;0;7;0;0;0;8;15;A01
200900022663;0;7;0;11;0;3;1;A01
200900022664;0;7;0;0;2;3;20;A01
200900022664;0;7;0;0;2;7;1;B01
200900022665;0;7;0;0;2;2;1;A01
200900022665;0;3;0;0;2;7;15;B01
200900022666;0;33;0;0;6;1;1;A01
200900022667;0;2;0;2;0;2;1;A01
200900022668;0;2;0;13;0;7;1;A01
200900022669;0;7;0;2;0;1;1;A01
200900022670;0;33;0;0;0;8;1;A01
200900022671;0;7;0;0;2;2;15;B02
200900022671;0;7;0;0;2;3;1;A01
200900022672;0;7;0;0;1;3;0;A01
200900022673;0;7;0;0;2;7;19;A01
200900022673;0;7;0;0;2;1;1;B02
200900022674;0;33;0;0;0;3;14;A01
200900022675;0;7;0;0;2;3;1;A01
200900022675;0;17;0;0;2;3;1;B02
200900022676;0;30;0;0;2;1;1;B01
200900022676;0;7;0;0;2;5;1;A01
200900022677;0;32;0;0;2;1;0;B01
200900022677;0;7;0;0;2;6;15;A01
200900022678;0;33;0;1;0;0;0;A01
200900022679;0;34;0;0;2;1;17;A01
200900022679;0;7;0;0;0;8;15;B01
200900022680;0;7;0;0;0;0;0;A01
200900022680;0;30;0;0;2;2;1;B01
200900022681;0;7;0;0;2;0;0;A01
200900022681;0;7;0;0;2;2;1;B01
200900022682;0;10;0;0;0;7;15;A01
200900022682;0;30;0;0;2;1;21;B01
200900022683;0;7;0;1;0;1;14;A01
200900022684;0;7;0;0;2;3;9;A01
200900022684;0;31;0;0;2;1;1;B01
200900022685;0;7;0;14;2;1;1;A01
200900022685;0;13;0;14;0;1;2;D01
200900022685;0;7;0;14;2;4;2;B01
200900022685;0;7;0;0;2;4;2;C01
200900022686;0;7;0;0;2;8;1;A01
200900022686;0;10;0;0;2;4;23;B01
200900022687;0;33;0;0;2;1;1;A01
200900022687;0;7;0;0;2;4;2;B01
200900022688;0;7;0;0;2;3;0;A01
200900022688;0;2;0;0;2;1;0;B01
200900022689;0;31;0;0;0;0;0;A01
200900022690;0;7;0;1;0;3;13;A01
200900022691;0;7;0;0;2;4;2;C01
200900022691;0;7;0;14;2;4;2;B01
200900022691;0;7;0;14;0;1;1;A01
200900022692;0;7;0;0;2;8;17;A01
200900022692;0;2;0;0;2;1;17;B01
200900022693;0;7;0;0;2;5;1;A01
200900022693;0;7;0;0;2;3;1;B01
200900022694;0;33;0;0;1;3;1;A01
200900022695;0;7;0;6;0;1;0;A01
200900022696;0;7;0;0;2;6;17;B01
200900022696;0;33;0;0;2;2;1;A01
200900022697;0;30;0;0;2;3;2;A01
200900022697;0;7;0;0;2;5;1;B01
200900022698;0;32;0;0;1;1;1;A01
200900022699;0;30;0;0;1;1;1;A01
200900022700;0;2;0;0;2;4;1;B01
200900022700;0;7;0;0;2;1;1;A01
200900022701;0;30;0;0;2;1;1;B01
200900022701;0;30;0;0;2;1;5;A01
200900022702;0;7;0;0;2;7;10;A01
200900022702;0;32;0;0;2;8;1;B01
200900022703;0;7;0;0;2;1;1;A01
200900022703;0;7;0;0;2;4;1;B01
200900022704;0;7;0;0;2;1;0;A01
200900022704;0;33;0;0;2;1;17;B01
200900022705;0;2;0;0;2;1;0;A01
200900022706;0;7;0;0;1;1;0;A01
200900022707;0;7;0;0;2;4;2;B01
200900022707;0;7;0;0;2;3;2;A01
200900022708;0;7;0;0;2;7;12;A01
200900022708;0;7;0;0;2;3;11;B01
200900022709;0;7;0;0;2;4;2;C01
200900022709;0;14;0;14;0;1;1;A01
200900022709;0;7;0;16;2;4;2;B01
200900022710;0;7;0;0;2;1;1;A01
200900022710;0;7;0;0;2;9;1;B01
200900022710;0;7;0;0;2;4;1;C01
200900022711;0;32;0;0;2;9;1;B01
200900022711;0;10;0;0;2;2;15;A01
200900022712;0;2;0;0;2;1;1;C01
200900022712;0;7;0;0;2;2;1;B01
200900022712;0;7;0;0;2;3;9;A01
200900022713;0;7;0;0;2;7;12;A01
200900022713;0;33;0;0;2;1;1;B01
200900022714;0;7;0;0;2;2;1;A01
200900022714;0;2;0;0;2;3;1;B01
200900022715;0;7;0;0;2;4;1;B01
200900022715;0;31;0;0;2;1;1;A01
200900022716;0;30;0;0;2;2;14;A01
200900022716;0;7;0;0;2;2;0;B01
200900022717;0;7;0;0;2;4;23;C01
200900022717;0;7;0;0;2;1;2;A01
200900022717;0;7;0;0;2;0;2;B01
200900022718;0;30;0;0;2;1;0;A01
200900022719;0;2;0;0;2;1;2;A01
200900022720;0;31;0;0;2;1;1;B01
200900022720;0;7;0;0;2;6;15;A01
200900022721;0;7;0;0;0;0;15;A01
200900022721;0;31;0;0;0;0;2;B01
200900022722;0;30;0;0;2;3;1;A01
200900022722;0;7;0;0;2;0;16;B01
200900022723;0;7;0;0;2;2;13;A01
200900022723;0;7;0;0;2;2;1;B01
200900022724;0;2;0;0;0;0;0;A01
200900022725;0;7;0;0;2;3;15;A01
200900022725;0;2;0;0;2;4;15;B01
200900022726;0;30;0;0;2;1;1;A01
200900022726;0;7;0;0;2;3;1;B01
200900022727;0;33;0;14;0;9;0;A01
200900022727;0;7;0;0;0;4;23;B01
200900022728;0;2;0;0;2;1;9;B01
200900022728;0;7;0;0;2;2;2;A01
200900022729;0;32;0;0;2;1;1;A01
200900022729;0;7;0;0;2;6;1;B01
200900022730;0;31;0;0;2;1;1;B01
200900022730;0;30;0;0;2;1;1;A01
200900022731;0;2;0;0;0;0;1;A01
200900022732;0;7;0;0;2;2;12;A01
200900022732;0;32;0;0;2;3;1;B01
200900022733;0;7;0;0;2;1;2;A01
200900022733;0;7;0;0;2;4;2;C01
200900022733;0;7;0;0;2;4;2;B01
200900022734;0;7;0;0;2;7;15;A01
200900022734;0;33;0;0;2;1;1;B01
200900022735;0;7;0;0;2;3;1;A01
200900022735;0;7;0;0;2;3;1;B01
200900022736;0;2;0;0;2;6;15;B01
200900022736;0;7;0;0;2;1;1;A01
200900022737;0;7;0;0;1;2;4;A01
200900022738;0;7;0;0;2;4;1;B01
200900022738;0;7;0;0;2;1;1;A01
200900022739;0;30;0;1;1;1;1;A01
200900022740;0;7;0;13;0;2;1;A01
200900022741;0;7;0;0;2;2;1;A01
200900022741;0;7;0;0;2;3;1;B02
200900022742;0;7;0;13;2;1;13;B02
200900022742;0;17;0;0;2;8;1;A01
200900022743;0;7;0;0;2;3;1;C03
200900022743;0;7;0;0;2;3;13;A01
200900022743;0;7;0;0;2;3;1;B02
200900022744;0;7;0;0;0;3;13;A01
200900022744;0;7;0;0;0;3;1;B02
200900022745;0;33;0;0;2;1;1;B02
200900022745;0;7;0;0;2;7;15;A01
200900022746;0;7;0;6;0;1;1;A01
200900022747;0;7;0;0;2;3;19;A01
200900022747;0;30;0;0;2;1;17;B02
200900022748;0;32;0;0;2;2;17;A01
200900022748;0;3;0;0;2;3;15;B02
200900022749;0;33;0;3;0;1;17;A01
200900022750;0;34;0;0;1;1;1;A01
200900022751;0;33;0;0;2;8;1;A01
200900022751;0;7;0;0;9;3;19;B02
200900022752;0;7;0;0;2;1;5;B02
200900022752;0;7;0;0;2;1;1;A01
200900022753;0;13;0;0;2;4;2;B02
200900022753;0;7;0;0;2;1;2;A01
200900022754;0;7;0;0;2;3;1;B02
200900022754;0;30;0;0;2;1;13;A01
200900022755;0;7;0;0;2;6;15;B02
200900022755;0;33;0;0;2;1;17;A01
200900022756;0;7;0;0;2;2;1;B02
200900022756;0;30;0;0;2;1;13;A01
200900022757;0;33;0;0;1;1;1;A01
200900022758;0;30;0;0;0;0;1;A01
200900022759;0;7;0;0;1;3;1;A01
200900022760;0;7;0;0;9;2;2;A01
200900022760;0;1;0;0;2;3;1;B02
200900022761;0;1;0;0;2;1;1;B02
200900022761;0;7;0;0;2;3;9;A01
200900022762;0;33;0;0;0;7;1;A01
200900022763;0;7;0;0;1;2;1;A01
200900022764;0;7;0;0;1;2;1;A01
200900022765;0;33;0;0;2;3;13;A01
200900022765;0;7;0;0;0;1;1;B02
200900022766;0;10;0;0;1;2;1;A01
200900022767;0;30;0;0;0;0;1;A01
200900022768;0;31;0;0;0;1;1;A01
200900022768;0;7;0;0;0;3;1;B02
200900022769;0;7;0;0;0;0;0;B01
200900022769;0;2;0;0;2;1;7;A01
200900022770;0;33;0;0;2;1;2;A01
200900022770;0;7;0;0;2;4;2;B01
200900022771;0;31;0;0;2;1;17;B01
200900022771;0;7;0;0;2;3;15;A01
200900022772;0;37;1;0;2;2;1;B01
200900022772;0;2;0;0;2;3;15;A01
200900022773;0;2;0;0;1;0;1;A01
200900022774;0;7;0;0;1;1;1;A01
200900022775;0;31;0;0;2;1;1;B01
200900022775;0;10;0;0;2;7;15;A01
200900022776;0;10;0;1;2;1;13;A01
200900022776;0;7;0;0;2;4;1;B01
200900022777;0;7;0;0;2;1;1;A01
200900022778;0;7;0;0;1;3;1;A01
200900022779;1;7;0;0;2;1;1;A01
200900022779;0;30;0;0;2;4;1;B01
200900022780;0;7;0;0;2;1;1;A01
200900022780;0;7;0;0;2;6;1;B01
200900022781;0;2;0;0;2;9;1;B01
200900022781;0;7;0;0;2;1;1;A01
200900022782;0;7;0;0;0;0;9;A01
200900022782;0;32;0;0;0;0;21;B01
200900022783;0;7;0;0;2;7;1;B01
200900022783;0;2;0;0;2;3;11;A01
200900022784;0;31;0;0;1;7;1;A01
200900022785;0;7;0;0;2;1;13;A01
200900022785;0;7;0;0;2;6;1;B01
200900022786;0;31;0;0;2;3;1;B01
200900022786;0;7;0;0;2;3;10;A01
200900022787;0;7;0;0;2;2;19;A01
200900022787;0;31;0;0;2;1;1;B01
200900022788;0;7;0;0;2;1;16;B01
200900022788;0;7;0;0;2;1;1;A01
200900022789;0;2;0;0;2;0;18;A01
200900022789;0;7;0;0;2;0;16;B01
200900022790;0;7;0;0;1;2;1;A01
200900022791;0;7;0;0;2;3;1;A01
200900022791;0;7;0;1;2;1;1;B01
200900022792;0;30;0;0;2;1;1;B01
200900022792;0;7;0;0;2;3;1;A01
200900022793;0;2;0;0;2;2;1;B01
200900022793;0;7;0;0;2;1;1;C01
200900022793;0;7;0;0;2;1;9;A01
200900022794;0;33;0;0;1;9;1;A01
200900022795;0;2;0;0;2;8;1;B01
200900022795;0;7;0;0;2;1;1;A01
200900022796;0;2;0;0;2;1;1;A01
200900022796;0;7;0;0;2;3;1;B01
200900022797;0;31;0;0;2;2;0;A01
200900022797;0;7;0;0;2;5;0;B01
200900022798;0;7;0;0;2;7;1;B01
200900022798;0;7;0;0;2;1;1;A01
200900022799;0;30;0;0;2;1;15;A01
200900022799;0;37;26;0;0;0;1;B01
200900022800;0;7;0;0;2;2;1;A01
200900022800;0;7;0;0;2;3;1;B01
200900022801;0;10;0;0;2;8;15;A01
200900022801;0;33;0;0;2;3;1;B01
200900022802;1;2;0;0;1;1;1;A01
200900022803;0;2;0;0;2;1;1;B01
200900022803;0;7;0;0;2;5;15;A01
200900022804;0;7;0;0;2;3;9;A01
200900022804;0;31;0;0;2;1;1;B01
200900022805;0;32;0;0;2;3;1;B01
200900022805;0;7;0;0;2;1;15;A01
200900022806;0;7;0;0;2;1;2;A01
200900022806;0;7;0;0;2;4;2;B01
200900022806;0;7;0;0;2;4;2;C01
200900022807;0;7;0;0;1;7;1;A01
200900022808;0;7;0;0;2;1;15;A01
200900022808;0;2;0;0;2;1;1;B01
200900022809;0;31;0;0;2;8;0;B01
200900022809;0;7;0;0;2;1;0;A01
200900022810;0;32;0;0;2;1;1;A01
200900022810;0;7;0;0;2;6;2;B01
200900022811;0;7;0;1;0;1;13;A01
200900022812;0;7;0;0;2;1;0;A01
200900022812;0;33;0;0;2;7;1;B01
200900022813;0;7;0;0;2;1;0;A01
200900022813;0;7;0;0;2;1;0;B01
200900022814;0;7;0;0;2;1;15;A01
200900022814;0;30;0;1;2;1;1;B01
200900022815;0;30;0;0;2;3;0;A01
200900022815;0;7;0;0;2;2;0;B01
200900022816;0;7;0;0;2;2;10;A01
200900022816;0;32;0;0;2;1;1;B01
200900022817;0;99;0;0;2;4;2;B01
200900022817;0;32;0;0;2;1;2;A01
200900022818;0;10;0;0;0;0;9;A01
200900022818;0;36;0;1;0;3;21;B01
200900022819;0;10;0;0;2;2;1;A01
200900022819;0;7;0;1;2;4;1;B01
200900022820;1;7;0;0;2;8;15;B01
200900022820;0;2;0;0;2;1;1;A01
200900022821;0;30;0;0;2;1;2;A01
200900022821;0;7;0;0;2;5;2;B01
200900022822;0;7;0;0;2;1;1;A01
200900022822;0;2;0;0;2;8;15;B01
200900022823;0;7;0;0;2;1;15;A01
200900022823;0;30;0;1;2;7;1;B01
200900022824;0;7;0;0;2;1;2;A01
200900022824;0;7;0;0;2;4;2;B01
200900022825;0;7;0;0;1;1;1;A01
200900022826;0;37;3;0;2;5;1;B01
200900022826;0;7;0;0;2;6;1;A01
200900022827;0;2;0;0;2;1;2;A01
200900022827;0;10;0;0;2;4;2;B01
200900022828;0;7;0;0;2;1;2;A01
200900022828;0;7;0;0;2;4;1;C01
200900022828;0;31;0;0;2;0;2;B01
200900022829;0;7;0;0;2;6;11;A01
200900022829;0;33;0;0;2;7;1;B01
200900022830;0;10;0;0;1;4;4;A01
200900022831;0;10;0;0;1;4;4;A01
200900022832;0;7;0;0;2;1;15;A01
200900022832;0;31;0;0;2;1;1;B01
200900022833;0;7;0;0;2;3;15;A01
200900022833;0;33;0;0;2;1;1;B01
200900022834;0;7;0;0;2;2;1;A01
200900022834;0;7;0;0;2;8;1;B01
200900022835;0;7;0;16;0;3;13;A01
200900022836;0;31;0;0;2;1;1;A01
200900022836;0;13;0;0;2;5;15;B01
200900022837;0;7;0;0;2;1;1;A01
200900022837;0;2;0;0;2;4;1;B01
200900022838;0;7;0;3;0;2;14;A01
200900022839;0;31;0;6;0;2;1;A01
200900022840;0;7;0;0;1;1;1;A01
200900022841;0;1;0;0;2;3;11;A01
200900022841;0;7;0;0;2;7;1;B01
200900022842;0;30;0;13;0;0;0;A01
200900022843;0;32;0;0;2;1;13;A01
200900022843;0;10;0;0;0;6;13;B01
200900022844;0;7;0;0;2;4;23;B01
200900022844;0;2;0;0;2;1;1;A01
200900022845;0;7;0;0;1;1;15;A01
200900022846;0;31;0;0;2;1;1;A01
200900022846;0;7;0;0;2;4;23;B01
200900022847;0;7;0;0;2;5;1;B01
200900022847;0;33;0;0;2;1;1;A01
200900022848;0;7;0;0;2;1;1;B01
200900022848;0;32;0;0;2;1;5;A01
200900022849;0;7;0;0;2;1;2;B01
200900022849;0;7;0;0;2;1;13;A01
200900022850;0;7;0;0;2;3;1;A01
200900022850;0;7;0;0;1;5;1;B01