num_acc;senc;catv;occutc;obs;obsm;choc;manv;num_veh
200900023227;0;7;0;0;1;2;1;A01
200900023228;0;7;0;0;2;2;1;B01
200900023228;0;30;0;0;2;1;1;A01
200900023229;0;37;0;0;1;5;2;A01
200900023230;0;7;0;0;2;5;23;B01
200900023230;0;7;0;0;2;2;2;A01
200900023231;0;7;0;0;1;1;1;A01
200900023232;0;7;0;0;2;4;2;B01
200900023232;0;7;0;0;0;4;2;C01
200900023232;0;7;0;0;2;1;2;A01
200900023232;1;7;0;0;0;0;2;D01
200900023233;0;1;0;0;2;1;17;A01
200900023233;0;7;0;0;2;3;15;C01
200900023233;0;1;0;0;2;1;17;B01
200900023234;0;7;0;0;2;2;9;A01
200900023234;0;7;0;0;2;6;2;B01
200900023235;0;7;0;2;2;7;1;A01
200900023236;0;7;0;15;0;6;1;A01
200900023237;0;2;0;0;2;8;1;B01
200900023237;0;7;0;0;2;1;1;A01
200900023238;1;7;0;0;2;5;12;A01
200900023238;0;2;0;0;2;1;1;B01
200900023239;0;7;0;0;1;2;1;A01
200900023240;0;7;0;0;2;1;1;A01
200900023240;0;7;0;0;2;5;1;B01
200900023241;0;10;0;7;2;1;6;A01
200900023241;0;7;0;0;2;8;1;B01
200900023242;0;7;0;14;2;6;1;B01
200900023242;0;7;0;0;2;2;19;A01
200900023243;0;7;0;0;2;4;23;B01
200900023243;1;10;0;0;2;1;2;A01
200900023244;0;7;0;0;1;2;0;A01
200900023245;0;30;0;0;2;8;17;A01
200900023245;0;7;0;0;2;6;15;B01
200900023246;0;7;0;0;2;8;1;B01
200900023246;0;7;0;0;2;1;1;A01
200900023247;0;7;0;0;2;4;23;B01
200900023247;0;7;0;0;2;4;23;C01
200900023247;0;7;0;0;2;1;2;A01
200900023247;0;7;0;0;2;4;23;D01
200900023247;0;7;0;0;2;4;23;E01
200900023248;0;30;0;0;2;1;17;A01
200900023248;0;7;0;0;2;8;15;B01
200900023249;0;31;0;0;2;7;1;B01
200900023249;0;7;0;2;2;1;1;A01
200900023250;0;7;0;0;2;6;2;C01
200900023250;0;7;0;0;2;1;2;A01
200900023250;0;7;0;0;2;4;2;B01
200900023251;0;7;0;0;2;8;15;A01
200900023251;0;7;0;0;2;1;1;B01
200900023252;0;7;0;0;2;2;16;B01
200900023252;0;2;0;0;2;6;13;A01
200900023253;0;7;0;0;1;2;1;A01
200900023254;0;7;0;0;1;7;1;A01
200900023255;0;7;0;2;6;1;1;A01
200900023256;0;7;0;0;2;3;1;B01
200900023256;0;7;0;0;2;1;17;A01
200900023257;0;7;0;0;2;3;15;B01
200900023257;0;30;0;0;2;2;17;A01
200900023258;0;7;0;0;1;3;1;A01
200900023259;0;7;0;0;0;2;1;A01
200900023259;0;7;0;0;2;2;1;B01
200900023260;0;7;0;0;1;7;15;A01
200900023261;0;7;0;0;0;4;16;B01
200900023261;0;7;0;0;2;1;16;A01
200900023262;0;33;0;4;0;8;1;A01
200900023263;0;33;0;0;2;1;2;A01
200900023263;0;7;0;3;0;4;2;B01
200900023264;0;7;0;13;0;1;17;A01
200900023265;0;7;0;3;2;1;2;A01
200900023265;0;7;0;0;0;5;2;B01
200900023265;0;33;0;0;0;1;1;C01
200900023266;0;7;0;0;2;3;1;A01
200900023267;0;7;0;2;0;2;2;A01
200900023268;0;7;0;0;1;1;1;A01
200900023269;0;32;0;0;2;1;17;A01
200900023269;0;10;0;0;2;6;23;B01
200900023270;0;7;0;0;0;6;15;B01
200900023270;0;2;0;0;2;1;1;A01
200900023271;0;7;0;0;2;3;1;B01
200900023271;0;7;0;0;2;2;1;A01
200900023272;0;7;0;0;1;7;1;A01
200900023273;0;33;0;0;2;1;1;B01
200900023273;0;7;0;0;2;6;16;A01
200900023274;0;34;0;0;2;1;17;A01
200900023274;0;7;0;0;2;3;15;B01
200900023275;0;10;0;8;0;1;1;A01
200900023276;0;7;0;0;9;1;1;A01
200900023276;0;30;0;0;2;0;1;B01
200900023277;0;7;0;0;2;1;1;A01
200900023277;0;7;0;0;2;7;1;B01
200900023278;0;7;0;0;2;1;2;A01
200900023278;0;15;0;0;2;4;23;B01
200900023279;0;7;0;3;0;1;12;A01
200900023280;0;7;0;0;0;0;1;A01
200900023281;0;7;0;0;0;0;1;A01
200900023282;0;30;0;0;0;7;1;A01
200900023283;0;30;0;0;2;8;1;B01
200900023283;0;7;0;0;2;1;15;A01
200900023284;0;7;0;0;2;2;1;B01
200900023284;0;21;0;0;2;3;15;A01
200900023285;0;30;0;0;2;6;10;B01
200900023285;0;7;0;0;2;3;1;A01
200900023286;0;30;0;0;0;8;1;A01
200900023287;0;7;0;13;0;2;1;A01
200900023288;0;30;0;0;0;5;15;A01
200900023288;0;30;0;0;2;1;1;B01
200900023289;0;7;0;0;2;1;13;A01
200900023289;0;17;0;0;2;1;1;B01
200900023290;0;31;0;0;0;7;1;A01
200900023291;0;30;0;0;1;1;17;A01
200900023292;0;7;0;1;0;1;1;A01
200900023293;0;7;0;0;2;1;1;B01
200900023293;0;7;0;0;2;3;19;A01
200900023294;0;7;0;0;2;1;2;A01
200900023294;0;7;0;0;2;4;2;B01
200900023295;0;7;0;0;2;4;23;C01
200900023295;0;7;0;0;2;1;2;A01
200900023295;0;7;0;0;2;4;2;B01
200900023296;0;7;0;0;2;1;2;A01
200900023296;0;7;0;0;2;4;1;B01
200900023297;0;30;0;0;2;1;1;B01
200900023297;0;7;0;0;2;8;15;A01
200900023298;0;33;0;7;0;9;1;A01
200900023299;0;7;0;0;0;0;15;A01
200900023299;0;30;0;0;0;7;1;B01
200900023300;0;7;0;0;2;1;14;A01
200900023301;0;1;0;0;1;1;1;A01
200900023302;0;7;0;13;0;9;1;A01
200900023303;0;7;0;0;2;1;2;A01
200900023303;0;7;0;0;2;1;2;B01
200900023304;0;33;0;0;2;4;23;B01
200900023304;0;7;0;0;2;2;2;A01
200900023305;0;7;0;0;2;1;2;A01
200900023305;0;7;0;0;2;4;2;B01
200900023305;0;7;0;0;2;4;2;C01
200900023306;0;2;0;0;2;8;1;B01
200900023306;0;7;0;0;2;2;15;A01
200900023307;0;10;0;0;2;1;2;A01
200900023307;0;7;0;0;0;4;2;E01
200900023307;0;7;0;0;2;4;2;C01
200900023307;0;7;0;0;2;4;2;D01
200900023307;0;7;0;0;2;4;2;B01
200900023308;0;7;0;0;2;1;2;A01
200900023308;0;7;0;0;2;4;23;B01
200900023309;0;7;0;0;2;3;1;B01
200900023309;0;13;0;0;2;7;2;A01
200900023310;0;7;0;1;2;3;20;A01
200900023310;0;7;0;0;2;2;1;B01
200900023311;0;30;0;15;0;9;0;A01
200900023312;0;7;0;0;2;2;15;A01
200900023312;0;1;0;0;2;1;2;B01
200900023313;0;7;0;0;2;1;15;A01
200900023313;0;7;0;0;2;8;1;B01
200900023314;0;7;0;9;0;1;2;A01
200900023315;0;7;0;0;2;3;1;B01
200900023315;0;7;0;0;2;5;16;A01
200900023316;0;30;0;16;0;8;2;A01
200900023317;0;7;0;0;1;1;2;A01
200900023318;0;1;0;0;1;1;2;A01
200900023319;0;7;0;0;2;4;1;B01
200900023319;0;7;0;0;2;1;2;A01
200900023320;0;7;0;0;2;1;2;B01
200900023320;0;7;0;0;2;2;15;A01
200900023321;0;7;0;1;0;2;2;A01
200900023322;0;30;0;0;2;1;1;B01
200900023322;0;7;0;0;2;2;15;A01
200900023323;0;7;0;0;2;4;1;A01
200900023323;0;7;0;0;2;1;1;B01
200900023324;0;33;0;16;0;8;2;A01
200900023325;0;7;0;0;2;1;2;A01
200900023325;0;30;0;0;2;4;23;B01
200900023326;0;7;0;0;2;1;15;A01
200900023326;0;10;0;0;2;3;2;B01
200900023327;0;7;0;0;2;2;2;B01
200900023327;0;30;0;0;2;1;17;A01
200900023328;0;32;0;0;2;1;16;A01
200900023328;0;21;0;0;2;6;2;B01
200900023329;0;7;0;0;2;3;15;A01
200900023329;0;33;0;0;2;7;2;B01
200900023330;0;7;0;1;0;1;1;A01
200900023331;0;7;0;0;2;2;15;A01
200900023331;0;32;0;0;2;1;1;B01
200900023332;0;1;0;0;9;1;0;B01
200900023332;0;7;0;0;9;1;15;A01
200900023333;0;7;0;0;2;1;9;A01
200900023333;0;7;0;0;2;2;1;B01
200900023334;0;7;0;6;0;1;13;A01
200900023335;0;7;0;0;2;7;13;A01
200900023335;0;7;0;0;2;3;1;B01
200900023336;0;33;0;0;2;1;17;A01
200900023336;0;17;0;0;2;8;1;B02
200900023336;0;21;0;0;2;8;1;C03
200900023337;0;7;0;0;1;3;15;A01
200900023338;0;30;0;0;2;1;5;A01
200900023338;0;7;0;0;2;1;1;B01
200900023339;0;7;0;0;2;8;15;B02
200900023339;0;7;0;0;2;7;17;A01
200900023340;0;33;0;0;2;1;2;B01
200900023340;0;7;0;0;2;3;15;A01
200900023341;0;7;0;0;2;1;1;A01
200900023341;0;7;0;0;2;3;15;B01
200900023342;0;7;0;0;2;4;0;C01
200900023342;0;7;0;0;2;1;0;A01
200900023342;0;7;0;0;2;4;2;B01
200900023343;0;33;0;0;2;1;1;B01
200900023343;0;7;0;0;2;6;15;A01
200900023344;0;7;0;0;2;3;15;A01
200900023344;0;2;0;0;2;1;1;B01
200900023345;0;7;0;0;1;8;11;A01
200900023346;0;2;0;0;2;3;2;A01
200900023346;0;7;0;0;9;2;16;B01
200900023347;0;7;0;0;9;1;2;B01
200900023347;0;1;0;0;2;8;15;A01
200900023348;0;34;0;0;2;2;1;B01
200900023348;0;7;0;0;2;3;9;A01
200900023349;0;7;0;0;2;1;2;A01
200900023349;0;7;0;0;2;4;23;B01
200900023350;0;30;0;0;2;7;3;A01
200900023350;0;7;0;0;9;4;2;B01
200900023351;0;7;0;0;2;1;1;A01
200900023351;0;2;0;13;2;7;19;B01
200900023352;0;7;0;0;2;4;0;B01
200900023352;0;30;0;0;2;1;21;A01
200900023353;0;31;0;0;2;7;15;A01
200900023354;0;7;0;0;2;1;1;A01
200900023354;0;7;0;0;2;4;1;B01
200900023355;0;33;0;3;0;2;0;A01
200900023356;0;7;0;0;0;3;0;A01
200900023356;0;7;0;0;9;3;0;B01
200900023357;0;7;0;0;1;3;15;A01
200900023358;0;7;0;0;1;8;1;A01
200900023359;0;7;0;0;2;8;22;A01
200900023359;0;1;0;0;2;1;1;B01
200900023360;0;7;0;0;2;1;1;B01
200900023360;0;7;0;0;2;8;1;A01
200900023361;0;7;0;0;2;1;1;A01
200900023361;0;7;0;0;2;2;15;B01
200900023362;0;7;0;0;2;1;2;A01
200900023362;0;7;0;0;2;1;2;B01
200900023362;0;7;0;0;2;4;2;C01
200900023363;0;10;0;0;2;3;10;A01
200900023363;0;33;0;0;2;1;1;B02
200900023364;0;7;0;0;0;0;1;B01
200900023364;1;2;0;0;2;3;19;A01
200900023365;0;2;0;0;0;3;2;A01
200900023365;1;7;0;0;0;0;16;B01
200900023366;0;7;0;0;0;9;17;A01
200900023367;0;7;0;0;2;1;1;A01
200900023367;0;37;11;0;2;7;1;B01
200900023368;0;1;0;1;0;1;14;A01
200900023369;0;7;0;0;2;1;2;B01
200900023369;0;7;0;0;2;4;2;C01
200900023369;0;7;0;0;2;1;1;A01
200900023370;0;33;0;1;0;1;13;A01
200900023370;0;7;0;0;0;3;24;B02
200900023371;0;2;0;0;2;1;1;A01
200900023371;0;7;0;0;2;1;1;B01
200900023372;0;32;0;0;2;3;9;A01
200900023372;0;7;0;0;2;2;1;B01
200900023373;0;7;0;0;2;1;15;A01
200900023373;0;30;0;0;2;1;1;B01
200900023374;0;7;0;0;0;4;15;B01
200900023374;0;2;0;0;2;1;1;A01
200900023375;0;7;0;0;1;6;4;A01
200900023376;0;2;0;12;0;1;1;A01
200900023377;0;7;0;0;2;1;15;A01
200900023377;0;99;0;0;2;1;1;B01
200900023378;0;7;0;0;1;3;1;A01
200900023379;0;10;0;0;2;8;22;A01
200900023379;0;30;0;1;0;7;1;B01
200900023380;0;34;0;0;0;1;1;A01
200900023381;0;7;0;0;0;5;15;A01
200900023381;0;2;0;0;2;1;17;B02
200900023382;0;33;0;13;0;3;1;A01
200900023383;0;7;0;0;2;4;23;B01
200900023383;0;7;0;0;2;1;2;A01
200900023383;0;7;0;0;2;4;23;D01
200900023383;0;7;0;0;2;4;23;C01
200900023384;0;7;0;0;2;3;15;B02
200900023384;0;7;0;0;2;1;13;A01
200900023384;0;33;0;0;2;1;1;C03
200900023385;0;7;0;13;0;1;1;A01
200900023386;0;10;0;0;2;3;15;A01
200900023386;0;33;0;0;2;1;1;B02
200900023387;0;7;0;12;0;5;15;A01
200900023387;0;33;0;12;0;1;1;B02
200900023388;0;7;0;0;2;2;16;A01
200900023388;0;2;0;0;2;3;18;B02
200900023389;0;7;0;0;0;5;1;A01
200900023390;0;7;0;3;0;8;1;A01
200900023391;0;7;0;6;0;7;1;A01
200900023392;0;7;0;0;2;1;1;A01
200900023392;0;7;0;0;0;4;23;B01
200900023393;0;7;0;0;2;4;23;B01
200900023393;0;7;0;0;2;1;0;A01
200900023394;0;7;0;0;1;2;1;A01
200900023395;0;7;0;0;2;3;1;B01
200900023395;1;7;0;0;2;3;1;A01
200900023396;0;32;0;0;2;2;17;A01
200900023396;0;7;0;0;2;8;15;B01
200900023397;0;7;0;0;2;3;1;A01
200900023397;0;7;0;0;2;8;1;B01
200900023398;0;2;0;0;0;0;1;A01
200900023399;0;7;0;0;2;3;17;A01
200900023399;0;30;0;0;2;1;1;B01
200900023400;1;7;0;0;0;0;0;B01
200900023400;0;7;0;0;1;4;1;A01
200900023401;0;7;0;0;2;3;0;B01
200900023401;0;7;0;0;2;1;1;A01
200900023402;0;7;0;0;1;1;1;A01
200900023403;0;7;0;0;1;3;0;A01
200900023404;0;7;0;0;1;3;1;C01
200900023404;0;7;0;0;2;3;3;A01
200900023404;0;2;0;0;2;8;3;B01
200900023405;0;2;0;0;2;4;2;B01
200900023405;0;33;0;0;2;1;2;A01
200900023406;0;7;0;6;0;1;1;A01
200900023407;0;31;0;0;2;2;1;B01
200900023407;0;7;0;0;2;3;16;A01
200900023408;0;7;0;0;2;1;15;B01
200900023408;0;7;0;0;2;1;0;A01
200900023409;0;33;0;0;2;1;3;B01
200900023409;0;7;0;0;2;1;15;A01
200900023410;0;7;0;0;2;8;15;B01
200900023410;0;30;0;0;2;1;17;A01
200900023411;0;7;0;0;9;2;1;A01
200900023412;0;7;0;0;2;3;13;A01
200900023412;0;15;0;0;2;3;1;B01
200900023413;0;7;0;14;0;9;1;A01
200900023414;0;7;0;3;0;2;14;A01
200900023414;0;7;0;1;0;3;21;B01
200900023415;0;15;0;2;0;3;13;A01
200900023416;0;7;0;0;2;1;13;A01
200900023416;0;7;0;0;2;1;1;B01
200900023417;0;7;0;2;6;9;1;A01
200900023418;0;1;0;16;0;1;2;A01
200900023419;0;7;0;2;0;1;2;A01
200900023420;0;33;0;16;0;1;2;A01
200900023421;0;7;0;0;2;1;15;A01
200900023421;0;7;0;0;2;3;1;B01
200900023422;0;7;0;13;0;1;1;A01
200900023423;0;7;0;0;2;4;2;C01
200900023423;0;7;0;0;2;4;2;B01
200900023423;0;7;0;0;2;4;2;D01
200900023423;0;7;0;0;2;4;2;E01
200900023423;0;7;0;0;2;1;2;A01
200900023424;0;7;0;0;2;1;15;A01
200900023424;0;33;0;0;2;1;1;B01
200900023425;0;1;0;1;0;1;13;A01
200900023426;0;7;0;0;2;2;2;B01
200900023426;0;2;0;0;2;1;15;A01
200900023427;0;7;0;0;2;1;2;A01
200900023427;0;15;0;0;2;4;2;B01
200900023428;0;7;0;13;0;9;2;A01
200900023429;0;1;0;16;0;1;2;A01
200900023430;0;7;0;0;2;4;23;G02
200900023430;0;7;0;0;2;4;23;E02
200900023430;0;7;0;3;2;4;1;D01
200900023430;0;7;0;0;2;4;1;H01
200900023430;0;17;0;0;2;2;23;B01
200900023430;0;7;0;0;2;4;23;F02
200900023430;0;17;0;0;2;3;21;A01
200900023430;0;7;0;0;2;4;23;C01
200900023431;0;31;0;0;2;2;17;A01
200900023431;0;20;0;0;2;3;15;B01
200900023432;0;7;0;9;0;1;2;A01
200900023433;0;7;0;0;2;1;2;A01
200900023434;0;7;0;15;0;1;1;A01
200900023435;0;7;0;0;2;1;2;A01
200900023435;0;7;0;0;2;4;23;B01
200900023436;0;7;0;15;0;1;2;A01
200900023437;0;7;0;0;2;1;2;A01
200900023437;0;10;0;0;2;7;1;B01
200900023438;0;7;0;0;1;1;2;A01
200900023439;0;30;0;0;2;1;2;B01
200900023439;0;7;0;0;2;7;15;A01
200900023440;0;31;0;0;2;1;2;B01
200900023440;0;7;0;0;2;3;2;A01
200900023441;0;33;0;0;2;3;21;A01
200900023441;0;7;0;0;2;1;1;B01
200900023442;0;7;0;0;1;3;15;A01
200900023442;0;33;0;0;2;8;2;B01
200900023443;0;1;0;12;0;1;2;A01
200900023444;0;7;0;0;2;1;15;A01
200900023444;0;7;0;0;2;8;23;B01
200900023445;0;14;0;0;2;2;1;A01
200900023445;0;7;0;0;2;4;23;B01
200900023446;0;30;0;16;0;1;2;A01
200900023447;0;33;0;0;2;1;2;B01
200900023447;0;7;0;0;2;2;15;A01
200900023448;0;30;0;16;0;8;2;A01
200900023449;0;7;0;1;2;1;1;A01
200900023449;0;7;0;0;2;1;1;E01
200900023450;0;7;0;0;2;2;14;A01
200900023450;0;7;0;0;2;4;2;B01
200900023451;0;7;0;0;2;8;2;C01
200900023451;0;7;0;0;2;3;0;A01
200900023451;0;7;0;0;2;8;2;B01
200900023452;0;1;0;0;2;1;2;A01
200900023453;0;2;0;0;2;1;2;A01
200900023453;0;7;0;0;2;2;2;B01
200900023454;0;7;0;0;2;1;2;B01
200900023454;0;7;0;0;2;7;1;A01
200900023455;0;30;0;16;0;7;1;A01
200900023456;0;2;0;16;0;7;2;A01
200900023457;0;30;0;0;1;8;1;B01
200900023457;0;7;0;0;2;7;12;A01
200900023458;0;1;0;0;2;8;2;A01
200900023458;0;37;1;0;2;7;17;B01
200900023459;0;32;0;12;0;7;2;A01
200900023460;0;10;0;0;2;3;2;B01
200900023460;0;7;0;0;2;1;1;A01
200900023461;0;15;0;3;0;3;1;A01
200900023462;0;33;0;0;2;1;17;A01
200900023462;0;7;0;0;2;3;1;B01
200900023462;0;7;0;0;2;3;1;C01
200900023463;0;2;0;13;0;0;1;A01
200900023464;0;7;0;2;0;1;1;A01
200900023465;0;7;0;1;0;2;1;A01
200900023466;0;1;0;0;2;1;1;A01
200900023466;1;7;0;0;0;2;15;B01
200900023467;0;7;0;6;0;1;13;A01
200900023468;0;7;0;0;0;3;13;A01
200900023469;0;33;0;0;0;0;17;A01
200900023470;0;7;0;16;0;1;2;A01
200900023471;0;7;0;3;2;9;2;A01
200900023471;0;7;0;0;2;1;1;D01
200900023471;0;7;0;0;2;3;1;C01
200900023471;0;7;0;0;2;3;1;B01
200900023472;0;33;0;12;0;1;1;A01
200900023473;0;20;0;0;2;3;3;B01
200900023473;0;7;0;0;2;1;0;C01
200900023474;0;2;0;0;2;8;1;A01
200900023474;0;7;0;0;2;3;15;B01
200900023475;0;7;0;13;0;9;1;A01
200900023476;0;7;0;0;2;7;17;B01
200900023476;0;30;0;0;2;8;13;A01
200900023477;0;33;0;0;2;1;1;B01
200900023477;0;7;0;0;2;2;15;A01
200900023478;0;33;0;0;2;2;1;B01
200900023478;0;7;0;0;2;8;11;A01
200900023479;0;7;0;0;2;1;1;B01
200900023479;0;7;0;0;2;3;15;A01
200900023480;0;10;0;0;1;3;1;A01
200900023481;0;1;0;0;0;0;0;A01
200900023482;0;37;10;0;2;3;1;B01
200900023482;0;7;0;0;2;1;1;A01
200900023483;0;30;0;16;0;1;2;A01
200900023484;0;7;0;0;2;2;1;B01
200900023484;0;31;0;0;2;3;9;A01
200900023485;0;33;0;0;0;5;0;A01
200900023486;0;7;0;9;0;1;0;A01
200900023487;0;7;0;0;2;1;5;A01
200900023487;0;7;0;0;2;1;1;B01
200900023488;0;7;0;0;2;3;9;A01
200900023488;0;30;0;0;2;7;1;B01
200900023489;0;7;0;0;2;2;15;A01
200900023489;0;33;0;0;2;1;1;B01
200900023490;0;33;0;16;0;7;2;A01
200900023491;0;33;0;0;2;1;1;B01
200900023491;0;7;0;0;2;6;9;A01
200900023492;0;7;0;0;2;1;2;A01
200900023492;0;7;0;0;2;4;2;B01
200900023492;0;31;0;0;2;4;2;C01
200900023493;0;7;0;0;2;1;15;A01
200900023493;0;7;0;0;2;3;1;B01
200900023494;0;7;0;2;0;1;1;A01
200900023495;0;1;0;0;0;1;21;B01
200900023495;0;7;0;0;0;0;23;A01
200900023496;0;7;0;0;2;2;1;A01
200900023496;0;1;0;0;2;8;19;B01
200900023497;0;7;0;2;2;1;1;B01
200900023497;0;7;0;2;2;1;19;A01
200900023498;0;7;0;0;2;1;1;B01
200900023498;0;7;0;0;2;3;13;A01
200900023499;0;33;0;0;0;8;0;A01
200900023500;0;7;0;0;2;7;19;A01
200900023500;0;7;0;0;2;1;1;B01
200900023500;0;7;0;0;2;3;23;C01
200900023501;0;7;0;0;2;1;2;B01
200900023501;0;7;0;0;2;6;15;A01
200900023502;0;33;0;0;0;0;21;B01
200900023502;0;7;0;0;0;0;9;A01
200900023503;0;34;0;0;2;1;17;B01
200900023503;0;7;0;0;2;3;15;A01
200900023504;0;10;0;0;2;0;1;B01
200900023504;0;7;0;0;2;3;9;A01
200900023505;0;7;0;9;0;1;2;A01
200900023506;0;7;0;13;2;7;1;A01
200900023506;0;1;0;0;2;8;1;B01
200900023507;0;7;0;16;0;9;1;A01
200900023508;0;7;0;0;2;3;13;A01
200900023508;0;7;0;0;2;3;1;B02
200900023509;0;7;0;0;0;4;23;A01
200900023509;0;2;0;0;2;1;2;B02
200900023510;0;32;0;0;2;1;17;A01
200900023510;0;7;0;0;2;1;1;B02
200900023511;0;7;0;0;2;1;1;B02
200900023511;0;7;0;0;2;5;13;A01
200900023512;0;36;0;0;0;5;15;A01
200900023513;0;7;0;8;0;2;1;A01
200900023514;0;1;0;0;0;0;1;A01
200900023515;0;7;0;13;0;8;1;A01
200900023516;0;7;0;0;2;3;15;A01
200900023516;0;33;0;0;2;3;1;B02
200900023517;0;7;0;0;0;3;15;A01
200900023517;0;33;0;0;2;1;1;B02
200900023518;0;33;0;0;2;1;13;A01
200900023518;0;10;0;0;2;3;0;B02
200900023519;0;10;0;0;0;6;19;A01
200900023519;0;10;0;0;0;3;1;B02
200900023520;0;7;0;0;1;2;1;A01
200900023521;0;7;0;0;2;1;13;A01
200900023521;0;7;0;0;2;2;1;B02
200900023522;0;7;0;0;2;3;13;A01
200900023522;0;10;0;0;2;3;1;B02
200900023523;0;7;0;0;2;3;1;B02
200900023523;0;7;0;0;2;6;15;A01
200900023524;0;33;0;0;0;1;0;A01
200900023525;0;2;0;0;2;1;1;B02
200900023525;0;7;0;0;2;2;15;A01
200900023526;0;7;0;13;2;3;1;A01
200900023527;0;7;0;13;0;2;14;A01
200900023528;0;7;0;13;0;1;1;A01
200900023529;0;7;0;0;2;3;13;A01
200900023529;0;7;0;0;2;2;1;B02
200900023530;0;7;0;0;2;3;1;B02
200900023530;0;33;0;0;2;1;13;A01
200900023531;0;7;0;0;0;1;1;B01
200900023531;0;31;0;0;2;1;5;A01
200900023532;0;7;0;0;2;2;24;B01
200900023532;0;30;0;1;0;1;16;A01
200900023533;0;33;0;0;2;7;1;B01
200900023533;1;7;0;0;2;1;15;A01
200900023534;0;7;0;0;1;2;1;A01
200900023535;0;31;0;0;2;2;17;A01
200900023535;0;7;0;0;2;3;15;B01
200900023536;0;7;0;0;2;8;1;B01
200900023536;0;2;0;0;2;1;9;A01
200900023537;0;10;0;0;2;3;15;B01
200900023537;0;33;0;0;2;2;17;A01
200900023538;0;7;0;0;1;2;0;A01
200900023539;0;7;0;0;1;3;1;A01
200900023540;0;31;0;0;2;2;13;A01
200900023540;0;7;0;0;9;7;1;B02
200900023541;0;7;0;0;2;3;1;A01
200900023541;0;10;0;0;2;3;1;C01
200900023541;0;10;0;0;2;4;23;B01
200900023542;0;7;0;0;2;3;15;B01
200900023542;0;31;0;0;2;7;17;A01
200900023543;0;31;0;0;2;2;0;A01
200900023543;0;1;0;0;2;1;0;B01
200900023544;0;14;0;0;0;3;0;B02
200900023544;0;14;0;0;0;0;0;A01
200900023545;0;33;0;0;2;5;17;B02
200900023545;0;7;0;0;2;3;1;A01
200900023546;0;7;0;0;0;3;0;B01
200900023546;0;13;0;0;0;1;1;A01
200900023547;0;33;0;0;2;3;17;A01
200900023547;0;10;0;0;0;3;15;B01
200900023548;0;7;0;0;0;4;2;B01
200900023548;0;7;0;0;2;1;2;A01
200900023549;0;10;0;0;2;2;2;B01
200900023549;0;2;0;0;2;1;2;A01
200900023550;0;7;0;0;2;1;1;B01
200900023550;0;7;0;2;2;2;5;A01
200900023551;2;7;0;0;1;1;15;A01
200900023552;0;7;0;0;0;1;1;B01
200900023552;0;7;0;0;2;1;5;A01
200900023553;0;7;0;0;2;3;1;B01
200900023553;0;30;0;0;2;3;16;A01
200900023554;0;7;0;0;2;1;2;B01
200900023554;0;7;0;0;2;1;2;A01
200900023554;0;7;0;0;0;4;2;C01
200900023555;0;7;0;0;0;4;23;B01
200900023555;0;7;0;0;0;4;2;C01
200900023555;0;7;0;0;0;1;2;A01
200900023556;0;7;0;0;1;1;1;A01
200900023557;0;7;0;0;2;1;5;A01
200900023557;0;7;0;0;2;1;1;B01
200900023558;0;7;0;0;2;2;1;A01
200900023558;0;7;0;0;0;3;1;B01
200900023559;0;30;0;0;2;1;1;B01
200900023559;0;7;0;0;0;5;15;A01
200900023560;0;7;0;2;0;1;20;A01
200900023561;0;7;0;0;2;1;2;B01
200900023561;0;7;0;0;0;4;2;C01
200900023561;0;7;0;0;2;1;2;A01
200900023562;0;7;0;4;0;2;1;A01
200900023563;0;7;0;0;0;4;2;B01
200900023563;0;33;0;0;0;1;2;A01
200900023564;0;7;0;0;2;1;2;A01
200900023564;0;7;0;0;0;4;2;B01
200900023565;0;7;0;2;0;2;14;A01
200900023566;0;7;0;0;0;4;15;B01
200900023566;0;7;0;0;2;1;1;A01
200900023567;0;7;0;0;2;6;1;B02
200900023567;0;7;0;0;2;2;1;C02
200900023568;0;7;0;13;0;7;1;A01
200900023569;0;7;0;2;0;1;14;A01
200900023570;0;33;0;13;0;1;17;A01
200900023571;0;34;0;0;2;1;1;B02
200900023571;0;7;0;0;2;8;16;A01
200900023572;0;7;0;6;0;2;1;A01
200900023573;0;7;0;4;0;3;11;A01
200900023574;0;7;0;0;1;2;1;A01
200900023575;0;7;0;0;2;3;16;A01
200900023575;0;7;0;0;2;3;1;B01
200900023576;0;7;0;0;2;3;17;A01
200900023576;0;7;0;0;2;1;1;C01
200900023576;0;7;0;0;2;2;16;B01
200900023577;0;10;0;0;1;4;4;A01
200900023578;0;7;0;0;2;1;13;A01
200900023578;0;7;0;0;2;1;1;B01
200900023579;0;7;0;0;0;8;21;A01
200900023580;0;7;0;0;2;1;15;A01
200900023580;0;7;0;0;2;1;1;B01
200900023581;0;30;0;0;2;1;11;A01
200900023581;0;7;0;0;2;1;1;B01
200900023582;0;7;0;0;2;1;17;B01
200900023582;0;7;0;0;0;3;10;A01
200900023583;0;7;0;0;2;3;1;B01
200900023583;0;10;0;1;2;7;20;A01
200900023584;0;7;0;0;1;1;15;A01
200900023585;0;7;0;0;2;1;2;A01
200900023585;0;7;0;0;2;7;15;B01
200900023586;0;7;0;0;1;1;1;A01
200900023587;0;37;30;0;2;2;1;B01
200900023587;1;10;0;0;2;6;9;A01
200900023588;0;7;0;1;0;9;16;A01