num_acc;senc;catv;occutc;obs;obsm;choc;manv;num_veh
200900024339;0;7;0;0;2;4;4;A01
200900024339;0;1;0;0;2;1;2;B01
200900024340;0;7;0;0;2;1;2;A01
200900024340;0;7;0;0;2;4;1;B01
200900024341;0;30;0;0;0;7;0;A01
200900024342;0;7;0;0;2;6;0;A01
200900024342;0;30;0;0;2;0;0;B01
200900024343;0;2;0;0;0;4;1;A01
200900024344;0;7;0;0;2;1;1;A01
200900024345;0;7;0;0;1;1;1;A01
200900024346;0;7;0;0;2;8;22;A01
200900024346;0;1;0;0;2;1;1;B01
200900024347;0;7;0;1;0;1;1;A01
200900024348;0;7;0;0;2;2;15;A01
200900024348;0;7;0;0;2;1;1;B01
200900024349;0;2;0;0;0;0;1;A01
200900024350;0;7;0;0;2;7;1;A01
200900024350;0;1;0;0;2;1;1;B01
200900024351;0;33;0;0;2;1;1;B01
200900024351;0;7;0;0;2;3;10;A01
200900024352;0;7;0;0;2;1;2;A01
200900024352;0;7;0;0;0;4;1;B01
200900024353;0;32;0;0;2;1;1;C01
200900024353;0;7;0;0;0;0;1;A01
200900024354;0;10;0;0;9;8;17;A01
200900024354;0;1;0;0;0;8;1;B01
200900024355;0;7;0;0;2;1;1;A01
200900024355;0;7;0;0;2;4;1;B01
200900024356;0;33;0;0;2;1;1;B01
200900024356;0;7;0;0;2;6;5;A01
200900024357;0;7;0;0;2;3;1;B02
200900024357;0;3;0;0;2;3;15;A01
200900024358;0;7;0;0;2;1;1;A01
200900024358;0;7;0;0;2;4;1;C01
200900024358;0;7;0;0;2;4;1;B01
200900024359;0;30;0;0;2;1;1;A01
200900024359;0;7;0;0;2;7;16;B01
200900024360;0;33;0;7;0;1;1;A01
200900024361;0;7;0;4;0;0;1;A01
200900024362;0;7;0;0;2;1;1;C01
200900024362;0;7;0;8;2;2;5;A01
200900024362;0;7;0;0;2;1;1;B01
200900024363;0;7;0;0;2;4;1;B01
200900024363;0;7;0;0;2;4;1;C01
200900024363;0;7;0;0;2;1;1;A01
200900024364;0;32;0;0;0;2;1;A01
200900024365;0;7;0;0;2;1;5;A01
200900024365;0;32;0;0;2;1;1;B01
200900024366;0;7;0;0;2;4;1;B01
200900024366;0;30;0;0;2;1;1;A01
200900024367;0;31;0;7;0;1;1;A01
200900024368;0;15;0;0;2;1;1;B01
200900024368;0;7;0;0;2;4;1;A01
200900024369;0;7;0;0;1;4;20;A01
200900024370;0;2;0;0;0;5;15;B01
200900024370;0;7;0;0;2;1;1;A01
200900024371;0;7;0;0;2;4;2;B01
200900024371;0;10;0;0;2;1;2;A01
200900024372;0;1;0;0;2;7;1;B01
200900024372;0;14;0;0;1;1;1;A01
200900024373;0;7;0;6;2;1;2;A01
200900024374;0;33;0;0;2;1;1;A01
200900024374;0;7;0;0;2;1;15;B01
200900024375;0;7;0;0;2;1;1;B01
200900024375;0;7;0;0;2;8;1;A01
200900024376;0;7;0;0;2;7;22;A01
200900024376;0;1;0;0;2;1;0;B01
200900024377;0;7;0;6;2;5;1;B01
200900024377;0;7;0;0;2;3;1;A01
200900024378;0;33;0;12;0;8;1;A01
200900024379;0;7;0;0;2;1;1;B01
200900024379;0;30;0;0;2;7;1;A01
200900024380;0;30;0;0;0;0;1;A01
200900024381;0;7;0;0;2;5;15;A01
200900024381;0;33;0;0;2;3;21;B02
200900024382;0;2;0;0;2;7;1;A01
200900024382;0;7;0;0;2;1;1;B02
200900024383;0;2;0;0;2;1;2;A01
200900024383;0;7;0;0;2;5;16;B02
200900024384;0;7;0;13;0;0;12;A01
200900024385;0;7;0;2;0;2;1;A01
200900024386;0;33;0;0;0;0;21;A01
200900024387;0;7;0;0;2;1;1;A01
200900024387;0;7;0;0;2;4;1;C03
200900024387;0;7;0;0;2;4;1;B02
200900024388;0;1;0;0;2;2;1;A01
200900024388;0;7;0;0;2;1;1;B02
200900024389;0;7;0;2;0;1;1;A01
200900024390;0;1;0;0;2;7;19;B02
200900024390;0;10;0;0;2;1;1;A01
200900024391;0;33;0;0;2;1;1;B02
200900024391;0;7;0;0;2;3;19;A01
200900024392;0;7;0;0;2;1;19;A01
200900024392;0;33;0;0;2;1;1;B02
200900024393;0;7;0;0;0;4;23;A01
200900024393;0;13;0;1;0;2;14;B02
200900024394;0;30;0;0;1;6;1;A01
200900024395;0;1;0;0;2;1;13;B02
200900024395;0;7;0;0;2;5;4;A01
200900024396;0;1;0;0;9;8;1;B02
200900024396;0;17;0;0;9;2;15;A01
200900024397;0;7;0;0;2;1;1;B02
200900024397;0;33;0;0;2;1;13;A01
200900024398;0;33;0;0;2;2;17;A01
200900024398;0;2;0;0;2;6;15;B02
200900024399;0;7;0;0;2;1;1;C01
200900024399;0;10;0;3;2;8;1;A01
200900024399;0;7;0;0;2;1;14;B01
200900024400;0;99;0;0;2;7;1;C01
200900024400;0;7;0;0;2;7;1;B01
200900024400;0;7;0;13;0;9;14;A01
200900024400;0;7;0;0;2;8;1;D01
200900024401;0;17;0;4;0;8;1;A01
200900024402;0;1;0;0;2;4;13;B01
200900024402;0;2;0;0;2;1;1;A01
200900024403;0;7;0;0;2;7;1;B01
200900024403;1;7;0;0;2;1;1;A01
200900024404;0;7;0;0;2;3;1;B01
200900024404;0;30;0;0;2;1;1;A01
200900024405;0;7;0;1;0;1;1;A01
200900024406;0;7;0;0;2;1;1;A01
200900024406;0;7;0;0;2;4;2;C01
200900024406;0;7;0;0;2;4;2;B01
200900024407;0;33;0;11;0;0;1;A01
200900024408;0;7;0;0;2;3;15;B01
200900024408;0;30;0;0;2;1;17;A01
200900024409;0;7;0;0;2;8;15;B01
200900024409;0;2;0;0;2;1;1;A01
200900024410;0;7;0;0;2;1;1;A01
200900024410;0;7;0;0;2;4;1;B01
200900024410;0;7;0;0;2;4;16;C01
200900024411;1;30;0;0;1;1;1;A01
200900024412;0;7;0;0;2;2;1;A01
200900024412;0;1;0;0;2;1;1;B01
200900024413;0;7;0;0;2;1;15;A01
200900024413;0;1;0;0;2;1;1;B01
200900024414;0;10;0;0;2;4;1;C01
200900024414;0;7;0;0;2;4;1;B01
200900024414;0;7;0;0;2;1;1;A01
200900024415;0;2;0;0;2;1;1;A01
200900024415;0;7;0;0;2;4;1;B01
200900024416;0;1;0;0;2;0;1;A01
200900024416;0;1;0;0;2;0;1;B01
200900024417;0;7;0;0;2;8;1;A01
200900024417;0;7;0;0;2;1;1;B01
200900024418;0;1;0;0;2;1;19;A01
200900024418;0;7;0;0;2;2;1;B01
200900024419;0;7;0;0;2;1;1;B01
200900024419;0;30;0;1;2;3;16;A01
200900024420;1;10;0;0;2;0;0;A01
200900024420;0;2;0;0;2;4;1;B01
200900024421;0;7;0;0;2;1;2;B01
200900024421;0;7;0;0;2;4;2;A01
200900024422;0;2;0;0;2;2;15;A01
200900024422;0;7;0;0;2;1;1;B01
200900024423;0;7;0;0;1;1;1;A01
200900024424;0;7;0;0;2;2;15;A01
200900024424;0;1;0;0;2;1;15;B01
200900024425;0;7;0;0;2;8;1;A01
200900024425;0;2;0;0;2;1;1;B01
200900024426;0;7;0;0;2;4;15;B01
200900024426;0;2;0;0;2;1;1;A01
200900024427;0;7;0;0;2;1;1;A01
200900024427;0;30;0;0;2;4;1;B01
200900024428;0;1;0;0;2;1;1;B01
200900024428;0;7;0;0;2;3;24;A01
200900024429;0;1;0;0;2;2;1;B01
200900024429;0;7;0;0;2;1;15;A01
200900024430;0;30;0;0;1;1;1;A01
200900024431;0;7;0;0;2;2;16;A01
200900024431;0;1;0;0;2;0;1;B01
200900024432;0;7;0;0;2;8;15;A01
200900024432;0;7;0;0;2;1;1;B01
200900024433;0;7;0;0;2;8;10;A01
200900024433;0;32;0;0;2;7;1;B01
200900024434;0;30;0;0;2;8;1;A01
200900024434;0;7;0;0;2;1;1;B01
200900024435;0;7;0;0;2;2;16;B01
200900024435;0;1;0;0;2;1;5;A01
200900024436;0;2;0;0;2;2;1;A01
200900024436;0;7;0;0;2;1;16;B01
200900024437;1;7;0;0;2;3;1;A01
200900024437;0;1;0;0;2;1;1;B01
200900024438;0;1;0;0;2;0;19;B01
200900024438;0;7;0;0;2;1;1;A01
200900024439;0;1;0;1;2;1;1;B01
200900024439;0;7;0;0;2;7;22;A01
200900024440;0;7;0;0;2;1;1;B01
200900024440;0;1;0;0;2;7;1;A01
200900024441;0;30;0;12;0;1;1;A01
200900024442;0;7;0;0;2;3;1;A01
200900024442;0;7;0;0;2;7;1;B01
200900024443;0;1;0;0;2;0;0;B01
200900024443;0;7;0;0;2;0;0;A01
200900024444;0;7;0;0;2;1;1;B01
200900024444;0;7;0;0;2;1;15;A01
200900024445;0;7;0;0;1;1;1;A01
200900024446;0;7;0;0;1;0;1;A01
200900024447;0;1;0;0;2;1;1;B01
200900024447;0;7;0;0;2;3;9;A01
200900024448;0;30;0;0;2;6;15;B02
200900024448;0;7;0;0;2;2;2;A01
200900024449;0;7;0;11;0;1;1;A01
200900024450;0;31;0;0;0;1;1;A01
200900024451;0;7;0;1;1;7;17;A01
200900024452;0;7;0;15;0;1;21;A01
200900024453;0;1;0;0;4;1;1;A01
200900024453;0;40;0;0;2;1;1;B01
200900024454;0;1;0;0;2;1;1;B01
200900024454;0;7;0;0;2;2;16;A01
200900024455;0;7;0;0;2;1;1;B02
200900024455;0;10;0;0;2;1;19;A01
200900024456;0;7;0;0;2;1;1;B01
200900024456;0;7;0;0;2;3;9;A01
200900024457;0;7;0;0;2;3;1;C01
200900024457;0;7;0;0;2;7;1;A01
200900024457;0;7;0;0;2;1;1;B01
200900024458;0;7;0;0;2;1;1;B02
200900024458;0;7;0;0;2;7;13;A01
200900024458;0;7;0;0;2;1;1;C03
200900024459;0;7;0;0;0;1;0;A01
200900024459;0;1;0;0;2;0;0;B01
200900024460;0;33;0;0;9;0;21;A01
200900024461;0;7;0;0;2;3;1;B01
200900024461;0;32;0;0;2;6;21;A01
200900024462;0;32;0;0;2;7;1;B01
200900024462;0;99;0;0;2;1;19;A01
200900024463;0;10;0;0;2;4;1;B01
200900024463;0;7;0;0;2;1;1;A01
200900024464;0;7;0;0;0;0;0;A01
200900024464;0;7;0;0;0;0;0;B01
200900024465;0;1;0;0;0;7;1;A01
200900024466;0;7;0;0;2;3;15;A01
200900024466;0;7;0;0;2;3;1;B01
200900024467;0;7;0;15;0;1;16;A01
200900024468;0;1;0;0;0;0;0;A01
200900024469;0;7;0;0;1;1;16;A01
200900024470;0;7;0;0;1;1;1;A01
200900024471;1;7;0;0;0;0;17;B02
200900024471;0;1;0;0;2;3;1;A01
200900024472;0;7;0;0;1;2;1;A01
200900024473;1;7;0;0;0;0;13;A01
200900024473;0;1;0;12;0;7;21;B01
200900024474;0;2;0;0;0;0;1;A01
200900024475;0;7;0;0;2;8;15;B02
200900024475;0;7;0;0;2;2;2;A01
200900024476;0;7;0;0;2;1;11;C03
200900024476;0;7;0;0;1;8;1;A01
200900024476;0;7;0;0;2;3;1;B02
200900024477;0;14;0;0;2;2;1;A01
200900024477;0;7;0;0;2;3;19;B02
200900024478;0;7;0;2;0;9;1;A01
200900024479;0;30;0;0;0;7;1;A01
200900024480;0;7;0;13;0;3;1;A01
200900024481;0;33;0;0;0;2;21;B02
200900024481;0;7;0;0;0;2;13;A01
200900024482;0;10;0;6;0;1;1;A01
200900024483;0;7;0;0;2;2;15;A01
200900024483;0;7;0;0;2;3;1;B02
200900024484;0;7;0;0;2;1;1;A01
200900024484;0;2;0;0;2;4;19;B02
200900024485;0;30;0;0;2;1;13;A01
200900024485;0;7;0;0;2;3;1;B02
200900024486;0;7;0;0;2;1;1;A01
200900024486;0;7;0;0;2;4;0;C03
200900024486;0;7;0;0;2;4;1;B02
200900024487;0;1;0;0;0;7;1;A01
200900024488;0;7;0;13;0;1;14;A01
200900024489;0;7;0;0;9;8;21;A01
200900024489;0;1;0;0;2;1;13;B02
200900024490;0;7;0;13;0;1;1;A01
200900024491;0;7;0;0;2;3;1;B02
200900024491;0;33;0;0;2;1;19;A01
200900024492;0;33;0;13;2;9;19;A01
200900024492;0;7;0;0;2;1;1;B02
200900024493;0;7;0;0;2;1;0;C03
200900024493;0;14;0;0;2;1;0;A01
200900024493;0;7;0;0;2;1;0;B02
200900024494;0;7;0;0;2;8;1;B02
200900024494;0;7;0;0;2;3;1;A01
200900024494;0;7;0;0;2;2;1;D04
200900024494;0;7;0;0;0;0;0;C03
200900024495;0;7;0;0;2;3;19;A01
200900024495;0;7;0;0;2;1;1;B02
200900024496;0;7;0;13;0;2;1;A01
200900024497;0;7;0;0;2;1;14;A01
200900024497;0;7;0;0;2;8;23;B02
200900024498;0;31;0;13;0;1;1;A01
200900024499;0;33;0;0;2;1;1;A01
200900024499;0;7;0;0;2;1;15;B02
200900024500;0;7;0;2;0;1;17;A01
200900024501;0;7;0;16;2;2;13;A01
200900024501;0;7;0;0;2;2;1;B02
200900024502;0;7;0;0;2;3;1;A01
200900024502;0;33;0;0;2;2;16;B02
200900024503;0;31;0;0;2;1;2;B02
200900024503;0;7;0;0;2;2;15;A01
200900024504;0;7;0;2;0;2;14;A01
200900024505;0;7;0;16;0;1;1;A01
200900024506;0;7;0;13;0;1;15;A01
200900024507;0;7;0;0;9;7;1;A01
200900024507;0;1;0;12;2;8;1;B02
200900024508;0;7;0;1;0;3;1;B02
200900024508;0;7;0;0;2;5;24;A01
200900024508;0;7;0;0;2;3;1;C03
200900024509;0;7;0;0;2;3;13;A01
200900024509;0;7;0;0;2;3;0;B02
200900024510;0;7;0;0;2;2;1;B02
200900024510;0;7;0;0;2;2;19;A01
200900024511;0;99;0;0;2;8;1;B02
200900024511;0;7;0;3;2;2;1;A01
200900024512;0;33;0;0;2;2;17;A01
200900024512;0;10;0;0;2;6;17;B02
200900024513;0;33;0;0;0;1;1;A01
200900024514;0;33;0;0;2;0;20;A01
200900024514;0;7;0;0;0;0;17;B02
200900024515;0;7;0;0;2;3;13;B02
200900024515;0;7;0;0;2;3;1;A01
200900024516;0;7;0;6;0;1;1;A01
200900024517;0;7;0;0;1;2;1;A01
200900024518;0;10;0;0;1;8;1;A01
200900024519;0;1;0;0;2;3;13;C03
200900024519;0;7;0;0;0;0;22;A01
200900024519;0;7;0;0;9;2;17;B02
200900024520;0;31;0;0;2;1;1;B02
200900024520;0;7;0;0;0;3;15;A01
200900024521;0;7;0;0;0;2;2;B02
200900024521;0;1;0;0;0;4;2;A01
200900024522;0;33;0;0;2;0;2;B01
200900024522;0;7;0;6;2;1;2;A01
200900024523;0;7;0;0;1;1;1;A01
200900024524;0;7;0;0;2;8;1;B01
200900024524;0;2;0;0;2;0;15;A01
200900024525;0;7;0;6;2;3;14;A01
200900024526;0;30;0;6;0;0;0;A01
200900024527;0;33;0;0;1;1;1;A01
200900024528;0;7;0;1;2;4;2;B01
200900024528;0;7;0;0;2;1;2;A01
200900024529;0;34;0;0;2;7;20;B01
200900024529;0;7;0;0;2;6;20;A01
200900024530;0;7;0;0;2;1;1;A01
200900024530;0;7;0;0;2;4;1;B01
200900024531;0;7;0;0;2;3;10;A01
200900024531;0;33;0;0;2;7;1;B01
200900024532;0;7;0;0;2;0;15;B01
200900024533;0;30;0;0;2;1;1;A01
200900024533;0;7;0;0;2;4;16;B01
200900024534;0;7;0;0;2;2;1;A01
200900024534;0;10;0;0;2;3;1;B02
200900024535;0;7;0;0;2;2;1;A01
200900024535;0;7;0;0;2;3;1;B01
200900024536;0;34;0;1;0;3;15;A01
200900024537;0;33;0;0;2;1;2;C01
200900024537;0;7;0;0;2;4;1;B01
200900024537;0;7;0;0;0;0;15;A01
200900024538;0;33;0;12;0;9;16;A01
200900024539;0;30;0;0;2;2;17;A01
200900024539;0;7;0;0;0;3;15;B01
200900024540;0;7;0;0;2;3;1;B01
200900024540;0;2;0;0;2;8;13;A01
200900024541;2;7;0;8;0;2;14;A01
200900024542;0;7;0;0;2;8;19;B01
200900024542;0;7;0;0;2;1;1;A01
200900024543;0;7;0;0;2;8;16;A01
200900024543;0;7;0;0;2;1;1;B01
200900024544;0;7;0;0;2;4;1;B01
200900024544;0;30;0;0;2;1;2;A01
200900024545;0;7;0;0;2;4;2;B01
200900024545;0;7;0;0;2;4;2;C01
200900024545;0;7;0;0;2;1;2;A01
200900024546;0;7;0;0;0;1;0;A01
200900024546;0;7;0;0;0;4;0;B01
200900024547;0;7;0;0;1;2;14;A01
200900024548;0;30;0;0;2;1;1;A01
200900024548;0;32;0;0;2;3;1;B01
200900024549;0;7;0;0;2;5;15;A01
200900024549;0;33;0;0;2;1;1;B01
200900024550;0;7;0;0;2;3;16;A01
200900024550;0;30;0;0;2;1;1;B01
200900024551;0;30;0;0;0;7;1;B01
200900024551;0;10;0;0;0;0;1;A01
200900024552;0;7;0;0;2;4;2;B01
200900024552;0;10;0;0;2;1;2;A01
200900024553;0;7;0;0;1;1;1;A01
200900024554;0;7;0;8;0;1;1;A01
200900024555;0;1;0;0;2;4;13;A01
200900024555;0;33;0;0;2;1;1;B01
200900024556;0;7;0;0;2;1;1;A01
200900024556;0;7;0;0;2;4;1;B01
200900024557;0;7;0;13;0;1;1;A01
200900024558;0;7;0;11;0;1;1;A01
200900024559;0;33;0;0;9;9;0;A01
200900024560;0;7;0;0;0;3;15;B01
200900024560;0;30;0;0;2;1;17;A01
200900024561;0;7;0;0;2;3;1;B01
200900024561;0;7;0;0;2;1;13;A01
200900024562;0;7;0;0;2;6;1;B01
200900024562;0;33;0;0;2;1;17;A01
200900024563;0;7;0;0;2;2;1;B01
200900024563;0;7;0;0;2;1;9;A01
200900024564;0;33;0;0;2;8;1;B01
200900024564;0;7;0;0;2;2;9;A01
200900024565;0;33;0;0;0;0;0;A01
200900024565;0;7;0;0;0;0;0;B01
200900024566;0;7;0;0;2;9;15;A01
200900024566;0;7;0;0;2;3;1;B01
200900024567;0;7;0;0;2;1;15;A01
200900024567;0;7;0;0;2;3;1;B01
200900024568;0;30;0;0;2;1;1;B01
200900024568;0;7;0;0;2;3;15;A01
200900024569;0;7;0;0;2;6;15;B01
200900024569;0;32;0;0;2;1;17;A01
200900024570;0;31;0;0;2;3;0;A01
200900024570;0;7;0;0;2;5;0;B01
200900024571;0;7;0;0;2;1;5;A01
200900024571;0;10;0;0;2;1;1;B01
200900024572;0;7;0;6;0;1;1;A01
200900024573;0;10;0;0;2;1;1;B01
200900024573;0;7;0;0;2;2;1;A01
200900024574;0;7;0;13;0;1;1;A01
200900024575;0;35;0;0;0;0;1;A01
200900024576;0;33;0;0;2;1;13;A01
200900024576;0;7;0;0;0;8;1;B02
200900024577;0;7;0;0;1;3;1;A01
200900024578;0;7;0;0;1;1;1;A01
200900024579;0;7;0;0;0;3;1;B02
200900024579;0;7;0;0;2;1;13;A01
200900024580;0;31;0;0;;7;1;B02
200900024580;0;7;0;0;2;3;19;A02
200900024581;0;7;0;0;1;1;1;A01
200900024582;0;33;0;5;0;8;0;A01
200900024583;0;2;0;0;2;1;1;A01
200900024583;0;30;0;0;0;4;1;B02
200900024584;0;7;0;0;2;3;13;A01
200900024584;0;7;0;0;0;3;1;B02
200900024585;0;37;1;0;2;1;2;A01
200900024585;0;7;0;0;0;4;2;B01
200900024586;0;33;0;0;9;1;1;A01
200900024587;0;1;0;0;2;1;17;B01
200900024587;0;7;0;0;2;3;15;A01
200900024588;0;33;0;1;0;7;1;A01
200900024589;1;7;0;0;1;5;1;A01
200900024590;0;33;0;16;0;0;1;B01
200900024590;0;7;0;0;0;0;10;A01
200900024591;0;33;0;0;0;7;1;B01
200900024591;0;7;0;0;2;3;11;A01
200900024592;0;33;0;0;2;1;1;A01
200900024593;0;7;0;0;0;8;1;A01
200900024593;0;2;0;0;2;8;1;B01
200900024594;0;17;0;0;1;1;1;A01
200900024595;0;7;0;1;0;7;15;A01
200900024595;0;33;0;0;2;1;1;B01
200900024596;0;7;0;0;1;3;1;A01
200900024597;0;33;0;1;0;7;1;B01
200900024597;0;7;0;0;2;7;15;A01
200900024598;0;7;0;0;2;1;1;B01
200900024598;0;7;0;0;0;2;15;A01
200900024599;0;20;0;0;1;1;1;A01
200900024600;0;7;0;0;2;1;1;B01
200900024600;1;14;0;0;0;4;11;A01
200900024601;0;7;0;16;0;9;1;A01
200900024602;0;14;0;0;1;2;16;A01
200900024603;0;7;0;0;0;8;10;B01
200900024603;0;33;0;0;2;1;17;A01
200900024604;0;7;0;0;1;3;1;A01
200900024605;0;2;0;0;2;1;18;B01
200900024605;0;7;0;0;0;7;23;A01
200900024606;0;2;0;0;1;7;1;A01
200900024607;0;7;0;0;9;2;1;A01
200900024607;0;1;0;0;0;4;1;B01
200900024608;0;33;0;0;2;1;1;B01
200900024608;0;7;0;0;2;6;10;A01
200900024609;0;7;0;0;2;7;22;A01
200900024609;0;1;0;1;2;1;1;B01
200900024610;0;2;0;16;0;0;15;A01
200900024611;0;7;0;0;2;7;2;A01
200900024611;0;2;0;0;2;8;2;B01
200900024612;0;7;0;13;0;1;1;A01
200900024613;0;2;0;8;0;1;1;A01
200900024614;0;7;0;0;0;3;13;A01
200900024614;0;7;0;0;0;3;1;B02
200900024615;0;7;0;0;0;3;13;A01
200900024615;0;7;0;0;0;3;0;B02
200900024616;0;30;0;0;2;4;13;A01
200900024616;0;7;0;0;2;8;13;B02
200900024617;0;7;0;0;0;7;15;A01
200900024617;0;2;0;0;2;1;1;B02
200900024618;0;7;0;0;2;7;19;A01
200900024618;0;2;0;0;2;3;1;B02
200900024619;0;33;0;11;0;1;1;A01
200900024620;0;7;0;0;2;7;1;A01
200900024620;0;7;0;0;2;1;1;B02
200900024621;0;7;0;0;2;3;2;A01
200900024621;0;2;0;0;2;4;2;B02
200900024622;0;7;0;0;2;1;1;B02
200900024622;0;7;0;0;2;1;13;A01
200900024623;0;2;0;0;2;1;1;A01
200900024623;0;10;0;0;2;4;15;B02
200900024624;0;7;0;0;2;4;1;B02
200900024624;0;7;0;3;2;1;17;A01
200900024625;0;33;0;0;0;1;1;A01
200900024625;0;7;0;0;0;4;15;B02
200900024626;0;7;0;0;2;7;1;A01
200900024626;0;30;0;0;2;1;15;B02
200900024627;0;33;0;3;0;0;13;A01
200900024628;0;31;0;0;2;1;1;A01
200900024628;0;21;0;0;2;7;15;B02
200900024629;0;7;0;0;0;2;15;A01
200900024630;0;7;0;0;2;2;1;A01
200900024630;0;7;0;0;0;4;1;B02
200900024631;0;30;0;0;9;1;1;A01
200900024632;0;33;0;15;0;1;21;A01
200900024632;0;7;0;0;2;3;23;B02
200900024633;0;7;0;0;2;3;13;A01
200900024633;0;7;0;0;2;3;1;B02
200900024634;0;2;0;15;0;1;1;A01
200900024635;0;1;0;0;2;0;0;D04
200900024635;0;1;0;0;2;4;1;B02
200900024635;0;1;0;0;2;4;0;C03
200900024635;0;7;0;0;2;1;21;A01
200900024636;0;33;0;0;2;7;1;A01
200900024636;0;7;0;0;2;3;15;B02
200900024637;0;7;0;8;0;1;14;A01
200900024638;0;30;0;0;0;0;14;A01
200900024639;0;1;0;0;1;1;1;A01
200900024640;0;1;0;0;2;8;11;B01
200900024640;0;7;0;0;2;5;1;A01
200900024641;0;7;0;0;2;1;1;A01
200900024641;0;1;0;0;2;4;1;B01
200900024642;0;2;0;0;0;7;1;A01
200900024643;0;31;0;0;2;1;17;B01
200900024643;0;7;0;0;2;8;13;A01
200900024644;0;1;0;0;2;1;1;A01
200900024644;0;1;0;0;2;1;1;B01
200900024645;0;7;0;0;2;7;1;A01
200900024645;0;7;0;0;2;1;1;B01
200900024646;0;7;0;0;1;4;4;A01
200900024647;0;7;0;1;0;1;1;A01
200900024648;0;33;0;0;2;1;17;A01
200900024648;0;7;0;0;2;6;15;B01
200900024649;0;33;0;12;0;7;14;A01
200900024650;0;2;0;0;2;1;1;B01
200900024650;0;7;0;0;2;2;15;A01
200900024651;0;30;0;0;0;0;1;A01
200900024652;0;7;0;0;1;2;13;A01
200900024653;0;2;0;0;0;0;1;A01
200900024654;0;7;0;0;0;0;1;C01
200900024654;0;7;0;0;0;4;1;E01
200900024654;0;7;0;0;2;1;1;A01
200900024654;0;7;0;0;0;1;1;B01
200900024654;0;7;0;0;2;1;1;D01
200900024655;0;7;0;0;2;1;1;A01
200900024655;0;7;0;0;2;4;23;B01
200900024656;0;30;0;0;2;1;1;A01
200900024656;0;7;0;0;2;4;1;B01
200900024657;0;7;0;8;0;1;14;A01
200900024658;0;7;0;0;2;7;1;B01
200900024658;0;7;0;0;2;3;1;A01
200900024659;0;7;0;0;1;4;4;A01
200900024660;0;7;0;0;2;3;15;A01
200900024660;0;2;0;0;2;7;1;B01
200900024661;0;2;0;0;0;7;14;A01
200900024662;0;7;0;0;2;0;17;A01
200900024662;0;1;0;0;2;0;1;B01
200900024663;0;2;0;0;2;1;1;A01
200900024663;0;7;0;0;2;4;1;B01
200900024664;0;7;0;0;2;7;1;B01
200900024664;0;7;0;0;2;1;9;A01
200900024665;0;7;0;0;2;8;22;A01
200900024665;0;1;0;0;2;1;1;B01
200900024666;0;7;0;0;2;7;22;A01
200900024666;0;30;0;1;0;1;1;B01
200900024667;0;7;0;0;2;8;16;A01
200900024667;0;1;0;0;2;1;1;B01
200900024668;1;7;0;0;1;0;0;A01
200900024669;0;33;0;0;2;1;17;A01
200900024669;0;7;0;0;2;3;17;B01
200900024670;0;7;0;0;2;8;9;A01
200900024670;0;33;0;0;2;1;1;B01
200900024671;0;1;0;0;2;3;2;A01
200900024671;0;33;0;0;2;2;16;B01
200900024672;1;7;0;0;1;0;0;A01
200900024673;0;1;0;0;1;1;0;A01
200900024674;0;7;0;0;9;2;1;A01
200900024674;0;1;0;0;2;4;1;B01
200900024675;0;1;0;0;2;4;0;B01
200900024675;0;7;0;0;2;1;0;A01
200900024676;0;7;0;0;2;7;1;B01
200900024676;0;7;0;0;2;1;1;A01
200900024677;0;31;0;3;0;1;0;A01
200900024678;0;7;0;0;2;0;0;B01
200900024678;0;7;0;0;2;0;0;A01
200900024679;0;30;0;0;2;7;0;B01
200900024679;0;7;0;0;2;6;0;A01
200900024680;0;7;0;0;1;8;1;A01
200900024681;0;7;0;0;9;3;20;A01
200900024681;0;30;0;0;2;7;1;B01
200900024682;0;10;0;0;0;9;1;A01
200900024683;0;3;0;9;0;0;0;A01
200900024684;0;10;0;0;2;8;9;A01
200900024684;0;2;0;0;2;1;1;B01
200900024685;0;7;0;0;0;9;1;A01
200900024686;0;7;0;0;2;3;2;A01
200900024686;0;7;0;0;2;5;23;B01
200900024687;0;7;0;8;0;1;0;A01
200900024688;0;7;0;0;1;7;1;A01
200900024689;0;7;0;4;0;3;13;A01
200900024690;0;33;0;0;2;1;1;B02
200900024690;0;7;0;0;2;1;15;A01
200900024691;0;7;0;0;2;1;1;A01
200900024691;0;7;0;0;2;5;1;B01
200900024692;0;30;0;0;2;1;1;B01
200900024692;0;7;0;0;2;8;17;A01
200900024693;0;7;0;0;1;1;0;A01
200900024693;0;99;0;0;2;4;0;B01
200900024694;0;7;0;0;1;1;1;A01
200900024695;0;1;0;0;2;6;19;A01
200900024695;0;7;0;0;9;1;1;B02
200900024696;0;32;0;12;0;7;1;A01
200900024697;0;1;0;0;2;4;0;B01
200900024697;0;7;0;0;9;0;1;A01
200900024698;0;10;0;0;2;1;1;B01
200900024698;0;7;0;0;2;3;1;A01
200900024699;0;7;0;13;0;1;13;A01
200900024700;0;7;0;0;0;9;14;A01
200900024701;0;30;0;0;2;1;18;A01
200900024701;0;7;0;0;2;0;1;B01
200900024702;0;7;0;0;1;1;1;A01
200900024703;0;2;0;0;2;1;1;A01
200900024703;0;7;0;0;2;3;1;B01
200900024704;0;7;0;0;2;1;1;B01
200900024704;0;1;0;0;2;7;1;A01
200900024705;0;33;0;0;0;0;1;A01