num_acc;senc;catv;occutc;obs;obsm;choc;manv;num_veh
200900024706;0;7;0;0;2;1;1;A01
200900024706;0;7;0;0;2;4;1;B01
200900024707;0;2;0;0;2;1;1;A01
200900024707;0;7;0;0;2;1;1;B01
200900024708;0;10;0;0;2;8;15;A01
200900024708;0;31;0;0;2;1;17;B01
200900024709;0;7;0;0;2;3;15;A01
200900024709;0;33;0;0;2;1;17;B01
200900024710;0;7;0;0;2;6;23;B01
200900024710;0;7;0;0;2;2;17;A01
200900024711;0;30;0;16;0;1;1;A01
200900024712;0;30;0;13;0;1;13;A01
200900024713;0;36;0;0;0;8;4;A01
200900024714;0;7;0;13;0;1;13;A01
200900024715;0;7;0;8;0;1;14;A01
200900024716;0;7;0;13;0;1;0;A01
200900024717;0;7;0;0;2;8;1;A01
200900024717;0;7;0;0;2;1;1;B01
200900024718;0;7;0;2;0;7;1;A01
200900024719;0;7;0;13;0;3;1;A01
200900024720;0;7;0;0;6;9;1;A01
200900024721;0;7;0;13;2;7;14;A01
200900024721;0;7;0;13;2;8;1;B02
200900024722;0;7;0;0;2;8;1;B02
200900024722;0;7;0;0;2;8;13;A01
200900024723;0;7;0;0;2;1;1;B02
200900024723;0;7;0;0;2;1;16;A01
200900024724;0;7;0;0;2;1;15;A01
200900024724;0;7;0;0;2;3;19;B01
200900024725;0;7;0;13;0;1;1;A01
200900024726;0;7;0;0;2;1;13;A01
200900024726;0;7;0;0;2;1;1;B02
200900024727;0;7;0;2;0;8;1;A01
200900024728;0;7;0;16;0;9;17;A01
200900024729;0;7;0;3;2;2;2;A01
200900024729;0;17;0;0;0;6;1;B02
200900024730;0;30;0;0;2;1;15;A01
200900024730;0;7;0;0;2;1;1;B01
200900024731;0;14;0;0;0;2;1;B01
200900024731;0;7;0;0;0;4;1;C01
200900024731;0;7;0;0;0;1;9;A01
200900024732;0;2;0;1;0;1;1;A01
200900024733;0;2;0;0;2;2;1;B02
200900024733;0;7;0;0;2;3;19;A01
200900024734;0;7;0;0;0;1;2;A01
200900024734;0;7;0;0;0;4;15;B01
200900024735;0;30;0;0;0;3;1;A01
200900024736;0;2;0;0;2;4;15;A01
200900024736;0;10;0;0;2;1;0;B01
200900024737;0;10;0;0;2;3;15;A01
200900024737;0;31;0;0;2;1;1;B01
200900024738;0;13;0;0;2;1;2;A01
200900024738;0;7;0;0;0;4;2;B01
200900024739;0;7;0;0;0;8;10;A01
200900024739;0;33;0;0;2;1;1;B02
200900024740;0;7;0;0;2;3;15;A01
200900024740;0;30;0;0;2;2;17;B01
200900024741;0;2;0;13;0;1;1;A01
200900024742;0;7;0;1;0;4;0;A01
200900024743;0;7;0;0;1;2;1;A01
200900024744;0;7;0;0;2;7;15;A01
200900024744;0;33;0;0;2;1;1;B01
200900024745;0;30;0;0;2;1;18;A01
200900024745;0;7;0;0;2;2;16;B01
200900024746;0;1;0;0;2;3;19;A01
200900024746;0;7;0;0;2;1;1;B01
200900024747;0;7;0;8;0;1;13;A01
200900024748;0;33;0;0;1;0;23;A01
200900024749;0;7;0;15;0;9;13;A01
200900024750;0;7;0;0;2;1;1;A01
200900024750;0;10;0;0;2;3;23;C01
200900024750;0;2;0;0;2;3;1;B01
200900024751;0;7;0;0;2;1;23;C01
200900024751;0;10;0;0;2;1;17;A01
200900024751;0;7;0;0;2;3;1;B01
200900024752;0;7;0;0;2;1;1;B01
200900024752;0;1;0;0;2;7;19;A01
200900024753;0;7;0;0;2;8;1;B01
200900024753;0;7;0;0;2;2;1;A01
200900024754;0;7;0;0;2;4;1;C01
200900024754;0;7;0;0;2;0;2;A01
200900024754;0;10;0;0;2;9;2;B01
200900024755;0;7;0;0;1;1;1;A01
200900024756;0;36;0;0;2;1;5;A01
200900024756;0;7;0;0;2;1;1;B01
200900024757;0;2;0;0;2;1;1;B01
200900024757;0;7;0;0;2;5;1;A01
200900024758;1;7;0;0;2;2;1;B01
200900024758;0;30;0;0;2;1;1;A01
200900024759;0;7;0;0;2;6;16;A01
200900024759;0;33;0;0;2;1;1;B01
200900024760;0;7;0;0;2;1;1;B02
200900024760;0;7;0;0;2;8;1;A01
200900024761;0;2;0;0;2;7;1;A01
200900024761;0;7;0;0;0;7;16;B01
200900024762;1;7;0;0;0;0;13;B01
200900024762;0;1;0;0;2;0;21;A01
200900024763;0;7;0;0;2;1;1;A01
200900024763;0;7;0;0;2;8;1;B01
200900024764;0;33;0;0;2;4;1;A01
200900024764;0;7;0;0;2;7;12;B01
200900024765;0;7;0;0;2;8;1;B01
200900024765;0;7;0;8;2;2;1;A01
200900024766;0;7;0;2;0;1;2;A01
200900024767;0;1;0;0;0;4;2;B01
200900024767;0;7;0;0;2;1;1;A01
200900024768;0;30;0;0;2;1;17;A01
200900024768;0;7;0;0;0;8;15;B02
200900024769;0;7;0;0;2;1;13;A01
200900024769;0;7;0;0;2;1;0;B02
200900024770;0;7;0;0;2;3;1;B02
200900024770;0;33;0;0;2;7;1;A01
200900024771;0;33;0;0;2;1;17;A01
200900024771;0;7;0;0;2;6;15;B02
200900024772;0;7;0;0;2;3;1;B02
200900024772;0;7;0;0;2;2;1;A01
200900024773;0;15;0;0;0;8;15;B02
200900024773;0;33;0;0;2;1;17;A01
200900024774;0;7;0;0;2;3;15;A01
200900024774;0;2;0;0;2;1;1;B02
200900024775;0;7;0;0;0;5;1;B02
200900024775;0;7;0;0;0;4;1;C03
200900024775;0;33;0;0;2;1;1;A01
200900024776;0;7;0;0;0;2;0;A01
200900024776;0;33;0;0;2;1;1;B02
200900024777;0;7;0;4;0;1;1;A01
200900024778;0;7;0;13;0;2;1;A01
200900024779;0;7;0;0;2;3;15;A01
200900024779;0;7;0;0;2;3;1;B02
200900024780;0;7;0;13;0;1;1;A01
200900024781;0;33;0;0;2;1;1;B01
200900024781;0;7;0;0;2;6;19;A01
200900024782;0;7;0;4;2;2;2;B02
200900024782;0;17;0;0;2;6;2;A01
200900024783;0;7;0;0;2;1;1;B02
200900024783;0;7;0;0;2;1;15;A01
200900024784;0;7;0;0;2;2;1;A01
200900024785;0;7;0;2;0;1;2;A01
200900024786;0;30;0;0;2;1;1;A01
200900024786;0;7;0;0;0;7;1;B01
200900024787;0;7;0;0;2;4;1;B01
200900024787;0;7;0;0;2;5;15;D01
200900024787;0;10;0;0;2;1;1;C01
200900024787;0;10;0;0;2;1;1;A01
200900024788;0;32;0;0;2;1;2;A01
200900024788;0;7;0;14;0;6;23;B02
200900024788;0;7;0;0;1;1;1;C03
200900024789;0;30;0;0;2;1;1;B01
200900024789;0;7;0;0;0;7;15;A01
200900024790;0;7;0;0;2;7;17;B02
200900024790;0;1;0;0;2;8;15;A01
200900024791;0;31;0;0;9;3;1;B02
200900024791;0;14;0;0;9;2;19;A01
200900024792;0;7;0;0;2;1;1;B02
200900024792;0;7;0;0;2;1;2;C03
200900024792;0;7;0;0;2;1;13;A01
200900024793;0;7;0;0;1;1;1;A01
200900024794;0;7;0;0;2;2;1;B02
200900024794;0;38;10;0;0;6;1;A01
200900024795;0;2;0;0;2;8;1;B01
200900024795;1;7;0;0;2;7;17;A01
200900024796;0;33;0;8;0;3;1;A01
200900024797;0;21;0;0;2;7;17;A01
200900024797;0;1;0;0;2;8;1;B01
200900024798;0;7;0;0;2;3;13;A01
200900024798;0;14;0;0;2;3;1;B01
200900024799;0;7;0;0;2;8;1;B01
200900024799;0;30;0;0;2;1;15;A01
200900024800;0;33;0;0;2;1;1;A01
200900024800;0;10;0;0;0;7;15;B01
200900024801;0;36;0;13;0;5;15;A01
200900024802;0;33;0;0;2;1;13;A01
200900024802;0;7;0;0;2;3;1;B02
200900024803;0;7;0;0;0;9;1;A01
200900024804;0;7;0;0;2;3;0;A01
200900024804;0;7;0;0;2;3;1;B02
200900024805;0;7;0;0;0;7;23;C03
200900024805;0;7;0;0;2;3;1;B02
200900024805;0;30;0;1;2;3;13;A01
200900024806;0;7;0;0;2;6;16;A01
200900024806;0;33;0;0;2;1;16;B01
200900024807;0;7;0;0;2;3;1;B01
200900024807;0;33;0;0;2;5;5;A01
200900024808;0;7;0;1;0;1;0;A01
200900024809;0;7;0;1;0;3;13;A01
200900024810;0;7;0;0;2;1;1;B01
200900024810;0;7;0;0;2;1;15;A01
200900024811;0;7;0;4;0;2;5;A01
200900024812;0;7;0;0;2;2;15;A01
200900024812;0;7;0;0;2;1;1;B01
200900024813;0;7;0;13;0;3;1;A01
200900024814;0;1;0;14;0;2;21;C01
200900024814;0;1;0;0;2;1;1;B02
200900024814;0;7;0;13;2;1;13;A01
200900024815;0;7;0;13;0;2;1;A01
200900024816;0;7;0;3;2;3;13;A01
200900024816;0;17;0;13;2;8;1;B02
200900024817;0;7;0;16;0;9;1;A01
200900024818;0;7;0;8;0;1;14;A01
200900024819;0;7;0;0;1;2;1;A01
200900024820;0;15;0;0;2;2;15;A01
200900024820;0;33;0;0;2;9;1;B02
200900024821;0;30;0;2;0;1;1;A01
200900024822;0;30;0;0;2;7;15;B02
200900024822;0;10;0;0;2;1;1;A01
200900024823;0;7;0;0;2;1;17;A01
200900024823;0;7;0;0;2;1;1;B02
200900024824;0;7;0;0;1;1;15;A01
200900024825;0;7;0;3;0;9;1;A01
200900024826;0;30;0;0;0;8;1;B02
200900024826;0;7;0;0;2;2;9;A01
200900024827;0;7;0;0;2;3;1;B02
200900024827;0;30;0;0;2;1;5;A01
200900024828;0;33;0;0;2;8;1;B02
200900024828;0;7;0;0;2;3;16;A01
200900024829;0;7;0;0;2;2;1;B02
200900024829;0;7;0;0;2;8;13;A01
200900024830;0;10;0;9;0;1;1;A01
200900024831;0;33;0;13;0;1;1;A01
200900024832;0;2;0;0;2;1;1;B02
200900024832;0;7;0;0;2;2;1;A01
200900024833;0;7;0;13;0;9;1;A01
200900024834;0;7;0;0;2;1;1;A01
200900024834;0;14;0;0;2;2;15;B02
200900024835;0;7;0;13;2;3;11;A01
200900024835;0;7;0;0;0;5;17;B02
200900024836;0;7;0;13;0;1;1;A01
200900024837;0;7;0;13;0;2;1;A01
200900024838;0;7;0;0;2;7;14;A01
200900024838;0;10;0;13;2;8;1;B02
200900024839;0;7;0;0;0;8;1;A01
200900024839;0;7;0;0;2;2;1;B02
200900024840;0;37;10;0;2;3;9;A01
200900024840;0;33;0;0;2;2;1;B01
200900024841;0;7;0;0;2;8;15;A01
200900024841;0;7;0;0;2;3;1;B02
200900024842;0;33;0;0;2;1;1;B01
200900024842;0;7;0;0;2;1;5;A01
200900024843;0;7;0;0;2;9;15;B01
200900024843;0;7;0;0;2;1;2;A01
200900024843;0;7;0;0;2;4;15;C01
200900024844;0;7;0;0;2;8;10;A01
200900024844;0;7;0;0;2;1;1;B01
200900024845;0;7;0;0;2;3;0;A01
200900024845;0;7;0;0;2;3;0;B01
200900024846;2;31;0;0;1;1;1;A01
200900024847;0;7;0;15;0;4;1;B01
200900024847;0;7;0;4;2;1;12;A01
200900024848;0;7;0;0;2;3;1;B01
200900024848;0;7;0;0;2;3;13;A01
200900024849;0;10;0;0;2;1;13;A01
200900024849;0;7;0;0;2;1;1;B01
200900024850;0;33;0;0;2;1;2;A01
200900024850;0;10;0;0;2;1;1;B01
200900024851;0;10;0;0;2;6;15;B01
200900024851;0;7;0;0;2;1;1;A01
200900024852;0;7;0;4;2;3;18;A01
200900024852;1;7;0;0;2;2;1;B01
200900024853;0;7;0;0;2;2;16;A01
200900024853;0;30;0;0;2;1;1;B01
200900024854;0;32;0;0;2;1;1;A01
200900024854;0;33;0;0;2;8;1;B01
200900024855;2;7;0;14;2;1;1;A01
200900024855;0;7;0;0;2;3;9;B01
200900024856;0;7;0;0;1;1;1;A01
200900024857;0;7;0;0;1;1;1;A01
200900024858;0;2;0;0;2;1;1;B01
200900024858;0;7;0;0;2;1;15;A01
200900024859;0;33;0;4;2;3;1;A01
200900024859;0;7;0;0;9;6;2;B01
200900024860;0;10;0;0;1;2;0;A01
200900024861;0;1;0;0;2;2;19;B01
200900024861;0;7;0;0;0;0;2;A01
200900024862;0;17;0;3;0;5;1;A01
200900024863;0;37;0;0;0;0;1;B01
200900024863;0;7;0;0;0;0;1;A01
200900024864;0;1;0;0;0;0;1;A01
200900024865;0;33;0;0;0;7;16;A01
200900024866;0;37;0;0;1;2;1;A01
200900024867;0;1;0;0;0;0;2;A01
200900024868;0;7;0;0;2;4;2;B01
200900024868;0;7;0;0;2;1;1;A01
200900024869;0;7;0;1;0;1;14;A01
200900024870;0;2;0;0;2;8;10;A01
200900024870;0;7;0;0;2;2;1;B01
200900024871;0;7;0;0;2;1;21;C01
200900024871;0;7;0;0;2;1;5;A01
200900024871;0;7;0;0;2;1;1;B01
200900024872;0;1;0;0;2;0;0;B01
200900024872;0;7;0;0;2;0;9;A01
200900024873;0;7;0;0;0;0;0;A01
200900024873;0;34;0;0;0;0;0;B01
200900024874;0;13;0;0;2;1;1;B01
200900024874;0;7;0;0;2;3;16;A01
200900024875;0;7;0;0;1;4;2;C01
200900024875;0;7;0;0;2;1;1;A01
200900024875;0;7;0;0;2;4;2;B01
200900024876;0;7;0;0;2;3;1;B01
200900024876;0;2;0;0;2;1;1;A01
200900024877;0;30;0;0;2;1;1;B01
200900024877;0;7;0;0;2;3;15;A01
200900024878;0;7;0;0;2;1;2;C01
200900024878;0;7;0;0;2;4;2;D01
200900024878;0;7;0;0;2;1;1;A01
200900024878;0;7;0;0;2;4;2;B01
200900024879;0;1;0;0;2;1;1;A01
200900024879;0;7;0;0;2;4;2;B01
200900024880;0;7;0;0;1;6;4;A01
200900024881;0;33;0;0;2;1;1;B01
200900024881;0;7;0;0;2;3;10;A01
200900024882;0;7;0;0;2;1;15;A01
200900024882;0;33;0;0;2;1;5;B01
200900024883;0;3;0;0;1;4;20;A01
200900024884;0;1;0;0;2;1;17;A01
200900024884;0;10;0;0;2;3;1;B01
200900024885;0;33;0;0;0;9;16;A01
200900024886;0;7;0;0;2;1;2;A01
200900024886;0;7;0;0;2;4;2;B01
200900024886;0;7;0;0;2;4;2;C01
200900024887;0;31;0;0;2;1;1;A01
200900024887;0;7;0;0;0;4;23;B01
200900024888;0;7;0;0;2;3;0;B01
200900024888;0;7;0;0;2;1;0;A01
200900024889;0;30;0;0;2;1;1;A01
200900024889;0;1;0;0;2;4;0;B01
200900024890;0;7;0;0;1;2;1;A01
200900024891;0;7;0;0;2;4;2;B01
200900024891;0;7;0;0;2;1;2;A01
200900024892;0;7;0;0;2;4;2;C01
200900024892;0;7;0;0;2;4;2;B01
200900024892;0;7;0;0;2;1;2;A01
200900024893;0;33;0;0;2;8;1;A01
200900024893;0;34;0;0;2;7;1;B01
200900024894;0;32;0;0;2;1;1;B01
200900024894;0;7;0;0;2;2;16;A01
200900024895;0;7;0;0;2;3;23;B01
200900024895;0;32;0;14;0;3;13;A01
200900024896;0;7;0;0;2;1;1;A01
200900024896;0;7;0;0;2;4;2;B01
200900024897;0;7;0;1;0;2;0;A01
200900024898;0;7;0;0;2;1;15;A01
200900024898;0;2;0;0;2;1;1;B01
200900024899;0;7;0;0;2;1;15;B01
200900024899;0;7;0;0;2;3;1;A01
200900024900;0;7;0;0;2;4;13;B01
200900024900;0;33;0;0;2;1;1;A01
200900024901;0;2;0;0;0;2;1;A01
200900024902;0;33;0;0;2;2;17;A01
200900024902;0;7;0;0;2;3;15;B01
200900024903;0;7;0;9;0;1;1;A01
200900024904;0;7;0;0;2;8;15;A01
200900024904;0;33;0;0;2;1;17;B01
200900024905;0;7;0;0;2;4;11;B01
200900024905;0;7;0;0;2;1;1;A01
200900024906;0;7;0;0;0;0;0;A01
200900024907;0;36;0;8;0;2;14;A01
200900024908;0;33;0;6;0;1;15;A01
200900024909;0;7;0;13;0;1;13;A01
200900024910;0;7;0;13;0;2;14;A01
200900024911;0;17;0;0;2;3;2;A01
200900024911;0;20;0;0;2;3;1;C01
200900024911;0;7;0;0;2;6;1;B01
200900024912;0;7;0;4;0;1;13;A01
200900024913;0;33;0;0;2;2;17;A01
200900024913;0;7;0;0;2;6;15;B01
200900024914;0;7;0;13;0;1;0;A01
200900024915;0;33;0;0;0;0;1;A01
200900024916;0;7;0;16;0;9;1;A01
200900024917;0;30;0;0;0;7;9;A01
200900024918;0;7;0;2;0;3;1;A01
200900024919;0;2;0;12;0;1;17;A01
200900024920;0;7;0;0;2;3;15;A01
200900024920;0;17;0;0;2;2;1;B01
200900024921;0;30;0;6;0;1;1;A01
200900024922;0;7;0;16;0;1;13;A01
200900024923;0;7;0;4;0;1;1;A01
200900024924;0;7;0;2;0;1;1;A01
200900024925;0;33;0;0;2;1;5;C01
200900024925;0;7;0;0;2;3;19;A01
200900024925;0;7;0;0;2;8;19;B01
200900024926;0;17;0;0;2;2;1;A01
200900024926;0;7;0;0;0;4;15;B01
200900024927;0;7;0;13;0;2;21;B01
200900024927;0;7;0;13;0;9;12;A01
200900024928;0;7;0;16;0;7;1;A01
200900024929;0;7;0;4;0;3;0;A01
200900024930;0;7;0;13;2;1;21;A01
200900024931;0;7;0;1;0;8;0;A01
200900024932;0;7;0;0;0;0;17;A01
200900024932;0;33;0;0;0;0;7;B01
200900024933;0;7;0;0;2;4;1;B01
200900024933;0;31;0;0;2;1;2;A01
200900024934;0;7;0;0;9;1;1;A01
200900024934;0;1;0;0;2;1;1;B01
200900024935;0;7;0;0;1;1;2;A01
200900024936;0;7;0;0;2;1;2;C01
200900024936;0;7;0;0;2;1;1;B01
200900024936;0;2;0;0;2;1;5;A01
200900024937;0;33;0;0;0;1;1;A01
200900024938;0;2;0;0;2;1;5;A01
200900024938;0;7;0;0;2;8;1;B01
200900024939;0;7;0;0;2;2;15;A01
200900024939;0;7;0;0;2;1;1;B01
200900024940;0;1;0;0;2;3;15;B01
200900024940;0;7;0;0;2;2;17;A01
200900024941;0;7;0;0;2;2;15;A01
200900024941;0;7;0;0;2;3;0;B01
200900024942;0;7;0;0;1;1;1;A01
200900024943;0;7;0;0;2;1;6;B01
200900024943;1;7;0;0;2;1;5;A01
200900024944;0;7;0;0;2;1;2;A01
200900024944;0;7;0;0;2;4;2;B01
200900024945;0;7;0;0;2;1;5;A01
200900024945;0;14;0;0;2;1;1;B01
200900024946;0;7;0;0;2;1;2;A01
200900024946;0;7;0;0;0;4;23;C01
200900024946;0;7;0;0;2;4;2;B01
200900024947;0;10;0;0;2;8;1;B02
200900024947;0;31;0;0;2;1;19;A01
200900024948;0;2;0;0;2;4;23;B01
200900024948;0;2;0;14;0;1;17;A01
200900024949;0;7;0;0;1;4;4;A01
200900024950;0;33;0;0;2;8;15;B01
200900024950;0;7;0;0;2;1;1;A01
200900024951;0;7;0;0;2;1;1;B01
200900024951;0;7;0;0;2;4;23;A01
200900024952;0;7;0;16;0;0;14;A01
200900024953;0;7;0;0;0;0;0;B01
200900024953;0;7;0;0;2;1;1;A01
200900024953;0;7;0;0;0;0;0;C01
200900024954;0;30;0;0;2;1;18;A01
200900024954;0;7;0;0;2;3;1;C01
200900024954;0;7;0;0;2;7;14;B01
200900024955;0;7;0;0;2;2;15;B01
200900024955;0;30;0;0;2;1;1;A01
200900024956;0;1;0;0;0;0;1;A01
200900024957;1;7;0;0;2;0;5;A01
200900024957;0;33;0;0;2;1;1;B01
200900024958;0;7;0;0;2;1;15;A01
200900024958;0;7;0;0;2;3;1;B01
200900024959;0;34;0;0;2;1;1;B01
200900024959;0;7;0;0;2;7;19;A01
200900024960;0;37;1;0;0;0;0;A01
200900024961;0;7;0;0;2;5;10;A01
200900024961;0;33;0;0;2;1;1;B01
200900024962;0;7;0;0;1;3;1;A01
200900024963;0;7;0;0;2;1;1;A01
200900024963;0;7;0;0;2;4;1;B01
200900024964;0;7;0;0;2;8;1;B01
200900024964;0;2;0;0;2;1;12;A01
200900024964;0;7;0;0;9;6;23;D01
200900024964;0;7;0;0;9;3;23;C01
200900024965;0;2;0;12;0;0;1;A01
200900024966;0;7;0;0;2;1;2;A01
200900024966;0;7;0;0;2;4;2;B01
200900024967;0;7;0;0;2;7;22;A01
200900024967;0;1;0;0;2;1;18;B01
200900024968;0;7;0;0;2;2;1;B01
200900024968;1;7;0;0;2;3;15;A01
200900024969;0;7;0;0;2;7;15;A01
200900024969;0;33;0;0;2;1;1;B01
200900024970;0;30;0;0;2;1;17;A01
200900024970;0;10;0;0;2;3;15;B01
200900024971;0;10;0;0;2;1;1;A01
200900024971;0;7;0;0;2;4;1;B01
200900024972;0;7;0;0;2;3;19;B01
200900024972;0;2;0;0;2;1;15;A01
200900024973;0;7;0;6;0;0;0;A01
200900024974;0;30;0;0;2;8;9;A01
200900024974;0;2;0;0;0;0;0;B01
200900024975;0;7;0;0;0;0;0;A01
200900024975;0;1;0;0;0;0;0;B01
200900024976;0;10;0;3;0;1;14;A01
200900024977;0;1;0;0;0;1;1;A01
200900024978;0;7;0;0;2;3;1;A01
200900024978;0;1;0;0;2;1;1;B01
200900024979;0;2;0;0;0;0;1;A01
200900024980;0;7;0;0;1;1;1;A01
200900024981;0;7;0;0;1;1;1;A01
200900024982;0;7;0;0;1;1;1;A01
200900024983;0;30;0;11;0;1;1;A01
200900024984;0;33;0;11;0;1;17;A01
200900024985;0;7;0;0;1;3;1;A01
200900024986;0;33;0;0;2;1;1;B01
200900024986;0;7;0;0;2;8;9;A01
200900024987;0;7;0;0;1;2;1;A01
200900024988;0;7;0;1;0;1;1;A01
200900024989;0;7;0;0;9;1;1;C01
200900024989;0;7;0;0;9;1;15;A01
200900024989;0;33;0;0;2;1;17;B01
200900024990;0;33;0;0;2;5;1;B01
200900024990;0;14;0;0;2;5;15;A01
200900024991;0;32;0;0;0;3;15;A01
200900024992;0;17;0;0;2;1;1;A01
200900024992;0;14;0;0;2;4;23;B01
200900024993;0;7;0;0;0;8;1;B01
200900024993;0;7;0;0;2;1;1;A01
200900024994;0;3;0;0;2;1;14;A01
200900024994;0;10;0;0;2;8;23;B01
200900024995;0;2;0;0;0;0;0;A01
200900024996;0;33;0;11;0;1;13;A01
200900024997;0;30;0;0;2;1;9;B01
200900024997;0;7;0;0;2;2;15;A01
200900024998;0;7;0;0;2;1;2;A01
200900024998;0;7;0;0;2;4;1;B01
200900024999;0;7;0;0;2;0;24;A01
200900024999;0;1;0;1;0;0;1;B01
200900025000;0;2;0;0;2;1;1;B01
200900025000;0;7;0;0;2;6;9;A01
200900025001;0;7;0;0;1;4;4;A01
200900025002;0;2;0;0;0;7;14;A01
200900025003;0;7;0;0;9;2;10;A01
200900025003;0;34;0;0;2;1;1;B01
200900025004;0;33;0;0;2;0;2;A01
200900025004;0;7;0;0;1;5;15;B02
200900025005;0;7;0;0;2;2;9;B01
200900025005;0;34;0;0;2;1;1;A01
200900025006;0;7;0;0;2;4;23;B01
200900025006;0;7;0;0;2;1;1;A01
200900025006;0;7;0;0;2;4;23;C01
200900025007;0;17;0;0;0;0;24;B02
200900025007;0;7;0;1;0;1;1;A01
200900025008;0;7;0;0;0;3;16;A01
200900025008;0;1;0;0;0;1;15;B02
200900025009;0;7;0;0;2;2;1;A01
200900025009;0;7;0;0;2;2;19;B02
200900025010;0;7;0;0;2;3;1;A01
200900025010;0;7;0;0;2;2;1;B01
200900025011;0;7;0;2;0;1;1;A01
200900025012;0;7;0;2;0;3;1;A01
200900025013;0;7;0;2;0;1;1;A01
200900025014;0;17;0;13;0;2;14;A01
200900025015;0;33;0;0;0;4;23;B01
200900025015;0;7;0;0;2;1;1;A01
200900025016;0;7;0;0;0;9;14;A01
200900025017;0;10;0;2;0;7;1;A01
200900025018;0;15;0;0;2;1;13;B02
200900025018;0;14;0;0;2;1;1;A01
200900025019;0;7;0;0;1;6;20;A01
200900025020;0;7;0;0;2;3;15;A01
200900025020;0;33;0;0;2;1;1;B02
200900025021;0;7;0;0;2;3;1;A01
200900025021;0;30;0;0;2;1;19;B02
200900025022;0;7;0;0;2;8;10;A01
200900025022;0;2;0;0;2;1;17;B01
200900025023;0;31;0;0;1;3;1;A01
200900025024;0;7;0;0;2;3;17;B02
200900025024;0;31;0;0;2;1;1;A01
200900025025;0;10;0;0;2;7;14;B01
200900025025;0;30;0;0;2;8;18;A01
200900025026;0;7;0;0;2;2;16;A01
200900025026;0;2;0;0;2;1;1;B01
200900025027;0;2;0;6;2;2;17;A01
200900025027;0;7;0;0;2;8;15;B01
200900025028;0;10;0;0;0;0;15;B01
200900025028;0;33;0;16;0;7;21;A01
200900025029;0;33;0;12;0;1;21;A01
200900025030;0;33;0;0;0;8;1;A01
200900025030;1;7;0;0;0;0;1;B01
200900025031;0;33;0;0;2;3;1;C03
200900025031;0;7;0;0;2;3;1;B02
200900025031;0;7;0;0;2;8;13;A01
200900025032;0;7;0;0;2;1;1;A01
200900025032;0;2;0;0;2;1;1;B01
200900025033;0;7;0;0;2;4;11;A01
200900025033;0;33;0;0;2;1;1;B01
200900025034;0;7;0;0;2;6;2;A01
200900025034;0;33;0;0;2;1;2;B01
200900025034;0;7;0;0;0;0;0;C01
200900025035;0;30;0;0;2;7;1;B02
200900025035;0;7;0;0;2;1;1;A01
200900025036;0;33;0;0;2;1;17;A01
200900025036;0;7;0;0;2;3;15;B01
200900025037;0;7;0;7;2;4;5;A01
200900025037;0;7;0;0;2;1;1;B01
200900025038;0;10;0;0;2;8;1;B02
200900025038;0;10;0;0;2;6;13;A01
200900025039;0;7;0;13;0;2;1;A01
200900025040;0;33;0;0;2;1;1;A01
200900025040;0;7;0;0;2;3;1;B02
200900025041;0;1;0;14;0;1;1;A01
200900025042;0;7;0;0;2;2;1;B02
200900025042;0;7;0;0;2;3;1;A01
200900025043;0;10;0;3;0;1;17;A01
200900025044;0;10;0;0;1;2;3;A01
200900025045;0;7;0;0;1;2;1;A01
200900025046;0;7;0;0;2;7;17;B02
200900025046;0;7;0;0;2;8;1;D04
200900025046;0;10;0;0;2;1;2;A01
200900025046;0;10;0;2;2;6;1;C03
200900025047;0;32;0;0;1;1;1;A01
200900025048;1;7;0;0;1;0;0;A01
200900025049;0;37;1;0;1;2;9;A01
200900025050;0;7;0;0;2;2;9;A01
200900025050;0;1;0;0;0;4;1;B01
200900025051;0;7;0;8;0;5;1;A01
200900025052;0;7;0;2;0;2;14;A01
200900025053;0;7;0;0;2;2;1;A01
200900025053;0;2;0;0;2;3;19;B02
200900025054;0;7;0;0;2;1;1;B02
200900025054;0;7;0;0;2;1;21;A01
200900025055;0;7;0;0;0;2;0;A01
200900025056;0;7;0;0;2;2;1;A01
200900025056;0;1;0;0;2;4;11;B01
200900025057;0;7;0;0;2;1;2;A01
200900025057;0;7;0;0;2;4;23;C01
200900025057;0;7;0;0;2;4;23;B01
200900025058;0;7;0;0;2;3;13;A01
200900025058;0;7;0;0;2;3;16;B01
200900025059;0;7;0;14;0;1;2;D04
200900025059;0;7;0;0;2;2;2;A01
200900025059;0;7;0;4;0;4;2;B02
200900025059;0;7;0;14;0;1;1;C03
200900025060;0;7;0;0;1;1;16;A01
200900025061;0;7;0;0;1;7;1;A01
200900025062;0;7;0;0;9;4;23;B01
200900025062;0;1;0;0;2;1;1;A01
200900025063;0;33;0;4;0;3;1;A01
200900025064;0;7;0;0;2;4;23;A01
200900025064;0;7;0;0;2;1;1;B02
200900025065;0;7;0;0;4;3;15;A01
200900025065;0;40;0;0;2;1;16;B01
200900025066;0;7;0;0;1;1;1;A01
200900025067;0;1;0;14;0;1;11;A01
200900025068;0;7;0;13;0;1;14;A01
200900025069;0;7;0;0;2;2;1;A01
200900025069;0;7;0;0;2;8;1;B01
200900025070;0;7;0;0;2;1;15;A01
200900025070;0;30;0;0;2;7;1;B01
200900025071;0;7;0;0;1;1;1;A01