num_acc;senc;catv;occutc;obs;obsm;choc;manv;num_veh
200900025072;1;7;0;0;1;0;1;A01
200900025073;0;7;0;0;2;3;15;B01
200900025073;0;33;0;0;2;1;17;A01
200900025074;0;7;0;0;0;4;1;C01
200900025074;0;7;0;0;2;4;1;B01
200900025074;0;7;0;0;2;1;2;A01
200900025075;0;7;0;0;0;3;17;B02
200900025075;0;7;0;0;0;3;1;A01
200900025076;0;7;0;0;0;1;1;A01
200900025076;0;7;0;0;0;7;1;B02
200900025077;0;7;0;0;2;3;9;A01
200900025077;0;1;0;0;2;1;1;B01
200900025078;0;7;0;0;2;4;1;B01
200900025078;0;7;0;0;2;4;1;C01
200900025078;0;7;0;0;2;1;1;A01
200900025079;0;2;0;0;0;0;2;B02
200900025079;0;7;0;0;9;3;9;A01
200900025080;0;7;0;15;0;1;1;A01
200900025081;0;10;0;0;2;1;1;A01
200900025081;0;7;0;0;2;8;9;B01
200900025082;0;30;0;0;4;2;15;A01
200900025082;0;7;0;0;2;1;1;B01
200900025083;0;30;0;0;1;1;1;A01
200900025084;0;7;0;0;2;3;1;A01
200900025084;0;2;0;0;2;1;1;B01
200900025085;0;7;0;0;2;1;1;B01
200900025085;0;7;0;0;2;7;19;A01
200900025086;0;15;0;0;2;8;1;A01
200900025086;0;7;0;0;2;3;1;B02
200900025087;0;7;0;0;2;1;1;C01
200900025087;0;7;0;0;2;1;15;A01
200900025087;0;7;0;0;2;1;1;B01
200900025088;0;31;0;0;2;1;1;B01
200900025088;0;7;0;0;2;7;1;A01
200900025089;0;32;0;0;2;1;1;B01
200900025089;0;7;0;1;2;7;15;A01
200900025090;0;7;0;15;0;1;1;A01
200900025091;0;7;0;0;2;7;10;A01
200900025091;0;7;0;0;2;1;1;B01
200900025092;0;7;0;0;1;3;1;A01
200900025093;0;7;0;0;2;7;15;A01
200900025093;0;7;0;0;2;1;1;B01
200900025094;0;7;0;0;2;1;1;A01
200900025094;0;1;0;0;2;4;15;B01
200900025095;0;7;0;0;2;3;15;A01
200900025095;0;33;0;0;2;1;1;B02
200900025096;0;40;1;0;2;5;1;B01
200900025096;0;7;0;0;9;3;5;A01
200900025097;0;7;0;0;1;2;1;A01
200900025098;0;7;0;0;2;1;15;A01
200900025098;0;7;0;0;2;1;1;B01
200900025099;0;10;0;0;2;7;9;A01
200900025099;0;7;0;0;2;1;1;B01
200900025100;0;2;0;0;2;1;1;B01
200900025100;0;7;0;0;2;2;15;A01
200900025101;0;7;0;8;0;1;6;A01
200900025102;0;7;0;13;0;1;14;A01
200900025103;0;32;0;0;2;3;16;B02
200900025103;0;7;0;0;2;1;16;A01
200900025104;0;30;0;0;2;1;17;B01
200900025104;0;7;0;0;2;3;15;A01
200900025105;0;7;0;0;0;2;15;A01
200900025106;0;7;0;0;2;4;2;B01
200900025106;0;33;0;0;2;1;2;A01
200900025107;0;7;0;0;2;1;1;A01
200900025107;0;7;0;0;0;4;1;B01
200900025108;0;7;0;0;0;1;1;A01
200900025109;0;7;0;0;2;8;0;B01
200900025109;0;30;0;0;2;7;1;A01
200900025110;0;7;0;0;0;8;15;A01
200900025110;0;33;0;0;2;1;1;B02
200900025111;0;7;0;0;2;6;14;B01
200900025111;0;33;0;0;2;7;17;A01
200900025112;0;2;0;12;0;7;14;A01
200900025113;0;34;0;11;0;1;1;A01
200900025114;0;33;0;0;2;1;1;A01
200900025114;0;7;0;0;2;4;1;B01
200900025115;0;31;0;0;2;8;15;B01
200900025115;0;7;0;0;2;3;15;A01
200900025116;0;7;0;0;2;1;0;B01
200900025116;0;7;0;2;2;1;13;A01
200900025117;0;2;0;0;2;1;1;A01
200900025117;0;7;0;0;2;2;15;B02
200900025118;0;7;0;0;6;2;2;A01
200900025119;0;7;0;0;2;2;15;B02
200900025119;0;33;0;0;2;1;1;A01
200900025120;0;2;0;0;2;7;13;B02
200900025120;0;7;0;0;2;1;1;A01
200900025121;0;31;0;0;2;1;1;A01
200900025122;0;3;0;5;0;2;2;A01
200900025123;0;7;0;0;2;4;23;A01
200900025123;0;7;0;0;2;4;1;B02
200900025123;0;10;0;0;2;1;0;D04
200900025123;0;7;0;0;2;4;23;C03
200900025124;0;7;0;0;2;3;1;A01
200900025124;0;7;0;0;2;3;13;B02
200900025125;0;7;0;13;0;9;1;A01
200900025126;0;33;0;0;2;1;1;B02
200900025126;0;7;0;0;2;7;19;A01
200900025127;0;7;0;0;0;0;19;A01
200900025128;0;17;0;3;0;7;1;A01
200900025129;0;7;0;0;2;3;19;B02
200900025129;0;7;0;0;2;1;1;A01
200900025130;0;7;0;2;0;9;1;A01
200900025131;0;33;0;0;2;6;2;A01
200900025131;0;30;0;0;2;6;13;B02
200900025132;0;7;0;0;2;6;23;C03
200900025132;0;14;0;0;2;1;2;A01
200900025132;0;7;0;0;2;4;2;B02
200900025133;0;7;0;13;0;2;14;A01
200900025134;0;7;0;0;2;1;17;B02
200900025134;0;7;0;0;2;8;15;A01
200900025135;0;30;0;0;0;8;1;A01
200900025136;0;7;0;3;0;3;13;A01
200900025137;0;2;0;0;6;1;1;A01
200900025138;0;7;0;16;0;9;13;A01
200900025139;0;7;0;0;9;0;1;C03
200900025139;0;7;0;0;2;1;13;A01
200900025139;0;7;0;0;2;4;1;B02
200900025140;0;7;0;0;2;3;2;A01
200900025140;0;7;0;0;2;5;2;B02
200900025140;0;7;0;0;2;6;2;C03
200900025141;0;31;0;2;0;8;1;A01
200900025142;0;33;0;0;2;8;15;B02
200900025142;0;33;0;0;2;1;17;A01
200900025143;0;30;0;6;0;1;13;A01
200900025144;0;30;0;0;0;0;1;A01
200900025145;0;30;0;0;2;3;1;A01
200900025145;0;21;0;0;2;0;21;B02
200900025146;0;31;0;0;0;0;1;A01
200900025147;0;7;0;0;0;9;1;A01
200900025148;0;7;0;0;2;2;17;A01
200900025148;0;7;0;0;2;8;15;B02
200900025149;0;7;0;4;0;1;17;A01
200900025150;0;7;0;0;9;1;1;C03
200900025150;0;2;0;0;2;1;5;A01
200900025150;0;7;0;0;2;3;1;B02
200900025151;0;7;0;0;2;1;1;A01
200900025151;0;10;0;0;0;1;0;B02
200900025152;0;7;0;0;2;8;1;A01
200900025152;0;7;0;0;2;8;13;B02
200900025153;0;31;0;0;2;1;1;B02
200900025153;0;7;0;0;2;5;15;A01
200900025154;0;7;0;2;2;5;1;A01
200900025154;0;2;0;0;0;7;1;C01
200900025154;0;7;0;0;2;1;1;B01
200900025155;0;30;0;0;2;3;17;B02
200900025155;0;31;0;0;2;4;1;C03
200900025155;0;7;0;0;2;4;1;A01
200900025156;0;21;0;0;2;1;1;A01
200900025156;0;30;0;0;2;1;1;B02
200900025157;0;7;0;0;1;2;1;B01
200900025157;0;1;0;0;2;1;19;A01
200900025158;0;7;0;0;2;1;1;B01
200900025158;0;7;0;0;2;2;15;A01
200900025159;0;1;0;0;0;1;2;A01
200900025160;0;7;0;0;2;1;1;B01
200900025160;0;7;0;0;2;1;13;A01
200900025161;0;2;0;0;2;1;2;A01
200900025161;0;7;0;0;2;7;2;B01
200900025162;0;7;0;1;1;1;20;A01
200900025162;0;7;0;0;2;5;23;B01
200900025163;0;1;0;0;2;1;2;A01
200900025163;0;10;0;0;2;8;2;B01
200900025164;0;7;0;0;2;2;9;A01
200900025164;0;1;0;0;2;3;1;B01
200900025165;0;7;0;15;0;1;1;A01
200900025166;1;10;0;0;2;7;14;A01
200900025166;0;1;0;0;2;7;1;B01
200900025167;0;7;0;6;0;0;1;A01
200900025168;0;10;0;0;2;2;2;B01
200900025168;0;7;0;0;2;3;2;A01
200900025169;0;10;0;0;2;1;1;B01
200900025169;0;7;0;0;2;6;9;A01
200900025170;0;33;0;3;0;1;1;A01
200900025171;0;1;0;0;0;0;1;D01
200900025171;0;1;0;0;0;0;1;A01
200900025171;0;1;0;0;2;1;1;B01
200900025171;0;1;0;0;2;0;1;C01
200900025172;0;7;0;0;2;3;1;C01
200900025172;0;34;0;0;2;1;17;B01
200900025172;0;7;0;0;2;3;9;A01
200900025173;0;14;0;0;2;8;1;A01
200900025173;0;7;0;0;2;1;1;B01
200900025174;0;7;0;0;2;7;1;B01
200900025174;0;7;0;0;2;1;19;A01
200900025175;0;10;0;0;2;1;2;A01
200900025175;0;7;0;0;2;4;1;B01
200900025176;0;2;0;0;2;1;2;A01
200900025176;0;7;0;0;2;6;1;B01
200900025177;0;7;0;6;0;1;21;A01
200900025178;0;7;0;4;2;1;21;B01
200900025178;0;7;0;0;2;1;1;A01
200900025179;0;38;1;0;2;1;2;B01
200900025179;0;7;0;0;2;4;2;A01
200900025180;0;10;0;0;2;7;12;B01
200900025180;0;7;0;0;2;5;1;C01
200900025180;0;33;0;0;2;3;21;A01
200900025181;0;7;0;0;2;1;1;A01
200900025181;0;7;0;0;0;7;1;B01
200900025182;0;33;0;0;0;8;2;A01
200900025183;0;7;0;0;2;1;17;A01
200900025183;0;7;0;0;6;2;17;B01
200900025184;0;15;0;0;2;1;2;B01
200900025184;0;7;0;0;2;4;1;A01
200900025185;0;7;0;0;2;4;2;B01
200900025185;0;7;0;0;2;1;2;A01
200900025186;0;7;0;3;0;3;1;A01
200900025187;0;17;0;0;2;2;12;A01
200900025187;0;7;0;0;2;5;2;B01
200900025188;0;7;0;3;2;6;0;A01
200900025188;0;17;0;0;2;2;12;B01
200900025189;1;7;0;0;2;0;1;A01
200900025189;0;7;0;0;2;6;1;B01
200900025190;0;7;0;0;1;6;1;A01
200900025191;0;7;0;0;0;2;11;A01
200900025192;0;7;0;0;2;5;12;B01
200900025192;0;33;0;0;2;3;3;A01
200900025193;0;7;0;4;0;0;21;A01
200900025194;0;15;0;0;2;2;1;B01
200900025194;0;7;0;0;2;8;9;A01
200900025195;0;7;0;4;0;1;2;A01
200900025196;1;15;0;0;2;1;14;B01
200900025196;0;7;0;0;2;4;1;A01
200900025197;0;7;0;4;0;1;1;A01
200900025198;0;7;0;4;2;4;2;B01
200900025198;0;7;0;0;2;1;2;A01
200900025199;0;7;0;0;2;5;1;B01
200900025199;0;33;0;0;2;1;1;A01
200900025200;0;10;0;0;2;1;2;A01
200900025200;0;7;0;0;2;3;23;C01
200900025200;0;7;0;0;2;4;23;B01
200900025201;0;31;0;0;2;1;21;B01
200900025202;0;7;0;0;2;1;1;B01
200900025202;0;7;0;0;2;1;13;A01
200900025203;0;7;0;0;1;3;1;A01
200900025204;0;7;0;0;1;2;17;A01
200900025205;0;7;0;1;0;1;21;A01
200900025206;0;7;0;0;1;2;1;A01
200900025207;1;2;0;0;1;1;1;A01
200900025208;0;1;0;0;2;2;19;B01
200900025208;1;7;0;0;2;1;1;A01
200900025209;1;7;0;0;1;0;0;A01
200900025210;0;2;0;0;2;1;17;A01
200900025210;0;7;0;0;2;1;15;B01
200900025211;0;7;0;0;1;1;15;A01
200900025212;0;2;0;0;2;1;1;A01
200900025212;0;7;0;0;2;4;15;B01
200900025213;0;37;1;0;1;2;1;A01
200900025214;0;7;0;8;0;1;16;A01
200900025215;0;7;0;0;2;1;15;A01
200900025215;0;1;0;0;2;1;2;B01
200900025216;0;7;0;0;1;4;4;A01
200900025217;0;2;0;0;1;1;1;A01
200900025218;0;32;0;12;0;0;17;B01
200900025219;0;7;0;0;2;4;23;B01
200900025219;0;7;0;0;2;1;2;A01
200900025220;0;7;0;0;2;5;9;A01
200900025220;0;33;0;0;2;3;1;B01
200900025221;0;7;0;0;1;7;1;A01
200900025222;0;34;0;0;2;8;1;B01
200900025222;0;7;0;0;2;3;15;A01
200900025223;0;7;0;0;2;1;5;A01
200900025223;0;7;0;0;2;2;1;B02
200900025224;0;33;0;0;0;9;14;A01
200900025225;0;7;0;0;2;1;2;A01
200900025225;0;7;0;0;2;4;2;B02
200900025226;0;7;0;0;2;3;15;A01
200900025226;0;7;0;0;2;2;1;B02
200900025227;0;7;0;8;0;1;1;A01
200900025228;0;14;0;0;2;2;9;B02
200900025228;0;7;0;0;2;1;1;A01
200900025229;0;7;0;0;2;4;2;A01
200900025229;0;14;0;3;2;1;2;B02
200900025230;0;10;0;0;2;2;13;A01
200900025230;0;14;0;0;2;2;1;B02
200900025231;0;7;0;4;0;3;1;A01
200900025232;0;7;0;4;0;3;1;A01
200900025233;0;33;0;0;2;1;6;B02
200900025233;0;7;0;0;2;1;1;A01
200900025234;0;10;0;0;2;6;13;A01
200900025234;0;33;0;0;2;1;17;B02
200900025235;0;7;0;0;2;1;0;B02
200900025235;0;7;0;0;0;1;13;A01
200900025236;0;7;0;0;2;8;17;A01
200900025236;0;7;0;0;2;2;1;B02
200900025237;0;7;0;4;0;2;1;A01
200900025238;0;30;0;0;2;1;1;A01
200900025239;0;7;0;0;1;1;1;A01
200900025240;0;7;0;0;1;2;15;A01
200900025241;0;7;0;0;1;1;1;A01
200900025242;0;37;1;0;2;7;1;B01
200900025242;0;7;0;0;2;3;11;A01
200900025243;0;7;0;0;1;4;4;A01
200900025244;0;2;0;0;1;1;1;A01
200900025245;0;1;0;6;0;0;0;A01
200900025246;0;32;0;0;2;8;1;B01
200900025246;0;7;0;0;2;8;15;A01
200900025247;0;7;0;0;2;6;17;A01
200900025247;0;7;0;0;2;6;1;B01
200900025248;0;7;0;0;2;2;9;A01
200900025248;0;30;0;0;2;1;1;B01
200900025249;0;2;0;0;2;1;1;A01
200900025249;0;7;0;0;2;2;15;B01
200900025250;0;7;0;0;1;3;1;A01
200900025251;0;7;0;0;2;3;1;A01
200900025251;0;7;0;0;2;1;15;B01
200900025252;0;7;0;0;2;1;1;A01
200900025252;0;7;0;0;2;4;1;B01
200900025253;0;30;0;0;2;1;1;B01
200900025253;0;7;0;0;2;8;10;A01
200900025254;0;7;0;3;0;2;14;A01
200900025255;0;7;0;0;2;4;2;B01
200900025255;0;7;0;0;2;1;2;A01
200900025256;0;7;0;0;1;1;23;C03
200900025256;0;7;0;0;2;3;15;B02
200900025256;0;7;0;0;2;1;1;A01
200900025257;0;7;0;0;2;6;20;A01
200900025257;0;2;0;0;2;1;2;B01
200900025258;0;7;0;0;2;7;6;A01
200900025258;0;33;0;0;2;1;1;B01
200900025259;0;30;0;0;2;8;17;A01
200900025259;0;7;0;0;2;8;13;B01
200900025260;0;7;0;0;2;3;15;A01
200900025260;0;38;1;0;2;1;23;C01
200900025260;0;7;0;0;2;1;1;B01
200900025261;0;31;0;0;2;6;9;A01
200900025261;0;10;0;0;2;2;9;B01
200900025262;0;7;0;0;1;1;1;A01
200900025263;0;7;0;0;2;2;12;A01
200900025263;0;33;0;1;2;8;18;B01
200900025264;0;7;0;0;1;2;1;A01
200900025265;0;7;0;0;2;3;3;A01
200900025265;0;7;0;0;2;4;23;B01
200900025266;0;7;0;0;1;1;16;A01
200900025267;0;7;0;0;2;7;12;A01
200900025267;0;33;0;0;2;0;9;B01
200900025268;0;7;0;0;2;7;1;B01
200900025268;0;7;0;0;2;9;9;A01
200900025268;0;7;0;0;2;3;1;C01
200900025269;0;33;0;0;2;1;1;B01
200900025269;0;7;0;0;2;7;15;A01
200900025270;0;7;0;0;2;6;15;A01
200900025270;0;1;0;0;2;1;2;B01
200900025271;0;7;0;0;2;1;23;A01
200900025271;0;33;0;0;2;1;1;B01
200900025272;0;7;0;0;0;9;1;A01
200900025273;0;7;0;0;2;3;15;A01
200900025273;0;32;0;0;2;1;17;B01
200900025274;0;10;0;0;1;2;1;A01
200900025275;0;7;0;9;0;1;18;A01
200900025276;0;7;0;16;0;1;1;A01
200900025276;0;7;0;16;0;1;1;B01
200900025277;0;7;0;0;2;1;15;A01
200900025277;0;2;0;0;2;8;1;B01
200900025278;0;37;12;0;2;4;2;B01
200900025278;0;7;0;0;2;1;2;A01
200900025279;0;33;0;0;1;7;1;A01
200900025280;0;7;0;0;2;4;0;B01
200900025280;0;7;0;0;2;4;0;D01
200900025280;0;7;0;0;2;4;0;C01
200900025280;0;7;0;0;2;7;0;E01
200900025280;0;7;0;0;2;8;0;A01
200900025281;0;37;0;0;2;3;1;B01
200900025281;0;10;0;0;2;3;1;A01
200900025282;0;10;0;0;2;2;2;B01
200900025282;0;7;0;0;2;6;2;A01
200900025283;0;31;0;0;0;0;0;A01
200900025284;0;7;0;0;2;3;2;B01
200900025284;0;2;0;0;2;1;9;A01
200900025285;1;36;0;0;1;1;1;A01
200900025286;0;37;12;0;0;3;9;A01
200900025287;0;7;0;0;1;1;15;A01
200900025288;0;33;0;0;2;8;1;A01
200900025288;0;7;0;0;2;8;1;B02
200900025289;0;7;0;0;2;1;1;B02
200900025289;0;33;0;2;2;7;13;A01
200900025290;0;17;0;0;2;3;1;C03
200900025290;0;7;0;0;0;1;1;D03
200900025290;0;7;0;0;2;3;17;A01
200900025290;0;7;0;7;2;8;1;B02
200900025291;0;2;0;2;0;1;1;A01
200900025292;0;15;0;0;2;1;1;B02
200900025292;0;7;0;0;2;1;5;A01
200900025293;0;7;0;0;0;9;1;A01
200900025294;0;7;0;0;2;3;19;A01
200900025294;0;33;0;0;2;2;21;B02
200900025295;0;36;0;2;0;1;1;A01
200900025296;0;7;0;0;0;4;1;A01
200900025297;0;7;0;13;0;9;1;A01
200900025298;0;7;0;0;0;3;1;A01
200900025298;0;2;0;0;2;1;5;B02
200900025299;0;7;0;0;2;1;15;B02
200900025299;0;33;0;0;2;1;1;A01
200900025300;0;17;0;0;2;8;1;B02
200900025300;0;33;0;0;2;8;13;A01
200900025301;0;7;0;13;0;1;17;A01
200900025302;0;7;0;2;0;8;13;A01
200900025303;0;7;0;0;2;4;1;B01
200900025303;0;33;0;0;2;1;1;A02
200900025304;0;7;0;0;2;1;1;B02
200900025304;0;7;0;0;2;1;13;A01
200900025305;0;7;0;0;2;2;1;A01
200900025305;0;7;0;0;2;1;1;B02
200900025306;0;2;0;13;0;7;1;A01
200900025307;0;33;0;0;2;1;17;A01
200900025307;0;7;0;0;2;3;15;B01
200900025308;0;7;0;0;2;4;1;A01
200900025308;0;1;0;0;2;4;1;B02
200900025309;0;33;0;0;2;1;1;B01
200900025309;0;7;0;0;2;2;19;A01
200900025310;0;7;0;0;0;9;1;A01
200900025311;0;7;0;0;1;2;1;A01
200900025312;0;1;0;0;2;3;1;A01
200900025312;0;7;0;0;2;2;1;B01
200900025313;0;1;0;0;0;1;9;A01
200900025313;0;7;0;0;0;2;1;B02
200900025314;0;7;0;0;0;3;13;A01
200900025314;0;7;0;0;0;3;1;B02
200900025315;0;2;0;0;2;1;1;A01
200900025315;0;20;0;0;2;2;11;B02
200900025316;0;38;0;0;2;3;1;B02
200900025316;0;30;0;0;2;1;16;A01
200900025317;0;7;0;0;2;1;13;A01
200900025317;0;7;0;0;2;3;1;B02
200900025318;0;10;0;0;9;2;1;A01
200900025318;0;1;0;0;2;4;1;B02
200900025319;0;30;0;0;2;1;17;B02
200900025319;0;7;0;0;2;1;15;A01
200900025320;0;7;0;0;5;1;1;A01
200900025321;0;7;0;0;2;7;13;A01
200900025321;0;7;0;0;2;1;21;B02
200900025322;0;7;0;0;0;3;1;B02
200900025322;0;10;0;0;0;3;13;A01
200900025323;0;7;0;0;2;3;15;A01
200900025323;0;33;0;0;2;1;1;B02
200900025324;0;7;0;0;2;1;1;A01
200900025324;0;7;0;0;2;7;19;B02
200900025325;0;7;0;0;6;3;1;A01
200900025326;0;31;0;0;2;1;1;B02
200900025326;0;10;0;0;2;6;20;A01
200900025327;0;7;0;0;2;3;20;A01
200900025327;0;1;0;0;2;1;1;B01
200900025328;0;7;0;0;2;4;23;B01
200900025328;0;14;0;0;2;1;2;A01
200900025329;0;7;0;0;2;2;1;A01
200900025330;0;7;0;0;2;4;23;B01
200900025330;0;7;0;0;2;1;2;A01
200900025331;0;2;0;0;2;1;17;A01
200900025331;0;7;0;0;2;3;10;B01
200900025332;0;31;0;0;2;2;1;A01
200900025332;0;7;0;0;2;3;1;B01
200900025333;0;7;0;0;1;7;1;A01
200900025334;0;2;0;0;2;1;2;A01
200900025334;0;7;0;0;2;4;23;B01
200900025335;0;7;0;1;0;3;13;A01
200900025336;0;7;0;0;2;8;10;A01
200900025336;0;2;0;0;2;1;17;B01
200900025337;0;1;0;0;2;1;1;B01
200900025337;0;7;0;0;2;8;9;A01
200900025338;0;7;0;0;1;2;15;A01
200900025339;0;7;0;0;2;1;1;B01
200900025339;0;7;0;0;2;5;15;A01
200900025340;0;7;0;0;2;4;1;B01
200900025340;0;7;0;0;2;4;23;C01
200900025340;0;7;0;0;2;1;2;A01
200900025340;0;7;0;0;2;4;23;D01
200900025341;0;10;0;0;2;1;1;B01
200900025341;0;7;0;7;2;3;23;C01
200900025341;0;99;0;7;2;3;1;A01
200900025342;0;17;0;8;0;7;1;A01
200900025343;0;7;0;0;2;6;15;B01
200900025343;0;7;0;0;2;3;1;A01
200900025344;0;31;0;0;0;0;13;A01
200900025345;0;7;0;0;2;3;1;B01
200900025345;0;1;0;0;2;1;19;A01
200900025346;0;2;0;0;2;1;1;B01
200900025346;0;7;0;0;2;8;1;A01
200900025347;0;14;0;6;0;0;1;A01
200900025348;0;7;0;0;2;8;15;A01
200900025348;0;33;0;0;2;1;1;B01
200900025349;0;7;0;0;1;2;1;A01
200900025350;0;7;0;0;2;1;15;A01
200900025350;0;33;0;0;2;1;1;B01
200900025351;0;7;0;0;1;3;1;A01
200900025352;0;7;0;0;2;2;15;A01
200900025352;0;33;0;0;2;1;1;B01
200900025353;0;37;1;0;1;2;1;A01
200900025354;0;1;0;0;2;4;23;B01
200900025354;0;7;0;0;2;1;2;A01
200900025355;0;7;0;0;2;1;9;A01
200900025355;0;31;0;0;2;5;1;B01
200900025356;0;2;0;0;2;1;1;B01
200900025356;0;7;0;0;2;2;15;A01
200900025357;0;33;0;0;2;1;1;B01
200900025357;0;7;0;0;2;5;15;A01
200900025358;0;7;0;0;2;8;24;A01
200900025358;0;1;0;1;0;2;1;B01
200900025359;0;31;0;0;2;1;1;B01
200900025359;0;7;0;0;2;5;15;A01
200900025360;0;7;0;0;2;1;2;A01
200900025360;0;7;0;0;2;4;23;B01
200900025361;0;10;0;0;2;8;24;A01
200900025361;0;1;0;1;0;1;1;B01
200900025362;0;7;0;13;0;7;13;A01
200900025363;0;7;0;13;0;2;0;A01
200900025364;0;3;0;0;1;2;1;A01
200900025364;0;7;0;0;2;5;23;B02
200900025365;0;7;0;0;2;4;2;C01
200900025365;0;7;0;0;2;1;1;A01
200900025365;0;7;0;0;2;4;23;B01
200900025366;0;2;0;0;2;1;17;A01
200900025366;0;7;0;0;2;1;1;B01
200900025367;0;30;0;0;2;7;2;A01
200900025367;0;7;0;0;2;4;23;B01
200900025368;0;7;0;0;2;4;1;B01
200900025368;0;7;0;0;2;1;2;A01
200900025369;0;3;0;0;2;7;4;A01
200900025369;0;7;0;0;2;1;1;B01
200900025370;0;7;0;0;2;8;10;A01
200900025370;0;33;0;0;2;1;1;B01
200900025371;0;7;0;0;1;2;2;A01
200900025371;0;10;0;0;2;3;24;B02
200900025372;0;7;0;0;2;1;13;A01
200900025372;0;21;0;0;2;1;1;B02
200900025373;0;2;0;0;2;1;13;B02
200900025373;0;7;0;0;2;1;1;A01
200900025374;0;7;0;0;9;3;1;A01
200900025374;0;1;0;0;2;0;19;B02
200900025375;0;7;0;0;2;6;15;A01
200900025375;0;31;0;0;2;1;1;B01
200900025376;0;7;0;6;0;1;13;A01
200900025377;0;7;0;0;2;7;15;A01
200900025377;0;33;0;0;2;1;1;B02
200900025378;0;7;0;0;0;0;1;D01
200900025378;0;2;0;8;2;1;17;B01
200900025378;0;7;0;0;2;3;15;A01
200900025378;0;7;0;0;0;0;1;C01
200900025379;0;7;0;0;2;0;20;A01
200900025379;0;1;0;0;2;1;1;B01
200900025380;0;7;0;6;0;1;1;A01
200900025381;0;7;0;0;2;8;1;B01
200900025381;0;7;0;0;2;2;1;A01
200900025382;0;7;0;0;2;2;9;B01
200900025382;0;1;0;0;2;1;1;A01
200900025383;0;7;0;0;2;8;20;A01
200900025383;0;2;0;0;2;1;1;B01
200900025384;0;7;0;0;0;4;15;A01
200900025384;0;7;0;0;2;1;1;B02
200900025385;0;2;0;0;2;1;1;B01
200900025385;0;2;0;0;2;1;20;A01
200900025386;0;7;0;0;2;6;10;A01
200900025386;0;30;0;0;2;1;1;B01
200900025387;0;7;0;0;1;7;1;A01
200900025388;1;7;0;15;0;2;14;A01
200900025389;0;7;0;0;2;2;1;A01
200900025389;0;2;0;0;2;1;1;B01
200900025390;0;37;20;0;2;3;13;A01
200900025390;0;30;0;0;2;8;23;B01
200900025391;0;7;0;0;2;8;15;B01
200900025391;0;2;0;0;2;1;17;A01
200900025392;0;7;0;0;1;3;1;A01
200900025393;0;7;0;;;4;15;A01
200900025393;0;10;0;;2;1;2;B02
200900025394;0;2;0;0;2;1;17;A01
200900025394;0;7;0;0;2;3;6;B01
200900025395;0;7;0;0;0;7;17;A01
200900025396;0;10;0;0;2;8;19;B02
200900025396;0;33;0;0;2;1;1;A01
200900025397;0;33;0;0;0;7;1;A01
200900025398;0;10;0;0;2;1;13;A01
200900025398;0;17;0;0;2;1;1;B02
200900025399;0;33;0;0;2;1;1;B02
200900025399;0;7;0;0;2;2;15;A01
200900025400;0;7;0;0;9;1;9;A01
200900025400;0;1;0;0;2;7;1;B02
200900025401;0;2;0;8;0;1;15;A01
200900025402;0;7;0;0;2;1;2;A01
200900025402;0;10;0;0;2;6;10;B02
200900025403;0;7;0;1;0;2;21;A01
200900025403;0;10;0;0;0;6;23;B02
200900025404;0;7;0;0;2;1;13;A01
200900025404;0;15;0;0;2;3;1;B02
200900025405;0;7;0;0;2;1;1;C03
200900025405;0;7;0;0;0;4;15;A01
200900025405;0;7;0;0;2;3;1;B02
200900025406;0;7;0;0;9;1;19;A01
200900025406;0;1;0;0;2;1;1;B02
200900025407;0;7;0;0;2;1;13;A01
200900025407;0;38;0;0;2;1;1;B02
200900025408;0;10;0;0;0;8;9;A01
200900025408;0;30;0;0;2;7;1;B02
200900025409;0;33;0;0;2;1;2;A01
200900025409;0;1;0;0;2;4;11;B02
200900025410;0;30;0;0;0;8;16;A01
200900025411;0;2;0;0;2;1;2;A01
200900025411;0;7;0;0;2;4;23;B01
200900025412;0;7;0;0;2;4;23;B01
200900025412;0;7;0;0;2;1;2;A01
200900025413;0;7;0;0;1;3;1;A01
200900025414;0;10;0;0;2;1;15;A01
200900025414;0;32;0;0;2;1;8;B01
200900025415;0;7;0;7;2;2;1;A01
200900025415;0;7;0;0;2;3;16;B01
200900025416;0;7;0;0;2;8;1;A01
200900025416;0;7;0;0;2;2;1;B01
200900025417;1;10;0;0;2;1;1;A01
200900025417;0;7;0;0;2;8;1;B01
200900025418;0;33;0;0;2;1;12;A01
200900025418;0;7;0;0;2;3;1;B01
200900025419;0;33;0;0;2;1;1;A01
200900025419;0;7;0;0;2;2;15;B01
200900025420;0;33;0;1;0;1;1;A01
200900025421;0;31;0;14;0;0;17;A01
200900025422;0;37;2;0;1;2;1;A01
200900025423;0;7;0;0;2;1;2;A01
200900025423;0;7;0;0;2;4;2;B01
200900025424;0;7;0;0;2;3;1;A01
200900025424;0;10;0;0;2;2;1;B01
200900025425;0;7;0;0;2;1;1;A01
200900025425;0;1;0;0;2;8;19;B01
200900025426;0;7;0;0;2;7;23;A01
200900025426;0;1;0;0;2;1;1;B01
200900025427;0;1;0;0;2;6;1;B01
200900025427;0;7;0;0;2;2;16;A01
200900025428;0;7;0;0;2;6;1;B01
200900025428;0;2;0;0;2;1;1;A01
200900025429;0;2;0;0;2;2;17;A01
200900025429;0;7;0;0;2;8;15;B01
200900025430;0;1;0;0;2;1;1;B01
200900025430;0;7;0;0;2;3;1;A01
200900025431;0;31;0;0;2;4;23;B01