num_acc;senc;catv;occutc;obs;obsm;choc;manv;num_veh
200900025431;0;7;0;0;2;6;23;C01
200900025431;0;7;0;0;2;1;2;A01
200900025432;0;7;0;0;1;3;1;A01
200900025433;0;7;0;0;2;7;23;A01
200900025433;0;1;0;0;2;1;1;B01
200900025434;0;7;0;0;2;1;2;A01
200900025434;0;7;0;0;2;4;1;B01
200900025435;0;7;0;0;2;1;1;B01
200900025435;0;7;0;1;2;7;1;A01
200900025436;0;14;0;0;2;6;1;B01
200900025436;0;2;0;0;2;2;17;A01
200900025437;0;7;0;0;2;1;2;A01
200900025437;0;37;3;0;2;4;1;B01
200900025438;0;7;0;0;0;3;15;A01
200900025438;0;33;0;0;2;1;0;B01
200900025439;0;7;0;0;1;1;1;A01
200900025440;0;10;0;0;2;4;23;B01
200900025440;0;33;0;0;2;1;2;A01
200900025441;0;7;0;0;2;6;4;A01
200900025441;0;7;0;0;2;5;4;B01
200900025442;0;7;0;0;2;0;12;A01
200900025442;0;2;0;0;2;1;1;B01
200900025443;0;1;0;0;2;1;1;B01
200900025443;0;7;0;0;2;2;16;A01
200900025444;0;7;0;0;2;2;1;A01
200900025444;0;1;0;0;2;3;16;B01
200900025445;0;1;0;0;2;1;15;B01
200900025445;0;7;0;0;2;2;1;A01
200900025446;0;7;0;12;0;2;21;B01
200900025446;0;7;0;0;0;0;15;A01
200900025447;0;1;0;0;1;1;1;A01
200900025448;0;7;0;0;2;2;2;A01
200900025448;0;17;0;0;0;0;0;B02
200900025449;0;7;0;0;2;1;2;A01
200900025449;0;7;0;0;2;4;2;B02
200900025450;0;30;0;0;2;1;0;A01
200900025450;0;7;0;0;2;2;0;B02
200900025451;0;7;0;0;2;3;0;B02
200900025451;0;7;0;0;2;3;1;A01
200900025452;0;7;0;0;2;1;13;A01
200900025452;0;7;0;0;2;1;1;B02
200900025453;0;36;0;6;0;9;1;A01
200900025454;0;7;0;3;0;2;14;A01
200900025455;0;17;0;0;2;4;1;A01
200900025455;0;7;0;0;2;1;2;B02
200900025456;0;31;0;0;0;0;1;A01
200900025457;0;33;0;0;2;7;1;A01
200900025457;0;15;0;0;2;3;13;C03
200900025458;0;7;0;0;2;1;1;A01
200900025458;0;30;0;0;2;1;17;B02
200900025459;0;2;0;0;2;1;1;A01
200900025459;0;1;0;0;2;6;15;B01
200900025460;0;7;0;0;2;2;1;B01
200900025460;0;7;0;0;2;1;1;C01
200900025460;0;30;0;0;2;4;1;A01
200900025461;0;7;0;0;2;1;2;A01
200900025461;0;7;0;0;2;4;2;C01
200900025461;0;7;0;0;2;4;2;B01
200900025462;0;1;0;0;2;1;1;B01
200900025462;0;7;0;0;2;3;1;A01
200900025463;0;1;0;0;2;1;1;B01
200900025463;0;7;0;0;2;3;16;A01
200900025464;0;1;0;12;0;1;1;A01
200900025465;0;2;0;0;2;1;1;A01
200900025465;0;7;0;0;2;1;15;B01
200900025466;0;7;0;0;1;3;16;A01
200900025467;0;7;0;0;2;2;1;B01
200900025467;0;7;0;0;2;1;1;A01
200900025468;0;7;0;0;2;7;1;B01
200900025468;0;7;0;8;2;1;1;A01
200900025469;0;7;0;0;2;2;2;A01
200900025469;0;7;0;0;2;6;2;B01
200900025470;0;1;0;0;2;4;2;B01
200900025470;1;7;0;0;2;0;0;A01
200900025471;0;7;0;1;2;3;1;B01
200900025471;0;7;0;0;2;2;12;A01
200900025472;0;33;0;0;2;1;17;A01
200900025472;0;7;0;0;2;8;15;B01
200900025473;0;2;0;0;2;4;2;B01
200900025473;0;7;0;0;2;1;2;A01
200900025474;0;1;0;0;2;1;2;A01
200900025474;0;7;0;0;2;5;2;B01
200900025475;0;10;0;11;0;2;14;A01
200900025476;0;7;0;0;2;3;1;C01
200900025476;0;14;0;0;2;3;13;A01
200900025476;0;15;0;8;2;3;20;B01
200900025477;0;7;0;0;0;3;1;B02
200900025477;0;10;0;0;0;2;17;A01
200900025478;0;2;0;1;0;1;1;A01
200900025479;0;7;0;0;2;1;2;A01
200900025479;0;7;0;0;2;4;2;B01
200900025480;0;7;0;0;2;6;10;B01
200900025480;0;33;0;0;2;1;1;A01
200900025481;0;7;0;0;0;4;17;B02
200900025481;0;7;0;0;0;0;9;C03
200900025481;0;33;0;0;2;1;17;A01
200900025482;0;31;0;0;0;0;0;A01
200900025483;0;33;0;0;2;1;11;A01
200900025483;0;7;0;0;2;6;1;B01
200900025484;0;7;0;0;1;1;1;A01
200900025485;0;7;0;8;0;3;0;A01
200900025486;0;7;0;0;1;1;0;A01
200900025487;0;1;0;1;0;1;1;B01
200900025487;0;7;0;0;2;3;24;A01
200900025488;0;33;0;0;2;7;1;A01
200900025488;1;7;0;0;2;0;0;B01
200900025489;0;2;0;0;2;8;15;A01
200900025489;0;2;0;0;2;1;1;B01
200900025490;0;7;0;0;2;8;0;A01
200900025490;0;31;0;0;2;7;0;B01
200900025491;0;10;0;0;1;1;1;A01
200900025492;0;7;0;0;1;1;1;A01
200900025493;0;7;0;0;2;0;0;A01
200900025493;0;7;0;0;2;0;0;B01
200900025494;0;7;0;0;2;5;15;A01
200900025494;0;2;0;0;2;2;8;B01
200900025495;0;7;0;0;1;3;1;A01
200900025496;0;33;0;0;2;2;1;B01
200900025496;0;7;0;0;2;6;10;A01
200900025497;0;7;0;0;2;4;23;B01
200900025497;1;7;0;0;2;1;0;A01
200900025498;0;7;0;0;2;1;1;A01
200900025498;0;14;0;0;2;4;2;B01
200900025499;0;1;0;0;2;4;2;B01
200900025499;1;7;0;0;2;1;2;A01
200900025500;0;2;0;0;2;9;1;A01
200900025500;0;7;0;0;2;5;15;B01
200900025501;0;33;0;1;0;1;0;A01
200900025502;0;1;0;0;2;0;0;A01
200900025502;0;7;0;0;2;2;0;B01
200900025503;0;7;0;1;2;1;1;A01
200900025503;0;7;0;0;2;7;15;B01
200900025504;0;10;0;0;1;0;0;A01
200900025505;0;2;0;0;2;8;17;A01
200900025505;0;7;0;0;2;3;1;B01
200900025505;0;7;0;0;2;3;15;C01
200900025506;0;30;0;0;2;3;1;A01
200900025507;0;10;0;0;0;8;1;A01
200900025507;0;33;0;0;2;7;17;B02
200900025508;0;7;0;2;0;1;13;A01
200900025509;0;7;0;0;2;1;1;A01
200900025509;0;7;0;0;2;7;1;B02
200900025510;0;7;0;13;0;1;14;A01
200900025511;0;33;0;0;2;1;1;B02
200900025511;0;7;0;0;0;5;12;A01
200900025512;0;38;0;0;2;1;1;B02
200900025512;0;3;0;0;2;8;9;A01
200900025513;0;7;0;0;2;5;1;B02
200900025513;0;10;0;0;2;2;1;C03
200900025513;0;7;0;0;2;2;13;A01
200900025514;0;7;0;0;2;2;2;B02
200900025514;0;17;0;0;0;6;2;A01
200900025515;0;7;0;3;0;1;1;A01
200900025516;0;7;0;2;0;2;1;A01
200900025517;0;10;0;2;0;8;1;A01
200900025518;0;7;0;0;2;1;1;B02
200900025518;0;7;0;0;2;1;13;A01
200900025519;0;10;0;0;2;3;1;A01
200900025519;0;7;0;0;2;3;1;B02
200900025520;0;7;0;0;1;2;2;A01
200900025521;0;30;0;0;0;0;1;A01
200900025522;0;7;0;13;0;1;1;A01
200900025523;0;7;0;6;0;1;14;A01
200900025524;0;7;0;6;0;8;1;A01
200900025525;0;7;0;0;2;1;1;C03
200900025525;0;7;0;0;2;1;13;A01
200900025525;0;7;0;0;2;3;1;B02
200900025526;0;33;0;0;2;1;17;A01
200900025526;0;7;0;0;2;6;15;B02
200900025527;0;7;0;0;2;2;17;A01
200900025527;0;7;0;0;2;3;15;B02
200900025528;0;7;0;2;0;3;1;A01
200900025529;0;7;0;8;0;3;13;A01
200900025530;0;7;0;0;2;8;15;A01
200900025530;0;33;0;0;2;1;1;B02
200900025531;0;32;0;12;0;1;1;A01
200900025532;0;33;0;0;2;7;19;A01
200900025532;0;7;0;0;2;1;1;B02
200900025533;1;7;0;0;2;2;5;A01
200900025533;0;33;0;0;2;5;1;B02
200900025534;0;7;0;2;0;1;0;A01
200900025535;0;7;0;0;2;3;1;A01
200900025535;0;7;0;0;2;3;1;B02
200900025536;0;7;0;0;2;3;1;B02
200900025536;0;7;0;0;2;1;13;A01
200900025537;0;2;0;0;2;7;15;B02
200900025537;0;7;0;0;2;1;13;A01
200900025538;0;7;0;0;0;1;1;B02
200900025538;0;30;0;0;0;1;5;A01
200900025539;0;7;0;0;2;2;12;A01
200900025539;0;7;0;0;2;8;1;B01
200900025540;0;7;0;0;2;0;15;A01
200900025540;0;33;0;0;2;1;1;B01
200900025541;0;7;0;0;2;8;11;A01
200900025541;0;33;0;0;2;2;1;B01
200900025542;0;7;0;0;2;7;0;A01
200900025542;0;33;0;0;2;1;0;B01
200900025543;0;7;0;3;0;1;0;A01
200900025544;1;7;0;0;2;1;14;A01
200900025544;0;7;0;0;0;5;1;B02
200900025545;0;7;0;0;2;3;9;A01
200900025545;0;7;0;0;2;6;1;B01
200900025546;0;14;0;3;2;8;1;B02
200900025546;0;7;0;0;2;2;14;A01
200900025547;0;34;0;0;2;2;2;B01
200900025547;0;7;0;0;2;3;13;A01
200900025548;0;7;0;0;2;4;2;B01
200900025548;0;7;0;0;2;1;1;A01
200900025549;0;31;0;14;0;9;0;A01
200900025550;0;7;0;0;1;7;1;A01
200900025551;1;7;0;0;1;0;0;A01
200900025552;0;31;0;0;2;1;3;A01
200900025552;0;7;0;0;2;8;1;B01
200900025553;0;31;0;1;0;2;14;A01
200900025554;0;7;0;0;0;7;14;A01
200900025555;0;7;0;11;0;1;0;A01
200900025556;0;31;0;0;0;0;1;A01
200900025557;0;7;0;0;2;7;0;B01
200900025557;0;31;0;0;2;1;0;A01
200900025558;0;7;0;0;2;2;9;A01
200900025558;0;14;0;0;2;3;1;B01
200900025559;0;7;0;0;2;1;1;A01
200900025559;0;33;0;0;2;4;23;B01
200900025560;0;7;0;0;1;1;1;A01
200900025561;0;30;0;0;1;1;18;A01
200900025562;0;15;0;0;2;8;15;A01
200900025562;0;31;0;0;2;2;1;B01
200900025563;0;1;0;0;1;1;1;A01
200900025564;0;7;0;0;2;1;1;B01
200900025564;0;7;0;0;2;1;0;A01
200900025565;0;7;0;0;2;2;15;A01
200900025565;0;7;0;0;2;2;1;B01
200900025566;0;7;0;0;2;3;15;A01
200900025566;0;33;0;0;2;3;1;B01
200900025567;0;7;0;0;2;1;0;A01
200900025567;0;1;0;0;2;0;0;B01
200900025568;0;7;0;0;2;6;0;B01
200900025568;0;7;0;1;2;1;0;A01
200900025569;0;7;0;0;1;1;1;A01
200900025570;0;7;0;0;2;2;1;A01
200900025570;0;33;0;0;2;3;0;B01
200900025571;0;7;0;8;0;1;1;A01
200900025572;0;7;0;0;2;8;15;A01
200900025572;0;31;0;0;2;1;0;B01
200900025573;0;7;0;0;2;8;1;B01
200900025573;0;15;0;0;2;1;12;A01
200900025574;0;31;0;0;2;1;5;A01
200900025574;0;7;0;0;2;3;1;B01
200900025575;0;7;0;0;2;2;15;A01
200900025575;0;7;0;0;2;1;1;B01
200900025576;0;7;0;0;2;7;16;A01
200900025576;0;31;0;0;2;8;16;B01
200900025577;0;31;0;0;2;1;21;A01
200900025577;0;7;0;0;2;1;17;B01
200900025578;0;7;0;0;2;1;15;A01
200900025578;0;1;0;0;2;1;2;B01
200900025579;0;31;0;0;2;1;18;A01
200900025579;0;7;0;0;0;7;16;B01
200900025580;0;2;0;0;2;1;0;B01
200900025580;0;10;0;0;2;7;15;A01
200900025581;0;7;0;0;2;2;15;A01
200900025581;0;7;0;0;2;1;1;B02
200900025582;0;7;0;0;2;3;1;B02
200900025582;0;7;0;0;2;1;13;A01
200900025583;0;1;0;0;2;4;15;B01
200900025584;0;1;0;12;0;1;1;A01
200900025585;0;2;0;0;2;1;1;A01
200900025585;0;7;0;0;0;4;23;B01
200900025586;0;1;0;0;0;4;9;A01
200900025587;0;7;0;0;1;5;4;A01
200900025588;0;7;0;0;2;7;1;B01
200900025588;0;7;0;0;2;1;9;A01
200900025589;0;7;0;0;1;7;17;A01
200900025590;0;30;0;0;2;7;1;B01
200900025590;0;10;0;0;2;3;1;A01
200900025591;0;7;0;11;0;1;1;A01
200900025592;0;7;0;2;0;0;1;A01
200900025593;0;7;0;0;2;2;16;A01
200900025593;0;30;0;0;2;3;1;B01
200900025594;0;7;0;2;0;3;1;A01
200900025595;0;7;0;0;2;2;1;C03
200900025595;0;7;0;0;0;0;5;A01
200900025595;0;7;0;3;2;1;21;B02
200900025596;0;7;0;0;2;7;19;A01
200900025596;0;99;0;0;2;1;1;B02
200900025597;0;30;0;0;0;9;1;A01
200900025598;0;7;0;0;2;1;1;A01
200900025598;0;30;0;0;2;7;19;B02
200900025599;0;7;0;13;0;2;1;A01
200900025600;0;7;0;8;0;1;19;A01
200900025601;0;1;0;0;2;8;15;B02
200900025601;0;10;0;0;2;3;1;A01
200900025602;0;2;0;16;0;0;0;A01
200900025603;0;7;0;0;2;9;1;B02
200900025603;0;7;0;0;2;2;15;A01
200900025604;0;7;0;2;0;1;1;A01
200900025605;0;30;0;1;0;1;1;A01
200900025606;0;7;0;0;2;9;1;A01
200900025606;0;7;0;0;0;0;17;B02
200900025607;0;7;0;13;0;8;1;A01
200900025608;0;30;0;0;0;7;1;A01
200900025609;0;10;0;13;0;1;1;A01
200900025610;0;7;0;0;2;8;1;C03
200900025610;0;14;0;0;2;6;1;B02
200900025610;0;7;0;0;2;3;1;A01
200900025610;0;7;0;0;2;1;1;D04
200900025611;0;7;0;0;9;7;17;A01
200900025611;0;1;0;0;2;8;1;B02
200900025612;0;33;0;0;2;1;13;B02
200900025612;0;7;0;0;0;1;1;A01
200900025613;0;17;0;0;0;4;2;B02
200900025613;0;7;0;0;2;1;2;A01
200900025614;0;2;0;0;2;0;0;A01
200900025614;0;7;0;0;2;0;0;B01
200900025615;0;99;0;0;2;3;1;B01
200900025615;0;7;0;1;2;1;15;A01
200900025616;0;7;0;0;2;1;15;A01
200900025616;0;7;0;0;2;3;1;B01
200900025617;0;1;0;0;0;1;2;A01
200900025617;0;7;0;0;9;4;16;B01
200900025618;0;7;0;8;0;1;1;A01
200900025619;0;31;0;0;2;3;1;B01
200900025619;0;7;0;0;2;3;13;A01
200900025620;0;7;0;0;2;3;15;A01
200900025620;0;33;0;0;2;1;1;B01
200900025621;0;1;0;0;2;1;1;A01
200900025621;0;10;0;0;2;1;1;B01
200900025622;0;7;0;0;1;2;16;A01
200900025623;0;33;0;0;2;2;15;A01
200900025623;0;7;0;0;2;3;1;B01
200900025624;0;7;0;0;2;2;15;A01
200900025624;0;1;0;0;2;0;1;B01
200900025625;1;7;0;0;2;2;16;A01
200900025625;0;1;0;0;2;1;1;B01
200900025626;0;7;0;0;2;1;2;A01
200900025626;0;7;0;0;2;4;23;B01
200900025627;0;30;0;0;2;9;15;A01
200900025627;0;7;0;0;2;1;1;B01
200900025628;0;7;0;0;2;2;9;A01
200900025628;0;7;0;6;2;3;1;B01
200900025629;0;30;0;0;2;1;1;B01
200900025629;0;7;0;0;9;7;15;A01
200900025630;0;7;0;0;2;3;9;A01
200900025630;0;1;0;0;2;2;1;B01
200900025631;0;7;0;0;2;7;1;A01
200900025631;0;15;0;0;2;7;1;B01
200900025632;0;7;0;12;2;3;17;A01
200900025632;0;7;0;0;2;3;1;B01
200900025633;0;7;0;0;2;1;19;A01
200900025633;0;7;0;0;2;8;1;B02
200900025634;0;30;0;0;2;8;1;B02
200900025634;0;30;0;0;0;8;17;A01
200900025634;0;7;0;0;2;3;16;C03
200900025635;0;7;0;0;1;2;1;A01
200900025636;0;17;0;0;2;1;1;A01
200900025636;0;7;0;7;2;7;19;B01
200900025637;0;2;0;16;0;8;1;A01
200900025638;0;32;0;13;0;1;14;A01
200900025639;0;10;0;2;0;2;14;A01
200900025640;0;7;0;0;2;1;2;C03
200900025640;0;7;0;0;2;4;23;A01
200900025640;0;7;0;0;0;4;23;B02
200900025641;0;7;0;6;0;1;13;A01
200900025642;0;7;0;0;2;7;15;A01
200900025642;0;7;0;0;2;2;1;B02
200900025643;1;7;0;0;9;2;16;A01
200900025643;0;1;0;0;2;1;1;B02
200900025644;0;10;0;0;2;3;15;B02
200900025644;0;33;0;0;2;2;17;A01
200900025645;0;7;0;0;0;7;14;A01
200900025646;0;7;0;0;2;1;1;A01
200900025646;0;7;0;0;2;1;1;B01
200900025647;0;7;0;0;0;5;15;A01
200900025647;0;33;0;0;0;1;1;B02
200900025648;1;7;0;0;0;0;0;B01
200900025648;0;33;0;0;2;7;17;A01
200900025649;0;10;0;0;2;2;9;A01
200900025649;0;1;0;0;2;0;18;B02
200900025650;0;7;0;13;0;9;1;A01
200900025651;0;7;0;0;2;5;1;C03
200900025651;0;7;0;0;2;9;18;A01
200900025651;0;7;0;0;2;7;1;B02
200900025652;0;7;0;0;2;1;1;A01
200900025652;0;30;0;0;2;4;1;B02
200900025653;0;30;0;0;2;1;17;B02
200900025653;0;7;0;0;2;3;15;A01
200900025654;0;7;0;0;0;3;1;A01
200900025655;0;10;0;0;2;2;1;A01
200900025655;0;1;0;0;2;1;15;B02
200900025656;0;7;0;4;0;1;1;A01
200900025656;0;7;0;14;0;2;2;B02
200900025657;0;7;0;3;2;1;13;A01
200900025657;0;7;0;0;2;1;1;B02
200900025658;0;7;0;0;2;1;0;B02
200900025658;0;7;0;3;2;1;13;A01
200900025659;0;1;0;6;0;7;15;A01
200900025660;0;7;0;0;2;7;1;A01
200900025660;0;33;0;0;2;1;1;B02
200900025661;0;30;0;0;2;1;2;A01
200900025661;0;7;0;0;0;3;0;C03
200900025661;0;7;0;0;0;6;2;B02
200900025662;0;7;0;0;1;3;15;A01
200900025663;0;7;0;0;2;1;1;A01
200900025663;0;7;0;0;2;4;23;B02
200900025663;0;7;0;0;2;4;23;C03
200900025664;0;30;0;0;2;8;21;A01
200900025664;0;10;0;0;0;7;1;B02
200900025665;0;7;0;0;0;7;15;A01
200900025665;0;33;0;0;2;1;1;B02
200900025666;0;17;0;1;0;7;1;A01
200900025666;0;7;0;0;1;6;24;B02
200900025667;0;33;0;0;2;7;1;B02
200900025667;0;7;0;0;2;3;15;A01
200900025668;0;7;0;2;0;3;13;A01
200900025669;0;7;0;0;2;1;15;B02
200900025669;0;33;0;0;2;7;17;A01
200900025670;0;31;0;0;2;1;1;B02
200900025670;0;7;0;0;0;3;15;A01
200900025671;0;33;0;11;0;1;1;A01
200900025672;0;7;0;0;2;3;15;A01
200900025672;0;7;0;0;2;3;1;B02
200900025673;0;33;0;0;2;1;1;B02
200900025673;0;2;0;0;2;8;15;A01
200900025674;0;7;0;0;2;2;15;A01
200900025674;0;7;0;0;2;1;1;B02
200900025675;0;7;0;2;0;0;1;A01
200900025676;0;7;0;0;0;8;15;A01
200900025676;0;2;0;0;2;1;17;B02
200900025677;0;7;0;2;0;7;13;A01
200900025678;0;7;0;0;2;8;1;A01
200900025678;0;7;0;0;2;1;1;B02
200900025679;0;7;0;0;0;6;1;A01
200900025679;0;33;0;0;2;1;1;B02
200900025680;0;7;0;0;2;2;2;A01
200900025680;0;33;0;0;0;4;2;B02
200900025681;0;7;0;0;0;6;15;A01
200900025681;0;30;0;0;2;1;17;B02
200900025682;0;31;0;0;2;1;16;B02
200900025682;0;7;0;0;9;7;1;A01
200900025683;0;30;0;4;0;1;1;A01
200900025684;0;7;0;0;0;0;0;A01
200900025685;0;7;0;0;2;1;9;A01
200900025685;0;7;0;0;2;7;1;B01
200900025686;0;7;0;0;2;6;2;B01
200900025686;0;2;0;0;2;1;1;A01
200900025687;0;30;0;0;2;1;1;B01
200900025687;0;7;0;0;2;0;0;A01
200900025688;0;30;0;0;0;9;1;A01
200900025689;0;2;0;0;2;1;16;A01
200900025689;0;7;0;0;2;7;1;B01
200900025690;0;30;0;16;0;7;0;A01
200900025691;0;7;0;0;0;1;1;A01
200900025691;0;7;0;0;2;5;12;B01
200900025692;0;7;0;0;2;3;15;A01
200900025692;0;7;0;0;2;3;1;B01
200900025693;0;7;0;0;2;3;15;B01
200900025693;0;32;0;0;2;1;17;A01
200900025694;0;7;0;0;2;3;13;A01
200900025694;0;33;0;0;2;8;2;B01
200900025695;0;7;0;0;2;7;1;B01
200900025695;0;2;0;0;2;1;1;A01
200900025696;0;7;0;0;2;1;15;A01
200900025696;0;32;0;0;2;3;5;B01
200900025697;0;7;0;0;2;3;9;B01
200900025697;0;1;0;0;2;1;1;A01
200900025698;0;31;0;14;0;1;1;A01
200900025699;0;33;0;0;1;1;21;A01
200900025700;0;1;0;0;2;4;0;A01
200900025700;0;30;0;0;2;2;0;B01
200900025701;0;7;0;1;2;1;1;A01
200900025701;0;7;0;0;2;6;15;B01
200900025702;0;7;0;0;2;5;1;B01
200900025702;0;2;0;0;2;1;1;A01
200900025703;0;7;0;0;2;1;11;A01
200900025703;0;7;0;0;2;8;1;B01
200900025704;0;1;0;0;2;7;19;A01
200900025704;0;7;0;0;2;2;1;B01
200900025705;0;30;0;0;2;1;1;A01
200900025705;0;1;0;0;2;4;15;B01
200900025706;0;2;0;12;0;1;0;A01
200900025707;0;7;0;0;2;1;1;B01
200900025707;0;7;0;0;2;2;15;A01
200900025708;0;2;0;1;0;1;5;A01
200900025709;0;30;0;12;0;1;1;A01
200900025710;0;32;0;0;2;3;15;A01
200900025710;0;2;0;0;2;3;3;B01
200900025711;0;30;0;0;2;1;1;A01
200900025711;0;7;0;0;2;5;15;B01
200900025712;0;7;0;0;2;1;1;A01
200900025712;0;7;0;0;2;8;1;B01
200900025713;0;7;0;0;1;1;15;A01
200900025714;0;13;0;0;2;2;12;A01
200900025714;0;7;0;0;2;6;1;B01
200900025715;0;7;0;1;0;9;1;A01
200900025716;0;7;0;0;2;3;1;B01
200900025716;0;33;0;0;2;8;15;A01
200900025717;0;7;0;0;2;3;10;A01
200900025717;0;32;0;0;2;7;1;B01
200900025718;0;2;0;0;0;0;0;A01
200900025719;0;1;0;0;2;1;1;B01
200900025719;0;99;0;0;2;2;15;A01
200900025720;0;10;0;0;1;4;4;A01
200900025721;0;14;0;0;2;0;1;B01
200900025721;0;7;0;0;2;6;9;A01
200900025722;0;7;0;0;0;0;0;B01
200900025722;0;7;0;13;0;1;13;A01
200900025723;0;7;0;4;2;9;13;A01
200900025723;0;33;0;9;2;1;1;B01
200900025724;0;33;0;0;2;1;1;A01
200900025724;0;7;0;0;2;4;1;B01
200900025725;0;7;0;0;2;3;1;A01
200900025725;0;2;0;0;2;2;1;B01
200900025726;0;7;0;4;0;1;1;A01
200900025727;0;7;0;0;2;6;15;A01
200900025727;0;33;0;0;2;0;1;B01
200900025728;0;7;0;0;0;0;13;B01
200900025728;0;30;0;0;0;0;1;A01
200900025729;0;7;0;4;0;2;0;A01
200900025730;0;33;0;0;2;1;13;A01
200900025730;0;7;0;0;2;3;15;B01
200900025731;0;7;0;0;2;1;10;A01
200900025731;0;30;0;0;2;2;1;B01
200900025732;0;7;0;0;2;1;13;A01
200900025732;0;7;0;0;2;1;1;B02
200900025733;0;7;0;0;2;1;1;A01
200900025733;1;7;0;0;0;0;0;B01
200900025734;0;37;28;0;0;0;23;A01
200900025734;0;7;0;0;0;0;23;B01
200900025735;0;30;0;0;2;1;18;A01
200900025735;0;7;0;0;2;5;2;B01
200900025736;0;7;0;0;2;1;0;A01
200900025736;0;2;0;0;2;5;0;B01
200900025737;2;10;0;15;2;3;13;A01
200900025737;0;7;0;0;2;3;1;B01
200900025738;0;7;0;0;2;2;1;B01
200900025738;0;7;0;0;2;2;11;A01
200900025738;0;7;0;0;2;1;1;C01
200900025739;0;7;0;0;2;4;1;B01
200900025739;0;15;0;0;2;3;1;A01
200900025740;0;37;1;0;1;5;1;A01
200900025741;0;33;0;0;2;1;1;B01
200900025741;0;10;0;0;2;4;23;A01
200900025742;0;33;0;8;0;1;1;A01
200900025743;0;7;0;2;0;5;1;A01
200900025744;0;1;0;0;2;1;1;B01
200900025744;0;7;0;0;2;5;16;A01
200900025745;0;7;0;0;2;7;1;B01
200900025745;0;7;0;0;2;8;23;A01
200900025746;0;7;0;0;2;8;1;A01
200900025746;0;30;0;0;2;1;2;B01
200900025747;0;7;0;0;2;1;5;A01
200900025747;0;7;0;0;2;0;17;B02
200900025748;0;33;0;1;0;1;1;A01
200900025749;0;99;0;14;0;1;21;A01
200900025750;0;7;0;4;9;1;15;A01
200900025751;0;10;0;0;2;1;9;B01
200900025751;0;10;0;0;2;4;9;A01
200900025752;0;33;0;0;2;1;1;A01
200900025752;0;10;0;0;2;6;15;B01
200900025753;0;34;0;0;2;4;16;A01
200900025753;0;7;0;7;2;3;1;B01
200900025754;0;10;0;0;1;3;15;A01
200900025755;0;7;0;0;2;3;9;B01
200900025755;2;7;0;8;2;2;1;A01
200900025756;0;2;0;13;0;0;16;A01
200900025757;0;7;0;0;2;3;10;A01
200900025757;0;33;0;0;2;7;17;B01
200900025758;0;7;0;0;2;1;1;A01
200900025758;0;7;0;0;2;4;1;B01
200900025759;0;7;0;0;2;1;1;B01
200900025759;0;33;0;0;2;2;1;A01
200900025760;0;7;0;0;2;3;1;B01
200900025760;0;31;0;0;2;2;1;A01
200900025761;0;7;0;0;1;2;1;A01
200900025762;0;7;0;0;1;1;1;A01
200900025763;0;7;0;0;2;2;1;B01
200900025763;0;7;0;1;2;3;11;A01
200900025764;0;7;0;0;1;1;1;A01
200900025765;0;7;0;0;2;4;15;B01
200900025765;0;7;0;0;2;8;1;C01
200900025765;0;13;0;0;2;1;1;A01
200900025766;0;7;0;0;1;1;1;A01
200900025767;0;30;0;0;2;2;17;A01
200900025767;0;7;0;0;2;3;15;B01
200900025768;0;33;0;0;6;0;21;A01
200900025769;0;7;0;0;1;2;24;A01
200900025770;0;7;0;0;2;1;1;C01
200900025770;0;30;0;0;2;1;1;A01
200900025770;0;7;0;0;9;3;1;B01
200900025771;0;30;0;0;2;3;1;B01
200900025771;0;34;0;0;2;1;9;A01
200900025772;0;7;0;0;1;1;16;A01
200900025773;0;7;0;0;1;2;14;A01
200900025774;0;30;0;0;2;0;21;A01
200900025775;0;21;0;0;2;3;1;B02
200900025775;0;30;0;0;2;1;6;A01
200900025776;0;33;0;0;2;1;17;B02
200900025776;0;7;0;0;2;6;15;A01
200900025777;0;33;0;0;2;1;1;A01
200900025778;0;7;0;0;2;7;15;A01
200900025778;2;7;0;0;2;1;1;B02
200900025779;0;30;0;0;2;2;1;A01
200900025779;0;1;0;0;2;0;19;B01
200900025780;0;7;0;0;2;1;1;A01
200900025780;0;7;0;0;2;4;1;B01
200900025781;0;30;0;0;0;0;1;B02
200900025781;0;7;0;0;2;0;15;A01
200900025782;1;7;0;;;;;Z02
200900025782;0;1;0;;2;1;21;A01
200900025783;0;7;0;0;2;6;1;B01
200900025783;0;7;0;0;2;2;15;A01
200900025784;0;1;0;0;0;0;1;A01
200900025785;0;7;0;12;1;1;0;A01
200900025786;0;7;0;0;2;2;15;A01
200900025786;0;30;0;0;2;1;1;B02
200900025787;0;7;0;0;2;1;19;A01
200900025787;0;7;0;0;2;7;1;B02
200900025788;0;7;0;0;2;1;15;A01
200900025788;0;34;0;0;2;8;1;B01
200900025789;0;7;0;0;2;1;1;A01
200900025789;0;1;0;0;2;7;19;B01
200900025790;0;7;0;0;2;1;1;A01
200900025791;0;30;0;1;0;1;1;A01
200900025792;0;1;0;0;2;4;0;B01
200900025792;0;7;0;0;2;1;0;A01
200900025793;0;2;0;1;0;1;1;A01
200900025794;0;7;0;15;0;1;10;A01
200900025795;0;33;0;0;2;2;20;B01
200900025795;0;7;0;0;2;3;1;A01
200900025796;0;7;0;0;2;1;1;B01
200900025796;0;7;0;0;2;8;1;A01