num_acc;senc;catv;occutc;obs;obsm;choc;manv;num_veh
200900025797;0;2;0;0;2;1;12;A01
200900025797;0;33;0;0;2;1;1;B01
200900025798;0;30;0;0;2;1;1;B01
200900025798;0;7;0;0;2;3;15;A01
200900025799;0;7;0;0;2;4;2;B01
200900025799;0;7;0;0;2;1;2;A01
200900025800;0;7;0;0;1;1;9;A01
200900025801;0;7;0;0;2;3;1;B01
200900025801;0;7;0;0;2;3;1;A01
200900025802;0;7;0;0;2;1;0;A01
200900025802;0;7;0;0;2;4;0;B01
200900025803;0;2;0;0;2;3;19;B01
200900025803;0;7;0;0;0;8;15;A01
200900025804;0;1;0;0;1;1;1;A01
200900025805;0;37;0;0;2;7;15;A01
200900025805;0;33;0;0;2;1;1;B01
200900025806;0;10;0;0;1;5;4;A01
200900025807;0;7;0;8;0;2;1;A01
200900025808;0;7;0;0;2;4;4;B01
200900025808;0;32;0;0;2;1;1;A01
200900025809;0;7;0;0;2;2;0;A01
200900025809;0;7;0;0;2;1;0;B01
200900025810;0;1;0;0;2;1;5;B01
200900025810;0;7;0;0;2;7;9;A01
200900025811;0;33;0;16;0;1;17;A01
200900025812;1;7;0;;;;;Z02
200900025812;0;30;0;;2;4;1;A01
200900025813;0;7;0;0;2;3;16;A01
200900025813;0;30;0;0;2;7;1;B01
200900025814;0;7;0;0;2;1;2;A01
200900025814;0;7;0;0;2;4;2;B02
200900025815;0;7;0;1;1;1;1;A01
200900025816;0;33;0;0;2;3;1;B01
200900025816;0;7;0;0;2;3;16;A01
200900025817;1;7;0;0;2;0;2;A01
200900025817;0;3;0;0;2;4;2;B01
200900025818;0;7;0;4;0;1;13;A01
200900025819;0;7;0;0;0;4;0;B01
200900025819;0;7;0;0;2;1;0;A01
200900025820;0;31;0;0;0;8;2;A01
200900025820;0;7;0;0;0;2;12;B01
200900025821;0;30;0;0;0;8;1;A01
200900025821;0;7;0;0;2;7;12;B01
200900025821;0;7;0;0;9;8;1;C01
200900025822;0;7;0;1;0;7;21;A01
200900025822;0;7;0;0;0;0;23;B01
200900025822;0;10;0;0;0;8;23;C01
200900025823;0;33;0;0;2;1;0;B01
200900025823;0;14;0;0;2;6;11;A01
200900025824;0;10;0;0;2;2;1;B01
200900025824;0;30;0;0;2;1;1;A01
200900025825;0;14;0;0;2;5;4;A01
200900025826;0;7;0;0;2;3;1;B01
200900025826;0;7;0;0;0;2;5;A01
200900025826;0;7;0;0;2;1;0;C01
200900025827;0;7;0;0;1;0;0;A01
200900025828;0;30;0;8;0;0;1;A01
200900025829;0;7;0;0;2;4;2;B01
200900025829;0;7;0;0;2;1;2;A01
200900025830;0;7;0;0;1;2;1;A01
200900025831;0;7;0;0;2;3;16;A01
200900025831;0;32;0;0;2;1;1;B01
200900025832;0;7;0;2;0;3;11;A01
200900025833;0;2;0;1;0;3;5;A01
200900025833;0;7;0;1;0;3;13;B01
200900025834;0;7;0;0;2;1;1;A01
200900025834;0;7;0;0;2;4;23;B01
200900025835;0;7;0;0;1;1;1;A01
200900025836;0;7;0;12;2;8;1;B01
200900025836;0;7;0;12;2;0;1;A01
200900025836;0;7;0;12;2;8;1;C01
200900025837;0;7;0;1;1;1;17;A01
200900025838;0;2;0;1;0;1;0;A01
200900025838;0;14;0;0;0;4;0;B01
200900025839;0;7;0;0;1;7;1;A01
200900025840;0;7;0;0;2;8;1;B02
200900025840;0;7;0;0;2;2;19;A01
200900025841;0;7;0;0;2;7;15;B02
200900025841;0;7;0;0;2;1;1;A01
200900025842;0;7;0;13;0;1;1;A01
200900025843;0;7;0;8;0;1;1;A01
200900025844;0;33;0;0;2;1;1;A01
200900025844;0;7;0;0;2;4;15;B01
200900025845;0;7;0;0;2;6;9;A01
200900025845;0;15;0;0;0;7;24;C01
200900025845;0;33;0;0;2;1;1;B01
200900025846;0;7;0;0;2;1;1;B01
200900025846;0;7;0;0;2;1;17;A01
200900025847;0;7;0;0;2;8;2;C01
200900025847;0;7;0;0;2;1;17;B01
200900025847;0;7;0;4;2;3;17;A01
200900025848;0;33;0;16;0;3;13;A01
200900025849;0;33;0;0;2;1;1;B02
200900025849;0;7;0;0;2;3;13;A01
200900025850;0;7;0;0;2;2;17;A01
200900025850;0;15;0;0;0;6;2;B01
200900025851;0;7;0;0;2;2;1;B01
200900025851;0;2;0;0;2;1;16;A01
200900025852;0;7;0;0;9;3;15;B01
200900025852;0;1;0;0;2;2;17;A01
200900025853;0;1;0;0;2;4;2;B02
200900025853;0;10;0;0;9;6;2;A01
200900025854;0;7;0;0;1;1;1;A01
200900025855;0;33;0;0;0;0;0;A01
200900025856;0;7;0;0;1;2;1;A01
200900025857;0;7;0;0;2;0;1;A01
200900025857;0;7;0;0;2;0;15;B01
200900025858;0;7;0;0;1;1;1;A01
200900025859;0;10;0;1;0;1;1;A01
200900025860;0;7;0;0;1;2;1;A01
200900025861;0;7;0;1;0;1;1;A01
200900025862;0;7;0;0;1;6;4;A01
200900025863;0;7;0;12;0;3;16;A01
200900025864;0;7;0;0;2;0;19;A01
200900025864;0;7;0;0;2;9;21;B02
200900025865;0;7;0;0;1;3;1;A01
200900025866;0;7;0;13;0;1;13;A01
200900025867;0;7;0;0;1;3;1;A01
200900025868;0;7;0;3;2;3;5;A01
200900025868;0;7;0;3;2;3;5;C03
200900025868;0;14;0;3;2;2;2;B02
200900025869;0;7;0;0;1;2;1;A01
200900025870;0;7;0;1;0;1;13;A01
200900025871;0;7;0;0;0;4;1;B01
200900025871;0;7;0;0;2;1;1;A01
200900025872;0;7;0;0;0;0;21;A01
200900025873;0;1;0;0;0;4;1;B01
200900025873;1;7;0;0;2;0;1;A01
200900025874;0;15;0;0;1;6;1;A01
200900025875;0;7;0;14;0;1;2;A01
200900025875;0;7;0;0;0;4;23;C01
200900025875;0;10;0;14;0;4;23;B01
200900025876;0;33;0;0;1;0;1;A01
200900025877;0;7;0;0;2;3;0;A01
200900025877;0;31;0;0;2;7;15;B01
200900025878;0;7;0;0;2;3;15;B01
200900025878;0;31;0;0;2;2;15;A01
200900025879;0;31;0;14;0;0;1;A01
200900025880;0;33;0;0;2;1;1;B01
200900025880;0;7;0;0;2;1;13;A01
200900025881;0;7;0;0;1;1;17;A01
200900025882;0;7;0;13;0;2;1;A01
200900025883;0;7;0;2;0;0;14;A01
200900025884;0;7;0;8;0;2;1;A01
200900025885;0;33;0;0;2;1;1;B02
200900025885;0;7;0;0;2;5;9;A01
200900025886;0;7;0;0;1;5;4;A01
200900025887;0;17;0;0;2;2;15;A01
200900025887;0;7;0;0;2;2;1;B02
200900025888;0;7;0;13;0;9;19;A01
200900025889;0;36;0;6;0;2;1;A01
200900025890;0;7;0;0;0;4;2;B01
200900025890;0;7;0;0;2;1;2;A01
200900025891;0;2;0;0;0;0;1;A01
200900025892;0;7;0;0;0;4;23;B01
200900025892;0;7;0;14;0;1;2;A01
200900025893;0;7;0;0;2;2;0;B01
200900025893;0;1;0;0;2;1;1;A01
200900025894;0;10;0;0;2;3;1;B01
200900025894;0;7;0;0;2;3;16;A01
200900025895;0;10;0;0;2;6;1;A01
200900025895;0;33;0;0;2;7;15;B01
200900025896;0;31;0;0;2;1;1;A01
200900025896;0;7;0;0;2;3;1;B01
200900025897;0;1;0;0;0;0;0;A01
200900025898;0;2;0;0;0;1;15;A01
200900025899;0;7;0;0;2;1;2;A01
200900025900;0;30;0;14;0;1;2;A01
200900025900;0;7;0;0;0;4;23;B01
200900025901;0;30;0;0;0;0;0;A01
200900025902;0;33;0;6;0;1;1;A01
200900025903;0;7;0;0;0;2;12;A01
200900025904;0;33;0;0;2;3;1;B02
200900025904;0;7;0;0;2;3;15;A01
200900025905;0;7;0;0;2;1;2;A01
200900025905;0;7;0;0;1;4;2;B01
200900025906;0;7;0;0;2;3;15;B01
200900025906;0;2;0;0;2;1;17;A01
200900025907;0;2;0;0;1;0;17;A01
200900025908;0;7;0;0;1;0;1;A01
200900025909;0;7;0;0;2;3;15;A01
200900025909;0;33;0;0;2;1;0;B02
200900025910;0;99;0;6;1;1;1;A01
200900025911;0;31;0;13;0;1;0;A01
200900025912;0;7;0;0;2;1;13;A01
200900025912;0;7;0;0;2;1;1;B02
200900025913;0;33;0;16;0;9;1;A01
200900025914;0;7;0;0;2;2;17;A01
200900025914;0;7;0;0;2;8;17;B02
200900025915;0;30;0;0;1;1;1;A01
200900025916;0;33;0;16;0;1;13;A01
200900025917;0;30;0;7;0;2;1;A01
200900025918;0;7;0;0;1;2;1;A01
200900025919;0;30;0;6;0;1;13;A01
200900025920;0;7;0;0;2;1;1;A01
200900025920;0;7;0;0;0;4;1;B01
200900025921;0;1;0;0;2;3;21;A01
200900025921;0;7;0;0;2;2;1;B01
200900025922;0;7;0;0;1;1;1;A01
200900025923;0;2;0;0;2;2;15;B01
200900025923;0;2;0;0;2;7;17;A01
200900025924;0;10;0;0;0;5;1;B01
200900025924;0;2;0;0;2;1;9;A01
200900025925;0;7;0;11;0;0;1;A01
200900025926;0;7;0;6;0;7;1;A01
200900025927;0;7;0;0;2;3;1;B02
200900025927;0;7;0;0;2;3;1;A01
200900025928;0;7;0;0;2;1;1;A01
200900025928;0;7;0;0;2;1;5;B02
200900025929;0;7;0;13;0;9;14;A01
200900025930;0;7;0;13;0;1;1;A01
200900025931;0;33;0;0;0;2;1;A01
200900025932;0;7;0;0;2;7;1;B02
200900025932;0;10;0;0;2;1;1;A01
200900025933;0;2;0;0;2;7;15;B01
200900025933;0;7;0;0;2;1;1;A01
200900025934;0;7;0;0;2;2;2;A01
200900025934;0;7;0;0;2;4;0;B01
200900025935;0;7;0;0;2;1;1;B02
200900025935;0;7;0;0;2;3;1;A01
200900025936;0;7;0;0;2;8;1;B02
200900025936;0;7;0;0;2;3;13;A01
200900025937;0;33;0;13;0;0;1;A01
200900025938;0;21;0;0;2;3;15;B02
200900025938;0;31;0;0;2;1;17;A01
200900025939;0;33;0;13;0;1;1;A01
200900025940;0;10;0;13;0;2;1;A01
200900025941;0;33;0;0;2;1;17;A01
200900025941;0;7;0;0;2;8;15;B02
200900025942;0;33;0;13;0;1;13;A01
200900025943;0;7;0;0;2;2;15;A01
200900025943;0;7;0;0;2;1;1;B02
200900025944;0;7;0;0;2;3;1;A01
200900025944;0;2;0;0;2;1;15;B02
200900025945;0;33;0;16;0;0;21;A01
200900025945;0;7;0;0;0;0;0;B02
200900025946;0;30;0;12;0;1;1;A01
200900025947;0;2;0;0;2;1;1;A01
200900025947;0;7;0;0;2;8;1;B01
200900025948;0;7;0;0;2;8;1;B01
200900025948;0;7;0;0;2;7;1;A01
200900025949;0;2;0;0;2;1;1;B01
200900025949;0;7;0;0;2;1;15;A01
200900025950;0;1;0;0;2;1;17;A01
200900025950;0;7;0;0;2;3;15;B01
200900025951;0;7;0;2;0;1;1;A01
200900025952;0;7;0;0;2;3;15;A01
200900025952;0;1;0;0;2;1;1;B01
200900025953;0;2;0;14;0;1;1;A01
200900025954;0;1;0;0;0;0;0;A01
200900025955;0;7;0;0;2;1;9;A01
200900025955;0;2;0;0;2;8;1;B01
200900025956;0;7;0;0;2;0;15;A01
200900025956;0;7;0;0;2;0;1;B01
200900025957;0;7;0;0;1;0;1;A01
200900025958;0;7;0;0;1;4;4;A01
200900025959;0;33;0;8;0;0;15;A01
200900025960;0;7;0;0;2;1;1;A01
200900025960;0;33;0;0;2;1;13;B02
200900025961;0;31;0;0;0;0;17;A01
200900025961;0;7;0;0;0;0;9;B01
200900025962;0;2;0;0;0;0;0;A01
200900025963;0;30;0;0;2;0;17;A01
200900025963;0;7;0;0;2;0;15;B01
200900025964;0;7;0;0;2;3;15;B01
200900025964;0;33;0;0;2;0;17;A01
200900025965;1;7;0;0;0;2;10;B02
200900025965;0;33;0;0;2;1;1;A01
200900025966;0;7;0;0;2;3;1;C03
200900025966;0;7;0;0;2;3;1;A01
200900025966;0;7;0;0;2;3;1;B02
200900025967;0;7;0;0;0;2;1;A01
200900025968;0;16;0;0;0;1;1;A01
200900025969;0;10;0;0;2;3;13;A01
200900025969;0;33;0;0;2;3;1;B02
200900025970;0;33;0;0;0;1;13;A01
200900025971;0;7;0;0;2;8;15;B02
200900025971;0;33;0;0;2;7;17;A01
200900025972;0;7;0;0;2;3;15;B02
200900025972;0;33;0;0;2;1;1;A01
200900025973;0;7;0;2;0;8;0;A01
200900025974;0;7;0;0;2;1;2;A01
200900025974;0;7;0;0;0;4;2;B01
200900025975;0;2;0;12;0;1;1;A01
200900025976;0;7;0;0;2;1;2;A01
200900025976;0;1;0;0;2;4;2;B01
200900025977;0;7;0;0;2;1;2;A01
200900025977;0;7;0;0;0;4;2;B01
200900025977;0;7;0;14;2;1;2;C01
200900025977;0;7;0;14;0;1;2;D01
200900025978;0;7;0;8;0;1;2;A01
200900025979;0;2;0;0;2;6;18;A01
200900025979;0;7;0;0;2;3;1;B01
200900025980;0;2;0;0;0;0;0;A01
200900025981;0;7;0;0;1;4;4;A01
200900025982;0;33;0;0;2;6;2;A01
200900025982;0;7;0;0;2;8;2;B01
200900025983;0;30;0;0;2;1;5;A01
200900025983;0;37;29;0;2;1;5;B01
200900025984;0;30;0;0;0;7;2;A01
200900025985;0;7;0;8;0;1;2;A01
200900025986;0;7;0;0;1;5;4;A01
200900025987;0;7;0;0;2;1;5;A01
200900025987;0;7;0;0;2;1;5;B01
200900025988;0;30;0;0;0;0;1;A01
200900025989;0;7;0;0;2;1;1;A01
200900025989;0;7;0;0;2;4;1;B01
200900025990;0;7;0;0;1;1;1;A01
200900025991;0;1;0;0;2;1;1;A01
200900025991;0;1;0;0;2;8;1;B01
200900025992;0;7;0;0;2;1;1;B01
200900025992;2;7;0;0;2;1;5;A01
200900025993;0;7;0;0;0;5;2;A01
200900025993;0;30;0;0;2;3;2;B01
200900025994;0;40;0;0;2;1;1;B01
200900025994;0;7;0;0;2;8;15;A01
200900025995;0;1;0;0;2;1;1;B01
200900025995;1;32;0;0;2;1;1;A01
200900025996;0;7;0;0;0;4;1;B01
200900025996;0;7;0;0;2;1;1;A01
200900025997;0;1;0;0;2;1;1;B01
200900025997;0;7;0;0;2;1;16;A01
200900025998;1;7;0;0;2;1;9;A01
200900025998;0;7;0;0;2;8;1;B01
200900025999;0;7;0;0;2;4;1;B01
200900025999;0;7;0;0;2;1;1;A01
200900025999;0;7;0;0;2;4;1;C01
200900026000;0;7;0;0;2;5;15;A01
200900026000;0;2;0;0;2;1;1;B01
200900026001;0;7;0;0;2;1;1;B01
200900026001;0;7;0;0;2;1;1;A01
200900026002;0;7;0;0;2;7;1;B01
200900026002;0;7;0;0;2;1;1;A01
200900026003;0;7;0;0;2;4;1;B01
200900026003;0;7;0;0;2;1;1;C01
200900026003;0;7;0;0;2;1;1;A01
200900026003;0;7;0;0;2;4;1;D01
200900026004;0;40;0;0;1;1;1;A01
200900026005;0;37;1;5;0;3;21;A01
200900026006;0;10;0;0;9;1;1;A01
200900026006;0;1;0;0;0;1;15;B02
200900026007;0;7;0;0;2;4;0;B02
200900026007;0;30;0;0;2;1;2;A01
200900026008;0;7;0;0;2;3;1;A01
200900026008;0;33;0;0;2;3;1;B02
200900026009;0;7;0;0;2;6;2;B02
200900026009;0;7;0;0;2;2;2;A01
200900026009;0;7;0;0;0;4;23;C03
200900026009;0;7;0;0;2;1;1;D04
200900026010;0;33;0;0;0;0;0;A01
200900026011;0;7;0;2;0;1;1;A01
200900026012;0;7;0;0;2;2;1;A01
200900026012;0;7;0;0;2;1;1;B02
200900026013;0;7;0;0;9;5;1;A01
200900026013;0;39;0;0;2;1;1;B02
200900026014;0;7;0;0;0;2;1;A01
200900026015;0;7;0;0;2;4;23;B02
200900026015;0;7;0;0;0;4;23;C03
200900026015;0;7;0;0;2;1;1;A01
200900026016;0;1;0;0;2;1;16;B02
200900026016;0;7;0;0;2;2;1;A01
200900026017;0;99;0;2;0;1;14;A01
200900026018;0;7;0;13;0;1;17;A01
200900026019;0;1;0;0;0;8;1;A01
200900026020;0;33;0;16;0;3;0;A01
200900026021;0;7;0;0;0;0;19;B02
200900026021;0;33;0;0;2;0;21;A01
200900026022;0;7;0;0;2;3;11;A01
200900026022;0;2;0;0;2;1;1;B02
200900026023;0;33;0;13;0;1;19;A01
200900026024;0;33;0;16;0;7;1;A01
200900026025;0;7;0;6;0;1;1;A01
200900026026;0;7;0;2;0;1;1;A01
200900026027;0;7;0;11;0;0;13;A01
200900026028;0;7;0;0;1;1;15;A01
200900026029;0;1;0;1;0;1;1;A01
200900026030;0;2;0;0;2;3;1;A01
200900026030;0;7;0;0;2;1;1;B01
200900026031;0;7;0;0;2;1;1;A01
200900026031;0;7;0;0;2;4;1;B01
200900026032;0;7;0;0;2;1;1;B01
200900026032;0;14;0;0;2;2;15;A01
200900026033;0;7;0;14;0;1;1;A01
200900026033;0;32;0;0;2;4;1;B01
200900026034;0;2;0;0;2;8;17;A01
200900026034;0;7;0;0;2;8;1;B01
200900026035;0;40;0;0;1;3;1;A01
200900026036;0;7;0;0;2;0;15;A01
200900026036;0;30;0;0;2;7;1;B01
200900026037;0;1;0;8;0;1;1;A01
200900026038;0;7;0;0;1;3;1;A01
200900026039;0;30;0;0;2;1;19;A01
200900026039;0;7;0;0;2;1;1;B01
200900026040;0;7;0;0;2;1;1;A01
200900026040;0;3;0;0;2;4;1;B01
200900026041;0;1;0;0;2;8;1;B01
200900026041;1;7;0;0;2;1;1;A01
200900026042;0;7;0;0;2;1;1;B01
200900026042;0;1;0;0;2;1;21;A01
200900026043;0;1;0;0;2;8;18;B01
200900026043;0;7;0;0;2;7;1;A01
200900026044;0;7;0;0;2;3;1;B01
200900026044;0;30;0;0;2;1;1;A01
200900026045;0;1;0;0;1;1;1;A01
200900026046;0;1;0;0;2;8;1;B01
200900026046;0;7;0;0;2;7;17;A01
200900026047;0;1;0;0;2;1;1;A01
200900026048;0;7;0;0;2;8;10;A01
200900026048;0;7;0;0;2;1;1;B01
200900026049;0;2;0;12;0;1;1;A01
200900026050;0;1;0;0;2;1;1;B01
200900026050;1;30;0;0;2;1;1;A01
200900026051;0;10;0;0;0;8;1;C01
200900026051;0;7;0;0;2;7;1;A01
200900026051;0;7;0;0;0;3;1;B01
200900026052;0;7;0;0;2;1;2;C01
200900026052;0;7;0;0;2;1;2;B01
200900026052;0;7;0;0;0;4;1;A01
200900026053;0;7;0;0;0;3;1;B01
200900026053;0;17;0;0;2;2;12;A01
200900026054;0;17;0;0;2;2;12;B01
200900026054;0;7;0;0;0;5;1;C01
200900026054;0;7;0;0;2;8;1;A01
200900026055;0;7;0;4;0;6;1;A01
200900026056;0;7;0;4;0;1;9;A01
200900026057;0;33;0;0;0;8;1;A01
200900026058;0;2;0;0;2;1;1;A01
200900026058;0;1;0;0;2;2;1;B01
200900026059;0;7;0;0;2;3;15;B01
200900026059;0;32;0;0;2;1;1;A01
200900026060;0;7;0;0;2;3;1;B01
200900026060;0;1;0;0;2;1;1;A01
200900026061;0;7;0;0;2;4;1;B01
200900026061;0;2;0;0;2;1;1;A01
200900026062;0;7;0;0;2;8;1;B01
200900026062;0;7;0;0;2;1;0;A01
200900026063;0;7;0;13;2;8;2;A01
200900026063;0;7;0;0;2;1;2;B02
200900026064;0;7;0;6;0;1;1;A01
200900026065;0;7;0;13;0;7;14;A01
200900026066;0;1;0;0;2;2;16;B02
200900026066;0;7;0;0;2;3;16;A01
200900026067;0;17;0;0;2;1;1;B02
200900026067;0;7;0;0;2;0;13;A01
200900026068;0;7;0;0;0;9;17;A01
200900026069;0;2;0;0;0;8;1;A01
200900026070;0;33;0;12;0;9;1;A01
200900026071;0;36;0;6;0;3;1;A01
200900026072;0;2;0;0;2;1;15;B02
200900026072;0;7;0;0;2;8;1;A01
200900026073;0;30;0;0;2;7;19;A01
200900026073;0;7;0;0;2;8;1;B02
200900026074;0;7;0;0;0;0;0;A01
200900026075;0;7;0;0;2;1;1;A01
200900026075;0;7;0;0;2;8;15;B02
200900026076;0;10;0;0;2;6;1;C03
200900026076;0;7;0;0;2;3;1;B02
200900026076;0;7;0;0;2;3;13;A01
200900026077;0;7;0;0;1;2;21;A01
200900026078;0;7;0;2;0;1;1;B02
200900026078;0;7;0;0;0;1;1;A01
200900026079;0;2;0;0;2;1;0;A01
200900026079;0;7;0;0;2;6;1;B01
200900026080;0;7;0;0;2;0;1;A01
200900026080;0;2;0;0;2;0;1;B01
200900026081;0;2;0;0;2;2;1;B01
200900026081;0;7;0;0;2;1;0;A01
200900026082;0;33;0;0;2;1;1;B01
200900026082;0;3;0;0;2;1;15;A01
200900026083;0;7;0;0;1;1;1;A01
200900026084;0;33;0;0;2;1;1;A01
200900026084;0;7;0;0;0;6;15;B01
200900026085;0;7;0;0;2;2;1;B01
200900026085;0;7;0;0;2;4;0;A01
200900026086;0;7;0;0;2;6;1;B01
200900026086;0;7;0;4;2;2;17;A01
200900026087;0;33;0;0;2;4;23;B01
200900026087;0;7;0;0;2;1;2;A01
200900026088;0;7;0;0;2;3;9;B01
200900026088;0;2;0;0;2;5;1;A01
200900026089;0;7;0;1;1;1;1;A01
200900026090;0;7;0;0;2;2;0;A01
200900026090;0;33;0;0;2;1;0;B01
200900026091;0;1;0;0;2;6;19;A01
200900026091;0;7;0;0;2;3;1;B01
200900026092;0;7;0;0;2;0;9;A01
200900026092;0;1;0;0;2;1;0;B01
200900026093;0;1;0;0;2;8;0;A01
200900026093;0;33;0;0;2;1;0;B01
200900026094;0;7;0;0;2;7;15;A01
200900026094;0;7;0;0;2;2;1;B01
200900026095;0;7;0;0;2;2;1;B01
200900026095;0;7;0;0;2;1;0;A01
200900026096;0;7;0;0;1;1;0;A01
200900026097;0;7;0;0;2;3;0;A01
200900026097;0;33;0;0;2;7;0;B01
200900026098;0;30;0;0;1;0;0;A01
200900026099;0;33;0;0;6;3;21;A01
200900026100;0;7;0;0;2;3;1;B02
200900026100;0;7;0;0;2;3;13;A01
200900026101;0;7;0;0;2;6;11;B02
200900026101;0;7;0;0;2;2;2;A01
200900026102;0;7;0;6;0;8;14;A01
200900026103;0;33;0;13;0;1;1;A01
200900026104;0;33;0;0;2;8;13;A01
200900026104;0;7;0;0;0;3;1;B02
200900026105;0;7;0;0;2;1;2;A01
200900026105;0;17;0;0;2;4;2;B02
200900026106;0;30;0;0;0;0;0;A01
200900026107;0;7;0;0;2;1;15;B02
200900026107;0;2;0;0;2;1;1;A01
200900026108;0;7;0;0;2;2;13;A01
200900026108;0;10;0;0;2;2;1;B02
200900026109;0;33;0;0;2;1;17;A01
200900026109;0;7;0;0;2;3;15;B02
200900026110;0;7;0;10;0;1;13;A01
200900026111;0;7;0;2;0;3;1;A01
200900026112;0;7;0;16;0;1;1;A01
200900026113;0;7;0;3;0;9;1;A01
200900026114;0;31;0;11;0;1;1;A01
200900026115;0;7;0;2;0;1;1;A01
200900026116;0;7;0;0;2;3;1;B02
200900026116;0;7;0;0;2;3;15;A01
200900026117;0;7;0;3;2;7;1;A01
200900026118;0;7;0;0;0;6;1;B02
200900026118;0;32;0;0;2;1;17;A01
200900026119;0;33;0;3;0;1;1;A01
200900026120;0;7;0;0;2;3;1;B02
200900026120;0;7;0;0;2;3;1;A01
200900026121;0;7;0;2;0;2;1;A01
200900026122;0;17;0;0;0;0;1;B02
200900026122;0;7;0;0;2;2;11;A01
200900026123;0;2;0;0;2;1;13;A01
200900026123;0;7;0;0;2;3;1;B02
200900026123;0;7;0;0;2;3;1;C03
200900026124;0;7;0;0;2;8;19;A01
200900026124;0;30;0;0;2;1;1;B02
200900026125;0;17;0;0;0;6;23;A01
200900026125;0;17;0;1;0;2;1;B02
200900026126;0;33;0;0;6;1;1;A01
200900026127;0;7;0;14;0;7;13;A01
200900026128;0;7;0;0;0;3;15;A01
200900026128;0;1;0;0;2;1;1;B02
200900026129;0;7;0;16;0;1;1;A01
200900026130;0;7;0;13;0;1;14;A01
200900026131;0;1;0;0;2;8;0;B02
200900026131;0;7;0;0;9;5;0;A01
200900026132;0;7;0;0;0;1;1;A01
200900026133;0;7;0;13;0;1;14;A01
200900026134;0;7;0;0;2;1;1;A01
200900026134;0;7;0;0;2;4;23;B01
200900026135;0;33;0;0;2;1;1;B01
200900026135;0;7;0;0;2;3;15;A01
200900026136;0;1;0;0;2;1;1;B01
200900026136;0;33;0;0;2;8;9;A01
200900026137;0;2;0;0;2;1;1;A01
200900026137;0;7;0;0;2;3;15;B01
200900026138;0;33;0;0;2;8;1;A01
200900026138;0;7;0;0;2;4;20;B01
200900026139;0;7;0;0;2;1;0;A01
200900026139;0;7;0;0;2;0;0;B01
200900026140;0;7;0;0;2;1;2;A01
200900026140;0;7;0;0;2;4;2;B01
200900026141;0;33;0;0;2;0;0;B01
200900026141;0;7;0;0;2;6;1;A01
200900026142;0;33;0;0;2;1;1;A01
200900026142;0;7;0;0;2;4;16;B01
200900026143;0;7;0;0;1;4;4;A01
200900026144;0;7;0;0;1;0;0;A01
200900026145;0;2;0;0;2;1;0;A01
200900026145;0;7;0;0;2;4;0;B01
200900026146;0;7;0;0;2;1;1;A01
200900026146;0;7;0;0;2;0;0;B01
200900026147;0;7;0;0;2;1;0;A01
200900026147;0;7;0;0;2;2;1;B01
200900026148;0;7;0;2;0;1;0;A01
200900026149;0;7;0;0;9;2;23;B01
200900026149;0;1;0;0;2;1;13;A01
200900026150;0;7;0;0;2;8;22;A01
200900026150;0;1;0;1;0;1;0;B01
200900026151;0;1;0;0;2;4;19;B01
200900026151;0;7;0;0;2;7;2;A01
200900026152;0;7;0;0;2;1;1;B01
200900026152;0;7;0;0;0;8;19;A01
200900026153;0;30;0;0;2;1;15;A01
200900026153;0;7;0;0;0;1;2;B01
200900026154;0;7;0;0;2;0;0;A01
200900026154;0;33;0;0;2;1;0;B01
200900026155;0;7;0;7;2;2;1;A01
200900026155;0;7;0;0;2;3;15;B01
200900026156;0;33;0;1;0;1;0;A01
200900026157;0;32;0;0;0;0;0;A01
200900026158;0;33;0;0;2;1;2;A01
200900026158;0;7;0;0;2;4;1;B01
200900026159;0;7;0;0;1;0;1;A01
200900026160;0;7;0;0;0;3;1;A01
200900026161;0;7;0;13;0;7;15;A01
200900026162;0;7;0;8;0;1;0;A01
200900026163;0;1;0;0;0;1;1;B01
200900026163;0;7;0;0;2;2;1;A01
200900026164;0;7;0;2;0;1;0;A01
200900026165;0;7;0;1;0;1;14;A01
200900026166;0;7;0;9;2;3;0;A01
200900026166;0;2;0;0;2;1;1;B01
200900026167;0;7;0;0;9;1;2;A01
200900026167;0;30;0;0;2;4;2;B01
200900026168;0;7;0;0;2;3;1;B02
200900026168;0;33;0;0;2;3;1;A01
200900026169;0;10;0;0;9;1;2;A01
200900026169;0;20;0;0;2;4;0;B02
200900026170;0;36;0;0;0;0;14;A01
200900026171;0;7;0;0;2;3;1;B02
200900026171;0;7;0;0;2;3;15;A01
200900026172;0;7;0;0;2;3;1;A01
200900026172;0;7;0;0;2;3;1;B02
200900026172;0;7;0;0;2;3;1;C03
200900026173;0;7;0;0;2;8;15;A01
200900026173;0;7;0;0;2;3;21;B02
200900026174;0;7;0;0;2;1;17;B02
200900026174;0;7;0;0;0;8;1;C03
200900026174;0;10;0;0;0;3;1;D04
200900026174;0;7;0;0;2;1;13;A01
200900026175;0;33;0;1;0;1;1;A01
200900026176;0;31;0;13;0;1;1;A01
200900026177;0;33;0;0;2;3;1;B02
200900026177;0;33;0;0;2;3;1;C03
200900026177;0;7;0;0;2;3;13;A01
200900026178;0;7;0;1;0;1;1;A01
200900026178;0;7;0;0;2;4;23;B02
200900026179;0;1;0;0;2;1;1;B02
200900026179;0;7;0;0;9;2;15;A01
200900026180;0;7;0;0;2;2;13;A01