num_acc;senc;catv;occutc;obs;obsm;choc;manv;num_veh
200900026180;0;33;0;0;2;1;1;B02
200900026181;0;7;0;13;0;1;1;A01
200900026182;0;10;0;0;0;7;19;B02
200900026182;0;7;0;0;2;1;1;A01
200900026183;0;7;0;0;2;7;21;A01
200900026184;0;7;0;13;0;1;1;A01
200900026185;0;7;0;0;2;1;1;A01
200900026185;0;7;0;0;2;1;1;B02
200900026186;0;7;0;0;2;1;1;A01
200900026186;0;7;0;0;2;4;23;B01
200900026187;0;33;0;0;2;1;17;A01
200900026187;0;7;0;0;2;6;15;B01
200900026188;0;7;0;0;0;6;2;B01
200900026188;0;7;0;0;2;2;2;A01
200900026189;0;7;0;0;2;1;13;A01
200900026189;0;7;0;0;2;3;21;B01
200900026190;0;2;0;0;2;1;17;A01
200900026190;1;7;0;0;2;6;15;B01
200900026191;0;7;0;0;0;1;19;A01
200900026191;0;33;0;0;0;1;21;B01
200900026192;0;7;0;0;2;2;4;A01
200900026192;0;2;0;0;2;1;1;B01
200900026193;0;7;0;0;2;2;2;A01
200900026193;0;7;0;0;2;6;15;B01
200900026194;0;30;0;0;2;1;2;A01
200900026194;0;30;0;0;2;6;0;B01
200900026195;0;7;0;0;2;3;9;A01
200900026195;0;30;0;0;2;1;1;B02
200900026196;0;7;0;0;9;1;1;B02
200900026196;0;1;0;0;2;1;13;A01
200900026197;0;7;0;0;2;3;1;B02
200900026197;0;2;0;0;2;1;15;A01
200900026198;0;7;0;0;2;1;13;A01
200900026198;0;7;0;0;2;1;1;B02
200900026199;0;33;0;13;0;1;17;A01
200900026200;0;30;0;0;2;1;13;B02
200900026200;0;30;0;0;2;1;1;A01
200900026201;0;33;0;8;0;1;0;A01
200900026202;0;7;0;0;2;3;1;B01
200900026202;0;7;0;0;2;2;13;A02
200900026203;0;7;0;13;0;1;1;A01
200900026204;0;7;0;0;2;1;2;A01
200900026204;0;30;0;0;2;4;2;B02
200900026205;0;33;0;13;0;1;1;A01
200900026206;0;14;0;0;2;2;19;A01
200900026206;0;7;0;0;2;3;1;B02
200900026207;0;7;0;0;1;3;1;A01
200900026208;0;7;0;0;2;3;15;B02
200900026208;0;2;0;0;2;1;13;A01
200900026209;0;30;0;0;2;1;13;A01
200900026209;0;7;0;0;2;2;1;B02
200900026210;0;7;0;0;1;6;4;A01
200900026211;0;7;0;0;0;4;2;B01
200900026211;0;7;0;0;2;4;2;C01
200900026211;0;7;0;0;2;1;2;A01
200900026212;0;7;0;0;2;1;1;A01
200900026212;0;7;0;0;2;4;24;D01
200900026212;0;7;0;0;2;4;0;C01
200900026212;0;10;0;0;2;6;1;B01
200900026212;0;7;0;0;2;4;0;E01
200900026213;0;37;17;0;2;3;19;B02
200900026213;0;7;0;0;2;1;1;A01
200900026214;0;7;0;0;2;1;1;B01
200900026214;0;10;0;0;2;1;1;A01
200900026215;0;1;0;0;2;1;18;A01
200900026215;0;7;0;0;2;2;22;B01
200900026216;0;7;0;0;1;3;15;B01
200900026216;0;7;0;0;2;1;1;A01
200900026217;1;7;0;0;1;1;1;A01
200900026218;0;7;0;0;2;6;15;B01
200900026218;0;2;0;0;2;1;1;A01
200900026219;0;7;0;0;2;1;13;A01
200900026219;0;7;0;0;2;1;1;B01
200900026220;0;7;0;0;2;3;1;B01
200900026220;0;2;0;0;2;1;1;A01
200900026221;0;16;0;0;2;6;2;B02
200900026221;0;7;0;0;2;1;2;A01
200900026222;0;7;0;0;2;6;13;A01
200900026222;0;31;0;0;2;1;1;B02
200900026223;0;7;0;0;0;1;1;A01
200900026224;0;37;0;0;0;6;23;B02
200900026224;0;7;0;1;0;1;2;A01
200900026225;0;7;0;0;2;1;1;B02
200900026225;0;7;0;0;2;1;13;A01
200900026225;0;7;0;0;2;3;1;C03
200900026226;0;7;0;2;0;1;0;A01
200900026227;0;33;0;0;2;1;1;A01
200900026227;0;21;0;0;2;6;19;B02
200900026228;0;7;0;0;2;2;17;A01
200900026228;0;17;0;0;2;6;1;B02
200900026229;0;7;0;0;2;3;11;A01
200900026229;0;7;0;0;2;7;17;B02
200900026230;0;7;0;8;2;1;13;A01
200900026230;0;7;0;0;2;3;1;B02
200900026231;0;7;0;0;2;3;17;A01
200900026231;0;7;0;0;2;3;1;B02
200900026232;0;36;0;0;0;1;1;A01
200900026233;0;7;0;0;2;1;1;B02
200900026233;0;1;0;0;2;4;1;A01
200900026234;0;33;0;0;2;3;13;A01
200900026234;0;7;0;0;2;3;1;B02
200900026235;0;7;0;0;0;3;1;B02
200900026235;0;7;0;0;0;3;1;A01
200900026236;0;7;0;6;0;1;1;A01
200900026237;0;7;0;0;2;3;1;B02
200900026237;0;7;0;0;2;3;5;A01
200900026238;0;7;0;4;0;1;1;A01
200900026239;0;33;0;0;0;9;14;A01
200900026240;0;7;0;13;0;1;13;A01
200900026241;0;1;0;0;2;4;1;B02
200900026241;1;10;0;0;9;2;1;A01
200900026242;0;7;0;0;1;1;16;A01
200900026243;0;1;0;0;1;1;1;A01
200900026244;0;7;0;0;1;7;1;A01
200900026245;0;7;0;0;2;2;1;B01
200900026245;0;3;0;0;2;3;9;A01
200900026246;0;7;0;0;1;2;1;A01
200900026247;0;2;0;0;2;3;5;A01
200900026247;0;7;0;0;2;1;1;B01
200900026248;0;7;0;0;2;4;0;B01
200900026248;0;7;0;0;2;1;1;A01
200900026249;0;7;0;0;2;1;0;B01
200900026249;0;7;0;0;2;1;0;A01
200900026250;0;30;0;0;2;1;1;B01
200900026250;0;7;0;0;2;5;4;A01
200900026251;0;7;0;0;9;3;1;B02
200900026251;0;10;0;0;9;3;1;A01
200900026252;0;7;0;0;2;3;1;A01
200900026252;0;35;0;0;2;2;14;B02
200900026253;0;1;0;0;2;4;2;B01
200900026253;0;7;0;0;2;1;2;A01
200900026254;0;1;0;0;2;3;18;B01
200900026254;0;14;0;0;2;7;16;A01
200900026255;0;1;0;0;2;1;19;B02
200900026255;0;7;0;0;2;8;1;A01
200900026256;0;7;0;0;0;4;1;B01
200900026256;0;2;0;0;2;1;1;A01
200900026257;0;7;0;0;2;2;9;B01
200900026257;0;2;0;0;2;1;1;A01
200900026258;0;7;0;0;1;3;1;A01
200900026259;0;7;0;8;0;8;2;A01
200900026260;0;7;0;0;2;1;5;A01
200900026260;0;7;0;0;2;1;1;B01
200900026261;0;7;0;13;0;1;1;A01
200900026262;0;7;0;3;0;3;14;A01
200900026263;0;31;0;0;2;1;1;B02
200900026263;0;7;0;0;2;2;19;A01
200900026264;0;7;0;13;0;3;16;A01
200900026265;0;33;0;3;0;7;1;A01
200900026266;0;7;0;0;0;2;15;B01
200900026266;0;7;0;0;2;2;1;A01
200900026267;0;15;0;0;0;0;1;A01
200900026268;0;7;0;8;0;3;1;A01
200900026269;0;7;0;0;2;1;1;B02
200900026269;0;7;0;0;2;1;13;A01
200900026270;0;7;0;0;2;3;13;A01
200900026270;0;7;0;0;2;3;1;B02
200900026271;0;7;0;0;0;4;0;A01
200900026271;0;33;0;0;2;1;2;B02
200900026272;0;7;0;0;0;9;1;A01
200900026273;0;17;0;0;2;2;21;B02
200900026273;0;17;0;0;0;6;2;A01
200900026274;0;7;0;0;2;1;13;A01
200900026274;0;7;0;0;2;1;1;B02
200900026275;0;10;0;0;2;1;1;B02
200900026275;0;10;0;0;2;7;5;A01
200900026276;0;1;0;0;5;1;1;A01
200900026277;0;7;0;0;2;1;1;B02
200900026277;0;7;0;0;0;3;15;A01
200900026278;0;10;0;0;2;3;13;A01
200900026278;0;7;0;0;2;8;1;B02
200900026279;0;31;0;0;2;1;1;A01
200900026279;0;7;0;0;2;4;2;B01
200900026280;0;7;0;0;2;1;13;A01
200900026280;0;7;0;0;2;1;2;B01
200900026281;0;1;0;1;0;1;19;B01
200900026281;0;7;0;1;0;2;0;A01
200900026282;1;7;0;0;2;7;11;A01
200900026282;0;1;0;0;2;1;1;B01
200900026283;0;33;0;0;0;8;14;A01
200900026284;0;7;0;0;2;5;23;B01
200900026284;0;2;0;0;2;3;21;A01
200900026285;0;33;0;0;2;1;17;B01
200900026285;0;7;0;0;2;8;10;A01
200900026286;0;7;0;3;0;1;13;A01
200900026287;0;2;0;0;2;1;2;A01
200900026287;0;7;0;0;0;4;2;B01
200900026288;0;7;0;0;2;2;1;A01
200900026288;0;1;0;0;0;4;1;B01
200900026289;0;1;0;0;0;0;0;B02
200900026289;0;14;0;0;0;0;2;A01
200900026290;0;30;0;0;0;1;6;A01
200900026291;0;17;0;0;1;5;15;A01
200900026292;0;21;0;0;2;7;19;B02
200900026292;0;7;0;0;2;1;1;A01
200900026293;0;2;0;1;0;1;14;A01
200900026294;0;7;0;0;0;6;23;B02
200900026294;0;33;0;1;0;1;2;A01
200900026295;0;7;0;0;2;1;13;A01
200900026295;0;33;0;0;2;1;1;B02
200900026296;0;30;0;8;0;7;1;A01
200900026297;0;10;0;0;2;3;1;B02
200900026297;0;33;0;0;2;1;17;A01
200900026298;0;10;0;0;0;1;1;B02
200900026298;0;7;0;2;0;5;1;A01
200900026299;0;7;0;0;2;1;1;B02
200900026299;0;7;0;0;2;1;13;A01
200900026300;0;7;0;6;0;1;1;A01
200900026301;0;7;0;0;2;6;11;B02
200900026301;0;7;0;0;9;8;1;C03
200900026301;0;33;0;0;2;7;11;A01
200900026302;0;2;0;12;0;7;1;A01
200900026303;0;7;0;0;0;3;1;A01
200900026304;0;7;0;0;0;9;2;B02
200900026304;0;7;0;0;0;4;15;A01
200900026304;0;7;0;0;0;1;2;C03
200900026305;0;31;0;0;2;5;1;B02
200900026305;0;17;0;0;2;3;1;A01
200900026306;0;31;0;3;0;1;2;A01
200900026307;0;7;0;2;0;1;1;A01
200900026308;0;7;0;0;2;6;1;A01
200900026308;0;33;0;0;2;1;1;B02
200900026309;0;7;0;0;2;1;1;B02
200900026309;0;7;0;0;2;1;13;A01
200900026310;0;7;0;13;0;9;1;A01
200900026311;0;15;0;13;0;3;16;A01
200900026312;0;1;0;0;2;1;1;B02
200900026312;0;7;0;0;2;2;17;A01
200900026313;0;33;0;9;0;8;1;A01
200900026314;0;32;0;0;2;7;1;A01
200900026314;0;7;0;0;2;1;19;B01
200900026315;0;2;0;0;2;7;17;A01
200900026315;0;7;0;0;2;3;2;B01
200900026316;0;33;0;0;2;1;1;B01
200900026316;0;7;0;0;2;2;15;A01
200900026317;1;35;0;0;1;4;10;A01
200900026318;0;7;0;1;0;1;14;A01
200900026319;0;33;0;0;2;1;1;B01
200900026319;0;7;0;0;2;8;13;A01
200900026320;0;33;0;0;2;8;0;A01
200900026320;0;7;0;0;2;1;15;B01
200900026321;0;15;0;13;0;7;14;A01
200900026322;0;7;0;0;9;8;1;A01
200900026323;0;7;0;6;0;1;0;A01
200900026324;0;2;0;8;0;1;14;A01
200900026325;0;7;0;8;0;8;0;A01
200900026326;0;7;0;13;0;1;1;A01
200900026327;0;7;0;6;2;2;1;A01
200900026327;0;38;35;0;2;1;1;B02
200900026328;0;30;0;0;0;0;14;A01
200900026329;0;7;0;0;2;3;1;A01
200900026329;0;33;0;0;2;1;5;B02
200900026330;0;7;0;6;0;1;1;A01
200900026331;0;30;0;0;2;8;10;A01
200900026331;0;7;0;0;2;2;17;B02
200900026332;0;2;0;0;2;8;1;B02
200900026332;0;7;0;0;2;2;15;A01
200900026333;0;10;0;0;0;0;1;A01
200900026334;0;7;0;13;0;2;1;A01
200900026335;0;7;0;13;0;1;13;A01
200900026336;0;7;0;0;2;2;1;B02
200900026336;0;7;0;0;2;8;1;A01
200900026337;0;7;0;0;2;7;13;A01
200900026337;0;7;0;0;2;1;1;B02
200900026338;0;7;0;0;2;3;20;A01
200900026338;0;7;0;0;2;2;1;B02
200900026339;0;21;0;0;2;3;0;B02
200900026339;0;7;0;0;2;3;1;A01
200900026340;0;7;0;0;2;1;1;A01
200900026340;0;7;0;0;2;2;1;B02
200900026341;0;33;0;2;0;8;1;A01
200900026342;0;7;0;0;0;2;1;A01
200900026343;0;7;0;2;0;3;1;A01
200900026344;0;21;0;0;0;7;19;B02
200900026344;0;2;0;0;0;1;0;A01
200900026345;0;16;0;0;2;3;19;A01
200900026345;0;7;0;0;2;2;1;B02
200900026346;0;2;0;0;0;8;1;A01
200900026347;0;2;0;0;2;1;13;A01
200900026347;0;7;0;0;2;2;1;B02
200900026348;0;1;0;0;0;0;1;A01
200900026349;0;1;0;0;2;1;13;A01
200900026349;0;1;0;0;2;1;1;B01
200900026350;0;7;0;0;1;2;0;A01
200900026351;0;3;0;8;0;2;2;A01
200900026352;0;30;0;0;2;1;1;A01
200900026352;0;7;0;0;2;3;16;B02
200900026353;1;99;0;0;2;1;1;A01
200900026353;0;7;0;0;2;6;15;B01
200900026354;0;33;0;15;0;1;1;A01
200900026355;0;10;0;0;2;8;19;A01
200900026355;0;30;0;0;2;1;19;B02
200900026356;0;1;0;0;2;8;1;B02
200900026356;0;7;0;0;2;7;17;A01
200900026357;0;7;0;0;1;7;9;A01
200900026358;0;2;0;0;2;1;1;A01
200900026358;0;37;0;0;2;1;1;B01
200900026359;0;15;0;0;2;1;2;B02
200900026359;0;7;0;0;2;4;1;A01
200900026360;0;31;0;13;0;1;1;A01
200900026361;0;30;0;6;0;1;14;A01
200900026362;0;7;0;1;0;1;1;A01
200900026363;0;7;0;0;0;5;1;B01
200900026363;0;7;0;0;0;3;9;A01
200900026364;0;1;0;0;2;8;2;B01
200900026364;0;7;0;0;9;2;17;A01
200900026365;0;7;0;2;0;1;14;A01
200900026366;2;99;0;2;0;3;17;A01
200900026367;0;7;0;0;2;1;2;A01
200900026367;0;7;0;0;2;4;2;B01
200900026368;0;7;0;0;2;1;1;A01
200900026368;0;10;0;7;0;9;1;B01
200900026369;0;33;0;0;2;6;2;B02
200900026369;0;33;0;0;2;1;1;A01
200900026370;0;7;0;0;2;8;15;A01
200900026370;0;2;0;0;2;7;17;B01
200900026371;0;1;0;0;2;7;19;B01
200900026371;0;7;0;0;2;1;1;A01
200900026372;0;7;0;0;2;2;15;A01
200900026372;0;32;0;0;2;7;1;B01
200900026373;0;7;0;0;2;3;15;A01
200900026373;0;1;0;0;2;1;19;B01
200900026374;0;7;0;0;2;4;1;A01
200900026374;0;7;0;0;2;2;1;B01
200900026375;1;7;0;0;1;2;1;A01
200900026376;0;7;0;0;2;2;15;A01
200900026376;0;2;0;0;2;1;1;B01
200900026377;0;7;0;0;2;1;15;A01
200900026377;0;7;0;0;2;1;1;B01
200900026378;0;7;0;0;2;8;1;B01
200900026378;0;31;0;0;2;8;12;A01
200900026379;0;7;0;0;1;4;4;A01
200900026380;0;7;0;0;2;3;1;A01
200900026380;0;7;0;0;2;2;1;B02
200900026381;0;7;0;3;0;2;14;A01
200900026382;0;21;0;0;2;6;1;B02
200900026382;0;10;0;0;2;5;17;A01
200900026383;0;7;0;8;0;1;21;A01
200900026384;0;33;0;2;0;7;1;A01
200900026385;0;7;0;0;0;9;1;A01
200900026386;0;33;0;0;6;1;1;A01
200900026387;0;33;0;13;0;1;1;A01
200900026388;0;10;0;13;0;7;1;A01
200900026389;0;7;0;7;0;2;14;A01
200900026390;0;10;0;2;0;3;2;A01
200900026391;0;33;0;0;2;8;13;A01
200900026391;0;7;0;0;2;8;1;B02
200900026392;0;7;0;8;0;8;1;A01
200900026392;0;7;0;0;2;1;1;B02
200900026393;0;7;0;8;0;8;1;A01
200900026394;0;7;0;14;0;1;13;A01
200900026395;0;7;0;0;2;3;13;A01
200900026395;0;7;0;0;2;2;1;B02
200900026396;0;7;0;0;2;3;15;A01
200900026396;0;30;0;0;2;1;1;B02
200900026397;0;7;0;0;1;7;1;A01
200900026398;0;2;0;0;2;1;1;B01
200900026398;0;7;0;0;2;1;15;A01
200900026399;0;7;0;0;2;3;1;B01
200900026399;0;31;0;0;2;9;1;A01
200900026400;0;7;0;0;2;3;21;B01
200900026400;0;7;0;0;2;1;17;A01
200900026401;0;7;0;0;2;7;15;A01
200900026401;0;7;0;0;2;2;1;B01
200900026402;0;7;0;0;1;1;1;A01
200900026403;0;33;0;0;2;1;2;B01
200900026403;0;7;0;0;2;4;1;A01
200900026404;0;7;0;0;2;1;2;A01
200900026404;0;7;0;0;2;4;1;B01
200900026405;0;31;0;0;2;7;1;A01
200900026405;0;7;0;0;2;8;15;B01
200900026406;0;7;0;15;0;9;14;A01
200900026407;0;7;0;0;2;1;13;A01
200900026407;0;7;0;0;2;3;21;B01
200900026408;0;7;0;0;2;7;16;A01
200900026408;0;2;0;0;2;1;1;B01
200900026409;0;7;0;0;2;1;2;A01
200900026409;0;7;0;0;2;4;23;B01
200900026409;0;7;0;0;2;4;23;C01
200900026410;0;7;0;0;2;5;15;A01
200900026410;0;33;0;0;2;2;1;B02
200900026411;0;7;0;6;0;1;1;A01
200900026412;0;7;0;0;2;1;1;B02
200900026412;0;7;0;0;2;1;13;A01
200900026413;0;1;0;0;1;1;2;A01
200900026414;0;33;0;5;0;1;13;B02
200900026414;0;33;0;5;0;8;13;A01
200900026415;0;7;0;13;0;2;14;A01
200900026416;0;7;0;8;0;9;1;A01
200900026417;0;7;0;13;0;3;19;A01
200900026418;0;7;0;0;2;6;0;B02
200900026418;0;33;0;0;2;1;17;A01
200900026419;0;3;0;0;2;3;15;A01
200900026419;0;34;0;13;2;1;1;B02
200900026420;0;33;0;0;2;1;1;A01
200900026420;0;7;0;0;2;2;19;B02
200900026421;0;7;0;0;2;1;2;A01
200900026421;0;33;0;0;2;4;2;B02
200900026422;0;1;0;0;2;8;1;B02
200900026422;0;30;0;0;2;1;6;A01
200900026423;0;30;0;0;2;1;19;A01
200900026423;0;7;0;0;2;3;1;B02
200900026424;0;7;0;0;2;7;16;A01
200900026424;0;1;0;0;2;3;1;B02
200900026425;0;7;0;0;2;7;17;A01
200900026425;0;1;0;0;2;3;1;B02
200900026426;0;7;0;9;0;3;14;A01
200900026427;0;7;0;0;2;1;2;A01
200900026427;0;7;0;0;0;4;23;B02
200900026428;0;7;0;6;0;2;16;A01
200900026429;0;7;0;13;0;3;1;A01
200900026430;0;31;0;0;2;8;1;A01
200900026430;0;7;0;0;0;5;15;B02
200900026431;0;7;0;16;0;2;14;A01
200900026432;0;7;0;0;2;1;1;B02
200900026432;0;7;0;0;2;8;15;A01
200900026433;0;7;0;8;0;3;13;A01
200900026434;0;7;0;0;2;1;17;A01
200900026434;0;30;0;0;2;8;15;B02
200900026435;0;30;0;0;2;1;5;B02
200900026435;0;7;0;0;2;1;13;A01
200900026436;0;7;0;0;2;8;16;B01
200900026436;0;31;0;2;2;2;1;A01
200900026437;0;1;0;0;2;0;0;B01
200900026437;0;7;0;0;2;0;0;A01
200900026438;0;7;0;0;2;8;1;B01
200900026438;0;33;0;0;2;2;15;A01
200900026439;0;33;0;0;0;8;1;A01
200900026440;0;10;0;0;2;1;1;A01
200900026440;0;7;0;0;2;8;19;B02
200900026441;0;7;0;0;2;3;1;B02
200900026441;0;10;0;0;2;3;13;A01
200900026442;0;2;0;8;0;1;1;A01
200900026443;0;7;0;2;0;7;1;A01
200900026444;0;30;0;6;0;1;1;A01
200900026445;0;37;1;0;1;2;1;A01
200900026446;0;7;0;0;2;2;15;A01
200900026446;0;30;0;0;2;1;1;B01
200900026446;0;7;0;0;2;1;1;C01
200900026447;0;30;0;0;0;0;1;A01
200900026448;0;7;0;0;2;3;1;B01
200900026448;0;30;0;0;2;8;1;A01
200900026449;0;7;0;0;1;2;1;A01
200900026450;0;30;0;1;0;1;2;A01
200900026451;0;2;0;0;2;1;13;A01
200900026451;0;7;0;0;2;8;1;B01
200900026452;0;7;0;0;0;4;23;A01
200900026452;0;7;0;14;0;1;2;D01
200900026452;0;7;0;14;0;1;2;C01
200900026452;0;7;0;14;0;1;2;B01
200900026453;0;30;0;1;0;1;2;A01
200900026454;0;7;0;0;1;1;9;A01
200900026455;0;33;0;0;2;1;1;B02
200900026455;0;7;0;0;2;6;15;A01
200900026456;0;7;0;0;2;8;1;B02
200900026456;0;10;0;0;2;1;1;A01
200900026457;0;30;0;0;2;7;1;A01
200900026457;0;21;0;0;2;5;1;B02
200900026458;0;1;0;0;2;1;21;B01
200900026458;0;7;0;0;2;3;15;A01
200900026459;0;1;0;0;1;1;1;A01
200900026460;0;10;0;0;1;4;4;A01
200900026461;0;7;0;0;1;1;1;A01
200900026461;0;1;0;0;2;7;15;B01
200900026462;0;33;0;0;2;1;1;B01
200900026462;0;7;0;0;2;1;1;A01
200900026463;0;7;0;0;2;4;2;A01
200900026463;0;7;0;0;2;1;2;B01
200900026464;0;15;0;0;1;1;1;A01
200900026465;0;1;0;0;2;1;1;B01
200900026465;0;7;0;0;2;2;15;A01
200900026466;0;7;0;0;2;1;15;A01
200900026466;0;7;0;0;2;1;1;B01
200900026467;0;7;0;0;2;3;1;B01
200900026467;0;1;0;0;2;1;1;A01
200900026468;0;7;0;0;2;7;15;A01
200900026468;0;2;0;0;2;1;1;B01
200900026469;0;10;0;0;1;1;1;A01
200900026470;0;10;0;0;2;1;1;B01
200900026470;0;7;0;0;2;3;15;A01
200900026471;0;1;0;0;2;0;2;A01
200900026471;1;14;0;0;2;0;2;B01
200900026472;0;7;0;0;2;3;15;B02
200900026472;0;7;0;0;2;2;1;A01
200900026473;0;7;0;0;2;1;16;A01
200900026473;0;7;0;0;0;1;0;B02
200900026474;0;7;0;6;0;1;0;A01
200900026475;0;33;0;0;2;1;13;A01
200900026475;0;7;0;0;2;1;1;B02
200900026476;0;7;0;13;0;9;14;A01
200900026477;0;7;0;2;2;2;13;A01
200900026477;0;2;0;0;2;1;1;B02
200900026478;0;7;0;0;2;1;15;B02
200900026478;0;33;0;0;2;7;1;A01
200900026479;0;31;0;0;2;1;1;A01
200900026479;0;7;0;0;2;2;19;B02
200900026480;0;7;0;0;2;1;1;B02
200900026480;0;7;0;0;2;1;13;A01
200900026481;0;14;0;0;2;2;15;B02
200900026481;0;33;0;0;2;1;1;A01
200900026482;0;7;0;0;2;2;1;A01
200900026482;0;1;0;0;9;4;1;B02
200900026483;0;7;0;0;2;3;1;A01
200900026483;0;7;0;0;2;3;1;B02
200900026484;0;7;0;13;0;1;14;A01
200900026485;0;30;0;0;2;8;16;A01
200900026485;0;7;0;0;2;3;1;B02
200900026486;0;99;0;0;1;2;0;A01
200900026487;0;33;0;0;0;8;1;A01
200900026488;0;10;0;0;0;0;1;A01
200900026488;0;10;0;0;9;1;1;B02
200900026489;0;31;0;0;2;8;1;A01
200900026489;0;10;0;0;2;3;15;B02
200900026490;0;7;0;6;0;2;1;A01
200900026491;0;33;0;2;0;9;1;A01
200900026492;0;10;0;2;0;1;14;A01
200900026493;0;7;0;6;0;7;1;A01
200900026494;0;7;0;0;2;3;13;A01
200900026494;0;7;0;0;2;3;23;B02
200900026495;0;7;0;3;2;3;1;B02
200900026495;0;10;0;0;2;2;1;A01
200900026496;0;33;0;0;0;1;1;A01
200900026496;0;7;0;0;0;3;15;B02
200900026497;0;7;0;0;2;8;1;A01
200900026497;0;7;0;0;2;1;1;B02
200900026498;0;33;0;0;2;2;17;A01
200900026499;0;7;0;0;2;3;13;A01
200900026499;0;14;0;0;2;3;1;B02
200900026500;0;30;0;0;2;1;19;B02
200900026500;0;10;0;0;2;3;19;A01
200900026501;0;7;0;0;1;3;1;A01
200900026502;0;7;0;0;2;2;17;B02
200900026502;0;21;0;0;2;3;15;A01
200900026503;0;33;0;0;0;7;14;A01
200900026504;0;7;0;0;9;7;15;A01
200900026504;0;1;0;0;2;1;1;B02
200900026505;0;7;0;0;2;3;1;C03
200900026505;0;33;0;0;2;1;1;A01
200900026505;0;7;0;0;1;3;1;D04
200900026505;0;7;0;0;2;7;15;B02
200900026506;0;7;0;0;0;0;0;A01
200900026507;0;7;0;2;0;1;1;A01
200900026508;0;1;0;0;0;4;13;B02
200900026508;0;7;0;0;2;1;17;A01
200900026509;0;7;0;0;0;6;15;A01
200900026510;0;7;0;0;2;3;16;B02
200900026510;0;7;0;0;2;5;17;A01
200900026510;0;2;0;0;2;8;16;C03
200900026511;0;7;0;0;2;1;1;A01
200900026511;0;7;0;0;2;1;1;B02
200900026512;0;7;0;0;0;7;6;A01
200900026512;0;33;0;0;2;1;1;B02
200900026513;0;7;0;16;0;1;13;A01
200900026514;0;7;0;0;2;8;15;A01
200900026514;0;33;0;0;2;1;1;B02
200900026515;0;7;0;4;0;3;13;A01
200900026516;0;10;0;0;0;9;1;A01
200900026517;0;33;0;16;0;9;1;A01
200900026518;0;7;0;8;0;1;1;A01
200900026519;0;7;0;0;0;3;23;C03
200900026519;0;7;0;0;2;3;1;A01
200900026519;0;7;0;0;0;1;19;B02
200900026520;0;7;0;0;2;5;15;A01
200900026520;0;33;0;0;2;3;14;B02
200900026521;0;31;0;0;0;0;21;A01
200900026521;0;7;0;0;0;0;15;B02
200900026522;0;33;0;0;6;1;0;A01
200900026523;0;2;0;1;0;1;14;A01
200900026524;0;7;0;1;1;2;20;A01
200900026524;0;99;0;0;2;5;24;B02
200900026525;0;99;0;13;0;1;1;A01
200900026526;0;10;0;0;2;0;2;C01
200900026526;0;10;0;0;2;3;18;A01
200900026526;0;10;0;0;2;2;12;B01
200900026527;0;7;0;0;2;8;1;B01
200900026527;0;7;0;0;2;1;1;A01
200900026527;0;7;0;0;2;3;1;C01
200900026528;0;7;0;3;0;9;17;A01
200900026529;0;7;0;0;0;4;2;B01
200900026529;0;7;0;0;2;1;2;A01
200900026529;0;7;0;0;0;4;1;C01
200900026530;0;7;0;0;0;4;1;B01
200900026530;0;7;0;0;2;1;2;A01
200900026531;0;7;0;0;2;4;2;B01
200900026531;0;31;0;0;2;1;2;A01
200900026532;0;7;0;0;2;3;1;A01
200900026532;0;7;0;0;2;2;15;B01
200900026533;0;7;0;0;2;3;1;A01
200900026533;0;10;0;0;2;6;1;B01
200900026534;0;7;0;0;2;1;1;A01
200900026534;0;1;0;0;2;1;17;B01
200900026535;0;1;0;0;2;1;1;B01
200900026535;0;7;0;0;2;3;1;A01
200900026536;0;7;0;0;2;1;1;A01
200900026537;0;7;0;0;2;1;1;A01
200900026537;0;1;0;0;2;1;19;B01
200900026538;1;30;0;0;1;0;15;A01
200900026539;0;2;0;0;2;8;1;B01
200900026539;0;7;0;0;2;7;16;A01
200900026540;0;7;0;0;1;4;4;A01
200900026541;0;7;0;0;2;1;1;A01
200900026541;0;37;16;0;0;4;1;B01
200900026542;0;7;0;0;2;8;13;A01
200900026542;0;33;0;0;2;1;17;B01
200900026543;0;33;0;0;2;1;1;B01
200900026543;0;7;0;0;2;7;15;A01
200900026544;0;32;0;0;2;1;1;B01
200900026544;0;7;0;0;2;2;1;A01
200900026545;0;7;0;0;2;1;15;A01
200900026545;0;33;0;0;2;8;1;B01
200900026546;0;7;0;0;2;1;15;A01
200900026546;0;2;0;0;2;1;1;B01
200900026547;0;7;0;0;2;4;2;C01
200900026547;0;7;0;0;2;4;2;B01
200900026547;0;7;0;0;2;4;2;D01
200900026547;0;7;0;0;2;1;2;A01
200900026548;0;32;0;0;2;1;1;B01
200900026548;0;7;0;0;2;5;15;A01
200900026549;0;7;0;4;2;5;1;A01
200900026550;0;7;0;2;0;1;0;A01
200900026551;0;7;0;0;2;2;15;A01
200900026551;0;32;0;0;2;1;1;B01
200900026552;0;7;0;0;2;4;2;A01
200900026552;0;7;0;0;2;1;2;B01
200900026553;0;7;0;0;2;1;1;A01
200900026553;0;7;0;0;2;3;1;B01
200900026554;0;30;0;0;2;3;1;B01
200900026554;0;7;0;0;2;2;16;A01
200900026555;0;1;0;0;0;0;9;A01
200900026556;0;7;0;0;1;3;1;A01
200900026557;0;7;0;0;2;1;1;B01