num_acc;senc;catv;occutc;obs;obsm;choc;manv;num_veh
200900026557;0;7;0;0;2;1;1;A01
200900026558;0;7;0;0;2;2;17;A01
200900026558;0;7;0;0;2;3;1;B02
200900026559;0;7;0;0;2;2;19;A01
200900026559;0;7;0;0;2;1;1;B02
200900026560;0;33;0;16;0;1;1;A01
200900026561;0;7;0;6;0;1;1;A01
200900026562;0;7;0;13;0;9;1;A01
200900026563;0;33;0;0;2;7;17;B02
200900026563;0;7;0;0;2;3;15;A01
200900026564;0;7;0;0;2;1;15;A01
200900026564;0;7;0;0;2;3;1;B02
200900026565;0;7;0;0;2;2;19;A01
200900026565;0;7;0;0;2;1;1;B02
200900026566;1;7;0;0;2;1;15;A01
200900026566;0;30;0;0;2;1;1;B02
200900026567;0;7;0;0;2;3;19;B02
200900026567;0;7;0;0;2;1;1;A01
200900026568;0;10;0;0;2;2;19;A01
200900026568;0;7;0;0;2;3;1;B02
200900026569;0;2;0;0;2;4;13;A01
200900026569;0;7;0;0;2;3;1;B02
200900026570;0;10;0;0;1;2;1;A01
200900026571;0;1;0;0;2;1;1;B02
200900026571;0;7;0;0;2;2;1;A01
200900026572;0;7;0;13;0;2;1;A01
200900026573;0;7;0;0;0;9;1;A01
200900026574;0;33;0;0;2;1;17;B02
200900026574;0;7;0;0;2;6;17;A01
200900026575;0;10;0;6;0;3;1;A01
200900026576;0;7;0;0;2;1;1;A01
200900026576;0;2;0;0;2;1;15;B02
200900026577;0;7;0;0;2;3;15;A01
200900026577;0;7;0;0;2;3;1;B02
200900026578;0;7;0;0;1;2;1;A01
200900026579;0;37;1;0;2;6;1;B02
200900026579;0;33;0;0;2;1;1;A01
200900026580;0;7;0;0;0;7;1;A01
200900026581;0;7;0;4;2;0;21;A01
200900026582;0;33;0;0;0;7;1;A01
200900026583;0;14;0;13;0;2;1;A01
200900026584;1;7;0;0;1;2;11;A01
200900026585;0;15;0;0;2;3;1;B02
200900026585;0;7;0;0;2;3;13;A01
200900026586;0;14;0;0;2;1;1;A01
200900026586;0;1;0;0;2;1;15;B02
200900026587;0;2;0;0;2;1;13;B02
200900026587;0;7;0;0;2;1;1;A01
200900026588;0;33;0;0;2;7;17;B02
200900026588;0;10;0;0;2;8;17;A01
200900026589;0;1;0;16;9;1;1;A01
200900026589;0;33;0;0;9;1;1;B02
200900026590;0;7;0;0;1;3;1;A01
200900026591;0;7;0;0;0;4;2;B02
200900026591;0;17;0;0;2;1;2;A01
200900026592;0;7;0;0;0;6;0;C03
200900026592;0;33;0;0;2;1;1;A01
200900026592;0;30;0;0;0;1;0;B02
200900026593;0;14;0;0;2;8;1;B02
200900026593;0;7;0;0;2;1;13;A01
200900026594;0;15;0;0;2;6;2;B02
200900026594;0;7;0;0;2;2;2;A01
200900026595;0;7;0;0;1;1;1;A01
200900026596;0;7;0;2;0;3;1;A01
200900026597;0;10;0;0;2;3;0;B02
200900026597;0;7;0;0;2;3;0;A01
200900026598;0;7;0;0;9;1;1;C03
200900026598;0;7;0;0;2;1;1;B02
200900026598;0;7;0;3;0;3;1;A01
200900026599;0;14;0;0;0;0;1;A01
200900026600;0;7;0;0;1;2;1;A01
200900026601;0;7;0;0;2;5;9;A01
200900026601;0;33;0;0;2;1;1;B01
200900026602;0;7;0;0;2;2;1;A01
200900026602;0;7;0;0;2;1;21;B02
200900026603;0;7;0;0;0;2;0;A01
200900026604;0;33;0;0;0;3;1;A01
200900026605;0;7;0;0;2;2;17;A01
200900026605;0;17;0;0;2;0;1;B02
200900026606;0;7;0;0;0;5;0;A01
200900026607;0;7;0;2;0;3;13;A01
200900026608;0;7;0;13;0;3;13;A01
200900026609;0;7;0;4;0;2;1;A01
200900026610;0;7;0;2;0;1;14;A01
200900026611;0;7;0;16;0;2;15;A01
200900026612;0;7;0;13;0;9;1;A01
200900026613;0;7;0;13;0;9;1;A01
200900026614;0;7;0;0;2;1;21;A01
200900026615;0;7;0;0;1;1;1;A01
200900026616;0;7;0;0;2;3;1;A01
200900026616;0;1;0;0;2;1;15;B01
200900026617;0;10;0;0;6;2;1;B02
200900026617;0;10;0;0;0;7;1;A01
200900026618;0;7;0;0;1;3;1;A01
200900026619;0;7;0;7;0;1;1;A01
200900026620;0;7;0;0;2;1;13;A01
200900026620;0;7;0;0;2;2;1;B02
200900026621;0;14;0;0;1;6;1;A01
200900026622;0;7;0;0;1;3;1;A01
200900026623;0;30;0;14;0;1;1;A01
200900026624;0;7;0;0;2;3;20;B02
200900026624;0;1;0;0;2;1;13;A01
200900026625;0;7;0;0;2;3;20;A01
200900026625;0;33;0;0;2;1;1;B02
200900026626;0;33;0;0;2;2;13;B02
200900026626;0;7;0;0;2;2;15;A01
200900026627;0;7;0;0;2;6;1;B02
200900026627;0;7;0;0;2;3;1;A01
200900026628;0;7;0;0;2;4;23;B01
200900026628;0;2;0;0;2;1;1;A01
200900026629;0;7;0;3;0;9;17;A01
200900026630;0;7;0;13;0;9;14;A01
200900026631;0;10;0;0;2;1;2;C03
200900026631;0;10;0;0;2;8;2;A01
200900026631;0;7;0;3;2;8;2;B02
200900026632;0;36;0;1;2;7;14;A01
200900026632;0;7;0;0;2;8;24;B02
200900026633;0;7;0;0;1;3;1;A01
200900026634;0;7;0;3;0;9;1;A01
200900026635;0;7;0;0;1;1;1;A01
200900026636;0;7;0;0;2;1;1;A01
200900026636;0;7;0;0;2;1;1;B01
200900026637;0;7;0;13;0;1;13;A01
200900026638;0;7;0;0;2;5;17;A01
200900026638;0;7;0;0;2;3;1;B02
200900026639;0;7;0;0;2;3;1;B02
200900026639;0;7;0;0;2;3;1;A01
200900026640;0;10;0;0;2;2;1;A01
200900026640;0;2;0;0;2;1;1;B02
200900026641;0;7;0;2;0;6;1;A01
200900026642;0;7;0;9;0;9;18;A01
200900026643;0;7;0;0;2;2;17;A01
200900026643;0;17;0;0;2;6;1;B02
200900026644;0;7;0;0;2;1;16;B02
200900026644;0;7;0;0;2;3;15;A01
200900026645;0;7;0;0;1;2;0;A01
200900026646;0;7;0;0;2;5;1;B02
200900026646;0;7;0;3;2;3;13;A01
200900026647;0;7;0;8;0;8;1;A01
200900026648;0;2;0;0;1;1;1;A01
200900026649;0;7;0;0;2;1;1;B02
200900026649;0;7;0;0;2;2;19;A01
200900026650;0;33;0;0;2;1;1;B02
200900026650;0;7;0;0;2;3;19;A01
200900026651;0;10;0;0;0;9;1;A01
200900026652;0;7;0;13;0;1;14;A01
200900026653;0;33;0;13;0;7;1;A01
200900026654;0;7;0;0;1;3;1;A01
200900026655;0;32;0;0;0;0;1;A01
200900026656;0;2;0;12;0;7;1;A01
200900026657;0;33;0;8;0;1;13;A01
200900026658;0;31;0;0;2;0;17;A01
200900026658;0;1;0;0;2;0;15;B01
200900026659;0;7;0;0;2;3;2;C01
200900026659;0;33;0;0;2;8;3;A01
200900026659;0;10;0;0;2;5;2;B01
200900026660;0;2;0;0;0;7;1;A01
200900026661;0;30;0;0;0;8;1;A01
200900026662;0;7;0;0;2;8;10;A01
200900026662;0;34;0;0;2;1;5;B01
200900026663;0;30;0;12;0;0;21;A01
200900026664;0;32;0;0;2;1;18;B01
200900026664;0;7;0;0;2;7;15;A01
200900026665;0;1;0;0;1;1;5;A01
200900026666;0;31;0;14;0;1;1;A01
200900026667;0;33;0;1;0;3;17;A01
200900026668;0;7;0;0;2;2;15;B01
200900026668;0;34;0;0;2;8;1;A01
200900026669;0;30;0;0;1;1;1;A01
200900026670;0;32;0;0;0;0;21;A01
200900026671;0;32;0;0;0;0;21;A01
200900026672;0;32;0;0;0;0;1;A01
200900026673;0;33;0;0;2;3;14;A01
200900026673;0;31;0;0;2;7;23;B01
200900026674;0;1;0;0;1;1;1;A01
200900026675;0;1;0;0;0;0;7;A01
200900026676;0;30;0;0;0;0;21;A01
200900026677;2;7;0;0;1;3;1;Z01
200900026678;0;7;0;0;1;3;1;A01
200900026679;0;33;0;0;2;8;15;A01
200900026679;0;30;0;0;2;7;17;B01
200900026680;0;2;0;0;2;1;2;A01
200900026680;0;7;0;0;2;4;2;B01
200900026681;0;7;0;0;2;7;1;B01
200900026681;0;33;0;0;2;8;18;A01
200900026682;0;7;0;0;1;3;1;A01
200900026683;1;7;0;0;1;1;1;Z01
200900026684;0;7;0;0;2;2;12;B01
200900026684;0;33;0;0;2;3;3;A01
200900026685;0;7;0;0;2;7;16;A01
200900026685;0;37;54;0;2;3;7;B01
200900026686;0;7;0;0;2;4;2;B01
200900026686;0;7;0;0;2;1;2;A01
200900026687;0;7;0;0;2;8;12;B01
200900026687;0;33;0;0;2;1;1;A01
200900026688;0;7;0;0;2;2;15;A01
200900026688;0;2;0;0;2;1;1;B01
200900026689;0;33;0;0;2;8;1;A01
200900026689;0;10;0;0;2;1;1;B01
200900026690;0;7;0;0;2;4;2;B01
200900026690;0;7;0;0;2;1;2;A01
200900026691;0;32;0;0;1;2;1;A01
200900026692;0;33;0;0;2;5;1;B01
200900026692;0;7;0;0;2;3;11;A01
200900026692;0;7;0;0;2;5;1;C01
200900026693;0;33;0;0;2;8;15;A01
200900026693;1;7;0;0;2;3;17;Z01
200900026694;0;10;0;0;1;2;1;A01
200900026695;0;7;0;0;2;3;1;B01
200900026695;0;7;0;0;2;1;1;A01
200900026696;0;32;0;0;2;1;1;B01
200900026696;0;7;0;0;2;7;15;A01
200900026697;0;7;0;0;1;2;1;A01
200900026698;0;7;0;8;2;1;14;A01
200900026698;0;1;0;0;2;3;23;B01
200900026699;0;33;0;0;2;4;23;A01
200900026699;1;7;0;0;2;0;2;Z01
200900026700;0;10;0;0;2;4;2;B01
200900026700;0;7;0;0;2;4;2;C01
200900026700;0;7;0;0;2;1;2;A01
200900026701;0;2;0;0;0;0;1;A01
200900026702;0;32;0;0;2;5;16;B01
200900026702;0;2;0;0;2;1;18;A01
200900026703;0;33;0;0;2;1;1;B01
200900026703;0;7;0;0;2;2;15;A01
200900026704;0;7;0;0;2;1;5;A01
200900026704;0;31;0;0;2;1;1;B01
200900026705;0;7;0;0;2;1;1;B01
200900026705;0;7;0;0;2;7;1;A01
200900026706;0;1;0;0;2;1;1;A01
200900026706;0;10;0;0;2;3;1;B01
200900026707;0;1;0;0;2;1;1;B01
200900026707;0;7;0;0;2;5;15;A01
200900026708;0;30;0;0;2;1;5;B01
200900026708;0;7;0;0;2;8;10;A01
200900026709;0;30;0;0;0;8;1;A01
200900026710;0;31;0;0;2;7;3;A01
200900026710;0;7;0;0;2;8;11;B01
200900026711;0;31;0;0;0;7;1;A01
200900026712;0;30;0;0;0;0;1;A01
200900026713;0;30;0;0;0;7;1;A01
200900026714;0;7;0;0;2;8;15;A01
200900026714;0;32;0;0;2;7;1;B01
200900026715;0;7;0;0;1;1;15;A01
200900026716;0;7;0;0;2;1;1;B01
200900026716;0;1;0;0;2;7;1;A01
200900026717;0;34;0;0;2;4;23;C01
200900026717;0;10;0;0;2;1;2;A01
200900026717;0;7;0;0;2;4;23;B01
200900026717;0;7;0;0;2;4;23;D01
200900026718;0;32;0;0;0;0;1;A01
200900026719;0;32;0;0;0;7;1;A01
200900026720;0;32;0;0;0;8;21;A01
200900026721;0;34;0;0;2;2;17;B01
200900026721;0;7;0;0;2;8;11;A01
200900026722;0;2;0;0;0;8;1;A01
200900026723;0;32;0;0;1;1;7;A01
200900026724;0;7;0;0;2;6;13;B01
200900026724;0;33;0;1;2;2;17;A01
200900026725;0;7;0;0;2;6;15;A01
200900026725;0;30;0;0;2;1;17;B01
200900026726;0;34;0;8;2;2;17;B01
200900026726;0;10;0;0;2;3;15;A01
200900026727;0;30;0;0;2;4;2;B01
200900026727;0;7;0;0;2;1;2;A01
200900026728;0;31;0;0;0;7;21;A01
200900026729;0;7;0;0;1;2;1;A01
200900026730;0;7;0;0;2;5;14;A01
200900026730;0;34;0;0;2;3;3;B01
200900026731;0;7;0;0;2;6;23;A01
200900026731;1;7;0;0;2;1;2;Z01
200900026732;0;30;0;0;2;1;2;A01
200900026732;0;7;0;0;2;4;2;B01
200900026733;0;10;0;2;0;1;13;A01
200900026734;0;7;0;0;2;1;2;D01
200900026734;0;10;0;0;2;4;2;B01
200900026734;0;10;0;0;2;1;2;A01
200900026734;0;10;0;0;2;1;2;C01
200900026735;0;7;0;0;2;6;11;A01
200900026735;0;33;0;0;2;1;1;B01
200900026736;0;30;0;0;1;3;1;A01
200900026737;0;2;0;0;0;3;1;A01
200900026738;0;32;0;0;2;1;1;A01
200900026738;0;7;0;0;2;6;15;B01
200900026739;0;10;0;0;2;4;7;B01
200900026739;0;32;0;1;2;8;7;A01
200900026740;0;7;0;0;1;1;1;A01
200900026741;1;30;0;0;1;0;16;Z01
200900026742;0;7;0;0;2;4;23;B01
200900026742;0;2;0;0;2;1;2;A01
200900026743;1;7;0;0;2;1;15;Z01
200900026743;0;32;0;0;2;5;1;A01
200900026744;0;30;0;0;2;3;15;A01
200900026744;0;7;0;0;2;2;1;B01
200900026745;0;30;0;0;0;1;1;A01
200900026746;0;7;0;0;2;2;22;B01
200900026746;0;7;0;0;2;8;1;A01
200900026747;0;7;0;0;2;5;7;A01
200900026747;0;30;0;0;2;1;7;B01
200900026748;0;7;0;0;1;2;15;A01
200900026749;0;32;0;0;2;2;1;B01
200900026749;0;7;0;0;2;3;9;A01
200900026750;0;32;0;0;2;7;1;B01
200900026750;0;7;0;0;2;3;15;A01
200900026751;0;32;0;0;2;1;2;A01
200900026751;0;7;0;0;2;6;2;B01
200900026751;0;7;0;0;2;7;1;C01
200900026752;0;30;0;0;0;7;1;A01
200900026753;0;10;0;0;1;4;4;A01
200900026754;0;7;0;0;1;3;15;A01
200900026755;0;30;0;0;1;0;17;A01
200900026756;0;34;0;14;0;0;1;A01
200900026757;0;32;0;0;0;0;1;A01
200900026758;0;33;0;0;0;3;1;A01
200900026759;1;7;0;0;1;0;7;Z01
200900026760;0;7;0;0;2;1;2;A01
200900026760;0;32;0;0;2;4;2;B01
200900026761;0;1;0;0;1;1;1;A01
200900026762;0;7;0;0;1;2;17;A01
200900026763;1;7;0;0;2;1;2;Z01
200900026763;0;30;0;0;2;2;2;A01
200900026764;0;32;0;0;2;7;2;B01
200900026764;0;10;0;0;2;6;2;A01
200900026765;0;32;0;0;2;7;1;B01
200900026765;0;10;0;0;2;6;13;A01
200900026766;0;7;0;0;2;3;1;B01
200900026766;0;30;0;0;2;1;21;A01
200900026767;0;33;0;0;2;3;1;A01
200900026767;0;7;0;0;2;2;16;B01
200900026768;0;33;0;0;2;2;3;A01
200900026768;0;7;0;0;2;3;11;B01
200900026769;0;33;0;4;2;1;3;A01
200900026769;0;7;0;0;2;5;12;B01
200900026770;0;7;0;0;2;5;1;B01
200900026770;0;7;0;0;2;5;1;C01
200900026770;0;34;0;0;2;8;18;A01
200900026771;0;33;0;0;2;2;1;B01
200900026771;0;7;0;0;2;3;12;A01
200900026772;0;1;0;0;1;1;1;A01
200900026773;0;33;0;0;2;1;2;A01
200900026773;0;7;0;0;2;4;2;B01
200900026774;0;37;10;0;0;0;21;A01
200900026775;0;14;0;0;2;7;1;A01
200900026775;0;7;0;0;2;4;2;D01
200900026775;0;7;0;0;2;4;2;E01
200900026775;0;7;0;0;2;4;2;F02
200900026775;0;7;0;0;2;3;2;C01
200900026775;0;7;0;0;2;3;2;B01
200900026776;0;38;44;0;2;5;15;A01
200900026776;0;30;0;7;2;5;1;B01
200900026777;0;7;0;0;2;2;1;A01
200900026777;0;34;0;0;2;5;1;B01
200900026778;0;32;0;0;2;4;2;A01
200900026778;1;7;0;0;2;1;2;Z01
200900026779;1;14;0;0;2;3;12;Z01
200900026779;0;7;0;4;2;4;1;A01
200900026779;0;33;0;0;2;1;1;B01
200900026780;0;7;0;0;1;6;4;A01
200900026781;0;7;0;0;1;3;15;A01
200900026782;0;32;0;0;2;2;1;A01
200900026782;1;7;0;0;2;2;1;Z01
200900026783;0;32;0;0;1;0;1;A01
200900026784;1;7;0;0;2;4;9;Z01
200900026784;0;32;0;0;2;1;1;A01
200900026785;0;7;0;0;2;8;13;A01
200900026785;0;7;0;0;2;2;23;B01
200900026786;0;30;0;0;0;7;16;A01
200900026787;0;7;0;0;2;1;1;B01
200900026787;0;7;0;0;2;1;13;A01
200900026788;0;7;0;0;2;1;15;B01
200900026788;0;33;0;0;2;1;1;A01
200900026789;0;2;0;0;0;7;21;A01
200900026790;0;7;0;0;2;1;1;A01
200900026790;0;1;0;0;2;7;19;B01
200900026791;0;7;0;0;2;2;22;B01
200900026791;0;2;0;0;2;8;1;A01
200900026791;0;7;0;0;2;8;1;C01
200900026792;0;1;0;0;2;1;1;B01
200900026792;0;7;0;0;2;3;22;A01
200900026793;0;7;0;0;2;1;2;A01
200900026793;0;7;0;0;2;4;2;B01
200900026794;0;7;0;0;2;2;1;A01
200900026794;0;32;0;0;2;1;1;B01
200900026795;0;33;0;0;2;4;23;B01
200900026795;0;33;0;0;2;3;11;A01
200900026796;0;2;0;0;2;1;13;A01
200900026796;0;7;0;0;2;5;2;B01
200900026796;0;7;0;0;2;8;2;C01
200900026797;0;1;0;0;1;1;1;A01
200900026798;0;33;0;0;1;1;1;A01
200900026799;0;7;0;0;2;5;23;B01
200900026799;0;31;0;0;2;1;14;A01
200900026800;0;7;0;0;1;2;1;A01
200900026801;0;10;0;0;2;3;1;B01
200900026801;0;10;0;0;2;2;23;A01
200900026802;0;32;0;0;2;7;7;A01
200900026802;0;7;0;0;2;8;15;B01
200900026803;0;33;0;0;2;4;2;B01
200900026803;0;7;0;0;2;2;2;A01
200900026804;0;7;0;0;2;8;24;C01
200900026804;0;7;0;0;2;3;1;B01
200900026804;0;7;0;0;2;1;5;A01
200900026805;0;1;0;15;0;1;14;A01
200900026806;0;15;0;0;2;8;1;B01
200900026806;0;30;0;0;2;7;14;A01
200900026807;0;7;0;0;2;5;15;A01
200900026807;0;7;0;0;2;1;1;B01
200900026808;0;7;0;0;2;1;1;A01
200900026808;0;7;0;1;2;8;1;B01
200900026809;0;2;0;0;0;8;16;A01
200900026810;0;7;0;4;0;1;13;A01
200900026811;0;10;0;0;2;1;15;A01
200900026811;0;32;0;0;2;8;1;B01
200900026812;0;30;0;0;0;0;1;A01
200900026813;0;32;0;0;2;3;1;B01
200900026813;0;7;0;0;2;5;12;A01
200900026814;0;7;0;0;2;3;9;A01
200900026814;0;31;0;0;2;7;2;B01
200900026815;0;7;0;0;1;4;4;A01
200900026816;0;2;0;0;1;1;1;A01
200900026817;0;2;0;0;0;0;1;A01
200900026818;0;31;0;0;0;0;1;A01
200900026819;0;30;0;0;0;0;1;A01
200900026820;0;32;0;0;0;0;1;A01
200900026821;0;32;0;0;2;7;2;A01
200900026821;0;37;1;0;2;4;23;B01
200900026822;0;32;0;0;0;0;1;A01
200900026823;0;32;0;0;2;8;1;B01
200900026823;0;7;0;0;2;2;15;A01
200900026824;0;7;0;0;2;4;23;B01
200900026824;0;2;0;0;2;1;2;A01
200900026825;0;33;0;0;1;1;1;A01
200900026826;0;34;0;0;0;8;16;A01
200900026827;0;10;0;0;2;4;2;C01
200900026827;0;7;0;0;2;4;2;B01
200900026827;0;7;0;0;2;1;2;A01
200900026828;0;30;0;0;0;0;11;A01
200900026829;0;32;0;0;0;0;21;A01
200900026830;0;31;0;0;2;2;1;B01
200900026830;0;7;0;0;2;5;15;A01
200900026831;0;7;0;0;1;4;4;A01
200900026832;0;7;0;0;1;3;1;A01
200900026833;0;7;0;0;2;4;2;B01
200900026833;0;7;0;0;2;0;2;A01
200900026833;1;10;0;0;2;4;2;Z01
200900026834;0;30;0;0;2;0;1;A01
200900026834;0;1;0;0;2;0;9;B01
200900026835;0;32;0;0;0;7;1;A01
200900026836;0;2;0;0;0;0;1;A01
200900026837;0;7;0;0;2;5;22;A01
200900026837;0;34;0;0;2;1;18;B01
200900026838;0;30;0;0;0;0;1;A01
200900026839;0;10;0;0;1;1;1;A01
200900026840;0;31;0;0;0;0;21;A01
200900026841;0;2;0;0;0;0;1;A01
200900026842;0;30;0;0;1;1;1;A01
200900026843;0;7;0;0;2;1;9;A01
200900026843;0;33;0;0;2;1;17;B01
200900026844;0;30;0;0;0;0;1;A01
200900026845;0;7;0;0;2;2;1;A01
200900026845;0;32;0;0;2;3;1;B01
200900026846;0;30;0;1;0;8;13;A01
200900026847;0;30;0;0;2;8;13;A01
200900026847;0;7;0;0;2;2;1;B01
200900026848;0;7;0;0;1;1;1;A01
200900026849;0;32;0;0;2;1;2;A01
200900026849;0;7;0;0;2;5;2;B01
200900026850;0;10;0;0;2;4;23;C01
200900026850;0;10;0;0;2;4;23;B01
200900026850;0;38;1;0;2;1;2;A01
200900026851;0;32;0;0;2;1;1;A01
200900026851;0;30;0;0;2;3;15;B01
200900026852;0;7;0;0;2;5;16;A01
200900026852;0;30;0;0;2;3;1;B01
200900026853;0;7;0;0;2;2;17;A01
200900026853;0;33;0;0;2;6;1;B01
200900026854;0;33;0;0;2;8;1;A01
200900026854;0;7;0;0;2;2;14;B01
200900026855;0;7;0;0;2;4;23;B01
200900026855;0;7;0;0;2;2;2;A01
200900026856;0;30;0;0;2;4;23;B01
200900026856;0;7;0;0;2;1;2;A01
200900026857;0;7;0;0;2;4;2;C01
200900026857;0;7;0;0;2;1;2;A01
200900026857;0;7;0;0;2;4;2;B01
200900026858;0;7;0;0;1;3;15;A01
200900026859;0;7;0;8;2;4;16;B01
200900026859;0;37;2;0;2;1;7;A01
200900026860;0;7;0;0;1;1;1;A01
200900026861;0;34;0;0;1;0;1;A01
200900026862;0;7;0;0;2;3;1;B01
200900026862;0;1;0;0;2;1;19;A01
200900026863;0;7;0;0;1;4;4;A01
200900026864;0;2;0;1;0;8;17;A01
200900026865;0;7;0;0;1;0;1;A01
200900026866;0;33;0;0;2;1;3;A01
200900026866;0;10;0;0;2;4;1;B01
200900026867;0;7;0;0;2;2;15;A01
200900026867;0;30;0;0;2;8;1;B01
200900026868;0;7;0;0;1;2;1;A01
200900026869;0;7;0;0;2;4;23;B01
200900026869;0;3;0;0;2;1;2;A01
200900026870;0;7;0;0;1;1;1;A01
200900026871;0;33;0;0;1;1;1;A01
200900026872;0;7;0;2;0;1;1;A01
200900026873;0;7;0;0;1;2;16;A01
200900026874;0;30;0;0;0;0;1;A01
200900026875;0;34;0;0;1;1;1;A01
200900026876;0;2;0;0;2;1;1;A01
200900026876;0;30;0;0;2;3;1;B01
200900026877;0;32;0;0;2;1;1;B01
200900026877;0;7;0;0;2;6;15;A01
200900026878;0;7;0;0;2;3;15;B01
200900026878;0;34;0;0;2;1;17;A01
200900026879;0;7;0;0;2;1;2;A01
200900026879;0;1;0;0;2;4;23;C01
200900026879;0;1;0;0;2;4;23;B01
200900026880;0;2;0;0;2;8;13;A01
200900026880;0;7;0;0;2;5;17;B01
200900026881;0;7;0;0;2;1;2;A01
200900026881;0;7;0;0;2;9;23;B01
200900026881;0;7;0;0;2;3;15;C01
200900026882;0;1;0;0;2;1;1;B01
200900026882;0;7;0;0;2;8;22;A01
200900026883;0;7;0;0;1;1;16;A01
200900026884;0;7;0;0;1;3;1;A01
200900026885;0;32;0;0;2;2;1;A01
200900026885;0;7;0;0;2;3;11;B01
200900026886;0;2;0;0;2;8;9;A01
200900026886;0;7;0;0;2;2;1;B01
200900026887;0;7;0;0;2;6;10;A01
200900026887;0;33;0;0;2;1;1;B01
200900026888;0;2;0;0;0;7;21;A01
200900026889;0;34;0;0;0;0;1;A01
200900026890;0;2;0;7;0;1;14;A01
200900026891;0;33;0;0;2;1;2;A01
200900026891;0;10;0;0;2;4;2;B01
200900026892;0;30;0;0;2;1;17;A01
200900026892;0;32;0;0;2;1;1;B01
200900026893;0;10;0;0;2;3;12;B01
200900026893;0;31;0;0;2;7;3;A01
200900026894;0;7;0;0;2;7;14;A01
200900026894;0;32;0;0;2;3;18;B01
200900026895;0;32;0;14;0;7;14;A01
200900026896;0;32;0;0;0;0;16;A01
200900026897;0;7;0;0;2;8;15;A01
200900026897;0;32;0;0;2;0;1;B01
200900026898;1;10;0;0;2;2;14;Z01
200900026898;0;31;0;0;2;8;3;A01
200900026899;0;7;0;0;2;3;10;A01
200900026899;0;2;0;0;2;1;1;B01
200900026900;0;7;0;0;1;2;1;A01
200900026901;0;32;0;0;2;1;18;A01
200900026901;0;7;0;0;2;5;22;B01
200900026902;0;30;0;14;0;2;12;A01
200900026903;0;1;0;0;2;3;1;A01
200900026903;0;7;0;0;2;2;1;B01
200900026904;0;37;15;0;1;2;7;A01
200900026905;0;7;0;0;2;2;12;A01
200900026905;0;34;0;0;2;7;1;B01
200900026906;0;1;0;0;2;0;15;A01
200900026906;1;7;0;0;2;0;2;Z01
200900026907;0;7;0;2;0;1;13;A01
200900026908;0;7;0;0;2;6;11;B01
200900026908;0;7;0;0;2;4;23;C01
200900026908;0;33;0;0;2;2;13;A01
200900026909;0;7;0;0;2;2;1;B01
200900026909;0;7;0;0;2;2;1;A01
200900026910;0;33;0;0;2;1;1;B01
200900026910;0;7;0;0;2;6;10;A01
200900026911;0;30;0;0;2;1;7;A01
200900026911;0;10;0;0;2;3;15;B01
200900026912;0;30;0;0;0;8;17;A01
200900026913;0;32;0;0;2;1;2;A01
200900026913;0;7;0;0;2;6;23;B01
200900026914;0;7;0;0;2;8;1;C01
200900026914;0;31;0;0;2;2;1;B01
200900026914;0;10;0;0;2;3;10;A01
200900026915;0;37;0;0;0;1;21;A01
200900026916;0;7;0;0;2;4;23;B01
200900026916;0;7;0;0;2;1;2;A01
200900026916;0;7;0;0;2;4;23;C01
200900026917;0;7;0;0;1;4;4;A01
200900026918;0;31;0;0;2;3;18;B01
200900026918;0;7;0;0;2;2;16;A01
200900026919;0;1;0;0;2;8;1;B01
200900026919;0;10;0;0;2;7;22;A01
200900026920;0;7;0;0;1;0;4;A01
200900026921;0;30;0;0;2;1;2;A01
200900026921;0;30;0;0;2;6;2;B01
200900026922;0;32;0;0;2;1;3;A01
200900026922;0;7;0;0;2;6;23;C01
200900026922;0;32;0;0;2;1;23;B01
200900026923;0;7;0;0;2;6;1;B01
200900026923;0;33;0;0;2;7;14;A01
200900026924;0;33;0;0;1;2;17;A01
200900026925;0;32;0;0;2;1;2;A01
200900026925;0;7;0;0;2;5;2;B01
200900026926;0;7;0;0;2;5;2;C01
200900026926;0;7;0;0;2;1;11;A01
200900026926;0;7;0;0;2;5;2;B01
200900026927;0;30;0;0;0;0;21;A01
200900026928;0;30;0;0;0;8;17;A01
200900026929;0;7;0;0;2;1;1;A01
200900026929;0;32;0;0;2;7;1;B01
200900026930;0;7;0;0;1;8;1;A01
200900026931;0;31;0;0;0;8;1;A01
200900026932;0;1;0;0;2;1;1;A01
200900026932;0;7;0;0;2;3;15;B01
200900026933;0;3;0;15;0;1;13;A01
200900026934;0;33;0;0;2;7;1;B01
200900026934;0;7;0;0;2;3;5;A01
200900026935;0;7;0;0;2;3;4;A01
200900026935;0;1;0;0;2;7;23;B01
200900026936;0;30;0;0;0;0;17;A01
200900026937;0;30;0;0;2;7;1;B01
200900026937;0;7;0;0;2;3;15;A01
200900026938;0;32;0;0;0;0;1;A01
200900026939;0;30;0;0;2;2;1;A01
200900026939;0;7;0;0;2;0;16;B01
200900026940;0;2;0;12;0;2;14;A01
200900026941;0;7;0;15;0;2;13;A01
200900026942;0;7;0;0;2;3;1;A01
200900026942;0;30;0;0;2;7;1;B01
200900026943;0;10;0;0;1;2;1;A01
200900026944;0;32;0;0;2;8;1;B01
200900026944;0;3;0;0;2;2;15;A01
200900026945;0;32;0;0;0;0;1;A01