num_acc;senc;catv;occutc;obs;obsm;choc;manv;num_veh
200900027320;0;7;0;0;1;4;4;A01
200900027321;0;32;0;0;2;7;17;B01
200900027321;0;7;0;0;2;3;15;A01
200900027322;0;32;0;0;0;8;21;A01
200900027323;0;7;0;0;2;3;13;B01
200900027323;0;31;0;1;2;9;1;A01
200900027324;0;7;0;0;2;3;13;B01
200900027324;0;31;0;0;2;1;5;A01
200900027325;0;7;0;1;1;8;1;A01
200900027326;0;32;0;0;2;3;1;A01
200900027326;1;7;0;0;2;2;14;Z01
200900027327;0;30;0;0;2;7;17;B01
200900027327;0;7;0;0;2;3;23;A01
200900027328;0;7;0;0;2;2;12;A01
200900027328;0;32;0;0;2;3;1;B01
200900027329;0;1;0;0;2;1;5;A01
200900027329;0;32;0;0;2;1;1;B01
200900027330;0;2;0;0;0;0;21;A01
200900027331;1;7;0;0;2;7;10;Z01
200900027331;0;2;0;1;2;1;1;A01
200900027332;0;2;0;0;0;0;15;A01
200900027333;0;7;0;0;2;1;1;A01
200900027333;0;7;0;0;2;4;15;B01
200900027334;0;7;0;0;2;1;1;B01
200900027334;0;32;0;0;2;1;13;A01
200900027335;0;30;0;0;0;0;1;A01
200900027336;0;32;0;0;0;0;21;A01
200900027337;0;14;0;0;2;7;1;A01
200900027337;0;7;0;0;2;1;1;B01
200900027338;0;1;0;0;2;1;16;B01
200900027338;0;7;0;0;9;3;1;A01
200900027339;0;32;0;0;0;0;1;A01
200900027340;0;7;0;0;1;1;15;A01
200900027341;0;32;0;0;2;8;15;A01
200900027341;0;10;0;0;0;6;1;B01
200900027342;0;7;0;0;0;1;1;A01
200900027343;0;1;0;0;2;3;19;B01
200900027343;0;34;0;0;9;0;1;A01
200900027344;0;32;0;0;0;0;1;A01
200900027345;0;7;0;0;1;4;4;A01
200900027346;0;32;0;0;2;1;1;A01
200900027346;0;7;0;0;2;4;23;B01
200900027347;0;14;0;0;2;2;1;A01
200900027347;0;7;0;0;2;6;23;B01
200900027348;0;7;0;0;1;6;4;A01
200900027349;0;7;0;0;0;5;12;B01
200900027349;0;32;0;0;2;3;3;A01
200900027350;0;7;0;0;0;7;23;B01
200900027350;0;7;0;0;0;6;23;C01
200900027350;0;32;0;0;2;8;3;A01
200900027351;0;2;0;0;2;1;1;A01
200900027351;0;7;0;0;2;4;23;B01
200900027352;0;7;0;0;2;4;23;C01
200900027352;0;7;0;0;2;1;1;A01
200900027352;0;7;0;0;2;5;23;B01
200900027353;0;31;0;0;0;2;1;A01
200900027354;0;7;0;0;2;4;23;B01
200900027354;0;7;0;1;0;1;1;A01
200900027355;0;7;0;0;2;8;9;B01
200900027355;0;32;0;0;2;1;1;A01
200900027356;0;32;0;0;2;0;23;B01
200900027356;0;7;0;0;2;0;1;A01
200900027357;0;33;0;0;1;1;1;A01
200900027358;2;7;0;0;1;1;7;A01
200900027359;0;31;0;0;0;8;1;A01
200900027360;0;32;0;0;2;0;1;A01
200900027361;0;32;0;0;2;0;17;B01
200900027361;0;7;0;0;2;6;15;A01
200900027362;0;7;0;0;2;1;16;B01
200900027362;0;7;0;0;2;1;14;A01
200900027363;0;31;0;14;0;2;14;A01
200900027364;1;31;0;0;1;7;16;Z01
200900027365;0;7;0;11;0;1;13;A01
200900027366;0;7;0;0;2;3;22;A01
200900027366;0;1;0;0;2;0;1;B01
200900027367;0;10;0;0;1;4;4;A01
200900027368;0;7;0;0;2;4;2;D01
200900027368;0;7;0;0;2;4;2;B01
200900027368;0;7;0;0;2;4;2;C01
200900027368;0;10;0;0;2;1;2;A01
200900027369;0;7;0;0;2;4;2;C01
200900027369;0;7;0;0;2;6;2;B01
200900027369;0;7;0;0;2;1;2;A01
200900027370;0;7;0;0;2;1;2;A01
200900027370;0;7;0;0;2;4;23;B01
200900027371;0;32;0;0;2;4;23;B01
200900027371;0;7;0;0;2;3;2;A01
200900027372;0;7;0;0;2;1;1;A01
200900027372;0;2;0;0;2;1;13;B01
200900027373;0;30;0;12;0;7;14;A01
200900027374;0;7;0;0;2;4;23;B01
200900027374;0;1;0;0;2;1;2;A01
200900027375;0;7;0;0;2;7;16;A01
200900027375;0;1;0;0;2;1;1;B01
200900027376;0;30;0;0;2;3;1;B01
200900027376;0;10;0;0;2;7;17;A01
200900027377;0;7;0;0;2;1;2;E01
200900027377;0;7;0;0;2;1;2;A01
200900027377;0;7;0;0;2;1;2;D01
200900027377;0;7;0;0;2;4;2;B01
200900027377;0;7;0;0;2;4;2;C01
200900027378;1;7;0;0;2;2;12;Z01
200900027378;0;7;0;4;2;8;11;A01
200900027379;0;7;0;0;1;1;15;A01
200900027380;0;7;0;0;0;8;15;B01
200900027380;0;32;0;0;0;7;7;A01
200900027381;0;7;0;0;2;3;1;B01
200900027381;0;10;0;0;2;2;15;A01
200900027382;0;33;0;0;0;0;1;A01
200900027383;0;7;0;0;2;3;1;C01
200900027383;0;7;0;0;2;1;1;A01
200900027383;0;7;0;0;2;6;1;B01
200900027384;0;7;0;0;1;3;9;A01
200900027385;0;7;0;0;1;2;16;A01
200900027386;0;33;0;0;2;3;3;A01
200900027386;0;7;0;0;0;7;12;B01
200900027387;0;2;0;12;2;7;21;A01
200900027387;1;7;0;0;0;0;1;Z01
200900027388;0;7;0;0;1;1;1;A01
200900027389;0;30;0;14;0;0;21;A01
200900027390;1;10;0;0;1;0;16;Z01
200900027391;0;33;0;4;2;3;1;B01
200900027391;0;7;0;0;2;7;12;A01
200900027392;0;7;0;0;0;8;1;B01
200900027392;0;31;0;0;2;7;3;A01
200900027393;0;33;0;0;1;1;16;A01
200900027394;0;2;0;0;1;2;1;A01
200900027395;0;33;0;0;0;0;21;A01
200900027396;0;1;0;0;2;1;1;B01
200900027396;0;7;0;0;2;7;15;A01
200900027397;0;2;0;0;0;1;1;A01
200900027398;0;7;0;0;2;3;15;B01
200900027398;0;33;0;0;2;7;1;A01
200900027399;0;7;0;0;2;1;1;A01
200900027399;0;7;0;0;2;7;10;B01
200900027400;0;7;0;1;0;2;1;A01
200900027401;0;30;0;0;1;1;1;A01
200900027402;0;10;0;0;0;3;10;A01
200900027402;0;37;46;0;0;2;17;B01
200900027403;1;7;0;0;2;0;0;Z01
200900027403;0;7;0;4;0;8;1;A01
200900027404;0;7;0;0;2;2;1;A01
200900027404;0;7;0;0;2;2;13;B01
200900027405;0;33;0;0;0;0;21;A01
200900027406;0;7;0;0;2;1;1;B01
200900027406;0;7;0;1;2;7;15;A01
200900027407;0;31;0;0;2;3;1;B01
200900027407;0;7;0;0;2;8;22;A01
200900027408;0;7;0;0;2;6;1;B01
200900027408;0;10;0;0;2;1;1;A01
200900027409;0;7;0;12;2;5;1;A01
200900027409;0;10;0;0;2;2;1;B01
200900027410;0;7;0;0;2;6;23;B01
200900027410;0;7;0;0;2;1;2;A01
200900027411;0;7;0;0;2;4;2;B01
200900027411;0;13;0;0;2;1;2;A01
200900027412;0;1;0;0;2;8;19;B01
200900027412;0;40;0;0;2;2;1;A01
200900027413;0;10;0;0;2;0;16;B01
200900027413;0;30;0;1;2;1;1;A01
200900027414;1;10;0;0;2;7;22;Z01
200900027414;0;34;0;1;2;8;1;A01
200900027415;0;2;0;0;2;1;1;B01
200900027415;0;7;0;0;2;5;1;A01
200900027416;0;33;0;0;1;0;1;A01
200900027417;0;17;0;4;2;2;1;B01
200900027417;0;7;0;4;2;6;11;A01
200900027418;0;30;0;0;2;3;1;A01
200900027418;0;7;0;0;2;2;1;B01
200900027419;1;7;0;0;1;8;7;Z01
200900027420;0;32;0;0;2;7;1;B01
200900027420;0;7;0;0;2;1;1;A01
200900027421;0;7;0;0;2;2;1;B01
200900027421;0;30;0;0;2;1;1;A01
200900027422;0;7;0;7;0;3;2;A01
200900027423;0;33;0;0;2;2;1;A01
200900027423;0;7;0;0;0;6;1;B01
200900027424;0;7;0;0;0;2;9;A01
200900027424;0;33;0;0;0;3;1;B01
200900027425;0;33;0;0;2;1;1;B01
200900027425;0;1;0;0;2;5;11;A01
200900027426;0;33;0;0;1;1;1;A01
200900027427;0;10;0;0;1;4;4;A01
200900027428;0;7;0;0;0;3;15;A01
200900027429;0;32;0;0;2;1;1;B01
200900027429;0;7;0;0;2;3;15;A01
200900027430;0;7;0;0;2;0;1;A01
200900027430;0;7;0;0;2;4;23;B01
200900027431;0;33;0;0;2;3;1;A01
200900027431;0;7;0;0;0;5;1;B01
200900027432;0;34;0;11;0;2;14;A01
200900027433;0;7;0;0;2;5;16;A01
200900027433;0;32;0;0;2;3;18;B01
200900027434;0;7;0;0;2;3;10;A01
200900027434;0;32;0;0;2;2;17;B01
200900027435;0;30;0;0;1;1;1;A01
200900027436;0;30;0;0;1;0;1;A01
200900027437;0;31;0;0;0;7;3;B01
200900027437;0;10;0;0;2;6;11;A01
200900027438;0;7;0;0;2;2;16;A01
200900027438;0;32;0;0;2;8;18;B01
200900027439;0;2;0;1;2;1;1;B01
200900027439;0;7;0;0;2;7;9;A01
200900027440;0;32;0;0;2;3;1;B01
200900027440;0;7;0;0;2;1;15;A01
200900027441;0;30;0;0;2;1;1;A01
200900027441;1;7;0;0;0;7;15;Z01
200900027442;0;2;0;0;2;7;17;A01
200900027442;0;37;30;0;2;8;1;B01
200900027443;0;7;0;0;2;1;1;A01
200900027443;0;7;0;0;2;4;23;B01
200900027444;0;7;0;0;2;3;1;B01
200900027444;0;30;0;0;2;1;1;A01
200900027445;0;32;0;0;2;1;2;A01
200900027445;0;10;0;0;2;6;2;B01
200900027446;1;2;0;0;1;0;1;Z01
200900027447;0;32;0;0;1;1;1;A01
200900027448;1;7;0;0;2;1;2;Z01
200900027448;0;7;0;0;2;4;2;A01
200900027448;0;34;0;0;2;4;2;B01
200900027448;0;13;0;0;2;4;2;C01
200900027449;0;2;0;0;1;1;1;A01
200900027450;0;7;0;12;2;3;1;A01
200900027450;0;7;0;0;2;1;1;B01
200900027451;0;1;0;0;0;0;1;A01
200900027452;0;7;0;8;0;9;14;A01
200900027453;0;7;0;0;2;5;22;A01
200900027453;0;1;0;8;2;1;1;B01
200900027454;0;14;0;0;1;3;1;A01
200900027455;0;30;0;0;2;7;1;B01
200900027455;0;10;0;0;2;3;9;A01
200900027456;0;7;0;0;2;3;1;A01
200900027456;0;30;0;1;2;7;1;B01
200900027457;0;33;0;4;2;7;1;B01
200900027457;0;7;0;0;2;8;13;A01
200900027458;0;7;0;4;2;5;1;C01
200900027458;0;7;0;4;2;6;1;B01
200900027458;0;17;0;0;2;2;12;A01
200900027458;0;10;0;0;2;1;1;D01
200900027459;0;14;0;0;2;1;1;A01
200900027459;0;32;0;0;2;8;1;B01
200900027460;0;32;0;0;0;8;1;A01
200900027461;0;7;0;0;1;2;20;A01
200900027462;0;32;0;0;1;1;1;A01
200900027463;0;10;0;0;2;0;23;A01
200900027463;1;7;0;0;2;2;14;Z01
200900027464;0;33;0;0;2;1;1;B01
200900027464;0;10;0;0;2;2;15;A01
200900027465;0;2;0;0;2;3;1;B01
200900027465;0;7;0;0;2;2;12;A01
200900027466;0;30;0;0;1;1;16;A01
200900027467;0;31;0;0;2;7;1;B01
200900027467;0;7;0;0;2;8;11;A01
200900027468;0;34;0;1;0;2;18;A01
200900027469;0;7;0;1;0;1;14;A01
200900027470;0;30;0;0;2;1;2;A01
200900027470;0;7;0;0;2;5;23;B01
200900027471;0;7;0;0;2;2;16;B01
200900027471;0;31;0;0;2;3;18;A01
200900027472;0;33;0;0;2;1;17;A01
200900027472;0;32;0;8;2;8;15;B01
200900027473;0;7;0;0;2;3;5;A01
200900027473;0;33;0;0;2;1;1;B01
200900027474;0;7;0;0;2;2;15;B01
200900027474;0;34;0;0;2;1;1;A01
200900027475;0;10;0;0;2;8;16;A01
200900027475;0;7;0;0;2;3;7;B01
200900027476;0;34;0;0;1;1;1;A01
200900027477;0;30;0;0;2;2;17;B01
200900027477;0;7;0;0;2;3;15;A01
200900027478;0;32;0;0;0;0;1;A01
200900027479;0;30;0;0;2;0;15;A01
200900027479;0;32;0;0;2;1;1;B01
200900027480;0;32;0;0;2;6;1;A01
200900027480;0;7;0;0;2;0;14;B01
200900027481;0;32;0;0;2;1;13;A01
200900027481;0;10;0;0;2;8;23;B01
200900027481;0;13;0;0;2;8;23;C01
200900027482;0;32;0;0;1;8;17;A01
200900027483;0;32;0;4;0;4;14;A01
200900027484;1;7;0;0;2;0;16;Z01
200900027484;0;1;0;0;2;0;1;A01
200900027485;0;7;0;0;2;7;15;A01
200900027485;0;30;0;0;2;1;1;B01
200900027486;0;7;0;0;2;3;15;B01
200900027486;0;34;0;0;2;1;17;A01
200900027487;0;32;0;0;2;8;1;B01
200900027487;0;10;0;0;2;1;15;A01
200900027488;0;33;0;0;2;1;18;B01
200900027488;0;7;0;0;2;2;16;A01
200900027489;0;32;0;0;1;0;21;A01
200900027490;0;10;0;6;0;1;1;A01
200900027491;0;33;0;1;0;0;14;A01
200900027492;0;33;0;0;1;2;1;A01
200900027493;0;2;0;1;0;3;21;A01
200900027494;0;7;0;0;2;2;12;A01
200900027494;0;32;0;0;2;1;1;B01
200900027495;0;10;0;0;2;1;2;A01
200900027495;0;7;0;0;2;4;2;B01
200900027495;0;7;0;0;2;4;2;C01
200900027496;0;30;0;0;1;1;1;A01
200900027497;0;32;0;12;0;9;1;B01
200900027497;2;7;0;12;2;0;1;A01
200900027498;0;7;0;0;1;8;1;A01
200900027499;0;31;0;9;2;4;2;A01
200900027499;0;7;0;0;2;4;2;B01
200900027500;0;32;0;12;0;1;1;A01
200900027501;0;7;0;7;0;1;1;A01
200900027502;0;7;0;0;2;3;1;B01
200900027502;0;7;0;0;2;5;1;A01
200900027503;0;2;0;12;0;1;1;A01
200900027504;0;14;0;0;0;4;23;B01
200900027504;0;7;0;1;0;1;1;A01
200900027505;0;7;0;0;1;8;15;A01
200900027506;0;7;0;0;2;3;13;A01
200900027506;0;33;0;1;2;7;17;B01
200900027507;0;7;0;0;1;1;7;A01
200900027508;0;7;0;0;2;3;15;A01
200900027508;0;33;0;0;2;8;1;B01
200900027509;0;33;0;0;2;8;1;A01
200900027509;0;7;0;0;2;7;14;B01
200900027510;0;1;0;0;0;0;1;A01
200900027511;0;34;0;0;1;3;1;A01
200900027512;0;33;0;12;2;9;7;B01
200900027512;0;7;0;0;0;0;12;A01
200900027513;0;7;0;0;2;4;23;D01
200900027513;0;7;0;0;2;9;23;B01
200900027513;0;10;0;0;2;1;2;A01
200900027513;0;7;0;0;2;9;23;C01
200900027514;2;7;0;1;0;0;4;A01
200900027515;0;33;0;0;2;1;1;B01
200900027515;0;7;0;0;2;2;15;A01
200900027516;0;1;0;0;2;7;17;A01
200900027516;0;1;0;0;2;8;1;B01
200900027517;0;7;0;1;0;3;13;A01
200900027517;0;7;0;14;0;2;2;D01
200900027517;0;7;0;0;0;0;2;B01
200900027518;0;7;0;0;2;8;1;A01
200900027518;0;7;0;0;2;1;1;B02
200900027519;0;7;0;0;2;4;1;B02
200900027519;0;7;0;0;2;2;17;A01
200900027520;0;7;0;8;0;7;1;A01
200900027521;0;7;0;0;0;4;1;B02
200900027521;0;10;0;0;2;1;1;A01
200900027522;0;7;0;13;0;1;1;A01
200900027523;0;10;0;0;2;1;2;A01
200900027523;0;7;0;0;2;4;23;B01
200900027524;0;7;0;0;2;1;2;B01
200900027524;0;1;0;0;2;1;19;A01
200900027525;0;30;0;6;0;1;1;A01
200900027526;0;2;0;0;2;1;1;B02
200900027526;0;7;0;0;2;3;1;A01
200900027527;0;1;0;13;0;1;1;A01
200900027528;0;7;0;0;2;8;1;B01
200900027528;0;1;0;0;2;1;5;A01
200900027529;0;7;0;0;1;4;4;A01
200900027530;0;2;0;0;2;1;2;A01
200900027530;0;2;0;0;2;0;2;B01
200900027531;0;2;0;0;1;1;17;A01
200900027531;0;1;0;0;2;6;19;B01
200900027532;0;7;0;8;0;2;1;A01
200900027533;0;33;0;0;2;1;1;B01
200900027533;0;7;0;0;2;6;15;A01
200900027534;0;7;0;0;0;4;1;C01
200900027534;0;7;0;14;2;1;2;A01
200900027534;0;7;0;0;0;9;1;B01
200900027535;0;7;0;0;2;4;2;B01
200900027535;0;7;0;0;0;4;23;C01
200900027535;0;7;0;0;2;1;2;A01
200900027536;0;15;0;0;1;7;1;A01
200900027537;0;7;0;0;0;3;1;B01
200900027537;0;1;0;0;2;1;19;A01
200900027538;0;7;0;0;2;1;1;B01
200900027538;0;7;0;0;2;2;14;A01
200900027539;0;7;0;0;2;7;20;A01
200900027539;0;31;0;0;2;1;21;B01
200900027540;0;10;0;0;2;1;2;A01
200900027540;0;10;0;0;2;4;2;C01
200900027540;0;10;0;0;2;4;2;B01
200900027541;0;30;0;0;2;1;1;B01
200900027541;0;7;0;0;2;0;23;A01
200900027542;0;7;0;0;2;7;17;A01
200900027542;0;7;0;0;2;8;1;B01
200900027542;0;7;0;0;2;6;1;C01
200900027543;0;30;0;0;2;3;13;A01
200900027543;0;7;0;0;2;3;1;B01
200900027544;0;7;0;0;1;2;1;A01
200900027545;0;7;0;13;0;9;14;A01
200900027546;0;7;0;15;0;1;1;A01
200900027547;0;7;0;0;2;3;1;B01
200900027547;0;30;0;14;0;1;1;A01
200900027548;0;7;0;14;0;1;1;A01
200900027548;0;7;0;0;2;4;1;B01
200900027549;0;7;0;0;2;2;1;B01
200900027549;0;32;0;0;2;1;1;A01
200900027550;0;7;0;0;1;6;1;A01
200900027551;0;7;0;6;0;2;13;A01
200900027552;0;7;0;0;0;3;19;A01
200900027552;0;33;0;0;2;1;1;B02
200900027553;0;7;0;13;0;3;1;A01
200900027554;0;7;0;0;2;1;15;B02
200900027554;0;2;0;0;0;2;1;A01
200900027555;0;7;0;0;2;8;13;A01
200900027555;0;7;0;0;2;1;1;B02
200900027556;0;7;0;0;2;1;17;A01
200900027556;0;7;0;0;2;1;1;B02
200900027557;0;7;0;0;0;4;23;A01
200900027557;0;2;0;1;0;1;1;B01
200900027558;0;33;0;0;0;0;17;A01
200900027559;0;7;0;0;2;3;1;C03
200900027559;0;7;0;0;0;3;1;B02
200900027559;0;7;0;0;0;3;13;A01
200900027560;0;3;0;0;2;1;1;B02
200900027560;0;33;0;0;0;1;13;A01
200900027561;0;7;0;0;2;3;1;B02
200900027561;0;7;0;0;2;3;13;A01
200900027562;0;1;0;0;2;1;1;B01
200900027562;0;7;0;0;2;1;15;A01
200900027563;0;2;0;0;2;1;17;A01
200900027563;0;7;0;0;2;1;1;B02
200900027564;0;7;0;3;0;1;1;A01
200900027565;0;33;0;3;0;0;1;A01
200900027566;0;14;0;0;2;6;2;B02
200900027566;0;10;0;0;2;1;2;A01
200900027567;0;7;0;0;2;3;1;B02
200900027567;0;7;0;0;2;3;1;A01
200900027568;0;7;0;0;2;1;1;B02
200900027568;0;7;0;7;0;7;1;A01
200900027569;0;2;0;0;2;1;1;A01
200900027569;0;7;0;0;2;8;1;B01
200900027570;0;7;0;0;2;3;1;B02
200900027570;0;7;0;0;2;3;13;A01
200900027571;0;7;0;0;2;3;10;A01
200900027571;0;33;0;0;2;1;1;B01
200900027572;0;7;0;0;2;1;1;B02
200900027572;0;7;0;0;1;4;1;A01
200900027573;0;33;0;3;0;9;16;A01
200900027574;0;1;0;0;2;1;10;B02
200900027574;0;7;0;0;2;8;1;A01
200900027575;0;10;0;0;2;1;15;B02
200900027575;0;2;0;0;2;7;1;A01
200900027576;0;10;0;13;0;3;14;A01
200900027577;0;7;0;9;0;1;1;A01
200900027578;0;14;0;12;0;1;1;A01
200900027579;0;7;0;0;0;1;15;A01
200900027579;0;7;0;0;0;1;1;B02
200900027580;0;33;0;0;6;1;1;A01
200900027581;0;7;0;8;0;7;13;A01
200900027582;0;7;0;16;0;9;1;A01
200900027583;0;7;0;4;0;3;1;A01
200900027584;0;7;0;0;1;2;1;A01
200900027585;0;10;0;0;2;7;1;A01
200900027585;0;33;0;0;2;1;21;B01
200900027586;0;7;0;0;2;2;15;A01
200900027586;0;33;0;0;2;1;1;B01
200900027587;0;33;0;0;2;1;1;A01
200900027587;0;7;0;0;2;2;1;B01
200900027588;0;7;0;0;2;1;1;B02
200900027588;0;7;0;0;2;1;1;A01
200900027589;0;7;0;0;1;1;20;A01
200900027590;0;7;0;0;1;3;1;A01
200900027591;0;7;0;0;2;0;0;A01
200900027591;0;7;0;0;2;1;1;B01
200900027592;0;7;0;0;2;7;15;A01
200900027592;0;30;0;0;2;1;1;B01
200900027593;0;7;0;0;2;4;1;D01
200900027593;0;7;0;0;2;1;1;A01
200900027593;0;7;0;0;2;4;1;B01
200900027593;0;7;0;0;2;4;1;C01
200900027594;0;10;0;0;2;8;13;A01
200900027594;0;33;0;0;2;9;1;B01
200900027595;0;30;0;0;2;8;0;A01
200900027595;0;7;0;0;2;0;16;C01
200900027595;0;7;0;0;2;2;0;B01
200900027596;0;14;0;0;0;0;0;A01
200900027596;0;10;0;0;9;6;1;B01
200900027597;0;17;0;0;1;3;1;A01
200900027598;0;7;0;0;2;1;1;B02
200900027598;0;7;0;0;2;7;15;A01
200900027599;0;33;0;0;2;8;1;B02
200900027599;0;7;0;0;2;3;13;A01
200900027600;0;10;0;6;0;3;13;A01
200900027601;0;10;0;0;1;5;4;A01
200900027602;0;7;0;0;2;1;2;A01
200900027602;0;17;0;0;2;4;23;B01
200900027603;0;7;0;0;2;1;1;B01
200900027603;0;7;0;0;2;8;19;A01
200900027604;0;7;0;0;2;1;1;A01
200900027604;0;10;0;0;2;4;1;B02
200900027605;0;7;0;0;1;2;1;A01
200900027606;0;2;0;13;0;1;1;A01
200900027607;0;30;0;0;2;1;9;A01
200900027607;0;7;0;0;2;7;1;B01
200900027608;0;30;0;0;2;1;1;B01
200900027608;0;7;0;0;2;1;9;A01
200900027609;0;7;0;0;1;1;15;A01
200900027610;0;7;0;14;6;1;1;A01
200900027611;0;7;0;2;0;1;1;A01
200900027612;0;7;0;0;2;8;15;B02
200900027612;0;33;0;0;2;1;17;A01
200900027613;0;7;0;8;0;2;1;A01
200900027614;0;10;0;0;2;5;15;A01
200900027614;0;2;0;0;2;1;1;B02
200900027615;0;7;0;0;2;1;13;A01
200900027615;0;7;0;0;2;1;1;B02
200900027616;0;10;0;2;0;7;13;A01
200900027617;0;10;0;0;2;7;1;A01
200900027617;0;7;0;0;2;1;15;B01
200900027618;0;10;0;0;2;1;1;A01
200900027618;0;1;0;0;2;8;1;B01
200900027619;0;7;0;0;2;1;15;A01
200900027619;0;7;0;0;2;1;0;B01
200900027620;0;7;0;0;2;7;16;A01
200900027620;0;30;0;0;2;3;1;B01
200900027621;0;7;0;0;2;1;1;B01
200900027621;0;7;0;0;2;4;2;C01
200900027621;0;7;0;0;2;1;1;A01
200900027622;0;7;0;13;0;3;0;A01
200900027623;0;7;0;0;2;8;19;B02
200900027623;0;7;0;0;2;1;1;A01
200900027624;0;33;0;0;2;1;13;A01
200900027624;0;7;0;0;2;1;1;B02
200900027625;0;30;0;0;2;1;1;A01
200900027625;0;7;0;0;9;7;15;B02
200900027626;0;10;0;1;0;2;20;A01
200900027627;0;7;0;13;2;7;13;A01
200900027627;0;7;0;0;2;1;1;B02
200900027628;0;7;0;0;1;1;15;A01
200900027629;0;7;0;6;0;2;1;A01
200900027630;0;33;0;0;2;3;13;A01
200900027630;0;7;0;0;2;3;1;C03
200900027630;0;7;0;0;0;0;20;B02
200900027631;0;7;0;6;0;1;19;A01
200900027632;0;1;0;0;2;4;1;A01
200900027632;0;7;0;0;2;2;2;B02
200900027633;0;7;0;0;2;3;1;B02
200900027633;0;7;0;0;2;1;15;A01
200900027634;0;14;0;0;2;6;15;A01
200900027634;0;30;0;0;2;1;17;B02
200900027635;0;10;0;13;0;1;1;A01
200900027636;0;2;0;0;2;8;15;A01
200900027636;0;7;0;0;2;1;1;B02
200900027637;0;7;0;2;0;7;13;A01
200900027638;0;2;0;0;2;4;15;B02
200900027638;0;7;0;14;0;2;1;A01
200900027639;0;10;0;0;2;3;1;A01
200900027639;0;38;0;0;2;3;1;B02
200900027640;0;7;0;0;2;4;1;B01
200900027640;0;30;0;0;2;1;1;A01
200900027641;0;38;0;0;1;3;1;A01
200900027642;0;7;0;0;2;1;1;B01
200900027642;0;30;0;0;2;8;1;A01
200900027643;0;7;0;0;1;2;1;A01
200900027644;0;7;0;3;0;1;1;A01
200900027645;0;7;0;0;1;1;1;A01
200900027646;0;33;0;12;0;1;1;A01
200900027647;0;31;0;1;2;1;1;A01
200900027647;0;7;0;0;2;8;16;B01
200900027648;0;7;0;0;2;2;15;A01
200900027648;0;30;0;0;2;1;1;B01
200900027649;0;7;0;0;2;1;1;B01
200900027649;0;7;0;1;0;2;1;A01
200900027649;0;7;0;0;2;1;1;C01
200900027650;0;7;0;0;2;1;1;A01
200900027650;0;7;0;0;2;4;23;B01
200900027651;0;7;0;0;0;7;16;A01
200900027651;0;2;0;0;2;1;18;B01
200900027652;0;2;0;16;0;0;1;A01
200900027653;0;7;0;0;2;3;15;A01
200900027653;0;32;0;0;2;0;1;B01
200900027654;0;37;0;0;2;2;1;B01
200900027654;0;7;0;0;2;3;15;A01
200900027655;0;7;0;0;2;0;9;A01
200900027655;0;1;0;0;2;0;1;B01
200900027656;0;7;0;0;1;4;4;A01
200900027657;0;10;0;1;1;1;1;A01
200900027658;0;7;0;0;1;2;1;A01
200900027659;0;7;0;0;2;1;1;C01
200900027659;0;7;0;0;2;1;1;B01
200900027659;1;7;0;0;2;1;15;A01
200900027660;0;1;0;0;2;7;1;B01
200900027660;0;7;0;0;9;3;1;A01
200900027661;0;7;0;0;1;6;4;A01
200900027662;0;33;0;0;2;1;1;A01
200900027662;0;7;0;0;2;3;19;B01
200900027663;0;7;0;13;0;1;1;A01
200900027664;0;32;0;0;2;8;16;B01
200900027664;0;7;0;0;1;2;16;A01
200900027665;0;1;0;0;2;1;1;B01
200900027665;0;7;0;0;2;1;15;A01
200900027666;0;7;0;0;1;1;0;A01
200900027667;0;7;0;0;0;4;1;A01
200900027667;0;7;0;0;2;1;2;B01
200900027668;0;7;0;0;2;3;15;A01
200900027668;0;7;0;0;2;8;15;B01
200900027669;0;7;0;0;2;4;15;B01
200900027669;0;7;0;1;2;1;15;A01
200900027670;0;37;0;0;2;7;15;A01
200900027670;0;2;0;0;2;1;1;B01
200900027671;0;7;0;0;2;7;15;A01
200900027671;0;7;0;0;2;1;1;B01
200900027672;0;30;0;0;2;2;1;A01
200900027672;0;7;0;0;0;1;23;B01
200900027673;0;2;0;0;1;1;1;A01
200900027674;0;2;0;0;2;1;1;B01
200900027674;0;7;0;0;0;8;1;A01
200900027675;0;7;0;0;1;1;1;A01
200900027676;0;37;15;0;2;1;1;B01
200900027676;0;7;0;0;2;7;10;A01
200900027677;0;33;0;0;2;1;1;B01
200900027677;0;7;0;0;2;3;9;A01
200900027678;0;7;0;0;1;1;15;A01
200900027679;0;7;0;0;2;5;4;A01
200900027679;0;7;0;0;2;1;1;B01
200900027680;0;10;0;0;1;1;15;A01
200900027681;0;7;0;0;1;1;16;A01
200900027682;0;7;0;0;2;1;1;A01
200900027682;0;7;0;0;2;8;19;B02
200900027683;0;14;0;0;1;1;2;A01
200900027684;0;10;0;0;2;3;15;A01
200900027684;0;32;0;0;2;1;1;B02
200900027685;0;31;0;0;2;1;1;A01
200900027685;0;7;0;0;2;8;9;B02
200900027686;0;7;0;2;0;1;13;A01
200900027687;0;7;0;13;0;1;15;A01
200900027688;0;99;0;0;0;3;1;B02
200900027688;0;7;0;7;2;1;1;A01
200900027689;0;7;0;2;0;1;1;A01
200900027690;0;17;0;0;2;3;1;A01