num_acc;senc;catv;occutc;obs;obsm;choc;manv;num_veh
200900027690;0;7;0;0;2;1;1;B02
200900027690;0;7;0;0;2;3;13;C03
200900027691;0;30;0;0;2;1;1;B02
200900027691;0;7;0;0;2;3;1;A01
200900027692;0;21;0;0;2;8;1;B02
200900027692;0;7;0;0;2;8;13;A01
200900027693;0;7;0;8;0;1;1;A01
200900027694;0;1;0;0;2;1;1;B02
200900027694;0;7;0;0;9;3;1;A01
200900027695;0;7;0;0;1;2;1;A01
200900027696;0;30;0;0;0;7;1;A01
200900027697;0;7;0;0;2;1;13;A01
200900027697;0;7;0;0;2;1;1;B02
200900027698;0;33;0;0;2;1;13;A01
200900027698;0;7;0;0;2;3;19;B02
200900027699;0;7;0;6;0;1;1;A01
200900027700;0;7;0;0;2;3;19;A01
200900027700;0;7;0;0;2;1;1;B02
200900027700;0;7;0;0;2;7;1;C03
200900027701;0;33;0;0;2;1;1;B02
200900027701;0;7;0;0;2;6;15;A01
200900027702;0;7;0;6;0;1;1;A01
200900027703;0;7;0;0;2;8;15;A01
200900027703;0;30;0;0;2;7;17;B01
200900027704;0;7;0;0;1;1;1;A01
200900027705;0;7;0;0;2;3;0;A01
200900027705;0;7;0;0;0;3;1;B01
200900027706;0;20;0;0;1;2;1;A01
200900027707;0;7;0;8;0;1;1;A01
200900027708;0;30;0;7;0;1;1;B01
200900027708;0;33;0;7;0;1;1;A01
200900027709;1;10;0;0;2;2;17;A01
200900027709;0;1;0;0;0;8;1;B01
200900027710;0;7;0;0;2;1;1;A01
200900027710;0;7;0;0;0;3;1;B01
200900027711;0;7;0;1;2;1;17;A01
200900027711;0;7;0;0;2;3;15;B01
200900027712;0;7;0;0;2;8;1;A01
200900027712;0;7;0;0;2;2;1;B01
200900027713;0;7;0;0;2;3;1;A01
200900027713;0;33;0;0;2;2;1;B01
200900027714;0;7;0;0;2;1;1;A01
200900027714;0;7;0;0;2;3;1;B01
200900027715;0;7;0;0;2;4;2;C01
200900027715;0;7;0;0;2;4;2;B01
200900027715;0;7;0;0;2;1;2;A01
200900027716;0;7;0;0;2;7;15;B01
200900027716;0;33;0;1;2;1;1;A01
200900027717;0;7;0;1;0;2;1;A01
200900027718;0;7;0;0;2;0;15;A01
200900027718;0;1;0;0;2;0;1;B01
200900027719;0;7;0;0;2;1;1;A01
200900027719;0;7;0;0;0;4;1;B01
200900027720;0;7;0;8;0;1;13;A01
200900027721;0;33;0;8;0;1;1;B01
200900027721;0;7;0;0;0;0;15;A01
200900027722;0;30;0;7;0;1;1;A01
200900027723;0;37;0;0;1;0;0;A01
200900027724;0;7;0;0;2;2;1;A01
200900027724;0;7;0;0;2;6;1;B01
200900027725;0;10;0;0;1;3;1;A01
200900027726;0;2;0;0;2;1;1;A01
200900027726;0;7;0;0;2;2;6;B02
200900027727;0;7;0;6;0;3;1;A01
200900027728;0;7;0;2;0;9;14;A01
200900027729;0;7;0;0;2;2;1;A01
200900027729;0;1;0;0;2;1;6;B02
200900027730;0;33;0;13;0;1;1;A01
200900027731;0;2;0;0;2;8;19;A01
200900027731;0;7;0;0;2;1;1;B02
200900027732;0;7;0;6;0;1;14;A01
200900027733;0;13;0;0;9;2;1;A01
200900027733;0;1;0;0;2;0;1;B02
200900027734;0;7;0;0;1;1;1;B02
200900027734;0;7;0;0;1;3;1;A01
200900027735;0;2;0;0;2;8;13;B02
200900027735;0;17;0;0;2;7;17;A01
200900027736;0;33;0;0;2;1;1;B02
200900027736;0;7;0;0;0;6;9;A01
200900027737;0;7;0;0;1;3;1;A01
200900027738;0;7;0;0;2;1;9;A01
200900027738;0;7;0;0;2;7;1;B01
200900027739;0;7;0;0;1;8;4;A01
200900027740;0;7;0;6;0;1;0;A01
200900027741;0;7;0;0;2;4;1;C01
200900027741;0;7;0;0;2;1;1;D01
200900027741;0;7;0;0;2;1;1;A01
200900027741;0;33;0;0;2;4;1;B01
200900027742;0;33;0;15;0;1;1;A01
200900027743;0;30;0;0;2;1;1;B01
200900027743;0;7;0;0;2;2;1;A01
200900027744;0;7;0;0;2;1;1;B01
200900027744;0;7;0;0;2;1;13;A01
200900027745;0;30;0;0;2;1;1;A01
200900027745;0;7;0;0;2;8;1;B01
200900027746;0;33;0;0;2;1;1;B01
200900027746;0;7;0;0;2;3;1;A01
200900027747;0;2;0;0;2;4;2;B01
200900027747;0;7;0;0;2;1;2;A01
200900027748;0;7;0;0;1;1;1;A01
200900027749;0;7;0;0;1;1;1;A01
200900027750;0;7;0;0;2;2;15;A01
200900027750;0;33;0;0;2;1;1;B01
200900027751;0;7;0;0;0;1;20;A01
200900027752;0;7;0;0;1;7;15;A01
200900027753;0;30;0;0;2;8;1;A01
200900027753;0;7;0;0;2;1;15;B01
200900027754;0;7;0;0;1;3;1;A01
200900027755;0;7;0;0;1;1;15;A01
200900027756;0;7;0;0;2;0;15;A01
200900027756;0;7;0;0;2;0;1;B01
200900027757;0;7;0;0;1;2;1;A01
200900027758;0;7;0;0;2;1;1;A01
200900027758;0;7;0;0;2;4;23;B01
200900027758;0;7;0;0;0;4;23;C01
200900027759;0;7;0;0;2;2;1;B01
200900027759;0;7;0;0;2;1;1;A01
200900027760;0;7;0;0;2;9;15;A01
200900027760;0;7;0;0;2;1;1;B01
200900027761;0;7;0;0;2;8;1;A01
200900027761;0;7;0;0;2;3;1;B01
200900027762;0;30;0;0;1;1;1;A01
200900027763;0;7;0;0;9;7;0;B01
200900027763;0;30;0;0;2;8;0;A01
200900027764;0;7;0;0;1;3;1;A01
200900027765;0;30;0;6;0;1;13;A01
200900027766;0;10;0;0;1;6;1;A01
200900027767;0;10;0;0;2;3;1;B02
200900027767;0;7;0;0;2;3;13;A01
200900027768;0;7;0;0;1;4;4;A01
200900027769;0;1;0;0;2;1;9;B02
200900027769;0;14;0;0;0;0;9;A01
200900027770;0;7;0;2;0;2;21;A01
200900027771;0;7;0;0;2;7;15;A01
200900027771;0;33;0;0;2;1;1;B02
200900027772;0;1;0;0;2;1;9;B02
200900027772;0;7;0;0;2;3;9;A01
200900027773;0;7;0;0;1;6;20;A01
200900027774;0;7;0;0;2;1;23;A01
200900027774;0;30;0;0;2;1;15;B02
200900027775;0;10;0;8;0;1;1;A01
200900027776;2;7;0;13;0;7;1;A01
200900027777;0;31;0;1;0;2;14;A01
200900027778;0;7;0;0;2;1;1;A01
200900027778;0;30;0;0;2;8;15;B02
200900027779;0;7;0;0;0;4;15;B01
200900027779;0;10;0;0;2;1;2;A01
200900027780;0;7;0;0;1;2;1;A01
200900027781;0;7;0;13;0;7;14;A01
200900027782;0;7;0;0;1;3;1;A01
200900027783;0;7;0;0;2;4;2;C01
200900027783;0;7;0;0;2;4;2;B01
200900027783;0;7;0;0;2;1;2;A01
200900027784;0;7;0;0;2;1;23;C01
200900027784;0;7;0;0;0;3;11;B01
200900027784;0;7;0;0;2;2;1;A01
200900027785;0;7;0;0;2;1;1;B02
200900027785;0;7;0;0;2;8;19;A01
200900027786;0;7;0;0;2;7;13;A01
200900027786;0;7;0;0;2;1;1;B02
200900027787;0;7;0;13;0;3;1;A01
200900027788;0;7;0;15;0;1;14;A01
200900027789;0;7;0;0;2;3;13;A01
200900027789;0;7;0;0;2;3;1;B02
200900027790;0;2;0;0;2;1;1;B02
200900027790;0;7;0;0;2;8;9;A01
200900027791;0;7;0;14;0;1;2;A01
200900027792;0;2;0;0;2;1;1;A01
200900027793;0;7;0;0;2;4;1;B01
200900027793;0;7;0;0;2;1;1;A01
200900027794;0;7;0;1;0;2;1;A01
200900027795;0;7;0;0;2;1;17;B02
200900027795;0;15;0;0;2;1;1;A01
200900027796;0;7;0;8;0;1;1;A01
200900027797;0;7;0;0;2;3;1;B01
200900027797;0;30;0;0;2;1;15;A01
200900027798;0;7;0;0;2;2;15;A01
200900027798;0;7;0;0;2;1;1;B01
200900027799;0;7;0;2;0;3;1;A01
200900027800;0;7;0;0;2;1;13;A01
200900027800;0;7;0;0;2;1;1;B01
200900027800;0;7;0;0;2;7;21;C01
200900027801;0;33;0;0;2;8;1;C03
200900027801;0;7;0;0;2;1;13;A01
200900027801;0;7;0;0;2;1;1;B02
200900027802;0;7;0;0;2;1;1;A01
200900027802;0;1;0;0;0;4;1;B02
200900027803;0;30;0;15;0;1;1;A01
200900027804;0;7;0;0;2;1;1;A01
200900027804;0;7;0;0;0;7;1;B02
200900027805;0;7;0;5;2;8;1;A01
200900027805;0;7;0;0;2;2;1;B02
200900027806;0;30;0;0;0;1;1;A01
200900027807;0;10;0;0;2;1;2;A01
200900027807;0;17;0;0;0;4;11;B02
200900027808;0;33;0;0;6;1;19;A01
200900027809;0;14;0;0;2;6;1;B02
200900027809;0;30;0;0;2;8;1;A01
200900027810;0;7;0;0;0;9;1;A01
200900027811;0;7;0;0;1;2;1;A01
200900027812;0;7;0;0;2;8;15;B02
200900027812;0;17;0;0;2;2;13;A01
200900027813;0;7;0;0;2;1;1;B02
200900027813;0;10;0;0;2;5;19;A01
200900027814;0;7;0;0;1;3;15;A01
200900027815;0;7;0;0;1;3;1;A01
200900027816;0;30;0;0;1;1;1;A01
200900027817;0;7;0;0;0;3;1;C03
200900027817;0;7;0;0;0;8;21;B02
200900027817;0;99;0;0;0;3;19;A01
200900027817;0;7;0;0;0;3;0;D04
200900027818;0;7;0;0;2;1;15;A01
200900027818;0;7;0;0;2;1;1;B02
200900027819;0;33;0;0;0;1;1;A01
200900027820;0;7;0;0;2;3;16;B02
200900027820;0;7;0;0;2;1;1;A01
200900027821;0;10;0;0;2;1;2;B02
200900027821;0;10;0;0;2;7;19;A01
200900027822;0;7;0;0;2;1;1;A01
200900027822;0;7;0;0;2;4;1;B02
200900027823;0;7;0;0;0;9;1;A01
200900027824;0;10;0;13;0;9;1;A01
200900027825;0;7;0;2;0;7;1;A01
200900027826;0;7;0;0;1;2;2;A01
200900027827;0;7;0;0;2;1;1;A01
200900027827;0;30;0;0;2;0;15;B02
200900027828;0;7;0;8;0;1;1;A01
200900027829;0;10;0;8;0;1;1;A01
200900027830;0;36;0;8;0;1;1;A01
200900027831;0;7;0;16;0;9;1;A01
200900027832;0;7;0;0;2;1;13;A01
200900027833;0;1;0;0;2;1;1;B02
200900027833;0;7;0;0;9;8;1;A01
200900027834;0;7;0;8;0;2;1;A01
200900027835;0;33;0;0;6;1;1;A01
200900027836;0;33;0;15;0;1;1;A01
200900027837;0;7;0;0;0;7;15;B01
200900027837;0;7;0;0;2;7;1;A01
200900027838;0;7;0;0;2;3;19;B02
200900027838;0;7;0;0;2;1;1;A01
200900027839;0;7;0;0;1;1;1;A01
200900027840;0;1;0;0;0;8;2;C01
200900027840;0;7;0;0;9;7;2;A01
200900027840;0;1;0;0;0;8;2;B01
200900027841;0;7;0;1;0;1;1;A01
200900027842;0;7;0;1;0;2;1;A01
200900027843;0;7;0;6;0;1;1;A01
200900027844;0;30;0;8;0;0;14;A01
200900027845;0;7;0;0;2;8;1;B02
200900027845;0;31;0;0;2;1;16;A01
200900027846;0;7;0;0;2;8;20;A01
200900027846;0;1;0;0;2;1;1;B01
200900027847;0;2;0;0;0;1;1;A01
200900027848;0;2;0;0;0;1;2;A01
200900027848;0;7;0;0;2;4;1;B01
200900027849;0;30;0;6;0;1;0;A01
200900027850;0;7;0;13;0;3;13;A01
200900027851;0;7;0;0;2;1;9;A01
200900027851;0;7;0;0;2;8;1;B01
200900027852;0;7;0;0;0;8;1;A01
200900027853;0;7;0;0;2;3;9;A01
200900027853;0;30;0;0;2;1;1;B01
200900027854;0;7;0;0;2;1;9;A01
200900027854;0;7;0;0;2;8;1;B01
200900027855;0;7;0;0;1;2;17;A01
200900027856;0;7;0;2;0;6;1;A01
200900027857;0;33;0;0;2;1;17;B02
200900027857;0;21;0;0;2;8;15;A01
200900027858;0;2;0;0;2;0;0;A01
200900027858;0;7;0;0;2;1;1;B01
200900027859;0;7;0;0;2;1;0;B01
200900027859;0;7;0;0;2;1;1;A01
200900027860;0;7;0;0;1;3;0;A01
200900027861;0;31;0;0;2;1;2;A01
200900027861;0;7;0;0;0;6;2;B02
200900027862;0;7;0;0;0;0;0;C03
200900027862;0;7;0;1;2;1;21;A01
200900027862;0;10;0;0;2;3;1;B02
200900027863;0;7;0;0;0;3;15;A01
200900027863;0;33;0;0;0;1;1;B01
200900027864;0;7;0;8;0;1;13;A01
200900027864;0;38;2;8;0;1;1;B01
200900027865;0;7;0;6;0;2;6;A01
200900027866;0;7;0;13;0;2;1;A01
200900027867;0;7;0;0;2;2;1;B02
200900027867;0;2;0;0;2;1;13;A01
200900027868;0;7;0;0;2;4;2;B01
200900027868;0;7;0;0;2;1;2;A01
200900027869;0;2;0;0;2;1;17;B01
200900027869;0;7;0;0;2;1;9;A01
200900027870;0;30;0;0;0;0;1;A01
200900027871;0;7;0;0;2;1;1;B02
200900027871;0;21;0;0;2;1;19;A01
200900027872;0;33;0;3;0;8;13;A01
200900027873;0;2;0;0;2;1;17;A01
200900027873;0;7;0;0;2;8;15;B01
200900027874;0;33;0;0;2;1;1;B01
200900027874;0;7;0;0;2;7;15;A01
200900027875;0;7;0;0;1;3;15;A01
200900027876;0;7;0;0;2;8;1;B01
200900027876;0;7;0;0;2;1;1;A01
200900027877;0;33;0;0;2;1;1;A01
200900027877;0;7;0;0;2;6;0;B02
200900027878;0;7;0;0;2;3;15;A01
200900027878;0;33;0;0;2;8;1;B01
200900027879;0;7;0;0;2;3;9;B02
200900027879;0;2;0;0;2;6;1;A01
200900027880;0;7;0;0;1;7;1;A01
200900027881;0;33;0;0;2;6;9;A01
200900027881;0;33;0;0;2;2;2;B01
200900027882;0;10;0;0;1;2;1;A01
200900027883;0;30;0;0;0;7;1;A01
200900027884;2;33;0;6;0;2;15;A01
200900027885;0;7;0;0;2;3;19;A01
200900027885;0;31;0;0;2;1;1;B02
200900027886;0;7;0;0;1;2;1;A01
200900027887;0;30;0;0;2;1;5;A01
200900027887;0;7;0;0;2;2;21;B01
200900027888;0;7;0;6;0;3;12;A01
200900027889;0;1;0;0;0;0;1;A01
200900027890;0;1;0;0;2;1;2;B01
200900027890;0;7;0;0;2;8;16;A01
200900027891;0;1;0;0;1;0;0;A01
200900027892;0;7;0;0;2;2;1;B01
200900027892;0;2;0;0;2;8;19;A01
200900027893;0;7;0;13;0;3;1;A01
200900027894;0;7;0;0;2;3;15;B01
200900027894;0;10;0;0;2;3;15;A01
200900027895;0;1;0;0;2;1;1;B01
200900027895;0;7;0;0;2;2;15;A01
200900027896;0;7;0;0;1;1;1;A01
200900027897;0;1;0;0;1;1;5;A01
200900027898;0;7;0;0;0;2;1;A01
200900027899;0;7;0;2;0;1;1;A01
200900027900;0;7;0;0;1;1;15;A01
200900027901;0;30;0;0;2;1;17;B01
200900027901;0;7;0;0;2;8;15;A01
200900027902;0;7;0;0;1;1;12;A01
200900027903;0;7;0;13;0;1;1;A01
200900027904;0;7;0;0;2;6;23;A01
200900027904;0;1;0;0;2;1;1;B01
200900027905;0;30;0;6;0;1;14;A01
200900027906;0;7;0;0;2;3;0;A01
200900027906;0;2;0;0;2;2;0;B01
200900027907;0;7;0;0;2;8;10;A01
200900027907;0;33;0;0;2;1;21;B01
200900027908;0;1;0;0;2;2;9;B01
200900027908;0;7;0;0;2;3;1;A01
200900027909;0;1;0;0;2;1;1;B01
200900027909;0;33;0;0;2;1;16;A01
200900027909;0;1;0;0;2;1;1;C01
200900027910;0;30;0;0;2;2;21;A01
200900027910;0;7;0;0;2;3;1;B02
200900027911;0;33;0;0;2;1;21;B02
200900027911;0;33;0;13;0;1;1;A01
200900027912;0;30;0;3;0;8;13;A01
200900027913;0;33;0;0;2;1;15;A01
200900027913;0;7;0;0;2;1;1;B01
200900027914;0;31;0;0;2;1;1;B01
200900027914;0;7;0;0;2;1;15;A01
200900027915;0;7;0;0;2;2;1;B02
200900027915;0;2;0;0;2;1;19;A01
200900027916;0;15;0;0;2;6;17;A01
200900027916;0;7;0;0;2;2;17;B01
200900027917;0;33;0;16;0;9;14;A01
200900027918;0;33;0;0;2;1;1;B01
200900027918;0;7;0;0;2;6;10;A01
200900027919;0;7;0;0;2;1;10;A01
200900027919;0;7;0;0;2;3;1;B01
200900027920;0;30;0;0;2;0;16;A01
200900027920;0;7;0;0;2;3;1;B01
200900027921;0;33;0;0;2;1;1;B01
200900027921;0;7;0;0;2;3;9;A01
200900027922;0;2;0;0;2;1;1;B02
200900027922;0;7;0;0;2;2;15;A01
200900027923;0;30;0;0;2;1;1;A01
200900027923;0;10;0;0;0;3;1;B02
200900027924;0;30;0;0;2;1;1;A01
200900027924;0;10;0;0;2;4;1;B02
200900027925;0;7;0;0;0;5;15;A01
200900027925;0;30;0;0;2;1;1;B02
200900027926;0;7;0;0;0;0;17;A01
200900027927;0;7;0;0;2;2;15;A01
200900027927;0;30;0;0;2;1;1;B02
200900027928;0;33;0;12;0;1;13;A01
200900027929;0;7;0;0;0;6;15;B02
200900027929;0;33;0;0;2;1;1;A01
200900027930;0;7;0;0;2;8;1;B02
200900027930;0;7;0;0;2;3;13;A01
200900027931;0;7;0;8;0;6;1;A01
200900027932;0;7;0;0;2;1;1;A01
200900027932;0;7;0;0;2;4;1;B02
200900027933;0;30;0;0;0;0;0;A01
200900027934;0;99;0;13;2;1;13;A01
200900027934;0;99;0;0;2;2;1;B02
200900027935;0;7;0;8;0;3;1;A01
200900027936;0;7;0;2;0;3;1;A01
200900027937;0;33;0;12;0;1;1;A01
200900027938;0;7;0;0;2;1;1;B02
200900027938;0;7;0;0;2;1;13;A01
200900027939;0;33;0;0;2;1;1;A01
200900027939;0;7;0;0;2;6;6;B02
200900027940;0;7;0;0;0;1;1;A01
200900027941;0;7;0;0;2;3;1;B02
200900027941;0;7;0;0;2;2;15;A01
200900027942;0;2;0;0;2;2;1;A01
200900027942;0;7;0;0;2;3;15;B02
200900027943;0;7;0;3;0;9;14;A01
200900027944;0;7;0;0;2;1;1;A01
200900027944;0;7;0;0;2;1;13;B02
200900027945;0;7;0;3;0;2;1;A01
200900027946;0;7;0;2;0;9;1;A01
200900027947;0;7;0;0;2;2;15;B02
200900027947;0;33;0;0;2;7;21;A01
200900027948;0;31;0;0;0;0;13;A01
200900027949;0;10;0;0;0;8;19;A01
200900027949;0;33;0;0;2;1;1;B02
200900027950;0;7;0;0;2;3;13;B02
200900027950;0;17;0;0;0;8;1;A01
200900027951;0;7;0;0;1;0;1;A01
200900027952;0;20;0;0;2;1;1;A01
200900027952;0;30;0;0;2;1;1;B02
200900027953;0;7;0;3;0;1;14;A01
200900027954;0;10;0;0;2;2;21;A01
200900027954;0;7;0;2;2;6;1;B02
200900027955;0;1;0;0;0;8;1;B02
200900027955;0;7;0;0;9;1;1;A01
200900027956;0;17;0;0;2;3;1;B02
200900027956;0;7;0;0;2;2;13;A01
200900027957;0;1;0;0;2;1;0;B02
200900027957;0;14;0;0;0;3;0;A01
200900027958;0;14;0;0;0;0;0;A01
200900027959;0;7;0;0;2;7;13;A01
200900027959;0;7;0;0;2;1;1;B02
200900027960;0;13;0;0;9;2;1;A01
200900027960;0;1;0;0;2;5;19;B02
200900027961;0;10;0;0;2;3;13;A01
200900027961;0;7;0;0;2;3;1;B02
200900027962;0;7;0;0;2;1;1;C03
200900027962;0;7;0;0;2;1;13;A01
200900027962;0;7;0;0;2;1;1;B02
200900027963;0;7;0;2;0;8;1;A01
200900027964;0;7;0;0;1;3;15;A01
200900027965;0;2;0;0;2;1;6;A01
200900027965;0;10;0;0;2;8;1;B01
200900027966;0;33;0;0;2;0;15;A01
200900027967;0;7;0;0;2;2;16;A01
200900027967;0;7;0;8;2;1;1;B01
200900027968;0;30;0;0;2;1;2;A01
200900027968;0;7;0;0;2;4;23;B01
200900027969;0;7;0;0;2;1;1;A01
200900027969;0;33;0;0;2;7;15;B01
200900027970;0;30;0;0;2;5;1;B01
200900027970;0;7;0;0;2;3;1;A01
200900027971;0;7;0;0;2;8;1;B01
200900027971;0;31;0;0;2;1;1;A01
200900027972;0;7;0;0;2;1;1;A01
200900027972;0;1;0;0;2;7;19;B01
200900027973;0;7;0;0;1;2;1;A01
200900027974;0;1;0;0;2;1;1;B01
200900027974;0;7;0;0;2;1;16;A01
200900027975;0;7;0;0;1;1;1;A01
200900027976;0;33;0;0;2;0;15;B01
200900027976;0;15;0;0;2;0;1;A01
200900027977;0;33;0;0;0;3;1;A01
200900027978;0;7;0;0;2;2;14;A01
200900027978;0;15;0;0;0;4;1;B01
200900027979;0;7;0;0;2;3;16;A01
200900027979;0;17;0;0;2;2;21;B01
200900027980;0;17;0;3;0;4;1;A01
200900027981;0;33;0;0;2;1;1;B01
200900027981;0;7;0;0;2;6;1;A01
200900027982;0;7;0;0;2;7;1;C01
200900027982;0;7;0;0;2;7;1;B01
200900027982;0;7;0;0;2;1;5;A01
200900027983;0;7;0;0;2;2;5;A01
200900027983;0;15;0;0;2;3;5;B01
200900027984;0;7;0;0;2;3;1;B02
200900027984;0;7;0;0;2;3;13;A01
200900027985;0;7;0;0;2;4;2;B01
200900027985;0;7;0;0;2;1;2;A01
200900027986;0;33;0;0;0;0;0;A01
200900027987;0;7;0;0;0;3;24;C03
200900027987;1;7;0;0;0;0;24;A01
200900027987;0;7;0;1;2;1;1;B02
200900027988;0;35;0;12;2;7;19;A01
200900027988;0;7;0;0;2;2;1;B01
200900027989;0;2;0;0;0;7;0;A01
200900027990;0;31;0;13;0;1;14;A01
200900027991;0;7;0;5;0;1;1;A01
200900027992;0;7;0;2;0;8;21;A01
200900027993;0;34;0;0;0;0;1;B02
200900027993;0;33;0;0;0;0;1;A01
200900027994;0;7;0;6;0;1;1;A01
200900027995;0;7;0;0;2;1;1;A01
200900027995;0;30;0;0;2;1;5;B02
200900027996;0;33;0;0;0;1;1;A01
200900027996;0;7;0;0;0;4;1;B02
200900027997;0;33;0;0;2;1;1;B01
200900027997;0;7;0;0;2;2;15;A01
200900027998;0;30;0;0;2;7;1;B02
200900027998;0;7;0;0;2;1;15;A01
200900027999;0;33;0;0;2;3;17;A01
200900027999;0;10;0;0;2;3;1;B02
200900028000;0;7;0;8;0;2;1;A01
200900028001;0;33;0;0;1;1;21;A01
200900028002;0;1;0;0;0;3;13;B02
200900028002;0;7;0;0;9;2;17;A01
200900028003;0;7;0;0;1;3;17;A01
200900028004;0;7;0;13;0;2;14;A01
200900028005;0;30;0;0;2;1;19;A01
200900028005;0;7;0;0;9;7;15;B01
200900028006;0;7;0;0;1;3;13;A01
200900028007;0;30;0;0;2;4;2;B02
200900028007;0;30;0;0;2;1;2;A01
200900028008;0;7;0;0;2;2;19;B02
200900028008;0;2;0;0;2;6;1;A01
200900028009;0;31;0;0;2;1;1;B02
200900028009;0;7;0;0;2;2;13;A01
200900028010;0;13;0;0;2;3;1;B02
200900028010;0;13;0;0;2;2;16;A01
200900028011;0;7;0;0;1;7;15;A01
200900028011;0;30;0;0;2;1;2;B01
200900028012;0;7;0;0;1;2;1;A01
200900028013;0;7;0;0;2;8;1;B02
200900028013;0;7;0;0;2;1;13;A01
200900028014;0;2;0;0;0;1;1;B02
200900028014;0;7;0;0;1;3;1;A01
200900028015;0;7;0;0;2;3;1;B02
200900028015;0;1;0;0;2;1;1;A01
200900028016;0;7;0;0;2;3;15;A01
200900028016;0;33;0;0;2;1;1;B02
200900028017;0;7;0;0;2;2;1;A01
200900028017;0;7;0;0;2;1;15;B02
200900028018;0;7;0;13;0;2;1;A01
200900028019;0;2;0;6;0;1;13;A01
200900028020;0;7;0;0;2;2;11;A02
200900028020;0;7;0;0;2;6;1;B01
200900028021;0;7;0;1;0;1;13;A01
200900028022;0;7;0;0;2;6;4;A01
200900028022;0;33;0;0;2;2;1;B02
200900028023;0;7;0;9;0;2;14;A01
200900028024;0;33;0;0;2;8;17;A01
200900028024;0;7;0;0;2;8;1;B01
200900028025;0;33;0;16;0;9;1;A01
200900028026;0;7;0;0;2;8;15;A01
200900028026;0;30;0;0;2;2;17;B01
200900028027;0;7;0;0;2;1;1;B02
200900028027;0;30;0;0;2;8;15;A01
200900028028;0;33;0;0;2;1;1;B02
200900028028;0;10;0;0;2;8;15;A01
200900028029;0;10;0;0;2;3;9;A01
200900028029;0;7;0;0;2;7;1;B02
200900028030;0;1;0;0;2;8;1;A01
200900028030;0;7;0;0;9;2;19;B02
200900028031;0;2;0;0;2;1;13;C03
200900028031;0;7;0;0;2;1;1;A01
200900028031;0;2;0;0;2;1;13;B02
200900028032;0;33;0;0;2;1;1;B02
200900028032;0;7;0;0;2;2;15;A01
200900028033;0;7;0;0;9;7;15;A01
200900028033;0;2;0;0;2;1;1;B01
200900028034;0;7;0;0;2;3;9;A01
200900028034;0;7;0;0;2;7;1;B01
200900028035;0;7;0;0;2;1;1;B02
200900028035;0;7;0;0;2;8;9;A01
200900028036;0;7;0;0;2;3;1;B02
200900028036;0;7;0;0;2;3;13;A01
200900028037;0;2;0;13;0;1;14;A01
200900028038;0;7;0;8;0;9;14;A01
200900028039;0;2;0;0;0;8;1;A01
200900028040;0;7;0;6;0;3;13;A01
200900028041;0;33;0;13;0;1;14;A01
200900028042;0;30;0;0;2;7;19;A01
200900028042;0;7;0;0;2;1;1;B01
200900028043;1;7;0;0;1;3;1;A01
200900028044;0;33;0;0;2;1;2;A01
200900028044;0;7;0;0;2;4;2;B01
200900028045;0;7;0;0;2;1;19;A01
200900028045;0;7;0;8;2;1;19;B01
200900028046;0;2;0;0;0;7;1;A01
200900028047;0;7;0;0;2;8;1;A01
200900028047;0;2;0;0;2;1;19;B01
200900028048;0;1;0;6;0;0;14;A01
200900028048;1;30;0;0;0;0;1;B01
200900028049;0;30;0;0;2;6;11;A01
200900028049;0;7;0;0;2;2;1;B01
200900028050;0;31;0;0;2;1;1;B01
200900028050;0;7;0;0;2;2;15;A01
200900028051;0;10;0;0;2;3;15;B01
200900028051;0;2;0;0;2;2;17;A01
200900028052;0;2;0;0;0;7;21;A01
200900028053;0;33;0;0;0;8;21;A01
200900028054;0;2;0;0;2;1;1;B01
200900028054;0;10;0;0;2;8;9;A01
200900028055;0;7;0;0;1;5;4;A01
200900028056;0;1;0;0;0;7;1;A01
200900028057;0;7;0;0;2;3;10;A01
200900028057;0;30;0;0;2;1;17;B01
200900028058;0;7;0;0;2;2;1;B01
200900028058;0;7;0;0;2;3;9;A01
200900028059;0;7;0;0;1;3;16;A01
200900028060;0;30;0;0;2;1;1;B01
200900028060;0;7;0;0;2;7;19;A01
200900028061;0;17;0;0;1;2;1;A01
200900028062;0;14;0;0;2;2;4;A01
200900028062;0;7;0;0;2;8;9;B01
200900028063;0;7;0;0;2;2;1;B01
200900028063;0;36;0;0;2;8;19;A02
200900028064;0;7;0;0;2;2;1;B02
200900028064;0;7;0;0;2;3;9;A01
200900028065;0;7;0;0;2;3;13;A01
200900028065;0;7;0;0;2;3;1;B02
200900028066;0;33;0;0;2;1;1;B02
200900028066;0;7;0;0;2;2;15;A01
200900028067;0;10;0;0;9;1;1;B02
200900028067;0;1;0;0;2;7;19;A01
200900028068;0;7;0;13;2;7;13;A01
200900028068;0;7;0;0;2;1;1;B02
200900028069;0;7;0;0;9;3;15;A01
200900028069;0;14;0;0;2;1;1;B02
200900028070;0;7;0;0;0;7;0;A01
200900028070;0;30;0;0;0;1;0;B02
200900028071;0;7;0;0;2;3;15;A01
200900028071;0;33;0;0;2;0;1;B01
200900028072;0;7;0;2;0;5;1;A01
200900028073;0;7;0;3;0;1;14;A01
200900028074;0;7;0;0;2;4;23;A01
200900028074;0;7;0;1;0;1;1;B01
200900028074;0;7;0;0;2;1;1;C01
200900028075;0;21;0;0;0;4;1;A01