num_acc;senc;catv;occutc;obs;obsm;choc;manv;num_veh
200900028075;0;2;0;0;2;1;1;B02
200900028076;0;7;0;13;0;1;1;A01
200900028077;0;2;0;0;2;0;13;A01
200900028077;0;7;0;0;2;6;1;B01
200900028078;0;7;0;0;2;3;17;A01
200900028078;0;30;0;0;2;1;1;B02
200900028079;0;7;0;13;0;1;1;A01
200900028080;0;7;0;0;0;5;2;C03
200900028080;0;7;0;14;0;1;2;A01
200900028080;0;7;0;14;0;1;2;D04
200900028080;0;7;0;0;0;4;2;B02
200900028081;0;10;0;0;0;7;16;A01
200900028082;0;7;0;0;1;2;14;A01
200900028083;0;7;0;0;2;2;2;A01
200900028083;0;7;0;0;0;6;2;B02
200900028084;0;10;0;0;1;1;1;A01
200900028085;0;7;0;0;2;2;2;A01
200900028085;0;15;0;0;0;0;2;B02
200900028086;0;30;0;0;2;1;1;A01
200900028086;0;7;0;0;2;7;0;B01
200900028087;0;7;0;0;1;2;1;A01
200900028088;0;33;0;2;0;7;14;A01
200900028089;0;10;0;0;0;0;0;A01
200900028090;0;7;0;2;0;1;1;A01
200900028091;0;7;0;8;0;1;1;A01
200900028092;0;21;0;0;2;4;2;B02
200900028092;0;7;0;0;2;1;2;A01
200900028093;0;7;0;0;2;2;1;B02
200900028093;0;7;0;0;2;1;1;A01
200900028094;0;7;0;0;2;1;1;A01
200900028094;0;7;0;0;2;4;1;B01
200900028095;0;7;0;15;0;1;13;A01
200900028096;0;7;0;0;2;3;1;B02
200900028096;0;7;0;0;2;3;13;A01
200900028097;0;1;0;0;2;1;9;B01
200900028097;0;7;0;0;9;2;1;A01
200900028098;0;7;0;13;0;1;1;A01
200900028099;0;7;0;2;0;1;14;A01
200900028100;0;7;0;13;0;9;1;A01
200900028101;0;15;0;6;0;1;1;A01
200900028102;0;7;0;4;0;2;1;A01
200900028103;0;2;0;0;2;6;15;B02
200900028103;0;7;0;0;2;7;17;A01
200900028104;0;10;0;2;0;3;0;A01
200900028105;0;7;0;0;2;3;1;A01
200900028105;0;7;0;0;2;3;16;B02
200900028106;0;7;0;13;0;2;1;A01
200900028107;0;31;0;0;2;1;1;A01
200900028107;0;30;0;0;2;7;13;B02
200900028108;0;7;0;0;0;6;15;B02
200900028108;0;33;0;0;2;1;17;A01
200900028109;0;10;0;0;2;4;2;B02
200900028109;0;10;0;0;2;1;2;A01
200900028110;0;7;0;0;2;3;1;B02
200900028110;0;7;0;0;2;3;1;A01
200900028111;0;7;0;0;1;2;1;A01
200900028112;0;33;0;0;0;1;1;A01
200900028113;0;7;0;4;0;2;1;A01
200900028114;0;33;0;0;0;2;1;A01
200900028115;0;7;0;0;0;9;1;A01
200900028116;0;7;0;0;1;2;15;A01
200900028117;0;7;0;0;0;4;1;B02
200900028117;0;33;0;0;2;1;1;A01
200900028118;0;7;0;0;2;2;1;B02
200900028118;0;30;0;0;2;1;13;A01
200900028119;0;33;0;0;0;8;1;A01
200900028120;0;7;0;0;2;6;1;B02
200900028120;0;7;0;4;0;8;21;A01
200900028121;0;7;0;13;0;0;1;A01
200900028121;0;7;0;13;0;0;1;B02
200900028122;0;7;0;0;2;3;13;B02
200900028122;0;33;0;0;2;1;1;A01
200900028123;0;10;0;0;0;6;0;A01
200900028124;0;7;0;3;0;1;1;A01
200900028125;0;17;0;0;0;4;2;B02
200900028125;0;17;0;0;0;0;2;C03
200900028125;0;7;0;0;2;1;2;A01
200900028126;0;30;0;0;2;1;13;A01
200900028126;0;7;0;0;2;3;1;B02
200900028127;0;7;0;0;1;2;1;A01
200900028128;0;7;0;2;0;7;1;A01
200900028129;0;7;0;0;2;3;1;B01
200900028129;0;7;0;0;2;2;15;A01
200900028130;0;31;0;6;0;1;1;A01
200900028131;0;21;0;0;2;6;19;B02
200900028131;0;10;0;0;2;1;1;A01
200900028132;0;10;0;2;0;1;14;A01
200900028133;0;10;0;8;0;3;1;A01
200900028134;0;30;0;6;0;1;1;A01
200900028135;0;7;0;3;0;3;0;A01
200900028135;0;7;0;14;0;1;0;B02
200900028136;0;7;0;0;2;3;1;B01
200900028136;0;1;0;0;2;1;16;A01
200900028137;0;2;0;0;2;1;1;B02
200900028137;0;7;0;0;2;5;19;A01
200900028138;0;31;0;0;2;1;1;B02
200900028138;0;7;0;0;0;3;19;A01
200900028139;0;33;0;13;0;1;1;A01
200900028140;0;7;0;2;0;8;14;A01
200900028141;0;7;0;0;2;4;1;B01
200900028141;0;7;0;0;2;1;1;A01
200900028142;0;7;0;0;2;1;13;A01
200900028142;0;7;0;0;2;1;1;B02
200900028143;0;7;0;2;0;1;14;A01
200900028144;0;7;0;6;0;3;15;A01
200900028145;0;7;0;2;0;7;1;A01
200900028146;0;7;0;15;0;2;14;A01
200900028147;0;17;0;0;2;8;1;B01
200900028147;0;7;0;0;2;1;13;A01
200900028148;0;7;0;0;2;8;1;D01
200900028148;0;2;0;0;2;1;2;A01
200900028148;0;7;0;0;2;6;23;B01
200900028149;0;7;0;15;0;1;1;A01
200900028150;0;7;0;8;0;8;9;A01
200900028151;0;10;0;2;0;1;17;A01
200900028152;0;15;0;0;2;4;2;B02
200900028152;0;15;0;0;2;1;2;A01
200900028153;0;7;0;0;2;1;1;A01
200900028153;0;7;0;0;2;4;23;B01
200900028154;0;7;0;8;0;1;14;A01
200900028155;0;7;0;0;2;6;4;A01
200900028155;0;2;0;0;2;1;1;B01
200900028156;0;7;0;0;1;2;16;A01
200900028157;0;7;0;0;2;1;17;A01
200900028157;0;7;0;0;2;1;1;B02
200900028158;0;7;0;0;2;5;17;A01
200900028158;0;1;0;0;2;8;1;B02
200900028159;0;2;0;12;0;3;9;A01
200900028160;0;33;0;0;2;5;1;B02
200900028160;0;10;0;0;2;3;1;A01
200900028161;0;7;0;13;0;3;13;A01
200900028162;0;7;0;0;1;2;1;A01
200900028163;0;7;0;13;0;9;0;A01
200900028164;0;7;0;0;2;3;17;A01
200900028164;0;7;0;0;2;1;1;B02
200900028164;0;7;0;0;2;1;1;C03
200900028165;0;7;0;0;2;1;1;A01
200900028165;0;33;0;0;2;1;17;B02
200900028166;0;7;0;6;0;1;1;A01
200900028167;0;7;0;0;2;8;19;A01
200900028167;0;7;0;0;2;1;1;B02
200900028168;0;7;0;0;1;1;1;A01
200900028169;0;7;0;3;0;2;14;A01
200900028169;0;7;0;0;1;3;1;B02
200900028170;0;33;0;13;0;1;1;A01
200900028171;0;33;0;6;0;1;1;A01
200900028172;0;33;0;8;0;1;1;A01
200900028173;0;10;0;0;2;4;2;B02
200900028173;0;7;0;0;2;1;2;A01
200900028174;0;14;0;0;0;6;1;B02
200900028174;0;10;0;0;2;2;1;A01
200900028175;0;7;0;4;2;2;11;A01
200900028175;0;7;0;4;2;3;1;B02
200900028176;0;7;0;0;2;8;19;A01
200900028176;0;7;0;0;2;1;1;B02
200900028177;0;10;0;0;2;1;1;A01
200900028177;0;7;0;0;2;7;15;B02
200900028178;0;7;0;0;2;3;1;B02
200900028178;0;7;0;0;2;1;1;A01
200900028179;0;30;0;0;2;1;1;A01
200900028179;0;7;0;0;2;1;15;B02
200900028180;0;10;0;0;2;1;1;B02
200900028180;0;7;0;0;2;8;15;A01
200900028181;0;7;0;0;1;2;1;A01
200900028182;0;7;0;4;2;8;11;B02
200900028182;0;38;0;0;2;3;1;A01
200900028183;0;15;0;0;2;8;13;A01
200900028183;0;7;0;0;2;7;1;B02
200900028184;0;36;0;5;0;1;1;A01
200900028185;0;7;0;2;0;2;13;A01
200900028186;0;7;0;2;0;3;1;A01
200900028187;0;7;0;13;0;2;0;A01
200900028188;0;33;0;0;2;8;1;B02
200900028188;0;7;0;0;2;6;1;A01
200900028189;0;30;0;0;2;1;1;B02
200900028189;0;7;0;0;2;5;0;A01
200900028190;0;7;0;0;2;1;1;A01
200900028190;0;36;0;0;2;7;19;B02
200900028191;0;33;0;1;0;4;1;B02
200900028191;0;7;0;1;2;6;24;A01
200900028192;0;7;0;0;1;3;1;A01
200900028193;0;7;0;0;0;1;1;A01
200900028194;0;7;0;16;0;9;1;A01
200900028195;0;7;0;0;2;1;6;A01
200900028195;0;7;0;0;2;8;1;B01
200900028196;0;7;0;0;0;3;15;B01
200900028196;0;2;0;0;2;3;2;A01
200900028197;0;7;0;0;1;7;15;A01
200900028198;0;33;0;0;2;1;2;A01
200900028198;0;33;0;0;2;4;2;B02
200900028199;0;7;0;0;2;2;1;B01
200900028199;0;1;0;0;2;1;5;A01
200900028200;0;7;0;0;2;7;0;B01
200900028200;0;30;0;0;2;3;1;A01
200900028201;0;7;0;0;2;1;0;A01
200900028201;0;7;0;0;2;8;0;B02
200900028202;0;2;0;0;2;1;1;A01
200900028202;0;7;0;0;2;8;15;B01
200900028203;0;7;0;0;2;5;1;B01
200900028203;0;2;0;0;2;1;15;A01
200900028204;0;7;0;0;1;3;15;A01
200900028205;0;7;0;0;2;1;15;A01
200900028205;0;7;0;0;2;3;1;B01
200900028206;0;7;0;0;2;8;1;B01
200900028206;0;7;0;0;2;7;1;A01
200900028207;0;30;0;0;2;4;1;B01
200900028207;1;7;0;0;2;3;1;A01
200900028208;0;7;0;0;2;7;17;B01
200900028208;0;1;0;0;2;8;15;A01
200900028209;0;2;0;0;2;1;1;A01
200900028209;0;7;0;0;2;1;17;B01
200900028210;0;7;0;0;2;5;1;B01
200900028210;0;2;0;0;2;1;1;A01
200900028211;1;7;0;0;1;1;0;A01
200900028212;0;31;0;0;0;0;0;A01
200900028213;0;7;0;0;2;1;1;A01
200900028213;0;7;0;0;2;1;1;B02
200900028214;0;7;0;5;2;9;1;C03
200900028214;0;7;0;5;2;1;13;A01
200900028214;0;7;0;5;2;9;1;B02
200900028215;0;31;0;13;0;1;1;A01
200900028216;0;30;0;0;2;1;16;A01
200900028217;0;7;0;0;2;3;1;B02
200900028217;0;2;0;0;2;4;15;A01
200900028218;0;7;0;0;0;2;24;B02
200900028218;0;99;0;1;0;8;1;A01
200900028219;0;7;0;0;2;2;1;B02
200900028219;0;7;0;0;2;3;1;A01
200900028220;0;14;0;0;9;7;16;B02
200900028220;0;1;0;0;2;8;15;A01
200900028221;0;10;0;0;2;3;11;A01
200900028221;0;30;0;0;2;1;1;B02
200900028222;0;21;0;0;2;3;15;B02
200900028222;0;7;0;0;2;2;17;A01
200900028223;0;10;0;13;0;2;1;A01
200900028224;0;7;0;0;2;3;24;A01
200900028224;0;30;0;1;0;2;2;B02
200900028225;0;10;0;0;1;1;1;A01
200900028225;0;1;0;0;2;5;9;B02
200900028226;0;33;0;1;0;1;2;A01
200900028226;0;3;0;0;0;6;23;B02
200900028226;0;3;0;0;9;6;2;C03
200900028227;0;2;0;11;0;1;1;A01
200900028228;0;14;0;0;2;1;1;B02
200900028228;0;10;0;0;2;1;13;A01
200900028229;0;10;0;0;2;1;1;B02
200900028229;0;10;0;0;2;7;19;A01
200900028230;0;7;0;0;2;2;15;A01
200900028230;0;7;0;0;2;3;21;B02
200900028231;0;33;0;13;0;1;1;A01
200900028232;0;7;0;0;2;3;1;B02
200900028232;0;33;0;0;2;1;13;A01
200900028233;0;7;0;0;2;3;1;C03
200900028233;0;7;0;0;2;3;1;B02
200900028233;0;7;0;0;2;3;13;A01
200900028234;0;7;0;13;0;1;1;A01
200900028235;0;33;0;0;2;1;17;A01
200900028235;0;7;0;0;2;6;15;B02
200900028236;0;1;0;1;0;1;1;A01
200900028236;0;7;0;0;0;3;22;B02
200900028237;0;30;0;0;2;8;16;A01
200900028237;0;7;0;0;2;1;1;B02
200900028238;0;7;0;0;1;4;4;A01
200900028239;0;7;0;0;0;4;1;D01
200900028239;0;7;0;0;2;1;1;B01
200900028239;0;7;0;0;2;1;1;A01
200900028239;0;7;0;0;2;1;1;C01
200900028240;0;7;0;0;2;6;17;A01
200900028240;0;33;0;0;0;2;17;B02
200900028241;0;14;0;7;0;1;14;A01
200900028241;0;10;0;14;0;1;21;B02
200900028242;0;30;0;13;2;8;1;A01
200900028242;0;10;0;0;2;1;1;B02
200900028243;0;2;0;0;0;8;1;B02
200900028243;0;7;0;0;2;1;1;A01
200900028244;0;1;0;0;2;8;1;B02
200900028244;0;7;0;0;2;7;17;A01
200900028245;0;7;0;13;0;1;1;A01
200900028246;0;7;0;7;0;3;2;A01
200900028247;0;7;0;0;2;1;1;B02
200900028247;0;7;0;0;2;2;13;A01
200900028248;0;7;0;13;0;1;0;A01
200900028249;0;7;0;0;1;2;1;A01
200900028250;0;10;0;0;2;3;15;B01
200900028250;0;2;0;0;2;1;17;A01
200900028251;0;7;0;0;1;1;1;A01
200900028252;0;7;0;0;2;3;15;A01
200900028252;0;30;0;0;2;1;1;B01
200900028253;0;10;0;0;0;0;15;A01
200900028254;0;7;0;0;1;2;0;A01
200900028255;0;7;0;0;1;3;15;A01
200900028256;0;14;0;0;1;2;1;A01
200900028257;0;7;0;0;2;5;15;B02
200900028257;0;33;0;0;2;1;17;A01
200900028258;0;33;0;0;0;0;1;A01
200900028259;0;7;0;16;0;2;1;A01
200900028260;0;7;0;7;0;2;1;A01
200900028260;0;17;0;0;2;8;24;B02
200900028261;0;7;0;0;0;3;19;A01
200900028261;0;31;0;0;2;1;1;B02
200900028262;0;7;0;4;0;0;1;A01
200900028263;0;7;0;2;0;3;1;A01
200900028264;0;38;0;13;0;2;14;A01
200900028265;0;17;0;0;0;6;1;B02
200900028265;0;17;0;0;2;2;2;A01
200900028266;0;10;0;0;2;1;1;B02
200900028266;0;7;0;0;2;3;19;A01
200900028267;0;7;0;4;2;5;13;A01
200900028267;0;7;0;3;2;1;1;B02
200900028268;0;33;0;0;2;1;1;A01
200900028268;0;1;0;0;0;7;6;B02
200900028269;0;7;0;0;2;3;15;A01
200900028269;0;7;0;0;2;2;1;B02
200900028270;0;10;0;0;2;2;3;A01
200900028270;0;17;0;0;2;6;1;B02
200900028271;0;30;0;0;2;1;17;A01
200900028271;0;7;0;0;9;3;9;B02
200900028272;0;7;0;0;2;8;19;A01
200900028272;0;7;0;0;2;3;1;B02
200900028273;0;7;0;0;2;3;13;A01
200900028273;0;7;0;0;2;3;14;B02
200900028274;0;33;0;0;0;1;1;A01
200900028275;0;7;0;0;2;1;21;A01
200900028275;0;14;0;0;2;3;1;B02
200900028276;0;7;0;0;2;2;15;A01
200900028276;0;7;0;0;2;1;1;B02
200900028277;0;2;0;0;1;1;17;A01
200900028278;0;10;0;0;2;3;14;B02
200900028278;0;7;0;0;2;2;13;A01
200900028279;0;1;0;0;2;4;1;B01
200900028279;0;7;0;0;2;2;2;A01
200900028280;0;7;0;0;2;1;1;B01
200900028280;0;7;0;0;2;3;1;A01
200900028281;0;7;0;0;2;7;1;B01
200900028281;0;1;0;0;2;1;19;A01
200900028282;0;7;0;0;2;8;9;B01
200900028282;0;10;0;0;2;1;0;A01
200900028283;0;7;0;0;2;1;15;A01
200900028283;0;33;0;0;2;7;1;B01
200900028284;0;7;0;0;2;2;16;B01
200900028284;0;32;0;0;2;1;1;A01
200900028285;0;15;0;0;1;3;1;A01
200900028286;0;7;0;0;1;2;1;A01
200900028287;0;7;0;0;1;1;1;A01
200900028288;0;7;0;0;2;1;0;A01
200900028288;0;7;0;0;2;1;0;B01
200900028289;0;7;0;0;2;1;1;A01
200900028289;0;2;0;0;2;6;9;B02
200900028290;0;7;0;0;2;8;1;B01
200900028290;0;7;0;3;2;3;1;A01
200900028291;0;7;0;0;2;3;10;A01
200900028291;0;33;0;0;2;1;1;B01
200900028292;0;7;0;7;9;9;1;A01
200900028293;0;2;0;0;2;1;1;B02
200900028293;0;3;0;0;2;6;1;A01
200900028294;0;7;0;8;0;6;14;A01
200900028295;0;7;0;1;0;3;5;A01
200900028296;0;30;0;0;2;1;13;A01
200900028296;0;7;0;0;2;1;1;B02
200900028297;0;31;0;3;0;2;1;A01
200900028298;0;7;0;8;0;2;14;A01
200900028299;0;10;0;0;2;1;15;A01
200900028299;0;31;0;0;2;1;1;B02
200900028300;0;7;0;0;2;5;1;A01
200900028300;0;7;0;0;2;1;1;B02
200900028301;0;7;0;0;1;1;1;A01
200900028302;0;10;0;0;2;1;16;A01
200900028302;0;1;0;0;2;7;19;B02
200900028303;0;99;0;0;2;3;15;B02
200900028303;0;7;0;0;2;2;17;A01
200900028304;0;7;0;0;2;2;1;B02
200900028304;0;7;0;0;2;2;1;A01
200900028305;0;7;0;2;0;8;1;A01
200900028306;0;1;0;0;2;8;1;B02
200900028306;0;15;0;0;2;2;1;A01
200900028307;0;7;0;0;2;7;15;A01
200900028307;0;33;0;0;2;1;1;B02
200900028308;0;7;0;13;0;9;1;A01
200900028309;0;7;0;0;2;3;13;A01
200900028309;0;17;0;0;2;3;1;B02
200900028310;0;7;0;2;0;8;14;A01
200900028311;0;7;0;0;2;3;19;A01
200900028311;0;30;0;0;2;1;1;B02
200900028312;0;31;0;13;0;1;1;A01
200900028313;0;1;0;0;0;0;1;A01
200900028314;0;7;0;0;2;1;1;B02
200900028314;0;2;0;0;2;1;13;A01
200900028315;0;7;0;0;2;1;15;A01
200900028315;0;14;0;0;2;1;1;B02
200900028316;0;33;0;13;0;1;1;A01
200900028317;0;7;0;0;2;1;1;A01
200900028317;0;7;0;0;2;3;15;B02
200900028318;0;7;0;13;0;2;14;A01
200900028319;0;1;0;0;2;4;15;C03
200900028319;0;10;0;0;2;1;1;A01
200900028319;0;1;0;0;2;4;15;B02
200900028320;0;2;0;0;2;2;2;B01
200900028320;0;7;0;0;2;3;9;A01
200900028321;0;33;0;0;2;1;1;A01
200900028321;0;7;0;0;2;1;0;B02
200900028322;0;7;0;0;2;5;15;A01
200900028322;0;33;0;0;2;1;1;B02
200900028323;0;31;0;2;0;2;17;A01
200900028324;0;33;0;6;0;0;0;A01
200900028325;0;36;0;0;0;0;1;A01
200900028326;0;33;0;0;2;2;17;B02
200900028326;0;7;0;0;2;6;15;A01
200900028327;0;7;0;0;2;1;13;A01
200900028327;0;10;0;0;2;1;1;B02
200900028328;0;30;0;0;0;0;1;A01
200900028329;0;7;0;7;0;1;0;A01
200900028330;0;7;0;1;0;8;4;A01
200900028331;0;30;0;0;0;0;16;A01
200900028332;0;7;0;0;2;2;1;B01
200900028332;0;33;0;0;2;3;19;A01
200900028333;0;7;0;0;2;1;15;A01
200900028333;0;30;0;0;2;1;1;B01
200900028334;0;2;0;0;2;1;1;A01
200900028334;0;7;0;0;0;5;15;B01
200900028335;0;2;0;0;0;0;2;A01
200900028336;0;2;0;0;2;1;1;B01
200900028336;0;7;0;0;2;6;19;A01
200900028337;0;7;0;0;2;3;13;A01
200900028337;0;10;0;0;2;3;1;B01
200900028338;0;30;0;0;2;1;2;A01
200900028338;0;7;0;0;2;6;1;B01
200900028339;0;7;0;0;1;3;2;A01
200900028340;0;2;0;0;2;1;1;B01
200900028340;0;7;0;0;2;2;9;A01
200900028341;0;7;0;0;1;4;4;A01
200900028342;0;30;0;0;2;2;0;B01
200900028342;0;7;0;0;2;2;21;A01
200900028343;0;7;0;2;0;1;1;A01
200900028344;0;7;0;0;0;0;1;A01
200900028345;0;33;0;0;2;1;1;B02
200900028345;0;30;0;0;2;1;15;A01
200900028346;0;7;0;0;2;3;1;B02
200900028346;0;7;0;0;0;9;13;A01
200900028347;0;17;0;0;2;3;1;B02
200900028347;0;10;0;0;2;3;13;A01
200900028348;0;7;0;6;0;1;1;A01
200900028349;0;7;0;0;2;1;2;B02
200900028349;0;7;0;5;2;1;1;A01
200900028350;0;7;0;13;0;1;1;A01
200900028351;0;7;0;0;2;1;2;B01
200900028351;0;7;0;0;0;4;21;A01
200900028352;0;2;0;0;0;7;1;A01
200900028353;0;1;0;0;0;1;1;A01
200900028354;0;7;0;0;2;1;2;A01
200900028354;0;7;0;0;2;4;1;B01
200900028355;0;7;0;0;0;5;23;B01
200900028355;0;33;0;0;2;8;3;A01
200900028356;0;7;0;0;1;1;1;A01
200900028357;0;7;0;8;0;1;1;A01
200900028358;0;2;0;0;0;7;1;A01
200900028359;0;7;0;0;2;8;5;A01
200900028359;0;7;0;0;2;3;16;B01
200900028360;0;30;0;0;2;1;1;A01
200900028360;0;7;0;0;2;2;15;B01
200900028361;0;7;0;4;0;9;1;A01
200900028362;0;7;0;6;0;2;1;A01
200900028363;0;7;0;6;2;2;16;A01
200900028363;0;7;0;0;2;1;23;B01
200900028364;0;2;0;0;2;7;17;A01
200900028364;0;7;0;0;2;8;20;B01
200900028365;0;7;0;0;2;1;1;B01
200900028365;0;7;0;1;0;1;1;A01
200900028366;0;7;0;8;0;1;1;A01
200900028367;0;7;0;0;1;1;1;A01
200900028368;0;7;0;0;2;5;23;B01
200900028368;0;7;0;0;2;3;2;A01
200900028369;0;7;0;14;2;2;14;B01
200900028369;0;7;0;0;2;1;15;A01
200900028369;0;7;0;0;2;2;23;C01
200900028370;0;7;0;0;2;1;15;A01
200900028370;0;1;0;0;2;1;1;B01
200900028371;0;1;0;0;2;7;1;B01
200900028371;0;7;0;0;9;8;9;A01
200900028372;0;1;0;0;0;0;1;A01
200900028373;0;2;0;0;0;1;15;A01
200900028374;0;7;0;0;2;1;2;A01
200900028374;0;7;0;0;2;4;0;B01
200900028375;0;7;0;0;2;3;15;A01
200900028375;0;2;0;0;2;1;1;B01
200900028376;0;7;0;3;2;1;17;A01
200900028376;0;7;0;0;2;7;1;B01
200900028377;0;7;0;0;0;0;0;B01
200900028377;0;7;0;0;0;0;0;A01
200900028378;0;7;0;0;2;1;9;A01
200900028378;0;30;0;0;2;7;1;B01
200900028379;0;1;0;0;2;4;1;A01
200900028379;1;30;0;0;9;1;1;B01
200900028380;0;7;0;0;2;1;13;A01
200900028380;0;14;0;0;2;0;17;B01
200900028381;0;33;0;0;2;2;2;B01
200900028381;0;7;0;0;2;2;14;A01
200900028382;0;2;0;0;1;1;0;A01
200900028383;0;10;0;0;2;1;2;A01
200900028383;0;7;0;0;2;4;23;B01
200900028384;0;7;0;0;2;3;15;A01
200900028384;0;7;0;0;2;3;1;B01
200900028385;0;7;0;6;0;1;16;A01
200900028386;0;7;0;0;2;3;1;B01
200900028386;0;7;0;0;2;5;17;A01
200900028387;0;7;0;0;2;3;23;B01
200900028387;0;7;0;0;2;3;13;A01
200900028388;0;7;0;8;0;1;1;A01
200900028389;0;7;0;0;0;0;0;A01
200900028389;0;7;0;0;0;0;0;B01
200900028390;0;33;0;0;2;2;17;A01
200900028390;0;7;0;0;2;3;1;B01
200900028391;0;30;0;0;0;7;1;A01
200900028392;0;37;1;1;1;1;9;A01
200900028392;0;7;0;0;2;4;24;B01
200900028393;0;7;0;0;2;8;15;B01
200900028393;0;2;0;0;2;1;17;A01
200900028394;0;2;0;0;2;4;1;A01
200900028394;0;33;0;0;2;4;10;B01
200900028395;0;7;0;0;0;1;13;A01
200900028395;0;7;0;0;2;2;1;B02
200900028396;0;7;0;4;0;1;1;A01
200900028397;0;7;0;4;0;1;1;A01
200900028398;0;7;0;0;2;3;1;B02
200900028398;0;7;0;16;2;2;13;A01
200900028399;0;7;0;0;1;1;1;A01
200900028400;0;7;0;6;0;1;1;A01
200900028401;0;7;0;0;0;4;1;B01
200900028401;0;7;0;0;2;1;2;A01
200900028402;0;7;0;0;2;1;2;B01
200900028402;0;7;0;0;0;4;23;A01
200900028403;0;7;0;3;0;2;2;A01
200900028404;0;7;0;0;2;1;13;A01
200900028404;0;7;0;0;0;3;1;B02
200900028405;0;7;0;0;2;8;11;A01
200900028405;0;33;0;0;2;1;3;B01
200900028406;0;33;0;0;2;8;1;A01
200900028406;0;10;0;0;0;2;12;B01
200900028407;0;7;0;6;0;1;2;A01
200900028408;0;17;0;0;2;2;2;A01
200900028408;0;7;0;4;2;3;2;B01
200900028409;0;33;0;0;0;8;3;B01
200900028409;0;7;0;0;2;7;12;A01
200900028410;0;7;0;3;0;2;0;A01
200900028411;0;14;0;0;0;4;2;C01
200900028411;0;15;0;0;2;1;21;A01
200900028411;0;14;0;0;0;4;2;B01
200900028412;0;34;0;0;2;2;3;A01
200900028412;0;7;0;0;2;3;11;B01
200900028413;0;14;0;0;2;2;1;B01
200900028413;0;7;0;0;0;2;14;A01
200900028414;0;7;0;5;0;1;12;A01
200900028415;0;7;0;0;1;2;2;A01
200900028416;0;10;0;6;2;1;1;A01
200900028416;0;7;0;6;2;8;19;B02
200900028417;0;7;0;3;0;1;1;A01
200900028418;0;7;0;0;2;6;2;A01
200900028418;0;33;0;0;2;1;2;B01
200900028419;0;35;0;14;2;1;2;A01
200900028420;0;7;0;4;0;1;1;A01
200900028421;0;7;0;0;0;0;1;A01
200900028422;0;7;0;0;2;7;2;A01
200900028422;2;7;0;0;2;8;2;B01
200900028423;0;7;0;0;2;4;1;C01
200900028423;0;33;0;0;2;1;3;A01
200900028423;0;33;0;0;2;5;1;B01
200900028424;0;7;0;0;2;1;1;A01
200900028424;0;15;0;0;2;4;1;B01
200900028425;0;7;0;0;0;4;1;A01
200900028425;0;30;0;0;2;1;1;B02
200900028426;0;7;0;0;2;3;13;A01
200900028426;0;33;0;0;2;1;2;B01
200900028427;0;7;0;0;2;1;2;B01
200900028427;0;7;0;0;2;4;1;A01
200900028428;0;31;0;0;2;1;2;B02
200900028428;0;7;0;0;2;2;1;A01
200900028429;0;7;0;8;0;1;6;A01
200900028430;0;7;0;13;0;3;2;A01
200900028431;0;7;0;0;2;3;1;B01
200900028431;0;33;0;0;2;7;3;A01
200900028432;0;33;0;0;0;0;1;A01
200900028433;0;7;0;0;2;4;2;B01
200900028433;0;15;0;0;2;2;2;A01
200900028434;0;7;0;;2;1;1;B02
200900028434;0;7;0;;2;1;13;A01
200900028435;0;7;0;;6;1;21;D04
200900028435;0;7;0;;2;1;2;F06
200900028435;0;7;0;;2;1;2;C03
200900028435;1;7;0;;2;4;2;E05
200900028435;0;7;0;;6;1;21;A01
200900028435;0;7;0;;2;4;2;B02
200900028436;0;7;0;;2;7;15;B02
200900028436;0;7;0;;2;1;1;A01
200900028437;0;37;1;;2;3;15;A01
200900028437;0;99;0;;2;1;1;B02
200900028438;1;7;0;;1;1;0;A01
200900028439;0;7;0;0;0;0;1;A01
200900028440;0;7;0;0;1;0;16;A01
200900028441;0;30;0;0;2;3;1;A01
200900028441;0;7;0;;2;2;19;B01
200900028442;0;7;0;0;2;3;2;B02
200900028442;0;7;0;0;2;5;1;A01
200900028443;0;33;0;0;0;7;1;A01
200900028444;0;7;0;0;0;8;0;A01
200900028445;0;7;0;16;0;9;1;A01
200900028446;0;10;0;0;0;0;0;A01
200900028447;0;7;0;0;0;0;1;A01
200900028447;0;7;0;3;0;3;21;B01
200900028448;0;7;0;0;2;6;23;A01
200900028448;0;7;0;0;2;2;21;B01
200900028449;0;7;0;0;0;1;1;A01
200900028450;0;33;0;0;2;1;1;A01
200900028450;0;7;0;0;2;3;15;B02
200900028451;0;7;0;0;2;1;1;A01
200900028451;0;10;0;0;2;4;1;B01
200900028452;0;7;0;0;0;9;1;A01
200900028453;0;32;0;0;2;7;3;B01
200900028453;0;7;0;0;0;7;2;C01
200900028453;0;7;0;0;0;0;11;A01
200900028454;0;33;0;0;2;7;1;B02
200900028454;0;10;0;0;0;5;15;A01
200900028455;0;10;0;0;2;1;1;A01
200900028455;0;7;0;0;0;4;1;B01
200900028456;0;30;0;12;0;0;1;A01
200900028457;0;30;0;0;0;1;1;A01
200900028458;0;7;0;0;0;3;15;A01
200900028458;0;30;0;0;2;1;17;B01
200900028459;0;30;0;0;0;1;1;A01
200900028460;0;7;0;0;2;1;1;B01
200900028460;0;30;0;1;2;1;17;A01
200900028461;0;10;0;0;2;1;2;A01
200900028461;0;7;0;0;2;4;23;C01