num_acc;senc;catv;occutc;obs;obsm;choc;manv;num_veh
200900028461;0;7;0;0;2;4;23;B01
200900028461;0;7;0;0;2;4;23;D01
200900028462;0;30;0;0;1;1;17;A01
200900028463;0;2;0;6;0;7;5;A01
200900028464;0;7;0;0;2;2;1;B01
200900028464;0;7;0;0;2;3;15;A01
200900028465;0;1;0;0;0;8;1;A01
200900028466;0;7;0;0;2;8;20;A01
200900028466;0;33;0;0;2;8;1;B01
200900028467;0;7;0;14;0;1;1;A01
200900028468;0;33;0;0;2;3;17;A01
200900028468;0;7;0;0;2;8;15;B01
200900028469;0;7;0;0;2;1;15;A01
200900028469;0;33;0;0;2;1;1;B02
200900028470;0;7;0;3;0;9;1;A01
200900028471;0;7;0;0;2;1;2;B01
200900028471;0;7;0;0;2;1;2;F01
200900028471;0;7;0;0;2;1;2;D01
200900028471;0;7;0;0;2;4;0;E02
200900028471;0;7;0;3;2;0;18;A01
200900028471;0;7;0;0;0;4;2;C01
200900028472;0;7;0;0;0;4;2;A01
200900028473;0;7;0;0;2;4;1;A01
200900028473;0;7;0;0;2;1;1;B01
200900028474;0;7;0;0;2;8;15;A01
200900028474;0;33;0;0;2;2;17;B02
200900028475;0;2;0;0;2;1;13;A01
200900028475;0;2;0;0;2;1;1;B02
200900028476;0;7;0;0;0;4;2;B01
200900028476;0;7;0;0;2;1;2;A01
200900028477;0;14;0;6;0;6;1;A01
200900028477;0;17;0;0;2;2;21;B01
200900028478;0;32;0;0;2;1;11;B01
200900028478;0;7;0;0;0;5;2;A01
200900028479;0;10;0;0;0;4;2;B01
200900028479;0;20;0;0;2;1;2;A01
200900028480;0;7;0;0;0;7;0;A01
200900028481;0;7;0;4;0;3;2;A01
200900028481;0;7;0;0;2;3;2;C01
200900028481;0;7;0;13;0;1;2;B01
200900028481;0;7;0;0;2;3;2;D01
200900028482;0;7;0;0;2;1;1;B02
200900028482;0;2;0;0;2;1;13;A01
200900028483;0;7;0;8;0;9;1;A01
200900028484;0;7;0;0;0;4;23;B01
200900028484;0;7;0;0;2;1;2;A01
200900028485;0;33;0;0;0;1;1;A01
200900028486;0;33;0;0;0;8;0;A01
200900028487;0;7;0;0;2;6;3;B01
200900028487;0;33;0;0;2;2;3;A01
200900028488;0;7;0;0;1;3;1;A01
200900028489;0;7;0;0;2;3;13;A01
200900028489;0;7;0;0;2;3;1;B01
200900028490;0;2;0;0;2;7;0;B01
200900028490;0;10;0;0;2;1;9;A01
200900028491;0;7;0;0;1;1;1;A01
200900028492;0;7;0;0;2;1;1;A01
200900028492;0;7;0;0;0;4;2;B02
200900028493;0;7;0;0;2;8;0;B01
200900028493;0;30;0;0;2;0;17;A01
200900028494;2;7;0;0;2;2;11;A01
200900028494;0;7;0;0;2;6;2;B01
200900028495;0;7;0;4;0;1;0;A01
200900028496;0;7;0;0;2;4;2;B01
200900028496;0;7;0;0;2;1;2;A01
200900028497;0;33;0;0;2;1;1;B01
200900028497;1;7;0;0;2;2;15;A01
200900028498;0;7;0;6;0;1;0;A01
200900028499;0;1;0;0;2;8;19;A01
200900028499;0;7;0;0;2;3;1;B01
200900028500;0;7;0;0;1;2;1;A01
200900028501;0;14;0;0;2;0;1;B01
200900028501;0;7;0;8;2;7;1;A01
200900028502;0;7;0;1;0;9;1;A01
200900028503;0;7;0;0;2;3;1;A01
200900028503;0;7;0;0;2;1;1;B01
200900028504;0;7;0;0;2;4;1;B01
200900028504;0;10;0;0;2;1;1;A01
200900028505;0;30;0;0;2;1;1;A01
200900028505;0;10;0;0;2;4;23;B01
200900028506;0;7;0;0;2;3;11;B01
200900028506;0;7;0;0;2;7;17;A01
200900028507;2;7;0;0;0;2;0;A01
200900028508;0;7;0;0;2;1;1;B01
200900028508;0;7;0;0;2;1;9;A01
200900028509;0;7;0;0;2;3;16;A01
200900028509;0;7;0;0;2;7;1;B01
200900028510;0;7;0;0;1;1;9;A01
200900028511;0;7;0;0;2;4;23;B01
200900028511;0;7;0;0;2;1;2;A01
200900028512;0;7;0;0;2;1;1;A01
200900028512;0;31;0;0;2;1;1;B01
200900028513;0;10;0;0;0;1;1;C01
200900028513;0;10;0;0;2;3;13;A01
200900028513;0;10;0;0;2;3;1;B01
200900028514;0;10;0;0;0;9;0;A01
200900028515;0;7;0;0;2;8;15;A01
200900028515;0;33;0;0;2;1;17;B02
200900028516;0;14;0;0;0;4;1;B01
200900028516;0;15;0;0;2;1;1;A01
200900028517;0;30;0;8;0;2;18;A01
200900028518;0;37;4;0;1;1;1;A01
200900028519;0;7;0;0;0;3;1;B01
200900028519;0;7;0;0;2;1;1;A01
200900028520;0;10;0;0;1;7;4;A01
200900028521;0;2;0;0;0;4;23;B01
200900028521;0;2;0;0;2;1;2;A01
200900028522;0;10;0;0;2;4;2;B01
200900028522;0;30;0;0;2;1;2;A01
200900028523;0;7;0;0;1;1;0;A01
200900028524;0;17;0;0;2;2;2;A01
200900028524;0;10;0;0;0;6;2;B01
200900028525;0;37;1;0;1;2;1;A01
200900028526;0;30;0;0;2;1;13;B01
200900028526;0;10;0;0;2;1;1;A01
200900028527;0;31;0;0;0;0;0;A01
200900028528;0;36;0;15;0;1;1;A01
200900028529;0;7;0;1;0;1;1;A01
200900028530;0;7;0;0;2;4;1;C01
200900028530;0;7;0;0;1;1;1;A01
200900028530;0;7;0;0;2;4;1;B01
200900028531;0;7;0;0;2;1;1;B01
200900028531;0;3;0;0;2;1;15;A01
200900028532;0;10;0;12;0;4;2;B01
200900028532;0;7;0;0;2;3;2;A01
200900028533;0;7;0;0;2;1;1;B01
200900028533;0;10;0;0;2;1;0;A01
200900028534;0;7;0;0;2;1;1;B01
200900028534;0;7;0;0;2;8;15;A01
200900028535;0;7;0;0;2;2;15;A01
200900028535;0;7;0;0;2;6;1;B01
200900028536;0;33;0;0;9;3;1;B01
200900028536;0;1;0;0;0;1;19;A01
200900028537;0;7;0;0;2;1;2;B01
200900028537;0;7;0;0;2;1;2;A01
200900028537;0;99;0;0;2;4;4;D01
200900028537;0;32;0;0;2;4;23;C01
200900028538;0;7;0;0;1;1;1;A01
200900028539;0;7;0;0;2;1;0;A01
200900028539;0;7;0;0;2;3;0;B01
200900028540;0;10;0;0;1;0;1;A01
200900028541;0;7;0;0;2;1;1;A01
200900028541;0;7;0;0;2;4;1;B01
200900028541;0;7;0;0;2;4;1;C01
200900028542;0;7;0;0;0;1;1;A01
200900028543;0;7;0;0;2;2;16;A01
200900028543;0;1;0;0;2;1;1;B01
200900028544;0;33;0;0;2;1;1;B02
200900028544;0;7;0;0;0;3;15;A01
200900028545;0;30;0;3;0;8;14;A01
200900028546;0;7;0;0;2;9;21;B02
200900028546;0;7;0;0;0;0;13;A01
200900028547;0;30;0;0;2;2;14;B02
200900028547;0;7;0;0;0;6;2;A01
200900028548;0;14;0;0;2;2;21;C03
200900028548;0;7;0;0;2;1;1;B02
200900028548;0;7;0;0;2;1;13;A01
200900028549;0;7;0;0;2;6;15;B02
200900028549;0;33;0;0;2;1;17;A01
200900028550;0;33;0;0;2;1;1;B02
200900028550;0;7;0;0;2;1;19;A01
200900028551;0;7;0;0;2;2;1;A01
200900028551;0;7;0;0;2;2;15;B02
200900028552;0;2;0;0;2;4;1;B02
200900028552;0;33;0;0;2;1;2;A01
200900028553;0;21;0;0;2;6;15;A01
200900028553;0;31;0;0;2;1;1;B02
200900028554;0;30;0;0;0;2;1;A01
200900028555;0;10;0;0;2;1;1;B02
200900028555;0;7;0;0;2;8;1;C03
200900028555;0;7;0;0;2;1;1;A01
200900028556;0;7;0;0;2;1;15;A01
200900028556;0;7;0;0;2;2;1;B02
200900028557;0;33;0;0;0;1;17;B02
200900028557;0;10;0;0;0;8;15;A01
200900028558;0;7;0;0;0;3;10;B02
200900028558;0;7;0;0;0;2;1;A01
200900028559;0;7;0;15;0;9;13;A01
200900028560;0;30;0;13;0;1;13;A01
200900028560;0;30;0;13;0;2;14;B02
200900028561;0;7;0;0;2;2;1;B02
200900028561;0;7;0;0;2;7;13;A01
200900028562;0;33;0;0;2;8;1;B02
200900028562;0;7;0;0;2;3;15;A01
200900028563;0;30;0;0;2;3;2;A01
200900028563;0;7;0;0;2;7;1;B02
200900028564;0;7;0;0;2;1;2;B01
200900028564;0;7;0;0;2;0;15;A01
200900028565;0;7;0;0;2;8;19;A01
200900028565;0;30;0;0;2;1;1;B01
200900028566;0;33;0;0;0;0;14;A01
200900028567;0;7;0;0;2;3;15;A01
200900028567;0;33;0;0;2;1;1;B02
200900028568;0;7;0;0;2;3;15;A01
200900028568;0;32;0;0;2;8;1;B01
200900028569;0;7;0;0;0;4;1;B01
200900028569;0;15;0;0;2;1;2;A01
200900028570;0;7;0;0;1;2;1;A01
200900028571;0;7;0;0;1;2;16;A01
200900028572;0;33;0;0;0;8;1;A01
200900028573;0;1;0;0;0;1;1;B01
200900028573;0;7;0;0;2;3;9;A01
200900028574;0;7;0;0;1;7;1;A01
200900028575;0;2;0;0;1;1;1;A01
200900028576;0;7;0;0;2;5;1;B02
200900028576;0;2;0;0;2;1;1;A01
200900028577;0;1;0;0;2;4;13;B02
200900028577;0;31;0;0;2;1;17;A01
200900028578;1;7;0;0;1;2;5;A01
200900028579;0;7;0;2;0;1;14;A01
200900028580;0;7;0;2;0;3;13;A01
200900028581;0;7;0;0;0;2;1;A01
200900028582;0;7;0;0;2;3;9;B02
200900028582;0;7;0;0;2;6;5;A01
200900028583;0;33;0;0;0;0;2;A01
200900028584;0;2;0;0;2;1;1;A01
200900028584;0;10;0;0;2;3;15;B02
200900028585;0;7;0;0;2;1;1;A01
200900028585;0;1;0;0;2;4;13;B02
200900028586;0;7;0;0;9;2;15;A01
200900028586;0;1;0;0;2;1;1;B02
200900028587;0;7;0;13;0;1;1;A01
200900028588;0;31;0;0;0;4;23;B02
200900028588;0;7;0;1;0;1;1;A01
200900028589;0;10;0;0;2;3;13;A01
200900028589;0;7;0;0;2;1;1;B02
200900028590;0;33;0;0;2;1;17;A01
200900028590;0;7;0;0;2;6;15;B02
200900028591;0;33;0;0;2;1;17;A01
200900028591;0;7;0;0;2;3;15;B01
200900028592;0;7;0;0;2;2;17;A01
200900028592;0;7;0;0;2;3;15;B01
200900028592;0;13;0;0;2;3;23;C01
200900028593;0;32;0;0;2;8;15;A01
200900028593;0;33;0;0;2;1;1;B02
200900028594;0;7;0;0;2;5;14;A01
200900028594;0;1;0;0;2;1;1;B01
200900028595;0;31;0;0;2;1;1;B02
200900028595;0;7;0;0;2;3;17;A01
200900028596;0;7;0;0;2;5;0;B01
200900028596;0;7;0;0;2;3;0;A01
200900028597;0;7;0;1;2;1;1;A01
200900028597;0;7;0;0;2;4;1;B01
200900028597;0;7;0;0;2;3;1;F01
200900028597;0;7;0;0;2;3;1;E01
200900028598;0;7;0;0;2;0;2;B01
200900028598;0;7;0;0;2;1;2;A01
200900028599;0;7;0;0;2;3;0;B01
200900028599;0;7;0;0;2;2;0;A01
200900028600;0;33;0;0;2;6;18;B01
200900028600;0;7;0;0;2;2;13;A01
200900028601;0;30;0;0;0;8;0;A01
200900028602;0;7;0;1;2;1;0;A01
200900028602;0;7;0;0;2;2;0;B01
200900028603;0;7;0;0;2;3;0;A01
200900028603;0;31;0;0;2;3;0;B01
200900028604;0;7;0;0;2;7;0;B01
200900028604;0;2;0;0;2;1;0;A01
200900028605;0;33;0;8;0;8;1;A01
200900028606;0;7;0;2;0;8;1;A01
200900028607;0;7;0;0;2;1;13;A01
200900028607;0;10;0;0;2;1;1;B02
200900028608;0;7;0;0;2;3;1;A01
200900028608;0;7;0;0;2;1;19;B02
200900028609;0;7;0;14;0;9;1;A01
200900028610;0;7;0;2;0;5;1;A01
200900028611;0;7;0;0;0;1;17;A01
200900028612;0;7;0;0;2;8;9;A01
200900028612;0;7;0;0;2;1;1;B02
200900028613;0;7;0;0;1;2;1;A01
200900028614;0;7;0;2;0;1;1;A01
200900028615;0;7;0;0;1;2;1;A01
200900028616;0;7;0;2;0;0;1;A01
200900028617;0;7;0;0;2;3;1;B01
200900028617;0;7;0;0;2;3;13;A01
200900028618;0;33;0;0;2;1;21;B02
200900028618;0;7;0;0;2;6;17;A01
200900028619;0;2;0;0;2;7;1;A01
200900028619;0;2;0;0;2;8;1;B02
200900028620;0;7;0;0;1;3;0;A01
200900028621;0;1;0;0;2;4;1;B02
200900028621;0;7;0;0;1;7;14;A01
200900028622;0;7;0;12;0;3;21;B02
200900028622;0;7;0;14;0;1;1;A01
200900028623;0;7;0;0;2;2;1;A01
200900028623;0;7;0;0;2;3;15;B02
200900028624;0;7;0;0;0;3;1;B02
200900028624;0;7;0;0;0;3;1;A01
200900028625;0;7;0;0;2;3;13;A01
200900028625;0;7;0;0;2;3;1;B02
200900028626;0;7;0;0;1;2;20;A01
200900028627;0;7;0;2;0;1;14;A01
200900028628;0;31;0;0;2;1;0;B02
200900028628;0;7;0;0;2;2;15;A01
200900028629;0;1;0;0;0;8;13;B02
200900028629;0;7;0;0;9;2;1;A01
200900028630;0;7;0;0;2;2;1;B02
200900028630;0;7;0;0;2;3;19;A01
200900028631;0;7;0;0;1;3;19;A01
200900028631;0;99;0;0;2;8;0;B02
200900028632;0;7;0;6;2;4;1;A01
200900028632;0;7;0;0;0;6;0;B02
200900028632;0;10;0;0;2;1;1;C03
200900028633;0;7;0;0;2;8;0;A01
200900028633;0;31;0;0;2;1;1;B01
200900028634;0;7;0;2;0;9;1;A01
200900028635;0;14;0;0;2;2;21;B02
200900028635;0;37;1;0;2;3;21;A01
200900028636;0;7;0;0;2;3;11;A01
200900028636;0;7;0;0;2;2;1;B01
200900028637;0;7;0;0;1;1;1;A01
200900028638;0;10;0;0;1;1;15;A01
200900028639;1;7;0;0;0;0;0;C01
200900028639;0;7;0;0;2;4;2;A01
200900028639;0;7;0;0;2;1;2;B01
200900028640;0;7;0;0;9;3;0;B01
200900028640;0;2;0;0;2;1;17;A01
200900028641;0;7;0;0;2;1;2;A01
200900028641;0;7;0;0;0;4;23;B01
200900028642;0;7;0;0;2;1;15;A01
200900028642;0;30;0;0;2;8;1;B01
200900028643;0;7;0;0;1;2;0;A01
200900028644;0;7;0;0;1;2;1;A01
200900028645;0;10;0;0;2;2;1;B01
200900028645;0;7;0;0;2;1;1;A01
200900028646;0;7;0;0;2;9;2;C01
200900028646;0;15;0;0;2;2;0;A01
200900028646;0;10;0;4;0;4;2;B01
200900028647;0;7;0;0;2;2;0;A01
200900028647;0;30;0;0;2;1;1;B01
200900028648;0;7;0;3;2;2;17;A01
200900028648;0;10;0;3;0;6;1;B01
200900028649;0;7;0;0;2;1;2;A01
200900028649;0;7;0;0;2;4;2;B01
200900028650;0;7;0;0;2;3;1;B01
200900028650;0;7;0;0;2;1;6;A01
200900028651;0;7;0;0;0;0;2;A01
200900028651;0;7;0;14;0;3;1;B01
200900028652;0;7;0;0;2;1;2;A01
200900028652;0;7;0;0;0;4;2;B01
200900028653;0;7;0;0;0;4;1;B01
200900028653;0;7;0;0;2;1;1;A01
200900028654;0;7;0;0;2;1;15;A01
200900028654;0;32;0;0;2;2;1;B01
200900028655;0;7;0;4;0;3;1;A01
200900028656;0;7;0;0;1;3;10;A01
200900028657;0;7;0;0;2;1;1;A01
200900028657;0;7;0;0;2;4;1;B01
200900028658;0;7;0;3;0;9;0;A01
200900028659;0;7;0;0;2;2;15;A01
200900028659;0;7;0;0;2;7;13;B01
200900028660;0;7;0;0;2;1;13;A01
200900028660;0;7;0;0;2;1;0;B01
200900028661;0;7;0;0;2;2;17;A01
200900028661;0;14;0;0;0;6;1;B01
200900028662;0;7;0;0;1;3;1;A01
200900028663;0;7;0;0;0;4;10;A01
200900028664;0;33;0;0;1;1;1;A01
200900028665;0;7;0;0;2;6;1;B01
200900028665;0;7;0;0;2;2;2;A01
200900028666;0;7;0;0;2;1;1;C01
200900028666;0;7;0;0;2;3;15;A01
200900028666;0;7;0;0;2;2;0;B01
200900028667;0;7;0;4;0;7;1;A01
200900028668;0;7;0;0;0;0;11;A01
200900028668;0;7;0;8;0;3;17;B01
200900028669;0;1;0;0;1;1;1;A01
200900028670;0;7;0;0;1;3;15;A01
200900028671;0;7;0;0;1;1;15;A01
200900028672;0;7;0;0;1;0;9;A01
200900028673;0;7;0;0;1;1;1;A01
200900028674;0;7;0;0;2;1;1;A01
200900028674;0;7;0;0;0;4;1;C01
200900028674;0;7;0;0;2;2;2;B01
200900028675;0;7;0;0;2;1;1;A01
200900028675;0;7;0;0;0;4;1;B01
200900028676;0;7;0;0;2;2;1;A01
200900028676;0;7;0;0;2;8;1;B01
200900028677;0;7;0;3;2;6;21;A01
200900028677;0;7;0;0;2;8;1;B01
200900028678;0;7;0;0;1;3;1;A01
200900028679;0;7;0;0;2;1;0;B01
200900028679;0;7;0;0;2;1;9;A01
200900028680;0;7;0;0;1;1;16;A01
200900028681;0;7;0;0;1;3;2;A01
200900028682;0;37;11;0;2;3;1;C01
200900028682;1;7;0;0;2;7;13;A01
200900028682;0;7;0;4;2;5;2;B01
200900028683;0;7;0;0;0;4;2;B01
200900028683;0;7;0;0;0;4;2;C01
200900028683;0;7;0;0;2;1;2;A01
200900028684;0;7;0;0;1;1;1;A01
200900028685;0;7;0;0;2;3;15;B01
200900028685;0;33;0;0;2;7;1;A01
200900028686;0;7;0;0;1;1;1;A01
200900028687;0;7;0;0;2;1;1;B01
200900028687;0;7;0;0;2;4;1;A01
200900028688;0;7;0;0;1;1;1;A01
200900028689;0;33;0;0;0;4;1;B01
200900028689;0;7;0;0;2;1;1;A01
200900028689;0;7;0;0;0;4;1;C01
200900028690;0;10;0;0;2;1;1;A01
200900028690;0;10;0;0;2;2;1;B01
200900028691;0;10;0;0;0;0;0;B01
200900028691;0;33;0;0;0;0;0;A01
200900028692;0;10;0;4;0;3;1;A01
200900028693;0;7;0;0;1;2;1;A01
200900028694;0;7;0;0;2;3;1;B01
200900028694;0;7;0;0;2;2;0;A01
200900028695;0;7;0;0;2;1;2;A01
200900028695;0;7;0;0;2;4;2;B01
200900028696;0;7;0;0;0;1;2;A01
200900028697;0;7;0;0;2;3;1;A01
200900028697;0;30;0;0;2;1;1;B01
200900028698;0;7;0;0;2;2;0;B01
200900028698;0;2;0;0;2;1;1;A01
200900028699;0;7;0;0;2;8;1;A01
200900028700;0;7;0;0;1;1;1;A01
200900028701;0;2;0;0;2;1;1;A01
200900028701;0;7;0;0;2;2;15;B01
200900028702;0;30;0;0;2;1;1;B01
200900028702;0;7;0;0;2;3;15;A01
200900028703;0;7;0;0;1;3;1;A01
200900028704;0;10;0;0;2;8;2;B01
200900028704;0;15;0;0;2;7;12;A01
200900028704;0;10;0;0;2;1;2;C01
200900028705;0;32;0;0;2;1;1;A01
200900028705;0;7;0;0;0;2;1;B01
200900028706;0;40;25;0;1;1;0;A01
200900028707;0;7;0;8;0;1;1;A01
200900028708;0;32;0;0;0;7;1;A01
200900028709;0;30;0;0;2;1;1;A01
200900028709;0;7;0;0;2;5;1;B01
200900028710;0;7;0;0;2;1;1;B01
200900028710;0;7;0;0;0;0;0;A01
200900028711;0;13;0;3;0;1;1;A01
200900028712;0;1;0;10;0;0;0;A01
200900028713;0;10;0;0;9;1;2;B01
200900028713;0;2;0;0;2;8;15;A01
200900028714;0;7;0;0;2;4;2;B01
200900028714;0;7;0;0;2;1;2;A01
200900028715;0;7;0;0;2;0;0;A01
200900028715;0;33;0;0;2;0;1;B01
200900028716;0;31;0;0;2;1;1;B01
200900028716;0;7;0;0;2;1;1;A01
200900028717;0;7;0;15;0;9;0;A01
200900028718;0;32;0;0;2;1;2;B01
200900028718;0;7;0;0;2;8;1;A01
200900028719;0;7;0;0;2;1;1;A01
200900028719;0;2;0;0;2;0;8;B02
200900028720;0;10;0;0;2;1;1;B02
200900028720;0;7;0;0;2;2;15;A01
200900028721;0;33;0;0;2;1;1;A01
200900028722;0;7;0;0;2;7;1;A01
200900028722;0;1;0;0;2;8;15;B02
200900028723;0;7;0;0;0;8;9;B02
200900028723;0;10;0;0;0;3;1;A01
200900028724;0;7;0;0;2;6;15;B02
200900028724;0;33;0;0;2;1;17;A01
200900028724;0;7;0;0;2;3;1;C03
200900028725;0;33;0;0;0;8;0;A01
200900028726;0;21;0;0;0;4;0;B02
200900028726;0;7;0;0;2;1;2;A01
200900028727;0;33;0;0;2;1;17;B02
200900028727;0;7;0;0;0;4;1;A01
200900028728;0;7;0;0;0;9;1;A01
200900028729;0;2;0;0;0;4;2;A01
200900028729;0;7;0;0;2;1;2;B02
200900028730;0;7;0;0;2;1;1;C03
200900028730;0;7;0;0;2;2;5;A01
200900028730;0;7;0;0;2;3;1;B02
200900028731;0;7;0;0;2;1;2;B02
200900028731;0;7;0;3;0;1;1;A01
200900028731;0;7;0;0;2;3;2;C03
200900028731;0;38;58;0;0;8;21;D04
200900028732;0;7;0;0;1;1;1;A01
200900028733;0;7;0;0;2;5;15;A01
200900028733;0;33;0;0;2;1;1;B02
200900028734;0;2;0;;2;1;2;A01
200900028734;0;7;0;0;4;4;1;B02
200900028735;0;33;0;0;2;1;0;A01
200900028736;0;33;0;14;0;1;21;A01
200900028737;1;7;0;;2;0;0;Z02
200900028737;0;33;0;0;2;8;1;A01
200900028738;0;7;0;;2;7;1;B02
200900028738;0;14;0;;2;1;1;A01
200900028739;0;30;0;0;2;1;1;B02
200900028739;0;7;0;0;2;5;1;A01
200900028740;0;7;0;1;0;2;14;A01
200900028741;0;7;0;0;2;3;15;B01
200900028741;0;31;0;0;2;1;1;A01
200900028742;0;1;0;0;2;1;15;B02
200900028742;0;7;0;0;2;2;1;A01
200900028743;1;7;0;;;;;Z02
200900028743;0;33;0;0;2;3;1;A01
200900028744;0;31;0;0;2;1;15;A01
200900028744;0;10;0;0;2;7;15;B01
200900028745;0;14;0;0;2;1;1;A01
200900028745;0;14;0;0;2;3;1;B02
200900028746;0;7;0;0;2;3;9;A01
200900028746;0;1;0;0;2;1;1;B01
200900028747;1;7;0;0;9;4;1;A01
200900028747;0;1;0;0;2;1;19;B01
200900028748;0;7;0;0;1;1;4;A01
200900028749;0;2;0;0;2;1;1;A01
200900028749;0;7;0;0;2;4;23;B01
200900028750;0;30;0;0;0;7;0;A01
200900028751;0;10;0;0;1;7;0;A01
200900028752;1;7;0;;;;;Z01
200900028753;0;32;0;0;0;1;0;A01
200900028754;0;30;0;0;2;1;1;A01
200900028755;0;7;0;0;2;1;1;A01
200900028755;0;7;0;0;2;4;1;C01
200900028755;0;7;0;0;2;4;1;B01
200900028756;0;7;0;0;1;7;0;A01
200900028757;0;7;0;8;0;1;1;A01
200900028758;0;7;0;0;2;8;9;A01
200900028758;0;7;0;0;2;7;9;B01
200900028759;0;7;0;0;2;5;1;B02
200900028759;0;2;0;0;2;7;15;A01
200900028760;0;7;0;0;2;5;17;B02
200900028760;0;10;0;0;2;3;15;A01
200900028761;0;37;0;0;1;;20;A01
200900028762;0;7;0;0;0;4;1;A01
200900028762;2;7;0;0;0;1;17;B02
200900028763;0;7;0;0;2;7;1;B02
200900028763;0;7;0;0;2;1;1;A01
200900028764;0;7;0;0;2;3;1;A01
200900028764;0;1;0;0;2;1;19;B02
200900028765;0;7;0;0;2;2;12;A01
200900028765;0;7;0;0;2;6;1;B02
200900028766;0;7;0;0;2;2;1;A01
200900028766;0;1;0;0;2;4;2;B02
200900028767;0;10;0;0;2;4;1;A01
200900028767;0;1;0;0;2;1;1;B01
200900028768;0;33;0;0;2;0;1;B01
200900028768;0;7;0;0;2;0;1;A01
200900028769;0;10;0;0;0;2;1;A01
200900028769;0;10;0;0;0;6;0;B01
200900028770;0;2;0;0;2;2;1;A01
200900028770;1;7;0;0;0;0;0;B01
200900028771;0;7;0;0;0;1;1;A01
200900028771;0;1;0;0;2;1;0;B01
200900028772;0;33;0;0;2;1;1;B01
200900028772;0;10;0;0;2;3;15;A01
200900028773;0;14;0;0;2;7;0;A01
200900028774;0;31;0;0;0;1;0;A01
200900028775;0;2;0;0;0;9;0;A01
200900028776;0;7;0;0;1;7;9;A01
200900028777;0;7;0;1;0;3;1;A01
200900028778;0;7;0;8;0;1;1;A01
200900028779;0;10;0;8;0;1;1;A01
200900028780;0;7;0;0;2;1;1;B01
200900028780;0;2;0;0;2;1;1;A01
200900028781;0;10;0;12;0;1;1;A01
200900028782;0;14;0;0;2;2;1;C01
200900028782;0;15;0;0;2;2;1;B01
200900028782;0;7;0;0;2;3;18;A01
200900028783;0;33;0;3;2;3;3;A01
200900028783;1;7;0;0;0;0;0;B01
200900028784;0;7;0;0;2;3;15;A01
200900028784;0;2;0;0;2;1;1;B01
200900028785;0;1;0;0;0;0;1;A01
200900028786;0;7;0;0;2;1;0;A01
200900028786;0;7;0;0;2;4;24;B01
200900028787;0;7;0;0;2;1;1;A01
200900028787;0;7;0;0;0;9;15;B01
200900028788;0;2;0;0;0;8;1;A01
200900028789;0;32;0;0;2;1;15;A01
200900028790;0;7;0;0;9;3;13;A01
200900028790;0;30;0;0;0;7;1;B01
200900028791;0;7;0;0;1;1;1;A01
200900028792;0;7;0;1;2;1;17;A01
200900028792;0;7;0;0;2;1;1;B01
200900028793;0;7;0;13;0;1;1;A01
200900028794;0;7;0;4;0;3;13;A01
200900028795;0;7;0;2;0;3;13;A01
200900028796;0;30;0;0;6;1;1;A01
200900028797;0;7;0;0;2;7;19;A01
200900028797;0;33;0;0;2;1;1;B02
200900028798;0;7;0;0;2;1;1;B02
200900028798;0;7;0;0;2;8;19;A01
200900028799;0;7;0;0;2;1;1;B02
200900028799;0;7;0;0;2;3;15;A01
200900028800;0;30;0;8;0;1;13;A01
200900028801;0;7;0;0;2;1;1;B02
200900028801;0;2;0;0;2;7;19;A01
200900028802;0;1;0;0;2;6;19;A01
200900028802;0;7;0;0;2;2;1;B02
200900028803;0;1;0;0;2;8;1;B02
200900028803;0;7;0;0;2;7;17;A01
200900028804;0;33;0;0;6;1;21;A01
200900028805;0;31;0;6;0;1;21;A01
200900028806;0;33;0;0;0;1;1;A01
200900028807;0;33;0;0;0;1;14;A01
200900028808;0;7;0;0;2;3;1;B02
200900028808;0;7;0;0;2;3;13;A01
200900028809;0;7;0;0;2;3;1;B02
200900028809;0;10;0;0;2;8;1;C03
200900028809;0;17;0;0;2;8;13;A01
200900028810;1;10;0;0;2;3;13;A01
200900028810;0;34;0;0;0;0;1;B02
200900028811;0;7;0;0;2;1;1;B02
200900028811;0;7;0;0;2;1;1;A01
200900028812;0;7;0;11;0;3;1;A01
200900028813;0;31;0;0;0;7;0;A01
200900028814;0;2;0;0;2;0;21;A01
200900028814;0;7;0;0;0;0;1;B02
200900028815;0;7;0;0;2;1;5;A01
200900028815;0;7;0;0;2;1;1;B02
200900028816;0;7;0;0;2;1;20;A01
200900028816;0;31;0;0;2;7;17;B02
200900028817;0;33;0;0;2;3;1;B02
200900028817;0;7;0;0;2;1;15;A01
200900028818;0;1;0;0;0;4;1;B02
200900028818;0;1;0;0;2;1;17;A01
200900028819;0;7;0;0;2;2;1;C03
200900028819;0;7;0;0;2;3;1;B02
200900028819;0;7;0;0;2;3;13;A01
200900028820;0;99;0;0;2;1;1;A01
200900028820;0;7;0;0;2;3;15;B02
200900028821;0;2;0;0;2;1;1;B02
200900028821;0;7;0;0;2;2;15;A01
200900028822;0;33;0;0;0;7;1;A01
200900028823;0;7;0;0;2;8;15;B02
200900028823;0;30;0;0;2;7;17;A01
200900028823;0;10;0;0;2;7;1;C03
200900028824;0;7;0;0;2;1;1;A01
200900028824;0;1;0;0;0;4;1;B01
200900028825;0;7;0;0;1;0;1;A01
200900028826;0;7;0;9;0;1;1;A01
200900028827;0;10;0;0;2;8;1;B02
200900028827;0;33;0;0;2;1;13;A01