num_acc;senc;catv;occutc;obs;obsm;choc;manv;num_veh
200900028828;0;7;0;0;0;5;20;B02
200900028828;0;2;0;0;2;3;18;A01
200900028829;0;7;0;0;0;1;1;B01
200900028829;0;7;0;0;2;1;5;A01
200900028830;0;7;0;0;1;1;1;A01
200900028831;0;7;0;0;0;3;17;A01
200900028831;0;7;0;0;0;2;17;B02
200900028832;0;7;0;2;0;1;1;A01
200900028833;0;10;0;0;2;8;13;A01
200900028833;0;7;0;0;2;8;1;B02
200900028834;0;7;0;0;0;5;1;A01
200900028834;0;33;0;0;2;1;1;B02
200900028835;0;7;0;0;1;1;2;A01
200900028836;0;7;0;0;9;2;1;A01
200900028837;0;31;0;0;0;3;15;A01
200900028838;0;10;0;2;0;3;1;A01
200900028839;0;7;0;0;2;6;1;B02
200900028839;0;7;0;0;2;2;17;A01
200900028840;0;2;0;0;2;1;1;B02
200900028840;0;33;0;0;2;1;0;A01
200900028841;0;7;0;0;2;1;1;B02
200900028841;0;21;0;0;2;1;1;A01
200900028842;0;31;0;0;2;5;21;B02
200900028842;0;7;0;0;2;3;19;A01
200900028843;0;31;0;0;2;1;1;B02
200900028843;0;7;0;0;2;8;9;A01
200900028844;0;7;0;6;0;1;1;A01
200900028845;0;7;0;0;2;6;1;B02
200900028845;0;7;0;0;9;4;23;C03
200900028845;0;33;0;0;2;1;1;A01
200900028846;0;14;0;0;0;0;1;B02
200900028846;0;31;0;0;2;8;21;A01
200900028847;0;7;0;0;1;1;1;A01
200900028848;0;1;0;13;0;0;15;A01
200900028849;0;32;0;0;2;1;1;B01
200900028849;0;7;0;0;2;2;13;A01
200900028850;0;7;0;13;0;1;0;A01
200900028851;0;32;0;0;1;1;7;A01
200900028852;0;33;0;13;0;4;1;A01
200900028852;0;33;0;13;2;1;17;B02
200900028853;0;7;0;2;0;3;2;A01
200900028854;0;33;0;0;2;1;21;A01
200900028854;0;7;0;0;2;8;19;B02
200900028855;0;2;0;0;2;6;2;B02
200900028855;1;7;0;;;;;A01
200900028856;0;1;0;0;1;2;1;A01
200900028857;0;7;0;0;2;1;13;A01
200900028857;0;7;0;0;2;3;1;B02
200900028858;0;33;0;0;2;1;13;A01
200900028858;0;10;0;0;2;1;1;B02
200900028859;0;33;0;0;9;1;1;A01
200900028860;0;7;0;0;0;3;13;A01
200900028860;0;7;0;0;0;6;1;B02
200900028861;0;14;0;0;0;0;0;A01
200900028861;0;7;0;0;0;2;0;B02
200900028862;0;1;0;;0;4;1;B02
200900028862;0;7;0;;2;1;1;A01
200900028863;0;7;0;;1;1;1;A01
200900028864;0;7;0;0;2;2;15;A01
200900028864;0;33;0;0;2;1;1;B02
200900028865;0;33;0;0;2;3;1;A01
200900028865;0;7;0;0;2;2;19;B02
200900028866;0;7;0;13;0;0;2;A01
200900028867;0;7;0;6;0;1;14;A01
200900028868;0;7;0;0;0;2;1;A01
200900028869;0;7;0;0;0;1;15;A01
200900028869;0;7;0;0;0;8;1;B02
200900028870;0;36;0;13;0;2;1;A01
200900028871;0;7;0;2;0;2;1;A01
200900028872;0;14;0;2;0;7;1;A01
200900028873;0;33;0;0;2;1;2;A01
200900028873;0;7;0;0;2;3;2;B01
200900028874;0;7;0;0;1;1;2;A01
200900028875;0;7;0;0;2;6;19;A01
200900028875;0;33;0;0;2;1;17;B01
200900028876;0;33;0;0;2;1;2;A01
200900028876;0;7;0;0;2;4;2;B01
200900028877;0;99;0;2;0;9;0;A01
200900028878;0;7;0;0;1;1;1;A01
200900028879;0;1;0;0;0;0;1;A01
200900028880;0;33;0;0;2;1;1;B01
200900028880;0;7;0;0;2;2;11;A01
200900028881;0;7;0;2;0;2;13;A01
200900028882;0;7;0;2;0;1;1;A01
200900028883;0;7;0;0;2;3;13;A01
200900028883;0;7;0;0;2;3;1;B01
200900028884;0;7;0;13;0;1;1;A01
200900028885;0;7;0;0;2;1;1;B02
200900028885;0;7;0;0;2;1;5;A01
200900028886;0;7;0;13;0;2;1;A01
200900028887;0;2;0;0;2;0;1;B01
200900028887;0;7;0;0;9;2;12;A01
200900028888;0;7;0;13;0;1;1;A01
200900028889;0;7;0;0;2;2;15;A01
200900028889;0;33;0;0;2;1;1;B02
200900028890;0;33;0;0;0;7;1;A01
200900028891;0;10;0;0;2;7;1;A02
200900028891;0;7;0;0;2;3;1;B01
200900028892;0;7;0;6;0;3;1;A01
200900028893;0;2;0;0;2;3;13;B02
200900028893;0;2;0;0;2;3;13;A01
200900028894;0;7;0;13;2;3;15;B02
200900028894;0;7;0;0;2;3;1;A01
200900028895;0;7;0;6;0;3;1;A01
200900028896;0;7;0;0;2;6;2;B01
200900028896;0;33;0;0;2;1;2;A01
200900028897;0;7;0;0;2;1;1;B02
200900028897;0;7;0;0;2;1;13;A01
200900028898;0;7;0;0;2;2;21;B01
200900028898;0;10;0;0;2;2;13;A01
200900028899;0;33;0;13;0;1;17;A01
200900028900;0;7;0;2;0;3;1;A01
200900028901;0;7;0;0;2;6;15;B02
200900028901;0;7;0;0;2;1;17;A01
200900028902;0;2;0;0;0;1;1;A01
200900028903;0;2;0;13;0;1;1;A01
200900028904;0;7;0;0;2;1;1;B01
200900028904;0;7;0;0;2;0;15;A01
200900028905;0;7;0;0;2;1;2;A01
200900028905;0;7;0;0;2;4;2;B01
200900028906;0;32;0;0;1;1;1;A01
200900028907;0;7;0;0;1;6;1;A01
200900028908;0;99;0;0;2;3;0;A01
200900028908;0;99;0;0;2;3;5;B01
200900028909;0;30;0;0;0;8;1;B01
200900028909;0;7;0;0;0;2;16;A01
200900028910;0;7;0;0;2;2;17;A01
200900028910;0;7;0;0;2;2;2;B01
200900028911;0;7;0;0;0;1;0;A01
200900028912;0;7;0;0;1;3;15;A01
200900028913;0;7;0;0;2;3;2;A01
200900028913;0;33;0;0;0;4;23;B01
200900028914;0;7;0;0;2;1;1;A01
200900028914;0;7;0;0;2;2;1;B01
200900028915;1;7;0;0;2;1;2;A01
200900028915;0;1;0;0;2;4;2;B01
200900028916;0;10;0;0;1;0;0;A01
200900028917;0;7;0;0;2;1;16;B01
200900028917;0;7;0;0;2;7;14;A01
200900028918;0;7;0;0;2;3;6;A01
200900028918;0;33;0;0;2;1;2;B01
200900028919;0;3;0;0;2;1;2;A01
200900028919;0;7;0;0;2;4;2;B01
200900028920;0;7;0;1;1;1;0;A01
200900028921;0;7;0;0;2;1;3;A01
200900028921;0;7;0;0;2;1;1;B01
200900028922;0;7;0;0;2;7;15;A01
200900028922;0;7;0;0;2;1;2;B01
200900028923;0;7;0;0;2;1;2;A01
200900028923;0;7;0;0;2;4;2;B01
200900028924;0;7;0;0;2;1;1;A01
200900028924;0;7;0;0;2;6;4;B01
200900028925;0;15;0;0;2;4;2;B01
200900028925;0;10;0;0;2;1;2;A01
200900028926;0;7;0;0;0;6;1;A01
200900028926;0;7;0;0;2;1;1;B01
200900028927;0;7;0;4;0;2;1;A01
200900028928;0;7;0;0;2;1;2;B01
200900028928;0;7;0;0;0;4;1;A01
200900028929;0;10;0;0;2;4;2;C01
200900028929;0;10;0;0;2;4;2;D01
200900028929;0;10;0;0;2;4;2;E01
200900028929;0;7;0;0;2;4;2;B01
200900028929;0;7;0;0;2;4;2;A01
200900028930;0;7;0;4;0;1;15;A01
200900028931;0;7;0;3;2;2;1;A01
200900028931;1;7;0;3;2;3;11;B01
200900028932;0;7;0;0;0;4;2;A01
200900028932;0;10;0;0;2;1;2;B01
200900028933;0;7;0;0;0;4;2;A01
200900028933;0;7;0;0;2;1;2;B01
200900028934;0;7;0;0;2;1;1;B01
200900028934;0;7;0;0;0;4;1;A01
200900028935;0;7;0;0;2;4;0;A01
200900028935;0;7;0;0;2;1;0;B01
200900028936;0;7;0;0;0;1;2;A01
200900028937;0;33;0;0;0;1;2;A01
200900028938;0;7;0;7;0;4;1;B01
200900028938;0;7;0;3;2;1;0;A01
200900028939;0;7;0;0;0;2;1;A01
200900028939;1;7;0;0;2;3;12;B01
200900028940;0;7;0;0;2;4;1;B01
200900028940;0;7;0;0;2;1;2;A01
200900028941;0;7;0;3;0;8;1;A01
200900028942;0;7;0;5;0;1;1;A01
200900028943;0;33;0;0;0;9;1;A01
200900028944;0;7;0;0;2;3;15;A01
200900028944;0;2;0;0;2;3;1;B01
200900028945;0;7;0;10;0;3;1;A01
200900028946;0;7;0;3;0;3;1;A01
200900028947;0;7;0;0;0;6;1;A01
200900028947;0;33;0;0;2;1;12;B01
200900028948;0;7;0;3;0;1;21;A01
200900028949;0;7;0;0;0;6;1;A01
200900028949;0;32;0;0;2;1;21;B01
200900028950;0;7;0;0;2;6;2;B01
200900028950;2;7;0;3;2;2;2;A01
200900028951;0;7;0;0;2;1;21;A01
200900028951;0;14;0;0;2;4;1;B01
200900028952;0;33;0;11;0;8;13;A01
200900028953;0;10;0;0;2;1;2;A01
200900028953;0;7;0;0;2;4;15;B01
200900028954;0;33;0;0;0;8;2;A01
200900028954;0;7;0;0;0;0;15;B01
200900028955;0;7;0;3;0;1;0;D01
200900028955;0;7;0;4;0;1;0;A01
200900028955;0;7;0;3;0;4;0;C01
200900028955;0;7;0;3;0;3;0;B01
200900028956;0;7;0;0;2;1;1;C01
200900028956;0;7;0;0;2;4;2;B01
200900028956;0;7;0;0;2;9;2;A01
200900028957;0;14;0;0;2;6;14;A01
200900028957;0;33;0;0;2;1;14;B01
200900028958;0;7;0;0;2;4;1;B01
200900028958;0;7;0;0;2;1;1;A01
200900028958;0;7;0;0;2;4;23;C01
200900028959;0;7;0;0;2;1;1;A01
200900028959;0;7;0;0;2;7;1;B01
200900028960;0;7;0;0;0;0;0;B01
200900028960;0;7;0;15;0;1;0;A01
200900028961;0;37;1;0;1;7;7;A01
200900028962;0;17;0;0;2;2;16;A01
200900028962;0;10;0;0;2;8;1;B01
200900028963;0;7;0;0;1;4;4;A01
200900028964;1;99;0;0;1;1;5;A01
200900028965;0;7;0;0;2;1;13;A01
200900028965;0;7;0;0;2;3;23;B01
200900028966;0;7;0;0;1;2;1;A01
200900028967;1;7;0;0;1;1;1;A01
200900028968;0;34;0;0;2;1;2;A01
200900028968;0;7;0;0;2;4;2;B01
200900028969;0;33;0;0;2;1;0;B01
200900028969;0;7;0;0;0;0;0;A01
200900028970;0;10;0;2;0;2;0;A01
200900028971;0;7;0;0;2;8;23;B01
200900028971;0;30;0;0;2;1;16;A01
200900028972;0;1;0;0;2;1;1;B01
200900028972;0;7;0;0;2;3;1;A01
200900028973;1;7;0;0;1;4;4;A01
200900028974;0;7;0;0;0;3;10;A01
200900028974;0;33;0;0;0;1;1;B01
200900028975;0;7;0;1;2;4;15;B01
200900028975;0;7;0;0;2;1;17;A01
200900028976;1;7;0;0;1;1;1;A01
200900028977;0;7;0;0;1;4;9;A01
200900028977;0;30;0;0;2;1;1;B01
200900028978;0;7;0;0;1;3;15;A01
200900028979;0;7;0;0;1;4;4;A01
200900028980;0;33;0;0;2;2;1;A01
200900028980;0;7;0;0;0;6;23;B01
200900028981;0;7;0;0;2;1;1;A01
200900028981;0;7;0;0;2;4;0;B02
200900028982;0;31;0;5;0;1;1;A01
200900028983;0;30;0;13;0;7;14;A01
200900028984;0;7;0;0;2;1;1;A01
200900028984;0;7;0;0;2;5;1;B02
200900028985;0;7;0;2;0;2;13;A01
200900028986;0;7;0;0;2;1;1;C03
200900028986;0;7;0;0;2;1;1;B02
200900028986;0;7;0;10;2;8;1;A01
200900028987;0;30;0;0;2;1;1;B02
200900028987;0;7;0;0;2;3;19;A01
200900028988;0;31;0;0;2;8;10;A01
200900028988;0;7;0;0;2;1;1;B02
200900028989;0;31;0;0;2;1;1;B02
200900028989;0;7;0;0;2;3;15;A01
200900028990;0;7;0;0;1;1;1;A01
200900028991;0;7;0;0;2;3;19;A01
200900028991;0;30;0;0;2;1;0;B02
200900028992;0;7;0;0;2;2;9;A01
200900028992;0;7;0;0;2;2;1;B02
200900028993;0;7;0;0;0;1;1;B02
200900028993;0;7;0;0;0;1;5;A01
200900028994;0;30;0;0;2;1;1;A01
200900028994;0;7;0;0;1;3;15;B02
200900028995;0;7;0;0;0;4;1;C03
200900028995;0;7;0;0;0;4;1;A01
200900028995;0;14;0;0;2;3;2;B02
200900028996;0;7;0;0;2;1;0;A01
200900028996;0;7;0;0;0;0;0;B02
200900028997;0;17;0;0;2;3;19;A01
200900028997;0;7;0;0;2;3;1;B02
200900028998;0;7;0;0;0;4;1;B02
200900028998;0;7;0;0;2;1;1;A01
200900028999;0;10;0;0;2;3;1;A01
200900028999;0;15;0;0;2;5;1;B02
200900029000;0;33;0;0;2;1;2;A01
200900029000;0;10;0;0;2;6;2;B02
200900029001;0;7;0;0;2;3;1;B02
200900029001;0;33;0;0;2;1;17;A01
200900029002;0;10;0;0;2;2;5;A01
200900029002;0;17;0;0;2;2;1;B02
200900029003;0;7;0;0;0;5;23;B02
200900029003;0;31;0;0;2;1;2;A01
200900029004;0;7;0;0;2;5;1;A01
200900029004;0;7;0;0;2;1;1;B01
200900029005;0;33;0;0;2;1;2;A01
200900029005;0;7;0;0;0;4;2;B01
200900029006;0;7;0;0;2;1;1;A01
200900029006;0;7;0;0;0;4;23;B01
200900029007;0;7;0;0;2;3;0;B01
200900029007;0;7;0;0;2;3;0;A01
200900029008;1;7;0;0;2;1;1;A01
200900029008;0;1;0;0;2;1;1;B01
200900029009;0;7;0;0;0;0;0;A01
200900029010;0;7;0;0;2;4;15;B01
200900029010;0;7;0;0;2;1;2;A01
200900029011;0;7;0;6;0;2;1;A01
200900029012;0;7;0;0;0;0;10;A01
200900029012;0;2;0;0;0;7;1;B01
200900029013;0;7;0;0;2;1;2;A01
200900029013;0;7;0;0;0;4;23;B01
200900029014;1;13;0;0;2;3;18;A01
200900029014;0;7;0;3;2;5;1;B01
200900029015;0;7;0;0;2;1;2;A01
200900029015;0;7;0;0;0;4;2;B01
200900029016;0;7;0;0;1;1;1;A01
200900029017;0;30;0;0;0;4;2;B01
200900029017;0;7;0;0;2;1;2;A01
200900029018;0;32;0;0;2;1;2;B01
200900029018;0;7;0;0;2;5;1;A01
200900029019;1;7;0;0;0;0;1;E01
200900029019;0;7;0;0;0;8;23;A01
200900029019;0;7;0;0;0;0;1;B01
200900029019;0;34;0;0;2;1;1;C01
200900029019;0;7;0;0;2;1;2;D01
200900029020;0;7;0;0;2;3;2;A01
200900029020;0;7;0;0;2;3;1;C01
200900029020;0;7;0;0;2;5;15;B01
200900029021;0;7;0;0;2;7;15;B01
200900029021;0;33;0;0;2;1;1;A01
200900029022;0;7;0;0;2;3;15;A01
200900029022;0;33;0;0;2;2;17;B01
200900029023;0;7;0;0;2;4;2;B01
200900029023;0;7;0;0;2;1;2;A01
200900029024;0;7;0;0;2;3;20;A01
200900029024;0;7;0;0;2;3;23;C01
200900029024;0;34;0;0;2;1;2;B01
200900029025;0;7;0;0;0;4;1;B01
200900029025;0;7;0;0;2;1;1;A01
200900029026;0;7;0;0;2;8;11;A01
200900029026;0;2;0;0;2;7;3;B01
200900029027;0;7;0;8;0;3;13;A01
200900029027;0;7;0;0;0;0;0;B01
200900029028;0;7;0;0;1;1;1;A01
200900029029;0;33;0;1;0;1;2;A01
200900029030;0;7;0;0;2;0;1;A01
200900029030;0;7;0;0;2;4;1;B01
200900029031;0;7;0;2;0;1;1;A01
200900029032;0;7;0;0;2;1;2;A01
200900029032;0;7;0;0;2;4;23;B01
200900029033;0;7;0;0;0;7;7;A01
200900029034;0;7;0;0;2;7;16;A01
200900029034;0;7;0;0;2;3;1;B01
200900029035;0;7;0;0;2;1;17;A01
200900029035;0;7;0;0;2;1;1;B01
200900029036;0;7;0;0;2;8;1;B01
200900029036;0;33;0;0;2;8;1;A01
200900029037;1;7;0;1;0;0;0;A01
200900029037;0;7;0;0;0;5;3;B01
200900029038;0;7;0;0;1;3;15;A01
200900029039;0;7;0;0;2;2;15;A01
200900029039;0;30;0;0;2;1;1;B01
200900029040;0;7;0;0;2;5;17;A01
200900029040;0;7;0;0;2;3;1;B01
200900029041;0;2;0;0;2;8;9;A01
200900029041;0;7;0;0;2;2;1;B01
200900029042;0;7;0;0;2;1;15;A01
200900029042;0;1;0;0;2;1;1;B01
200900029043;0;33;0;0;2;8;1;A01
200900029043;1;7;0;0;2;0;15;B01
200900029044;0;7;0;0;1;2;1;A01
200900029045;1;7;0;1;0;0;0;A01
200900029045;0;2;0;0;2;1;1;B01
200900029046;0;7;0;0;2;3;20;A01
200900029046;0;7;0;0;2;2;1;B01
200900029047;0;7;0;0;1;1;9;A01
200900029048;0;30;0;0;0;0;1;A01
200900029049;0;33;0;0;2;1;1;A01
200900029049;0;7;0;0;2;3;15;B01
200900029050;0;7;0;0;2;1;9;A01
200900029050;0;7;0;9;2;5;9;B01
200900029051;0;2;0;0;2;1;1;A01
200900029051;0;7;0;0;2;7;15;B01
200900029052;0;2;0;0;1;1;17;A01
200900029053;0;7;0;14;1;3;4;A01
200900029054;0;7;0;0;2;2;15;A01
200900029054;0;7;0;6;2;1;1;B01
200900029055;0;7;0;0;2;1;15;A01
200900029055;0;7;0;0;2;3;4;B01
200900029056;0;7;0;0;1;3;1;A01
200900029057;0;7;0;0;1;3;1;A01
200900029058;0;7;0;0;1;3;1;A01
200900029059;0;7;0;0;1;2;1;A01
200900029060;0;2;0;0;0;9;16;A01
200900029061;2;7;0;0;1;3;1;A01
200900029062;0;7;0;0;2;1;1;A01
200900029062;0;7;0;0;0;4;0;B01
200900029063;0;7;0;15;2;2;9;A01
200900029063;0;7;0;0;2;1;0;B01
200900029064;0;7;0;0;2;1;2;A01
200900029064;0;7;0;0;2;4;2;B01
200900029065;0;7;0;0;0;8;15;A01
200900029065;0;7;0;0;2;2;7;B01
200900029066;0;33;0;0;2;1;1;B01
200900029066;0;7;0;0;2;2;15;A01
200900029067;0;7;0;0;2;2;1;A01
200900029067;0;7;0;0;2;1;2;C01
200900029067;0;33;0;0;2;1;2;B01
200900029068;0;31;0;0;0;0;15;A01
200900029068;0;7;0;0;0;1;1;B01
200900029069;0;30;0;0;0;1;1;B01
200900029069;0;7;0;0;2;3;17;A01
200900029070;0;32;0;1;0;3;1;A01
200900029071;0;7;0;0;2;3;2;B01
200900029071;0;2;0;0;2;2;2;A01
200900029072;0;33;0;0;1;2;1;A01
200900029073;0;7;0;0;2;2;1;B01
200900029073;0;7;0;0;2;1;15;A01
200900029074;0;32;0;0;2;3;1;B01
200900029074;0;7;0;0;2;2;15;A01
200900029075;0;7;0;0;2;7;15;A01
200900029075;0;31;0;0;2;8;1;B01
200900029076;0;33;0;0;2;3;2;A01
200900029076;0;7;0;0;2;2;20;B01
200900029077;0;7;0;0;2;8;13;A01
200900029077;0;32;0;0;2;2;1;B01
200900029078;0;7;0;0;2;0;1;A01
200900029078;0;2;0;0;9;0;1;B01
200900029079;0;7;0;0;2;3;1;B01
200900029079;0;30;0;0;2;2;1;A01
200900029080;0;7;0;0;1;3;1;A01
200900029081;0;7;0;0;2;3;14;B01
200900029081;0;30;0;0;2;7;17;A01
200900029082;0;31;0;0;2;1;2;A01
200900029082;0;7;0;0;2;5;15;B01
200900029083;0;7;0;0;2;4;2;B01
200900029083;0;7;0;0;2;1;2;A01
200900029083;0;7;0;0;0;4;2;C01
200900029084;0;7;0;0;0;0;1;A01
200900029084;0;7;0;0;0;0;1;B01
200900029085;0;7;0;0;2;6;2;C01
200900029085;0;7;0;0;2;6;1;B01
200900029085;0;7;0;0;2;4;2;D01
200900029085;0;7;0;3;2;2;17;A01
200900029086;0;7;0;0;2;8;15;B01
200900029086;0;2;0;0;2;1;11;A01
200900029087;0;32;0;0;1;1;1;A01
200900029088;0;7;0;0;2;2;16;B01
200900029088;0;2;0;0;2;1;18;A01
200900029089;0;7;0;0;0;8;15;B01
200900029089;0;7;0;8;2;1;1;A01
200900029090;1;7;0;0;1;2;1;A01
200900029091;0;2;0;0;9;0;0;B01
200900029092;0;33;0;0;1;1;2;A01
200900029093;0;7;0;0;2;3;15;A01
200900029093;0;33;0;0;2;1;1;B01
200900029094;0;2;0;0;0;0;0;A01
200900029095;0;7;0;0;2;1;1;A01
200900029095;0;7;0;0;2;1;16;B01
200900029096;0;7;0;0;0;4;1;B01
200900029096;0;7;0;0;2;1;1;A01
200900029097;0;7;0;0;0;0;0;A01
200900029098;0;7;0;0;2;3;1;A01
200900029098;0;33;0;0;2;1;1;B01
200900029099;0;30;0;0;2;2;16;A01
200900029099;0;7;0;0;2;1;2;B01
200900029100;0;7;0;0;1;2;1;A01
200900029101;0;32;0;0;2;1;2;A01
200900029101;0;7;0;0;2;4;0;B01
200900029102;0;7;0;0;2;7;12;A01
200900029102;0;33;0;0;2;8;1;B01
200900029103;0;7;0;0;2;2;1;B01
200900029103;0;7;0;0;2;6;11;A01
200900029104;0;7;0;0;1;1;1;A01
200900029105;0;32;0;0;0;1;0;A01
200900029106;0;30;0;0;2;1;2;B01
200900029106;0;10;0;0;2;3;15;A01
200900029107;1;7;0;0;0;0;0;A01
200900029107;0;99;0;0;0;0;0;B01
200900029108;0;7;0;0;0;2;2;A01
200900029108;0;7;0;0;0;3;15;B01
200900029109;0;7;0;0;0;3;11;A01
200900029109;0;32;0;0;0;7;0;B01
200900029110;0;7;0;0;2;7;12;A01
200900029110;0;2;0;0;2;1;1;B01
200900029111;0;7;0;0;0;5;2;A01
200900029111;0;2;0;0;2;1;2;B01
200900029112;0;7;0;0;1;4;4;A01
200900029113;0;7;0;0;2;8;0;A01
200900029113;0;33;0;0;2;0;0;B01
200900029114;0;7;0;0;2;3;15;A01
200900029114;0;30;0;0;2;2;17;B01
200900029115;0;7;0;0;1;2;1;A01
200900029116;0;7;0;13;0;3;16;A01
200900029117;0;7;0;0;0;1;1;A01
200900029118;0;7;0;0;1;2;1;A01
200900029119;1;7;0;1;0;0;1;A01
200900029119;0;32;0;0;2;1;1;B01
200900029120;0;7;0;0;1;2;1;A01
200900029121;0;32;0;0;2;7;12;A01
200900029121;0;7;0;0;2;3;1;B01
200900029122;0;7;0;0;2;8;17;A01
200900029122;0;7;0;1;2;7;17;B01
200900029123;0;2;0;0;2;3;1;B01
200900029123;0;7;0;0;2;0;15;A01
200900029124;0;7;0;0;0;0;10;A01
200900029124;0;33;0;0;2;1;2;B01
200900029124;0;7;0;0;2;4;2;D01
200900029124;0;7;0;0;2;1;2;C01
200900029125;2;7;0;8;1;2;2;A01
200900029126;0;7;0;0;2;1;21;A01
200900029127;0;32;0;0;1;1;2;A01
200900029128;0;2;0;0;2;1;19;A01
200900029128;0;7;0;0;2;3;15;B01
200900029129;0;2;0;0;2;1;0;A01
200900029129;0;7;0;0;2;3;0;B01
200900029130;0;30;0;0;2;1;2;B01
200900029130;1;7;0;0;2;1;5;A01
200900029131;0;33;0;0;2;1;1;B01
200900029131;0;7;0;0;2;8;16;A01
200900029132;0;32;0;0;2;3;2;B01
200900029132;0;7;0;0;0;5;4;A01
200900029133;1;7;0;0;1;0;0;A01
200900029134;0;30;0;0;2;5;3;A01
200900029134;0;7;0;0;2;6;23;B01
200900029135;0;7;0;0;1;1;9;A01
200900029136;0;32;0;0;2;4;1;B01
200900029136;0;7;0;0;2;1;1;A01
200900029137;0;7;0;0;0;1;0;A01
200900029138;0;7;0;0;1;1;21;A01
200900029139;0;7;0;0;0;1;0;A01
200900029139;0;7;0;0;0;2;0;B01
200900029140;0;7;0;0;1;2;0;A01
200900029141;0;7;0;0;1;1;0;A01
200900029142;0;7;0;0;2;3;2;A01
200900029142;0;7;0;0;2;2;2;B01
200900029143;0;7;0;0;2;3;9;A01
200900029143;0;32;0;0;2;1;0;B01
200900029144;0;99;0;0;2;0;16;A01
200900029144;0;7;0;0;9;6;1;B01
200900029145;0;7;0;0;1;2;1;A01
200900029146;0;33;0;1;2;8;0;B01
200900029146;0;7;0;0;2;1;1;A01
200900029147;0;7;0;0;2;6;23;D01
200900029147;0;7;0;0;2;8;23;C01
200900029147;0;7;0;0;2;6;23;B01
200900029147;0;7;0;0;2;2;17;A01
200900029147;0;7;0;0;2;4;23;E01
200900029148;0;7;0;0;2;2;1;B01
200900029148;0;7;0;6;0;8;16;A01
200900029149;0;7;0;0;1;7;1;A01
200900029150;0;7;0;0;2;1;2;A01
200900029150;0;7;0;0;0;4;23;B01
200900029151;0;30;0;0;0;9;1;A01
200900029152;0;7;0;0;0;3;15;B01
200900029152;0;32;0;0;0;1;17;A01
200900029153;0;7;0;0;2;1;0;A01
200900029153;0;7;0;0;2;3;2;B01
200900029154;0;7;0;0;2;7;1;A01
200900029154;0;30;0;0;0;1;1;B01
200900029155;1;7;0;0;0;0;0;A01
200900029156;0;7;0;0;0;4;2;B01
200900029156;0;14;0;0;2;1;2;A01
200900029157;0;7;0;0;1;1;1;A01
200900029158;0;7;0;0;2;1;2;A01
200900029158;0;33;0;0;2;4;2;B01
200900029159;1;7;0;0;1;1;3;A01
200900029160;0;7;0;0;2;3;10;A01
200900029160;0;33;0;0;2;1;1;B01
200900029161;0;7;0;0;1;2;21;A01
200900029162;0;7;0;0;2;1;15;A01
200900029162;0;32;0;0;2;1;1;B01
200900029163;0;7;0;0;2;5;9;A01
200900029163;0;33;0;0;2;8;2;B01
200900029164;0;7;0;0;2;1;15;A01
200900029165;0;30;0;0;0;8;0;A01
200900029166;0;7;0;0;1;3;2;A01
200900029167;0;7;0;0;2;2;1;A01
200900029167;0;2;0;0;2;1;1;B01
200900029168;0;7;0;0;2;1;2;A01
200900029168;0;7;0;0;2;4;2;B01
200900029169;0;2;0;0;2;1;1;A01
200900029169;0;2;0;0;2;1;23;C01
200900029169;0;7;0;0;2;6;23;B01
200900029170;0;2;0;14;1;1;0;A01
200900029171;0;33;0;0;2;1;2;B01
200900029171;0;7;0;0;2;5;20;A01
200900029172;0;7;0;0;2;8;22;A01
200900029172;0;30;0;1;0;1;2;B01
200900029173;0;2;0;1;0;1;9;A01
200900029174;0;32;0;0;2;1;17;A01
200900029174;0;7;0;0;0;8;15;B01
200900029175;0;30;0;0;2;7;17;A01
200900029175;0;7;0;0;0;8;15;B01
200900029176;0;1;0;0;2;6;1;B01
200900029176;0;37;0;0;2;7;1;A01
200900029177;0;30;0;0;2;1;1;A01
200900029177;0;32;0;0;2;5;0;B01
200900029178;0;7;0;0;2;3;15;B01
200900029178;0;33;0;0;2;1;1;A01
200900029179;1;7;0;0;0;0;0;A01
200900029180;0;7;0;0;2;3;15;A01
200900029180;0;33;0;0;2;7;17;B01
200900029181;0;7;0;0;1;3;1;A01
200900029182;0;7;0;0;2;5;16;B01
200900029182;0;32;0;0;2;1;16;A01
200900029183;0;7;0;0;2;7;14;B01
200900029183;0;2;0;0;2;8;18;A01
200900029184;0;31;0;0;2;1;2;B01
200900029184;0;7;0;0;2;3;15;A01
200900029185;0;7;0;0;2;1;2;A01
200900029185;0;7;0;0;0;4;2;B01
200900029186;1;7;0;0;1;0;1;A01
200900029187;0;7;0;0;2;2;23;A01
200900029187;0;7;0;0;2;3;0;B01
200900029188;0;33;0;0;2;7;17;A01
200900029188;0;7;0;0;2;8;13;B01
200900029189;0;30;0;0;0;0;2;A01
200900029189;0;7;0;0;2;0;15;B01
200900029190;0;7;0;0;2;3;15;B01
200900029190;0;7;0;8;2;5;17;A01
200900029191;0;2;0;0;0;0;15;A01
200900029192;0;7;0;0;2;3;2;B01
200900029192;0;7;0;0;2;3;2;A01
200900029193;0;7;0;1;0;4;23;B01
200900029193;0;30;0;0;2;1;2;A01
200900029194;0;7;0;0;1;3;1;A01
200900029195;0;7;0;0;2;3;2;A01
200900029195;0;7;0;0;2;4;2;B01
200900029195;0;7;0;0;2;4;2;C01
200900029196;0;33;0;0;2;0;17;A01
200900029196;0;7;0;0;2;3;15;B01