num_acc;senc;catv;occutc;obs;obsm;choc;manv;num_veh
200900029197;0;33;0;0;2;0;0;B01
200900029197;0;7;0;0;2;0;0;A01
200900029198;0;7;0;0;2;1;1;A01
200900029198;0;7;0;0;2;4;1;B01
200900029199;0;7;0;1;0;9;18;A01
200900029200;0;7;0;0;1;1;1;A01
200900029201;0;7;0;0;2;1;0;B01
200900029201;0;7;0;0;2;7;0;A01
200900029202;1;7;0;0;0;0;0;A01
200900029203;0;32;0;0;1;1;3;A01
200900029204;0;7;0;0;1;0;0;A01
200900029205;0;7;0;0;2;1;2;A01
200900029205;0;7;0;0;2;4;12;B01
200900029206;0;7;0;0;9;8;10;A01
200900029207;0;7;0;0;1;3;0;B01
200900029208;0;7;0;0;1;0;0;A01
200900029209;0;7;0;0;2;3;2;A01
200900029209;0;30;0;0;2;1;2;B01
200900029210;0;31;0;0;2;1;17;B01
200900029210;0;7;0;0;2;3;9;A01
200900029211;0;32;0;0;2;1;1;A01
200900029211;0;7;0;0;2;1;1;B01
200900029212;0;7;0;0;2;3;11;A01
200900029212;0;31;0;0;2;2;1;B01
200900029213;0;7;0;0;2;3;9;A01
200900029213;0;37;0;0;2;7;1;B01
200900029214;0;7;0;0;2;2;15;A01
200900029214;0;2;0;0;2;3;1;B01
200900029215;0;7;0;0;2;4;1;B01
200900029215;0;7;0;0;2;1;2;A01
200900029216;0;7;0;0;2;8;19;A01
200900029216;0;2;0;0;2;1;17;B01
200900029217;0;7;0;0;1;2;15;A01
200900029218;0;30;0;0;0;1;16;A01
200900029219;0;33;0;0;0;8;1;A01
200900029219;0;32;0;0;0;0;9;B01
200900029220;0;2;0;0;9;1;1;A01
200900029221;0;7;0;0;2;1;1;B01
200900029221;0;1;0;0;2;2;15;A01
200900029222;0;30;0;0;2;8;15;A01
200900029222;0;10;0;0;2;1;9;B01
200900029223;0;7;0;0;2;7;12;A01
200900029223;0;7;0;9;2;3;1;B01
200900029224;0;7;0;0;2;5;10;A01
200900029224;0;33;0;0;2;3;1;B01
200900029225;0;7;0;0;1;2;1;A01
200900029226;0;34;0;0;1;1;1;A01
200900029227;0;7;0;6;0;1;24;A01
200900029228;0;7;0;1;2;9;1;A01
200900029228;0;7;0;0;2;2;1;B01
200900029229;0;7;0;0;0;4;15;B01
200900029229;0;2;0;0;2;1;1;A01
200900029230;0;33;0;0;2;1;1;B01
200900029230;0;7;0;0;2;2;1;A01
200900029231;0;7;0;0;0;8;1;A01
200900029231;0;30;0;0;2;1;1;B01
200900029232;0;7;0;4;0;1;0;A01
200900029232;0;10;0;1;0;3;21;B01
200900029233;0;2;0;0;0;0;1;A01
200900029234;0;7;0;0;1;1;1;A01
200900029235;0;7;0;16;0;3;16;A01
200900029236;0;7;0;6;0;2;2;A01
200900029237;0;16;0;0;2;1;12;A01
200900029237;0;7;0;0;2;4;2;B01
200900029238;0;38;2;0;2;3;1;A01
200900029238;0;7;0;6;2;3;1;B02
200900029239;0;30;0;0;1;1;0;A01
200900029240;0;30;0;0;1;1;17;A01
200900029241;0;10;0;6;0;1;1;A01
200900029242;0;7;0;0;0;4;16;B01
200900029242;0;37;10;0;2;3;1;A01
200900029243;1;7;0;0;1;6;1;A01
200900029244;0;7;0;0;2;1;0;B01
200900029244;0;7;0;0;2;3;0;A01
200900029245;0;33;0;0;2;1;17;A01
200900029245;0;7;0;0;2;6;1;B01
200900029246;0;7;0;0;1;1;1;A01
200900029247;0;10;0;0;2;1;2;B01
200900029247;0;7;0;0;2;4;2;C01
200900029247;0;10;0;0;2;1;2;A01
200900029248;0;7;0;0;1;0;4;A01
200900029249;0;7;0;0;1;3;15;A01
200900029250;0;10;0;0;9;3;23;A01
200900029250;0;1;0;1;0;1;17;B01
200900029251;0;31;0;0;1;1;1;A01
200900029252;0;7;0;0;1;3;23;A01
200900029253;0;37;0;0;1;7;16;A01
200900029254;0;7;0;0;1;4;4;A01
200900029255;0;7;0;0;0;7;9;A01
200900029255;0;7;0;0;2;1;1;B01
200900029256;0;7;0;0;2;3;0;A01
200900029256;1;15;0;;2;;12;B02
200900029257;0;7;0;0;2;1;13;A01
200900029257;0;15;0;0;2;3;1;B02
200900029258;0;7;0;0;0;4;1;B01
200900029258;0;7;0;0;0;1;2;A01
200900029259;0;1;0;0;2;5;1;B01
200900029259;0;7;0;0;2;1;9;A01
200900029260;0;7;0;0;1;0;15;A01
200900029261;0;7;0;0;2;1;2;B01
200900029261;0;7;0;0;2;3;2;A01
200900029262;0;7;0;0;2;1;15;A01
200900029262;0;7;0;0;2;1;1;B01
200900029263;0;7;0;3;2;3;2;B01
200900029263;0;7;0;14;9;1;2;A01
200900029264;0;7;0;1;2;8;1;B01
200900029264;0;7;0;0;2;2;14;A01
200900029265;0;7;0;0;1;1;1;A01
200900029266;0;17;0;0;0;4;0;B02
200900029266;0;10;0;0;2;1;1;A01
200900029267;0;1;0;0;1;0;0;A01
200900029268;0;7;0;0;1;2;0;A01
200900029269;0;7;0;0;1;2;1;A01
200900029270;0;7;0;0;2;3;1;A01
200900029270;0;30;0;0;2;1;11;B02
200900029270;0;7;0;0;2;4;15;C03
200900029271;0;33;0;0;2;1;18;B01
200900029271;0;1;0;0;2;1;15;A01
200900029272;0;7;0;0;1;8;2;A01
200900029273;0;7;0;0;2;8;15;A01
200900029273;0;30;0;0;2;1;1;B01
200900029274;0;7;0;8;0;1;13;A01
200900029275;0;7;0;0;1;1;1;A01
200900029276;0;7;0;0;0;0;15;A01
200900029276;0;32;0;0;2;7;15;B01
200900029277;0;7;0;0;2;1;2;A01
200900029277;0;7;0;0;2;4;2;B01
200900029278;0;7;0;0;1;1;1;A01
200900029279;0;7;0;0;1;1;15;A01
200900029280;0;7;0;0;2;0;2;B01
200900029280;0;33;0;0;2;1;2;A01
200900029280;0;7;0;0;2;4;1;C01
200900029281;0;33;0;0;2;1;0;A01
200900029281;0;7;0;0;0;4;2;B01
200900029282;0;30;0;0;2;2;1;A01
200900029282;0;7;0;0;2;1;19;B02
200900029283;0;1;0;0;2;0;1;B01
200900029283;0;13;0;0;9;2;21;A01
200900029284;0;7;0;0;1;1;1;A01
200900029285;0;1;0;0;2;1;0;B01
200900029285;0;7;0;0;9;3;15;A01
200900029286;0;33;0;0;2;1;12;A01
200900029286;0;7;0;0;0;5;14;B01
200900029287;0;33;0;1;1;0;1;A01
200900029288;0;7;0;4;2;8;0;A01
200900029288;0;7;0;0;2;8;1;B01
200900029289;0;32;0;0;2;2;1;B01
200900029289;0;7;0;0;2;8;11;A01
200900029290;0;2;0;0;0;0;1;A01
200900029291;0;7;0;9;0;1;13;A01
200900029292;0;7;0;0;1;3;1;A01
200900029293;0;7;0;0;2;1;1;B02
200900029293;0;7;0;0;2;7;15;A01
200900029293;0;7;0;0;2;8;23;C03
200900029294;0;33;0;0;0;1;1;B01
200900029294;0;7;0;0;0;3;15;A01
200900029295;0;3;0;2;0;9;2;A01
200900029296;0;7;0;0;2;3;1;A01
200900029296;0;33;0;0;2;2;1;B01
200900029297;0;7;0;0;2;1;2;A01
200900029297;0;7;0;0;0;4;2;B01
200900029298;0;33;0;12;0;1;1;A01
200900029298;0;7;0;0;0;0;23;B01
200900029299;0;33;0;0;2;3;17;A01
200900029299;0;7;0;0;0;3;1;B01
200900029300;0;7;0;0;0;1;1;A01
200900029300;0;7;0;0;0;3;15;B02
200900029301;0;7;0;0;2;4;2;B01
200900029301;0;7;0;0;0;4;1;C01
200900029301;0;7;0;0;2;1;2;A01
200900029302;0;33;0;1;0;1;1;A01
200900029303;0;7;0;0;2;4;1;B01
200900029303;0;7;0;0;2;1;2;A01
200900029304;0;17;0;0;2;2;12;A01
200900029304;0;7;0;0;0;6;1;B01
200900029305;0;7;0;14;1;5;0;A01
200900029306;0;7;0;0;1;1;1;A01
200900029307;0;7;0;8;2;3;1;B01
200900029307;0;7;0;0;2;2;15;A01
200900029308;0;7;0;2;0;8;1;A01
200900029309;0;7;0;0;2;3;1;B01
200900029309;0;7;0;1;2;1;1;A01
200900029310;0;7;0;0;2;2;1;A01
200900029310;0;7;0;0;2;3;2;B01
200900029311;0;7;0;0;2;3;1;B01
200900029311;0;7;0;9;2;1;1;A01
200900029312;0;1;0;0;2;8;1;B01
200900029312;0;7;0;0;2;2;16;A01
200900029313;0;7;0;0;2;8;16;A01
200900029313;0;7;0;0;2;1;1;B01
200900029314;0;7;0;0;2;1;1;B01
200900029314;0;1;0;0;2;0;1;A01
200900029315;0;1;0;0;1;1;1;A01
200900029316;0;7;0;0;2;1;1;B01
200900029316;0;30;0;0;2;1;1;A01
200900029317;0;30;0;0;2;1;1;A01
200900029317;0;7;0;0;2;5;1;B01
200900029318;0;10;0;0;0;4;1;B01
200900029318;0;33;0;0;2;3;2;A01
200900029319;0;7;0;0;2;1;2;A01
200900029319;0;10;0;0;2;4;1;B01
200900029320;0;7;0;3;0;3;14;A01
200900029321;0;7;0;0;1;1;1;A01
200900029322;0;7;0;0;2;8;15;A01
200900029322;0;33;0;0;2;7;17;B02
200900029323;0;7;0;4;0;2;9;A01
200900029324;0;2;0;0;0;0;1;A01
200900029325;0;7;0;8;0;1;1;A01
200900029326;0;7;0;13;0;2;1;A01
200900029327;0;7;0;12;0;1;15;A01
200900029328;0;7;0;0;1;1;16;A01
200900029329;0;7;0;14;0;1;1;A01
200900029330;0;10;0;0;1;1;1;A01
200900029331;0;1;0;0;2;1;2;B01
200900029331;1;7;0;0;9;4;2;A01
200900029332;0;2;0;0;2;8;1;A01
200900029332;1;7;0;0;0;0;0;B01
200900029333;0;7;0;0;1;3;1;A01
200900029334;0;10;0;0;2;2;1;B02
200900029334;0;7;0;8;0;2;13;A01
200900029335;0;7;0;0;0;6;2;B01
200900029335;0;7;0;0;2;6;2;A01
200900029336;1;31;0;0;1;1;0;A01
200900029337;0;32;0;0;1;1;1;A01
200900029337;0;7;0;0;0;3;1;B01
200900029338;0;10;0;0;1;5;20;A01
200900029339;0;7;0;0;2;4;10;B01
200900029339;0;7;0;0;2;1;1;A01
200900029340;0;7;0;0;2;3;1;C01
200900029340;0;2;0;0;2;1;1;B01
200900029340;0;7;0;0;2;2;10;A01
200900029341;0;2;0;0;2;1;1;B01
200900029341;0;7;0;0;2;3;9;A01
200900029342;0;33;0;0;2;1;1;C01
200900029342;0;33;0;0;2;1;15;A01
200900029342;0;7;0;0;2;1;1;B01
200900029343;0;14;0;0;1;3;0;A01
200900029344;0;10;0;8;0;9;1;A01
200900029345;0;7;0;0;2;8;1;A01
200900029345;0;7;0;0;2;1;1;B01
200900029346;1;7;0;0;1;1;15;A01
200900029347;0;7;0;0;9;2;15;A01
200900029347;0;1;0;0;2;1;1;B01
200900029348;0;37;0;0;2;2;1;A01
200900029348;0;7;0;0;9;3;0;B01
200900029349;0;7;0;0;1;1;1;A01
200900029350;0;7;0;0;2;2;1;A01
200900029350;0;10;0;0;2;3;1;B01
200900029351;0;7;0;0;2;1;1;A01
200900029351;0;37;0;0;2;4;1;C01
200900029351;0;7;0;0;0;4;1;B01
200900029352;0;7;0;0;0;4;23;B01
200900029352;0;14;0;0;2;1;2;A01
200900029353;0;7;0;0;2;8;1;A01
200900029353;0;7;0;0;2;1;1;B01
200900029354;0;30;0;0;1;1;1;A01
200900029355;0;2;0;0;2;1;1;B01
200900029355;0;7;0;0;2;2;1;A01
200900029356;0;17;0;0;2;2;14;B01
200900029356;0;7;0;0;2;8;12;A01
200900029357;0;30;0;0;2;1;1;A01
200900029357;0;7;0;0;2;5;16;B01
200900029358;0;17;0;0;0;8;12;A01
200900029358;0;7;0;0;0;8;1;B01
200900029359;0;7;0;4;2;6;1;B01
200900029359;0;15;0;0;2;2;12;A01
200900029360;0;7;0;4;0;1;1;A01
200900029361;0;34;0;0;0;7;1;A01
200900029362;0;7;0;0;1;2;15;A01
200900029363;0;7;0;0;1;0;21;A01
200900029364;0;7;0;13;0;1;1;A01
200900029365;0;7;0;0;1;1;1;A01
200900029366;0;38;0;15;0;3;9;A01
200900029367;0;33;0;0;2;1;1;B02
200900029367;0;7;0;0;2;5;15;A01
200900029368;0;15;0;12;0;3;1;A01
200900029368;0;7;0;0;2;1;13;B02
200900029369;0;2;0;0;2;;0;B02
200900029369;0;14;0;0;9;;16;A01
200900029370;0;7;0;3;0;9;1;A01
200900029371;0;7;0;0;2;1;13;A01
200900029371;0;7;0;0;2;1;1;B01
200900029372;0;7;0;0;2;1;2;A01
200900029372;0;7;0;0;2;4;23;C01
200900029372;0;7;0;0;2;4;23;B01
200900029373;0;7;0;0;1;1;1;A01
200900029374;0;7;0;0;9;7;16;A01
200900029374;0;1;0;0;2;3;1;B01
200900029375;0;7;0;0;2;2;14;A01
200900029375;0;7;0;0;2;1;23;B01
200900029376;0;7;0;0;2;1;1;A01
200900029376;0;7;0;0;0;4;23;C01
200900029376;0;7;0;0;2;4;23;B01
200900029377;1;7;0;0;1;1;1;A01
200900029378;0;2;0;0;2;1;17;A01
200900029378;0;7;0;0;2;8;15;B01
200900029379;0;7;0;0;2;1;1;B01
200900029379;0;7;0;0;2;1;13;A01
200900029380;0;7;0;0;2;1;1;B01
200900029380;0;7;0;0;2;7;1;A01
200900029381;0;7;0;0;0;5;15;A01
200900029381;0;31;0;0;0;1;1;B01
200900029382;0;1;0;0;0;7;1;B01
200900029382;0;7;0;0;0;8;15;A01
200900029383;0;7;0;0;2;8;10;A01
200900029383;0;30;0;0;2;1;1;B01
200900029384;0;7;0;9;0;1;19;A01
200900029385;0;7;0;0;2;7;1;B01
200900029385;0;7;0;0;2;1;9;A01
200900029386;0;10;0;0;2;3;15;A01
200900029386;0;30;0;0;2;1;17;B01
200900029387;0;7;0;0;2;1;1;A01
200900029387;0;7;0;0;2;4;23;B01
200900029388;0;2;0;0;2;1;9;A01
200900029388;0;2;0;0;2;7;1;B01
200900029389;0;33;0;0;2;1;13;A01
200900029389;0;10;0;0;2;8;15;B02
200900029390;0;30;0;0;2;1;1;B01
200900029390;0;7;0;0;2;0;15;A01
200900029391;0;7;0;0;2;3;9;A01
200900029391;0;30;0;0;2;1;1;B01
200900029392;0;7;0;0;2;7;9;A01
200900029392;0;33;0;0;2;9;18;C01
200900029392;0;7;0;0;2;2;1;B01
200900029393;0;7;0;0;2;2;9;A01
200900029393;0;1;0;0;2;4;1;B01
200900029394;0;7;0;2;0;1;13;A01
200900029395;0;7;0;0;2;1;15;A01
200900029395;0;2;0;0;2;3;1;B01
200900029396;0;7;0;0;2;7;15;A01
200900029396;0;33;0;0;2;1;1;B01
200900029397;0;7;0;10;0;2;1;A01
200900029398;0;7;0;0;2;1;9;A01
200900029398;0;30;0;0;2;2;1;B01
200900029399;0;7;0;0;1;1;15;A01
200900029400;0;7;0;2;0;2;1;A01
200900029401;0;33;0;0;2;7;17;A01
200900029401;0;7;0;0;2;3;11;B02
200900029402;0;7;0;0;0;1;1;B02
200900029402;0;32;0;0;0;1;1;A01
200900029403;0;7;0;4;2;8;15;A01
200900029403;0;33;0;1;2;9;1;B01
200900029404;0;7;0;0;2;3;1;B01
200900029404;0;7;0;0;2;1;9;A01
200900029405;0;30;0;13;0;1;14;A01
200900029406;0;7;0;0;2;9;1;B01
200900029406;0;7;0;0;2;1;1;A01
200900029407;0;17;0;0;2;2;17;A01
200900029407;0;21;0;0;2;6;1;B02
200900029408;0;34;0;0;1;1;1;A01
200900029409;0;7;0;0;2;4;1;B01
200900029409;0;30;0;0;2;1;1;A01
200900029410;0;2;0;3;0;1;1;A01
200900029411;0;7;0;0;1;1;1;A01
200900029412;0;7;0;0;1;1;1;A01
200900029413;0;7;0;0;1;1;1;A01
200900029414;0;33;0;0;2;1;17;B01
200900029414;0;7;0;0;2;8;15;A01
200900029415;0;7;0;0;2;3;15;A01
200900029415;0;32;0;0;2;2;17;B02
200900029416;0;33;0;0;1;8;1;A01
200900029417;0;30;0;7;0;1;1;A01
200900029418;0;7;0;0;0;9;14;A01
200900029419;0;7;0;0;2;5;1;A01
200900029419;0;2;0;0;2;3;1;B02
200900029420;0;7;0;0;2;2;16;A01
200900029420;0;30;0;0;2;1;1;B01
200900029421;0;2;0;0;2;1;1;B01
200900029421;0;7;0;0;2;6;9;A01
200900029422;0;7;0;0;2;3;9;A01
200900029422;0;32;0;0;2;1;1;B01
200900029423;0;33;0;0;2;1;1;B02
200900029423;0;7;0;0;2;2;15;A01
200900029424;0;30;0;0;2;1;1;B01
200900029424;0;7;0;0;2;1;15;A01
200900029425;0;7;0;0;2;3;9;A01
200900029425;0;1;0;0;2;7;1;B01
200900029426;0;33;0;0;0;8;1;A01
200900029427;0;7;0;0;2;8;15;A01
200900029427;0;30;0;0;2;1;17;B01
200900029428;0;7;0;0;1;4;0;A01
200900029429;0;7;0;0;2;2;2;A01
200900029429;0;7;0;0;0;4;2;B02
200900029430;0;7;0;0;2;5;15;B02
200900029430;0;33;0;0;2;1;21;A01
200900029431;0;7;0;0;1;1;15;A01
200900029432;0;33;0;0;5;0;1;A01
200900029433;0;7;0;0;1;0;1;A01
200900029434;0;7;0;0;2;1;1;B01
200900029434;0;7;0;0;2;4;10;A01
200900029435;0;33;0;0;2;1;1;B01
200900029435;0;1;0;0;2;8;1;A01
200900029436;0;7;0;0;2;8;10;A01
200900029436;0;31;0;0;2;1;1;B01
200900029437;0;31;0;0;2;1;1;B01
200900029437;0;7;0;0;2;7;15;A01
200900029438;0;7;0;0;2;3;15;A01
200900029438;0;30;0;0;2;1;17;B01
200900029439;0;7;0;0;2;3;0;A01
200900029439;0;7;0;0;2;2;1;B01
200900029440;0;30;0;0;2;1;17;B01
200900029440;0;7;0;0;2;7;9;A01
200900029441;0;30;0;14;0;1;1;A01
200900029442;0;7;0;0;2;7;23;C01
200900029442;0;10;0;0;2;8;22;A01
200900029442;0;30;0;0;2;1;3;B01
200900029443;0;14;0;4;0;2;1;A01
200900029444;0;32;0;0;2;1;13;A01
200900029444;0;7;0;0;2;3;1;B01
200900029445;0;7;0;0;2;3;15;A01
200900029445;0;7;0;0;2;7;1;B01
200900029446;0;7;0;0;2;3;1;B01
200900029446;0;30;0;0;2;2;9;A01
200900029447;0;7;0;8;0;3;1;A01
200900029448;0;33;0;6;2;1;17;A01
200900029448;0;7;0;0;2;3;15;B01
200900029449;0;7;0;0;0;0;13;A01
200900029449;0;33;0;0;0;0;2;B01
200900029450;0;7;0;0;1;1;1;A01
200900029451;0;7;0;0;2;3;1;B01
200900029451;0;30;0;0;2;1;1;A01
200900029452;0;7;0;1;9;1;17;A01
200900029452;0;10;0;0;2;6;24;B01
200900029453;0;30;0;0;2;1;2;A01
200900029453;0;10;0;0;2;6;2;B01
200900029454;0;7;0;0;9;2;15;A01
200900029454;0;33;0;0;2;1;1;B01
200900029455;0;7;0;0;2;4;2;B01
200900029455;0;7;0;0;2;1;2;A01
200900029456;0;7;0;0;1;4;20;A01
200900029457;0;30;0;0;1;1;1;A01
200900029458;0;2;0;0;2;1;13;A01
200900029458;0;2;0;0;2;1;1;B01
200900029458;0;30;0;0;2;2;17;C01
200900029459;0;7;0;0;0;4;0;C01
200900029459;0;30;0;0;2;4;1;B01
200900029459;0;7;0;0;2;1;0;A01
200900029460;0;7;0;0;9;3;15;A01
200900029460;0;2;0;0;2;7;17;B01
200900029461;0;1;0;0;2;2;1;B01
200900029461;0;7;0;0;9;3;9;A01
200900029462;0;33;0;0;1;1;17;A01
200900029463;0;2;0;0;1;1;1;A01
200900029464;0;7;0;0;2;4;23;B01
200900029464;0;7;0;0;2;1;1;A01
200900029465;0;2;0;0;2;1;9;A01
200900029465;0;7;0;0;2;7;1;B01
200900029466;0;7;0;0;2;3;13;A01
200900029466;0;7;0;0;2;1;1;B02
200900029467;0;33;0;0;1;1;1;A01
200900029468;0;7;0;0;2;2;16;A01
200900029468;0;1;0;0;2;1;1;B01
200900029469;0;30;0;0;0;0;0;A01
200900029470;0;7;0;0;2;4;2;B01
200900029470;0;7;0;0;2;1;2;A01
200900029471;0;7;0;0;2;2;13;A01
200900029471;0;7;0;0;2;2;21;B02
200900029472;0;33;0;0;2;1;1;B01
200900029472;0;7;0;0;9;3;16;A01
200900029473;0;7;0;0;2;7;22;A01
200900029473;0;1;0;1;2;1;1;B01
200900029474;0;7;0;13;0;3;1;A01
200900029475;0;1;0;0;2;1;1;A01
200900029475;0;7;0;0;0;4;0;B01
200900029476;1;7;0;0;9;1;1;A01
200900029476;0;1;0;0;0;4;1;B01
200900029477;0;7;0;0;2;4;2;B01
200900029477;0;30;0;0;2;1;2;A01
200900029478;0;14;0;0;1;2;1;A01
200900029479;0;7;0;1;0;2;1;A01
200900029480;0;7;0;0;2;1;13;A01
200900029480;0;7;0;0;2;1;1;B01
200900029481;0;30;0;0;2;1;1;B01
200900029481;0;7;0;0;2;7;16;A01
200900029482;0;30;0;0;2;1;2;A01
200900029482;0;7;0;0;2;4;1;B01
200900029483;0;7;0;8;0;1;1;A01
200900029484;0;14;0;2;0;1;14;A01
200900029485;0;2;0;0;2;1;17;B01
200900029485;0;7;0;0;2;2;15;A01
200900029486;0;30;0;0;2;1;1;B01
200900029486;0;7;0;0;2;7;15;A01
200900029487;0;7;0;0;2;3;1;B01
200900029487;1;7;0;0;2;3;16;A01
200900029488;0;13;0;0;2;3;15;A01
200900029488;0;7;0;0;2;1;1;B01
200900029489;0;7;0;0;2;1;1;C03
200900029489;0;14;0;0;2;3;1;B02
200900029489;0;7;0;0;2;6;1;A01
200900029490;0;7;0;0;2;0;9;A01
200900029490;0;30;0;0;2;1;1;B01
200900029491;0;33;0;0;0;1;1;A01
200900029492;0;7;0;13;0;3;13;A01
200900029493;0;7;0;0;2;2;13;A01
200900029493;0;7;0;0;2;1;1;B01
200900029494;0;33;0;0;0;0;1;A01
200900029495;0;7;0;0;1;1;1;A01
200900029496;0;30;0;0;2;1;1;A01
200900029497;0;1;0;0;2;8;9;A01
200900029497;0;7;0;0;9;1;1;B01
200900029498;0;31;0;13;0;1;1;A01
200900029499;0;7;0;13;0;7;13;A01
200900029499;0;7;0;0;2;1;1;B02
200900029500;0;33;0;0;2;1;1;B02
200900029500;0;7;0;0;0;6;19;A01
200900029501;0;7;0;0;2;4;1;A01
200900029501;0;1;0;0;2;1;1;B01
200900029502;0;7;0;0;2;3;1;B01
200900029502;0;30;0;0;2;2;17;A01
200900029503;0;7;0;0;2;1;15;A01
200900029503;0;32;0;0;2;8;2;B01
200900029504;0;7;0;6;0;3;1;A01
200900029505;0;7;0;8;0;1;1;A01
200900029506;0;7;0;0;2;1;15;A01
200900029506;0;30;0;0;2;8;1;B01
200900029507;0;7;0;0;2;3;13;A01
200900029507;0;7;0;0;2;3;2;B01
200900029508;0;7;0;0;2;1;1;B01
200900029508;0;7;0;0;2;8;9;A01
200900029509;1;35;0;0;2;1;1;A01
200900029509;0;7;0;0;2;3;1;B01
200900029510;0;7;0;0;2;7;15;A01
200900029510;0;7;0;0;2;1;1;B01
200900029511;0;7;0;0;2;2;15;A01
200900029511;0;10;0;0;2;1;5;C01
200900029511;0;10;0;0;2;2;1;D01
200900029511;0;33;0;0;2;1;1;B01
200900029512;0;7;0;0;2;3;1;B01
200900029512;0;2;0;0;2;1;19;A01
200900029513;0;7;0;0;1;2;21;A01
200900029514;1;7;0;0;1;1;1;A01
200900029515;0;2;0;0;2;1;1;B01
200900029515;1;7;0;0;2;0;1;A01
200900029516;0;31;0;0;0;8;1;B01
200900029516;0;7;0;0;0;0;12;A01
200900029517;0;7;0;0;2;7;16;A01
200900029517;0;30;0;0;2;1;1;B01
200900029518;0;7;0;0;0;4;1;B01
200900029518;0;33;0;0;2;1;0;A01
200900029519;0;1;0;0;2;1;1;B01
200900029519;0;7;0;0;2;8;9;A01
200900029520;0;2;0;0;0;1;1;A01
200900029521;0;7;0;0;0;4;1;C03
200900029521;0;7;0;0;2;4;1;B02
200900029521;0;7;0;0;2;1;1;A01
200900029522;0;15;0;0;2;1;1;A01
200900029522;0;10;0;0;0;4;12;B02
200900029523;0;33;0;0;2;1;19;A01
200900029523;0;7;0;0;2;8;23;B01
200900029524;0;7;0;4;2;9;1;A01
200900029524;0;7;0;0;1;4;1;B01
200900029525;0;1;0;0;2;8;13;A01
200900029525;0;37;10;0;2;5;17;B01
200900029526;0;33;0;0;0;1;1;A01
200900029527;0;7;0;0;2;8;6;B01
200900029527;0;2;0;0;2;1;17;A01
200900029528;0;7;0;0;2;0;1;D01
200900029528;0;7;0;0;2;1;1;C01
200900029528;0;7;0;0;2;1;1;A01
200900029528;0;7;0;0;2;6;1;B01
200900029529;0;7;0;0;1;1;15;A01
200900029530;0;7;0;0;2;3;1;A01
200900029530;0;1;0;0;2;1;13;B01
200900029531;0;7;0;0;2;1;1;B01
200900029531;0;30;0;0;2;1;5;A01
200900029532;0;7;0;0;2;4;1;C01
200900029532;0;7;0;0;2;4;1;B01
200900029532;0;14;0;0;2;1;1;A01
200900029532;0;7;0;0;2;4;1;D01
200900029533;0;7;0;0;0;0;0;A01
200900029534;0;7;0;0;0;1;5;A01
200900029534;0;1;0;0;0;1;1;B02
200900029535;0;99;0;2;0;1;0;A01
200900029536;0;7;0;0;9;6;24;A01
200900029536;0;1;0;1;0;1;1;B02
200900029537;0;7;0;1;0;2;1;B02
200900029537;0;7;0;0;0;6;23;A01
200900029538;0;7;0;0;1;2;1;A01
200900029539;0;33;0;0;2;1;2;A01
200900029539;0;7;0;0;0;4;9;B02
200900029540;0;7;0;2;0;2;17;A01
200900029541;0;1;0;0;2;1;1;C03
200900029541;0;1;0;0;9;1;1;A01
200900029541;0;1;0;0;2;4;1;B02
200900029542;0;2;0;2;0;1;1;A01
200900029543;0;33;0;0;2;1;18;A01
200900029543;0;7;0;0;2;2;16;B02
200900029544;0;33;0;14;0;7;1;A01
200900029545;0;33;0;0;2;7;17;B02
200900029545;0;7;0;0;2;3;10;A01
200900029546;0;7;0;0;2;2;1;A01
200900029546;0;7;0;0;2;7;16;B02
200900029547;0;33;0;14;0;1;17;A01
200900029548;0;7;0;0;1;7;1;A01
200900029549;0;7;0;0;2;1;1;A01
200900029549;0;7;0;0;2;1;13;B02
200900029550;0;7;0;0;2;3;15;B01
200900029550;0;33;0;0;2;1;13;A01
200900029551;0;1;0;0;2;1;1;A01
200900029551;0;7;0;0;2;2;15;B02
200900029552;0;7;0;0;0;0;0;A01
200900029553;0;10;0;16;0;0;17;A01
200900029554;0;10;0;0;1;2;0;A01
200900029555;0;33;0;2;2;9;0;A01
200900029555;0;7;0;0;2;8;1;B01
200900029556;0;1;0;0;2;1;1;A01
200900029556;0;7;0;0;2;4;1;B01
200900029557;0;7;0;0;2;4;1;B01
200900029557;0;7;0;0;2;1;1;A01
200900029558;0;7;0;0;2;1;1;A01
200900029558;0;7;0;0;2;1;1;B01
200900029559;0;7;0;0;2;1;1;B01
200900029559;0;1;0;0;2;8;1;A01
200900029560;0;7;0;0;1;7;1;A01
200900029561;0;30;0;0;2;1;1;A01
200900029561;0;7;0;0;2;4;23;B01
200900029562;0;7;0;0;2;1;15;A01
200900029562;0;30;0;0;2;1;19;B01
200900029563;0;7;0;0;2;1;1;B01
200900029563;0;7;0;0;2;3;19;A01
200900029564;0;14;0;0;2;1;15;A01
200900029564;0;33;0;0;2;1;21;B01
200900029564;0;7;0;0;2;1;2;C01
200900029565;0;7;0;0;2;8;19;A01
200900029565;0;7;0;0;2;1;1;B01
200900029565;0;10;0;0;2;1;1;C01
200900029566;0;10;0;0;2;4;1;B01
200900029566;0;33;0;0;2;1;1;A01
200900029567;0;7;0;0;1;2;1;A01
200900029568;1;2;0;0;2;1;1;A01
200900029568;0;7;0;0;2;2;16;B01
200900029569;0;10;0;0;2;1;1;C03