num_acc;senc;catv;occutc;obs;obsm;choc;manv;num_veh
200900029569;0;7;0;0;2;1;0;B02
200900029569;0;7;0;0;2;4;0;A01
200900029570;0;1;0;0;2;4;2;A01
200900029570;0;13;0;0;2;1;2;B02
200900029571;0;7;0;0;2;3;1;B02
200900029571;0;1;0;0;2;1;1;A01
200900029572;1;7;0;0;2;3;15;A01
200900029573;0;30;0;0;2;1;1;A01
200900029573;0;30;0;0;2;1;15;B02
200900029574;0;7;0;6;0;1;1;A01
200900029575;0;2;0;0;0;1;1;A01
200900029576;0;7;0;0;1;2;1;A01
200900029577;0;7;0;0;2;1;1;A01
200900029577;0;7;0;0;2;1;1;C03
200900029577;0;7;0;0;2;4;2;B02
200900029578;0;1;0;0;2;8;1;B02
200900029578;0;7;0;0;9;1;15;A01
200900029579;0;2;0;0;2;1;1;A01
200900029579;0;10;0;0;2;1;1;B02
200900029580;0;7;0;0;2;1;15;B02
200900029580;0;33;0;0;2;7;1;A01
200900029581;0;10;0;0;2;1;13;A01
200900029581;0;10;0;0;2;1;1;B02
200900029582;0;7;0;0;0;2;0;B02
200900029582;0;7;0;0;0;6;9;C03
200900029582;0;7;0;7;2;1;21;A01
200900029583;0;7;0;0;2;2;13;A01
200900029583;0;2;0;0;2;8;15;B02
200900029584;0;7;0;2;0;1;14;A01
200900029585;0;7;0;0;2;3;1;A01
200900029585;0;7;0;15;2;3;1;B02
200900029586;0;1;0;0;2;6;0;B02
200900029586;0;7;0;0;9;2;0;A01
200900029587;0;7;0;6;0;8;13;A01
200900029588;0;14;0;0;2;7;15;B02
200900029588;0;33;0;0;2;1;1;A01
200900029589;0;7;0;0;2;3;15;A01
200900029589;0;2;0;0;2;1;1;B02
200900029590;0;7;0;8;0;7;1;A01
200900029591;0;10;0;0;1;1;1;A01
200900029592;0;7;0;9;0;1;1;A01
200900029593;0;7;0;0;0;4;15;A01
200900029593;0;7;0;0;2;1;1;E05
200900029593;0;7;0;0;2;9;1;D04
200900029593;0;7;0;0;2;9;1;B02
200900029593;0;7;0;0;2;9;1;C03
200900029594;0;33;0;2;0;1;1;A01
200900029595;0;33;0;0;2;1;1;A01
200900029596;0;31;0;0;1;1;21;A01
200900029597;0;3;0;0;0;8;10;A01
200900029597;0;33;0;0;2;1;1;B02
200900029598;0;1;0;13;0;1;1;A01
200900029599;0;7;0;0;2;3;1;B02
200900029599;0;33;0;0;2;1;1;A01
200900029600;0;7;0;0;2;1;5;A01
200900029600;0;38;0;0;2;1;1;B02
200900029601;0;7;0;0;1;2;1;A01
200900029602;0;1;0;0;0;0;1;A01
200900029603;0;33;0;0;1;1;1;A01
200900029604;0;7;0;0;2;4;1;B01
200900029604;0;7;0;0;2;1;0;A01
200900029605;1;7;0;0;1;1;1;A01
200900029606;0;7;0;0;1;5;4;A01
200900029607;0;7;0;0;2;8;10;A01
200900029607;0;30;0;0;2;1;17;B01
200900029608;0;7;0;0;2;1;1;A01
200900029608;0;7;0;0;2;4;15;B01
200900029609;0;7;0;0;2;7;12;A01
200900029609;0;7;0;0;2;7;12;C01
200900029609;0;7;0;0;2;3;16;B01
200900029610;0;1;0;0;2;1;0;B01
200900029610;0;7;0;0;1;0;1;A01
200900029611;0;33;0;0;0;0;0;A01
200900029612;0;7;0;0;2;4;20;B01
200900029612;0;2;0;0;2;1;1;A01
200900029613;0;7;0;0;2;4;1;C01
200900029613;0;7;0;0;2;4;1;B01
200900029613;0;7;0;0;2;1;1;A01
200900029614;0;7;0;0;2;1;9;A01
200900029614;0;1;0;0;2;7;1;B02
200900029615;0;31;0;0;2;1;1;B01
200900029615;0;7;0;0;2;4;15;A01
200900029616;0;7;0;0;1;1;1;A01
200900029617;0;30;0;0;2;1;6;B01
200900029617;0;7;0;0;2;1;1;A01
200900029618;0;2;0;0;2;1;1;A01
200900029618;0;7;0;0;2;4;15;B01
200900029619;0;1;0;0;2;1;1;B01
200900029619;0;7;0;0;2;1;15;A01
200900029620;0;31;0;0;2;1;1;A01
200900029620;0;7;0;0;2;7;19;B01
200900029621;2;7;0;0;2;1;0;A01
200900029621;0;7;0;0;2;8;19;B01
200900029622;0;7;0;0;2;4;1;B01
200900029622;0;7;0;0;2;1;1;A01
200900029623;0;7;0;8;0;8;1;A01
200900029624;0;33;0;0;2;0;0;A01
200900029624;0;7;0;0;2;8;0;B01
200900029625;0;7;0;0;2;1;1;B01
200900029625;2;7;0;0;2;1;15;A01
200900029626;0;33;0;0;2;1;1;A01
200900029626;0;7;0;0;2;4;23;B01
200900029627;0;17;0;0;2;1;1;A01
200900029627;0;7;0;0;2;4;1;B01
200900029628;0;7;0;13;0;1;1;A01
200900029629;0;7;0;0;2;7;16;A01
200900029629;0;1;0;0;2;1;1;B01
200900029630;0;7;0;0;2;4;0;B01
200900029630;0;17;0;0;2;1;0;A01
200900029631;0;7;0;0;2;4;0;B01
200900029631;0;7;0;0;2;4;2;A01
200900029632;0;7;0;0;2;2;13;A01
200900029632;0;7;0;0;2;1;1;B02
200900029633;0;7;0;2;0;1;13;A01
200900029634;0;33;0;12;0;1;1;A01
200900029635;0;7;0;3;0;3;1;A01
200900029636;0;7;0;2;0;8;17;A01
200900029637;0;1;0;0;2;1;1;A01
200900029637;0;7;0;0;2;1;1;B02
200900029638;0;7;0;0;2;2;9;B02
200900029638;0;33;0;0;2;7;1;A01
200900029639;0;7;0;8;0;1;0;A01
200900029640;0;33;0;0;2;2;13;A01
200900029640;0;33;0;0;2;1;2;C03
200900029640;0;7;0;0;2;7;2;B02
200900029641;0;2;0;15;0;1;1;A01
200900029642;0;7;0;14;0;2;1;C03
200900029642;0;7;0;0;2;3;1;B02
200900029642;0;7;0;0;2;3;13;A01
200900029643;0;10;0;6;0;1;1;A01
200900029644;0;7;0;0;2;3;1;B02
200900029644;0;7;0;0;2;1;1;C03
200900029644;0;7;0;0;2;2;0;A01
200900029645;0;1;0;13;0;1;1;A01
200900029646;0;32;0;2;0;1;1;A01
200900029647;0;7;0;0;1;3;1;A01
200900029648;0;1;0;0;2;1;1;B01
200900029648;0;13;0;0;2;2;15;A01
200900029649;0;7;0;4;0;6;2;B02
200900029649;0;17;0;0;2;2;9;A01
200900029650;0;7;0;0;2;3;0;B02
200900029650;0;33;0;0;2;8;17;A01
200900029651;0;7;0;0;2;1;13;A01
200900029651;0;37;1;0;2;3;1;B01
200900029652;0;7;0;0;1;1;1;A01
200900029653;0;7;0;0;2;1;2;A01
200900029653;0;7;0;0;2;4;1;B01
200900029654;0;7;0;0;2;6;24;B01
200900029654;0;7;0;0;2;1;14;A01
200900029655;0;2;0;0;2;1;1;A01
200900029655;0;7;0;0;2;3;1;B01
200900029656;0;7;0;0;1;1;1;A01
200900029657;0;7;0;1;0;3;20;A01
200900029658;0;7;0;15;0;2;13;A01
200900029659;0;2;0;0;2;1;0;A01
200900029659;0;7;0;0;2;8;15;B01
200900029660;0;7;0;0;2;4;23;B01
200900029660;0;7;0;0;2;1;0;A01
200900029661;0;1;0;0;2;1;5;A01
200900029661;0;7;0;0;2;1;1;B01
200900029662;0;32;0;0;2;1;9;B01
200900029662;0;7;0;0;2;3;9;A01
200900029663;0;7;0;6;0;1;0;A01
200900029664;0;2;0;0;2;1;5;A01
200900029664;0;7;0;0;2;1;1;B01
200900029665;0;34;0;0;0;0;1;A01
200900029666;0;7;0;0;0;3;0;B01
200900029666;0;2;0;0;2;1;1;A01
200900029667;0;7;0;0;1;2;1;A01
200900029668;0;7;0;0;0;8;9;A01
200900029668;0;33;0;0;2;1;1;B01
200900029669;0;30;0;0;0;0;0;A01
200900029670;0;7;0;13;0;7;1;A01
200900029671;0;7;0;0;2;1;1;A01
200900029671;0;7;0;0;2;1;1;B02
200900029672;0;7;0;0;2;1;1;B02
200900029672;0;7;0;0;2;8;19;A01
200900029673;0;2;0;0;2;8;15;B02
200900029673;0;7;0;0;2;2;17;A01
200900029674;0;7;0;0;2;3;2;A01
200900029674;0;33;0;0;2;6;2;B02
200900029675;0;7;0;0;0;1;2;A01
200900029676;0;7;0;0;1;1;1;A01
200900029677;0;7;0;2;0;7;1;A01
200900029678;0;7;0;0;2;1;1;A01
200900029678;0;30;0;0;2;1;1;B02
200900029679;0;7;0;0;0;3;15;A01
200900029679;0;7;0;0;0;3;1;B02
200900029680;0;33;0;0;2;0;17;A01
200900029680;0;7;0;0;2;0;15;B02
200900029681;0;7;0;0;2;2;15;B02
200900029681;0;2;0;0;2;1;1;A01
200900029682;0;7;0;0;1;7;21;A01
200900029683;0;7;0;0;0;1;0;A01
200900029684;0;7;0;0;2;3;13;A01
200900029684;0;7;0;0;2;3;1;B02
200900029685;0;7;0;13;0;9;1;A01
200900029686;0;1;0;0;2;1;15;A01
200900029686;0;7;0;0;2;2;1;B02
200900029687;0;7;0;0;9;3;9;A01
200900029687;0;1;0;0;2;0;1;B02
200900029688;0;7;0;0;2;1;1;A01
200900029688;0;33;0;0;2;1;1;B02
200900029689;0;30;0;0;2;1;9;A01
200900029689;0;30;0;0;2;7;1;B01
200900029690;0;7;0;0;1;4;4;A01
200900029691;0;30;0;0;2;1;1;B01
200900029691;0;7;0;0;2;3;15;A01
200900029692;0;7;0;0;2;3;2;A01
200900029692;0;1;0;0;2;1;2;B01
200900029693;0;37;10;0;2;1;1;B01
200900029693;0;7;0;0;2;2;1;A01
200900029694;0;7;0;0;1;1;1;A01
200900029695;0;1;0;0;0;4;1;B01
200900029695;0;10;0;0;2;4;1;A01
200900029696;0;30;0;0;2;1;8;B01
200900029696;0;7;0;0;2;1;15;A01
200900029697;0;7;0;0;2;2;15;A01
200900029697;0;7;0;0;2;1;1;B01
200900029698;0;7;0;0;2;1;1;A01
200900029698;0;7;0;0;2;4;23;B01
200900029698;0;7;0;0;2;4;23;C01
200900029699;0;1;0;0;2;1;1;B01
200900029699;0;10;0;0;2;3;15;A01
200900029700;0;7;0;0;2;3;10;A01
200900029700;0;2;0;0;2;1;1;B01
200900029701;0;7;0;9;0;1;1;A01
200900029702;0;7;0;0;2;1;1;B01
200900029702;0;7;0;0;2;7;15;A01
200900029703;0;7;0;0;1;2;1;A01
200900029704;0;7;0;0;1;2;1;A01
200900029705;0;7;0;0;2;1;2;A01
200900029705;0;7;0;0;2;4;2;B01
200900029705;0;7;0;0;0;0;2;C01
200900029706;0;7;0;0;2;1;1;A01
200900029706;0;7;0;0;2;4;1;C03
200900029706;0;7;0;0;2;4;1;B02
200900029707;0;7;0;0;1;1;15;A01
200900029708;0;7;0;0;2;3;2;A01
200900029709;1;30;0;0;0;0;0;A01
200900029710;0;7;0;0;1;1;15;A01
200900029711;0;30;0;0;0;0;0;A01
200900029712;0;2;0;0;0;1;16;A01
200900029713;0;1;0;0;2;1;1;A01
200900029713;0;7;0;0;9;2;2;B01
200900029714;0;7;0;0;2;7;1;B01
200900029714;0;30;0;0;2;3;16;A01
200900029715;0;1;0;0;2;1;1;B01
200900029715;0;7;0;0;9;1;1;A01
200900029716;0;7;0;0;2;1;2;A01
200900029716;0;7;0;0;2;4;2;B01
200900029717;0;7;0;0;2;2;1;A01
200900029717;0;7;0;0;2;8;1;B01
200900029718;0;7;0;0;2;1;2;A01
200900029718;0;7;0;0;2;4;2;B01
200900029719;0;7;0;0;2;1;1;C01
200900029719;0;7;0;3;2;4;1;B01
200900029719;0;7;0;0;2;1;1;A01
200900029720;0;2;0;0;4;7;1;A01
200900029720;0;39;0;0;2;1;1;B02
200900029721;0;2;0;0;0;0;0;A01
200900029722;0;7;0;0;2;4;1;B01
200900029722;0;7;0;0;2;4;1;C01
200900029722;0;7;0;0;2;1;1;A01
200900029723;0;31;0;0;2;1;2;A01
200900029723;0;7;0;0;2;4;2;B01
200900029724;0;7;0;0;2;4;2;B01
200900029724;0;7;0;0;2;4;2;D01
200900029724;0;7;0;0;2;1;2;A01
200900029724;0;10;0;0;2;0;2;C01
200900029725;0;7;0;0;2;1;1;A01
200900029725;0;7;0;0;2;4;2;B01
200900029726;0;7;0;5;0;1;1;A01
200900029727;0;30;0;0;0;0;1;A01
200900029728;1;7;0;0;1;1;0;A01
200900029729;0;7;0;0;2;4;1;B01
200900029729;0;7;0;0;2;1;1;A01
200900029730;0;32;0;0;2;2;1;B01
200900029730;0;7;0;0;2;3;20;A01
200900029731;0;7;0;0;2;3;1;A01
200900029731;0;14;0;0;2;1;13;B02
200900029732;0;7;0;0;2;3;16;A01
200900029732;0;33;0;0;2;2;1;B01
200900029733;0;7;0;0;2;2;17;A01
200900029733;0;2;0;0;2;8;15;B02
200900029734;0;7;0;0;1;7;19;A01
200900029735;0;7;0;16;0;1;1;A01
200900029736;0;10;0;13;0;1;1;A01
200900029737;0;7;0;0;2;1;1;A01
200900029737;0;7;0;0;2;1;13;B02
200900029738;0;7;0;0;0;0;1;A01
200900029738;0;1;0;0;0;0;0;B02
200900029739;0;7;0;15;0;1;1;A01
200900029740;0;7;0;0;2;1;0;C03
200900029740;0;7;0;0;2;1;0;D04
200900029740;0;7;0;0;2;6;1;B02
200900029740;0;7;0;0;2;1;0;A01
200900029741;0;7;0;0;0;0;16;A01
200900029741;0;1;0;16;0;0;1;B02
200900029742;0;7;0;0;2;1;2;B02
200900029742;0;7;0;0;2;4;1;C03
200900029742;0;7;0;0;2;1;2;A01
200900029743;0;30;0;14;0;1;1;A01
200900029744;0;7;0;13;0;2;1;A01
200900029745;0;7;0;13;0;3;1;A01
200900029746;0;7;0;0;2;2;2;C03
200900029746;0;7;0;0;2;3;1;B02
200900029746;0;7;0;0;2;3;6;A01
200900029747;0;1;0;0;2;3;19;B02
200900029747;0;7;0;0;2;1;1;A01
200900029748;0;30;0;0;0;1;2;B02
200900029748;0;30;0;0;0;8;10;A01
200900029749;0;33;0;13;0;1;1;A01
200900029750;0;7;0;0;0;0;0;A01
200900029750;0;7;0;0;0;0;17;B02
200900029751;0;7;0;8;2;1;17;A01
200900029751;0;7;0;0;2;2;1;B02
200900029752;0;7;0;0;2;1;1;B02
200900029752;0;7;0;0;2;2;15;A01
200900029753;0;7;0;13;0;3;13;A01
200900029754;0;7;0;0;2;3;1;B02
200900029754;0;2;0;0;2;1;16;A01
200900029755;0;31;0;0;2;1;17;A01
200900029755;0;7;0;0;2;8;15;B02
200900029756;0;7;0;0;9;1;1;B02
200900029756;0;15;0;0;2;2;1;A01
200900029757;0;7;0;6;0;9;13;A01
200900029758;0;7;0;0;2;1;15;A01
200900029758;0;7;0;0;2;9;0;B01
200900029758;0;7;0;0;2;3;0;C01
200900029759;0;7;0;0;0;1;1;B01
200900029759;0;7;0;14;0;8;1;A01
200900029760;0;30;0;13;0;0;0;A01
200900029761;0;1;0;0;2;2;1;B01
200900029761;0;3;0;0;2;3;1;A01
200900029762;0;7;0;0;1;1;20;A01
200900029763;0;2;0;0;1;1;1;A01
200900029764;0;7;0;0;2;1;6;A01
200900029764;0;2;0;0;2;1;1;B01
200900029765;0;7;0;0;2;2;16;A01
200900029765;0;1;0;0;2;1;1;B01
200900029766;0;7;0;0;1;1;1;A01
200900029767;0;7;0;0;2;3;1;B01
200900029767;0;7;0;0;2;2;15;A01
200900029768;0;7;0;13;2;8;19;A01
200900029768;0;7;0;0;2;1;1;B02
200900029769;0;7;0;0;1;1;15;A01
200900029770;0;1;0;9;0;0;1;A01
200900029771;0;7;0;7;0;1;1;A01
200900029772;0;1;0;0;2;8;1;C01
200900029772;0;31;0;0;2;2;1;B01
200900029772;0;1;0;0;0;0;16;A01
200900029773;0;7;0;0;2;3;1;A01
200900029773;0;7;0;0;2;1;1;B01
200900029774;0;7;0;0;2;2;17;B01
200900029774;0;7;0;0;2;3;15;A01
200900029775;0;30;0;0;0;1;0;A01
200900029776;1;2;0;0;1;1;0;A01
200900029777;0;7;0;3;0;9;1;A01
200900029778;0;7;0;0;2;1;1;A01
200900029778;0;7;0;0;2;4;1;B01
200900029779;0;30;0;0;0;1;1;A01
200900029780;0;7;0;0;2;1;15;A01
200900029780;0;1;0;0;2;1;1;B01
200900029781;0;1;0;0;0;1;1;A01
200900029782;0;7;0;0;2;4;23;B01
200900029782;0;2;0;0;2;1;1;A01
200900029783;0;7;0;0;2;3;10;A01
200900029783;0;30;0;1;2;1;1;B01
200900029784;0;7;0;0;2;6;2;B01
200900029784;0;7;0;0;2;5;2;C01
200900029784;1;7;0;0;2;1;2;A01
200900029785;0;33;0;0;2;1;17;A01
200900029785;0;7;0;0;2;3;1;B01
200900029786;0;14;0;0;2;2;1;B01
200900029786;0;7;0;0;2;3;16;A01
200900029787;0;7;0;3;0;8;16;A01
200900029788;0;7;0;0;2;8;15;B01
200900029788;0;7;0;0;2;1;1;A01
200900029789;0;7;0;6;0;1;21;A01
200900029790;0;7;0;9;0;3;1;A01
200900029791;0;7;0;7;0;1;1;A01
200900029792;0;7;0;3;0;1;1;A01
200900029793;0;7;0;0;2;1;2;A01
200900029793;0;7;0;0;2;4;23;C01
200900029793;0;7;0;0;2;6;23;B01
200900029794;0;10;0;0;2;1;2;A01
200900029794;0;7;0;0;2;4;23;B01
200900029795;0;7;0;0;2;1;1;B01
200900029795;0;7;0;0;2;3;15;A01
200900029796;0;7;0;0;2;4;23;B01
200900029796;0;7;0;0;2;1;2;A01
200900029797;0;30;0;0;2;1;0;A01
200900029797;0;10;0;0;2;3;19;B01
200900029798;0;33;0;16;0;1;13;A01
200900029799;0;7;0;0;0;9;1;A01
200900029800;0;7;0;0;1;3;4;A01
200900029801;0;30;0;0;2;1;2;A01
200900029801;0;7;0;0;2;5;2;B01
200900029802;0;2;0;0;1;1;1;A01
200900029803;0;31;0;0;2;1;2;B01
200900029803;0;7;0;0;2;2;15;A01
200900029804;0;33;0;0;2;1;1;B01
200900029804;0;7;0;0;2;5;10;A01
200900029805;0;7;0;0;2;1;0;C01
200900029805;0;10;0;0;2;2;13;A01
200900029805;0;7;0;0;2;3;0;B01
200900029806;0;2;0;0;2;7;2;A01
200900029806;0;7;0;0;2;5;23;B01
200900029807;0;7;0;0;2;3;1;B01
200900029807;0;7;0;0;2;3;13;A01
200900029808;0;7;0;11;0;2;1;A01
200900029809;0;7;0;0;2;3;5;B01
200900029809;0;7;0;0;2;3;5;A01
200900029810;0;7;0;0;0;9;0;A01
200900029811;0;30;0;16;0;0;16;A01
200900029812;0;7;0;13;0;3;1;A01
200900029813;0;7;0;0;2;3;13;A01
200900029813;0;7;0;0;2;3;1;B02
200900029814;0;2;0;12;0;0;1;A01
200900029815;0;7;0;2;0;1;1;A01
200900029816;0;7;0;0;2;2;15;B02
200900029816;0;7;0;0;2;2;1;A01
200900029817;0;15;0;0;2;1;1;B02
200900029817;0;7;0;0;2;2;19;A01
200900029818;0;2;0;6;0;1;1;A01
200900029819;0;7;0;13;0;1;1;A01
200900029820;0;7;0;0;2;5;15;D04
200900029820;0;14;0;0;2;2;2;A01
200900029820;0;7;0;0;2;6;2;C03
200900029820;0;7;0;0;2;2;1;E05
200900029820;0;7;0;13;0;3;2;B02
200900029821;0;7;0;8;0;7;1;A01
200900029822;0;7;0;13;0;1;1;A01
200900029823;0;7;0;0;0;1;1;B02
200900029823;0;10;0;0;0;1;1;A01
200900029824;0;7;0;0;2;3;1;A01
200900029824;0;10;0;0;2;1;1;B01
200900029825;0;7;0;0;2;7;1;B01
200900029825;0;1;0;0;2;1;1;A01
200900029826;0;7;0;0;0;4;1;A01
200900029827;0;7;0;0;2;3;13;A01
200900029827;0;7;0;0;2;3;1;B01
200900029828;0;2;0;12;0;7;2;A01
200900029829;0;7;0;0;1;1;1;A01
200900029830;0;7;0;0;2;3;13;A01
200900029830;0;7;0;0;2;8;1;B01
200900029831;0;7;0;0;1;1;2;A01
200900029832;0;7;0;0;2;1;1;A01
200900029832;0;7;0;0;2;4;0;B01
200900029833;0;33;0;0;2;7;1;B02
200900029833;0;7;0;0;2;1;15;A01
200900029834;0;37;1;0;9;7;23;B01
200900029834;0;1;0;0;2;8;13;A01
200900029835;0;7;0;0;2;3;2;A01
200900029835;0;7;0;0;0;6;2;B01
200900029836;0;10;0;0;2;1;1;A01
200900029836;0;7;0;0;2;8;1;B01
200900029837;0;10;0;0;2;2;16;A01
200900029837;0;2;0;0;2;1;1;B01
200900029838;0;7;0;0;2;2;15;A01
200900029838;0;33;0;0;2;1;1;B01
200900029839;0;7;0;0;2;1;2;A01
200900029839;0;7;0;0;2;8;2;B01
200900029840;0;30;0;0;0;8;1;A01
200900029841;0;7;0;6;0;1;1;A01
200900029842;0;30;0;14;2;0;21;A01
200900029843;0;7;0;6;0;1;13;A01
200900029844;0;7;0;0;2;1;5;A01
200900029844;0;7;0;0;0;1;1;B01
200900029845;0;7;0;0;1;3;1;A01
200900029846;0;7;0;0;2;3;22;B01
200900029846;0;1;0;1;0;1;1;A01
200900029847;0;7;0;0;1;1;1;A01
200900029848;0;7;0;0;1;3;13;A01
200900029849;0;33;0;0;1;1;21;A01
200900029850;0;33;0;13;0;1;2;A01
200900029850;0;7;0;13;0;8;2;B02
200900029851;0;7;0;0;2;6;10;A01
200900029851;0;3;0;0;2;1;1;B01
200900029852;0;30;0;1;2;1;11;A01
200900029853;0;30;0;0;2;7;1;B01
200900029853;0;1;0;0;2;8;11;A01
200900029854;0;7;0;0;2;2;17;A01
200900029854;0;1;0;0;2;8;15;B02
200900029855;0;7;0;;2;3;1;B02
200900029855;0;7;0;;2;2;1;A01
200900029856;0;7;0;15;2;8;15;A01
200900029856;0;33;0;0;2;7;0;B01
200900029857;0;7;0;4;0;2;14;A01
200900029858;0;7;0;0;2;1;2;D01
200900029858;0;7;0;0;0;4;2;B01
200900029858;0;7;0;0;2;1;2;E01
200900029858;0;7;0;0;2;3;2;C01
200900029858;0;7;0;0;2;1;2;A01
200900029859;0;7;0;0;9;6;1;A01
200900029859;0;1;0;1;0;1;1;B01
200900029860;0;7;0;0;2;2;15;B01
200900029860;0;34;0;0;2;3;1;A01
200900029861;0;33;0;0;0;8;1;A01
200900029862;0;1;0;0;2;0;21;B01
200900029862;1;7;0;0;2;0;0;A01
200900029863;0;7;0;0;2;3;1;B01
200900029863;0;7;0;0;2;3;17;A01
200900029864;0;7;0;0;2;8;11;A01
200900029864;0;7;0;0;2;7;21;B01
200900029865;0;7;0;0;2;7;1;B01
200900029865;0;1;0;0;2;3;1;A01
200900029866;0;7;0;0;2;1;1;B01
200900029866;0;7;0;1;2;8;15;A01
200900029867;0;30;0;0;2;1;2;A01
200900029867;0;7;0;0;2;6;2;B01
200900029868;0;7;0;0;2;3;1;A01
200900029868;0;7;0;0;2;1;1;B01
200900029869;0;7;0;0;2;1;2;A01
200900029869;0;7;0;0;2;4;2;B01
200900029870;0;32;0;0;2;1;1;B01
200900029870;0;7;0;0;2;5;4;A01
200900029871;0;15;0;0;0;4;2;B01
200900029871;0;14;0;0;2;1;21;A01
200900029872;0;7;0;0;0;4;2;B01
200900029872;0;7;0;0;2;1;1;A01
200900029873;0;7;0;4;0;1;9;A01
200900029874;0;33;0;2;0;7;0;A01
200900029875;0;7;0;0;2;1;1;B01
200900029875;0;7;0;0;2;6;4;A01
200900029876;0;7;0;0;2;1;5;A01
200900029876;0;7;0;0;2;1;0;B01
200900029877;0;7;0;13;0;7;1;A01
200900029878;0;2;0;0;2;9;2;B01
200900029878;0;7;0;0;2;2;15;A01
200900029879;0;7;0;0;2;8;15;B01
200900029879;0;33;0;0;2;1;1;A01
200900029880;0;33;0;0;2;1;11;B01
200900029880;0;10;0;0;2;4;11;A01
200900029881;0;33;0;0;0;8;1;A01
200900029882;0;7;0;3;0;1;1;A01
200900029882;1;7;0;0;0;0;1;B01
200900029883;0;7;0;0;2;5;1;B01
200900029883;0;7;0;0;2;3;10;A01
200900029884;0;7;0;0;9;5;1;B01
200900029884;0;1;0;0;2;1;11;A01
200900029885;0;1;0;0;2;4;1;A01
200900029885;0;7;0;0;2;2;1;B01
200900029886;0;32;0;0;2;3;1;A01
200900029886;0;37;1;0;2;2;1;B01
200900029887;0;7;0;1;1;6;1;B01
200900029887;0;7;0;0;2;1;1;A01
200900029888;0;7;0;0;2;1;13;A01
200900029888;0;7;0;0;2;1;1;B02
200900029889;0;10;0;0;0;4;2;B01
200900029889;0;33;0;14;0;1;2;A01
200900029890;0;34;0;0;2;1;1;A01
200900029890;0;7;0;0;2;8;15;B01
200900029891;0;32;0;0;2;1;17;A01
200900029891;0;1;0;0;0;6;15;B02
200900029892;0;7;0;0;0;7;12;A01
200900029892;0;7;0;0;2;3;0;B01
200900029893;1;30;0;0;2;4;2;B01
200900029893;0;30;0;0;2;4;2;A01
200900029894;0;2;0;6;0;1;1;A01
200900029895;0;7;0;8;0;2;6;A01
200900029896;0;30;0;12;0;1;21;A01
200900029897;0;7;0;0;2;1;0;A01
200900029897;0;30;0;0;2;1;1;B01
200900029898;0;7;0;1;2;1;1;B01
200900029898;0;7;0;0;2;1;23;A01
200900029899;0;7;0;0;2;6;1;B02
200900029899;0;2;0;0;2;1;19;A01
200900029900;0;7;0;0;9;5;1;A01
200900029900;0;33;0;0;2;1;1;B02
200900029901;0;7;0;0;2;8;15;B02
200900029901;0;2;0;0;2;1;17;A01
200900029902;0;7;0;0;2;2;1;A01
200900029902;0;33;0;0;2;8;19;B02
200900029903;0;7;0;1;2;2;1;A01
200900029903;0;7;0;0;2;3;1;B01
200900029904;0;7;0;6;0;2;14;A01
200900029905;0;37;1;0;1;2;1;A01
200900029906;0;33;0;0;0;0;21;A01
200900029907;0;7;0;3;0;1;0;A01
200900029908;0;7;0;4;0;8;1;A01
200900029909;0;33;0;4;0;1;14;A01
200900029910;0;30;0;0;0;7;2;A01
200900029911;0;7;0;4;0;3;0;A01
200900029912;0;7;0;3;2;4;1;B01
200900029912;0;7;0;0;2;2;21;A01
200900029913;0;7;0;0;1;2;1;A01
200900029914;0;7;0;1;0;2;1;A01
200900029915;0;7;0;0;2;6;2;B01
200900029915;0;7;0;0;2;1;2;A01
200900029915;0;10;0;0;2;6;2;C01
200900029916;0;7;0;0;2;2;15;A01
200900029916;0;7;0;0;2;3;1;B01
200900029917;0;10;0;0;2;2;11;A01
200900029917;0;7;0;0;2;3;1;B01
200900029918;0;7;0;0;1;3;1;A01
200900029919;0;7;0;0;2;3;24;C01
200900029919;0;31;0;0;2;2;1;A01
200900029919;0;10;0;0;2;2;9;B01
200900029920;0;7;0;0;0;0;15;C03
200900029920;0;33;0;0;0;0;17;B02
200900029920;0;33;0;8;0;1;21;A01
200900029921;0;7;0;0;1;3;1;A01
200900029922;0;7;0;0;1;3;1;A01
200900029923;0;7;0;0;1;1;1;A01
200900029924;0;7;0;0;1;4;1;B01
200900029924;0;7;0;0;2;1;1;A01
200900029925;0;37;1;0;2;1;2;C01
200900029925;0;7;0;0;2;1;5;B01
200900029925;0;31;0;0;2;1;5;A01
200900029926;0;33;0;4;0;8;17;B01
200900029926;0;7;0;0;0;0;17;A01
200900029927;0;7;0;0;2;2;15;A01
200900029927;0;7;0;0;2;1;1;B01
200900029928;0;7;0;0;2;2;20;A01
200900029928;0;33;0;0;2;1;1;B01
200900029929;0;7;0;0;2;4;2;B01
200900029929;0;7;0;0;2;1;2;A01
200900029930;0;30;0;0;1;1;9;A01
200900029931;0;7;0;0;2;8;1;A01
200900029931;0;37;1;0;2;2;1;B01
200900029932;0;7;0;0;2;3;11;A01
200900029932;0;32;0;0;2;7;1;B01
200900029933;1;7;0;0;1;2;1;A01
200900029934;0;14;0;0;2;2;12;A01
200900029934;0;7;0;4;0;8;1;B01
200900029935;0;37;2;0;1;2;1;A01
200900029936;0;30;0;0;2;1;5;A01
200900029936;0;7;0;0;2;8;1;B01
200900029937;0;14;0;0;2;8;1;B01
200900029937;0;7;0;4;2;9;14;A01
200900029938;0;7;0;0;1;1;1;A01