num_acc;senc;catv;occutc;obs;obsm;choc;manv;num_veh
200900029939;0;7;0;0;2;3;9;B02
200900029939;0;33;0;0;2;7;15;A01
200900029940;0;30;0;0;2;8;13;A01
200900029940;0;7;0;0;2;6;15;B02
200900029941;0;7;0;0;1;1;0;A01
200900029942;0;1;0;0;2;8;1;A01
200900029942;0;15;0;0;2;7;17;B02
200900029943;0;2;0;13;0;8;1;A01
200900029944;0;7;0;0;2;3;15;A01
200900029944;0;32;0;0;2;1;1;B01
200900029945;0;7;0;0;2;1;1;E01
200900029945;0;7;0;0;2;1;1;B01
200900029945;0;7;0;0;0;5;17;A02
200900029945;0;7;0;0;0;0;1;D01
200900029945;1;13;0;0;0;0;1;F01
200900029945;0;10;0;0;2;1;1;C01
200900029946;0;7;0;0;2;1;1;A01
200900029946;0;7;0;0;0;4;1;B01
200900029947;0;7;0;0;2;2;15;A01
200900029947;0;33;0;0;0;3;15;B01
200900029948;0;1;0;0;2;4;2;A01
200900029948;0;7;0;0;0;4;1;B01
200900029949;0;7;0;0;1;0;4;A01
200900029950;0;7;0;6;0;9;6;A01
200900029951;0;32;0;0;2;1;0;B01
200900029951;0;7;0;0;2;8;15;A01
200900029952;0;7;0;0;2;1;1;A01
200900029952;0;7;0;0;2;1;1;B02
200900029953;0;7;0;0;2;3;1;B02
200900029953;0;7;0;0;2;7;19;A01
200900029954;0;7;0;0;2;8;1;A01
200900029954;0;7;0;0;2;1;1;B01
200900029955;0;7;0;4;0;3;1;A01
200900029956;0;2;0;1;2;1;1;A01
200900029956;0;7;0;0;2;4;23;B01
200900029957;0;33;0;0;2;4;23;B01
200900029957;0;7;0;0;2;1;2;A01
200900029958;0;7;0;0;2;4;2;B01
200900029958;0;7;0;0;2;1;2;A01
200900029958;0;7;0;0;2;4;2;C01
200900029958;0;7;0;0;2;4;2;D01
200900029959;0;7;0;0;2;2;16;A01
200900029959;0;7;0;6;0;3;1;B01
200900029960;0;10;0;0;1;2;1;A01
200900029961;0;7;0;0;0;7;1;B01
200900029961;0;7;0;0;2;2;15;A01
200900029962;0;10;0;0;2;9;23;B01
200900029962;0;7;0;0;0;4;23;C01
200900029962;0;10;0;0;2;1;1;A01
200900029963;0;37;1;0;1;7;1;A01
200900029964;0;7;0;1;0;3;14;A01
200900029964;0;7;0;0;0;5;23;B01
200900029965;0;7;0;0;2;1;1;B02
200900029965;0;7;0;0;2;1;0;A01
200900029966;0;7;0;0;0;1;1;A01
200900029966;0;7;0;0;2;0;23;C03
200900029966;0;7;0;0;2;4;23;B02
200900029967;0;30;0;0;0;0;1;B01
200900029967;0;7;0;0;0;0;13;A01
200900029968;0;7;0;0;2;2;1;B01
200900029968;0;2;0;0;2;3;5;A01
200900029969;0;2;0;0;0;1;1;A01
200900029970;0;7;0;6;2;3;1;A01
200900029970;0;7;0;0;2;3;19;B02
200900029971;0;7;0;0;1;2;1;A01
200900029972;0;14;0;0;2;6;1;B01
200900029972;0;7;0;4;2;1;3;A01
200900029973;0;33;0;0;2;3;1;B01
200900029973;0;7;0;0;2;2;19;A01
200900029974;0;33;0;0;2;1;1;B01
200900029974;0;7;0;0;2;8;1;A01
200900029975;0;37;1;0;2;4;1;B01
200900029975;0;7;0;0;2;1;1;A01
200900029976;0;7;0;0;1;1;1;A01
200900029977;0;1;0;0;2;4;11;B01
200900029977;0;31;0;0;9;1;1;A01
200900029978;0;33;0;14;0;8;7;A01
200900029979;0;30;0;0;0;0;0;A01
200900029980;0;1;0;0;2;8;11;A01
200900029980;0;37;1;0;9;1;2;B01
200900029981;0;32;0;0;2;0;1;B01
200900029981;0;7;0;0;2;3;15;A01
200900029982;0;10;0;0;2;7;15;A01
200900029982;0;2;0;0;2;1;1;B01
200900029983;0;7;0;;2;4;1;A01
200900029983;0;7;0;;2;1;1;B02
200900029984;0;10;0;;2;4;1;B02
200900029984;0;33;0;;2;;1;A01
200900029985;0;7;0;;2;4;24;B02
200900029985;0;7;0;;2;1;1;A01
200900029986;0;30;0;6;0;1;1;A01
200900029986;0;30;0;;;8;1;B02
200900029987;0;7;0;;2;7;10;A01
200900029987;0;7;0;;2;8;1;B02
200900029988;0;7;0;2;;2;17;A01
200900029989;0;10;0;;1;8;1;A01
200900029990;0;7;0;;2;8;1;B02
200900029990;0;1;0;;2;1;16;A01
200900029991;0;33;0;13;;;;A01
200900029992;0;2;0;0;2;1;1;B01
200900029992;0;7;0;0;2;3;10;A01
200900029993;0;30;0;0;2;1;1;B01
200900029993;0;10;0;0;2;2;15;A01
200900029994;0;7;0;0;2;3;1;B01
200900029994;0;7;0;0;2;3;13;A01
200900029995;0;7;0;0;2;3;1;B01
200900029995;0;7;0;0;2;1;15;A01
200900029996;0;7;0;0;2;7;1;A01
200900029996;0;33;0;0;2;3;1;B01
200900029997;0;21;0;16;0;0;1;A01
200900029998;0;31;0;1;;1;1;A01
200900029999;2;7;0;8;0;5;1;A01
200900030000;0;7;0;0;0;4;16;B01
200900030000;0;7;0;0;2;1;1;A01
200900030001;0;33;0;0;0;8;1;A01
200900030002;0;7;0;0;2;8;16;A01
200900030002;0;31;0;0;2;7;17;B01
200900030003;0;33;0;0;2;1;1;B01
200900030003;0;7;0;0;2;8;15;A01
200900030004;0;7;0;0;1;1;1;A01
200900030005;0;7;0;0;2;1;1;B02
200900030005;0;7;0;0;2;1;13;A01
200900030006;0;7;0;3;0;1;1;A01
200900030007;0;7;0;13;0;3;1;A01
200900030008;0;31;0;8;0;1;10;A01
200900030009;0;33;0;16;0;7;1;A01
200900030010;0;2;0;0;2;2;1;B02
200900030010;0;7;0;0;2;7;15;A01
200900030011;0;10;0;0;2;8;13;A01
200900030011;0;7;0;0;2;1;1;B02
200900030012;0;31;0;3;0;1;1;A01
200900030013;0;13;0;0;2;1;2;A01
200900030013;0;7;0;0;2;4;23;D01
200900030013;0;7;0;0;2;4;23;B01
200900030013;0;7;0;0;2;4;23;C01
200900030014;0;33;0;0;2;1;1;B01
200900030014;0;7;0;0;0;8;15;A01
200900030015;0;7;0;0;2;2;13;B02
200900030015;0;14;0;0;2;1;1;A01
200900030016;0;2;0;0;2;1;1;B01
200900030016;0;7;0;0;2;2;15;A01
200900030017;0;7;0;0;2;3;13;A01
200900030017;0;7;0;0;2;3;1;B02
200900030018;0;14;0;0;2;1;1;A01
200900030018;0;15;0;16;0;7;19;B02
200900030019;0;33;0;0;0;1;1;A01
200900030020;0;7;0;2;0;1;14;A01
200900030021;0;7;0;13;0;3;1;A01
200900030022;0;7;0;0;0;3;15;B01
200900030022;0;32;0;0;0;7;3;A01
200900030023;0;7;0;0;0;4;23;C01
200900030023;0;7;0;0;2;4;23;B01
200900030023;0;7;0;0;2;1;1;A01
200900030024;0;2;0;0;2;2;17;A01
200900030025;0;30;0;0;2;7;0;A01
200900030025;0;7;0;0;2;3;0;B01
200900030026;0;30;0;1;0;8;9;A01
200900030026;0;7;0;0;2;1;1;B01
200900030027;0;7;0;0;1;1;1;A01
200900030028;0;2;0;0;2;1;2;A01
200900030028;0;7;0;0;0;6;23;B01
200900030029;0;7;0;0;0;2;16;B01
200900030029;0;2;0;0;2;8;18;A01
200900030030;0;7;0;0;0;7;16;B01
200900030030;0;2;0;0;2;8;1;A01
200900030031;1;7;0;0;1;0;0;A01
200900030032;0;7;0;0;2;8;16;A01
200900030032;0;33;0;0;0;8;1;B01
200900030033;0;7;0;0;0;5;1;A01
200900030033;0;33;0;0;2;1;1;B01
200900030034;0;7;0;0;2;1;18;A01
200900030034;0;7;0;0;0;5;1;B01
200900030035;0;2;0;1;1;1;1;A01
200900030036;0;7;0;0;0;8;24;A01
200900030036;0;1;0;1;0;1;1;B01
200900030037;0;2;0;0;2;1;1;B01
200900030037;0;7;0;0;2;1;15;A01
200900030038;1;10;0;0;0;4;2;A01
200900030038;0;2;0;0;2;1;2;B01
200900030039;0;1;0;1;0;1;1;A01
200900030039;0;7;0;0;0;8;24;B01
200900030040;0;2;0;16;0;0;15;A01
200900030041;0;7;0;3;0;3;9;A01
200900030041;0;7;0;0;2;1;1;B01
200900030042;0;2;0;0;2;1;2;A01
200900030042;0;7;0;0;0;4;2;B01
200900030043;0;33;0;0;2;1;1;B01
200900030043;0;7;0;0;2;2;15;A01
200900030044;0;7;0;0;2;1;15;A01
200900030044;0;7;0;1;0;2;1;B01
200900030045;0;7;0;0;2;1;16;A01
200900030045;0;31;0;0;2;1;1;B01
200900030045;0;7;0;0;0;5;1;C01
200900030046;0;7;0;0;0;3;15;B01
200900030046;0;7;0;0;2;2;17;A01
200900030047;0;7;0;0;2;2;1;B01
200900030047;0;7;0;0;2;3;1;A01
200900030048;0;7;0;0;0;3;10;A01
200900030048;0;2;0;0;2;1;1;B01
200900030049;0;7;0;0;0;7;1;A01
200900030049;0;33;0;0;2;3;1;B01
200900030050;0;7;0;0;2;1;1;A01
200900030050;0;7;0;0;0;8;1;B01
200900030051;0;7;0;0;2;1;1;B01
200900030051;0;7;0;0;2;1;13;A01
200900030052;0;2;0;0;2;2;1;B01
200900030052;1;7;0;0;0;0;15;A01
200900030053;0;2;0;0;2;1;8;A01
200900030053;0;7;0;0;2;1;15;B01
200900030054;0;7;0;0;2;1;1;A01
200900030054;0;7;0;0;2;1;1;B01
200900030055;0;7;0;7;0;1;1;A01
200900030056;0;7;0;0;1;1;1;A01
200900030057;0;7;0;0;0;8;1;B01
200900030057;0;30;0;0;2;1;1;A01
200900030058;0;7;0;0;2;8;1;B01
200900030058;0;7;0;0;2;3;15;A01
200900030059;0;7;0;0;0;3;16;A01
200900030059;0;31;0;0;2;3;1;B01
200900030060;0;7;0;0;0;5;16;A01
200900030060;0;1;0;0;2;1;1;B01
200900030061;0;2;0;0;2;1;1;A01
200900030061;0;10;0;0;0;7;16;B01
200900030062;0;1;0;0;0;1;5;B01
200900030062;0;7;0;0;2;3;1;A01
200900030063;0;7;0;0;2;1;2;A01
200900030063;0;7;0;0;2;4;1;B01
200900030064;0;7;0;0;1;2;1;A01
200900030065;0;7;0;0;1;2;1;A01
200900030066;0;1;0;0;2;1;1;B01
200900030066;0;7;0;0;0;7;15;A01
200900030067;0;7;0;0;2;4;1;B01
200900030067;0;7;0;0;2;4;1;C01
200900030067;0;7;0;0;2;1;1;A01
200900030067;0;7;0;0;2;4;1;D01
200900030068;0;7;0;0;1;1;16;A01
200900030069;0;7;0;0;0;4;1;B01
200900030069;0;33;0;0;2;1;1;A01
200900030070;0;2;0;0;2;1;1;B01
200900030070;0;7;0;0;2;7;15;A01
200900030071;0;7;0;0;0;4;1;B01
200900030071;0;30;0;0;2;1;1;A01
200900030072;0;2;0;0;2;1;1;B01
200900030072;0;7;0;0;0;3;15;A01
200900030073;0;10;0;0;1;1;1;A01
200900030074;0;2;0;0;2;1;1;A01
200900030074;0;10;0;0;0;8;9;B01
200900030075;0;33;0;0;2;8;15;B01
200900030075;0;7;0;0;2;8;15;A01
200900030076;0;10;0;0;2;3;1;B01
200900030076;0;7;0;0;2;1;17;A01
200900030077;0;1;0;0;0;4;1;B01
200900030077;0;7;0;0;2;3;16;A01
200900030078;0;7;0;0;2;3;2;A01
200900030078;0;33;0;0;0;4;1;B01
200900030079;0;7;0;0;0;2;1;B01
200900030079;0;7;0;0;2;1;15;A01
200900030080;0;7;0;0;2;2;15;A01
200900030080;0;7;0;0;2;1;1;B01
200900030081;0;31;0;0;2;1;1;B01
200900030081;1;10;0;0;2;3;15;A01
200900030082;0;13;0;0;1;1;1;A01
200900030083;0;7;0;6;0;1;13;A01
200900030084;0;7;0;0;2;3;1;B01
200900030084;0;7;0;0;2;1;16;A01
200900030085;0;7;0;0;9;1;1;B01
200900030085;0;1;0;0;2;1;15;A01
200900030086;0;7;0;0;0;7;1;A01
200900030086;0;32;0;0;2;8;1;B01
200900030087;0;2;0;0;9;2;1;B01
200900030087;0;1;0;0;2;1;1;A01
200900030088;0;7;0;0;2;3;1;A01
200900030088;0;7;0;0;0;5;1;B01
200900030089;0;2;0;0;0;4;0;B01
200900030089;0;7;0;0;2;1;1;A01
200900030090;0;7;0;0;0;4;1;B01
200900030090;0;7;0;0;2;1;1;A01
200900030091;0;7;0;0;1;1;1;A01
200900030092;0;7;0;0;0;4;1;B01
200900030092;0;10;0;0;2;3;1;A01
200900030093;0;7;0;0;1;3;16;A01
200900030094;0;1;0;0;1;1;2;A01
200900030095;0;7;0;0;0;2;16;A01
200900030095;0;7;0;0;2;3;1;B01
200900030096;0;7;0;0;0;0;10;A01
200900030096;0;2;0;0;2;1;1;B01
200900030097;0;2;0;0;2;1;1;B01
200900030097;0;7;0;0;2;2;15;A01
200900030098;0;1;0;0;0;4;1;B01
200900030098;1;7;0;0;2;0;1;A01
200900030099;0;7;0;0;2;1;15;A01
200900030099;0;7;0;0;2;1;1;B01
200900030100;0;7;0;0;2;3;1;B01
200900030100;0;2;0;0;2;1;16;A01
200900030101;0;7;0;0;2;3;15;A01
200900030101;0;33;0;0;2;8;1;B01
200900030102;0;7;0;0;0;5;15;A01
200900030102;0;33;0;0;2;1;1;B01
200900030103;0;1;0;0;2;1;5;A01
200900030103;0;7;0;0;2;1;0;B01
200900030104;0;33;0;0;2;1;1;B01
200900030104;0;7;0;0;2;1;20;A01
200900030105;0;7;0;0;2;3;15;A01
200900030105;0;30;0;1;2;6;1;B01
200900030106;0;7;0;0;2;1;1;B01
200900030106;0;7;0;0;2;3;9;A01
200900030107;1;7;0;0;2;1;1;B01
200900030107;0;31;0;0;2;4;1;A01
200900030108;0;2;0;0;2;1;1;A01
200900030108;0;7;0;0;0;8;15;B01
200900030109;0;10;0;0;2;1;1;B01
200900030109;0;2;0;0;0;7;1;A01
200900030110;0;7;0;0;0;2;1;A01
200900030110;0;1;0;0;2;1;15;B01
200900030111;0;2;0;0;0;7;1;B01
200900030111;0;7;0;0;2;8;15;A01
200900030112;0;7;0;0;1;1;1;A01
200900030113;0;7;0;1;0;7;1;A01
200900030114;0;10;0;0;0;4;1;B01
200900030114;0;2;0;1;2;1;2;A01
200900030115;0;2;0;0;2;1;1;B01
200900030115;0;7;0;0;0;8;10;A01
200900030116;0;2;0;0;2;2;1;A01
200900030116;0;7;0;0;2;3;1;B01
200900030117;0;7;0;0;2;1;1;A01
200900030117;0;7;0;0;0;7;1;B01
200900030118;0;7;0;0;0;8;1;B01
200900030118;0;33;0;0;2;1;15;A01
200900030119;0;7;0;0;1;1;16;A01
200900030120;0;2;0;0;2;1;1;B01
200900030120;0;7;0;0;0;7;15;A01
200900030121;0;7;0;0;2;1;1;B01
200900030121;0;7;0;0;0;8;15;A01
200900030122;0;2;0;0;0;1;16;A01
200900030122;1;7;0;1;2;1;15;B01
200900030123;0;7;0;0;2;1;15;A01
200900030123;0;33;0;0;2;2;1;B01
200900030124;0;1;0;0;0;2;1;A01
200900030124;0;40;0;0;2;1;1;B01
200900030125;0;2;0;0;2;1;1;B01
200900030125;0;7;0;0;0;2;15;A01
200900030126;0;30;0;0;2;1;1;A01
200900030126;0;7;0;0;0;7;16;B01
200900030127;0;7;0;0;4;8;19;A01
200900030127;0;40;0;0;2;1;1;B01
200900030128;0;40;0;0;9;2;1;B01
200900030128;0;1;0;0;4;1;15;A01
200900030129;0;31;0;0;0;7;17;B01
200900030129;0;10;0;0;2;3;15;A01
200900030130;0;7;0;0;1;1;15;A01
200900030131;0;1;0;0;2;4;1;B01
200900030131;0;7;0;0;9;2;1;A01
200900030132;0;7;0;0;2;3;23;A01
200900030132;0;1;0;1;2;1;1;B01
200900030133;0;7;0;1;2;8;16;A01
200900030133;0;7;0;0;2;1;1;B01
200900030134;0;7;0;0;0;8;15;B01
200900030134;0;33;0;0;2;1;1;A01
200900030135;0;7;0;0;0;3;1;B01
200900030135;0;7;0;0;2;1;16;A01
200900030136;0;31;0;0;2;1;1;B01
200900030136;0;7;0;0;0;8;1;A01
200900030137;0;7;0;0;2;5;1;A01
200900030137;0;7;0;0;2;1;1;B01
200900030138;0;7;0;0;2;4;2;B01
200900030138;0;7;0;0;2;1;2;A01
200900030139;0;7;0;0;2;1;15;A01
200900030139;0;33;0;0;2;1;1;B01
200900030140;0;7;0;0;2;1;1;A01
200900030140;0;7;0;0;0;2;1;B01
200900030141;0;7;0;0;2;2;6;A01
200900030141;0;10;0;0;2;3;1;B01
200900030142;0;33;0;8;0;7;1;A01
200900030143;0;14;0;0;2;3;11;B02
200900030143;0;33;0;0;2;3;15;A01
200900030144;0;7;0;13;6;0;1;A01
200900030145;0;10;0;0;2;1;5;A01
200900030145;0;10;0;0;2;2;21;B02
200900030146;0;7;0;0;0;4;23;B02
200900030146;0;2;0;0;2;1;1;A01
200900030147;0;7;0;0;2;1;13;A01
200900030147;0;7;0;0;2;3;1;B02
200900030148;0;7;0;0;2;1;1;A01
200900030148;0;10;0;0;2;3;1;B02
200900030149;0;7;0;2;0;3;1;A01
200900030150;0;7;0;16;0;0;13;A01
200900030151;0;7;0;0;2;1;13;A01
200900030151;0;7;0;0;2;1;1;B02
200900030152;0;14;0;0;2;4;2;A01
200900030152;0;17;0;0;2;1;2;B02
200900030153;0;7;0;0;0;0;1;A01
200900030153;0;33;0;14;0;1;1;B02
200900030154;0;7;0;0;2;1;13;A01
200900030154;0;7;0;0;2;1;1;B02
200900030155;0;7;0;0;6;1;1;B02
200900030155;0;33;0;0;6;1;1;A01
200900030156;0;10;0;0;2;2;2;A01
200900030156;0;17;0;0;2;6;2;C03
200900030157;0;1;0;0;0;0;2;A01
200900030158;0;7;0;0;1;2;1;A01
200900030159;0;7;0;13;0;3;13;A01
200900030160;0;7;0;0;2;1;13;A01
200900030160;0;14;0;0;2;1;21;B02
200900030161;0;2;0;0;0;1;1;A01
200900030162;0;7;0;0;2;2;1;B02
200900030162;0;7;0;0;2;1;19;A01
200900030163;0;7;0;0;2;7;17;A01
200900030163;0;1;0;0;2;8;1;B02
200900030164;0;7;0;0;2;1;13;B02
200900030164;0;7;0;0;2;1;1;A01
200900030165;0;7;0;16;0;9;14;A01
200900030165;0;7;0;16;0;9;1;B02
200900030166;0;31;0;0;2;1;1;A01
200900030166;0;7;0;0;2;1;15;B02
200900030167;0;31;0;8;0;3;1;A01
200900030168;0;7;0;0;2;8;19;A01
200900030168;0;2;0;0;2;1;1;B02
200900030169;0;7;0;0;2;1;1;A01
200900030170;0;7;0;0;2;8;1;A01
200900030170;0;7;0;0;2;7;1;B02
200900030171;0;7;0;0;2;3;15;B02
200900030171;0;7;0;0;2;1;1;A01
200900030172;0;7;0;3;2;1;13;A01
200900030172;0;7;0;3;2;2;21;B02
200900030173;0;7;0;0;0;2;5;C03
200900030173;0;7;0;0;0;4;15;B02
200900030173;0;7;0;0;2;1;0;A01
200900030174;0;7;0;3;0;8;13;A01
200900030175;0;7;0;13;0;1;1;A01
200900030176;0;10;0;0;2;8;13;A01
200900030176;0;17;0;0;2;3;1;B02
200900030177;0;7;0;0;2;3;13;A01
200900030177;0;7;0;0;2;3;1;B02
200900030178;0;7;0;0;1;1;1;A01
200900030179;0;7;0;13;0;3;1;A01
200900030180;0;7;0;13;0;5;1;A01
200900030181;0;7;0;0;2;8;2;C03
200900030181;0;2;0;0;2;8;17;B02
200900030181;0;7;0;0;2;8;1;A01
200900030182;0;10;0;0;1;5;20;A01
200900030183;0;7;0;0;2;2;1;A01
200900030183;0;30;0;0;2;1;15;B02
200900030184;0;7;0;0;1;5;16;A01
200900030185;0;7;0;0;2;3;13;A01
200900030185;0;7;0;0;0;2;13;B01
200900030186;0;7;0;0;2;3;1;A01
200900030186;0;7;0;0;2;8;1;B01
200900030187;1;7;0;0;2;1;1;A01
200900030187;0;1;0;0;0;6;1;B01
200900030188;0;7;0;3;0;1;2;A01
200900030189;0;7;0;0;0;9;2;A01
200900030190;0;7;0;3;0;3;1;A01
200900030191;0;33;0;0;0;8;2;A01
200900030192;0;10;0;0;0;9;2;A01
200900030193;0;7;0;4;0;1;2;A01
200900030194;1;10;0;0;0;0;2;C01
200900030194;0;7;0;0;0;4;21;B01
200900030194;0;7;0;0;2;1;21;A01
200900030195;0;10;0;0;2;1;2;B01
200900030195;0;10;0;0;0;4;1;C01
200900030195;0;7;0;0;2;1;1;A01
200900030196;0;7;0;4;0;1;2;A01
200900030197;0;7;0;0;0;6;2;B01
200900030197;0;17;0;0;2;2;12;A01
200900030198;0;7;0;3;2;1;2;A01
200900030198;0;14;0;0;0;3;2;B01
200900030199;0;7;0;0;2;1;1;A01
200900030199;0;10;0;0;0;4;2;B01
200900030200;0;7;0;0;0;9;2;A01
200900030201;0;7;0;4;0;1;2;A01
200900030202;0;7;0;4;2;1;2;A01
200900030202;0;10;0;0;0;2;2;B01
200900030203;0;7;0;3;0;1;2;A01
200900030204;0;7;0;4;0;1;2;A01
200900030205;0;33;0;0;0;8;1;A01
200900030206;0;7;0;0;2;1;2;A01
200900030206;0;7;0;0;0;4;2;B01
200900030207;0;7;0;4;0;2;2;A01
200900030208;0;17;0;0;2;3;11;A01
200900030208;0;7;0;0;2;2;1;B01
200900030208;0;7;0;0;0;2;1;C01
200900030209;0;7;0;0;2;4;2;B01
200900030209;0;7;0;0;2;1;1;A01
200900030209;0;7;0;0;0;4;2;C01
200900030210;0;7;0;4;2;6;2;B01
200900030210;0;7;0;0;2;1;2;C01
200900030210;0;7;0;0;0;3;2;D01
200900030210;0;17;0;0;2;2;12;A01
200900030211;0;10;0;0;2;1;1;A01
200900030211;0;7;0;0;2;4;23;D01
200900030211;0;7;0;0;2;4;23;E01
200900030211;0;7;0;0;2;4;23;C01
200900030211;0;7;0;0;2;4;23;B01
200900030211;0;7;0;0;0;6;23;F02
200900030212;0;13;0;0;2;4;2;B01
200900030212;0;7;0;0;2;1;2;A01
200900030212;0;7;0;0;2;4;2;D01
200900030212;0;10;0;0;2;4;2;C01
200900030212;0;7;0;0;0;4;2;E01
200900030213;0;10;0;0;0;8;2;B01
200900030213;0;10;0;0;2;1;2;C01
200900030213;0;17;0;0;2;7;12;A01
200900030214;0;17;0;0;2;1;1;A01
200900030214;0;17;0;0;0;4;1;B01
200900030215;0;7;0;4;0;1;2;A01
200900030216;0;7;0;0;0;7;2;A01
200900030217;0;7;0;0;2;1;1;A01
200900030217;0;7;0;7;2;5;15;B02
200900030218;0;7;0;13;0;9;17;A01
200900030219;0;10;0;0;0;8;13;A01
200900030219;0;31;0;0;2;7;2;B01
200900030220;0;33;0;0;2;1;1;B01
200900030220;0;7;0;0;2;2;15;A01
200900030221;0;7;0;0;2;6;1;A01
200900030221;0;32;0;0;2;2;1;B01
200900030222;0;7;0;0;2;8;1;B01
200900030222;0;7;0;0;2;3;1;A01
200900030223;0;7;0;6;0;1;13;A01
200900030224;0;7;0;0;2;1;1;B01
200900030224;0;7;0;1;0;9;1;A01
200900030225;0;2;0;0;2;1;1;B01
200900030225;0;7;0;0;2;2;16;A01
200900030226;0;7;0;0;2;6;15;A01
200900030226;0;31;0;0;2;7;15;B01
200900030227;0;30;0;0;0;0;1;A01
200900030228;0;2;0;0;5;3;2;B01
200900030229;0;30;0;6;0;1;1;A01
200900030230;0;7;0;0;2;3;15;A01
200900030230;0;33;0;0;2;1;1;B01
200900030231;0;33;0;6;0;9;1;A01
200900030232;0;7;0;0;2;1;1;B01
200900030232;0;7;0;0;0;4;1;C01
200900030232;0;7;0;0;2;1;1;A01
200900030233;0;17;0;0;0;7;16;A01
200900030233;0;36;0;0;2;3;18;B01
200900030234;0;37;0;0;2;2;2;A01
200900030234;0;7;0;0;2;1;2;B01
200900030235;0;30;0;0;2;1;17;A01
200900030235;0;7;0;0;0;3;15;B01
200900030236;0;1;0;0;2;3;13;A01
200900030236;0;33;0;1;2;1;21;B01
200900030237;0;7;0;0;0;5;16;A01
200900030237;0;2;0;0;2;1;18;B01
200900030238;0;40;0;0;2;2;2;B01
200900030238;0;7;0;0;2;3;8;A01
200900030239;0;32;0;0;1;1;1;A01
200900030240;0;7;0;0;2;1;2;A01
200900030240;0;7;0;0;2;1;2;B01
200900030240;0;7;0;0;2;4;2;C01
200900030240;0;37;0;0;2;4;2;D01
200900030241;0;7;0;0;2;1;1;B01
200900030241;0;7;0;0;2;2;1;A01
200900030242;0;1;0;0;0;0;1;B01
200900030242;0;7;0;0;2;1;1;A01
200900030243;0;7;0;0;0;2;16;B01
200900030243;0;2;0;0;2;1;15;A01
200900030244;0;7;0;0;0;7;0;B01
200900030244;0;33;0;0;2;1;0;A01
200900030245;0;40;0;0;1;2;1;A01
200900030246;0;1;0;0;4;1;19;A01
200900030246;0;40;0;0;0;8;1;B01
200900030247;0;7;0;0;2;1;16;A01
200900030247;0;38;53;0;2;3;1;B01
200900030248;0;7;0;0;1;1;19;A01
200900030249;0;7;0;6;0;1;1;A01
200900030250;0;7;0;0;2;4;2;C01
200900030250;0;7;0;0;2;1;2;A01
200900030250;0;7;0;0;2;4;2;B01
200900030251;0;7;0;0;1;4;4;A01
200900030252;0;30;0;0;2;1;1;B01
200900030252;0;7;0;0;2;1;5;A01
200900030253;0;7;0;0;2;3;1;B01
200900030253;0;7;0;0;2;1;1;A01
200900030254;0;7;0;0;2;1;2;A01
200900030254;0;7;0;0;0;4;2;B01
200900030255;0;7;0;0;2;4;1;B01
200900030255;2;7;0;0;0;0;0;A01
200900030255;2;7;0;0;2;1;2;C01
200900030256;0;7;0;0;2;2;1;A01
200900030256;0;7;0;0;0;4;16;B01
200900030257;0;30;0;0;0;8;0;B01
200900030257;0;7;0;0;0;0;0;A01
200900030258;0;7;0;3;0;1;16;A01
200900030259;0;1;0;0;2;1;1;A01
200900030259;1;99;0;0;0;0;0;B01
200900030260;0;33;0;0;2;2;17;B01
200900030260;0;7;0;0;1;3;15;A01
200900030261;0;32;0;0;2;1;8;A01
200900030261;0;7;0;0;2;2;1;B01
200900030262;0;7;0;0;2;8;23;C01
200900030262;0;7;0;0;0;1;23;E01
200900030262;0;7;0;0;2;1;1;B01
200900030262;0;7;0;0;0;2;6;A01
200900030262;0;7;0;0;2;1;23;D01
200900030263;0;7;0;0;1;3;16;A01
200900030264;0;10;0;0;1;4;4;A01
200900030265;1;7;0;0;1;0;2;A01
200900030266;0;7;0;0;2;4;23;C01
200900030266;0;10;0;0;2;1;2;A01
200900030266;0;7;0;0;2;4;23;B01
200900030267;0;7;0;0;0;4;1;B01
200900030267;0;7;0;0;2;1;1;A01
200900030268;0;1;0;0;2;0;1;B01
200900030268;0;7;0;0;0;3;22;A01
200900030269;0;7;0;0;2;2;16;A01
200900030269;0;7;0;0;2;2;2;B01
200900030270;0;7;0;0;1;1;1;A01
200900030271;0;7;0;0;2;1;2;A01
200900030271;0;7;0;0;0;4;2;B01
200900030272;0;30;0;0;2;2;1;B01
200900030272;1;7;0;0;0;0;18;A01
200900030273;0;10;0;0;2;4;16;B01
200900030273;0;7;0;0;2;1;1;A01
200900030274;0;34;0;0;0;2;2;B01
200900030274;1;7;0;0;0;0;16;A01
200900030275;0;7;0;0;2;8;16;A01
200900030275;0;1;0;0;2;1;2;B01
200900030276;0;40;0;0;1;0;1;A01
200900030277;0;2;0;0;0;8;18;B01
200900030277;0;7;0;0;2;2;16;A01
200900030278;0;33;0;0;2;3;18;A01
200900030278;0;7;0;0;0;2;16;B01
200900030279;0;7;0;0;1;4;4;A01
200900030280;0;7;0;0;2;1;15;A01
200900030280;0;33;0;0;2;3;1;B01
200900030281;0;33;0;0;2;1;2;A01
200900030281;0;1;0;0;0;4;1;B01
200900030282;1;7;0;0;1;0;1;A01
200900030283;0;7;0;0;0;2;15;B01
200900030283;0;2;0;0;2;1;2;A01
200900030284;0;14;0;0;1;3;4;A01
200900030285;0;7;0;0;2;3;16;A01
200900030285;0;7;0;0;2;3;1;B01