num_acc;senc;catv;occutc;obs;obsm;choc;manv;num_veh
200900030286;0;7;0;0;2;0;2;A01
200900030286;0;7;0;0;0;4;2;B01
200900030287;0;7;0;0;2;1;1;B01
200900030287;0;10;0;0;2;1;1;A01
200900030288;0;7;0;0;1;3;2;A01
200900030289;0;7;0;8;0;2;1;A01
200900030290;1;7;0;0;0;6;10;A01
200900030290;0;2;0;0;2;1;1;B01
200900030291;0;7;0;0;1;2;1;A01
200900030292;0;33;0;0;9;8;2;A01
200900030293;0;7;0;0;2;3;24;A01
200900030293;0;30;0;0;2;1;2;B01
200900030294;0;7;0;0;1;4;4;A01
200900030295;0;7;0;0;2;3;15;B01
200900030295;0;31;0;0;0;7;17;A01
200900030296;0;30;0;12;0;1;2;A01
200900030297;0;7;0;0;0;7;1;A01
200900030297;0;7;0;0;2;1;1;B01
200900030298;0;7;0;0;2;1;15;A01
200900030298;0;33;0;2;0;9;1;B01
200900030299;0;7;0;0;0;0;0;A01
200900030299;0;30;0;0;0;0;0;B01
200900030300;0;7;0;0;2;3;15;A01
200900030300;0;33;0;0;2;7;15;B01
200900030301;0;7;0;0;2;2;15;B01
200900030301;0;2;0;0;2;1;1;A01
200900030302;0;7;0;0;1;2;1;A01
200900030303;0;33;0;0;2;1;17;A01
200900030303;0;7;0;0;2;3;15;B01
200900030304;0;1;0;0;2;1;13;A01
200900030304;0;7;0;0;2;1;23;B01
200900030305;0;2;0;0;2;3;1;B01
200900030305;0;7;0;0;2;1;1;A01
200900030306;0;7;0;0;2;4;2;C01
200900030306;0;7;0;0;2;1;2;A01
200900030306;0;7;0;0;2;4;2;B01
200900030307;0;7;0;0;0;8;2;A01
200900030307;0;33;0;0;2;3;2;B01
200900030308;0;7;0;6;0;8;23;A01
200900030309;1;7;0;0;1;0;0;A01
200900030310;2;7;0;15;0;1;2;A01
200900030310;0;7;0;0;0;3;2;B01
200900030311;0;7;0;0;1;1;9;A01
200900030312;0;7;0;0;2;1;1;B01
200900030312;0;7;0;0;2;1;15;A01
200900030313;0;7;0;0;1;0;1;A01
200900030314;0;7;0;0;0;3;15;A01
200900030314;0;30;0;0;2;1;3;B01
200900030315;0;7;0;0;0;7;9;A01
200900030315;0;30;0;0;2;8;1;B01
200900030316;0;7;0;0;2;6;10;A01
200900030316;0;31;0;0;2;7;1;B01
200900030317;0;7;0;0;2;2;15;A01
200900030317;0;33;0;0;2;1;21;B01
200900030318;0;33;0;0;2;1;17;A01
200900030318;0;7;0;0;0;8;15;B01
200900030319;0;7;0;0;2;1;2;A01
200900030319;0;7;0;0;0;4;23;B01
200900030320;0;7;0;0;1;8;1;A01
200900030321;0;10;0;0;2;3;5;A01
200900030322;0;7;0;0;2;6;2;B01
200900030322;0;7;0;14;0;1;2;A01
200900030322;0;7;0;0;2;5;2;C01
200900030323;0;7;0;0;1;2;1;A01
200900030324;0;7;0;1;2;1;21;B01
200900030324;0;2;0;0;2;1;16;A01
200900030325;0;2;0;0;0;1;0;A01
200900030326;0;7;0;0;0;0;16;A01
200900030327;0;31;0;0;0;7;1;B01
200900030327;0;7;0;0;2;2;15;A01
200900030328;0;7;0;0;2;1;1;B01
200900030328;0;7;0;0;2;7;9;A01
200900030329;0;1;0;0;2;1;1;A01
200900030329;0;7;0;0;2;1;15;B01
200900030330;0;7;0;0;2;1;15;A01
200900030330;0;32;0;0;2;1;8;B01
200900030331;0;7;0;0;2;3;1;A01
200900030331;0;2;0;0;2;1;1;B02
200900030332;0;7;0;0;0;7;1;C01
200900030332;0;13;0;0;2;1;1;A01
200900030332;0;7;0;0;0;4;2;B01
200900030333;0;7;0;0;0;9;2;A01
200900030334;0;7;0;0;2;8;2;B01
200900030334;0;17;0;0;2;2;12;A01
200900030334;0;10;0;4;0;1;2;C01
200900030335;0;7;0;0;0;0;1;A01
200900030336;0;17;0;0;2;3;0;A01
200900030336;0;7;0;0;2;8;0;B01
200900030337;0;7;0;0;2;1;1;A01
200900030337;0;7;0;0;0;4;2;B01
200900030338;0;7;0;3;0;1;2;A01
200900030339;0;7;0;14;0;1;2;A01
200900030340;0;33;0;0;0;8;2;A01
200900030341;0;7;0;0;0;4;2;B01
200900030341;0;7;0;0;2;1;1;A01
200900030342;0;33;0;12;2;0;9;A01
200900030342;0;7;0;0;0;2;1;B01
200900030343;0;7;0;3;0;1;1;A01
200900030344;0;7;0;0;2;2;1;C01
200900030344;0;15;0;0;2;2;12;A01
200900030344;0;7;0;0;2;6;2;B01
200900030345;0;7;0;4;0;1;2;A01
200900030346;0;33;0;0;0;1;1;B01
200900030346;0;7;0;0;2;2;12;A01
200900030347;0;10;0;0;2;2;2;B01
200900030347;0;33;0;0;2;1;2;A01
200900030348;0;33;0;0;2;1;1;A01
200900030348;0;7;0;0;0;6;1;B01
200900030349;0;7;0;4;0;2;1;A01
200900030350;0;7;0;0;2;4;1;B01
200900030350;0;7;0;0;2;4;1;C01
200900030350;0;7;0;0;2;1;1;A01
200900030350;0;7;0;0;0;4;1;D01
200900030351;0;32;0;0;0;4;2;B01
200900030351;0;7;0;0;2;1;2;A01
200900030352;0;7;0;0;2;4;1;B01
200900030352;0;7;0;0;0;4;1;D01
200900030352;0;7;0;0;2;4;2;C01
200900030352;0;7;0;0;2;1;1;A01
200900030353;0;3;0;0;9;1;15;A01
200900030353;0;1;0;0;2;8;1;B02
200900030354;0;7;0;0;0;4;2;C03
200900030354;0;7;0;0;2;4;2;B02
200900030354;0;10;0;0;2;1;1;A01
200900030355;0;7;0;13;0;3;0;A01
200900030356;0;30;0;0;0;7;1;A01
200900030357;0;2;0;0;2;2;17;A01
200900030357;0;7;0;0;2;3;15;B02
200900030358;0;2;0;0;0;8;1;A01
200900030359;0;33;0;0;2;1;17;B02
200900030359;0;7;0;0;2;8;10;A01
200900030360;0;7;0;0;2;1;1;A01
200900030360;0;7;0;0;2;5;13;B02
200900030361;0;7;0;0;2;1;1;A01
200900030361;0;7;0;0;2;1;1;B02
200900030362;0;7;0;0;2;1;1;A01
200900030362;0;7;0;0;2;3;1;B02
200900030363;0;7;0;0;0;0;19;B02
200900030363;0;1;0;0;2;8;1;C03
200900030363;0;33;0;0;2;1;1;A01
200900030364;0;36;0;6;0;1;1;A01
200900030365;0;7;0;0;1;1;1;A01
200900030366;0;7;0;6;0;1;1;A01
200900030367;0;33;0;0;2;1;17;B02
200900030367;0;7;0;0;2;8;15;A01
200900030368;0;7;0;0;2;7;1;A01
200900030368;0;7;0;0;2;1;1;B02
200900030369;0;1;0;0;2;7;1;B02
200900030369;0;7;0;0;2;7;13;A01
200900030370;0;2;0;6;0;3;13;A01
200900030371;0;7;0;0;2;1;1;B02
200900030371;0;7;0;0;2;1;13;A01
200900030372;0;33;0;0;0;7;1;A01
200900030373;0;1;0;0;2;7;1;B02
200900030373;0;7;0;0;2;3;9;A01
200900030374;0;7;0;13;0;1;13;A01
200900030375;0;7;0;0;2;3;15;A01
200900030375;0;30;0;0;2;3;1;B02
200900030376;0;31;0;0;1;1;17;A01
200900030377;0;7;0;0;9;5;1;A01
200900030377;0;1;0;0;2;1;1;B02
200900030378;0;33;0;8;0;2;1;A01
200900030379;0;7;0;13;0;9;1;A01
200900030380;0;7;0;0;2;8;17;A01
200900030380;0;33;0;0;2;7;17;B02
200900030381;0;7;0;0;1;1;0;A01
200900030382;0;30;0;0;2;4;15;A01
200900030383;0;33;0;0;2;1;1;A01
200900030383;0;7;0;0;2;5;15;B02
200900030384;0;7;0;6;0;1;1;A01
200900030385;0;2;0;13;0;5;16;A01
200900030386;0;7;0;0;0;3;1;B02
200900030386;0;33;0;0;2;1;13;A01
200900030387;0;7;0;1;0;2;1;A01
200900030387;0;15;0;0;0;6;24;B02
200900030388;0;17;0;0;0;0;0;B02
200900030389;0;2;0;1;0;0;1;A01
200900030390;0;15;0;0;1;2;1;A01
200900030391;0;33;0;0;2;1;1;B02
200900030391;0;7;0;0;2;8;19;A01
200900030392;0;7;0;0;0;8;1;B02
200900030392;0;7;0;0;2;1;19;A01
200900030393;0;10;0;8;0;9;1;A01
200900030394;0;10;0;1;2;4;2;B01
200900030394;0;37;32;0;2;2;2;A01
200900030395;0;38;2;0;2;2;1;A01
200900030395;0;7;0;0;0;4;16;B01
200900030396;0;7;0;1;0;9;14;A01
200900030397;0;7;0;0;2;9;1;B01
200900030397;0;7;0;0;2;3;1;A01
200900030398;0;7;0;0;0;4;2;B01
200900030398;0;31;0;0;2;1;2;A01
200900030399;0;30;0;0;2;3;9;A01
200900030399;0;30;0;0;2;1;1;B01
200900030400;0;2;0;0;2;1;2;A01
200900030400;0;7;0;0;0;8;16;B01
200900030401;0;33;0;0;5;3;1;A01
200900030402;0;7;0;0;2;2;15;A01
200900030402;0;33;0;0;2;1;1;B02
200900030403;0;33;0;0;6;1;1;A01
200900030404;0;30;0;0;0;0;0;A01
200900030405;0;10;0;0;1;3;1;A01
200900030406;0;7;0;0;2;3;9;A01
200900030406;0;30;0;0;2;1;9;B01
200900030407;0;7;0;0;1;1;1;A01
200900030408;0;7;0;0;2;3;1;A01
200900030408;0;31;0;0;2;1;1;B01
200900030409;0;7;0;0;2;2;15;A01
200900030409;0;30;0;0;2;1;1;B01
200900030410;0;31;0;15;0;1;1;A01
200900030411;0;7;0;9;0;3;1;A01
200900030412;0;7;0;0;1;1;1;A01
200900030413;0;7;0;0;2;1;2;A01
200900030413;0;7;0;1;0;4;2;B01
200900030414;0;32;0;0;2;8;1;B01
200900030414;0;1;0;0;0;5;1;A01
200900030415;0;7;0;0;2;3;1;B02
200900030415;0;7;0;0;2;3;13;A01
200900030416;0;7;0;0;2;3;19;B02
200900030416;0;7;0;0;2;1;1;A01
200900030416;0;7;0;0;2;8;1;C03
200900030417;0;7;0;0;2;1;1;B02
200900030417;0;7;0;0;2;1;13;A01
200900030418;0;7;0;0;2;1;1;B02
200900030418;0;7;0;0;2;1;13;A01
200900030419;0;7;0;0;2;5;15;A01
200900030419;0;33;0;0;2;1;1;C03
200900030419;0;33;0;0;2;1;1;B02
200900030420;0;7;0;3;0;3;1;A01
200900030421;0;7;0;0;2;2;1;A01
200900030421;0;3;0;0;2;1;19;B02
200900030422;0;33;0;13;0;1;1;A01
200900030423;0;33;0;0;6;1;21;A01
200900030424;0;7;0;0;2;2;6;A01
200900030424;0;7;0;0;2;1;1;B02
200900030425;0;7;0;0;1;2;1;A01
200900030426;0;10;0;0;2;2;1;A01
200900030426;0;99;0;0;2;7;15;B02
200900030427;0;10;0;0;2;2;1;A01
200900030427;0;2;0;0;2;1;19;B02
200900030428;0;33;0;0;2;3;1;A01
200900030428;0;7;0;0;2;2;19;B02
200900030429;0;7;0;0;2;2;17;A01
200900030429;0;33;0;0;2;1;1;B02
200900030430;0;7;0;0;2;1;1;A01
200900030430;0;7;0;0;2;1;19;B02
200900030431;0;7;0;0;2;3;1;A01
200900030431;0;10;0;0;2;3;1;B02
200900030432;0;7;0;0;2;4;2;C03
200900030432;0;7;0;0;2;4;2;B02
200900030432;0;33;0;0;2;1;2;A01
200900030433;0;7;0;0;2;3;15;A01
200900030433;0;7;0;0;2;1;1;B02
200900030434;0;33;0;14;2;1;17;A01
200900030434;0;7;0;0;2;8;19;B02
200900030434;0;7;0;0;2;8;23;C03
200900030435;0;7;0;0;2;8;1;C03
200900030435;0;7;0;0;2;8;1;D04
200900030435;0;7;0;0;2;3;13;A01
200900030435;0;7;0;0;2;8;1;B02
200900030436;0;30;0;8;0;3;13;A01
200900030437;0;33;0;15;0;1;1;A01
200900030438;0;32;0;0;2;1;1;B02
200900030438;0;7;0;0;2;8;19;A01
200900030439;0;37;0;0;1;2;1;A01
200900030440;0;30;0;0;0;7;1;A01
200900030441;0;7;0;0;1;2;1;A01
200900030442;0;2;0;0;2;1;5;A01
200900030442;0;7;0;0;0;8;2;B01
200900030443;0;7;0;0;0;1;2;A01
200900030443;0;2;0;0;2;5;9;B01
200900030444;0;7;0;0;1;2;1;A01
200900030445;0;7;0;0;2;1;15;A01
200900030445;0;7;0;0;2;1;1;B01
200900030446;0;7;0;0;0;5;15;A01
200900030446;0;2;0;0;2;1;1;B01
200900030447;0;30;0;0;2;8;18;B01
200900030447;0;7;0;0;2;2;16;A01
200900030448;0;7;0;8;2;1;15;A01
200900030448;0;7;0;0;0;3;2;B01
200900030449;0;7;0;0;1;2;1;A01
200900030450;0;7;0;0;2;3;15;B01
200900030450;0;31;0;0;2;2;17;A01
200900030451;0;31;0;0;2;3;2;B01
200900030451;0;7;0;0;0;5;16;A01
200900030452;0;33;0;0;2;7;2;B01
200900030452;0;7;0;0;0;3;13;A01
200900030453;0;1;0;0;2;2;1;B01
200900030453;0;7;0;0;2;6;20;A01
200900030454;0;40;0;0;1;0;2;A01
200900030455;0;7;0;0;2;1;1;A01
200900030455;0;7;0;0;2;4;1;B01
200900030456;0;7;0;0;0;7;16;B01
200900030456;0;31;0;0;2;1;18;A01
200900030457;0;30;0;0;2;1;1;B01
200900030457;0;7;0;0;0;3;10;A01
200900030458;0;7;0;0;2;2;9;A01
200900030458;0;2;0;0;2;1;1;B01
200900030459;0;7;0;0;2;1;15;A01
200900030459;0;33;0;1;2;2;1;B01
200900030460;0;33;0;0;0;7;1;A01
200900030461;0;7;0;0;2;3;2;A01
200900030461;0;2;0;1;0;9;2;B01
200900030462;0;7;0;0;2;3;15;A01
200900030462;0;2;0;0;0;0;1;B01
200900030463;1;7;0;0;0;0;17;A01
200900030463;0;7;0;0;2;3;2;B01
200900030464;0;7;0;0;2;3;18;A01
200900030464;0;2;0;0;2;7;15;B01
200900030465;0;30;0;0;2;3;18;A01
200900030465;0;7;0;0;0;7;16;B01
200900030466;0;7;0;0;1;1;1;A01
200900030467;0;33;0;0;2;1;2;A01
200900030467;0;7;0;0;0;4;2;B01
200900030468;0;7;0;0;2;3;9;B01
200900030468;0;30;0;0;0;7;3;A01
200900030469;0;1;0;0;2;1;0;B01
200900030469;0;7;0;0;0;7;22;A01
200900030470;0;7;0;0;2;3;15;A01
200900030470;0;33;0;0;2;1;2;B01
200900030471;0;30;0;0;2;2;2;A01
200900030471;0;7;0;0;2;1;2;B01
200900030472;0;10;0;0;2;2;1;B01
200900030472;0;7;0;0;2;1;1;A01
200900030473;0;7;0;0;2;0;1;B01
200900030473;0;1;0;0;0;8;19;A01
200900030474;0;7;0;0;2;1;2;A01
200900030474;0;7;0;0;2;2;2;B01
200900030475;0;7;0;0;2;3;9;B01
200900030475;0;31;0;0;2;3;9;A01
200900030476;0;7;0;0;0;3;13;A01
200900030476;0;33;0;0;2;1;1;B01
200900030477;0;7;0;3;0;0;15;A01
200900030478;0;10;0;0;0;8;21;A01
200900030478;0;2;0;0;2;2;17;B01
200900030479;0;7;0;0;2;3;10;A01
200900030479;0;32;0;0;2;1;1;B01
200900030480;0;33;0;0;2;2;17;A01
200900030480;0;7;0;0;2;3;20;B01
200900030481;0;33;0;0;1;2;1;A01
200900030482;0;7;0;0;2;3;1;B01
200900030482;0;33;0;0;2;2;9;A01
200900030483;0;7;0;0;2;2;0;A01
200900030483;0;1;0;0;0;8;0;B01
200900030484;0;7;0;0;1;2;1;A01
200900030485;0;33;0;0;2;1;1;A01
200900030485;0;10;0;0;2;3;15;B01
200900030486;0;7;0;0;2;1;1;B01
200900030486;0;1;0;0;2;1;1;A01
200900030487;0;7;0;0;2;1;1;A01
200900030487;0;7;0;0;2;4;1;B01
200900030488;0;2;0;0;2;1;1;A01
200900030488;0;7;0;0;2;6;15;B01
200900030489;0;7;0;0;2;3;15;A01
200900030489;0;33;0;0;2;3;1;B01
200900030490;0;7;0;0;2;1;1;B01
200900030490;0;7;0;8;2;1;9;A01
200900030491;0;2;0;0;0;1;2;B01
200900030491;0;7;0;1;0;3;2;A01
200900030492;0;7;0;6;0;3;16;A01
200900030492;0;7;0;0;2;1;2;B01
200900030493;0;7;0;0;2;4;2;B01
200900030493;0;37;0;0;2;1;2;A01
200900030494;0;7;0;0;2;3;15;A01
200900030494;0;33;0;0;2;1;1;B01
200900030495;0;7;0;0;0;3;15;A01
200900030495;0;2;0;0;2;0;1;B01
200900030496;0;7;0;6;0;1;21;A01
200900030497;0;7;0;0;0;3;1;B01
200900030497;0;7;0;11;2;1;6;A01
200900030498;0;31;0;0;1;3;1;A01
200900030499;0;7;0;0;4;2;1;A01
200900030499;0;40;0;0;0;8;1;B01
200900030500;0;2;0;0;2;1;1;A01
200900030500;0;7;0;0;2;7;16;B01
200900030501;0;33;0;0;2;2;17;A01
200900030501;0;7;0;0;0;8;15;B01
200900030502;0;7;0;0;0;0;15;B01
200900030502;0;31;0;0;0;7;1;A01
200900030503;0;33;0;0;2;1;1;B01
200900030503;0;7;0;0;0;8;10;A01
200900030504;0;7;0;1;2;9;2;B01
200900030504;0;7;0;0;2;3;2;A01
200900030505;0;7;0;0;2;1;15;A01
200900030505;0;31;0;0;0;7;2;B01
200900030506;0;7;0;0;0;4;2;C01
200900030506;0;2;0;0;2;4;2;B01
200900030506;0;7;0;0;2;3;2;A01
200900030507;0;7;0;1;0;1;1;A01
200900030508;0;7;0;0;0;5;2;C01
200900030508;0;30;0;0;0;0;1;A01
200900030508;0;7;0;0;0;6;2;B01
200900030509;0;37;0;0;2;1;15;A01
200900030509;0;7;0;0;2;1;1;B01
200900030510;0;7;0;0;2;1;1;A01
200900030510;0;7;0;1;2;5;1;B01
200900030511;0;7;0;0;2;4;2;C01
200900030511;0;7;0;0;2;4;2;B01
200900030511;0;7;0;0;2;1;2;A01
200900030512;0;7;0;0;2;3;2;A01
200900030512;0;7;0;0;2;7;9;B01
200900030513;0;7;0;0;2;3;0;B01
200900030513;0;2;0;0;2;1;1;A01
200900030514;0;40;0;0;1;1;2;A01
200900030515;0;32;0;0;2;0;1;C01
200900030515;0;7;0;0;2;8;22;A01
200900030515;0;1;0;0;2;8;1;B01
200900030516;0;32;0;0;2;1;1;B01
200900030516;0;7;0;0;0;8;10;A01
200900030517;0;2;0;0;2;1;5;A01
200900030517;0;7;0;0;2;8;9;B01
200900030518;0;2;0;0;2;1;2;A01
200900030518;0;2;0;0;0;4;2;B01
200900030519;0;1;0;0;0;4;16;A01
200900030519;0;7;0;0;2;8;2;B01
200900030520;0;7;0;0;1;2;1;A01
200900030521;0;7;0;0;2;3;15;A01
200900030521;0;1;0;0;2;1;1;B01
200900030522;1;7;0;0;0;0;1;B01
200900030522;0;33;0;0;2;0;1;A01
200900030523;0;7;0;0;0;4;4;A01
200900030523;0;1;0;0;2;0;1;B01
200900030524;0;7;0;0;0;0;16;A01
200900030525;0;2;0;0;2;8;2;B01
200900030525;1;7;0;0;0;0;0;A01
200900030526;0;38;0;0;1;3;2;A01
200900030527;0;7;0;0;2;1;2;A01
200900030528;0;10;0;14;0;2;1;A01
200900030529;0;7;0;0;2;4;15;B01
200900030529;0;33;0;0;2;1;2;A01
200900030530;0;2;0;0;2;1;1;B01
200900030530;0;7;0;0;2;3;15;A01
200900030531;0;7;0;0;2;2;15;A01
200900030531;0;7;0;0;2;1;1;B01
200900030532;0;7;0;0;1;0;0;A01
200900030533;0;40;0;0;2;1;23;B01
200900030533;0;7;0;0;4;1;0;A01
200900030534;0;31;0;0;2;1;2;B01
200900030534;0;7;0;0;2;3;9;A01
200900030535;0;31;0;0;2;1;1;B01
200900030535;0;2;0;0;2;1;15;A01
200900030536;0;30;0;1;2;1;2;A01
200900030536;0;7;0;0;0;4;2;B01
200900030537;0;7;0;0;2;3;2;B01
200900030537;0;7;0;0;2;3;2;A01
200900030538;0;2;0;0;2;1;1;B01
200900030538;0;7;0;0;2;2;15;A01
200900030539;0;33;0;0;1;2;1;A01
200900030540;0;7;0;0;2;3;1;B01
200900030540;0;7;0;0;2;1;15;A01
200900030541;0;7;0;0;2;3;9;A01
200900030541;0;7;0;0;2;3;1;B01
200900030542;0;3;0;0;1;1;16;A01
200900030543;0;7;0;0;1;2;15;A01
200900030544;0;1;0;0;0;2;2;B01
200900030544;0;7;0;0;2;1;15;A01
200900030545;0;2;0;0;2;1;1;A01
200900030545;0;7;0;0;2;5;15;B01
200900030546;0;7;0;0;0;2;15;A01
200900030546;0;33;0;0;2;1;2;B01
200900030547;0;2;0;0;2;5;15;A01
200900030547;0;31;0;0;2;3;1;B02
200900030548;0;7;0;0;2;1;15;A01
200900030549;0;7;0;1;0;1;1;A01
200900030550;0;33;0;9;0;1;21;A01
200900030551;0;1;0;0;2;8;15;B02
200900030551;0;7;0;0;2;1;17;A01
200900030552;0;7;0;6;0;9;13;A01
200900030553;0;7;0;6;0;3;1;A01
200900030554;0;30;0;0;2;8;9;A01
200900030554;0;7;0;0;2;1;21;B02
200900030555;0;33;0;0;2;1;1;A01
200900030555;0;7;0;0;0;6;1;B01
200900030556;0;7;0;0;2;1;1;A01
200900030556;0;15;0;0;0;4;1;B01
200900030557;0;33;0;0;0;3;1;A01
200900030558;0;7;0;4;0;1;1;A01
200900030559;0;7;0;0;0;4;1;B01
200900030559;0;7;0;0;2;1;1;A01
200900030560;0;7;0;4;0;1;2;A01
200900030561;1;7;0;0;0;0;5;A01
200900030561;0;7;0;3;0;1;1;B01
200900030562;0;7;0;4;0;1;2;A01
200900030563;0;7;0;0;0;0;12;A01
200900030563;0;33;0;3;0;3;17;B01
200900030564;0;7;0;3;0;1;1;A01
200900030565;0;7;0;0;0;4;2;B01
200900030565;0;17;0;0;2;1;2;A01
200900030566;0;7;0;0;0;6;1;B01
200900030566;0;15;0;0;2;2;12;A01
200900030567;0;10;0;0;2;9;1;A01
200900030567;0;7;0;0;0;7;1;B01
200900030568;0;7;0;0;0;5;1;B01
200900030568;1;7;0;0;2;0;12;C01
200900030568;0;10;0;0;2;1;1;A01
200900030569;0;7;0;4;0;1;0;A01
200900030570;0;7;0;7;2;1;1;A01
200900030570;0;7;0;0;0;4;1;B01
200900030571;0;17;0;3;0;7;1;A01
200900030572;0;33;0;0;0;3;2;B01
200900030572;0;7;0;0;2;2;12;A01
200900030573;0;7;0;0;2;2;1;C01
200900030573;0;7;0;0;0;5;1;B01
200900030573;0;7;0;0;2;1;1;A01
200900030573;0;10;0;0;0;4;1;D01
200900030574;0;7;0;4;0;1;2;A01
200900030575;0;7;0;0;2;1;1;A01
200900030575;0;7;0;0;0;4;1;B01
200900030576;0;7;0;0;2;1;1;A01
200900030576;0;7;0;0;0;4;2;B01
200900030577;0;7;0;0;0;5;1;B01
200900030577;0;7;0;0;2;3;18;A01
200900030578;0;33;0;0;2;1;1;A01
200900030578;0;7;0;0;0;6;11;B01
200900030579;0;7;0;0;0;1;1;B01
200900030579;0;17;0;0;9;2;2;C01
200900030579;0;10;0;0;9;0;1;A01
200900030580;0;7;0;4;0;1;2;A01
200900030581;0;7;0;0;2;1;2;A01
200900030581;0;7;0;0;0;4;2;B01
200900030582;0;7;0;0;0;3;2;B01
200900030582;0;17;0;0;2;5;12;A01
200900030583;0;7;0;4;0;7;1;A01
200900030584;0;33;0;0;0;8;1;A01
200900030585;0;14;0;0;2;1;1;A01
200900030585;0;15;0;0;0;4;1;B01
200900030586;0;7;0;4;0;1;2;A01
200900030587;0;33;0;0;2;1;1;B01
200900030587;0;7;0;0;2;7;15;A01
200900030588;0;7;0;0;2;7;1;B01
200900030588;0;7;0;0;2;1;1;A01
200900030589;0;7;0;0;2;1;1;B01
200900030589;0;7;0;0;2;2;15;A01
200900030590;0;10;0;15;0;1;1;A01
200900030591;0;7;0;0;0;3;1;A01
200900030591;0;32;0;0;2;1;1;B01
200900030592;0;10;0;0;2;4;2;B02
200900030592;0;7;0;0;2;1;2;A01
200900030593;0;10;0;0;2;1;11;A01
200900030593;0;7;0;0;0;4;1;B01
200900030594;0;7;0;0;2;2;1;B02
200900030594;0;7;0;0;2;3;13;A01
200900030595;0;14;0;1;0;2;0;B02
200900030595;0;7;0;1;0;1;19;A01
200900030596;0;7;0;0;0;7;22;A01
200900030596;0;33;0;0;2;1;18;B01
200900030597;1;7;0;;;2;;B02
200900030597;0;7;0;;;6;1;A01
200900030598;0;7;0;2;0;9;13;A01
200900030599;0;7;0;0;0;1;1;A01
200900030600;0;7;0;13;0;1;1;A01
200900030601;0;7;0;1;0;2;1;A01
200900030601;0;17;0;0;0;6;24;B01
200900030602;0;15;0;0;2;4;4;A01
200900030602;0;7;0;0;2;2;1;B01
200900030603;0;7;0;0;1;1;1;A01
200900030604;0;7;0;0;2;3;10;A01
200900030604;0;33;0;0;2;2;17;B01
200900030605;0;7;0;0;1;1;1;A01
200900030606;0;7;0;0;2;1;1;B02
200900030606;0;7;0;0;2;7;13;A01
200900030607;0;7;0;0;2;1;1;B01
200900030607;0;7;0;0;0;4;2;C01
200900030607;0;7;0;0;2;1;1;A01
200900030608;0;7;0;0;2;3;1;B01
200900030608;0;7;0;0;2;1;1;A01
200900030609;0;33;0;0;0;8;1;A01
200900030610;0;7;0;13;0;1;1;A01
200900030611;0;7;0;0;2;3;13;A01
200900030611;0;7;0;0;2;3;1;B02
200900030612;0;7;0;0;2;4;2;B01
200900030612;0;7;0;0;2;1;2;A01
200900030613;0;7;0;0;0;4;23;B01
200900030613;0;10;0;0;2;1;1;A01
200900030614;0;7;0;0;2;2;17;A01
200900030614;0;1;0;0;2;6;1;B02
200900030615;0;2;0;0;2;6;1;B01
200900030615;0;7;0;0;2;2;2;A01
200900030616;0;7;0;0;0;3;0;A01
200900030617;0;99;0;0;1;2;9;A01
200900030618;0;1;0;0;2;1;1;B01
200900030618;0;10;0;0;2;3;15;A01
200900030619;0;7;0;0;0;0;1;A01
200900030620;0;7;0;0;2;2;10;A01
200900030620;0;32;0;0;2;8;1;B02
200900030621;0;7;0;13;0;9;14;A01
200900030622;0;7;0;0;1;3;1;A01
200900030623;0;2;0;0;2;1;2;A01
200900030623;0;7;0;0;2;5;2;B01
200900030624;0;7;0;0;2;2;15;A01
200900030624;0;7;0;0;2;3;1;B01
200900030625;0;7;0;0;2;2;16;B02
200900030625;0;2;0;6;2;1;18;A01
200900030626;0;7;0;0;2;1;1;B01
200900030626;0;7;0;0;2;6;9;A01
200900030627;0;7;0;0;2;1;2;A01
200900030627;0;2;0;0;2;4;1;B01
200900030628;0;7;0;0;2;1;2;B01
200900030628;0;7;0;0;2;4;1;A01
200900030629;0;7;0;0;1;2;1;A01
200900030630;0;7;0;0;2;1;1;B02
200900030630;0;2;0;0;2;1;13;A01
200900030631;0;33;0;0;2;1;2;B02
200900030631;0;7;0;0;2;4;15;A01
200900030632;0;7;0;0;2;7;1;A01
200900030632;0;7;0;0;2;1;1;B01
200900030633;0;7;0;0;2;1;1;B01
200900030633;0;7;0;0;2;1;13;A01
200900030634;0;7;0;0;9;1;1;B01
200900030634;0;1;0;0;2;1;5;A01
200900030635;0;7;0;0;2;4;1;B01
200900030635;0;7;0;0;2;1;1;A01
200900030636;0;7;0;0;2;2;17;B02
200900030636;0;7;0;0;0;6;1;A01
200900030636;0;7;0;0;2;1;1;C03
200900030637;0;2;0;0;2;1;1;B02
200900030637;0;7;0;0;2;7;15;A01
200900030638;0;33;0;0;2;2;3;B02
200900030638;1;7;0;0;2;8;13;A01
200900030639;0;33;0;13;0;1;15;A01
200900030640;0;7;0;8;0;9;1;A01
200900030641;0;7;0;0;2;3;13;A01
200900030641;0;14;0;0;2;3;1;B02
200900030642;0;7;0;8;0;9;17;A01
200900030643;0;7;0;6;0;1;1;A01
200900030643;0;7;0;13;0;7;1;B02
200900030644;0;7;0;0;2;3;1;A01
200900030644;0;7;0;0;2;3;1;B02
200900030645;0;33;0;0;2;1;1;A01
200900030645;0;7;0;0;2;7;1;B02
200900030646;0;7;0;13;0;3;1;A01
200900030647;0;7;0;0;2;7;9;B02
200900030647;0;7;0;0;2;1;1;A01