num_acc;senc;catv;occutc;obs;obsm;choc;manv;num_veh
200900030648;0;7;0;6;0;2;1;A01
200900030649;0;2;0;6;0;3;1;A01
200900030650;0;1;0;0;0;7;1;A01
200900030650;0;7;0;0;2;1;1;B02
200900030651;0;30;0;0;2;8;1;B02
200900030651;0;37;0;0;2;1;1;A01
200900030652;0;7;0;13;0;1;14;A01
200900030653;0;33;0;0;2;1;13;A01
200900030653;0;7;0;0;2;1;0;B02
200900030654;0;7;0;0;2;1;13;A01
200900030654;0;7;0;0;2;1;1;B02
200900030655;0;14;0;0;2;4;4;A01
200900030655;0;2;0;0;2;7;1;B02
200900030656;0;10;0;0;2;1;1;A01
200900030656;0;30;0;0;2;7;1;B02
200900030657;0;7;0;0;2;2;1;A01
200900030657;0;30;0;0;0;4;15;B02
200900030658;0;7;0;0;2;3;15;A01
200900030658;0;33;0;1;2;1;1;B02
200900030659;0;7;0;0;0;8;10;B02
200900030659;0;33;0;0;2;1;17;A01
200900030660;0;7;0;0;2;3;1;C03
200900030660;0;10;0;0;2;1;1;A01
200900030660;0;3;0;0;2;2;1;B02
200900030661;0;7;0;0;2;2;17;B02
200900030661;0;1;0;0;0;4;15;A01
200900030662;0;7;0;2;0;3;0;A01
200900030663;0;7;0;0;2;1;1;A01
200900030663;0;7;0;0;2;1;13;B02
200900030664;0;7;0;0;2;1;1;B02
200900030664;0;10;0;0;0;6;19;A01
200900030665;0;16;0;13;0;1;1;A01
200900030666;0;7;0;0;2;3;13;A01
200900030666;0;17;0;0;2;3;1;B02
200900030667;0;7;0;8;0;1;1;A01
200900030668;0;7;0;0;2;1;13;A01
200900030668;0;7;0;0;2;1;1;B02
200900030669;0;7;0;0;2;1;1;A01
200900030669;0;2;0;0;2;1;13;B02
200900030670;0;7;0;13;0;1;1;A01
200900030671;0;7;0;0;2;3;10;A01
200900030671;0;2;0;0;2;1;1;B02
200900030672;0;7;0;15;0;9;1;A01
200900030673;0;33;0;0;2;1;1;B02
200900030673;0;14;0;0;2;5;15;A01
200900030674;0;7;0;2;0;1;16;A01
200900030675;0;33;0;13;0;7;1;A01
200900030676;0;7;0;0;2;1;1;A01
200900030676;0;7;0;0;2;1;1;B01
200900030677;0;10;0;3;0;3;1;A01
200900030678;0;7;0;3;0;3;1;A01
200900030679;0;7;0;4;0;1;1;A01
200900030680;0;7;0;0;2;1;2;A01
200900030680;0;15;0;0;0;4;2;B01
200900030681;0;33;0;0;2;1;1;A01
200900030681;0;7;0;0;0;6;1;B01
200900030682;0;10;0;3;0;3;1;A01
200900030683;0;10;0;0;2;1;1;A01
200900030683;0;7;0;0;0;4;2;B01
200900030684;0;15;0;0;2;1;2;A01
200900030684;0;7;0;0;0;4;1;B01
200900030685;0;7;0;0;0;4;1;B01
200900030685;1;10;0;0;2;1;2;A01
200900030686;0;7;0;0;1;2;1;A01
200900030687;0;33;0;16;0;1;1;A01
200900030688;0;7;0;0;0;4;1;D01
200900030688;0;7;0;0;2;1;1;A01
200900030688;0;10;0;0;2;4;2;B01
200900030688;0;10;0;0;2;4;1;C01
200900030689;0;7;0;0;0;4;2;D01
200900030689;0;7;0;0;2;4;2;B01
200900030689;0;7;0;0;2;4;2;C01
200900030689;0;99;0;0;2;1;2;A01
200900030690;0;33;0;14;0;7;1;A01
200900030691;0;14;0;0;2;2;12;A01
200900030691;0;7;0;0;0;6;1;B01
200900030692;0;7;0;4;0;1;0;A01
200900030693;0;7;0;4;0;3;1;A01
200900030694;0;33;0;0;5;1;1;A01
200900030695;0;7;0;0;2;1;1;A01
200900030695;0;7;0;0;2;4;2;B01
200900030695;0;7;0;0;0;4;2;C01
200900030696;0;7;0;0;2;8;11;A01
200900030696;0;33;0;0;0;7;1;B01
200900030697;0;33;0;3;2;2;0;A01
200900030697;0;7;0;0;0;8;1;B01
200900030698;0;7;0;15;0;8;14;A01
200900030699;0;7;0;0;0;8;1;B01
200900030699;0;15;0;0;2;2;12;A01
200900030700;0;7;0;0;2;6;11;A01
200900030700;0;33;0;0;2;1;1;B01
200900030700;0;7;0;14;0;1;2;C01
200900030701;0;2;0;0;2;9;2;B01
200900030701;0;7;0;0;2;1;9;A01
200900030702;0;7;0;0;2;1;15;A01
200900030702;0;30;0;0;0;8;8;B01
200900030703;0;7;0;0;1;1;24;A01
200900030704;0;2;0;0;2;1;1;B01
200900030704;0;37;1;0;0;2;15;A01
200900030705;0;40;0;0;2;2;1;B01
200900030705;0;7;0;0;0;8;15;A01
200900030706;0;40;0;0;1;0;1;A01
200900030707;0;31;0;0;2;1;18;B01
200900030707;0;7;0;0;2;2;16;A01
200900030708;0;33;0;0;2;1;1;A01
200900030708;0;7;0;0;0;6;15;B01
200900030709;0;7;0;6;0;9;21;B01
200900030709;0;7;0;0;0;0;13;A01
200900030710;0;30;0;0;0;0;0;A01
200900030711;0;7;0;0;2;8;10;A01
200900030711;0;7;0;0;1;1;1;B01
200900030712;0;7;0;6;2;1;17;A01
200900030712;0;7;0;0;2;1;16;B01
200900030713;0;40;0;0;1;1;1;A01
200900030714;0;3;0;0;0;9;14;A01
200900030715;0;30;0;0;0;7;17;A01
200900030715;0;99;0;0;2;3;15;B01
200900030716;0;7;0;0;0;6;4;A01
200900030716;0;1;0;0;0;0;1;B01
200900030717;0;7;0;0;2;4;1;A01
200900030717;0;10;0;0;2;1;0;B01
200900030718;0;7;0;0;1;2;16;A01
200900030719;0;2;0;0;2;9;17;B01
200900030719;0;7;0;0;2;3;15;A01
200900030720;0;7;0;0;2;4;23;B01
200900030720;0;10;0;0;0;4;23;C01
200900030720;0;7;0;0;2;1;1;A01
200900030721;0;7;0;0;2;3;1;B01
200900030721;0;30;0;0;0;7;1;A01
200900030722;0;10;0;0;2;1;21;A01
200900030722;0;7;0;1;0;3;21;B01
200900030723;0;32;0;0;2;1;13;A01
200900030723;0;7;0;0;2;1;1;B01
200900030724;0;1;0;0;2;1;1;A01
200900030724;0;7;0;0;2;8;15;B01
200900030725;0;7;0;0;0;3;1;A01
200900030725;0;7;0;0;2;1;1;B01
200900030726;0;7;0;0;2;1;1;A01
200900030726;0;7;0;0;0;8;15;B01
200900030727;0;7;0;0;2;3;20;A01
200900030727;0;33;0;0;2;7;17;B01
200900030728;0;2;0;0;1;1;14;A01
200900030729;0;7;0;8;0;1;0;A01
200900030730;0;7;0;0;2;1;16;A01
200900030730;0;7;0;0;2;3;1;B01
200900030731;1;7;0;0;2;0;1;A01
200900030731;0;1;0;0;0;4;1;B01
200900030732;0;7;0;0;1;1;1;A01
200900030733;0;14;0;0;1;3;1;A01
200900030734;0;33;0;0;2;1;1;B01
200900030734;0;7;0;0;2;5;15;A01
200900030735;0;30;0;0;2;1;13;A01
200900030735;0;7;0;0;2;1;1;B01
200900030736;0;7;0;0;0;6;15;B01
200900030736;0;30;0;0;2;1;1;A01
200900030737;0;7;0;1;0;0;1;A01
200900030738;0;7;0;0;2;1;15;A01
200900030738;0;7;0;0;2;3;2;B01
200900030739;1;7;0;0;2;0;0;A01
200900030739;0;33;0;0;2;7;17;B01
200900030740;0;31;0;12;0;1;1;A01
200900030741;0;33;0;9;0;1;14;A01
200900030742;0;7;0;0;0;7;15;B01
200900030742;0;7;0;12;2;3;1;A01
200900030743;0;7;0;0;2;3;1;B01
200900030743;1;7;0;0;0;0;1;A01
200900030744;0;7;0;0;2;4;1;B01
200900030744;0;7;0;0;2;1;1;A01
200900030745;0;7;0;0;2;3;13;A01
200900030745;0;7;0;0;2;3;2;B01
200900030746;0;2;0;0;0;1;1;A01
200900030747;0;33;0;0;2;1;2;B01
200900030747;0;7;0;0;2;3;15;A01
200900030748;0;7;0;0;1;2;1;A01
200900030749;0;7;0;0;0;3;15;A01
200900030749;0;33;0;0;2;1;1;B01
200900030750;0;33;0;0;1;2;1;A01
200900030751;0;7;0;0;2;2;1;A01
200900030752;0;2;0;0;2;1;17;A01
200900030752;0;7;0;0;2;3;15;B01
200900030753;0;33;0;0;2;0;21;B01
200900030753;1;7;0;0;0;0;15;A01
200900030754;0;7;0;0;2;1;15;B01
200900030754;0;2;0;0;2;1;2;A01
200900030755;0;7;0;0;2;8;1;B01
200900030755;0;7;0;0;2;7;1;A01
200900030756;0;7;0;0;2;1;1;A01
200900030756;0;7;0;0;2;4;1;B01
200900030757;0;1;0;9;2;1;1;A01
200900030757;0;7;0;0;0;4;15;B01
200900030758;0;7;0;0;0;8;22;A01
200900030758;0;1;0;1;0;1;1;B01
200900030759;0;7;0;0;2;1;1;A01
200900030759;0;7;0;0;0;4;1;B01
200900030760;0;7;0;1;0;1;14;A01
200900030761;0;7;0;0;2;7;15;B01
200900030761;0;2;0;0;2;2;1;A01
200900030762;0;30;0;0;2;1;2;A01
200900030762;0;7;0;0;2;7;16;B01
200900030763;0;7;0;0;2;1;2;A01
200900030764;0;30;0;0;1;7;1;A01
200900030765;0;7;0;0;1;1;1;A01
200900030766;0;7;0;0;2;1;2;A01
200900030766;0;30;0;0;2;1;23;B01
200900030766;0;7;0;0;0;4;23;C01
200900030767;0;10;0;0;0;5;15;B01
200900030767;0;31;0;0;2;7;1;A01
200900030768;0;7;0;0;2;3;15;A01
200900030768;0;7;0;0;2;8;1;B01
200900030769;0;33;0;0;0;1;1;A01
200900030770;0;7;0;0;2;3;1;A01
200900030770;0;33;0;0;2;1;1;B01
200900030771;0;7;0;0;2;2;1;A01
200900030771;0;7;0;0;2;1;1;B01
200900030772;0;31;0;0;2;1;1;A01
200900030772;0;7;0;0;2;3;1;B01
200900030773;0;33;0;0;2;1;1;A01
200900030773;0;7;0;0;2;8;1;B01
200900030774;0;30;0;0;2;3;13;A01
200900030774;0;7;0;0;0;5;1;B01
200900030775;0;1;0;0;2;1;1;B01
200900030775;0;7;0;0;2;7;23;A01
200900030776;0;30;0;0;2;1;1;B01
200900030776;0;7;0;0;0;3;15;A01
200900030777;0;7;0;0;1;2;16;A01
200900030778;0;7;0;0;2;8;24;A01
200900030778;0;1;0;0;2;1;1;B01
200900030779;0;7;0;0;2;2;15;B01
200900030779;0;2;0;0;2;1;1;A01
200900030780;0;30;0;0;2;1;2;A01
200900030780;0;7;0;0;2;5;2;B01
200900030781;0;7;0;7;2;1;1;B01
200900030781;0;7;0;0;0;2;1;A01
200900030782;0;2;0;0;2;5;15;B01
200900030782;0;7;0;0;2;8;9;A01
200900030783;0;2;0;0;2;3;2;A01
200900030783;0;2;0;0;2;1;2;B01
200900030784;0;7;0;0;2;2;1;B01
200900030784;0;7;0;0;2;4;20;A01
200900030785;0;7;0;0;2;1;13;A01
200900030785;0;7;0;0;2;1;1;B02
200900030786;0;7;0;6;0;1;17;A01
200900030787;0;31;0;0;2;1;17;A01
200900030787;0;10;0;0;2;3;15;B02
200900030788;0;33;0;0;2;2;1;B01
200900030788;0;10;0;0;2;3;11;A01
200900030789;0;7;0;0;2;7;1;B01
200900030789;0;7;0;0;2;1;1;A01
200900030790;0;7;0;0;2;1;1;A01
200900030790;0;1;0;0;2;4;23;B01
200900030791;0;33;0;0;2;7;17;B01
200900030791;0;7;0;0;2;3;15;A01
200900030792;0;32;0;0;2;8;13;B01
200900030792;0;14;0;0;2;5;4;A01
200900030793;0;2;0;0;2;1;16;A01
200900030793;0;7;0;0;0;3;1;B01
200900030794;0;7;0;0;1;1;1;A01
200900030795;0;7;0;0;2;1;1;A01
200900030796;0;7;0;0;2;8;10;A01
200900030796;0;33;0;0;2;5;17;B01
200900030797;0;7;0;0;2;2;1;B01
200900030797;0;1;0;0;2;7;19;A01
200900030798;0;7;0;0;2;1;1;A01
200900030798;0;7;0;0;2;4;1;B01
200900030799;0;7;0;0;0;0;0;A01
200900030800;0;7;0;0;2;3;22;A01
200900030800;0;1;0;0;2;1;1;B01
200900030800;0;7;0;0;2;2;1;C01
200900030801;0;7;0;0;2;8;1;B01
200900030801;0;2;0;0;2;2;1;A01
200900030802;0;7;0;0;1;1;1;B01
200900030802;1;7;0;0;0;0;0;A01
200900030803;0;31;0;0;2;7;15;B02
200900030803;0;7;0;0;2;3;1;A01
200900030804;0;21;0;0;0;6;15;B02
200900030804;0;33;0;0;2;1;17;A01
200900030805;0;33;0;3;0;9;0;A01
200900030806;0;30;0;0;2;1;1;B02
200900030806;0;7;0;0;2;3;13;A01
200900030807;0;7;0;6;0;2;1;A01
200900030808;0;2;0;0;1;2;23;A01
200900030809;0;30;0;9;0;7;5;A01
200900030810;0;14;0;13;0;9;0;A01
200900030811;0;21;0;0;0;0;17;A01
200900030811;0;1;0;0;2;8;1;D04
200900030812;0;1;0;0;2;3;1;B01
200900030812;0;7;0;0;2;2;16;A01
200900030813;0;2;0;16;0;3;0;A01
200900030814;0;10;0;14;1;4;4;A01
200900030815;0;33;0;13;0;1;1;A01
200900030816;0;7;0;2;0;7;1;A01
200900030817;0;2;0;0;2;8;18;A01
200900030817;0;7;0;0;0;7;1;B02
200900030818;0;7;0;0;2;2;1;B02
200900030818;0;33;0;16;2;9;13;A01
200900030819;0;1;0;0;2;1;1;B01
200900030819;0;7;0;0;0;2;16;A01
200900030820;1;7;0;0;2;0;1;A01
200900030820;0;2;0;0;2;4;1;B01
200900030821;0;7;0;0;2;3;0;B01
200900030821;0;7;0;0;2;3;0;A01
200900030822;0;7;0;0;2;3;1;A01
200900030822;0;7;0;0;2;8;16;B01
200900030823;0;7;0;0;2;3;2;B01
200900030823;0;7;0;0;2;1;16;A01
200900030824;0;1;0;0;2;1;5;A01
200900030824;0;7;0;0;2;3;16;B01
200900030825;0;33;0;16;0;3;0;A01
200900030826;0;7;0;0;2;2;15;A01
200900030826;0;7;0;0;2;1;1;B01
200900030827;0;33;0;1;0;1;2;A01
200900030828;0;7;0;6;0;1;1;A01
200900030829;0;10;0;0;1;0;4;A01
200900030830;0;32;0;0;2;1;1;B01
200900030830;0;7;0;0;0;8;15;A01
200900030831;0;7;0;0;1;4;4;A01
200900030832;0;33;0;0;2;1;2;A01
200900030832;0;7;0;0;2;4;1;B01
200900030833;0;7;0;0;1;7;1;A01
200900030834;0;7;0;0;2;1;1;A01
200900030834;0;31;0;0;0;6;1;B01
200900030835;0;7;0;0;2;1;2;A01
200900030835;0;7;0;0;0;4;2;C01
200900030835;0;7;0;0;2;4;2;B01
200900030836;0;7;0;4;0;1;9;A01
200900030837;0;7;0;0;2;1;9;A01
200900030837;0;7;0;0;2;8;1;B01
200900030838;0;7;0;0;2;1;1;A01
200900030838;0;33;0;8;0;4;23;B01
200900030839;0;7;0;0;2;1;1;A01
200900030839;0;1;0;0;2;1;19;B01
200900030840;0;7;0;0;0;0;2;C01
200900030840;0;31;0;0;2;1;2;A01
200900030840;0;7;0;0;0;4;2;B01
200900030841;0;1;0;0;0;8;1;A01
200900030841;0;99;0;0;2;1;1;B01
200900030842;0;7;0;0;2;1;1;B01
200900030842;0;7;0;0;2;8;1;A01
200900030843;0;30;0;0;2;1;2;A01
200900030843;0;7;0;0;2;4;23;B01
200900030844;0;7;0;0;2;1;1;B01
200900030844;0;7;0;0;0;4;1;A01
200900030845;0;31;0;0;2;1;17;A01
200900030845;0;10;0;0;0;8;15;B01
200900030846;0;7;0;0;0;3;2;B01
200900030846;2;7;0;0;2;1;2;A01
200900030847;0;31;0;0;2;1;1;B01
200900030847;0;7;0;0;2;2;15;A01
200900030848;0;7;0;0;2;1;1;B01
200900030848;0;1;0;0;2;1;1;A01
200900030849;0;7;0;0;2;1;1;B02
200900030849;0;30;0;0;2;6;19;A01
200900030850;0;7;0;0;2;1;9;A01
200900030850;0;2;0;0;2;7;21;B02
200900030851;0;33;0;0;2;1;1;B02
200900030851;0;3;0;0;2;8;19;A01
200900030852;0;7;0;0;2;1;2;A01
200900030852;0;7;0;0;0;4;2;B02
200900030853;0;7;0;0;2;1;1;A01
200900030853;0;7;0;0;2;4;15;B02
200900030854;0;36;0;0;0;9;1;A01
200900030855;0;2;0;8;0;8;1;A01
200900030856;0;7;0;0;2;1;2;B02
200900030856;0;7;0;0;2;4;2;C03
200900030856;0;7;0;0;2;4;2;A01
200900030857;0;7;0;0;2;2;19;A01
200900030857;0;33;0;0;2;2;1;B02
200900030858;0;30;0;13;0;1;1;A01
200900030859;0;7;0;0;2;1;2;A01
200900030859;0;7;0;0;0;4;2;B02
200900030860;0;33;0;0;2;1;1;B02
200900030860;0;7;0;0;2;8;19;A01
200900030861;0;10;0;0;1;3;1;A01
200900030862;0;7;0;2;0;9;17;A01
200900030863;0;10;0;6;0;7;1;A01
200900030864;0;7;0;0;0;9;21;A01
200900030865;0;10;0;0;0;9;1;A01
200900030866;0;7;0;0;1;2;5;A01
200900030867;0;2;0;11;0;7;1;A01
200900030868;0;7;0;0;2;1;13;A01
200900030868;0;7;0;0;2;3;1;B02
200900030869;0;1;0;0;0;1;1;A01
200900030869;0;2;0;0;0;3;1;B02
200900030870;0;7;0;0;2;6;15;B02
200900030870;0;2;0;0;2;1;16;A01
200900030871;0;32;0;0;2;7;17;B02
200900030871;0;7;0;0;2;8;15;A01
200900030872;0;7;0;0;0;5;10;A01
200900030872;0;33;0;0;2;1;1;B02
200900030873;0;7;0;0;2;2;21;A01
200900030873;0;10;0;0;2;3;1;C03
200900030873;0;7;0;0;2;1;2;B02
200900030873;0;7;0;0;0;0;13;D04
200900030874;0;33;0;0;0;1;0;A01
200900030875;0;7;0;9;0;1;13;A01
200900030876;0;7;0;0;2;7;9;B01
200900030876;0;7;0;1;2;8;1;A01
200900030877;0;7;0;0;2;3;15;B01
200900030877;0;33;0;0;2;3;2;A01
200900030878;0;30;0;0;2;1;2;A01
200900030878;0;7;0;0;0;4;2;B01
200900030879;0;40;0;0;1;1;1;A01
200900030880;0;7;0;0;2;8;15;B01
200900030880;0;2;0;0;0;0;17;A01
200900030881;0;7;0;0;2;2;2;A01
200900030881;0;7;0;0;2;6;2;B01
200900030882;0;33;0;0;2;0;17;A01
200900030882;0;7;0;0;0;8;15;B01
200900030883;0;33;0;0;2;1;2;A01
200900030883;0;7;0;0;2;0;2;B01
200900030884;0;1;0;0;2;0;2;B01
200900030884;0;16;0;0;2;5;2;A01
200900030885;0;7;0;0;2;2;16;A01
200900030885;0;30;0;0;2;9;18;B01
200900030886;0;7;0;6;0;1;2;A01
200900030887;0;7;0;0;2;1;2;B01
200900030887;0;2;0;0;2;0;2;A01
200900030888;0;2;0;0;2;3;2;A01
200900030888;0;7;0;0;2;3;15;B01
200900030889;0;7;0;0;1;1;1;A01
200900030890;1;7;0;0;1;1;1;B01
200900030890;0;7;0;0;2;1;1;A01
200900030891;0;7;0;0;2;1;1;B01
200900030891;0;1;0;0;0;3;10;A01
200900030892;0;33;0;6;0;1;1;A01
200900030893;0;7;0;0;2;2;15;A01
200900030893;0;33;0;0;2;3;8;B01
200900030894;0;33;0;0;0;0;0;A01
200900030895;0;7;0;0;0;2;2;B01
200900030895;0;30;0;0;2;1;2;A01
200900030896;0;7;0;0;1;0;16;A01
200900030897;0;7;0;0;1;4;4;A01
200900030898;0;7;0;0;2;1;2;B01
200900030898;0;7;0;0;2;8;2;A01
200900030899;1;7;0;0;0;0;0;A01
200900030899;0;1;0;0;2;1;2;B01
200900030900;2;33;0;0;1;0;0;A01
200900030901;0;7;0;0;0;7;1;A01
200900030901;0;2;0;0;2;1;1;B01
200900030902;0;2;0;0;2;1;2;B01
200900030902;0;7;0;0;2;4;15;A01
200900030903;0;33;0;0;0;1;1;A01
200900030904;0;7;0;4;0;1;1;A01
200900030905;0;7;0;0;2;1;1;A01
200900030905;0;10;0;0;0;4;1;B01
200900030906;0;7;0;0;2;8;1;B01
200900030906;1;7;0;0;2;1;1;D01
200900030906;0;7;0;0;2;4;1;A01
200900030906;0;7;0;0;0;6;1;C01
200900030907;0;7;0;4;0;3;1;A01
200900030908;0;7;0;7;0;1;1;A01
200900030909;0;7;0;0;2;1;1;A01
200900030909;0;7;0;0;0;4;2;B01
200900030910;0;7;0;0;2;6;18;A01
200900030910;0;7;0;4;0;2;1;B01
200900030911;0;7;0;0;0;4;2;C01
200900030911;0;7;0;0;2;4;2;B01
200900030911;0;7;0;0;2;1;1;A01
200900030912;0;7;0;4;0;1;1;A01
200900030913;0;7;0;0;0;8;1;B01
200900030913;0;7;0;0;2;2;12;A01
200900030914;0;36;0;13;0;1;16;A01
200900030915;0;7;0;0;2;1;1;C03
200900030915;0;7;0;0;2;1;13;A01
200900030915;0;7;0;0;2;1;1;B02
200900030916;0;33;0;0;2;1;13;A01
200900030917;0;7;0;0;1;2;1;A01
200900030918;0;7;0;0;2;3;2;B01
200900030918;0;33;0;0;2;2;2;A01
200900030919;0;7;0;0;2;4;2;B01
200900030919;0;30;0;0;2;1;2;A01
200900030920;0;7;0;3;0;6;2;B01
200900030920;0;7;0;0;2;2;2;A01
200900030921;0;7;0;0;2;7;2;A01
200900030921;0;30;0;0;2;8;2;B01
200900030922;0;7;0;0;2;3;9;B01
200900030922;0;32;0;0;2;1;1;A01
200900030923;0;7;0;0;2;3;13;A01
200900030923;0;31;0;0;2;1;17;B02
200900030924;0;33;0;0;2;1;0;B01
200900030924;0;7;0;0;0;3;10;A01
200900030925;0;7;0;0;2;3;1;A01
200900030925;0;1;0;0;2;6;19;B01
200900030926;0;17;0;0;2;0;0;A01
200900030926;0;1;0;0;2;3;9;B01
200900030927;0;7;0;0;2;3;13;A01
200900030927;0;30;0;0;2;1;17;B01
200900030928;0;2;0;9;0;1;15;A01
200900030929;0;33;0;16;0;8;1;A01
200900030930;0;33;0;0;2;7;2;B02
200900030930;0;7;0;0;2;8;11;A01
200900030931;0;7;0;0;0;7;12;A01
200900030931;0;17;0;0;0;8;1;B02
200900030932;0;1;0;0;2;1;0;B02
200900030932;0;30;0;0;0;0;0;A01
200900030933;0;33;0;8;0;7;19;A01
200900030934;0;7;0;13;0;2;1;A01
200900030935;0;7;0;0;2;1;15;A01
200900030935;0;7;0;0;2;1;1;B01
200900030936;0;17;0;0;2;1;2;A01
200900030936;0;17;0;0;0;4;9;B02
200900030937;0;7;0;13;0;2;14;A01
200900030938;0;7;0;0;2;8;16;A01
200900030938;0;7;0;0;2;6;1;B02
200900030939;0;7;0;6;0;1;1;A01
200900030940;0;2;0;0;2;3;9;B02
200900030940;0;7;0;0;2;3;1;A01
200900030941;0;7;0;13;0;3;1;A01
200900030942;0;2;0;0;2;1;1;B02
200900030942;0;7;0;0;2;3;1;A01
200900030943;0;7;0;8;0;8;14;A01
200900030944;0;7;0;3;0;2;21;A01
200900030945;0;7;0;0;2;1;15;A01
200900030945;0;7;0;0;2;1;1;B02
200900030946;0;10;0;0;2;1;2;A01
200900030946;0;1;0;0;2;4;2;B02
200900030947;0;33;0;0;2;1;1;B02
200900030947;0;7;0;0;2;1;15;A01
200900030948;0;33;0;7;0;1;1;A01
200900030949;0;7;0;0;2;1;13;A01
200900030949;0;7;0;0;2;1;1;B02
200900030950;0;17;0;4;0;2;1;A01
200900030951;0;7;0;0;2;3;1;B01
200900030951;0;7;0;0;2;1;5;A01
200900030952;0;7;0;0;1;2;1;A01
200900030953;0;7;0;0;0;3;1;B01
200900030953;0;7;0;3;2;1;13;A01
200900030953;0;7;0;3;0;1;1;C01
200900030954;0;7;0;0;1;3;1;A01
200900030955;0;30;0;12;0;1;1;A01
200900030956;0;30;0;0;0;8;15;A01
200900030957;0;7;0;0;2;2;15;A01
200900030957;0;30;0;0;2;1;1;B01
200900030958;0;7;0;0;2;1;1;B01
200900030958;0;30;0;0;2;7;5;A01
200900030959;0;30;0;0;0;7;1;A01
200900030960;0;1;0;0;2;7;1;B01
200900030960;0;7;0;0;2;3;19;A01
200900030961;0;7;0;0;2;3;1;B01
200900030961;0;1;0;0;2;1;1;A01
200900030962;0;7;0;15;0;2;1;A01
200900030963;0;7;0;0;2;7;19;A01
200900030963;0;7;0;0;2;3;1;B01
200900030964;0;7;0;0;1;2;1;A01
200900030965;0;2;0;0;2;1;1;A01
200900030965;0;7;0;0;0;4;15;B01
200900030966;0;1;0;0;2;1;1;B01
200900030966;0;7;0;0;1;6;9;A01
200900030967;0;3;0;0;2;4;2;B02
200900030967;0;33;0;0;2;2;2;A01
200900030968;0;7;0;0;2;2;1;A01
200900030968;0;7;0;0;2;6;1;B01
200900030969;0;31;0;0;0;0;0;A01
200900030970;0;10;0;0;0;9;1;A01
200900030971;0;7;0;0;2;1;1;B01
200900030971;0;7;0;0;2;1;1;A01
200900030972;0;7;0;0;1;8;1;A01
200900030973;0;31;0;0;2;1;1;B01
200900030973;0;7;0;0;2;7;14;A01
200900030974;0;30;0;0;0;0;1;A01
200900030975;0;7;0;0;2;1;1;B01
200900030975;0;7;0;0;2;2;15;A01
200900030976;0;7;0;0;2;2;1;A01
200900030976;0;7;0;0;2;3;1;B01
200900030977;0;10;0;1;0;8;10;A01
200900030977;0;10;0;0;0;8;24;C03
200900030977;0;15;0;0;2;2;1;B02
200900030978;0;30;0;1;0;0;1;A01
200900030979;0;33;0;12;0;1;17;A01
200900030980;0;7;0;0;2;5;15;A01
200900030980;0;33;0;0;2;1;1;B02
200900030981;0;30;0;14;0;0;1;A01
200900030982;0;7;0;0;2;1;1;B01
200900030982;0;7;0;0;2;1;5;A01
200900030983;0;2;0;6;0;1;14;A01
200900030984;0;30;0;0;2;1;1;A01
200900030984;0;10;0;0;2;3;1;B01
200900030985;0;36;0;16;0;0;1;A01
200900030986;0;7;0;0;0;8;1;B01
200900030986;0;30;0;0;2;1;1;A01
200900030987;0;7;0;0;2;3;2;B02
200900030987;0;7;0;0;2;7;19;A01
200900030988;0;33;0;0;0;0;1;A01
200900030989;0;17;0;0;0;0;3;B02
200900030989;0;1;0;0;0;0;1;A01
200900030990;0;7;0;0;2;3;19;A01
200900030990;0;7;0;0;2;2;1;B02
200900030991;0;7;0;9;0;1;14;A01
200900030992;0;7;0;0;0;3;13;A01
200900030992;0;7;0;0;2;1;1;B02
200900030993;0;31;0;0;2;1;1;A01
200900030993;0;7;0;0;2;7;15;B01
200900030994;0;7;0;0;0;3;15;A01
200900030994;0;7;0;0;0;2;0;B02
200900030995;0;7;0;0;2;3;16;B01
200900030995;0;7;0;0;2;2;1;A01
200900030996;0;7;0;0;2;3;1;B02
200900030996;0;17;0;3;0;5;2;A01
200900030997;0;7;0;0;0;1;1;B01
200900030997;0;7;0;0;2;1;13;A01
200900030998;0;7;0;0;2;3;1;C03
200900030998;0;7;0;0;2;3;13;A01
200900030998;0;7;0;0;2;8;1;B02
200900030999;0;7;0;0;2;1;1;A01
200900030999;0;7;0;0;2;4;1;B01
200900031000;0;7;0;0;2;5;19;A01
200900031000;0;1;0;0;2;1;1;B02
200900031001;0;7;0;4;0;0;1;A01
200900031002;0;7;0;0;2;3;1;A01
200900031002;0;7;0;0;2;2;1;B02
200900031003;0;7;0;0;1;2;1;A01
200900031004;0;7;0;8;0;1;13;A01
200900031005;0;1;0;0;1;1;2;A01
200900031006;0;7;0;13;0;3;1;A01
200900031007;0;14;0;0;2;3;1;B02
200900031007;0;7;0;0;2;3;13;A01
200900031008;0;7;0;4;0;9;21;A01
200900031009;0;7;0;0;1;2;1;A01
200900031010;0;30;0;0;2;4;1;A01
200900031010;0;7;0;0;2;2;1;B02
200900031011;0;17;0;0;0;6;1;B02
200900031011;0;7;0;0;2;2;14;A01
200900031012;0;7;0;8;0;3;1;A01
200900031013;0;99;0;0;2;8;1;F06
200900031013;0;14;0;0;2;8;1;B02
200900031013;0;7;0;0;2;9;1;A01
200900031013;0;7;0;8;2;2;1;D04
200900031013;0;99;0;0;2;0;1;C03
200900031013;0;7;0;0;2;6;1;E05
200900031014;0;1;0;0;2;4;2;B02
200900031014;0;7;0;0;2;2;2;A01
200900031015;0;7;0;0;2;7;15;A01