num_acc;senc;catv;occutc;obs;obsm;choc;manv;num_veh
200900031015;0;30;0;0;2;1;1;B02
200900031016;0;31;0;0;0;2;14;A01
200900031017;0;7;0;0;2;2;15;A01
200900031017;0;2;0;0;2;8;1;B02
200900031018;0;7;0;1;0;1;1;A01
200900031019;0;7;0;0;2;3;19;A01
200900031019;0;2;0;0;2;1;1;B02
200900031020;0;33;0;0;2;1;9;A01
200900031020;0;10;0;0;0;6;1;B01
200900031021;0;7;0;0;2;1;19;A01
200900031021;0;31;0;0;2;1;1;B01
200900031022;0;7;0;13;0;3;1;A01
200900031023;0;10;0;0;2;2;1;B01
200900031023;0;7;0;15;2;1;1;A01
200900031024;0;10;0;0;1;4;1;A01
200900031025;0;7;0;0;2;3;1;A01
200900031025;0;7;0;0;2;1;1;B01
200900031026;0;7;0;0;2;2;15;A01
200900031026;0;7;0;0;2;1;1;B01
200900031027;0;7;0;13;0;1;1;A01
200900031028;0;2;0;0;2;1;1;B01
200900031028;0;37;9;0;2;3;15;A01
200900031029;0;2;0;0;1;1;17;A01
200900031030;0;7;0;0;2;1;1;A01
200900031030;0;7;0;0;0;2;1;B01
200900031031;0;7;0;1;2;3;9;A01
200900031031;0;7;0;0;2;2;1;B01
200900031032;1;7;0;0;1;1;1;A01
200900031033;0;7;0;1;0;3;1;A01
200900031034;0;7;0;0;2;1;0;A01
200900031034;0;7;0;0;2;2;15;B01
200900031035;0;7;0;0;1;1;1;A01
200900031036;0;7;0;0;2;8;23;B01
200900031036;0;32;0;0;2;2;3;A01
200900031037;0;7;0;0;0;6;11;A01
200900031037;0;32;0;0;0;1;2;B01
200900031038;0;7;0;0;2;5;15;A01
200900031038;0;33;0;0;2;1;1;B01
200900031039;0;30;0;0;2;1;16;B01
200900031039;0;7;0;0;2;3;2;A01
200900031040;0;7;0;0;0;4;0;B01
200900031040;0;7;0;0;2;1;2;A01
200900031041;0;7;0;0;0;5;10;A01
200900031041;0;33;0;0;2;1;1;B01
200900031042;0;7;0;0;1;1;15;A01
200900031043;0;10;0;0;2;4;1;C01
200900031043;0;7;0;0;2;1;1;A01
200900031043;0;7;0;0;2;4;1;B01
200900031044;0;7;0;0;0;0;0;A01
200900031044;0;7;0;0;0;0;0;B01
200900031045;0;7;0;0;2;4;2;B01
200900031045;0;7;0;0;0;4;2;F02
200900031045;0;7;0;0;2;4;2;E01
200900031045;0;10;0;0;2;4;2;C01
200900031045;0;10;0;0;2;1;2;A01
200900031045;0;7;0;0;2;4;2;D01
200900031046;0;30;0;0;2;1;17;A01
200900031046;0;7;0;0;2;1;15;B01
200900031047;0;7;0;4;0;6;1;A01
200900031048;0;33;0;14;0;1;1;A01
200900031049;0;7;0;0;2;0;9;A01
200900031049;0;31;0;0;2;3;1;B01
200900031050;0;7;0;0;2;1;2;A01
200900031050;0;10;0;0;2;4;2;B01
200900031050;0;10;0;0;2;4;2;C01
200900031051;0;10;0;0;2;1;1;A01
200900031051;0;7;0;0;2;4;1;B01
200900031051;0;7;0;0;2;4;1;C01
200900031051;0;7;0;0;0;4;1;E01
200900031051;0;7;0;0;2;4;1;D01
200900031052;0;7;0;0;2;2;12;A01
200900031052;0;7;0;0;2;3;0;B01
200900031053;0;31;0;0;0;4;1;B01
200900031053;0;10;0;3;2;1;2;A01
200900031054;0;14;0;0;0;2;12;B01
200900031054;0;7;0;0;0;6;1;A01
200900031054;0;7;0;0;2;7;17;C01
200900031055;0;7;0;0;2;4;2;B01
200900031055;0;7;0;0;2;1;2;A01
200900031056;0;30;0;0;2;3;3;A01
200900031056;0;7;0;0;9;5;1;B01
200900031056;0;10;0;0;0;0;1;C01
200900031057;0;7;0;0;1;2;1;A01
200900031058;0;7;0;4;0;3;11;A01
200900031059;0;7;0;0;2;1;1;A01
200900031059;0;7;0;0;0;4;2;B01
200900031060;0;7;0;0;0;2;1;A01
200900031060;0;99;0;0;0;3;2;B01
200900031061;0;2;0;13;0;1;1;A01
200900031062;0;33;0;0;2;1;1;A01
200900031062;0;7;0;0;2;1;1;B02
200900031063;0;7;0;0;2;3;17;A01
200900031063;0;2;0;0;2;1;16;B02
200900031064;0;10;0;13;0;3;21;A01
200900031065;0;33;0;0;2;1;9;A01
200900031065;0;7;0;0;2;2;1;B01
200900031066;0;7;0;8;0;3;1;A01
200900031067;0;7;0;4;0;3;13;A01
200900031068;0;7;0;0;2;1;1;B01
200900031068;0;7;0;0;2;7;1;A01
200900031069;0;7;0;0;2;4;4;A01
200900031069;0;7;0;0;2;5;1;B01
200900031070;0;7;0;13;0;9;1;A01
200900031071;0;7;0;0;2;1;1;A01
200900031071;0;7;0;0;2;9;1;B01
200900031071;0;7;0;0;2;4;1;C01
200900031072;0;7;0;2;0;1;14;A01
200900031073;0;7;0;0;2;3;15;A01
200900031073;0;7;0;0;2;1;1;B01
200900031074;0;7;0;13;0;1;13;A01
200900031075;0;30;0;0;0;9;1;A01
200900031076;0;33;0;13;0;1;14;A01
200900031077;0;7;0;0;2;1;1;B02
200900031077;0;10;0;0;2;2;19;A01
200900031078;0;7;0;0;2;6;15;B02
200900031078;0;31;0;0;2;8;1;A01
200900031079;0;2;0;1;0;3;14;A01
200900031080;0;7;0;2;0;8;1;A01
200900031081;0;33;0;0;0;7;1;A01
200900031082;0;33;0;0;2;1;1;B02
200900031082;0;7;0;0;2;5;15;A01
200900031083;0;7;0;1;0;2;1;B01
200900031083;0;7;0;1;2;8;1;A01
200900031084;0;33;0;0;2;1;1;B02
200900031084;0;7;0;0;2;2;19;A01
200900031085;0;7;0;0;2;6;15;A01
200900031085;0;33;0;0;2;2;11;B01
200900031086;0;7;0;0;2;3;19;A01
200900031086;0;7;0;0;2;2;0;B01
200900031087;0;30;0;0;2;1;15;A01
200900031087;0;7;0;0;2;1;1;B02
200900031088;0;7;0;0;0;5;12;A01
200900031088;0;1;0;0;0;8;1;B02
200900031089;0;1;0;0;0;0;14;A01
200900031090;0;7;0;0;2;1;1;A01
200900031090;0;7;0;0;2;4;1;B01
200900031091;0;7;0;0;2;3;1;B01
200900031091;0;1;0;0;2;1;1;A01
200900031092;0;33;0;14;0;1;21;A01
200900031093;0;31;0;0;2;1;1;B01
200900031093;0;7;0;0;2;1;15;A01
200900031094;0;7;0;0;2;2;1;A01
200900031094;0;7;0;0;2;1;15;B01
200900031095;0;7;0;0;2;6;1;A01
200900031095;0;30;0;0;2;1;1;B01
200900031096;0;14;0;16;0;8;1;A01
200900031097;0;7;0;0;2;1;1;B02
200900031097;0;7;0;0;2;3;1;C03
200900031097;0;7;0;0;2;2;15;A01
200900031098;0;7;0;0;0;3;15;A01
200900031098;0;33;0;0;2;1;1;B01
200900031099;0;7;0;0;2;7;15;A01
200900031099;0;7;0;0;2;1;1;B01
200900031100;0;7;0;0;2;1;15;A01
200900031100;0;7;0;0;2;1;1;B02
200900031101;0;7;0;0;2;2;13;A01
200900031101;0;33;0;0;2;1;1;B02
200900031102;0;7;0;0;2;8;10;A01
200900031102;0;30;0;0;2;1;1;B01
200900031103;0;1;0;0;0;0;14;A01
200900031104;0;7;0;0;2;4;1;B01
200900031104;0;7;0;0;2;1;1;A01
200900031105;0;7;0;0;2;4;1;B01
200900031105;0;7;0;0;2;1;1;A01
200900031106;0;7;0;0;2;1;1;B01
200900031106;0;31;0;0;2;1;17;A01
200900031107;0;7;0;0;0;4;20;B01
200900031107;0;33;0;1;0;1;1;A01
200900031108;0;7;0;0;2;1;1;A01
200900031108;0;7;0;0;2;4;1;B01
200900031109;0;7;0;0;1;1;1;A01
200900031110;0;7;0;0;2;1;1;B01
200900031110;0;7;0;0;2;1;13;A01
200900031111;0;7;0;0;2;3;9;B01
200900031111;0;37;1;0;2;3;1;A01
200900031112;0;7;0;0;2;1;17;A01
200900031112;0;7;0;0;1;8;1;B01
200900031113;0;33;0;0;0;0;1;A01
200900031114;0;7;0;0;2;4;13;A01
200900031114;0;7;0;0;2;2;1;B01
200900031115;0;31;0;0;0;0;1;A01
200900031116;0;7;0;0;2;8;19;A01
200900031116;0;7;0;0;2;3;24;C03
200900031116;0;33;0;0;2;1;1;B02
200900031117;0;7;0;3;0;3;1;A01
200900031118;0;33;0;0;2;1;1;B02
200900031118;0;7;0;0;2;3;13;A01
200900031119;0;10;0;0;2;3;1;B02
200900031119;0;10;0;0;2;1;13;A01
200900031120;0;7;0;6;0;3;13;A01
200900031121;0;2;0;0;2;2;1;A01
200900031121;0;7;0;0;2;3;1;B01
200900031122;0;33;0;0;0;1;1;A01
200900031123;0;7;0;0;2;6;19;A01
200900031123;0;7;0;0;2;1;1;B02
200900031124;0;7;0;0;2;3;9;A01
200900031124;0;33;0;0;2;3;21;B02
200900031125;0;7;0;13;0;3;1;A01
200900031126;0;31;0;13;0;0;1;A01
200900031127;0;34;0;0;2;1;1;B01
200900031127;0;7;0;0;2;7;15;A01
200900031128;0;33;0;0;2;6;21;A01
200900031128;0;7;0;0;2;0;0;B01
200900031129;0;7;0;0;2;4;1;C01
200900031129;0;7;0;0;2;4;1;D01
200900031129;0;7;0;0;2;4;1;B01
200900031129;0;7;0;0;0;4;1;A01
200900031130;0;7;0;0;2;4;0;B01
200900031130;0;2;0;0;2;1;1;A01
200900031131;0;7;0;0;2;1;1;A01
200900031131;0;7;0;0;2;8;15;B02
200900031132;0;7;0;0;2;8;1;A01
200900031133;0;7;0;0;2;1;1;A01
200900031133;0;7;0;0;2;4;1;B01
200900031134;0;7;0;0;1;1;1;B01
200900031134;0;7;0;0;2;1;1;A01
200900031135;0;2;0;10;0;1;17;A01
200900031136;0;7;0;0;2;1;1;B02
200900031136;0;38;1;0;2;3;13;A01
200900031137;0;7;0;14;0;1;21;A01
200900031138;0;30;0;0;0;0;1;A01
200900031139;0;7;0;0;0;1;2;A01
200900031139;0;7;0;0;0;4;2;C01
200900031139;0;7;0;0;0;9;2;B01
200900031140;0;7;0;0;2;4;23;B01
200900031140;0;7;0;0;2;2;2;A01
200900031141;0;7;0;0;2;2;1;A01
200900031141;0;7;0;0;2;2;1;B02
200900031142;0;33;0;0;2;1;1;B01
200900031142;0;7;0;0;2;3;11;A01
200900031143;0;33;0;1;0;1;21;A01
200900031144;0;7;0;0;1;1;1;A01
200900031145;0;7;0;13;0;3;1;A01
200900031146;0;33;0;9;2;1;17;B01
200900031146;0;7;0;0;2;8;15;A01
200900031147;0;3;0;14;0;8;1;A01
200900031148;0;7;0;0;2;1;2;A01
200900031148;0;2;0;0;2;4;23;B01
200900031149;0;7;0;0;0;7;14;A01
200900031150;0;7;0;0;2;1;1;A01
200900031150;0;1;0;0;2;4;23;B01
200900031151;0;7;0;0;2;1;1;B01
200900031151;0;7;0;0;2;3;13;A01
200900031152;0;30;0;0;0;0;1;A01
200900031153;0;7;0;0;2;1;1;A01
200900031153;0;7;0;0;2;3;1;B01
200900031154;0;30;0;0;2;1;2;A01
200900031154;0;7;0;0;2;4;23;B01
200900031155;0;33;0;0;2;8;1;B02
200900031155;0;7;0;0;2;0;15;A01
200900031156;0;7;0;2;0;2;14;A01
200900031157;0;33;0;0;2;1;1;B01
200900031157;0;7;0;0;2;5;1;C01
200900031157;0;7;0;0;2;5;15;A01
200900031158;0;7;0;0;2;7;1;A01
200900031158;0;33;0;0;0;1;1;B01
200900031159;0;7;0;0;2;3;15;A01
200900031159;0;30;0;0;2;2;17;B01
200900031160;0;7;0;0;2;3;15;B01
200900031160;0;32;0;0;2;7;1;A01
200900031160;0;7;0;0;2;1;15;C01
200900031161;0;7;0;0;1;2;1;A01
200900031162;0;32;0;0;2;1;8;B01
200900031162;0;7;0;0;2;1;8;A01
200900031163;0;7;0;0;9;2;16;B01
200900031163;0;31;0;0;2;1;1;A01
200900031164;1;7;0;0;0;0;0;A01
200900031164;0;7;0;0;0;2;0;C01
200900031164;0;30;0;0;2;1;1;B01
200900031165;0;7;0;0;1;2;2;A01
200900031166;0;7;0;0;1;2;15;A01
200900031167;0;32;0;0;2;7;15;A01
200900031167;1;15;0;0;2;8;15;B01
200900031168;0;33;0;4;0;8;1;A01
200900031169;0;30;0;0;2;7;2;A01
200900031169;0;7;0;0;2;6;11;B02
200900031170;0;7;0;0;2;2;15;A01
200900031170;0;7;0;0;2;3;1;B01
200900031171;1;7;0;0;2;0;0;A01
200900031172;0;7;0;0;1;1;16;A01
200900031172;0;1;0;0;0;4;15;B01
200900031173;0;30;0;0;1;1;0;A01
200900031174;0;7;0;0;2;3;2;A01
200900031174;0;7;0;0;2;4;2;B01
200900031175;0;7;0;0;9;1;1;B01
200900031175;0;1;0;0;2;7;1;A01
200900031176;0;40;0;0;1;2;1;A01
200900031177;0;10;0;4;0;2;14;A01
200900031178;1;7;0;0;2;1;0;A01
200900031178;0;30;0;0;2;9;0;B01
200900031179;0;7;0;0;1;1;1;A01
200900031180;0;7;0;0;2;1;15;A01
200900031180;0;1;0;0;2;1;0;B01
200900031181;0;7;0;0;2;1;1;A01
200900031181;0;7;0;0;2;6;1;B01
200900031182;0;7;0;0;9;1;1;A01
200900031182;0;1;0;0;2;7;19;B01
200900031183;0;15;0;6;0;2;6;A01
200900031184;0;7;0;0;2;1;9;A01
200900031184;0;7;0;1;0;8;2;B01
200900031185;0;7;0;0;0;8;1;B01
200900031185;0;7;0;0;0;2;12;A01
200900031186;0;7;0;0;1;3;1;A01
200900031187;0;33;0;0;2;3;1;B01
200900031187;0;30;0;0;2;1;1;A01
200900031188;0;33;0;0;2;1;1;B01
200900031188;0;7;0;0;0;4;0;A01
200900031189;0;1;0;0;2;8;19;A01
200900031189;0;7;0;0;2;2;1;B01
200900031190;0;7;0;11;0;1;6;A01
200900031191;0;7;0;0;1;8;1;A01
200900031192;0;7;0;0;2;1;0;A01
200900031192;0;30;0;0;1;1;0;B01
200900031193;0;33;0;0;2;1;2;A01
200900031193;0;7;0;0;0;6;12;B01
200900031194;0;7;0;0;1;3;15;A01
200900031195;0;7;0;0;2;3;1;A01
200900031195;0;7;0;3;0;3;2;B01
200900031196;0;7;0;0;1;1;1;A01
200900031197;0;10;0;0;2;8;1;A01
200900031197;0;1;0;0;2;0;0;B01
200900031198;0;30;0;0;2;7;1;B01
200900031198;0;37;1;0;2;1;11;A01
200900031199;1;10;0;0;1;1;1;A01
200900031200;0;7;0;0;2;1;2;A01
200900031200;0;7;0;0;0;4;2;B02
200900031201;1;7;0;0;2;0;0;B01
200900031201;0;7;0;0;2;8;1;A01
200900031202;0;7;0;0;2;4;1;B01
200900031202;0;7;0;0;2;1;1;A01
200900031203;0;7;0;0;1;1;1;A01
200900031204;0;37;1;0;9;3;15;B01
200900031204;0;2;0;15;2;1;17;A01
200900031205;0;7;0;0;2;0;2;A01
200900031205;0;10;0;0;2;4;2;B01
200900031206;0;7;0;4;0;1;1;A01
200900031207;0;7;0;6;0;1;1;A01
200900031208;0;7;0;0;1;1;0;A01
200900031209;0;33;0;0;2;4;2;C01
200900031209;0;7;0;0;2;1;2;A01
200900031209;0;7;0;0;0;4;2;B01
200900031210;0;7;0;0;2;1;2;A01
200900031210;0;7;0;0;2;4;2;B01
200900031211;1;10;0;0;2;1;19;A01
200900031211;0;7;0;2;2;2;1;B01
200900031212;0;7;0;0;0;2;0;C01
200900031212;0;7;0;0;0;4;1;B01
200900031212;2;7;0;0;2;1;2;A01
200900031213;0;7;0;0;0;8;1;A01
200900031213;0;1;0;0;2;1;19;B02
200900031214;0;7;0;0;1;2;1;A01
200900031215;0;7;0;4;2;6;21;A01
200900031215;0;7;0;0;0;6;2;B02
200900031216;0;14;0;4;0;2;17;A01
200900031217;0;7;0;12;0;9;1;A01
200900031218;0;36;0;15;0;1;1;A01
200900031219;0;33;0;6;0;7;1;A01
200900031220;0;30;0;0;2;3;1;B01
200900031220;0;1;0;0;2;4;14;A01
200900031221;0;7;0;8;0;1;1;A01
200900031222;0;30;0;1;0;3;1;A01
200900031223;0;33;0;5;0;1;1;A01
200900031224;0;32;0;0;2;1;17;B01
200900031224;0;7;0;0;2;2;15;A01
200900031225;0;7;0;0;1;1;0;A01
200900031226;0;30;0;0;2;3;2;A01
200900031227;0;7;0;0;0;0;9;A01
200900031227;0;32;0;0;2;9;2;B01
200900031228;0;33;0;5;0;7;16;A01
200900031229;0;7;0;0;1;3;1;B01
200900031230;0;7;0;14;0;1;9;A01
200900031230;0;10;0;0;0;5;23;B01
200900031231;0;33;0;12;0;2;2;A01
200900031232;0;7;0;0;2;3;1;A01
200900031232;0;2;0;0;2;1;1;B01
200900031233;0;7;0;0;1;4;20;A01
200900031234;0;7;0;0;2;1;15;A01
200900031234;0;7;0;0;2;3;1;B01
200900031235;0;33;0;0;2;2;1;B01
200900031235;0;7;0;0;2;3;16;A01
200900031236;0;33;0;0;2;8;19;A01
200900031236;0;7;0;0;2;3;1;B02
200900031237;0;7;0;0;2;7;0;A01
200900031237;0;33;0;0;2;8;0;B01
200900031238;0;7;0;0;2;1;2;A01
200900031238;0;7;0;0;0;4;2;B01
200900031239;0;7;0;4;0;7;1;A01
200900031240;0;7;0;9;0;1;1;A01
200900031241;0;31;0;0;2;1;1;A01
200900031241;0;7;0;0;2;3;15;B02
200900031242;0;33;0;4;2;3;17;A01
200900031242;0;15;0;0;2;8;1;B01
200900031243;0;7;0;0;2;3;1;B01
200900031243;0;7;0;0;2;1;15;A01
200900031244;0;7;0;0;2;1;2;A01
200900031244;0;7;0;0;2;4;23;B02
200900031245;0;2;0;0;2;1;1;A01
200900031245;0;7;0;0;2;7;1;B01
200900031246;0;7;0;6;0;1;0;A01
200900031247;0;7;0;0;0;3;1;A01
200900031247;0;7;0;0;2;3;;B02
200900031248;0;7;0;0;2;2;1;B01
200900031248;0;99;0;0;2;5;15;A01
200900031249;0;7;0;0;1;3;16;A01
200900031250;1;10;0;0;1;3;1;A01
200900031251;0;33;0;0;2;3;2;A01
200900031251;0;1;0;0;0;8;23;C01
200900031251;0;7;0;0;2;2;0;B01
200900031252;0;7;0;0;2;1;1;A01
200900031252;0;1;0;0;2;8;1;B01
200900031253;0;33;0;0;2;1;1;B01
200900031253;0;7;0;0;2;5;15;A01
200900031254;0;1;0;0;2;1;1;B01
200900031254;0;7;0;0;9;1;15;A01
200900031255;0;30;0;0;2;8;17;A01
200900031255;0;7;0;0;2;8;15;B01
200900031256;0;7;0;0;2;7;1;B01
200900031256;0;7;0;0;2;3;16;A01
200900031257;0;7;0;1;0;1;1;A01
200900031258;0;7;0;0;2;8;15;B01
200900031258;0;33;0;0;2;1;13;A01
200900031259;0;7;0;0;2;1;1;A01
200900031259;0;37;1;0;2;4;1;B01
200900031260;0;7;0;0;1;1;7;B01
200900031261;0;7;0;0;1;1;1;A01
200900031262;0;7;0;0;2;1;1;A01
200900031262;0;7;0;0;2;8;15;B01
200900031263;0;2;0;8;0;2;0;A01
200900031264;0;7;0;0;2;7;1;A01
200900031264;0;7;0;0;2;1;1;B01
200900031265;0;7;0;0;2;7;1;B01
200900031265;0;7;0;0;2;1;1;A01
200900031266;0;7;0;0;2;7;1;B01
200900031266;0;1;0;0;2;1;19;A01
200900031267;0;33;0;0;0;0;0;B01
200900031267;0;7;0;0;0;0;0;A01
200900031268;0;7;0;0;2;7;1;B01
200900031268;0;7;0;0;2;1;1;A01
200900031269;0;7;0;0;1;4;20;A01
200900031270;0;3;0;0;2;7;15;B01
200900031270;0;7;0;0;2;1;1;A01
200900031271;0;7;0;0;0;4;0;B01
200900031271;0;7;0;1;0;1;1;A01
200900031272;0;7;0;0;2;4;1;A01
200900031272;0;7;0;0;2;1;1;B01
200900031273;0;7;0;0;2;2;15;A01
200900031273;0;7;0;0;2;3;1;B01
200900031274;0;37;25;0;2;1;7;B01
200900031274;0;7;0;0;2;4;23;A01
200900031275;0;2;0;0;2;1;19;A01
200900031275;0;7;0;0;2;3;19;B01
200900031276;0;7;0;0;2;1;1;A01
200900031276;0;1;0;0;2;8;19;B01
200900031277;0;7;0;0;2;1;1;B01
200900031277;0;7;0;0;2;7;1;A01
200900031278;0;7;0;14;2;2;1;A01
200900031278;0;7;0;0;2;3;1;B01
200900031279;0;37;1;0;2;2;1;B01
200900031279;0;7;0;0;2;8;15;A01
200900031280;0;7;0;0;1;1;1;A01
200900031281;0;7;0;0;2;1;2;A01
200900031281;0;7;0;0;2;1;2;B01
200900031281;0;7;0;0;2;4;2;D01
200900031281;0;7;0;0;2;4;2;C01
200900031282;0;7;0;0;1;1;15;A01
200900031283;0;7;0;0;1;1;15;A01
200900031284;0;7;0;0;1;1;15;A01
200900031285;0;33;0;0;2;3;1;B01
200900031285;0;7;0;0;2;6;10;A01
200900031286;1;7;0;0;1;0;1;A01
200900031287;0;1;0;0;2;4;1;B01
200900031287;1;7;0;0;2;1;15;A01
200900031288;0;33;0;0;2;1;1;A01
200900031288;0;7;0;0;2;3;20;B01
200900031289;0;32;0;0;2;8;1;B01
200900031289;0;7;0;0;2;5;12;A01
200900031290;0;7;0;0;1;3;15;A01
200900031291;0;33;0;0;1;2;17;A01
200900031292;0;7;0;0;2;3;15;A01
200900031292;0;30;0;0;2;3;1;B01
200900031293;1;30;0;0;1;3;1;A01
200900031294;0;7;0;1;0;1;1;A01
200900031295;0;7;0;0;2;2;1;B01
200900031295;0;2;0;0;2;1;15;A01
200900031296;0;7;0;0;2;2;15;A01
200900031296;0;33;0;0;2;3;1;B01
200900031297;0;33;0;0;2;9;2;A01
200900031297;0;7;0;1;2;8;15;B01
200900031298;0;7;0;0;0;2;16;B01
200900031298;0;30;0;0;2;8;18;A01
200900031299;0;7;0;0;2;8;10;A01
200900031299;0;7;0;0;2;2;1;B01
200900031300;0;7;0;0;1;3;1;A01
200900031301;0;7;0;0;2;1;1;B01
200900031301;0;10;0;0;2;7;1;A01
200900031302;0;7;0;0;1;3;16;A01
200900031303;0;7;0;0;2;4;0;C01
200900031303;0;7;0;0;2;4;2;B01
200900031303;0;7;0;0;2;1;2;A01
200900031304;0;33;0;12;0;1;1;A01
200900031305;0;31;0;0;2;3;2;A01
200900031305;0;7;0;0;2;2;17;B01
200900031306;0;30;0;0;9;1;1;A01
200900031306;0;1;0;0;2;1;1;B01
200900031307;0;34;0;0;2;1;14;B01
200900031307;0;7;0;0;0;8;19;A01
200900031308;1;7;0;0;2;1;1;A01
200900031308;0;33;0;12;2;4;23;C01
200900031308;0;2;0;0;2;4;23;B01
200900031309;0;7;0;0;1;2;1;A01
200900031310;0;7;0;0;2;3;1;B02
200900031310;0;33;0;0;2;8;13;A01
200900031311;0;7;0;0;0;3;21;A01
200900031312;0;7;0;16;0;9;17;A01
200900031313;0;7;0;6;0;0;1;A01
200900031314;0;1;0;0;2;1;1;B02
200900031314;0;7;0;0;9;7;16;A01
200900031315;0;7;0;0;0;3;1;B01
200900031315;0;7;0;0;2;1;21;A01
200900031316;0;33;0;0;0;0;1;A01
200900031317;0;7;0;0;2;3;15;A01
200900031317;0;1;0;0;2;1;1;B02
200900031318;0;14;0;0;2;8;1;B02
200900031318;0;7;0;0;2;3;13;A01
200900031319;0;7;0;0;2;3;15;B02
200900031319;0;32;0;0;2;2;17;A01
200900031320;0;7;0;8;0;1;1;A01
200900031321;0;36;0;0;0;0;1;A01
200900031322;0;33;0;4;0;7;16;A01
200900031323;0;7;0;4;0;1;2;A01
200900031324;0;7;0;0;2;8;1;B02
200900031324;0;2;0;0;2;1;15;A01
200900031325;0;7;0;0;0;6;23;B02
200900031325;0;7;0;0;2;2;2;A01
200900031326;0;7;0;3;0;1;1;A01
200900031327;0;7;0;0;2;2;12;A01
200900031327;0;7;0;0;0;8;12;B01
200900031328;0;7;0;0;2;1;2;A01
200900031328;0;7;0;0;0;4;2;D01
200900031328;0;7;0;0;2;4;2;B01
200900031328;0;7;0;0;2;4;2;C01
200900031329;0;7;0;0;0;8;9;A01
200900031329;0;7;0;0;2;7;1;C01
200900031329;0;20;0;0;2;1;1;B01
200900031330;0;7;0;0;0;4;2;B01
200900031330;0;7;0;0;2;1;2;A01
200900031331;0;7;0;0;2;4;2;B02
200900031331;0;33;0;0;2;1;2;A01
200900031332;0;7;0;0;2;2;1;B02
200900031332;0;7;0;0;2;3;19;A01
200900031333;0;7;0;4;2;4;2;C01
200900031333;0;7;0;0;2;1;1;A01
200900031333;0;7;0;0;2;9;2;B01
200900031334;0;7;0;0;0;4;2;B01
200900031334;0;33;0;0;2;1;2;A01
200900031335;0;7;0;0;2;1;23;A01
200900031335;0;33;0;0;2;7;1;B02
200900031336;0;2;0;0;2;6;19;A01
200900031336;0;2;0;14;2;1;1;B02
200900031337;0;34;0;0;1;0;16;A01
200900031338;0;1;0;0;1;0;0;A01
200900031339;0;7;0;4;0;1;1;A01
200900031340;0;33;0;0;0;8;15;A01
200900031341;0;7;0;0;2;1;1;A01
200900031341;0;7;0;0;2;4;1;C01
200900031341;0;7;0;0;2;4;23;B01
200900031342;0;2;0;12;0;1;1;A01
200900031343;0;7;0;8;2;1;1;B01
200900031343;0;7;0;0;2;7;1;A01
200900031344;0;7;0;6;2;2;1;A01
200900031344;0;7;0;0;2;3;1;B01
200900031345;0;7;0;0;2;1;15;A01
200900031345;0;7;0;0;2;1;1;B01
200900031346;0;10;0;0;2;4;1;A01
200900031346;1;10;0;0;2;1;2;B01
200900031347;0;7;0;0;2;2;1;B01
200900031347;0;7;0;0;2;1;1;A01
200900031348;0;31;0;1;2;4;1;A01
200900031348;0;7;0;0;9;1;1;B01
200900031349;1;7;0;0;9;0;1;A01
200900031349;0;1;0;0;9;0;1;B01
200900031350;0;7;0;14;0;0;11;B01
200900031350;0;38;74;0;1;2;1;A01
200900031351;0;7;0;0;2;1;2;A01
200900031351;0;7;0;0;0;4;2;B01
200900031352;0;7;0;0;2;2;2;A01
200900031352;0;7;0;0;0;6;23;B02
200900031353;0;7;0;0;2;2;6;A01
200900031353;0;7;0;0;2;2;1;B02
200900031354;0;7;0;0;1;2;1;A01
200900031355;0;7;0;0;2;2;2;A01
200900031355;0;7;0;0;2;3;23;B01
200900031356;0;7;0;0;1;3;1;A01
200900031357;0;33;0;0;2;1;1;B01
200900031357;0;7;0;0;2;2;15;A01
200900031358;0;2;0;0;2;7;0;A01
200900031358;0;7;0;0;2;1;0;B01
200900031359;0;7;0;0;1;8;1;A01
200900031360;0;7;0;0;2;6;4;A01
200900031360;0;31;0;0;2;1;1;B01
200900031361;0;7;0;12;0;1;1;A01
200900031362;0;1;0;0;2;1;2;A01
200900031362;0;1;0;0;2;4;2;B01
200900031363;0;30;0;0;2;1;17;A01
200900031363;0;7;0;0;2;8;15;B01
200900031364;0;1;0;0;2;0;15;B01
200900031364;0;7;0;0;2;2;1;A01
200900031365;0;10;0;0;0;0;11;B02
200900031365;0;7;0;8;0;0;2;A01
200900031366;0;38;0;0;1;5;24;A01
200900031367;0;7;0;0;0;5;15;B02
200900031367;0;7;0;0;2;1;1;A01
200900031368;0;33;0;0;0;0;1;A01
200900031369;0;33;0;0;2;1;17;B02
200900031369;0;7;0;0;2;3;15;A01
200900031370;0;7;0;3;0;1;1;A01
200900031371;0;7;0;13;0;7;1;A01
200900031372;0;7;0;0;2;8;15;B02
200900031372;0;30;0;0;2;1;17;A01
200900031373;0;7;0;0;2;3;16;A01
200900031373;0;33;0;0;2;1;1;B02
200900031374;0;7;0;0;1;5;4;A01
200900031375;0;7;0;0;2;8;1;A01
200900031375;0;7;0;0;2;3;15;B02
200900031376;0;7;0;13;0;0;1;C03
200900031376;0;7;0;0;2;1;1;B02
200900031376;0;7;0;0;2;1;1;A01
200900031377;0;33;0;1;0;2;1;A01
200900031378;0;33;0;0;0;2;1;A01
200900031379;0;7;0;0;0;1;1;B02
200900031379;0;7;0;0;0;8;19;A01
200900031380;0;33;0;0;2;8;2;B02