num_acc;senc;catv;occutc;obs;obsm;choc;manv;num_veh
200900031380;0;7;0;0;2;8;2;A01
200900031381;0;10;0;0;2;1;15;A01
200900031381;0;30;0;0;2;2;0;B02
200900031382;0;7;0;3;2;1;2;A01
200900031382;0;7;0;0;0;4;2;B02
200900031383;0;33;0;13;0;2;1;A01
200900031384;0;10;0;0;0;3;13;A01
200900031385;0;7;0;0;0;3;0;B02
200900031385;0;2;0;0;0;1;1;A01
200900031386;0;7;0;13;0;2;1;A01
200900031387;0;7;0;0;2;7;19;A01
200900031387;0;33;0;0;2;1;1;B02
200900031388;0;7;0;0;0;6;15;C03
200900031388;0;7;0;0;2;3;1;B02
200900031388;0;7;0;0;2;2;1;A01
200900031389;0;30;0;0;2;1;1;B02
200900031389;1;7;0;0;2;3;16;A01
200900031390;0;36;0;13;0;1;1;A01
200900031391;0;10;0;0;2;2;1;A01
200900031391;0;17;0;0;0;0;1;B02
200900031392;0;1;0;0;1;1;1;A01
200900031393;0;33;0;0;0;0;0;A01
200900031394;0;15;0;0;2;4;2;B02
200900031394;0;7;0;0;2;1;2;A01
200900031395;0;7;0;0;1;2;1;A01
200900031396;0;7;0;0;2;2;16;B01
200900031396;0;2;0;0;2;1;1;A01
200900031397;0;2;0;0;2;1;1;B01
200900031397;0;7;0;0;2;3;1;A01
200900031398;0;7;0;0;1;1;15;A01
200900031399;0;2;0;11;0;1;16;A01
200900031400;0;7;0;0;2;3;15;B01
200900031400;0;33;0;0;2;2;15;A01
200900031401;0;7;0;0;2;3;1;B01
200900031401;0;17;0;0;2;2;12;A01
200900031402;0;1;0;0;2;1;1;B01
200900031402;0;7;0;0;2;2;16;A01
200900031403;0;7;0;1;0;2;15;A01
200900031404;0;7;0;0;1;4;4;A01
200900031405;0;7;0;0;2;4;23;C01
200900031405;0;7;0;0;2;4;23;B01
200900031405;0;7;0;0;2;1;2;A01
200900031406;0;2;0;0;2;1;1;A01
200900031406;0;7;0;0;2;2;15;B01
200900031407;0;7;0;0;2;8;1;B01
200900031407;0;1;0;0;2;1;19;A01
200900031408;0;33;0;11;0;1;17;A01
200900031408;0;37;20;0;2;3;9;B01
200900031409;0;7;0;0;2;2;15;A01
200900031409;0;33;0;0;2;1;1;B01
200900031410;0;33;0;0;0;1;0;A01
200900031411;0;1;0;0;2;1;2;B01
200900031411;0;1;0;0;2;1;2;A01
200900031412;0;7;0;0;2;1;2;A01
200900031412;0;2;0;0;2;4;2;B01
200900031413;0;7;0;13;0;1;1;A01
200900031414;0;30;0;0;0;9;0;A01
200900031415;0;7;0;0;2;2;15;A01
200900031415;0;1;0;0;2;1;1;B01
200900031416;0;2;0;0;0;1;1;A01
200900031417;0;7;0;0;1;5;4;A01
200900031418;0;7;0;0;2;8;10;A01
200900031418;0;30;0;0;2;1;1;C01
200900031418;0;2;0;0;2;7;1;B01
200900031419;0;7;0;1;0;2;20;A01
200900031420;0;7;0;0;2;5;15;A01
200900031420;0;7;0;0;2;1;23;C01
200900031420;0;7;0;0;2;1;1;B01
200900031421;0;7;0;0;2;8;1;B01
200900031421;0;7;0;0;2;1;15;A01
200900031422;0;7;0;0;2;4;23;B01
200900031422;0;2;0;0;2;1;2;A01
200900031423;0;33;0;0;0;8;21;A01
200900031424;0;1;0;0;0;1;1;A01
200900031425;0;7;0;13;0;9;1;A01
200900031426;0;2;0;0;0;8;1;A01
200900031427;0;10;0;0;2;3;1;A01
200900031427;0;7;0;0;2;5;23;B01
200900031428;0;7;0;0;2;1;2;A01
200900031428;0;7;0;0;2;4;23;B01
200900031429;0;7;0;0;2;1;2;B01
200900031429;0;7;0;0;2;1;2;D01
200900031429;0;7;0;0;2;1;2;A01
200900031429;0;7;0;0;2;1;2;C01
200900031430;0;33;0;0;2;8;16;A01
200900031430;0;2;0;0;2;1;1;B01
200900031431;0;2;0;0;2;1;1;A01
200900031431;0;7;0;0;2;6;23;B01
200900031432;0;7;0;0;2;1;1;A01
200900031432;0;7;0;0;2;1;2;B01
200900031432;0;7;0;0;2;4;23;D01
200900031432;0;7;0;0;2;4;2;C01
200900031433;0;21;0;0;0;3;15;B02
200900031433;0;33;0;0;2;1;17;A01
200900031434;0;7;0;8;0;3;1;A01
200900031435;0;30;0;0;0;8;0;B02
200900031435;0;7;0;0;0;8;1;A01
200900031436;0;1;0;0;2;0;1;B01
200900031436;0;7;0;0;2;3;1;A01
200900031437;0;33;0;12;0;0;1;A01
200900031438;0;15;0;0;2;6;1;B02
200900031438;0;7;0;0;2;5;1;C03
200900031438;0;7;0;0;2;2;3;A01
200900031439;0;1;0;0;2;8;13;B02
200900031439;0;7;0;0;9;2;17;A01
200900031440;0;1;0;0;2;1;13;A01
200900031440;0;7;0;0;9;3;1;B02
200900031441;0;33;0;0;9;1;1;A01
200900031441;0;21;0;0;2;1;0;B02
200900031442;0;33;0;8;0;1;1;A01
200900031443;0;7;0;3;0;2;23;A01
200900031444;0;7;0;0;0;2;1;A01
200900031444;0;7;0;0;0;3;0;B02
200900031445;0;7;0;0;2;1;1;B02
200900031445;0;33;0;0;2;7;17;A01
200900031446;0;31;0;1;0;3;1;A01
200900031447;0;7;0;0;1;1;1;A01
200900031448;0;1;0;0;0;4;13;A01
200900031448;0;7;0;0;2;1;17;B02
200900031449;0;30;0;0;2;1;5;A01
200900031449;0;7;0;0;2;7;1;B02
200900031450;0;7;0;0;2;7;15;A01
200900031450;0;2;0;0;2;1;1;B02
200900031451;0;7;0;6;0;1;1;A01
200900031452;0;7;0;13;0;3;1;A01
200900031453;0;7;0;0;2;8;22;A01
200900031453;0;1;0;1;0;1;1;B02
200900031454;0;7;0;0;2;8;1;A01
200900031454;0;7;0;0;2;1;19;B02
200900031455;0;14;0;13;0;0;14;A01
200900031456;0;1;0;0;2;8;15;A01
200900031456;0;7;0;0;2;2;1;B01
200900031457;0;7;0;0;1;3;18;A01
200900031458;0;7;0;0;0;1;1;B01
200900031458;0;7;0;0;2;2;1;A01
200900031459;0;7;0;0;2;1;2;A01
200900031459;0;7;0;0;2;4;23;B01
200900031460;0;2;0;0;2;1;2;A01
200900031460;0;7;0;0;2;4;23;B01
200900031461;0;7;0;0;2;2;1;A01
200900031461;0;31;0;0;2;8;1;B01
200900031462;0;7;0;15;2;8;1;A01
200900031462;0;7;0;0;2;1;1;B01
200900031463;0;7;0;0;0;4;0;B01
200900031463;0;34;0;0;2;1;2;A01
200900031464;0;30;0;0;0;0;2;A01
200900031465;0;7;0;0;2;1;1;A01
200900031465;0;1;0;0;2;7;1;B01
200900031466;0;30;0;0;2;3;9;A01
200900031466;0;7;0;0;2;1;1;B01
200900031467;0;7;0;8;0;1;1;A01
200900031468;0;7;0;14;2;3;9;A01
200900031468;0;7;0;0;0;0;1;B01
200900031469;0;7;0;0;2;4;1;B01
200900031469;0;7;0;0;2;1;1;A01
200900031470;0;7;0;0;2;8;0;B01
200900031470;0;2;0;0;2;0;0;A01
200900031471;0;7;0;0;0;4;2;B01
200900031471;0;7;0;0;2;0;2;A01
200900031472;0;7;0;0;2;2;15;A01
200900031472;0;33;0;0;2;1;1;B01
200900031473;0;2;0;0;0;6;1;A01
200900031474;0;7;0;0;2;3;15;A01
200900031474;0;33;0;9;2;8;1;B01
200900031475;0;7;0;3;0;1;1;A01
200900031476;0;7;0;0;1;1;1;A01
200900031477;0;7;0;0;2;1;1;A01
200900031477;0;7;0;0;2;8;1;B01
200900031478;0;7;0;0;2;1;2;A01
200900031478;0;7;0;0;0;4;1;C01
200900031478;0;7;0;0;2;4;1;B01
200900031479;0;31;0;0;0;0;0;A01
200900031479;1;32;0;0;0;0;0;B01
200900031480;0;10;0;0;2;1;2;C01
200900031480;0;10;0;0;2;5;2;A01
200900031480;0;7;0;0;2;1;2;B01
200900031481;0;1;0;10;0;0;1;A01
200900031482;0;1;0;0;2;7;1;B01
200900031482;0;7;0;0;2;1;15;A01
200900031483;0;7;0;0;1;0;0;A01
200900031484;0;7;0;0;2;2;1;A01
200900031484;0;7;0;0;2;1;1;B01
200900031485;0;7;0;0;0;1;15;B01
200900031485;0;7;0;0;0;1;1;A01
200900031486;0;30;0;0;2;1;1;B01
200900031486;0;10;0;0;2;2;16;A01
200900031487;0;7;0;0;0;6;1;B01
200900031487;0;7;0;0;0;1;1;A01
200900031488;0;2;0;13;0;8;1;A01
200900031489;0;7;0;0;1;1;1;A01
200900031490;2;30;0;0;0;0;1;A01
200900031491;0;7;0;0;1;1;1;A01
200900031492;0;2;0;0;2;7;1;B01
200900031492;0;7;0;0;2;1;1;A01
200900031493;0;2;0;0;0;7;1;A01
200900031494;0;1;0;0;0;0;0;A01
200900031494;0;7;0;0;0;0;0;B01
200900031495;0;7;0;0;2;7;15;A01
200900031495;0;33;0;0;2;1;1;B01
200900031496;1;7;0;0;1;1;1;A01
200900031497;0;7;0;0;2;2;9;B01
200900031497;0;30;0;0;2;7;1;A01
200900031498;0;2;0;0;2;3;0;B01
200900031498;0;7;0;0;2;3;15;A01
200900031499;0;7;0;0;1;1;1;A01
200900031500;0;7;0;0;2;3;1;A01
200900031500;0;30;0;0;2;0;1;B01
200900031501;0;30;0;0;0;0;1;B01
200900031501;1;7;0;0;2;0;0;A01
200900031502;0;7;0;0;2;7;17;A01
200900031502;0;1;0;0;0;0;1;B01
200900031503;0;2;0;0;0;0;1;A01
200900031503;0;7;0;0;0;0;15;B01
200900031504;0;1;0;0;2;4;17;B01
200900031504;0;7;0;0;2;3;15;A01
200900031505;0;7;0;0;2;3;1;A01
200900031505;0;7;0;0;2;1;15;B01
200900031506;0;1;0;0;0;0;1;A01
200900031507;0;7;0;0;2;2;16;B01
200900031507;0;2;0;0;2;7;18;A01
200900031508;0;1;0;0;0;0;0;A01
200900031509;0;31;0;0;2;7;1;B01
200900031509;0;7;0;0;2;1;9;A01
200900031510;0;30;0;0;0;1;1;A01
200900031511;0;31;0;0;2;7;21;A01
200900031511;0;2;0;0;0;0;19;B01
200900031512;0;7;0;1;0;1;1;A01
200900031512;0;7;0;0;2;4;23;B01
200900031513;0;7;0;0;2;7;15;A01
200900031513;0;7;0;0;2;2;1;B01
200900031514;0;7;0;0;2;2;0;B01
200900031514;0;7;0;0;2;3;0;A01
200900031515;0;2;0;0;0;0;1;A01
200900031516;0;7;0;3;0;1;1;A01
200900031517;0;7;0;0;1;1;1;A01
200900031518;0;7;0;1;2;1;1;C01
200900031518;0;7;0;0;2;4;1;D01
200900031518;0;7;0;0;2;9;1;B01
200900031518;0;7;0;0;2;1;1;A01
200900031519;0;7;0;0;2;2;23;A01
200900031519;0;31;0;1;2;1;21;B01
200900031520;0;7;0;0;2;4;2;C01
200900031520;0;7;0;0;2;1;1;A01
200900031520;0;7;0;0;2;1;2;B01
200900031521;0;7;0;0;1;2;1;A01
200900031522;0;7;0;0;2;1;1;A01
200900031522;0;30;0;0;2;1;15;B01
200900031523;0;7;0;0;2;5;2;B01
200900031523;0;2;0;0;2;3;2;A01
200900031524;0;7;0;0;2;1;2;A01
200900031524;0;7;0;0;2;4;2;B01
200900031525;0;7;0;0;2;1;2;C01
200900031525;0;7;0;0;2;1;2;A01
200900031525;0;7;0;0;2;1;2;B01
200900031525;0;7;0;0;2;4;2;D01
200900031526;0;7;0;4;0;1;1;A01
200900031527;0;30;0;0;0;1;1;A01
200900031527;0;7;0;0;2;1;15;B01
200900031528;0;30;0;0;1;2;1;A01
200900031529;0;10;0;0;2;3;1;B01
200900031529;0;7;0;0;2;3;1;A01
200900031530;0;7;0;5;0;4;1;A01
200900031531;0;33;0;0;0;0;1;A01
200900031532;0;7;0;3;0;1;12;A01
200900031533;0;7;0;0;1;1;0;A01
200900031534;0;1;0;0;0;0;0;A01
200900031535;0;33;0;0;2;7;1;B01
200900031535;0;7;0;0;2;1;15;A01
200900031536;0;7;0;0;2;6;20;A01
200900031536;0;2;0;0;2;1;1;B01
200900031537;0;7;0;0;2;3;16;A01
200900031537;0;7;0;0;2;1;1;B01
200900031538;0;7;0;0;2;2;16;A01
200900031538;0;1;0;0;2;0;0;B01
200900031539;0;33;0;0;2;3;1;B01
200900031539;0;7;0;0;2;2;15;A01
200900031540;0;1;0;0;0;0;1;A01
200900031541;0;2;0;0;0;0;1;A01
200900031542;0;7;0;0;9;1;15;B01
200900031542;0;1;0;0;2;1;1;A01
200900031543;0;2;0;0;2;1;1;A01
200900031543;0;7;0;0;2;4;2;B01
200900031544;0;7;0;0;2;3;11;A01
200900031544;0;7;0;0;2;2;1;B01
200900031545;0;2;0;0;0;0;16;A01
200900031546;0;7;0;0;2;3;15;A01
200900031546;0;1;0;0;2;4;1;B01
200900031547;0;7;0;0;2;2;16;A01
200900031547;0;30;0;0;2;8;1;B01
200900031548;0;7;0;8;0;1;14;A01
200900031549;0;2;0;0;0;7;0;A01
200900031550;0;7;0;0;2;2;15;A01
200900031550;0;33;0;0;2;1;1;B02
200900031551;0;7;0;13;0;1;1;A01
200900031552;0;7;0;0;2;3;1;A01
200900031552;0;7;0;0;2;2;1;B02
200900031553;0;7;0;6;0;1;1;A01
200900031554;0;7;0;0;2;1;13;A01
200900031554;0;17;0;0;2;3;1;B02
200900031555;0;33;0;13;0;1;1;A01
200900031556;0;7;0;0;2;2;19;A01
200900031556;0;30;0;0;2;1;1;B02
200900031557;0;33;0;0;2;1;1;A01
200900031557;0;7;0;0;2;8;19;B02
200900031558;0;7;0;13;0;1;1;A01
200900031559;0;7;0;11;2;8;19;A01
200900031559;0;7;0;0;2;1;1;B02
200900031560;0;7;0;6;0;7;1;A01
200900031561;0;7;0;13;0;1;1;A01
200900031562;0;30;0;0;2;1;2;A01
200900031562;0;7;0;0;0;4;2;B02
200900031563;0;7;0;0;2;3;15;A01
200900031563;0;33;0;0;2;1;2;B02
200900031564;0;30;0;0;2;3;1;B02
200900031564;0;7;0;0;2;5;14;A01
200900031565;0;7;0;0;0;1;1;A01
200900031566;0;7;0;0;2;1;2;C03
200900031566;0;7;0;0;0;4;15;A01
200900031566;0;7;0;0;2;1;2;B02
200900031567;0;21;0;0;2;1;15;A01
200900031567;0;33;0;0;2;1;1;B02
200900031568;0;7;0;0;9;1;1;C03
200900031568;0;7;0;0;2;3;1;B02
200900031568;0;7;0;0;0;2;1;A01
200900031569;0;33;0;0;2;1;1;A01
200900031569;0;7;0;0;2;3;19;B02
200900031570;0;7;0;13;0;1;1;A01
200900031571;0;7;0;8;0;1;1;A01
200900031572;0;33;0;0;2;1;1;B02
200900031572;0;7;0;0;9;3;15;A01
200900031573;0;7;0;0;1;4;4;A01
200900031574;0;7;0;0;2;1;1;B01
200900031574;0;7;0;0;2;1;1;A01
200900031575;0;7;0;11;0;1;6;A01
200900031576;0;7;0;0;0;4;2;B01
200900031576;0;1;0;0;2;1;2;A01
200900031577;0;7;0;0;2;1;9;A01
200900031577;0;2;0;0;2;3;1;B01
200900031578;0;7;0;0;0;0;17;B01
200900031578;0;7;0;8;0;1;17;A01
200900031578;1;7;0;0;0;0;1;C01
200900031579;0;33;0;0;2;1;1;B01
200900031579;0;7;0;0;2;1;15;A01
200900031580;0;30;0;0;2;1;1;A01
200900031580;0;7;0;0;2;4;15;B01
200900031581;0;7;0;0;2;4;1;B01
200900031581;0;7;0;0;2;1;1;A01
200900031582;0;7;0;0;2;8;1;A01
200900031582;0;7;0;0;2;8;1;B01
200900031583;0;7;0;0;2;8;9;A01
200900031583;0;1;0;0;2;0;0;B01
200900031584;0;7;0;0;2;1;6;A01
200900031584;0;10;0;0;2;1;1;B02
200900031585;0;33;0;0;1;1;1;A01
200900031586;0;7;0;8;0;3;13;A01
200900031587;0;7;0;6;0;0;1;A01
200900031588;0;7;0;0;2;1;9;B02
200900031588;0;7;0;16;2;7;1;A01
200900031589;0;30;0;0;2;1;5;A01
200900031589;0;7;0;0;2;1;1;B02
200900031590;0;7;0;0;2;5;2;B01
200900031590;0;7;0;0;2;3;2;A01
200900031591;0;7;0;0;1;4;4;A01
200900031592;0;33;0;16;0;1;1;A01
200900031593;0;7;0;14;0;2;1;C03
200900031593;0;10;0;0;2;3;13;A01
200900031593;0;7;0;0;2;3;1;B02
200900031594;0;7;0;6;0;2;1;A01
200900031595;0;33;0;0;2;1;1;A01
200900031595;0;7;0;0;0;3;1;B02
200900031596;0;7;0;0;2;3;1;C03
200900031596;0;7;0;0;2;8;1;B02
200900031596;0;7;0;0;2;1;13;A01
200900031597;1;7;0;0;1;2;1;A01
200900031598;0;7;0;0;2;3;1;B01
200900031598;0;7;0;0;2;2;15;A01
200900031599;0;7;0;16;0;1;0;A01
200900031599;0;7;0;0;2;3;0;B02
200900031600;0;7;0;0;2;2;13;A01
200900031600;0;33;0;0;2;1;1;B02
200900031601;0;7;0;13;0;1;1;A01
200900031602;0;7;0;8;0;0;0;A01
200900031603;0;1;0;0;0;0;1;A01
200900031604;0;7;0;2;0;1;1;A01
200900031605;0;1;0;0;2;8;19;B02
200900031605;0;7;0;0;2;5;4;A01
200900031606;0;7;0;0;1;0;15;A01
200900031607;0;32;0;0;2;7;1;B02
200900031607;0;7;0;0;2;1;9;A01
200900031608;0;30;0;14;0;2;1;A01
200900031609;1;10;0;0;0;0;9;B02
200900031609;0;31;0;0;0;3;21;A01
200900031610;0;10;0;13;0;1;1;A01
200900031611;0;2;0;0;2;1;1;A01
200900031611;0;10;0;0;2;1;1;B02
200900031612;0;7;0;2;0;8;0;A01
200900031613;0;7;0;3;0;1;1;A01
200900031614;0;7;0;0;9;1;1;A01
200900031615;0;7;0;13;0;3;1;A01
200900031616;0;1;0;0;2;3;1;B02
200900031616;0;7;0;0;9;3;15;A01
200900031617;0;30;0;0;2;1;1;B01
200900031617;0;7;0;0;2;3;1;A01
200900031618;0;2;0;0;2;1;1;B02
200900031618;0;7;0;0;0;2;15;A01
200900031619;1;7;0;0;1;0;0;A01
200900031620;0;7;0;0;1;2;1;A01
200900031621;0;7;0;0;0;2;1;A01
200900031622;0;7;0;7;1;1;14;A01
200900031623;0;33;0;0;0;0;1;A01
200900031624;0;2;0;0;0;0;0;A01
200900031625;0;7;0;0;1;3;1;A01
200900031626;0;33;0;13;0;2;0;A01
200900031627;0;7;0;16;0;1;1;A01
200900031628;0;33;0;13;0;1;17;A01
200900031629;0;7;0;0;2;3;13;A01
200900031629;0;33;0;0;2;1;1;B02
200900031630;0;7;0;0;1;2;1;A01
200900031631;0;2;0;0;2;1;17;B02
200900031631;0;7;0;0;2;8;10;A01
200900031632;0;30;0;0;0;0;1;A01
200900031633;0;7;0;0;0;4;2;B02
200900031633;0;7;0;0;2;1;2;A01
200900031634;0;33;0;0;2;2;21;B02
200900031634;0;7;0;0;2;2;21;A01
200900031635;0;7;0;0;1;0;4;A01
200900031636;0;7;0;16;0;9;1;A01
200900031637;0;33;0;0;2;8;15;B02
200900031637;0;7;0;0;2;5;17;A01
200900031638;0;7;0;0;2;7;15;A01
200900031638;0;33;0;0;2;1;0;B02
200900031639;0;7;0;0;2;3;1;B02
200900031639;0;33;0;0;2;1;15;A01
200900031640;0;7;0;0;2;1;13;A01
200900031640;0;7;0;0;2;7;21;B02
200900031641;0;17;0;0;0;7;1;A01
200900031642;0;10;0;0;2;1;2;B02
200900031642;0;10;0;3;2;3;1;C03
200900031642;0;10;0;0;2;3;11;A01
200900031643;0;1;0;0;9;1;5;A01
200900031643;0;1;0;0;0;0;5;B01
200900031644;0;7;0;0;2;1;1;A01
200900031644;0;1;0;0;2;1;1;B02
200900031645;0;7;0;0;2;4;17;B02
200900031645;0;33;0;0;2;1;17;A01
200900031646;0;7;0;0;2;3;15;A01
200900031646;0;7;0;0;2;2;1;B02
200900031647;0;7;0;0;1;3;1;A01
200900031648;0;7;0;6;0;2;14;A01
200900031649;0;7;0;8;0;1;13;A01
200900031650;0;7;0;0;2;3;1;B02
200900031650;0;7;0;0;2;3;13;A01
200900031651;0;7;0;4;0;1;1;A01
200900031652;0;1;0;0;2;1;19;A01
200900031652;0;7;0;0;2;8;1;B02
200900031653;0;7;0;0;2;3;1;B01
200900031653;0;7;0;0;2;1;1;A01
200900031654;0;33;0;0;2;2;1;B01
200900031654;1;7;0;0;2;0;9;A01
200900031655;0;7;0;0;1;1;0;A01
200900031656;0;7;0;0;2;7;1;A01
200900031656;0;33;0;0;2;8;1;B01
200900031657;0;2;0;0;2;7;1;A01
200900031657;0;7;0;0;2;1;1;B01
200900031658;0;7;0;1;0;1;1;A01
200900031659;0;33;0;16;0;7;1;A01
200900031660;0;7;0;0;2;5;2;B01
200900031660;0;7;0;0;2;1;2;A01
200900031661;0;7;0;6;2;8;0;A01
200900031661;0;7;0;0;2;1;0;B01
200900031662;0;10;0;0;1;7;0;A01
200900031663;0;7;0;0;1;0;20;A01
200900031664;0;7;0;13;0;3;0;A01
200900031665;0;7;0;0;0;0;0;B01
200900031665;0;7;0;0;2;1;0;A01
200900031666;0;10;0;0;2;4;1;B01
200900031666;0;7;0;0;2;1;1;A01
200900031667;0;7;0;0;2;3;19;B01
200900031667;0;2;0;0;2;1;1;A01
200900031668;0;7;0;0;2;2;2;B01
200900031668;0;7;0;0;2;1;2;A01
200900031669;0;7;0;11;0;1;1;A01
200900031670;0;2;0;8;0;1;0;A01
200900031671;0;33;0;0;2;1;1;B01
200900031671;0;7;0;0;2;1;15;A01
200900031672;0;32;0;0;0;0;0;B01
200900031672;0;7;0;0;0;3;21;A01
200900031673;0;10;0;0;2;1;15;A01
200900031673;0;10;0;0;2;1;1;B01
200900031674;0;7;0;0;0;1;0;A01
200900031675;0;7;0;6;0;1;16;A01
200900031676;0;10;0;0;2;1;1;A01
200900031676;0;7;0;0;2;4;1;B01
200900031677;0;2;0;16;0;8;1;A01
200900031678;0;7;0;8;0;1;6;A01
200900031679;0;7;0;0;2;2;0;A01
200900031679;0;7;0;0;0;4;0;C01
200900031679;0;7;0;0;2;1;0;B01
200900031680;0;7;0;0;2;8;15;B01
200900031680;0;7;0;0;2;1;17;A01
200900031681;0;7;0;0;0;4;1;B02
200900031681;0;7;0;0;2;1;1;A01
200900031682;0;7;0;0;1;1;1;A01
200900031683;0;1;0;0;;1;1;A01
200900031683;0;10;0;0;2;5;17;B02
200900031684;0;7;0;0;2;1;1;A01
200900031684;0;7;0;0;0;6;1;B02
200900031685;0;7;0;0;2;5;15;A02
200900031685;0;1;0;0;;1;1;B01
200900031686;0;10;0;0;0;3;1;B02
200900031686;0;10;0;0;2;2;17;A01
200900031687;0;7;0;0;0;8;10;B02
200900031687;0;33;0;0;2;7;17;A01
200900031688;0;7;0;3;0;2;1;A01
200900031689;0;1;0;0;2;1;17;A01
200900031689;0;7;0;0;;3;15;B02
200900031690;0;2;0;0;2;1;13;A01
200900031690;0;7;0;0;0;2;15;B02
200900031691;0;33;0;0;;2;1;B01
200900031691;0;7;0;0;2;3;15;A02
200900031692;0;30;0;0;;1;1;B01
200900031692;0;7;0;0;2;3;9;A02
200900031693;0;7;0;0;1;2;1;A01
200900031694;0;33;0;0;;1;1;B02
200900031694;0;7;0;0;2;2;15;A01
200900031695;0;7;0;5;0;2;1;A01
200900031696;0;7;0;0;0;1;1;B02
200900031696;0;7;0;0;2;1;13;A01
200900031697;0;7;0;0;2;2;13;A01
200900031697;0;15;0;0;0;3;1;B02
200900031698;0;3;0;0;2;1;9;A01
200900031698;0;33;0;0;2;7;1;B02
200900031699;0;33;0;0;2;1;1;A01
200900031699;0;7;0;0;2;7;15;B02
200900031700;0;14;0;3;0;7;1;A01
200900031701;0;33;0;0;0;0;1;A01
200900031702;0;7;0;0;2;1;1;B02
200900031702;0;7;0;0;2;7;1;A01
200900031703;0;31;0;13;0;1;1;A01
200900031704;0;30;0;12;0;1;1;A01
200900031705;0;13;0;0;2;6;23;B02
200900031705;0;2;0;1;0;1;1;A01
200900031706;0;36;0;0;2;8;10;B02
200900031706;0;7;0;0;2;1;13;A01
200900031707;0;7;0;0;2;1;1;B02
200900031707;0;7;0;0;2;1;13;A01
200900031708;0;33;0;0;2;1;17;A01
200900031708;0;7;0;0;2;3;15;B02
200900031709;0;7;0;0;2;1;17;A01
200900031709;0;3;0;0;2;8;15;B02
200900031710;0;33;0;0;0;0;1;B02
200900031710;0;7;0;0;0;0;2;A01
200900031711;0;2;0;0;2;1;1;B02
200900031711;0;7;0;0;2;2;15;A01
200900031712;0;2;0;0;2;8;1;B02
200900031712;0;7;0;0;2;1;19;A01
200900031713;0;7;0;3;2;1;11;A01
200900031713;0;33;0;0;2;1;1;B02
200900031714;0;7;0;0;1;2;1;A01
200900031715;0;7;0;0;2;2;15;B02
200900031715;0;33;0;0;2;2;1;A01
200900031716;0;30;0;0;2;1;5;A01
200900031716;0;7;0;0;2;1;1;B02
200900031717;0;7;0;0;1;8;1;A01
200900031718;0;7;0;0;2;7;6;A01
200900031718;0;33;0;0;2;1;1;B02
200900031719;0;7;0;0;0;1;5;A01
200900031719;0;7;0;0;0;1;15;B02
200900031720;0;10;0;0;2;1;2;A01
200900031720;0;10;0;0;2;1;1;C03
200900031720;0;10;0;0;2;6;16;B02
200900031721;0;7;0;0;2;1;13;A01
200900031721;0;7;0;0;2;1;1;B02
200900031722;0;30;0;0;2;1;1;A01
200900031722;0;7;0;0;9;3;1;B02
200900031723;0;2;0;0;2;1;1;A01
200900031723;0;7;0;0;2;3;15;B02
200900031724;0;21;0;6;0;3;1;A01
200900031725;0;33;0;0;2;1;1;B02
200900031725;0;7;0;0;2;5;19;A01
200900031726;0;10;0;0;1;2;1;A01
200900031727;0;7;0;0;2;1;5;A01
200900031727;0;13;0;0;2;1;1;B02
200900031728;0;7;0;0;9;3;1;A01
200900031728;0;1;0;0;2;3;13;B02
200900031728;0;1;0;0;9;5;17;C03
200900031729;0;37;6;12;2;1;1;B01
200900031729;0;7;0;0;0;2;16;A01
200900031730;0;30;0;0;2;1;15;A01
200900031730;0;7;0;0;2;1;1;B01
200900031731;0;1;0;11;0;0;15;A01
200900031732;0;30;0;0;0;1;1;B01
200900031732;0;7;0;0;0;3;15;A01
200900031733;0;7;0;3;0;9;16;A01
200900031734;0;7;0;0;1;1;2;A01
200900031735;0;7;0;0;2;1;1;A01
200900031735;0;7;0;0;2;4;1;B01
200900031736;0;17;0;3;0;7;9;A01
200900031737;0;2;0;12;0;0;1;A01
200900031738;0;7;0;0;9;3;15;A01
200900031738;0;1;0;0;2;6;1;B01
200900031739;0;7;0;0;2;0;15;A01
200900031739;0;33;0;0;2;1;1;B01
200900031740;0;7;0;0;2;3;23;C01
200900031740;0;7;0;0;2;2;15;A01
200900031740;0;7;0;0;2;3;1;B01
200900031741;0;7;0;0;2;1;15;A01
200900031741;0;7;0;0;2;8;1;B01
200900031742;0;10;0;0;1;2;1;A01
200900031743;0;2;0;0;0;8;1;A01
200900031744;0;7;0;0;2;3;1;B01
200900031744;0;33;0;0;2;7;16;A01
200900031745;0;10;0;0;2;4;23;C01
200900031745;0;10;0;0;2;1;2;A01
200900031745;0;7;0;0;2;4;23;B01
200900031746;0;1;0;0;2;1;1;B01
200900031746;0;7;0;0;2;3;22;A01
200900031747;0;7;0;0;2;1;15;A01
200900031747;0;1;0;0;2;1;1;B01
200900031748;0;7;0;0;9;3;6;A01
200900031748;0;1;0;0;2;1;6;B01
200900031749;0;30;0;0;0;1;1;A01
200900031750;0;15;0;0;2;2;12;A01
200900031750;0;7;0;3;2;8;1;B01
200900031751;0;2;0;0;2;0;13;A01
200900031751;0;2;0;0;2;7;13;B01
200900031752;0;7;0;0;1;1;1;A01
200900031753;0;2;0;0;2;3;1;A01
200900031753;0;7;0;0;2;2;15;B01
200900031754;0;2;0;0;9;0;2;B01
200900031754;0;2;0;0;0;0;0;A01
200900031755;0;7;0;0;2;3;1;A01
200900031755;0;1;0;0;2;1;19;B01