num_acc;senc;catv;occutc;obs;obsm;choc;manv;num_veh
200900031756;0;7;0;0;2;4;1;B01
200900031756;0;2;0;0;2;1;2;A01
200900031757;0;33;0;0;0;8;1;A01
200900031758;0;7;0;0;2;4;2;B01
200900031758;0;7;0;0;2;4;1;C01
200900031758;0;10;0;0;2;1;2;A01
200900031759;0;7;0;13;0;9;1;A01
200900031760;0;7;0;0;2;6;15;A01
200900031760;0;30;0;0;2;1;1;B01
200900031761;0;10;0;0;2;1;2;A01
200900031761;0;7;0;0;2;4;2;B01
200900031762;0;30;0;11;0;1;1;A01
200900031763;0;10;0;0;2;1;1;A01
200900031763;0;37;20;0;2;8;1;B01
200900031764;1;7;0;0;2;1;15;A01
200900031764;0;7;0;0;2;3;1;B01
200900031765;0;31;0;0;2;1;1;B01
200900031765;0;7;0;0;2;3;15;A01
200900031766;0;30;0;0;2;0;17;A01
200900031766;0;7;0;0;2;8;15;B01
200900031767;0;37;0;0;1;0;15;A01
200900031768;0;7;0;0;2;2;1;A01
200900031768;0;7;0;0;2;3;15;B01
200900031769;0;30;0;0;2;4;23;B01
200900031769;0;30;0;0;2;1;2;A01
200900031770;0;7;0;13;0;3;13;A01
200900031771;0;2;0;0;2;8;11;B01
200900031771;0;7;0;0;2;2;1;A01
200900031772;0;7;0;0;2;6;1;B01
200900031772;0;7;0;0;2;3;15;A01
200900031773;0;38;9;0;1;2;1;A01
200900031774;0;2;0;0;2;1;1;B01
200900031774;0;7;0;0;2;8;10;A01
200900031775;0;7;0;0;2;2;2;A01
200900031775;0;1;0;0;2;4;1;B01
200900031776;0;30;0;11;0;1;1;A01
200900031777;0;33;0;0;2;7;17;A01
200900031777;0;7;0;0;0;3;15;B01
200900031778;0;7;0;0;2;3;1;C01
200900031778;0;7;0;0;2;8;23;B01
200900031778;0;7;0;0;2;3;17;A01
200900031779;0;7;0;1;2;8;20;A01
200900031779;0;10;0;0;2;7;1;B01
200900031780;0;10;0;0;2;0;15;A01
200900031780;0;1;0;0;2;0;1;B01
200900031781;0;7;0;;2;1;1;A01
200900031781;0;7;0;;2;1;1;B02
200900031782;0;7;0;;2;6;1;B02
200900031782;0;7;0;;2;2;1;A01
200900031783;0;7;0;3;;9;12;A01
200900031784;0;7;0;0;1;3;1;A01
200900031785;0;7;0;;2;1;1;B01
200900031785;0;7;0;;2;2;15;A01
200900031786;0;7;0;0;1;1;15;A01
200900031787;2;7;0;0;1;2;1;A01
200900031788;0;32;0;0;2;1;1;B01
200900031788;0;7;0;0;2;3;11;A01
200900031789;0;7;0;0;1;2;1;A01
200900031790;0;33;0;0;2;1;1;A01
200900031790;0;7;0;0;0;8;15;B01
200900031791;0;7;0;0;0;6;0;B01
200900031791;0;7;0;0;2;1;0;A01
200900031792;0;7;0;0;2;4;23;B01
200900031792;0;7;0;0;2;1;1;A01
200900031793;0;37;6;0;2;3;15;B01
200900031793;0;7;0;0;2;2;1;A01
200900031794;0;1;0;0;2;7;0;A01
200900031794;0;7;0;0;9;1;0;B01
200900031795;0;7;0;0;2;2;13;A01
200900031795;0;32;0;0;2;1;1;B01
200900031796;0;7;0;0;2;2;1;A01
200900031796;0;20;0;0;0;8;1;B01
200900031797;0;7;0;0;2;3;1;B01
200900031797;0;7;0;0;2;1;1;A01
200900031798;0;7;0;0;2;3;15;A01
200900031798;0;7;0;0;2;1;1;B01
200900031799;0;1;0;0;2;0;19;B01
200900031799;0;7;0;0;2;0;1;A01
200900031800;0;31;0;0;2;1;1;B01
200900031800;0;7;0;0;2;5;15;A01
200900031801;0;7;0;0;1;2;1;A01
200900031802;0;7;0;8;0;0;1;A01
200900031803;0;7;0;0;2;6;2;B01
200900031803;0;7;0;0;2;6;2;C01
200900031803;2;7;0;1;1;2;0;A01
200900031804;0;1;0;0;2;1;5;A01
200900031804;0;7;0;0;9;1;16;B01
200900031805;0;7;0;0;2;1;1;A01
200900031805;0;7;0;12;2;8;15;B01
200900031806;0;7;0;15;0;9;1;A01
200900031807;0;7;0;0;0;3;0;B01
200900031807;0;33;0;0;0;2;0;A01
200900031808;0;7;0;1;0;3;15;B01
200900031808;0;10;0;0;2;2;5;A01
200900031809;0;30;0;0;2;1;1;A01
200900031809;0;7;0;0;2;7;1;B01
200900031810;0;7;0;12;0;1;1;A01
200900031811;0;7;0;0;1;1;1;A01
200900031812;0;30;0;0;2;8;1;B01
200900031812;0;10;0;0;2;1;1;A01
200900031813;0;30;0;0;0;0;12;A01
200900031814;0;1;0;0;2;1;1;A01
200900031814;0;7;0;0;9;3;1;B01
200900031815;0;10;0;0;2;4;1;B01
200900031815;0;32;0;0;2;1;1;A01
200900031816;0;33;0;0;1;1;1;A01
200900031817;0;2;0;0;1;1;1;A01
200900031818;0;7;0;0;2;1;19;A01
200900031818;0;33;0;0;2;3;1;B01
200900031819;0;7;0;0;1;1;15;A01
200900031820;0;7;0;0;2;1;2;B01
200900031820;0;32;0;0;2;1;3;A01
200900031821;0;33;0;1;2;9;1;B01
200900031821;0;7;0;0;2;1;15;A01
200900031822;0;7;0;0;2;1;1;A01
200900031822;0;1;0;0;2;7;1;B01
200900031823;0;7;0;0;9;1;9;A01
200900031823;0;1;0;0;2;7;1;B01
200900031824;0;2;0;0;0;0;0;B01
200900031824;2;7;0;0;2;1;0;A01
200900031825;0;7;0;15;0;0;1;A01
200900031826;0;7;0;0;2;3;1;A01
200900031826;0;7;0;0;0;2;1;B01
200900031827;0;7;0;1;0;1;1;A01
200900031828;0;13;0;0;0;7;0;B01
200900031828;0;7;0;0;0;8;0;A01
200900031829;0;7;0;15;0;2;6;A01
200900031830;0;1;0;0;0;1;1;B01
200900031830;0;7;0;0;2;0;1;A01
200900031831;0;30;0;0;2;1;18;A01
200900031831;0;7;0;0;2;7;23;B01
200900031832;0;33;0;0;0;7;1;A01
200900031833;0;10;0;0;1;2;1;A01
200900031834;0;7;0;0;1;1;1;A01
200900031835;0;1;0;0;1;1;1;A01
200900031836;0;10;0;0;2;2;1;A01
200900031836;0;7;0;0;2;1;1;B01
200900031837;0;7;0;0;2;8;10;A01
200900031837;0;33;0;0;2;1;3;B01
200900031838;0;32;0;0;2;3;17;B01
200900031838;0;10;0;0;2;3;15;A01
200900031839;0;10;0;0;2;0;0;A01
200900031839;0;34;0;0;2;0;17;B01
200900031840;0;31;0;0;2;3;0;A01
200900031840;0;7;0;0;2;1;0;B01
200900031841;0;34;0;0;2;1;1;B01
200900031841;0;7;0;0;2;8;9;A01
200900031842;0;7;0;0;2;6;11;A01
200900031842;0;30;0;0;2;7;1;B01
200900031843;0;31;0;0;2;7;1;B01
200900031843;0;7;0;0;2;3;10;A01
200900031844;0;7;0;0;1;7;1;A01
200900031845;0;30;0;0;2;1;5;A01
200900031845;0;7;0;0;2;1;1;B01
200900031846;0;7;0;0;1;1;1;A01
200900031847;0;7;0;0;1;8;1;A01
200900031848;0;1;0;0;2;0;1;B01
200900031848;0;7;0;0;2;0;1;A01
200900031849;0;1;0;0;2;8;2;B01
200900031849;0;15;0;0;9;0;1;A01
200900031850;1;30;0;0;1;0;0;A01
200900031851;0;7;0;0;2;8;1;A01
200900031851;0;7;0;0;2;1;1;B01
200900031852;0;13;0;0;1;5;2;A01
200900031853;0;7;0;0;1;3;15;A01
200900031854;1;7;0;0;1;8;1;A01
200900031855;0;7;0;0;2;5;15;A01
200900031855;0;30;0;0;2;1;1;B01
200900031856;0;7;0;0;0;6;12;B01
200900031856;0;7;0;4;2;1;17;A01
200900031856;0;7;0;0;0;3;1;C01
200900031857;0;7;0;0;1;6;15;A01
200900031858;0;7;0;0;2;3;9;B01
200900031858;0;2;0;0;2;1;1;A01
200900031859;0;7;0;0;0;3;1;A01
200900031859;0;1;0;0;2;3;1;B01
200900031860;0;7;0;0;2;4;1;B01
200900031860;0;7;0;0;2;4;1;C01
200900031860;0;7;0;0;2;1;1;A01
200900031861;0;7;0;0;2;2;1;A01
200900031861;0;32;0;0;2;1;1;B01
200900031862;0;7;0;0;2;4;4;A01
200900031862;0;30;0;0;2;8;1;B01
200900031863;0;7;0;0;1;1;0;A01
200900031864;0;7;0;0;2;7;1;A01
200900031864;0;7;0;0;2;1;1;B01
200900031865;0;30;0;0;0;0;0;A01
200900031866;0;2;0;0;1;1;1;A01
200900031867;0;7;0;0;2;1;2;A01
200900031867;0;7;0;0;0;4;2;B01
200900031868;0;37;2;0;2;2;7;B01
200900031868;0;7;0;0;2;3;15;A01
200900031869;0;31;0;0;2;1;1;A01
200900031869;0;7;0;0;2;6;1;B01
200900031870;0;31;0;0;0;8;2;A01
200900031870;0;7;0;0;0;3;0;B01
200900031871;0;7;0;0;2;1;2;A01
200900031871;0;7;0;0;0;4;2;B01
200900031872;0;3;0;1;0;1;20;A01
200900031873;0;7;0;0;2;1;1;A01
200900031873;0;7;0;0;0;6;15;B01
200900031874;0;7;0;0;2;1;15;A01
200900031874;0;32;0;0;2;1;1;B01
200900031875;0;30;0;0;1;1;18;A01
200900031876;0;7;0;0;0;4;1;B01
200900031876;0;7;0;0;2;1;2;A01
200900031877;0;7;0;0;2;8;1;B01
200900031877;0;2;0;0;2;7;13;A01
200900031878;0;7;0;0;1;3;13;A01
200900031879;0;32;0;0;2;1;9;A01
200900031879;1;7;0;0;2;4;2;B01
200900031880;0;7;0;0;2;2;12;A01
200900031880;0;7;0;0;2;8;1;B01
200900031881;0;7;0;0;2;3;5;A01
200900031881;0;31;0;0;2;1;5;B02
200900031882;0;7;0;0;0;4;1;B01
200900031882;0;10;0;0;2;1;2;A01
200900031883;0;7;0;0;2;1;2;A01
200900031883;0;7;0;0;0;4;2;B01
200900031884;0;7;0;0;2;1;1;A01
200900031884;0;7;0;0;2;3;14;B02
200900031885;0;14;0;8;1;7;0;A01
200900031886;0;7;0;0;2;8;0;A01
200900031886;0;33;0;0;0;8;1;B01
200900031887;0;7;0;1;2;1;14;A01
200900031888;0;10;0;0;1;3;14;A01
200900031889;0;7;0;4;0;3;2;A01
200900031890;0;7;0;0;2;3;19;A01
200900031890;0;31;0;0;2;1;1;B02
200900031891;0;10;0;0;2;4;2;B01
200900031891;0;14;0;0;2;1;2;A01
200900031892;0;7;0;0;0;1;12;A01
200900031893;0;7;0;0;2;4;2;D01
200900031893;0;7;0;0;2;4;2;C01
200900031893;0;10;0;0;2;1;2;A01
200900031893;0;7;0;0;2;4;2;B01
200900031894;0;7;0;0;0;4;1;C01
200900031894;0;7;0;0;0;4;1;B01
200900031894;0;7;0;0;0;1;1;A01
200900031895;0;7;0;0;2;3;1;B02
200900031895;0;7;0;0;2;3;13;A01
200900031896;0;33;0;12;2;1;1;B02
200900031896;0;7;0;0;2;5;15;A01
200900031897;0;7;0;0;1;1;15;A01
200900031898;0;7;0;0;9;3;19;A01
200900031898;0;30;0;0;2;1;1;B01
200900031899;0;7;0;0;2;1;2;A01
200900031899;0;7;0;0;0;4;2;B01
200900031900;0;30;0;0;2;1;13;A01
200900031900;0;7;0;0;2;3;1;B02
200900031901;0;10;0;0;2;3;0;B01
200900031901;0;30;0;0;2;3;0;A01
200900031902;0;14;0;0;2;3;1;A01
200900031902;0;14;0;0;2;2;9;B02
200900031903;0;7;0;0;2;2;14;A01
200900031903;0;7;0;4;2;8;1;B01
200900031904;0;7;0;4;0;2;2;A01
200900031905;0;7;0;0;2;1;1;B02
200900031905;0;7;0;0;2;7;0;A01
200900031906;0;7;0;0;2;2;5;A01
200900031906;0;7;0;0;2;2;21;B01
200900031907;0;10;0;3;0;1;13;A01
200900031908;0;7;0;13;0;2;21;A01
200900031909;0;7;0;0;1;2;15;A01
200900031910;0;7;0;0;0;7;1;B01
200900031910;0;31;0;0;2;8;9;A01
200900031911;0;7;0;0;2;8;15;B02
200900031911;0;31;0;0;2;1;17;A01
200900031912;0;32;0;0;2;0;2;B01
200900031912;0;7;0;0;9;3;15;A01
200900031913;0;32;0;0;2;7;1;B01
200900031913;0;7;0;0;2;6;11;A01
200900031914;0;7;0;6;0;8;1;A01
200900031915;0;33;0;0;0;4;1;B01
200900031915;0;7;0;0;2;1;2;A01
200900031916;0;7;0;0;2;1;1;B02
200900031916;0;33;0;0;2;1;13;A01
200900031916;0;7;0;0;2;3;1;C03
200900031917;0;10;0;0;2;3;2;B01
200900031917;0;2;0;0;2;0;2;A01
200900031918;0;33;0;13;0;1;17;A01
200900031919;0;33;0;0;2;1;1;B02
200900031919;0;7;0;0;2;7;15;A01
200900031920;0;30;0;0;1;8;9;A01
200900031921;0;31;0;1;2;1;1;A01
200900031921;0;7;0;1;2;7;1;B01
200900031922;0;7;0;4;0;9;11;A01
200900031923;0;10;0;0;2;1;2;A01
200900031923;0;7;0;0;0;4;2;B02
200900031924;0;33;0;0;0;7;2;A01
200900031925;0;7;0;0;2;3;12;B01
200900031925;0;7;0;0;2;6;17;A01
200900031926;0;7;0;0;2;2;15;B02
200900031926;0;33;0;0;2;1;17;A01
200900031927;0;7;0;0;2;5;15;A01
200900031927;0;7;0;0;2;3;1;B02
200900031928;0;7;0;0;9;1;1;B01
200900031928;0;30;0;0;2;0;1;A01
200900031929;0;7;0;4;0;1;1;A01
200900031930;0;7;0;0;2;7;13;A01
200900031930;0;10;0;0;2;1;1;B02
200900031931;0;7;0;0;2;6;1;B01
200900031931;0;7;0;0;2;1;9;A01
200900031932;0;7;0;4;0;1;0;A01
200900031932;0;7;0;0;9;1;0;B02
200900031933;0;7;0;0;2;2;1;A01
200900031933;0;7;0;0;2;3;1;B01
200900031934;0;7;0;0;2;2;17;B02
200900031934;0;33;0;0;2;3;15;A01
200900031935;0;10;0;0;1;5;1;A01
200900031936;0;2;0;0;2;0;0;B01
200900031936;0;7;0;0;2;0;0;A01
200900031937;0;33;0;1;0;2;14;A01
200900031938;0;33;0;12;0;1;16;A01
200900031939;0;10;0;0;2;9;9;B01
200900031939;0;10;0;0;2;1;1;F02
200900031939;0;10;0;0;2;9;1;D01
200900031939;0;15;0;0;2;9;1;C01
200900031939;0;15;0;0;2;1;1;A01
200900031939;0;10;0;0;2;4;1;E01
200900031940;0;15;0;0;2;2;1;A01
200900031940;0;7;0;0;2;6;2;B01
200900031941;0;33;0;3;0;1;1;A01
200900031942;0;7;0;0;0;3;2;A01
200900031943;0;7;0;0;2;5;2;B01
200900031943;0;7;0;0;2;6;2;C01
200900031943;0;31;0;0;2;1;3;A01
200900031944;0;7;0;0;2;8;1;B01
200900031944;0;33;0;0;2;7;14;A01
200900031945;0;7;0;0;1;1;15;A01
200900031946;0;3;0;8;0;2;15;A01
200900031947;0;31;0;15;0;1;5;A01
200900031948;0;33;0;0;2;1;0;B01
200900031948;0;7;0;0;2;8;10;A01
200900031949;0;33;0;0;2;3;18;A01
200900031949;0;15;0;0;2;3;15;B02
200900031950;0;31;0;0;0;0;1;A01
200900031951;0;30;0;0;2;1;0;A01
200900031951;0;10;0;0;9;3;1;B01
200900031952;0;7;0;0;2;6;10;A01
200900031952;0;33;0;0;2;1;1;B02
200900031953;0;7;0;0;2;3;2;A01
200900031953;0;7;0;0;2;4;2;C01
200900031953;0;7;0;0;0;5;2;B01
200900031954;0;33;0;0;0;7;1;A01
200900031955;0;7;0;0;0;0;1;A01
200900031955;0;7;0;0;0;2;2;B01
200900031955;0;7;0;14;0;4;2;C01
200900031956;0;7;0;0;2;3;15;A01
200900031956;0;33;0;0;2;0;17;B02
200900031957;0;30;0;0;2;7;1;B02
200900031957;0;30;0;8;2;8;18;A01
200900031958;0;14;0;0;0;4;23;B02
200900031958;0;7;0;0;2;1;1;A01
200900031959;0;7;0;0;2;1;2;A01
200900031959;0;7;0;0;0;4;2;B01
200900031960;0;7;0;1;1;1;1;A01
200900031961;0;7;0;0;2;2;17;A01
200900031961;0;1;0;0;2;4;1;B01
200900031962;0;7;0;0;2;3;18;A01
200900031962;0;2;0;0;2;1;1;B01
200900031963;0;7;0;0;1;1;2;A01
200900031964;0;33;0;0;2;1;2;B01
200900031964;0;7;0;0;2;8;2;A01
200900031965;0;7;0;0;2;3;13;A01
200900031965;0;7;0;0;2;3;1;B01
200900031966;1;10;0;0;2;0;2;A01
200900031966;0;2;0;0;2;0;0;B01
200900031967;0;1;0;0;2;4;1;C01
200900031967;1;2;0;0;2;4;14;A01
200900031967;0;1;0;0;2;4;6;B01
200900031968;0;7;0;0;2;6;19;A01
200900031968;0;2;0;0;2;1;1;B01
200900031969;0;1;0;1;0;1;2;A01
200900031969;0;99;0;0;0;6;23;B01
200900031970;0;1;0;0;2;1;1;B01
200900031970;0;7;0;0;2;2;19;A01
200900031971;1;1;0;0;1;1;1;A01
200900031972;0;30;0;0;0;9;2;B01
200900031972;0;7;0;0;2;7;2;A01
200900031973;0;7;0;0;2;3;13;A01
200900031973;0;37;1;0;2;6;1;B01
200900031974;0;10;0;0;1;2;1;A01
200900031975;0;30;0;0;2;8;1;A01
200900031975;0;7;0;0;2;8;1;B01
200900031976;0;7;0;3;0;1;5;A01
200900031977;0;7;0;0;2;3;13;A01
200900031977;0;7;0;0;2;3;1;B02
200900031978;0;7;0;15;0;7;1;A01
200900031979;0;17;0;13;0;7;1;A01
200900031980;0;7;0;16;0;9;21;A01
200900031981;0;7;0;0;2;1;13;A01
200900031981;0;7;0;0;2;1;1;B02
200900031982;0;1;0;0;0;4;13;A01
200900031982;0;7;0;0;9;2;1;B02
200900031983;0;10;0;13;0;2;1;A01
200900031984;0;7;0;0;2;1;17;A01
200900031984;0;7;0;0;2;1;1;B02
200900031985;0;7;0;0;2;2;21;B02
200900031985;0;7;0;0;2;2;17;A01
200900031986;0;7;0;0;2;2;15;A01
200900031986;0;2;0;0;2;1;1;B02
200900031987;0;7;0;0;0;4;2;B02
200900031987;0;2;0;0;2;1;2;A01
200900031988;0;2;0;8;0;1;1;A01
200900031989;0;7;0;0;2;0;1;B02
200900031989;0;7;0;0;2;0;17;A01
200900031990;0;7;0;0;2;1;1;B01
200900031990;0;1;0;0;2;8;19;A01
200900031991;0;1;0;0;2;8;0;A01
200900031991;0;7;0;0;2;1;1;B01
200900031992;0;7;0;0;2;8;13;A01
200900031992;0;7;0;0;2;8;1;B01
200900031993;0;7;0;0;2;4;23;B01
200900031993;0;30;0;14;0;1;1;A01
200900031994;0;10;0;13;0;3;1;A01
200900031995;0;7;0;13;0;6;1;A01
200900031996;0;7;0;0;1;2;13;A01
200900031997;0;7;0;13;0;7;1;A01
200900031998;0;30;0;0;2;4;1;A01
200900031998;1;7;0;0;2;1;1;B02
200900031999;0;7;0;0;2;3;13;A01
200900031999;0;7;0;0;2;8;1;B02
200900032000;0;7;0;0;2;1;1;A01
200900032000;0;7;0;0;2;3;1;B02
200900032001;0;7;0;15;0;3;1;A01
200900032002;0;7;0;0;9;5;16;A01
200900032002;0;1;0;0;2;1;1;B02
200900032003;0;30;0;0;2;1;1;B02
200900032003;0;7;0;0;2;7;15;A01
200900032004;0;2;0;0;2;1;19;B02
200900032004;0;7;0;0;2;2;1;A01
200900032005;0;7;0;13;0;9;1;A01
200900032006;0;7;0;6;0;7;1;A01
200900032007;0;10;0;0;2;3;9;A01
200900032007;0;2;0;0;2;1;9;B02
200900032008;0;10;0;0;2;1;1;B02
200900032008;0;7;0;0;2;3;1;A01
200900032009;0;7;0;0;1;1;1;A01
200900032010;0;14;0;0;2;3;1;B02
200900032010;0;7;0;0;2;3;1;A01
200900032011;0;30;0;0;2;1;1;B02
200900032011;0;30;0;0;2;1;13;A01
200900032012;0;7;0;0;2;1;19;A01
200900032012;0;7;0;0;2;8;19;B02
200900032013;0;7;0;0;2;1;1;B02
200900032013;0;7;0;0;2;8;13;A01
200900032014;0;7;0;6;0;2;1;A01
200900032015;0;14;0;0;2;1;1;A01
200900032015;0;7;0;0;2;4;1;B01
200900032016;0;7;0;0;0;1;0;C03
200900032016;0;7;0;1;2;3;15;B02
200900032016;0;7;0;0;2;1;17;A01
200900032017;0;30;0;0;2;8;1;B02
200900032017;0;3;0;0;2;3;15;A01
200900032018;0;7;0;0;2;3;15;B02
200900032018;0;7;0;0;2;3;13;A01
200900032019;0;7;0;0;2;1;9;B02
200900032019;0;31;0;0;2;7;1;A01
200900032020;0;30;0;8;0;0;13;A01
200900032021;0;2;0;0;2;0;13;A01
200900032021;0;2;0;0;2;0;13;B02
200900032022;0;7;0;0;2;7;19;B02
200900032022;0;15;0;0;2;3;1;A01
200900032023;0;31;0;8;0;1;13;A01
200900032024;0;17;0;0;2;8;1;B02
200900032024;0;17;0;0;2;8;13;A01
200900032025;0;10;0;0;2;3;13;A01
200900032025;0;7;0;0;2;3;1;B02
200900032026;0;2;0;0;2;1;1;A01
200900032026;0;7;0;15;2;3;15;B02
200900032027;0;31;0;8;0;1;14;A01
200900032028;0;7;0;0;2;5;10;A01
200900032028;0;33;0;0;2;1;1;B02
200900032029;0;7;0;8;0;1;1;A01
200900032030;0;7;0;0;1;2;1;A01
200900032031;0;7;0;0;2;7;1;A01
200900032031;0;37;1;0;2;1;1;B01
200900032032;0;33;0;0;2;2;17;C03
200900032032;0;21;0;0;2;3;15;A01
200900032032;0;33;0;0;2;1;17;B02
200900032033;0;7;0;0;2;8;13;A01
200900032033;0;10;0;0;2;1;1;B02
200900032034;0;10;0;0;2;1;5;A01
200900032034;0;10;0;0;2;1;1;B02
200900032035;0;33;0;2;0;4;1;A01
200900032036;0;7;0;0;2;2;17;A01
200900032036;0;1;0;0;0;4;1;B02
200900032037;0;34;0;10;0;8;1;A01
200900032038;0;7;0;0;2;3;1;B01
200900032038;0;7;0;0;2;1;13;A01
200900032039;0;7;0;0;2;3;13;A01
200900032039;0;7;0;0;2;6;1;B01
200900032040;0;7;0;0;1;1;1;A01
200900032041;0;7;0;0;2;1;1;A01
200900032041;0;7;0;0;2;4;23;B01
200900032042;0;7;0;0;2;1;1;A01
200900032042;0;2;0;0;2;7;9;B01
200900032043;0;7;0;7;2;1;1;B01
200900032043;0;7;0;0;2;1;15;A01
200900032044;0;2;0;0;2;0;11;A01
200900032044;0;10;0;0;2;7;1;B01
200900032045;0;7;0;0;1;3;1;A01
200900032046;0;30;0;0;2;4;23;B01
200900032046;0;7;0;0;2;1;16;A01
200900032047;0;7;0;0;1;1;0;A01
200900032048;0;7;0;0;0;6;23;B01
200900032048;0;2;0;1;0;1;17;A01
200900032049;0;7;0;0;1;4;4;A01
200900032050;0;7;0;0;2;3;1;B02
200900032050;0;10;0;0;2;3;15;A01
200900032051;0;7;0;0;2;1;1;A01
200900032052;0;31;0;0;2;1;1;A01
200900032052;0;30;0;0;2;3;19;B02
200900032053;0;7;0;;;4;15;C02
200900032053;0;7;0;0;2;3;15;A01
200900032053;0;7;0;0;2;3;1;B02
200900032054;0;2;0;6;0;1;1;A01
200900032055;0;7;0;0;2;1;23;C03
200900032055;0;7;0;0;2;1;15;A01
200900032055;0;7;0;0;2;1;1;B02
200900032056;0;7;0;0;2;3;1;A01
200900032056;0;2;0;0;2;8;15;B02
200900032057;0;2;0;0;2;1;1;B02
200900032057;0;7;0;0;0;4;13;A01
200900032058;0;33;0;0;0;8;1;A01
200900032059;0;30;0;0;1;1;1;A01
200900032060;0;38;0;0;0;3;1;C03
200900032060;0;21;0;0;0;6;21;B02
200900032060;0;7;0;0;2;3;13;A01
200900032061;0;7;0;2;0;2;13;A01
200900032062;0;7;0;0;0;2;20;B01
200900032062;0;2;0;0;0;3;0;A01
200900032063;0;7;0;0;0;0;0;A01
200900032064;0;7;0;0;2;5;1;B02
200900032064;0;21;0;0;2;1;0;A01
200900032065;0;7;0;0;2;7;1;A01
200900032065;0;7;0;0;2;3;1;B01
200900032066;0;7;0;0;1;1;1;A01
200900032067;0;7;0;0;2;5;16;A01
200900032067;0;1;0;0;2;1;1;B01
200900032068;0;7;0;0;1;2;1;A01
200900032069;0;7;0;0;2;4;1;B01
200900032069;0;2;0;0;2;1;1;A01
200900032070;0;1;0;0;2;5;1;A01
200900032070;0;7;0;0;2;1;1;B01
200900032071;0;1;0;0;2;1;19;A01
200900032071;0;7;0;0;2;7;15;B01
200900032072;0;7;0;0;2;1;9;A01
200900032072;0;7;0;0;0;7;15;B01
200900032073;0;7;0;0;2;1;9;B01
200900032073;0;30;0;0;2;8;0;A01
200900032074;0;32;0;0;2;1;1;B01
200900032074;0;7;0;0;2;7;15;A01
200900032075;0;7;0;0;2;3;15;A01
200900032075;0;33;0;0;2;1;1;B01
200900032076;0;7;0;0;2;7;17;A01
200900032076;0;33;0;0;2;8;15;B01
200900032077;0;7;0;1;0;5;13;B02
200900032077;0;30;0;0;2;7;24;A01
200900032078;0;7;0;0;2;3;17;B02
200900032078;0;1;0;0;2;1;17;A01
200900032079;0;7;0;0;1;2;21;A01
200900032080;0;7;0;13;0;9;1;A01
200900032081;0;7;0;4;0;2;1;A01
200900032082;0;30;0;0;2;1;1;B02
200900032082;0;7;0;0;2;5;15;A01
200900032083;0;32;0;6;0;1;15;A01
200900032084;0;33;0;0;2;1;13;B02
200900032084;0;7;0;0;2;2;1;A01
200900032085;0;7;0;0;1;2;1;A01
200900032086;0;33;0;2;0;8;1;A01
200900032087;0;7;0;13;0;1;14;A01
200900032088;0;30;0;2;0;1;14;A01
200900032089;0;7;0;2;0;3;1;A01
200900032090;0;7;0;0;2;1;1;B02
200900032090;0;30;0;0;2;8;15;A01
200900032091;0;7;0;16;0;9;14;A01
200900032092;0;2;0;0;2;2;21;B02
200900032092;0;7;0;0;2;2;19;A01
200900032093;0;7;0;8;0;1;1;A01
200900032094;0;7;0;0;2;4;1;C01
200900032094;0;7;0;0;2;1;1;B01
200900032094;0;7;0;0;2;1;1;A01
200900032095;0;30;0;1;0;1;21;B01
200900032095;0;7;0;0;0;6;24;A01
200900032096;0;7;0;0;2;2;1;A01
200900032096;0;7;0;0;2;1;1;B01
200900032097;0;7;0;0;1;1;1;A01
200900032098;0;7;0;0;1;1;16;A01
200900032099;0;7;0;15;0;1;1;A01
200900032100;0;7;0;0;2;1;1;B01
200900032100;0;7;0;0;2;1;15;A01
200900032101;0;7;0;2;0;1;13;A01
200900032101;1;7;0;0;2;0;17;B01
200900032102;0;2;0;0;2;4;2;B01
200900032102;0;30;0;0;2;1;2;A01
200900032103;0;7;0;0;2;5;15;A01
200900032103;0;2;0;0;2;1;1;B01
200900032104;0;7;0;0;0;1;1;B01
200900032104;0;7;0;0;2;1;13;A01
200900032105;0;1;0;0;2;1;1;B01
200900032105;0;7;0;0;2;2;15;A01
200900032106;0;7;0;0;2;3;1;B02
200900032106;0;7;0;0;2;2;15;A01
200900032107;0;7;0;0;2;3;19;B01
200900032107;0;1;0;0;2;1;5;A01
200900032108;2;7;0;0;2;1;2;A01
200900032108;0;7;0;0;0;4;1;B01
200900032109;0;30;0;0;2;4;2;B01
200900032109;0;7;0;0;9;1;2;A01
200900032110;0;7;0;0;2;1;13;A01
200900032110;0;17;0;0;2;1;1;B02
200900032111;0;7;0;0;1;7;2;A01
200900032112;0;2;0;0;0;0;1;B02
200900032112;0;17;0;0;0;0;17;A01
200900032113;0;17;0;14;0;2;1;A01
200900032114;0;7;0;0;2;3;15;A01
200900032114;0;33;0;0;2;1;1;B02
200900032115;0;7;0;0;2;7;15;A01
200900032115;0;33;0;0;2;1;1;B02
200900032116;0;7;0;0;0;9;1;A01
200900032117;0;10;0;0;0;0;9;A01
200900032117;0;7;0;13;0;2;1;B02
200900032118;0;2;0;12;0;1;1;A01
200900032119;0;7;0;0;2;1;1;A01
200900032119;0;7;0;0;2;2;1;B01
200900032120;0;7;0;0;2;3;15;B01
200900032120;0;2;0;0;2;1;17;A01
200900032121;0;7;0;0;2;1;1;C01
200900032121;0;3;0;0;2;1;1;B01