num_acc;senc;catv;occutc;obs;obsm;choc;manv;num_veh
200900032121;0;7;0;0;2;1;13;A01
200900032122;0;7;0;0;2;1;1;C01
200900032122;0;2;0;0;2;1;13;A01
200900032122;0;7;0;0;2;3;1;B01
200900032123;0;2;0;0;0;0;1;A01
200900032124;0;10;0;0;2;3;1;A01
200900032124;0;7;0;0;2;3;1;B02
200900032125;0;7;0;0;2;5;15;A01
200900032125;0;7;0;0;2;3;1;B02
200900032126;0;7;0;6;0;6;1;A01
200900032127;0;7;0;0;0;7;1;B02
200900032127;0;30;0;0;2;1;9;A01
200900032128;0;7;0;13;0;3;1;A01
200900032129;0;7;0;0;2;1;1;B02
200900032129;0;14;0;0;2;3;1;A01
200900032130;0;7;0;2;0;1;5;A01
200900032131;0;7;0;3;0;8;1;A01
200900032132;0;7;0;6;0;1;13;A01
200900032133;0;7;0;0;2;1;17;A01
200900032133;0;30;0;0;2;1;1;B02
200900032134;0;7;0;6;0;1;15;A01
200900032135;0;2;0;1;0;1;1;A01
200900032136;0;17;0;0;2;3;2;A01
200900032136;0;17;0;0;0;4;1;B01
200900032137;0;7;0;2;0;1;1;A01
200900032138;0;7;0;0;1;2;1;A01
200900032139;0;7;0;2;0;3;2;A01
200900032140;0;2;0;0;0;0;1;A01
200900032141;0;7;0;0;2;6;15;B02
200900032141;0;7;0;1;2;1;1;A01
200900032141;0;7;0;0;0;6;24;C03
200900032142;0;30;0;0;2;1;1;B01
200900032142;0;7;0;0;2;7;15;A01
200900032143;0;7;0;0;2;7;15;A01
200900032143;0;37;1;0;2;1;1;B02
200900032144;0;38;52;3;0;2;1;A01
200900032145;0;10;0;2;0;3;14;A01
200900032146;0;7;0;8;0;2;1;A01
200900032147;0;7;0;0;1;2;1;A01
200900032148;0;7;0;13;0;7;1;A01
200900032149;0;7;0;13;0;2;1;A01
200900032150;0;7;0;2;0;2;1;A01
200900032151;0;2;0;13;0;1;1;A01
200900032152;0;7;0;0;1;3;1;A01
200900032153;0;7;0;13;0;9;1;A01
200900032154;0;30;0;6;0;1;1;A01
200900032155;0;7;0;16;0;9;1;A01
200900032156;0;7;0;16;0;9;14;A01
200900032157;0;7;0;0;2;6;1;A01
200900032157;0;7;0;0;2;2;1;B02
200900032158;0;7;0;0;2;1;1;B02
200900032158;0;2;0;0;2;1;1;A01
200900032158;0;7;0;0;2;3;1;C03
200900032159;0;7;0;0;2;1;1;B02
200900032159;0;14;0;0;2;3;1;A01
200900032160;0;7;0;3;0;2;14;A01
200900032161;0;7;0;0;2;3;14;A01
200900032161;0;10;0;0;2;3;3;B02
200900032162;0;7;0;0;9;8;22;A01
200900032162;0;1;0;1;0;1;1;B01
200900032163;0;15;0;0;2;5;1;B01
200900032163;0;34;0;0;2;8;9;A01
200900032164;0;30;0;0;2;1;1;B01
200900032164;0;7;0;0;2;3;15;A01
200900032165;0;7;0;13;0;1;1;A01
200900032166;0;33;0;0;2;1;1;A01
200900032166;0;7;0;0;2;3;15;B02
200900032167;0;7;0;0;2;1;1;A01
200900032167;0;7;0;0;2;1;5;B02
200900032168;0;7;0;13;0;1;1;A01
200900032169;0;7;0;0;2;1;1;B01
200900032169;0;7;0;0;2;7;15;A01
200900032170;0;7;0;0;1;3;1;A01
200900032171;0;33;0;6;0;1;0;A01
200900032172;0;2;0;0;2;6;2;A01
200900032172;0;10;0;0;2;2;2;B01
200900032173;0;7;0;0;2;1;1;A01
200900032173;0;1;0;0;2;7;19;B01
200900032174;0;7;0;0;0;1;0;A01
200900032175;0;37;2;0;1;7;16;A01
200900032176;0;7;0;0;0;3;9;A01
200900032176;0;33;0;0;0;1;1;B01
200900032177;0;7;0;0;2;2;1;A01
200900032177;0;7;0;0;2;1;1;B01
200900032178;0;7;0;0;1;7;1;A01
200900032179;0;1;0;0;2;1;1;A01
200900032179;0;7;0;0;0;7;16;B01
200900032180;0;7;0;16;0;1;1;A01
200900032181;0;2;0;0;0;8;1;B02
200900032181;0;7;0;0;2;1;1;A01
200900032182;0;33;0;0;0;9;1;A01
200900032183;0;7;0;0;9;1;2;A01
200900032183;0;1;0;0;2;4;2;B02
200900032184;0;7;0;13;0;1;1;A01
200900032185;0;7;0;0;2;1;17;A01
200900032185;0;7;0;0;2;1;1;B02
200900032186;0;33;0;0;0;7;16;A01
200900032187;0;2;0;0;2;6;15;A01
200900032187;0;7;0;0;2;3;16;B02
200900032188;0;7;0;0;2;3;0;B02
200900032188;0;7;0;0;2;3;0;A01
200900032189;0;7;0;0;0;6;2;A01
200900032189;0;33;0;0;2;1;2;B02
200900032190;0;17;0;0;2;2;13;A01
200900032190;0;14;0;0;2;7;21;B02
200900032191;0;7;0;0;2;8;1;A01
200900032191;0;7;0;0;2;1;9;B02
200900032192;0;32;0;0;2;2;1;B02
200900032192;0;7;0;0;2;3;20;A01
200900032193;0;31;0;0;0;0;13;A01
200900032193;0;7;0;0;2;3;1;B02
200900032194;0;7;0;11;0;1;16;A01
200900032195;0;10;0;0;2;3;9;B02
200900032195;0;7;0;0;2;2;1;A01
200900032196;0;17;0;0;2;3;1;B02
200900032196;0;7;0;0;2;3;13;A01
200900032197;0;7;0;0;0;7;16;B02
200900032197;0;33;0;1;2;3;18;A01
200900032198;0;7;0;0;0;9;1;A01
200900032199;0;7;0;0;0;4;9;B02
200900032199;0;7;0;0;2;1;2;A01
200900032200;0;7;0;0;1;1;1;A01
200900032201;0;7;0;0;2;3;1;B01
200900032201;1;7;0;0;2;3;13;Z01
200900032202;0;7;0;0;2;2;1;B01
200900032202;0;7;0;0;2;1;1;A01
200900032203;0;37;20;0;1;7;1;B01
200900032204;0;7;0;0;2;7;13;A01
200900032204;0;7;0;0;2;2;1;B01
200900032205;0;7;0;0;2;3;1;B01
200900032205;0;7;0;0;2;2;10;A01
200900032206;0;7;0;8;0;9;1;A01
200900032207;0;30;0;0;2;3;13;A01
200900032207;0;7;0;0;2;3;1;B01
200900032208;0;33;0;0;2;1;1;B01
200900032208;1;7;0;0;2;1;15;A01
200900032209;0;30;0;8;0;1;14;A01
200900032210;0;7;0;0;2;1;13;A01
200900032210;0;15;0;0;2;3;1;B01
200900032211;0;33;0;0;2;1;17;A01
200900032211;0;7;0;0;2;3;15;B01
200900032212;0;2;0;0;2;1;17;A01
200900032212;0;7;0;0;2;3;1;B01
200900032213;0;7;0;0;1;1;1;A01
200900032213;0;7;0;15;0;1;1;C01
200900032213;0;14;0;0;2;0;1;B01
200900032214;0;7;0;7;0;8;1;A01
200900032215;0;7;0;0;2;2;13;A01
200900032215;0;7;0;0;2;3;1;B01
200900032216;0;7;0;0;2;3;15;A01
200900032216;0;30;0;0;2;1;17;B01
200900032217;0;7;0;0;2;2;1;A01
200900032217;0;7;0;0;2;8;1;B01
200900032218;0;30;0;0;2;1;1;B01
200900032218;0;7;0;0;2;2;15;A01
200900032219;0;7;0;0;2;4;1;B01
200900032219;1;7;0;7;2;1;2;A01
200900032220;0;7;0;0;2;1;1;A01
200900032220;0;7;0;0;2;4;1;B01
200900032221;0;7;0;6;2;7;17;B01
200900032221;0;7;0;0;2;8;15;A01
200900032222;0;2;0;0;2;8;13;A01
200900032222;0;10;0;0;2;8;1;B01
200900032223;0;7;0;1;1;3;13;A01
200900032224;0;2;0;0;5;1;1;A01
200900032225;0;7;0;0;0;1;13;B01
200900032225;0;7;0;0;0;1;1;A01
200900032226;0;10;0;0;2;7;15;A01
200900032226;0;33;0;0;2;1;1;B01
200900032227;0;7;0;0;2;1;2;A01
200900032227;0;10;0;0;0;4;15;B01
200900032228;0;2;0;0;2;1;1;B02
200900032228;0;7;0;0;2;3;10;A01
200900032229;0;10;0;0;2;3;0;A01
200900032229;0;30;0;0;2;1;0;B02
200900032230;0;7;0;0;2;2;1;B02
200900032230;0;7;0;0;0;1;15;A01
200900032231;0;7;0;0;2;3;9;A01
200900032231;0;2;0;0;2;1;1;B02
200900032232;0;7;0;6;0;2;1;A01
200900032233;0;10;0;0;0;7;15;A01
200900032233;0;33;0;0;2;1;1;B02
200900032234;0;30;0;0;2;1;0;A01
200900032234;0;7;0;0;2;3;13;B02
200900032235;0;7;0;0;2;8;1;B02
200900032235;0;17;0;0;2;7;12;A01
200900032236;0;7;0;0;2;3;1;A01
200900032236;0;2;0;0;2;8;15;B02
200900032237;0;7;0;15;0;8;1;A01
200900032238;0;7;0;0;2;7;1;A01
200900032238;0;7;0;0;2;1;1;B02
200900032239;0;7;0;6;0;2;0;A01
200900032240;0;7;0;0;2;2;1;B02
200900032240;0;7;0;0;2;7;13;A01
200900032241;0;17;0;0;2;8;1;B01
200900032241;0;30;0;0;2;7;14;A02
200900032242;0;10;0;0;2;3;13;A01
200900032242;0;38;28;0;2;3;1;B02
200900032243;0;17;0;13;0;1;14;A01
200900032244;0;7;0;0;2;3;19;A01
200900032244;0;7;0;0;2;7;1;B02
200900032245;0;7;0;13;0;1;14;A01
200900032246;0;15;0;0;0;4;1;B02
200900032246;0;7;0;0;0;1;1;A01
200900032247;0;7;0;16;0;9;13;A01
200900032248;0;7;0;0;9;2;1;B02
200900032248;0;17;0;3;0;2;14;A01
200900032249;0;7;0;0;2;1;13;A01
200900032249;0;15;0;0;2;1;1;B02
200900032250;0;2;0;0;2;1;17;B01
200900032250;0;7;0;0;2;8;15;A01
200900032251;0;7;0;0;2;8;15;B01
200900032251;0;7;0;0;2;1;1;A01
200900032252;0;7;0;0;2;8;10;A01
200900032252;0;33;0;0;2;1;1;B01
200900032253;0;15;0;0;2;3;1;B01
200900032253;0;37;2;0;2;1;1;A01
200900032254;0;33;0;0;1;1;1;A01
200900032255;0;31;0;0;2;4;2;B01
200900032255;0;7;0;0;0;6;10;A01
200900032256;0;7;0;0;1;2;1;A01
200900032257;0;7;0;0;1;1;1;A01
200900032258;0;33;0;4;0;9;1;A01
200900032259;0;7;0;0;0;6;0;C01
200900032259;0;7;0;0;0;7;0;B01
200900032259;0;1;0;0;2;0;0;A01
200900032260;0;30;0;3;0;0;0;A01
200900032261;0;33;0;0;2;2;2;A01
200900032261;0;7;0;0;0;6;2;B01
200900032262;0;7;0;0;1;2;1;A01
200900032263;0;7;0;0;1;1;1;A01
200900032264;0;7;0;0;2;2;5;A01
200900032264;0;7;0;15;2;5;1;B01
200900032265;0;7;0;11;2;1;1;A01
200900032265;0;7;0;15;2;3;1;B01
200900032266;0;30;0;7;0;8;13;A01
200900032267;0;7;0;0;2;4;23;D01
200900032267;0;7;0;0;2;4;23;C01
200900032267;0;7;0;0;2;1;2;A01
200900032267;0;7;0;0;2;4;23;B01
200900032268;0;34;0;0;0;0;21;A01
200900032269;0;32;0;0;1;8;1;A01
200900032270;0;13;0;0;1;2;1;A01
200900032271;0;30;0;0;2;4;2;A01
200900032271;1;7;0;0;2;0;2;Z01
200900032272;0;7;0;0;2;2;9;A01
200900032272;0;33;0;0;2;8;1;B01
200900032273;0;7;0;4;0;1;14;A01
200900032274;0;2;0;0;2;1;2;A01
200900032274;0;2;0;0;2;4;23;B01
200900032275;0;7;0;0;1;4;4;A01
200900032276;0;7;0;0;2;3;15;B01
200900032276;0;2;0;0;2;2;17;A01
200900032277;1;30;0;0;2;0;17;Z01
200900032277;0;7;0;0;2;3;15;A01
200900032278;0;31;0;0;0;7;21;A01
200900032279;0;32;0;0;2;1;2;A01
200900032279;0;7;0;0;2;4;23;B01
200900032280;0;10;0;0;1;3;1;A01
200900032281;0;32;0;0;1;3;1;A01
200900032282;0;7;0;0;2;3;1;B01
200900032282;0;32;0;0;2;1;13;A01
200900032283;0;30;0;0;2;3;1;B01
200900032283;0;7;0;0;2;3;15;A01
200900032284;0;1;0;0;1;1;1;A01
200900032285;0;30;0;0;0;0;1;A01
200900032286;0;10;0;0;1;1;1;A01
200900032287;0;32;0;0;2;8;3;A01
200900032287;1;10;0;0;2;5;14;Z01
200900032288;0;30;0;0;0;0;1;A01
200900032289;0;7;0;0;1;2;1;A01
200900032290;0;7;0;0;2;6;1;C01
200900032290;0;30;0;0;2;1;17;B01
200900032290;0;3;0;0;2;6;4;A01
200900032291;0;7;0;0;1;1;1;A01
200900032292;0;7;0;0;2;4;23;B01
200900032292;0;30;0;0;2;1;13;A01
200900032293;0;31;0;0;2;7;1;B01
200900032293;0;7;0;0;2;3;15;A01
200900032294;0;7;0;0;2;7;1;A01
200900032294;0;30;0;0;2;8;1;B01
200900032295;0;7;0;0;1;2;1;A01
200900032296;1;7;0;0;1;4;4;Z01
200900032297;0;7;0;0;2;4;2;C01
200900032297;0;10;0;0;2;1;2;A01
200900032297;0;7;0;0;2;4;2;D01
200900032297;0;7;0;0;2;4;2;B01
200900032298;0;1;0;0;5;1;1;A01
200900032299;0;7;0;0;2;4;23;C01
200900032299;0;7;0;0;2;2;2;A01
200900032299;0;7;0;0;2;6;2;B01
200900032300;0;2;0;0;1;1;1;A01
200900032301;0;34;0;0;1;0;1;A01
200900032302;0;32;0;0;2;1;1;A01
200900032302;1;30;0;0;2;0;15;Z01
200900032303;0;1;0;0;2;6;1;A01
200900032303;1;7;0;0;2;6;1;Z01
200900032304;0;7;0;0;2;2;1;A01
200900032304;0;33;0;0;2;3;1;B01
200900032305;0;7;0;0;1;5;4;A01
200900032306;0;33;0;0;2;1;1;B01
200900032306;0;7;0;0;2;1;15;A01
200900032307;1;7;0;0;2;5;16;Z01
200900032307;0;30;0;0;2;1;1;A01
200900032308;0;7;0;0;2;7;12;A01
200900032308;0;34;0;0;2;8;7;B01
200900032309;0;7;0;0;2;8;9;A01
200900032309;0;30;0;0;2;1;1;B01
200900032310;0;2;0;0;1;1;3;A01
200900032311;0;30;0;0;1;1;1;A01
200900032312;0;7;0;0;2;3;1;B01
200900032312;0;30;0;0;2;2;1;A01
200900032313;0;1;0;0;2;2;1;A01
200900032313;0;10;0;0;2;8;23;B01
200900032314;0;7;0;0;2;3;15;A01
200900032314;0;32;0;0;2;1;17;B01
200900032315;0;7;0;0;2;9;23;B01
200900032315;0;7;0;0;2;4;23;C01
200900032315;0;7;0;0;2;1;2;A01
200900032316;0;7;0;0;2;1;2;A01
200900032316;0;7;0;0;2;4;2;B01
200900032317;0;33;0;0;1;3;1;A01
200900032318;0;7;0;1;0;1;14;A01
200900032319;1;7;0;0;1;0;15;Z01
200900032320;0;30;0;0;2;3;16;A01
200900032320;1;14;0;0;2;3;24;Z01
200900032321;0;2;0;0;1;7;1;A01
200900032322;0;31;0;0;2;0;1;B01
200900032322;0;7;0;0;2;7;15;A01
200900032323;0;1;0;0;2;6;23;B01
200900032323;0;2;0;0;2;1;7;A01
200900032324;0;30;0;0;1;1;17;A01
200900032325;0;31;0;0;2;5;14;A01
200900032325;0;7;0;0;2;5;1;B01
200900032326;0;7;0;0;2;4;2;B01
200900032326;0;38;16;0;2;4;2;A01
200900032327;0;7;0;0;2;4;2;B01
200900032327;0;7;0;0;2;5;2;C01
200900032327;0;10;0;0;2;1;2;A01
200900032328;0;17;0;0;2;2;12;A01
200900032328;0;7;0;4;2;8;1;B01
200900032329;0;33;0;0;2;9;1;B01
200900032329;0;7;0;0;2;4;4;A01
200900032330;0;33;0;0;2;1;3;A01
200900032330;0;10;0;0;2;5;1;B01
200900032331;0;14;0;0;2;3;1;B01
200900032331;0;30;0;0;2;2;1;A01
200900032332;0;37;12;0;1;1;1;A01
200900032333;0;30;0;0;2;1;18;A01
200900032333;0;7;0;0;2;3;22;B01
200900032334;0;7;0;0;1;2;1;A01
200900032335;0;7;0;0;2;1;2;A01
200900032335;0;30;0;0;2;4;2;B01
200900032336;0;30;0;0;2;4;10;A01
200900032336;0;33;0;8;2;6;2;B01
200900032337;0;7;0;0;1;3;1;A01
200900032338;0;33;0;0;2;1;21;A01
200900032338;0;10;0;0;2;6;1;B01
200900032339;0;2;0;0;0;1;1;A01
200900032340;0;7;0;0;2;0;14;A01
200900032340;0;30;0;1;2;1;1;B01
200900032341;0;1;0;0;2;8;1;A01
200900032341;0;7;0;0;2;2;15;B01
200900032342;0;33;0;0;2;3;18;A01
200900032342;0;7;0;0;2;2;1;B01
200900032343;0;7;0;0;1;4;20;A01
200900032344;0;32;0;0;2;1;2;A01
200900032344;0;7;0;0;2;6;23;B01
200900032345;0;33;0;0;0;7;12;A01
200900032346;0;30;0;4;0;0;14;A01
200900032347;0;7;0;0;2;3;9;A01
200900032347;0;30;0;0;2;3;1;B01
200900032348;0;30;0;0;0;0;7;A01
200900032349;0;10;0;0;1;4;20;A01
200900032350;0;7;0;0;1;3;7;A01
200900032351;1;14;0;0;1;0;1;Z01
200900032352;0;33;0;0;2;3;1;B01
200900032352;0;7;0;0;2;2;16;A01
200900032353;0;7;0;0;2;5;22;B01
200900032353;0;34;0;0;2;1;18;A01
200900032354;0;1;0;0;1;1;7;A01
200900032355;0;33;0;0;2;7;16;B01
200900032355;0;2;0;1;2;8;18;A01
200900032356;0;30;0;0;2;1;1;B01
200900032356;0;7;0;0;2;2;15;A01
200900032357;0;7;0;0;2;2;21;A01
200900032357;0;1;0;0;2;3;7;B01
200900032358;0;7;0;0;2;1;2;A01
200900032358;0;7;0;0;2;6;2;B01
200900032358;0;7;0;0;2;4;2;C01
200900032359;0;10;0;0;2;7;17;A01
200900032359;0;32;0;0;2;8;1;B01
200900032360;1;7;0;0;1;1;1;Z01
200900032361;0;30;0;0;1;1;1;A01
200900032362;0;7;0;0;1;2;1;A01
200900032363;0;10;0;0;2;6;23;C01
200900032363;0;34;0;0;2;7;3;A01
200900032363;0;7;0;0;2;8;1;B01
200900032364;0;7;0;0;2;7;16;B01
200900032364;0;32;0;0;2;1;7;A01
200900032365;0;1;0;0;2;1;1;B01
200900032365;0;10;0;0;2;3;1;A01
200900032366;0;31;0;0;2;1;1;B01
200900032366;0;7;0;0;2;6;9;A01
200900032367;0;33;0;0;2;0;23;A01
200900032367;1;10;0;0;2;0;2;Z01
200900032368;0;7;0;0;2;1;2;A01
200900032368;0;7;0;0;2;4;23;D01
200900032368;0;7;0;0;2;1;2;C01
200900032368;0;7;0;0;2;4;23;B01
200900032369;0;34;0;0;0;7;21;A01
200900032370;0;7;0;0;2;3;13;A01
200900032370;0;1;0;0;2;2;1;B01
200900032371;0;2;0;0;2;0;18;A01
200900032371;0;7;0;0;2;0;22;B01
200900032372;0;7;0;0;1;3;1;A01
200900032373;0;7;0;0;1;3;1;A01
200900032374;0;31;0;0;0;8;21;A01
200900032375;0;1;0;0;2;0;1;A01
200900032375;1;10;0;0;2;0;14;Z01
200900032375;0;7;0;0;2;0;1;B01
200900032376;0;7;0;0;2;8;1;B01
200900032376;0;33;0;0;2;8;13;A01
200900032377;0;15;0;0;2;7;1;B01
200900032377;0;7;0;1;2;8;23;C01
200900032377;0;10;0;0;2;8;9;A01
200900032378;0;10;0;0;1;3;1;A01
200900032379;0;2;0;0;0;0;21;A01
200900032380;0;7;0;0;1;5;20;A01
200900032381;0;10;0;0;1;4;20;A01
200900032382;0;1;0;0;2;1;1;A01
200900032382;1;7;0;0;2;1;1;Z01
200900032383;0;17;0;0;2;6;23;A01
200900032383;0;33;0;0;2;6;18;B01
200900032384;0;30;0;0;0;0;21;A01
200900032385;0;10;0;0;2;0;13;B01
200900032385;0;34;0;1;2;3;17;A01
200900032386;0;31;0;0;2;3;1;B01
200900032386;0;7;0;0;2;2;10;A01
200900032387;1;33;0;0;1;0;1;Z01
200900032388;0;33;0;0;2;2;16;A01
200900032388;0;7;0;0;2;3;7;B01
200900032389;1;7;0;0;2;5;2;Z01
200900032389;0;2;0;0;2;1;2;A01
200900032390;0;30;0;0;2;1;17;B01
200900032390;0;7;0;0;2;6;22;A01
200900032391;0;31;0;0;0;8;1;A01
200900032392;0;7;0;0;2;3;5;A01
200900032392;0;1;0;0;2;1;7;B01
200900032393;0;7;0;0;2;3;9;B01
200900032393;0;32;0;0;2;0;15;A01
200900032394;0;10;0;0;2;6;11;A01
200900032394;0;32;0;0;2;2;3;B01
200900032395;0;33;0;0;1;2;1;A01
200900032396;0;34;0;0;1;8;1;A01
200900032397;0;1;0;0;1;1;7;A01
200900032398;0;7;0;0;1;2;1;A01
200900032399;0;7;0;0;2;2;15;A01
200900032399;0;30;0;1;2;6;1;B01
200900032400;0;7;0;0;2;6;23;C01
200900032400;0;1;0;0;2;1;17;A01
200900032400;0;2;0;0;2;1;1;B01
200900032401;1;7;0;0;2;7;14;Z01
200900032401;0;2;0;0;2;3;1;A01
200900032402;0;7;0;0;2;2;17;B01
200900032402;0;30;0;0;2;1;15;A01
200900032403;0;7;0;0;1;2;1;A01
200900032404;0;37;1;0;1;2;7;A01
200900032405;0;33;0;0;1;1;1;A01
200900032406;0;7;0;0;0;3;23;A01
200900032406;1;7;0;0;2;3;1;Z01
200900032407;0;7;0;0;0;1;17;A01
200900032408;2;7;0;1;0;6;1;Z01
200900032408;0;7;0;0;2;6;23;A01
200900032409;2;7;0;0;0;5;10;Z01
200900032409;0;7;0;7;0;1;1;A01
200900032410;0;7;0;0;1;2;1;A01
200900032411;0;30;0;0;0;0;1;A01
200900032412;0;7;0;0;2;1;2;A01
200900032412;0;7;0;0;2;4;2;C01
200900032412;0;7;0;0;2;4;2;B01
200900032413;0;7;0;0;1;7;1;A01
200900032414;0;32;0;0;2;2;1;A01
200900032414;0;32;0;0;2;3;23;B01
200900032415;0;31;0;0;2;7;14;A01
200900032415;0;30;0;0;2;8;1;B01
200900032416;0;34;0;0;0;7;1;B01
200900032416;0;7;0;0;2;2;9;A01
200900032417;0;7;0;0;2;3;10;A01
200900032417;0;31;0;0;2;3;1;B01
200900032418;0;32;0;1;0;1;1;A01
200900032419;0;7;0;0;1;3;1;A01
200900032420;0;7;0;0;2;8;15;A01
200900032420;0;32;0;0;2;1;17;B01
200900032421;0;7;0;0;2;8;15;B01
200900032421;0;32;0;0;2;1;17;A01
200900032422;0;10;0;0;0;8;22;A01
200900032422;0;2;0;1;0;2;1;B01
200900032423;0;7;0;0;0;5;1;A01
200900032423;0;32;0;0;2;1;18;B01
200900032424;0;7;0;0;0;2;1;A01
200900032424;0;7;0;0;2;6;1;B01
200900032425;0;33;0;0;2;1;1;A01
200900032425;0;7;0;0;2;4;23;B01
200900032426;0;7;0;0;2;1;10;B01
200900032426;0;2;0;0;2;7;1;A01
200900032427;0;30;0;0;1;2;1;A01
200900032428;0;2;0;0;0;8;1;A01
200900032429;0;7;0;0;1;2;1;A01
200900032430;0;7;0;0;1;1;1;A01
200900032431;0;32;0;0;0;7;1;A01
200900032432;0;10;0;0;2;5;15;A01
200900032432;0;32;0;0;2;1;1;B01
200900032433;0;32;0;0;0;8;3;A01
200900032434;0;2;0;0;0;7;1;A01
200900032435;0;7;0;0;0;0;11;A01
200900032435;0;32;0;0;0;7;1;B01
200900032436;0;30;0;0;1;1;5;A01
200900032437;0;30;0;0;1;1;1;A01
200900032438;0;7;0;0;0;8;15;A01
200900032438;0;30;0;0;2;1;1;B01
200900032439;0;7;0;0;1;8;22;A01
200900032439;0;1;0;0;2;0;1;B01
200900032440;0;7;0;0;0;1;15;A01
200900032440;0;33;0;0;2;3;1;B01
200900032441;0;7;0;14;2;2;1;A01
200900032441;0;7;0;0;2;1;1;B01
200900032442;0;1;0;0;0;8;1;A01
200900032443;0;7;0;0;2;3;15;A01
200900032443;0;30;0;0;2;1;1;B01
200900032444;0;30;0;14;0;0;12;A01
200900032445;0;2;0;1;0;9;14;A01
200900032446;0;30;0;0;2;1;1;A01
200900032446;0;7;0;0;2;3;15;B01
200900032447;0;7;0;0;2;4;2;C01
200900032447;0;10;0;0;2;1;2;D01
200900032447;0;7;0;0;2;4;2;B01
200900032447;0;7;0;0;2;1;2;A01
200900032448;0;2;0;14;0;8;13;A01
200900032449;0;32;0;0;1;1;14;A01
200900032450;0;32;0;0;2;2;1;B01
200900032450;0;7;0;0;2;7;16;A01
200900032451;0;7;0;0;1;2;1;A01
200900032452;0;33;0;0;2;1;2;C01
200900032452;0;14;0;0;2;2;12;A01
200900032452;0;7;0;0;2;6;2;B01
200900032453;0;7;0;0;1;1;15;A01
200900032454;0;7;0;0;2;1;23;B01
200900032454;0;33;0;0;2;1;17;A01
200900032455;0;30;0;8;0;0;14;A01
200900032456;0;10;0;0;1;2;1;A01
200900032457;0;2;0;0;1;1;1;A01
200900032458;0;7;0;0;2;3;15;A01
200900032458;0;32;0;0;2;1;1;B01
200900032459;0;30;0;0;2;1;17;A01
200900032459;0;7;0;0;2;6;15;B01
200900032460;0;7;0;0;2;8;10;B01
200900032460;0;34;0;0;2;8;1;A01
200900032461;0;7;0;0;2;3;15;B01
200900032461;0;34;0;0;2;1;5;A01
200900032462;0;30;0;0;2;0;18;A01
200900032462;0;10;0;0;2;5;16;B01
200900032463;0;7;0;0;1;1;1;A01
200900032464;0;30;0;0;2;1;17;A01
200900032464;0;10;0;0;2;8;9;B01
200900032465;1;30;0;0;1;0;1;Z01
200900032466;0;7;0;0;1;4;4;A01
200900032467;1;37;0;0;1;0;1;Z01
200900032468;0;7;0;0;2;3;13;A01
200900032468;0;34;0;0;2;2;17;B01
200900032469;0;1;0;0;2;1;17;A01
200900032469;0;34;0;0;2;3;23;B01
200900032470;0;30;0;0;2;1;1;B01
200900032470;0;7;0;0;2;3;10;A01
200900032471;0;2;0;0;2;7;17;A01
200900032471;0;7;0;0;2;8;1;B01
200900032472;0;32;0;0;1;2;1;A01
200900032473;0;7;0;1;1;0;1;A01
200900032474;0;32;0;0;1;3;17;A01
200900032475;0;31;0;0;2;1;1;A01
200900032475;0;7;0;0;2;6;11;B01
200900032476;0;2;0;0;1;1;1;A01
200900032477;0;7;0;0;1;2;1;A01
200900032478;0;30;0;0;1;3;1;A01
200900032479;0;2;0;0;1;1;1;A01
200900032480;0;7;0;0;2;6;15;A01
200900032480;0;30;0;0;2;2;17;B01
200900032481;0;7;0;0;1;4;4;A01
200900032482;0;30;0;0;2;2;17;A01
200900032482;0;7;0;0;2;1;15;B01
200900032483;0;1;0;0;0;0;1;A01
200900032484;0;7;0;0;2;8;1;B01
200900032484;0;7;0;0;2;1;1;A01
200900032485;0;7;0;0;1;2;1;A01
200900032486;0;7;0;0;2;2;10;A01
200900032486;0;32;0;0;2;8;1;B01
200900032487;0;31;0;0;0;8;3;A01
200900032487;0;10;0;0;2;7;12;B01
200900032488;0;7;0;0;2;3;9;A01
200900032488;0;30;0;0;2;1;1;B01
200900032489;0;33;0;0;2;1;3;A01
200900032489;0;33;0;0;0;4;3;B01
200900032490;0;7;0;0;1;1;0;A01
200900032491;0;32;0;0;0;0;0;A01
200900032492;0;33;0;14;0;1;21;A01
200900032493;0;7;0;0;1;3;16;A01
200900032494;0;7;0;0;2;5;1;B01
200900032494;0;14;0;0;2;0;1;C01
200900032494;0;31;0;0;2;7;3;A01
200900032495;0;7;0;0;0;3;10;A01
200900032495;0;32;0;0;2;1;17;B01
200900032496;0;7;0;0;2;1;1;A01
200900032496;0;7;0;0;0;4;23;B01
200900032497;0;10;0;0;2;1;1;A01
200900032497;0;37;20;0;2;4;23;B01
200900032498;0;30;0;0;0;0;1;A01
200900032499;1;7;0;0;2;5;12;Z01
200900032499;0;33;0;0;2;1;1;A01
200900032500;0;30;0;0;2;4;1;A01
200900032500;1;7;0;0;2;1;1;Z01
200900032501;0;33;0;0;0;8;1;A01
200900032502;0;7;0;0;2;3;1;A01
200900032502;0;7;0;4;2;2;1;D01
200900032502;0;15;0;0;0;0;1;B01
200900032502;0;33;0;0;2;9;3;C01
200900032503;0;7;0;0;2;5;23;A01
200900032503;0;32;0;0;2;1;18;B01
200900032504;0;31;0;0;0;1;3;B01
200900032504;1;7;0;0;0;0;12;A01