num_acc;senc;catv;occutc;obs;obsm;choc;manv;num_veh
200900032505;0;10;0;0;2;1;1;A01
200900032505;0;2;0;0;2;8;1;B01
200900032506;0;30;0;0;0;0;21;A01
200900032507;0;7;0;12;0;6;13;A01
200900032508;0;7;0;7;0;1;14;A01
200900032509;0;7;0;0;2;1;2;A01
200900032509;0;7;0;0;2;4;23;B01
200900032510;0;7;0;0;1;2;1;A01
200900032511;0;32;0;0;2;2;1;A01
200900032511;0;7;0;0;2;3;15;B01
200900032512;0;2;0;0;0;0;1;A01
200900032513;0;7;0;11;0;1;14;A01
200900032514;0;32;0;0;1;1;1;A01
200900032515;0;31;0;1;0;1;14;A01
200900032516;0;2;0;11;0;0;13;A01
200900032517;0;7;0;0;2;1;2;A01
200900032517;0;32;0;0;2;4;2;B01
200900032518;0;7;0;15;0;1;18;A01
200900032519;0;38;1;0;1;5;1;A01
200900032520;0;1;0;0;2;4;2;A01
200900032520;0;1;0;0;2;1;2;B01
200900032521;0;7;0;0;1;4;4;A01
200900032522;0;7;0;0;2;1;1;A01
200900032522;0;7;0;0;2;8;9;B01
200900032523;0;7;0;0;1;1;1;A01
200900032524;0;7;0;0;2;3;2;D01
200900032524;0;7;0;0;2;8;2;B01
200900032524;0;7;0;0;2;3;2;C01
200900032524;0;7;0;0;2;3;13;A01
200900032525;0;7;0;0;2;6;11;B01
200900032525;0;30;0;0;2;1;1;A01
200900032526;0;7;0;0;2;1;2;A01
200900032526;0;7;0;0;2;4;2;B01
200900032527;0;32;0;0;2;3;1;B01
200900032527;0;3;0;0;2;2;16;A01
200900032528;0;1;0;0;0;0;7;A01
200900032529;0;7;0;0;2;8;15;A01
200900032529;0;2;0;0;2;7;17;B01
200900032530;0;30;0;12;0;1;14;A01
200900032531;0;30;0;0;0;8;1;A01
200900032532;0;2;0;0;2;0;2;C01
200900032532;0;2;0;0;2;8;2;A01
200900032532;0;34;0;0;2;8;2;B01
200900032533;0;7;0;11;0;1;13;A01
200900032534;0;7;0;0;2;4;2;B01
200900032534;0;30;0;0;2;1;2;A01
200900032535;0;32;0;0;2;1;5;B01
200900032535;0;7;0;0;2;8;10;A01
200900032536;0;1;0;0;1;1;1;A01
200900032537;0;34;0;0;0;7;21;A01
200900032538;0;10;0;0;2;0;15;A01
200900032538;0;32;0;0;2;0;1;B01
200900032539;0;7;0;0;2;7;12;A01
200900032539;0;1;0;0;2;6;1;B01
200900032540;0;31;0;0;1;8;17;A01
200900032541;0;33;0;0;2;1;2;A01
200900032541;0;7;0;0;2;4;2;B01
200900032542;1;10;0;0;1;4;4;Z01
200900032543;0;37;0;0;1;2;7;A01
200900032544;0;31;0;0;1;2;17;A01
200900032545;0;32;0;0;2;3;2;B01
200900032545;0;7;0;0;2;2;1;C01
200900032545;0;31;0;0;2;4;2;A01
200900032546;0;10;0;0;2;3;15;B01
200900032546;0;30;0;0;2;1;1;A01
200900032547;0;33;0;0;0;0;21;A01
200900032548;0;7;0;0;2;3;15;B01
200900032548;0;2;0;0;2;1;17;A01
200900032549;0;10;0;0;1;3;1;A01
200900032550;0;33;0;0;0;0;1;A01
200900032551;0;34;0;0;2;1;1;B01
200900032551;0;7;0;0;2;3;15;A01
200900032552;1;7;0;0;2;1;13;Z01
200900032552;0;32;0;0;2;1;1;A01
200900032553;0;7;0;0;2;7;15;A01
200900032553;0;30;0;0;2;1;1;B01
200900032554;0;30;0;0;1;1;1;A01
200900032555;0;32;0;0;1;1;1;A01
200900032556;0;30;0;0;2;4;2;A01
200900032556;0;7;0;0;2;4;23;B01
200900032557;0;7;0;0;2;1;2;A01
200900032557;0;3;0;0;2;4;23;B01
200900032557;0;10;0;0;2;4;23;C01
200900032558;0;30;0;0;0;0;1;A01
200900032559;0;10;0;0;2;2;1;B01
200900032559;0;7;0;0;2;2;15;A01
200900032560;0;7;0;0;2;4;2;B01
200900032560;0;7;0;0;2;1;2;A01
200900032561;0;30;0;0;1;8;1;A01
200900032562;0;2;0;0;2;2;1;A01
200900032562;1;7;0;0;2;5;4;Z01
200900032563;0;2;0;0;0;0;1;A01
200900032564;0;10;0;0;0;6;11;B01
200900032564;0;31;0;0;2;1;3;A01
200900032565;0;7;0;0;0;4;23;B01
200900032565;0;2;0;0;0;1;1;A01
200900032566;0;7;0;0;2;1;1;A01
200900032566;0;32;0;0;2;4;23;B01
200900032567;0;7;0;0;2;7;1;D01
200900032567;0;7;0;0;2;6;23;B01
200900032567;0;37;1;0;2;2;1;A01
200900032567;0;7;0;0;2;2;1;C01
200900032568;0;30;0;14;0;1;1;A01
200900032569;0;33;0;0;0;1;1;A01
200900032570;0;30;0;0;0;8;21;A01
200900032571;0;30;0;0;1;0;1;A01
200900032572;0;7;0;0;2;3;15;A01
200900032572;0;31;0;0;2;1;17;B01
200900032573;0;7;0;0;2;6;15;B01
200900032573;0;30;0;0;2;7;1;A01
200900032574;0;33;0;0;2;8;16;B01
200900032574;0;7;0;0;2;2;1;A01
200900032575;0;2;0;0;1;7;1;A01
200900032576;0;7;0;0;2;2;16;B01
200900032576;0;33;0;0;2;3;18;A01
200900032577;0;7;0;0;1;2;16;A01
200900032578;0;7;0;0;2;3;15;B01
200900032578;0;34;0;0;2;7;1;A01
200900032579;0;7;0;0;2;4;23;B01
200900032579;0;13;0;0;2;2;1;A01
200900032580;0;7;0;0;1;4;10;A01
200900032581;0;10;0;0;2;3;15;A01
200900032581;0;32;0;0;2;8;1;B01
200900032582;0;34;0;0;2;7;1;B01
200900032582;0;33;0;0;2;1;9;A01
200900032583;1;10;0;0;2;1;1;Z01
200900032583;0;7;0;0;0;4;1;B01
200900032583;0;7;0;0;2;4;1;A01
200900032584;0;32;0;0;0;7;1;A01
200900032584;0;7;0;0;2;4;11;B01
200900032585;0;30;0;0;1;1;1;A01
200900032586;0;7;0;0;2;8;11;A01
200900032586;0;31;0;0;2;7;1;B01
200900032587;0;7;0;0;0;1;1;A01
200900032588;0;33;0;8;0;1;1;A01
200900032589;0;7;0;0;2;2;1;B01
200900032589;0;34;0;0;2;5;1;A01
200900032590;0;33;0;0;2;1;1;A01
200900032590;0;7;0;0;2;7;15;B01
200900032591;0;31;0;0;2;3;1;A01
200900032591;1;7;0;0;2;2;16;Z01
200900032592;0;1;0;0;2;1;1;B01
200900032592;0;7;0;0;2;2;1;A01
200900032593;0;32;0;0;2;3;1;B01
200900032593;0;10;0;0;2;2;1;A01
200900032594;0;7;0;0;1;3;15;A01
200900032595;0;32;0;0;0;8;1;A01
200900032596;0;32;0;0;2;7;1;A01
200900032596;0;7;0;0;2;3;7;B01
200900032597;0;7;0;0;2;3;9;A01
200900032597;0;32;0;0;2;2;1;B01
200900032598;1;1;0;0;1;0;7;Z01
200900032599;0;7;0;11;0;1;14;A01
200900032600;0;7;0;0;1;2;15;A01
200900032601;0;7;0;0;2;4;23;B01
200900032601;0;10;0;0;2;3;2;A01
200900032602;0;7;0;0;2;1;2;A01
200900032602;0;10;0;0;2;4;23;B01
200900032602;0;10;0;0;2;4;2;D01
200900032602;0;7;0;0;2;4;2;E01
200900032602;0;10;0;0;2;1;2;C01
200900032603;0;30;0;0;1;1;17;A01
200900032604;0;33;0;0;2;1;1;B01
200900032604;0;7;0;0;2;3;9;A01
200900032605;0;2;0;0;2;1;1;B01
200900032605;0;7;0;0;2;0;16;A01
200900032606;0;37;20;0;2;1;7;A01
200900032606;0;2;0;0;2;4;23;B01
200900032607;0;10;0;0;1;3;1;A01
200900032608;0;31;0;0;2;1;1;A01
200900032608;0;7;0;0;2;5;15;B01
200900032609;0;30;0;0;2;1;2;A01
200900032609;0;7;0;0;2;6;23;B01
200900032610;0;33;0;0;0;2;17;B01
200900032610;0;7;0;0;0;3;15;A01
200900032611;0;32;0;0;0;8;1;B01
200900032611;0;7;0;0;2;2;12;A01
200900032612;0;30;0;0;1;1;1;A01
200900032613;0;32;0;15;2;3;18;B01
200900032613;0;7;0;0;0;2;23;A01
200900032614;0;33;0;0;0;0;1;A01
200900032615;0;32;0;0;0;0;1;B01
200900032615;0;7;0;0;0;8;9;A01
200900032616;0;7;0;0;2;3;1;B01
200900032616;0;32;0;0;2;7;16;A01
200900032617;0;7;0;0;2;7;15;A01
200900032617;0;32;0;0;2;1;1;B01
200900032618;0;7;0;0;1;2;1;A01
200900032619;0;10;0;0;2;4;1;B01
200900032619;0;10;0;0;2;1;1;A01
200900032620;0;7;0;8;2;7;7;A01
200900032620;0;7;0;0;2;3;15;B01
200900032621;0;31;0;0;1;1;1;A01
200900032622;0;7;0;0;1;4;4;A01
200900032623;0;7;0;0;1;0;1;A01
200900032624;0;7;0;0;2;3;1;A01
200900032624;0;2;0;0;2;2;9;B01
200900032625;0;30;0;0;1;1;7;A01
200900032626;0;37;10;0;0;7;8;A01
200900032627;0;7;0;0;0;5;10;A01
200900032627;0;33;0;0;2;8;1;B01
200900032628;0;34;0;0;2;1;1;B01
200900032628;0;7;0;0;2;3;1;A01
200900032629;0;30;0;14;0;1;12;A01
200900032630;1;30;0;0;0;0;1;Z01
200900032631;0;7;0;0;2;7;16;B01
200900032631;0;32;0;0;2;3;18;A01
200900032632;0;7;0;0;2;2;17;A01
200900032632;0;7;0;0;2;6;15;B01
200900032633;0;2;0;0;0;8;18;A01
200900032633;0;7;0;0;0;2;16;B01
200900032634;1;7;0;0;1;1;15;Z01
200900032635;0;7;0;0;2;1;15;B01
200900032635;0;7;0;0;2;1;1;A01
200900032636;0;10;0;3;0;2;1;A01
200900032637;0;7;0;0;2;1;1;A01
200900032637;0;7;0;0;2;4;23;B01
200900032638;0;32;0;0;0;0;21;A01
200900032639;0;30;0;0;2;1;20;B01
200900032639;0;7;0;0;2;1;9;A01
200900032640;0;32;0;0;2;0;21;A01
200900032641;0;31;0;0;1;1;1;A01
200900032642;0;31;0;0;2;0;17;B01
200900032642;0;10;0;0;2;0;15;A01
200900032643;0;7;0;0;2;5;1;B01
200900032643;0;7;0;0;2;4;1;C01
200900032643;0;7;0;0;2;1;1;A01
200900032644;0;30;0;0;0;0;1;A01
200900032645;1;2;0;0;0;0;1;Z01
200900032645;0;7;0;0;2;1;15;B01
200900032646;0;7;0;0;2;2;1;A01
200900032646;0;7;0;0;2;3;1;B01
200900032647;0;31;0;0;2;8;3;B01
200900032647;0;33;0;0;2;2;12;A01
200900032648;0;7;0;0;2;2;12;A01
200900032648;0;31;0;0;2;3;3;B01
200900032649;0;7;0;0;1;3;1;A01
200900032650;0;7;0;0;2;4;2;B01
200900032650;0;31;0;0;2;1;2;A01
200900032651;0;32;0;0;0;0;21;A01
200900032652;0;7;0;0;2;2;15;A01
200900032652;0;30;0;0;2;1;1;B01
200900032653;0;7;0;0;2;3;11;A01
200900032653;0;32;0;0;2;2;1;B01
200900032654;0;7;0;0;2;4;4;A01
200900032654;0;32;0;0;2;1;2;B01
200900032655;0;7;0;0;2;4;1;C01
200900032655;0;7;0;0;2;7;12;A01
200900032655;0;33;0;0;2;8;1;B01
200900032656;2;1;0;0;1;1;1;Z01
200900032657;0;10;0;0;2;1;1;A01
200900032657;0;1;0;0;2;4;12;B01
200900032658;0;37;8;0;1;3;1;A01
200900032659;0;31;0;0;0;8;1;A01
200900032660;0;32;0;0;1;1;15;A01
200900032661;0;34;0;0;2;2;1;B01
200900032661;0;7;0;0;2;3;15;A01
200900032662;0;32;0;0;0;0;1;A01
200900032663;0;7;0;0;2;2;14;A01
200900032663;0;7;0;4;2;3;1;C01
200900032663;0;7;0;4;2;8;1;B01
200900032664;0;32;0;0;1;1;16;A01
200900032665;0;7;0;0;2;2;15;A01
200900032665;0;30;0;0;2;3;1;B01
200900032666;0;7;0;12;0;1;14;A01
200900032667;0;1;0;0;2;4;2;B01
200900032667;0;7;0;0;2;1;2;A01
200900032668;0;14;0;7;0;5;1;A01
200900032669;0;32;0;0;0;0;1;A01
200900032670;0;32;0;0;2;3;2;A01
200900032670;0;7;0;0;2;6;23;B01
200900032671;0;14;0;0;2;2;16;A01
200900032671;0;1;0;0;2;8;1;B01
200900032672;1;7;0;0;2;0;13;Z01
200900032672;0;32;0;0;2;0;1;A01
200900032673;0;31;0;0;0;8;13;A01
200900032674;0;32;0;0;0;0;21;A01
200900032675;0;7;0;0;2;0;2;A01
200900032675;0;31;0;0;2;4;2;B01
200900032676;0;7;0;0;1;2;1;A01
200900032677;0;2;0;0;2;1;18;A01
200900032677;0;10;0;0;2;7;22;B01
200900032678;0;7;0;0;1;4;4;A01
200900032679;0;10;0;0;2;1;2;A01
200900032679;0;32;0;0;2;7;2;B01
200900032680;0;7;0;0;2;3;9;B01
200900032680;0;2;0;0;2;3;1;A01
200900032681;0;2;0;0;2;1;2;A01
200900032681;0;7;0;0;2;5;16;B01
200900032682;0;7;0;0;1;7;1;A01
200900032683;0;31;0;0;2;8;1;B01
200900032683;0;7;0;0;2;2;14;A01
200900032684;0;10;0;0;2;5;15;B01
200900032684;0;32;0;0;2;1;2;A01
200900032685;0;31;0;0;1;1;1;A01
200900032686;0;33;0;14;0;0;21;A01
200900032687;0;33;0;0;2;2;1;B01
200900032687;0;7;0;0;2;6;11;A01
200900032688;0;7;0;0;2;8;11;B01
200900032688;0;7;0;0;2;3;2;C01
200900032688;0;33;0;0;2;7;3;A01
200900032689;0;30;0;0;2;0;16;B01
200900032689;0;7;0;0;2;2;16;A01
200900032690;0;10;0;0;1;1;1;A01
200900032691;0;7;0;0;1;1;1;A01
200900032692;0;10;0;14;2;1;1;A01
200900032692;0;7;0;0;2;0;15;B01
200900032693;0;10;0;0;2;2;16;A01
200900032693;0;7;0;0;2;3;7;B01
200900032694;0;32;0;0;0;8;1;A01
200900032695;0;7;0;0;2;8;15;B01
200900032695;0;33;0;8;2;1;5;A01
200900032696;0;7;0;0;1;2;7;A01
200900032697;0;30;0;1;0;1;14;A01
200900032698;0;10;0;0;1;4;4;A01
200900032699;0;13;0;0;1;4;4;A01
200900032700;0;34;0;0;0;7;1;A01
200900032701;0;7;0;0;2;1;2;A01
200900032701;0;7;0;0;2;4;23;B01
200900032702;0;1;0;0;2;3;1;B01
200900032702;0;7;0;0;2;2;10;A01
200900032703;0;7;0;0;1;2;1;A01
200900032704;0;7;0;0;2;3;15;A01
200900032704;0;34;0;0;2;2;17;B01
200900032705;0;7;0;0;1;3;1;A01
200900032706;0;2;0;0;2;2;5;A01
200900032706;0;7;0;0;2;3;15;B01
200900032707;0;7;0;0;2;3;15;A01
200900032707;0;30;0;0;2;1;17;B01
200900032708;0;7;0;0;2;2;1;A01
200900032708;0;33;0;0;2;4;11;B01
200900032709;0;31;0;0;2;3;11;A01
200900032709;0;7;0;0;2;3;1;B01
200900032709;0;7;0;0;2;5;2;C01
200900032709;1;33;0;0;2;0;3;Z01
200900032710;0;7;0;0;2;3;11;A01
200900032710;0;33;0;0;2;2;1;B01
200900032711;0;7;0;0;2;3;11;A01
200900032711;0;32;0;0;2;7;1;B01
200900032712;0;1;0;0;2;4;23;A01
200900032712;1;7;0;0;2;1;2;Z01
200900032713;0;2;0;0;2;1;1;A01
200900032713;1;7;0;0;2;0;16;Z01
200900032714;0;7;0;0;2;1;2;A01
200900032714;0;7;0;0;2;4;23;B01
200900032715;0;2;0;0;2;1;17;A01
200900032715;0;7;0;0;2;8;10;B01
200900032716;0;7;0;0;2;4;2;B01
200900032716;0;30;0;0;2;6;2;A01
200900032717;0;2;0;0;0;8;1;A01
200900032718;0;30;0;0;0;3;1;A01
200900032719;0;10;0;0;1;5;4;A01
200900032720;0;7;0;0;2;8;11;A01
200900032720;0;31;0;0;2;7;1;B01
200900032721;0;10;0;0;1;3;15;A01
200900032722;0;7;0;0;2;4;2;B01
200900032722;0;7;0;0;2;1;2;A01
200900032723;0;32;0;0;0;3;1;A01
200900032724;0;7;0;0;2;8;11;A01
200900032724;0;33;0;0;2;7;1;B01
200900032725;0;7;0;0;1;2;15;A01
200900032726;0;2;0;0;0;0;21;A01
200900032727;0;7;0;0;1;2;1;A01
200900032728;0;2;0;12;0;7;21;A01
200900032729;0;7;0;0;1;2;1;A01
200900032730;0;32;0;0;2;2;1;B01
200900032730;0;7;0;0;2;0;13;A01
200900032731;0;31;0;0;0;0;3;A01
200900032732;0;30;0;0;1;2;1;A01
200900032733;0;7;0;0;2;8;15;A01
200900032733;0;30;0;0;2;8;17;B01
200900032734;0;32;0;0;0;8;21;A01
200900032735;0;7;0;0;2;0;15;A01
200900032735;0;32;0;0;2;8;1;B01
200900032736;0;7;0;0;2;3;15;B01
200900032736;0;2;0;0;2;1;17;A01
200900032737;0;32;0;0;2;3;2;A01
200900032737;0;37;0;0;2;5;16;B01
200900032738;0;7;0;0;1;2;15;A01
200900032739;0;7;0;0;1;3;15;A01
200900032740;0;7;0;0;2;6;1;B01
200900032740;0;2;0;0;2;1;1;A01
200900032741;0;37;1;0;2;2;2;A01
200900032741;0;7;0;0;2;6;23;B01
200900032742;0;7;0;0;2;3;13;A01
200900032742;0;32;0;0;2;2;17;B01
200900032743;1;7;0;0;2;1;2;Z01
200900032743;0;32;0;0;2;4;23;A01
200900032744;0;7;0;0;2;2;15;A01
200900032744;0;33;0;0;2;1;1;B01
200900032745;0;2;0;0;2;1;1;B01
200900032745;0;7;0;0;2;2;1;A01
200900032746;2;7;0;4;2;1;2;Z01
200900032746;0;7;0;4;2;4;2;A01
200900032747;0;33;0;0;2;1;2;A01
200900032747;0;7;0;0;2;5;2;B01
200900032748;0;30;0;14;2;9;2;A01
200900032748;1;7;0;0;2;9;2;Z01
200900032749;0;7;0;0;1;2;1;A01
200900032750;1;2;0;0;1;0;1;Z01
200900032751;0;1;0;0;1;1;1;A01
200900032752;0;7;0;0;2;1;1;A01
200900032752;0;10;0;0;2;8;1;B01
200900032753;0;7;0;0;1;3;1;A01
200900032754;0;30;0;0;2;1;2;A01
200900032754;0;7;0;0;2;3;2;B01
200900032755;0;30;0;1;0;2;14;A01
200900032756;0;7;0;0;2;0;1;B01
200900032756;0;31;0;0;2;1;1;A01
200900032757;0;33;0;0;2;2;2;A01
200900032757;0;7;0;0;2;4;2;B01
200900032758;0;7;0;4;0;1;14;A01
200900032759;0;30;0;0;0;0;9;A01
200900032760;0;2;0;0;2;1;1;B01
200900032760;0;7;0;0;2;0;13;A01
200900032761;0;7;0;4;2;6;2;B01
200900032761;0;7;0;0;2;1;2;A01
200900032762;0;2;0;0;2;1;2;A01
200900032762;0;7;0;0;2;5;2;B01
200900032763;0;7;0;0;2;4;23;C01
200900032763;0;7;0;0;2;1;2;A01
200900032763;0;7;0;0;2;9;23;B01
200900032764;0;30;0;0;0;0;21;A01
200900032765;0;10;0;0;2;2;2;A01
200900032765;0;7;0;0;2;1;2;B01
200900032766;0;2;0;0;2;3;13;A01
200900032766;0;7;0;0;2;3;17;B01
200900032767;0;7;0;0;1;1;1;A01
200900032768;0;7;0;0;2;1;1;A01
200900032768;0;33;0;0;2;7;1;B01
200900032769;0;33;0;0;2;3;2;A01
200900032769;0;7;0;0;2;6;15;B01
200900032770;0;7;0;0;2;2;1;B01
200900032770;0;7;0;0;2;6;12;A01
200900032771;0;7;0;0;2;1;13;A01
200900032771;0;10;0;0;2;1;1;B01
200900032772;0;1;0;0;2;1;1;B01
200900032772;0;7;0;0;2;3;10;A01
200900032773;0;30;0;0;0;7;1;A01
200900032774;0;32;0;0;1;1;1;A01
200900032775;0;30;0;0;1;1;1;A01
200900032776;0;7;0;0;2;7;12;A01
200900032776;0;2;0;0;2;8;1;B01
200900032777;0;7;0;0;1;2;16;A01
200900032778;0;7;0;7;0;1;7;A01
200900032779;0;7;0;0;2;7;15;A01
200900032779;0;7;0;0;2;1;1;B01
200900032780;0;7;0;0;2;6;2;B01
200900032780;0;30;0;0;2;1;2;A01
200900032781;0;7;0;15;0;9;21;A01
200900032782;0;30;0;1;0;6;14;A01
200900032783;1;7;0;0;2;0;2;Z01
200900032783;0;7;0;0;2;6;2;A01
200900032784;0;7;0;6;0;1;13;A01
200900032785;0;7;0;0;2;1;2;A01
200900032785;0;32;0;0;2;4;23;B01
200900032786;0;1;0;0;2;1;1;A01
200900032786;0;7;0;0;2;3;16;B01
200900032787;0;37;1;0;1;5;1;A01
200900032788;0;7;0;0;1;2;1;A01
200900032789;0;33;0;0;0;0;21;A01
200900032790;0;32;0;0;2;2;2;A01
200900032790;0;7;0;0;2;6;2;B01
200900032791;0;2;0;0;2;1;2;A01
200900032791;0;7;0;0;2;6;23;B01
200900032792;1;7;0;0;2;0;1;Z01
200900032792;0;32;0;0;2;8;16;A01
200900032793;0;7;0;0;2;3;1;B01
200900032793;0;34;0;0;2;7;21;A01
200900032794;0;2;0;0;2;7;17;B01
200900032794;0;7;0;0;2;3;15;A01
200900032795;0;7;0;0;2;3;1;B01
200900032795;0;34;0;0;2;1;1;A01
200900032796;0;7;0;0;1;3;1;A01
200900032797;0;7;0;0;1;2;1;A01
200900032798;0;32;0;0;0;0;1;A01
200900032799;0;30;0;0;2;1;1;B01
200900032799;0;7;0;0;2;2;1;A01
200900032800;0;33;0;0;0;8;21;A01
200900032801;0;2;0;0;0;8;2;A01
200900032802;0;7;0;0;2;4;23;B01
200900032802;0;7;0;0;2;4;23;C01
200900032802;0;7;0;0;2;1;2;A01
200900032803;0;31;0;0;0;1;21;A01
200900032804;0;32;0;0;0;7;1;A01
200900032805;0;31;0;0;0;0;1;A01
200900032806;0;34;0;1;2;1;1;A01
200900032806;0;7;0;0;2;3;16;B01
200900032807;0;7;0;0;2;5;15;A01
200900032807;0;33;0;0;2;1;1;B01
200900032808;0;7;0;0;2;3;12;A01
200900032808;0;32;0;0;2;7;3;B01
200900032809;0;32;0;0;1;1;1;A01
200900032810;0;7;0;0;1;0;16;A01
200900032811;0;30;0;0;2;7;1;A01
200900032811;1;14;0;0;2;0;13;Z01
200900032812;0;2;0;0;1;2;1;A01
200900032813;0;31;0;0;2;5;23;A01
200900032813;1;10;0;0;2;1;2;Z01
200900032814;0;10;0;0;2;6;1;B01
200900032814;0;10;0;0;2;2;1;A01
200900032815;0;32;0;1;1;1;1;A01
200900032816;0;33;0;0;2;9;17;B01
200900032816;0;7;0;0;2;3;13;A01
200900032817;0;32;0;0;2;2;2;A01
200900032817;0;7;0;0;2;6;23;B01
200900032818;0;33;0;0;2;1;1;B01
200900032818;0;7;0;0;2;7;4;A01
200900032819;0;31;0;0;2;0;1;A01
200900032819;0;13;0;0;2;0;15;B01
200900032820;0;33;0;0;2;1;2;A01
200900032820;0;7;0;0;2;4;2;B01
200900032821;1;30;0;0;1;7;1;Z01
200900032822;0;7;0;0;2;0;10;B01
200900032822;0;32;0;0;2;1;1;A01
200900032823;0;33;0;0;2;2;1;A01
200900032823;0;10;0;0;2;3;15;C01
200900032823;0;7;0;0;2;4;23;B01
200900032824;0;7;0;0;2;2;15;A01
200900032824;0;32;0;0;2;1;1;B01
200900032825;0;7;0;0;2;6;11;B01
200900032825;0;30;0;0;2;2;1;A01
200900032826;0;7;0;0;2;7;15;B01
200900032826;0;2;0;0;2;1;1;A01
200900032827;0;10;0;0;2;1;2;A01
200900032827;0;33;0;0;2;4;23;B01
200900032828;0;30;0;0;1;1;1;A01
200900032829;2;7;0;15;2;1;1;Z01
200900032829;0;7;0;0;2;8;1;A01
200900032830;0;7;0;2;0;1;13;A01
200900032831;0;10;0;0;2;1;15;A01
200900032831;0;33;0;1;2;1;1;B01
200900032832;0;7;0;0;2;1;15;A01
200900032832;0;32;0;0;2;1;1;B01
200900032833;0;31;0;0;0;8;1;A01
200900032834;0;10;0;0;1;6;1;A01
200900032835;0;10;0;0;2;1;2;A01
200900032835;0;33;0;0;2;4;23;B01
200900032836;0;32;0;0;0;0;1;A01
200900032837;0;7;0;0;1;8;1;A01
200900032838;0;7;0;0;2;7;15;A01
200900032838;0;32;0;0;2;1;1;B01
200900032839;0;7;0;0;2;5;22;A01
200900032839;0;1;0;0;2;4;1;B01
200900032840;0;33;0;0;2;8;1;B01
200900032840;0;7;0;0;2;5;16;A01
200900032841;0;7;0;0;2;3;10;B01
200900032841;0;30;0;0;2;7;5;A01
200900032842;0;32;0;1;0;0;13;A01
200900032843;0;30;0;0;2;1;7;B01
200900032843;0;7;0;0;2;3;1;A01
200900032844;0;1;0;0;1;1;1;A01
200900032845;0;30;0;0;2;1;1;B01
200900032845;0;7;0;0;2;0;15;A01
200900032846;0;7;0;0;1;2;15;A01
200900032847;0;30;0;0;2;8;7;B01
200900032847;0;7;0;0;2;2;16;A01
200900032848;0;7;0;0;2;2;16;B01
200900032848;0;31;0;0;2;8;18;A01
200900032849;0;32;0;0;0;0;21;A01
200900032850;0;7;0;0;2;5;10;A01
200900032850;0;30;0;0;2;1;1;B01
200900032851;0;30;0;12;0;1;14;A01
200900032852;0;2;0;1;1;1;1;A01
200900032853;0;7;0;0;2;1;1;B01
200900032853;0;32;0;0;2;1;5;A01
200900032854;0;7;0;0;2;2;16;B01
200900032854;0;30;0;0;2;1;18;A01
200900032855;0;7;0;0;2;3;13;A01
200900032855;0;33;0;0;2;2;17;B01
200900032856;0;7;0;0;2;5;15;B01
200900032856;0;33;0;0;2;5;1;A01
200900032857;0;33;0;0;0;1;1;A01
200900032858;0;33;0;0;1;8;15;A01
200900032859;0;2;0;0;1;1;1;A01
200900032860;0;7;0;0;2;7;16;A01
200900032860;0;30;0;0;2;1;18;B01
200900032861;0;7;0;0;2;4;2;B01
200900032861;0;7;0;0;2;1;2;A01
200900032862;0;10;0;0;1;6;20;A01
200900032863;0;10;0;0;2;1;2;B01
200900032863;0;7;0;0;2;4;2;A01
200900032863;0;31;0;0;2;1;2;C01
200900032864;0;7;0;0;2;7;1;A01
200900032864;0;33;0;0;2;8;1;B01
200900032865;0;7;0;0;2;7;13;A01
200900032865;0;1;0;0;2;7;1;B01
200900032866;0;31;0;0;1;0;1;A01
200900032867;0;30;0;0;2;2;1;B01
200900032867;0;7;0;0;2;1;9;A01
200900032868;0;1;0;0;2;1;1;B01
200900032868;0;7;0;0;2;2;1;A01
200900032869;0;32;0;0;2;1;1;B01
200900032869;0;7;0;0;2;3;9;A01
200900032870;0;1;0;0;0;0;21;A01
200900032871;0;2;0;0;1;1;1;A01
200900032872;0;32;0;0;2;3;11;A01
200900032872;0;7;0;0;2;2;1;B01
200900032873;0;31;0;0;2;1;1;A01
200900032873;0;14;0;0;2;3;1;B01
200900032874;0;7;0;0;2;3;10;A01
200900032874;0;33;0;0;2;7;1;B01
200900032875;0;32;0;0;2;5;1;A01
200900032875;0;30;0;0;2;1;1;B01
200900032876;0;32;0;0;2;6;2;A01
200900032876;0;7;0;0;2;4;23;B01
200900032877;0;30;0;0;2;3;1;A01
200900032877;1;7;0;0;2;0;14;Z01
200900032878;0;7;0;0;2;3;1;B01
200900032878;0;30;0;0;2;1;1;A01
200900032879;0;7;0;0;2;7;22;A01
200900032879;0;1;0;0;2;1;18;B01
200900032880;0;32;0;1;2;1;1;A01
200900032880;1;7;0;0;2;4;13;Z01
200900032881;0;33;0;0;0;1;3;A01
200900032882;0;31;0;0;2;2;1;B01
200900032882;0;7;0;0;2;3;13;A01
200900032883;0;31;0;0;0;0;21;A01
200900032884;0;30;0;0;1;1;3;A01
200900032885;0;30;0;0;2;1;1;B01
200900032885;0;7;0;0;2;2;16;A01
200900032886;0;2;0;1;2;7;17;A01
200900032886;0;13;0;0;2;3;15;B01
200900032887;0;1;0;0;2;1;1;B01
200900032887;0;7;0;0;2;1;1;A01
200900032888;0;7;0;0;2;7;12;A01
200900032888;0;34;0;0;2;8;3;B01