num_acc;senc;catv;occutc;obs;obsm;choc;manv;num_veh
200900032889;0;33;0;0;2;1;1;B01
200900032889;0;10;0;0;2;3;15;A01
200900032890;0;7;0;0;2;8;10;A01
200900032890;0;32;0;0;2;3;1;B01
200900032891;0;1;0;0;2;1;1;B01
200900032891;0;7;0;0;2;8;22;A01
200900032892;0;32;0;1;2;3;1;B01
200900032892;0;7;0;0;2;3;10;A01
200900032893;0;7;0;0;1;2;1;A01
200900032894;0;7;0;0;1;4;4;A01
200900032895;0;10;0;0;2;8;1;C01
200900032895;0;7;0;0;2;3;22;B01
200900032895;0;31;0;0;2;2;1;A01
200900032896;0;32;0;0;0;0;7;A01
200900032897;0;7;0;0;1;1;1;A01
200900032898;0;32;0;0;2;3;17;B01
200900032898;0;32;0;0;2;3;17;A01
200900032899;0;32;0;0;1;1;1;A01
200900032900;0;33;0;0;2;4;2;B01
200900032900;0;31;0;0;2;3;2;A01
200900032901;0;7;0;0;2;1;1;A01
200900032901;0;7;0;0;2;4;23;B01
200900032902;0;7;0;0;2;4;2;B01
200900032902;0;7;0;0;2;1;2;A01
200900032903;0;33;0;0;2;0;11;A01
200900032903;0;7;0;0;2;0;1;B01
200900032904;0;34;0;0;2;1;15;A01
200900032904;0;30;0;0;2;3;1;B01
200900032905;0;33;0;1;0;6;16;A01
200900032905;0;7;0;0;2;6;16;B01
200900032906;0;7;0;0;2;6;1;C01
200900032906;0;33;0;0;2;8;1;B01
200900032906;0;7;0;0;2;7;12;A01
200900032907;0;7;0;0;2;0;2;C01
200900032907;0;7;0;0;2;1;2;B01
200900032907;0;33;0;0;2;0;2;E01
200900032907;0;37;1;12;2;1;13;A01
200900032907;0;7;0;0;2;1;2;D01
200900032908;1;7;0;0;1;8;15;Z01
200900032909;0;7;0;0;2;1;2;A01
200900032909;0;7;0;0;2;4;15;B01
200900032910;0;32;0;1;2;2;18;A01
200900032910;0;7;0;0;2;5;1;B01
200900032911;0;7;0;0;2;1;1;B01
200900032911;0;34;0;0;2;3;1;A01
200900032912;0;32;0;0;1;1;1;A01
200900032913;0;32;0;0;2;1;1;B01
200900032913;0;7;0;0;2;2;16;A01
200900032914;0;7;0;0;2;7;1;B01
200900032914;0;30;0;0;2;1;1;A01
200900032915;0;7;0;0;2;0;2;C01
200900032915;0;2;0;14;2;4;17;A01
200900032915;0;37;7;0;2;8;2;B01
200900032916;0;30;0;0;0;7;1;A01
200900032917;0;10;0;1;2;1;2;A01
200900032917;0;7;0;0;2;6;23;D01
200900032917;0;7;0;0;2;4;23;C01
200900032917;0;32;0;0;2;8;23;B01
200900032918;0;33;0;0;2;2;17;A01
200900032918;0;10;0;0;2;8;20;B01
200900032919;0;7;0;0;2;2;1;A01
200900032919;0;32;0;0;2;1;1;B01
200900032920;0;33;0;0;1;1;15;A01
200900032921;0;7;0;0;1;3;15;A01
200900032922;0;7;0;0;2;8;15;A01
200900032922;0;30;0;0;2;1;17;B01
200900032923;0;7;0;0;2;3;11;A01
200900032923;0;32;0;0;2;2;17;B01
200900032924;0;7;0;0;1;1;1;A01
200900032925;0;1;0;0;2;8;7;A01
200900032925;1;7;0;0;2;0;14;Z01
200900032926;0;7;0;0;2;8;15;A01
200900032926;0;30;0;0;2;1;17;B01
200900032927;0;32;0;0;0;0;7;A01
200900032928;0;32;0;0;0;7;21;A01
200900032929;0;37;60;0;1;2;1;A01
200900032930;0;7;0;0;1;2;1;A01
200900032931;0;33;0;0;0;1;7;A01
200900032932;0;17;0;0;2;3;13;B01
200900032932;0;7;0;0;2;5;3;A01
200900032933;0;32;0;0;2;2;1;B01
200900032933;0;7;0;0;2;3;11;A01
200900032934;0;7;0;0;1;4;20;A01
200900032935;0;7;0;0;2;3;1;A01
200900032935;0;30;0;0;2;1;13;B01
200900032936;0;7;0;0;2;4;2;B01
200900032936;0;10;0;0;2;1;2;A01
200900032936;0;7;0;0;2;4;2;C01
200900032937;0;1;0;0;1;1;5;A01
200900032938;0;7;0;0;1;2;1;A01
200900032939;0;31;0;0;2;2;1;A01
200900032939;0;13;0;0;2;3;1;B01
200900032940;0;30;0;1;0;7;14;A01
200900032941;0;30;0;0;1;1;1;A01
200900032942;0;7;0;0;2;8;1;B01
200900032942;0;7;0;0;2;1;1;A01
200900032943;1;34;0;0;1;0;1;A01
200900032944;0;7;0;0;2;0;13;A01
200900032944;0;33;0;1;2;0;17;B01
200900032945;0;7;0;0;2;1;15;A01
200900032945;0;30;0;0;2;2;1;B01
200900032946;0;7;0;0;2;1;2;A01
200900032946;0;31;0;0;2;4;23;B01
200900032947;0;30;0;0;0;8;1;A01
200900032948;0;7;0;4;2;3;13;A01
200900032948;0;7;0;0;2;5;1;B01
200900032949;0;33;0;0;2;6;1;B01
200900032949;0;30;0;0;2;1;1;A01
200900032950;0;7;0;0;1;2;1;A01
200900032951;0;7;0;4;0;7;14;A01
200900032952;0;10;0;14;0;4;1;A01
200900032953;0;17;0;0;2;5;1;B01
200900032953;0;7;0;4;2;3;1;A01
200900032954;0;10;0;4;0;3;14;A01
200900032955;0;7;0;0;1;2;1;A01
200900032956;0;31;0;0;0;8;1;A01
200900032957;0;7;0;0;2;6;10;A01
200900032957;0;33;0;0;2;1;1;B01
200900032958;0;7;0;0;2;2;17;A01
200900032958;0;2;0;12;2;3;1;B01
200900032959;0;30;0;1;0;3;21;A01
200900032960;0;32;0;0;0;0;1;A01
200900032961;0;2;0;0;2;1;2;A01
200900032961;0;7;0;0;2;4;2;B01
200900032962;0;34;0;0;0;3;1;A01
200900032963;0;7;0;0;2;4;2;C01
200900032963;0;10;0;0;2;1;2;A01
200900032963;0;7;0;0;2;4;2;B01
200900032964;0;31;0;0;0;3;1;A01
200900032965;0;7;0;0;2;2;12;B01
200900032965;0;32;0;0;2;6;3;A01
200900032966;0;34;0;0;1;1;1;A01
200900032967;0;7;0;0;2;4;23;D01
200900032967;0;7;0;0;2;2;12;A01
200900032967;0;10;0;0;2;6;23;C01
200900032967;0;7;0;0;2;3;2;B01
200900032968;0;7;0;0;2;3;15;B01
200900032968;0;2;0;0;2;1;17;A01
200900032969;0;30;0;0;0;0;1;A01
200900032970;0;30;0;0;0;0;1;A01
200900032971;0;32;0;0;0;0;1;A01
200900032972;0;7;0;0;2;4;2;B01
200900032972;0;7;0;0;2;1;2;A01
200900032973;0;30;0;0;2;1;2;A01
200900032973;0;31;0;0;2;4;2;B01
200900032974;0;32;0;0;2;6;1;B01
200900032974;0;7;0;0;2;2;7;A01
200900032975;0;32;0;8;0;1;14;A01
200900032976;0;33;0;0;2;7;1;B01
200900032976;0;7;0;0;2;3;10;A01
200900032977;0;32;0;0;2;1;1;B01
200900032977;0;7;0;0;2;3;9;A01
200900032978;0;7;0;0;1;3;16;A01
200900032979;0;7;0;0;1;1;15;A01
200900032980;0;7;0;0;2;8;15;A01
200900032980;0;32;0;0;2;2;1;B01
200900032981;0;7;0;0;2;4;2;C01
200900032981;0;7;0;0;2;1;2;A01
200900032981;0;7;0;0;2;4;2;B01
200900032982;0;7;0;0;1;3;1;A01
200900032983;0;7;0;0;2;8;13;A01
200900032983;0;32;0;0;2;7;17;B01
200900032984;0;7;0;0;2;1;2;A01
200900032984;0;7;0;0;2;4;23;B01
200900032985;0;7;0;0;1;1;1;A01
200900032986;0;30;0;11;0;1;1;A01
200900032987;0;1;0;0;2;1;1;B01
200900032987;0;10;0;0;2;1;15;A01
200900032988;0;7;0;2;0;1;1;A01
200900032989;0;7;0;0;2;7;15;A01
200900032989;0;7;0;0;2;3;1;B01
200900032990;0;7;0;0;2;2;1;B01
200900032990;0;2;0;0;2;1;1;A01
200900032991;0;7;0;0;2;8;15;B01
200900032991;0;2;0;0;2;1;17;A01
200900032992;0;10;0;0;2;3;1;B01
200900032992;0;7;0;0;2;3;1;A01
200900032993;0;37;1;0;1;7;1;A01
200900032994;0;33;0;0;0;0;1;A01
200900032995;0;7;0;0;1;2;1;A01
200900032996;0;1;0;0;2;1;1;B01
200900032996;0;7;0;0;2;5;16;A01
200900032997;0;7;0;0;1;4;4;A01
200900032998;0;7;0;0;2;1;1;A01
200900032998;0;7;0;0;2;4;15;B01
200900032999;0;7;0;0;1;2;16;A01
200900033000;0;7;0;0;2;1;1;B01
200900033000;0;7;0;0;0;7;15;A01
200900033001;0;10;0;0;1;7;1;A01
200900033002;0;99;0;0;2;1;1;B01
200900033003;0;7;0;0;2;1;13;A01
200900033003;0;10;0;0;2;1;1;B01
200900033004;0;31;0;0;0;4;1;B01
200900033005;0;7;0;0;1;4;4;A01
200900033006;0;7;0;15;0;9;1;A01
200900033007;0;7;0;0;2;2;1;B02
200900033008;0;7;0;0;2;2;15;A01
200900033008;0;31;0;0;2;1;1;B02
200900033009;0;30;0;12;0;1;1;A01
200900033010;0;7;0;8;0;3;1;A01
200900033011;0;14;0;0;0;0;17;B02
200900033011;0;30;0;2;0;1;1;A01
200900033012;0;10;0;4;0;3;11;A01
200900033013;0;33;0;4;0;7;1;A01
200900033014;0;7;0;0;2;1;13;A01
200900033014;0;7;0;0;2;3;1;B02
200900033015;0;7;0;0;1;7;17;A01
200900033016;0;33;0;0;2;7;1;A01
200900033016;0;10;0;0;2;1;1;B02
200900033017;0;33;0;0;0;4;1;B02
200900033017;0;33;0;0;0;4;1;A01
200900033018;0;17;0;0;1;2;1;A01
200900033019;0;7;0;0;1;2;1;A01
200900033020;0;1;0;0;0;0;2;A01
200900033021;0;17;0;3;0;3;9;A01
200900033022;0;7;0;0;2;3;1;B02
200900033022;0;7;0;0;2;6;15;A01
200900033023;0;30;0;0;2;1;1;C03
200900033023;0;7;0;0;2;1;5;A01
200900033023;0;7;0;0;2;1;1;B02
200900033024;0;7;0;0;2;1;13;A01
200900033024;0;7;0;0;2;1;1;B02
200900033025;0;7;0;0;6;1;1;A01
200900033026;0;36;0;5;0;1;1;A01
200900033027;0;7;0;0;5;3;1;A01
200900033028;0;31;0;0;2;1;1;B01
200900033028;0;7;0;0;2;2;15;A01
200900033029;0;7;0;0;2;2;17;A01
200900033029;0;7;0;2;2;6;1;B02
200900033030;0;7;0;0;1;2;1;A01
200900033031;0;7;0;0;1;8;1;A01
200900033032;0;7;0;0;2;7;1;B01
200900033032;0;33;0;0;2;7;1;A01
200900033033;0;7;0;0;0;8;9;A01
200900033033;0;3;0;0;2;1;1;B01
200900033034;0;7;0;9;1;1;13;A01
200900033035;0;33;0;0;0;1;1;A01
200900033036;0;21;0;0;0;0;0;A01
200900033036;0;33;0;0;0;0;1;C03
200900033037;0;7;0;4;0;2;1;A01
200900033038;0;7;0;0;0;1;1;A01
200900033039;0;33;0;0;2;0;17;B01
200900033039;0;10;0;0;2;8;9;A01
200900033040;0;31;0;0;1;2;17;A01
200900033041;2;10;0;0;1;2;1;A01
200900033042;0;7;0;2;0;1;17;A01
200900033043;0;7;0;0;2;1;13;A01
200900033043;0;7;0;0;2;3;1;B02
200900033044;0;7;0;0;5;8;1;A01
200900033044;0;33;0;0;0;1;1;B02
200900033045;0;7;0;0;2;1;1;B02
200900033045;0;31;0;0;2;1;13;A01
200900033046;0;7;0;0;2;1;15;A01
200900033046;0;7;0;0;2;1;1;B02
200900033047;0;7;0;0;1;2;1;A01
200900033048;0;7;0;0;2;3;13;A01
200900033048;0;7;0;0;2;3;1;B02
200900033049;0;7;0;13;0;2;1;A01
200900033050;0;33;0;12;0;1;13;A01
200900033051;0;7;0;0;0;4;2;B02
200900033051;0;7;0;0;2;1;2;A01
200900033052;0;33;0;0;2;1;1;B02
200900033052;0;38;30;0;2;3;1;A01
200900033053;0;10;0;0;2;3;19;A01
200900033053;0;2;0;0;2;1;1;B02
200900033054;0;33;0;0;0;0;1;A01
200900033055;0;7;0;0;2;3;15;B01
200900033055;0;31;0;0;2;2;17;A01
200900033056;0;33;0;0;0;0;17;B01
200900033056;0;7;0;0;0;0;15;A01
200900033057;0;7;0;0;2;1;1;B01
200900033057;0;7;0;0;2;1;13;A01
200900033058;0;31;0;0;2;8;21;A01
200900033058;0;7;0;0;2;2;1;B01
200900033059;0;7;0;0;2;1;23;B01
200900033059;0;7;0;0;2;0;15;C01
200900033059;0;7;0;0;2;1;1;A01
200900033060;0;33;0;0;2;1;1;B01
200900033060;0;7;0;0;2;6;10;A01
200900033061;0;7;0;0;2;1;15;A01
200900033061;0;2;0;0;2;1;1;B01
200900033062;0;7;0;0;2;7;1;B02
200900033062;0;7;0;0;2;2;19;A01
200900033063;0;33;0;0;2;1;5;A01
200900033063;0;7;0;0;2;3;1;B02
200900033064;0;7;0;0;0;0;1;A01
200900033065;0;33;0;0;0;1;1;A01
200900033066;0;7;0;0;2;1;1;B02
200900033066;0;7;0;0;2;1;13;A01
200900033067;0;33;0;0;2;1;1;B02
200900033067;0;7;0;0;2;5;15;A01
200900033068;0;2;0;0;2;1;1;A01
200900033069;0;7;0;1;2;6;2;A01
200900033069;0;7;0;0;2;4;24;D01
200900033069;0;7;0;0;2;6;24;C01
200900033069;0;7;0;0;2;4;24;E01
200900033069;0;13;0;0;2;2;2;B01
200900033070;0;7;0;0;2;3;9;A01
200900033070;0;31;0;0;2;1;17;B01
200900033071;0;10;0;0;2;2;20;B01
200900033071;0;2;0;0;2;1;1;A01
200900033072;0;30;0;0;1;1;1;A01
200900033073;0;7;0;0;2;1;1;A01
200900033074;0;7;0;0;2;3;15;A01
200900033074;0;33;0;0;2;0;1;B01
200900033075;0;7;0;0;2;2;20;B01
200900033075;0;33;0;0;2;6;1;A01
200900033076;0;33;0;0;2;1;1;B01
200900033076;0;7;0;0;2;3;15;A01
200900033077;0;30;0;0;2;7;1;B01
200900033077;1;7;0;0;2;0;0;A01
200900033078;0;7;0;0;1;2;1;A01
200900033079;0;40;0;0;2;2;1;A01
200900033079;0;7;0;0;4;8;15;B01
200900033080;0;2;0;0;0;0;0;A01
200900033081;0;2;0;0;0;7;1;B01
200900033081;0;7;0;0;2;8;11;A01
200900033082;0;7;0;0;0;4;23;B01
200900033082;0;2;0;0;2;1;2;A01
200900033083;0;7;0;0;2;1;15;A01
200900033083;0;33;0;0;2;1;1;B01
200900033084;0;7;0;0;1;3;2;A01
200900033085;0;10;0;0;2;2;17;B01
200900033085;0;7;0;0;2;3;15;A01
200900033086;0;7;0;0;2;4;2;B01
200900033086;0;7;0;0;2;1;1;A01
200900033087;0;7;0;0;2;3;16;A01
200900033087;0;1;0;0;2;7;1;B01
200900033088;0;7;0;0;1;1;17;A01
200900033089;0;33;0;0;2;1;1;B01
200900033089;0;7;0;0;2;5;15;A01
200900033090;0;7;0;0;1;7;1;A01
200900033091;0;7;0;0;2;8;1;B01
200900033091;0;7;0;0;2;1;15;A01
200900033092;0;7;0;0;2;0;15;A01
200900033092;0;30;0;0;2;0;1;B01
200900033093;0;7;0;1;2;7;1;B01
200900033093;0;10;0;0;2;1;1;A01
200900033094;0;7;0;0;2;2;15;A01
200900033094;0;2;0;0;2;1;1;B01
200900033095;0;20;0;0;1;8;1;A01
200900033096;0;7;0;0;0;0;0;A01
200900033096;0;7;0;0;0;0;0;B01
200900033097;0;7;0;0;0;0;0;A01
200900033098;0;7;0;0;0;0;0;B01
200900033098;0;7;0;0;0;0;0;A01
200900033099;0;7;0;0;0;0;0;A01
200900033100;0;2;0;0;0;0;0;A01
200900033101;0;10;0;0;2;0;0;A01
200900033101;0;7;0;0;2;0;0;B01
200900033102;0;7;0;0;2;3;10;A01
200900033102;0;33;0;0;2;1;1;B02
200900033103;0;7;0;0;2;1;17;A01
200900033103;0;7;0;0;2;1;1;B02
200900033104;0;7;0;2;0;1;13;A01
200900033105;0;30;0;6;0;1;1;A01
200900033106;0;7;0;0;2;1;1;B02
200900033106;0;7;0;0;2;1;1;A01
200900033107;0;33;0;0;2;1;17;A01
200900033107;0;7;0;0;2;3;15;B02
200900033108;0;7;0;0;0;7;17;A01
200900033108;0;34;0;0;0;8;1;B02
200900033109;0;7;0;0;2;7;1;B01
200900033109;0;7;0;0;2;7;1;A01
200900033110;0;30;0;0;0;0;0;A01
200900033110;0;7;0;0;0;0;0;B01
200900033111;0;7;0;9;0;0;1;A01
200900033112;0;7;0;0;2;0;0;B01
200900033112;0;7;0;0;2;7;0;A01
200900033113;0;7;0;0;2;7;0;B01
200900033113;0;1;0;0;2;1;15;A01
200900033114;0;7;0;0;2;7;0;A01
200900033114;0;33;0;0;2;8;1;B01
200900033115;0;7;0;0;2;1;0;A01
200900033115;0;7;0;0;2;5;0;B01
200900033116;0;7;0;0;2;4;0;B01
200900033116;0;7;0;0;2;2;1;A01
200900033117;0;30;0;0;2;1;14;B01
200900033117;0;7;0;0;2;7;16;A01
200900033118;0;30;0;0;2;7;0;B01
200900033118;0;7;0;0;2;2;0;A01
200900033119;0;2;0;0;2;6;17;B01
200900033119;0;7;0;0;2;0;1;A01
200900033120;0;7;0;0;1;0;1;A01
200900033121;0;7;0;0;2;1;1;A01
200900033121;0;7;0;0;2;4;0;B01
200900033122;0;7;0;0;2;0;1;A01
200900033122;0;1;0;0;2;7;1;B01
200900033123;0;7;0;0;2;4;1;A01
200900033123;0;10;0;0;2;4;1;B01
200900033124;0;33;0;5;0;1;1;A01
200900033125;0;7;0;0;2;0;0;B01
200900033125;0;7;0;0;2;7;0;A01
200900033126;0;7;0;0;2;1;0;B01
200900033126;0;7;0;0;2;1;0;A01
200900033127;0;7;0;0;2;0;2;B01
200900033127;0;7;0;0;2;0;2;A01
200900033128;0;7;0;0;2;0;1;A01
200900033128;0;1;0;0;2;7;0;B01
200900033129;0;10;0;0;2;0;1;B01
200900033129;0;1;0;0;2;0;1;A01
200900033130;0;10;0;0;1;2;1;A01
200900033131;0;7;0;0;2;1;1;B01
200900033131;0;30;0;0;2;4;1;A01
200900033132;0;7;0;0;2;6;4;B01
200900033132;0;7;0;0;2;2;1;A01
200900033133;0;1;0;0;2;3;0;B01
200900033133;0;7;0;0;2;2;1;A01
200900033134;0;7;0;0;1;1;1;A01
200900033135;0;7;0;0;2;7;1;B01
200900033135;0;2;0;0;2;1;1;A01
200900033136;0;7;0;11;0;9;1;A01
200900033137;0;7;0;0;2;1;1;B02
200900033137;0;7;0;0;2;1;13;A01
200900033138;0;7;0;1;0;3;13;A01
200900033138;0;7;0;1;0;8;24;C03
200900033139;0;7;0;0;2;6;19;A01
200900033139;0;33;0;0;2;2;17;B02
200900033140;0;33;0;0;2;7;1;A01
200900033140;0;7;0;0;2;3;15;B01
200900033141;0;7;0;13;0;9;13;A01
200900033142;0;7;0;2;0;3;1;A01
200900033143;0;33;0;13;0;1;1;A01
200900033144;0;7;0;6;0;1;1;A01
200900033145;0;17;0;0;2;1;2;A01
200900033145;0;7;0;0;0;4;2;C03
200900033145;0;7;0;0;2;4;2;B02
200900033145;0;10;0;0;0;5;1;D04
200900033146;0;17;0;3;0;1;13;A01
200900033147;0;7;0;13;0;1;1;A01
200900033148;0;30;0;14;0;0;1;A01
200900033149;0;34;0;0;0;0;0;A01
200900033150;0;33;0;2;0;2;14;A01
200900033151;0;7;0;0;2;2;1;A01
200900033151;0;2;0;0;2;8;1;B02
200900033152;0;7;0;0;2;1;1;A01
200900033152;0;2;0;0;2;8;10;B02
200900033153;0;7;0;0;2;1;2;A01
200900033153;0;7;0;0;2;4;0;B02
200900033154;0;7;0;0;0;4;2;B02
200900033154;0;7;0;0;2;1;11;A01
200900033155;0;7;0;2;0;2;14;A01
200900033156;0;7;0;0;2;0;0;B01
200900033156;0;31;0;0;2;1;0;A01
200900033157;0;7;0;0;2;0;0;A01
200900033157;0;7;0;0;2;0;0;B01
200900033158;0;2;0;0;0;0;0;A01
200900033159;0;7;0;0;0;0;0;B01
200900033159;0;7;0;0;0;0;0;A01
200900033160;0;7;0;0;0;0;0;A01
200900033161;0;2;0;0;0;0;1;A01
200900033162;0;2;0;0;2;1;1;B01
200900033162;0;7;0;0;2;1;1;A01
200900033163;0;7;0;0;1;8;1;A01
200900033164;0;30;0;0;0;0;1;A01
200900033165;0;30;0;0;2;7;0;A01
200900033165;0;7;0;0;2;0;0;B01
200900033166;0;30;0;0;2;7;1;B01
200900033166;0;7;0;0;2;7;0;A01
200900033167;0;2;0;0;0;0;0;A01
200900033168;0;1;0;0;1;1;5;A01
200900033169;0;7;0;0;2;8;9;A01
200900033169;0;1;0;0;2;0;1;B01
200900033170;0;7;0;2;0;2;21;A01
200900033171;0;7;0;0;2;1;1;B02
200900033171;0;7;0;0;2;7;19;A01
200900033172;0;1;0;0;2;1;1;B01
200900033172;0;7;0;0;2;7;15;A01
200900033173;0;7;0;13;0;3;14;A01
200900033174;0;7;0;0;2;8;1;C03
200900033174;0;7;0;0;2;1;13;A01
200900033174;0;7;0;0;2;1;1;B02
200900033175;0;2;0;0;0;0;1;A01
200900033176;0;10;0;0;1;2;1;A01
200900033177;0;7;0;0;2;1;1;B01
200900033177;0;30;0;0;2;1;5;A01
200900033178;0;7;0;0;2;2;15;A01
200900033178;0;1;0;0;2;1;1;B01
200900033179;0;7;0;13;0;7;1;A01
200900033180;0;31;0;4;0;1;1;A01
200900033181;0;7;0;0;2;6;1;B01
200900033181;0;7;0;0;2;1;1;A01
200900033182;0;7;0;0;5;1;1;A01
200900033183;0;7;0;0;0;6;1;A01
200900033183;0;10;0;4;2;2;1;B01
200900033184;0;7;0;3;0;9;1;A01
200900033185;0;7;0;13;0;1;1;A01
200900033186;0;33;0;0;2;1;1;B01
200900033186;0;7;0;0;2;8;15;A01
200900033187;0;7;0;0;2;2;15;B02
200900033187;0;31;0;0;2;8;1;A01
200900033188;0;7;0;0;1;3;4;A01
200900033189;0;7;0;0;2;3;15;A01
200900033189;0;33;0;0;2;2;1;B01
200900033190;0;7;0;1;2;5;1;B01
200900033190;0;36;0;0;2;1;1;A01
200900033191;0;7;0;0;2;1;1;A01
200900033191;0;7;0;0;2;4;23;B01
200900033192;2;33;0;1;0;1;1;A01
200900033193;0;31;0;0;2;0;2;B01
200900033193;0;7;0;0;2;3;10;A01
200900033194;0;32;0;0;2;1;1;A01
200900033194;0;7;0;0;2;8;15;B01
200900033195;0;7;0;0;1;7;0;A01
200900033196;0;31;0;16;0;7;1;A01
200900033197;0;7;0;0;1;1;1;A01
200900033198;0;1;0;0;2;4;13;A01
200900033198;0;30;0;0;2;1;17;B01
200900033199;0;7;0;0;2;1;1;A01
200900033199;0;33;0;0;0;4;1;B01
200900033200;0;7;0;0;2;1;2;A01
200900033200;0;33;0;0;2;2;2;B01
200900033201;0;7;0;0;2;1;1;B01
200900033201;0;7;0;0;2;2;11;A01
200900033202;0;1;0;0;2;1;15;B01
200900033202;0;7;0;0;2;3;1;A01
200900033203;0;10;0;0;2;3;17;A01
200900033203;0;7;0;0;2;3;1;B02
200900033204;1;7;0;0;2;0;1;Z01
200900033204;0;7;0;0;2;2;1;A01
200900033205;0;7;0;0;2;2;1;B01
200900033205;0;7;0;0;2;3;16;A01
200900033206;0;7;0;0;2;5;0;A01
200900033206;0;7;0;0;2;8;0;B01
200900033207;0;7;0;0;1;4;4;A01
200900033208;0;7;0;0;1;1;1;A01
200900033209;0;30;0;1;0;1;1;A01
200900033210;0;7;0;0;1;1;16;A01
200900033211;0;30;0;0;2;1;1;B01
200900033211;0;7;0;0;2;8;1;A01
200900033212;1;7;0;0;2;7;0;A01
200900033212;0;34;0;0;2;5;0;B01
200900033213;0;7;0;2;0;8;1;A01
200900033214;0;33;0;0;0;1;1;A01
200900033214;0;33;0;0;0;1;0;B01
200900033215;0;33;0;4;0;3;2;A01
200900033216;1;31;0;0;1;0;0;A01
200900033217;0;31;0;0;0;8;1;A01
200900033218;0;7;0;0;2;3;1;B01
200900033218;0;7;0;0;2;3;15;A01
200900033219;0;10;0;0;1;2;1;A01
200900033220;0;33;0;0;0;8;1;A01
200900033221;0;33;0;0;2;1;13;B02
200900033221;0;7;0;0;2;2;1;A01
200900033222;0;7;0;0;2;3;5;A01
200900033222;0;17;0;0;2;6;13;B02
200900033223;0;32;0;13;0;7;1;A01
200900033224;0;17;0;0;2;6;1;A01
200900033224;0;30;0;0;2;0;1;B02
200900033225;0;7;0;13;0;2;14;A01
200900033226;0;7;0;2;0;1;1;A01
200900033227;0;1;0;0;2;4;2;B02
200900033227;0;7;0;0;9;1;2;A01
200900033228;0;7;0;0;0;1;19;A01
200900033229;0;33;0;0;2;3;1;B02
200900033229;0;7;0;0;2;2;1;A01
200900033230;0;2;0;0;2;1;1;A01
200900033230;0;7;0;0;2;8;1;B02
200900033231;0;7;0;0;2;3;1;A01
200900033231;0;30;0;0;2;1;16;B02
200900033232;0;7;0;0;1;8;1;A01
200900033233;0;7;0;0;0;1;1;A01
200900033234;0;1;0;12;0;0;1;A01
200900033235;0;7;0;0;2;6;15;B01
200900033235;0;2;0;0;2;1;17;A01
200900033236;0;7;0;0;2;8;15;B01
200900033236;0;2;0;0;2;2;17;A01
200900033237;0;7;0;0;2;8;1;B01
200900033237;0;7;0;0;2;1;15;A01
200900033238;0;7;0;0;1;7;1;A01
200900033239;0;7;0;0;2;5;23;B01
200900033239;0;2;0;0;2;1;2;A01
200900033240;0;10;0;0;2;3;9;A01
200900033240;0;30;0;0;2;7;1;B01
200900033241;0;7;0;6;0;1;14;A01
200900033242;0;7;0;0;2;3;1;B01
200900033242;0;1;0;0;2;2;13;A01
200900033243;0;7;0;0;2;7;15;A01
200900033243;0;2;0;0;2;3;1;B02
200900033244;0;30;0;0;2;1;13;A01
200900033244;0;7;0;0;2;3;1;B02
200900033245;0;33;0;0;2;3;1;B02
200900033245;0;33;0;0;2;1;5;A01
200900033246;0;7;0;0;2;8;19;A01
200900033246;0;7;0;0;2;1;1;B02
200900033247;0;3;0;0;2;3;19;A01
200900033247;0;7;0;0;2;2;1;B01
200900033248;0;7;0;0;2;7;20;A01
200900033248;0;30;0;0;2;1;2;B01
200900033249;0;7;0;0;2;6;1;B01
200900033249;0;7;0;0;2;3;13;A01
200900033250;0;1;0;0;2;1;1;B01
200900033250;0;7;0;0;9;2;19;A01
200900033251;0;7;0;2;0;1;1;A01
200900033252;0;7;0;13;0;1;14;A01
200900033253;0;21;0;0;2;6;1;B02
200900033253;0;7;0;0;2;2;17;A01
200900033254;0;30;0;6;0;1;13;A01
200900033254;0;30;0;0;9;1;2;B02
200900033255;0;7;0;10;0;1;13;A01
200900033256;0;7;0;15;0;9;21;A01
200900033257;0;31;0;1;0;7;1;A01
200900033257;0;7;0;0;0;0;9;B01
200900033258;0;15;0;0;2;7;1;B01
200900033258;0;7;0;0;2;1;9;A01
200900033259;0;7;0;0;2;2;1;B01
200900033259;0;1;0;0;2;2;19;A01
200900033260;0;7;0;6;0;1;14;A01
200900033261;0;3;0;0;2;2;15;A01
200900033261;0;7;0;0;2;1;1;B02
200900033262;0;17;0;0;2;3;1;B01
200900033262;0;7;0;0;2;2;13;A02
200900033263;0;33;0;0;0;8;14;A01
200900033264;0;7;0;0;2;7;17;A01
200900033264;0;1;0;0;2;8;2;B02
200900033265;0;7;0;13;0;2;14;A01
200900033266;0;10;0;0;2;3;1;B02
200900033266;0;30;0;0;2;1;13;A01
200900033267;0;7;0;9;0;1;14;A01
200900033268;0;33;0;1;0;1;14;A01
200900033269;0;7;0;0;1;1;17;A01
200900033270;0;7;0;0;2;1;2;A01
200900033270;0;7;0;0;2;4;2;B01
200900033270;0;7;0;0;2;4;23;C01
200900033271;0;7;0;2;0;1;17;A01
200900033272;0;7;0;0;2;1;9;A01
200900033272;0;34;0;0;2;7;1;B01
200900033273;0;7;0;0;1;3;9;A01
200900033274;0;7;0;0;1;3;1;A01
200900033275;0;15;0;0;0;4;1;B01
200900033275;0;10;0;0;2;1;1;A01