num_acc;senc;catv;occutc;obs;obsm;choc;manv;num_veh
200900033276;0;2;0;0;2;7;1;B01
200900033276;0;7;0;0;2;7;15;A01
200900033277;0;7;0;0;2;3;15;B01
200900033277;0;7;0;0;2;2;15;A01
200900033278;0;7;0;0;2;7;15;A01
200900033278;0;7;0;0;2;1;1;B01
200900033279;0;7;0;0;2;2;16;A01
200900033279;0;2;0;0;2;1;1;B01
200900033280;0;7;0;1;0;3;1;A01
200900033281;0;30;0;0;2;1;1;B01
200900033281;0;7;0;0;2;3;15;A01
200900033282;0;7;0;13;0;1;21;A01
200900033283;0;7;0;0;2;1;15;A01
200900033283;0;7;0;0;2;1;1;B01
200900033284;0;15;0;0;0;3;13;A01
200900033284;0;15;0;0;2;3;1;B02
200900033285;0;17;0;0;2;3;1;B02
200900033285;0;7;0;0;2;2;13;A01
200900033286;0;7;0;0;2;1;1;A01
200900033286;0;1;0;0;2;1;19;B02
200900033287;0;33;0;0;2;0;1;A01
200900033287;0;7;0;0;0;8;19;B02
200900033288;0;1;0;0;2;4;1;B02
200900033288;0;7;0;0;2;2;1;A01
200900033289;0;1;0;0;0;4;2;B02
200900033289;0;7;0;0;2;2;2;A01
200900033290;0;7;0;0;2;5;19;B02
200900033290;0;33;0;0;2;1;1;A01
200900033291;0;7;0;0;4;2;1;A01
200900033291;0;39;0;0;2;2;19;B02
200900033292;0;7;0;6;0;1;13;A01
200900033293;0;33;0;0;2;3;1;B02
200900033293;0;7;0;0;2;1;19;A01
200900033294;0;7;0;13;0;2;14;A01
200900033295;0;1;0;0;2;4;1;A01
200900033295;0;10;0;0;2;2;2;B02
200900033296;0;33;0;0;2;2;1;A01
200900033296;0;7;0;0;2;3;15;B02
200900033297;0;31;0;0;0;9;1;A01
200900033298;0;7;0;13;0;9;1;A01
200900033299;0;7;0;13;0;9;2;A01
200900033300;0;7;0;0;2;1;1;B02
200900033300;0;7;0;0;2;7;19;A01
200900033301;0;33;0;8;0;7;1;A01
200900033302;0;2;0;0;2;1;1;A01
200900033302;0;7;0;0;2;6;2;B01
200900033303;0;7;0;0;0;9;1;A01
200900033304;0;1;0;0;2;1;1;A01
200900033304;0;7;0;0;2;2;9;B01
200900033305;0;7;0;0;2;2;16;A01
200900033305;0;1;0;0;2;3;1;B01
200900033306;0;7;0;13;2;1;1;A01
200900033306;0;7;0;0;2;8;23;C01
200900033306;0;7;0;0;2;8;23;B01
200900033307;0;7;0;3;2;6;13;A01
200900033307;0;17;0;0;2;8;1;B01
200900033308;0;7;0;0;1;0;17;A01
200900033309;0;7;0;0;1;2;1;A01
200900033310;0;7;0;0;2;3;9;A01
200900033310;0;7;0;0;2;0;1;B01
200900033311;0;7;0;0;2;2;15;A01
200900033311;0;30;0;0;2;0;23;B01
200900033312;0;7;0;0;2;1;1;A01
200900033312;0;7;0;0;2;4;9;B01
200900033313;0;7;0;0;1;1;1;A01
200900033314;0;7;0;0;1;3;1;A01
200900033315;0;7;0;0;2;2;19;A01
200900033315;0;2;0;0;2;1;1;B02
200900033316;0;7;0;2;0;2;21;A01
200900033317;0;33;0;0;0;8;1;A01
200900033318;0;10;0;0;2;3;15;B02
200900033318;0;31;0;0;2;1;17;A01
200900033319;0;7;0;0;1;3;1;A01
200900033320;0;7;0;0;2;1;13;A01
200900033320;0;2;0;0;2;1;1;B02
200900033321;0;10;0;0;5;1;1;A01
200900033322;0;7;0;2;0;1;1;A01
200900033323;0;7;0;0;2;3;16;A01
200900033323;0;1;0;0;2;1;1;B02
200900033324;0;33;0;0;2;1;17;A01
200900033324;0;14;0;0;2;1;1;B02
200900033324;0;7;0;0;2;6;1;C03
200900033325;2;7;0;0;2;2;15;A01
200900033325;0;31;0;0;2;8;1;B02
200900033326;0;7;0;8;0;1;1;A01
200900033327;0;7;0;2;0;1;1;A01
200900033328;0;7;0;0;2;3;19;A01
200900033328;0;7;0;0;2;3;1;B02
200900033329;0;7;0;16;0;1;1;A01
200900033330;0;37;1;5;0;2;3;A01
200900033331;0;33;0;0;0;7;1;A01
200900033332;0;7;0;4;0;9;1;A01
200900033333;0;7;0;0;2;1;1;B01
200900033333;0;7;0;0;2;8;1;A01
200900033334;0;99;0;0;1;1;1;A01
200900033335;0;10;0;0;1;0;15;A01
200900033336;0;1;0;0;2;1;19;B01
200900033336;0;7;0;0;9;2;19;A01
200900033337;0;7;0;0;2;1;1;A01
200900033337;0;30;0;0;2;8;9;B01
200900033338;1;3;0;0;1;2;14;A01
200900033339;0;10;0;0;2;1;2;A01
200900033339;0;10;0;0;2;4;2;B01
200900033340;0;2;0;0;2;1;1;A01
200900033340;0;7;0;0;0;8;15;B01
200900033341;0;2;0;0;1;1;19;A01
200900033342;0;33;0;0;2;2;13;A01
200900033342;0;7;0;;;;;A02
200900033343;0;7;0;1;0;3;13;A01
200900033344;0;33;0;0;2;1;1;B02
200900033344;0;10;0;0;2;8;19;A01
200900033345;0;7;0;0;2;5;2;B02
200900033345;0;30;0;0;2;1;18;A01
200900033346;0;7;0;0;2;1;0;B02
200900033346;0;10;0;0;0;1;23;C03
200900033346;0;21;0;0;2;1;1;A01
200900033347;0;7;0;0;1;6;4;A01
200900033348;0;7;0;0;1;8;1;A01
200900033349;1;14;0;0;1;6;0;A01
200900033350;1;7;0;0;1;2;1;A01
200900033351;0;33;0;0;2;1;1;A01
200900033351;0;7;0;0;2;8;15;B02
200900033352;0;7;0;0;2;6;10;A01
200900033352;0;33;0;0;2;1;1;B01
200900033353;0;7;0;0;2;7;1;A01
200900033353;0;7;0;0;2;1;17;B02
200900033354;0;7;0;0;1;0;1;A01
200900033355;0;7;0;0;1;3;1;A01
200900033356;0;7;0;0;2;3;1;B01
200900033356;0;7;0;0;2;2;12;A01
200900033357;0;1;0;0;2;1;0;B01
200900033357;0;1;0;0;2;1;0;C01
200900033357;0;7;0;0;9;2;0;A01
200900033358;0;2;0;0;2;1;17;A01
200900033358;0;7;0;0;9;8;15;B01
200900033359;0;32;0;0;2;3;1;B02
200900033359;0;7;0;0;2;3;15;A01
200900033360;0;1;0;0;0;4;19;B02
200900033360;0;10;0;0;0;0;0;A01
200900033361;0;7;0;0;1;1;1;A01
200900033362;0;2;0;0;2;1;15;A01
200900033362;0;7;0;0;2;1;1;B01
200900033363;0;7;0;0;2;4;1;B01
200900033363;0;7;0;0;2;1;1;A01
200900033364;0;10;0;0;2;3;1;B01
200900033364;0;7;0;0;2;3;13;A01
200900033364;0;7;0;0;2;3;1;C01
200900033365;0;37;1;0;2;5;1;B01
200900033365;0;7;0;0;2;1;1;A01
200900033366;0;7;0;0;2;1;1;B01
200900033366;0;3;0;0;2;1;13;A01
200900033367;0;7;0;0;2;4;1;B01
200900033367;0;7;0;0;2;1;1;A01
200900033368;0;2;0;0;0;3;15;A01
200900033368;0;7;0;0;2;2;17;B02
200900033369;0;7;0;0;2;2;9;A01
200900033369;0;1;0;0;2;8;1;B01
200900033370;0;7;0;0;2;1;2;A01
200900033370;0;7;0;0;2;4;23;B01
200900033371;0;7;0;0;2;1;2;A01
200900033371;0;7;0;0;2;5;2;B01
200900033372;0;2;0;0;2;1;1;B01
200900033372;0;7;0;0;2;7;15;A01
200900033373;0;7;0;0;2;2;1;B01
200900033373;0;7;0;0;2;3;1;A01
200900033374;0;7;0;0;1;1;15;A01
200900033375;0;7;0;0;1;1;1;A01
200900033376;0;7;0;0;2;3;9;A01
200900033376;0;33;0;0;2;1;1;B01
200900033377;0;7;0;0;2;1;1;A01
200900033377;0;1;0;0;2;8;19;B01
200900033378;0;33;0;0;0;0;1;A01
200900033379;0;7;0;0;2;1;1;A01
200900033379;0;1;0;0;2;4;2;B01
200900033380;0;33;0;0;2;7;15;A01
200900033380;0;7;0;0;2;1;1;B01
200900033381;0;7;0;0;2;4;23;B01
200900033381;0;10;0;0;2;1;2;A01
200900033382;0;7;0;0;2;4;1;B01
200900033382;0;7;0;0;2;1;2;A01
200900033383;0;7;0;0;1;1;15;A01
200900033384;0;7;0;0;2;1;1;A01
200900033384;0;7;0;0;2;8;19;B02
200900033385;0;7;0;0;2;1;1;B01
200900033385;0;7;0;0;2;1;1;A01
200900033386;0;2;0;13;0;1;21;A01
200900033387;0;7;0;8;0;3;1;A01
200900033388;0;7;0;0;2;1;1;B01
200900033388;0;7;0;0;2;1;1;A01
200900033389;0;10;0;0;2;1;1;A01
200900033389;0;14;0;0;2;4;23;B01
200900033389;0;7;0;0;2;2;1;C01
200900033390;0;2;0;15;0;1;0;A01
200900033391;0;31;0;0;2;1;17;B01
200900033391;0;7;0;0;2;3;15;A01
200900033392;0;10;0;0;0;4;1;C01
200900033392;0;7;0;0;0;1;1;A01
200900033392;0;7;0;0;0;4;1;B01
200900033393;0;7;0;0;1;2;1;A01
200900033394;0;33;0;0;1;1;1;A01
200900033395;0;10;0;0;1;1;0;A01
200900033396;0;31;0;0;2;1;2;A01
200900033396;0;7;0;0;0;4;2;B01
200900033397;0;14;0;0;2;6;23;B01
200900033397;0;33;0;0;2;1;17;A01
200900033398;0;7;0;0;2;1;10;A01
200900033398;0;33;0;0;2;1;1;B01
200900033399;0;7;0;0;1;6;0;A01
200900033400;0;7;0;0;1;1;2;A01
200900033401;0;7;0;0;1;1;15;A01
200900033402;0;30;0;0;2;1;15;B01
200900033402;0;7;0;0;2;4;4;A01
200900033403;0;33;0;0;2;1;1;B01
200900033403;0;10;0;0;2;0;0;A01
200900033404;1;7;0;1;1;1;7;A01
200900033405;0;7;0;14;0;0;0;A01
200900033406;0;7;0;0;2;4;23;B01
200900033406;0;7;0;0;2;1;1;A01
200900033407;0;10;0;0;1;2;1;A01
200900033408;0;7;0;0;9;3;15;B01
200900033408;0;30;0;0;2;1;17;A01
200900033409;0;1;0;0;2;1;1;A01
200900033409;0;7;0;0;2;3;1;B01
200900033410;0;37;1;0;2;6;7;B01
200900033410;0;34;0;0;2;1;7;A01
200900033411;0;10;0;0;1;2;1;A01
200900033412;0;7;0;0;1;1;15;A01
200900033413;0;7;0;0;1;7;1;A01
200900033414;0;7;0;0;1;1;23;C01
200900033414;0;7;0;0;2;1;1;A01
200900033414;0;7;0;0;2;4;23;B01
200900033415;0;10;0;0;2;7;19;A01
200900033415;0;34;0;0;2;8;2;B01
200900033416;0;7;0;0;2;4;23;B01
200900033416;0;31;0;0;2;1;1;A01
200900033417;0;7;0;0;0;3;15;A01
200900033417;0;32;0;0;0;0;1;B01
200900033418;0;7;0;0;1;1;16;A01
200900033419;0;7;0;0;2;3;10;A01
200900033419;0;2;0;0;2;1;1;B01
200900033420;0;10;0;0;1;3;15;A01
200900033421;0;7;0;0;1;1;15;A01
200900033422;0;7;0;0;2;1;2;A01
200900033422;0;7;0;0;2;4;2;B01
200900033423;0;7;0;0;0;0;15;A01
200900033424;0;2;0;0;1;1;0;A01
200900033425;0;30;0;0;1;3;2;A01
200900033425;0;37;50;0;9;6;23;B01
200900033426;0;1;0;0;2;1;2;B01
200900033426;0;7;0;0;9;1;15;A01
200900033427;0;7;0;0;1;1;2;A01
200900033428;0;7;0;0;9;3;15;A01
200900033428;0;34;0;1;2;1;17;B01
200900033429;0;7;0;0;2;1;10;A01
200900033429;0;31;0;0;2;1;17;B01
200900033430;2;7;0;1;2;2;1;A01
200900033430;0;7;0;0;2;3;1;B01
200900033431;0;7;0;0;2;7;1;A01
200900033431;0;7;0;0;2;1;1;B01
200900033432;0;10;0;0;1;2;1;A01
200900033433;0;7;0;0;1;3;2;A01
200900033434;0;7;0;0;2;1;15;A01
200900033434;0;32;0;0;2;1;1;B01
200900033435;0;7;0;0;1;6;4;A01
200900033436;0;7;0;0;2;1;15;A01
200900033436;0;7;0;15;2;1;1;B01
200900033437;0;10;0;0;0;1;15;A01
200900033438;0;7;0;0;1;1;15;A01
200900033439;0;37;80;0;1;2;0;A01
200900033440;0;7;0;0;1;3;15;A01
200900033441;0;30;0;0;2;1;1;B01
200900033441;0;7;0;0;2;7;15;A01
200900033442;0;7;0;0;2;3;10;A01
200900033442;0;7;0;0;2;2;1;B01
200900033443;0;30;0;0;0;0;1;A01
200900033443;1;7;0;0;0;0;0;Z01
200900033444;0;32;0;0;0;0;21;B01
200900033444;0;10;0;0;0;0;20;A01
200900033445;0;32;0;0;0;6;0;A01
200900033446;0;7;0;0;2;3;15;A01
200900033446;0;32;0;0;2;1;1;B01
200900033447;0;7;0;0;1;4;20;A01
200900033448;0;30;0;0;2;7;17;B01
200900033448;0;7;0;0;2;8;15;A01
200900033449;0;7;0;0;2;4;1;B01
200900033449;0;14;0;0;2;4;1;C01
200900033449;0;10;0;0;2;1;1;A01
200900033450;0;31;0;0;2;7;1;A01
200900033450;1;2;0;0;2;1;1;B01
200900033451;0;34;0;0;2;1;1;B01
200900033451;0;7;0;0;2;2;15;A01
200900033452;0;7;0;0;1;1;0;A01
200900033453;0;7;0;0;2;7;15;B01
200900033453;0;32;0;0;2;1;1;A01
200900033454;0;32;0;0;0;6;0;A01
200900033455;0;30;0;0;2;1;1;B01
200900033455;0;7;0;0;2;2;15;A01
200900033456;0;31;0;0;2;1;1;B01
200900033456;0;7;0;0;2;7;12;A01
200900033457;0;7;0;0;0;7;15;A01
200900033457;0;31;0;0;0;0;1;B01
200900033458;0;32;0;0;1;1;1;A01
200900033459;0;32;0;0;0;0;17;A01
200900033460;0;31;0;0;2;1;1;A01
200900033460;0;7;0;0;0;4;0;B01
200900033461;0;7;0;0;2;8;10;A01
200900033461;0;30;0;0;2;1;1;B01
200900033462;0;13;0;0;2;3;15;A01
200900033462;0;10;0;0;2;1;1;B01
200900033463;0;7;0;0;1;2;1;A01
200900033464;0;7;0;0;2;1;1;A01
200900033464;0;32;0;1;2;6;1;B01
200900033465;0;7;0;0;2;1;1;B01
200900033465;0;7;0;0;2;4;21;C01
200900033465;1;7;0;0;0;0;0;A01
200900033465;0;7;0;0;0;4;21;D01
200900033466;0;7;0;0;2;4;23;C01
200900033466;0;7;0;0;2;4;23;B01
200900033466;0;7;0;0;2;4;23;D01
200900033466;0;7;0;0;2;1;1;A01
200900033467;0;7;0;0;1;2;1;A01
200900033468;0;10;0;0;2;5;23;B01
200900033468;0;10;0;0;2;6;23;C01
200900033468;0;7;0;0;2;1;1;A01
200900033469;0;37;50;0;2;1;2;A01
200900033469;0;7;0;0;9;4;13;B01
200900033470;0;33;0;0;2;1;1;A01
200900033470;0;10;0;0;2;4;1;B01
200900033471;0;7;0;0;2;1;13;A01
200900033471;0;7;0;0;2;1;16;B01
200900033472;0;34;0;0;2;7;17;B01
200900033472;0;10;0;0;2;3;15;A01
200900033473;0;7;0;0;2;7;17;B01
200900033473;0;31;0;0;2;8;1;A01
200900033474;0;7;0;11;0;1;1;A01
200900033475;0;2;0;0;0;0;16;A01
200900033476;0;7;0;0;1;2;1;A01
200900033477;0;7;0;0;1;4;4;A01
200900033478;0;30;0;0;0;7;0;A01
200900033479;0;7;0;6;0;1;0;A01
200900033480;0;7;0;0;2;8;15;A01
200900033480;0;33;0;0;2;1;1;B01
200900033481;0;34;0;0;2;1;2;A01
200900033481;0;7;0;0;2;4;23;B01
200900033482;0;10;0;0;1;2;1;A01
200900033483;0;10;0;0;1;4;4;A01
200900033484;0;30;0;0;2;1;1;B01
200900033484;0;7;0;0;2;3;15;A01
200900033485;0;7;0;0;1;0;1;A01
200900033486;0;32;0;0;0;1;1;A01
200900033487;0;7;0;0;1;2;1;A01
200900033488;0;7;0;0;2;3;2;B01
200900033488;0;7;0;0;2;1;15;A01
200900033489;0;10;0;0;0;5;1;B01
200900033489;0;10;0;0;2;1;0;A01
200900033490;0;7;0;0;2;3;1;B01
200900033490;0;7;0;0;2;7;1;A01
200900033491;0;32;0;0;0;0;1;A01
200900033492;0;1;0;0;1;1;1;A01
200900033493;0;7;0;0;2;3;2;B01
200900033493;0;7;0;0;2;1;15;A01
200900033494;0;7;0;0;1;2;1;A01
200900033495;0;7;0;6;0;1;0;A01
200900033496;0;7;0;0;1;2;1;A01
200900033497;0;7;0;1;0;1;14;A01
200900033498;0;2;0;0;0;1;0;A01
200900033499;0;7;0;0;2;4;2;B01
200900033499;1;7;0;0;2;4;23;C01
200900033499;0;7;0;0;2;1;2;A01
200900033500;0;7;0;0;9;2;2;A01
200900033500;0;7;0;0;0;0;24;C01
200900033500;0;1;0;0;2;6;2;B01
200900033501;0;7;0;0;1;2;14;A01
200900033502;0;7;0;5;2;1;1;B01
200900033502;0;7;0;0;2;1;15;A01
200900033503;0;30;0;0;2;1;1;B01
200900033503;0;7;0;0;2;2;15;A01
200900033504;0;7;0;0;2;6;20;A01
200900033504;0;33;0;0;2;0;2;B01
200900033505;0;33;0;1;0;1;0;A01
200900033505;0;7;0;0;0;5;24;B01
200900033506;0;3;0;0;2;3;1;B01
200900033506;0;7;0;0;2;7;9;A01
200900033507;0;7;0;0;1;2;1;A01
200900033508;0;7;0;0;2;2;15;A01
200900033508;0;33;0;0;2;1;16;B01
200900033509;0;7;0;0;0;5;23;B01
200900033509;0;30;0;0;2;1;1;A01
200900033510;0;2;0;0;2;1;1;B01
200900033510;0;7;0;0;2;3;15;A01
200900033511;0;7;0;0;0;0;24;B01
200900033511;0;7;0;1;0;2;14;A01
200900033512;0;7;0;0;1;7;14;A01
200900033513;0;32;0;0;1;1;17;A01
200900033514;0;7;0;0;2;4;1;B01
200900033514;0;32;0;0;2;1;1;A01
200900033515;0;7;0;0;1;1;1;A01
200900033516;0;30;0;0;2;1;3;B01
200900033516;0;7;0;0;2;7;22;A01
200900033517;0;2;0;0;2;1;1;A01
200900033517;1;7;0;0;2;4;1;B01
200900033518;0;34;0;0;2;1;17;B01
200900033518;0;7;0;0;2;3;1;A01
200900033519;0;2;0;0;1;0;1;A01
200900033520;0;31;0;0;2;1;16;B01
200900033520;0;7;0;0;2;2;15;A01
200900033521;0;32;0;0;0;0;1;A01
200900033522;0;30;0;0;1;1;1;A01
200900033523;0;33;0;0;2;8;1;B01
200900033523;0;7;0;0;2;3;1;A01
200900033524;0;7;0;0;0;1;1;A01
200900033525;0;7;0;0;2;0;1;A01
200900033525;0;32;0;0;2;0;1;B01
200900033526;0;7;0;0;1;1;0;A01
200900033527;0;7;0;0;1;1;1;A01
200900033528;0;7;0;0;2;1;0;A01
200900033528;0;30;0;0;2;1;0;B01
200900033529;0;7;0;0;2;1;1;B01
200900033529;0;7;0;0;2;4;1;A01
200900033530;0;2;0;0;2;1;17;A01
200900033530;0;7;0;0;2;3;15;B01
200900033531;0;32;0;0;2;7;1;B01
200900033531;0;7;0;0;2;5;15;A01
200900033532;0;7;0;0;2;2;10;A01
200900033532;0;7;0;0;2;1;1;B01
200900033533;2;7;0;0;1;2;1;A01
200900033534;0;7;0;0;2;1;2;A01
200900033534;0;10;0;0;2;4;2;B01
200900033535;0;30;0;0;0;0;1;A01
200900033536;0;14;0;0;1;5;2;A01
200900033537;0;7;0;0;2;3;15;B01
200900033537;0;34;0;0;2;3;2;A01
200900033538;0;7;0;0;1;1;2;A01
200900033539;0;2;0;0;2;1;2;A01
200900033539;0;1;0;0;2;1;2;B01
200900033540;0;2;0;0;2;3;17;A01
200900033540;0;7;0;0;2;7;16;B01
200900033541;0;7;0;0;0;2;1;A01
200900033542;0;7;0;4;0;1;1;A01
200900033543;0;7;0;0;2;4;2;B01
200900033543;0;32;0;0;2;1;21;A01
200900033544;0;7;0;4;0;1;12;A01
200900033545;0;7;0;0;0;0;1;B01
200900033545;0;10;0;3;0;9;1;A01
200900033545;1;99;0;0;0;0;1;D01
200900033546;0;33;0;0;0;8;3;A01
200900033547;0;7;0;3;2;5;12;A01
200900033547;0;10;0;4;2;6;2;B01
200900033548;0;10;0;0;2;1;1;A01
200900033548;0;7;0;0;2;4;0;B01
200900033549;0;7;0;4;0;2;13;A01
200900033550;0;7;0;0;2;1;2;B01
200900033550;0;10;0;0;2;1;2;C01
200900033550;0;7;0;0;2;1;2;D01
200900033550;0;7;0;0;2;6;11;A01
200900033551;0;7;0;4;0;8;1;B01
200900033551;0;15;0;0;2;2;12;A01
200900033552;0;37;0;0;1;7;16;A01
200900033553;0;7;0;0;2;1;2;A01
200900033553;0;7;0;0;2;4;2;B01
200900033554;0;7;0;4;0;3;0;A01
200900033555;0;7;0;0;2;4;1;B01
200900033555;0;7;0;0;2;1;1;A01
200900033556;0;7;0;4;0;1;9;A01
200900033556;0;32;0;0;2;4;21;B01
200900033557;0;7;0;0;2;0;20;B01
200900033557;0;31;0;0;2;1;1;A01
200900033558;0;7;0;0;0;6;1;C01
200900033558;0;7;0;0;0;2;1;B01
200900033558;0;33;0;0;2;6;3;A01
200900033559;0;7;0;4;0;1;0;A01
200900033560;0;10;0;0;2;1;1;A01
200900033560;0;7;0;0;2;4;1;B01
200900033561;0;2;0;0;9;0;0;A01
200900033561;0;7;0;0;9;0;0;B01
200900033562;0;10;0;0;1;2;16;A01
200900033563;0;7;0;0;1;0;1;B01
200900033563;0;10;0;0;1;3;21;A01
200900033564;0;1;0;0;2;0;0;B01
200900033564;0;7;0;0;0;1;0;A01
200900033565;0;7;0;0;2;2;14;A01
200900033565;0;7;0;0;2;8;0;B01
200900033566;0;7;0;1;0;1;1;A01
200900033567;0;7;0;0;2;0;12;A01
200900033567;0;31;0;0;2;0;1;B01
200900033568;0;7;0;1;0;1;0;A01
200900033569;0;7;0;0;2;6;0;B01
200900033569;0;32;0;0;2;1;1;A01
200900033570;0;7;0;0;1;1;9;A01
200900033571;0;7;0;0;1;2;1;A01
200900033572;0;30;0;0;2;3;1;B01
200900033572;1;7;0;0;2;5;17;A01
200900033573;0;10;0;0;1;4;4;A01
200900033574;0;7;0;0;9;1;1;A01
200900033575;0;7;0;0;1;3;1;A01
200900033576;0;7;0;0;0;0;10;A01
200900033576;0;32;0;0;0;0;1;B01
200900033577;0;30;0;0;0;8;1;A01
200900033578;0;7;0;0;0;4;1;B01
200900033578;0;32;0;0;0;0;0;A01
200900033579;0;7;0;0;2;5;1;B01
200900033579;0;7;0;0;2;3;9;A01
200900033580;0;10;0;0;0;1;1;A01
200900033580;0;2;0;0;0;8;0;B01
200900033581;0;7;0;0;2;7;12;A01
200900033581;0;33;0;0;2;2;0;B01
200900033582;0;31;0;0;2;1;1;B01
200900033582;0;7;0;0;2;3;9;A01
200900033583;0;7;0;0;1;1;2;A01
200900033584;0;30;0;0;2;7;16;A01
200900033584;0;37;2;0;2;8;2;B01
200900033585;0;7;0;0;9;1;0;C01
200900033585;0;7;0;0;2;8;0;A01
200900033585;0;1;0;1;0;1;0;B01
200900033586;0;7;0;12;0;1;0;A01
200900033587;0;7;0;0;2;1;1;D01
200900033587;0;7;0;0;2;1;1;B01
200900033587;0;7;0;0;2;1;14;A01
200900033587;0;7;0;0;2;1;1;C01
200900033588;0;7;0;0;2;3;1;A01
200900033588;0;7;0;0;2;5;0;B01
200900033589;0;7;0;0;2;1;2;A01
200900033589;0;10;0;0;2;4;23;B01
200900033590;0;31;0;0;2;1;13;A01
200900033590;0;7;0;0;2;1;1;B01
200900033591;0;7;0;0;1;1;1;A01
200900033592;0;7;0;0;1;1;1;A01
200900033593;0;7;0;0;1;1;0;A01
200900033594;0;31;0;0;9;0;1;B01
200900033594;0;7;0;0;0;0;20;A01
200900033595;0;33;0;0;2;1;1;A01
200900033595;0;10;0;0;2;8;15;B02
200900033596;0;7;0;0;0;0;0;B02
200900033596;0;2;0;0;2;8;10;A01
200900033597;0;14;0;13;0;9;1;A01
200900033598;0;7;0;8;0;1;1;A01
200900033599;0;7;0;0;2;7;15;A01
200900033599;0;1;0;0;2;1;1;B02
200900033600;0;33;0;0;2;1;1;A01
200900033600;0;17;0;0;2;8;1;B02
200900033601;0;7;0;0;2;8;1;B02
200900033601;0;1;0;0;2;1;1;A01
200900033602;0;30;0;0;2;1;13;A01
200900033602;0;21;0;0;2;1;1;B02
200900033603;0;7;0;0;0;9;1;A01
200900033604;0;7;0;3;0;9;1;A01
200900033605;0;33;0;0;2;0;17;A01
200900033606;0;2;0;0;2;1;1;B02
200900033606;0;10;0;0;0;6;23;A01
200900033607;0;7;0;6;0;7;1;A01
200900033608;0;7;0;0;2;3;13;A01
200900033608;0;7;0;0;2;3;1;B02
200900033609;0;7;0;0;2;8;19;B02
200900033609;0;7;0;0;2;3;1;A01
200900033610;0;31;0;0;0;8;1;A01
200900033611;0;7;0;0;2;2;15;A01
200900033611;0;2;0;0;2;1;1;B02
200900033612;0;33;0;5;0;1;1;A01
200900033613;0;33;0;0;0;8;1;A01
200900033614;0;36;0;0;0;0;14;A01
200900033615;0;14;0;0;0;8;1;A01
200900033616;0;7;0;0;1;2;1;A01
200900033617;0;7;0;13;0;2;1;A01
200900033618;0;7;0;2;0;5;1;A01
200900033619;0;2;0;0;0;8;15;A01
200900033620;0;2;0;0;2;1;1;B01
200900033620;0;7;0;0;2;3;0;A01
200900033621;0;3;0;0;2;2;1;A01
200900033622;0;33;0;0;2;4;15;B01
200900033622;0;10;0;0;2;2;2;A01
200900033623;0;7;0;0;2;1;1;A01
200900033623;0;37;1;0;2;5;23;B01
200900033624;0;33;0;0;2;1;1;B02
200900033624;0;7;0;0;2;2;15;A01
200900033625;0;7;0;0;1;1;9;A01
200900033626;0;13;0;6;2;5;1;A01
200900033626;0;13;0;0;2;3;16;B01
200900033627;0;7;0;0;2;1;15;A01
200900033627;0;10;0;0;2;1;0;C01
200900033627;0;7;0;0;2;1;1;B01
200900033628;0;7;0;0;2;3;1;A01
200900033628;0;7;0;0;2;1;1;B01
200900033629;0;7;0;6;0;1;20;A01
200900033630;0;7;0;0;2;4;4;A01
200900033630;0;7;0;0;2;1;1;B01
200900033631;0;33;0;0;2;1;1;B01
200900033631;0;7;0;0;0;3;10;A01
200900033632;0;7;0;0;2;1;13;A01
200900033632;0;7;0;0;2;1;1;B01
200900033633;0;7;0;8;0;1;13;A01
200900033634;0;7;0;8;0;1;13;A01
200900033635;0;7;0;0;1;1;1;A01
200900033635;0;1;0;0;2;8;0;B01
200900033636;0;7;0;0;2;6;1;B01
200900033636;0;2;0;0;2;1;1;A01
200900033637;0;7;0;0;2;1;1;A01
200900033637;0;7;0;0;2;1;1;B01
200900033638;0;36;0;15;0;2;1;A01
200900033639;0;7;0;1;0;2;14;A01
200900033639;0;7;0;0;2;6;24;B01
200900033640;0;7;0;0;1;1;1;A01
200900033641;0;10;0;0;2;6;1;B01
200900033641;0;2;0;0;2;1;2;A01
200900033642;0;2;0;0;2;1;1;B01
200900033642;0;7;0;0;2;3;15;A01
200900033643;0;7;0;0;2;3;24;B01
200900033643;0;7;0;1;0;1;13;A01
200900033644;0;7;0;0;2;1;1;A01
200900033644;0;7;0;0;0;4;23;B01
200900033645;0;7;0;0;2;1;1;A01
200900033645;0;7;0;0;2;4;23;B01
200900033646;0;7;0;0;2;2;1;B01
200900033646;0;7;0;0;2;1;13;A01
200900033647;0;7;0;1;0;2;14;A01
200900033648;0;33;0;0;2;1;1;B01
200900033648;0;7;0;0;2;2;11;A01
200900033649;0;7;0;0;2;1;2;A01
200900033649;0;7;0;0;2;1;9;B01
200900033650;0;7;0;0;2;1;1;C01
200900033650;0;7;0;1;0;1;1;B01
200900033650;0;7;0;0;2;4;1;A01
200900033651;1;7;0;0;2;3;17;B01
200900033651;0;2;0;0;2;2;17;A01
200900033652;0;2;0;0;2;2;2;A01
200900033652;0;7;0;0;2;6;1;B01
200900033653;0;7;0;0;0;4;2;A01
200900033653;0;2;0;0;0;0;2;B01
200900033654;0;15;0;3;0;0;21;A01
200900033655;0;14;0;0;0;6;2;B01
200900033655;0;10;0;0;2;1;2;A01
200900033656;0;7;0;0;2;3;5;A01