num_acc;senc;catv;occutc;obs;obsm;choc;manv;num_veh
200900033656;0;7;0;0;2;1;17;B01
200900033657;0;10;0;0;2;2;2;A01
200900033657;0;10;0;4;0;6;2;B01
200900033658;0;33;0;0;2;7;17;B01
200900033658;0;7;0;0;2;3;11;A01
200900033659;0;7;0;8;0;1;1;A01
200900033660;0;1;0;0;2;0;9;B01
200900033660;0;17;0;0;1;2;1;A01
200900033661;0;7;0;0;1;2;1;A01
200900033662;0;7;0;0;2;4;2;B01
200900033662;0;7;0;0;2;1;1;A01
200900033662;0;7;0;0;2;4;2;C01
200900033663;0;2;0;0;2;1;1;B01
200900033663;0;7;0;0;2;2;15;A01
200900033664;0;7;0;0;1;1;1;A01
200900033665;0;7;0;0;1;2;1;A01
200900033666;0;33;0;6;0;1;1;A01
200900033667;0;34;0;0;2;1;2;C01
200900033667;0;33;0;0;2;1;2;A01
200900033667;0;7;0;0;2;4;2;B01
200900033668;0;7;0;0;1;4;23;B01
200900033668;0;2;0;0;1;2;1;A01
200900033669;0;33;0;0;2;1;1;B01
200900033669;0;7;0;0;2;1;15;A01
200900033670;0;7;0;0;2;7;1;A01
200900033670;0;7;0;0;2;1;1;B01
200900033671;0;2;0;0;2;0;5;A01
200900033671;0;2;0;0;2;1;1;B01
200900033672;1;7;0;0;2;0;1;A01
200900033672;0;1;0;0;2;8;19;B01
200900033673;0;7;0;0;2;1;1;B01
200900033673;0;7;0;0;2;1;1;A01
200900033674;0;2;0;0;2;1;1;B01
200900033674;0;7;0;0;2;2;15;A01
200900033675;0;33;0;16;0;0;1;A01
200900033676;0;33;0;0;2;7;17;A01
200900033676;0;7;0;0;2;8;15;B01
200900033677;0;2;0;3;0;0;1;A01
200900033678;0;7;0;0;2;4;2;B01
200900033678;0;7;0;0;2;4;1;A01
200900033678;0;7;0;0;2;1;2;C01
200900033679;0;7;0;0;2;4;2;B01
200900033679;0;7;0;0;2;1;1;A01
200900033679;0;7;0;0;2;4;2;C01
200900033680;0;1;0;0;2;4;2;B01
200900033680;0;33;0;0;2;1;1;A01
200900033681;0;2;0;0;2;8;1;B01
200900033681;0;7;0;0;2;1;9;A01
200900033682;0;33;0;0;0;0;1;A01
200900033683;0;7;0;0;2;4;1;B01
200900033683;0;2;0;0;2;1;1;A01
200900033684;0;7;0;2;0;3;1;A01
200900033685;0;7;0;2;0;2;1;A01
200900033686;0;30;0;0;2;1;1;B02
200900033686;0;7;0;0;2;3;1;C03
200900033686;0;7;0;0;9;3;11;A01
200900033687;0;7;0;0;2;1;21;B02
200900033687;0;7;0;0;2;2;21;A01
200900033688;0;7;0;4;0;9;1;A01
200900033689;0;33;0;0;2;1;1;B02
200900033689;0;21;0;0;2;3;15;A01
200900033690;0;2;0;0;2;1;17;A01
200900033690;0;2;0;0;2;4;15;B02
200900033691;0;7;0;0;2;3;2;A01
200900033691;0;30;0;0;0;0;1;B02
200900033692;0;21;0;0;2;1;1;A01
200900033692;0;3;0;0;0;4;23;B02
200900033693;0;2;0;0;2;1;1;B02
200900033693;0;7;0;0;2;2;15;A01
200900033694;0;7;0;0;2;0;1;A01
200900033694;0;30;0;12;2;0;1;B02
200900033695;0;3;0;0;1;1;1;A01
200900033696;0;17;0;0;2;3;1;B02
200900033696;0;7;0;0;2;3;13;A01
200900033697;0;7;0;0;2;1;19;A01
200900033697;0;7;0;0;2;1;1;B02
200900033698;0;7;0;0;0;1;1;A01
200900033699;0;7;0;0;2;1;1;B02
200900033699;0;7;0;0;2;1;15;A01
200900033700;0;17;0;0;2;7;14;A01
200900033700;0;7;0;0;2;8;1;B02
200900033701;0;33;0;0;2;4;1;C03
200900033701;0;7;0;0;0;4;1;A01
200900033701;0;33;0;0;2;2;1;B02
200900033702;0;38;0;0;1;1;21;A01
200900033703;0;37;0;0;2;1;1;B02
200900033703;0;7;0;0;2;8;16;A01
200900033704;0;7;0;2;0;3;1;A01
200900033705;0;7;0;0;2;3;5;A01
200900033705;0;7;0;0;2;3;0;B02
200900033706;0;7;0;0;1;3;1;A01
200900033707;0;10;0;0;1;2;1;A01
200900033708;0;7;0;0;0;1;13;A01
200900033708;0;7;0;0;0;1;1;B02
200900033709;0;30;0;0;2;1;17;A01
200900033709;0;17;0;0;1;3;1;B02
200900033710;0;10;0;3;0;0;21;A01
200900033711;0;33;0;0;2;7;1;B02
200900033711;0;7;0;0;2;7;15;A01
200900033712;0;7;0;0;2;5;2;C01
200900033712;0;7;0;0;2;2;2;A01
200900033712;0;7;0;0;2;6;2;B01
200900033713;0;7;0;0;2;3;1;B02
200900033714;0;7;0;0;2;1;1;B01
200900033714;0;7;0;0;2;8;10;A01
200900033715;0;7;0;0;2;3;15;B01
200900033715;0;2;0;0;2;2;1;A01
200900033716;0;33;0;0;2;1;0;B01
200900033716;0;33;0;0;2;1;0;A01
200900033717;0;1;0;0;2;1;1;B01
200900033717;0;7;0;0;2;7;16;A01
200900033718;0;7;0;0;2;7;16;A01
200900033718;0;2;0;0;2;1;1;B01
200900033719;0;30;0;14;0;1;0;A01
200900033720;0;2;0;0;2;1;18;A01
200900033720;0;7;0;0;2;2;16;B01
200900033721;0;7;0;0;2;8;1;B01
200900033721;0;7;0;0;2;1;1;A01
200900033722;0;7;0;0;2;2;15;A01
200900033722;0;7;0;0;2;1;1;C01
200900033722;0;7;0;0;2;1;1;B01
200900033723;0;7;0;0;0;8;15;B01
200900033723;0;30;0;0;2;1;6;A01
200900033724;0;7;0;0;2;1;0;A01
200900033724;0;7;0;0;2;1;1;B01
200900033725;0;7;0;0;2;5;0;A01
200900033725;0;1;0;0;2;1;9;B01
200900033726;0;17;0;0;2;3;1;B02
200900033726;0;7;0;0;2;3;13;A01
200900033727;0;30;0;0;2;2;15;A01
200900033727;0;7;0;0;2;1;1;B01
200900033728;0;7;0;0;2;1;0;A01
200900033728;0;7;0;0;2;8;0;B01
200900033729;0;33;0;0;2;1;0;A01
200900033729;0;7;0;0;2;4;0;B01
200900033730;0;7;0;0;2;8;1;A01
200900033730;0;30;0;0;2;1;0;B01
200900033731;0;7;0;0;2;3;15;A01
200900033731;0;1;0;0;2;1;1;B01
200900033732;0;7;0;0;2;5;1;A01
200900033732;0;3;0;0;2;1;1;B01
200900033733;0;7;0;0;1;1;9;A01
200900033734;0;7;0;8;0;1;13;A01
200900033735;0;33;0;0;0;2;16;A01
200900033736;0;7;0;4;0;1;2;A01
200900033737;0;7;0;2;0;3;1;A01
200900033738;0;33;0;0;2;1;1;B02
200900033738;0;7;0;0;2;2;15;A01
200900033739;0;7;0;0;2;1;1;B02
200900033739;0;7;0;0;2;1;5;A01
200900033740;0;7;0;14;0;3;21;A01
200900033741;0;7;0;8;0;9;1;A01
200900033742;0;7;0;0;2;4;1;C03
200900033742;0;7;0;0;2;1;1;A01
200900033742;0;7;0;0;2;4;1;B02
200900033743;0;7;0;2;0;1;1;A01
200900033744;0;36;0;0;0;0;16;A01
200900033745;0;7;0;0;2;5;15;A01
200900033745;0;1;0;0;2;1;1;B02
200900033746;0;7;0;4;0;3;1;A01
200900033747;0;15;0;0;9;3;1;C03
200900033747;0;7;0;0;0;5;23;A01
200900033747;0;7;0;0;2;3;2;B02
200900033748;0;7;0;6;0;9;1;A01
200900033749;0;14;0;0;0;4;2;A01
200900033749;0;7;0;0;2;1;2;B02
200900033750;2;7;0;0;1;1;1;A01
200900033751;0;7;0;0;2;3;1;A01
200900033751;0;17;0;0;2;3;1;B02
200900033752;0;10;0;0;2;1;1;B02
200900033752;0;7;0;0;2;8;1;A01
200900033753;0;7;0;4;0;3;13;A01
200900033753;0;7;0;0;2;8;1;B02
200900033753;0;38;0;0;2;3;1;C03
200900033754;0;7;0;0;2;3;13;A01
200900033754;0;7;0;0;2;3;1;B02
200900033755;0;36;0;13;0;9;0;A01
200900033756;0;7;0;0;1;3;1;A01
200900033757;0;7;0;2;0;1;15;A01
200900033758;0;10;0;0;1;7;1;A01
200900033759;0;7;0;0;2;2;14;B02
200900033759;0;10;0;0;0;6;1;A01
200900033760;0;7;0;0;2;3;13;A01
200900033760;0;7;0;0;2;2;1;B02
200900033761;0;7;0;0;2;3;15;A01
200900033761;0;2;0;0;2;1;1;B01
200900033762;0;7;0;0;1;1;1;A01
200900033763;0;33;0;0;0;0;1;A01
200900033764;0;7;0;0;2;1;1;B01
200900033764;0;7;0;0;2;2;15;A01
200900033765;0;7;0;0;2;1;0;A01
200900033765;0;7;0;0;2;4;0;B01
200900033766;0;33;0;0;2;1;17;B02
200900033766;0;7;0;0;2;1;0;D04
200900033766;0;7;0;0;0;0;0;A01
200900033766;0;7;0;0;2;1;0;C03
200900033767;0;7;0;0;1;1;1;A01
200900033768;0;7;0;0;2;3;1;B02
200900033768;0;10;0;0;2;3;1;C03
200900033768;0;7;0;0;2;1;13;A01
200900033769;0;7;0;1;0;3;13;A01
200900033770;0;30;0;11;0;8;1;A01
200900033771;0;7;0;0;2;3;17;A01
200900033771;0;7;0;0;2;6;1;B02
200900033772;0;7;0;0;2;1;0;B02
200900033772;0;7;0;0;0;7;19;A01
200900033773;0;2;0;1;0;1;13;A01
200900033774;0;7;0;0;2;7;18;A01
200900033774;0;7;0;0;2;2;1;B02
200900033775;0;1;0;0;0;3;1;B02
200900033775;0;7;0;0;2;7;16;A01
200900033776;0;33;0;0;2;1;17;B02
200900033776;0;17;0;0;2;8;10;A01
200900033777;0;7;0;0;2;1;1;B02
200900033777;0;7;0;0;0;1;5;A01
200900033777;0;7;0;0;1;1;1;C03
200900033778;0;31;0;0;2;1;1;A01
200900033778;0;7;0;0;2;2;15;B02
200900033779;0;7;0;0;1;2;1;A01
200900033780;0;7;0;8;0;1;1;A01
200900033781;0;7;0;1;0;2;1;A01
200900033782;0;31;0;0;2;3;21;B02
200900033782;0;7;0;0;2;4;15;A01
200900033783;0;7;0;0;0;2;19;A01
200900033783;0;30;0;0;2;1;1;B02
200900033784;0;2;0;2;0;1;0;A01
200900033785;0;7;0;13;0;9;1;A01
200900033786;0;7;0;0;2;1;1;B02
200900033786;0;7;0;0;2;6;1;A01
200900033787;0;2;0;0;2;1;13;A01
200900033788;0;15;0;0;0;7;1;A01
200900033789;0;7;0;0;2;8;1;B02
200900033789;0;7;0;0;2;1;1;A01
200900033790;0;7;0;0;2;2;1;B02
200900033790;0;30;0;0;2;3;1;A01
200900033791;0;7;0;0;2;6;4;A01
200900033791;0;33;0;0;2;1;1;B02
200900033792;0;7;0;2;0;8;1;A01
200900033793;0;7;0;0;2;1;13;A01
200900033793;0;7;0;0;2;3;1;B02
200900033794;0;7;0;0;2;2;1;B02
200900033794;0;1;0;0;2;1;1;A01
200900033795;0;7;0;3;0;1;13;A01
200900033796;0;7;0;16;0;9;1;A01
200900033797;0;30;0;0;1;1;17;A01
200900033798;0;7;0;0;2;2;19;A01
200900033798;0;7;0;0;2;3;1;B02
200900033799;0;7;0;2;0;1;1;A01
200900033800;0;30;0;0;2;1;21;B02
200900033800;0;7;0;0;0;5;10;A01
200900033801;0;14;0;0;0;8;10;A01
200900033801;0;31;0;0;2;7;1;B02
200900033802;0;7;0;0;2;3;6;A01
200900033802;0;7;0;0;2;1;1;B02
200900033803;0;33;0;0;2;1;1;B02
200900033803;0;21;0;0;2;8;1;A01
200900033804;0;7;0;0;1;3;15;A01
200900033805;0;7;0;0;1;7;1;A01
200900033806;0;30;0;0;0;1;1;B02
200900033806;0;10;0;0;0;3;0;A01
200900033807;0;2;0;0;2;1;17;B02
200900033807;0;7;0;0;2;6;11;A01
200900033808;0;7;0;0;0;9;1;A01
200900033809;0;30;0;2;0;1;1;A01
200900033810;0;7;0;0;0;1;1;A01
200900033810;0;7;0;0;0;4;1;B02
200900033811;0;7;0;0;1;3;0;A01
200900033812;0;7;0;0;2;1;1;A01
200900033812;0;3;0;0;2;1;1;B01
200900033813;0;33;0;0;0;0;1;A01
200900033814;0;7;0;1;0;1;1;A01
200900033815;1;7;0;0;1;2;1;A01
200900033816;0;7;0;0;2;3;1;B01
200900033816;0;7;0;0;2;3;13;A01
200900033817;0;7;0;13;0;1;1;A01
200900033818;0;7;0;2;0;3;1;A01
200900033819;0;7;0;16;0;9;14;A01
200900033820;0;33;0;2;0;2;13;A01
200900033821;0;7;0;0;2;8;19;A01
200900033821;0;7;0;0;2;2;1;B02
200900033822;0;10;0;13;0;1;13;A01
200900033823;0;7;0;3;2;1;13;A01
200900033823;0;7;0;0;2;5;1;C03
200900033823;0;7;0;0;2;1;1;B02
200900033824;0;7;0;13;0;8;1;A01
200900033825;0;7;0;10;0;1;13;A01
200900033826;0;7;0;2;0;1;1;A01
200900033827;0;10;0;0;2;3;13;A01
200900033827;0;7;0;13;2;1;1;B01
200900033828;0;7;0;0;2;1;1;A01
200900033828;0;7;0;0;0;7;15;B01
200900033829;0;7;0;0;0;7;10;B01
200900033829;0;33;0;0;2;1;17;A01
200900033830;0;7;0;3;2;3;13;A01
200900033830;0;7;0;0;2;1;1;B02
200900033831;0;2;0;0;0;0;1;A01
200900033832;0;7;0;0;2;1;1;B02
200900033832;0;7;0;3;2;6;13;A01
200900033833;0;7;0;0;2;3;15;B02
200900033833;0;2;0;0;2;1;17;A01
200900033834;0;7;0;0;2;0;13;A01
200900033834;0;15;0;0;2;1;1;B02
200900033835;0;7;0;2;0;1;1;A01
200900033836;0;33;0;13;0;8;17;A01
200900033837;0;7;0;13;0;3;13;A01
200900033838;0;7;0;0;2;1;15;A01
200900033838;0;2;0;0;2;7;1;B02
200900033839;0;33;0;0;2;1;1;B02
200900033839;0;7;0;0;2;1;15;A01
200900033840;0;7;0;0;1;2;1;A01
200900033841;0;10;0;0;1;5;4;A01
200900033842;1;7;0;0;1;0;0;A01
200900033843;0;7;0;0;2;7;17;B02
200900033843;0;1;0;0;2;8;15;A01
200900033844;0;30;0;0;1;1;21;A01
200900033845;0;15;0;0;2;7;1;B01
200900033845;0;2;0;0;2;1;9;A01
200900033846;0;33;0;16;0;9;0;A01
200900033847;0;7;0;0;2;1;1;B01
200900033847;0;7;0;0;2;6;23;A01
200900033848;0;7;0;0;2;1;13;A01
200900033848;0;7;0;0;2;1;1;B01
200900033848;0;7;0;0;2;1;1;C01
200900033849;0;7;0;0;2;2;1;B02
200900033849;0;7;0;0;2;5;10;A01
200900033850;0;7;0;0;2;3;1;A01
200900033850;0;7;0;0;2;3;6;B02
200900033851;0;7;0;0;2;8;15;A01
200900033851;0;33;0;0;2;7;17;B02
200900033852;0;36;0;0;2;3;0;A01
200900033852;0;30;0;1;2;2;1;B02
200900033853;0;7;0;0;2;1;1;A01
200900033853;0;7;0;0;2;6;1;C03
200900033853;0;7;0;0;2;1;1;B02
200900033854;0;31;0;0;2;1;13;A01
200900033854;0;7;0;0;2;1;1;B02
200900033855;0;1;0;13;2;4;1;C03
200900033855;1;7;0;0;9;2;1;A01
200900033855;0;2;0;13;2;6;1;B02
200900033856;0;7;0;13;0;7;2;A01
200900033857;0;7;0;0;2;1;2;B01
200900033857;0;7;0;0;0;4;1;A01
200900033858;0;7;0;1;0;2;1;A01
200900033859;0;7;0;4;0;2;1;A01
200900033860;0;7;0;0;0;0;1;A01
200900033861;0;7;0;0;0;5;23;A01
200900033861;0;7;0;0;2;2;21;C01
200900033861;0;7;0;0;0;6;1;B01
200900033862;0;7;0;4;0;2;0;A01
200900033863;0;33;0;0;0;0;17;A01
200900033864;0;7;0;0;2;9;1;A01
200900033864;0;7;0;0;0;1;1;C01
200900033864;0;7;0;0;2;8;1;B01
200900033865;0;7;0;0;2;1;1;B02
200900033865;0;7;0;0;2;1;13;A01
200900033865;0;7;0;0;2;8;1;C03
200900033866;0;7;0;12;0;1;1;A01
200900033867;0;7;0;0;2;1;1;B01
200900033867;0;7;0;0;2;8;9;A01
200900033868;0;7;0;0;2;1;1;B02
200900033868;0;7;0;0;2;5;1;A01
200900033869;0;7;0;0;2;1;2;B01
200900033869;0;7;0;0;2;4;2;A01
200900033870;0;7;0;0;0;9;2;A01
200900033870;0;7;0;3;2;2;2;B01
200900033870;0;7;0;0;0;1;2;C01
200900033871;0;15;0;0;2;1;1;B01
200900033871;0;7;0;0;2;1;1;D01
200900033871;0;7;0;0;2;8;9;A01
200900033871;0;7;0;0;2;2;1;C01
200900033872;0;7;0;0;0;0;0;A01
200900033872;0;7;0;0;0;0;0;B01
200900033873;0;7;0;0;2;1;1;B01
200900033873;0;7;0;0;2;1;1;A01
200900033874;0;7;0;0;2;1;13;A01
200900033874;0;7;0;0;2;1;0;B01
200900033875;0;7;0;0;1;4;4;A01
200900033876;0;7;0;6;0;2;1;A01
200900033877;0;7;0;14;0;1;2;B01
200900033877;0;17;0;0;0;0;0;A01
200900033878;0;7;0;4;0;1;0;A01
200900033879;0;7;0;0;0;0;0;B01
200900033879;0;2;0;0;0;0;0;A01
200900033880;0;7;0;0;2;3;15;B02
200900033880;0;1;0;0;2;1;1;A01
200900033881;0;7;0;0;2;3;13;B01
200900033881;0;99;0;0;2;5;24;A01
200900033882;0;7;0;3;0;2;2;A01
200900033883;0;33;0;0;0;0;0;A01
200900033884;0;7;0;0;2;4;1;B01
200900033884;0;15;0;0;2;4;1;A01
200900033884;0;7;0;0;2;1;1;C01
200900033885;0;7;0;0;2;1;0;A01
200900033885;0;7;0;15;0;3;1;B01
200900033886;0;10;0;9;0;1;0;A01
200900033887;0;7;0;2;0;3;19;A01
200900033888;0;10;0;0;1;2;1;A01
200900033889;0;7;0;0;1;1;1;A01
200900033889;0;7;0;0;1;3;23;B01
200900033890;0;34;0;0;2;2;3;A01
200900033890;0;7;0;0;2;5;0;B01
200900033891;0;7;0;0;0;6;11;B01
200900033891;0;33;0;0;2;2;1;A01
200900033892;0;7;0;3;0;8;1;A01
200900033893;0;14;0;0;0;4;1;A01
200900033893;0;15;0;0;2;1;1;B01
200900033894;0;7;0;0;2;1;1;B02
200900033894;0;33;0;0;2;1;17;A01
200900033895;0;33;0;0;0;0;1;B01
200900033895;0;7;0;0;0;0;11;A01
200900033896;0;7;0;0;0;9;2;A01
200900033897;0;33;0;0;0;1;1;A01
200900033898;0;7;0;0;0;0;11;B01
200900033898;0;33;0;4;0;8;2;A01
200900033899;0;7;0;0;2;6;0;B01
200900033899;0;33;0;0;2;5;0;A01
200900033900;0;7;0;0;2;7;1;A01
200900033900;0;7;0;0;2;3;21;B01
200900033901;0;7;0;0;2;2;1;B01
200900033901;0;7;0;1;2;7;9;A01
200900033902;0;7;0;0;2;8;11;A01
200900033902;0;33;0;0;2;7;3;B01
200900033903;0;13;0;0;2;7;12;A01
200900033903;0;7;0;0;2;8;1;B01
200900033904;0;14;0;1;1;1;20;A01
200900033905;0;7;0;4;0;3;2;A01
200900033906;0;7;0;3;0;3;11;A01
200900033906;0;33;0;0;2;1;18;B01
200900033907;0;1;0;0;2;1;19;A01
200900033907;0;7;0;0;0;7;0;B01
200900033908;0;7;0;4;0;3;13;A01
200900033909;0;7;0;0;0;4;2;A01
200900033909;0;7;0;0;2;4;2;C01
200900033909;0;7;0;0;2;1;2;B01
200900033909;0;7;0;0;2;1;2;D01
200900033910;0;7;0;0;2;3;13;A01
200900033910;0;7;0;0;2;7;0;B01
200900033911;0;7;0;0;1;3;1;A01
200900033912;0;32;0;0;0;7;2;A01
200900033913;0;10;0;3;2;3;6;B01
200900033913;0;7;0;0;2;8;1;A01
200900033914;0;7;0;0;2;8;2;A01
200900033915;0;7;0;10;0;3;13;A01
200900033916;0;7;0;0;1;3;16;A01
200900033917;0;7;0;0;2;3;20;B01
200900033917;0;2;0;0;2;1;17;A01
200900033918;0;33;0;0;0;0;1;A01
200900033919;0;7;0;0;1;4;0;A01
200900033920;0;7;0;0;0;0;0;A01
200900033920;0;13;0;0;0;0;0;B01
200900033921;0;7;0;0;2;2;1;A01
200900033921;0;10;0;0;2;2;1;B01
200900033922;0;1;0;0;2;0;1;B01
200900033922;0;1;0;0;2;4;9;A01
200900033923;0;7;0;0;1;1;15;A01
200900033924;0;7;0;0;2;1;1;B01
200900033924;0;7;0;0;2;6;23;A01
200900033925;0;7;0;0;2;1;15;B01
200900033925;0;37;1;0;2;2;1;A01
200900033926;0;7;0;0;2;4;2;B01
200900033926;0;7;0;0;2;1;2;A01
200900033927;0;2;0;0;2;1;1;B01
200900033927;0;7;0;0;2;3;10;A01
200900033928;0;7;0;0;1;1;1;A01
200900033929;0;7;0;0;1;1;0;A01
200900033930;0;7;0;0;1;1;15;A01
200900033931;0;7;0;0;1;0;2;A01
200900033932;0;7;0;0;0;9;16;A01
200900033933;0;38;1;0;2;1;2;A01
200900033933;0;7;0;0;0;4;2;B01
200900033934;0;7;0;0;2;1;2;A01
200900033934;0;7;0;0;2;4;2;B01
200900033935;0;30;0;0;0;4;15;A01
200900033935;0;37;1;0;0;1;1;B01
200900033936;0;7;0;0;2;1;1;A01
200900033936;0;7;0;0;2;4;1;B01
200900033937;0;33;0;0;2;1;18;B01
200900033937;0;7;0;0;2;2;15;A01
200900033938;0;7;0;0;1;1;16;A01
200900033939;0;7;0;0;2;1;15;B01
200900033939;0;34;0;0;2;8;1;A01
200900033940;0;37;1;0;1;5;1;A01
200900033941;0;7;0;4;0;2;17;A01
200900033942;0;7;0;;2;1;1;B01
200900033942;0;7;0;;2;2;6;A01
200900033943;0;7;0;;2;3;15;B02
200900033943;0;7;0;;2;2;17;A01
200900033944;0;7;0;0;1;0;1;A01
200900033945;0;7;0;9;2;4;16;B01
200900033945;0;7;0;0;2;1;1;A01
200900033946;0;7;0;8;0;1;1;A01
200900033947;0;7;0;0;1;1;1;A01
200900033948;0;7;0;0;1;1;1;A01
200900033949;0;7;0;0;1;0;1;A01
200900033950;0;7;0;0;2;1;2;C01
200900033950;0;7;0;0;2;1;0;B01
200900033950;0;7;0;0;2;2;0;A01
200900033951;0;7;0;0;2;1;1;A01
200900033951;0;7;0;0;0;4;1;B01
200900033952;0;7;0;1;0;1;2;A01
200900033953;2;7;0;0;2;1;2;A01
200900033953;0;7;0;0;2;4;2;B01
200900033954;0;33;0;0;2;1;1;B01
200900033954;0;7;0;0;2;2;15;A01
200900033955;1;10;0;0;1;2;15;A01
200900033956;0;7;0;0;0;6;10;B01
200900033956;1;7;0;0;2;1;1;A01
200900033957;1;7;0;0;1;1;0;A01
200900033958;0;7;0;0;2;7;1;A01
200900033958;0;7;0;0;2;3;1;B01
200900033959;0;10;0;0;9;8;1;A01
200900033960;0;2;0;0;0;0;0;A01
200900033961;0;7;0;0;0;7;1;A01
200900033961;0;2;0;0;2;1;1;B01
200900033962;0;7;0;0;2;3;13;A01
200900033962;0;7;0;0;2;3;1;B01
200900033963;0;2;0;0;2;3;1;B01
200900033963;0;7;0;0;2;3;15;A01
200900033964;0;7;0;0;0;0;0;A01
200900033964;0;2;0;0;0;0;0;B01
200900033965;0;7;0;0;1;1;0;A01
200900033966;0;7;0;0;2;8;10;B01
200900033966;0;33;0;0;2;3;1;A01
200900033967;0;7;0;1;0;7;1;A01
200900033967;0;7;0;15;0;8;24;B01
200900033968;0;33;0;0;2;1;1;A01
200900033968;0;7;0;0;2;4;23;B01
200900033969;0;33;0;0;2;5;0;A01
200900033969;1;7;0;0;2;4;0;B01
200900033970;0;1;0;0;1;0;0;A01
200900033971;0;7;0;0;0;4;2;A01
200900033971;0;7;0;0;2;2;2;B01
200900033972;0;7;0;0;2;4;23;B01
200900033972;0;7;0;0;2;1;1;A01
200900033973;0;7;0;0;2;1;0;A01
200900033973;0;7;0;0;2;4;0;B01
200900033974;0;7;0;1;0;2;19;A01
200900033974;0;17;0;0;2;6;24;B01
200900033975;0;33;0;0;2;1;1;B01
200900033975;1;7;0;0;2;5;15;A01
200900033976;0;1;0;0;1;0;0;A01
200900033977;0;2;0;0;5;1;0;A01
200900033978;0;7;0;0;1;1;1;A01
200900033979;0;7;0;6;2;3;0;A01
200900033979;0;7;0;0;2;1;1;B01
200900033980;0;32;0;0;2;1;1;B01
200900033980;0;7;0;0;2;1;9;A01
200900033980;0;7;0;0;2;6;1;C01
200900033981;0;7;0;0;2;4;2;B01
200900033981;0;7;0;0;2;1;1;A01
200900033982;0;7;0;0;2;2;0;A01
200900033982;0;7;0;0;2;3;0;B01
200900033983;0;33;0;0;0;0;1;A01
200900033984;0;7;0;0;0;0;0;A01
200900033984;0;7;0;0;0;0;0;B01
200900033985;0;33;0;14;2;1;21;B01
200900033985;0;33;0;14;2;7;21;A01
200900033986;0;7;0;0;0;0;0;A01
200900033986;0;30;0;0;0;0;0;B01
200900033987;0;7;0;0;1;2;1;A01
200900033988;0;7;0;0;1;8;0;A01
200900033989;0;7;0;0;2;3;1;B01
200900033989;0;2;0;0;2;5;1;A01
200900033990;0;7;0;0;2;1;1;B01
200900033990;0;7;0;0;0;7;15;A01
200900033991;0;7;0;0;1;3;15;A01
200900033992;0;7;0;0;2;1;1;B01
200900033992;0;7;0;0;2;1;9;A01
200900033993;0;32;0;1;2;1;21;B01
200900033993;1;32;0;0;2;8;15;A01
200900033994;0;7;0;0;2;2;1;A01
200900033994;0;7;0;0;2;3;15;B01
200900033995;0;7;0;1;2;1;21;B01
200900033995;0;10;0;0;2;2;1;A01
200900033996;0;7;0;0;0;3;16;B01
200900033996;0;7;0;0;2;3;13;A01
200900033997;0;7;0;0;1;1;1;A01
200900033998;0;7;0;0;0;1;1;B01
200900033998;0;7;0;0;2;2;15;A01
200900033999;0;7;0;0;1;1;1;A01
200900034000;0;7;0;0;2;3;10;A01
200900034000;0;32;0;0;2;1;21;B01
200900034001;0;38;46;0;0;5;1;A01
200900034002;0;33;0;0;2;2;2;A01
200900034002;0;7;0;0;0;8;2;B01
200900034003;0;14;0;0;2;1;2;A01
200900034003;0;7;0;0;0;4;11;B01
200900034004;0;14;0;0;2;2;2;B01
200900034004;0;7;0;0;2;8;9;A01
200900034005;0;33;0;12;2;1;18;B02
200900034005;0;7;0;0;0;5;13;A01
200900034006;0;33;0;0;0;7;1;A01
200900034007;0;10;0;0;2;1;1;B02
200900034007;0;10;0;0;2;8;13;A01
200900034008;0;33;0;13;2;1;1;B01
200900034008;1;7;0;0;2;5;12;A01
200900034009;0;31;0;0;0;1;0;A01
200900034010;0;7;0;0;2;2;17;A01
200900034010;0;7;0;0;2;3;9;B01
200900034011;0;34;0;1;0;8;1;A01
200900034012;0;7;0;0;1;1;1;A01
200900034013;0;7;0;0;2;1;1;A01
200900034013;0;34;0;0;2;1;0;B01
200900034014;0;32;0;0;2;1;17;A01
200900034014;0;7;0;0;2;1;9;B01
200900034015;0;2;0;0;2;1;17;B02
200900034015;0;7;0;0;2;6;15;A01
200900034016;0;7;0;0;2;1;1;B01
200900034016;0;7;0;0;2;1;15;A01
200900034017;0;7;0;0;2;4;4;A01
200900034017;0;7;0;0;2;8;1;B01
200900034018;0;7;0;0;1;2;1;A01
200900034019;0;33;0;0;2;1;3;B01
200900034019;0;7;0;0;2;5;2;A01
200900034020;0;7;0;0;2;3;15;B01
200900034020;0;31;0;0;2;3;1;A01
200900034021;0;7;0;0;2;1;2;A01
200900034021;0;15;0;0;2;4;2;B01
200900034022;0;2;0;0;2;2;1;A01
200900034022;0;7;0;0;9;1;15;B02
200900034023;0;33;0;13;0;7;2;A01
200900034024;0;33;0;0;2;1;2;B02
200900034024;0;7;0;0;2;4;2;A01
200900034025;0;7;0;0;0;5;1;A01
200900034025;0;15;0;0;0;3;11;B02
200900034026;0;7;0;0;0;4;2;B01
200900034026;0;7;0;0;2;1;2;A01
200900034027;0;7;0;0;0;0;2;C01
200900034027;0;7;0;0;2;1;2;B01
200900034027;0;7;0;0;0;4;0;A01
200900034028;0;7;0;0;2;2;15;A01
200900034028;0;2;0;0;2;1;1;B02
200900034029;0;7;0;3;0;1;14;A01