num_acc;senc;catv;occutc;obs;obsm;choc;manv;num_veh
200900034030;0;15;0;0;2;8;1;B01
200900034030;0;7;0;3;2;8;2;A01
200900034031;0;14;0;0;2;2;1;A01
200900034031;0;30;0;0;2;8;15;B02
200900034032;0;7;0;0;2;3;1;C03
200900034032;0;7;0;0;2;3;1;B02
200900034032;0;7;0;0;2;2;15;A01
200900034033;0;7;0;0;9;8;21;A01
200900034034;0;7;0;0;2;3;13;A01
200900034034;0;7;0;0;2;2;1;B02
200900034035;0;33;0;0;0;7;1;A01
200900034036;0;33;0;0;0;0;12;A01
200900034037;0;33;0;0;0;7;13;A01
200900034038;0;7;0;0;0;7;12;A01
200900034038;0;7;0;0;2;3;2;B01
200900034039;0;30;0;0;2;1;17;A01
200900034039;0;7;0;0;2;1;1;B02
200900034040;0;7;0;0;2;2;0;A01
200900034040;0;7;0;4;2;6;0;B01
200900034041;0;7;0;4;0;2;2;A01
200900034042;0;33;0;16;0;9;1;A01
200900034043;0;10;0;0;2;4;2;B01
200900034043;0;7;0;0;0;4;2;C01
200900034043;0;7;0;0;2;1;1;A01
200900034044;0;7;0;0;2;6;11;A01
200900034044;0;7;0;3;2;7;2;B01
200900034045;0;33;0;0;2;3;3;C01
200900034045;0;7;0;0;2;7;1;B01
200900034045;0;7;0;0;2;4;1;A01
200900034046;0;7;0;0;2;5;2;B01
200900034046;0;7;0;3;2;2;0;A01
200900034047;0;7;0;4;0;8;21;A01
200900034048;0;7;0;0;0;4;2;A01
200900034048;0;7;0;0;2;8;2;C01
200900034048;0;33;0;0;2;1;2;B01
200900034049;0;33;0;0;2;1;1;A01
200900034049;0;7;0;0;0;6;11;B01
200900034050;0;33;0;0;5;1;2;A01
200900034051;0;7;0;0;0;3;13;B02
200900034051;0;7;0;0;0;3;1;A01
200900034052;0;7;0;4;0;1;21;A01
200900034053;0;7;0;0;2;1;1;A01
200900034053;0;7;0;0;2;4;1;C01
200900034053;0;7;0;0;2;4;1;B01
200900034054;0;7;0;2;0;3;2;A01
200900034055;0;7;0;1;0;2;14;A01
200900034055;0;7;0;0;0;3;24;B01
200900034056;0;7;0;0;2;1;1;A01
200900034056;0;15;0;0;2;3;1;C01
200900034056;0;7;0;0;2;4;1;B01
200900034057;0;7;0;0;0;4;2;A01
200900034057;0;10;0;0;2;1;2;B01
200900034058;0;7;0;3;0;0;0;A01
200900034059;0;7;0;4;0;1;1;A01
200900034060;0;7;0;1;0;2;1;A01
200900034060;0;1;0;1;0;1;0;B02
200900034061;0;7;0;0;2;6;9;B01
200900034061;0;33;0;0;2;3;3;A01
200900034062;0;7;0;0;2;1;12;A01
200900034062;0;10;0;0;2;4;1;B01
200900034062;0;15;0;0;0;7;23;C01
200900034063;0;7;0;13;0;2;17;A01
200900034064;0;7;0;0;1;2;1;A01
200900034065;0;30;0;0;2;2;1;A01
200900034065;0;7;0;0;2;3;1;B01
200900034066;0;7;0;0;2;7;1;A01
200900034066;0;30;0;0;2;1;1;B01
200900034067;0;7;0;0;2;1;1;A01
200900034067;0;10;0;0;0;0;24;C01
200900034067;0;7;0;0;2;2;1;B01
200900034068;0;7;0;0;1;1;1;A01
200900034069;0;7;0;0;2;3;16;B01
200900034069;0;33;0;0;2;2;1;A01
200900034070;0;2;0;0;2;8;1;B01
200900034070;0;7;0;0;2;2;10;A01
200900034071;0;2;0;0;2;1;1;A01
200900034071;0;7;0;0;2;7;1;B01
200900034072;0;2;0;0;2;3;13;A01
200900034072;0;7;0;0;2;4;0;B01
200900034073;0;7;0;0;2;7;16;A01
200900034073;0;33;0;0;2;8;1;B01
200900034074;0;34;0;0;2;1;1;B01
200900034074;0;7;0;0;2;6;10;A01
200900034075;0;7;0;0;1;1;0;A01
200900034076;0;7;0;0;2;5;2;C01
200900034076;0;7;0;0;2;1;2;A01
200900034076;0;7;0;0;2;9;2;B01
200900034076;0;7;0;0;2;3;5;D01
200900034077;0;7;0;0;0;4;23;B01
200900034077;0;10;0;0;2;1;1;A01
200900034078;1;7;0;0;1;2;1;A01
200900034079;0;32;0;0;1;2;1;A01
200900034080;0;7;0;0;2;3;15;B01
200900034080;0;31;0;0;2;2;2;A01
200900034081;0;33;0;0;2;4;1;B01
200900034081;0;7;0;0;2;1;2;A01
200900034082;0;30;0;0;1;1;1;A01
200900034083;0;7;0;0;1;8;16;A01
200900034084;0;7;0;0;2;4;23;B01
200900034084;0;7;0;0;2;4;23;C01
200900034084;0;7;0;0;2;1;1;A01
200900034085;0;33;0;0;2;8;1;A01
200900034085;0;7;0;0;2;1;15;B01
200900034086;0;7;0;0;1;2;0;A01
200900034087;0;37;10;0;0;0;1;A01
200900034088;0;7;0;0;2;3;22;A01
200900034088;0;30;0;0;2;1;1;B01
200900034089;0;7;0;0;2;8;1;A01
200900034089;0;32;0;0;2;7;17;B01
200900034090;0;33;0;0;1;1;7;A01
200900034091;0;10;0;0;1;2;0;A01
200900034092;0;7;0;0;0;0;0;A01
200900034093;0;7;0;0;2;8;11;B01
200900034093;0;32;0;0;2;2;3;A01
200900034094;0;7;0;0;2;7;12;A01
200900034094;0;32;0;0;2;3;3;B01
200900034095;0;31;0;0;2;1;2;A01
200900034095;0;7;0;0;0;6;1;B01
200900034095;0;7;0;0;0;4;21;C01
200900034096;0;10;0;0;2;6;11;A01
200900034096;0;33;0;0;2;2;1;B01
200900034097;0;33;0;14;0;1;2;A01
200900034097;0;7;0;0;2;4;1;B01
200900034098;0;15;0;0;2;7;12;B01
200900034098;0;7;0;4;2;8;9;A01
200900034099;0;7;0;0;0;4;2;B01
200900034099;0;7;0;0;2;1;2;A01
200900034100;0;10;0;0;2;1;2;A01
200900034100;0;7;0;0;0;4;2;B01
200900034101;0;34;0;0;2;1;1;A01
200900034101;0;7;0;0;0;5;12;B01
200900034102;0;7;0;0;2;1;2;B01
200900034102;0;7;0;0;0;4;2;C01
200900034102;0;7;0;0;2;1;2;A01
200900034103;0;33;0;0;2;8;11;B01
200900034103;0;33;0;0;2;7;1;A01
200900034104;0;7;0;0;1;0;0;A01
200900034105;0;7;0;0;2;1;1;B01
200900034105;0;7;0;0;2;8;10;A01
200900034106;0;7;0;0;1;1;16;A01
200900034107;0;7;0;0;2;7;1;A01
200900034107;0;30;0;0;2;8;1;B01
200900034108;0;32;0;0;2;7;17;B01
200900034108;0;7;0;0;2;1;13;A01
200900034109;0;7;0;0;1;1;0;A01
200900034110;0;7;0;0;0;1;1;A01
200900034111;0;1;0;0;0;0;0;C01
200900034111;0;13;0;0;0;2;0;B01
200900034111;1;7;0;0;2;0;0;A01
200900034112;0;7;0;0;2;3;9;A01
200900034112;0;33;0;0;0;0;0;B01
200900034113;0;7;0;0;2;2;9;A01
200900034113;0;32;0;0;2;1;1;B01
200900034114;0;7;0;0;1;2;1;A01
200900034115;0;7;0;0;2;1;0;A01
200900034115;0;7;0;0;2;4;0;B01
200900034116;0;30;0;3;0;7;0;A01
200900034117;0;30;0;1;0;1;0;A01
200900034117;0;14;0;0;2;4;0;B01
200900034118;0;7;0;0;2;1;1;A01
200900034118;0;7;0;0;2;4;23;B01
200900034119;0;7;0;0;1;2;16;A01
200900034120;0;7;0;0;2;4;2;C01
200900034120;0;7;0;0;2;1;2;A01
200900034120;0;7;0;0;2;9;2;B01
200900034121;0;7;0;0;1;1;1;A01
200900034122;0;7;0;0;2;1;2;A01
200900034122;0;33;0;0;2;4;1;B01
200900034123;0;33;0;0;2;1;1;B01
200900034123;0;7;0;0;2;3;9;A01
200900034124;0;7;0;0;2;3;15;B01
200900034124;0;33;0;0;2;7;17;A01
200900034125;0;33;0;0;0;7;1;A01
200900034126;0;33;0;0;0;0;0;B01
200900034126;0;10;0;1;0;0;0;A01
200900034127;0;7;0;0;0;0;1;A01
200900034128;0;7;0;0;0;0;1;A01
200900034129;0;7;0;0;2;3;1;A01
200900034129;0;7;0;0;2;7;15;B01
200900034130;0;7;0;0;0;4;23;A01
200900034130;0;7;0;0;2;1;1;B01
200900034131;0;1;0;0;9;4;2;B01
200900034131;0;1;0;0;9;1;2;A01
200900034132;0;7;0;0;1;7;0;A01
200900034133;0;32;0;1;2;2;1;B01
200900034133;0;7;0;0;0;5;1;C01
200900034133;0;7;0;0;0;8;22;A01
200900034134;0;7;0;0;0;0;1;A01
200900034135;0;2;0;0;1;1;1;A01
200900034136;0;33;0;0;2;1;1;A01
200900034137;0;1;0;0;2;1;5;A01
200900034137;0;7;0;0;2;7;20;B01
200900034138;0;7;0;11;0;1;1;A01
200900034139;0;7;0;0;1;2;1;A01
200900034140;0;7;0;0;0;0;10;A01
200900034140;0;32;0;0;2;0;2;B01
200900034141;0;32;0;0;1;1;2;A01
200900034142;0;33;0;0;2;1;17;A01
200900034142;0;1;0;0;2;1;1;B01
200900034143;0;14;0;0;2;2;16;A01
200900034143;0;2;0;0;2;8;1;B01
200900034144;0;7;0;15;0;2;1;A01
200900034145;0;7;0;1;2;9;13;A01
200900034145;0;7;0;0;2;1;1;B01
200900034146;0;32;0;0;1;1;1;A01
200900034147;0;7;0;0;2;6;10;A01
200900034147;0;7;0;0;2;1;1;B01
200900034148;1;7;0;0;2;1;15;B01
200900034148;0;1;0;0;2;1;15;A01
200900034149;0;7;0;0;1;6;4;A01
200900034150;0;7;0;1;0;2;2;A01
200900034151;0;7;0;0;2;7;0;A01
200900034151;0;1;0;0;2;7;0;B01
200900034152;0;34;0;0;2;1;1;B01
200900034152;0;7;0;0;2;5;15;A01
200900034153;0;7;0;0;2;1;2;A01
200900034153;0;7;0;0;1;9;2;B01
200900034154;0;7;0;0;2;6;1;B01
200900034154;0;32;0;0;2;4;13;A01
200900034155;0;7;0;0;1;1;15;A01
200900034156;0;7;0;2;0;2;1;A01
200900034157;0;2;0;0;0;2;1;A01
200900034158;0;33;0;12;2;1;2;B01
200900034158;1;99;0;0;2;7;12;A01
200900034159;0;7;0;0;1;3;1;A01
200900034160;0;31;0;0;0;7;1;A01
200900034161;0;10;0;0;2;2;20;A01
200900034161;0;2;0;0;2;8;1;B01
200900034162;0;32;0;0;9;0;15;A01
200900034163;1;7;0;1;1;1;2;A01
200900034164;0;32;0;1;0;2;1;A01
200900034165;0;7;0;0;2;4;4;A01
200900034165;0;2;0;0;2;1;2;B01
200900034166;0;32;0;0;0;0;1;A01
200900034167;0;7;0;11;0;3;13;A01
200900034168;0;7;0;0;2;3;13;A01
200900034168;0;33;0;0;2;1;1;B01
200900034169;0;2;0;0;0;1;0;A01
200900034170;0;30;0;0;2;1;2;B01
200900034170;1;30;0;0;2;4;15;A01
200900034171;0;7;0;0;4;2;1;A01
200900034171;0;2;0;0;2;2;9;B01
200900034172;0;7;0;1;0;2;1;A01
200900034173;0;2;0;0;1;1;0;A01
200900034174;0;33;0;0;2;8;1;B01
200900034174;1;7;0;0;2;2;16;A01
200900034175;0;7;0;0;2;8;0;A01
200900034175;0;32;0;0;2;4;1;B01
200900034176;0;2;0;0;0;7;1;A01
200900034177;0;31;0;0;2;7;17;A01
200900034177;0;7;0;0;2;3;15;B01
200900034178;0;7;0;0;2;1;15;A01
200900034178;0;33;0;0;2;8;1;B01
200900034179;0;7;0;0;2;1;1;A01
200900034179;0;7;0;0;1;4;2;B01
200900034180;0;7;0;0;1;1;2;A01
200900034181;0;7;0;0;2;1;2;A01
200900034181;0;7;0;0;2;5;23;B01
200900034182;0;32;0;0;0;8;21;A01
200900034183;0;7;0;0;1;1;2;A01
200900034184;0;7;0;0;9;3;13;A01
200900034184;0;33;0;0;2;7;2;B01
200900034185;0;7;0;0;2;3;15;B01
200900034185;0;33;0;0;2;1;15;A01
200900034186;0;10;0;0;1;2;1;A01
200900034187;0;2;0;0;0;8;1;A01
200900034188;0;32;0;0;2;1;1;A01
200900034188;0;7;0;0;2;2;1;B01
200900034189;0;7;0;0;1;1;1;A01
200900034190;0;7;0;0;2;3;11;B01
200900034190;0;33;0;0;2;1;2;A01
200900034191;0;14;0;0;2;2;2;A01
200900034191;0;7;0;0;2;3;15;B01
200900034192;0;2;0;0;2;1;1;A01
200900034193;0;7;0;0;2;2;2;A01
200900034193;0;33;0;0;2;4;23;B01
200900034194;0;31;0;0;2;1;1;A01
200900034195;1;30;0;0;1;1;1;A01
200900034196;0;7;0;0;2;1;2;B01
200900034196;0;7;0;0;2;7;2;A01
200900034197;0;10;0;0;2;3;15;A01
200900034197;0;32;0;0;2;7;1;B01
200900034198;0;7;0;0;2;1;16;B01
200900034198;0;30;0;0;2;7;1;A01
200900034199;0;1;0;0;2;7;19;B01
200900034199;0;7;0;0;2;1;2;A01
200900034200;0;30;0;0;1;3;2;A01
200900034201;0;7;0;0;2;1;1;A01
200900034201;0;33;0;0;2;4;23;B01
200900034202;0;7;0;0;2;7;19;A01
200900034202;0;7;0;0;2;1;1;B01
200900034203;0;7;0;0;0;2;1;A01
200900034204;0;30;0;0;2;0;1;B01
200900034205;0;7;0;0;0;0;1;A01
200900034205;0;7;0;0;0;1;1;B01
200900034206;0;7;0;0;2;2;2;B01
200900034206;0;7;0;1;2;9;9;A01
200900034207;0;7;0;0;2;6;2;B01
200900034207;0;33;0;0;1;1;1;A01
200900034208;0;7;0;0;1;6;9;A01
200900034208;0;33;0;0;2;1;1;B01
200900034209;0;2;0;0;2;1;2;B01
200900034209;0;7;0;0;0;3;15;A01
200900034210;0;30;0;15;0;1;15;A01
200900034211;0;7;0;0;2;8;15;B01
200900034211;0;34;0;0;2;1;17;A01
200900034212;0;7;0;0;2;3;15;A01
200900034212;0;2;0;0;2;8;1;B01
200900034213;0;7;0;9;0;1;1;A01
200900034214;0;2;0;0;2;3;1;B01
200900034214;0;7;0;0;2;1;1;A01
200900034215;0;7;0;0;1;1;16;B01
200900034215;0;7;0;0;2;1;15;A01
200900034216;0;32;0;11;2;1;9;A01
200900034216;0;7;0;0;2;4;1;B01
200900034217;0;32;0;0;0;0;1;B01
200900034217;0;7;0;0;0;7;15;A01
200900034218;0;2;0;0;2;1;1;B01
200900034218;0;7;0;0;2;5;1;A01
200900034219;0;7;0;0;1;2;1;A01
200900034220;0;7;0;0;2;1;1;A01
200900034220;0;30;0;0;2;8;16;B01
200900034221;0;7;0;0;1;2;1;A01
200900034222;0;3;0;1;0;1;2;A01
200900034223;0;30;0;0;2;2;0;A01
200900034223;0;7;0;0;2;3;15;B01
200900034224;0;7;0;7;0;1;1;A01
200900034225;0;7;0;0;2;8;15;B01
200900034225;0;31;0;0;0;1;1;A01
200900034226;0;10;0;0;2;7;1;A01
200900034226;0;32;0;0;2;6;23;B01
200900034227;0;33;0;0;2;0;2;B01
200900034227;0;10;0;0;2;5;0;A01
200900034228;0;7;0;0;2;3;15;A01
200900034228;0;33;0;0;2;1;2;B01
200900034229;0;30;0;0;2;7;15;A01
200900034229;0;7;0;0;2;1;1;B01
200900034230;0;7;0;0;2;7;15;A01
200900034230;0;7;0;0;2;1;16;B01
200900034231;0;7;0;0;0;3;0;B01
200900034231;0;7;0;0;0;3;0;A01
200900034232;0;10;0;0;0;8;10;A01
200900034232;0;31;0;0;0;0;1;B01
200900034233;0;7;0;0;0;4;4;A01
200900034234;0;3;0;0;0;0;1;A01
200900034235;0;31;0;0;1;1;1;A01
200900034236;0;10;0;0;0;2;0;A01
200900034236;0;1;0;0;0;0;1;B01
200900034237;0;10;0;0;0;0;12;B01
200900034237;0;32;0;0;0;0;1;A01
200900034238;0;1;0;0;2;3;1;B01
200900034238;1;32;0;0;2;1;15;A01
200900034239;0;7;0;0;2;4;2;B01
200900034239;0;7;0;0;2;1;2;A01
200900034240;0;7;0;0;0;0;0;A01
200900034241;0;7;0;0;2;1;1;A01
200900034241;0;2;0;0;2;7;1;B01
200900034242;0;10;0;0;2;2;12;B01
200900034242;0;30;0;0;2;1;0;A01
200900034243;0;32;0;0;2;1;1;B01
200900034243;0;7;0;0;2;2;15;A01
200900034244;0;33;0;0;2;7;1;B01
200900034244;0;7;0;0;2;3;10;A01
200900034245;0;7;0;1;0;3;1;A01
200900034246;0;33;0;8;0;1;1;A01
200900034247;0;7;0;0;2;4;2;B01
200900034247;0;7;0;0;2;1;2;A01
200900034248;1;30;0;0;1;1;0;A01
200900034249;0;7;0;0;0;0;1;A01
200900034250;0;7;0;0;2;5;1;B01
200900034250;0;2;0;0;2;8;18;A01
200900034251;0;34;0;0;2;4;23;B01
200900034251;0;7;0;0;2;1;1;A01
200900034252;0;7;0;0;1;3;15;A01
200900034253;0;33;0;0;2;1;1;B01
200900034253;0;7;0;0;2;2;15;A01
200900034253;0;7;0;0;0;3;24;C01
200900034254;0;7;0;0;1;1;0;A01
200900034255;0;33;0;0;2;2;17;A01
200900034255;0;7;0;0;2;3;15;B01
200900034255;0;7;0;0;0;8;24;C01
200900034256;0;7;0;0;1;1;0;A01
200900034257;0;30;0;0;2;1;1;B01
200900034257;0;7;0;0;2;3;15;A01
200900034258;0;7;0;0;1;2;1;A01
200900034259;0;30;0;0;2;8;15;B01
200900034259;0;7;0;0;2;3;1;A01
200900034260;0;10;0;0;1;1;0;A01
200900034261;0;34;0;0;2;7;1;C01
200900034261;0;33;0;0;2;8;2;B01
200900034261;0;7;0;0;2;1;1;A01
200900034262;0;10;0;0;2;5;1;B01
200900034262;0;30;0;0;2;3;18;A01
200900034263;0;7;0;0;2;1;1;A01
200900034263;0;7;0;0;2;4;23;B01
200900034264;0;1;0;0;1;1;1;A01
200900034265;0;7;0;0;1;0;2;A01
200900034266;0;7;0;0;1;1;0;A01
200900034267;0;7;0;0;1;2;2;A01
200900034267;0;1;0;0;2;7;2;B01
200900034268;0;30;0;0;1;1;0;A01
200900034269;0;7;0;0;2;8;24;A01
200900034269;0;1;0;1;0;1;0;B01
200900034270;0;7;0;0;2;3;10;A01
200900034270;0;2;0;0;2;2;2;B01
200900034271;0;7;0;0;2;1;1;A01
200900034271;0;1;0;0;2;4;1;B01
200900034272;0;33;0;0;2;1;3;A01
200900034273;0;7;0;0;2;1;15;A01
200900034273;0;32;0;0;2;1;1;B01
200900034274;0;33;0;14;0;7;1;A01
200900034275;0;7;0;12;0;1;0;A01
200900034276;0;7;0;0;0;1;15;A01
200900034276;0;31;0;0;0;0;1;B01
200900034277;0;7;0;0;1;1;1;A01
200900034278;0;7;0;0;0;2;1;B01
200900034278;0;31;0;0;0;0;5;A01
200900034279;0;7;0;0;2;4;1;B01
200900034279;0;7;0;0;2;1;1;A01
200900034280;0;7;0;0;2;4;23;A01
200900034280;0;7;0;0;2;1;1;B01
200900034281;0;7;0;0;2;4;0;B01
200900034281;0;33;0;0;2;7;0;A01
200900034282;0;7;0;0;2;1;1;A01
200900034282;0;7;0;0;2;1;23;B01
200900034283;0;32;0;0;0;0;1;A01
200900034284;0;32;0;0;1;8;1;A01
200900034285;0;38;10;0;2;1;1;B01
200900034285;0;7;0;0;2;8;1;A01
200900034286;0;31;0;0;0;0;1;B01
200900034286;0;3;0;0;0;1;1;A01
200900034287;0;30;0;0;1;1;1;A01
200900034288;0;10;0;0;2;8;15;B01
200900034288;0;32;0;0;2;2;17;A01
200900034289;0;7;0;0;2;4;2;D01
200900034289;0;7;0;0;2;4;2;C01
200900034289;0;7;0;0;2;1;2;A01
200900034289;0;7;0;0;2;4;2;B01
200900034290;0;2;0;0;0;0;1;B01
200900034290;0;7;0;0;0;7;15;A01
200900034291;0;7;0;0;2;7;0;A01
200900034291;0;33;0;0;2;8;0;B01
200900034292;0;7;0;0;2;2;16;B01
200900034292;0;30;0;0;2;3;2;A01
200900034293;0;33;0;0;0;0;1;B01
200900034293;0;7;0;0;0;0;20;A01
200900034294;0;30;0;0;1;1;2;A01
200900034295;0;7;0;0;0;0;4;A01
200900034296;0;32;0;0;0;0;1;B01
200900034296;0;10;0;0;0;0;17;A01
200900034297;0;31;0;0;0;0;1;B01
200900034297;0;7;0;0;0;2;16;A01
200900034298;0;30;0;0;2;1;1;A01
200900034298;0;7;0;0;2;3;23;B01
200900034299;0;7;0;0;2;3;9;A01
200900034299;0;15;0;0;2;2;1;B01
200900034300;0;33;0;0;0;0;1;A01
200900034300;0;7;0;0;0;1;15;B01
200900034301;0;7;0;0;2;5;2;B01
200900034301;0;7;0;0;2;2;2;A01
200900034302;0;7;0;0;1;2;1;A01
200900034303;0;7;0;0;2;4;23;E01
200900034303;0;7;0;0;2;1;2;A01
200900034303;0;7;0;0;2;4;23;B01
200900034303;0;7;0;0;2;4;23;D01
200900034303;0;7;0;0;2;4;23;C01
200900034304;0;1;0;12;0;1;0;A01
200900034305;0;7;0;0;2;4;2;B01
200900034305;1;7;0;0;2;1;2;A01
200900034306;0;7;0;0;2;4;23;C01
200900034306;0;7;0;0;2;1;1;A01
200900034306;0;7;0;0;2;4;23;B01
200900034307;0;7;0;0;1;3;1;A01
200900034308;0;30;0;0;2;1;1;A01
200900034308;0;7;0;0;2;1;0;B01
200900034309;0;30;0;0;2;1;5;A01
200900034309;0;7;0;0;2;1;1;B01
200900034310;0;7;0;0;1;8;1;A01
200900034311;0;2;0;0;2;1;2;A01
200900034311;0;7;0;0;2;5;4;B01
200900034312;0;7;0;0;1;1;15;A01
200900034313;0;33;0;0;2;4;23;B01
200900034313;0;7;0;0;2;1;1;A01
200900034314;0;7;0;0;2;4;2;B01
200900034314;0;7;0;0;2;1;2;A01
200900034315;0;14;0;0;1;2;1;A01
200900034315;0;15;0;0;2;3;16;B01
200900034316;0;37;1;0;1;1;1;A01
200900034317;0;7;0;1;0;1;20;A01
200900034318;0;7;0;0;2;1;1;A01
200900034318;0;7;0;0;2;4;23;B01
200900034319;0;33;0;0;0;7;15;A01
200900034320;2;7;0;0;2;1;1;A01
200900034320;0;7;0;0;2;1;1;B01
200900034321;0;31;0;0;2;6;23;B01
200900034321;0;7;0;0;2;2;1;A01
200900034322;0;30;0;0;1;8;17;A01
200900034323;0;7;0;0;1;1;1;A01
200900034324;0;7;0;0;2;1;9;B01
200900034324;0;7;0;0;0;4;9;A01
200900034325;0;7;0;0;2;8;15;B01
200900034325;0;2;0;0;2;1;1;A01
200900034326;0;31;0;0;0;0;1;B01
200900034326;0;7;0;0;0;8;15;A01
200900034327;0;14;0;0;1;2;1;A01
200900034328;0;2;0;0;1;0;21;A01
200900034329;0;7;0;0;1;6;1;A01
200900034330;0;7;0;8;0;1;16;A01
200900034331;0;7;0;0;2;8;11;A01
200900034331;0;33;0;0;2;7;1;C01
200900034331;0;10;0;0;2;1;1;B01
200900034332;0;32;0;0;0;0;1;A01
200900034332;0;7;0;0;0;6;1;B01
200900034333;0;7;0;0;0;3;0;A01
200900034333;0;1;0;0;0;0;0;B01
200900034334;0;33;0;0;2;8;21;B01
200900034334;0;7;0;0;2;6;16;A01
200900034335;0;30;0;0;0;0;1;B01
200900034335;0;7;0;0;0;3;15;A01
200900034336;0;7;0;0;2;3;9;A01
200900034336;0;2;0;0;2;1;1;B01
200900034337;0;7;0;0;0;0;0;A01
200900034338;0;7;0;0;2;1;1;A01
200900034338;0;7;0;0;2;8;1;B01
200900034339;1;7;0;0;1;5;0;A01
200900034340;0;7;0;0;1;3;1;A01
200900034341;0;7;0;0;2;4;23;B01
200900034341;0;10;0;0;2;1;2;A01
200900034342;0;2;0;0;0;0;1;B01
200900034342;0;7;0;0;0;0;23;A01
200900034343;0;7;0;0;0;1;0;A01
200900034343;0;33;0;0;0;0;0;B01
200900034344;0;30;0;0;2;3;17;A01
200900034344;0;7;0;0;2;1;15;B01
200900034345;0;7;0;0;1;2;2;A01
200900034346;0;30;0;1;0;1;1;A01
200900034347;0;7;0;0;0;0;0;B01
200900034347;0;7;0;0;0;0;0;C01
200900034347;0;7;0;0;2;1;6;A01
200900034348;0;7;0;0;2;4;23;C01
200900034348;0;7;0;0;2;1;1;A01
200900034348;0;7;0;0;2;9;23;B01
200900034349;0;7;0;0;2;2;1;C01
200900034349;0;7;0;0;2;6;1;B01
200900034349;0;7;0;0;2;5;9;A01
200900034350;0;31;0;0;0;8;1;A01
200900034351;0;7;0;0;2;2;1;B01
200900034351;0;33;0;0;2;1;1;A01
200900034352;0;1;0;0;1;1;1;A01
200900034353;0;7;0;0;2;7;15;B01
200900034353;0;2;0;0;2;1;1;A01
200900034354;0;2;0;0;2;5;1;A01
200900034354;0;7;0;0;2;1;15;B01
200900034355;0;7;0;0;2;3;1;B01
200900034355;0;30;0;0;2;1;13;A01
200900034356;0;7;0;0;1;1;15;A01
200900034357;0;7;0;0;1;1;1;A01
200900034358;0;31;0;0;2;8;1;A01
200900034359;0;7;0;0;0;4;23;B01
200900034359;0;7;0;14;0;1;2;A01
200900034360;0;32;0;0;2;1;1;B01
200900034360;0;7;0;0;2;8;22;A01
200900034361;0;7;0;0;1;1;1;A01
200900034362;0;7;0;0;1;4;4;A01
200900034363;0;7;0;0;2;8;10;A01
200900034363;0;30;0;0;2;1;1;B01
200900034364;0;7;0;0;2;2;15;A01
200900034364;0;7;0;0;2;3;1;B01
200900034365;0;33;0;0;2;8;2;B01
200900034365;0;7;0;0;0;2;0;A01
200900034366;0;7;0;0;1;2;1;A01
200900034367;0;7;0;0;0;1;0;A01
200900034368;0;7;0;0;2;4;1;B01
200900034368;0;10;0;0;2;1;1;A01
200900034369;1;7;0;0;1;7;1;A01
200900034370;0;7;0;4;0;1;2;A01
200900034371;0;7;0;0;2;3;11;B01
200900034371;0;33;0;0;2;7;3;A01
200900034372;0;7;0;4;0;3;21;B01
200900034372;1;7;0;0;0;0;0;A01
200900034373;0;7;0;3;0;2;1;A01
200900034374;2;7;0;0;2;1;3;A01
200900034374;0;13;0;0;2;4;1;B01
200900034375;0;7;0;0;2;1;1;A01
200900034375;0;7;0;0;2;4;1;C01
200900034375;0;7;0;0;2;4;1;B01
200900034376;0;31;0;0;2;8;2;B01
200900034376;0;7;0;0;2;8;17;A01
200900034377;0;7;0;0;2;3;1;B01
200900034377;0;7;0;4;2;3;5;A01
200900034378;0;33;0;0;2;1;3;B01
200900034378;0;7;0;0;2;2;12;A01
200900034379;0;33;0;0;2;1;2;A01
200900034379;0;10;0;0;2;6;9;B01
200900034380;0;7;0;3;0;1;0;A01
200900034381;0;33;0;0;2;8;3;A01
200900034381;0;7;0;0;0;0;12;B01
200900034382;0;7;0;4;0;1;14;A01
200900034383;0;7;0;0;2;1;2;A01
200900034383;0;7;0;0;2;4;2;B01
200900034384;0;31;0;0;2;1;21;A01
200900034384;0;7;0;0;2;6;11;B01
200900034385;0;33;0;0;0;7;0;B01
200900034385;0;7;0;0;2;8;11;A01
200900034386;0;7;0;0;2;2;1;B01
200900034386;0;7;0;0;2;5;11;A01
200900034387;0;33;0;0;1;1;1;A01
200900034388;0;7;0;0;2;4;0;B01
200900034388;0;31;0;0;2;1;1;A01
200900034389;0;7;0;0;1;1;16;A01
200900034390;0;37;1;0;1;2;9;A01
200900034391;0;32;0;0;2;1;1;B01
200900034391;0;7;0;0;2;3;10;A01
200900034392;0;7;0;0;0;2;1;B01
200900034392;0;7;0;0;2;1;15;A01
200900034393;0;31;0;0;0;0;0;A01
200900034394;0;2;0;0;2;1;1;A01
200900034394;0;7;0;0;2;4;1;B01
200900034395;1;10;0;0;2;8;9;A01
200900034395;0;31;0;0;2;1;1;B01
200900034396;0;33;0;0;2;1;1;B01
200900034396;0;7;0;0;2;8;9;A01
200900034397;0;7;0;0;0;2;1;A01
200900034398;0;7;0;0;2;1;1;A01
200900034398;0;7;0;0;2;4;1;B01
200900034399;0;32;0;0;1;1;1;A01
200900034400;0;37;20;0;2;2;1;A01
200900034400;0;7;0;0;0;5;1;B01
200900034401;0;7;0;0;1;2;1;A01
200900034402;0;7;0;0;2;4;23;B01
200900034402;0;30;0;0;2;1;1;A01
200900034403;0;7;0;0;2;3;10;A01