num_acc;senc;catv;occutc;obs;obsm;choc;manv;num_veh
200900034403;0;33;0;0;2;9;1;B01
200900034404;0;7;0;0;2;8;1;B01
200900034404;0;7;0;0;2;1;1;A01
200900034405;0;32;0;0;2;1;2;B01
200900034405;0;7;0;0;2;4;9;A01
200900034406;0;2;0;1;0;1;1;A01
200900034407;0;7;0;0;2;3;13;A01
200900034407;0;10;0;0;2;3;1;B01
200900034408;0;2;0;0;0;0;1;A01
200900034409;0;7;0;0;1;1;0;A01
200900034410;0;7;0;0;1;3;1;A01
200900034411;0;7;0;0;1;2;0;A01
200900034412;0;7;0;0;1;2;9;A01
200900034413;0;7;0;0;2;4;23;C01
200900034413;0;7;0;14;0;1;23;B01
200900034413;0;7;0;0;2;1;1;A01
200900034414;0;7;0;0;1;1;1;A01
200900034415;0;31;0;0;2;1;0;A01
200900034415;0;7;0;0;2;3;0;B01
200900034416;0;14;0;0;2;7;1;C01
200900034416;0;1;0;0;2;1;1;A01
200900034416;0;7;0;0;2;5;16;B01
200900034417;0;32;0;0;2;2;1;B01
200900034417;0;17;0;0;2;8;10;A01
200900034418;0;10;0;0;2;7;1;A01
200900034418;0;33;0;0;2;1;1;B01
200900034419;0;7;0;0;2;1;1;B01
200900034419;0;7;0;0;2;7;15;A01
200900034420;0;7;0;0;2;1;15;A01
200900034420;0;33;0;0;2;2;1;B01
200900034421;0;7;0;0;2;4;23;B01
200900034421;0;7;0;0;2;1;1;A01
200900034421;0;7;0;0;0;4;23;C01
200900034422;0;32;0;0;0;0;1;A01
200900034423;0;7;0;0;0;9;0;A01
200900034424;0;7;0;0;2;3;21;B02
200900034424;0;7;0;0;2;8;1;A01
200900034425;0;7;0;13;0;3;1;A01
200900034426;0;33;0;0;2;3;1;B02
200900034426;0;33;0;0;2;1;21;A01
200900034427;0;7;0;8;0;2;13;A01
200900034428;0;7;0;6;0;1;13;A01
200900034429;0;7;0;16;0;6;1;B02
200900034429;0;7;0;0;2;2;17;A01
200900034430;0;14;0;0;0;2;1;A01
200900034430;0;1;0;0;0;4;0;B02
200900034431;0;17;0;0;2;1;1;B02
200900034431;0;7;0;1;2;7;10;A01
200900034432;0;33;0;0;2;1;1;B02
200900034432;0;7;0;0;2;7;15;A01
200900034433;0;7;0;0;2;2;13;A01
200900034433;0;10;0;0;2;8;1;B02
200900034434;0;7;0;0;2;7;1;A01
200900034434;0;7;0;0;2;1;1;B02
200900034435;0;10;0;0;1;2;2;A01
200900034436;0;2;0;0;0;4;1;A01
200900034436;0;7;0;0;2;1;1;B02
200900034437;0;7;0;0;2;3;1;A01
200900034437;0;1;0;0;2;4;12;B02
200900034438;0;7;0;0;2;1;19;A01
200900034438;0;7;0;0;2;6;1;B02
200900034439;0;7;0;6;0;3;13;A01
200900034440;0;7;0;0;2;3;1;A01
200900034440;0;10;0;0;2;3;5;B02
200900034440;0;7;0;0;2;1;1;C03
200900034441;0;7;0;11;0;1;1;A01
200900034442;0;7;0;0;2;1;13;A01
200900034442;0;7;0;0;2;1;1;B02
200900034443;1;7;0;0;1;2;14;A01
200900034444;0;2;0;0;2;1;1;A01
200900034444;0;7;0;0;2;2;15;B02
200900034445;0;7;0;0;2;1;1;C03
200900034445;0;7;0;0;0;4;1;A01
200900034445;0;7;0;0;2;4;1;B02
200900034446;0;1;0;0;2;1;1;A01
200900034446;0;7;0;0;2;1;5;B01
200900034447;2;33;0;9;2;1;0;A01
200900034447;0;7;0;0;2;8;1;B01
200900034448;0;7;0;0;2;3;1;B01
200900034448;0;2;0;0;2;1;9;A01
200900034449;0;7;0;0;2;2;1;C01
200900034449;0;7;0;0;2;7;1;B01
200900034449;0;7;0;0;2;1;16;A01
200900034450;0;2;0;1;0;1;13;A01
200900034451;0;2;0;0;2;1;17;A01
200900034451;0;7;0;0;2;3;15;B01
200900034452;0;17;0;0;0;8;1;A01
200900034453;0;7;0;0;2;1;13;A01
200900034453;0;7;0;0;2;3;1;B02
200900034454;0;7;0;13;0;1;1;A01
200900034455;0;7;0;0;0;4;1;C03
200900034455;0;7;0;0;2;4;1;B02
200900034455;0;7;0;0;2;1;1;A01
200900034456;0;7;0;2;0;7;1;A01
200900034457;0;7;0;14;0;9;1;A01
200900034458;0;7;0;0;2;3;1;B02
200900034458;0;7;0;0;2;3;13;A01
200900034459;0;1;0;0;2;2;19;B02
200900034459;0;7;0;0;2;3;1;A01
200900034460;0;21;0;2;0;1;1;A01
200900034461;0;31;0;0;2;1;13;A01
200900034461;0;7;0;0;2;1;1;B02
200900034462;0;33;0;16;0;0;0;A01
200900034463;0;7;0;6;0;3;1;A01
200900034464;0;33;0;0;5;1;1;A01
200900034465;0;33;0;0;2;1;1;A01
200900034465;0;7;0;0;2;3;15;B02
200900034466;0;7;0;0;2;1;11;A01
200900034466;0;14;0;0;2;1;1;B02
200900034467;0;7;0;0;2;1;1;A01
200900034467;0;7;0;0;2;8;1;B02
200900034468;0;7;0;0;2;3;1;D04
200900034468;0;7;0;0;2;2;13;A01
200900034468;0;7;0;0;0;6;1;B02
200900034468;0;7;0;0;2;1;21;C03
200900034469;0;15;0;0;2;3;1;B02
200900034469;0;14;0;0;2;3;13;A01
200900034470;0;7;0;0;0;1;1;A01
200900034470;0;30;0;0;2;1;13;C03
200900034470;0;30;0;0;2;1;13;B02
200900034471;0;7;0;0;9;3;1;A01
200900034471;0;1;0;0;2;7;15;B02
200900034472;0;7;0;0;2;7;15;A01
200900034472;0;30;0;0;2;1;1;B02
200900034473;0;7;0;0;1;1;1;A01
200900034474;0;7;0;0;2;3;13;A01
200900034474;0;7;0;0;2;3;1;C01
200900034474;0;7;0;0;2;1;1;B01
200900034475;0;7;0;0;2;2;15;B01
200900034475;0;2;0;0;2;1;1;A01
200900034476;0;7;0;0;2;3;1;A01
200900034476;0;32;0;0;2;1;1;B01
200900034477;0;7;0;0;1;7;1;A01
200900034478;0;7;0;0;9;2;0;B01
200900034478;0;1;0;0;2;2;5;A01
200900034479;2;30;0;0;1;1;1;A01
200900034480;0;7;0;9;1;1;5;A01
200900034481;0;2;0;6;0;1;1;A01
200900034482;0;1;0;0;2;1;9;A01
200900034482;0;7;0;0;2;3;1;B01
200900034483;0;7;0;0;2;4;1;A01
200900034483;0;7;0;0;2;4;1;B01
200900034483;0;7;0;0;2;1;1;C01
200900034484;0;7;0;0;2;4;1;B01
200900034484;0;7;0;0;2;1;2;A01
200900034485;0;7;0;6;0;1;1;A01
200900034486;0;7;0;0;1;1;1;A01
200900034487;0;33;0;0;2;8;21;A01
200900034487;0;21;0;0;2;1;15;B02
200900034488;0;7;0;0;2;6;15;B01
200900034488;0;10;0;0;2;2;17;A01
200900034489;0;7;0;0;2;1;1;B01
200900034489;0;7;0;0;2;1;13;A01
200900034490;0;30;0;0;2;1;1;A01
200900034490;0;30;0;0;0;4;1;B01
200900034491;0;17;0;0;2;7;0;B01
200900034491;0;7;0;0;2;8;0;A01
200900034492;0;10;0;0;9;8;1;D01
200900034492;0;7;0;0;9;8;1;C01
200900034492;0;17;0;3;0;3;6;A01
200900034492;0;10;0;0;9;8;21;B01
200900034493;0;2;0;0;2;1;17;A01
200900034493;0;7;0;0;9;8;10;B01
200900034494;0;7;0;9;0;0;14;A01
200900034495;0;21;0;0;2;4;4;A01
200900034495;0;7;0;0;2;1;2;B01
200900034496;0;7;0;16;2;1;1;A01
200900034497;0;7;0;0;2;2;1;A01
200900034497;0;7;0;0;2;1;1;B01
200900034498;0;7;0;0;2;1;1;B01
200900034498;0;7;0;0;2;3;9;A01
200900034499;0;7;0;0;2;1;1;B01
200900034499;0;7;0;0;2;1;15;A01
200900034500;0;31;0;0;2;1;1;B01
200900034500;0;7;0;0;2;2;10;A01
200900034501;0;33;0;0;2;1;17;B01
200900034501;0;7;0;0;9;3;15;A01
200900034502;0;2;0;0;2;8;17;A01
200900034502;0;2;0;0;2;7;1;B01
200900034503;0;7;0;0;2;4;1;B01
200900034503;0;7;0;0;2;1;2;A01
200900034504;0;7;0;0;2;1;1;A01
200900034504;0;7;0;0;2;4;2;C01
200900034504;0;7;0;0;0;4;2;D01
200900034504;0;7;0;0;2;4;2;B01
200900034505;0;33;0;0;2;1;3;B01
200900034505;0;7;0;0;2;2;12;A01
200900034506;0;7;0;4;0;6;1;A01
200900034507;0;10;0;4;0;1;1;A01
200900034508;0;32;0;16;0;7;2;A01
200900034509;0;17;0;0;2;2;12;A01
200900034509;0;7;0;4;0;6;1;B01
200900034510;0;7;0;1;0;1;1;A01
200900034510;0;7;0;1;0;1;1;C01
200900034510;0;7;0;0;0;4;23;B01
200900034511;0;7;0;0;2;1;1;A01
200900034511;0;7;0;0;2;4;1;B01
200900034511;0;7;0;0;0;4;2;C01
200900034512;0;7;0;0;2;8;1;A01
200900034512;0;33;0;0;2;1;1;B01
200900034513;0;7;0;0;2;3;11;A01
200900034513;0;33;0;0;0;2;1;B01
200900034514;0;33;0;0;2;1;0;A01
200900034514;0;7;0;0;0;5;1;B01
200900034515;0;7;0;7;0;1;1;A01
200900034516;0;33;0;0;0;7;1;A01
200900034517;0;7;0;0;0;5;1;B01
200900034517;0;17;0;0;2;2;12;A01
200900034518;0;7;0;0;2;1;1;A01
200900034518;0;17;0;0;0;4;1;B01
200900034519;0;10;0;0;2;1;1;A01
200900034519;0;7;0;0;0;4;2;B01
200900034520;0;7;0;0;2;1;1;C01
200900034520;0;7;0;0;2;3;11;B01
200900034520;0;15;0;0;2;3;11;A01
200900034521;0;17;0;0;0;7;1;A01
200900034521;0;7;0;0;2;1;1;B01
200900034522;0;7;0;4;0;1;1;A01
200900034523;0;7;0;4;2;1;1;A01
200900034523;0;15;0;0;0;3;0;B01
200900034524;0;3;0;0;0;4;0;A01
200900034524;0;17;0;0;2;1;1;B01
200900034525;0;7;0;3;0;2;1;A01
200900034526;0;7;0;0;0;2;12;B01
200900034526;0;33;0;0;2;8;12;A01
200900034527;1;15;0;0;2;2;12;A01
200900034527;0;7;0;0;0;6;1;B01
200900034528;0;17;0;0;2;3;1;B01
200900034528;0;7;0;0;2;6;1;A01
200900034529;0;7;0;3;0;7;1;A01
200900034530;0;7;0;0;2;7;15;A01
200900034530;0;33;0;0;2;1;1;B02
200900034531;0;31;0;0;0;7;1;A01
200900034532;0;7;0;0;2;1;19;A01
200900034532;0;7;0;0;2;2;1;B02
200900034533;0;17;0;0;2;6;23;A01
200900034533;0;17;0;0;2;5;2;B02
200900034533;0;17;0;0;2;3;2;C03
200900034534;0;2;0;0;2;1;2;A01
200900034534;0;7;0;0;2;5;20;B01
200900034535;0;7;0;0;1;1;1;A01
200900034536;0;7;0;0;2;1;1;B01
200900034536;1;7;0;1;2;0;0;A01
200900034537;0;2;0;0;2;1;1;B01
200900034537;0;7;0;0;2;1;15;A01
200900034538;0;7;0;0;2;1;9;A01
200900034538;0;1;0;0;0;7;1;B01
200900034539;0;7;0;2;0;9;0;A01
200900034540;0;33;0;0;2;2;17;B01
200900034540;0;10;0;0;0;6;15;A01
200900034541;0;7;0;0;2;1;2;A01
200900034542;0;7;0;0;0;2;22;A01
200900034542;0;2;0;0;2;8;3;B01
200900034543;0;2;0;1;0;1;0;A01
200900034544;0;7;0;0;2;1;2;A01
200900034544;0;7;0;0;0;4;2;B01
200900034545;0;7;0;8;0;1;0;A01
200900034546;0;7;0;0;1;2;1;A01
200900034547;0;1;0;0;0;0;0;B01
200900034547;0;7;0;0;0;0;1;A01
200900034548;0;7;0;0;1;1;1;A01
200900034549;0;7;0;0;1;1;2;A01
200900034550;0;32;0;0;2;3;1;B01
200900034550;0;7;0;0;2;3;15;A01
200900034551;0;40;0;0;2;1;2;A01
200900034552;0;7;0;0;2;8;2;A01
200900034552;0;2;0;0;2;7;2;B01
200900034553;0;7;0;0;2;2;15;A01
200900034553;0;2;0;0;0;0;17;B01
200900034554;0;7;0;0;0;6;20;B01
200900034554;0;2;0;0;2;1;1;A01
200900034555;0;7;0;0;2;1;1;A01
200900034555;0;1;0;0;0;4;1;B01
200900034556;0;2;0;0;2;1;2;A01
200900034557;0;7;0;0;1;1;1;A01
200900034558;0;2;0;0;2;1;2;B01
200900034558;0;7;0;0;2;7;20;A01
200900034559;0;7;0;0;0;8;22;A01
200900034559;0;1;0;1;0;1;1;B01
200900034560;0;7;0;0;2;2;15;A01
200900034560;0;7;0;0;2;1;1;B01
200900034561;0;7;0;0;1;3;9;A01
200900034562;0;2;0;0;2;3;15;A01
200900034562;0;7;0;8;0;8;1;B01
200900034563;0;2;0;0;2;9;17;B01
200900034563;0;7;0;0;2;8;15;A01
200900034564;0;13;0;0;2;4;1;C01
200900034564;0;13;0;0;2;1;1;A01
200900034564;0;7;0;0;2;4;1;B01
200900034565;0;7;0;0;2;1;1;B01
200900034565;0;7;0;0;2;1;15;A01
200900034566;0;31;0;0;2;1;15;A01
200900034566;0;7;0;0;0;3;1;B01
200900034567;0;30;0;0;1;0;0;A01
200900034568;0;7;0;0;2;7;2;A01
200900034568;0;1;0;0;2;1;2;B01
200900034569;0;7;0;0;1;1;2;A01
200900034570;0;2;0;0;2;1;1;B01
200900034570;0;10;0;0;0;8;15;A01
200900034571;0;7;0;0;2;1;2;A01
200900034571;0;7;0;0;2;1;2;B01
200900034572;0;33;0;0;1;1;2;A01
200900034573;0;7;0;0;2;3;1;A01
200900034573;0;7;0;6;0;8;1;B01
200900034574;0;7;0;0;0;4;2;B01
200900034574;0;7;0;0;2;3;2;A01
200900034575;0;7;0;0;2;2;1;B01
200900034575;0;2;0;0;2;1;1;A01
200900034576;0;7;0;0;2;1;2;A01
200900034576;0;31;0;0;2;7;2;B01
200900034577;0;7;0;10;2;1;2;A01
200900034577;0;7;0;0;2;1;2;B01
200900034578;0;7;0;0;2;7;15;B01
200900034578;0;31;0;0;2;1;2;A01
200900034579;0;1;0;0;2;1;1;B01
200900034579;0;7;0;0;0;2;16;A01
200900034580;0;1;0;0;2;3;15;A01
200900034580;0;40;0;0;2;1;1;B01
200900034581;1;99;0;0;1;1;0;A01
200900034582;0;7;0;0;0;0;15;A01
200900034582;0;33;0;0;2;1;1;B01
200900034583;0;7;0;0;2;1;2;A01
200900034583;0;2;0;0;2;7;2;B01
200900034584;0;7;0;0;2;1;1;B01
200900034584;0;30;0;0;2;2;1;A01
200900034585;2;99;0;0;2;0;1;A01
200900034585;0;7;0;0;0;8;10;B01
200900034586;0;10;0;0;1;4;20;A01
200900034587;0;2;0;0;2;7;2;A01
200900034587;1;7;0;0;2;6;2;B01
200900034588;0;34;0;0;2;0;2;A01
200900034588;0;10;0;0;0;0;2;B01
200900034589;0;7;0;0;0;8;15;A01
200900034589;0;7;0;0;2;1;1;B01
200900034590;0;1;0;0;0;9;1;B01
200900034590;0;7;0;0;2;1;1;A01
200900034591;0;1;0;0;1;1;1;A01
200900034592;0;7;0;0;1;1;2;A01
200900034593;0;10;0;0;0;4;1;B01
200900034593;0;2;0;0;2;1;2;A01
200900034594;0;7;0;0;0;8;1;A01
200900034594;0;7;0;0;2;1;0;B01
200900034595;0;7;0;0;2;2;1;A01
200900034595;0;7;0;0;2;8;2;B01
200900034596;0;7;0;0;2;0;1;A01
200900034597;0;7;0;0;0;5;15;B01
200900034597;0;2;0;0;2;1;1;A01
200900034598;0;1;0;0;2;1;2;B01
200900034598;0;1;0;0;2;1;2;A01
200900034599;0;33;0;0;2;1;1;B01
200900034599;0;7;0;0;0;5;15;A01
200900034600;0;7;0;0;0;2;16;B01
200900034600;0;2;0;0;2;1;15;A01
200900034601;0;7;0;0;1;3;15;A01
200900034602;0;30;0;0;1;7;10;A01
200900034602;0;32;0;0;2;1;1;B01
200900034603;0;31;0;0;2;3;7;A01
200900034603;0;7;0;0;0;2;16;B01
200900034604;0;7;0;0;2;3;9;A01
200900034604;0;31;0;0;2;1;1;B01
200900034605;0;2;0;0;2;1;1;B01
200900034605;0;7;0;0;0;7;15;A01
200900034606;0;7;0;0;2;7;2;B01
200900034606;0;7;0;0;2;1;2;A01
200900034607;0;7;0;0;2;3;15;A01
200900034607;0;2;0;0;0;0;1;B01
200900034608;0;7;0;0;1;1;15;A01
200900034609;0;1;0;0;0;0;0;A01
200900034609;0;7;0;0;2;1;1;B01
200900034610;0;13;0;0;1;2;1;A01
200900034611;0;33;0;0;0;1;1;A01
200900034612;0;7;0;0;2;3;2;B01
200900034612;0;2;0;0;2;0;2;A01
200900034613;0;7;0;0;2;2;1;B01
200900034613;0;7;0;0;2;1;13;A01
200900034614;0;10;0;0;2;3;1;C01
200900034614;0;7;0;7;2;1;2;A01
200900034614;0;7;0;0;2;4;23;B01
200900034615;0;31;0;14;0;1;0;A01
200900034616;0;1;0;0;1;1;1;A01
200900034617;0;7;0;0;1;2;15;A01
200900034618;0;7;0;0;2;7;15;A01
200900034618;0;31;0;0;2;1;1;B01
200900034619;0;7;0;0;2;3;2;A01
200900034619;0;2;0;0;2;1;2;B01
200900034620;0;7;0;0;2;1;2;B01
200900034620;0;10;0;0;2;4;2;A01
200900034621;0;40;0;0;1;2;0;A01
200900034622;0;10;0;0;2;8;13;A01
200900034622;0;1;0;0;2;3;16;B01
200900034623;0;2;0;0;1;1;1;A01
200900034624;0;38;1;0;1;1;15;A01
200900034625;0;7;0;0;2;3;23;C01
200900034625;0;10;0;0;2;2;10;A01
200900034625;0;33;0;0;2;8;1;B01
200900034626;0;33;0;0;2;1;1;A01
200900034626;0;7;0;0;2;4;1;B01
200900034627;0;7;0;2;0;8;15;A01
200900034628;0;1;0;0;0;6;11;A01
200900034628;0;33;0;0;2;2;1;B01
200900034629;0;1;0;0;2;1;18;A01
200900034629;0;10;0;0;0;5;15;B01
200900034630;0;7;0;0;1;1;1;A01
200900034631;0;7;0;0;2;2;16;A01
200900034631;0;1;0;0;2;2;1;B01
200900034632;0;31;0;0;0;2;1;B01
200900034632;0;7;0;0;2;1;15;A01
200900034633;0;7;0;0;2;3;1;C01
200900034633;0;7;0;0;2;1;13;A01
200900034633;0;7;0;0;2;3;1;B01
200900034634;0;7;0;0;0;0;0;A01
200900034634;0;31;0;0;0;7;2;B01
200900034635;0;10;0;0;2;2;16;A01
200900034635;0;1;0;0;2;3;1;B01
200900034636;1;31;0;3;0;0;0;A01
200900034637;2;10;0;0;0;7;1;A01
200900034637;0;40;0;0;2;1;1;B01
200900034638;0;7;0;0;0;0;20;A01
200900034638;0;1;0;0;2;0;1;B01
200900034639;0;7;0;0;2;2;13;A01
200900034639;0;14;0;0;2;2;1;B02
200900034640;0;33;0;0;2;1;17;A01
200900034640;0;10;0;0;2;5;20;B02
200900034641;0;7;0;0;2;6;13;A01
200900034641;0;7;0;0;2;3;1;B02
200900034642;0;7;0;0;1;1;1;A01
200900034643;0;7;0;0;2;1;19;B02
200900034643;0;7;0;0;0;8;1;A01
200900034644;0;33;0;6;0;1;1;A01
200900034645;0;7;0;0;2;2;19;A01
200900034645;0;10;0;0;2;3;1;B02
200900034646;0;7;0;15;0;3;1;A01
200900034647;0;7;0;0;2;6;15;A01
200900034647;0;30;0;0;2;1;2;B02
200900034648;0;7;0;8;0;7;1;A01
200900034649;0;7;0;0;2;5;1;A01
200900034649;0;10;0;0;2;3;1;B02
200900034650;0;7;0;2;0;8;1;A01
200900034651;0;33;0;0;2;6;9;A01
200900034651;0;7;0;0;2;2;1;B02
200900034652;0;13;0;0;2;6;0;C03
200900034652;0;31;0;0;2;1;21;B02
200900034652;0;10;0;0;2;5;15;A01
200900034653;0;7;0;0;9;7;1;A01
200900034653;0;1;0;0;2;1;15;B02
200900034654;0;30;0;0;2;1;13;A01
200900034654;0;7;0;0;2;3;1;B02
200900034655;0;31;0;8;0;1;1;A01
200900034656;0;7;0;0;2;3;1;B02
200900034656;0;7;0;0;2;3;13;A01
200900034657;0;7;0;0;2;2;17;A01
200900034657;0;30;0;0;0;4;1;B02
200900034658;0;99;0;0;2;1;1;A01
200900034658;0;30;0;0;2;4;0;B02
200900034659;0;7;0;1;0;1;1;A01
200900034660;0;7;0;0;2;7;6;A01
200900034660;0;7;0;0;2;1;1;B02
200900034661;0;7;0;0;2;3;13;A01
200900034661;0;7;0;0;2;1;1;B02
200900034662;0;17;0;0;2;6;1;A01
200900034662;0;17;0;0;2;9;1;B02
200900034662;0;14;0;0;2;1;1;C03
200900034663;0;7;0;0;2;2;1;B02
200900034663;0;2;0;0;2;1;1;A01
200900034664;0;14;0;0;5;3;1;A01
200900034665;0;33;0;8;0;4;1;A01
200900034666;0;7;0;0;2;8;1;A01
200900034666;0;7;0;0;2;1;1;B02
200900034667;0;7;0;8;2;2;15;A01
200900034667;0;7;0;0;2;3;1;B02
200900034668;0;36;0;0;2;8;19;B02
200900034668;0;10;0;0;2;1;1;A01
200900034669;0;7;0;0;2;3;15;A01
200900034669;0;7;0;0;2;1;17;B02
200900034670;0;7;0;6;0;1;1;A01
200900034671;0;7;0;0;2;3;1;A01
200900034671;0;10;0;0;2;3;1;B02
200900034672;0;7;0;0;0;1;1;A01
200900034672;0;7;0;0;0;0;1;B02
200900034673;0;15;0;0;9;1;1;A01
200900034673;0;1;0;0;2;7;15;B02
200900034674;0;7;0;0;2;3;1;B02
200900034674;0;7;0;0;2;1;2;C03
200900034674;0;7;0;0;2;1;13;A01
200900034675;0;7;0;0;2;6;15;B02
200900034675;0;33;0;0;2;1;17;A01
200900034676;0;7;0;0;1;1;1;A01
200900034677;0;33;0;0;1;2;2;A01
200900034678;0;7;0;0;2;4;2;B01
200900034678;0;1;0;0;2;1;2;A01
200900034679;0;7;0;0;2;2;2;A01
200900034679;0;33;0;0;2;8;16;B01
200900034680;0;7;0;0;2;2;2;B01
200900034680;0;7;0;0;2;1;15;A01
200900034681;0;7;0;0;2;3;15;B01
200900034681;0;33;0;0;2;1;2;A01
200900034682;0;33;0;0;2;8;2;A01
200900034682;0;31;0;0;2;1;2;B01
200900034683;0;7;0;0;2;2;9;A01
200900034683;0;2;0;0;2;1;2;B01
200900034684;0;7;0;0;1;1;1;A01
200900034685;0;7;0;0;2;4;20;B01
200900034685;0;2;0;0;2;1;2;A01
200900034686;0;32;0;0;2;1;1;B01
200900034686;0;34;0;0;2;2;1;A01
200900034687;0;7;0;0;2;1;2;A01
200900034688;0;7;0;0;0;6;16;B01
200900034688;0;33;0;0;2;1;1;A01
200900034689;0;33;0;0;0;1;0;A01
200900034690;0;33;0;0;2;7;2;B01
200900034690;1;7;0;0;2;0;2;A01
200900034691;0;7;0;0;2;4;2;B01
200900034691;0;7;0;0;2;1;2;A01
200900034692;0;7;0;0;2;1;2;A01
200900034692;0;7;0;0;2;1;2;C01
200900034692;0;7;0;0;2;4;2;D01
200900034692;0;7;0;0;2;4;2;B01
200900034693;0;2;0;0;2;1;2;B01
200900034693;0;7;0;0;0;1;2;A01
200900034694;0;31;0;0;2;1;2;A01
200900034694;0;7;0;0;2;3;2;B01
200900034695;0;7;0;0;2;1;2;A01
200900034695;0;7;0;0;2;1;2;B01
200900034696;0;7;0;0;2;6;2;A01
200900034696;0;2;0;0;2;1;2;B01
200900034697;0;33;0;0;2;1;2;B01
200900034697;0;7;0;0;2;4;2;A01
200900034698;0;1;0;0;2;1;9;B01
200900034698;0;7;0;0;0;6;9;A01
200900034699;0;7;0;0;2;4;2;B01
200900034699;0;7;0;0;2;1;2;A01
200900034699;0;7;0;0;2;4;2;C01
200900034700;0;33;0;0;2;1;1;A01
200900034700;0;10;0;0;0;0;15;B02
200900034701;0;7;0;0;2;2;15;A01
200900034701;0;7;0;0;2;2;1;B01
200900034702;0;7;0;0;2;3;16;B01
200900034702;0;31;0;0;2;1;16;A01
200900034703;0;7;0;0;2;3;15;A01
200900034703;0;10;0;0;2;1;1;B01
200900034704;0;7;0;0;2;1;11;A01
200900034704;0;33;0;0;0;4;1;B01
200900034704;0;7;0;0;0;0;1;C01
200900034705;0;7;0;0;1;3;1;A01
200900034706;0;7;0;13;0;9;1;A01
200900034707;0;2;0;0;2;1;1;B01
200900034707;0;17;0;0;2;8;9;A01
200900034708;0;7;0;0;2;3;1;A01
200900034708;0;2;0;0;2;2;16;B01
200900034709;0;33;0;0;2;1;2;B02
200900034709;0;7;0;0;0;4;1;A01
200900034710;0;7;0;2;0;1;1;A01
200900034711;0;7;0;0;2;6;1;C03
200900034711;0;10;0;0;2;3;1;A01
200900034712;0;7;0;2;0;9;1;A01
200900034713;0;7;0;0;4;8;1;A01
200900034713;0;39;1;0;2;1;1;B02
200900034714;0;1;0;0;0;4;1;B02
200900034714;0;7;0;0;2;1;1;A01
200900034715;0;7;0;0;2;3;1;B02
200900034715;0;1;0;0;2;1;17;A01
200900034716;0;33;0;13;0;1;14;A01
200900034717;0;1;0;0;2;8;15;B02
200900034717;0;7;0;0;2;7;17;A01
200900034718;0;33;0;0;2;8;21;A01
200900034718;0;7;0;0;0;0;15;B02
200900034719;0;7;0;0;9;1;1;A01
200900034719;0;1;0;0;2;8;19;B02
200900034720;0;7;0;0;2;8;0;B02
200900034720;0;1;0;0;2;7;1;A01
200900034721;0;1;0;0;2;3;1;B02
200900034721;0;33;0;0;2;9;1;A01
200900034722;0;7;0;0;2;1;1;B02
200900034722;0;33;0;0;2;1;1;A01
200900034723;0;7;0;13;0;2;14;A01
200900034724;0;7;0;6;0;1;1;A01
200900034725;0;10;0;4;0;1;1;A01
200900034726;0;7;0;0;9;7;15;A01
200900034726;0;1;0;0;2;1;19;B01
200900034727;0;30;0;15;0;9;1;A01
200900034728;0;10;0;0;2;6;15;A01
200900034728;0;1;0;0;2;6;1;B02
200900034729;0;7;0;0;2;3;15;B01
200900034729;0;2;0;0;2;1;1;A01
200900034730;0;1;0;0;2;1;17;B02
200900034730;0;7;0;0;2;8;15;A01
200900034731;0;7;0;0;2;3;1;A01
200900034731;0;7;0;0;2;3;1;B02
200900034732;0;33;0;0;2;0;1;A01
200900034732;0;10;0;0;0;2;1;B02
200900034733;0;10;0;0;2;3;1;B01
200900034733;0;30;0;0;2;3;13;A01
200900034734;0;7;0;0;1;2;1;A01
200900034735;0;7;0;0;2;1;1;B01
200900034735;0;2;0;0;2;1;13;A01
200900034736;0;7;0;0;0;0;17;A01
200900034736;0;7;0;0;2;3;1;C03
200900034736;0;7;0;5;2;9;17;B02
200900034737;0;32;0;0;6;1;1;A01
200900034738;0;30;0;0;0;8;15;A01
200900034738;0;10;0;0;0;0;15;B02
200900034739;0;1;0;0;0;9;1;A01
200900034740;0;7;0;0;2;1;13;A01
200900034740;0;7;0;0;2;1;1;B02
200900034741;0;33;0;6;0;3;1;A01
200900034742;0;33;0;0;6;2;1;A01
200900034743;0;7;0;0;0;1;1;A01
200900034744;0;7;0;0;2;6;15;A01
200900034744;0;31;0;0;2;1;13;B02
200900034745;0;15;0;4;0;7;15;A01
200900034746;0;14;0;0;2;1;19;A01
200900034746;0;33;0;0;2;1;1;B02
200900034747;0;7;0;0;5;4;1;B02
200900034747;0;31;0;0;2;1;2;A01
200900034748;0;7;0;15;0;1;1;A01
200900034749;0;33;0;15;0;2;1;A01
200900034750;0;2;0;0;2;2;17;A01
200900034750;0;7;0;0;0;3;23;B01
200900034751;0;7;0;0;2;6;4;A01
200900034751;0;2;0;0;2;1;1;C01
200900034752;0;7;0;0;2;1;1;A01
200900034752;0;33;0;0;2;1;11;B02
200900034753;0;7;0;6;0;1;0;A01
200900034754;0;33;0;0;0;5;1;A01
200900034755;0;7;0;1;0;1;1;A01
200900034756;0;7;0;0;2;3;15;A01
200900034756;0;1;0;0;2;1;1;B02
200900034757;0;7;0;1;2;4;23;B02
200900034757;0;7;0;1;0;1;1;A01
200900034757;0;7;0;0;2;4;23;C03
200900034758;0;17;0;0;9;5;1;A01
200900034758;0;1;0;0;2;1;1;B02