num_acc;senc;catv;occutc;obs;obsm;choc;manv;num_veh
200900034759;0;30;0;0;2;1;1;A01
200900034759;0;10;0;0;2;1;1;B02
200900034760;0;7;0;13;0;7;14;A01
200900034761;0;99;0;0;2;1;13;A01
200900034761;0;10;0;0;2;3;1;B02
200900034762;0;15;0;4;0;2;14;A01
200900034763;0;7;0;0;0;9;0;A01
200900034764;0;7;0;0;2;1;1;B02
200900034764;0;7;0;0;2;7;15;A01
200900034765;0;31;0;4;0;7;1;B02
200900034765;0;10;0;4;0;6;1;A01
200900034766;0;7;0;0;2;1;1;A01
200900034766;0;7;0;0;2;3;1;B02
200900034767;0;7;0;0;0;3;3;B02
200900034767;0;7;0;0;0;3;1;A01
200900034768;0;7;0;0;2;8;19;A01
200900034768;0;31;0;0;2;1;1;B02
200900034769;0;30;0;0;2;3;1;A01
200900034770;0;2;0;0;2;1;13;A01
200900034770;0;10;0;0;2;3;1;B01
200900034771;0;7;0;2;0;1;1;A01
200900034772;0;31;0;0;2;1;17;A01
200900034772;0;7;0;0;2;3;1;B02
200900034773;0;7;0;0;2;5;2;A01
200900034773;0;7;0;0;2;3;2;B02
200900034774;0;10;0;0;2;3;15;A01
200900034774;0;1;0;0;2;5;1;B01
200900034775;0;33;0;0;0;0;17;A01
200900034776;0;10;0;8;2;8;15;B02
200900034776;0;38;0;0;2;1;13;A01
200900034777;0;7;0;0;2;3;1;A01
200900034777;0;33;0;0;2;1;13;B02
200900034778;0;7;0;0;2;7;1;B02
200900034778;0;1;0;0;2;1;1;A01
200900034779;0;7;0;0;2;5;19;A01
200900034779;0;2;0;0;2;1;1;B02
200900034780;0;7;0;2;0;7;13;A01
200900034781;0;7;0;13;0;3;13;A01
200900034782;0;15;0;4;0;2;1;A01
200900034783;0;7;0;0;1;7;1;A01
200900034784;0;7;0;0;2;3;15;A01
200900034784;0;33;0;0;2;1;1;B02
200900034785;0;33;0;6;0;0;1;A01
200900034786;0;7;0;0;0;9;1;A01
200900034787;0;7;0;0;2;3;1;A01
200900034787;0;7;0;0;2;3;1;B02
200900034788;0;7;0;0;2;7;1;A01
200900034788;0;14;0;0;2;1;1;B02
200900034789;0;7;0;8;0;1;1;A01
200900034790;0;33;0;0;0;7;1;A01
200900034791;0;7;0;0;9;3;23;A01
200900034791;0;1;0;0;2;1;21;B02
200900034792;0;17;0;0;0;3;0;A01
200900034792;0;7;0;0;0;5;0;B02
200900034792;0;7;0;0;0;1;0;C03
200900034793;0;7;0;0;2;3;15;A01
200900034793;0;31;0;0;2;1;17;B02
200900034794;0;7;0;0;2;3;15;A01
200900034794;0;33;0;0;2;1;13;B02
200900034795;0;30;0;0;2;8;15;A01
200900034795;0;7;0;0;2;1;1;B01
200900034796;0;99;0;0;2;8;1;B02
200900034796;0;7;0;0;2;2;15;A01
200900034797;0;33;0;0;2;1;13;A01
200900034797;0;7;0;0;2;3;1;B02
200900034798;0;7;0;0;1;3;1;A01
200900034799;0;7;0;0;2;2;15;A01
200900034799;0;31;0;0;2;8;19;B02
200900034800;0;1;0;0;2;1;1;B01
200900034800;0;7;0;0;2;7;15;A01
200900034801;0;7;0;0;0;8;0;B02
200900034801;0;31;0;0;2;2;2;A01
200900034802;0;7;0;6;0;8;1;A01
200900034803;0;10;0;2;0;0;1;A01
200900034804;0;7;0;0;2;3;15;A01
200900034804;0;1;0;0;2;1;1;B02
200900034805;0;7;0;0;2;1;1;B02
200900034805;0;7;0;0;2;3;17;A01
200900034806;0;7;0;0;2;8;19;A01
200900034806;0;33;0;0;2;1;1;B02
200900034807;0;7;0;3;2;5;12;A01
200900034807;0;7;0;3;0;3;1;B01
200900034808;0;7;0;4;0;3;1;A01
200900034809;0;33;0;3;0;8;16;A01
200900034810;0;7;0;0;0;4;2;A01
200900034810;0;10;0;0;2;1;2;E01
200900034810;0;7;0;0;2;4;2;C01
200900034810;0;10;0;0;2;4;2;D01
200900034810;0;7;0;0;2;6;2;B01
200900034811;0;7;0;0;0;4;23;A01
200900034811;0;7;0;0;2;1;1;C01
200900034811;0;7;0;0;2;4;23;B01
200900034812;0;7;0;0;0;4;2;A01
200900034812;0;7;0;0;2;1;2;B01
200900034813;0;7;0;3;0;5;1;A01
200900034813;0;10;0;0;2;1;2;C01
200900034813;0;7;0;1;0;4;2;B01
200900034814;0;7;0;0;2;1;2;B01
200900034814;0;15;0;0;0;4;2;A01
200900034815;0;10;0;0;2;8;1;B01
200900034815;0;7;0;0;2;1;1;A01
200900034816;0;7;0;0;2;3;1;B01
200900034816;0;34;0;0;2;1;17;A01
200900034817;1;7;0;0;2;7;1;B01
200900034817;0;2;0;0;2;0;0;A01
200900034818;0;1;0;1;0;1;1;B01
200900034818;0;7;0;0;2;8;22;A01
200900034819;0;7;0;0;1;7;1;A01
200900034820;0;7;0;0;2;6;1;B01
200900034820;0;30;0;0;2;1;1;A01
200900034821;0;7;0;0;1;3;1;A01
200900034822;0;7;0;0;2;4;2;B01
200900034822;0;2;0;0;2;1;2;A01
200900034823;0;7;0;0;2;3;16;A01
200900034823;0;1;0;0;2;1;0;B01
200900034824;0;7;0;0;2;2;1;A01
200900034824;0;1;0;0;2;1;1;B01
200900034825;0;30;0;0;2;1;1;A01
200900034825;0;7;0;0;2;7;15;B01
200900034826;0;2;0;0;2;7;1;B01
200900034826;0;7;0;0;2;1;1;A01
200900034827;0;7;0;0;2;8;22;A01
200900034827;0;1;0;0;2;1;1;B01
200900034828;0;7;0;0;1;1;1;A01
200900034829;0;1;0;0;0;1;1;A01
200900034830;0;40;0;0;1;1;1;A01
200900034831;0;2;0;0;2;1;1;B01
200900034831;0;7;0;0;2;8;1;A01
200900034832;0;30;0;0;1;1;1;A01
200900034833;0;7;0;0;1;3;1;A01
200900034834;0;40;0;0;2;8;1;A01
200900034834;0;1;0;0;4;7;1;B01
200900034835;0;30;0;0;1;1;1;A01
200900034836;0;30;0;0;2;1;1;A01
200900034836;0;7;0;0;2;8;15;B01
200900034837;0;7;0;0;2;1;1;A01
200900034837;0;7;0;0;2;4;2;B01
200900034838;0;1;0;0;2;1;1;B01
200900034838;1;32;0;0;2;1;1;A01
200900034839;0;7;0;0;2;1;13;A01
200900034839;0;7;0;0;2;1;1;B01
200900034840;0;7;0;0;0;4;23;B01
200900034840;0;7;0;14;0;1;2;A01
200900034841;0;7;0;0;2;7;1;B01
200900034841;0;7;0;0;2;6;15;A01
200900034842;0;7;0;0;2;1;1;A01
200900034842;0;7;0;0;2;4;1;B01
200900034842;0;7;0;0;2;4;1;C01
200900034843;0;7;0;3;0;1;14;A01
200900034844;0;7;0;0;2;1;9;A01
200900034844;0;10;0;0;2;2;1;B01
200900034845;0;7;0;0;2;5;17;A01
200900034845;0;37;4;0;2;3;1;B01
200900034846;0;10;0;0;2;1;1;A01
200900034846;0;7;0;0;2;7;15;B01
200900034847;0;2;0;1;0;1;1;A01
200900034847;0;7;0;0;2;8;22;B01
200900034848;0;1;0;0;2;6;1;B01
200900034848;0;7;0;0;2;1;1;A01
200900034849;0;7;0;0;1;1;1;A01
200900034850;0;32;0;0;2;7;1;B01
200900034850;0;7;0;0;2;4;9;A01
200900034851;0;7;0;0;2;7;12;A01
200900034851;0;31;0;0;2;8;1;B01
200900034852;0;7;0;0;2;3;15;B01
200900034852;0;1;0;0;2;1;1;A01
200900034853;0;7;0;0;2;4;0;C01
200900034853;0;7;0;0;2;2;1;A01
200900034853;0;7;0;0;2;1;1;B01
200900034854;0;7;0;0;2;2;1;B01
200900034854;0;7;0;0;2;3;9;A01
200900034855;0;7;0;0;0;0;0;A01
200900034856;0;1;0;0;2;8;18;A01
200900034856;0;14;0;0;2;2;1;B01
200900034857;0;7;0;2;0;1;1;A01
200900034858;0;7;0;0;2;2;1;A01
200900034858;0;1;0;0;2;1;1;B01
200900034859;0;7;0;0;2;1;13;A01
200900034860;0;15;0;1;4;8;15;A01
200900034860;0;40;0;0;2;1;1;B01
200900034861;0;7;0;0;2;2;1;A01
200900034861;0;7;0;0;2;1;20;B01
200900034862;0;14;0;0;2;1;1;A01
200900034862;0;7;0;0;2;4;20;B01
200900034863;0;30;0;0;2;1;1;A01
200900034863;0;7;0;0;2;4;1;B01
200900034864;2;1;0;0;1;1;1;A01
200900034865;0;7;0;0;1;1;1;A01
200900034866;0;7;0;0;2;2;17;A01
200900034866;0;1;0;0;2;8;1;B01
200900034867;0;1;0;1;0;1;1;B01
200900034867;0;7;0;0;2;3;22;A01
200900034868;0;1;0;0;2;1;1;A01
200900034868;0;1;0;0;2;0;1;B01
200900034869;0;7;0;0;2;1;1;B01
200900034869;0;1;0;0;2;1;1;A01
200900034870;0;40;0;0;1;0;1;A01
200900034871;0;2;0;0;2;1;15;A01
200900034871;0;10;0;0;2;2;1;B01
200900034872;0;7;0;0;2;4;23;B01
200900034872;0;7;0;0;2;1;1;A01
200900034873;0;7;0;0;1;6;4;A01
200900034874;0;7;0;0;1;1;1;A01
200900034875;0;1;0;0;2;8;1;B01
200900034875;0;7;0;0;2;1;16;A01
200900034876;0;7;0;0;2;4;1;B01
200900034876;0;37;7;0;2;1;1;A01
200900034877;0;7;0;0;2;3;1;C03
200900034877;0;7;0;0;2;8;16;A01
200900034877;0;15;0;0;2;3;1;B02
200900034878;0;7;0;0;2;3;13;A01
200900034878;0;7;0;0;2;1;16;B02
200900034879;0;7;0;0;0;9;1;A01
200900034880;0;7;0;0;0;2;1;A01
200900034881;0;30;0;0;2;1;1;A01
200900034881;0;7;0;0;2;8;1;B02
200900034882;0;2;0;8;0;1;0;A01
200900034883;0;7;0;0;2;3;15;B02
200900034883;0;14;0;0;2;3;1;A01
200900034884;0;7;0;0;2;1;1;A01
200900034884;0;7;0;0;0;4;1;B02
200900034885;0;33;0;0;2;2;1;B02
200900034885;0;7;0;0;2;6;17;A01
200900034886;0;7;0;0;2;7;1;B02
200900034886;0;1;0;0;2;8;15;A01
200900034887;0;33;0;16;0;1;1;A01
200900034888;0;1;0;0;2;3;1;B02
200900034888;0;30;0;0;9;2;1;A01
200900034889;0;2;0;1;2;3;18;B02
200900034889;0;7;0;0;0;5;20;A01
200900034890;0;33;0;13;0;1;1;A01
200900034891;0;10;0;0;2;3;15;A01
200900034891;0;30;0;0;2;1;1;B02
200900034892;0;37;0;6;0;6;20;A01
200900034893;0;7;0;0;2;3;1;A01
200900034893;0;2;0;0;2;1;17;B02
200900034894;0;10;0;0;2;1;1;A01
200900034894;0;2;0;0;2;1;16;B02
200900034895;0;2;0;0;2;8;9;A01
200900034895;0;7;0;0;2;1;1;B02
200900034896;0;1;0;0;2;1;1;A01
200900034896;0;1;0;0;2;3;15;B02
200900034897;0;7;0;16;0;3;1;A01
200900034898;0;7;0;0;2;7;17;A01
200900034899;0;33;0;0;0;7;1;A01
200900034900;0;7;0;0;2;3;19;A01
200900034900;0;33;0;0;2;3;1;B02
200900034901;0;33;0;12;2;7;17;B02
200900034901;0;7;0;0;2;8;15;A01
200900034902;0;33;0;0;0;0;1;A01
200900034903;0;7;0;0;0;5;15;A01
200900034903;0;2;0;0;2;2;1;B02
200900034904;0;31;0;0;0;8;15;A01
200900034905;0;7;0;0;2;3;1;B02
200900034905;0;7;0;0;2;3;1;A01
200900034906;0;7;0;0;2;3;2;A01
200900034906;0;7;0;0;0;6;2;B02
200900034907;0;7;0;0;2;2;15;A01
200900034907;0;30;0;0;2;1;1;B01
200900034908;0;7;0;0;2;2;5;A01
200900034908;0;30;0;0;2;1;1;B01
200900034909;0;7;0;0;1;3;9;A01
200900034910;0;7;0;0;2;1;13;A01
200900034910;0;7;0;0;2;1;1;B01
200900034911;0;7;0;0;2;1;9;A01
200900034911;0;2;0;0;2;1;0;B01
200900034912;0;2;0;0;2;1;5;B01
200900034912;0;7;0;0;2;1;0;A01
200900034913;0;7;0;0;2;1;5;A01
200900034913;0;7;0;0;2;1;1;B01
200900034914;0;7;0;6;0;2;2;A01
200900034915;0;7;0;0;1;1;1;A01
200900034916;0;7;0;0;1;3;15;A01
200900034917;1;7;0;0;1;1;0;Z01
200900034918;0;2;0;0;2;5;1;B01
200900034918;0;7;0;0;2;3;15;A01
200900034919;0;7;0;0;1;1;2;A01
200900034920;0;7;0;0;1;2;9;A01
200900034921;0;2;0;0;0;7;2;A01
200900034922;0;7;0;0;2;3;15;B01
200900034922;0;30;0;0;2;1;1;A01
200900034923;0;7;0;0;0;0;21;A01
200900034924;0;7;0;0;2;3;1;C01
200900034924;0;7;0;0;2;6;2;B01
200900034924;0;33;0;0;2;1;2;A01
200900034925;0;7;0;0;1;1;1;A01
200900034926;0;30;0;0;2;1;1;A01
200900034926;1;7;0;0;2;1;0;Z01
200900034927;0;31;0;0;0;7;16;B01
200900034927;0;7;0;0;2;3;9;A01
200900034928;0;7;0;0;1;2;9;A01
200900034929;0;7;0;0;2;2;3;B01
200900034929;0;7;0;0;2;1;1;D01
200900034929;0;7;0;0;2;8;14;C01
200900034929;0;38;36;0;2;6;3;A01
200900034930;0;30;0;0;2;1;1;B01
200900034930;0;7;0;0;2;1;1;A01
200900034931;0;1;0;0;2;1;1;B01
200900034931;0;2;0;0;2;1;13;A01
200900034932;0;7;0;0;2;3;15;B01
200900034932;0;2;0;0;2;1;1;A01
200900034933;0;7;0;0;2;2;15;A01
200900034933;0;30;0;0;2;1;1;B01
200900034934;0;7;0;0;2;5;15;A01
200900034934;0;2;0;0;2;3;1;B01
200900034935;1;7;0;0;2;0;0;Z01
200900034935;0;7;0;0;2;4;1;A01
200900034935;0;7;0;0;2;6;1;B01
200900034936;0;7;0;0;2;4;1;B01
200900034936;0;7;0;0;2;1;1;A01
200900034937;0;7;0;0;1;3;1;A01
200900034938;0;32;0;0;2;2;1;A01
200900034938;1;7;0;0;0;0;14;Z01
200900034939;0;7;0;0;2;1;0;C01
200900034939;0;7;0;0;2;2;15;A01
200900034939;0;7;0;0;2;2;1;B01
200900034940;0;2;0;0;5;7;23;B01
200900034941;0;2;0;0;2;1;1;B01
200900034941;0;2;0;0;2;1;1;A01
200900034942;0;7;0;0;1;3;1;A01
200900034943;0;7;0;0;2;1;0;E05
200900034943;0;7;0;0;2;3;1;A01
200900034943;0;10;0;0;2;1;1;B02
200900034943;0;7;0;3;0;3;0;F06
200900034943;0;10;0;0;1;8;0;D04
200900034943;0;7;0;0;0;4;1;C03
200900034944;0;7;0;0;0;0;16;B02
200900034944;0;7;0;0;2;3;1;C03
200900034944;0;30;0;0;2;3;11;A01
200900034945;0;39;0;0;2;1;1;B02
200900034945;0;7;0;0;4;7;1;A01
200900034946;0;10;0;8;0;7;1;A01
200900034947;0;7;0;0;2;2;2;A01
200900034947;0;1;0;0;0;4;0;B02
200900034948;0;7;0;0;2;8;10;A01
200900034948;0;33;0;0;2;1;1;B02
200900034949;0;7;0;0;2;1;0;A01
200900034949;0;7;0;0;2;1;1;B02
200900034949;0;7;0;7;0;1;21;C03
200900034950;0;1;0;0;2;4;2;B02
200900034950;0;7;0;0;2;2;1;A01
200900034951;0;7;0;0;0;6;15;A01
200900034951;0;7;0;0;2;2;1;B02
200900034952;0;14;0;13;0;3;1;A01
200900034953;0;2;0;0;0;0;1;A01
200900034954;0;2;0;0;1;1;1;A01
200900034955;0;7;0;0;0;9;1;A01
200900034956;0;2;0;0;2;1;1;A01
200900034956;0;7;0;0;2;1;1;C03
200900034956;0;7;0;0;2;2;15;B02
200900034957;0;7;0;2;0;1;1;A01
200900034958;0;30;0;0;1;1;13;A01
200900034959;0;7;0;0;2;2;1;A01
200900034959;0;7;0;0;2;2;13;B02
200900034960;0;7;0;0;2;1;1;B02
200900034960;0;7;0;0;2;1;13;A01
200900034961;0;7;0;2;0;1;1;A01
200900034962;0;7;0;0;2;3;1;A01
200900034962;0;15;0;0;2;3;21;B01
200900034963;0;7;0;13;0;9;1;A01
200900034964;0;1;0;0;2;8;1;B01
200900034964;0;7;0;0;2;2;16;A01
200900034965;0;33;0;14;2;8;1;A01
200900034965;0;7;0;0;2;7;1;B01
200900034966;0;37;0;0;1;1;1;A01
200900034967;0;7;0;0;2;3;17;A01
200900034967;0;2;0;0;2;8;21;B01
200900034968;0;2;0;0;2;1;1;A01
200900034968;0;7;0;0;2;3;1;B01
200900034969;0;7;0;14;0;2;1;A01
200900034970;0;7;0;13;2;1;14;A01
200900034970;0;7;0;13;2;8;1;B01
200900034971;0;7;0;0;1;3;0;A01
200900034972;0;7;0;0;2;2;1;A01
200900034972;0;7;0;0;2;1;15;B01
200900034973;0;7;0;1;0;1;1;A01
200900034974;0;30;0;0;1;1;1;A01
200900034975;0;1;0;0;1;2;1;A01
200900034976;0;7;0;0;2;9;1;A01
200900034976;0;7;0;0;2;1;1;B01
200900034977;0;7;0;0;1;7;1;A01
200900034978;0;17;0;0;2;1;1;B01
200900034978;0;7;0;0;9;8;1;C01
200900034978;0;7;0;0;9;8;1;D01
200900034978;0;7;0;0;2;0;13;A01
200900034979;0;7;0;3;2;0;13;A01
200900034979;0;7;0;0;2;1;1;B01
200900034980;0;7;0;4;0;0;13;A01
200900034981;0;7;0;0;0;0;13;A01
200900034982;0;7;0;4;9;1;21;A01
200900034983;0;10;0;16;0;0;0;A01
200900034984;0;7;0;13;0;0;0;A01
200900034985;0;7;0;4;2;0;13;A01
200900034985;0;7;0;0;2;1;1;B01
200900034986;0;10;0;0;2;4;1;B01
200900034986;0;7;0;3;2;1;0;A01
200900034987;0;7;0;0;2;4;2;B01
200900034987;0;7;0;0;2;0;0;D01
200900034987;0;7;0;0;2;0;0;C01
200900034987;0;17;0;0;2;1;2;A01
200900034988;0;17;0;0;2;7;12;A01
200900034988;0;7;0;0;2;8;1;B01
200900034989;0;7;0;0;2;1;2;A01
200900034989;0;7;0;0;2;4;2;B01
200900034990;0;7;0;4;0;9;21;A01
200900034991;0;2;0;1;0;1;2;A01
200900034991;0;7;0;0;2;6;2;B01
200900034992;0;7;0;0;2;4;0;B01
200900034992;0;2;0;0;2;1;0;A01
200900034993;0;2;0;0;0;7;0;A01
200900034994;0;7;0;0;0;9;1;A01
200900034995;0;7;0;0;1;1;0;A01
200900034996;0;10;0;0;1;4;4;A01
200900034997;0;7;0;0;1;6;1;A01
200900034998;0;7;0;0;2;2;19;B02
200900034998;0;7;0;0;2;3;1;A01
200900034999;0;7;0;0;1;1;1;A01
200900035000;0;7;0;2;0;3;5;A01
200900035001;0;10;0;0;2;3;17;A01
200900035001;0;10;0;0;2;3;1;B02
200900035002;0;7;0;0;2;1;1;A01
200900035002;0;7;0;0;2;7;1;B02
200900035003;0;7;0;2;0;1;0;A01
200900035004;0;17;0;2;0;3;1;A01
200900035005;0;7;0;0;4;2;0;A01
200900035005;0;39;0;0;2;3;0;B02
200900035006;0;7;0;0;2;1;5;A01
200900035006;0;10;0;0;2;1;1;B02
200900035007;0;7;0;4;0;3;1;A01
200900035008;0;7;0;2;0;1;1;A01
200900035009;0;7;0;13;0;3;1;A01
200900035010;0;7;0;6;0;1;15;A01
200900035011;0;7;0;14;0;3;13;C03
200900035011;0;7;0;0;2;3;5;A01
200900035011;0;7;0;0;2;3;17;B02
200900035012;0;7;0;0;2;6;19;A01
200900035012;0;2;0;0;2;1;1;B02
200900035013;0;7;0;0;2;3;1;B01
200900035013;0;7;0;0;2;4;4;A01
200900035014;0;7;0;1;0;1;14;A01
200900035015;0;30;0;0;0;0;1;A01
200900035016;0;7;0;0;2;1;1;B01
200900035016;0;10;0;0;2;1;1;A01
200900035017;0;33;0;0;2;1;1;B01
200900035017;0;7;0;0;2;2;15;A01
200900035018;0;2;0;0;0;7;16;A01
200900035019;0;2;0;0;2;1;0;A01
200900035019;0;7;0;0;2;6;1;B01
200900035020;0;7;0;0;2;1;15;A01
200900035020;0;7;0;0;2;1;1;B01
200900035021;0;7;0;0;2;8;1;B01
200900035021;0;31;0;12;2;1;1;A01
200900035022;0;2;0;0;0;4;15;B01
200900035022;0;33;0;0;2;1;1;A01
200900035023;0;30;0;0;1;1;1;A01
200900035024;0;33;0;0;2;1;1;B01
200900035024;0;99;0;0;2;7;15;A01
200900035025;0;30;0;0;2;7;17;B01
200900035025;1;7;0;0;2;8;17;A01
200900035026;0;7;0;0;2;3;1;B01
200900035026;0;7;0;0;2;1;1;A01
200900035027;0;15;0;0;2;3;5;A01
200900035027;0;7;0;0;2;3;21;B01
200900035028;0;33;0;0;2;1;1;B01
200900035028;0;7;0;0;2;3;15;A01
200900035029;0;2;0;0;2;1;21;A01
200900035029;0;7;0;0;2;2;15;B01
200900035030;0;7;0;0;2;3;1;A01
200900035030;0;7;0;0;2;1;1;B01
200900035031;0;7;0;8;2;1;2;A01
200900035031;0;7;0;0;2;3;15;B01
200900035032;0;30;0;0;2;1;1;B01
200900035032;0;1;0;0;2;1;16;A01
200900035033;0;7;0;0;2;2;15;A01
200900035033;0;7;0;0;0;5;1;B01
200900035034;0;33;0;0;2;1;1;B01
200900035034;0;7;0;0;9;2;15;A01
200900035035;0;7;0;0;2;7;15;A01
200900035035;0;33;0;0;2;1;17;B01
200900035036;0;7;0;4;0;0;0;A01
200900035037;0;7;0;4;0;0;0;A01
200900035038;0;10;0;3;0;1;14;A01
200900035039;0;7;0;3;0;0;0;A01
200900035040;0;7;0;0;0;0;0;A01
200900035041;0;7;0;9;0;1;0;A01
200900035042;0;7;0;13;0;1;0;A01
200900035043;0;7;0;0;1;1;0;A01
200900035044;0;33;0;0;2;1;2;A01
200900035044;1;7;0;0;2;2;15;B01
200900035045;0;7;0;0;2;5;0;B01
200900035045;0;7;0;0;2;1;9;A01
200900035046;0;7;0;0;2;4;23;C01
200900035046;0;7;0;0;2;1;2;A01
200900035046;0;30;0;0;2;4;23;B01
200900035047;0;30;0;0;2;8;1;B01
200900035047;0;31;0;0;2;7;17;A01
200900035048;0;30;0;0;0;6;24;B01
200900035048;0;7;0;15;9;2;2;A01
200900035049;0;7;0;0;1;1;2;A01
200900035050;0;7;0;0;2;8;1;B02
200900035050;0;10;0;0;2;9;1;C03
200900035050;0;7;0;0;2;1;1;D04
200900035050;0;7;0;0;2;8;13;A01
200900035051;0;7;0;0;2;1;17;B02
200900035051;0;7;0;0;2;8;10;A01
200900035052;0;2;0;0;0;1;0;B02
200900035052;0;7;0;0;2;3;1;A01
200900035053;0;7;0;0;2;3;1;B02
200900035053;0;7;0;0;2;3;13;A01
200900035053;0;7;0;13;2;7;21;C03
200900035054;0;10;0;6;0;2;0;A01
200900035055;0;7;0;0;1;1;1;A01
200900035056;0;7;0;0;1;1;1;A01
200900035057;0;7;0;0;2;1;1;B02
200900035057;0;7;0;0;2;1;13;A01
200900035058;0;7;0;2;0;1;14;A01
200900035059;0;33;0;0;2;1;17;A01
200900035059;0;10;0;0;2;6;17;B02
200900035060;0;7;0;0;2;3;1;A01
200900035060;2;7;0;3;2;1;13;B02
200900035061;0;16;0;0;0;0;2;E05
200900035061;0;16;0;0;2;1;2;C03
200900035061;0;16;0;0;2;1;2;A01
200900035062;0;30;0;0;0;1;1;A01
200900035063;0;7;0;0;1;0;15;A01
200900035064;0;7;0;0;2;8;1;B01
200900035064;0;7;0;0;2;1;13;A01
200900035064;0;7;0;0;2;1;1;C01
200900035065;0;33;0;0;2;1;1;A01
200900035065;0;7;0;0;2;4;1;B01
200900035066;0;3;0;0;2;1;13;A01
200900035066;0;7;0;0;2;1;1;B01
200900035067;0;7;0;13;0;1;1;A01
200900035068;0;33;0;0;0;8;1;B02
200900035069;0;33;0;6;0;1;1;A01
200900035070;0;10;0;0;2;1;1;B02
200900035070;0;33;0;0;2;0;13;A01
200900035071;0;10;0;2;0;3;13;A01
200900035072;0;7;0;3;0;3;1;A01
200900035073;0;7;0;0;2;5;15;B02
200900035073;0;33;0;0;2;1;1;A01
200900035074;0;33;0;0;2;1;1;A01
200900035074;0;7;0;0;0;8;1;B02
200900035075;0;10;0;6;0;2;19;A01
200900035076;0;31;0;0;0;0;0;A01
200900035077;0;10;0;0;9;1;1;B02
200900035077;0;1;0;0;2;1;1;A01
200900035078;0;33;0;0;0;1;1;A01
200900035079;0;7;0;0;1;1;0;A01
200900035080;0;7;0;0;2;1;1;A01
200900035080;0;2;0;0;2;7;19;B01
200900035081;0;30;0;0;1;1;1;A01
200900035082;0;31;0;0;1;1;1;A01
200900035083;0;7;0;0;2;8;15;A01
200900035083;0;33;0;0;2;1;1;B01
200900035084;0;7;0;0;0;3;15;A01
200900035084;0;32;0;0;2;8;1;B01
200900035085;0;1;0;0;0;4;2;C01
200900035085;0;10;0;0;2;1;2;A01
200900035085;0;10;0;0;2;1;2;B01
200900035086;0;7;0;0;2;1;15;A01
200900035086;0;2;0;0;2;1;0;B01
200900035087;0;33;0;0;2;1;13;A01
200900035087;0;7;0;0;0;8;21;B01
200900035088;0;7;0;0;2;8;9;A01
200900035088;0;7;0;0;0;7;1;B01
200900035089;0;7;0;0;2;1;1;B01
200900035089;0;1;0;0;2;1;13;A01
200900035090;0;7;0;0;2;3;1;B01
200900035090;0;7;0;0;2;2;1;A01
200900035091;0;33;0;0;2;1;1;B01
200900035091;0;7;0;0;2;1;1;A01
200900035092;0;7;0;0;0;1;0;B01
200900035092;0;7;0;0;2;1;0;A01
200900035093;0;7;0;0;1;1;1;A01
200900035094;0;30;0;0;2;1;13;A01
200900035094;0;7;0;0;2;2;1;B01
200900035095;0;7;0;0;2;7;1;A01
200900035095;0;33;0;0;2;1;1;B01
200900035096;0;7;0;0;2;1;1;B01
200900035096;0;7;0;0;2;3;15;A01
200900035097;0;7;0;0;2;1;15;A01
200900035097;0;34;0;0;2;1;1;B01
200900035098;0;33;0;0;2;1;1;B01
200900035098;0;7;0;0;2;3;15;A01
200900035099;0;7;0;0;2;1;4;A01
200900035100;0;7;0;0;2;1;1;A01
200900035100;0;7;0;0;2;1;1;B01
200900035101;0;7;0;0;2;1;1;A01
200900035101;0;31;0;0;2;1;1;B01
200900035102;0;7;0;0;2;4;2;B01
200900035102;0;7;0;0;2;1;2;A01
200900035103;0;2;0;0;2;7;1;B01
200900035103;0;7;0;0;2;1;15;A01
200900035104;0;7;0;0;2;8;22;A01
200900035104;0;33;0;14;0;1;17;B02
200900035105;0;2;0;1;2;1;1;B02
200900035105;0;38;0;0;2;3;1;A01
200900035106;0;7;0;0;0;1;1;A01
200900035107;0;7;0;13;0;2;2;A01
200900035108;0;31;0;0;0;7;1;A01
200900035109;0;33;0;5;0;3;1;A01
200900035110;0;33;0;0;2;3;1;A01
200900035110;0;14;0;0;2;8;1;B02
200900035111;0;14;0;0;2;3;1;B02
200900035111;0;10;0;0;2;1;1;A01
200900035112;0;7;0;0;2;1;13;A01
200900035112;0;7;0;0;2;1;1;B02
200900035113;0;7;0;0;2;2;1;A01
200900035113;0;7;0;0;2;2;1;B02
200900035114;0;7;0;9;0;3;13;A01
200900035115;0;7;0;0;2;8;15;B02
200900035115;0;10;0;0;2;9;17;A01
200900035116;0;7;0;0;2;1;5;A01
200900035116;0;34;0;0;2;1;1;B02
200900035117;0;7;0;0;0;0;1;A01
200900035118;0;7;0;4;0;1;0;A01
200900035119;0;1;0;0;2;1;15;B02
200900035119;0;33;0;0;9;2;1;A01
200900035120;0;7;0;0;2;1;2;A01
200900035120;0;7;0;0;2;4;2;B01
200900035121;0;31;0;0;2;1;1;B02
200900035121;0;7;0;0;2;5;15;A01
200900035122;0;7;0;0;2;1;1;B02
200900035122;0;30;0;0;2;2;19;A01
200900035123;0;7;0;0;2;5;15;A01
200900035123;0;33;0;0;2;1;1;B02
200900035124;0;7;0;0;1;8;15;A01
200900035125;0;7;0;0;2;8;1;B02
200900035125;0;30;0;0;2;2;17;A01
200900035126;0;31;0;0;2;1;4;A01
200900035126;0;10;0;0;2;6;4;B02
200900035127;0;10;0;0;2;1;2;A01