num_acc;senc;catv;occutc;obs;obsm;choc;manv;num_veh
200900035127;0;7;0;0;0;4;2;B02
200900035128;0;7;0;13;0;3;1;A01
200900035129;0;33;0;0;2;7;17;B02
200900035129;0;7;0;0;2;8;13;A01
200900035130;0;7;0;2;0;1;1;A01
200900035131;0;33;0;0;2;1;1;B01
200900035131;0;10;0;0;2;7;19;A01
200900035132;0;7;0;0;1;2;1;A01
200900035133;0;7;0;0;2;3;10;A01
200900035133;0;31;0;0;2;1;0;B01
200900035134;0;7;0;0;1;7;1;A01
200900035135;0;1;0;0;2;4;2;B01
200900035135;0;7;0;0;2;1;2;A01
200900035136;0;32;0;0;2;1;1;B01
200900035136;0;7;0;0;2;4;4;A01
200900035137;0;7;0;0;2;2;16;A01
200900035137;0;32;0;0;2;8;15;B01
200900035138;0;7;0;13;0;2;0;A01
200900035139;0;37;1;0;1;2;1;A01
200900035140;0;7;0;0;1;1;1;A01
200900035141;0;2;0;0;2;9;1;A01
200900035141;0;2;0;0;2;3;1;B01
200900035142;0;7;0;0;2;3;2;A01
200900035142;0;2;0;0;2;1;0;B01
200900035143;0;7;0;0;2;1;1;A01
200900035143;0;30;0;0;2;3;1;B01
200900035144;0;7;0;0;0;0;0;A01
200900035145;0;31;0;0;2;7;1;A01
200900035145;0;10;0;0;2;1;1;B01
200900035146;0;7;0;0;2;4;1;A01
200900035146;0;30;0;0;2;4;1;B01
200900035147;0;7;0;0;2;8;20;A01
200900035147;0;2;0;0;2;7;1;B01
200900035148;0;37;15;0;2;7;1;B01
200900035148;0;2;0;1;2;8;11;A01
200900035149;0;7;0;0;1;3;15;A01
200900035150;0;7;0;0;2;6;0;C01
200900035150;0;30;0;0;2;1;0;A01
200900035150;0;7;0;0;2;3;0;B01
200900035151;0;7;0;4;0;1;13;A01
200900035152;0;2;0;0;2;1;1;B01
200900035152;0;7;0;0;2;3;9;A01
200900035153;0;2;0;0;2;0;15;A01
200900035153;0;7;0;0;2;1;0;B01
200900035154;0;7;0;0;2;2;15;A01
200900035154;0;2;0;0;2;1;1;B01
200900035155;0;33;0;0;2;1;0;B01
200900035155;0;7;0;0;2;3;15;A01
200900035156;0;32;0;0;2;4;1;A01
200900035156;0;7;0;0;2;2;0;B01
200900035157;0;31;0;0;2;1;1;A01
200900035157;0;7;0;0;2;6;1;B01
200900035158;0;7;0;0;2;1;1;B01
200900035158;0;2;0;0;2;7;1;A01
200900035159;0;7;0;0;2;1;0;A01
200900035159;0;37;2;0;2;0;0;B01
200900035160;0;30;0;0;2;3;1;B01
200900035160;0;7;0;0;2;2;12;A01
200900035161;0;7;0;0;2;1;9;B01
200900035161;0;31;0;0;2;9;17;A01
200900035162;0;7;0;0;2;1;1;B01
200900035162;0;7;0;0;2;1;1;A01
200900035163;0;2;0;0;2;1;1;B01
200900035163;0;7;0;0;2;6;10;A01
200900035164;0;1;0;0;1;1;1;A01
200900035165;0;7;0;0;2;3;15;A01
200900035165;0;2;0;0;2;1;1;B01
200900035166;0;7;0;1;0;2;20;A01
200900035167;0;7;0;0;0;0;9;A01
200900035167;0;30;0;0;0;7;1;B01
200900035168;0;1;0;0;1;1;1;A01
200900035169;0;7;0;0;2;4;2;B01
200900035169;0;32;0;0;2;1;2;A01
200900035170;0;7;0;0;2;2;12;A01
200900035170;0;1;0;0;2;0;1;B01
200900035171;0;7;0;0;2;1;0;A01
200900035171;0;7;0;0;2;3;0;B01
200900035172;0;7;0;0;2;8;9;A01
200900035172;0;33;0;0;2;2;1;B01
200900035173;0;7;0;0;2;8;15;A01
200900035173;0;30;0;0;2;1;1;B01
200900035174;0;31;0;0;2;1;0;B01
200900035174;0;99;0;0;2;2;0;A01
200900035175;0;7;0;0;1;1;1;A01
200900035176;0;2;0;0;1;1;2;A01
200900035177;0;2;0;0;2;2;0;B01
200900035177;0;7;0;0;2;3;0;A01
200900035178;0;7;0;0;2;1;0;A01
200900035178;0;2;0;0;0;4;0;B01
200900035179;0;10;0;0;2;1;5;A01
200900035179;0;33;0;0;2;1;1;B01
200900035180;0;7;0;0;1;2;1;A01
200900035181;0;30;0;0;2;8;1;B01
200900035181;0;10;0;0;2;7;17;A01
200900035182;0;7;0;0;1;1;9;A01
200900035183;0;33;0;0;2;1;1;A01
200900035183;0;7;0;0;2;3;9;B01
200900035184;0;7;0;0;2;1;1;A01
200900035184;0;7;0;0;2;4;1;B01
200900035184;0;7;0;0;2;4;1;C01
200900035185;0;31;0;8;0;1;1;A01
200900035186;0;7;0;0;2;6;15;A01
200900035186;0;37;37;0;2;2;1;B01
200900035187;0;2;0;0;1;1;1;A01
200900035188;0;37;1;0;2;0;1;A01
200900035188;0;33;0;0;2;2;1;B01
200900035189;0;2;0;0;2;8;9;A01
200900035189;0;7;0;0;2;1;1;B01
200900035190;0;7;0;0;1;6;0;A01
200900035191;0;7;0;0;2;1;1;B01
200900035191;0;7;0;0;2;1;0;A01
200900035192;0;7;0;0;1;0;1;A01
200900035193;0;7;0;0;2;2;15;A01
200900035193;0;7;0;0;2;1;1;B01
200900035194;0;2;0;0;2;2;15;A01
200900035194;0;7;0;0;2;8;15;B01
200900035195;0;33;0;9;2;3;1;A01
200900035195;0;7;0;0;2;1;1;B01
200900035196;0;30;0;0;1;1;0;A01
200900035197;0;30;0;0;2;9;0;A01
200900035197;0;7;0;0;2;1;1;B01
200900035198;0;2;0;0;2;1;1;A01
200900035198;0;7;0;0;2;4;23;B01
200900035199;0;7;0;0;2;3;9;A01
200900035199;0;2;0;0;2;2;1;B01
200900035200;0;7;0;0;2;1;15;A01
200900035200;0;7;0;0;2;4;23;C01
200900035200;0;33;0;1;2;8;1;B01
200900035201;0;37;1;0;2;1;2;A01
200900035201;0;7;0;0;1;4;2;B01
200900035202;0;33;0;0;2;1;1;B01
200900035202;0;3;0;0;2;1;15;A01
200900035203;0;31;0;0;2;4;1;B01
200900035203;0;7;0;0;2;1;1;A01
200900035204;0;30;0;0;2;1;0;A01
200900035204;0;7;0;0;2;3;0;B01
200900035205;0;33;0;0;0;4;2;B01
200900035205;0;10;0;0;2;3;2;A01
200900035206;0;7;0;0;2;2;16;A01
200900035206;0;1;0;0;2;1;1;B01
200900035207;0;30;0;0;2;1;1;B01
200900035207;0;7;0;0;2;8;9;A01
200900035208;0;7;0;0;2;1;1;A01
200900035208;0;10;0;0;2;3;1;B01
200900035209;0;32;0;0;2;1;1;A01
200900035209;0;7;0;0;2;1;1;B01
200900035210;0;7;0;0;1;2;9;A01
200900035211;0;7;0;0;2;7;1;A01
200900035211;0;7;0;0;2;1;1;B01
200900035212;0;7;0;0;2;1;1;A01
200900035212;0;7;0;0;2;3;1;B01
200900035213;0;2;0;0;0;1;1;B01
200900035213;0;7;0;0;2;1;1;A01
200900035214;0;33;0;0;1;1;0;A01
200900035215;0;7;0;0;1;1;1;A01
200900035216;0;7;0;0;1;3;1;A01
200900035217;0;33;0;0;1;8;1;A01
200900035218;0;7;0;0;2;1;1;B01
200900035218;0;31;0;0;2;1;0;A01
200900035219;1;7;0;0;2;0;0;A01
200900035219;0;32;0;0;2;1;0;B01
200900035220;0;2;0;0;2;9;1;B01
200900035220;0;33;0;0;2;9;1;A01
200900035221;0;2;0;0;2;9;1;A01
200900035221;1;7;0;0;2;7;3;C01
200900035221;0;7;0;0;2;4;1;B01
200900035222;0;7;0;0;2;1;0;A01
200900035222;0;1;0;0;2;1;0;B01
200900035223;0;32;0;0;2;1;17;A01
200900035223;0;7;0;0;2;3;15;B01
200900035224;0;30;0;0;2;1;1;B01
200900035224;0;7;0;0;2;2;15;A01
200900035225;0;7;0;1;2;1;1;A01
200900035225;0;32;0;0;2;8;15;B01
200900035226;0;2;0;0;2;1;2;A01
200900035226;0;7;0;0;2;4;2;B01
200900035227;0;7;0;0;2;6;1;A01
200900035227;0;7;0;0;2;1;1;B01
200900035228;0;7;0;0;2;1;1;A01
200900035228;0;7;0;0;2;5;1;B01
200900035229;0;7;0;0;1;8;15;A01
200900035230;0;33;0;0;2;7;1;B01
200900035230;0;7;0;0;2;8;11;A01
200900035231;0;7;0;0;2;2;1;A01
200900035231;0;30;0;0;2;1;1;B01
200900035232;0;7;0;0;1;1;1;A01
200900035233;0;7;0;0;2;3;9;A01
200900035233;0;31;0;0;2;1;1;B01
200900035234;0;7;0;0;2;1;2;A01
200900035234;0;7;0;0;2;4;2;B01
200900035235;0;10;0;0;2;8;15;B01
200900035235;0;2;0;0;2;1;1;A01
200900035236;0;7;0;1;0;3;13;A01
200900035237;0;2;0;0;2;1;0;B01
200900035237;0;7;0;0;2;1;15;A01
200900035238;0;7;0;0;2;1;1;A01
200900035238;0;2;0;0;2;1;15;B01
200900035239;0;33;0;0;2;1;1;B01
200900035239;0;7;0;0;2;8;15;A01
200900035240;0;7;0;0;1;4;4;A01
200900035241;0;7;0;0;2;3;0;B01
200900035241;0;33;0;0;2;1;0;A01
200900035242;0;7;0;0;1;1;1;A01
200900035243;0;7;0;0;2;1;0;B01
200900035243;0;7;0;0;2;6;9;A01
200900035244;0;7;0;0;2;3;20;A01
200900035244;0;2;0;0;2;0;17;B01
200900035245;0;7;0;0;0;3;15;B01
200900035245;0;33;0;0;2;1;17;A01
200900035246;0;7;0;0;2;1;15;A01
200900035246;0;7;0;0;2;3;1;B01
200900035246;0;7;0;0;2;8;1;C01
200900035247;0;2;0;0;2;1;1;B01
200900035247;0;7;0;0;2;3;16;A01
200900035248;0;33;0;0;2;1;1;B01
200900035248;0;1;0;0;2;4;6;A01
200900035249;0;31;0;0;2;1;1;A01
200900035249;0;7;0;0;2;5;1;B01
200900035250;0;33;0;0;2;7;1;B01
200900035250;0;7;0;0;2;1;15;A01
200900035251;0;2;0;1;1;1;1;A01
200900035252;0;2;0;1;0;2;17;A01
200900035252;0;7;0;0;2;6;24;B02
200900035253;0;7;0;0;1;1;16;A01
200900035254;0;2;0;0;1;1;1;A01
200900035255;0;33;0;0;1;8;1;A01
200900035256;0;33;0;0;2;1;1;B01
200900035256;0;7;0;0;2;8;15;A01
200900035257;0;7;0;0;2;1;1;B01
200900035257;0;10;0;0;2;3;15;A01
200900035258;0;33;0;0;0;0;1;A01
200900035258;0;1;0;0;0;9;1;B02
200900035259;0;7;0;0;1;4;1;A01
200900035260;0;30;0;0;2;8;1;B01
200900035260;0;7;0;0;2;7;16;A01
200900035261;0;7;0;0;2;1;14;A01
200900035261;0;7;0;0;2;4;23;B01
200900035261;0;7;0;0;0;4;23;C01
200900035262;0;30;0;0;2;1;2;A01
200900035262;0;7;0;0;2;4;2;B01
200900035263;0;31;0;0;2;7;1;A01
200900035263;0;10;0;0;2;3;1;B01
200900035264;0;7;0;0;1;1;1;A01
200900035265;0;7;0;0;2;5;1;A01
200900035265;0;31;0;0;2;1;9;B01
200900035266;0;7;0;0;1;0;15;A01
200900035267;0;7;0;0;0;3;1;A01
200900035268;0;32;0;0;1;1;1;A01
200900035269;0;7;0;0;1;2;1;A01
200900035270;0;33;0;0;0;8;0;A01
200900035271;0;7;0;0;2;6;1;B01
200900035271;0;2;0;0;2;1;1;A01
200900035272;0;7;0;0;2;5;17;A01
200900035272;0;2;0;0;2;8;1;B01
200900035273;0;7;0;0;2;8;11;A01
200900035273;0;2;0;0;2;7;1;B01
200900035274;1;7;0;0;2;1;2;A01
200900035274;0;34;0;0;0;4;2;B01
200900035275;0;10;0;0;2;3;15;A01
200900035275;0;2;0;0;2;1;1;B01
200900035276;0;32;0;0;2;1;1;B02
200900035276;0;7;0;0;2;3;15;A01
200900035277;0;7;0;8;0;2;14;A01
200900035278;0;7;0;13;0;3;19;A01
200900035279;0;7;0;0;2;1;13;A01
200900035279;0;10;0;0;2;1;1;B02
200900035280;0;7;0;2;0;2;1;A01
200900035281;0;7;0;0;2;3;13;A01
200900035281;0;33;0;0;2;1;17;B01
200900035282;0;7;0;0;0;3;1;B02
200900035282;0;7;0;0;0;3;13;A01
200900035283;0;1;0;0;2;1;1;B02
200900035283;0;10;0;0;2;7;16;A01
200900035284;0;7;0;13;0;9;1;A01
200900035285;0;7;0;0;2;1;15;A01
200900035285;0;7;0;0;2;2;1;B02
200900035286;0;7;0;0;0;9;1;A01
200900035287;0;7;0;5;0;1;1;A01
200900035288;1;7;0;0;0;2;15;B02
200900035288;0;30;0;0;0;2;0;A01
200900035289;0;7;0;0;1;3;1;A01
200900035290;0;7;0;0;2;3;16;A01
200900035290;0;7;0;1;2;1;1;B01
200900035291;0;30;0;12;0;0;14;A01
200900035292;0;7;0;16;0;3;1;A01
200900035293;0;17;0;0;2;8;13;B02
200900035293;0;7;0;0;2;7;17;A01
200900035294;0;7;0;6;0;1;15;A01
200900035295;0;7;0;6;2;2;1;A01
200900035296;0;7;0;1;1;3;21;A01
200900035296;0;7;0;0;0;0;24;A02
200900035297;0;10;0;0;2;6;1;B02
200900035297;0;7;0;0;2;3;13;A01
200900035297;0;7;0;0;2;1;1;C03
200900035298;0;7;0;0;1;2;19;A01
200900035299;0;7;0;0;1;1;1;A01
200900035300;0;17;0;0;0;8;16;A01
200900035301;0;7;0;0;2;3;1;B02
200900035301;0;7;0;13;2;1;13;A01
200900035302;0;7;0;0;2;1;1;A01
200900035302;0;10;0;0;2;3;15;B02
200900035303;0;1;0;0;0;4;2;B02
200900035303;1;15;0;0;9;0;2;A01
200900035304;0;33;0;8;0;7;1;A01
200900035305;0;33;0;0;0;1;2;A01
200900035306;0;30;0;0;2;1;0;A01
200900035306;0;21;0;0;2;1;5;B02
200900035307;0;7;0;0;2;1;1;A01
200900035307;0;13;0;0;0;4;0;B02
200900035308;0;36;0;0;0;3;15;A01
200900035308;0;30;0;0;0;1;1;B02
200900035309;0;7;0;0;2;3;1;A01
200900035309;0;7;0;0;2;3;1;B02
200900035310;0;10;0;2;0;1;15;A01
200900035311;0;7;0;0;2;2;15;A01
200900035311;0;7;0;0;2;6;1;B02
200900035312;0;33;0;0;1;8;1;A01
200900035313;0;33;0;0;0;3;0;A01
200900035314;0;7;0;0;2;7;19;B02
200900035314;0;7;0;0;2;1;1;A01
200900035315;0;7;0;7;0;3;2;A01
200900035316;0;1;0;0;2;8;1;B02
200900035316;0;7;0;0;2;7;17;A01
200900035317;0;7;0;0;2;3;15;A01
200900035317;0;33;0;0;2;1;1;B02
200900035318;0;7;0;0;2;3;17;A01
200900035318;0;2;0;0;2;1;0;B02
200900035319;0;31;0;0;2;1;1;B02
200900035319;0;7;0;0;2;1;15;A01
200900035320;0;7;0;0;0;1;1;A01
200900035321;0;15;0;0;2;6;2;B02
200900035322;1;7;0;0;0;8;5;B02
200900035322;0;31;0;0;0;8;1;A01
200900035323;1;7;0;0;1;3;4;A01
200900035324;0;30;0;0;2;1;1;B02
200900035324;0;10;0;0;2;3;15;A01
200900035325;0;33;0;3;0;3;14;A01
200900035326;0;7;0;0;2;3;1;B02
200900035326;0;3;0;0;2;2;15;A01
200900035327;0;7;0;8;0;3;1;A01
200900035328;0;7;0;0;0;9;13;A01
200900035329;0;31;0;0;2;1;1;A01
200900035329;0;7;0;0;2;1;15;B02
200900035330;0;7;0;6;0;1;1;A01
200900035331;0;7;0;0;9;3;5;B02
200900035331;0;30;0;0;2;8;5;A01
200900035332;0;7;0;13;0;1;1;A01
200900035333;0;7;0;0;2;8;15;B02
200900035333;0;33;0;0;2;1;1;A01
200900035334;0;14;0;0;2;6;24;A01
200900035334;0;10;0;1;0;3;1;B02
200900035335;0;7;0;1;0;1;1;A01
200900035335;0;14;0;0;0;4;24;B02
200900035336;0;7;0;13;0;3;13;A01
200900035337;0;33;0;16;0;8;1;A01
200900035338;0;17;0;0;2;1;1;A01
200900035338;0;7;0;0;0;8;16;B02
200900035339;0;17;0;2;0;1;14;A01
200900035340;0;7;0;0;0;0;19;A01
200900035340;0;7;0;0;2;0;1;B02
200900035341;0;7;0;0;0;2;15;A01
200900035341;0;7;0;0;0;3;1;B02
200900035342;0;7;0;16;0;1;1;A01
200900035343;0;7;0;8;0;3;1;A01
200900035344;0;7;0;0;2;1;1;A01
200900035344;0;7;0;0;2;7;15;B02
200900035345;0;7;0;0;2;4;0;B01
200900035345;0;7;0;0;2;1;0;A01
200900035346;0;33;0;0;2;6;1;B01
200900035346;0;7;0;0;2;2;9;A01
200900035347;0;17;0;0;2;3;1;B01
200900035347;0;30;0;0;2;8;15;A01
200900035348;0;7;0;0;1;1;1;A01
200900035349;0;2;0;0;2;1;1;B01
200900035349;0;7;0;0;2;6;9;A01
200900035350;0;7;0;0;1;2;15;A01
200900035351;0;7;0;0;2;2;1;A01
200900035351;0;7;0;0;2;6;23;C01
200900035351;0;7;0;0;2;1;1;B01
200900035352;0;36;0;6;0;1;0;A01
200900035353;0;2;0;0;2;1;15;B01
200900035353;0;7;0;0;2;3;8;A01
200900035354;0;7;0;0;2;3;1;B01
200900035354;0;2;0;0;2;1;5;A01
200900035355;0;7;0;0;2;1;1;B01
200900035355;1;7;0;0;2;3;9;A01
200900035356;0;7;0;0;1;1;1;A01
200900035357;0;7;0;0;2;3;13;A01
200900035357;0;7;0;0;2;3;1;B02
200900035358;0;7;0;0;2;3;13;A01
200900035358;0;14;0;0;2;3;0;B02
200900035359;0;7;0;6;0;3;1;A01
200900035360;0;7;0;0;2;3;1;B02
200900035360;0;7;0;0;2;3;1;A01
200900035361;0;7;0;0;2;3;1;A01
200900035361;0;15;0;0;2;3;1;B02
200900035362;0;7;0;2;0;3;19;A01
200900035363;0;7;0;0;2;3;15;A01
200900035363;0;7;0;0;2;3;15;B02
200900035364;0;7;0;0;2;2;17;B02
200900035364;0;17;0;0;2;8;1;C03
200900035364;0;7;0;0;2;3;17;A01
200900035365;0;10;0;0;1;2;1;A01
200900035366;0;33;0;0;0;8;1;A01
200900035367;0;7;0;16;0;2;0;A01
200900035368;0;7;0;0;0;7;1;A01
200900035369;0;7;0;16;0;7;13;A01
200900035370;0;7;0;0;2;4;1;B02
200900035370;0;7;0;0;2;1;1;A01
200900035371;0;7;0;0;2;1;1;C03
200900035371;0;7;0;0;2;1;23;B02
200900035371;0;7;0;0;2;2;15;A01
200900035372;0;33;0;0;2;3;13;A01
200900035372;0;7;0;0;2;8;1;B02
200900035373;0;7;0;0;9;1;1;A01
200900035373;0;1;0;0;2;4;1;B02
200900035374;0;33;0;13;2;2;17;A01
200900035374;0;7;0;0;2;8;15;B02
200900035375;0;7;0;0;2;3;17;A01
200900035375;0;10;0;0;2;3;1;B02
200900035376;0;7;0;13;0;1;13;A01
200900035377;0;30;0;0;2;3;15;A01
200900035377;0;15;0;0;2;2;1;B02
200900035378;0;17;0;13;0;7;14;A01
200900035379;0;7;0;0;0;8;15;A01
200900035379;0;99;0;0;2;1;17;B02
200900035380;0;7;0;13;0;1;13;A01
200900035381;0;7;0;0;2;1;0;B02
200900035381;0;7;0;8;0;3;19;A01
200900035382;0;33;0;13;0;1;14;A01
200900035383;0;7;0;0;1;3;1;A01
200900035384;0;14;0;3;0;2;1;A01
200900035385;0;10;0;0;2;4;13;B02
200900035385;0;2;0;0;2;8;14;A01
200900035386;0;7;0;0;2;3;13;A01
200900035386;0;7;0;0;2;3;1;B02
200900035387;0;7;0;0;9;3;15;A01
200900035387;0;1;0;0;2;1;1;B02
200900035388;0;7;0;0;2;0;1;C03
200900035388;0;7;0;0;2;1;1;D04
200900035388;0;7;0;0;2;6;1;E05
200900035388;0;7;0;0;2;9;1;A01
200900035388;0;7;0;0;2;3;1;B02
200900035389;0;2;0;0;2;1;19;B02
200900035389;0;7;0;0;2;2;1;A01
200900035390;0;7;0;0;2;8;1;B02
200900035390;0;7;0;0;2;3;13;A01
200900035390;0;7;0;0;2;3;1;C03
200900035391;0;7;0;0;0;6;1;B02
200900035392;0;33;0;0;2;1;17;A01
200900035392;0;21;0;0;2;3;15;B02
200900035393;0;10;0;0;2;5;23;B02
200900035393;0;7;0;0;2;3;1;A01
200900035394;0;7;0;0;2;1;13;A01
200900035394;0;17;0;0;2;3;1;B02
200900035395;0;7;0;13;0;2;1;A01
200900035396;0;33;0;9;0;8;1;A01
200900035397;0;7;0;0;0;1;1;A01
200900035397;0;1;0;0;2;0;0;B02
200900035398;0;7;0;13;0;2;1;A01
200900035399;0;7;0;0;2;2;13;B02
200900035399;0;17;0;0;0;2;0;A01
200900035400;0;30;0;0;0;1;0;B02
200900035400;0;7;0;0;0;3;0;A01
200900035401;0;33;0;0;0;2;1;B02
200900035401;0;7;0;0;0;3;19;A01
200900035402;0;33;0;0;2;1;0;A01
200900035402;0;10;0;0;2;7;19;B02
200900035403;0;7;0;0;0;4;15;A01
200900035403;0;10;0;0;2;1;1;B02
200900035404;0;33;0;13;0;1;1;A01
200900035405;0;13;0;0;2;1;16;A01
200900035405;0;31;0;0;2;7;1;B02
200900035406;0;7;0;0;2;1;1;A01
200900035406;0;7;0;0;2;8;15;B02
200900035407;0;7;0;0;2;3;1;B02
200900035407;0;10;0;0;2;3;1;A01
200900035408;0;7;0;0;2;6;1;B02
200900035408;0;30;0;0;2;8;1;A01
200900035409;0;7;0;0;2;1;1;A01
200900035409;0;17;0;0;2;3;1;B02
200900035410;0;7;0;0;2;1;1;B02
200900035410;0;7;0;0;2;2;15;A01
200900035411;0;10;0;0;1;3;1;A01
200900035412;0;30;0;0;0;0;1;A01
200900035413;0;7;0;6;0;1;19;A01
200900035414;0;7;0;2;0;8;1;A01
200900035415;0;7;0;16;0;9;1;A01
200900035416;0;30;0;0;2;3;1;A01
200900035416;0;7;0;0;2;2;15;B02
200900035417;0;7;0;0;1;0;21;A01
200900035418;0;7;0;0;2;1;15;A01
200900035418;0;2;0;0;2;1;1;B01
200900035419;0;7;0;0;0;1;1;B01
200900035419;0;7;0;0;2;2;15;C01
200900035419;0;7;0;0;2;7;15;A01
200900035420;0;1;0;0;2;8;1;B01
200900035420;0;7;0;0;2;5;16;A01
200900035421;0;7;0;0;0;4;23;B01
200900035421;0;7;0;0;2;1;1;A01
200900035422;0;2;0;0;2;1;0;A01
200900035423;0;7;0;0;2;1;1;B01
200900035423;0;7;0;0;2;1;13;A01
200900035424;0;33;0;0;0;1;0;A01
200900035425;0;7;0;0;2;6;13;A01
200900035425;0;33;0;0;2;1;1;B01
200900035426;0;33;0;0;2;1;17;A01
200900035426;0;7;0;0;2;4;1;B01
200900035427;0;7;0;0;1;1;1;A01
200900035428;0;32;0;0;2;8;1;B01
200900035428;2;30;0;0;2;1;1;A01
200900035429;0;7;0;0;1;1;1;A01
200900035430;0;7;0;0;2;1;2;A01
200900035430;0;7;0;0;2;1;2;B01
200900035430;0;7;0;0;0;1;2;C01
200900035431;0;33;0;0;2;1;1;B01
200900035431;0;7;0;0;2;3;15;A01
200900035432;0;2;0;0;2;1;17;A01
200900035432;0;7;0;0;2;1;15;B01
200900035433;0;7;0;0;2;2;16;A01
200900035433;0;37;23;0;2;3;9;B01
200900035434;0;2;0;0;2;1;1;A01
200900035434;0;7;0;0;2;5;15;B01
200900035435;0;33;0;0;2;1;1;B01
200900035435;0;7;0;0;9;2;15;A01
200900035436;0;30;0;0;2;1;1;B01
200900035436;0;7;0;0;2;0;15;A01
200900035437;0;1;0;0;2;8;1;B01
200900035437;0;7;0;0;2;1;15;A01
200900035438;0;7;0;0;1;7;1;A01
200900035439;0;10;0;0;1;6;4;A01
200900035440;0;7;0;0;2;1;2;A01
200900035440;0;7;0;0;2;4;1;B01
200900035441;0;7;0;0;2;1;2;A01
200900035441;0;7;0;0;2;4;0;B01
200900035442;0;7;0;6;0;9;1;A01
200900035443;0;7;0;0;2;3;1;B01
200900035443;0;7;0;0;2;2;1;A01
200900035444;0;3;0;0;1;3;16;A01
200900035445;0;7;0;0;2;2;15;B01
200900035445;0;30;0;0;2;1;1;A01
200900035446;0;7;0;0;2;2;16;A01
200900035446;0;2;0;1;2;8;1;B01
200900035447;0;7;0;0;2;3;1;B01
200900035447;0;7;0;0;2;3;15;A01
200900035448;0;7;0;0;2;1;1;A01
200900035448;0;7;0;0;2;1;1;B01
200900035449;0;33;0;0;0;0;9;A01
200900035450;0;10;0;0;2;2;1;A01
200900035450;0;7;0;0;2;3;1;B01
200900035451;0;31;0;0;2;0;1;A01
200900035451;0;7;0;0;2;4;9;B01
200900035452;0;33;0;0;2;1;5;A01
200900035452;0;7;0;0;2;0;1;C01
200900035452;0;30;0;0;2;8;1;B01
200900035453;0;2;0;0;2;1;1;B01
200900035453;0;7;0;0;2;3;9;A01
200900035454;0;7;0;0;2;1;1;A01
200900035454;0;7;0;0;2;9;1;B01
200900035454;0;7;0;0;2;4;1;C01
200900035454;0;7;0;0;2;4;1;D01
200900035455;0;7;0;0;9;1;0;A01
200900035455;0;1;0;0;2;2;0;B01
200900035456;0;7;0;0;9;8;9;A01
200900035456;0;1;0;0;2;1;1;B01
200900035457;0;38;1;0;2;1;1;A01
200900035457;0;7;0;0;2;4;2;B01
200900035458;0;7;0;0;2;8;1;B01
200900035458;0;2;0;0;2;1;9;A01
200900035459;0;7;0;0;2;1;1;B01
200900035459;0;1;0;0;0;0;13;A01
200900035460;0;7;0;0;2;8;1;B01
200900035460;0;14;0;0;2;2;16;A01
200900035461;0;7;0;0;1;4;4;A01
200900035462;0;2;0;0;2;1;2;A01
200900035462;0;7;0;0;2;6;2;B01
200900035463;0;7;0;13;0;9;1;A01
200900035464;0;7;0;0;1;1;21;A01
200900035465;0;7;0;0;2;1;2;B01
200900035465;0;7;0;0;2;6;1;A01
200900035466;0;7;0;0;2;1;5;A01
200900035466;0;10;0;0;2;1;1;B02
200900035467;0;1;0;0;2;1;15;A01
200900035467;0;7;0;0;2;3;16;B02
200900035468;0;33;0;0;2;1;17;A01
200900035468;0;21;0;0;2;3;15;B02
200900035469;0;7;0;5;2;2;1;A01
200900035469;0;7;0;0;2;7;17;B02
200900035470;0;7;0;0;0;0;16;A01
200900035470;0;1;0;0;2;0;21;B02
200900035471;0;7;0;0;2;8;13;A01
200900035471;0;7;0;0;2;8;1;B01
200900035472;0;7;0;16;0;1;1;A01
200900035473;0;7;0;0;2;1;2;C01
200900035473;0;7;0;0;5;1;1;A01
200900035473;0;7;0;0;2;1;2;B01
200900035474;0;7;0;8;0;1;1;A01
200900035475;0;7;0;1;0;1;1;A01
200900035475;0;7;0;0;2;4;24;B01
200900035476;0;2;0;6;0;7;1;A01
200900035477;0;7;0;0;2;5;4;A01
200900035477;0;30;0;0;2;1;1;B01
200900035478;0;7;0;0;9;2;14;A01
200900035479;0;33;0;0;0;0;1;A01
200900035480;0;7;0;16;0;2;1;A01
200900035481;0;7;0;0;6;9;1;A01
200900035482;0;7;0;0;2;1;15;A01
200900035482;0;7;0;0;2;1;1;B01
200900035483;0;7;0;0;2;4;1;B01
200900035483;0;7;0;0;2;1;1;A01
200900035484;0;31;0;0;2;1;2;A01
200900035484;0;7;0;0;2;6;2;B01
200900035485;0;33;0;0;2;8;13;A01
200900035485;0;33;0;0;2;7;14;B01
200900035486;0;2;0;0;2;1;1;B01
200900035486;0;7;0;0;2;3;19;A01
200900035487;0;33;0;0;2;1;1;A01
200900035487;0;7;0;0;2;2;1;B01
200900035488;0;7;0;0;2;2;1;B01
200900035488;0;7;0;0;2;1;1;A01
200900035489;0;7;0;0;2;1;16;B01
200900035489;0;2;0;0;2;8;17;A01
200900035489;0;7;0;0;2;8;1;C01
200900035490;0;7;0;2;0;0;0;A01
200900035491;0;7;0;0;2;3;15;A01
200900035491;0;7;0;0;2;1;1;B01
200900035492;0;7;0;0;1;1;15;A01
200900035493;0;7;0;14;0;1;1;A01
200900035494;0;7;0;0;2;7;9;A01
200900035494;0;38;16;0;2;3;9;B01
200900035495;0;33;0;0;2;7;21;A01