num_acc;senc;catv;occutc;obs;obsm;choc;manv;num_veh
200900035495;0;7;0;0;2;4;1;B01
200900035496;0;7;0;0;2;7;1;B01
200900035496;0;33;0;0;2;1;9;A01
200900035497;0;7;0;0;2;2;2;A01
200900035497;0;7;0;0;2;4;20;B01
200900035498;0;33;0;0;2;1;1;A01
200900035498;0;7;0;0;5;6;21;B01
200900035499;0;7;0;9;2;6;23;C01
200900035499;0;33;0;0;2;7;16;A01
200900035499;0;7;0;0;2;3;1;B01
200900035500;0;7;0;0;2;2;15;A01
200900035500;0;30;0;0;2;1;1;B01
200900035501;0;7;0;0;2;1;1;A01
200900035501;0;34;0;0;2;8;1;B01
200900035502;0;33;0;0;2;1;0;B01
200900035502;2;7;0;0;1;2;15;A01
200900035503;0;34;0;0;0;8;1;A01
200900035504;0;7;0;0;2;4;1;B01
200900035504;0;2;0;0;2;1;1;A01
200900035505;0;7;0;2;0;1;15;A01
200900035506;0;7;0;6;2;8;15;B01
200900035506;0;33;0;0;2;1;17;A01
200900035507;0;7;0;0;2;4;2;C01
200900035507;0;7;0;0;2;4;2;D01
200900035507;0;7;0;0;2;4;2;B01
200900035507;0;7;0;0;2;1;2;A01
200900035508;0;7;0;0;2;3;2;B01
200900035508;0;7;0;0;2;4;17;A01
200900035509;0;7;0;0;2;1;1;B01
200900035509;0;7;0;0;2;2;13;A01
200900035510;0;33;0;0;2;0;1;A01
200900035510;0;7;0;0;2;3;5;B01
200900035511;0;14;0;0;2;3;9;A01
200900035511;0;7;0;0;2;5;9;B01
200900035512;0;7;0;0;2;8;1;B01
200900035512;0;7;0;7;2;1;6;A01
200900035513;0;2;0;0;2;1;1;A01
200900035513;0;7;0;0;2;2;1;B01
200900035514;0;1;0;0;2;1;19;A01
200900035514;0;7;0;0;2;2;16;B01
200900035515;0;7;0;0;2;8;15;B01
200900035515;0;7;0;0;2;1;1;A01
200900035516;0;7;0;0;2;1;1;A01
200900035516;0;7;0;0;2;6;9;B01
200900035517;0;7;0;0;2;3;20;A01
200900035517;0;1;0;0;2;2;19;B01
200900035518;1;35;0;0;1;0;0;A01
200900035519;0;7;0;0;2;1;23;C01
200900035519;0;7;0;0;2;1;1;B01
200900035519;0;7;0;0;2;7;15;A01
200900035520;0;7;0;0;2;3;13;A01
200900035520;0;7;0;0;2;3;1;B01
200900035521;0;33;0;16;0;9;1;A01
200900035522;0;7;0;0;2;1;1;B02
200900035522;0;33;0;0;2;1;17;A01
200900035523;1;7;0;0;1;2;1;A01
200900035524;1;7;0;0;0;0;22;B01
200900035524;0;7;0;15;0;1;21;A01
200900035525;0;7;0;0;2;3;1;C03
200900035525;0;7;0;0;2;3;17;A01
200900035525;0;7;0;0;2;8;1;B02
200900035526;0;7;0;0;2;8;15;A01
200900035526;0;7;0;0;2;1;1;B02
200900035527;0;7;0;0;2;3;15;A01
200900035527;0;33;0;0;2;1;17;B01
200900035528;0;7;0;0;2;6;19;A01
200900035528;0;7;0;0;2;3;21;B02
200900035529;0;7;0;0;2;6;15;A01
200900035529;0;10;0;6;2;3;1;B02
200900035530;0;10;0;0;2;1;1;B02
200900035530;0;33;0;0;2;0;3;A01
200900035531;0;7;0;0;2;5;15;A01
200900035531;0;33;0;0;2;1;1;B02
200900035532;0;34;0;0;0;7;1;A01
200900035533;0;33;0;0;2;1;1;B02
200900035533;0;7;0;0;2;3;16;A01
200900035534;0;7;0;0;2;1;1;A01
200900035534;0;33;0;0;2;1;13;B02
200900035535;0;7;0;0;1;3;1;A01
200900035536;0;30;0;0;1;0;1;A01
200900035537;0;7;0;0;1;1;1;A01
200900035538;0;7;0;0;2;3;9;A01
200900035538;0;33;0;0;2;7;1;B01
200900035539;0;7;0;0;2;1;2;A01
200900035539;0;7;0;0;2;4;2;B01
200900035540;0;7;0;0;2;3;15;A01
200900035540;0;31;0;0;2;1;17;B01
200900035541;0;7;0;0;2;4;2;D01
200900035541;0;7;0;0;2;1;2;B01
200900035541;0;7;0;0;2;1;2;A01
200900035541;0;7;0;0;2;4;2;C01
200900035542;0;7;0;3;0;3;1;A01
200900035543;0;7;0;0;2;1;1;B01
200900035543;0;7;0;0;2;1;13;A01
200900035544;0;7;0;0;2;1;13;A01
200900035544;0;7;0;0;2;1;1;B01
200900035545;0;32;0;0;2;1;1;B01
200900035545;0;7;0;0;2;7;15;A01
200900035546;0;33;0;0;0;7;1;A01
200900035547;0;7;0;0;1;1;9;A01
200900035548;0;30;0;0;2;4;2;A01
200900035548;0;30;0;0;2;1;2;B01
200900035549;0;7;0;0;2;1;1;A01
200900035549;0;7;0;0;2;4;1;B01
200900035550;0;7;0;0;0;9;1;A01
200900035551;0;7;0;0;1;2;1;A01
200900035552;0;33;0;0;0;8;16;A01
200900035553;0;10;0;14;0;7;12;A01
200900035554;0;7;0;0;2;2;2;A01
200900035554;0;7;0;0;2;6;1;B01
200900035555;0;7;0;0;2;4;2;C01
200900035555;0;10;0;0;2;1;2;A01
200900035555;0;7;0;0;2;4;2;B01
200900035556;0;7;0;0;2;1;9;A01
200900035556;0;7;0;0;2;1;2;B01
200900035557;0;33;0;0;2;1;2;A01
200900035557;0;7;0;0;2;6;2;B01
200900035558;0;7;0;3;0;1;0;A01
200900035559;0;7;0;0;2;1;2;A01
200900035559;0;10;0;0;2;4;2;C01
200900035559;0;7;0;0;2;4;2;B01
200900035560;0;33;0;0;0;7;9;A01
200900035561;0;7;0;0;2;8;1;B01
200900035561;0;15;0;0;2;1;12;A01
200900035562;0;10;0;0;2;8;1;B01
200900035562;0;31;0;0;2;3;3;A01
200900035563;0;7;0;0;2;5;2;B01
200900035563;0;33;0;0;2;1;2;A01
200900035564;1;7;0;0;0;0;0;C01
200900035564;0;7;0;0;0;4;2;B01
200900035564;0;7;0;0;2;4;2;A01
200900035564;1;7;0;0;0;0;0;D01
200900035565;0;7;0;0;2;5;11;B01
200900035565;0;31;0;0;2;7;3;A01
200900035566;0;7;0;4;0;8;21;A01
200900035567;0;7;0;0;2;3;1;B01
200900035567;0;17;0;0;2;2;9;A01
200900035568;0;7;0;4;0;1;1;A01
200900035569;0;7;0;0;2;4;2;F02
200900035569;0;7;0;0;2;3;2;D01
200900035569;0;7;0;0;2;1;0;E01
200900035569;0;7;0;0;0;4;2;C01
200900035569;0;7;0;0;0;4;2;B01
200900035569;0;7;0;0;2;1;2;A01
200900035570;0;7;0;3;0;2;2;A01
200900035571;0;7;0;0;2;4;2;B01
200900035571;0;32;0;0;2;1;2;A01
200900035572;0;7;0;0;2;1;2;A01
200900035572;0;7;0;0;2;4;2;B01
200900035573;0;7;0;4;0;2;14;A01
200900035574;0;15;0;0;2;2;12;A01
200900035574;0;7;0;0;2;6;1;B01
200900035575;0;7;0;0;1;1;1;A01
200900035576;0;7;0;0;2;2;2;A01
200900035576;0;7;0;0;0;6;2;B01
200900035577;0;7;0;0;2;7;15;B01
200900035577;0;33;0;0;2;8;1;A01
200900035578;0;33;0;12;0;1;17;A01
200900035579;0;33;0;0;2;1;1;B01
200900035579;0;10;0;0;2;7;15;A01
200900035580;0;7;0;0;2;4;1;B01
200900035580;0;33;0;0;2;1;1;A01
200900035581;0;32;0;1;2;1;17;A01
200900035581;0;7;0;0;2;8;15;B01
200900035581;0;7;0;0;2;1;24;C01
200900035582;0;7;0;0;2;1;15;A01
200900035582;0;33;0;0;2;1;1;B01
200900035583;0;37;1;0;1;3;1;A01
200900035584;0;7;0;0;2;8;1;B01
200900035584;0;7;0;0;2;1;1;A01
200900035585;0;30;0;0;2;1;1;B01
200900035585;0;10;0;0;2;4;4;A01
200900035586;0;33;0;0;1;1;1;A01
200900035587;0;7;0;0;1;1;1;A01
200900035588;0;20;0;0;2;3;21;A01
200900035588;0;15;0;0;2;5;24;B01
200900035589;0;7;0;0;2;8;15;A01
200900035589;0;33;0;0;2;8;1;B01
200900035590;0;7;0;14;2;2;1;A01
200900035590;0;7;0;0;2;3;15;B01
200900035591;0;7;0;0;2;1;2;A01
200900035591;0;7;0;0;2;4;2;B01
200900035592;0;2;0;0;0;0;1;A01
200900035593;0;7;0;0;1;1;1;A01
200900035594;0;7;0;0;2;7;16;A01
200900035594;0;1;0;0;0;8;1;B01
200900035595;0;7;0;0;2;1;2;A01
200900035595;0;7;0;0;0;4;2;B01
200900035596;0;7;0;0;2;1;15;A01
200900035596;0;3;0;0;0;7;1;B01
200900035597;0;7;0;0;1;6;15;A01
200900035598;0;10;0;0;0;7;1;A01
200900035598;0;33;0;0;2;1;1;B01
200900035599;0;7;0;0;1;4;4;A01
200900035600;0;7;0;0;0;8;1;A01
200900035600;0;10;0;0;2;1;1;B01
200900035601;0;2;0;0;2;1;1;B01
200900035601;0;7;0;0;0;2;15;A01
200900035602;0;7;0;0;0;8;15;A01
200900035602;0;33;0;0;2;1;1;B01
200900035603;0;7;0;13;0;1;1;A01
200900035604;0;7;0;0;2;1;0;A01
200900035604;0;7;0;0;2;8;16;B01
200900035605;0;32;0;0;2;4;2;B01
200900035605;1;7;0;0;0;0;0;A01
200900035606;0;33;0;0;2;1;17;A01
200900035606;0;7;0;0;2;1;1;B01
200900035607;0;30;0;0;2;1;21;B01
200900035607;0;7;0;0;2;8;15;A01
200900035608;0;33;0;0;1;2;13;A01
200900035609;1;7;0;0;1;1;1;A01
200900035610;0;7;0;0;2;1;17;A01
200900035610;0;10;0;0;2;8;1;C03
200900035610;0;10;0;0;2;8;1;D04
200900035610;0;7;0;0;2;1;1;B02
200900035611;0;7;0;0;2;4;1;B02
200900035611;0;31;0;0;2;1;1;A01
200900035612;0;20;0;0;2;8;21;A01
200900035612;0;7;0;0;2;1;1;B02
200900035613;0;7;0;0;2;7;13;A01
200900035613;0;1;0;0;2;1;1;B02
200900035614;0;7;0;10;6;1;17;A01
200900035615;0;7;0;0;2;7;1;A01
200900035615;0;7;0;0;2;1;1;B02
200900035616;0;14;0;0;1;2;1;A01
200900035617;0;33;0;0;0;8;14;A01
200900035618;0;7;0;2;0;9;0;A01
200900035619;0;7;0;0;0;9;0;A01
200900035620;0;7;0;0;2;4;1;B01
200900035620;0;7;0;0;2;1;1;A01
200900035621;0;7;0;0;2;6;1;B01
200900035621;0;15;0;0;2;1;21;C01
200900035621;0;7;0;0;2;3;13;A01
200900035622;0;14;0;0;2;2;9;A01
200900035622;0;33;0;0;2;8;1;B01
200900035623;0;1;0;0;2;3;2;B01
200900035623;0;7;0;0;2;5;2;A01
200900035624;0;7;0;0;2;1;13;A01
200900035624;0;7;0;0;2;8;1;B01
200900035625;0;15;0;0;0;0;1;B01
200900035625;0;7;0;4;2;9;11;A01
200900035626;0;7;0;0;2;1;20;A01
200900035626;0;30;0;0;2;1;1;B01
200900035627;0;7;0;6;0;1;1;A01
200900035628;0;7;0;0;2;1;1;B01
200900035628;0;7;0;8;2;1;13;A01
200900035629;0;7;0;0;1;2;1;A01
200900035630;0;7;0;0;2;8;10;A01
200900035630;0;7;0;0;2;1;1;B01
200900035631;0;33;0;0;2;1;1;B01
200900035631;0;7;0;0;0;3;9;A01
200900035632;0;7;0;0;0;3;1;A01
200900035632;0;7;0;0;0;3;1;B01
200900035633;0;7;0;0;0;2;2;A01
200900035633;0;33;0;0;0;1;2;B01
200900035634;0;7;0;4;0;3;1;A01
200900035635;0;7;0;0;0;3;0;A01
200900035636;0;7;0;0;2;6;11;A01
200900035636;0;33;0;0;2;2;0;B01
200900035637;0;7;0;1;0;2;1;A01
200900035637;0;7;0;0;2;6;23;B01
200900035638;0;7;0;0;1;3;2;A01
200900035639;0;7;0;0;2;1;2;C01
200900035639;0;7;0;0;0;4;2;B01
200900035639;0;7;0;0;0;7;12;A01
200900035640;0;7;0;0;2;9;2;B01
200900035640;0;7;0;0;2;8;2;A01
200900035641;0;7;0;0;2;4;2;A01
200900035641;0;7;0;0;2;1;2;B01
200900035642;0;20;0;0;0;1;0;A01
200900035642;0;33;0;1;0;5;1;B01
200900035643;0;7;0;0;1;2;1;A01
200900035644;0;30;0;0;1;1;0;A01
200900035645;0;7;0;0;2;1;17;A01
200900035645;0;7;0;0;2;1;0;B01
200900035646;0;7;0;0;2;4;2;C01
200900035646;0;7;0;1;0;4;2;B01
200900035646;0;7;0;1;0;1;1;A01
200900035647;0;17;0;0;0;2;2;A01
200900035647;0;7;0;0;0;0;2;B01
200900035648;0;7;0;0;2;3;17;A01
200900035648;0;30;0;0;2;1;5;C01
200900035648;0;7;0;0;2;3;2;B01
200900035649;0;7;0;0;2;1;2;B01
200900035649;0;14;0;0;2;1;2;C01
200900035649;0;7;0;0;2;6;15;A01
200900035650;0;7;0;0;2;1;16;A01
200900035650;0;7;0;0;2;1;1;B02
200900035651;0;7;0;13;0;0;1;A01
200900035652;0;7;0;0;2;1;13;A01
200900035652;0;7;0;0;2;1;1;B02
200900035653;0;10;0;0;2;7;15;A01
200900035653;0;31;0;0;2;1;1;B02
200900035654;0;10;0;2;0;7;0;A01
200900035655;0;7;0;2;0;1;1;A01
200900035656;0;7;0;0;2;5;2;B01
200900035656;0;7;0;0;2;3;2;A01
200900035657;0;7;0;0;2;1;1;B01
200900035657;0;7;0;0;2;7;13;A01
200900035658;0;7;0;2;1;1;16;A01
200900035659;0;7;0;15;2;3;5;A01
200900035659;0;7;0;0;2;8;1;B01
200900035660;0;7;0;0;2;1;17;A01
200900035660;0;15;0;0;2;8;2;C01
200900035660;0;7;0;0;2;3;1;B01
200900035661;0;7;0;0;2;3;13;A01
200900035661;0;7;0;0;2;3;1;B02
200900035662;0;7;0;6;0;8;1;A01
200900035663;0;33;0;6;2;1;1;A01
200900035663;0;7;0;0;9;1;0;B02
200900035664;0;7;0;0;2;5;15;A01
200900035664;2;7;0;0;2;1;1;B02
200900035665;0;7;0;0;2;1;13;B02
200900035665;0;14;0;0;2;2;1;A01
200900035666;0;7;0;2;0;2;1;A01
200900035667;0;7;0;16;0;9;1;A01
200900035668;0;7;0;6;2;3;2;B02
200900035668;0;7;0;0;0;5;2;A01
200900035669;0;31;0;13;0;0;1;A01
200900035670;0;7;0;0;2;2;1;B02
200900035670;0;7;0;0;2;2;13;A01
200900035671;0;2;0;0;2;1;1;B01
200900035671;0;10;0;0;2;3;15;A01
200900035672;0;7;0;14;0;3;2;C01
200900035672;0;7;0;0;2;1;1;B01
200900035672;0;7;0;0;2;1;13;A01
200900035673;0;1;0;0;2;7;1;B02
200900035673;0;3;0;0;2;1;15;A01
200900035674;0;31;0;0;2;1;0;B01
200900035674;0;7;0;0;1;1;0;A01
200900035675;0;7;0;13;2;1;19;A01
200900035675;0;7;0;13;2;1;1;B02
200900035676;0;3;0;13;0;3;0;A01
200900035677;0;7;0;0;1;6;20;A01
200900035678;0;30;0;14;0;1;1;A01
200900035679;0;7;0;0;1;6;4;A01
200900035680;0;14;0;0;0;9;1;A01
200900035681;0;10;0;13;0;2;21;A01
200900035682;0;7;0;0;2;3;15;B02
200900035682;0;7;0;0;2;2;1;A01
200900035683;0;7;0;0;0;3;15;A01
200900035683;0;30;0;0;0;3;1;B02
200900035684;0;7;0;0;2;8;15;A01
200900035684;0;37;0;0;2;1;1;B02
200900035685;0;7;0;0;2;2;17;A01
200900035685;0;7;0;0;2;1;1;D01
200900035685;0;7;0;0;2;1;1;B01
200900035685;0;7;0;0;2;1;1;C01
200900035686;0;33;0;15;2;1;13;A01
200900035686;0;7;0;0;2;1;1;B01
200900035687;0;30;0;0;2;1;19;A01
200900035687;0;33;0;0;2;1;1;B01
200900035688;0;7;0;0;0;0;2;B01
200900035688;0;2;0;0;0;8;2;A01
200900035689;0;7;0;0;2;1;1;B01
200900035689;0;7;0;0;2;7;10;A01
200900035690;0;7;0;0;2;1;2;A01
200900035690;0;7;0;0;2;4;2;B01
200900035691;0;37;1;0;2;1;2;A01
200900035691;0;7;0;0;2;4;2;B01
200900035692;0;7;0;5;0;3;1;A01
200900035693;0;2;0;0;0;0;0;A01
200900035694;0;7;0;0;2;1;2;A01
200900035694;0;7;0;0;2;6;17;B01
200900035695;0;7;0;0;2;1;15;A01
200900035695;0;2;0;0;2;3;1;B01
200900035696;0;7;0;0;1;1;1;A01
200900035697;0;7;0;0;2;3;15;B01
200900035697;0;30;0;0;2;2;17;A01
200900035698;2;7;0;0;2;1;2;A01
200900035698;0;33;0;0;2;4;1;B01
200900035699;0;7;0;8;0;1;1;A01
200900035700;0;30;0;0;2;1;1;B01
200900035700;0;7;0;0;2;3;20;A01
200900035701;0;7;0;0;2;4;2;C01
200900035701;0;7;0;0;2;1;2;A01
200900035701;0;7;0;0;2;4;2;B01
200900035702;0;7;0;0;2;2;12;A01
200900035702;0;33;0;0;2;3;1;B01
200900035703;0;15;0;0;2;1;5;A01
200900035703;0;7;0;0;2;1;1;B01
200900035703;0;15;0;0;2;1;1;C01
200900035703;0;7;0;0;2;1;1;D01
200900035704;0;7;0;1;1;6;4;A01
200900035705;0;7;0;0;2;5;9;A01
200900035705;0;37;2;0;2;1;1;B01
200900035706;0;7;0;4;0;8;1;A01
200900035707;0;10;0;13;0;9;1;A01
200900035708;0;7;0;0;2;1;1;C01
200900035708;0;7;0;0;2;1;1;A01
200900035708;0;7;0;0;2;3;1;B01
200900035709;0;10;0;0;0;1;1;B01
200900035709;0;33;0;0;0;7;1;A01
200900035710;0;7;0;0;0;8;21;A01
200900035710;0;7;0;14;0;1;21;B01
200900035711;0;7;0;13;0;1;1;A01
200900035712;0;2;0;8;0;7;1;A01
200900035713;0;7;0;2;9;7;1;A01
200900035714;0;7;0;16;0;9;17;A01
200900035715;0;32;0;0;2;8;13;A01
200900035715;0;17;0;0;2;7;17;B01
200900035716;0;7;0;0;2;3;13;A01
200900035716;0;2;0;0;2;1;1;B01
200900035717;0;7;0;0;2;3;13;A01
200900035717;0;7;0;0;2;3;23;B01
200900035718;0;1;0;0;0;0;0;A01
200900035718;0;17;0;0;2;3;1;B01
200900035719;0;2;0;0;2;1;21;C01
200900035719;0;7;0;0;0;0;0;A01
200900035719;0;7;0;0;2;3;23;B01
200900035720;0;7;0;8;0;2;1;A01
200900035721;0;7;0;8;0;2;1;A01
200900035722;2;7;0;0;2;1;2;A01
200900035722;0;7;0;0;0;4;2;B01
200900035723;0;30;0;0;0;0;1;A01
200900035724;0;30;0;16;0;0;0;A01
200900035725;0;7;0;0;2;2;0;B01
200900035725;0;7;0;0;2;4;4;A01
200900035726;1;36;0;15;0;1;14;A01
200900035727;0;2;0;15;0;1;0;A01
200900035728;0;10;0;0;2;8;10;A01
200900035728;0;7;0;0;2;2;0;B01
200900035729;0;2;0;0;0;7;1;B01
200900035729;0;7;0;0;0;0;19;A01
200900035730;0;2;0;0;2;1;1;B01
200900035730;0;7;0;0;2;1;5;A01
200900035731;0;7;0;0;1;1;1;A01
200900035732;0;7;0;0;2;4;2;C01
200900035732;0;7;0;0;2;4;2;B01
200900035732;0;7;0;0;2;1;2;A01
200900035733;0;33;0;0;2;1;5;A01
200900035733;0;7;0;0;2;1;1;B01
200900035734;0;30;0;15;2;1;17;A01
200900035734;0;7;0;0;2;8;15;B01
200900035735;0;2;0;0;0;1;1;A01
200900035736;0;7;0;0;1;0;0;A01
200900035737;0;10;0;3;2;7;14;A01
200900035737;0;7;0;0;1;3;2;B01
200900035737;0;7;0;3;2;1;2;C01
200900035738;0;2;0;0;0;1;1;A01
200900035739;0;7;0;13;0;7;21;A01
200900035740;0;17;0;0;2;3;1;A01
200900035740;0;7;0;0;2;8;15;B01
200900035741;0;7;0;13;0;3;14;A01
200900035742;0;7;0;0;2;3;1;B01
200900035742;0;7;0;0;2;8;13;A01
200900035742;0;38;0;0;2;3;1;C01
200900035743;0;7;0;0;2;8;15;B01
200900035743;0;33;0;0;2;1;17;A01
200900035744;2;7;0;0;0;0;17;C01
200900035744;0;10;0;2;2;8;17;A01
200900035744;0;7;0;13;2;1;1;B01
200900035745;0;7;0;16;0;1;1;A01
200900035746;0;33;0;0;0;0;1;C01
200900035746;0;33;0;0;2;1;1;B01
200900035746;0;33;0;0;2;1;13;A01
200900035747;0;7;0;8;0;1;1;A01
200900035748;0;33;0;1;0;7;17;A01
200900035748;0;7;0;0;0;4;23;B01
200900035749;0;1;0;0;0;0;1;A01
200900035750;0;7;0;7;0;8;1;A01
200900035751;0;7;0;8;0;3;1;A01
200900035752;0;7;0;2;0;1;1;A01
200900035753;0;2;0;0;2;1;1;B01
200900035753;0;7;0;0;0;8;10;A01
200900035754;0;33;0;13;0;1;14;A01
200900035755;0;33;0;0;2;1;13;A01
200900035755;0;7;0;0;2;3;15;B01
200900035756;0;7;0;0;2;2;1;A01
200900035756;0;1;0;0;2;8;19;B01
200900035757;0;2;0;0;2;1;1;B01
200900035757;0;7;0;0;0;6;1;A01
200900035758;0;7;0;0;2;8;1;B01
200900035758;0;7;0;0;2;3;1;A01
200900035759;0;33;0;0;0;0;2;A01
200900035760;0;7;0;0;2;2;15;A01
200900035760;0;7;0;0;2;1;1;B01
200900035761;0;7;0;0;1;5;24;A01
200900035762;0;7;0;0;1;2;1;A01
200900035763;0;3;0;6;0;1;1;A01
200900035764;0;1;0;0;2;8;1;B01
200900035764;0;7;0;0;1;4;4;A01
200900035765;0;2;0;0;2;1;2;A01
200900035765;0;7;0;0;2;4;2;B01
200900035766;0;7;0;0;2;2;17;A01
200900035766;0;1;0;0;2;3;15;B01
200900035767;0;7;0;0;2;4;1;B01
200900035767;0;2;0;0;2;1;2;A01
200900035768;0;30;0;0;2;1;2;A01
200900035768;0;30;0;0;2;4;1;B01
200900035769;0;7;0;0;2;6;1;B01
200900035769;0;7;0;3;2;8;17;A01
200900035770;0;33;0;0;0;0;1;A01
200900035771;0;10;0;0;0;7;15;A01
200900035772;0;7;0;2;0;1;0;A01
200900035773;0;7;0;0;2;3;1;B02
200900035773;0;7;0;0;2;1;1;A01
200900035774;0;7;0;14;1;5;13;A01
200900035774;0;7;0;0;2;3;1;B02
200900035775;0;30;0;0;2;1;1;A01
200900035775;0;7;0;0;2;5;19;B02
200900035776;0;7;0;0;2;1;13;A01
200900035776;0;7;0;0;2;1;1;B02
200900035777;0;7;0;0;1;3;1;A01
200900035778;0;7;0;2;0;8;1;A01
200900035779;0;7;0;13;0;2;0;A01
200900035780;0;30;0;0;0;2;1;A01
200900035781;0;7;0;0;2;3;1;E05
200900035781;0;7;0;0;2;1;2;A01
200900035781;0;7;0;0;0;4;1;B02
200900035781;0;7;0;0;2;8;1;C03
200900035781;0;7;0;0;2;8;1;D04
200900035782;0;2;0;16;0;0;21;A01
200900035783;0;7;0;0;2;3;1;B02
200900035783;0;7;0;0;2;2;15;A01
200900035784;0;7;0;13;0;1;1;A01
200900035785;0;1;0;0;2;8;15;B02
200900035785;0;7;0;0;9;3;17;A01
200900035786;0;7;0;2;0;1;1;A01
200900035787;0;7;0;0;0;9;1;A01
200900035788;0;7;0;0;2;1;1;B02
200900035788;0;7;0;0;2;1;1;C03
200900035788;0;7;0;0;2;1;13;A01
200900035789;0;7;0;0;0;4;15;A01
200900035789;0;7;0;0;2;1;2;B02
200900035790;0;7;0;0;1;2;1;A01
200900035791;0;7;0;0;1;2;1;A01
200900035792;0;30;0;1;0;1;1;A01
200900035793;0;30;0;0;2;1;1;B01
200900035793;0;7;0;0;2;8;9;A01
200900035794;0;7;0;8;0;2;1;A01
200900035795;1;14;0;0;2;0;1;B01
200900035795;0;30;0;0;2;3;13;A01
200900035796;0;7;0;0;1;3;1;A01
200900035797;0;7;0;13;0;1;1;A01
200900035798;0;38;64;2;0;1;1;A01
200900035799;0;7;0;2;0;7;14;A01
200900035800;0;7;0;0;2;1;1;B02
200900035800;0;10;0;0;2;1;17;A01
200900035801;0;10;0;16;0;1;1;A01
200900035802;0;99;0;0;2;3;1;B02
200900035802;0;7;0;0;2;1;13;A01
200900035803;0;20;0;0;0;0;0;C03
200900035804;0;10;0;0;0;2;1;A01
200900035804;0;7;0;0;0;1;1;B02
200900035805;0;7;0;0;2;1;1;B01
200900035805;0;7;0;0;2;1;17;A01
200900035806;0;7;0;0;1;1;1;A01
200900035807;0;7;0;0;1;1;1;A01
200900035808;0;7;0;0;2;3;1;B01
200900035808;0;2;0;0;2;1;1;A01
200900035809;0;2;0;0;0;1;1;A01
200900035810;1;7;0;0;2;1;13;A01
200900035810;0;7;0;0;2;1;1;B01
200900035811;0;2;0;0;2;1;17;B01
200900035811;0;7;0;0;2;3;17;A01
200900035812;0;7;0;0;2;1;1;B01
200900035812;0;7;0;0;2;1;5;A01
200900035813;0;2;0;0;2;1;17;A01
200900035813;0;7;0;0;2;1;16;B01
200900035814;0;2;0;0;2;4;0;B01
200900035814;0;10;0;0;2;3;0;A01
200900035815;0;7;0;0;2;1;17;A01
200900035815;0;30;0;0;2;5;1;B01
200900035816;0;7;0;0;1;4;4;A01
200900035817;0;7;0;0;2;9;2;B01
200900035817;0;7;0;0;2;9;2;C01
200900035817;0;7;0;0;2;4;2;A01
200900035817;0;10;0;0;2;9;2;D01
200900035818;0;2;0;0;0;8;1;A01
200900035819;0;1;0;0;0;0;1;A01
200900035820;0;7;0;0;2;3;1;B01
200900035820;1;7;0;1;2;2;16;A01
200900035821;0;7;0;0;2;1;2;A01
200900035821;0;33;0;0;2;4;2;B01
200900035822;0;33;0;0;0;8;1;A01
200900035823;0;33;0;13;0;1;1;A01
200900035824;0;7;0;0;2;2;3;A01
200900035824;0;17;0;0;0;0;1;B02
200900035825;0;7;0;0;2;1;1;A01
200900035825;0;10;0;0;2;3;1;B02
200900035826;0;7;0;0;2;3;0;A01
200900035826;0;7;0;0;2;3;0;B02
200900035827;0;7;0;0;2;3;1;A01
200900035827;0;7;0;0;2;3;1;B02
200900035828;0;2;0;0;2;1;1;A01
200900035828;0;17;0;0;2;3;1;B02
200900035829;0;7;0;0;2;7;1;B02
200900035829;0;33;0;13;2;7;13;A01
200900035830;0;7;0;13;0;3;1;A01
200900035831;0;7;0;2;0;1;1;A01
200900035832;0;7;0;0;2;2;15;A01
200900035832;0;7;0;0;2;2;1;C03
200900035832;0;7;0;0;2;1;1;B02
200900035833;0;7;0;0;1;6;4;A01
200900035834;0;7;0;0;2;3;17;B02
200900035834;0;30;0;0;2;1;1;A01
200900035835;0;7;0;0;2;1;1;B02
200900035835;0;7;0;0;2;8;19;A01
200900035836;0;33;0;13;0;9;1;A01
200900035837;0;33;0;16;0;7;1;A01
200900035837;0;14;0;0;2;3;1;B01
200900035838;0;20;0;0;2;1;2;A01
200900035838;0;7;0;0;2;4;2;B02
200900035839;0;7;0;0;2;2;15;A01
200900035839;0;10;0;0;2;1;1;B01
200900035840;0;33;0;0;0;8;1;A01
200900035841;0;7;0;0;2;2;16;A01
200900035841;0;1;0;0;2;1;1;B01
200900035842;0;2;0;0;2;1;1;B01
200900035842;0;7;0;0;2;3;16;A01
200900035843;0;7;0;0;2;2;15;A01
200900035843;0;30;0;0;2;1;1;B01
200900035844;0;1;0;0;0;0;1;A01
200900035845;0;30;0;0;2;1;1;A01
200900035845;0;7;0;1;2;6;1;B01
200900035846;0;7;0;0;2;1;1;A01
200900035846;0;7;0;0;2;4;1;C01
200900035846;0;7;0;0;2;4;1;B01
200900035847;1;7;0;0;2;3;10;A01
200900035847;0;2;0;0;2;1;1;B01
200900035848;0;7;0;2;0;1;1;A01
200900035849;0;1;0;0;2;1;1;B01
200900035849;0;7;0;0;2;8;15;A01
200900035850;0;31;0;0;0;0;1;A01
200900035851;0;7;0;0;2;3;1;B01
200900035851;0;7;0;0;2;1;1;A01
200900035852;0;7;0;0;2;9;2;C01
200900035852;0;7;0;0;0;4;2;D01
200900035852;0;7;0;0;2;9;2;B01
200900035852;0;7;0;0;2;1;2;A01
200900035853;0;30;0;0;0;8;1;A01
200900035854;0;7;0;0;2;8;1;B01