num_acc;senc;catv;occutc;obs;obsm;choc;manv;num_veh
200900035854;0;10;0;0;2;1;6;A01
200900035855;0;7;0;0;2;3;0;A01
200900035855;0;1;0;0;2;1;1;B01
200900035856;0;1;0;0;2;1;17;B01
200900035856;0;7;0;0;2;3;15;A01
200900035857;0;2;0;0;0;7;1;A01
200900035858;0;2;0;0;2;7;1;A01
200900035859;0;2;0;0;0;0;1;A01
200900035860;0;7;0;0;2;8;4;A01
200900035860;0;30;0;0;2;1;17;B01
200900035861;0;7;0;0;2;8;1;A01
200900035861;0;15;0;0;2;1;17;B01
200900035862;0;30;0;0;0;1;1;A01
200900035863;0;7;0;0;2;2;15;A01
200900035863;0;7;0;0;2;5;15;B01
200900035864;0;7;0;0;0;9;1;A01
200900035865;0;7;0;0;2;1;1;A01
200900035865;0;7;0;0;2;4;1;B01
200900035866;0;2;0;0;2;1;1;A01
200900035866;0;38;0;0;2;3;9;B01
200900035867;0;7;0;0;2;7;20;A01
200900035867;0;7;0;1;0;1;0;B01
200900035868;0;7;0;2;0;1;1;A01
200900035869;0;1;0;0;2;1;1;B01
200900035869;0;7;0;0;1;3;9;A01
200900035870;0;30;0;0;2;1;1;B01
200900035870;0;10;0;0;2;7;15;A01
200900035871;0;2;0;16;0;9;1;A01
200900035872;0;1;0;0;2;4;1;B01
200900035873;0;1;0;0;0;1;1;A01
200900035874;0;30;0;0;2;1;1;B01
200900035874;0;7;0;0;2;7;16;A01
200900035875;0;2;0;0;0;8;1;A01
200900035876;0;7;0;0;1;1;1;A01
200900035877;0;7;0;0;2;1;15;B01
200900035877;0;30;0;0;2;7;1;A01
200900035878;0;2;0;0;0;8;1;A01
200900035879;0;10;0;0;2;2;16;A01
200900035879;0;2;0;0;2;7;0;B01
200900035880;0;2;0;0;2;1;1;A01
200900035880;0;7;0;0;2;4;20;B01
200900035881;0;7;0;0;2;7;13;A01
200900035881;0;37;1;0;2;8;1;B01
200900035882;0;7;0;8;0;1;1;A01
200900035883;0;7;0;0;1;1;15;A01
200900035884;0;30;0;0;0;0;0;B01
200900035885;0;1;0;0;2;7;2;B01
200900035885;0;7;0;0;2;1;16;A01
200900035886;0;1;0;0;0;1;1;B01
200900035886;0;7;0;0;9;3;9;A01
200900035887;0;7;0;0;1;2;1;A01
200900035888;0;7;0;0;1;1;1;A01
200900035889;0;1;0;0;2;0;1;B01
200900035889;0;7;0;0;0;0;1;A01
200900035890;0;33;0;0;0;7;1;A01
200900035891;0;7;0;0;1;4;4;A01
200900035892;0;2;0;0;2;2;1;A01
200900035892;0;7;0;0;2;3;15;B02
200900035893;0;2;0;0;2;1;0;A01
200900035893;0;7;0;0;2;5;16;B01
200900035894;0;7;0;0;2;3;1;B01
200900035894;0;2;0;0;2;3;1;A01
200900035895;0;2;0;6;0;1;0;A01
200900035896;0;33;0;0;2;1;1;B01
200900035896;0;7;0;0;2;3;9;A01
200900035897;0;33;0;0;0;0;0;A01
200900035898;0;10;0;0;2;1;1;B02
200900035898;0;17;0;4;0;8;13;A01
200900035899;0;7;0;0;2;1;15;B02
200900035899;0;7;0;0;2;2;1;A01
200900035900;0;1;0;0;2;4;2;B02
200900035900;0;13;0;0;2;2;2;A01
200900035901;0;36;0;2;0;1;1;A01
200900035902;0;7;0;2;0;1;0;A01
200900035903;0;33;0;0;0;8;1;A01
200900035904;0;10;0;13;0;1;16;A01
200900035905;0;30;0;8;0;3;13;A01
200900035906;0;10;0;0;0;8;15;B02
200900035906;0;33;0;0;0;1;17;A01
200900035907;0;7;0;2;0;1;14;A01
200900035908;0;7;0;0;2;8;15;B02
200900035908;0;7;0;0;2;5;17;A01
200900035909;0;7;0;0;2;3;1;B02
200900035909;0;7;0;0;2;3;13;A01
200900035910;0;33;0;0;1;2;17;A01
200900035911;0;7;0;2;0;2;1;A01
200900035912;0;7;0;0;2;1;14;A01
200900035912;0;1;0;0;2;4;2;B02
200900035913;0;7;0;3;0;8;14;A01
200900035914;0;7;0;13;0;2;1;A01
200900035915;0;33;0;2;0;1;1;A01
200900035916;0;7;0;0;1;2;16;A01
200900035917;0;7;0;6;0;2;14;A01
200900035918;0;7;0;0;1;1;1;A01
200900035919;0;33;0;0;0;1;0;A01
200900035920;0;34;0;11;0;1;1;A01
200900035921;0;2;0;12;0;1;0;A01
200900035922;0;7;0;2;0;2;14;A01
200900035923;0;7;0;0;2;1;15;A01
200900035923;0;1;0;0;2;1;1;B01
200900035924;0;1;0;0;2;1;15;A01
200900035924;0;7;0;0;2;1;1;B01
200900035925;0;7;0;0;2;2;1;B01
200900035925;0;1;0;0;2;8;11;A01
200900035926;0;2;0;0;2;1;0;B01
200900035926;0;7;0;0;2;1;0;A01
200900035927;0;7;0;0;2;7;1;A01
200900035927;0;30;0;0;2;1;1;B01
200900035928;0;7;0;0;2;1;2;A01
200900035928;0;7;0;0;0;4;23;C01
200900035928;0;7;0;0;2;4;23;B01
200900035929;0;33;0;0;2;1;17;A01
200900035929;0;7;0;0;2;3;15;B01
200900035930;0;7;0;1;;;;B02
200900035930;0;7;0;6;0;1;0;A01
200900035931;0;7;0;0;2;1;1;B01
200900035931;0;7;0;0;2;2;15;A01
200900035932;0;7;0;0;1;2;0;A01
200900035933;0;1;0;0;2;1;1;B01
200900035933;0;7;0;0;2;5;16;A01
200900035934;0;7;0;0;2;2;1;B01
200900035934;0;7;0;0;2;1;9;A01
200900035935;0;7;0;0;0;6;1;B01
200900035935;0;2;0;0;2;2;12;A01
200900035936;0;7;0;0;1;1;1;A01
200900035937;0;7;0;0;2;1;15;A01
200900035937;0;7;0;0;2;1;1;C01
200900035937;0;7;0;0;2;1;1;B01
200900035938;0;33;0;0;2;7;17;A01
200900035938;0;7;0;0;2;1;1;B01
200900035939;0;1;0;0;2;1;1;A01
200900035939;0;7;0;0;0;3;0;B02
200900035940;0;7;0;2;0;1;1;A01
200900035941;0;7;0;13;0;1;1;A01
200900035942;0;7;0;1;0;1;1;A01
200900035943;0;10;0;13;0;1;13;A01
200900035944;0;7;0;0;2;3;1;B02
200900035944;0;7;0;0;2;3;1;A01
200900035945;0;7;0;0;2;3;19;B02
200900035945;0;31;0;0;2;1;1;A01
200900035946;0;2;0;8;0;1;1;A01
200900035947;0;7;0;14;0;1;1;D04
200900035947;0;7;0;0;2;2;2;A01
200900035947;0;10;0;0;2;6;1;B02
200900035947;0;7;0;0;2;2;1;C03
200900035948;0;7;0;16;0;9;1;A01
200900035949;0;7;0;13;0;9;0;A01
200900035950;0;14;0;0;1;1;16;A01
200900035951;0;7;0;0;2;1;15;A01
200900035951;0;30;0;0;2;8;1;B01
200900035952;0;7;0;0;2;3;1;B01
200900035952;0;7;0;0;2;6;13;A01
200900035953;0;7;0;0;2;0;22;A01
200900035953;0;1;0;1;0;0;1;B01
200900035954;0;7;0;0;2;4;9;A01
200900035954;0;2;0;0;2;1;1;B01
200900035955;1;7;0;0;0;0;0;A01
200900035956;0;7;0;0;1;3;1;A01
200900035957;0;7;0;0;2;4;15;A01
200900035957;0;13;0;0;2;1;1;B01
200900035958;0;7;0;0;2;3;1;A01
200900035958;0;37;61;0;2;2;9;B01
200900035959;0;1;0;0;2;1;19;A01
200900035959;0;7;0;0;2;1;1;B01
200900035960;0;10;0;0;2;5;19;A01
200900035960;0;33;0;0;2;1;1;B01
200900035961;0;10;0;2;0;1;1;A01
200900035962;0;33;0;0;2;1;1;A01
200900035962;0;7;0;0;2;3;19;B02
200900035963;0;7;0;0;2;3;17;A01
200900035963;0;34;0;0;2;1;1;B02
200900035964;0;33;0;0;2;1;1;B02
200900035964;0;7;0;0;2;5;15;A01
200900035965;0;7;0;0;2;3;13;A01
200900035965;0;17;0;0;2;3;1;B02
200900035966;0;10;0;0;1;5;4;A01
200900035967;0;7;0;0;2;5;19;A01
200900035967;0;7;0;0;2;1;2;B02
200900035968;0;7;0;16;0;9;1;A01
200900035969;0;7;0;0;2;3;1;B01
200900035969;0;2;0;0;2;2;15;A01
200900035970;0;31;0;0;2;1;1;A01
200900035970;0;7;0;0;2;7;19;B02
200900035971;0;2;0;8;0;1;2;A01
200900035972;0;7;0;0;1;0;1;A01
200900035973;0;1;0;0;0;0;1;A01
200900035974;0;7;0;0;1;0;1;A01
200900035975;0;31;0;0;2;1;1;B01
200900035975;0;7;0;0;2;8;10;A01
200900035976;0;2;0;0;0;0;1;A01
200900035977;0;7;0;2;0;0;1;A01
200900035978;0;7;0;0;2;4;1;B01
200900035978;0;7;0;0;2;1;1;A01
200900035979;0;10;0;0;2;8;15;B01
200900035979;0;30;0;0;2;1;17;A01
200900035980;0;30;0;0;2;1;1;B01
200900035980;0;7;0;0;2;5;15;A01
200900035981;0;30;0;0;2;1;1;B01
200900035981;0;7;0;0;2;3;9;A01
200900035982;0;2;0;0;2;1;17;A01
200900035982;0;7;0;0;2;8;2;B01
200900035983;0;30;0;1;0;1;1;A01
200900035984;0;7;0;8;0;1;1;A01
200900035985;0;7;0;13;0;1;1;A01
200900035986;0;33;0;0;2;7;15;B01
200900035986;0;7;0;0;2;1;1;A01
200900035987;0;2;0;0;2;1;20;A01
200900035987;0;7;0;0;0;3;1;B01
200900035988;0;10;0;0;2;3;1;B01
200900035988;0;2;0;0;1;1;1;A01
200900035989;0;7;0;0;2;4;1;A01
200900035989;0;2;0;0;2;1;1;B01
200900035990;0;7;0;0;2;1;1;A01
200900035990;0;1;0;0;2;0;1;B01
200900035991;0;7;0;0;2;1;2;A01
200900035991;0;30;0;0;0;4;2;B01
200900035992;0;31;0;9;0;1;1;A01
200900035993;0;2;0;0;2;1;17;B01
200900035993;0;10;0;0;2;3;15;A01
200900035994;0;7;0;0;1;3;1;A01
200900035995;0;10;0;0;0;1;1;C01
200900035995;0;7;0;0;2;3;13;A01
200900035995;0;7;0;0;0;3;1;B01
200900035996;0;7;0;0;2;5;15;B01
200900035996;0;32;0;0;2;1;1;A01
200900035997;0;7;0;3;0;1;13;A01
200900035998;0;2;0;0;2;8;15;A01
200900035998;0;7;0;0;2;2;1;B01
200900035999;0;7;0;0;2;2;1;A01
200900035999;0;7;0;0;2;1;1;B01
200900036000;0;32;0;0;1;1;1;A01
200900036001;0;2;0;0;0;0;1;A01
200900036002;0;1;0;0;2;1;1;A01
200900036002;0;7;0;0;2;8;1;B01
200900036003;0;7;0;0;1;7;1;A01
200900036004;0;2;0;0;2;1;1;B01
200900036004;0;7;0;0;2;1;1;A01
200900036005;0;30;0;0;2;1;2;A01
200900036005;0;7;0;0;2;4;2;B01
200900036006;0;7;0;0;2;3;9;A01
200900036006;0;31;0;0;2;1;1;B01
200900036007;0;7;0;0;2;7;1;A01
200900036007;0;7;0;0;2;1;1;B01
200900036008;0;31;0;1;0;1;13;B01
200900036008;0;7;0;0;0;0;1;A01
200900036009;0;33;0;0;2;4;1;B01
200900036009;0;2;0;0;2;1;0;A01
200900036009;0;7;0;0;2;4;1;C01
200900036010;0;7;0;0;1;1;0;A01
200900036011;0;7;0;0;2;3;9;A01
200900036011;0;30;0;0;2;7;1;B01
200900036012;0;10;0;0;2;2;2;A01
200900036012;0;7;0;0;2;4;2;B01
200900036013;0;7;0;0;2;2;0;B01
200900036013;0;2;0;1;0;1;0;A01
200900036014;0;7;0;0;0;0;0;A01
200900036015;0;7;0;1;2;7;1;B01
200900036015;0;7;0;1;2;1;1;A01
200900036016;0;2;0;0;1;1;1;A01
200900036017;0;2;0;0;1;1;1;A01
200900036018;0;31;0;0;2;1;1;B01
200900036018;0;7;0;0;2;2;9;A01
200900036019;0;7;0;0;1;3;15;A01
200900036020;0;32;0;0;2;1;1;B01
200900036020;0;7;0;0;2;8;19;A01
200900036021;0;10;0;0;2;1;2;A01
200900036021;0;7;0;1;2;4;1;B01
200900036022;0;7;0;0;1;1;1;A01
200900036023;0;7;0;0;2;8;1;A01
200900036023;0;34;0;0;2;7;17;B01
200900036024;0;7;0;9;0;1;14;A01
200900036025;0;34;0;0;1;1;1;A01
200900036026;0;7;0;0;1;3;16;A01
200900036027;0;32;0;0;2;1;1;B01
200900036027;0;10;0;0;2;2;1;A01
200900036028;0;33;0;0;2;1;0;B01
200900036028;0;2;0;0;2;1;1;A01
200900036029;0;31;0;1;2;7;1;A01
200900036029;0;7;0;0;2;1;15;B01
200900036030;0;32;0;0;2;8;1;B01
200900036030;1;7;0;8;2;2;14;A01
200900036031;0;7;0;0;2;3;1;A01
200900036031;0;10;0;0;2;5;15;B01
200900036031;0;7;0;0;2;8;1;C01
200900036032;0;2;0;0;1;1;1;A01
200900036033;0;7;0;0;2;3;15;A01
200900036033;0;33;0;0;2;1;1;B01
200900036034;0;31;0;0;2;2;0;A01
200900036034;0;7;0;0;2;3;15;B01
200900036035;0;2;0;0;1;1;1;A01
200900036036;0;2;0;0;2;8;1;B01
200900036036;0;7;0;0;2;1;1;A01
200900036037;0;7;0;9;0;1;13;A01
200900036038;0;30;0;0;2;1;1;B01
200900036038;0;7;0;0;2;2;15;A01
200900036039;0;31;0;10;0;1;1;A01
200900036040;0;7;0;0;2;4;1;B01
200900036040;0;33;0;0;2;1;1;A01
200900036041;0;31;0;0;1;0;1;A01
200900036042;0;7;0;0;2;7;15;A01
200900036042;0;33;0;0;2;1;1;B01
200900036043;0;7;0;0;1;6;1;A01
200900036044;0;2;0;0;2;1;15;B01
200900036044;0;2;0;0;2;1;1;A01
200900036045;0;7;0;0;1;1;1;A01
200900036046;0;7;0;0;0;6;4;A01
200900036046;0;32;0;0;2;1;1;B01
200900036047;0;7;0;0;2;3;1;A01
200900036047;0;7;0;0;2;2;1;B01
200900036048;0;33;0;0;1;1;1;A01
200900036049;0;7;0;0;2;3;1;B01
200900036049;0;7;0;8;2;2;13;A01
200900036050;0;7;0;0;2;1;1;A01
200900036050;0;99;0;0;2;4;23;B01
200900036051;0;2;0;0;2;2;0;A01
200900036051;0;7;0;0;2;3;0;B01
200900036052;0;7;0;1;1;2;16;A01
200900036053;0;7;0;0;1;1;15;A01
200900036054;0;7;0;6;0;0;13;A01
200900036055;0;7;0;2;0;9;0;A01
200900036056;0;14;0;6;0;3;1;A01
200900036057;0;10;0;0;0;0;0;A01
200900036057;0;31;0;0;2;7;0;B01
200900036058;0;32;0;0;2;8;1;B01
200900036058;0;7;0;0;2;1;9;A01
200900036059;0;7;0;0;2;1;15;B01
200900036059;0;30;0;0;2;1;1;A01
200900036060;0;7;0;0;1;2;1;A01
200900036061;0;7;0;0;0;0;0;A01
200900036062;0;7;0;0;1;8;20;A01
200900036063;0;7;0;0;2;3;15;A01
200900036063;0;31;0;0;2;1;1;B01
200900036064;0;7;0;0;2;0;9;B01
200900036064;0;32;0;0;2;8;1;A01
200900036065;0;7;0;0;2;2;15;A01
200900036065;0;33;0;0;2;1;17;B01
200900036066;0;7;0;0;1;1;1;A01
200900036067;0;10;0;0;2;2;1;A01
200900036067;0;2;0;0;2;4;1;B01
200900036068;0;2;0;0;2;0;15;A01
200900036068;0;7;0;0;2;8;1;B01
200900036069;0;7;0;0;2;4;2;C01
200900036069;0;7;0;14;2;4;2;B01
200900036069;0;10;0;14;0;1;1;A01
200900036070;0;7;0;0;1;1;1;A01
200900036071;0;7;0;0;2;8;0;B01
200900036071;0;14;0;0;2;2;0;A01
200900036072;0;7;0;0;2;1;1;B01
200900036072;0;7;0;0;2;1;1;A01
200900036073;0;33;0;0;0;0;0;B01
200900036073;0;7;0;0;0;0;0;C01
200900036073;0;7;0;0;0;0;0;A01
200900036074;0;7;0;0;1;1;1;A01
200900036075;0;7;0;1;0;3;0;A01
200900036076;0;10;0;0;1;1;15;A01
200900036077;0;7;0;0;1;1;1;A01
200900036078;0;7;0;0;2;2;1;A01
200900036078;0;32;0;0;2;4;1;B01
200900036079;0;33;0;0;2;1;1;A01
200900036079;0;34;0;0;2;4;23;B01
200900036080;0;10;0;0;1;2;15;A01
200900036081;0;7;0;6;0;1;0;A01
200900036082;0;10;0;0;9;3;0;A01
200900036082;0;32;0;0;2;1;0;B01
200900036083;0;7;0;0;2;4;2;B01
200900036083;0;7;0;0;2;1;2;A01
200900036083;0;99;0;0;0;0;0;C01
200900036084;0;7;0;0;1;2;1;A01
200900036085;0;7;0;0;2;4;23;B01
200900036085;0;99;0;0;2;1;1;A01
200900036086;0;10;0;0;2;5;23;B01
200900036086;0;31;0;0;0;0;0;A01
200900036087;0;33;0;0;2;1;13;A01
200900036087;0;7;0;0;2;3;1;B01
200900036088;0;31;0;9;0;1;1;A01
200900036089;0;7;0;0;2;1;2;A01
200900036089;0;7;0;0;2;7;2;B01
200900036090;0;7;0;0;1;2;1;A01
200900036091;0;7;0;9;0;1;1;A01
200900036092;0;7;0;0;2;6;23;C01
200900036092;0;7;0;0;2;4;23;B01
200900036092;0;7;0;0;2;3;1;A01
200900036093;0;30;0;0;0;0;21;A01
200900036094;0;7;0;0;2;3;9;A01
200900036094;0;7;0;0;2;8;1;C01
200900036094;0;31;0;0;2;1;1;B01
200900036095;0;7;0;0;1;1;1;A01
200900036096;0;30;0;0;0;4;0;B01
200900036096;0;7;0;0;2;2;1;A01
200900036097;0;31;0;0;2;1;1;A01
200900036097;1;10;0;0;2;0;1;B01
200900036098;0;10;0;0;2;8;15;A01
200900036098;0;33;0;0;2;2;1;B01
200900036099;0;7;0;0;2;5;15;A01
200900036099;0;2;0;0;2;1;1;B01
200900036100;0;7;0;0;2;3;15;A01
200900036100;0;30;0;0;2;2;1;B01
200900036101;0;7;0;0;2;3;1;C01
200900036101;0;2;0;0;2;1;2;A01
200900036101;0;7;0;0;2;6;2;B01
200900036102;0;32;0;0;2;2;1;B01
200900036102;0;7;0;0;2;1;9;A01
200900036103;0;7;0;0;2;3;1;B01
200900036103;0;2;0;0;2;1;0;A01
200900036104;0;2;0;0;2;1;17;B01
200900036104;0;7;0;0;2;8;15;A01
200900036105;0;7;0;0;0;0;15;A01
200900036105;0;31;0;0;0;7;1;B01
200900036106;0;31;0;0;2;1;1;A01
200900036106;0;7;0;0;2;4;1;B01
200900036107;0;33;0;0;2;1;0;B01
200900036107;0;7;0;0;2;1;0;A01
200900036108;0;7;0;0;2;2;10;A01
200900036108;0;7;0;0;2;1;1;B01
200900036109;0;30;0;0;2;1;1;A01
200900036109;0;7;0;0;2;7;1;B01
200900036110;0;7;0;0;2;3;7;B01
200900036110;0;7;0;0;2;2;16;A01
200900036111;0;7;0;0;2;7;1;A01
200900036111;0;7;0;0;2;1;16;B01
200900036112;0;7;0;0;2;1;1;A01
200900036112;0;33;0;0;2;1;0;B01
200900036112;0;7;0;0;2;1;0;C01
200900036113;0;7;0;0;2;5;15;A01
200900036113;0;33;0;0;2;1;1;B01
200900036114;0;30;0;0;1;1;1;A01
200900036115;0;2;0;0;2;1;1;A01
200900036115;0;7;0;0;2;7;12;B01
200900036116;0;33;0;0;2;1;1;A01
200900036116;0;2;0;0;2;4;15;B01
200900036117;0;30;0;0;2;1;2;A01
200900036117;0;7;0;0;2;4;2;B01
200900036118;0;2;0;0;2;3;1;B01
200900036118;0;7;0;0;2;1;15;A01
200900036119;0;7;0;0;2;7;1;A01
200900036119;0;30;0;0;2;1;1;B01
200900036120;0;32;0;0;1;4;0;A01
200900036121;0;2;0;0;2;1;1;A01
200900036121;0;7;0;0;2;4;23;B01
200900036122;0;2;0;0;2;7;15;A01
200900036122;0;33;0;0;0;1;1;B01
200900036123;0;7;0;0;2;3;15;B01
200900036123;0;32;0;0;2;1;1;A01
200900036124;0;33;0;1;2;8;1;B01
200900036124;0;7;0;0;2;1;1;A01
200900036125;0;34;0;1;1;1;1;A01
200900036126;0;3;0;0;2;2;0;B01
200900036126;0;2;0;0;2;0;0;A01
200900036127;0;7;0;0;2;2;1;A01
200900036127;0;1;0;0;2;0;9;B01
200900036128;0;7;0;0;2;4;1;C01
200900036128;0;99;0;0;1;4;1;B01
200900036128;0;7;0;0;2;1;1;A01
200900036129;0;2;0;0;2;7;1;B01
200900036129;0;2;0;0;2;7;1;A01
200900036130;0;1;0;0;2;1;17;B02
200900036130;0;1;0;0;2;1;17;C03
200900036130;0;7;0;0;9;3;1;A01
200900036131;0;31;0;0;2;6;1;A01
200900036132;0;14;0;0;1;1;1;A01
200900036133;0;1;0;0;2;1;1;B01
200900036133;0;7;0;0;2;1;0;A01
200900036134;0;2;0;12;0;0;2;A01
200900036135;0;7;0;0;2;3;1;B01
200900036135;0;32;0;0;2;1;1;A01
200900036136;0;3;0;0;2;1;0;A01
200900036137;0;30;0;0;2;0;0;A01
200900036137;0;30;0;0;2;0;0;B01
200900036138;0;30;0;0;0;1;0;A01
200900036139;0;2;0;0;2;1;1;B01
200900036139;0;7;0;0;2;1;1;A01
200900036140;0;30;0;9;0;1;1;A01
200900036141;0;30;0;0;2;1;0;B01
200900036141;0;7;0;0;0;5;15;A01
200900036142;0;7;0;0;0;4;16;B01
200900036142;0;30;0;0;2;1;1;A01
200900036143;0;7;0;0;2;8;15;A01
200900036143;0;32;0;0;2;1;17;B01
200900036144;2;2;0;0;1;1;0;A01
200900036145;0;7;0;0;1;1;1;A01
200900036146;0;33;0;0;1;1;0;A01
200900036147;0;7;0;0;2;8;1;B01
200900036147;0;2;0;0;2;1;1;A01
200900036148;0;7;0;0;2;8;9;A01
200900036148;0;30;0;0;2;1;1;B01
200900036149;0;7;0;0;1;1;1;A01
200900036150;0;30;0;0;0;0;0;A01
200900036151;0;7;0;0;2;1;1;B01
200900036151;0;30;0;0;2;8;15;A01
200900036152;0;7;0;0;2;1;1;A01
200900036152;0;7;0;0;2;1;1;B01
200900036153;0;7;0;0;1;1;18;A01
200900036154;0;33;0;0;2;1;5;A01
200900036154;0;7;0;0;2;2;1;B02
200900036155;0;33;0;4;0;8;1;A01
200900036156;0;33;0;0;2;7;1;B02
200900036156;0;7;0;0;2;8;13;A01
200900036157;0;33;0;6;0;7;1;A01
200900036158;0;7;0;0;9;4;21;B02
200900036158;0;10;0;0;9;0;0;A01
200900036158;0;32;0;0;9;1;1;C03
200900036158;0;33;0;0;2;1;2;D04
200900036159;0;7;0;0;2;4;23;B02
200900036159;0;7;0;0;2;1;2;A01
200900036159;0;7;0;0;0;4;23;D04
200900036159;0;7;0;0;0;4;23;C03
200900036160;0;7;0;0;2;3;17;A01
200900036160;0;32;0;0;2;1;1;B02
200900036161;0;7;0;0;0;0;11;A01
200900036161;0;33;0;0;0;0;1;B02
200900036162;0;7;0;0;0;6;2;A01
200900036162;0;32;0;0;2;1;2;B02
200900036163;0;7;0;6;0;1;1;A01
200900036164;0;7;0;8;0;8;1;A01
200900036165;0;99;0;0;2;1;19;B02
200900036165;0;7;0;0;2;2;0;A01
200900036166;0;7;0;0;2;3;13;A01
200900036166;0;30;0;0;2;1;1;B02
200900036167;0;7;0;5;0;1;1;A01
200900036168;0;7;0;13;0;3;1;A01
200900036169;0;7;0;0;2;3;15;A01
200900036169;0;1;0;0;2;4;1;B02
200900036170;0;14;0;0;1;3;17;A01
200900036171;0;7;0;0;0;0;0;A01
200900036171;0;1;0;0;0;4;0;B02
200900036172;0;33;0;0;2;7;1;B02
200900036172;0;7;0;0;2;1;19;A01
200900036173;0;33;0;0;2;1;2;B02
200900036173;0;30;0;0;2;8;15;A01
200900036174;0;7;0;0;0;6;23;B02
200900036174;0;7;0;1;0;5;2;A01
200900036175;0;33;0;0;2;1;1;B02
200900036175;0;10;0;0;2;3;15;A01
200900036176;0;7;0;0;1;2;1;A01
200900036177;0;33;0;5;0;1;1;A01
200900036178;0;7;0;0;2;8;19;A01
200900036178;0;32;0;0;0;8;1;B02
200900036179;0;7;0;0;0;4;23;C01
200900036179;0;7;0;0;2;1;1;A01
200900036179;0;7;0;0;2;1;23;B01
200900036180;0;2;0;6;0;1;1;A01
200900036181;0;7;0;0;0;4;23;B01
200900036181;0;7;0;0;2;1;1;A01
200900036182;0;13;0;0;2;4;1;B01
200900036182;0;32;0;0;2;1;2;A01
200900036183;0;31;0;0;2;1;1;B01
200900036183;0;7;0;0;2;8;15;A01
200900036184;0;32;0;0;2;7;21;B01
200900036184;0;7;0;0;2;2;15;A01
200900036185;0;34;0;0;2;1;17;A01
200900036185;0;7;0;0;0;8;15;B01
200900036186;0;33;0;0;2;1;17;B01
200900036186;0;10;0;0;2;3;15;A01
200900036187;0;30;0;0;2;1;1;B01
200900036187;0;7;0;0;2;1;1;A01
200900036188;0;7;0;0;0;4;23;B01
200900036188;0;7;0;0;2;1;1;A01
200900036189;0;2;0;0;2;1;1;B01
200900036189;0;7;0;0;2;1;15;A01
200900036190;0;10;0;0;0;4;23;B01
200900036190;0;10;0;0;2;1;1;A01
200900036191;0;7;0;0;2;3;9;B01
200900036191;0;2;0;0;2;3;21;A01
200900036192;0;7;0;0;2;1;1;B01
200900036192;0;2;0;0;2;6;0;A01
200900036193;0;30;0;0;2;1;2;A01
200900036193;0;7;0;0;0;4;2;B01
200900036194;0;31;0;6;0;1;1;A01
200900036195;0;7;0;8;2;3;1;B01
200900036195;0;7;0;0;2;2;14;A01
200900036196;0;2;0;0;2;1;1;B01
200900036196;0;7;0;0;0;7;15;A01
200900036197;0;10;0;0;0;0;1;A01
200900036197;0;7;0;0;2;6;13;B01
200900036197;0;14;0;0;2;2;1;C01
200900036198;0;7;0;0;2;2;1;A01
200900036198;0;33;0;0;2;3;0;B01
200900036199;0;2;0;0;2;1;1;A01
200900036199;0;7;0;0;2;4;1;B01
200900036200;0;32;0;0;2;1;17;A01
200900036200;0;7;0;0;0;8;15;B01
200900036201;0;33;0;8;0;0;0;A01
200900036202;0;31;0;0;2;7;1;B01
200900036202;0;7;0;0;2;8;15;A01
200900036203;0;7;0;0;2;1;2;A01
200900036203;0;7;0;0;2;4;2;B01
200900036204;0;7;0;0;2;1;10;B01
200900036204;0;34;0;0;2;1;1;A01
200900036205;0;32;0;0;1;1;1;A01
200900036206;0;10;0;0;2;1;0;A01
200900036206;0;13;0;0;1;4;23;B01
200900036207;1;7;0;0;0;0;0;A01
200900036207;0;7;0;0;2;0;21;B01
200900036208;0;99;0;0;0;4;2;B01
200900036208;0;7;0;0;2;1;2;A01
200900036209;1;10;0;0;2;1;1;A01
200900036209;0;7;0;0;2;4;1;B01
200900036210;0;7;0;0;0;8;15;B01
200900036210;0;32;0;0;2;1;17;A01
200900036211;0;7;0;0;0;4;2;B01
200900036211;0;7;0;0;2;1;2;A01
200900036212;0;7;0;0;2;3;1;B01
200900036212;0;33;0;0;2;1;1;A01
200900036213;0;30;0;1;2;2;17;A01
200900036213;0;7;0;0;0;8;15;B01
200900036214;0;7;0;0;2;3;9;A01
200900036214;0;30;0;0;2;1;1;B01
200900036215;0;7;0;0;1;1;1;A01
200900036216;0;31;0;0;1;1;21;A01
200900036217;0;7;0;0;2;7;1;C01
200900036217;0;33;0;0;2;7;0;B01
200900036217;0;7;0;0;2;0;15;A01
200900036218;0;2;0;0;2;1;1;B01
200900036218;0;10;0;0;0;8;13;A01
200900036219;0;32;0;0;2;2;1;B01
200900036219;0;7;0;0;2;8;9;A01
200900036220;0;30;0;0;0;0;14;A01
200900036221;0;7;0;0;1;1;1;A01
200900036222;0;30;0;1;0;0;1;B01
200900036222;0;7;0;0;0;0;0;A01
200900036223;0;30;0;0;2;4;1;B01
200900036223;1;7;0;0;2;1;0;A01
200900036224;0;7;0;0;2;2;1;A01
200900036225;0;10;0;0;2;1;13;A01
200900036225;0;10;0;0;2;4;0;C03
200900036225;0;10;0;0;2;1;1;B02
200900036226;0;30;0;0;2;0;1;B01
200900036226;0;30;0;0;2;1;1;A01
200900036227;0;33;0;0;2;4;2;B01
200900036227;0;7;0;0;2;1;2;A01
200900036228;0;32;0;0;2;1;1;B01
200900036228;0;99;0;0;2;1;15;A01