num_acc;senc;catv;occutc;obs;obsm;choc;manv;num_veh
200900036229;0;31;0;0;0;0;1;A01
200900036230;0;30;0;0;2;4;2;A01
200900036230;0;7;0;0;2;4;2;B01
200900036231;0;2;0;0;2;8;19;B01
200900036231;0;2;0;0;2;1;17;A01
200900036232;0;7;0;0;2;1;1;B01
200900036232;0;7;0;0;2;2;15;A01
200900036233;0;33;0;0;2;8;0;B01
200900036233;0;7;0;0;2;7;12;A01
200900036234;0;14;0;0;0;3;13;A01
200900036234;0;30;0;0;2;1;1;B01
200900036235;0;7;0;0;2;3;13;A01
200900036235;0;17;0;0;2;3;1;B02
200900036236;0;14;0;0;1;2;16;A01
200900036237;0;10;0;0;2;1;15;A01
200900036237;0;7;0;0;2;3;1;B01
200900036238;0;7;0;1;2;4;0;B01
200900036238;0;7;0;0;2;2;1;A01
200900036239;0;31;0;0;2;4;1;B01
200900036239;0;7;0;0;2;4;1;C01
200900036239;0;7;0;0;2;1;1;A01
200900036240;0;30;0;0;2;3;17;A01
200900036240;0;7;0;0;2;3;1;B01
200900036241;0;7;0;0;2;4;2;C01
200900036241;0;7;0;0;2;1;2;A01
200900036241;0;7;0;0;2;4;2;B01
200900036242;0;7;0;0;2;1;9;A01
200900036242;0;7;0;0;2;2;1;B01
200900036243;0;2;0;0;2;1;1;B01
200900036243;0;7;0;0;2;1;15;A01
200900036244;0;7;0;0;2;3;15;A01
200900036244;0;2;0;0;2;1;1;B01
200900036245;0;7;0;0;2;3;15;A01
200900036245;0;2;0;0;2;1;17;B01
200900036246;0;31;0;1;1;1;17;A01
200900036246;0;37;1;0;2;6;23;B01
200900036247;0;7;0;0;2;4;2;C01
200900036247;0;7;0;0;2;1;2;A01
200900036247;0;7;0;0;2;4;2;B01
200900036248;0;33;0;0;2;4;2;B01
200900036248;0;7;0;0;2;1;2;A01
200900036249;0;30;0;0;1;0;1;A01
200900036250;0;10;0;0;2;7;1;B01
200900036250;0;7;0;0;2;1;17;A01
200900036251;0;33;0;0;2;1;21;A01
200900036251;0;7;0;0;2;1;1;B01
200900036252;0;7;0;0;2;3;15;B01
200900036252;0;31;0;0;2;1;1;A01
200900036253;0;7;0;0;2;3;15;A01
200900036253;0;7;0;0;2;1;16;B01
200900036254;0;7;0;0;1;1;0;A01
200900036255;0;7;0;0;2;1;1;A01
200900036255;0;2;0;0;2;1;1;B01
200900036256;0;10;0;0;2;8;15;B01
200900036256;0;30;0;0;2;1;17;A01
200900036257;0;7;0;0;2;1;1;B01
200900036257;0;7;0;0;2;1;1;A01
200900036258;0;30;0;0;2;1;1;B01
200900036258;0;7;0;0;2;1;15;A01
200900036259;0;7;0;0;2;1;1;A01
200900036259;0;32;0;0;2;1;1;B01
200900036260;0;7;0;6;0;1;0;A01
200900036261;0;7;0;0;2;2;4;A01
200900036261;0;32;0;0;2;1;1;B01
200900036262;0;7;0;13;0;1;14;A01
200900036263;0;37;0;0;1;1;1;A01
200900036264;0;2;0;0;2;1;1;A01
200900036264;0;7;0;0;2;8;1;B01
200900036265;0;33;0;0;2;8;1;B02
200900036265;0;33;0;0;2;7;13;A01
200900036266;0;7;0;2;0;3;1;A01
200900036267;0;7;0;0;0;3;1;A01
200900036267;0;7;0;0;0;3;1;B02
200900036268;0;10;0;4;0;1;13;A01
200900036268;0;7;0;0;2;8;1;B02
200900036268;0;7;0;0;0;4;1;C03
200900036268;0;33;0;0;2;1;1;D04
200900036269;0;7;0;15;0;1;1;A01
200900036270;0;33;0;6;0;7;1;A01
200900036271;0;7;0;0;2;4;23;E05
200900036271;0;7;0;0;2;4;23;D04
200900036271;0;10;0;0;2;3;2;B02
200900036271;0;7;0;0;2;4;2;A01
200900036271;0;7;0;0;2;4;23;C03
200900036272;0;17;0;0;2;3;1;B02
200900036272;0;7;0;0;2;1;1;C03
200900036272;0;7;0;0;2;3;1;A01
200900036273;0;33;0;13;0;2;14;A01
200900036274;0;34;0;0;2;1;17;A01
200900036274;0;7;0;0;2;8;15;B02
200900036275;0;7;0;0;0;8;11;B02
200900036275;0;7;0;0;0;2;12;A01
200900036276;0;7;0;13;0;1;1;A01
200900036277;0;1;0;3;0;2;1;A01
200900036278;0;7;0;0;1;1;1;A01
200900036279;0;37;0;0;1;0;22;A01
200900036280;0;7;0;0;2;8;1;A01
200900036280;0;7;0;0;2;3;1;B02
200900036281;0;33;0;0;0;7;1;A01
200900036282;0;33;0;0;2;1;1;A01
200900036282;0;7;0;0;2;3;1;C03
200900036282;0;7;0;0;9;1;1;B02
200900036283;0;7;0;0;2;1;17;A01
200900036283;0;7;0;0;2;1;1;B02
200900036284;0;7;0;16;0;9;1;A01
200900036285;0;7;0;0;2;1;13;A01
200900036285;0;7;0;0;2;1;1;B02
200900036286;0;7;0;0;2;6;15;A01
200900036286;0;33;0;0;2;3;1;B02
200900036287;0;7;0;0;2;2;15;A01
200900036287;0;2;0;0;2;1;1;B02
200900036288;0;7;0;0;2;1;2;B02
200900036288;0;7;0;0;0;4;2;A01
200900036289;0;7;0;0;2;3;1;B02
200900036289;0;33;0;0;2;1;13;A01
200900036290;0;7;0;0;1;1;0;A01
200900036291;0;7;0;0;1;2;1;A01
200900036292;0;7;0;0;2;1;0;B01
200900036292;0;2;0;0;2;1;1;A01
200900036293;0;7;0;0;2;7;15;A01
200900036293;0;33;0;0;2;1;1;B01
200900036294;0;7;0;0;2;3;15;B01
200900036294;0;2;0;0;2;1;17;A01
200900036295;0;13;0;0;0;0;0;A01
200900036296;0;34;0;0;0;1;1;A01
200900036297;0;7;0;0;2;1;15;A01
200900036297;0;2;0;0;2;1;1;B01
200900036298;0;2;0;0;1;7;1;A01
200900036299;0;31;0;0;0;0;0;B01
200900036299;0;7;0;0;0;0;0;A01
200900036300;0;7;0;0;0;6;1;C01
200900036300;0;33;0;0;2;4;1;B01
200900036300;0;31;0;0;2;2;17;A01
200900036301;0;31;0;0;2;4;1;A01
200900036301;1;7;0;0;2;1;1;B01
200900036302;0;7;0;0;2;2;16;A01
200900036302;0;2;0;0;2;1;1;B01
200900036303;0;10;0;0;2;4;2;B01
200900036303;0;33;0;0;2;1;2;A01
200900036304;0;7;0;0;2;5;1;B01
200900036304;0;31;0;0;2;8;1;A01
200900036305;0;33;0;0;0;7;1;B01
200900036305;0;10;0;0;0;0;11;A01
200900036306;0;15;0;0;4;2;16;A01
200900036306;0;40;0;0;2;1;1;B01
200900036307;0;7;0;0;2;2;1;A01
200900036307;0;2;0;0;2;1;0;B01
200900036308;0;7;0;0;2;4;2;B01
200900036308;0;7;0;0;2;1;1;A01
200900036309;0;7;0;1;2;1;1;A01
200900036309;0;7;0;0;2;3;1;B01
200900036310;0;7;0;0;2;4;2;B01
200900036310;0;10;0;0;2;1;1;A01
200900036311;0;7;0;0;2;2;1;B01
200900036311;0;31;0;0;2;1;13;A01
200900036312;0;37;1;0;1;1;15;A01
200900036313;0;10;0;0;0;0;14;A01
200900036313;0;2;0;1;0;7;1;B01
200900036314;0;2;0;0;2;0;1;B01
200900036314;0;7;0;0;2;3;15;A01
200900036315;0;7;0;0;2;4;1;B01
200900036315;0;7;0;0;2;1;1;A01
200900036316;0;7;0;0;2;1;1;A01
200900036316;0;2;0;0;2;4;1;B01
200900036317;0;32;0;0;2;1;17;A01
200900036317;0;33;0;0;2;6;1;B01
200900036318;0;7;0;0;1;1;0;A01
200900036319;0;7;0;0;1;1;1;A01
200900036320;0;30;0;0;2;1;1;A01
200900036320;0;7;0;0;2;7;15;B01
200900036321;0;7;0;0;2;2;14;A01
200900036321;0;30;0;0;2;8;1;B01
200900036322;0;31;0;0;2;4;2;B01
200900036322;0;7;0;0;2;1;1;A01
200900036323;0;7;0;0;2;7;15;A01
200900036323;0;32;0;0;2;1;1;B01
200900036324;0;10;0;0;2;1;1;B01
200900036324;0;7;0;0;2;1;5;A01
200900036325;0;30;0;0;0;0;0;A01
200900036325;1;7;0;0;0;0;0;B01
200900036326;0;7;0;0;2;1;1;B01
200900036326;0;32;0;0;2;1;5;A01
200900036327;0;1;0;0;2;1;1;A01
200900036327;0;7;0;0;2;4;1;B01
200900036328;0;34;0;0;2;1;1;B01
200900036328;0;10;0;0;2;1;15;A01
200900036329;0;7;0;0;2;4;2;B01
200900036329;0;7;0;0;2;1;1;A01
200900036330;0;31;0;14;0;8;1;A01
200900036330;0;30;0;0;2;0;1;B01
200900036331;0;32;0;15;0;1;0;A01
200900036332;0;30;0;0;2;8;13;A01
200900036332;0;7;0;0;2;7;0;B01
200900036333;0;7;0;0;2;3;17;A01
200900036333;0;31;0;0;2;2;0;B01
200900036334;0;7;0;0;2;6;1;B01
200900036334;0;7;0;0;2;2;0;A01
200900036335;0;2;0;0;2;1;1;B01
200900036335;0;7;0;0;2;1;15;A01
200900036336;0;31;0;0;2;2;1;B01
200900036336;0;7;0;0;2;8;9;A01
200900036337;0;7;0;0;1;3;16;A01
200900036338;0;7;0;0;2;3;10;A01
200900036338;0;31;0;0;2;1;1;B01
200900036339;0;7;0;1;2;0;0;A01
200900036339;0;30;0;0;2;0;0;B01
200900036340;0;7;0;1;0;1;1;A01
200900036340;0;14;0;0;2;3;24;B01
200900036341;0;31;0;0;2;1;17;A01
200900036341;0;7;0;0;2;3;0;B01
200900036342;0;33;0;0;2;2;13;A01
200900036342;0;7;0;0;2;1;1;B01
200900036343;0;30;0;0;2;2;15;A01
200900036343;0;7;0;0;2;2;1;B01
200900036344;0;33;0;0;2;1;1;B01
200900036344;0;7;0;0;2;3;9;A01
200900036345;0;37;5;0;2;2;1;B01
200900036345;0;7;0;0;2;6;15;A01
200900036346;0;7;0;0;2;1;1;A01
200900036347;0;7;0;0;1;1;21;A01
200900036348;0;7;0;0;2;1;1;A01
200900036348;0;7;0;0;2;3;1;B01
200900036349;0;7;0;0;2;2;1;A01
200900036349;0;32;0;0;0;4;23;B01
200900036350;0;7;0;9;2;2;14;B01
200900036350;0;7;0;0;2;8;1;A01
200900036351;0;31;0;0;1;1;1;A01
200900036352;0;2;0;0;0;7;1;A01
200900036353;0;99;0;0;2;2;16;B01
200900036353;0;31;0;0;2;2;2;A01
200900036354;0;7;0;0;1;2;1;A01
200900036355;0;31;0;0;1;1;1;A01
200900036356;0;7;0;12;2;3;21;B01
200900036356;0;31;0;0;2;1;13;A01
200900036357;0;2;0;15;0;1;14;A01
200900036358;0;7;0;0;2;3;1;B01
200900036358;0;31;0;0;2;7;13;A01
200900036359;0;30;0;0;2;1;18;A01
200900036359;0;7;0;0;2;7;16;B01
200900036360;0;30;0;0;0;0;0;A01
200900036361;0;7;0;0;1;8;1;A01
200900036362;0;31;0;0;2;1;0;A01
200900036362;0;7;0;0;0;6;0;B01
200900036363;1;7;0;0;2;0;0;A01
200900036363;0;7;0;0;2;3;15;B01
200900036364;0;7;0;0;2;2;1;A01
200900036364;0;2;0;0;2;3;0;B01
200900036365;0;7;0;0;2;3;15;A01
200900036365;0;37;41;0;2;2;1;B01
200900036366;0;7;0;0;2;7;1;A01
200900036366;0;37;1;0;2;1;1;B01
200900036367;0;7;0;0;0;0;12;A01
200900036367;0;33;0;0;2;0;21;B01
200900036368;0;7;0;1;1;1;1;B01
200900036368;0;1;0;0;2;0;9;A01
200900036369;1;7;0;0;1;0;0;A01
200900036370;0;10;0;14;0;3;1;A01
200900036370;0;7;0;0;2;5;2;B01
200900036371;0;7;0;0;2;3;15;A01
200900036371;0;33;0;0;2;7;17;B01
200900036372;0;37;62;0;1;1;1;A01
200900036373;0;7;0;0;2;7;15;A01
200900036373;0;7;0;0;2;1;1;B01
200900036374;0;7;0;0;2;3;0;A01
200900036374;0;2;0;0;2;7;1;B01
200900036375;0;33;0;0;2;1;1;B01
200900036375;0;7;0;1;2;5;1;A01
200900036376;0;10;0;8;0;1;1;A01
200900036377;0;7;0;0;1;1;15;A01
200900036378;0;7;0;0;2;2;1;B01
200900036378;0;10;0;0;2;3;9;A01
200900036379;0;7;0;0;2;2;2;A01
200900036379;0;7;0;0;2;4;2;B01
200900036379;0;10;0;0;2;4;3;C01
200900036380;0;1;0;0;2;0;9;A01
200900036380;0;7;0;0;2;2;1;B01
200900036381;0;31;0;0;1;1;1;A01
200900036382;0;7;0;0;1;1;1;A01
200900036383;0;2;0;0;0;0;0;A01
200900036384;0;30;0;0;0;0;0;A01
200900036384;0;7;0;0;0;0;0;B01
200900036385;0;31;0;0;2;1;1;B01
200900036385;0;7;0;0;2;1;15;A01
200900036386;0;7;0;0;2;4;2;B01
200900036386;0;34;0;0;2;7;2;A01
200900036387;0;2;0;0;2;1;1;B01
200900036387;0;10;0;0;2;8;9;A01
200900036388;0;32;0;0;2;1;1;B01
200900036388;0;7;0;0;2;3;13;A01
200900036389;0;7;0;0;0;4;2;B01
200900036389;0;2;0;0;2;1;2;A01
200900036390;0;7;0;0;0;5;2;B01
200900036390;0;10;0;0;2;3;2;A01
200900036391;0;7;0;0;1;0;17;A01
200900036392;0;1;0;0;1;1;1;A01
200900036392;0;7;0;0;0;1;1;B01
200900036393;0;33;0;0;2;5;17;B01
200900036393;0;7;0;0;2;3;20;A01
200900036394;0;30;0;0;2;1;17;A01
200900036394;0;7;0;0;0;8;15;B01
200900036395;0;31;0;0;2;1;1;A01
200900036395;0;30;0;0;2;4;21;B01
200900036396;0;32;0;16;0;0;1;A01
200900036396;0;7;0;0;2;4;2;B01
200900036397;0;32;0;0;2;0;2;B01
200900036397;0;7;0;0;2;6;15;A01
200900036398;0;7;0;1;0;2;0;A02
200900036399;0;7;0;2;0;2;1;A01
200900036400;0;7;0;0;1;1;1;A01
200900036401;1;7;0;0;0;0;0;B01
200900036401;0;2;0;0;2;1;1;A01
200900036402;0;31;0;0;2;2;1;B01
200900036402;0;7;0;0;2;3;9;A01
200900036403;0;7;0;0;2;4;1;C01
200900036403;0;10;0;0;2;1;1;A01
200900036403;0;7;0;0;2;4;2;B01
200900036404;0;7;0;0;2;6;1;B01
200900036404;0;30;0;0;2;8;1;A01
200900036405;0;2;0;0;2;5;1;A01
200900036405;0;7;0;0;2;2;15;B01
200900036406;0;7;0;0;2;1;1;A01
200900036406;0;7;0;0;0;0;0;C01
200900036406;0;7;0;0;2;4;23;B01
200900036407;0;10;0;0;2;3;1;B01
200900036407;0;31;0;0;2;7;16;A01
200900036408;0;7;0;0;2;8;15;A01
200900036408;0;32;0;0;2;1;1;B01
200900036409;0;33;0;0;1;2;17;A01
200900036410;0;32;0;0;2;0;13;A01
200900036410;0;7;0;0;2;3;11;B01
200900036411;0;7;0;0;2;2;15;B01
200900036411;0;31;0;0;2;1;1;A01
200900036412;0;30;0;0;2;1;15;A01
200900036412;0;31;0;0;2;1;1;B01
200900036413;0;2;0;0;2;1;2;A01
200900036413;0;7;0;0;2;4;2;B01
200900036414;0;7;0;1;2;3;9;A01
200900036414;0;7;0;1;2;5;1;B01
200900036415;0;10;0;0;1;4;4;A01
200900036416;0;10;0;0;2;1;2;A01
200900036416;0;31;0;0;2;4;2;B01
200900036417;0;32;0;0;0;0;0;A01
200900036418;0;7;0;0;2;1;1;B01
200900036418;0;30;0;0;0;8;0;A01
200900036419;0;10;0;0;2;1;2;A01
200900036419;0;7;0;0;0;4;2;B01
200900036420;0;7;0;0;2;1;13;A01
200900036420;0;7;0;0;2;1;1;B01
200900036421;0;30;0;0;2;1;17;A01
200900036421;0;30;0;0;2;8;15;B01
200900036422;0;30;0;0;1;1;9;A01
200900036423;0;31;0;0;2;1;1;B01
200900036423;0;7;0;0;0;5;16;A01
200900036424;0;7;0;0;1;1;1;A01
200900036425;0;32;0;0;2;0;0;B01
200900036425;1;7;0;0;2;0;0;A01
200900036426;0;7;0;0;2;1;1;A01
200900036426;0;1;0;0;2;4;15;B01
200900036427;0;33;0;0;2;2;17;B01
200900036427;0;7;0;0;1;3;13;A01
200900036428;0;32;0;0;0;0;0;A01
200900036429;0;7;0;0;2;4;1;B01
200900036429;0;7;0;0;2;1;1;A01
200900036429;0;10;0;0;2;4;1;C01
200900036430;0;7;0;0;2;1;1;C01
200900036430;0;32;0;0;2;1;17;A01
200900036430;0;7;0;0;2;8;15;B01
200900036431;0;32;0;0;2;4;1;B01
200900036431;0;10;0;0;2;1;1;A01
200900036432;0;32;0;3;0;0;0;A01
200900036433;0;7;0;1;0;2;1;A01
200900036434;0;33;0;0;2;2;1;B01
200900036434;0;99;0;0;2;1;16;A01
200900036434;0;1;0;0;2;1;1;C01
200900036435;0;7;0;0;2;4;2;B01
200900036435;0;7;0;0;2;1;2;A01
200900036436;0;7;0;9;0;1;13;A01
200900036437;0;34;0;0;2;1;1;B01
200900036437;0;10;0;0;0;8;9;A01
200900036438;0;31;0;0;2;4;1;B01
200900036438;1;17;0;0;2;2;1;A01
200900036439;0;7;0;1;2;1;1;A01
200900036439;1;7;0;0;2;1;9;C01
200900036439;0;7;0;0;2;4;0;B01
200900036440;0;7;0;0;0;8;9;A01
200900036440;0;30;0;0;2;1;1;B01
200900036441;0;7;0;0;2;1;15;A01
200900036441;0;30;0;0;2;0;15;B01
200900036442;0;34;0;0;0;0;0;A01
200900036443;0;7;0;0;1;3;15;A01
200900036444;0;32;0;0;0;0;0;A01
200900036445;0;31;0;0;0;0;0;B01
200900036445;0;7;0;0;2;3;11;A01
200900036446;0;7;0;0;2;1;2;A01
200900036446;0;7;0;0;2;1;2;C01
200900036446;0;7;0;0;2;1;2;B01
200900036446;0;7;0;0;2;4;2;D01
200900036447;0;7;0;1;0;1;1;A01
200900036448;0;7;0;0;2;8;15;B01
200900036448;0;2;0;0;2;1;17;A01
200900036449;0;7;0;0;2;4;2;B01
200900036449;0;7;0;0;2;1;1;A01
200900036450;0;2;0;0;2;1;1;B01
200900036450;0;7;0;0;0;7;10;A01
200900036451;0;30;0;0;2;1;1;A01
200900036451;0;7;0;0;2;2;1;B01
200900036452;0;7;0;0;0;1;1;B01
200900036452;0;32;0;0;2;1;13;A01
200900036453;0;30;0;2;0;1;14;A01
200900036454;0;7;0;0;0;8;23;B01
200900036454;0;2;0;0;0;2;17;A01
200900036455;0;7;0;0;0;8;15;B01
200900036455;1;30;0;0;2;1;17;A01
200900036456;0;7;0;0;0;0;1;A01
200900036456;0;31;0;0;0;0;1;B01
200900036457;0;7;0;0;0;8;15;A01
200900036457;0;31;0;0;2;1;1;B01
200900036458;0;30;0;0;9;1;1;A01
200900036459;1;30;0;0;0;0;5;B01
200900036459;0;1;0;0;0;0;1;A01
200900036460;0;30;0;0;2;1;1;C01
200900036460;0;7;0;0;0;1;1;B01
200900036460;0;2;0;0;2;1;13;A01
200900036461;0;30;0;0;2;1;13;A01
200900036461;0;7;0;0;9;1;1;B01
200900036462;0;2;0;0;1;1;1;A01
200900036463;0;1;0;1;0;1;1;B01
200900036463;0;7;0;0;0;8;24;A01
200900036464;0;7;0;0;2;5;15;A01
200900036464;0;7;0;0;2;2;1;B01
200900036465;0;30;0;0;0;0;1;A01
200900036465;0;7;0;0;0;0;11;B01
200900036466;0;7;0;0;2;4;2;B01
200900036466;0;13;0;0;2;1;2;A01
200900036467;0;32;0;0;2;0;17;A01
200900036467;0;7;0;0;2;3;1;B01
200900036468;0;7;0;0;2;0;2;A01
200900036468;0;31;0;0;2;8;1;B01
200900036469;0;34;0;0;2;1;0;A01
200900036470;0;34;0;0;2;1;0;A01
200900036470;0;7;0;0;2;1;1;B01
200900036471;0;7;0;0;0;2;2;A01
200900036472;0;7;0;0;2;1;1;A01
200900036472;0;30;0;0;2;8;1;B01
200900036473;0;30;0;0;2;0;1;B01
200900036473;0;7;0;0;2;3;1;A01
200900036474;0;7;0;0;2;1;1;B01
200900036474;0;7;0;0;2;1;15;A01
200900036475;0;1;0;0;2;4;1;B02
200900036475;0;7;0;0;2;3;1;A01
200900036476;0;1;0;0;2;7;1;B01
200900036476;0;7;0;0;2;1;1;A01
200900036477;0;7;0;0;0;9;1;A01
200900036478;0;7;0;1;2;1;21;A01
200900036479;1;7;0;0;2;1;2;A01
200900036479;0;7;0;0;2;4;1;B01
200900036480;0;7;0;0;2;1;1;A01
200900036480;0;7;0;0;2;1;1;B02
200900036481;0;7;0;0;2;7;16;B01
200900036481;0;30;0;0;2;1;18;A01
200900036482;0;7;0;0;2;2;13;A01
200900036482;0;1;0;0;2;8;15;B02
200900036483;0;7;0;0;2;1;1;B02
200900036483;0;7;0;0;0;4;1;A01
200900036484;0;21;0;0;0;4;16;B02
200900036484;0;7;0;0;2;1;1;A01
200900036485;0;7;0;2;0;1;1;A01
200900036486;0;33;0;0;0;7;1;A01
200900036487;0;31;0;0;2;7;1;A01
200900036487;0;7;0;0;2;3;2;B01
200900036488;0;7;0;2;0;2;1;A01
200900036489;0;7;0;3;0;1;15;A01
200900036490;0;7;0;0;2;8;1;B01
200900036490;0;7;0;0;2;1;1;A01
200900036491;0;7;0;0;1;1;21;A01
200900036492;0;7;0;8;1;1;14;A01
200900036493;0;30;0;0;0;8;1;A01
200900036494;0;7;0;0;1;3;1;A01
200900036495;0;7;0;0;1;1;1;A01
200900036496;0;7;0;8;0;1;15;A01
200900036497;0;1;0;0;2;7;19;A01
200900036497;0;7;0;0;2;1;12;B01
200900036498;0;7;0;0;0;4;17;A01
200900036498;0;17;0;0;0;1;1;B02
200900036499;0;31;0;1;0;1;1;A01
200900036500;0;7;0;2;0;2;1;A01
200900036501;0;7;0;0;1;8;1;A01
200900036502;0;7;0;0;1;1;1;A01
200900036503;0;7;0;2;0;2;1;A01
200900036504;0;7;0;8;0;8;1;A01
200900036505;0;7;0;0;1;2;1;A01
200900036506;0;7;0;0;2;0;1;B01
200900036506;0;7;0;0;2;0;1;A01
200900036507;0;2;0;0;2;1;14;A01
200900036507;0;13;0;0;2;5;1;B01
200900036508;0;7;0;0;2;1;9;A01
200900036508;0;2;0;0;2;7;0;B01
200900036509;0;7;0;0;2;1;15;A01
200900036509;0;7;0;9;2;1;1;B01
200900036510;0;7;0;16;0;1;1;A01
200900036511;0;10;0;2;0;3;19;A01
200900036512;0;7;0;2;0;1;1;A01
200900036513;0;7;0;13;0;8;1;A01
200900036514;0;7;0;0;0;4;23;A01
200900036514;0;7;0;14;0;1;1;B02
200900036515;0;7;0;8;0;9;13;A01
200900036516;0;7;0;0;2;2;15;A01
200900036516;0;7;0;0;2;1;1;B02
200900036517;0;7;0;2;0;1;13;A01
200900036518;0;7;0;0;1;2;1;A01
200900036519;0;7;0;13;0;1;0;A01
200900036520;0;7;0;0;0;0;15;A01
200900036520;0;36;0;0;0;9;21;B02
200900036521;0;33;0;12;0;1;1;A01
200900036522;0;2;0;0;2;1;19;A01
200900036522;0;7;0;0;9;7;2;B02
200900036523;0;7;0;0;2;3;15;A01
200900036523;0;7;0;0;2;1;17;B02
200900036524;0;7;0;0;9;6;15;B02
200900036524;0;33;0;0;2;1;17;A01
200900036525;0;33;0;8;0;8;1;A01
200900036526;1;7;0;0;0;0;13;A01
200900036526;0;7;0;13;0;3;21;B02
200900036527;0;7;0;0;2;1;16;A01
200900036527;0;1;0;0;2;8;1;B02
200900036528;1;7;0;0;1;2;1;A01
200900036529;0;30;0;0;0;0;1;A01
200900036530;0;7;0;13;0;9;13;A01
200900036531;0;7;0;0;2;1;5;A01
200900036531;0;7;0;0;2;1;2;B02
200900036532;0;7;0;13;0;3;13;A01
200900036533;0;10;0;13;0;1;13;A01
200900036534;0;21;0;0;2;3;1;B02
200900036534;0;33;0;0;2;1;13;A01
200900036535;0;7;0;0;2;1;1;A01
200900036535;0;7;0;0;2;1;1;B02
200900036536;0;7;0;0;0;7;19;A01
200900036536;0;7;0;0;0;1;1;B02
200900036537;0;33;0;0;0;0;1;A01
200900036538;0;2;0;7;0;0;1;A01
200900036539;0;7;0;13;0;9;1;A01
200900036540;0;2;0;0;0;0;1;A01
200900036541;0;10;0;0;2;4;4;A01
200900036541;0;30;0;0;2;1;1;B01
200900036542;0;7;0;3;0;1;1;A01
200900036542;0;14;0;0;2;0;1;B01
200900036543;0;34;0;0;2;1;1;B01
200900036543;0;7;0;0;2;3;15;A01
200900036544;0;33;0;0;2;1;1;B01
200900036544;0;7;0;0;2;7;15;A01
200900036545;0;33;0;0;2;8;1;B01
200900036545;0;7;0;0;2;3;15;A01
200900036546;0;7;0;0;2;3;17;A01
200900036546;0;7;0;0;2;1;20;B01
200900036547;0;30;0;12;0;1;1;A01
200900036548;0;14;0;0;0;4;1;B01
200900036548;0;7;0;0;9;1;0;A01
200900036549;0;7;0;0;2;1;15;A01
200900036549;0;33;0;0;2;4;1;B01
200900036550;0;7;0;13;0;1;1;A01
200900036551;0;31;0;0;2;1;2;A01
200900036551;0;7;0;0;0;4;2;B01
200900036552;0;7;0;0;2;5;0;A01
200900036552;0;1;0;0;2;1;1;B01
200900036553;0;1;0;0;0;1;17;A01
200900036553;0;7;0;0;0;8;15;B01
200900036554;0;7;0;0;1;2;1;A01
200900036555;0;32;0;0;0;1;1;A01
200900036556;0;7;0;0;2;2;15;A01
200900036556;0;7;0;0;2;1;1;B01
200900036557;0;7;0;12;0;1;17;A01
200900036557;0;7;0;0;2;6;1;B01
200900036558;0;31;0;0;2;1;1;A01
200900036558;0;13;0;0;2;2;19;B01
200900036559;0;7;0;13;0;1;1;A01
200900036560;0;33;0;0;2;1;17;B01
200900036560;0;7;0;0;2;4;15;A01
200900036561;0;10;0;0;2;3;1;B01
200900036561;0;10;0;0;0;0;15;A01
200900036562;0;30;0;0;0;1;1;A01
200900036563;0;31;0;0;2;1;1;B01
200900036563;0;7;0;0;2;7;15;A01
200900036564;0;7;0;2;0;1;1;A01
200900036565;0;7;0;3;0;1;1;A01
200900036566;0;7;0;0;2;1;9;A01
200900036566;0;31;0;0;2;8;1;B01
200900036567;0;2;0;0;2;2;2;A01
200900036567;0;33;0;0;2;8;2;B01
200900036568;0;7;0;0;1;1;17;A01
200900036569;2;7;0;0;1;0;1;A01
200900036570;0;1;0;0;0;1;1;A01
200900036571;0;7;0;0;9;3;16;A01
200900036571;0;1;0;0;2;1;20;B01
200900036572;0;30;0;14;0;1;1;A01
200900036573;0;2;0;0;0;1;1;A01
200900036574;0;10;0;0;2;1;9;B01
200900036574;0;1;0;0;2;8;1;A01
200900036575;0;7;0;15;0;3;0;A01
200900036576;0;7;0;0;2;1;1;B01
200900036576;0;7;0;0;2;2;15;A01
200900036577;0;7;0;0;2;1;2;A01
200900036577;0;7;0;0;2;4;23;D01
200900036577;0;7;0;0;2;1;2;B01
200900036577;0;7;0;0;2;4;23;C01
200900036578;0;32;0;0;2;3;1;A01
200900036578;0;7;0;0;2;8;1;B01
200900036579;0;31;0;0;1;1;1;A01
200900036580;0;7;0;0;1;3;1;A01
200900036581;0;7;0;0;2;3;9;B01
200900036581;0;32;0;0;2;1;1;A01
200900036582;0;7;0;2;0;0;9;A01
200900036583;0;7;0;8;0;1;1;A01
200900036584;0;7;0;0;2;1;15;A01
200900036584;0;33;0;0;2;1;1;B01
200900036585;1;7;0;0;0;0;2;A01
200900036585;0;7;0;8;2;9;1;B01
200900036586;0;31;0;0;2;1;1;B01
200900036586;0;7;0;0;9;2;15;A01
200900036587;0;32;0;0;2;2;17;A01
200900036587;0;7;0;0;0;0;15;B01
200900036588;0;13;0;0;1;6;4;A01
200900036589;0;33;0;0;2;1;1;B01
200900036589;0;7;0;0;2;3;15;A01
200900036590;0;7;0;0;1;3;1;A01
200900036591;0;7;0;0;2;1;1;A01
200900036591;0;7;0;0;2;6;1;B01
200900036592;0;7;0;6;0;9;1;A01
200900036593;0;7;0;0;1;1;1;A01
200900036594;0;30;0;0;2;1;1;A01
200900036594;0;99;0;0;9;8;15;B01