num_acc;senc;catv;occutc;obs;obsm;choc;manv;num_veh
200900036595;0;33;0;0;2;7;21;A01
200900036595;0;7;0;0;2;4;15;B01
200900036596;0;7;0;0;0;1;0;A01
200900036596;0;7;0;0;0;3;0;B01
200900036597;0;7;0;0;1;3;0;A01
200900036598;0;32;0;0;0;7;1;A01
200900036599;0;31;0;13;0;1;2;A01
200900036600;0;7;0;0;2;1;9;A01
200900036600;0;30;0;0;2;7;1;B01
200900036601;0;33;0;0;2;1;1;B01
200900036601;0;99;0;0;2;5;10;A01
200900036602;0;7;0;0;1;3;1;A01
200900036603;0;7;0;0;0;4;2;B01
200900036603;0;31;0;0;2;1;2;A01
200900036604;0;31;0;0;2;2;0;A01
200900036604;0;7;0;0;2;1;1;B01
200900036605;0;7;0;2;0;7;0;A01
200900036606;0;33;0;0;2;1;21;B01
200900036606;0;7;0;0;2;3;15;A01
200900036607;0;33;0;0;0;0;0;A01
200900036608;0;7;0;0;2;1;5;A01
200900036608;0;7;0;0;2;1;1;B01
200900036609;0;33;0;0;2;1;0;B01
200900036609;0;7;0;0;2;1;5;A01
200900036609;0;33;0;0;2;1;0;C01
200900036610;0;33;0;0;2;1;17;B01
200900036610;0;7;0;0;2;3;10;A01
200900036611;0;7;0;0;2;3;17;B01
200900036611;0;2;0;0;2;1;1;A01
200900036612;0;7;0;0;2;3;1;B01
200900036612;0;10;0;0;2;3;1;A01
200900036613;0;2;0;0;1;3;21;A01
200900036614;0;7;0;6;0;9;1;A01
200900036615;0;33;0;0;2;3;1;B01
200900036615;0;7;0;0;2;1;15;A01
200900036616;0;7;0;0;2;3;1;B01
200900036616;0;34;0;0;2;7;1;A01
200900036617;0;37;1;0;2;4;23;B01
200900036617;0;7;0;0;2;1;2;A01
200900036618;0;31;0;0;2;1;11;A01
200900036618;0;33;0;0;2;1;17;B02
200900036619;0;34;0;0;2;1;1;B02
200900036619;0;7;0;0;2;3;10;A01
200900036620;0;15;0;0;2;2;13;A01
200900036620;0;7;0;0;2;1;1;B02
200900036621;0;31;0;0;2;1;1;B02
200900036621;0;10;0;0;2;3;15;A01
200900036622;0;7;0;0;2;1;2;A01
200900036622;0;7;0;0;0;4;2;B02
200900036623;0;31;0;13;0;1;1;A01
200900036624;0;1;0;0;2;8;1;B02
200900036624;0;7;0;0;2;3;15;A01
200900036625;0;34;0;13;0;1;14;A01
200900036626;0;7;0;0;2;1;17;A01
200900036626;0;32;0;0;2;1;1;B02
200900036627;0;7;0;0;1;8;1;A01
200900036628;0;7;0;0;2;2;14;A01
200900036628;0;10;0;3;2;6;1;B02
200900036629;0;7;0;0;0;6;1;B02
200900036629;0;7;0;0;2;2;11;A01
200900036630;0;7;0;0;2;8;15;B02
200900036630;0;7;0;0;2;2;17;A01
200900036631;0;7;0;13;0;8;1;A01
200900036632;0;7;0;0;2;8;14;A01
200900036632;0;7;0;0;2;8;1;B02
200900036633;0;7;0;0;2;6;15;A01
200900036633;0;32;0;0;2;1;1;B02
200900036634;0;30;0;0;2;1;1;B02
200900036634;0;30;0;0;2;1;1;C03
200900036634;0;7;0;0;9;8;19;A01
200900036635;0;7;0;0;9;6;15;A01
200900036635;0;1;0;0;2;2;1;B02
200900036636;0;7;0;0;2;6;10;B02
200900036636;0;33;0;0;2;1;17;A01
200900036637;0;7;0;13;0;1;1;A01
200900036638;0;33;0;13;0;0;1;A01
200900036639;0;30;0;0;2;8;1;A01
200900036639;0;7;0;0;2;1;15;B02
200900036640;0;7;0;6;0;8;13;A01
200900036641;0;7;0;0;2;3;0;C03
200900036641;0;7;0;0;2;3;19;A01
200900036641;0;31;0;0;2;2;0;B02
200900036642;0;7;0;0;2;1;1;B02
200900036642;0;7;0;0;2;1;13;A01
200900036643;0;33;0;0;0;0;1;A01
200900036644;0;33;0;0;2;3;13;A01
200900036644;0;7;0;0;2;8;1;B02
200900036645;0;7;0;0;2;3;13;A01
200900036645;0;7;0;0;2;2;1;B02
200900036646;0;7;0;0;2;3;1;B02
200900036646;0;30;0;0;2;3;1;A01
200900036647;0;32;0;0;2;1;17;A01
200900036647;0;10;0;0;2;8;15;B02
200900036648;0;31;0;0;2;1;17;A01
200900036648;0;7;0;0;2;3;15;B01
200900036649;0;7;0;6;0;1;2;A01
200900036650;0;7;0;0;2;1;15;A01
200900036650;0;7;0;0;2;8;1;B01
200900036651;0;7;0;0;1;1;2;A01
200900036652;0;7;0;0;2;1;15;B01
200900036652;0;30;0;0;2;8;1;A01
200900036653;0;7;0;0;1;1;1;A01
200900036654;0;7;0;0;2;1;1;B01
200900036654;0;1;0;0;2;8;16;A01
200900036655;0;33;0;15;0;2;1;A01
200900036656;0;7;0;0;0;8;0;A01
200900036656;0;37;1;0;0;2;0;B01
200900036657;0;34;0;0;0;4;23;B01
200900036657;0;33;0;0;2;1;1;A01
200900036658;0;1;0;1;0;1;21;A01
200900036659;0;32;0;0;2;7;1;B01
200900036659;0;7;0;0;2;1;15;A01
200900036660;0;7;0;0;1;1;1;A01
200900036661;0;10;0;0;2;1;2;A01
200900036661;0;7;0;0;0;4;2;B01
200900036662;0;7;0;4;0;1;1;A01
200900036663;1;7;0;0;2;1;1;A01
200900036663;0;7;0;0;0;4;23;B01
200900036664;0;7;0;0;2;7;12;A01
200900036664;0;33;0;0;2;8;1;B01
200900036665;0;7;0;0;2;1;2;B01
200900036665;0;7;0;0;2;1;2;A01
200900036665;0;7;0;0;2;1;2;D01
200900036665;0;7;0;0;2;4;2;E01
200900036665;0;7;0;0;2;1;2;C01
200900036666;0;7;0;0;0;4;1;C01
200900036666;0;7;0;0;2;1;2;A01
200900036666;0;7;0;0;2;4;1;B01
200900036667;0;7;0;0;0;4;2;B01
200900036667;0;7;0;0;2;1;2;A01
200900036668;0;7;0;3;0;2;0;A01
200900036669;0;7;0;0;0;4;1;C01
200900036669;0;7;0;0;0;1;2;A01
200900036669;0;7;0;0;0;1;2;B01
200900036670;0;10;0;0;2;7;17;A01
200900036670;0;10;0;0;0;6;1;B01
200900036671;0;7;0;0;0;4;1;B01
200900036671;0;7;0;0;2;1;0;A01
200900036672;0;7;0;0;0;4;2;E01
200900036672;0;7;0;0;2;4;2;C01
200900036672;0;7;0;0;2;4;2;B01
200900036672;0;7;0;0;2;1;2;A01
200900036672;0;7;0;0;2;4;2;D01
200900036673;0;33;0;0;9;1;2;A01
200900036674;0;7;0;0;0;4;1;B01
200900036674;0;37;1;0;2;1;1;A01
200900036675;0;10;0;0;2;1;2;A01
200900036675;0;7;0;0;2;1;2;B01
200900036675;0;7;0;0;2;4;2;C01
200900036676;0;34;0;0;2;3;3;B01
200900036676;0;7;0;0;2;5;12;A01
200900036677;0;32;0;0;2;1;21;B01
200900036677;0;7;0;0;0;6;2;A01
200900036678;0;7;0;0;0;6;1;B01
200900036678;0;7;0;0;2;2;12;A01
200900036679;0;7;0;0;2;1;1;B01
200900036679;0;7;0;0;2;1;11;A01
200900036679;0;7;0;0;2;6;23;C01
200900036680;0;10;0;0;2;2;2;B02
200900036680;0;30;0;0;0;7;15;A01
200900036681;0;7;0;0;2;5;15;A01
200900036681;0;33;0;0;2;1;1;B01
200900036682;0;7;0;7;0;9;1;A01
200900036683;0;30;0;0;2;3;1;B01
200900036683;0;7;0;0;2;3;17;A01
200900036684;0;7;0;0;1;3;13;A01
200900036685;0;33;0;0;2;1;17;B01
200900036685;0;7;0;0;2;1;15;A01
200900036686;0;7;0;0;2;4;1;B01
200900036686;0;7;0;15;2;1;1;A01
200900036687;0;7;0;0;0;1;1;B02
200900036687;0;31;0;0;2;7;19;A01
200900036688;0;7;0;0;2;3;13;A01
200900036688;0;7;0;0;2;3;1;B01
200900036689;0;33;0;0;2;1;15;B01
200900036689;0;7;0;0;2;8;15;A01
200900036690;0;7;0;0;2;8;9;A01
200900036690;0;7;0;0;2;2;1;B01
200900036691;0;30;0;0;2;1;13;A01
200900036691;0;7;0;0;2;3;1;B01
200900036692;0;7;0;0;2;3;17;A01
200900036692;0;7;0;0;2;8;1;B01
200900036693;0;30;0;0;2;1;1;B01
200900036693;0;7;0;0;2;2;15;A01
200900036694;0;7;0;0;2;1;9;A01
200900036694;0;32;0;0;2;7;1;B01
200900036695;0;7;0;0;2;0;1;A01
200900036695;0;7;0;0;2;0;0;B01
200900036696;0;7;0;0;2;0;9;A01
200900036696;0;32;0;0;2;0;9;B01
200900036697;0;1;0;0;2;1;1;B01
200900036697;0;7;0;0;2;1;15;A01
200900036698;0;10;0;0;2;7;19;A01
200900036698;0;7;0;0;2;3;1;B01
200900036699;0;10;0;0;2;3;13;A01
200900036699;0;10;0;0;2;1;1;B02
200900036700;1;7;0;0;0;0;16;B02
200900036700;0;1;0;0;2;4;0;A01
200900036701;0;7;0;0;2;6;10;A01
200900036701;0;2;0;0;2;1;1;B02
200900036702;0;34;0;0;2;1;17;A01
200900036702;0;7;0;0;2;1;1;C03
200900036702;0;7;0;0;0;6;2;B02
200900036703;0;7;0;0;2;8;15;A01
200900036703;0;33;0;0;2;0;1;B02
200900036704;0;7;0;0;2;2;13;A01
200900036704;0;7;0;0;2;3;1;B02
200900036705;0;33;0;0;0;3;1;A01
200900036706;0;33;0;0;0;3;0;A01
200900036707;0;33;0;0;2;4;1;A01
200900036707;0;14;0;0;2;8;19;B02
200900036708;0;31;0;13;0;1;1;A01
200900036709;0;33;0;0;0;8;1;A01
200900036710;0;7;0;0;2;2;13;A01
200900036710;0;7;0;0;2;1;1;B02
200900036711;0;7;0;0;2;5;15;B02
200900036711;0;33;0;0;2;1;2;A01
200900036712;0;7;0;6;0;1;13;A01
200900036713;0;99;0;14;0;0;1;A01
200900036714;0;7;0;0;2;6;1;B02
200900036714;0;33;0;0;2;0;12;A01
200900036715;0;7;0;0;1;2;9;A01
200900036716;0;30;0;0;1;1;1;A01
200900036717;0;33;0;0;0;4;2;B01
200900036717;0;7;0;0;0;1;2;A01
200900036718;0;31;0;8;0;1;0;A01
200900036719;0;7;0;0;1;1;1;A01
200900036720;0;30;0;0;0;3;1;B01
200900036720;0;2;0;0;0;1;19;A01
200900036721;0;30;0;0;1;1;0;A01
200900036722;0;7;0;0;2;2;15;A01
200900036722;0;7;0;0;2;1;1;B01
200900036723;0;2;0;0;2;1;17;B01
200900036723;0;7;0;0;2;3;24;C01
200900036723;0;7;0;0;2;3;15;A01
200900036724;0;7;0;0;2;4;1;B01
200900036724;0;30;0;0;2;1;2;A01
200900036725;0;1;0;0;1;0;21;A01
200900036726;0;32;0;0;2;1;5;A01
200900036726;0;14;0;0;2;1;1;B01
200900036727;0;7;0;0;2;7;1;B01
200900036727;0;7;0;0;2;1;19;A01
200900036728;0;7;0;0;0;0;12;A01
200900036728;0;33;0;12;0;1;21;B01
200900036729;0;2;0;0;2;1;0;A01
200900036729;0;30;0;0;0;1;1;B01
200900036730;0;7;0;1;1;2;0;A01
200900036731;0;10;0;0;2;7;0;B01
200900036731;0;32;0;0;2;8;3;A01
200900036732;0;30;0;0;1;1;1;A01
200900036733;0;30;0;0;2;1;2;A01
200900036733;0;7;0;0;0;4;23;B01
200900036734;0;7;0;0;0;4;2;B01
200900036734;0;7;0;0;2;1;2;A01
200900036735;0;99;0;0;1;2;1;A01
200900036736;0;7;0;0;1;7;1;A01
200900036737;0;7;0;0;1;1;15;A01
200900036738;0;10;0;0;1;2;1;A01
200900036739;0;7;0;0;1;1;1;A01
200900036740;1;30;0;0;1;0;0;A01
200900036741;0;7;0;0;2;1;2;A01
200900036741;0;30;0;0;0;4;2;B01
200900036742;0;7;0;0;2;7;1;B01
200900036742;0;7;0;0;2;3;9;A01
200900036743;0;7;0;0;2;1;15;A01
200900036743;0;32;0;0;2;7;1;B01
200900036744;0;7;0;0;2;1;1;B01
200900036744;0;13;0;0;2;1;17;A01
200900036745;0;30;0;0;2;1;0;B01
200900036745;0;7;0;0;2;8;15;A01
200900036746;0;33;0;0;9;0;2;B01
200900036746;0;13;0;0;0;0;2;A01
200900036747;0;7;0;0;2;8;15;A01
200900036747;0;33;0;0;2;1;21;B01
200900036748;0;30;0;0;0;1;1;A01
200900036749;0;7;0;0;1;1;1;A01
200900036750;0;1;0;0;0;0;17;A01
200900036751;0;10;0;0;2;1;15;A01
200900036751;0;2;0;0;2;7;2;B01
200900036752;0;32;0;14;0;1;1;A01
200900036753;0;7;0;6;0;1;1;A01
200900036754;0;7;0;0;1;1;9;A01
200900036755;0;7;0;0;1;2;1;A01
200900036756;0;7;0;0;2;2;1;B01
200900036756;0;2;0;0;2;2;11;A01
200900036757;0;32;0;0;2;8;0;A01
200900036757;0;7;0;0;0;7;0;B01
200900036758;0;7;0;0;2;1;13;A01
200900036758;0;7;0;0;2;1;1;B02
200900036759;0;7;0;0;2;1;1;B02
200900036759;0;33;0;10;1;8;1;A01
200900036759;0;33;0;0;2;1;17;C03
200900036760;0;33;0;0;2;1;1;B02
200900036760;0;7;0;0;2;2;13;A01
200900036761;0;7;0;0;2;4;2;B02
200900036761;0;7;0;0;2;1;2;A01
200900036762;0;7;0;12;0;9;13;A01
200900036763;0;99;0;9;0;1;1;A01
200900036764;0;33;0;16;0;1;1;A01
200900036765;0;33;0;0;2;1;13;A01
200900036765;0;7;0;0;2;1;1;B02
200900036766;0;7;0;0;2;1;2;A01
200900036766;0;14;0;3;0;2;2;B02
200900036767;0;33;0;0;2;3;1;B02
200900036767;0;7;0;0;2;3;13;A01
200900036768;0;33;0;0;2;1;6;A01
200900036768;0;14;0;0;0;3;1;B02
200900036769;0;2;0;0;2;1;1;A01
200900036769;0;7;0;0;2;3;21;B02
200900036770;0;7;0;0;2;0;15;B02
200900036770;0;31;0;0;2;0;1;A01
200900036771;0;7;0;0;2;1;1;B02
200900036771;0;7;0;0;2;3;13;A01
200900036771;0;34;0;0;2;1;1;C03
200900036771;0;7;0;0;2;3;1;D04
200900036772;0;7;0;0;1;0;1;A01
200900036773;0;7;0;13;0;0;0;A01
200900036773;0;15;0;0;0;0;0;B02
200900036774;0;7;0;0;1;2;1;A01
200900036775;0;33;0;2;0;8;14;A01
200900036776;0;7;0;0;2;2;1;A01
200900036776;0;7;0;0;2;2;1;B02
200900036777;0;10;0;0;2;3;15;A01
200900036777;0;33;0;0;2;1;1;B02
200900036778;0;10;0;0;2;1;2;B02
200900036778;0;13;0;0;2;4;2;A01
200900036779;0;2;0;12;0;1;1;A01
200900036780;0;2;0;0;2;2;17;A01
200900036780;0;7;0;0;0;6;1;B02
200900036781;0;14;0;2;0;3;14;A01
200900036782;0;14;0;0;2;1;1;B02
200900036782;0;7;0;0;2;1;15;A01
200900036783;0;7;0;4;6;1;13;A01
200900036784;0;33;0;8;0;3;0;A01
200900036785;0;33;0;13;0;1;2;A01
200900036786;0;10;0;2;0;3;0;A01
200900036787;0;32;0;0;2;1;1;B02
200900036787;0;7;0;0;2;2;19;A01
200900036788;0;7;0;0;1;1;1;A01
200900036789;0;33;0;0;2;1;1;B02
200900036789;0;7;0;0;2;5;20;A01
200900036790;0;7;0;0;0;1;13;A01
200900036790;0;7;0;0;0;1;1;B02
200900036791;0;7;0;0;0;3;1;A01
200900036792;0;7;0;0;1;1;2;A01
200900036793;0;7;0;0;1;1;1;A01
200900036794;0;7;0;0;0;0;1;C03
200900036794;0;33;0;0;2;8;17;A01
200900036794;0;33;0;0;2;8;1;B02
200900036795;0;2;0;0;2;8;15;B02
200900036795;0;7;0;0;2;2;17;A01
200900036796;0;7;0;0;0;3;10;A01
200900036796;0;34;0;0;2;1;17;B02
200900036797;0;33;0;0;0;8;21;A01
200900036797;0;7;0;0;1;8;0;B02
200900036798;0;7;0;2;0;1;1;A01
200900036799;0;2;0;0;2;1;13;A01
200900036799;0;13;0;0;2;0;1;B02
200900036800;0;7;0;0;2;3;13;A01
200900036800;0;7;0;0;2;1;1;B02
200900036801;0;7;0;0;2;1;1;C03
200900036801;0;7;0;0;2;1;13;A01
200900036801;0;7;0;0;2;1;1;B02
200900036802;0;7;0;0;0;2;21;A01
200900036803;0;7;0;13;0;9;17;A01
200900036804;0;7;0;0;2;3;1;B02
200900036804;0;7;0;0;2;3;5;A01
200900036805;0;10;0;14;2;1;21;C03
200900036805;0;7;0;4;0;3;1;A01
200900036805;0;33;0;14;2;3;1;B02
200900036806;0;30;0;0;1;1;1;A01
200900036807;0;7;0;0;2;1;1;A01
200900036807;0;7;0;8;0;9;1;B02
200900036808;0;32;0;0;2;7;15;B02
200900036808;0;33;0;0;2;1;1;A01
200900036809;0;15;0;0;0;5;23;B02
200900036809;0;15;0;1;0;2;1;A01
200900036810;0;7;0;13;0;1;21;D04
200900036810;0;7;0;0;2;8;1;B02
200900036810;0;7;0;0;2;3;13;A01
200900036810;0;7;0;0;2;3;1;C03
200900036811;0;7;0;16;0;1;1;A01
200900036812;0;7;0;0;0;7;1;A01
200900036813;0;7;0;0;2;2;1;B02
200900036813;0;32;0;0;2;1;5;A01
200900036814;0;30;0;0;0;1;1;A01
200900036815;0;7;0;0;1;3;1;A01
200900036816;0;7;0;0;2;1;2;A01
200900036816;0;14;0;0;2;4;2;B02
200900036817;0;31;0;0;2;1;1;B02
200900036817;0;7;0;0;2;5;15;A01
200900036818;0;7;0;0;0;5;2;B02
200900036818;0;33;0;0;2;1;2;A01
200900036819;0;30;0;13;0;1;1;A01
200900036820;0;2;0;0;2;1;1;B02
200900036820;0;7;0;0;2;3;17;A01
200900036821;0;7;0;0;2;3;1;B02
200900036821;0;33;0;0;2;1;1;A01
200900036822;0;7;0;0;2;3;15;A01
200900036822;0;2;0;0;2;1;1;B02
200900036823;0;7;0;12;2;3;1;B02
200900036823;0;7;0;13;2;2;15;A01
200900036824;0;33;0;0;2;3;1;B02
200900036824;0;7;0;0;2;3;13;A01
200900036825;0;7;0;0;2;1;1;B02
200900036825;0;7;0;0;2;1;1;C03
200900036825;0;7;0;0;0;1;13;A01
200900036826;0;7;0;0;1;2;1;A01
200900036827;0;7;0;0;1;2;1;A01
200900036828;0;7;0;0;0;8;1;C03
200900036828;0;14;0;0;0;3;14;B02
200900036828;0;33;0;0;2;8;1;A01
200900036829;0;7;0;0;2;1;1;A01
200900036829;0;33;0;0;2;4;23;B02
200900036830;0;31;0;0;2;3;1;B02
200900036831;0;3;0;0;2;3;13;A01
200900036831;0;7;0;0;2;8;1;B01
200900036832;0;30;0;0;0;0;0;A01
200900036833;0;7;0;0;0;1;13;A01
200900036833;0;7;0;0;0;1;13;B01
200900036834;0;7;0;0;2;1;19;A01
200900036834;0;33;0;0;2;8;15;B01
200900036835;0;2;0;0;2;2;1;A01
200900036835;0;15;0;0;0;2;1;B01
200900036836;0;1;0;0;2;1;1;B01
200900036836;0;99;0;0;9;2;16;A01
200900036837;0;7;0;0;2;1;2;A01
200900036837;0;7;0;0;2;4;2;B01
200900036838;1;13;0;0;2;7;2;B01
200900036838;0;30;0;0;2;3;2;A01
200900036839;0;2;0;0;2;1;17;A01
200900036839;0;7;0;0;2;8;15;B01
200900036840;0;33;0;0;2;7;0;B01
200900036840;0;7;0;0;2;3;9;A01
200900036841;0;30;0;0;2;1;17;A01
200900036841;0;7;0;0;0;8;15;B01
200900036842;0;31;0;16;0;8;0;A01
200900036843;0;7;0;0;0;6;2;B01
200900036843;0;7;0;0;2;2;0;A01
200900036844;0;7;0;9;0;2;14;A01
200900036845;0;7;0;0;2;1;1;A01
200900036845;0;7;0;0;2;4;1;B01
200900036846;0;30;0;0;2;1;13;A01
200900036846;0;99;0;0;2;1;1;B01
200900036847;0;32;0;0;2;7;17;A01
200900036847;0;7;0;0;2;8;15;B01
200900036848;0;7;0;0;2;2;19;A01
200900036848;0;30;0;0;2;7;2;B01
200900036849;0;7;0;0;1;1;1;A01
200900036850;0;7;0;0;2;1;2;A01
200900036850;0;7;0;0;0;4;2;B01
200900036851;0;33;0;2;0;0;1;A01
200900036852;0;7;0;0;1;2;1;A01
200900036853;0;33;0;0;2;1;1;B01
200900036853;0;7;0;0;2;7;15;A01
200900036854;0;7;0;0;2;1;9;B01
200900036854;0;31;0;0;2;7;3;A01
200900036855;0;32;0;0;2;1;1;B01
200900036855;0;7;0;6;0;8;21;C01
200900036855;0;7;0;0;2;1;13;A01
200900036856;0;32;0;0;2;0;17;A01
200900036856;1;7;0;0;2;7;17;C01
200900036856;0;32;0;0;2;0;1;B01
200900036857;0;2;0;0;9;3;15;B01
200900036857;0;34;0;0;9;1;1;A01
200900036858;0;33;0;0;2;1;1;A01
200900036858;0;7;0;0;2;3;15;B01
200900036859;0;7;0;0;2;8;0;A01
200900036859;0;33;0;0;0;0;1;B01
200900036860;0;7;0;0;1;1;1;A01
200900036861;0;7;0;0;2;4;23;C01
200900036861;0;7;0;0;2;1;2;A01
200900036861;0;7;0;0;2;4;2;B01
200900036862;0;32;0;0;2;1;17;B01
200900036862;0;7;0;0;2;3;9;A01
200900036863;0;7;0;0;1;1;1;A01
200900036864;0;7;0;0;1;4;4;A01
200900036865;0;7;0;0;9;2;15;A01
200900036865;0;2;0;0;2;1;1;B01
200900036866;1;30;0;0;1;0;0;A01
200900036867;0;7;0;0;2;1;1;B01
200900036867;0;1;0;0;2;1;5;A01
200900036868;0;99;0;0;2;1;1;A01
200900036868;0;33;0;0;2;5;1;B01
200900036869;1;32;0;0;1;1;1;A01
200900036870;0;7;0;0;1;1;1;A01
200900036871;0;7;0;0;9;1;1;B01
200900036871;0;1;0;0;2;0;0;A01
200900036872;0;7;0;2;0;1;1;A01
200900036873;0;7;0;0;2;1;1;B01
200900036873;0;1;0;0;2;1;5;A01
200900036874;0;7;0;0;1;4;4;A01
200900036875;0;7;0;6;2;2;5;A01
200900036875;0;7;0;6;2;7;21;B01
200900036876;0;7;0;11;2;0;11;A01
200900036876;0;30;0;0;2;1;2;B01
200900036877;0;7;0;10;2;3;1;B01
200900036877;0;99;0;14;2;6;1;A01
200900036878;0;1;0;0;1;1;0;A01
200900036879;0;7;0;0;1;0;15;A01
200900036880;0;7;0;0;2;2;19;B02
200900036880;0;33;0;0;2;1;1;A01
200900036881;0;33;0;1;0;1;14;A01
200900036881;0;7;0;0;0;6;0;B02
200900036882;0;7;0;0;2;3;15;B02
200900036882;0;30;0;0;2;1;17;A01
200900036883;0;7;0;0;2;3;17;A01
200900036884;0;7;0;0;2;1;1;B02
200900036884;0;7;0;0;2;8;19;A01
200900036885;0;7;0;2;0;1;1;A01
200900036886;0;7;0;4;0;3;1;A01
200900036887;0;2;0;6;0;1;1;A01
200900036887;0;14;0;0;0;3;0;B02
200900036888;0;7;0;0;2;2;2;A01
200900036888;0;7;0;15;0;4;1;B02
200900036889;0;1;0;0;2;1;2;A01
200900036889;0;7;0;0;9;4;2;B02
200900036890;0;33;0;13;0;1;1;A01
200900036891;0;7;0;0;1;4;24;B02
200900036891;0;7;0;0;1;2;1;A01
200900036892;0;7;0;0;2;2;1;B02
200900036892;0;7;0;0;2;3;16;A01
200900036893;0;7;0;0;0;2;1;A01
200900036894;0;7;0;0;0;4;2;A01
200900036894;0;7;0;0;2;1;2;B02
200900036894;0;7;0;0;2;1;2;D04
200900036894;0;7;0;0;2;3;14;C03
200900036895;0;7;0;6;0;7;13;A01
200900036896;0;2;0;0;2;1;1;B01
200900036896;0;7;0;0;2;8;1;C01
200900036896;0;7;0;0;2;8;9;A01
200900036897;0;7;0;0;2;3;15;A01
200900036897;0;2;0;0;2;1;1;B01
200900036898;0;7;0;6;0;1;1;A01
200900036899;0;2;0;0;2;1;1;A01
200900036899;0;7;0;0;2;4;1;B01
200900036900;0;7;0;0;2;1;1;A01
200900036900;0;7;0;0;2;3;15;B01
200900036901;0;33;0;0;2;1;1;A01
200900036901;0;7;0;0;2;2;15;B01
200900036902;0;7;0;0;2;1;1;B01
200900036902;0;1;0;0;2;1;19;A01
200900036903;0;2;0;0;2;1;1;A01
200900036903;0;7;0;0;2;4;1;B01
200900036904;0;7;0;0;2;7;16;B01
200900036904;0;30;0;0;2;1;18;A01
200900036905;0;1;0;0;2;1;1;B01
200900036905;0;7;0;0;2;8;22;A01
200900036906;0;33;0;0;2;3;1;B01
200900036906;0;7;0;0;2;2;9;A01
200900036907;0;2;0;1;0;1;1;A01
200900036908;0;7;0;0;2;8;15;B01
200900036908;0;30;0;0;2;1;1;A01
200900036909;0;7;0;13;0;9;1;A01
200900036910;0;30;0;0;2;1;5;A01
200900036910;0;7;0;0;2;0;15;B01
200900036911;0;33;0;0;2;1;13;A01
200900036911;0;7;0;0;2;1;1;B01
200900036912;0;2;0;0;2;4;1;A01
200900036912;0;7;0;0;2;1;1;B01
200900036913;0;7;0;4;0;1;0;A01
200900036914;0;7;0;0;2;4;1;B01
200900036914;0;7;0;0;2;1;1;A01
200900036915;0;7;0;0;2;3;1;B01
200900036915;0;7;0;0;2;3;15;A01
200900036916;0;7;0;0;9;3;1;B02
200900036916;0;2;0;0;2;1;13;A01
200900036917;0;7;0;0;2;1;1;A01
200900036917;0;31;0;0;0;4;1;B02
200900036918;0;7;0;0;2;4;1;B01
200900036918;0;7;0;0;2;1;1;A01
200900036919;0;1;0;0;2;1;1;A01
200900036919;0;7;0;0;2;2;14;B01
200900036920;0;7;0;0;0;8;0;A01
200900036920;0;30;0;0;0;8;0;B02
200900036921;0;33;0;8;0;1;1;A01
200900036922;0;10;0;0;2;3;1;B02
200900036922;0;7;0;0;2;8;1;A01
200900036923;0;7;0;0;2;1;1;A01
200900036923;0;7;0;0;2;4;1;B01
200900036924;1;1;0;0;1;1;1;A01
200900036925;0;2;0;0;2;2;1;A01
200900036925;0;7;0;0;2;6;1;B01
200900036926;0;33;0;0;2;1;1;A01
200900036926;0;7;0;0;2;5;15;B01
200900036927;0;33;0;16;0;8;1;A01
200900036928;0;2;0;0;2;1;1;A01
200900036928;0;7;0;0;2;4;1;B01
200900036929;0;7;0;13;0;9;0;A01
200900036930;0;2;0;0;2;2;1;A01
200900036930;0;7;0;0;2;6;1;B01
200900036931;0;7;0;13;0;9;1;A01
200900036932;0;10;0;2;0;2;14;A01
200900036933;0;7;0;0;1;3;1;A01
200900036934;1;7;0;0;2;0;2;A01
200900036934;0;30;0;0;2;5;16;B01
200900036935;0;7;0;0;2;1;5;A01
200900036935;0;7;0;0;2;2;1;B02
200900036936;0;7;0;0;2;1;15;B02
200900036936;0;7;0;0;2;1;1;A01
200900036937;0;33;0;0;0;0;16;A01
200900036938;0;33;0;0;2;1;1;B02
200900036938;0;7;0;0;2;3;19;A01
200900036939;0;7;0;4;0;1;1;A01
200900036940;0;36;0;0;0;7;15;B02
200900036940;0;31;0;0;2;1;0;A01
200900036941;0;7;0;2;0;1;13;A01
200900036942;0;10;0;0;0;2;1;B02
200900036942;0;7;0;0;0;3;15;A01
200900036943;0;7;0;0;2;6;1;A01
200900036943;0;7;0;0;2;2;17;B02
200900036944;0;7;0;13;0;1;1;A01
200900036945;0;7;0;9;0;1;14;A01
200900036946;0;7;0;2;0;1;1;A01
200900036947;0;32;0;13;0;9;15;A01
200900036948;0;7;0;0;2;3;1;B02
200900036948;0;7;0;0;2;3;19;A01
200900036949;0;7;0;13;0;1;1;A01
200900036950;0;7;0;0;2;2;15;A01
200900036950;0;2;0;0;2;1;1;B02
200900036951;0;7;0;3;0;0;1;A01
200900036952;0;7;0;0;2;3;1;B02
200900036952;0;7;0;0;2;3;13;A01
200900036953;0;7;0;0;2;2;1;B02
200900036953;0;7;0;0;2;3;13;A01
200900036953;0;10;0;0;2;3;1;C03
200900036954;0;7;0;0;1;1;1;A01
200900036955;0;7;0;0;2;1;1;A01
200900036955;0;3;0;0;2;6;2;B02
200900036956;0;10;0;0;1;2;1;A01