num_acc;senc;catv;occutc;obs;obsm;choc;manv;num_veh
200900036957;0;7;0;0;1;1;1;A01
200900036957;0;30;0;0;0;8;1;B02
200900036958;0;7;0;6;0;3;1;A01
200900036959;0;10;0;0;1;2;2;A01
200900036960;0;2;0;0;2;1;13;A01
200900036960;0;7;0;0;2;3;21;B02
200900036961;0;14;0;0;2;3;13;A01
200900036961;0;7;0;0;2;1;1;B02
200900036962;0;7;0;0;1;2;1;A01
200900036963;0;7;0;0;2;3;13;A01
200900036963;0;7;0;0;2;3;1;B02
200900036964;0;33;0;13;0;1;0;A01
200900036965;0;7;0;0;2;1;2;A01
200900036965;0;1;0;0;0;4;2;C03
200900036965;0;1;0;0;0;4;2;B02
200900036966;0;7;0;0;1;1;1;A01
200900036967;0;7;0;2;0;1;1;A01
200900036968;0;1;0;0;2;7;18;A01
200900036968;0;7;0;0;2;2;0;B01
200900036969;0;7;0;0;1;2;1;A01
200900036970;0;7;0;0;1;3;15;A01
200900036971;0;7;0;0;1;2;1;A01
200900036972;0;7;0;3;0;9;1;A01
200900036973;0;10;0;0;2;1;17;A01
200900036973;0;10;0;0;2;1;1;B02
200900036973;0;15;0;0;2;6;1;C03
200900036974;0;7;0;0;2;1;11;A01
200900036974;0;33;0;0;2;8;1;B02
200900036975;0;30;0;0;0;8;14;A01
200900036976;0;7;0;0;2;3;21;B01
200900036976;0;30;0;0;2;8;13;A01
200900036977;0;7;0;0;2;3;5;A01
200900036977;0;7;0;0;2;3;17;B02
200900036977;0;7;0;0;2;1;1;C03
200900036978;0;7;0;0;2;1;1;A01
200900036978;0;7;0;0;2;1;1;B01
200900036979;0;7;0;6;0;9;1;A01
200900036980;0;7;0;11;0;1;0;A01
200900036981;0;7;0;0;2;3;13;A01
200900036981;0;17;0;0;2;3;1;B02
200900036982;0;1;0;0;2;6;10;A01
200900036982;0;7;0;0;2;2;17;B02
200900036983;0;7;0;0;2;3;1;B02
200900036983;0;2;0;0;2;7;19;A01
200900036984;0;7;0;0;2;1;1;A01
200900036984;0;7;0;0;2;1;1;B02
200900036985;0;30;0;0;0;1;1;A01
200900036986;0;7;0;0;2;7;4;A01
200900036986;0;30;0;0;2;1;21;B01
200900036987;0;33;0;0;2;1;2;A01
200900036987;0;7;0;0;0;4;23;B02
200900036988;0;7;0;0;1;1;16;A01
200900036989;0;7;0;0;2;1;1;C03
200900036989;0;7;0;0;2;3;15;A01
200900036989;0;7;0;0;2;3;1;B02
200900036990;0;30;0;0;0;7;1;B02
200900036990;0;15;0;0;2;5;1;A01
200900036991;0;7;0;0;2;8;1;B01
200900036991;0;7;0;0;2;1;1;A01
200900036992;0;7;0;1;2;1;15;A01
200900036992;0;7;0;0;2;1;1;B01
200900036993;0;36;0;15;0;1;13;A01
200900036994;0;7;0;0;1;3;1;A01
200900036995;0;7;0;0;2;1;11;A01
200900036995;0;7;0;0;2;3;1;B02
200900036996;0;7;0;0;2;1;1;B01
200900036996;0;2;0;0;2;8;1;A01
200900036997;0;7;0;0;0;9;1;A01
200900036998;0;7;0;1;0;3;1;A01
200900036998;0;10;0;0;2;5;23;B01
200900036999;0;7;0;0;2;7;1;B01
200900036999;0;7;0;0;2;1;15;A01
200900037000;0;7;0;13;0;0;1;A01
200900037001;0;7;0;0;0;4;1;B01
200900037001;0;33;0;0;2;1;2;A01
200900037002;0;10;0;0;0;4;1;A01
200900037002;0;7;0;0;2;1;2;B01
200900037003;0;1;0;0;0;5;1;B01
200900037003;0;7;0;0;2;2;1;A01
200900037004;0;13;0;0;2;2;1;A01
200900037004;0;7;0;0;2;3;0;B01
200900037005;0;7;0;0;1;4;4;A01
200900037006;2;30;0;0;1;3;0;A01
200900037007;0;7;0;0;2;7;1;B01
200900037007;0;30;0;0;2;1;9;A01
200900037008;0;7;0;0;1;1;0;A01
200900037009;0;1;0;0;2;1;18;B01
200900037009;0;7;0;0;0;0;16;A01
200900037010;0;7;0;0;2;8;15;A01
200900037010;0;33;0;0;2;8;0;B01
200900037011;0;7;0;0;0;1;1;B01
200900037011;0;7;0;0;2;2;15;A01
200900037012;0;7;0;0;0;0;16;A01
200900037012;0;10;0;0;0;6;13;B01
200900037012;0;33;0;0;2;1;1;C01
200900037013;0;7;0;0;2;1;1;A01
200900037013;0;7;0;0;2;1;1;B01
200900037014;0;7;0;8;0;7;2;A01
200900037015;0;30;0;0;0;7;1;A01
200900037016;0;7;0;0;2;8;15;A01
200900037016;0;17;0;0;2;2;1;B02
200900037017;0;7;0;0;5;3;1;A01
200900037018;0;7;0;13;0;2;1;A01
200900037019;0;7;0;0;2;8;17;A01
200900037019;0;33;0;0;2;3;1;B02
200900037020;0;7;0;3;0;1;13;A01
200900037021;0;7;0;0;2;7;13;A01
200900037021;0;7;0;0;2;1;1;B01
200900037022;0;7;0;1;2;6;23;B02
200900037022;0;7;0;0;2;5;23;D04
200900037022;0;7;0;1;0;8;21;A01
200900037022;0;7;0;1;2;5;23;C03
200900037023;0;7;0;2;0;7;21;A01
200900037024;0;7;0;0;2;4;2;B02
200900037024;0;10;0;0;2;1;1;D04
200900037024;0;7;0;0;2;4;2;C03
200900037024;0;7;0;0;2;1;2;A01
200900037025;0;2;0;0;0;0;1;A01
200900037026;0;7;0;0;2;1;1;B01
200900037026;0;7;0;0;2;1;5;A01
200900037027;0;7;0;0;2;3;15;A01
200900037027;0;1;0;0;2;1;1;B01
200900037028;0;7;0;0;1;2;1;A01
200900037029;0;7;0;0;0;1;14;A01
200900037030;0;2;0;10;0;8;1;A01
200900037031;0;33;0;0;0;0;1;A01
200900037032;0;7;0;0;2;1;2;A01
200900037032;0;7;0;0;2;4;2;B01
200900037033;0;7;0;8;0;1;1;A01
200900037034;0;7;0;0;0;0;1;A01
200900037035;0;2;0;0;0;8;2;B01
200900037035;0;7;0;0;2;2;2;A01
200900037036;0;7;0;0;2;1;19;A01
200900037036;0;7;0;0;2;1;1;B01
200900037037;0;7;0;0;2;1;1;B01
200900037037;0;7;0;6;2;1;1;A01
200900037038;0;32;0;0;0;8;1;A01
200900037039;0;33;0;0;2;1;1;B01
200900037039;0;7;0;0;2;3;10;A01
200900037040;0;7;0;1;0;9;13;A01
200900037041;0;2;0;0;2;1;1;B02
200900037041;0;7;0;0;2;3;10;A01
200900037042;0;7;0;0;1;2;1;A01
200900037043;0;7;0;0;1;4;4;A01
200900037044;0;7;0;0;0;9;14;A01
200900037045;0;33;0;12;0;1;1;A01
200900037046;0;7;0;0;1;8;1;A01
200900037047;0;31;0;0;2;1;1;A01
200900037047;0;7;0;0;2;2;16;B02
200900037048;0;7;0;3;2;4;1;B02
200900037048;0;7;0;0;2;1;1;A01
200900037049;0;7;0;0;1;1;1;A01
200900037050;0;7;0;13;2;2;2;A01
200900037050;0;7;0;13;0;6;2;B02
200900037051;0;7;0;13;0;1;1;A01
200900037052;0;7;0;3;0;9;1;A01
200900037053;0;7;0;0;2;3;23;A01
200900037053;0;7;0;0;2;3;13;B02
200900037054;0;7;0;13;0;1;17;A01
200900037055;0;7;0;9;0;3;1;A01
200900037056;0;30;0;0;2;8;15;A01
200900037056;0;7;0;0;2;7;17;B02
200900037057;0;7;0;0;2;1;1;B02
200900037057;0;7;0;0;2;2;15;A01
200900037058;0;7;0;0;2;3;13;A01
200900037058;0;7;0;0;2;3;1;B02
200900037058;0;7;0;0;2;3;1;D04
200900037058;0;7;0;0;2;3;1;C03
200900037059;0;7;0;13;2;3;21;C03
200900037059;0;15;0;0;2;8;1;B02
200900037059;0;15;0;0;2;8;1;A01
200900037060;0;2;0;15;0;1;1;A01
200900037061;0;7;0;0;1;2;14;A01
200900037062;0;1;0;1;0;1;1;A01
200900037063;0;30;0;0;2;1;1;B02
200900037063;0;10;0;0;2;2;15;A01
200900037064;0;30;0;12;0;1;1;A01
200900037065;0;33;0;0;2;4;19;A01
200900037065;0;7;0;0;2;2;1;B02
200900037066;0;7;0;0;2;1;1;B02
200900037066;0;7;0;0;2;8;19;A01
200900037067;1;99;0;0;1;0;1;A01
200900037068;0;7;0;0;2;3;1;B02
200900037068;0;7;0;0;2;7;13;A01
200900037069;0;7;0;8;2;1;13;A01
200900037069;0;7;0;0;2;3;1;B02
200900037070;0;7;0;0;2;7;13;A01
200900037070;0;7;0;0;2;1;1;B02
200900037071;0;7;0;0;2;1;1;B02
200900037071;0;7;0;3;2;1;12;A01
200900037072;0;21;0;0;0;0;13;B02
200900037072;0;33;0;13;0;3;17;A01
200900037073;0;7;0;0;2;6;23;A01
200900037073;0;2;0;0;2;1;1;B02
200900037074;0;30;0;12;0;1;1;A01
200900037075;0;7;0;0;1;1;15;A01
200900037076;0;7;0;0;2;1;2;A01
200900037076;0;7;0;0;2;4;2;B02
200900037077;0;7;0;0;2;2;17;A01
200900037077;0;7;0;0;2;6;1;B02
200900037078;0;7;0;0;2;4;0;C01
200900037078;0;7;0;0;2;1;2;B01
200900037078;0;7;0;0;2;1;2;A01
200900037079;0;7;0;13;0;2;21;A01
200900037080;0;7;0;16;2;0;21;A01
200900037081;0;7;0;13;0;1;0;A01
200900037082;0;33;0;0;0;0;1;A01
200900037083;0;7;0;0;2;2;2;A01
200900037083;0;33;0;0;0;4;2;B02
200900037084;0;15;0;0;2;1;0;B01
200900037084;0;7;0;0;2;1;5;A01
200900037085;0;7;0;0;0;1;2;C03
200900037085;0;7;0;0;0;1;2;D04
200900037085;0;7;0;0;0;1;2;B02
200900037085;0;7;0;0;0;5;2;A01
200900037086;0;10;0;0;0;9;0;A01
200900037087;0;7;0;3;0;3;13;A01
200900037088;0;7;0;0;2;1;1;B01
200900037088;0;7;0;1;2;1;20;A01
200900037089;0;99;0;1;1;3;24;A01
200900037090;0;10;0;6;0;1;1;A01
200900037091;0;7;0;0;2;3;15;A01
200900037091;0;30;0;0;2;1;1;B01
200900037092;0;33;0;0;2;1;1;B01
200900037092;0;7;0;0;2;3;15;A01
200900037093;0;7;0;0;1;4;4;A01
200900037094;0;7;0;0;0;6;2;B01
200900037094;0;7;0;0;0;2;2;A01
200900037095;1;7;0;0;1;0;0;A01
200900037096;0;7;0;0;2;1;1;A01
200900037096;0;31;0;0;2;4;2;B01
200900037097;0;7;0;0;1;1;1;A01
200900037098;0;7;0;0;0;0;1;A01
200900037098;0;2;0;1;0;1;21;B01
200900037099;0;2;0;0;2;3;1;B01
200900037099;0;7;0;0;2;1;15;A01
200900037100;0;7;0;0;2;1;1;A01
200900037100;0;7;0;0;2;4;1;B01
200900037101;0;7;0;0;2;1;15;A01
200900037101;0;2;0;0;2;2;1;B01
200900037102;0;14;0;1;1;5;0;A01
200900037103;0;7;0;0;2;2;1;B02
200900037103;0;7;0;0;2;3;19;A01
200900037104;0;7;0;0;2;3;1;B02
200900037104;0;7;0;0;2;3;13;A01
200900037105;0;7;0;0;2;1;1;A01
200900037105;0;7;0;0;2;1;5;B02
200900037106;0;7;0;0;1;2;1;A01
200900037107;0;10;0;0;2;2;1;A01
200900037107;0;33;0;0;2;8;13;B02
200900037108;0;1;0;0;2;7;19;B02
200900037108;0;15;0;0;2;1;1;A01
200900037109;0;33;0;0;2;1;17;A01
200900037109;0;7;0;0;2;3;13;B02
200900037110;0;21;0;0;1;5;15;A01
200900037111;0;30;0;12;0;1;1;A01
200900037112;0;7;0;0;2;2;16;A01
200900037112;0;33;0;0;2;3;1;B02
200900037113;0;7;0;0;2;2;13;A01
200900037113;0;7;0;0;2;2;13;B02
200900037114;0;7;0;6;0;1;1;A01
200900037115;0;33;0;0;2;1;1;B02
200900037115;0;7;0;0;2;7;1;A01
200900037116;0;7;0;0;0;9;1;A01
200900037117;0;33;0;0;2;1;1;B02
200900037117;0;7;0;0;2;3;15;A01
200900037118;0;30;0;0;0;1;16;A01
200900037118;0;13;0;0;2;8;1;B02
200900037119;0;7;0;0;2;8;1;A01
200900037119;0;7;0;0;2;1;1;B02
200900037120;2;7;0;1;2;4;1;B02
200900037120;0;7;0;0;2;1;1;C03
200900037120;0;7;0;0;2;1;21;A01
200900037121;0;33;0;0;2;1;2;B02
200900037121;0;7;0;0;2;7;16;A01
200900037122;0;7;0;0;2;1;15;A01
200900037122;0;33;0;0;2;1;1;B01
200900037123;1;7;0;0;1;0;0;A01
200900037123;0;2;0;0;2;1;1;B01
200900037124;0;7;0;0;1;1;15;A01
200900037125;0;30;0;0;2;1;1;B01
200900037125;0;7;0;0;1;3;15;A01
200900037126;0;7;0;0;2;2;9;A01
200900037126;0;31;0;0;2;1;1;B01
200900037127;0;7;0;7;2;1;1;A01
200900037127;0;7;0;0;2;0;15;B01
200900037128;0;7;0;13;0;1;0;A01
200900037129;0;1;0;1;0;2;1;B01
200900037129;0;7;0;0;2;8;22;A01
200900037130;0;7;0;0;1;4;1;B01
200900037130;0;2;0;0;2;1;1;A01
200900037131;1;10;0;0;2;0;2;A01
200900037131;0;2;0;12;2;8;1;B01
200900037132;0;32;0;0;2;8;1;B01
200900037132;0;10;0;0;9;1;9;A01
200900037133;0;7;0;0;1;1;1;A01
200900037134;0;7;0;0;2;8;0;A01
200900037134;0;30;0;0;2;1;1;B01
200900037135;0;15;0;0;2;3;1;A01
200900037135;0;7;0;0;2;8;15;B02
200900037136;0;7;0;0;2;2;1;B01
200900037136;0;30;0;0;2;1;15;A01
200900037137;0;7;0;0;2;6;0;B02
200900037137;0;33;0;1;2;3;1;A01
200900037137;0;7;0;0;2;3;15;C03
200900037138;0;1;0;0;2;4;1;B01
200900037138;0;7;0;0;2;1;1;A01
200900037139;0;7;0;0;1;2;1;A01
200900037140;0;30;0;0;2;1;1;A01
200900037140;0;7;0;0;2;4;1;B01
200900037141;0;7;0;0;2;1;6;A01
200900037141;0;7;0;0;2;1;1;B02
200900037142;0;7;0;0;2;1;2;A01
200900037142;0;7;0;0;2;4;2;B01
200900037143;0;10;0;0;0;4;1;B01
200900037143;0;31;0;0;2;1;1;A01
200900037144;0;7;0;0;0;0;9;A01
200900037144;0;33;0;0;2;1;1;B01
200900037145;0;7;0;0;2;1;2;A01
200900037145;0;7;0;0;0;4;2;B01
200900037146;0;2;0;0;2;1;5;B02
200900037146;0;7;0;0;2;1;1;A01
200900037147;0;7;0;0;0;8;1;B02
200900037147;0;7;0;0;2;1;16;A01
200900037148;0;33;0;0;0;1;1;A01
200900037149;0;7;0;0;0;3;1;A01
200900037149;0;7;0;0;0;1;13;B02
200900037150;0;7;0;0;1;3;1;A01
200900037151;0;7;0;13;0;1;13;A01
200900037152;0;33;0;0;2;1;1;B02
200900037152;0;7;0;0;2;8;19;A01
200900037153;0;7;0;0;2;7;21;B02
200900037153;0;7;0;0;2;2;1;C03
200900037153;0;10;0;0;2;2;13;A01
200900037153;0;10;0;0;2;2;21;D04
200900037154;0;31;0;16;0;0;15;A01
200900037155;0;30;0;13;0;1;1;A01
200900037156;0;7;0;0;9;1;1;A01
200900037157;0;7;0;0;2;5;13;A01
200900037157;0;7;0;0;2;1;1;B02
200900037158;0;7;0;10;0;3;1;A01
200900037159;0;7;0;0;1;3;1;A01
200900037160;0;7;0;10;0;1;1;A01
200900037161;0;7;0;0;2;1;1;B02
200900037161;0;7;0;0;0;7;5;A01
200900037162;0;7;0;0;2;3;1;B02
200900037162;0;7;0;0;2;3;13;A01
200900037163;0;10;0;0;2;7;17;A01
200900037163;0;2;0;0;2;8;1;B02
200900037164;0;7;0;13;0;1;1;A01
200900037165;0;30;0;0;2;1;1;B02
200900037165;0;7;0;0;2;1;0;A01
200900037166;0;7;0;0;2;2;19;A01
200900037166;0;30;0;12;2;8;1;B02
200900037167;0;15;0;0;2;1;2;A01
200900037167;0;7;0;0;0;4;15;B02
200900037168;0;7;0;0;2;1;16;A01
200900037168;0;1;0;0;2;7;1;B02
200900037169;0;7;0;0;1;6;4;A01
200900037170;0;33;0;0;1;2;1;A01
200900037171;0;7;0;2;0;1;1;A01
200900037172;0;7;0;0;2;1;15;A01
200900037172;0;1;0;0;2;1;1;B02
200900037173;0;7;0;0;0;7;15;A01
200900037173;0;7;0;0;2;3;1;B01
200900037174;0;30;0;0;2;8;15;A01
200900037174;0;7;0;0;2;1;1;B01
200900037175;0;7;0;0;2;2;17;A01
200900037175;0;30;0;0;2;8;1;B01
200900037176;0;7;0;0;2;1;1;B01
200900037176;0;7;0;0;2;1;1;A01
200900037177;0;1;0;0;0;7;1;B01
200900037177;0;7;0;0;2;1;9;A01
200900037178;0;37;0;0;1;7;20;A01
200900037179;0;2;0;1;0;1;1;A01
200900037180;0;10;0;0;2;3;1;B01
200900037180;0;37;0;0;2;2;9;A01
200900037181;0;7;0;0;2;5;1;A01
200900037181;0;7;0;0;2;1;1;B01
200900037182;0;30;0;1;0;1;5;A01
200900037183;0;7;0;7;2;2;15;A01
200900037183;0;7;0;0;2;1;1;B01
200900037184;0;7;0;0;2;3;21;A01
200900037184;0;7;0;0;2;8;23;B01
200900037184;1;32;0;0;0;0;0;C01
200900037185;0;7;0;0;2;7;19;A01
200900037185;0;13;0;0;2;2;0;B01
200900037186;0;7;0;0;2;1;15;A01
200900037186;0;7;0;0;0;6;2;B01
200900037187;0;7;0;1;0;2;1;A01
200900037188;0;7;0;0;1;1;15;A01
200900037189;0;7;0;0;2;2;2;A01
200900037189;0;7;0;0;2;6;2;B01
200900037190;0;7;0;8;0;3;1;A01
200900037191;0;10;0;0;1;4;20;A01
200900037192;0;7;0;15;1;1;1;A01
200900037193;0;30;0;0;1;1;1;A01
200900037194;0;7;0;0;2;3;1;B01
200900037194;0;7;0;0;2;2;15;A01
200900037195;0;7;0;0;2;3;19;A01
200900037195;0;33;0;0;2;1;1;B02
200900037196;0;14;0;0;2;1;5;B02
200900037196;0;7;0;0;2;1;1;A01
200900037197;0;7;0;0;2;4;1;B01
200900037197;0;7;0;0;2;1;1;A01
200900037198;0;7;0;3;0;6;13;A01
200900037199;0;36;0;6;0;7;15;A01
200900037200;0;7;0;3;0;1;1;A01
200900037201;0;7;0;13;0;2;13;A01
200900037202;0;7;0;0;2;3;15;A01
200900037202;0;7;0;0;2;3;1;B01
200900037203;0;7;0;0;2;4;2;B01
200900037203;0;33;0;0;2;1;9;A01
200900037204;0;31;0;0;2;1;1;B01
200900037204;0;7;0;0;2;5;15;A01
200900037205;0;2;0;6;2;1;13;A01
200900037205;0;7;0;0;2;1;1;B01
200900037206;0;7;0;0;1;1;1;A01
200900037207;0;7;0;0;1;1;1;A01
200900037208;0;2;0;0;4;1;14;A01
200900037208;0;40;0;0;2;2;1;B01
200900037209;0;7;0;0;2;6;16;A01
200900037209;0;33;0;0;2;1;1;B01
200900037210;0;1;0;0;2;1;0;B01
200900037210;0;7;0;0;0;5;16;A01
200900037211;0;7;0;0;2;8;15;B01
200900037211;0;30;0;0;2;1;17;A01
200900037212;0;10;0;0;2;3;21;B02
200900037212;0;7;0;0;2;8;19;A01
200900037213;0;7;0;0;0;4;15;B02
200900037213;0;7;0;0;2;1;1;A01
200900037214;0;7;0;0;2;1;23;A01
200900037214;0;7;0;0;2;8;1;B02
200900037215;0;2;0;1;0;1;21;A01
200900037216;0;7;0;2;0;7;1;A01
200900037217;0;33;0;0;0;1;13;A01
200900037218;0;33;0;16;0;9;1;A01
200900037219;0;30;0;0;2;1;13;A01
200900037219;0;30;0;0;2;1;13;B02
200900037220;0;33;0;16;0;1;1;A01
200900037221;0;7;0;0;1;6;20;A01
200900037222;0;7;0;13;0;2;1;A01
200900037223;0;7;0;2;0;1;17;A01
200900037224;0;7;0;0;2;1;1;B02
200900037224;0;7;0;0;2;1;13;A01
200900037225;0;7;0;15;0;3;0;A01
200900037226;0;7;0;0;2;3;13;A01
200900037226;0;7;0;0;2;1;1;B02
200900037227;0;7;0;13;0;3;1;A01
200900037228;0;10;0;0;2;2;1;A01
200900037228;0;2;0;0;2;4;1;B02
200900037229;0;7;0;2;0;1;1;A01
200900037230;0;7;0;2;0;8;14;A01
200900037231;0;7;0;0;1;3;17;A01
200900037232;0;7;0;0;2;4;2;B01
200900037232;0;7;0;0;2;4;2;C01
200900037232;0;7;0;0;2;1;2;A01
200900037232;0;7;0;0;2;4;2;D01
200900037233;0;7;0;0;2;8;10;A01
200900037233;0;32;0;0;2;1;1;B01
200900037234;0;7;0;0;0;8;23;C01
200900037234;0;7;0;0;2;4;23;B01
200900037234;0;7;0;0;0;4;23;E01
200900037234;2;7;0;0;2;1;2;A01
200900037234;0;7;0;0;0;4;23;D01
200900037235;0;7;0;0;1;1;1;A01
200900037236;0;7;0;0;2;3;1;B01
200900037236;0;7;0;0;2;3;13;A01
200900037237;0;36;0;0;2;1;5;A01
200900037237;0;7;0;0;2;1;15;B01
200900037238;0;2;0;12;0;1;1;A01
200900037239;0;7;0;14;0;1;13;A01
200900037240;0;17;0;0;1;2;1;A01
200900037241;0;7;0;0;2;1;21;A01
200900037241;0;7;0;0;2;4;23;C01
200900037241;0;7;0;0;2;4;23;B01
200900037242;0;7;0;0;2;2;1;A01
200900037242;0;7;0;0;2;3;1;B02
200900037243;0;7;0;0;1;1;1;A01
200900037244;0;7;0;0;0;9;13;A01
200900037245;0;7;0;6;0;3;1;A01
200900037246;0;7;0;0;1;2;1;A01
200900037247;0;7;0;0;2;1;1;A01
200900037247;0;7;0;0;2;4;23;B01
200900037248;0;10;0;0;2;1;1;B02
200900037248;0;1;0;0;2;7;19;A01
200900037249;0;7;0;2;0;1;1;A01
200900037250;0;2;0;3;0;1;13;A01
200900037251;0;7;0;8;0;9;17;A01
200900037252;0;7;0;0;0;2;1;A01
200900037253;0;7;0;2;0;4;17;A01
200900037254;0;7;0;13;2;2;1;B02
200900037254;0;7;0;0;2;3;15;A01
200900037255;0;7;0;2;0;1;1;A01
200900037256;0;7;0;0;2;3;1;B02
200900037256;0;7;0;0;2;1;13;A01
200900037257;0;7;0;0;2;3;1;A01
200900037257;0;2;0;0;2;1;1;B02
200900037258;0;17;0;0;0;1;1;B02
200900037258;0;7;0;0;0;1;0;A01
200900037259;0;2;0;0;2;1;1;B02
200900037259;0;7;0;0;2;5;15;A01
200900037260;0;33;0;0;2;1;1;B01
200900037260;0;7;0;0;2;2;15;A01
200900037261;0;7;0;0;2;2;13;A01
200900037261;0;7;0;0;9;0;1;C01
200900037261;0;7;0;0;2;1;1;B01
200900037262;0;7;0;0;2;7;15;A01
200900037262;0;33;0;0;2;1;1;B01
200900037263;0;7;0;0;2;1;2;A01
200900037263;0;7;0;0;2;4;15;B01
200900037264;0;7;0;0;2;4;23;B01
200900037264;0;7;0;14;0;1;1;A01
200900037265;0;7;0;0;2;5;13;B02
200900037265;0;33;0;0;2;1;13;A01
200900037266;0;7;0;8;0;3;1;A01
200900037267;0;33;0;0;2;1;1;B01
200900037267;0;7;0;0;2;8;19;A01
200900037268;0;7;0;6;0;1;15;A01
200900037269;0;30;0;0;2;1;13;A01
200900037269;0;7;0;0;2;1;1;B01
200900037270;0;7;0;0;1;1;1;A01
200900037271;0;7;0;0;1;1;15;A01
200900037272;0;7;0;0;0;0;1;A01
200900037273;0;33;0;0;2;4;23;C03
200900037273;0;33;0;0;2;1;1;A01
200900037273;0;33;0;0;2;4;23;B02
200900037274;0;7;0;6;1;2;14;A01
200900037275;0;33;0;13;0;1;1;A01
200900037276;0;7;0;0;2;4;15;B02
200900037276;0;7;0;0;2;3;1;A01
200900037276;0;7;0;0;2;6;1;C03
200900037276;0;13;0;0;2;3;1;D04
200900037277;0;7;0;16;0;0;1;A01
200900037278;0;7;0;16;0;1;2;A01
200900037279;0;7;0;13;0;1;17;A01
200900037280;0;33;0;0;2;7;1;A01
200900037280;0;7;0;0;2;6;1;B02
200900037281;0;7;0;2;0;9;1;A01
200900037282;0;7;0;0;2;2;1;B02
200900037282;0;33;0;0;2;8;18;A01
200900037283;0;7;0;0;2;2;0;A01
200900037283;0;7;0;0;0;8;15;B02
200900037284;0;7;0;0;2;2;2;A01
200900037284;0;1;0;0;2;4;1;B02
200900037285;0;7;0;0;2;3;1;B02
200900037285;0;33;0;0;2;1;17;A01
200900037286;0;33;0;0;2;1;1;B02
200900037286;0;33;0;0;2;1;13;A01
200900037287;0;2;0;0;2;1;13;A01
200900037287;0;7;0;0;2;2;1;B02
200900037288;0;7;0;0;1;3;1;A01
200900037289;0;7;0;0;1;3;9;A01
200900037290;0;33;0;0;0;1;2;A01
200900037291;0;7;0;0;2;3;13;A01
200900037291;0;14;0;0;2;3;1;B02
200900037292;0;7;0;13;0;2;1;A01
200900037293;0;33;0;13;0;1;1;A01
200900037294;0;33;0;0;0;8;21;B02
200900037294;0;33;0;3;0;9;15;A01
200900037295;0;10;0;0;2;4;1;B01
200900037295;0;7;0;0;2;1;13;A01
200900037296;0;2;0;0;2;1;1;A01
200900037296;0;7;0;0;2;3;1;B01
200900037297;0;7;0;0;0;3;1;A01
200900037298;0;7;0;0;1;2;1;A01
200900037299;0;7;0;13;0;1;13;A01
200900037300;0;7;0;0;1;7;20;A01
200900037301;0;7;0;13;0;1;1;A01
200900037302;0;7;0;13;0;2;2;A01
200900037303;0;7;0;2;0;1;21;A01
200900037304;0;7;0;0;1;6;1;A01
200900037305;0;7;0;9;0;9;1;A01
200900037306;0;7;0;13;0;2;14;A01
200900037307;0;3;0;0;1;1;1;A01
200900037308;0;1;0;0;2;1;2;A01
200900037308;0;7;0;0;2;4;1;B01
200900037309;0;2;0;0;0;0;1;A01
200900037310;0;7;0;8;0;1;21;A01
200900037311;0;7;0;0;1;1;1;A01
200900037312;0;7;0;0;2;3;1;B02
200900037312;0;2;0;0;2;1;19;A01
200900037313;0;7;0;0;1;1;1;A01
200900037314;0;7;0;0;9;2;15;A01
200900037314;0;30;0;0;2;1;1;B01
200900037315;0;7;0;0;2;1;1;A01
200900037315;0;7;0;0;2;4;1;D01
200900037315;0;7;0;0;2;4;1;B01
200900037315;0;7;0;0;2;4;1;C01
200900037316;0;7;0;0;0;3;1;A01
200900037316;0;7;0;0;2;2;1;B01
200900037317;0;31;0;0;2;1;1;B01
200900037317;0;7;0;0;2;3;9;A01
200900037318;0;7;0;0;2;2;1;A01
200900037318;0;7;0;0;2;7;1;B01
200900037319;0;7;0;0;2;5;23;B01
200900037319;0;2;0;0;2;1;1;A01
200900037320;0;7;0;0;0;9;1;A01
200900037321;0;33;0;0;2;1;1;B01
200900037321;0;7;0;0;2;5;15;A01
200900037322;0;7;0;0;2;1;1;B01
200900037322;0;7;0;0;2;4;1;A01
200900037323;0;33;0;4;6;2;1;A01
200900037324;0;7;0;0;2;1;1;B02
200900037324;0;10;0;0;2;7;19;A01
200900037325;0;7;0;13;0;1;14;A01
200900037326;0;7;0;0;9;2;15;A01
200900037326;0;2;0;0;2;1;1;B02
200900037327;0;7;0;2;0;8;14;A01
200900037328;0;7;0;0;1;3;19;A01
200900037329;0;7;0;2;0;1;1;A01
200900037330;0;7;0;0;2;3;1;B02
200900037330;0;7;0;0;2;3;13;A01
200900037331;0;7;0;0;4;7;1;A01
200900037331;0;39;0;0;2;1;1;B02
200900037332;0;7;0;0;0;9;1;A01
200900037333;0;7;0;6;0;1;1;A01
200900037334;0;7;0;8;0;7;1;A01
200900037335;0;7;0;0;1;7;1;A01
200900037336;0;7;0;0;2;1;2;A01
200900037336;0;17;0;0;2;4;1;B02
200900037337;0;31;0;0;2;1;2;B02
200900037337;0;14;0;0;2;4;4;A01
200900037338;0;10;0;0;2;3;13;A01
200900037338;0;13;0;0;2;1;1;B02
200900037339;0;7;0;0;0;9;13;A01
200900037340;0;7;0;0;2;1;1;A01
200900037340;0;7;0;0;2;3;15;B02
200900037341;0;7;0;0;2;1;1;A01
200900037341;0;10;0;0;2;2;23;B01
200900037342;0;7;0;15;0;1;1;A01
200900037343;0;30;0;0;2;1;2;A01