num_acc;senc;catv;occutc;obs;obsm;choc;manv;num_veh
200900037343;0;7;0;0;2;4;1;B01
200900037344;0;7;0;0;2;5;1;B01
200900037344;0;2;0;0;2;3;1;A01
200900037345;0;7;0;0;2;1;1;B01
200900037345;0;7;0;0;2;7;1;A01
200900037346;0;7;0;0;2;3;1;B01
200900037346;0;7;0;0;2;2;1;A01
200900037347;0;10;0;0;2;1;1;A01
200900037347;0;7;0;0;2;8;10;B01
200900037348;0;7;0;0;2;2;15;B01
200900037348;0;33;0;0;2;7;1;A01
200900037349;0;7;0;0;2;7;15;A01
200900037349;0;2;0;0;2;1;1;B01
200900037350;0;7;0;0;2;2;15;A01
200900037350;0;7;0;0;2;1;1;B01
200900037351;0;3;0;0;2;2;15;A01
200900037351;0;7;0;0;2;1;1;B01
200900037352;0;7;0;0;2;7;16;A01
200900037352;0;31;0;0;2;7;15;B01
200900037353;0;7;0;7;2;1;1;A01
200900037353;0;7;0;0;2;3;1;B01
200900037354;0;7;0;0;2;4;23;B01
200900037354;0;2;0;0;2;1;2;A01
200900037355;0;7;0;0;2;4;23;B01
200900037355;0;7;0;0;2;1;2;A01
200900037356;0;2;0;0;2;1;1;B01
200900037356;0;10;0;0;2;3;16;A01
200900037357;0;2;0;0;2;1;10;B01
200900037357;0;2;0;0;2;1;1;A01
200900037358;0;7;0;0;1;2;1;A01
200900037359;0;7;0;0;2;1;2;A01
200900037359;0;7;0;0;2;4;1;B01
200900037360;0;2;0;1;0;1;2;A01
200900037360;0;7;0;0;0;4;24;B01
200900037361;0;33;0;0;2;3;1;B01
200900037361;0;7;0;0;2;2;12;A01
200900037362;0;7;0;0;2;3;15;A01
200900037362;0;2;0;0;2;1;17;B01
200900037363;0;30;0;0;1;3;1;A01
200900037364;0;7;0;0;2;7;1;B01
200900037364;0;7;0;0;2;1;1;A01
200900037365;0;7;0;0;2;1;1;A01
200900037365;0;2;0;0;2;7;1;B01
200900037366;0;10;0;0;2;1;1;A01
200900037366;0;7;0;0;2;4;1;B01
200900037367;0;7;0;0;2;4;1;B01
200900037367;0;7;0;0;2;1;1;A01
200900037368;0;7;0;0;2;2;1;A01
200900037368;0;2;0;0;2;1;1;B01
200900037369;0;2;0;0;2;1;1;A01
200900037369;0;7;0;0;2;6;1;B01
200900037370;0;7;0;0;2;3;21;A01
200900037370;0;2;0;0;0;1;0;B02
200900037371;0;7;0;0;2;1;1;B02
200900037371;0;7;0;0;2;7;15;A01
200900037372;0;33;0;0;2;1;17;B02
200900037372;0;7;0;0;2;8;15;A01
200900037373;0;2;0;0;0;7;1;A01
200900037373;0;2;0;0;0;8;1;B02
200900037374;0;36;0;0;0;0;19;A01
200900037375;0;7;0;12;0;1;1;A01
200900037376;0;7;0;0;2;3;15;B01
200900037376;0;30;0;0;2;1;5;A01
200900037377;0;7;0;12;0;0;1;A01
200900037378;0;7;0;0;1;3;15;A01
200900037379;0;1;0;0;1;1;1;A01
200900037380;0;7;0;6;2;2;14;A01
200900037381;0;7;0;0;1;1;1;A01
200900037382;0;2;0;0;2;0;21;B01
200900037382;0;17;0;0;2;0;9;A01
200900037383;0;7;0;0;2;5;9;A01
200900037383;0;33;0;0;2;1;1;B01
200900037384;0;7;0;8;0;2;14;A01
200900037385;0;7;0;0;2;4;1;B01
200900037385;0;7;0;0;2;1;1;A01
200900037386;0;7;0;0;2;1;9;A01
200900037386;0;7;0;0;2;7;1;B01
200900037387;0;7;0;13;0;9;1;A01
200900037388;0;32;0;0;0;7;21;A01
200900037389;0;15;0;0;2;7;17;A01
200900037389;0;1;0;0;2;8;1;B02
200900037390;0;7;0;0;2;3;13;A01
200900037390;0;17;0;0;2;3;1;B02
200900037391;0;7;0;0;2;1;17;B02
200900037391;0;7;0;0;2;1;1;A01
200900037392;0;7;0;0;1;5;4;A01
200900037393;0;7;0;0;1;1;1;A01
200900037394;0;1;0;0;2;3;19;B01
200900037394;0;7;0;0;9;1;1;A01
200900037395;0;7;0;0;2;8;24;B01
200900037395;0;7;0;1;2;1;14;A01
200900037396;0;7;0;0;2;8;9;A01
200900037396;0;30;0;0;2;2;1;B01
200900037397;0;7;0;6;0;1;6;A01
200900037398;0;7;0;0;1;2;1;A01
200900037399;0;7;0;0;2;4;4;A01
200900037399;0;33;0;0;2;1;23;B01
200900037400;0;7;0;0;2;1;1;B01
200900037400;0;2;0;0;2;4;9;A01
200900037401;0;7;0;0;2;1;1;A01
200900037401;0;7;0;0;2;3;1;B01
200900037402;0;33;0;0;2;1;6;A01
200900037402;0;7;0;0;2;3;1;B02
200900037403;0;36;0;1;0;3;1;A01
200900037404;0;7;0;0;2;3;5;A01
200900037404;0;2;0;0;2;1;19;B02
200900037405;0;7;0;8;0;4;1;A01
200900037406;0;7;0;0;2;4;1;A01
200900037406;0;7;0;0;2;2;2;B02
200900037407;0;7;0;13;0;3;13;A01
200900037408;0;7;0;0;2;1;1;A01
200900037408;0;2;0;0;2;8;19;B02
200900037409;0;7;0;0;2;7;1;A01
200900037409;0;7;0;0;2;1;15;B02
200900037410;0;15;0;0;2;1;1;A01
200900037410;0;7;0;0;2;7;19;B02
200900037411;0;10;0;0;0;2;1;A01
200900037411;0;7;0;0;0;2;15;B02
200900037412;0;7;0;2;0;7;1;A01
200900037413;0;17;0;0;0;8;1;A01
200900037414;0;33;0;9;0;1;1;A01
200900037415;0;7;0;0;2;3;13;A01
200900037415;0;7;0;0;2;1;1;B02
200900037416;0;17;0;0;9;7;19;B02
200900037416;0;33;0;0;2;3;1;A01
200900037417;0;7;0;0;2;3;1;B02
200900037417;0;33;0;0;2;4;1;A01
200900037418;0;7;0;13;0;1;1;A01
200900037419;0;7;0;0;2;3;1;B02
200900037419;0;7;0;0;2;2;15;A01
200900037420;0;30;0;0;0;0;1;A01
200900037421;0;7;0;0;1;6;4;A01
200900037422;0;1;0;0;2;8;15;B02
200900037422;0;7;0;0;2;1;1;A01
200900037423;0;7;0;0;2;1;15;A01
200900037423;0;7;0;0;2;1;1;B02
200900037424;0;33;0;0;2;1;1;A01
200900037424;0;7;0;0;2;8;15;B02
200900037425;0;36;0;2;0;0;1;A01
200900037426;0;7;0;3;0;3;1;A01
200900037427;0;7;0;0;2;1;1;A01
200900037427;0;7;0;0;2;8;19;B02
200900037428;0;10;0;6;0;1;14;A01
200900037429;0;7;0;13;0;8;1;A01
200900037430;0;1;0;0;2;1;1;B02
200900037430;0;7;0;0;2;6;15;A01
200900037431;0;1;0;0;2;1;5;B02
200900037431;0;7;0;0;2;3;1;A01
200900037432;0;33;0;0;0;3;17;B02
200900037432;0;7;0;0;0;3;15;A01
200900037433;0;36;0;12;0;1;13;A01
200900037434;0;7;0;0;2;1;1;B01
200900037434;0;7;0;0;2;1;15;A01
200900037435;0;7;0;0;2;1;15;A01
200900037435;0;7;0;0;2;8;1;B01
200900037436;0;20;0;0;2;0;0;A01
200900037436;0;7;0;0;2;1;1;B01
200900037437;0;7;0;0;2;7;16;A01
200900037437;0;1;0;1;2;8;1;B01
200900037438;0;7;0;0;2;3;15;A01
200900037438;0;31;0;0;2;2;1;B01
200900037439;0;7;0;0;2;6;20;A01
200900037439;0;33;0;0;2;2;1;B01
200900037440;0;7;0;0;1;2;1;A01
200900037441;0;7;0;0;0;5;17;A01
200900037441;0;2;0;0;0;4;1;B01
200900037442;0;33;0;0;2;2;1;B01
200900037442;0;7;0;0;2;3;10;A01
200900037443;0;7;0;0;1;1;15;A01
200900037444;0;7;0;0;1;3;1;A01
200900037445;0;7;0;0;2;3;0;A01
200900037445;0;7;0;0;2;8;0;B01
200900037446;0;31;0;0;2;3;17;A01
200900037446;0;7;0;0;2;3;17;B01
200900037447;0;2;0;1;0;1;1;A01
200900037448;0;33;0;0;2;1;1;B01
200900037448;0;7;0;0;2;1;15;A01
200900037449;0;7;0;0;2;8;20;A01
200900037449;0;30;0;0;2;1;1;B01
200900037450;0;7;0;0;0;3;0;A01
200900037451;0;2;0;7;0;1;1;A01
200900037452;0;7;0;1;0;1;14;A01
200900037453;0;7;0;11;0;1;0;A01
200900037454;0;7;0;0;0;5;23;A01
200900037454;0;2;0;0;2;1;1;B02
200900037455;0;14;0;0;2;2;21;B02
200900037455;0;7;0;0;2;3;5;A01
200900037456;0;30;0;16;0;8;1;A01
200900037457;0;7;0;0;2;3;1;B02
200900037457;0;7;0;0;2;3;13;A01
200900037458;0;31;0;8;0;1;1;A01
200900037459;0;17;0;15;0;7;2;A01
200900037460;0;33;0;13;0;1;1;A01
200900037461;0;7;0;0;2;3;13;A01
200900037461;0;7;0;0;2;3;1;B02
200900037462;0;33;0;0;2;1;1;B02
200900037462;0;7;0;0;2;2;15;A01
200900037463;0;7;0;0;2;3;1;B02
200900037463;0;7;0;0;2;3;13;A01
200900037464;0;30;0;0;2;1;1;B02
200900037464;0;7;0;0;2;3;15;A01
200900037465;0;7;0;2;0;1;1;A01
200900037466;0;7;0;0;1;1;0;A01
200900037467;0;32;0;1;2;1;1;B01
200900037467;0;7;0;0;0;8;24;A01
200900037468;0;7;0;0;2;3;23;B02
200900037468;0;1;0;0;2;8;23;C03
200900037468;0;2;0;0;2;8;1;A01
200900037469;0;2;0;0;2;1;1;B01
200900037469;0;7;0;0;2;2;15;A01
200900037470;0;30;0;0;2;1;13;A01
200900037470;0;1;0;0;2;1;1;B01
200900037471;0;7;0;0;0;1;0;A01
200900037471;0;7;0;0;0;1;2;B01
200900037472;0;7;0;0;2;4;23;B01
200900037472;0;7;0;0;2;4;23;C01
200900037472;0;7;0;0;2;1;1;A01
200900037473;1;7;0;0;0;0;20;A01
200900037473;0;33;0;0;2;1;1;C01
200900037473;0;7;0;0;0;4;21;B01
200900037474;0;30;0;0;2;4;2;B01
200900037474;0;7;0;0;2;1;2;A01
200900037475;0;37;1;0;1;1;1;A01
200900037476;0;2;0;0;2;1;1;B01
200900037476;0;7;0;0;2;2;15;A01
200900037477;0;30;0;0;0;3;0;A01
200900037478;0;33;0;0;2;1;17;A01
200900037478;0;7;0;0;2;4;23;C01
200900037478;0;7;0;0;2;8;15;B01
200900037479;0;3;0;0;1;1;1;A01
200900037480;0;99;0;0;2;1;1;A01
200900037480;0;7;0;0;2;1;1;B01
200900037481;0;7;0;0;2;1;1;B01
200900037481;0;7;0;0;2;1;15;A01
200900037482;0;1;0;0;2;1;5;A01
200900037482;0;7;0;0;2;2;23;B01
200900037483;0;7;0;0;0;7;1;B01
200900037483;0;7;0;0;2;1;1;A01
200900037484;0;7;0;0;2;3;13;A01
200900037484;0;7;0;0;2;3;1;B02
200900037485;0;7;0;0;0;0;4;A01
200900037486;0;30;0;0;1;3;2;A01
200900037487;0;1;0;0;2;1;1;B02
200900037487;0;7;0;0;0;3;9;A01
200900037488;0;7;0;0;2;3;15;A01
200900037488;0;33;0;0;2;1;1;B02
200900037489;0;7;0;0;2;3;1;A01
200900037489;0;7;0;0;2;2;9;B02
200900037490;0;7;0;0;2;8;15;A01
200900037490;0;14;0;0;2;3;1;B02
200900037491;0;7;0;6;0;1;1;A01
200900037492;0;30;0;0;2;8;15;B02
200900037492;0;33;0;0;2;7;17;A01
200900037493;0;30;0;0;2;1;1;A01
200900037493;0;7;0;0;0;6;15;B02
200900037494;0;10;0;0;2;8;15;A01
200900037494;0;33;0;0;2;1;1;B02
200900037495;0;7;0;0;2;2;19;A01
200900037495;0;7;0;0;2;3;1;B02
200900037496;0;30;0;0;0;1;1;A01
200900037497;0;7;0;2;0;7;1;A01
200900037498;0;7;0;13;0;1;16;A01
200900037499;0;33;0;13;0;1;1;A01
200900037500;0;7;0;2;0;1;1;A01
200900037501;0;38;0;3;0;3;1;A01
200900037502;0;33;0;0;2;1;1;B02
200900037502;0;7;0;0;2;7;15;A01
200900037503;0;7;0;6;2;5;1;A01
200900037504;0;33;0;0;2;1;1;A01
200900037504;0;36;0;0;2;5;19;B02
200900037505;0;30;0;0;2;7;15;B02
200900037505;0;10;0;0;2;1;1;A01
200900037506;0;7;0;0;2;1;17;A01
200900037506;0;7;0;0;0;8;15;B01
200900037507;0;33;0;2;0;1;0;A01
200900037508;0;7;0;0;9;3;15;B01
200900037508;0;30;0;0;2;3;1;A01
200900037509;0;7;0;0;0;1;13;A01
200900037509;0;7;0;0;2;1;1;B02
200900037510;0;7;0;0;2;3;13;A01
200900037510;0;7;0;0;2;1;1;B02
200900037511;0;30;0;0;0;8;0;B02
200900037511;0;7;0;0;0;3;0;A01
200900037512;0;7;0;0;2;6;15;A01
200900037512;0;30;0;0;2;1;17;B02
200900037513;0;7;0;0;1;2;1;A01
200900037514;0;30;0;6;0;9;1;A01
200900037515;0;2;0;0;2;1;11;A01
200900037515;0;7;0;0;2;2;11;B02
200900037516;0;30;0;0;2;1;1;A01
200900037516;0;1;0;0;2;4;1;B02
200900037517;0;7;0;2;0;8;14;A01
200900037518;0;7;0;0;2;1;1;B02
200900037518;0;7;0;0;2;3;15;A01
200900037519;0;33;0;13;2;3;17;A01
200900037519;0;30;0;0;2;3;1;B02
200900037520;0;7;0;0;0;3;0;A01
200900037521;0;7;0;0;2;2;15;B02
200900037521;0;7;0;0;2;2;1;A01
200900037521;0;7;0;0;2;3;23;C03
200900037522;0;7;0;0;1;2;1;A01
200900037523;0;10;0;0;1;1;15;A01
200900037524;0;7;0;2;0;7;1;A01
200900037525;0;7;0;0;2;1;1;A01
200900037525;0;7;0;0;2;7;1;B02
200900037526;0;7;0;0;1;2;15;A01
200900037527;0;7;0;0;2;4;1;B02
200900037527;0;7;0;0;2;1;1;A01
200900037528;0;10;0;0;0;2;15;A01
200900037528;0;33;0;0;2;1;1;D04
200900037528;0;7;0;0;2;3;1;B02
200900037528;0;33;0;0;2;1;1;C03
200900037529;0;7;0;0;2;7;1;A01
200900037529;0;1;0;0;2;1;1;B02
200900037530;0;30;0;0;2;0;14;A01
200900037531;0;7;0;2;0;1;1;A01
200900037532;0;30;0;0;2;1;9;A01
200900037532;0;7;0;0;2;3;1;B01
200900037533;0;30;0;12;0;1;16;A01
200900037534;0;7;0;0;2;5;15;A01
200900037534;0;31;0;0;2;1;1;B01
200900037535;0;7;0;0;1;4;20;A01
200900037536;0;7;0;0;2;1;2;A01
200900037536;0;7;0;0;0;4;2;B01
200900037537;2;7;0;8;1;3;16;A01
200900037538;0;7;0;0;2;5;23;A01
200900037538;0;30;0;0;2;1;1;B01
200900037539;0;7;0;0;1;3;1;A01
200900037540;0;7;0;0;2;1;15;A01
200900037540;0;7;0;0;2;3;1;B01
200900037541;1;7;0;0;1;4;0;A01
200900037542;0;7;0;0;2;3;9;A01
200900037542;0;33;0;0;2;1;1;B01
200900037543;0;7;0;0;2;4;2;C01
200900037543;0;7;0;0;2;4;1;B01
200900037543;0;7;0;0;2;1;2;A01
200900037544;0;7;0;0;1;3;15;A01
200900037545;0;7;0;0;2;8;1;B01
200900037545;0;7;0;0;2;1;0;A01
200900037546;0;7;0;0;0;3;1;A01
200900037546;0;10;0;0;0;2;1;B02
200900037547;0;2;0;0;2;7;1;B01
200900037547;0;7;0;0;2;1;9;A01
200900037548;0;7;0;0;1;0;1;A01
200900037549;0;32;0;0;2;1;1;B01
200900037549;0;7;0;0;2;7;1;A01
200900037550;0;10;0;0;2;1;0;B02
200900037550;0;10;0;0;0;1;5;A01
200900037551;0;7;0;7;2;8;1;B01
200900037551;0;7;0;0;2;1;15;A01
200900037552;0;33;0;11;0;0;6;A01
200900037553;0;7;0;0;1;1;1;A01
200900037554;0;7;0;0;1;3;1;A01
200900037555;0;7;0;0;2;8;13;A01
200900037555;0;7;0;0;2;3;1;B01
200900037556;0;1;0;0;2;4;1;B01
200900037556;0;7;0;0;2;1;9;A01
200900037557;0;7;0;0;2;3;9;A01
200900037557;0;30;0;0;2;3;17;B01
200900037558;0;31;0;0;1;1;17;A01
200900037558;0;7;0;0;2;1;1;B01
200900037559;0;37;1;0;1;1;1;A01
200900037560;0;30;0;0;0;7;1;A01
200900037561;0;7;0;0;2;3;1;B01
200900037561;0;30;0;0;2;8;17;A01
200900037562;0;7;0;0;0;2;1;A01
200900037563;0;33;0;0;2;2;17;B01
200900037563;0;10;0;0;2;8;15;A01
200900037564;1;33;0;0;1;0;0;A01
200900037565;0;13;0;0;1;1;1;A01
200900037566;0;7;0;6;2;6;1;A01
200900037566;0;7;0;0;2;7;1;B01
200900037567;0;99;0;0;2;3;3;A01
200900037567;0;32;0;0;2;1;16;B01
200900037568;0;7;0;0;2;6;1;C01
200900037568;0;7;0;0;2;2;1;B01
200900037568;0;7;0;0;2;1;0;A01
200900037569;0;33;0;0;2;0;1;A01
200900037569;0;7;0;0;2;3;9;B01
200900037570;0;10;0;0;1;1;15;A01
200900037571;0;10;0;0;2;2;16;A01
200900037571;0;1;0;0;2;1;1;B01
200900037572;0;7;0;0;1;2;2;A01
200900037573;0;1;0;0;2;4;1;B02
200900037573;0;7;0;0;2;1;2;A01
200900037574;0;31;0;0;2;6;0;B01
200900037574;0;7;0;0;2;3;15;A01
200900037575;0;7;0;0;2;3;15;A01
200900037575;0;32;0;0;2;1;1;B01
200900037576;0;7;0;0;1;1;1;A01
200900037577;0;7;0;0;1;4;4;A01
200900037578;0;7;0;0;2;1;17;A01
200900037578;0;7;0;0;2;1;1;B02
200900037579;0;7;0;0;2;3;2;A02
200900037579;0;7;0;0;2;2;6;A01
200900037580;0;1;0;0;2;1;19;B01
200900037580;0;7;0;0;2;3;17;A01
200900037581;1;7;0;0;1;0;1;Z01
200900037582;0;1;0;0;2;1;1;B02
200900037582;0;7;0;0;2;2;1;A01
200900037583;0;1;0;1;2;8;1;B01
200900037583;0;7;0;0;2;1;1;A01
200900037584;0;33;0;0;0;8;1;A01
200900037585;0;7;0;15;2;7;17;A01
200900037585;0;7;0;0;2;3;15;B01
200900037586;0;17;0;0;2;4;2;B01
200900037586;0;7;0;4;2;1;1;A01
200900037587;0;2;0;0;2;1;1;A01
200900037587;0;7;0;0;2;3;16;B01
200900037588;0;30;0;16;0;8;1;A01
200900037589;0;33;0;0;0;7;1;A01
200900037590;0;33;0;0;2;2;1;B01
200900037590;0;37;15;0;2;5;1;A01
200900037591;0;33;0;0;2;7;17;B02
200900037591;0;7;0;0;2;8;15;A01
200900037592;0;7;0;0;2;4;2;B01
200900037592;0;7;0;0;2;1;1;A01
200900037593;0;30;0;0;6;1;1;A01
200900037594;0;2;0;0;2;1;1;A01
200900037594;0;7;0;0;2;3;15;B01
200900037595;0;7;0;0;2;4;23;B01
200900037595;1;7;0;0;2;1;1;Z01
200900037595;0;7;0;0;2;4;23;A01
200900037596;0;31;0;0;2;7;1;A01
200900037596;0;7;0;0;2;1;15;B01
200900037597;0;7;0;0;2;5;23;C01
200900037597;0;3;0;0;2;1;3;A01
200900037597;0;37;1;0;2;3;23;B01
200900037598;0;7;0;0;2;1;1;A01
200900037598;0;7;0;0;2;4;1;B01
200900037599;0;7;0;0;2;7;1;B01
200900037599;0;30;0;0;2;1;1;A01
200900037600;0;10;0;0;1;4;4;A01
200900037601;0;7;0;0;1;3;1;A01
200900037602;0;2;0;0;2;1;1;B01
200900037602;0;7;0;0;2;3;15;A01
200900037603;0;10;0;0;0;3;9;A01
200900037603;0;33;0;0;2;1;1;B02
200900037604;0;7;0;0;1;0;4;A01
200900037605;0;7;0;0;2;4;0;B01
200900037605;0;10;0;0;2;1;1;A01
200900037606;0;10;0;0;1;1;1;A01
200900037607;0;7;0;16;1;4;4;A01
200900037608;0;10;0;0;2;8;1;B01
200900037608;0;1;0;0;2;1;1;A01
200900037609;0;7;0;0;2;2;1;A01
200900037609;0;7;0;0;2;1;9;B01
200900037610;0;33;0;0;0;8;1;A01
200900037611;0;33;0;0;2;1;1;B01
200900037611;0;7;0;0;2;2;15;A01
200900037612;0;7;0;0;2;0;17;B01
200900037612;0;33;0;0;2;0;18;A01
200900037613;0;30;0;14;0;1;2;A01
200900037613;0;7;0;0;2;4;23;B01
200900037614;0;33;0;0;0;8;1;A01
200900037615;0;7;0;0;2;2;15;A01
200900037615;0;1;0;0;2;1;1;B01
200900037616;1;7;0;0;2;1;1;Z01
200900037616;0;1;0;0;2;2;19;A01
200900037617;0;7;0;0;2;3;13;B02
200900037617;0;7;0;0;2;3;2;A01
200900037618;0;7;0;0;0;3;15;B01
200900037618;0;30;0;0;0;1;1;A01
200900037619;1;7;0;0;2;4;2;A01
200900037619;0;7;0;0;2;4;2;B01
200900037620;0;7;0;0;2;8;20;B01
200900037620;0;7;0;0;2;2;17;A01
200900037621;0;33;0;0;2;1;1;B01
200900037621;0;7;0;0;2;1;9;A01
200900037622;0;10;0;0;2;3;1;A01
200900037622;0;32;0;0;2;1;1;B01
200900037623;0;15;0;0;2;4;2;A01
200900037623;0;1;0;0;2;1;2;B01
200900037624;0;7;0;0;2;3;1;A01
200900037624;0;10;0;0;2;6;1;B01
200900037625;0;10;0;0;2;6;15;B01
200900037625;0;33;0;0;2;7;17;A01
200900037626;0;30;0;16;0;8;1;A01
200900037627;0;7;0;0;2;8;22;A01
200900037627;0;1;0;1;0;1;1;B01
200900037628;0;7;0;0;1;2;1;A01
200900037629;0;1;0;0;2;4;1;A01
200900037629;1;10;0;0;2;7;2;B01
200900037630;0;7;0;0;2;2;16;A01
200900037630;0;1;0;0;2;1;1;B01
200900037631;0;33;0;0;2;1;17;A01
200900037631;0;7;0;0;2;4;1;B01
200900037631;0;7;0;0;9;4;24;C01
200900037632;0;7;0;0;1;3;1;A01
200900037633;0;7;0;0;1;7;0;A01
200900037634;0;2;0;0;1;1;1;A01
200900037635;0;31;0;0;2;1;1;B01
200900037635;0;7;0;0;2;2;15;A01
200900037636;0;2;0;0;2;1;17;A01
200900037636;0;7;0;0;2;8;15;B01
200900037637;0;7;0;0;2;8;15;A01
200900037637;0;31;0;0;2;5;1;B01
200900037638;0;7;0;0;2;2;15;A01
200900037638;0;33;0;0;2;1;1;B01
200900037639;0;2;0;1;0;1;1;A01
200900037640;0;33;0;3;0;4;1;A01
200900037641;0;7;0;0;2;4;2;B01
200900037641;0;14;0;0;2;1;1;A01
200900037641;0;10;0;0;2;4;2;C01
200900037642;0;7;0;0;1;1;9;A01
200900037643;0;7;0;0;2;3;13;B02
200900037643;0;7;0;0;0;3;1;A01
200900037644;0;7;0;0;0;4;2;B01
200900037644;0;7;0;0;2;1;2;A01
200900037645;0;32;0;14;0;3;14;A01
200900037646;0;33;0;0;2;3;1;B01
200900037646;0;7;0;0;2;6;15;A01
200900037647;0;1;0;0;2;4;1;A01
200900037647;0;10;0;0;0;1;1;B01
200900037648;0;7;0;0;1;7;0;A01
200900037649;0;7;0;0;1;5;1;A01
200900037650;0;7;0;0;2;4;23;C01
200900037650;0;30;0;0;2;4;1;A01
200900037650;0;7;0;0;2;8;23;B01
200900037651;0;7;0;14;0;2;16;A01
200900037652;0;7;0;0;0;4;2;B01
200900037652;0;33;0;3;0;2;2;A01
200900037653;0;14;0;0;2;1;2;B01
200900037653;0;7;0;0;2;8;11;A01
200900037654;0;7;0;0;2;2;1;A01
200900037654;0;33;0;0;2;1;9;B01
200900037655;0;1;0;;2;1;1;B02
200900037655;0;7;0;0;2;3;1;A01
200900037656;0;7;0;0;2;3;6;A01
200900037656;0;7;0;0;2;3;1;B02
200900037657;0;7;0;0;2;1;2;A01
200900037657;0;7;0;0;2;7;9;B01
200900037658;0;7;0;0;2;3;1;B02
200900037658;0;30;0;0;2;1;15;A01
200900037659;0;7;0;0;0;3;23;A01
200900037659;0;30;0;0;2;1;17;B02
200900037660;0;7;0;0;1;2;1;A01
200900037661;0;1;0;0;2;4;1;B01
200900037661;0;37;0;0;2;1;1;A01
200900037662;0;7;0;0;2;7;15;A01
200900037662;0;30;0;0;0;1;1;B02
200900037663;0;1;0;0;2;1;1;B02
200900037663;0;7;0;0;2;3;5;A01
200900037664;0;7;0;2;0;3;1;A01
200900037665;0;10;0;8;0;1;14;A01
200900037666;0;7;0;0;0;4;12;A01
200900037666;0;33;0;0;2;1;3;B01
200900037667;0;33;0;13;0;1;1;A01
200900037668;0;33;0;0;2;8;1;A01
200900037668;0;7;0;0;2;1;1;B02
200900037669;0;2;0;0;0;0;0;A01
200900037670;0;30;0;0;2;1;1;C01
200900037670;0;7;0;0;0;0;12;D01
200900037670;0;30;0;0;2;8;1;B01
200900037670;0;7;0;0;2;4;21;A01
200900037671;0;10;0;0;2;4;1;B01
200900037671;0;10;0;0;2;4;1;C01
200900037671;0;10;0;0;2;1;1;A01
200900037672;0;7;0;6;0;1;16;A01
200900037673;0;7;0;0;1;4;0;A01
200900037674;0;37;50;0;2;2;1;B01
200900037674;0;7;0;0;2;6;23;C01
200900037674;0;7;0;0;2;1;15;A01
200900037675;1;7;0;0;2;1;0;B01
200900037675;0;33;0;9;2;4;1;A01
200900037676;0;7;0;0;2;1;13;A01
200900037676;0;7;0;0;2;1;1;B02
200900037677;0;30;0;6;0;1;1;A01
200900037677;0;7;0;0;0;0;1;B01
200900037678;0;7;0;0;1;2;1;A01
200900037679;0;33;0;14;0;8;21;A01
200900037680;0;7;0;2;0;1;1;A01
200900037681;0;1;0;16;0;1;1;A01
200900037682;0;7;0;0;2;3;16;A01
200900037682;0;10;0;0;2;2;1;B01
200900037683;0;33;0;0;2;9;1;B01
200900037683;0;7;0;0;2;1;1;C01
200900037683;0;7;0;0;2;8;9;A01
200900037684;0;33;0;0;2;7;17;A01
200900037684;0;37;1;0;2;8;23;B01
200900037685;0;10;0;0;2;6;14;A01
200900037685;0;2;0;0;2;1;1;B01
200900037686;0;7;0;9;0;3;17;A01
200900037687;0;7;0;0;1;1;15;A01
200900037688;0;7;0;0;1;1;1;A01
200900037689;0;7;0;0;2;1;13;A01
200900037689;0;7;0;0;2;1;1;B02
200900037690;0;33;0;0;2;3;1;B02
200900037690;0;7;0;0;2;2;15;A01
200900037691;0;10;0;0;0;9;14;A01
200900037692;0;33;0;0;0;0;1;A01
200900037692;0;7;0;0;0;0;0;B01
200900037693;0;7;0;0;1;2;1;A01
200900037694;1;10;0;0;2;0;1;Z01
200900037694;0;34;0;0;2;7;1;A01
200900037695;0;33;0;0;2;1;1;B01
200900037695;0;7;0;0;2;8;15;A01
200900037696;0;34;0;13;0;3;10;A01
200900037697;0;7;0;0;2;3;15;B01
200900037697;0;30;0;0;2;4;17;A01
200900037698;0;7;0;0;2;4;16;C01
200900037698;0;7;0;0;2;4;1;B01
200900037698;0;7;0;0;2;1;1;A01
200900037699;0;7;0;13;0;7;1;A01
200900037700;0;7;0;0;1;3;1;A01
200900037701;0;7;0;0;0;4;2;A01
200900037701;0;7;0;0;0;1;2;B01
200900037702;0;7;0;0;2;4;0;B01
200900037702;0;7;0;0;2;1;0;A01
200900037703;0;30;0;0;2;2;1;B01
200900037703;0;7;0;0;2;1;15;A01
200900037704;0;33;0;0;0;1;3;A01
200900037704;0;7;0;0;2;4;23;B01
200900037705;0;7;0;0;2;1;1;A01
200900037705;0;33;0;0;2;8;1;B01
200900037706;0;7;0;0;1;0;15;A01
200900037707;0;7;0;0;2;1;1;A01
200900037707;0;7;0;0;2;3;15;B01
200900037708;0;7;0;0;2;8;15;B01
200900037708;0;14;0;0;2;1;1;A01
200900037709;0;7;0;0;1;3;0;A01
200900037710;0;33;0;0;2;1;1;B01
200900037710;0;7;0;0;2;1;15;A01
200900037711;0;7;0;0;1;2;0;A01
200900037712;0;30;0;0;0;3;0;A01
200900037713;2;7;0;0;0;0;0;A01
200900037714;0;7;0;0;2;1;9;A01
200900037714;0;7;0;0;2;7;1;B01
200900037715;0;7;0;0;2;1;0;A01
200900037715;0;7;0;0;2;1;0;B01
200900037716;0;7;0;0;2;4;0;B01