num_acc;senc;catv;occutc;obs;obsm;choc;manv;num_veh
200900037716;0;7;0;0;2;4;0;C01
200900037716;0;7;0;0;2;1;0;A01
200900037717;0;7;0;0;2;3;0;A01
200900037717;0;7;0;0;2;3;0;B01
200900037718;0;7;0;0;2;8;0;A01
200900037718;1;7;0;0;2;0;0;B01
200900037719;0;10;0;1;0;0;0;A01
200900037719;0;7;0;1;0;0;0;C01
200900037719;0;32;0;2;0;0;0;B01
200900037720;0;7;0;0;1;2;0;A01
200900037721;0;7;0;0;1;1;0;A01
200900037722;0;33;0;1;0;6;0;A01
200900037723;0;32;0;0;2;0;0;B01
200900037723;0;7;0;0;2;0;0;A01
200900037724;1;7;0;0;1;0;0;A01
200900037725;0;7;0;0;2;6;15;A01
200900037725;0;2;0;0;2;1;1;B01
200900037726;0;7;0;0;1;2;0;A01
200900037727;0;7;0;0;1;4;0;A01
200900037728;0;7;0;0;0;0;0;A01
200900037729;0;7;0;0;2;0;0;A01
200900037729;0;32;0;0;2;0;0;B01
200900037730;0;33;0;0;1;1;1;A01
200900037731;0;7;0;0;2;8;2;B01
200900037731;0;33;0;0;2;1;16;A01
200900037732;0;7;0;8;0;1;1;A01
200900037733;0;30;0;0;1;1;1;A01
200900037734;0;7;0;0;2;2;1;A01
200900037734;0;30;0;0;2;1;1;B01
200900037735;1;99;0;0;0;0;0;A01
200900037736;0;7;0;1;2;1;0;A01
200900037736;0;7;0;0;2;4;0;B01
200900037737;0;32;0;0;2;8;0;B01
200900037737;0;7;0;0;2;2;0;A01
200900037738;0;7;0;0;2;5;0;C01
200900037738;0;7;0;0;2;1;0;A01
200900037738;0;7;0;0;2;4;0;B01
200900037739;0;31;0;0;2;1;2;A01
200900037739;0;7;0;0;2;6;15;B01
200900037740;0;30;0;0;0;2;13;B01
200900037740;0;7;0;0;0;3;13;A01
200900037741;1;7;0;0;2;8;13;A01
200900037741;0;7;0;10;2;8;1;B01
200900037742;0;7;0;6;0;1;0;A01
200900037743;0;36;0;6;0;0;1;A01
200900037744;0;7;0;0;2;1;1;A01
200900037744;0;7;0;0;2;3;1;C01
200900037744;0;7;0;0;2;1;1;B01
200900037745;0;1;0;2;0;1;1;A01
200900037746;0;7;0;0;2;3;15;B02
200900037746;0;33;0;0;2;1;13;A01
200900037747;0;7;0;0;2;5;16;A01
200900037747;0;2;0;0;2;1;1;B02
200900037748;0;7;0;0;2;1;19;A01
200900037748;0;7;0;0;2;3;1;B02
200900037749;0;7;0;0;0;5;15;A01
200900037749;0;31;0;0;2;2;1;B02
200900037750;0;10;0;0;1;7;1;A01
200900037751;0;33;0;0;0;0;1;A01
200900037752;0;2;0;0;2;1;1;B02
200900037752;0;7;0;0;2;2;1;A01
200900037753;0;33;0;13;0;1;1;A01
200900037754;0;7;0;0;9;7;15;A01
200900037754;0;1;0;0;2;1;1;B02
200900037755;0;7;0;2;0;6;19;A01
200900037755;0;7;0;0;2;1;1;B02
200900037756;0;7;0;0;2;1;1;A01
200900037756;0;7;0;0;2;8;9;B02
200900037757;0;7;0;0;2;3;1;B02
200900037757;0;30;0;0;2;3;13;A01
200900037758;0;31;0;0;1;1;1;A01
200900037759;0;7;0;0;2;3;17;A01
200900037759;0;33;0;0;2;1;1;B02
200900037760;0;7;0;0;2;3;13;A01
200900037760;0;7;0;0;2;3;1;B02
200900037761;0;7;0;2;0;1;15;A01
200900037762;0;31;0;15;0;1;1;A01
200900037763;0;31;0;13;0;1;1;A01
200900037764;0;7;0;2;0;1;0;A01
200900037765;0;2;0;3;0;1;1;A01
200900037766;0;34;0;13;0;1;1;A01
200900037767;0;7;0;0;2;8;1;A01
200900037767;0;37;1;0;2;3;15;B01
200900037768;0;7;0;0;9;3;1;A01
200900037769;0;2;0;0;0;8;1;A01
200900037770;0;31;0;0;0;2;1;A01
200900037771;0;2;0;0;2;6;13;A01
200900037771;0;7;0;0;2;3;1;B01
200900037772;0;1;0;0;2;0;0;B01
200900037772;1;2;0;0;2;0;0;A01
200900037773;0;34;0;0;2;1;1;A01
200900037773;0;7;0;0;2;5;16;B01
200900037774;0;2;0;1;0;1;1;A01
200900037775;0;7;0;0;1;1;1;A01
200900037776;0;7;0;0;1;3;0;A01
200900037777;0;33;0;0;2;1;1;B01
200900037777;0;7;0;0;0;2;15;A01
200900037778;0;7;0;0;2;1;2;A01
200900037778;0;31;0;0;2;4;0;B01
200900037779;0;7;0;0;2;1;15;A01
200900037779;0;7;0;0;2;1;1;B01
200900037780;0;7;0;0;2;1;15;A01
200900037780;0;33;0;0;2;1;19;B01
200900037781;0;10;0;0;2;1;5;A01
200900037781;0;7;0;0;2;1;1;B01
200900037782;0;2;0;0;2;1;21;B01
200900037782;0;99;0;0;0;8;19;A01
200900037783;0;7;0;0;2;1;1;A01
200900037783;0;7;0;0;2;8;1;B01
200900037784;0;2;0;0;2;1;1;B01
200900037784;0;7;0;0;2;8;9;A01
200900037785;0;7;0;0;2;1;0;B01
200900037785;0;33;0;0;2;6;0;A01
200900037786;0;1;0;0;2;4;0;B01
200900037786;0;7;0;0;2;1;0;A01
200900037787;0;2;0;0;2;1;1;A01
200900037787;0;7;0;0;2;7;1;B01
200900037788;0;2;0;0;2;1;1;B01
200900037788;0;7;0;0;2;3;10;A01
200900037789;0;7;0;0;0;7;1;A01
200900037790;0;17;0;0;2;2;15;A01
200900037790;0;10;0;0;2;8;1;B01
200900037791;0;2;0;0;2;1;1;B01
200900037791;0;7;0;0;2;8;1;A01
200900037792;0;7;0;3;2;5;17;A01
200900037792;0;7;0;0;2;1;2;B02
200900037792;0;7;0;3;2;6;11;C03
200900037793;0;7;0;0;2;3;15;B02
200900037793;0;31;0;0;2;7;17;A01
200900037794;0;33;0;0;2;1;17;B01
200900037794;0;7;0;0;2;4;17;A01
200900037795;1;7;0;0;2;0;0;A01
200900037795;0;2;0;1;2;1;1;B01
200900037796;0;7;0;0;2;7;15;B01
200900037796;0;33;0;0;2;1;1;A01
200900037797;0;15;0;0;2;1;16;A01
200900037797;0;1;0;0;2;8;1;B01
200900037798;0;7;0;0;2;5;1;A01
200900037798;0;2;0;0;2;1;1;B02
200900037799;0;7;0;0;2;7;1;A01
200900037799;0;7;0;0;2;1;1;B02
200900037800;0;7;0;0;2;2;1;A01
200900037800;0;7;0;0;2;1;5;B02
200900037801;0;31;0;0;0;0;1;A01
200900037802;0;30;0;12;0;1;1;A01
200900037803;0;7;0;0;2;3;1;B02
200900037803;0;99;0;0;2;1;19;A01
200900037804;0;30;0;0;0;0;0;A01
200900037805;0;7;0;4;0;3;1;A01
200900037805;0;17;0;0;2;8;1;B02
200900037806;0;34;0;0;2;1;2;A01
200900037806;0;7;0;0;2;4;16;B02
200900037807;0;7;0;0;2;1;0;A01
200900037807;0;1;0;0;2;1;0;B02
200900037808;0;10;0;0;2;2;14;A01
200900037808;0;15;0;0;2;6;1;B02
200900037809;0;7;0;0;5;1;13;A01
200900037810;0;7;0;0;2;1;15;A01
200900037810;0;7;0;0;2;1;1;B02
200900037811;0;30;0;12;0;0;1;A01
200900037812;0;7;0;0;2;4;1;B02
200900037812;0;33;0;0;2;1;1;A01
200900037813;0;7;0;0;2;1;1;B02
200900037813;0;7;0;0;2;3;1;A01
200900037814;0;7;0;2;0;7;13;A01
200900037815;0;7;0;0;2;3;10;A01
200900037815;0;31;0;0;2;1;1;B01
200900037816;0;7;0;0;2;4;2;B02
200900037816;1;38;0;0;2;1;2;A01
200900037816;0;7;0;0;2;4;2;C03
200900037816;0;7;0;0;2;7;0;D04
200900037817;0;7;0;0;1;2;1;A01
200900037818;0;7;0;0;2;7;12;A01
200900037818;0;33;0;0;2;8;1;B01
200900037819;0;7;0;0;2;1;0;B01
200900037819;0;1;0;0;2;1;9;A01
200900037820;0;30;0;0;2;1;0;B01
200900037820;0;7;0;0;2;1;15;A01
200900037821;0;7;0;1;0;1;0;A01
200900037821;0;7;0;0;2;4;0;B01
200900037822;0;15;0;0;2;7;16;A01
200900037822;0;1;0;0;2;3;1;B01
200900037823;0;7;0;0;2;2;0;A01
200900037823;0;34;0;0;2;1;1;B01
200900037824;0;33;0;0;2;1;1;A01
200900037824;0;7;0;0;2;4;1;B01
200900037825;0;7;0;0;2;0;16;A01
200900037825;2;33;0;0;2;0;0;B01
200900037826;0;33;0;0;2;1;17;A01
200900037826;0;7;0;0;2;1;1;B01
200900037827;0;1;0;0;2;8;1;B01
200900037827;0;7;0;0;2;1;9;A01
200900037828;0;1;0;0;2;1;1;B01
200900037828;0;7;0;0;2;5;22;A01
200900037829;0;32;0;0;2;3;0;A01
200900037829;0;10;0;0;2;5;0;B01
200900037830;0;7;0;0;2;8;11;B01
200900037830;0;32;0;0;2;1;11;A01
200900037831;0;15;0;0;2;2;9;A01
200900037831;0;1;0;0;2;4;1;B01
200900037832;0;7;0;0;1;1;0;A01
200900037833;0;7;0;2;0;1;0;A01
200900037834;0;7;0;6;0;1;0;A01
200900037835;0;7;0;0;2;3;15;A01
200900037835;0;1;0;0;2;1;23;B01
200900037836;0;33;0;0;2;3;1;B01
200900037836;0;7;0;0;2;1;15;A01
200900037837;0;2;0;0;2;1;18;A01
200900037837;0;7;0;0;2;7;16;B01
200900037838;0;7;0;4;2;2;1;B01
200900037838;0;7;0;4;2;1;18;A01
200900037838;0;7;0;0;2;1;1;C01
200900037839;0;2;0;9;0;2;14;A01
200900037840;0;2;0;0;1;1;1;A01
200900037841;0;7;0;0;2;1;15;A01
200900037841;0;33;0;0;2;1;1;B01
200900037842;0;7;0;13;0;9;0;A01
200900037843;0;7;0;0;2;2;17;A01
200900037843;0;7;0;0;2;6;0;B02
200900037844;0;2;0;0;2;3;5;A01
200900037844;0;7;0;0;2;3;1;B02
200900037845;0;7;0;0;2;3;17;A01
200900037845;0;7;0;0;2;3;1;B02
200900037846;0;33;0;8;0;9;1;A01
200900037847;0;33;0;0;0;8;19;A01
200900037847;0;7;0;0;2;3;1;B02
200900037848;0;1;0;0;2;7;1;B02
200900037848;0;7;0;0;2;0;9;A01
200900037849;0;2;0;0;2;1;1;A01
200900037849;0;7;0;0;2;2;1;B02
200900037850;0;7;0;4;0;2;1;A01
200900037851;0;7;0;2;0;2;14;A01
200900037852;0;17;0;0;0;5;2;A01
200900037852;0;1;0;0;0;8;2;B02
200900037853;0;7;0;0;2;5;15;A01
200900037853;0;7;0;0;2;3;1;B02
200900037853;0;33;0;0;2;1;1;C03
200900037854;0;7;0;13;0;2;14;A01
200900037855;0;31;0;0;1;1;1;A01
200900037856;0;7;0;0;2;3;15;A01
200900037856;0;10;0;0;2;3;16;B02
200900037856;0;10;0;13;0;1;21;C03
200900037857;0;7;0;0;2;2;13;A01
200900037857;0;33;0;0;2;1;1;B02
200900037858;0;7;0;0;1;1;1;A01
200900037859;0;7;0;0;2;2;17;B02
200900037859;0;21;0;0;2;3;15;A01
200900037860;0;7;0;0;1;2;1;A01
200900037861;0;7;0;4;0;0;0;A01
200900037862;0;14;0;0;2;1;1;B01
200900037862;0;7;0;0;2;8;19;A01
200900037863;0;30;0;0;1;1;1;A01
200900037864;0;1;0;0;2;2;1;A01
200900037864;0;7;0;0;2;2;1;B01
200900037865;0;3;0;1;0;1;1;A01
200900037866;0;7;0;0;2;8;15;A01
200900037866;0;33;0;0;2;7;15;B01
200900037867;0;7;0;0;0;1;24;C01
200900037867;0;7;0;1;2;0;15;A01
200900037867;0;7;0;0;2;0;1;B01
200900037868;0;7;0;0;1;4;4;A01
200900037869;0;7;0;0;2;4;23;B01
200900037869;0;7;0;0;2;1;1;A01
200900037870;0;2;0;0;2;0;0;A01
200900037871;0;2;0;0;0;8;1;A01
200900037872;0;7;0;14;0;1;1;A01
200900037873;0;7;0;0;2;8;4;A01
200900037873;0;37;3;0;2;2;1;B01
200900037874;0;7;0;4;2;6;1;B01
200900037874;0;7;0;0;2;2;2;A01
200900037875;0;33;0;13;0;1;13;A01
200900037876;0;31;0;16;0;0;1;B01
200900037876;0;7;0;0;0;0;11;A01
200900037877;0;7;0;0;1;0;1;A01
200900037878;0;7;0;15;2;3;13;A01
200900037878;0;7;0;0;2;8;1;B01
200900037879;0;7;0;8;0;1;14;A01
200900037880;0;7;0;3;2;2;15;A01
200900037880;0;7;0;0;2;1;1;B01
200900037881;0;30;0;0;2;1;1;B01
200900037881;0;7;0;0;2;8;15;A01
200900037882;0;30;0;0;2;1;1;A01
200900037882;0;30;0;0;2;4;1;B01
200900037883;0;7;0;0;0;6;9;A01
200900037883;0;7;0;0;2;1;1;B01
200900037884;0;33;0;16;0;8;14;A01
200900037885;0;30;0;8;0;1;14;A01
200900037886;0;7;0;0;2;1;1;A01
200900037886;0;7;0;0;2;4;1;B01
200900037887;0;7;0;0;2;1;2;A01
200900037887;0;7;0;0;2;4;1;B01
200900037888;0;7;0;0;2;1;1;B01
200900037888;0;30;0;0;2;7;9;A01
200900037889;0;7;0;0;1;2;15;A01
200900037890;0;10;0;13;0;3;17;A01
200900037891;0;1;0;0;2;1;1;A01
200900037891;0;7;0;0;2;3;1;B01
200900037892;0;7;0;0;2;6;19;A01
200900037892;0;7;0;0;2;1;1;B01
200900037893;0;7;0;0;1;2;7;A01
200900037894;0;7;0;0;2;3;10;A01
200900037894;0;33;0;0;2;1;1;B01
200900037895;0;33;0;0;2;1;17;A01
200900037895;0;7;0;0;2;3;15;B01
200900037896;0;7;0;0;2;7;1;B01
200900037896;0;7;0;0;2;1;9;A01
200900037897;0;30;0;16;0;0;0;A01
200900037898;0;7;0;3;0;8;17;A01
200900037899;0;30;0;0;2;1;1;B01
200900037899;0;7;0;0;2;5;4;A01
200900037900;0;37;0;0;2;6;1;B01
200900037900;0;7;0;0;2;1;1;A01
200900037901;0;7;0;0;2;1;2;A01
200900037901;0;7;0;0;2;4;2;B01
200900037902;0;7;0;0;2;1;15;A01
200900037902;0;31;0;0;2;1;1;B01
200900037903;0;7;0;0;1;2;1;A01
200900037904;0;7;0;6;0;1;14;A01
200900037905;0;30;0;0;2;1;2;A01
200900037905;0;7;0;0;2;4;23;B01
200900037906;0;21;0;0;2;8;1;B01
200900037906;0;30;0;0;2;8;13;A01
200900037907;0;33;0;0;2;1;1;B01
200900037907;0;10;0;0;2;1;15;A01
200900037908;0;7;0;0;2;1;14;A01
200900037908;0;7;0;0;2;2;1;B01
200900037909;0;30;0;0;2;1;1;A01
200900037909;0;7;0;0;2;6;9;B01
200900037910;0;1;0;0;2;2;1;B01
200900037910;0;7;0;0;9;2;19;A01
200900037911;1;7;0;0;1;1;1;A01
200900037912;0;7;0;13;0;1;1;A01
200900037913;0;33;0;0;0;7;1;A01
200900037914;0;7;0;0;1;1;1;A01
200900037915;0;7;0;0;2;2;1;B01
200900037915;0;7;0;0;2;3;19;A01
200900037916;0;7;0;0;2;2;15;A01
200900037916;0;7;0;0;2;1;1;B01
200900037917;0;33;0;9;0;1;13;A01
200900037918;0;7;0;0;1;1;1;A01
200900037919;0;33;0;0;2;4;1;B01
200900037919;0;7;0;0;2;1;1;A01
200900037920;0;7;0;0;9;3;1;B01
200900037920;0;2;0;0;2;1;13;A01
200900037921;0;7;0;8;0;8;13;A01
200900037922;0;7;0;0;2;4;13;A01
200900037922;0;7;0;0;2;1;1;B01
200900037923;0;7;0;8;0;1;13;A01
200900037924;0;7;0;0;1;1;1;A01
200900037925;0;7;0;0;1;1;1;A01
200900037926;0;7;0;0;0;4;15;A01
200900037926;0;30;0;0;0;1;1;B01
200900037927;0;7;0;0;0;1;24;B01
200900037927;0;7;0;0;2;1;1;A01
200900037928;0;33;0;0;2;1;1;B01
200900037928;0;7;0;0;2;1;1;A01
200900037929;0;7;0;0;2;2;1;A01
200900037929;0;1;0;0;2;4;1;B01
200900037930;0;7;0;0;2;2;1;A01
200900037930;0;36;0;12;2;1;19;B01
200900037931;0;33;0;0;2;1;17;A01
200900037931;0;7;0;0;2;8;15;B01
200900037932;0;30;0;0;2;8;15;B01
200900037932;0;7;0;0;2;2;17;A01
200900037933;0;7;0;11;0;1;13;A01
200900037934;0;2;0;0;2;1;1;A01
200900037934;0;7;0;0;2;2;19;B01
200900037935;0;33;0;0;2;1;2;A01
200900037935;0;7;0;0;0;4;2;B01
200900037936;0;7;0;13;0;7;1;A01
200900037937;0;7;0;0;2;1;5;A01
200900037937;0;7;0;0;2;1;1;B01
200900037938;0;30;0;0;0;0;0;A01
200900037939;0;7;0;13;0;2;14;A01
200900037940;0;7;0;0;2;3;1;C01
200900037940;0;7;0;13;0;8;1;D01
200900037940;0;7;0;0;2;8;1;B01
200900037940;0;10;0;13;2;1;13;A01
200900037941;0;10;0;0;2;1;1;A01
200900037941;0;7;0;0;2;1;1;C01
200900037941;0;7;0;0;0;4;15;B01
200900037942;0;7;0;0;2;8;9;A01
200900037942;0;33;0;0;2;1;1;B01
200900037943;0;31;0;16;0;7;1;A01
200900037944;0;30;0;0;2;1;1;B01
200900037944;0;7;0;0;2;8;20;A01
200900037945;0;7;0;0;2;7;1;A01
200900037945;0;33;0;0;2;1;1;B01
200900037946;1;7;0;0;1;7;1;Z01
200900037947;0;7;0;0;2;1;13;B01
200900037947;0;30;0;0;2;1;1;A01
200900037948;0;1;0;1;0;1;1;B01
200900037948;0;7;0;0;2;2;1;C01
200900037948;0;7;0;0;2;8;22;A01
200900037949;0;33;0;0;2;1;1;B01
200900037949;0;30;0;0;2;1;15;A01
200900037950;0;7;0;0;2;6;23;C01
200900037950;0;2;0;0;2;4;11;A01
200900037950;0;7;0;0;2;2;1;B01
200900037951;0;7;0;12;0;1;13;A01
200900037952;0;7;0;0;2;4;2;C01
200900037952;0;7;0;0;2;1;2;A01
200900037952;0;7;0;0;2;4;2;B01
200900037953;0;7;0;0;2;1;1;B01
200900037953;0;1;0;0;2;8;9;A01
200900037954;0;31;0;12;0;7;1;A01
200900037955;0;7;0;0;2;6;17;A01
200900037955;0;33;0;0;2;2;17;B01
200900037956;0;33;0;0;2;1;1;A01
200900037956;0;36;0;0;2;2;19;B01
200900037957;0;7;0;0;1;4;4;A01
200900037958;0;7;0;0;2;6;9;A01
200900037958;0;30;0;0;2;1;1;B01
200900037959;0;7;0;0;2;5;1;B01
200900037959;0;33;0;0;2;1;1;A01
200900037960;0;7;0;6;0;1;1;A01
200900037961;0;33;0;0;0;7;1;A01
200900037962;0;7;0;0;2;4;1;B01
200900037962;0;7;0;0;2;1;1;A01
200900037963;0;33;0;0;2;1;1;B01
200900037963;0;7;0;0;2;2;19;A01
200900037964;0;1;0;0;2;1;1;B01
200900037964;0;1;0;0;2;1;5;A01
200900037965;0;7;0;0;1;2;1;A01
200900037966;0;7;0;2;0;9;1;A01
200900037967;0;7;0;0;2;1;15;A01
200900037967;0;15;0;0;0;0;24;C01
200900037967;0;30;0;0;2;7;1;B01
200900037968;0;30;0;1;0;2;2;A01
200900037968;0;7;0;0;0;0;4;C01
200900037968;0;7;0;0;2;2;2;B01
200900037969;0;7;0;0;1;3;1;A01
200900037970;0;7;0;0;2;4;23;C01
200900037970;0;7;0;0;2;4;23;B01
200900037970;0;7;0;0;2;1;2;A01
200900037971;0;10;0;0;2;3;19;A01
200900037971;0;31;0;0;2;1;1;B01
200900037972;1;30;0;0;2;2;17;Z01
200900037972;0;1;0;0;2;8;1;B01
200900037973;0;7;0;0;2;1;2;A01
200900037973;0;7;0;1;2;4;1;B01
200900037974;0;7;0;0;2;3;13;A01
200900037974;0;7;0;0;2;3;1;B01
200900037975;0;31;0;0;2;1;1;B01
200900037975;0;7;0;0;2;3;15;A01
200900037976;0;7;0;0;2;1;1;A01
200900037976;0;7;0;0;2;4;23;B01
200900037977;0;7;0;0;2;1;19;B01
200900037977;0;33;0;0;2;7;1;A01
200900037978;0;7;0;0;2;3;9;A01
200900037978;0;1;0;0;2;1;1;B01
200900037979;0;7;0;0;2;1;13;A01
200900037979;0;7;0;0;2;1;1;B01
200900037980;0;7;0;0;2;2;15;A01
200900037980;0;7;0;0;2;3;1;B01
200900037981;0;7;0;4;0;1;13;A01
200900037982;0;7;0;0;2;1;9;A01
200900037982;0;7;0;0;2;3;1;B01
200900037983;0;7;0;13;2;1;1;B01
200900037983;0;33;0;0;2;1;5;A01
200900037984;0;7;0;0;1;2;1;A01
200900037985;0;10;0;0;2;1;15;A01
200900037985;0;2;0;0;2;1;1;B01
200900037986;0;7;0;0;1;2;1;B01
200900037987;0;7;0;2;0;1;14;A01
200900037988;0;10;0;13;0;1;1;A01
200900037989;0;7;0;0;2;4;1;A01
200900037989;0;30;0;0;2;1;2;B01
200900037990;0;7;0;13;0;1;1;A01
200900037991;0;7;0;0;2;3;1;C01
200900037991;0;7;0;0;2;3;9;A01
200900037991;0;7;0;0;2;5;1;B01
200900037992;0;30;0;1;0;2;2;A01
200900037992;0;7;0;1;0;3;1;B01
200900037993;0;7;0;13;2;3;1;B01
200900037993;0;7;0;0;2;3;1;A01
200900037994;0;30;0;0;2;1;6;A01
200900037994;0;7;0;0;2;3;15;B01
200900037995;0;30;0;0;2;1;1;B01
200900037995;0;7;0;0;2;3;15;A01
200900037996;0;7;0;0;1;2;15;A01
200900037997;0;1;0;15;0;7;14;A01
200900037998;0;7;0;14;0;1;13;A01
200900037999;0;7;0;0;2;8;15;B01
200900037999;0;30;0;0;2;1;17;A01
200900038000;0;30;0;0;1;1;1;A01
200900038001;0;7;0;0;2;5;15;A01
200900038001;0;33;0;0;2;1;1;B01
200900038002;0;7;0;0;2;1;1;B01
200900038002;0;7;0;0;2;1;15;A01
200900038003;0;7;0;1;1;1;0;A01
200900038004;0;7;0;0;2;3;23;B01
200900038004;0;33;0;0;2;2;14;A01
200900038005;0;33;0;1;0;3;13;A01
200900038006;0;33;0;0;2;1;1;A01
200900038006;0;7;0;0;2;6;23;B01
200900038006;0;7;0;0;2;6;23;C01
200900038007;1;34;0;1;0;1;13;A01
200900038008;0;33;0;0;2;7;1;A01
200900038008;0;7;0;0;2;6;19;B01
200900038009;0;14;0;0;2;4;1;B01
200900038009;0;7;0;0;2;1;1;A01
200900038010;0;7;0;0;1;2;2;A01
200900038011;0;31;0;0;2;2;2;A01
200900038011;0;10;0;0;0;5;2;B01
200900038012;0;7;0;0;2;8;19;A01
200900038012;0;7;0;0;2;3;1;B01
200900038013;0;7;0;13;0;1;1;A01
200900038014;0;15;0;0;0;2;2;A01
200900038014;0;3;0;0;0;6;2;B01
200900038015;0;7;0;0;2;1;0;A01
200900038015;0;7;0;0;0;4;1;B01
200900038016;0;33;0;0;2;1;1;B01
200900038016;0;10;0;0;2;5;15;A01
200900038017;0;7;0;0;2;6;15;A01
200900038017;0;30;0;0;2;1;1;B01
200900038018;0;30;0;0;2;1;1;A01
200900038018;0;17;0;0;2;4;15;B01
200900038019;0;10;0;10;0;1;13;A01
200900038020;0;7;0;0;0;1;13;A01
200900038020;0;7;0;0;0;3;1;B01
200900038021;0;7;0;0;2;1;19;A01
200900038021;0;7;0;0;2;7;1;B01
200900038022;0;33;0;0;2;1;17;A01
200900038022;0;21;0;0;0;6;15;B01
200900038023;0;31;0;0;0;9;1;A01
200900038024;0;7;0;0;2;1;1;B01
200900038024;0;31;0;0;2;1;13;A01
200900038025;0;7;0;13;0;2;14;A01
200900038026;0;7;0;6;0;5;1;A01
200900038027;0;30;0;0;2;1;13;A01
200900038027;0;7;0;0;2;3;1;B01
200900038028;0;7;0;8;0;1;14;A01
200900038029;0;30;0;0;2;1;1;A01
200900038029;0;7;0;0;2;8;1;B01
200900038030;0;7;0;0;0;0;1;A01
200900038031;0;7;0;0;2;6;15;B01
200900038031;0;7;0;0;2;1;1;A01
200900038032;0;7;0;0;2;3;23;B01
200900038032;0;1;0;0;2;1;5;A01
200900038033;0;7;0;0;1;1;1;A01
200900038034;0;10;0;0;2;1;1;A01
200900038034;0;7;0;0;2;1;1;B01
200900038035;0;2;0;16;0;1;14;A01
200900038036;1;7;0;0;1;2;16;A01
200900038037;0;7;0;0;1;2;1;A01
200900038038;0;7;0;11;0;1;16;A01
200900038039;0;30;0;0;2;2;5;A01
200900038039;0;7;0;0;2;2;1;B01
200900038040;0;7;0;0;0;2;17;A01
200900038040;0;1;0;0;0;3;0;B01
200900038041;0;7;0;0;2;1;17;A01
200900038041;0;7;0;0;2;1;1;B01
200900038042;0;7;0;6;0;1;1;A01
200900038043;0;7;0;13;0;1;1;A01
200900038044;0;7;0;0;2;3;13;A01
200900038044;0;7;0;0;2;3;1;B01
200900038045;0;2;0;0;2;1;13;A01
200900038045;0;7;0;0;2;3;21;B01
200900038046;0;7;0;0;2;1;15;A01
200900038046;0;7;0;0;2;1;1;B01
200900038047;0;3;0;13;0;1;1;A01
200900038048;0;33;0;14;0;8;17;A01
200900038049;0;7;0;13;2;8;1;C01
200900038049;0;7;0;0;2;2;17;B01
200900038049;0;7;0;0;2;6;17;A01
200900038050;0;7;0;0;0;3;0;A01
200900038051;0;7;0;0;1;4;19;A01
200900038052;0;7;0;2;0;1;13;A01
200900038053;0;7;0;1;0;3;13;A01
200900038054;0;7;0;0;2;3;17;A01
200900038054;0;7;0;0;2;3;1;B01
200900038055;0;7;0;0;2;2;19;A01
200900038055;0;7;0;0;2;1;1;B01
200900038056;0;7;0;0;2;3;15;A01
200900038056;0;33;0;0;2;2;17;B01
200900038057;0;7;0;13;0;1;13;A01
200900038058;0;7;0;0;2;4;1;B02
200900038058;0;7;0;0;2;1;1;D04
200900038058;0;7;0;0;2;4;1;C03
200900038058;0;7;0;0;0;0;15;A01
200900038059;0;1;0;2;0;1;14;A01
200900038060;0;7;0;15;0;4;1;C01
200900038060;0;7;0;15;2;2;13;B01
200900038060;0;7;0;0;2;2;17;A01
200900038061;0;33;0;0;2;8;1;A01
200900038061;0;7;0;0;2;8;1;B01
200900038062;0;37;5;0;0;0;1;A01
200900038063;0;7;0;0;2;2;15;A01
200900038063;0;7;0;0;2;1;1;B01
200900038064;0;7;0;8;0;1;13;A01
200900038065;0;2;0;14;0;2;1;A01
200900038066;0;7;0;0;2;1;1;A01
200900038066;0;7;0;0;2;4;1;B01
200900038067;0;7;0;0;2;8;9;A01
200900038067;0;33;0;0;2;2;1;B01
200900038068;0;30;0;0;1;1;1;A01
200900038069;0;7;0;0;2;4;1;B01
200900038069;0;30;0;0;2;1;1;A01
200900038070;0;30;0;0;2;1;17;A01
200900038070;0;7;0;0;2;1;1;B01
200900038071;0;7;0;0;2;3;1;A01
200900038071;0;7;0;0;2;2;1;B01
200900038072;0;7;0;12;0;2;14;A01
200900038073;0;7;0;0;1;2;1;A01
200900038074;0;7;0;8;0;1;6;A01
200900038075;0;30;0;16;0;1;13;A01
200900038076;0;7;0;6;0;1;13;A01
200900038077;0;7;0;0;2;3;13;A01
200900038077;0;7;0;0;2;2;1;B01
200900038078;0;7;0;0;2;7;9;A01
200900038078;0;7;0;0;2;1;1;B01
200900038079;0;7;0;0;0;0;15;B01
200900038079;0;30;0;1;0;3;14;A01
200900038079;0;3;0;0;2;6;24;C01
200900038080;0;7;0;7;0;2;14;A01
200900038081;0;7;0;0;2;1;2;A01
200900038081;0;7;0;0;2;4;2;B01
200900038082;0;7;0;6;0;1;14;A01
200900038083;0;30;0;0;0;8;0;A01
200900038084;0;7;0;0;1;3;1;A01
200900038085;0;31;0;0;2;1;1;B01
200900038085;0;7;0;0;2;3;15;A01
200900038086;0;30;0;0;2;1;1;A01
200900038086;0;7;0;0;0;8;15;B01
200900038087;0;33;0;13;0;1;1;A01
200900038088;0;33;0;0;2;1;1;A01
200900038088;0;7;0;0;2;5;19;B02
200900038089;0;10;0;0;2;3;1;B02
200900038089;0;7;0;0;2;1;13;A01