num_acc;senc;catv;occutc;obs;obsm;choc;manv;num_veh
200900038090;0;10;0;0;1;3;1;A01
200900038091;0;30;0;13;0;1;1;A01
200900038092;0;7;0;5;0;1;13;A01
200900038093;0;7;0;16;0;1;14;A01
200900038094;0;7;0;0;1;2;1;A01
200900038095;0;7;0;0;2;8;15;A01
200900038095;0;33;0;0;2;1;17;B02
200900038096;0;33;0;13;0;1;1;A01
200900038097;0;14;0;0;2;2;1;B02
200900038097;0;7;0;0;2;7;13;A01
200900038098;0;31;0;0;2;1;1;B02
200900038098;0;7;0;0;2;1;19;A01
200900038099;0;7;0;6;0;1;1;A01
200900038100;0;7;0;8;0;8;19;A01
200900038101;0;7;0;0;1;2;1;A01
200900038102;0;7;0;2;0;1;0;A01
200900038103;0;7;0;6;0;1;1;A01
200900038104;1;7;0;0;2;2;15;A01
200900038104;0;30;0;0;2;1;1;B01
200900038105;0;1;0;0;2;1;1;B01
200900038105;0;7;0;0;9;5;15;A01
200900038106;0;30;0;0;2;1;2;A01
200900038106;0;7;0;0;2;4;1;B01
200900038107;0;7;0;0;2;1;9;A01
200900038107;0;7;0;0;2;1;1;B01
200900038108;0;7;0;0;1;2;1;A01
200900038109;0;7;0;6;0;1;14;A01
200900038110;0;7;0;0;2;3;1;C01
200900038110;0;7;0;0;2;1;2;D01
200900038110;0;7;0;0;2;1;1;B01
200900038110;1;7;0;0;2;1;1;A01
200900038111;0;30;0;0;2;1;2;A01
200900038111;0;7;0;0;2;4;23;B01
200900038112;0;7;0;0;2;8;21;A01
200900038112;0;33;0;0;2;8;1;B01
200900038113;0;33;0;0;2;1;1;A01
200900038113;0;7;0;0;0;5;15;B01
200900038113;0;10;0;0;0;8;23;C01
200900038114;0;7;0;8;0;1;1;A01
200900038115;0;30;0;0;0;7;1;A01
200900038116;0;7;0;13;2;2;17;A01
200900038116;0;7;0;0;2;3;15;B01
200900038117;0;33;0;0;2;1;2;A01
200900038117;0;7;0;0;0;6;1;B01
200900038118;0;33;0;8;0;9;1;A01
200900038119;0;10;0;0;2;2;1;B01
200900038119;0;7;0;0;2;3;15;A01
200900038120;0;7;0;0;2;2;19;B01
200900038120;0;14;0;1;2;3;1;A01
200900038121;0;7;0;0;0;8;19;A01
200900038121;0;33;0;0;2;1;1;B01
200900038122;0;33;0;0;0;1;1;B01
200900038122;0;21;0;0;2;0;15;C01
200900038123;0;1;0;0;2;8;1;A01
200900038123;0;7;0;0;9;3;11;B01
200900038124;0;7;0;8;0;1;13;A01
200900038124;0;7;0;1;1;1;2;B01
200900038125;0;33;0;0;2;1;1;B01
200900038125;0;30;0;0;2;1;13;A01
200900038126;0;30;0;0;0;1;14;A01
200900038127;0;7;0;0;2;1;1;B01
200900038127;0;7;0;0;2;1;13;A01
200900038128;0;7;0;0;2;3;15;A01
200900038128;0;7;0;0;2;1;1;B01
200900038129;0;7;0;0;2;1;5;A01
200900038129;0;7;0;0;2;1;1;B01
200900038130;0;30;0;0;2;1;13;A01
200900038130;0;7;0;0;2;1;1;B01
200900038131;0;7;0;0;2;4;23;B01
200900038131;0;30;0;1;0;1;1;A01
200900038132;0;33;0;0;2;1;1;A01
200900038132;0;7;0;0;2;4;23;B01
200900038133;0;7;0;2;0;0;14;A01
200900038134;0;30;0;0;2;1;1;A01
200900038134;0;7;0;0;2;1;15;B01
200900038135;0;7;0;0;2;8;15;B01
200900038135;0;33;0;0;2;1;17;A01
200900038136;0;30;0;0;2;1;2;A01
200900038136;0;7;0;0;2;4;23;B01
200900038137;0;7;0;0;2;4;1;B01
200900038137;0;30;0;0;2;1;1;A01
200900038138;0;7;0;0;2;1;1;A01
200900038138;0;30;0;0;2;4;23;B01
200900038139;0;33;0;16;0;4;1;A01
200900038140;0;30;0;11;0;2;14;A01
200900038141;0;33;0;0;2;1;17;B01
200900038141;0;7;0;0;0;4;15;A01
200900038142;0;7;0;0;2;1;1;B01
200900038142;0;30;0;0;2;4;1;A01
200900038143;0;1;0;0;2;1;5;A01
200900038143;0;7;0;0;2;3;1;B01
200900038144;0;7;0;13;0;1;1;A01
200900038145;0;30;0;0;2;1;1;B01
200900038145;0;7;0;0;2;7;11;A01
200900038146;0;7;0;2;0;9;14;A01
200900038147;0;33;0;0;2;1;1;A01
200900038147;0;7;0;0;2;4;1;B01
200900038148;0;7;0;0;1;1;1;A01
200900038149;0;7;0;8;0;1;1;A01
200900038150;0;7;0;0;2;3;1;B01
200900038150;0;7;0;0;2;1;9;A01
200900038151;0;30;0;6;0;2;14;A01
200900038152;1;7;0;0;1;2;1;A01
200900038153;0;7;0;0;1;0;2;A01
200900038154;0;1;0;0;2;1;1;B01
200900038154;0;7;0;0;2;1;15;A01
200900038155;0;30;0;16;0;1;1;A01
200900038156;0;7;0;0;1;7;2;A01
200900038157;0;7;0;0;2;7;19;A01
200900038157;0;33;0;0;2;1;1;B01
200900038158;0;33;0;0;2;8;1;A01
200900038158;0;7;0;0;2;2;15;B01
200900038159;0;7;0;6;0;1;14;A01
200900038160;0;10;0;0;0;8;15;A01
200900038160;0;33;0;0;2;3;1;B01
200900038161;0;30;0;0;2;1;1;B01
200900038161;0;7;0;0;2;3;15;A01
200900038162;0;30;0;0;2;1;13;B01
200900038162;0;10;0;0;2;3;1;A01
200900038163;0;17;0;13;0;8;1;A01
200900038164;0;7;0;0;2;7;23;C01
200900038164;0;7;0;0;2;6;23;B01
200900038164;0;7;0;0;2;1;2;A01
200900038165;0;7;0;0;2;8;1;B01
200900038165;0;7;0;0;2;1;1;A01
200900038166;0;30;0;0;2;8;13;B01
200900038166;0;7;0;0;2;7;1;A01
200900038167;0;7;0;0;2;2;21;A01
200900038167;0;7;0;13;2;2;19;B01
200900038168;0;7;0;0;2;8;2;A01
200900038168;0;31;0;0;0;5;23;B01
200900038169;0;30;0;13;0;1;1;A01
200900038170;0;7;0;13;0;2;14;A01
200900038171;0;38;0;0;2;3;1;A01
200900038171;0;7;0;0;0;5;16;B01
200900038172;0;33;0;0;2;1;1;B01
200900038172;0;17;0;0;2;5;1;A01
200900038173;0;7;0;0;2;2;15;A01
200900038173;0;7;0;0;2;1;1;B01
200900038174;0;10;0;0;2;3;19;A01
200900038174;0;33;0;0;2;1;1;B01
200900038175;0;7;0;0;2;1;13;A01
200900038175;0;10;0;0;2;1;1;B01
200900038176;0;10;0;0;2;2;2;A01
200900038176;0;7;0;0;0;4;1;B01
200900038177;0;7;0;0;2;7;1;A01
200900038177;0;7;0;0;2;1;1;B01
200900038178;0;7;0;0;1;8;1;A01
200900038179;0;7;0;0;1;1;1;A01
200900038180;0;7;0;0;2;2;15;A01
200900038180;0;33;0;0;2;1;1;B01
200900038181;0;15;0;0;2;2;1;C01
200900038181;0;7;0;0;2;3;1;B01
200900038181;1;10;0;0;2;3;10;A01
200900038182;0;7;0;0;2;4;2;D01
200900038182;0;7;0;0;2;4;2;B01
200900038182;0;7;0;0;2;4;2;C01
200900038182;0;7;0;0;2;1;2;A01
200900038183;0;7;0;3;2;8;17;A01
200900038183;0;7;0;3;2;4;21;C01
200900038183;0;7;0;0;2;7;17;B01
200900038184;0;30;0;8;0;1;1;A01
200900038185;0;99;0;0;2;6;1;B01
200900038185;0;33;0;0;2;3;1;A01
200900038185;0;7;0;0;2;8;1;C01
200900038186;0;7;0;1;0;2;14;A01
200900038187;0;7;0;6;0;1;13;A01
200900038188;0;7;0;0;2;2;1;A01
200900038188;0;30;0;0;2;8;1;B01
200900038189;0;7;0;0;1;1;1;A01
200900038190;0;1;0;0;2;4;1;A01
200900038190;1;7;0;0;2;0;1;B01
200900038191;0;7;0;0;2;5;4;A01
200900038191;0;2;0;0;2;1;1;B01
200900038192;0;2;0;0;2;5;1;A01
200900038192;0;15;0;0;0;5;1;B02
200900038193;0;33;0;16;0;8;1;A01
200900038194;0;7;0;0;1;1;16;A01
200900038195;0;15;0;0;0;0;23;B02
200900038195;0;7;0;0;0;1;1;A01
200900038196;0;7;0;0;2;1;1;B02
200900038196;0;7;0;0;2;1;1;D04
200900038196;0;7;0;0;2;1;13;A01
200900038196;0;7;0;0;2;1;1;C03
200900038197;0;7;0;6;0;1;1;A01
200900038198;0;7;0;2;0;1;0;A01
200900038199;0;7;0;2;0;1;1;A01
200900038200;0;7;0;2;0;1;13;A01
200900038201;0;7;0;0;2;8;1;B02
200900038201;0;7;0;0;2;1;1;A01
200900038202;0;7;0;0;2;2;15;A01
200900038202;0;32;0;0;2;7;1;B01
200900038203;0;7;0;0;1;1;1;A01
200900038204;0;7;0;0;1;2;1;A01
200900038205;0;7;0;0;2;3;1;A01
200900038205;0;7;0;0;2;3;1;B01
200900038206;0;31;0;0;2;1;0;A01
200900038206;0;10;0;0;2;1;1;B01
200900038207;0;33;0;0;2;1;1;B01
200900038207;0;7;0;0;2;7;12;A01
200900038208;0;7;0;0;2;3;15;A01
200900038208;0;33;0;0;2;3;13;B01
200900038209;0;7;0;0;1;3;1;A01
200900038210;0;7;0;0;2;1;15;A01
200900038210;0;2;0;0;2;1;1;B01
200900038211;0;7;0;0;2;3;19;A01
200900038211;0;30;0;0;2;1;1;B01
200900038212;0;7;0;0;2;4;13;A01
200900038212;0;15;0;0;2;2;21;B01
200900038213;0;7;0;7;2;0;1;A01
200900038213;0;7;0;7;2;3;1;B01
200900038214;0;7;0;13;0;2;1;A01
200900038215;0;7;0;2;0;1;13;A01
200900038216;0;7;0;13;2;6;1;B02
200900038216;0;7;0;0;2;1;1;C03
200900038216;0;7;0;0;2;1;17;A01
200900038217;0;7;0;2;0;2;13;A01
200900038218;0;7;0;6;0;8;1;A01
200900038219;0;34;0;0;0;8;1;A01
200900038220;0;30;0;12;0;7;1;A01
200900038221;0;7;0;0;1;2;1;A01
200900038222;0;7;0;13;0;0;14;A01
200900038223;0;7;0;0;2;8;15;A01
200900038223;0;33;0;0;2;7;17;B02
200900038224;0;30;0;12;0;1;1;A01
200900038225;0;33;0;0;2;0;13;A01
200900038225;0;7;0;0;2;2;0;B02
200900038226;0;2;0;0;2;1;2;A01
200900038226;0;7;0;0;0;4;16;B01
200900038227;1;7;0;0;2;1;2;A01
200900038227;0;1;0;0;0;7;1;B01
200900038228;0;31;0;0;2;1;17;A01
200900038228;0;7;0;0;2;1;1;D01
200900038228;0;7;0;0;2;8;15;B01
200900038229;0;2;0;13;0;1;1;A01
200900038230;0;7;0;0;2;3;15;B01
200900038230;0;2;0;0;2;1;1;A01
200900038231;0;7;0;0;1;1;1;A01
200900038232;0;2;0;0;0;7;1;A01
200900038233;0;7;0;8;0;1;14;A01
200900038234;0;2;0;13;0;1;1;A01
200900038235;0;14;0;3;0;7;1;A01
200900038236;1;7;0;0;1;0;0;A01
200900038237;0;33;0;0;0;3;17;A01
200900038238;0;7;0;0;2;3;1;B01
200900038238;0;7;0;0;2;1;1;A01
200900038239;0;7;0;0;0;0;0;A01
200900038240;0;7;0;0;2;3;1;A01
200900038240;0;1;0;0;2;0;0;B01
200900038241;0;7;0;15;0;1;1;A01
200900038242;0;7;0;0;2;2;1;B01
200900038242;0;10;0;0;2;2;5;A01
200900038243;0;7;0;0;9;2;9;A01
200900038244;0;7;0;0;0;0;0;A01
200900038245;0;33;0;0;2;1;1;A01
200900038245;0;10;0;0;2;1;1;B01
200900038246;0;1;0;16;0;2;1;A01
200900038247;0;7;0;1;5;2;1;A01
200900038248;0;7;0;1;1;1;1;A01
200900038249;0;31;0;0;2;1;17;A01
200900038249;0;7;0;0;2;8;15;B01
200900038250;0;7;0;0;1;1;1;A01
200900038251;0;7;0;8;2;3;1;B01
200900038251;0;7;0;0;2;1;15;A01
200900038252;0;7;0;0;1;1;9;A01
200900038253;0;7;0;12;2;1;13;A01
200900038253;0;7;0;0;2;1;1;B02
200900038254;0;7;0;0;2;1;1;A01
200900038254;0;3;0;0;0;6;1;B01
200900038255;0;7;0;0;1;1;9;A01
200900038256;0;7;0;0;2;3;15;A01
200900038256;0;31;0;0;2;2;1;B01
200900038257;0;7;0;0;2;1;1;A01
200900038257;0;7;0;0;2;1;15;B01
200900038258;0;7;0;0;1;3;1;A01
200900038259;0;7;0;0;2;1;1;B01
200900038259;0;7;0;0;0;1;1;A01
200900038260;0;7;0;0;1;3;1;A01
200900038261;0;7;0;0;2;1;1;A01
200900038261;0;7;0;0;2;1;1;B01
200900038262;0;7;0;0;2;2;9;A01
200900038262;0;7;0;8;2;2;1;B02
200900038263;0;7;0;0;2;3;1;B01
200900038263;0;7;0;0;2;1;1;A01
200900038264;0;30;0;0;2;1;16;A01
200900038264;0;7;0;0;9;8;23;B01
200900038265;0;1;0;0;2;1;15;B01
200900038265;0;7;0;0;9;1;1;A01
200900038266;0;7;0;2;0;3;1;A01
200900038267;0;7;0;13;0;1;0;A01
200900038268;0;7;0;0;2;6;9;B01
200900038268;1;7;0;0;2;1;1;Z01
200900038269;0;7;0;6;2;3;1;B02
200900038269;0;7;0;0;2;3;13;A01
200900038270;0;10;0;4;0;1;1;A01
200900038271;0;2;0;13;0;0;0;A01
200900038272;0;2;0;0;0;8;1;A01
200900038273;0;7;0;0;2;8;15;B01
200900038273;0;7;0;0;2;1;1;A01
200900038274;0;2;0;0;2;1;1;B01
200900038274;0;7;0;0;2;5;15;A01
200900038275;0;7;0;0;2;2;1;A01
200900038275;0;7;0;0;2;3;1;B01
200900038276;0;7;0;15;0;9;1;A01
200900038277;0;7;0;0;1;3;1;A01
200900038278;0;7;0;13;0;7;0;A01
200900038279;0;30;0;0;2;1;1;B01
200900038279;0;7;0;0;2;7;15;A01
200900038280;0;30;0;0;2;1;1;B01
200900038280;0;7;0;0;2;3;1;A01
200900038281;0;7;0;0;2;1;1;A01
200900038281;0;7;0;0;2;8;15;B01
200900038282;0;7;0;3;2;6;2;A01
200900038282;0;7;0;1;0;2;12;B01
200900038283;0;7;0;0;9;7;1;A01
200900038283;0;1;0;0;2;8;1;B01
200900038284;0;7;0;0;1;1;1;A01
200900038285;0;7;0;0;2;1;1;A01
200900038285;0;7;0;0;2;8;1;B01
200900038286;0;7;0;0;1;2;15;A01
200900038287;0;7;0;0;1;7;1;A01
200900038288;0;2;0;0;2;1;16;B01
200900038288;0;7;0;0;9;8;1;A01
200900038289;0;7;0;0;1;1;1;A01
200900038290;1;7;0;0;2;1;2;A01
200900038290;0;7;0;0;2;4;1;B01
200900038291;0;7;0;0;2;8;1;B01
200900038291;0;7;0;0;2;3;13;A01
200900038292;0;7;0;0;1;1;1;A01
200900038293;0;7;0;0;2;5;1;B01
200900038293;0;7;0;0;2;1;1;A01
200900038294;0;7;0;0;2;1;1;A01
200900038294;0;7;0;0;2;4;23;B01
200900038295;0;7;0;0;2;7;16;B01
200900038295;0;30;0;0;2;8;18;A01
200900038296;0;7;0;0;2;1;2;A01
200900038296;0;10;0;0;2;4;2;B01
200900038297;0;33;0;0;2;1;1;B01
200900038297;0;7;0;0;0;8;9;A01
200900038298;0;10;0;0;2;6;0;B01
200900038298;0;2;0;0;2;1;0;A01
200900038299;0;7;0;0;2;8;19;A01
200900038299;0;33;0;0;2;1;1;B02
200900038300;0;7;0;3;0;1;1;A01
200900038301;0;10;0;0;2;8;1;B01
200900038301;0;7;0;0;2;3;15;A01
200900038301;0;10;0;0;2;8;1;C01
200900038302;0;7;0;0;2;7;17;A01
200900038302;0;2;0;0;2;8;15;B01
200900038303;0;7;0;0;2;7;1;A01
200900038303;0;7;0;0;2;1;1;B01
200900038304;0;7;0;0;2;1;17;A01
200900038304;0;7;0;0;2;1;1;B02
200900038305;0;7;0;13;0;8;16;A01
200900038306;0;7;0;2;0;7;1;A01
200900038307;0;7;0;0;2;1;1;A01
200900038307;0;3;0;0;2;8;19;B02
200900038308;0;7;0;0;1;3;1;A01
200900038309;0;7;0;0;1;1;15;A01
200900038310;0;7;0;0;2;3;1;B02
200900038310;0;7;0;0;2;3;13;A01
200900038311;0;33;0;12;0;0;0;A01
200900038312;0;7;0;0;2;2;17;A01
200900038312;0;1;0;0;2;4;1;B02
200900038313;0;7;0;0;2;6;1;A01
200900038313;0;7;0;0;2;1;19;B02
200900038314;0;33;0;0;2;1;1;A01
200900038314;0;10;0;0;2;1;1;B02
200900038315;0;7;0;0;2;1;1;A01
200900038315;0;14;0;0;0;4;1;B02
200900038316;0;7;0;0;2;3;19;A01
200900038316;0;30;0;0;2;1;1;B02
200900038317;0;7;0;0;9;7;17;A01
200900038317;0;2;0;0;2;8;1;B01
200900038318;0;7;0;0;1;1;1;A01
200900038319;0;7;0;1;0;9;0;A01
200900038320;0;7;0;0;0;8;1;A01
200900038320;0;7;0;0;2;1;1;B01
200900038321;0;7;0;3;2;1;1;A01
200900038321;0;7;0;0;2;4;23;B01
200900038322;0;7;0;0;2;1;1;B01
200900038322;0;3;0;0;2;8;13;A01
200900038323;0;40;0;0;1;1;1;A01
200900038324;0;7;0;4;2;2;2;B01
200900038324;0;7;0;14;0;1;2;A01
200900038325;0;33;0;0;2;1;1;B01
200900038325;0;7;0;0;2;2;15;A01
200900038326;0;7;0;13;0;2;0;A01
200900038327;0;7;0;13;0;2;17;A01
200900038328;0;7;0;0;2;7;0;B01
200900038328;0;7;0;0;2;3;0;A01
200900038329;0;7;0;0;1;3;1;A01
200900038330;0;7;0;0;1;2;1;A01
200900038331;0;30;0;0;2;1;1;A01
200900038331;0;10;0;0;0;7;1;B01
200900038332;0;7;0;0;2;3;1;B01
200900038332;0;7;0;0;2;2;9;A01
200900038333;0;7;0;0;1;1;1;A01
200900038334;0;7;0;0;2;3;0;A01
200900038334;0;10;0;0;2;7;0;B01
200900038335;0;10;0;0;1;7;1;A01
200900038336;0;7;0;0;2;3;1;B01
200900038336;0;7;0;0;2;3;1;A01
200900038337;0;7;0;0;2;2;1;A01
200900038337;0;7;0;0;2;3;1;B01
200900038338;0;7;0;0;2;1;1;A01
200900038338;0;7;0;0;2;8;15;B01
200900038339;0;3;0;0;2;1;1;A01
200900038339;0;7;0;0;2;4;1;B01
200900038340;0;7;0;0;9;3;1;B01
200900038340;0;33;0;0;2;1;1;A01
200900038341;0;3;0;0;2;1;15;A01
200900038341;0;7;0;0;2;3;1;B01
200900038342;0;7;0;0;2;1;1;B01
200900038342;0;7;0;0;0;1;1;A01
200900038343;0;10;0;0;2;1;1;A01
200900038343;0;30;0;0;2;1;15;B01
200900038344;0;10;0;0;2;3;13;A01
200900038344;0;14;0;0;2;3;1;B02
200900038345;0;7;0;0;2;1;2;A01
200900038345;0;34;0;0;2;4;2;B01
200900038346;0;7;0;0;2;1;1;B01
200900038346;0;7;0;1;2;8;1;A01
200900038347;0;10;0;2;0;1;13;A01
200900038348;0;7;0;0;2;1;1;A01
200900038348;0;7;0;0;2;1;1;B01
200900038348;0;7;0;0;0;4;23;C01
200900038349;0;99;0;0;2;4;2;C01
200900038349;0;7;0;0;2;4;2;B01
200900038349;0;7;0;0;2;1;2;A01
200900038350;0;7;0;0;2;7;12;A01
200900038350;0;2;0;0;2;8;11;B01
200900038351;0;7;0;13;0;9;13;A01
200900038352;0;10;0;0;1;2;1;A01
200900038353;0;7;0;0;0;8;15;B01
200900038353;0;33;0;0;2;1;17;A01
200900038354;0;7;0;0;1;1;1;A01
200900038355;0;30;0;0;2;1;1;A01
200900038355;0;7;0;0;0;3;1;B01
200900038356;0;7;0;0;1;1;17;A01
200900038357;0;10;0;0;2;2;9;A01
200900038357;0;7;0;0;2;6;9;B01
200900038358;0;7;0;0;2;4;1;B01
200900038358;0;7;0;0;2;1;1;A01
200900038359;0;7;0;1;9;3;9;A01
200900038360;0;7;0;0;1;1;1;A01
200900038361;0;33;0;0;2;1;1;B01
200900038361;0;7;0;0;2;3;9;A01
200900038362;1;7;0;0;2;7;16;A01
200900038362;0;1;0;12;2;3;16;B01
200900038363;0;7;0;0;2;1;1;B01
200900038363;0;10;0;6;0;7;1;A01
200900038364;0;37;2;0;2;3;1;B01
200900038364;0;7;0;0;2;7;1;A01
200900038365;0;33;0;0;2;1;1;B01
200900038365;0;7;0;0;2;3;1;A01
200900038366;0;7;0;0;2;7;15;A01
200900038366;0;2;0;0;2;1;1;B01
200900038367;0;7;0;0;2;7;1;A01
200900038367;0;7;0;0;2;1;1;B01
200900038368;0;7;0;0;2;7;1;B01
200900038368;0;2;0;0;2;1;1;A01
200900038369;0;7;0;0;1;2;9;A01
200900038370;0;10;0;0;1;2;17;A01
200900038371;0;7;0;0;2;4;23;B01
200900038371;0;10;0;0;2;2;1;A01
200900038372;0;7;0;0;2;7;15;A01
200900038372;0;33;0;0;2;1;1;B01
200900038373;0;7;0;0;1;3;1;A01
200900038374;0;7;0;0;2;6;1;B01
200900038374;0;37;1;0;2;1;13;A01
200900038375;0;7;0;0;1;1;1;A01
200900038376;0;7;0;0;9;3;1;A01
200900038376;0;1;0;0;2;1;1;B01
200900038377;0;33;0;0;2;1;1;A01
200900038377;0;7;0;0;2;3;15;B01
200900038378;0;1;0;0;2;1;1;B01
200900038378;0;7;0;0;2;8;1;A01
200900038379;0;7;0;0;2;1;1;B01
200900038379;0;7;0;0;2;2;1;A01
200900038380;0;7;0;10;2;3;1;A01
200900038380;0;7;0;0;2;1;1;B01
200900038381;0;1;0;0;2;0;1;B01
200900038381;0;7;0;0;2;3;9;A01
200900038382;0;7;0;0;2;3;1;B01
200900038382;0;7;0;0;2;3;13;A01
200900038383;0;7;0;0;2;7;16;A01
200900038383;0;1;0;0;2;1;0;B01
200900038384;0;7;0;0;2;8;1;B01
200900038384;0;2;0;0;2;1;1;A01
200900038385;0;7;0;0;1;1;0;A01
200900038386;0;7;0;0;1;1;1;A01
200900038387;0;7;0;0;2;2;0;B01
200900038387;0;7;0;0;2;1;15;A01
200900038388;2;2;0;0;1;1;17;A01
200900038389;0;7;0;0;2;1;1;B01
200900038389;0;30;0;0;2;1;5;A01
200900038390;0;7;0;0;2;1;1;C03
200900038390;0;7;0;0;2;3;17;A01
200900038390;0;99;0;0;2;1;1;B02
200900038391;0;7;0;0;1;1;1;A01
200900038392;0;7;0;0;0;6;1;A01
200900038392;0;15;0;0;2;5;1;B02
200900038393;0;7;0;8;0;1;14;A01
200900038394;0;33;0;13;0;1;1;A01
200900038395;0;7;0;0;2;6;15;A01
200900038395;0;33;0;0;2;1;1;B02
200900038396;0;7;0;0;2;1;1;A01
200900038396;0;7;0;0;2;1;13;B02
200900038397;0;7;0;0;2;7;15;A01
200900038397;0;7;0;0;2;1;1;B02
200900038397;0;7;0;0;2;1;23;D04
200900038397;0;7;0;0;2;1;23;C03
200900038398;0;7;0;0;2;3;1;B02
200900038398;0;7;0;0;0;1;1;A01
200900038399;0;7;0;0;1;1;1;A01
200900038400;0;2;0;0;2;1;13;A01
200900038400;0;7;0;0;2;3;0;B02
200900038401;0;7;0;6;0;2;1;A01
200900038402;0;7;0;0;2;2;15;A01
200900038402;0;7;0;0;2;3;1;B02
200900038403;0;7;0;4;2;2;12;A01
200900038403;0;7;0;4;2;8;1;B01
200900038404;0;33;0;3;0;7;12;A01
200900038405;0;33;0;3;0;3;1;A01
200900038406;0;7;0;3;0;3;1;A01
200900038407;0;7;0;0;2;4;2;B01
200900038407;0;7;0;0;2;4;2;D01
200900038407;0;7;0;0;2;4;2;C01
200900038407;0;7;0;0;2;1;1;A01
200900038408;0;1;0;0;0;1;2;A01
200900038409;0;7;0;0;2;2;19;A01
200900038409;0;7;0;0;2;3;1;B02
200900038410;0;15;0;0;2;3;1;A01
200900038410;0;7;0;0;2;4;15;B01
200900038410;0;7;0;0;2;1;1;C01
200900038411;0;10;0;0;0;1;18;A01
200900038412;0;31;0;16;0;9;14;A01
200900038413;0;7;0;0;1;2;1;A01
200900038414;0;7;0;0;2;8;9;A01
200900038414;0;10;0;0;2;1;1;B02
200900038415;0;33;0;1;0;0;0;A01
200900038416;0;34;0;0;2;1;1;A01
200900038416;0;7;0;0;2;1;15;B02
200900038417;0;10;0;0;0;1;1;B02
200900038417;0;7;0;0;0;9;19;A01
200900038418;0;2;0;0;2;1;11;A01
200900038418;0;7;0;0;2;3;1;B02
200900038419;0;7;0;5;0;2;1;A01
200900038420;0;2;0;0;2;1;0;B02
200900038420;0;7;0;0;2;2;1;A01
200900038421;0;31;0;0;2;1;13;A01
200900038421;0;7;0;0;2;1;1;B02
200900038422;0;33;0;0;2;1;13;A01
200900038422;0;7;0;0;2;3;1;B02
200900038423;0;7;0;13;0;1;21;A01
200900038424;0;7;0;0;2;3;1;B02
200900038424;0;36;0;0;2;1;15;A01
200900038425;0;7;0;0;2;3;1;B02
200900038425;0;7;0;0;2;2;1;A01
200900038426;0;7;0;0;2;4;2;B02
200900038426;0;10;0;0;2;1;2;C03
200900038426;0;7;0;0;2;1;2;A01
200900038427;0;7;0;0;0;9;1;A01
200900038428;0;7;0;0;2;7;9;A01
200900038428;0;2;0;8;2;1;1;B02
200900038429;0;7;0;13;0;3;13;A01
200900038430;0;17;0;3;0;7;1;A01
200900038431;0;7;0;0;2;2;1;A01
200900038432;0;7;0;4;0;1;19;A01
200900038433;0;7;0;0;9;7;17;A01
200900038433;0;1;0;0;2;8;1;B02
200900038434;0;7;0;0;6;1;1;A01
200900038435;0;33;0;0;2;1;21;A01
200900038435;0;17;0;0;2;8;1;C03
200900038435;0;10;0;0;2;2;17;B02
200900038436;0;10;0;0;2;2;1;A01
200900038436;0;7;0;0;2;2;15;B02
200900038437;0;13;0;0;0;1;13;A01
200900038437;0;13;0;0;2;1;1;B02
200900038438;0;7;0;0;2;3;17;A01
200900038438;0;7;0;0;2;8;1;B01
200900038439;0;7;0;0;2;1;1;B01
200900038439;0;10;0;0;2;2;15;A01
200900038440;0;1;0;0;2;1;9;B01
200900038440;0;7;0;1;2;3;1;A01
200900038441;0;33;0;6;0;1;1;A01
200900038442;0;7;0;0;2;2;0;A01
200900038442;0;7;0;0;2;6;0;B01
200900038443;0;7;0;0;0;4;23;C01
200900038443;0;7;0;0;2;4;23;B01
200900038443;0;7;0;0;2;1;1;A01
200900038444;0;2;0;0;2;1;1;B01
200900038444;0;7;0;0;2;2;16;A01
200900038445;0;30;0;0;2;3;1;A01
200900038445;0;7;0;0;2;4;1;B01
200900038446;0;7;0;0;2;1;1;B01
200900038446;0;7;0;0;2;4;4;A01
200900038447;0;1;0;0;2;1;9;A01
200900038447;0;7;0;0;2;1;1;B01
200900038448;0;7;0;0;2;2;1;A01
200900038448;0;7;0;0;2;6;0;B01
200900038449;0;7;0;0;2;1;1;A01
200900038449;0;7;0;0;2;1;1;B01
200900038450;0;1;0;0;2;0;1;B01
200900038450;0;7;0;0;2;1;15;A01
200900038451;0;7;0;0;2;6;0;B01
200900038451;0;15;0;0;2;6;1;A01
200900038452;0;7;0;0;2;1;15;A01
200900038452;0;1;0;0;2;1;23;B01
200900038453;0;37;10;0;2;1;1;B01
200900038453;0;7;0;0;2;8;0;A01
200900038454;0;7;0;0;2;1;1;B01
200900038454;0;7;0;0;2;1;13;A01
200900038455;0;31;0;1;0;1;1;A01
200900038455;0;7;0;0;2;6;0;B01
200900038456;0;7;0;0;2;7;1;A01
200900038456;0;33;0;0;2;8;1;B01
200900038457;0;33;0;2;0;1;1;A01
200900038458;0;7;0;0;2;1;1;B01
200900038458;0;7;0;0;2;7;1;A01
200900038459;0;7;0;0;1;1;1;A01
200900038460;0;7;0;0;2;3;2;A01
200900038460;0;1;0;0;2;4;2;B01
200900038461;0;7;0;0;2;6;0;D01
200900038461;0;7;0;0;2;0;2;A01
200900038461;0;7;0;0;2;1;0;C01
200900038461;0;7;0;0;2;0;15;B01
200900038462;0;7;0;0;2;3;1;C01
200900038462;0;7;0;0;2;0;5;A01
200900038462;0;7;0;0;2;1;1;B01
200900038463;0;2;0;0;2;0;18;A01
200900038463;0;7;0;0;2;7;16;B01