num_acc;senc;catv;occutc;obs;obsm;choc;manv;num_veh
200900038464;0;10;0;0;1;4;4;A01
200900038465;0;33;0;0;2;1;1;B01
200900038465;0;7;0;0;2;6;15;A01
200900038466;0;7;0;6;0;1;13;A01
200900038467;0;7;0;0;2;3;15;A01
200900038467;0;7;0;0;2;3;1;B02
200900038468;0;30;0;0;2;4;2;A01
200900038468;0;7;0;0;2;1;2;B02
200900038469;0;7;0;0;1;2;1;A01
200900038470;0;33;0;16;0;1;1;A01
200900038471;0;30;0;0;1;1;9;A01
200900038472;0;7;0;16;0;9;1;A01
200900038473;0;7;0;13;0;2;0;A01
200900038474;0;7;0;0;2;4;4;A01
200900038474;0;2;0;0;2;1;1;B02
200900038475;0;14;0;0;2;2;15;A01
200900038475;0;7;0;0;2;1;1;B02
200900038476;0;10;0;0;1;2;2;A01
200900038477;0;32;0;0;0;0;1;A01
200900038478;0;7;0;0;2;6;1;B01
200900038478;0;3;0;9;2;1;1;A01
200900038479;0;35;0;0;1;1;1;A01
200900038480;0;30;0;0;2;1;1;A01
200900038480;0;7;0;0;2;3;16;B01
200900038481;0;7;0;6;2;3;1;B01
200900038481;0;7;0;6;2;2;19;A01
200900038482;0;7;0;0;2;3;15;B01
200900038482;0;7;0;0;2;2;1;A01
200900038483;0;7;0;0;2;1;9;A01
200900038483;0;33;0;0;2;7;1;B01
200900038484;0;7;0;0;2;1;13;A01
200900038484;0;7;0;14;0;1;1;C01
200900038484;0;10;0;0;2;1;1;B01
200900038485;2;10;0;0;2;1;1;A01
200900038485;0;37;10;0;2;3;24;B01
200900038486;0;7;0;15;2;8;10;A01
200900038486;0;14;0;0;2;2;2;B01
200900038487;0;30;0;0;2;1;2;A01
200900038487;0;7;0;0;0;4;15;B01
200900038488;0;7;0;0;0;1;1;A01
200900038488;0;7;0;0;0;6;0;C01
200900038488;0;7;0;0;0;5;0;B01
200900038489;0;7;0;0;1;1;0;A01
200900038490;0;7;0;16;0;8;13;A01
200900038490;0;7;0;0;2;1;1;B01
200900038491;0;7;0;0;2;5;2;C01
200900038491;0;7;0;0;2;1;2;A01
200900038491;0;33;0;0;2;4;2;B01
200900038492;0;7;0;0;2;8;15;A01
200900038492;0;7;0;0;2;1;1;B01
200900038493;0;7;0;0;2;1;2;A01
200900038493;0;7;0;0;0;4;1;B01
200900038494;0;7;0;0;2;3;9;A01
200900038494;0;31;0;0;2;1;1;B01
200900038495;0;7;0;0;2;1;11;A01
200900038495;0;7;0;0;2;3;1;B01
200900038496;1;7;0;0;0;3;9;A01
200900038496;0;2;0;0;0;1;0;B01
200900038497;0;33;0;0;2;1;2;B01
200900038497;0;7;0;0;2;4;2;A01
200900038498;0;33;0;0;2;1;1;B01
200900038498;0;7;0;0;2;7;15;A01
200900038499;0;7;0;0;1;1;14;A01
200900038500;0;7;0;8;0;1;13;A01
200900038501;0;7;0;0;2;1;0;B01
200900038501;0;7;0;0;2;7;0;A01
200900038502;0;7;0;0;1;3;20;A01
200900038503;0;7;0;0;0;7;2;B01
200900038503;0;1;0;0;2;2;5;A01
200900038504;0;7;0;0;0;1;15;A01
200900038504;0;30;0;0;0;8;2;B01
200900038505;0;7;0;0;2;1;1;B01
200900038505;0;10;0;0;2;4;11;A01
200900038506;1;2;0;0;1;1;1;A01
200900038507;0;7;0;0;0;9;1;A01
200900038508;0;7;0;0;9;8;15;A01
200900038508;0;33;0;0;2;1;17;B01
200900038509;0;7;0;0;0;2;1;B01
200900038509;0;7;0;0;0;2;5;A01
200900038509;0;7;0;0;0;3;1;C01
200900038510;0;7;0;0;1;1;15;A01
200900038511;0;7;0;0;2;1;13;A01
200900038511;0;10;0;0;2;1;1;B01
200900038512;0;7;0;0;2;1;2;A01
200900038512;0;7;0;0;1;4;23;B01
200900038513;0;10;0;0;0;3;2;A01
200900038513;0;7;0;0;0;3;2;B01
200900038514;0;7;0;0;2;6;15;A01
200900038514;0;10;0;0;2;2;17;B01
200900038515;0;7;0;3;0;1;13;A01
200900038516;0;17;0;0;2;8;1;B02
200900038516;0;7;0;0;2;2;1;A01
200900038517;0;32;0;0;2;1;1;B02
200900038517;0;7;0;0;0;8;23;A01
200900038518;0;10;0;0;2;7;19;A01
200900038518;0;7;0;0;2;1;1;B02
200900038519;0;30;0;0;0;1;1;A01
200900038520;0;7;0;0;2;1;1;B02
200900038520;0;2;0;0;2;3;16;A01
200900038521;0;17;0;0;2;3;1;A01
200900038521;0;7;0;1;2;5;21;B02
200900038522;0;7;0;0;2;3;23;C03
200900038522;0;7;0;0;2;7;19;A01
200900038522;0;7;0;0;2;3;1;B02
200900038523;0;7;0;6;0;4;1;A01
200900038524;0;7;0;2;0;9;2;A01
200900038525;0;33;0;0;2;1;14;A01
200900038526;0;7;0;0;2;7;1;A01
200900038526;0;7;0;0;2;1;1;B02
200900038527;0;38;1;0;2;8;1;B02
200900038527;0;33;0;0;2;1;17;A01
200900038528;0;33;0;0;2;1;1;B02
200900038528;0;7;0;0;2;6;10;A01
200900038529;0;7;0;0;2;8;1;B02
200900038529;0;7;0;0;2;3;1;C03
200900038529;0;7;0;0;0;3;13;A01
200900038530;0;33;0;0;2;1;3;B01
200900038530;0;17;0;0;2;4;2;C01
200900038530;0;10;0;0;2;1;2;D01
200900038530;0;7;0;0;2;6;1;A01
200900038531;0;7;0;0;2;1;2;B01
200900038531;0;7;0;0;2;4;1;A01
200900038532;0;32;0;0;2;0;21;A01
200900038533;0;7;0;0;2;4;1;C01
200900038533;0;7;0;0;2;7;12;B01
200900038533;0;33;0;0;2;1;3;A01
200900038534;0;7;0;4;0;3;1;A01
200900038535;0;7;0;5;0;9;0;A01
200900038536;0;7;0;0;0;5;1;A01
200900038536;0;33;0;14;0;1;3;C01
200900038536;0;33;0;0;2;1;21;B01
200900038537;0;7;0;4;0;7;14;A01
200900038538;0;15;0;0;2;1;12;B01
200900038538;0;7;0;0;2;4;18;A01
200900038539;0;7;0;0;0;1;0;A01
200900038540;0;7;0;0;0;6;1;A01
200900038540;2;7;0;0;2;1;13;B01
200900038541;0;15;0;0;0;6;1;A01
200900038541;0;7;0;0;2;2;3;B01
200900038542;0;7;0;4;0;1;2;A01
200900038543;0;7;0;0;0;9;1;A01
200900038544;0;7;0;0;2;3;1;A01
200900038544;0;7;0;0;2;7;19;B02
200900038545;0;7;0;0;2;1;1;A01
200900038545;0;7;0;0;0;4;1;B01
200900038546;0;7;0;0;2;1;15;A01
200900038546;0;34;0;0;2;1;1;B01
200900038547;0;7;0;0;2;3;1;A01
200900038547;0;7;0;0;2;3;1;B02
200900038548;0;33;0;0;0;8;1;A01
200900038549;0;30;0;0;2;6;15;B02
200900038549;0;7;0;0;2;2;17;A01
200900038550;0;7;0;8;2;1;1;A01
200900038550;0;7;0;0;2;8;1;B02
200900038551;0;7;0;0;2;3;1;B02
200900038551;0;7;0;0;2;3;13;A01
200900038552;0;7;0;2;0;1;13;A01
200900038553;0;7;0;0;2;8;1;B02
200900038553;0;7;0;0;2;1;19;A01
200900038554;0;7;0;0;1;3;1;A01
200900038555;0;7;0;13;0;1;1;A01
200900038556;0;17;0;0;2;3;1;A01
200900038556;0;7;0;3;2;8;19;B02
200900038557;0;3;0;0;2;3;19;B02
200900038557;0;7;0;0;2;1;1;A01
200900038558;0;7;0;0;2;2;15;A01
200900038558;0;7;0;0;2;3;1;B02
200900038559;0;7;0;0;1;2;1;A01
200900038560;0;7;0;0;2;3;19;B02
200900038560;0;10;0;0;2;2;21;A01
200900038561;0;16;0;0;2;1;1;A01
200900038561;0;7;0;0;2;8;15;B02
200900038562;0;7;0;0;2;8;17;A01
200900038562;0;33;0;0;2;7;17;B02
200900038563;0;1;0;0;2;4;2;B02
200900038563;0;7;0;0;9;2;2;A01
200900038564;0;7;0;16;0;0;1;A01
200900038565;0;7;0;13;0;1;1;A01
200900038566;0;7;0;0;2;6;21;B02
200900038566;0;30;0;0;2;1;21;A01
200900038567;0;30;0;0;2;1;1;B01
200900038567;0;7;0;0;2;1;15;A01
200900038568;0;30;0;0;2;5;15;B01
200900038568;0;7;0;0;2;2;1;A01
200900038569;0;1;0;1;0;1;0;A01
200900038570;0;30;0;0;0;7;0;A01
200900038571;0;7;0;0;9;9;1;A01
200900038572;0;7;0;0;1;0;4;A01
200900038573;0;7;0;0;2;1;15;A01
200900038573;0;33;0;0;2;1;1;B02
200900038574;0;7;0;11;0;3;1;A01
200900038575;0;1;0;0;0;0;0;B01
200900038575;0;7;0;0;9;2;0;A01
200900038576;0;7;0;0;2;3;9;B02
200900038576;0;33;0;0;2;1;17;A01
200900038577;0;7;0;0;2;1;1;B01
200900038577;0;99;0;0;2;1;1;A01
200900038578;1;10;0;0;1;0;0;A01
200900038579;0;7;0;0;2;3;1;B01
200900038579;0;7;0;0;2;2;1;A01
200900038580;0;7;0;0;2;8;1;B01
200900038580;0;7;0;0;2;2;12;A01
200900038581;0;7;0;0;2;8;0;B01
200900038581;0;33;0;0;2;3;0;A01
200900038582;0;7;0;0;2;1;16;A01
200900038582;0;7;0;0;2;3;1;B01
200900038583;1;7;0;0;1;4;4;A01
200900038584;0;7;0;0;6;2;1;A01
200900038585;0;7;0;0;1;0;1;A01
200900038586;0;10;0;13;0;5;19;A01
200900038587;0;7;0;1;0;0;1;A01
200900038588;0;7;0;0;2;1;1;B01
200900038588;0;7;0;15;2;3;1;A01
200900038589;0;7;0;0;2;1;1;B02
200900038589;0;2;0;0;2;1;13;A01
200900038590;0;7;0;0;2;3;15;A01
200900038590;0;33;0;0;2;1;1;B01
200900038591;0;7;0;16;0;1;14;A01
200900038592;0;7;0;7;2;7;1;A01
200900038592;0;7;0;0;2;1;1;B01
200900038593;0;10;0;0;2;7;1;B01
200900038593;0;2;0;0;2;1;19;A01
200900038594;0;33;0;0;0;0;1;A01
200900038595;0;7;0;0;2;3;9;A01
200900038595;0;7;0;0;2;1;1;B01
200900038596;1;7;0;0;2;2;2;A01
200900038596;0;33;0;0;0;4;23;B01
200900038597;0;30;0;0;1;9;0;A01
200900038598;0;7;0;0;2;8;1;B01
200900038598;0;31;0;0;2;4;13;A01
200900038599;0;7;0;0;2;4;2;B01
200900038599;1;7;0;0;2;3;11;X01
200900038599;0;33;0;0;2;1;2;A01
200900038600;0;33;0;0;2;7;0;A01
200900038600;0;7;0;1;2;1;15;B01
200900038601;0;30;0;9;0;1;5;A01
200900038602;0;37;6;0;1;2;1;A01
200900038603;0;7;0;0;2;1;15;B01
200900038603;0;33;0;0;2;7;1;A01
200900038604;0;7;0;0;2;6;1;A01
200900038604;0;33;0;0;2;3;1;B01
200900038605;0;7;0;13;0;1;13;A01
200900038606;0;33;0;1;0;1;2;B01
200900038606;0;7;0;0;2;7;24;A01
200900038607;0;7;0;6;2;1;1;A01
200900038607;0;7;0;0;2;3;15;B01
200900038608;0;7;0;0;2;2;14;A01
200900038608;0;7;0;4;2;6;1;B02
200900038609;0;2;0;0;2;0;1;B01
200900038609;0;2;0;0;2;0;18;A01
200900038610;0;30;0;12;0;7;14;A01
200900038611;0;7;0;0;1;1;1;A01
200900038612;0;7;0;0;0;9;13;A01
200900038613;0;7;0;0;2;3;2;B01
200900038613;0;7;0;0;2;1;1;A01
200900038614;0;7;0;0;1;2;1;A01
200900038615;0;7;0;0;2;8;2;A01
200900038615;0;13;0;0;2;1;2;B01
200900038616;0;1;0;0;2;7;1;B01
200900038616;0;7;0;0;2;1;19;A01
200900038617;0;7;0;0;2;3;15;A01
200900038617;0;30;0;0;2;1;1;B01
200900038618;0;14;0;0;2;6;1;B02
200900038618;0;2;0;0;2;1;13;A01
200900038619;0;7;0;0;1;2;1;A01
200900038620;0;30;0;0;2;1;1;B01
200900038620;0;7;0;0;2;1;16;A01
200900038621;0;1;0;0;2;7;19;A01
200900038621;0;33;0;0;2;1;1;B01
200900038622;0;10;0;2;0;8;1;A01
200900038623;0;10;0;0;0;1;1;A01
200900038624;0;7;0;0;2;1;15;A01
200900038624;0;33;0;0;2;1;1;B01
200900038625;0;7;0;0;2;4;2;D01
200900038625;0;7;0;0;2;1;2;A01
200900038625;0;7;0;0;2;1;2;C01
200900038625;0;7;0;0;2;1;2;B01
200900038626;0;33;0;6;0;8;13;A01
200900038627;0;14;0;0;0;3;1;B02
200900038627;0;7;0;13;0;3;13;A01
200900038628;0;33;0;0;2;7;2;A01
200900038628;0;7;0;0;2;8;1;B01
200900038629;0;7;0;13;0;1;1;A01
200900038630;0;17;0;3;0;8;1;A01
200900038631;0;7;0;13;0;9;6;A01
200900038632;0;7;0;0;2;1;1;B02
200900038632;0;30;0;0;2;8;19;A01
200900038633;0;1;0;0;2;1;13;A01
200900038633;0;7;0;0;2;2;1;B02
200900038634;0;34;0;0;2;1;1;B01
200900038634;0;7;0;0;2;3;15;A01
200900038635;0;7;0;0;1;4;4;A01
200900038636;0;33;0;0;0;8;1;A01
200900038637;0;7;0;2;0;0;1;A01
200900038638;0;33;0;0;0;0;9;A01
200900038639;0;7;0;0;2;0;1;A01
200900038639;0;31;0;0;2;2;1;B01
200900038640;0;30;0;0;2;3;2;A01
200900038640;0;7;0;0;2;5;2;B01
200900038641;0;7;0;0;2;3;15;B01
200900038641;0;33;0;0;2;0;3;A01
200900038642;0;2;0;0;2;7;1;B01
200900038642;0;7;0;0;2;8;17;A01
200900038643;0;2;0;0;2;2;2;A01
200900038643;0;7;0;0;2;4;2;B01
200900038644;0;7;0;0;2;3;11;A01
200900038644;0;1;0;0;2;1;1;B02
200900038645;0;7;0;0;1;1;1;A01
200900038646;0;7;0;13;0;3;13;A01
200900038647;0;7;0;6;0;1;0;A01
200900038648;0;14;0;0;1;2;21;A01
200900038649;0;1;0;0;2;1;0;A01
200900038649;0;7;0;0;2;3;1;B01
200900038650;0;7;0;13;0;9;1;A01
200900038651;0;7;0;2;9;3;2;A01
200900038651;0;1;0;0;0;0;0;B01
200900038652;0;7;0;0;1;0;1;A01
200900038653;0;30;0;0;2;0;1;B01
200900038653;1;7;0;0;2;1;9;A01
200900038654;0;7;0;0;9;2;1;A01
200900038654;0;1;0;0;2;7;19;B02
200900038655;0;7;0;6;0;1;2;A01
200900038656;0;7;0;0;2;4;15;B01
200900038656;0;7;0;0;2;1;1;A01
200900038657;0;30;0;16;0;1;1;A01
200900038658;0;2;0;0;2;2;13;A01
200900038658;0;7;0;0;2;2;1;B02
200900038659;0;7;0;0;1;1;1;A01
200900038660;0;7;0;0;2;6;1;B01
200900038660;0;30;0;0;2;1;1;A01
200900038661;0;7;0;0;2;1;0;B02
200900038661;0;7;0;0;2;1;17;A01
200900038662;0;10;0;0;1;3;15;A01
200900038663;0;7;0;0;1;3;1;A01
200900038664;0;7;0;0;2;8;13;A01
200900038664;0;33;0;0;2;7;1;B01
200900038665;0;7;0;0;1;3;2;A01
200900038666;0;7;0;0;1;0;1;A01
200900038667;0;2;0;0;2;7;17;A01
200900038667;0;7;0;0;;8;15;B01
200900038668;0;7;0;0;;7;1;B01
200900038668;0;33;0;0;2;8;15;A01
200900038669;0;7;0;0;;3;1;B01
200900038669;0;33;0;0;2;4;1;A01
200900038670;0;33;0;0;;1;1;A01
200900038670;0;7;0;0;2;3;19;B02
200900038671;0;7;0;2;0;2;16;A01
200900038672;0;2;0;0;;8;1;B02
200900038672;0;10;0;0;2;7;15;A01
200900038673;0;7;0;0;2;2;15;A02
200900038673;0;33;0;0;;1;1;B01
200900038674;0;7;0;0;2;3;6;A01
200900038674;0;7;0;;;1;1;B02
200900038675;0;10;0;0;1;2;1;A01
200900038676;0;7;0;0;1;3;16;A01
200900038677;0;3;0;0;2;2;15;A01
200900038677;0;7;0;0;2;1;1;B02
200900038678;0;7;0;2;0;8;0;A01
200900038679;0;33;0;2;0;7;1;A01
200900038680;0;7;0;0;2;5;15;A01
200900038680;0;33;0;0;2;1;1;B02
200900038681;0;1;0;0;2;1;23;B02
200900038681;0;10;0;0;2;4;4;A01
200900038682;0;7;0;0;2;1;13;B02
200900038682;0;7;0;0;2;2;19;A01
200900038683;0;7;0;0;1;7;1;A01
200900038684;0;33;0;9;0;1;1;A01
200900038685;0;30;0;0;2;1;17;A01
200900038685;0;7;0;0;2;8;15;B02
200900038686;0;15;0;1;0;1;1;A01
200900038687;0;7;0;16;0;1;0;A01
200900038688;0;33;0;0;2;1;1;B02
200900038688;0;7;0;0;2;7;9;A01
200900038689;0;7;0;0;2;2;15;A01
200900038689;0;10;0;0;2;1;0;B02
200900038690;0;7;0;6;0;0;2;A01
200900038691;0;33;0;15;0;0;13;A01
200900038692;0;7;0;6;0;2;1;A01
200900038693;0;30;0;0;2;1;1;B02
200900038693;0;7;0;0;2;6;0;A01
200900038694;0;7;0;0;1;2;15;A01
200900038695;0;1;0;0;2;5;0;B01
200900038695;0;7;0;0;2;1;1;A01
200900038696;0;99;0;13;0;1;1;A01
200900038697;0;7;0;0;2;3;13;A01
200900038697;0;7;0;0;2;3;1;B01
200900038697;0;7;0;0;2;8;21;C01
200900038698;0;7;0;0;1;2;1;A01
200900038699;0;7;0;0;1;2;1;A01
200900038700;0;33;0;0;2;7;17;A01
200900038700;0;7;0;0;2;8;15;B01
200900038701;0;7;0;0;2;1;1;B02
200900038701;0;7;0;0;2;1;15;A01
200900038702;0;7;0;6;0;6;2;A01
200900038703;0;7;0;0;2;8;21;C03
200900038703;0;7;0;0;2;1;13;A01
200900038703;0;7;0;0;2;1;21;B02
200900038704;0;7;0;13;0;1;1;A01
200900038705;0;7;0;3;0;2;1;A01
200900038706;0;7;0;0;2;7;15;A01
200900038706;0;7;0;0;2;2;1;B02
200900038707;0;7;0;0;1;1;16;A01
200900038708;0;7;0;2;0;8;1;A01
200900038709;0;7;0;0;9;6;10;A01
200900038709;0;33;0;0;2;1;1;B02
200900038710;0;30;0;12;0;0;0;A01
200900038711;0;7;0;8;0;7;0;A01
200900038712;0;7;0;0;2;3;13;A01
200900038712;0;7;0;0;2;3;1;B01
200900038713;0;30;0;0;2;1;1;B01
200900038713;0;7;0;0;2;5;15;A01
200900038714;1;7;0;0;1;0;0;A01
200900038715;0;7;0;0;2;3;10;A01
200900038715;0;30;0;0;2;7;1;B01
200900038716;0;7;0;0;2;6;1;C01
200900038716;0;7;0;0;2;3;1;A01
200900038716;0;7;0;0;2;4;1;B01
200900038717;0;7;0;0;2;3;1;B01
200900038717;0;30;0;0;2;7;16;A01
200900038718;0;33;0;0;0;0;0;A01
200900038719;0;7;0;0;1;0;1;A01
200900038720;0;1;0;0;2;8;19;A01
200900038720;0;7;0;0;2;0;15;B01
200900038721;0;30;0;0;0;0;0;A01
200900038722;0;33;0;6;0;9;14;A01
200900038723;0;7;0;0;2;6;10;A01
200900038723;0;32;0;0;2;1;1;B01
200900038724;0;7;0;0;2;2;15;A01
200900038724;0;7;0;0;2;1;1;B01
200900038725;0;7;0;0;2;6;10;A01
200900038725;0;7;0;0;2;1;1;B01
200900038726;0;7;0;0;0;9;1;A01
200900038727;0;7;0;0;2;0;0;B01
200900038727;0;7;0;0;2;0;0;A01
200900038728;0;7;0;0;2;4;2;B01
200900038728;0;30;0;0;2;1;2;A01
200900038729;0;7;0;0;2;7;1;B01
200900038729;0;31;0;0;2;1;16;A01
200900038730;0;31;0;0;2;1;1;A01
200900038730;0;7;0;0;2;6;1;B01
200900038731;0;33;0;0;1;1;0;A01
200900038732;0;7;0;0;2;4;16;A01
200900038732;0;1;0;0;2;0;0;B01
200900038733;0;7;0;0;1;2;1;A01
200900038734;0;7;0;6;0;1;14;A01
200900038735;0;31;0;0;2;1;1;B01
200900038735;0;7;0;0;2;3;9;A01
200900038736;0;7;0;0;2;2;17;A01
200900038736;0;7;0;0;2;6;1;B01
200900038737;1;7;0;0;2;1;0;A01
200900038737;0;7;0;0;2;6;20;B01
200900038738;0;7;0;0;2;1;1;B01
200900038738;0;7;0;0;2;1;1;A01
200900038739;0;7;0;0;2;1;1;A01
200900038739;0;33;0;0;2;4;23;B01
200900038740;0;7;0;4;0;1;14;A01
200900038741;0;7;0;1;0;1;1;A01
200900038742;0;7;0;5;0;2;13;A01
200900038743;0;7;0;0;0;0;0;A01
200900038744;0;1;0;0;2;0;0;A01
200900038744;0;10;0;0;2;0;0;B01
200900038745;0;10;0;0;2;2;0;A01
200900038745;0;2;0;0;2;1;1;B01
200900038746;0;7;0;0;2;1;0;A01
200900038746;0;7;0;0;2;4;0;B01
200900038747;0;2;0;0;2;2;1;B01
200900038747;0;7;0;0;2;4;4;A01
200900038748;0;7;0;0;2;1;16;A01
200900038748;0;1;0;0;0;8;1;B01
200900038749;0;7;0;0;2;1;1;A01
200900038749;0;1;0;0;2;4;1;B01
200900038750;0;7;0;0;2;7;10;B01
200900038750;0;33;0;1;2;1;1;A01
200900038751;0;7;0;0;2;7;1;B01
200900038751;0;30;0;0;2;1;10;A01
200900038752;0;7;0;0;2;1;1;B01
200900038752;0;31;0;0;2;8;15;A01
200900038753;0;33;0;1;0;0;0;A01
200900038754;0;7;0;0;2;1;2;B01
200900038754;0;7;0;0;2;4;1;A01
200900038755;0;7;0;0;1;4;4;A01
200900038756;0;7;0;0;9;5;15;A01
200900038756;0;1;0;0;2;1;1;B01
200900038757;0;32;0;0;2;1;1;A01
200900038757;0;7;0;0;2;7;16;B01
200900038758;0;7;0;0;2;3;15;B01
200900038758;0;33;0;0;2;0;1;A01
200900038759;0;7;0;0;2;0;22;B01
200900038759;0;33;0;0;2;1;1;A01
200900038760;0;32;0;0;2;1;17;B01
200900038760;0;7;0;0;2;3;15;A01
200900038761;0;7;0;0;2;1;1;A01
200900038761;0;7;0;0;2;4;1;B01
200900038762;0;1;0;0;2;3;1;B01
200900038762;0;7;0;0;2;1;15;A01
200900038763;0;7;0;0;1;8;1;A01
200900038764;0;7;0;0;2;8;19;A01
200900038764;0;14;0;0;2;1;1;B02
200900038765;0;30;0;0;0;1;0;A01
200900038766;0;2;0;0;0;0;1;A01
200900038767;0;7;0;0;2;8;19;A01
200900038767;0;33;0;0;2;1;1;C03
200900038767;0;33;0;0;0;8;21;B02
200900038768;0;7;0;8;0;1;1;A01
200900038769;0;7;0;2;0;2;1;A01
200900038770;0;7;0;2;0;8;13;A01
200900038771;0;31;0;13;0;1;1;A01
200900038772;0;7;0;0;0;9;13;A01
200900038773;0;7;0;4;0;7;14;A01
200900038774;0;7;0;0;2;3;15;A01
200900038774;0;30;0;0;2;1;17;B02
200900038775;0;7;0;0;0;1;13;A01
200900038776;0;7;0;2;6;8;2;A01
200900038777;0;7;0;0;2;1;2;A01
200900038777;0;13;0;0;0;6;2;B02
200900038778;0;7;0;0;0;5;15;A01
200900038778;0;33;0;0;0;1;0;B02
200900038779;0;7;0;0;2;3;1;B02
200900038779;0;33;0;0;2;1;13;A01
200900038780;0;7;0;0;2;1;15;A01
200900038780;0;33;0;0;2;1;1;B02
200900038781;0;10;0;0;0;5;1;A01
200900038781;0;1;0;0;2;1;1;B02
200900038782;0;37;0;0;2;3;1;B02
200900038782;0;7;0;0;2;3;13;A01
200900038783;0;7;0;2;0;1;1;A01
200900038784;0;7;0;2;0;7;0;A01
200900038785;0;7;0;0;2;1;1;B02
200900038785;0;7;0;8;2;1;5;A01
200900038786;0;33;0;0;0;3;0;B02
200900038786;0;7;0;0;0;3;0;A01
200900038787;0;33;0;0;2;1;13;B02
200900038787;0;10;0;0;2;1;1;A01
200900038788;1;7;0;0;1;2;1;A01
200900038789;0;7;0;8;0;1;0;A01
200900038790;0;7;0;0;2;7;15;A01
200900038790;0;33;0;0;2;1;1;B02
200900038791;0;7;0;0;2;3;11;A01
200900038791;0;7;0;0;2;1;1;B01
200900038792;0;14;0;0;2;1;1;A01
200900038792;0;7;0;0;2;4;1;B01
200900038792;0;7;0;0;0;4;1;C01
200900038793;0;7;0;0;2;1;2;A01
200900038794;0;7;0;0;1;2;1;A01
200900038795;0;1;0;12;0;0;1;A01
200900038795;1;7;0;0;9;7;12;B01
200900038796;0;2;0;0;2;1;1;B02
200900038796;0;7;0;0;2;2;15;A01
200900038797;0;7;0;0;2;7;1;A01
200900038797;0;10;0;0;2;1;1;B02
200900038797;0;7;0;0;2;1;1;C03
200900038798;0;7;0;0;1;2;1;A01
200900038799;0;7;0;3;2;1;1;A01
200900038799;0;7;0;0;2;1;0;B02
200900038800;0;7;0;0;2;3;1;B02
200900038800;0;2;0;0;2;1;1;A01
200900038801;0;10;0;0;2;8;23;C03
200900038801;0;7;0;0;2;2;1;B02
200900038801;0;7;0;0;2;7;15;A01
200900038802;0;7;0;0;2;3;1;B02
200900038802;0;32;0;0;2;8;13;A01
200900038803;0;21;0;0;0;9;15;A01
200900038804;0;14;0;0;2;1;1;A01
200900038804;0;7;0;0;9;3;1;C03
200900038804;0;14;0;0;2;4;15;B02
200900038805;0;7;0;0;1;2;1;A01
200900038806;0;7;0;0;2;1;1;B01
200900038806;0;7;0;0;2;4;4;A01
200900038807;0;2;0;0;2;7;9;A01
200900038807;0;7;0;0;2;1;1;B01
200900038808;0;7;0;0;2;8;15;B01
200900038808;0;7;0;0;2;3;9;A01
200900038809;0;7;0;0;2;4;23;B01
200900038809;0;2;0;0;2;1;2;A01
200900038810;0;7;0;0;0;3;14;A01
200900038811;0;7;0;0;2;2;1;B02
200900038811;0;33;0;0;2;1;1;A01
200900038812;0;33;0;0;2;1;1;B02
200900038812;0;7;0;0;2;8;19;A01
200900038813;0;7;0;3;0;8;1;A01
200900038814;0;7;0;13;0;1;1;A01
200900038815;0;7;0;0;2;1;1;B02
200900038815;0;7;0;0;2;3;15;A01
200900038816;0;7;0;0;2;2;1;B02
200900038816;0;7;0;0;2;2;5;A01
200900038817;0;7;0;13;0;1;1;A01
200900038818;0;10;0;13;0;1;1;A01
200900038819;0;7;0;0;2;1;2;A01
200900038819;0;7;0;0;0;4;2;B02
200900038820;0;7;0;13;0;1;1;A01
200900038821;0;7;0;2;0;1;13;A01
200900038822;0;7;0;0;0;1;0;B02
200900038822;0;7;0;0;2;1;11;A01
200900038823;0;7;0;0;2;4;1;B01
200900038823;0;10;0;0;2;1;2;A01
200900038824;0;7;0;0;0;4;1;B01
200900038824;0;7;0;0;2;1;2;A01
200900038825;0;7;0;6;0;1;1;A01
200900038826;0;7;0;0;0;3;1;B02
200900038826;0;7;0;0;0;3;1;A01
200900038827;0;33;0;0;0;7;1;A01
200900038828;0;7;0;0;9;3;23;C01
200900038828;0;7;0;0;2;3;15;A01
200900038828;0;31;0;0;2;1;1;B01
200900038829;0;7;0;0;2;1;1;A01
200900038829;0;7;0;0;2;1;13;B01
200900038830;0;10;0;0;1;4;4;A01
200900038831;0;31;0;0;2;1;1;A01
200900038831;0;7;0;0;0;8;1;B02
200900038832;0;7;0;0;2;3;1;B01
200900038832;0;31;0;0;2;1;17;A01
200900038833;0;7;0;0;2;4;1;B01
200900038833;0;2;0;0;2;1;1;A01
200900038834;0;7;0;0;2;3;15;B01
200900038834;0;30;0;0;2;1;17;A01
200900038835;0;7;0;0;0;1;23;B01
200900038835;0;2;0;0;2;8;13;A01
200900038836;0;7;0;0;2;3;1;B02
200900038836;0;7;0;0;2;3;13;A01
200900038837;0;7;0;13;0;2;1;A01
200900038838;0;7;0;0;0;0;1;A01
200900038839;0;33;0;0;0;8;0;A01
200900038840;0;7;0;0;2;0;1;A01
200900038840;0;30;0;0;2;3;15;B02
200900038841;0;1;0;0;2;1;13;B02
200900038841;0;7;0;0;9;3;1;A01
200900038842;0;33;0;0;2;3;1;B02
200900038842;0;7;0;0;2;7;15;A01
200900038843;0;33;0;0;2;1;1;B02
200900038843;0;7;0;0;2;1;15;A01
200900038844;0;33;0;12;0;1;1;A01