num_acc;senc;catv;occutc;obs;obsm;choc;manv;num_veh
200900038845;0;30;0;8;0;0;0;A01
200900038846;0;33;0;0;2;9;21;A01
200900038846;0;10;0;0;0;8;15;B02
200900038847;0;1;0;0;2;8;1;A01
200900038847;0;7;0;0;2;3;2;B01
200900038848;0;1;0;0;2;1;1;B01
200900038848;0;7;0;0;9;3;11;A01
200900038849;0;7;0;0;0;4;2;B01
200900038849;0;10;0;0;2;2;2;A01
200900038850;0;7;0;1;1;7;15;A01
200900038850;0;7;0;3;0;7;15;B02
200900038851;0;33;0;0;0;7;13;A01
200900038852;0;7;0;0;2;3;15;A01
200900038852;0;1;0;0;2;1;1;B02
200900038853;0;2;0;0;2;1;1;B02
200900038853;0;7;0;0;2;2;15;A01
200900038854;0;33;0;0;1;1;17;A01
200900038855;0;7;0;13;0;2;1;A01
200900038856;0;7;0;0;2;1;2;B02
200900038856;0;7;0;0;2;1;2;A01
200900038857;0;2;0;0;2;2;2;B01
200900038857;0;2;0;0;2;7;2;A01
200900038858;0;2;0;0;2;8;15;B01
200900038858;0;7;0;0;2;3;1;A01
200900038859;0;7;0;0;1;2;1;A01
200900038860;0;14;0;0;2;2;1;A01
200900038860;0;7;0;0;2;3;19;B02
200900038861;0;1;0;0;0;4;2;B02
200900038861;0;7;0;0;0;2;2;A01
200900038862;0;10;0;0;0;9;4;A01
200900038863;0;7;0;0;1;4;4;A01
200900038864;0;7;0;13;0;3;1;A01
200900038865;0;7;0;0;2;3;15;A01
200900038865;0;2;0;0;2;1;17;B02
200900038866;0;7;0;0;2;1;0;B02
200900038866;0;7;0;0;2;7;1;A01
200900038867;0;33;0;13;0;2;2;A01
200900038868;0;33;0;0;6;1;1;A01
200900038869;0;7;0;0;2;1;13;A01
200900038869;0;7;0;0;2;1;1;B02
200900038870;0;7;0;0;2;1;17;A01
200900038870;0;1;0;0;2;1;1;B01
200900038871;0;7;0;0;2;3;9;A01
200900038871;0;33;0;0;0;7;9;B01
200900038872;0;10;0;16;0;1;15;A01
200900038873;0;30;0;0;0;1;0;A01
200900038873;0;17;0;0;0;2;0;B02
200900038874;0;30;0;0;0;7;1;A01
200900038875;0;7;0;13;0;9;1;A01
200900038876;0;7;0;0;2;3;15;B02
200900038876;0;7;0;0;2;2;1;A01
200900038877;0;33;0;2;0;1;13;A01
200900038878;0;2;0;0;2;7;2;B01
200900038878;0;32;0;0;2;1;2;A01
200900038879;0;2;0;0;2;1;17;A01
200900038879;0;7;0;0;9;6;15;B01
200900038880;0;17;0;0;0;3;1;B02
200900038880;0;7;0;0;2;1;13;A01
200900038881;0;10;0;0;2;1;2;A01
200900038881;0;7;0;0;2;9;2;B01
200900038881;0;7;0;0;2;4;2;C01
200900038882;0;7;0;6;2;2;13;A01
200900038882;0;7;0;0;2;3;1;B01
200900038883;0;7;0;0;2;8;11;A01
200900038883;0;33;0;0;2;2;17;B02
200900038884;0;2;0;0;2;4;23;B02
200900038884;0;7;0;0;2;2;2;A01
200900038885;0;7;0;0;2;6;1;B02
200900038885;0;10;0;0;2;3;1;C03
200900038885;0;33;0;0;2;3;13;A01
200900038886;0;7;0;0;2;4;15;B01
200900038886;0;7;0;0;2;1;2;A01
200900038887;0;15;0;0;9;0;2;A01
200900038887;0;1;0;0;0;9;2;B02
200900038888;0;7;0;0;2;1;1;A01
200900038888;0;7;0;0;0;4;23;C03
200900038888;0;7;0;0;2;4;23;B02
200900038889;0;99;0;0;2;3;1;D01
200900038889;0;7;0;0;2;1;15;A01
200900038889;0;99;0;0;2;2;1;C01
200900038889;0;7;0;0;2;3;1;B01
200900038890;0;7;0;0;2;3;20;A01
200900038890;0;31;0;0;2;1;1;B01
200900038891;0;7;0;0;2;1;1;A01
200900038891;0;7;0;0;2;4;2;B01
200900038892;0;30;0;12;0;1;1;A01
200900038893;0;7;0;0;0;3;15;B01
200900038893;0;33;0;0;2;1;17;A01
200900038894;0;10;0;12;0;1;1;A01
200900038895;0;33;0;0;2;1;2;A01
200900038895;0;7;0;0;2;5;16;B01
200900038896;0;33;0;0;2;1;13;A01
200900038896;0;7;0;0;2;2;1;B02
200900038897;0;7;0;0;2;6;2;A01
200900038897;0;30;0;0;2;1;2;B02
200900038898;0;14;0;0;0;4;23;B01
200900038898;0;7;0;0;2;1;1;A01
200900038899;0;7;0;0;2;3;23;B02
200900038899;0;2;0;0;2;1;13;A01
200900038900;0;7;0;13;0;9;1;A01
200900038901;0;7;0;0;2;8;1;A01
200900038901;0;14;0;0;2;2;1;B01
200900038902;0;7;0;0;2;2;1;A01
200900038902;0;7;0;0;2;3;10;B01
200900038903;0;7;0;0;2;6;2;C01
200900038903;0;33;0;0;2;7;2;A01
200900038903;0;33;0;0;2;8;2;B01
200900038904;0;7;0;0;2;3;1;A01
200900038904;0;7;0;0;2;3;1;B02
200900038905;0;10;0;13;0;2;15;A01
200900038906;0;1;0;0;2;1;1;B01
200900038906;0;7;0;0;2;2;15;A01
200900038907;0;1;0;0;2;1;1;B02
200900038907;0;17;0;0;0;2;19;A01
200900038908;0;10;0;0;2;1;15;A01
200900038908;0;31;0;0;2;7;1;B01
200900038909;0;1;0;0;2;8;0;B01
200900038909;0;7;0;0;2;7;21;A01
200900038910;0;7;0;13;0;1;17;A01
200900038911;0;7;0;0;0;2;1;A01
200900038911;0;1;0;0;0;4;1;B02
200900038912;0;7;0;0;1;2;1;A01
200900038913;0;7;0;0;2;3;15;A01
200900038913;0;7;0;0;2;1;1;B01
200900038914;0;7;0;0;2;3;9;A01
200900038914;0;33;0;0;2;5;9;B01
200900038915;0;7;0;0;2;8;1;C01
200900038915;0;7;0;0;0;5;15;B01
200900038915;0;2;0;0;2;1;1;A01
200900038916;0;7;0;0;9;3;16;B01
200900038916;0;1;0;0;2;1;1;A01
200900038917;0;7;0;0;2;1;1;B01
200900038917;0;7;0;0;2;2;19;A01
200900038918;0;7;0;0;2;1;2;A01
200900038918;0;7;0;0;2;4;1;B01
200900038919;0;33;0;0;1;1;1;A01
200900038920;0;99;0;0;2;1;2;A01
200900038920;0;7;0;0;0;4;1;B01
200900038921;0;1;0;0;2;3;23;B01
200900038921;1;7;0;0;2;5;1;A01
200900038922;0;99;0;0;0;4;9;B01
200900038922;1;10;0;9;2;1;1;A01
200900038923;0;2;0;0;2;1;1;A01
200900038923;0;7;0;0;2;6;23;B01
200900038924;0;7;0;2;0;1;1;A01
200900038925;1;7;0;0;0;2;1;B02
200900038925;0;2;0;0;0;6;1;A01
200900038926;0;1;0;0;0;6;1;B02
200900038926;0;7;0;0;2;2;1;A01
200900038927;0;7;0;0;2;8;17;B02
200900038927;0;7;0;0;2;7;17;A01
200900038928;0;7;0;0;2;5;0;A01
200900038928;0;7;0;0;2;1;0;B02
200900038929;0;7;0;0;2;3;13;A01
200900038929;0;17;0;0;2;3;1;B02
200900038930;0;7;0;13;0;1;1;A01
200900038931;0;7;0;0;9;7;1;A01
200900038931;0;21;0;0;2;0;0;B02
200900038932;0;7;0;0;2;1;13;A01
200900038932;0;17;0;0;2;1;1;B02
200900038933;0;7;0;2;0;8;1;A01
200900038934;0;7;0;2;0;3;1;A01
200900038935;0;7;0;0;1;1;15;A01
200900038936;0;7;0;0;2;3;0;B01
200900038936;0;15;0;0;2;2;13;A01
200900038937;0;7;0;0;2;3;9;A01
200900038937;0;1;0;0;2;5;1;B01
200900038938;0;7;0;0;2;3;1;B02
200900038938;0;7;0;0;2;3;13;A01
200900038939;0;7;0;13;0;3;1;A01
200900038940;0;2;0;1;0;1;1;A01
200900038940;0;7;0;0;2;6;23;B02
200900038941;0;7;0;0;1;1;1;A01
200900038942;0;3;0;1;2;1;1;B01
200900038942;0;7;0;0;2;5;15;A01
200900038943;0;7;0;15;0;7;1;A01
200900038944;0;7;0;0;1;4;4;A01
200900038945;0;2;0;0;2;1;0;A01
200900038945;0;7;0;0;2;8;0;B01
200900038946;0;2;0;0;2;1;1;B01
200900038946;0;7;0;0;2;7;16;A01
200900038947;1;7;0;0;9;0;2;A01
200900038947;0;1;0;0;2;6;2;B01
200900038948;0;2;0;0;2;1;1;B02
200900038948;0;15;0;0;0;8;1;C03
200900038948;0;7;0;0;0;8;9;A01
200900038949;0;7;0;0;2;4;2;C01
200900038949;0;7;0;0;2;1;2;B01
200900038949;0;7;0;0;2;1;2;A01
200900038950;0;7;0;0;2;6;1;B01
200900038950;0;7;0;0;2;3;1;C01
200900038950;0;7;0;0;2;2;15;A01
200900038951;0;30;0;0;2;1;2;A01
200900038951;0;7;0;0;0;6;2;B02
200900038952;0;33;0;3;0;1;1;A01
200900038953;0;7;0;0;2;3;2;A01
200900038953;0;1;0;0;2;7;19;B01
200900038954;0;7;0;16;0;3;1;A01
200900038955;0;1;0;0;2;4;2;B01
200900038955;0;7;0;0;1;2;2;A01
200900038956;0;7;0;0;1;1;1;A01
200900038957;0;7;0;0;2;3;20;A01
200900038957;0;2;0;0;2;1;1;B01
200900038958;0;7;0;0;0;9;0;A01
200900038959;0;7;0;0;9;2;1;A01
200900038959;0;1;0;0;2;1;19;B02
200900038960;0;7;0;0;1;1;1;A01
200900038961;0;30;0;12;0;1;1;A01
200900038962;0;2;0;0;2;1;1;B02
200900038962;0;38;0;0;2;4;1;A01
200900038963;0;7;0;0;2;2;1;A01
200900038963;0;1;0;0;2;4;1;B02
200900038964;0;33;0;3;0;7;1;A01
200900038965;0;7;0;0;0;2;15;A01
200900038965;0;30;0;0;2;1;1;B01
200900038966;0;3;0;14;0;1;1;A01
200900038967;0;33;0;0;2;7;2;B01
200900038967;0;14;0;0;2;6;16;A01
200900038968;0;1;0;0;2;3;1;B01
200900038968;1;2;0;0;9;0;17;A01
200900038969;0;7;0;0;2;8;9;A01
200900038969;0;30;0;0;2;1;1;B01
200900038970;0;7;0;0;2;2;15;A01
200900038970;0;33;0;0;2;1;1;B01
200900038971;0;7;0;0;2;7;15;A01
200900038971;0;33;0;0;2;1;1;B01
200900038972;0;7;0;16;9;1;1;A01
200900038973;0;13;0;13;0;1;1;A01
200900038974;0;7;0;2;0;1;1;A01
200900038975;0;10;0;0;2;8;17;B02
200900038975;0;33;0;0;2;7;17;A01
200900038976;0;10;0;0;2;3;1;C03
200900038976;0;7;0;0;2;3;1;B02
200900038976;0;7;0;0;2;8;13;A01
200900038977;0;7;0;0;1;1;1;A01
200900038978;0;7;0;0;0;3;1;A01
200900038979;0;7;0;3;2;6;1;C03
200900038979;0;13;0;0;2;5;24;D04
200900038979;0;7;0;1;2;1;18;A01
200900038979;0;7;0;3;2;7;17;B02
200900038980;0;1;0;0;2;6;1;B02
200900038981;0;1;0;0;2;7;15;A01
200900038981;0;7;0;0;2;1;1;B02
200900038982;0;2;0;0;2;0;1;A01
200900038982;0;7;0;0;2;0;1;B01
200900038983;0;7;0;0;2;5;4;A01
200900038983;0;7;0;0;2;3;1;B01
200900038984;0;7;0;8;0;1;1;A01
200900038985;0;7;0;16;0;9;1;A01
200900038986;0;7;0;0;2;2;17;A01
200900038986;0;7;0;0;2;8;15;B01
200900038987;0;7;0;0;1;3;1;A01
200900038988;0;7;0;0;1;1;1;A01
200900038989;0;1;0;0;2;7;2;B01
200900038989;0;7;0;0;2;3;9;A01
200900038990;0;13;0;8;0;7;1;A01
200900038991;0;2;0;10;0;7;1;A01
200900038992;0;1;0;1;0;1;1;A01
200900038992;0;7;0;0;0;4;24;B02
200900038993;0;7;0;0;0;4;1;B01
200900038993;0;30;0;0;2;1;2;A01
200900038994;0;7;0;13;0;8;1;A01
200900038995;0;15;0;0;2;3;1;B02
200900038995;0;7;0;0;2;3;13;A01
200900038995;0;7;0;0;2;8;1;C03
200900038996;0;33;0;10;0;7;1;A01
200900038997;0;7;0;0;1;1;0;A01
200900038998;0;10;0;0;9;1;1;B02
200900038998;0;2;0;0;2;1;13;A01
200900038999;0;7;0;0;2;7;19;A01
200900038999;0;7;0;0;2;1;1;B02
200900039000;0;10;0;0;2;1;2;C03
200900039000;0;10;0;0;5;4;2;A01
200900039000;0;10;0;0;2;4;2;B02
200900039001;0;33;0;0;6;1;1;A01
200900039002;0;7;0;13;0;1;0;A01
200900039003;0;2;0;16;0;0;1;A01
200900039004;0;7;0;6;0;1;1;A01
200900039005;0;17;0;0;2;1;1;B02
200900039005;0;7;0;4;2;1;5;A01
200900039006;0;33;0;8;0;8;13;A01
200900039007;0;7;0;0;1;1;1;A01
200900039008;0;2;0;0;0;0;1;A01
200900039009;0;7;0;13;0;8;13;A01
200900039010;0;2;0;0;2;1;1;B01
200900039010;0;7;0;0;2;7;15;A01
200900039011;0;7;0;0;1;5;4;A01
200900039012;0;3;0;0;1;1;1;A01
200900039013;0;1;0;0;2;4;1;B01
200900039013;0;7;0;0;2;3;9;A01
200900039014;0;31;0;14;0;1;1;A01
200900039015;0;7;0;6;0;1;1;A01
200900039016;0;7;0;0;0;1;1;A01
200900039017;0;35;0;1;0;2;14;A01
200900039018;0;7;0;13;0;1;1;A01
200900039019;0;7;0;0;2;8;9;A01
200900039019;0;33;0;0;2;1;1;B02
200900039020;0;2;0;6;0;1;13;A01
200900039021;0;30;0;0;2;1;5;A01
200900039021;0;10;0;0;9;1;0;B02
200900039022;0;7;0;2;0;1;13;A01
200900039023;0;7;0;8;0;2;1;A01
200900039024;0;3;0;0;0;9;1;A01
200900039025;0;7;0;2;0;1;0;A01
200900039026;0;7;0;0;1;1;16;A01
200900039027;0;7;0;0;0;4;1;A01
200900039027;1;7;0;0;0;1;1;B02
200900039028;0;7;0;0;2;3;13;A01
200900039028;0;7;0;0;2;3;1;B02
200900039029;0;33;0;0;2;1;13;A01
200900039029;0;7;0;0;2;3;1;B02
200900039030;0;31;0;0;2;1;1;B02
200900039030;0;7;0;0;9;2;15;A01
200900039031;0;30;0;0;2;1;16;B02
200900039031;0;7;0;0;2;2;15;A01
200900039032;0;7;0;0;2;7;17;B02
200900039032;0;7;0;0;2;3;13;A01
200900039033;0;33;0;13;0;0;21;A01
200900039034;0;30;0;0;9;1;16;A01
200900039035;0;2;0;0;0;8;1;A01
200900039036;0;33;0;15;0;1;1;A01
200900039037;0;7;0;0;1;2;14;A01
200900039038;0;10;0;2;0;1;13;A01
200900039039;0;13;0;13;0;1;1;A01
200900039040;0;30;0;0;2;1;16;A01
200900039040;0;7;0;0;2;3;1;B02
200900039041;0;7;0;0;2;8;15;A01
200900039041;0;31;0;0;2;1;1;B02
200900039042;0;7;0;0;2;3;13;A01
200900039042;0;7;0;0;2;3;1;B02
200900039043;0;7;0;0;2;3;2;A01
200900039043;0;2;0;0;2;4;1;B02
200900039044;0;10;0;0;2;3;1;B02
200900039045;0;30;0;8;0;1;1;A01
200900039046;0;7;0;0;2;1;1;A01
200900039046;0;7;0;0;2;1;13;B02
200900039047;0;33;0;0;0;8;1;A01
200900039048;0;2;0;0;0;4;1;B01
200900039048;1;7;0;0;2;1;2;A01
200900039049;0;7;0;0;2;8;15;A01
200900039049;0;33;0;0;2;1;1;B01
200900039050;0;1;0;0;2;1;1;A01
200900039050;0;7;0;1;2;8;1;B01
200900039051;0;7;0;0;6;2;1;A01
200900039052;0;3;0;6;0;1;0;A01
200900039053;0;99;0;0;0;0;1;C03
200900039053;0;15;0;0;2;1;1;B02
200900039053;0;10;0;0;2;8;15;A01
200900039054;0;7;0;0;0;0;23;A01
200900039054;0;33;0;0;0;1;1;B02
200900039054;0;7;0;0;0;2;15;C03
200900039055;0;7;0;2;0;3;14;A01
200900039056;0;2;0;4;0;2;21;A01
200900039057;0;7;0;0;1;3;1;A01
200900039058;0;7;0;0;2;9;0;A01
200900039058;0;2;0;0;2;2;1;B01
200900039059;0;33;0;0;2;2;17;A01
200900039059;0;7;0;0;2;3;15;B02
200900039060;0;2;0;8;0;1;1;A01
200900039061;0;2;0;0;0;1;1;A01
200900039062;0;30;0;0;0;0;1;A01
200900039063;0;7;0;0;2;3;15;A01
200900039063;0;7;0;0;2;2;1;B02
200900039064;0;7;0;16;0;9;17;A01
200900039065;0;33;0;0;2;8;1;B02
200900039065;0;7;0;0;2;7;9;A01
200900039066;0;32;0;12;0;2;1;A01
200900039067;0;7;0;0;2;3;13;A01
200900039067;0;10;0;0;2;3;1;B02
200900039068;0;7;0;0;2;6;16;B02
200900039068;0;7;0;0;2;2;1;A01
200900039069;0;33;0;13;0;1;1;A01
200900039070;0;7;0;0;9;3;0;B02
200900039070;0;1;0;0;2;1;0;A01
200900039071;0;33;0;3;0;1;14;A01
200900039072;0;7;0;6;0;1;13;A01
200900039073;0;7;0;13;0;1;2;A01
200900039074;0;7;0;0;2;1;1;B02
200900039074;0;1;0;0;2;1;13;A01
200900039075;0;33;0;0;2;3;13;A01
200900039075;0;7;0;0;2;3;1;B02
200900039076;0;7;0;7;0;2;1;A01
200900039077;0;7;0;2;0;1;1;A01
200900039078;0;7;0;0;9;8;15;B02
200900039078;0;33;0;0;2;1;1;A01
200900039079;0;7;0;0;2;2;13;A01
200900039079;0;17;0;0;2;1;1;B02
200900039080;0;7;0;0;0;7;1;B01
200900039080;0;2;0;0;2;1;1;A01
200900039081;0;7;0;0;1;3;1;A01
200900039082;1;7;0;0;1;4;4;A01
200900039083;0;7;0;0;2;1;1;A01
200900039083;0;33;0;0;2;8;11;B01
200900039084;0;7;0;0;0;4;2;A01
200900039084;0;7;0;0;0;4;9;B01
200900039085;0;7;0;0;2;1;1;B01
200900039085;0;7;0;0;0;2;15;A01
200900039086;0;7;0;0;2;1;1;A01
200900039086;0;33;0;0;0;7;1;B01
200900039087;0;7;0;0;1;3;1;A01
200900039088;0;7;0;16;0;9;13;A01
200900039089;0;7;0;0;2;4;2;B01
200900039089;0;7;0;0;0;4;1;C01
200900039089;0;7;0;0;2;1;2;A01
200900039090;0;7;0;6;0;2;14;A01
200900039091;0;1;0;0;0;8;1;B01
200900039091;0;7;0;0;2;7;17;A01
200900039092;1;31;0;0;1;8;13;A01
200900039093;0;2;0;16;0;7;0;A01
200900039094;0;7;0;0;1;8;1;A01
200900039095;0;7;0;0;0;4;1;B01
200900039095;0;2;0;0;2;1;2;A01
200900039096;0;1;0;0;2;1;17;A01
200900039096;0;7;0;0;9;2;1;B01
200900039097;0;7;0;13;0;7;14;A01
200900039098;0;7;0;0;2;5;4;A01
200900039098;0;30;0;0;2;0;0;B01
200900039099;0;7;0;0;1;1;0;A01
200900039099;0;1;0;0;2;8;0;B01
200900039100;0;7;0;0;0;2;15;A01
200900039100;0;7;0;0;0;0;1;B01
200900039101;0;7;0;8;0;3;17;A01
200900039102;0;1;0;0;2;1;18;B02
200900039102;0;7;0;0;0;6;1;A01
200900039103;1;7;0;0;1;3;0;A01
200900039104;0;7;0;9;0;3;1;A01
200900039105;0;14;0;16;0;0;1;A01
200900039106;0;7;0;2;0;1;1;A01
200900039107;0;33;0;0;2;8;13;A01
200900039107;0;7;0;0;2;8;1;B02
200900039108;0;2;0;0;2;1;17;A01
200900039108;0;7;0;0;2;3;1;B02
200900039109;0;7;0;0;2;3;1;B02
200900039109;0;33;0;0;2;1;13;A01
200900039110;0;33;0;0;2;3;0;B02
200900039110;0;7;0;0;2;8;0;A01
200900039111;0;7;0;0;2;7;0;B01
200900039111;0;10;0;0;2;3;0;A01
200900039112;0;7;0;6;0;1;1;A01
200900039113;0;7;0;1;2;1;1;B01
200900039113;0;7;0;0;2;1;0;A01
200900039114;0;7;0;0;1;2;1;A01
200900039115;0;1;0;0;0;0;0;B01
200900039115;0;7;0;0;2;0;0;A01
200900039116;0;7;0;0;0;0;0;A01
200900039117;0;7;0;0;2;3;1;B01
200900039117;0;33;0;0;2;1;1;A01
200900039118;0;7;0;1;0;0;0;D01
200900039118;0;7;0;0;0;4;0;B01
200900039118;0;7;0;1;0;1;2;A01
200900039118;0;7;0;1;0;0;0;C01
200900039119;0;7;0;0;1;0;16;C01
200900039120;0;7;0;13;0;0;0;A01
200900039121;0;7;0;6;0;2;14;A01
200900039122;0;7;0;8;0;7;0;A01
200900039123;0;7;0;0;2;8;13;A01
200900039123;0;33;0;0;0;7;17;B01
200900039124;0;33;0;12;0;7;0;A01
200900039125;0;33;0;0;2;3;1;A01
200900039125;0;7;0;0;2;3;0;B01
200900039126;0;7;0;0;1;4;4;A01
200900039127;0;7;0;13;0;2;14;A01
200900039128;0;2;0;1;0;1;1;A01
200900039129;0;38;40;0;1;3;16;A01
200900039130;0;1;0;0;0;1;1;B01
200900039130;0;7;0;0;2;1;15;A01
200900039131;0;7;0;0;1;7;1;A01
200900039132;0;32;0;0;2;1;13;A01
200900039132;0;7;0;0;2;3;1;B01
200900039133;0;7;0;0;2;8;1;A01
200900039133;0;33;0;0;2;1;13;B02
200900039134;0;33;0;0;2;1;1;A01
200900039134;0;7;0;0;2;2;1;B02
200900039135;0;7;0;6;0;8;1;A01
200900039136;0;33;0;0;2;1;1;A01
200900039136;0;7;0;0;2;1;17;B02
200900039137;0;10;0;0;1;8;2;A01
200900039138;0;2;0;0;2;1;17;A01
200900039138;0;2;0;0;2;1;1;B02
200900039139;0;2;0;;2;1;1;A01
200900039139;1;10;0;;;;;A02
200900039140;0;2;0;0;2;1;1;B01
200900039140;0;7;0;0;2;5;19;A01
200900039141;0;7;0;0;2;2;1;A01
200900039141;0;2;0;0;2;1;1;B01
200900039142;0;7;0;0;2;4;23;B02
200900039142;0;7;0;0;2;4;23;C03
200900039142;0;7;0;0;2;1;1;A01
200900039143;0;7;0;0;2;8;23;A01
200900039143;0;7;0;0;9;1;1;B01
200900039143;0;32;0;0;2;7;17;C01
200900039144;0;33;0;0;2;8;1;B02
200900039144;0;7;0;0;2;3;1;A01
200900039145;0;10;0;0;0;2;14;A01
200900039146;0;7;0;0;1;0;0;A01
200900039147;0;7;0;0;2;0;0;A01
200900039147;1;33;0;0;0;4;1;A02
200900039147;0;2;0;0;2;1;1;A03
200900039148;0;7;0;0;2;6;19;A01
200900039148;0;33;0;0;2;1;1;B02
200900039149;0;7;0;0;2;1;1;A01
200900039149;0;7;0;0;0;0;0;B02
200900039150;0;31;0;0;0;0;15;A01
200900039151;0;33;0;0;1;1;1;A01
200900039152;0;10;0;0;2;3;1;B01
200900039152;0;31;0;0;2;1;5;A01
200900039153;0;2;0;0;0;1;1;B01
200900039153;2;10;0;0;2;4;4;A01
200900039154;0;7;0;0;1;1;1;A01
200900039155;0;7;0;0;2;1;11;A01
200900039155;0;7;0;0;2;3;1;B02
200900039156;0;7;0;0;2;6;23;B02
200900039156;0;33;0;14;0;1;16;A01
200900039157;0;2;0;0;0;7;13;A01
200900039157;0;7;0;0;0;1;14;B02
200900039158;0;1;0;0;1;1;1;A01
200900039159;0;7;0;0;1;7;1;A01
200900039160;0;7;0;0;2;2;13;A01
200900039160;0;7;0;0;2;1;1;B02
200900039161;0;31;0;0;2;1;0;B02
200900039161;0;7;0;0;2;3;0;A01
200900039162;0;1;0;0;2;0;0;B02
200900039162;0;7;0;0;9;1;4;A01
200900039163;0;2;0;0;2;1;1;A01
200900039163;0;7;0;0;2;7;15;B02
200900039164;0;33;0;0;2;1;17;B02
200900039164;0;36;0;0;0;3;13;A01
200900039165;0;7;0;0;2;7;1;B01
200900039165;0;1;0;0;0;1;19;A01
200900039166;0;7;0;0;2;2;19;A01
200900039166;0;31;0;0;2;1;1;B02
200900039167;0;7;0;16;0;9;1;A01
200900039168;0;33;0;0;2;4;21;B02
200900039168;0;7;0;0;0;5;15;C03
200900039168;0;33;0;0;2;1;21;A01
200900039169;0;33;0;3;0;1;1;A01
200900039170;0;7;0;6;1;3;13;A01
200900039171;0;33;0;0;0;0;0;A01
200900039171;0;7;0;0;2;1;1;B02
200900039172;0;7;0;0;2;8;17;B02
200900039172;0;33;0;0;2;8;17;A01
200900039173;0;7;0;0;0;2;13;A01
200900039173;0;7;0;0;0;1;1;B02
200900039174;0;33;0;0;0;0;1;B02
200900039174;0;7;0;0;2;1;1;A01
200900039175;0;7;0;13;0;1;13;A01
200900039176;0;33;0;3;0;1;17;A01
200900039177;0;7;0;0;0;3;1;A01
200900039177;0;1;0;0;0;7;19;B02
200900039178;0;7;0;14;0;3;1;B02
200900039178;0;7;0;0;2;5;23;A01
200900039179;0;2;0;1;0;1;15;A01
200900039179;0;7;0;0;9;3;23;C03
200900039179;0;31;0;0;0;1;16;B02
200900039180;0;7;0;13;0;1;1;A01
200900039181;0;7;0;0;1;2;15;A01
200900039182;0;30;0;0;2;1;1;A01
200900039182;0;7;0;0;0;1;1;B02
200900039183;0;33;0;0;2;1;1;A01
200900039183;0;7;0;0;2;3;9;B02
200900039184;0;1;0;0;0;1;0;B02
200900039184;0;10;0;0;9;7;1;A01
200900039185;0;33;0;0;0;9;15;A01
200900039186;0;32;0;0;0;1;1;B02
200900039186;0;7;0;0;0;5;19;A01
200900039187;0;7;0;8;0;3;13;A01
200900039188;0;7;0;0;2;3;1;B02
200900039188;0;7;0;0;2;3;21;C03
200900039188;0;7;0;0;2;1;13;A01
200900039189;0;7;0;14;0;3;1;A01
200900039190;0;7;0;0;1;1;1;A01
200900039191;0;33;0;0;2;1;1;A01
200900039191;0;1;0;0;0;4;11;B02
200900039192;0;33;0;0;0;0;1;A01
200900039193;0;7;0;0;0;2;1;A01
200900039193;0;2;0;0;0;6;11;B02
200900039194;0;7;0;0;2;3;1;B02
200900039194;0;7;0;0;0;0;0;A01
200900039195;0;7;0;8;0;1;13;A01
200900039196;0;7;0;0;2;8;17;B02
200900039196;0;33;0;0;2;7;17;A01
200900039197;0;7;0;0;1;1;1;A01
200900039198;0;7;0;0;2;2;15;A01
200900039198;0;33;0;0;0;1;1;B01
200900039199;0;2;0;0;0;1;1;B01
200900039199;0;7;0;0;2;2;15;A01
200900039200;0;33;0;13;0;0;1;A01
200900039201;0;7;0;16;0;9;15;A01
200900039202;0;7;0;0;2;3;13;A01
200900039202;0;7;0;0;2;1;1;B02
200900039203;0;33;0;9;0;7;13;A01
200900039204;0;7;0;0;0;9;0;A01
200900039205;0;15;0;0;2;1;1;B01
200900039205;0;7;0;0;2;2;15;A01
200900039206;0;7;0;15;0;0;1;A01
200900039207;0;7;0;0;1;3;1;A01
200900039208;0;7;0;0;5;1;0;A01
200900039209;0;7;0;6;0;1;1;A01
200900039210;0;7;0;0;1;1;1;A01
200900039211;0;30;0;0;2;1;5;A01
200900039211;0;7;0;0;2;1;1;B01
200900039212;0;7;0;0;2;3;9;A01
200900039212;0;33;0;0;2;1;1;B01
200900039213;0;7;0;0;1;2;1;A01
200900039214;0;7;0;0;2;1;1;A01
200900039214;0;1;0;0;2;4;0;B01
200900039215;0;7;0;0;2;4;1;B01
200900039215;0;33;0;0;2;1;1;A01
200900039216;0;7;0;0;2;7;15;A01
200900039216;0;33;0;0;2;1;1;B01
200900039217;0;7;0;0;1;1;1;A01
200900039218;0;33;0;0;2;4;1;B01
200900039218;0;7;0;0;2;1;1;A01
200900039219;0;30;0;0;2;4;1;A01
200900039219;0;7;0;0;2;2;17;B01
200900039220;0;7;0;0;2;2;10;A01
200900039220;0;1;0;0;2;1;1;B01
200900039221;0;7;0;0;2;6;2;B01
200900039221;0;2;0;0;2;1;2;A01
200900039222;0;1;0;0;2;1;1;B01
200900039222;0;7;0;0;2;3;15;A01
200900039223;0;33;0;5;0;3;1;A01
200900039224;0;7;0;0;2;2;1;A01
200900039224;0;7;0;0;2;1;1;C03
200900039224;0;10;0;0;2;3;1;B02
200900039225;0;7;0;13;2;8;2;B02
200900039225;0;7;0;3;2;4;13;A01
200900039226;0;7;0;0;2;2;9;A01
200900039226;0;33;0;4;2;3;21;B02
200900039227;0;33;0;16;0;1;14;A01
200900039228;0;30;0;0;1;1;1;A01