num_acc;senc;catv;occutc;obs;obsm;choc;manv;num_veh
200900039229;0;33;0;0;0;8;1;B02
200900039229;1;7;0;0;2;1;19;A01
200900039230;0;7;0;0;0;5;19;B02
200900039230;0;1;0;0;2;1;21;A01
200900039231;1;20;0;0;2;3;11;B02
200900039231;0;7;0;0;2;6;0;D04
200900039231;0;14;0;0;0;3;1;C03
200900039231;0;7;0;0;2;3;0;A01
200900039232;0;33;0;0;2;3;17;A01
200900039232;0;7;0;0;2;6;15;B02
200900039233;0;7;0;0;0;3;1;A01
200900039233;0;7;0;0;0;6;15;B02
200900039234;0;7;0;0;2;3;15;A01
200900039234;0;30;0;0;2;1;17;B02
200900039235;0;7;0;0;2;1;13;A01
200900039235;0;7;0;0;2;1;1;B02
200900039236;0;33;0;0;0;7;1;A01
200900039237;0;7;0;3;2;7;17;A01
200900039237;0;7;0;0;2;8;1;B02
200900039238;0;10;0;13;0;3;1;A01
200900039239;0;31;0;0;2;1;1;B02
200900039239;0;7;0;0;2;1;17;A01
200900039240;0;7;0;2;0;3;17;A01
200900039241;0;7;0;0;2;8;15;B02
200900039241;0;30;0;0;2;7;17;A01
200900039242;0;7;0;0;2;1;13;A01
200900039242;0;7;0;0;2;1;1;B02
200900039243;0;7;0;0;2;6;2;B02
200900039243;0;10;0;0;2;2;2;A01
200900039243;0;7;0;14;0;1;21;C03
200900039244;0;7;0;13;0;9;13;A01
200900039245;0;7;0;8;0;2;1;A01
200900039246;0;20;0;16;0;8;1;A01
200900039247;0;7;0;0;1;1;1;A01
200900039248;0;7;0;0;2;2;15;A01
200900039248;0;7;0;0;2;1;1;B01
200900039249;0;7;0;9;0;1;13;A01
200900039250;0;7;0;9;0;1;0;A01
200900039251;0;7;0;0;1;3;15;A01
200900039252;0;7;0;0;1;3;1;A01
200900039253;0;7;0;0;1;1;0;A01
200900039254;0;32;0;8;2;4;23;B01
200900039254;0;7;0;0;2;2;2;A01
200900039255;0;7;0;0;2;1;1;B01
200900039255;0;7;0;1;2;7;1;A01
200900039256;0;7;0;0;2;7;1;B01
200900039256;0;2;0;0;2;8;11;A01
200900039257;0;7;0;0;2;3;15;B01
200900039257;0;7;0;2;2;1;17;A01
200900039257;0;7;0;0;2;1;23;C01
200900039258;0;7;0;0;1;2;1;A01
200900039259;0;7;0;2;0;1;13;A01
200900039260;0;7;0;0;2;1;13;A01
200900039260;0;7;0;0;2;1;1;B01
200900039261;0;7;0;0;1;1;1;A01
200900039262;0;37;20;0;2;3;1;B01
200900039262;0;7;0;0;2;1;16;A01
200900039263;0;7;0;0;2;1;1;B01
200900039263;0;7;0;0;2;5;0;A01
200900039264;0;7;0;0;1;2;1;A01
200900039265;0;7;0;8;0;7;1;A01
200900039266;0;2;0;0;2;1;1;B01
200900039266;0;7;0;0;2;1;15;A01
200900039267;0;7;0;0;2;2;1;A01
200900039268;0;7;0;3;0;1;1;A01
200900039269;0;7;0;0;2;2;15;A01
200900039269;0;7;0;6;2;1;1;B01
200900039270;0;7;0;0;1;2;1;A01
200900039271;0;7;0;0;1;1;16;A01
200900039272;0;7;0;0;1;1;1;A01
200900039273;0;7;0;0;2;3;1;B01
200900039273;0;7;0;0;2;2;1;A01
200900039274;0;7;0;6;0;1;0;A01
200900039275;0;7;0;0;2;8;15;A01
200900039275;0;7;0;0;2;1;1;B01
200900039276;0;1;0;0;2;0;1;B01
200900039276;0;7;0;0;2;2;15;A01
200900039277;0;7;0;0;1;1;1;A01
200900039278;0;7;0;0;2;1;1;A01
200900039278;0;31;0;0;2;8;15;B01
200900039279;0;7;0;0;2;3;19;A01
200900039279;0;30;0;0;2;2;17;B01
200900039280;0;7;0;0;2;3;1;A01
200900039280;0;33;0;0;2;2;1;B01
200900039281;0;33;0;0;2;7;1;B01
200900039281;0;7;0;0;2;2;19;A01
200900039282;0;7;0;0;2;1;2;A01
200900039282;0;7;0;0;2;4;2;B01
200900039283;0;7;0;4;0;1;1;A01
200900039284;0;7;0;0;2;1;1;B01
200900039284;0;7;0;0;2;1;0;A01
200900039285;0;7;0;0;2;1;0;B01
200900039285;0;7;0;0;2;2;15;A01
200900039286;0;7;0;11;0;9;1;A01
200900039287;0;7;0;0;2;3;1;B02
200900039287;0;7;0;0;2;2;19;A01
200900039288;0;7;0;0;2;3;1;A01
200900039288;0;7;0;0;2;6;9;B02
200900039289;0;7;0;6;0;3;1;A01
200900039290;0;37;0;8;0;1;14;A01
200900039291;0;7;0;0;2;1;1;B02
200900039291;0;7;0;0;2;2;13;A01
200900039292;0;7;0;2;0;1;14;A01
200900039293;0;7;0;0;2;3;19;B02
200900039293;0;7;0;0;2;1;1;A01
200900039294;0;7;0;0;2;3;1;B02
200900039294;0;7;0;0;2;2;19;A01
200900039294;0;7;0;0;2;3;23;C03
200900039295;0;7;0;13;0;3;1;A01
200900039296;0;7;0;0;1;1;1;A01
200900039297;0;7;0;13;0;3;1;A01
200900039298;0;7;0;0;2;1;1;B02
200900039298;0;7;0;0;2;1;1;A01
200900039299;0;7;0;5;0;3;13;A01
200900039300;2;14;0;0;2;2;19;A01
200900039300;0;14;0;0;2;1;1;B02
200900039301;0;7;0;0;0;7;1;B02
200900039301;0;7;0;0;2;1;1;A01
200900039302;0;7;0;8;0;1;1;A01
200900039303;0;1;0;0;0;1;1;B02
200900039303;0;7;0;0;0;3;0;A01
200900039304;0;7;0;0;2;4;1;C03
200900039304;0;7;0;0;2;6;1;A01
200900039304;0;7;0;0;2;1;1;D04
200900039304;0;7;0;0;2;1;1;B02
200900039304;0;14;0;0;2;6;1;E05
200900039305;0;7;0;0;2;3;21;B02
200900039305;0;7;0;0;2;3;13;A01
200900039306;0;7;0;0;2;3;13;A01
200900039306;0;7;0;0;2;3;1;B02
200900039307;0;7;0;0;2;1;0;A01
200900039307;0;7;0;0;2;1;0;B01
200900039308;0;30;0;0;2;8;1;B01
200900039308;0;7;0;0;2;7;12;A01
200900039309;0;7;0;0;2;1;0;B01
200900039309;0;7;0;0;2;4;4;A01
200900039310;0;1;0;0;2;1;1;B01
200900039310;0;7;0;0;2;1;15;A01
200900039311;0;7;0;0;2;3;9;B01
200900039311;0;31;0;0;2;0;17;A01
200900039312;0;7;0;0;2;6;9;A01
200900039312;0;2;0;0;2;1;1;B02
200900039313;0;7;0;0;0;0;1;A01
200900039313;0;7;0;0;2;1;1;C03
200900039314;0;7;0;0;0;0;1;A01
200900039314;0;7;0;0;2;8;1;C03
200900039314;0;7;0;14;0;3;21;B02
200900039315;0;7;0;2;0;9;0;A01
200900039316;0;7;0;0;2;1;1;B02
200900039316;0;7;0;0;2;7;15;A01
200900039317;0;7;0;0;0;2;21;A01
200900039318;0;7;0;0;0;3;16;A01
200900039318;0;1;0;0;0;1;1;B02
200900039319;0;7;0;13;0;1;13;A01
200900039320;0;2;0;0;2;1;1;B02
200900039320;0;7;0;0;2;3;1;A01
200900039320;0;2;0;0;2;1;1;C03
200900039321;0;7;0;0;2;3;13;A01
200900039321;0;7;0;0;2;3;1;B02
200900039322;0;7;0;2;0;4;1;A01
200900039322;0;7;0;0;2;2;2;B02
200900039323;0;7;0;0;1;2;1;A01
200900039324;0;7;0;0;2;1;13;A01
200900039324;0;7;0;0;2;1;1;B02
200900039325;0;7;0;0;0;4;1;B02
200900039325;0;7;0;0;2;1;1;A01
200900039326;0;7;0;0;2;7;1;A01
200900039326;0;7;0;0;2;1;1;B01
200900039327;0;7;0;0;2;3;0;A01
200900039327;0;7;0;0;2;3;1;B01
200900039328;0;7;0;0;2;3;1;B01
200900039328;0;7;0;0;2;2;13;A01
200900039329;0;7;0;0;0;0;19;A01
200900039329;0;33;0;0;0;0;15;B01
200900039330;0;7;0;0;2;1;1;A01
200900039330;0;40;0;0;2;6;1;B01
200900039331;0;7;0;0;2;1;1;B01
200900039331;0;7;0;0;2;2;15;A01
200900039332;0;7;0;0;2;3;1;B01
200900039332;0;7;0;8;2;1;1;A01
200900039333;0;7;0;0;2;3;0;A01
200900039333;0;7;0;0;2;1;1;B01
200900039334;0;7;0;0;2;1;1;B01
200900039334;0;7;0;0;2;7;1;A01
200900039335;0;32;0;0;0;1;0;A01
200900039336;0;7;0;0;1;1;1;A01
200900039337;0;7;0;6;0;1;14;A01
200900039338;0;7;0;0;2;1;2;A01
200900039338;0;10;0;0;2;5;2;B01
200900039339;0;7;0;0;2;1;1;A01
200900039340;0;33;0;16;0;1;0;A01
200900039341;1;7;0;0;2;1;2;A01
200900039341;0;7;0;0;0;4;1;B01
200900039342;0;7;0;6;0;1;1;A01
200900039343;0;7;0;0;2;2;0;A01
200900039343;0;1;0;0;2;8;1;B01
200900039344;0;7;0;0;2;8;11;A01
200900039344;0;7;0;0;2;2;1;B01
200900039345;0;7;0;0;2;8;15;A01
200900039345;0;7;0;0;2;8;1;B01
200900039346;0;7;0;0;2;2;6;A01
200900039347;0;1;0;0;1;1;1;A01
200900039348;0;7;0;0;2;1;15;A01
200900039348;0;7;0;0;2;3;1;B01
200900039349;0;2;0;0;2;1;1;A01
200900039349;0;7;0;0;2;6;1;B01
200900039350;0;7;0;0;1;3;1;A01
200900039351;0;7;0;0;2;1;1;A01
200900039351;0;7;0;0;2;8;1;B01
200900039352;0;7;0;0;2;1;2;A01
200900039352;0;7;0;0;2;4;2;B01
200900039353;0;7;0;0;2;1;1;A01
200900039353;0;7;0;0;2;4;1;B01
200900039354;0;7;0;0;1;2;1;A01
200900039355;0;7;0;0;2;3;19;A01
200900039355;0;1;0;0;2;2;1;B01
200900039356;0;1;0;0;2;0;1;B01
200900039356;0;7;0;0;2;1;0;A01
200900039357;0;7;0;0;1;1;0;A01
200900039358;0;7;0;0;2;0;1;A01
200900039358;0;33;0;0;2;1;1;B01
200900039359;0;7;0;0;2;2;13;A01
200900039359;0;15;0;0;2;2;1;B02
200900039360;0;7;0;0;1;2;1;A01
200900039361;0;30;0;0;2;8;1;A01
200900039362;0;7;0;0;2;1;13;A01
200900039362;0;7;0;0;2;8;0;B02
200900039363;0;7;0;0;2;1;1;B02
200900039363;0;7;0;0;2;2;9;A01
200900039364;0;7;0;0;0;1;1;A01
200900039365;0;30;0;1;0;1;13;A01
200900039365;0;7;0;1;0;4;0;B02
200900039366;0;7;0;0;0;2;0;B02
200900039366;0;7;0;0;0;2;13;A01
200900039367;0;7;0;2;0;1;0;A01
200900039368;0;33;0;0;0;0;1;A01
200900039369;0;7;0;0;1;1;1;A01
200900039370;0;7;0;0;2;1;13;A01
200900039370;0;10;0;0;2;1;1;B02
200900039371;0;36;0;13;0;1;19;A01
200900039372;0;7;0;0;2;1;1;A01
200900039372;0;7;0;0;2;4;23;B02
200900039373;0;36;0;0;2;4;13;A01
200900039373;0;7;0;0;2;7;21;B02
200900039374;0;10;0;3;0;2;13;A01
200900039374;0;15;0;0;2;3;1;D04
200900039374;0;7;0;0;2;1;21;B02
200900039374;0;7;0;0;2;1;2;C03
200900039375;0;3;0;0;2;1;5;B02
200900039375;0;7;0;0;2;3;1;A01
200900039376;0;10;0;0;1;3;1;A01
200900039377;0;7;0;0;2;1;1;A01
200900039377;0;7;0;0;2;6;1;B02
200900039378;0;7;0;0;2;8;13;A01
200900039378;0;7;0;0;2;2;1;B02
200900039379;0;7;0;2;0;1;1;A01
200900039380;0;7;0;2;0;1;1;A01
200900039381;0;7;0;0;0;4;0;C03
200900039381;1;14;0;0;2;2;1;A01
200900039381;0;7;0;0;2;4;0;B02
200900039382;0;10;0;0;2;1;1;A01
200900039382;0;30;0;0;2;4;10;A02
200900039383;0;7;0;5;0;1;1;A01
200900039383;0;7;0;0;2;4;23;B02
200900039383;0;7;0;0;9;4;23;D04
200900039383;0;7;0;0;9;1;23;C03
200900039384;0;7;0;13;0;1;1;A01
200900039385;0;7;0;0;2;3;13;A01
200900039385;0;10;0;0;2;3;1;B02
200900039386;0;33;0;16;0;9;1;A01
200900039387;0;33;0;0;2;1;1;A01
200900039387;0;7;0;0;2;3;1;B01
200900039388;0;31;0;0;2;1;13;A01
200900039388;0;7;0;0;2;8;1;B01
200900039389;0;37;3;0;1;2;1;A01
200900039390;0;7;0;0;2;2;15;B01
200900039390;0;1;0;0;2;1;0;A01
200900039391;0;14;0;0;2;1;2;A01
200900039391;0;99;0;0;2;4;23;B01
200900039392;0;7;0;7;0;1;1;A01
200900039393;0;37;1;0;2;2;1;A01
200900039393;0;7;0;1;2;3;20;B01
200900039394;0;10;0;0;2;1;1;A01
200900039394;0;2;0;0;2;6;19;B01
200900039395;0;1;0;0;1;1;18;A01
200900039395;0;37;2;0;0;0;23;B01
200900039396;0;7;0;0;2;1;2;A01
200900039396;0;7;0;0;2;4;23;B01
200900039397;0;7;0;0;1;2;1;A01
200900039398;0;7;0;0;2;3;1;B01
200900039398;0;7;0;0;2;1;15;A01
200900039399;0;33;0;2;0;8;17;A01
200900039400;0;33;0;0;0;8;15;A01
200900039401;0;2;0;0;2;1;1;B02
200900039401;0;7;0;0;2;3;15;A01
200900039402;0;7;0;0;2;7;19;B02
200900039402;0;7;0;0;2;1;1;A01
200900039403;0;7;0;2;0;1;1;A01
200900039404;0;7;0;0;0;1;1;A01
200900039405;0;10;0;0;2;6;15;B02
200900039405;0;33;0;0;2;1;17;A01
200900039406;0;7;0;0;2;1;13;A01
200900039406;0;10;0;0;2;3;1;B02
200900039407;0;15;0;0;2;3;1;B02
200900039407;0;7;0;0;2;4;0;A01
200900039408;0;10;0;0;2;2;17;A01
200900039408;0;1;0;0;2;6;13;B02
200900039409;0;2;0;11;0;1;1;A01
200900039410;0;33;0;13;0;1;1;A01
200900039411;0;7;0;2;0;1;1;A01
200900039412;0;33;0;13;0;1;1;A01
200900039413;0;7;0;2;0;8;14;A01
200900039414;0;30;0;0;0;8;15;B02
200900039414;0;7;0;0;2;2;17;A01
200900039415;0;7;0;0;2;3;15;A01
200900039415;0;7;0;0;2;1;0;B02
200900039416;0;7;0;0;9;1;1;A01
200900039416;0;1;0;0;2;6;19;B02
200900039417;0;7;0;0;2;1;23;C03
200900039417;0;7;0;0;2;1;1;B02
200900039417;0;7;0;0;2;7;19;A01
200900039418;0;7;0;0;2;3;13;A01
200900039418;0;2;0;0;2;1;1;B02
200900039419;0;7;0;0;2;4;2;B01
200900039419;0;7;0;0;2;1;2;A01
200900039420;0;7;0;0;2;2;12;A01
200900039420;0;33;0;15;2;8;1;B01
200900039421;0;7;0;0;2;8;1;A01
200900039421;0;37;4;0;2;1;1;B01
200900039422;0;7;0;0;2;3;1;B01
200900039422;0;7;0;0;2;1;15;A01
200900039423;0;7;0;0;2;2;20;A01
200900039423;0;33;0;0;2;1;18;B01
200900039424;0;1;0;0;2;2;19;B01
200900039424;0;7;0;0;2;3;1;A01
200900039425;0;32;0;0;1;1;1;A01
200900039426;0;33;0;0;2;1;1;B01
200900039426;0;7;0;0;2;6;1;A01
200900039427;0;7;0;0;1;3;1;A01
200900039428;0;7;0;0;1;1;1;A01
200900039429;0;37;2;0;2;3;1;B01
200900039429;2;7;0;0;2;1;1;A01
200900039430;0;7;0;0;2;5;16;A01
200900039430;0;1;0;0;2;3;1;B01
200900039431;0;31;0;0;2;1;1;B01
200900039431;0;7;0;0;2;3;20;A01
200900039432;0;7;0;0;2;5;1;B01
200900039432;0;3;0;0;2;1;1;A01
200900039433;0;1;0;0;2;1;1;B01
200900039433;0;7;0;0;2;3;22;A01
200900039434;0;2;0;0;2;3;13;A01
200900039434;0;7;0;0;2;3;1;B01
200900039435;0;7;0;0;2;4;4;A01
200900039435;0;7;0;0;2;1;1;B01
200900039436;0;7;0;0;2;6;1;A01
200900039436;0;7;0;0;2;1;1;B01
200900039437;0;7;0;0;1;1;1;A01
200900039438;0;7;0;0;2;5;15;B01
200900039438;0;7;0;0;2;2;2;A01
200900039439;0;7;0;8;0;8;13;A01
200900039440;0;7;0;0;2;6;1;B01
200900039440;0;7;0;0;2;2;12;A01
200900039441;0;30;0;0;2;1;1;B01
200900039441;0;7;0;0;2;7;15;A01
200900039442;0;33;0;0;2;1;2;B01
200900039442;0;7;0;0;2;3;9;A01
200900039443;0;7;0;0;2;1;1;A01
200900039443;0;7;0;0;2;4;23;B01
200900039443;0;7;0;0;2;4;23;C01
200900039444;0;21;0;0;2;3;23;B02
200900039444;0;30;0;0;2;1;13;A01
200900039445;0;30;0;0;2;1;1;A01
200900039445;0;7;0;0;2;3;1;B02
200900039446;0;7;0;0;0;7;15;A01
200900039446;0;7;0;0;0;1;1;B02
200900039447;0;10;0;0;2;3;19;A01
200900039447;0;33;0;0;2;1;1;B02
200900039448;0;30;0;0;2;2;13;A01
200900039448;0;7;0;0;2;3;0;B02
200900039449;0;33;0;0;2;1;1;A01
200900039449;0;15;0;0;2;1;1;B02
200900039450;0;7;0;0;1;3;1;A01
200900039451;0;7;0;0;0;4;1;A01
200900039451;0;7;0;4;2;1;21;C03
200900039451;0;7;0;0;2;1;21;E05
200900039451;0;7;0;0;2;1;1;B02
200900039451;0;7;0;4;0;1;21;D04
200900039452;0;2;0;0;2;7;19;A01
200900039452;0;7;0;0;2;2;1;B02
200900039453;0;14;0;0;0;4;3;B02
200900039453;0;33;0;0;2;1;3;A01
200900039454;0;7;0;0;9;4;4;B02
200900039454;0;1;0;0;2;1;1;A01
200900039455;0;7;0;0;2;2;17;A01
200900039455;0;33;0;0;2;1;1;B02
200900039456;0;7;0;0;2;1;1;A01
200900039456;0;7;0;0;2;3;1;B01
200900039457;0;31;0;0;2;1;1;B01
200900039457;0;10;0;0;2;2;15;A01
200900039458;0;7;0;0;1;4;4;A01
200900039459;0;7;0;0;2;6;11;A01
200900039459;0;2;0;0;2;2;1;B01
200900039460;0;7;0;0;2;4;2;C01
200900039460;0;7;0;0;2;1;2;A01
200900039460;0;7;0;0;2;4;2;B01
200900039461;0;7;0;0;2;8;1;B01
200900039461;0;7;0;0;2;1;1;A01
200900039462;0;1;0;0;1;1;1;A01
200900039463;0;30;0;1;0;1;13;A01
200900039464;0;7;0;0;1;1;1;A01
200900039465;0;10;0;0;2;1;16;A01
200900039465;0;1;0;0;2;2;1;B01
200900039466;0;7;0;0;2;2;23;D01
200900039466;0;10;0;0;2;6;20;A01
200900039466;0;7;0;0;2;3;1;C01
200900039466;0;33;0;0;2;1;1;B01
200900039467;0;31;0;0;2;1;1;A01
200900039467;0;7;0;0;2;2;15;B01
200900039468;0;10;0;0;1;7;1;A01
200900039469;0;7;0;0;1;1;1;A01
200900039470;0;7;0;0;1;2;1;A01
200900039471;0;10;0;0;2;1;1;A01
200900039471;0;7;0;0;2;3;1;B01
200900039472;0;33;0;0;2;1;1;B01
200900039472;0;7;0;0;2;5;15;A01
200900039473;0;7;0;0;2;6;21;A01
200900039473;0;33;0;0;2;2;1;B01
200900039474;0;31;0;0;2;1;1;B01
200900039474;0;7;0;0;2;1;15;A01
200900039475;0;7;0;0;2;2;1;A01
200900039475;0;1;0;0;2;1;1;B01
200900039476;0;2;0;0;2;2;1;B01
200900039476;0;99;0;0;2;1;15;A01
200900039477;0;31;0;0;2;2;17;A01
200900039477;0;7;0;0;2;6;15;B01
200900039478;0;7;0;0;2;4;23;C01
200900039478;0;7;0;0;2;1;2;A01
200900039478;0;7;0;0;2;4;23;B01
200900039479;0;31;0;0;2;2;17;A01
200900039479;0;7;0;0;2;3;10;B01
200900039480;0;7;0;3;0;8;13;A01
200900039481;0;7;0;0;2;1;1;A01
200900039481;0;7;0;0;2;3;15;B01
200900039482;0;7;0;0;2;2;1;B01
200900039482;0;2;0;0;2;3;1;A01
200900039483;0;7;0;0;1;1;20;A01
200900039484;0;7;0;0;2;3;16;A01
200900039484;0;32;0;0;2;1;1;B01
200900039485;0;30;0;0;2;1;19;A01
200900039485;0;99;0;0;2;3;1;B01
200900039486;0;7;0;0;2;7;15;A01
200900039486;0;99;0;0;2;1;1;B01
200900039487;0;10;0;0;1;1;15;A01
200900039488;0;10;0;0;2;1;1;A01
200900039488;0;7;0;0;2;8;15;B01
200900039489;0;1;0;0;2;1;1;B01
200900039489;0;7;0;0;2;3;1;A01
200900039490;0;33;0;0;2;2;1;B01
200900039490;0;7;0;0;2;1;15;A01
200900039491;0;2;0;0;1;2;1;A01
200900039492;0;7;0;0;2;1;16;A01
200900039492;0;1;0;0;2;3;1;B01
200900039493;0;17;0;0;2;2;1;A01
200900039493;0;7;0;0;2;1;1;B01
200900039494;0;7;0;0;1;3;1;A01
200900039495;0;33;0;0;2;4;1;A01
200900039495;0;7;0;0;2;2;1;B01
200900039496;0;31;0;0;2;3;13;A01
200900039496;0;7;0;0;2;6;1;B01
200900039497;0;2;0;0;2;1;2;A01
200900039497;0;10;0;0;2;6;10;B01
200900039498;0;7;0;0;2;6;1;C01
200900039498;0;7;0;0;2;1;2;A01
200900039498;0;3;0;0;2;6;1;B01
200900039499;0;10;0;0;2;1;15;A01
200900039499;0;7;0;0;2;3;1;B01
200900039500;0;7;0;3;0;3;1;A01
200900039501;0;7;0;13;0;2;1;A01
200900039502;0;7;0;2;0;9;17;A01
200900039503;0;7;0;0;2;1;13;A01
200900039503;0;7;0;0;2;1;1;B02
200900039504;0;17;0;3;0;8;1;A01
200900039505;0;7;0;13;0;9;14;A01
200900039506;0;7;0;13;0;1;1;A01
200900039507;0;33;0;0;0;1;0;A01
200900039508;0;7;0;4;0;1;1;A01
200900039509;0;33;0;3;0;1;1;A01
200900039510;0;37;20;0;2;8;1;B01
200900039510;0;7;0;0;2;7;12;A01
200900039511;0;37;1;0;1;1;16;A01
200900039512;0;7;0;0;9;1;1;A01
200900039513;0;7;0;8;0;2;0;A01
200900039514;0;31;0;0;2;1;1;A01
200900039515;0;7;0;0;2;1;1;B01
200900039515;0;7;0;0;2;1;13;A01
200900039516;0;7;0;0;2;1;15;A01
200900039516;0;7;0;0;2;8;1;B01
200900039517;0;7;0;0;1;1;1;A01
200900039518;0;7;0;0;1;1;1;A01
200900039519;0;7;0;0;2;7;17;A01
200900039519;0;1;0;0;2;8;1;B01
200900039520;0;10;0;0;1;1;15;A01
200900039521;0;7;0;6;0;1;1;A01
200900039522;0;2;0;0;2;1;1;B01
200900039522;0;7;0;0;2;3;10;A01
200900039523;0;7;0;0;2;4;2;C01
200900039523;0;7;0;0;2;4;2;A01
200900039523;0;7;0;0;2;4;2;B01
200900039523;0;7;0;0;2;1;2;D01
200900039524;0;7;0;0;2;4;2;A01
200900039524;0;7;0;0;2;1;2;B01
200900039525;0;33;0;0;2;2;1;B01
200900039525;0;7;0;0;2;8;10;A01
200900039526;0;37;2;0;2;3;1;B01
200900039526;0;7;0;0;2;1;13;A01
200900039527;0;33;0;0;2;1;1;B01
200900039527;0;30;0;0;2;1;1;A01
200900039528;0;7;0;0;2;3;1;A01
200900039529;0;7;0;0;2;1;9;A01
200900039529;0;7;0;0;2;8;23;B01
200900039530;0;33;0;0;2;7;15;A01
200900039530;0;7;0;0;2;3;1;C01
200900039530;0;7;0;0;2;1;2;B01
200900039531;0;7;0;0;2;8;0;A01
200900039532;0;7;0;0;2;4;23;B01
200900039532;0;33;0;0;2;4;1;A01
200900039533;0;37;2;0;2;3;1;B01
200900039533;0;7;0;0;2;7;12;A01
200900039534;0;30;0;1;0;1;1;A01
200900039535;0;30;0;12;0;1;1;A01
200900039536;0;7;0;0;2;1;15;A01
200900039536;0;7;0;0;2;1;1;B01
200900039537;0;30;0;0;0;0;0;A01
200900039538;0;7;0;0;2;1;1;B01
200900039538;0;7;0;0;2;7;15;A01
200900039539;0;7;0;0;2;1;1;A01
200900039540;0;7;0;0;2;4;1;B01
200900039541;0;7;0;0;2;1;0;A01
200900039541;0;7;0;0;2;1;0;B01
200900039542;0;7;0;0;2;9;1;B01
200900039542;0;7;0;0;2;1;1;A01
200900039543;0;7;0;0;2;1;2;C01
200900039543;0;7;0;0;2;1;5;A01
200900039543;0;7;0;0;2;1;1;B01
200900039544;0;31;0;0;2;1;1;A01
200900039544;0;7;0;0;2;4;1;B01
200900039545;0;10;0;11;0;2;1;A01
200900039546;0;7;0;0;2;4;1;B01
200900039546;0;7;0;0;2;1;1;A01
200900039546;0;7;0;0;2;4;1;C01
200900039547;0;7;0;9;0;1;14;A01
200900039548;0;7;0;0;2;1;15;A01
200900039548;0;33;0;0;2;1;1;B01
200900039549;0;7;0;0;2;1;1;A01
200900039550;0;1;0;0;2;8;1;B01
200900039550;0;7;0;0;2;1;15;A01
200900039551;0;30;0;0;2;5;1;A01
200900039551;0;7;0;0;2;1;1;B01
200900039552;0;7;0;0;2;8;1;B02
200900039552;0;2;0;0;2;1;1;A01
200900039553;0;2;0;0;2;1;1;A01
200900039553;0;10;0;0;2;5;1;B02
200900039554;0;37;0;0;0;6;16;B02
200900039554;0;2;0;0;2;1;1;A01
200900039555;0;2;0;0;2;8;1;A01
200900039555;1;7;0;0;2;2;15;B02
200900039556;0;2;0;0;2;1;1;B02
200900039556;0;7;0;0;2;6;9;A01
200900039557;0;7;0;13;0;1;0;A01
200900039558;0;2;0;0;5;1;1;A01
200900039559;0;7;0;8;0;8;1;A01
200900039560;0;7;0;0;2;3;19;A01
200900039560;0;2;0;0;2;1;1;B02
200900039561;0;7;0;0;2;8;0;B02
200900039561;0;7;0;0;2;3;1;A01
200900039562;0;7;0;0;2;1;1;A01
200900039562;0;7;0;0;2;3;15;B02
200900039563;0;7;0;13;0;9;0;A01
200900039564;0;14;0;0;2;7;17;A01
200900039564;0;2;0;0;2;8;1;B02
200900039565;0;7;0;3;0;3;13;A01
200900039566;0;7;0;0;2;3;15;A01
200900039566;0;2;0;0;2;1;1;B02
200900039567;0;7;0;0;0;0;19;B02
200900039567;0;2;0;6;0;1;1;A01
200900039568;0;7;0;13;0;2;1;A01
200900039569;0;2;0;0;2;1;17;B02
200900039569;0;20;0;0;2;3;10;A01
200900039570;0;7;0;0;0;0;1;A01
200900039571;0;10;0;6;0;2;21;A01
200900039572;0;7;0;0;2;1;13;A01
200900039572;0;15;0;0;2;1;1;B02
200900039573;0;7;0;0;0;1;14;A01
200900039574;0;7;0;0;1;3;15;A01
200900039575;0;7;0;13;0;3;14;A01
200900039576;0;2;0;0;2;1;0;A01
200900039576;0;7;0;0;2;4;23;B01
200900039577;0;7;0;0;2;7;1;B01
200900039577;0;30;0;0;2;1;1;A01
200900039578;0;7;0;0;2;2;1;A01
200900039578;0;7;0;0;2;3;1;B01
200900039579;0;7;0;8;0;1;1;A01
200900039580;0;7;0;0;1;2;1;A01
200900039581;0;7;0;0;2;4;23;B01
200900039581;0;7;0;0;2;1;1;A01
200900039582;0;37;62;0;1;1;1;A01
200900039583;0;7;0;13;0;9;1;A01
200900039584;0;1;0;;1;1;14;A01
200900039585;0;7;0;11;0;9;6;A01
200900039586;0;7;0;0;2;1;1;B01
200900039586;0;7;0;0;2;1;1;A01
200900039587;0;2;0;0;0;7;16;A01
200900039588;0;1;0;0;2;1;9;B01
200900039588;0;7;0;0;2;1;9;A01
200900039589;0;7;0;0;1;1;1;A01
200900039590;0;33;0;0;2;4;1;B01
200900039590;0;7;0;0;2;1;1;A01
200900039591;0;2;0;0;0;1;1;A01
200900039592;0;7;0;0;2;7;16;B01
200900039592;0;2;0;0;2;8;0;A01
200900039593;0;7;0;2;0;1;13;A01
200900039594;0;7;0;0;1;2;16;A01
200900039595;0;7;0;11;0;1;15;A01
200900039596;0;7;0;0;2;1;15;A01
200900039596;0;1;0;0;2;1;1;B01
200900039597;0;7;0;0;2;6;23;B01
200900039597;0;30;0;0;2;1;1;A01
200900039598;0;7;0;0;2;1;5;A01
200900039598;0;7;0;0;2;3;1;B02
200900039599;0;2;0;1;0;1;0;A01
200900039600;0;7;0;0;2;1;1;B02
200900039600;0;7;0;0;2;3;13;A01
200900039601;0;7;0;0;2;2;1;A01