num_acc;senc;catv;occutc;obs;obsm;choc;manv;num_veh
200900039601;0;32;0;0;2;8;19;B02
200900039602;0;7;0;0;0;2;14;A01
200900039603;0;7;0;0;0;0;13;A01
200900039604;0;7;0;0;2;1;1;A01
200900039604;0;7;0;0;2;7;1;B02
200900039605;0;7;0;8;0;7;1;A01
200900039606;0;2;0;0;2;1;17;A01
200900039606;0;7;0;0;2;2;20;B02
200900039607;0;2;0;0;0;7;1;A01
200900039608;0;7;0;13;0;8;1;A01
200900039609;0;20;0;0;1;3;9;A01
200900039610;0;7;0;0;2;6;2;B02
200900039610;0;33;0;1;2;1;2;A01
200900039611;0;30;0;0;2;1;2;A01
200900039611;0;7;0;0;2;2;2;B02
200900039612;0;1;0;0;2;7;13;A01
200900039612;0;7;0;0;2;7;1;B02
200900039613;0;30;0;13;0;1;1;A01
200900039614;0;31;0;0;0;8;1;A01
200900039615;0;7;0;0;2;1;9;B02
200900039615;0;1;0;0;2;4;2;A01
200900039616;0;7;0;0;2;3;1;A01
200900039616;0;2;0;0;2;1;2;B02
200900039617;0;7;0;0;2;3;1;B02
200900039617;0;33;0;0;2;8;1;A01
200900039618;0;3;0;0;2;2;13;A01
200900039618;0;7;0;0;2;2;1;B02
200900039619;0;10;0;0;2;1;15;A01
200900039619;0;10;0;0;0;7;2;B02
200900039620;0;7;0;0;2;8;1;D04
200900039620;0;7;0;0;2;3;1;C03
200900039620;0;7;0;0;2;1;1;B02
200900039620;0;7;0;0;2;1;13;A01
200900039621;0;33;0;16;0;2;1;A01
200900039622;0;7;0;0;2;7;17;A01
200900039622;0;1;0;0;2;8;2;B02
200900039623;0;10;0;0;0;1;1;A01
200900039624;0;7;0;6;0;7;1;A01
200900039625;0;33;0;6;0;1;1;A01
200900039626;0;7;0;0;2;2;1;A01
200900039626;0;33;0;0;2;1;5;B02
200900039627;0;7;0;0;2;2;1;B02
200900039627;0;1;0;0;2;1;16;A01
200900039628;0;7;0;0;1;3;19;A01
200900039629;0;32;0;12;0;1;2;A01
200900039630;0;7;0;0;0;5;23;B02
200900039630;0;30;0;1;0;1;1;A01
200900039631;0;33;0;8;0;1;1;A01
200900039632;0;7;0;0;2;6;1;B02
200900039632;0;33;0;0;2;1;1;A01
200900039632;0;7;0;0;0;0;15;C03
200900039633;0;7;0;13;0;2;1;A01
200900039634;0;7;0;0;2;4;2;A01
200900039635;0;7;0;0;0;0;2;A01
200900039636;0;30;0;0;5;1;1;A01
200900039637;0;7;0;0;0;1;2;A01
200900039638;0;7;0;9;0;1;16;A01
200900039639;0;31;0;0;2;1;14;A01
200900039639;0;7;0;0;2;8;9;B01
200900039640;0;7;0;2;0;1;15;A01
200900039641;0;7;0;0;2;1;1;A01
200900039641;0;7;0;0;2;3;1;B01
200900039642;0;7;0;0;1;1;16;A01
200900039643;0;7;0;0;2;4;1;B01
200900039643;0;30;0;0;2;1;2;A01
200900039644;0;37;15;0;0;0;1;B01
200900039644;0;7;0;0;0;0;15;A01
200900039645;0;37;0;0;2;2;1;B01
200900039645;0;7;0;0;2;3;9;A01
200900039646;0;1;0;0;2;4;1;B01
200900039646;0;7;0;0;2;1;9;A01
200900039647;0;2;0;12;0;1;14;A01
200900039648;0;7;0;1;0;1;13;A01
200900039649;0;7;0;9;0;9;14;A01
200900039650;0;33;0;0;2;8;1;B01
200900039650;0;7;0;0;2;1;1;A01
200900039651;0;30;0;0;0;0;1;A01
200900039652;0;7;0;0;2;2;1;B01
200900039652;0;7;0;0;2;3;9;A01
200900039653;0;7;0;0;2;2;15;A01
200900039653;0;30;0;0;2;1;1;B01
200900039654;0;7;0;1;0;9;0;A01
200900039655;0;7;0;0;2;1;1;A01
200900039655;0;7;0;0;2;4;23;B01
200900039656;0;7;0;0;1;4;4;A01
200900039657;0;31;0;0;2;5;1;B01
200900039657;0;7;0;0;2;5;4;A01
200900039658;0;1;0;0;2;7;21;B01
200900039658;0;7;0;0;2;1;9;A01
200900039659;0;7;0;0;2;3;1;A01
200900039659;0;7;0;0;2;1;1;B01
200900039660;0;30;0;0;2;1;17;A01
200900039660;0;7;0;0;2;6;15;B01
200900039661;0;2;0;0;2;1;1;A01
200900039661;0;7;0;0;2;4;1;B01
200900039662;0;7;0;0;2;1;2;A01
200900039662;0;7;0;5;2;4;1;B01
200900039662;0;7;0;0;2;3;1;D01
200900039662;0;30;0;0;2;1;1;C01
200900039663;0;7;0;3;0;1;13;A01
200900039664;0;7;0;13;0;3;14;A01
200900039665;0;33;0;8;0;1;14;A01
200900039666;0;30;0;0;2;1;1;A01
200900039666;0;10;0;0;2;6;15;B02
200900039667;0;7;0;0;2;3;15;A01
200900039667;0;33;0;0;2;1;1;B02
200900039668;0;30;0;0;2;1;17;A01
200900039668;0;7;0;0;2;4;1;B01
200900039669;0;7;0;0;1;1;1;A01
200900039670;0;7;0;0;0;0;9;A01
200900039670;0;33;0;0;0;7;1;B01
200900039671;0;7;0;0;2;1;1;C01
200900039671;0;7;0;0;2;1;11;A01
200900039671;0;7;0;0;2;1;1;B01
200900039672;0;7;0;0;2;2;1;A01
200900039672;0;7;0;0;2;1;16;B01
200900039673;0;31;0;16;0;7;1;A01
200900039674;0;7;0;0;2;2;16;A01
200900039674;0;30;0;0;2;1;1;B01
200900039675;0;7;0;0;2;8;15;A01
200900039675;0;31;0;0;2;1;17;B01
200900039676;0;7;0;8;0;1;1;A01
200900039677;0;7;0;0;1;1;1;A01
200900039678;0;40;0;0;1;2;1;A01
200900039679;0;7;0;8;0;7;13;A01
200900039680;0;31;0;0;2;8;16;B01
200900039680;0;7;0;0;2;1;14;A01
200900039681;0;7;0;0;1;2;1;A01
200900039682;0;7;0;0;2;1;1;A01
200900039682;0;7;0;0;2;8;1;C01
200900039682;0;7;0;0;2;1;1;B01
200900039683;0;30;0;0;2;1;1;B01
200900039683;0;20;0;0;2;2;1;A01
200900039684;0;7;0;0;1;3;1;A01
200900039685;0;7;0;2;0;8;14;B02
200900039685;0;7;0;16;0;1;14;A01
200900039686;0;7;0;15;0;5;1;A01
200900039687;0;10;0;0;2;1;17;A01
200900039687;0;7;0;0;2;1;1;B02
200900039688;0;7;0;10;0;9;17;A01
200900039689;0;7;0;13;0;2;1;A01
200900039690;0;7;0;0;2;3;15;A01
200900039690;0;14;0;0;2;1;1;B02
200900039691;0;2;0;0;0;0;14;A01
200900039692;0;10;0;0;2;1;1;B02
200900039692;0;7;0;0;2;1;5;A01
200900039693;0;7;0;5;0;9;13;A01
200900039694;0;2;0;0;2;8;13;A01
200900039694;0;7;0;0;2;8;1;B02
200900039695;0;7;0;2;0;1;1;A01
200900039696;0;2;0;0;2;1;2;A01
200900039696;0;7;0;0;2;4;2;B02
200900039696;0;7;0;0;0;4;2;C03
200900039697;0;7;0;0;2;1;13;A01
200900039697;0;2;0;0;2;1;1;B02
200900039698;0;7;0;0;2;1;15;A01
200900039698;0;7;0;0;2;3;1;B02
200900039699;0;14;0;0;2;1;1;B02
200900039699;0;7;0;0;2;8;15;A01
200900039700;0;7;0;0;0;1;1;A01
200900039701;0;7;0;0;2;2;15;A01
200900039701;0;2;0;0;2;1;1;B02
200900039702;0;2;0;7;0;1;1;A01
200900039703;0;7;0;0;1;2;1;A01
200900039704;0;7;0;0;2;2;13;A01
200900039704;0;7;0;0;2;3;1;B02
200900039705;0;7;0;0;0;0;14;A01
200900039706;0;17;0;0;2;3;1;B02
200900039706;0;7;0;0;2;1;13;A01
200900039707;0;2;0;3;0;2;1;A01
200900039708;0;2;0;0;2;4;1;B02
200900039708;0;7;0;3;0;3;1;A01
200900039708;0;7;0;0;2;2;2;C03
200900039709;0;2;0;0;2;0;1;B02
200900039710;0;7;0;2;0;1;1;A01
200900039711;0;7;0;0;2;3;1;B02
200900039711;0;7;0;0;2;1;13;A01
200900039712;0;2;0;0;0;0;1;A01
200900039713;0;2;0;0;2;8;13;B02
200900039713;0;7;0;0;2;5;17;A01
200900039714;0;3;0;0;2;1;13;A01
200900039714;0;7;0;0;2;1;1;B01
200900039715;0;7;0;0;2;1;1;B01
200900039715;0;7;0;0;2;4;0;A01
200900039716;0;7;0;0;2;2;15;A01
200900039716;0;30;0;0;2;1;1;B01
200900039717;0;7;0;0;2;8;1;B01
200900039717;0;33;0;0;2;7;17;A01
200900039718;0;7;0;0;2;1;1;A01
200900039718;0;7;0;15;2;9;1;B01
200900039719;0;37;1;0;1;0;24;A01
200900039720;0;37;3;0;0;3;1;B01
200900039720;0;7;0;1;2;7;1;A01
200900039721;0;7;0;0;2;7;0;A01
200900039721;0;33;0;0;2;0;0;B01
200900039722;0;7;0;0;1;1;1;A01
200900039723;0;7;0;0;2;1;2;A01
200900039723;0;7;0;0;2;4;23;C01
200900039723;0;7;0;0;2;4;23;B01
200900039724;0;7;0;3;2;3;15;A01
200900039724;0;7;0;0;2;3;1;B01
200900039725;0;7;0;0;2;0;15;A01
200900039725;0;2;0;0;2;1;1;B01
200900039726;0;7;0;13;0;1;1;A01
200900039727;0;7;0;0;2;6;2;B01
200900039727;0;7;0;0;2;1;2;A01
200900039728;0;7;0;0;2;6;15;B01
200900039728;0;7;0;0;2;3;1;A01
200900039729;0;34;0;0;2;1;1;B01
200900039729;0;7;0;0;9;3;15;A01
200900039730;0;7;0;0;2;3;1;B01
200900039730;0;7;0;0;2;3;13;A01
200900039731;0;7;0;0;1;2;1;A01
200900039732;0;10;0;6;0;1;1;A01
200900039733;0;7;0;0;1;1;1;A01
200900039734;0;7;0;0;2;2;1;A01
200900039734;0;2;0;0;2;1;1;B01
200900039735;0;7;0;4;0;3;1;A01
200900039736;0;7;0;0;0;0;0;B01
200900039736;0;7;0;0;2;2;15;A01
200900039737;0;7;0;4;0;3;1;A01
200900039738;0;7;0;2;0;3;13;A01
200900039739;0;14;0;0;1;5;1;A01
200900039740;0;7;0;0;2;1;1;A01
200900039740;0;7;0;0;2;4;23;B01
200900039740;0;7;0;0;2;4;23;C01
200900039741;0;7;0;0;2;8;11;A01
200900039741;0;33;0;0;2;1;1;B01
200900039742;0;7;0;0;2;6;15;A01
200900039742;0;1;0;0;2;2;1;B01
200900039743;0;7;0;0;2;3;1;B01
200900039743;0;33;0;0;2;7;16;A01
200900039744;0;7;0;2;2;1;2;A01
200900039744;0;7;0;1;2;4;1;B01
200900039745;0;7;0;6;0;1;0;A01
200900039746;0;14;0;3;0;8;1;A01
200900039747;0;7;0;0;2;4;2;B01
200900039747;0;7;0;0;2;1;2;A01
200900039748;0;7;0;6;2;1;1;A01
200900039748;0;7;0;0;2;1;1;B01
200900039749;0;7;0;0;2;1;16;B01
200900039749;0;10;0;0;2;3;13;A01
200900039750;0;32;0;0;2;1;1;B01
200900039750;0;7;0;0;2;7;15;A01
200900039751;0;7;0;0;2;4;1;B01
200900039751;0;10;0;0;2;1;1;A01
200900039752;0;7;0;0;2;1;1;B01
200900039752;0;7;0;0;2;7;15;A01
200900039753;0;7;0;0;9;1;1;A01
200900039753;0;1;0;0;2;4;1;B01
200900039754;0;7;0;0;2;3;1;A01
200900039755;0;33;0;0;2;1;1;B01
200900039755;0;7;0;0;2;2;15;A01
200900039756;0;7;0;0;1;1;0;A01
200900039757;0;2;0;0;0;0;1;A01
200900039758;0;31;0;0;2;1;17;B01
200900039758;0;7;0;0;2;1;15;A01
200900039759;0;7;0;0;2;6;1;B01
200900039759;0;7;0;0;2;2;1;A01
200900039760;0;33;0;0;2;1;1;A01
200900039760;0;7;0;0;2;7;15;B01
200900039761;0;7;0;0;4;1;1;A01
200900039761;0;40;0;0;2;2;1;B01
200900039762;0;7;0;0;2;8;1;C01
200900039762;0;7;0;0;2;8;1;B01
200900039762;0;7;0;1;0;2;14;A01
200900039763;0;1;0;0;1;1;1;A01
200900039764;0;2;0;0;2;1;1;A01
200900039764;0;7;0;0;0;6;15;B01
200900039765;0;30;0;0;2;0;1;A01
200900039765;0;7;0;0;2;1;1;B01
200900039766;0;17;0;0;2;2;1;B01
200900039766;0;7;0;0;2;3;1;A01
200900039767;0;2;0;12;0;1;1;A01
200900039768;0;30;0;0;2;1;1;A01
200900039768;0;7;0;0;2;8;1;B01
200900039769;0;7;0;0;2;8;11;A01
200900039769;0;32;0;0;2;1;1;B01
200900039770;0;7;0;6;0;8;14;A01
200900039771;0;7;0;0;2;1;1;A01
200900039771;0;7;0;0;2;7;1;B01
200900039771;0;7;0;0;2;3;1;C01
200900039772;0;7;0;1;0;2;1;A01
200900039772;0;7;0;1;0;6;24;B01
200900039773;0;7;0;0;2;3;15;A01
200900039773;0;30;0;0;2;7;0;B01
200900039774;0;2;0;6;0;1;1;A01
200900039775;0;7;0;0;2;6;1;B02
200900039775;0;2;0;0;2;1;19;A01
200900039776;0;10;0;13;0;3;1;A01
200900039777;0;7;0;6;0;8;13;A01
200900039778;0;2;0;16;0;0;1;A01
200900039779;0;7;0;13;0;2;0;A01
200900039780;0;2;0;0;0;0;1;A01
200900039781;0;2;0;16;0;3;0;A01
200900039782;0;7;0;0;2;3;9;B02
200900039782;0;2;0;1;2;7;1;A01
200900039783;0;7;0;0;2;1;19;A01
200900039783;0;7;0;0;2;8;1;B02
200900039784;0;7;0;13;0;3;2;A01
200900039785;0;7;0;0;2;1;1;B02
200900039785;0;2;0;0;2;1;13;A01
200900039786;0;7;0;0;2;1;16;A01
200900039786;0;7;0;0;2;8;1;B02
200900039787;0;7;0;12;0;1;1;A01
200900039788;0;14;0;0;2;3;1;B02
200900039788;0;2;0;0;2;3;13;A01
200900039789;0;10;0;16;0;0;14;A01
200900039790;0;7;0;0;2;3;10;A01
200900039790;0;7;0;0;2;1;1;B02
200900039791;0;7;0;0;2;2;1;B02
200900039791;0;2;0;0;2;2;13;A01
200900039792;0;7;0;8;0;1;21;A01
200900039793;0;33;0;0;2;7;1;B01
200900039793;0;7;0;0;2;1;1;A01
200900039794;0;20;0;0;2;1;1;A01
200900039794;0;7;0;0;2;7;1;B01
200900039795;0;7;0;0;2;7;0;A01
200900039795;0;7;0;0;2;1;1;B01
200900039796;0;7;0;0;2;3;1;A01
200900039796;0;7;0;0;2;3;1;B01
200900039797;0;7;0;0;2;6;13;C01
200900039797;0;7;0;0;0;1;1;A01
200900039797;0;7;0;0;2;8;14;B01
200900039798;0;7;0;0;2;1;17;A01
200900039798;0;7;0;0;2;3;1;B01
200900039798;0;7;0;0;2;8;1;C01
200900039798;0;7;0;0;2;6;2;D01
200900039799;0;30;0;1;9;1;1;A01
200900039800;0;7;0;0;1;2;1;A01
200900039801;0;7;0;0;1;1;1;A01
200900039802;0;7;0;8;0;1;1;A01
200900039803;0;1;0;0;2;1;1;B01
200900039803;0;7;0;0;9;1;1;A01
200900039804;0;7;0;0;2;1;2;A01
200900039804;0;7;0;0;2;4;1;B01
200900039805;0;3;0;0;2;2;15;A01
200900039805;0;7;0;0;2;3;1;B01
200900039806;0;7;0;0;1;1;1;A01
200900039807;0;7;0;0;2;3;15;A01
200900039807;0;31;0;0;2;1;1;B01
200900039808;0;7;0;0;2;2;1;A01
200900039808;0;40;0;0;2;3;1;B01
200900039809;0;30;0;0;2;1;2;A01
200900039809;0;7;0;0;0;5;16;B01
200900039810;0;30;0;0;1;1;16;A01
200900039811;0;7;0;0;2;4;1;B01
200900039811;0;2;0;0;2;1;1;A01
200900039812;0;7;0;0;2;4;1;B01
200900039812;0;7;0;0;2;1;2;A01
200900039813;0;7;0;0;2;1;1;B01
200900039813;0;7;0;9;2;8;1;A01
200900039814;0;7;0;0;2;1;9;A01
200900039814;0;1;0;0;2;4;1;B01
200900039815;0;7;0;0;2;4;2;C01
200900039815;0;7;0;0;2;1;2;A01
200900039815;0;7;0;0;2;4;2;D01
200900039815;0;33;0;0;2;1;2;B01
200900039816;0;7;0;0;2;2;16;A01
200900039817;0;7;0;0;2;2;9;A01
200900039817;0;33;0;0;2;1;1;B01
200900039817;0;7;0;0;2;8;1;C01
200900039818;0;7;0;0;1;4;20;A01
200900039819;0;7;0;0;2;8;1;B01
200900039819;0;7;0;0;2;1;15;A01
200900039820;0;1;0;0;0;1;1;A01
200900039821;0;10;0;0;2;1;1;B02
200900039821;0;2;0;0;2;1;1;A01
200900039822;0;2;0;0;0;0;1;A01
200900039823;0;21;0;0;2;3;15;B02
200900039823;0;7;0;0;2;2;17;A01
200900039824;0;7;0;2;0;1;1;A01
200900039825;0;7;0;4;0;7;17;A01
200900039826;0;3;0;0;1;1;17;A01
200900039827;0;7;0;0;2;3;19;A01
200900039827;0;2;0;0;2;7;1;B02
200900039828;0;2;0;0;0;0;0;A01
200900039829;0;7;0;0;2;7;1;B02
200900039829;0;7;0;0;2;1;1;A01
200900039830;0;10;0;0;2;4;1;B02
200900039830;0;10;0;0;2;2;21;A01
200900039831;0;2;0;0;0;3;0;B02
200900039831;0;10;0;0;0;2;0;A01
200900039832;0;7;0;5;0;8;2;B02
200900039832;0;7;0;0;2;2;17;A01
200900039833;0;7;0;0;2;1;2;A01
200900039833;0;7;0;0;0;4;2;B02
200900039834;0;2;0;0;0;0;21;A01
200900039835;0;7;0;2;0;3;1;A01
200900039836;0;2;0;16;0;8;21;A01
200900039837;0;7;0;0;2;8;1;B02
200900039837;0;10;0;0;2;1;1;A01
200900039838;0;7;0;13;0;3;13;A01
200900039839;0;7;0;0;2;6;15;A01
200900039839;0;2;0;0;2;1;1;B02
200900039840;0;2;0;11;0;1;1;A01
200900039841;0;10;0;0;2;6;1;B02
200900039841;0;7;0;0;2;5;14;A01
200900039842;0;7;0;0;2;1;1;C01
200900039842;0;7;0;0;2;3;13;A01
200900039842;0;7;0;0;2;8;1;B01
200900039843;0;7;0;0;1;1;1;A01
200900039844;0;30;0;0;2;3;1;B01
200900039844;0;7;0;0;9;2;12;A01
200900039845;0;30;0;12;0;1;1;A01
200900039846;0;7;0;0;2;1;1;A01
200900039846;0;7;0;0;2;4;23;B01
200900039846;0;7;0;0;2;4;23;C01
200900039847;0;30;0;0;2;1;1;B01
200900039847;0;7;0;0;9;1;15;A01
200900039848;0;7;0;0;2;1;5;A01
200900039848;0;33;0;0;2;1;1;B01
200900039849;0;7;0;0;2;8;9;A01
200900039849;0;33;0;0;2;1;1;B01
200900039850;0;10;0;0;2;5;1;A01
200900039850;0;7;0;0;2;1;1;B01
200900039851;0;7;0;0;2;2;1;B01
200900039851;0;7;0;0;2;2;15;A01
200900039852;0;7;0;8;0;1;1;A01
200900039853;0;7;0;0;2;4;4;A01
200900039853;0;32;0;0;2;5;1;B01
200900039854;0;7;0;0;2;4;1;B01
200900039854;0;7;0;0;2;1;1;A01
200900039855;0;7;0;0;2;1;13;A01
200900039855;0;10;0;0;2;3;1;B01
200900039856;0;7;0;0;2;8;1;B01
200900039856;0;7;0;0;2;1;1;A01
200900039857;0;7;0;0;1;1;13;A01
200900039858;0;2;0;0;2;1;1;A01
200900039858;0;21;0;0;2;3;19;B02
200900039859;0;7;0;0;2;5;17;B02
200900039859;0;1;0;0;2;4;1;C03
200900039859;0;7;0;0;2;1;1;A01
200900039860;0;1;0;0;2;1;1;B02
200900039860;0;7;0;0;2;3;15;A01
200900039861;0;2;0;0;0;3;1;A01
200900039862;0;7;0;0;2;6;1;A01
200900039863;0;7;0;2;0;5;1;A01
200900039864;0;2;0;0;6;1;1;A01
200900039865;0;7;0;13;0;3;13;A01
200900039866;0;7;0;13;0;1;2;A01
200900039867;0;7;0;0;2;2;1;B02
200900039867;0;10;0;0;2;3;19;A01
200900039868;0;2;0;13;0;1;1;A01
200900039869;0;7;0;2;2;3;13;A01
200900039869;0;7;0;0;2;6;1;B02
200900039870;0;7;0;0;2;3;1;B02
200900039870;0;7;0;0;2;3;13;A01
200900039871;0;2;0;0;0;2;1;A01
200900039872;0;2;0;4;0;8;17;A01
200900039873;0;7;0;0;9;2;1;A01
200900039873;0;1;0;0;2;1;13;B02
200900039874;0;1;0;0;2;0;1;B01
200900039874;0;7;0;0;2;0;11;A01
200900039875;0;31;0;0;2;0;1;B01
200900039875;0;7;0;0;2;2;15;A01
200900039876;0;32;0;0;2;1;1;B01
200900039876;0;7;0;0;2;7;15;A01
200900039877;0;7;0;0;2;1;2;A01
200900039877;0;7;0;0;2;4;2;B01
200900039878;0;7;0;0;0;4;2;B01
200900039878;0;33;0;0;2;1;2;A01
200900039879;0;7;0;0;2;1;2;A01
200900039879;0;7;0;0;2;4;2;B01
200900039879;0;7;0;0;0;4;2;C01
200900039880;0;7;0;0;1;2;1;A01
200900039881;0;7;0;0;2;4;1;B01
200900039881;0;33;0;0;2;1;2;A01
200900039882;0;7;0;1;0;2;14;A01
200900039883;0;7;0;0;0;3;1;A01
200900039883;0;40;0;0;2;1;1;B01
200900039884;0;2;0;0;2;1;1;B01
200900039884;0;7;0;0;2;7;15;A01
200900039885;0;7;0;0;2;7;15;A01
200900039885;0;7;0;0;2;1;1;B01
200900039886;0;7;0;0;2;2;19;A01
200900039886;0;30;0;0;2;1;1;B01
200900039887;0;7;0;8;0;1;1;A01
200900039888;0;7;0;0;2;6;1;A01
200900039888;0;7;0;0;2;1;1;B01
200900039889;0;7;0;0;1;3;1;A01
200900039890;0;7;0;0;2;4;2;B01
200900039890;0;7;0;0;2;1;2;A01
200900039890;0;7;0;0;2;4;2;C01
200900039891;0;7;0;0;2;3;15;A01
200900039891;0;7;0;0;2;1;1;B01
200900039892;0;7;0;0;1;1;1;A01
200900039893;0;7;0;0;1;3;1;A01
200900039894;0;7;0;0;2;8;20;A01
200900039894;0;34;0;0;2;1;1;B01
200900039895;0;7;0;0;1;8;1;A01
200900039896;0;7;0;0;0;0;20;A01
200900039896;0;30;0;0;2;0;1;B01
200900039897;0;7;0;0;2;3;1;A01
200900039897;0;7;0;0;2;2;1;B01
200900039898;0;7;0;0;2;5;0;A01
200900039898;0;7;0;0;2;3;1;B01
200900039899;0;7;0;0;2;2;1;B01
200900039899;0;7;0;0;2;2;20;A01
200900039900;0;7;0;0;1;1;1;A01
200900039901;0;2;0;0;2;1;1;A01
200900039901;0;7;0;0;2;6;15;B01
200900039902;0;7;0;0;2;1;1;A01
200900039902;0;20;0;0;2;8;1;B01
200900039903;0;7;0;0;2;3;1;A01
200900039903;0;7;0;1;2;3;1;B01
200900039904;0;7;0;0;2;1;1;A01
200900039904;0;7;0;0;2;4;0;B01
200900039905;0;7;0;13;0;2;14;A01
200900039906;0;30;0;0;2;7;1;B01
200900039906;0;7;0;0;2;3;15;A01
200900039907;0;7;0;0;2;1;1;A01
200900039907;0;7;0;0;2;6;15;B01
200900039908;0;7;0;0;2;3;1;B01
200900039908;0;33;0;0;2;1;1;A01
200900039909;0;1;0;0;0;1;0;A01
200900039910;0;33;0;0;2;1;1;B01
200900039910;0;7;0;0;2;2;15;A01
200900039911;0;7;0;0;1;5;4;A01
200900039912;0;7;0;0;2;1;1;B01
200900039912;0;7;0;0;2;2;1;A01
200900039913;0;7;0;0;9;2;1;A01
200900039913;0;33;0;0;2;1;1;B01
200900039914;0;7;0;0;2;1;1;A01
200900039914;0;7;0;0;2;1;1;B01
200900039915;0;7;0;0;2;1;2;A01
200900039915;0;7;0;0;2;4;2;B01
200900039915;0;7;0;0;2;4;1;C01
200900039916;0;7;0;8;0;7;19;A01
200900039917;0;7;0;0;2;1;1;A01
200900039917;0;7;0;0;2;4;1;B01
200900039918;0;7;0;1;0;1;14;A01
200900039919;0;7;0;4;0;1;16;A01
200900039920;0;7;0;7;0;1;13;B01
200900039920;0;7;0;0;0;0;11;A01
200900039921;0;7;0;0;2;1;2;A01
200900039921;0;3;0;0;2;6;15;B01
200900039922;0;7;0;0;1;2;1;A01
200900039923;0;7;0;0;1;1;1;A01
200900039924;0;7;0;0;2;2;1;B01
200900039924;0;7;0;1;2;1;9;A01
200900039925;0;2;0;0;2;1;1;A01
200900039926;0;7;0;0;2;3;1;B01
200900039926;0;7;0;0;2;2;15;A01
200900039927;0;7;0;0;2;3;9;B01
200900039927;0;30;0;0;2;1;1;A01
200900039928;0;33;0;0;2;9;21;B01
200900039928;0;7;0;0;2;3;9;A01
200900039929;0;30;0;14;0;1;9;A01
200900039930;0;7;0;13;0;3;1;A01
200900039931;0;7;0;0;2;1;1;A01
200900039931;0;7;0;0;2;8;19;B02
200900039932;0;7;0;0;1;8;1;A01
200900039933;0;7;0;0;9;0;22;A01
200900039934;0;7;0;0;2;6;1;B02
200900039934;0;7;0;0;2;2;17;A01
200900039935;0;7;0;2;0;2;1;A01
200900039936;0;30;0;13;0;1;1;A01
200900039937;0;99;0;13;0;2;2;A01
200900039938;0;10;0;0;2;1;1;C03
200900039938;0;10;0;0;2;1;1;B02
200900039938;0;7;0;0;2;3;15;A01
200900039939;0;7;0;0;2;8;1;B02
200900039939;0;2;0;0;2;1;6;A01
200900039940;0;7;0;0;2;6;10;A01
200900039940;0;33;0;0;2;1;1;B02
200900039941;0;7;0;0;9;3;1;B02
200900039941;0;1;0;0;2;1;1;A01
200900039942;0;7;0;0;2;1;1;A01
200900039942;0;7;0;0;2;2;19;B02
200900039943;0;7;0;0;2;1;1;B02
200900039943;0;7;0;0;2;8;13;A01
200900039944;0;7;0;6;0;3;21;A01
200900039945;0;7;0;0;2;4;23;B01
200900039945;0;2;0;0;2;1;1;A01
200900039946;0;1;0;0;0;0;19;A01
200900039947;0;2;0;0;0;0;1;A01
200900039948;0;30;0;1;0;1;14;A01
200900039949;0;3;0;0;1;1;1;A01
200900039950;0;7;0;0;2;2;0;B01
200900039950;0;2;0;0;0;1;1;A01
200900039951;0;7;0;0;2;1;1;A01
200900039951;0;7;0;0;2;1;1;B01
200900039952;0;30;0;0;0;8;0;A01
200900039953;0;1;0;0;0;0;2;A01
200900039953;0;1;0;0;0;0;2;B01
200900039954;0;7;0;0;1;1;1;A01
200900039955;0;2;0;0;0;7;0;A01
200900039956;0;2;0;0;0;0;1;A01
200900039957;0;7;0;0;2;1;2;B01
200900039957;0;7;0;0;2;1;2;A01
200900039957;0;7;0;0;2;4;1;C01
200900039958;0;1;0;0;0;0;1;A01
200900039959;0;2;0;0;0;7;1;A01
200900039960;0;2;0;0;0;1;17;B01
200900039960;0;7;0;1;0;3;13;A01
200900039961;0;2;0;0;0;7;6;A01
200900039962;0;7;0;;2;;1;A01
200900039962;0;30;0;0;2;1;15;B01
200900039963;0;2;0;0;2;1;17;A01
200900039963;0;7;0;0;2;8;1;B01
200900039964;0;7;0;0;2;8;15;A01
200900039964;0;7;0;0;2;2;1;B01
200900039965;0;7;0;0;1;3;1;A01
200900039966;0;7;0;0;1;1;1;A01
200900039967;0;7;0;0;1;2;21;A01
200900039968;0;7;0;0;1;2;1;A01
200900039969;0;7;0;0;2;3;1;B01
200900039969;0;1;0;0;2;1;1;A01
200900039970;0;7;0;0;1;1;1;A01
200900039971;0;30;0;0;0;0;1;A01
200900039972;0;33;0;16;0;6;9;A01
200900039973;0;7;0;0;2;3;2;A01
200900039973;0;7;0;0;2;5;23;C01
200900039973;0;7;0;0;2;1;2;B01
200900039974;0;37;1;0;2;1;1;B01
200900039974;0;7;0;0;2;1;5;A01
200900039975;0;2;0;0;1;0;21;A01
200900039976;0;2;0;0;2;1;15;B01
200900039976;0;7;0;0;2;2;16;A01
200900039977;0;7;0;0;2;1;1;B01
200900039977;0;7;0;0;2;1;5;A01
200900039978;0;30;0;1;0;1;1;A01
200900039979;0;2;0;0;0;7;1;A01
200900039980;0;10;0;0;2;2;1;A01
200900039980;0;7;0;0;2;3;1;B01
200900039981;0;7;0;0;1;1;1;A01
200900039982;0;30;0;0;2;2;17;B01
200900039982;0;7;0;0;2;3;13;A01
200900039983;0;33;0;0;0;0;0;A01
200900039984;0;7;0;0;2;3;1;B01
200900039984;0;7;0;0;2;2;0;A01
200900039985;0;33;0;0;2;1;1;B01
200900039985;0;7;0;0;2;2;1;A01