num_acc;senc;catv;occutc;obs;obsm;choc;manv;num_veh
200900039986;0;2;0;0;0;0;0;A01
200900039987;0;7;0;1;0;2;2;A01
200900039988;0;7;0;0;2;7;15;A01
200900039988;0;14;0;0;2;3;1;B01
200900039989;0;31;0;0;2;2;1;B01
200900039989;0;7;0;0;2;5;15;A01
200900039990;0;37;1;0;2;3;1;B01
200900039990;0;7;0;0;2;7;16;A01
200900039991;0;33;0;0;2;7;16;B01
200900039991;0;7;0;0;2;3;1;A01
200900039992;0;33;0;0;0;0;2;A01
200900039993;0;7;0;0;2;7;1;B01
200900039993;0;7;0;0;2;1;1;A01
200900039994;0;7;0;0;2;1;1;B01
200900039994;0;1;0;0;2;7;15;A01
200900039995;0;7;0;8;0;5;1;A01
200900039996;0;7;0;0;2;1;1;B01
200900039996;0;1;0;0;2;8;19;A01
200900039997;0;7;0;0;2;3;20;B01
200900039997;0;7;0;0;2;4;4;A01
200900039998;0;37;1;0;0;4;1;B01
200900039998;0;7;0;0;2;1;2;A01
200900039999;0;7;0;0;2;4;2;B01
200900039999;0;7;0;0;2;1;0;A01
200900040000;0;33;0;0;2;1;2;A01
200900040000;0;7;0;0;2;4;2;B01
200900040001;0;1;0;0;2;7;1;B01
200900040001;0;10;0;0;2;1;9;A01
200900040002;0;2;0;0;2;3;1;A01
200900040002;0;7;0;0;2;2;15;B02
200900040003;0;2;0;0;0;0;1;A01
200900040004;2;2;0;11;0;3;1;A01
200900040005;0;2;0;3;0;1;1;A01
200900040006;0;2;0;11;0;8;13;A01
200900040007;0;7;0;13;0;1;1;A01
200900040008;0;2;0;0;2;1;1;A01
200900040008;0;21;0;0;0;6;16;B02
200900040009;0;7;0;13;0;1;1;A01
200900040010;0;10;0;0;2;1;1;B02
200900040010;0;7;0;0;2;7;0;A01
200900040011;0;2;0;0;2;3;1;A01
200900040011;0;7;0;0;2;8;1;B02
200900040012;0;7;0;0;2;1;1;B02
200900040012;0;7;0;0;2;1;5;A01
200900040013;0;2;0;0;2;1;1;A01
200900040013;0;7;0;0;2;3;1;B02
200900040014;0;7;0;0;1;1;1;A01
200900040015;0;7;0;0;9;3;1;C03
200900040015;0;2;0;0;2;1;13;A01
200900040015;0;7;0;0;2;3;1;B02
200900040016;0;2;0;13;0;1;1;A01
200900040017;0;7;0;0;1;6;4;A01
200900040018;0;7;0;0;2;1;19;A01
200900040018;0;7;0;0;2;8;1;B02
200900040019;0;7;0;13;0;9;1;C03
200900040019;0;7;0;13;0;1;21;A01
200900040019;0;7;0;13;0;9;1;B02
200900040020;0;7;0;8;0;2;1;A01
200900040021;0;2;0;16;0;1;1;A01
200900040022;0;7;0;0;2;1;1;A01
200900040022;0;7;0;0;2;3;1;B02
200900040023;0;2;0;16;0;1;13;A01
200900040024;0;2;0;0;2;1;9;A01
200900040024;0;10;0;0;2;2;1;B02
200900040025;0;2;0;2;0;0;0;A01
200900040026;0;7;0;0;2;2;15;B02
200900040026;0;7;0;0;2;2;1;A01
200900040027;0;37;0;0;2;2;13;A01
200900040027;0;7;0;0;2;2;1;B02
200900040028;0;7;0;6;0;1;13;A01
200900040029;0;7;0;5;0;2;1;A01
200900040030;0;2;0;15;0;1;1;A01
200900040031;0;10;0;0;2;2;2;B02
200900040031;0;14;0;0;0;6;2;A01
200900040032;0;7;0;8;0;1;14;A01
200900040033;0;2;0;0;0;1;13;A01
200900040033;0;13;0;0;2;5;13;B02
200900040034;0;7;0;4;0;1;21;A01
200900040035;0;7;0;0;0;4;2;B01
200900040035;0;30;0;0;2;1;2;A01
200900040036;0;7;0;0;2;1;1;B01
200900040036;0;7;0;0;2;2;16;A01
200900040037;0;32;0;0;2;1;1;B01
200900040037;0;7;0;0;2;7;15;A01
200900040038;0;1;0;0;0;0;0;A01
200900040039;0;33;0;0;0;1;0;A01
200900040040;0;30;0;0;2;1;1;A01
200900040040;0;7;0;0;2;6;1;B01
200900040041;0;7;0;0;2;4;1;B01
200900040041;0;7;0;0;2;1;1;A01
200900040042;0;33;0;0;2;1;5;A01
200900040042;0;7;0;0;2;8;9;B01
200900040043;0;7;0;13;0;1;14;A01
200900040044;0;7;0;0;2;8;20;A01
200900040044;0;7;0;0;0;0;1;B01
200900040045;0;33;0;0;2;1;17;A01
200900040045;0;7;0;0;2;8;15;B01
200900040046;0;7;0;0;1;1;1;A01
200900040047;0;7;0;0;2;2;13;A01
200900040047;0;7;0;0;2;3;1;B01
200900040048;0;7;0;0;2;4;1;C01
200900040048;0;7;0;0;2;6;1;B01
200900040048;0;31;0;0;2;3;1;A01
200900040049;0;7;0;0;2;3;15;A01
200900040049;0;7;0;0;2;1;1;B01
200900040050;0;7;0;0;2;5;15;A01
200900040050;0;33;0;0;2;1;1;B01
200900040051;0;30;0;0;2;1;11;A01
200900040051;0;7;0;0;2;3;1;B01
200900040052;0;7;0;0;2;1;1;B02
200900040052;0;7;0;0;2;8;19;A01
200900040053;0;7;0;0;2;4;2;B02
200900040053;0;17;0;0;2;1;1;A01
200900040054;0;7;0;13;0;3;13;A01
200900040055;0;33;0;0;2;1;13;A01
200900040055;0;7;0;0;2;3;13;B02
200900040056;0;10;0;0;1;3;1;A01
200900040057;0;7;0;2;0;3;1;A01
200900040058;0;10;0;15;0;1;1;A01
200900040059;0;7;0;0;2;3;19;A01
200900040059;0;7;0;0;2;1;1;B02
200900040060;0;7;0;0;2;2;23;C03
200900040060;0;7;0;0;2;3;1;B02
200900040060;0;7;0;0;2;2;15;A01
200900040061;0;7;0;0;9;2;1;A01
200900040061;0;1;0;0;2;8;15;B02
200900040062;0;7;0;0;2;3;1;B02
200900040062;0;7;0;0;2;3;13;A01
200900040063;0;7;0;0;0;9;1;A01
200900040064;0;7;0;0;2;3;13;A01
200900040064;0;10;0;0;2;3;13;B02
200900040065;0;14;0;0;2;2;19;A01
200900040065;0;7;0;0;2;1;1;B02
200900040066;0;7;0;16;0;9;1;A01
200900040067;0;7;0;5;0;1;13;A01
200900040068;0;7;0;0;2;2;1;B02
200900040068;0;10;0;0;2;2;13;A01
200900040069;0;7;0;1;0;2;13;A01
200900040069;0;2;0;1;0;1;1;B02
200900040070;0;7;0;2;0;1;14;A01
200900040071;0;7;0;0;1;2;1;A01
200900040072;0;7;0;6;0;2;14;A01
200900040073;0;33;0;16;0;0;21;A01
200900040074;0;15;0;13;0;5;1;A01
200900040075;0;31;0;0;0;1;1;A01
200900040076;0;7;0;0;2;4;20;B01
200900040076;0;2;0;0;2;1;1;A01
200900040077;0;7;0;0;1;1;1;A01
200900040078;0;7;0;0;2;1;1;A01
200900040078;0;7;0;0;1;1;23;B01
200900040079;0;7;0;0;2;1;1;B01
200900040079;0;7;0;0;2;1;13;A01
200900040079;0;7;0;0;0;0;9;C01
200900040080;0;7;0;0;2;1;1;B02
200900040080;0;7;0;0;2;3;15;A01
200900040081;0;33;0;0;0;9;1;A01
200900040082;0;7;0;0;2;3;13;A01
200900040082;0;7;0;7;2;3;1;B02
200900040083;0;33;0;0;0;4;2;B01
200900040083;0;7;0;0;2;1;2;A01
200900040084;0;14;0;2;0;1;1;A01
200900040085;0;10;0;0;1;1;1;A01
200900040086;0;7;0;0;2;3;15;B02
200900040086;0;30;0;0;2;1;17;A01
200900040087;0;7;0;11;2;3;1;B02
200900040087;0;10;0;0;2;1;1;A01
200900040088;0;1;0;0;1;6;2;B01
200900040088;0;7;0;0;2;7;6;A01
200900040089;0;7;0;0;2;3;15;A01
200900040089;0;30;0;0;2;1;17;B01
200900040090;0;7;0;0;2;5;19;A01
200900040090;0;7;0;0;2;3;1;B02
200900040091;0;7;0;0;2;5;2;B01
200900040091;0;30;0;0;2;1;2;A01
200900040092;0;7;0;0;2;6;1;B02
200900040092;0;33;0;0;2;7;13;A01
200900040093;0;7;0;0;2;2;15;A01
200900040093;0;7;0;2;0;7;1;B02
200900040094;0;7;0;0;2;3;13;A01
200900040094;0;7;0;0;2;3;1;B02
200900040095;0;10;0;0;2;4;23;B02
200900040095;0;30;0;0;0;1;2;A01
200900040096;2;7;0;0;2;2;5;A01
200900040096;0;30;0;0;2;1;1;B01
200900040097;0;7;0;0;2;4;2;C01
200900040097;0;7;0;0;2;4;2;B01
200900040097;0;10;0;0;2;4;2;D01
200900040097;0;7;0;0;2;1;2;A01
200900040098;0;7;0;0;2;1;1;A01
200900040098;0;7;0;0;2;2;1;B01
200900040099;0;10;0;0;2;1;1;B01
200900040099;0;7;0;0;2;1;13;A01
200900040100;0;30;0;0;2;1;1;A01
200900040100;0;7;0;0;2;2;1;B01
200900040101;0;33;0;13;0;0;1;A01
200900040102;0;30;0;0;2;1;1;A01
200900040102;0;7;0;0;2;4;23;B01
200900040103;0;7;0;0;2;5;1;B01
200900040103;0;32;0;0;2;1;1;A01
200900040104;0;34;0;0;2;0;0;A01
200900040104;0;7;0;0;2;4;15;B01
200900040105;0;30;0;0;2;3;1;B01
200900040105;0;7;0;0;2;8;15;A01
200900040106;0;10;0;0;2;2;1;A01
200900040106;0;31;0;0;2;1;1;B01
200900040107;0;7;0;0;2;2;15;A01
200900040107;0;7;0;0;2;1;1;B01
200900040108;0;30;0;0;2;1;1;B01
200900040108;0;7;0;0;9;1;9;A01
200900040109;0;33;0;0;2;1;1;B01
200900040109;0;7;0;0;2;8;1;A01
200900040110;0;7;0;0;1;4;4;A01
200900040111;0;31;0;0;2;1;2;A01
200900040111;0;7;0;0;2;4;23;B01
200900040112;0;10;0;0;2;4;2;A01
200900040112;0;10;0;0;2;4;23;B01
200900040113;0;7;0;0;2;7;15;A01
200900040113;0;33;0;0;2;1;1;B01
200900040114;0;10;0;0;2;2;1;B01
200900040114;0;7;0;0;2;8;11;A01
200900040115;0;31;0;0;1;1;17;A01
200900040116;0;7;0;0;9;3;9;A01
200900040116;0;1;0;0;2;1;1;B01
200900040117;0;7;0;0;9;1;2;A01
200900040117;0;34;0;0;2;4;2;B01
200900040118;0;14;0;0;1;7;1;A01
200900040119;0;1;0;0;2;8;1;B01
200900040119;0;7;0;0;2;2;16;A01
200900040120;0;7;0;0;2;4;1;B01
200900040120;0;7;0;0;2;0;1;A01
200900040121;0;7;0;8;0;1;0;A01
200900040122;0;1;0;0;2;7;19;B01
200900040122;0;7;0;0;9;1;1;A01
200900040123;0;7;0;0;2;1;15;A01
200900040123;0;1;0;0;2;7;1;B01
200900040124;0;10;0;0;2;1;11;A01
200900040124;0;7;0;0;2;4;1;B01
200900040125;0;31;0;0;0;0;1;A01
200900040126;0;10;0;2;0;3;1;A01
200900040127;0;7;0;0;1;4;4;A01
200900040128;0;7;0;0;1;1;1;A01
200900040129;0;7;0;0;2;4;23;D01
200900040129;0;7;0;0;2;1;1;A01
200900040129;0;7;0;0;2;4;23;C01
200900040129;0;7;0;0;2;4;23;B01
200900040130;0;7;0;0;2;3;9;A01
200900040130;0;7;0;0;2;3;1;B01
200900040131;0;7;0;0;1;1;1;A01
200900040132;0;7;0;0;1;2;1;A01
200900040133;0;30;0;0;2;1;1;B01
200900040133;0;7;0;0;9;2;15;A01
200900040134;0;7;0;0;2;7;23;C01
200900040134;0;17;0;0;2;0;13;A01
200900040134;0;7;0;0;2;6;1;B01
200900040135;0;7;0;0;2;1;0;A01
200900040136;0;10;0;0;2;1;1;B01
200900040136;0;7;0;0;2;5;15;A01
200900040137;0;2;0;1;0;1;1;A01
200900040137;0;7;0;0;2;6;13;B01
200900040138;0;7;0;0;0;8;15;B01
200900040138;0;33;0;0;2;1;21;A01
200900040139;0;2;0;16;0;1;1;A01
200900040140;0;33;0;0;2;1;1;B01
200900040140;0;7;0;0;2;7;15;A01
200900040141;0;7;0;0;2;1;1;A01
200900040141;0;7;0;0;2;4;23;B01
200900040141;0;10;0;0;2;4;23;C01
200900040142;0;7;0;0;2;1;1;D01
200900040142;0;7;0;0;2;1;1;B01
200900040142;0;10;0;0;2;4;23;C01
200900040142;0;7;0;0;2;1;1;A01
200900040143;0;7;0;0;2;3;1;B01
200900040143;0;14;0;0;2;7;3;A01
200900040144;0;7;0;0;2;7;15;A01
200900040144;0;2;0;0;2;1;1;B01
200900040145;0;33;0;0;2;0;21;A01
200900040145;0;37;1;0;2;6;1;B01
200900040146;0;7;0;0;2;2;15;A01
200900040146;0;30;0;0;2;1;1;B01
200900040147;0;2;0;0;0;1;0;A01
200900040148;0;7;0;0;0;0;11;A01
200900040148;0;7;0;0;2;7;1;C01
200900040148;0;33;0;0;0;0;21;B01
200900040149;0;7;0;0;2;1;19;A01
200900040149;0;7;0;1;2;3;1;B01
200900040150;0;7;0;0;9;1;20;A01
200900040150;0;2;0;0;2;1;1;B01
200900040151;0;7;0;0;2;4;1;B01
200900040151;0;7;0;0;2;1;1;A01
200900040152;0;33;0;0;0;0;0;A01
200900040153;0;7;0;0;0;2;0;A01
200900040153;0;33;0;0;2;6;1;B01
200900040154;0;34;0;0;2;2;5;A01
200900040154;0;7;0;0;2;2;1;B01
200900040155;0;7;0;8;0;1;1;A01
200900040156;0;30;0;0;0;8;0;A01
200900040157;0;10;0;0;2;4;2;C03
200900040157;0;7;0;0;2;1;1;A01
200900040157;0;7;0;0;2;4;2;B02
200900040158;0;10;0;0;2;5;13;A01
200900040158;0;10;0;3;2;3;1;B02
200900040159;0;7;0;0;2;2;1;A01
200900040159;0;2;0;0;2;8;16;B02
200900040160;0;7;0;0;0;9;0;A01
200900040161;0;7;0;2;0;8;1;A01
200900040162;0;2;0;1;0;5;1;A01
200900040163;0;10;0;0;2;5;5;A01
200900040163;0;10;0;0;2;1;19;B02
200900040164;0;2;0;0;2;8;13;A01
200900040164;0;17;0;0;2;8;1;B02
200900040165;0;7;0;13;0;9;1;A01
200900040166;0;7;0;0;2;4;23;A01
200900040166;0;10;0;0;2;1;1;C03
200900040166;0;7;0;0;2;4;23;B02
200900040167;0;7;0;0;2;5;16;B02
200900040167;0;2;0;0;2;8;18;A01
200900040168;0;7;0;0;1;2;2;A01
200900040169;0;7;0;13;0;2;1;A01
200900040170;0;7;0;2;0;1;1;A01
200900040171;0;7;0;0;2;3;1;A01
200900040171;0;7;0;0;2;2;1;B02
200900040172;0;7;0;0;2;3;1;A01
200900040172;0;7;0;0;2;3;1;B02
200900040173;0;2;0;0;2;2;17;B02
200900040173;0;7;0;0;0;6;15;A01
200900040174;0;2;0;0;0;8;1;A01
200900040175;0;2;0;0;2;1;1;B02
200900040175;0;7;0;0;2;7;15;A01
200900040176;0;7;0;0;2;3;3;A01
200900040176;0;7;0;0;2;3;1;B02
200900040177;0;7;0;13;0;2;1;A01
200900040178;0;7;0;0;2;1;1;B02
200900040178;0;7;0;0;2;1;13;A01
200900040179;0;7;0;1;0;1;1;A01
200900040180;0;7;0;0;0;3;1;A01
200900040180;0;7;0;0;0;3;0;B02
200900040181;0;7;0;0;2;1;2;A01
200900040181;0;7;0;0;0;4;23;B02
200900040182;0;7;0;0;9;1;1;C03
200900040182;2;7;0;0;2;3;17;A01
200900040182;0;7;0;0;2;3;1;B02
200900040183;0;7;0;0;2;2;15;A01
200900040183;0;2;0;0;2;1;1;B02
200900040184;0;7;0;0;2;6;1;C03
200900040184;0;2;0;0;2;1;1;A01
200900040184;0;7;0;0;2;6;1;B02
200900040185;0;7;0;0;2;2;1;A01
200900040185;0;7;0;0;2;1;1;B02
200900040186;0;7;0;0;2;1;1;C03
200900040186;0;7;0;8;2;2;1;A01
200900040186;0;7;0;0;2;1;1;B02
200900040187;0;2;0;16;0;0;19;A01
200900040188;0;7;0;0;2;1;1;A01
200900040188;0;21;0;0;2;4;1;B02
200900040189;0;7;0;0;9;2;1;A01
200900040189;0;39;0;0;0;0;0;B02
200900040190;0;7;0;13;0;2;0;A01
200900040191;0;7;0;0;1;1;1;A01
200900040192;0;7;0;13;0;2;1;A01
200900040193;0;7;0;0;2;1;1;C03
200900040193;0;21;0;0;2;4;1;A01
200900040193;0;7;0;0;2;8;1;B02
200900040194;0;2;0;0;2;1;1;B02
200900040194;0;10;0;0;2;2;15;A01
200900040195;0;2;0;0;2;2;21;A01
200900040195;0;7;0;0;0;8;15;B02
200900040196;0;7;0;0;2;1;0;E05
200900040196;0;7;0;0;0;9;9;A01
200900040196;0;7;0;0;2;1;2;D04
200900040196;0;10;0;0;2;1;2;B02
200900040196;0;7;0;0;2;1;2;F06
200900040196;0;7;0;0;2;1;2;C03
200900040197;0;7;0;0;2;1;13;A01
200900040197;0;7;0;0;2;1;1;B02
200900040198;0;7;0;0;2;1;13;A01
200900040198;0;37;0;0;2;1;1;B02
200900040199;0;7;0;0;0;1;14;A01
200900040200;0;7;0;0;1;1;13;A01
200900040201;0;2;0;0;2;1;13;A01
200900040201;0;7;0;0;2;3;1;B02
200900040202;0;7;0;0;1;0;0;A01
200900040203;0;7;0;15;0;5;14;A01
200900040204;0;7;0;0;2;1;1;C01
200900040204;0;7;0;0;2;3;9;B01
200900040204;0;33;0;0;2;1;3;A01
200900040205;0;7;0;0;1;2;1;A01
200900040206;0;7;0;0;2;7;1;A01
200900040206;0;7;0;0;2;1;1;B01
200900040207;0;7;0;0;0;3;0;A01
200900040208;0;7;0;0;2;1;15;A01
200900040208;0;7;0;0;2;3;1;B01
200900040209;0;10;0;0;2;1;1;A01
200900040209;0;7;0;0;2;4;23;B01
200900040210;0;7;0;0;2;4;23;C01
200900040210;0;7;0;0;2;1;1;A01
200900040210;0;7;0;0;2;4;23;B01
200900040211;0;7;0;0;2;4;2;B01
200900040211;0;7;0;0;2;1;1;A01
200900040212;0;7;0;0;2;7;19;A01
200900040212;0;7;0;0;2;1;1;B01
200900040213;0;7;0;0;1;2;1;A01
200900040214;0;7;0;0;1;1;15;A01
200900040215;0;7;0;0;9;3;15;B01
200900040215;0;31;0;0;2;7;2;A01
200900040216;0;7;0;0;2;3;1;A01
200900040216;0;7;0;0;2;2;15;B01
200900040217;0;7;0;0;1;1;15;A01
200900040218;0;7;0;0;2;2;15;A01
200900040218;0;14;0;0;2;2;1;B01
200900040219;0;7;0;0;2;3;0;A01
200900040219;0;33;0;0;2;2;1;B01
200900040220;0;7;0;0;1;1;1;A01
200900040221;0;13;0;0;2;2;1;B01
200900040221;0;14;0;0;2;5;4;A01
200900040222;0;33;0;0;0;4;2;B01
200900040222;0;31;0;0;9;1;2;A01
200900040223;0;7;0;0;2;3;15;A01
200900040223;0;7;0;0;2;3;1;B01
200900040224;0;7;0;0;2;8;11;A01
200900040224;0;14;0;0;0;3;1;B01
200900040225;0;36;0;0;1;1;1;A01
200900040226;0;2;0;0;2;1;1;B01
200900040226;0;7;0;0;9;3;15;A01
200900040227;0;2;0;0;2;1;1;B01
200900040227;0;7;0;0;2;3;15;A01
200900040228;0;7;0;8;0;2;1;A01
200900040229;0;7;0;0;2;1;1;B02
200900040229;0;7;0;6;2;7;13;A01
200900040230;0;7;0;0;2;1;1;A01
200900040230;0;3;0;0;2;4;1;B01
200900040231;0;7;0;0;2;2;9;A01
200900040231;0;7;0;0;2;5;9;B01
200900040232;0;7;0;0;2;1;1;B01
200900040232;0;7;0;0;2;7;19;A01
200900040233;0;7;0;0;2;2;9;A01
200900040233;0;2;0;0;2;1;1;B01
200900040234;0;7;0;0;2;0;19;A01
200900040234;0;32;0;0;2;0;1;B01
200900040235;0;7;0;0;1;1;15;A01
200900040236;2;7;0;0;2;1;1;A01
200900040236;0;7;0;0;2;2;1;B01
200900040237;0;2;0;0;2;2;1;B01
200900040237;0;17;0;0;2;5;15;A01
200900040238;0;7;0;0;2;4;23;B01
200900040238;0;7;0;14;0;1;2;A01
200900040239;0;7;0;0;2;1;1;A01
200900040240;0;2;0;0;0;0;15;A01
200900040241;0;7;0;0;2;1;2;A01
200900040241;0;7;0;0;2;4;2;C01
200900040241;0;7;0;0;2;4;2;B01
200900040242;0;7;0;0;2;1;16;A01
200900040242;0;10;0;0;0;4;23;C01
200900040242;0;7;0;0;2;1;23;B01
200900040243;0;33;0;0;1;5;1;A01
200900040244;0;7;0;1;0;3;13;A01
200900040245;0;7;0;0;0;1;1;A01
200900040246;0;7;0;0;2;1;1;A01
200900040246;0;7;0;0;2;4;1;B01
200900040247;0;7;0;0;2;1;1;A01
200900040247;0;7;0;0;2;4;1;B01
200900040248;0;7;0;0;2;3;15;B01
200900040248;0;33;0;0;2;2;0;A01
200900040249;0;31;0;0;2;3;1;B01
200900040249;0;7;0;0;2;2;19;A01
200900040250;0;1;0;0;0;1;1;A01
200900040251;0;7;0;13;0;1;1;A01
200900040252;0;7;0;0;2;8;1;B02
200900040252;0;7;0;0;2;3;1;A01
200900040253;0;7;0;0;2;3;6;A01
200900040253;0;17;0;0;2;1;1;B02
200900040254;0;7;0;2;0;1;13;A01
200900040255;0;7;0;4;0;1;17;A01
200900040256;0;36;0;0;0;8;15;C03
200900040256;0;10;0;0;2;2;1;A01
200900040256;0;7;0;0;0;0;15;B02
200900040257;0;7;0;3;0;9;1;A01
200900040258;2;10;0;0;2;7;13;A01
200900040258;0;7;0;0;2;0;1;C03
200900040258;0;7;0;0;2;1;1;B02
200900040259;0;33;0;0;2;7;1;B02
200900040259;0;7;0;0;2;3;16;A01
200900040260;0;7;0;0;2;3;15;A01
200900040260;0;30;0;0;2;1;1;B02
200900040261;0;2;0;0;2;8;15;A01
200900040261;0;7;0;0;2;2;1;B02
200900040262;0;7;0;0;0;1;1;B02
200900040262;0;3;0;0;0;1;13;A01
200900040263;0;7;0;6;0;1;13;A01
200900040264;0;7;0;0;2;7;1;B02
200900040264;0;2;0;0;2;1;21;A01
200900040265;0;7;0;0;2;1;1;A01
200900040265;0;7;0;0;2;2;13;B02
200900040266;0;7;0;0;1;2;1;A01
200900040267;0;2;0;0;2;1;1;B02
200900040267;0;10;0;0;2;1;15;A01
200900040268;0;10;0;2;0;2;0;A01
200900040269;0;15;0;0;0;7;1;A01
200900040270;0;10;0;0;0;2;1;A01
200900040270;0;7;0;0;0;1;6;B02
200900040271;0;7;0;0;0;3;15;A01
200900040271;0;2;0;0;2;1;1;B02
200900040272;0;7;0;0;2;2;13;A01
200900040272;0;7;0;0;2;1;1;D04
200900040272;0;17;0;0;2;6;1;B02
200900040272;0;10;0;0;2;9;1;C03
200900040273;0;13;0;6;0;2;1;A01
200900040274;0;33;0;0;2;1;1;B02
200900040274;0;7;0;0;2;7;15;A01
200900040275;0;1;0;0;2;0;21;B01
200900040275;0;7;0;0;2;2;1;C01
200900040275;0;7;0;0;0;0;24;A01
200900040276;0;7;0;0;2;1;0;A01
200900040276;0;1;0;0;2;0;0;B01
200900040277;0;7;0;0;9;1;1;A01
200900040277;0;1;0;0;2;8;1;B01
200900040278;0;7;0;0;2;7;15;A01
200900040278;0;2;0;0;2;1;1;B01
200900040279;0;2;0;0;2;2;1;B01
200900040279;0;7;0;0;2;1;15;A01
200900040280;0;10;0;0;9;3;1;B01
200900040280;0;1;0;0;2;8;1;A01
200900040281;0;1;0;0;2;3;1;B01
200900040281;0;7;0;0;9;3;15;A01
200900040282;0;7;0;13;0;1;1;A01
200900040283;0;30;0;0;2;1;2;B01
200900040283;0;14;0;0;2;4;4;A01
200900040284;0;7;0;0;2;1;1;A01
200900040284;0;7;0;0;2;4;1;B02
200900040285;0;7;0;0;0;9;1;A01
200900040286;0;7;0;3;0;2;21;A01
200900040287;0;7;0;0;2;2;13;A01
200900040287;0;32;0;0;2;1;1;B01
200900040288;0;7;0;6;0;1;1;A01
200900040289;0;17;0;0;2;8;1;A01
200900040289;0;7;0;0;2;1;1;B02
200900040290;0;7;0;13;0;1;1;A01
200900040291;0;2;0;12;0;2;1;A01
200900040292;0;31;0;0;2;1;1;A01
200900040292;0;1;0;0;2;4;1;B02
200900040293;0;17;0;6;0;1;1;A01
200900040294;0;7;0;13;0;1;1;A01
200900040295;0;15;0;0;0;0;2;A01
200900040296;0;7;0;8;0;1;1;A01
200900040297;0;33;0;0;0;9;1;A01
200900040298;0;21;0;0;2;1;15;B02
200900040298;0;33;0;0;2;1;16;A01
200900040299;0;7;0;0;2;6;9;A01
200900040299;0;33;0;0;2;1;1;B02
200900040300;0;33;0;0;2;7;2;A01
200900040300;0;7;0;0;2;3;2;B01
200900040301;0;2;0;0;2;1;1;A01
200900040301;0;7;0;0;2;8;1;B01
200900040302;0;7;0;0;2;1;13;A01
200900040302;0;7;0;0;2;3;1;B01
200900040303;0;7;0;13;0;0;0;A01
200900040304;0;7;0;0;2;2;1;A01
200900040304;0;1;0;0;2;8;1;B01
200900040305;0;7;0;0;2;3;1;B01
200900040305;0;7;0;0;2;3;11;A01
200900040306;0;7;0;0;1;2;1;A01
200900040307;0;33;0;13;0;1;1;A01
200900040308;0;1;0;0;2;6;15;A01
200900040308;0;7;0;0;2;1;1;B02
200900040309;0;1;0;0;2;1;1;A01
200900040309;0;7;0;0;2;4;15;B01
200900040310;0;7;0;0;0;9;1;A01
200900040311;0;15;0;2;0;7;1;A01
200900040312;0;7;0;0;2;8;13;A01
200900040312;0;7;0;0;2;8;1;B02
200900040313;0;7;0;0;2;1;1;A01
200900040313;0;30;0;0;2;8;1;B01
200900040314;0;38;55;13;0;8;13;A01
200900040315;0;33;0;12;0;1;21;A01
200900040316;0;1;0;0;2;8;1;B01
200900040316;1;7;0;0;0;0;0;A01
200900040317;0;7;0;13;0;1;1;A01
200900040318;0;7;0;0;2;2;1;B02
200900040318;0;7;0;0;2;8;1;C03
200900040318;0;7;0;0;2;2;17;A01
200900040319;0;7;0;0;2;1;1;B02
200900040319;0;33;0;0;2;1;13;A01
200900040320;0;7;0;0;1;3;20;A01
200900040321;0;7;0;0;2;4;20;B01
200900040321;0;7;0;0;2;1;1;A01
200900040322;0;7;0;0;2;1;2;A01
200900040322;0;7;0;0;2;4;2;B01
200900040322;0;7;0;0;2;4;2;D01
200900040322;0;7;0;0;2;4;2;C01
200900040323;0;7;0;0;2;2;1;B01
200900040323;0;7;0;0;2;3;1;A01
200900040324;0;1;0;0;2;7;1;B02
200900040324;0;7;0;0;2;1;1;A01
200900040325;0;7;0;0;1;2;1;A01
200900040326;0;32;0;0;2;1;18;B01
200900040326;0;7;0;0;2;2;16;A01
200900040327;0;7;0;4;0;1;0;A01
200900040328;0;7;0;13;0;9;13;A01
200900040329;0;7;0;0;2;2;1;B01
200900040329;0;7;0;0;2;7;15;A01
200900040330;0;99;0;1;0;2;14;A01
200900040331;0;7;0;0;2;8;1;B01
200900040331;2;7;0;1;2;3;1;A01
200900040331;0;10;0;0;2;3;1;C01
200900040332;0;1;0;0;2;6;1;B01
200900040332;0;7;0;0;9;3;1;A01
200900040333;0;7;0;0;2;3;1;A01
200900040333;0;33;0;0;2;6;1;B01
200900040334;0;7;0;0;1;3;1;A01
200900040335;0;7;0;0;2;1;2;A01
200900040335;0;7;0;0;2;4;2;B01
200900040335;0;7;0;0;2;4;15;C01
200900040336;0;7;0;8;0;1;0;A01
200900040337;0;33;0;12;0;0;6;A01
200900040338;0;14;0;0;0;1;2;A01
200900040338;0;7;0;0;0;8;0;C01
200900040338;0;7;0;0;0;4;23;B01
200900040339;0;33;0;0;2;1;1;A01
200900040339;0;7;0;0;2;6;1;B01
200900040340;0;7;0;0;0;1;1;A01
200900040341;0;7;0;0;2;1;1;A01
200900040341;0;7;0;0;2;1;1;B01
200900040342;0;38;0;0;1;1;0;A01
200900040343;0;7;0;0;0;1;0;B01
200900040343;0;15;0;0;0;2;13;A01
200900040344;0;10;0;7;0;2;14;A01
200900040345;0;7;0;0;2;8;1;A01
200900040345;0;33;0;0;2;1;1;B01
200900040346;0;33;0;0;0;1;0;A01
200900040347;0;7;0;0;0;6;23;B02
200900040347;0;30;0;1;0;1;1;A01
200900040348;0;3;0;0;2;3;1;A01
200900040348;0;7;0;0;2;3;1;B02