num_acc;senc;catv;occutc;obs;obsm;choc;manv;num_veh
200900040349;0;7;0;0;2;8;15;A01
200900040349;0;33;0;0;2;1;17;B02
200900040350;0;7;0;0;0;4;2;C01
200900040350;0;7;0;0;0;4;2;B01
200900040350;0;7;0;0;2;1;2;A01
200900040351;0;7;0;0;0;6;21;B02
200900040351;0;33;0;0;2;0;0;A01
200900040352;0;7;0;0;0;4;23;B02
200900040352;0;7;0;0;2;1;1;A01
200900040353;0;7;0;0;2;1;1;A01
200900040353;0;1;0;0;2;8;19;B02
200900040354;0;30;0;16;0;2;1;A01
200900040355;0;1;0;0;2;1;5;B02
200900040355;0;33;0;0;0;7;1;A01
200900040356;0;7;0;2;6;2;13;A01
200900040357;0;7;0;1;1;3;1;A01
200900040357;0;7;0;0;2;3;23;B02
200900040358;0;7;0;13;0;2;1;A01
200900040359;0;33;0;13;0;1;21;A01
200900040360;0;7;0;2;0;2;13;A01
200900040361;0;7;0;0;0;6;1;B02
200900040361;0;33;0;0;2;2;17;A01
200900040362;0;7;0;0;9;2;2;A01
200900040362;0;1;0;0;2;6;0;B01
200900040363;0;7;0;0;2;2;1;A01
200900040363;0;7;0;0;2;3;9;B02
200900040364;0;7;0;13;0;1;13;A01
200900040365;0;2;0;12;0;1;1;A01
200900040366;0;33;0;0;2;0;5;B02
200900040366;0;7;0;0;2;1;5;A01
200900040367;0;33;0;0;0;0;1;A01
200900040368;0;7;0;2;0;8;14;A01
200900040369;2;7;0;2;0;1;1;A01
200900040370;0;32;0;0;2;1;0;A01
200900040370;0;7;0;0;2;2;5;C01
200900040370;0;10;0;0;2;2;9;B01
200900040371;0;7;0;13;0;3;1;A01
200900040372;0;15;0;13;0;2;14;A01
200900040373;0;7;0;2;0;1;1;A01
200900040374;0;17;0;0;2;2;1;B01
200900040374;0;7;0;0;2;3;5;A01
200900040375;0;7;0;0;2;3;1;B01
200900040375;0;1;0;0;2;7;12;A01
200900040376;0;7;0;0;2;3;15;B01
200900040376;0;10;0;0;2;2;13;A01
200900040377;0;7;0;1;2;1;13;A01
200900040377;0;7;0;0;2;1;24;C01
200900040377;0;7;0;0;2;8;5;D01
200900040377;0;7;0;0;2;4;24;B01
200900040378;0;7;0;0;2;1;2;A01
200900040378;0;7;0;10;0;4;2;B01
200900040379;0;7;0;0;1;2;17;A01
200900040379;0;37;1;0;1;5;1;B01
200900040380;0;7;0;0;1;4;4;A01
200900040381;0;7;0;16;0;9;1;A01
200900040382;0;7;0;0;2;1;0;A01
200900040382;0;13;0;0;2;1;1;B01
200900040383;0;7;0;0;2;2;15;A01
200900040383;0;33;0;0;2;1;1;B01
200900040384;0;33;0;0;2;1;2;B01
200900040384;0;7;0;0;0;5;1;A01
200900040385;0;7;0;0;2;4;2;A01
200900040385;0;7;0;0;2;4;2;B01
200900040385;0;7;0;0;2;1;2;C01
200900040386;0;7;0;3;0;7;14;A01
200900040387;0;7;0;3;0;3;1;A01
200900040388;0;33;0;0;0;8;9;A01
200900040389;0;33;0;14;0;2;9;C01
200900040389;0;10;0;0;0;4;23;A01
200900040389;0;7;0;0;2;6;23;B01
200900040390;0;10;0;0;2;1;2;A01
200900040390;0;10;0;0;2;1;2;B01
200900040391;0;7;0;0;0;1;1;A01
200900040392;0;33;0;0;9;7;0;A01
200900040393;0;7;0;15;0;1;0;A01
200900040394;0;7;0;0;2;2;9;A01
200900040394;0;7;0;0;2;6;1;B01
200900040395;0;7;0;0;0;4;11;A01
200900040395;0;33;0;0;2;1;3;B01
200900040396;0;34;0;0;2;8;12;E01
200900040396;0;7;0;0;2;5;1;A01
200900040396;0;7;0;0;2;7;1;C01
200900040396;0;7;0;0;2;7;12;D01
200900040396;0;7;0;0;2;8;1;B01
200900040397;0;7;0;0;2;6;11;B01
200900040397;0;33;0;0;2;1;2;A01
200900040398;0;31;0;0;0;3;1;A01
200900040398;0;10;0;0;0;2;12;B01
200900040399;0;31;0;0;0;8;0;A01
200900040399;0;33;0;0;2;1;1;C01
200900040399;0;33;0;0;2;1;1;B01
200900040400;0;7;0;0;0;4;1;A01
200900040400;0;7;0;0;0;4;1;B01
200900040400;0;7;0;0;2;1;1;C01
200900040401;0;7;0;3;0;1;16;A01
200900040402;0;7;0;0;2;1;1;B01
200900040402;0;7;0;14;2;7;19;A01
200900040402;0;7;0;0;2;8;23;C01
200900040403;0;7;0;0;0;0;0;A01
200900040404;0;7;0;13;0;2;1;A01
200900040405;0;7;0;0;0;9;21;A01
200900040406;0;7;0;9;0;1;1;A01
200900040407;0;10;0;0;2;1;13;A01
200900040407;0;17;0;0;2;3;1;B01
200900040408;0;1;0;0;2;7;15;B01
200900040408;0;7;0;0;2;1;1;A01
200900040409;0;7;0;0;2;1;1;A01
200900040409;0;7;0;0;0;4;2;B01
200900040410;0;2;0;8;0;7;1;A01
200900040411;0;2;0;0;2;8;1;B01
200900040411;0;21;0;0;2;7;17;A01
200900040412;0;7;0;0;2;8;1;B01
200900040412;0;7;0;0;2;2;15;A01
200900040413;0;33;0;0;2;1;1;B01
200900040413;0;7;0;0;2;8;15;A01
200900040414;0;32;0;16;0;9;1;A01
200900040415;0;7;0;0;2;3;1;A01
200900040415;0;2;0;0;2;1;1;B01
200900040416;0;2;0;0;2;1;1;B02
200900040416;0;7;0;0;2;7;10;A01
200900040417;0;36;0;13;0;1;1;A01
200900040418;0;30;0;1;0;1;0;A01
200900040419;0;7;0;0;9;2;2;A01
200900040420;0;7;0;2;0;4;19;A01
200900040421;0;10;0;15;0;1;13;A01
200900040422;0;7;0;3;0;3;17;A01
200900040423;0;1;0;0;0;0;1;B02
200900040423;0;7;0;0;0;0;13;A01
200900040424;0;33;0;12;0;1;13;A01
200900040425;0;33;0;0;0;1;1;B02
200900040425;0;7;0;0;0;2;19;A01
200900040426;0;7;0;0;2;1;2;A01
200900040426;0;7;0;14;2;3;2;D04
200900040426;0;7;0;3;2;2;2;C03
200900040426;0;7;0;3;2;5;1;B02
200900040427;0;7;0;0;2;7;1;A01
200900040427;0;7;0;0;2;1;15;B02
200900040428;0;7;0;0;0;1;13;A01
200900040429;0;7;0;0;2;2;1;B02
200900040429;0;33;0;0;2;8;13;A01
200900040430;0;7;0;0;2;1;1;B02
200900040430;0;7;0;3;0;5;14;A01
200900040431;0;7;0;0;2;2;14;A01
200900040431;0;7;0;0;2;4;1;B02
200900040432;0;33;0;0;2;1;0;A01
200900040432;0;31;0;0;2;1;2;C03
200900040432;0;7;0;0;2;1;1;B02
200900040433;0;2;0;0;2;1;1;A01
200900040433;0;13;0;0;2;3;1;B02
200900040434;0;7;0;13;0;1;1;A01
200900040435;0;33;0;16;0;0;1;A01
200900040436;0;7;0;0;1;5;1;A01
200900040437;0;7;0;0;2;3;15;A01
200900040437;0;2;0;0;2;1;17;B02
200900040438;0;10;0;0;2;2;1;B02
200900040438;0;30;0;0;2;2;1;A01
200900040439;0;33;0;0;0;7;20;A01
200900040440;0;7;0;8;0;8;1;A01
200900040441;0;7;0;6;0;2;1;A01
200900040442;0;7;0;2;0;9;1;A01
200900040443;0;7;0;8;0;7;1;A01
200900040444;0;7;0;0;0;2;0;A01
200900040444;0;7;0;6;9;5;21;B02
200900040445;0;21;0;0;2;6;1;A01
200900040445;0;7;0;0;2;3;1;B02
200900040446;0;7;0;2;0;7;13;A01
200900040447;0;13;0;0;9;1;1;B02
200900040447;0;21;0;0;2;0;1;A01
200900040448;0;7;0;0;2;1;1;B01
200900040448;0;7;0;0;2;7;1;A01
200900040449;0;7;0;0;2;5;2;A01
200900040449;0;2;0;0;2;8;2;B01
200900040450;0;7;0;0;2;1;13;A01
200900040450;0;7;0;0;2;1;1;C01
200900040450;0;7;0;0;2;8;1;B01
200900040451;0;7;0;0;2;2;15;A01
200900040451;0;7;0;0;2;1;1;B01
200900040452;0;7;0;0;1;2;1;A01
200900040453;0;7;0;0;0;4;1;B01
200900040453;0;10;0;0;2;1;2;A01
200900040454;1;7;0;0;1;3;1;A01
200900040455;0;7;0;0;2;1;1;B01
200900040455;0;7;0;0;2;8;19;A01
200900040456;0;7;0;0;2;7;1;C01
200900040456;0;7;0;0;2;8;15;B01
200900040456;0;7;0;0;2;9;1;A01
200900040457;0;7;0;0;1;1;1;A01
200900040458;0;7;0;0;2;1;15;A01
200900040458;0;7;0;0;2;1;1;B01
200900040459;0;30;0;0;2;1;2;A01
200900040459;0;7;0;0;2;6;2;B01
200900040460;0;7;0;3;2;1;1;A01
200900040460;0;7;0;3;2;3;1;C01
200900040460;0;7;0;0;2;2;1;B01
200900040461;0;37;1;0;1;2;15;A01
200900040462;0;7;0;0;2;0;0;B01
200900040462;1;7;0;0;0;0;0;A01
200900040463;0;7;0;0;0;1;1;A01
200900040463;0;7;0;0;0;1;1;B02
200900040464;0;7;0;0;0;4;2;B01
200900040464;0;30;0;0;2;1;2;A01
200900040465;0;7;0;0;0;7;1;B01
200900040465;0;30;0;0;2;1;1;A01
200900040466;0;33;0;3;0;1;1;A01
200900040467;0;7;0;0;2;3;1;B01
200900040467;0;7;0;0;2;3;13;A01
200900040468;0;2;0;0;2;1;1;A01
200900040468;0;10;0;0;0;6;1;B01
200900040469;0;7;0;0;2;1;0;A01
200900040469;0;7;0;0;2;3;1;B01
200900040470;0;7;0;12;0;7;1;A01
200900040471;0;7;0;0;2;4;15;B01
200900040471;0;10;0;0;2;1;1;A01
200900040472;0;7;0;0;2;5;1;A01
200900040472;0;15;0;3;2;1;1;B01
200900040473;0;7;0;0;1;1;16;A01
200900040474;2;7;0;6;0;1;1;A01
200900040475;0;30;0;0;1;1;1;A01
200900040476;0;99;0;0;2;3;24;C03
200900040476;0;33;0;0;2;1;2;B02
200900040476;0;33;0;1;2;4;20;A01
200900040477;0;7;0;2;0;1;1;A01
200900040478;0;7;0;0;1;2;1;A01
200900040479;0;7;0;0;1;2;1;A01
200900040480;0;7;0;3;0;3;1;A01
200900040481;0;7;0;0;2;3;15;A01
200900040481;0;2;0;0;2;1;1;B02
200900040482;0;33;0;0;2;4;23;B02
200900040482;0;7;0;0;2;1;1;A01
200900040483;0;10;0;0;2;1;9;A01
200900040483;0;33;0;0;2;4;1;B02
200900040484;0;7;0;0;2;2;15;A01
200900040484;0;30;0;0;2;1;1;B02
200900040485;0;2;0;8;0;1;14;A01
200900040486;0;2;0;0;2;1;1;B02
200900040486;0;7;0;0;2;5;15;A01
200900040487;0;14;0;0;1;3;11;A01
200900040488;0;7;0;0;2;8;1;B02
200900040488;0;7;0;0;2;3;17;A01
200900040489;0;1;0;0;0;0;0;B01
200900040489;0;7;0;0;1;0;0;A01
200900040490;0;7;0;13;0;9;14;A01
200900040491;0;31;0;0;2;1;1;B02
200900040491;0;7;0;0;2;3;13;A01
200900040492;0;7;0;0;1;7;1;A01
200900040493;0;7;0;0;2;1;1;B02
200900040493;0;7;0;0;2;1;13;A01
200900040494;0;7;0;0;2;1;15;A01
200900040494;0;2;0;0;2;1;13;B02
200900040495;0;7;0;3;0;7;1;A01
200900040495;0;7;0;0;2;3;1;B02
200900040496;0;30;0;0;0;7;1;A01
200900040497;0;2;0;0;2;1;9;B02
200900040497;0;7;0;0;2;3;9;A01
200900040498;0;7;0;0;2;1;1;A01
200900040498;0;7;0;0;2;8;19;B02
200900040499;0;7;0;0;1;2;1;A01
200900040500;0;7;0;0;0;0;1;A01
200900040501;0;7;0;0;2;4;16;A01
200900040501;0;10;0;0;2;1;1;B02
200900040502;0;7;0;0;2;5;13;A01
200900040502;0;7;0;0;2;1;1;B02
200900040503;0;7;0;0;0;0;0;A01
200900040504;0;7;0;0;0;8;15;A01
200900040504;0;17;0;0;2;1;1;B02
200900040505;0;2;0;0;2;1;1;B02
200900040505;0;7;0;0;0;3;9;A01
200900040506;0;7;0;0;1;3;1;A01
200900040507;0;7;0;0;2;1;1;A01
200900040507;0;10;0;0;2;3;1;B02
200900040508;0;7;0;0;2;1;21;B02
200900040508;0;7;0;0;2;1;5;A01
200900040509;0;7;0;0;1;2;1;A01
200900040510;0;7;0;2;0;8;1;A01
200900040511;0;7;0;0;2;1;2;A01
200900040511;0;7;0;0;0;4;2;C01
200900040511;0;7;0;0;2;4;2;B01
200900040512;0;7;0;0;0;8;15;A01
200900040512;0;7;0;0;2;1;1;B01
200900040513;0;7;0;0;2;3;1;B01
200900040513;0;7;0;0;2;1;1;A01
200900040513;0;7;0;0;2;1;1;C01
200900040514;0;1;0;0;2;1;15;A01
200900040514;0;7;0;0;0;2;1;B01
200900040515;0;7;0;0;2;3;9;A01
200900040515;0;1;0;0;0;4;1;B01
200900040516;0;33;0;16;0;8;1;A01
200900040517;0;7;0;0;2;1;5;A01
200900040517;0;7;0;0;2;1;1;B01
200900040518;0;2;0;11;0;1;17;A01
200900040519;0;2;0;0;0;4;23;B01
200900040519;1;7;0;0;2;1;2;A01
200900040520;0;7;0;0;1;7;1;A01
200900040521;0;7;0;0;0;4;2;C01
200900040521;0;7;0;0;2;1;2;A01
200900040521;0;7;0;0;2;4;2;B01
200900040522;0;7;0;8;0;1;16;A01
200900040523;0;7;0;0;2;6;13;B01
200900040523;0;33;0;0;2;2;17;A01
200900040524;0;7;0;1;0;8;2;A01
200900040525;0;2;0;7;;1;2;A01
200900040526;0;7;0;8;2;2;17;A01
200900040526;0;7;0;0;2;3;15;B01
200900040527;0;10;0;0;1;1;1;A01
200900040528;0;7;0;0;2;8;0;B01
200900040528;0;7;0;0;2;1;0;A01
200900040529;0;7;0;0;9;1;2;A01
200900040529;0;2;0;0;2;7;0;B01
200900040530;0;36;0;6;0;1;10;A01
200900040531;0;7;0;0;2;4;0;A01
200900040531;0;7;0;12;2;1;0;B01
200900040532;0;7;0;0;2;5;17;A01
200900040532;0;7;0;0;2;3;2;B01
200900040533;0;17;0;14;0;1;1;A01
200900040534;1;7;0;0;2;2;17;A01
200900040534;0;33;0;0;2;3;15;B01
200900040535;0;7;0;0;2;2;0;A01
200900040535;0;7;0;1;2;8;0;C01
200900040535;0;7;0;1;2;8;0;B01
200900040536;0;7;0;0;2;1;1;A01
200900040536;0;7;0;15;2;1;2;B01
200900040537;1;7;0;0;1;1;15;A01
200900040538;0;33;0;0;0;7;1;A01
200900040539;0;7;0;11;2;8;0;B01
200900040539;0;7;0;0;2;1;0;A01
200900040540;0;7;0;0;4;1;9;A01
200900040540;0;40;0;0;2;8;0;B01
200900040541;0;7;0;0;2;8;15;A01
200900040541;0;2;0;12;2;3;1;B01
200900040542;0;7;0;0;2;7;1;B01
200900040542;0;30;0;0;2;1;1;A01
200900040543;0;2;0;2;0;2;15;A01
200900040544;0;7;0;0;2;1;2;A01
200900040544;0;17;0;0;0;4;2;B01
200900040545;0;7;0;16;0;9;1;A01
200900040546;0;7;0;3;0;9;1;A01
200900040547;0;7;0;0;2;4;23;B01
200900040547;0;14;0;0;2;1;1;A01
200900040548;0;7;0;0;1;1;15;A01
200900040549;0;7;0;8;0;8;1;A01
200900040550;0;7;0;0;2;8;15;B01
200900040550;0;7;0;0;2;1;1;A01
200900040551;0;7;0;0;2;3;15;A01
200900040551;0;1;0;0;2;8;15;B01
200900040552;0;30;0;0;2;3;17;A01
200900040552;0;7;0;0;2;3;15;B02
200900040553;0;7;0;0;1;7;1;A01
200900040554;0;7;0;0;2;2;1;B01
200900040554;0;7;0;0;2;7;15;A01
200900040555;0;14;0;0;2;3;1;A01
200900040555;0;7;0;0;2;8;15;B02
200900040556;0;30;0;0;2;1;1;B01
200900040556;0;7;0;0;2;3;17;A01
200900040557;0;7;0;2;0;3;1;A01
200900040558;0;30;0;0;2;7;19;A01
200900040558;0;7;0;0;2;1;1;B02
200900040559;0;2;0;0;2;4;2;B02
200900040559;0;7;0;0;2;1;1;A01
200900040560;0;33;0;0;2;1;17;A01
200900040560;0;7;0;0;2;8;15;B02
200900040561;0;2;0;0;2;7;13;A01
200900040562;0;7;0;6;0;1;0;A01
200900040563;0;7;0;2;0;1;15;A01
200900040564;0;7;0;0;2;1;1;C03
200900040564;0;7;0;13;0;1;1;A01
200900040564;0;7;0;0;2;4;23;B02
200900040565;0;7;0;2;0;1;1;A01
200900040566;0;7;0;0;2;1;1;B02
200900040566;0;10;0;0;2;2;15;A01
200900040567;0;13;0;2;0;3;1;A01
200900040568;0;7;0;0;2;8;1;B01
200900040568;0;2;0;0;2;1;1;A01
200900040569;0;7;0;0;2;4;2;B01
200900040569;0;7;0;0;2;1;2;A01
200900040570;0;10;0;0;2;6;10;A01
200900040570;0;7;0;0;2;2;1;B01
200900040571;0;10;0;0;2;3;15;A01
200900040571;0;7;0;0;2;1;1;B01
200900040572;0;7;0;0;2;2;17;B01
200900040572;0;1;0;0;2;8;15;A01
200900040573;0;7;0;0;2;1;2;B01
200900040573;0;10;0;10;0;0;2;A01
200900040574;0;7;0;0;2;4;2;B01
200900040574;0;7;0;0;2;1;2;A01
200900040575;0;14;0;0;1;0;1;A01
200900040576;0;2;0;12;0;1;17;A01
200900040577;0;7;0;0;1;1;15;A01
200900040578;0;7;0;0;2;1;2;A01
200900040578;0;7;0;0;2;4;0;B01
200900040579;0;7;0;0;1;1;16;A01
200900040580;0;7;0;0;2;5;12;A01
200900040580;0;7;0;0;2;3;10;B01
200900040581;0;7;0;0;1;4;4;A01
200900040582;0;7;0;0;2;3;6;A01
200900040582;0;7;0;0;2;3;1;B01
200900040583;0;2;0;0;2;1;1;C01
200900040583;0;7;0;0;2;8;20;A01
200900040583;0;2;0;0;2;1;1;B01
200900040584;0;7;0;0;2;3;10;A01
200900040584;0;7;0;0;2;8;1;B01
200900040585;0;7;0;3;2;8;1;B01
200900040585;0;17;0;0;2;5;17;A01
200900040586;0;35;0;8;0;0;0;A01
200900040587;0;7;0;0;0;4;9;A01
200900040587;0;17;0;0;2;2;1;B01
200900040588;1;7;0;0;1;1;1;A01
200900040589;0;7;0;0;2;1;2;B01
200900040589;0;7;0;0;2;4;2;A01
200900040590;0;30;0;0;2;1;2;B01
200900040590;0;7;0;0;2;4;4;A01
200900040591;0;7;0;0;2;4;4;A01
200900040591;0;30;0;0;2;1;2;B01
200900040592;0;7;0;0;2;1;1;B01
200900040592;0;7;0;0;2;1;14;A01
200900040593;0;7;0;0;2;2;15;A01
200900040593;0;34;0;0;2;1;1;B01
200900040594;0;31;0;0;1;0;1;A01
200900040595;0;2;0;0;2;8;1;B01
200900040595;0;7;0;0;2;2;10;A01
200900040596;0;33;0;0;2;1;1;B01
200900040596;0;7;0;0;2;6;10;A01
200900040597;0;7;0;0;2;4;2;B01
200900040597;0;31;0;0;2;1;2;A01
200900040598;0;33;0;0;2;8;18;A01
200900040598;0;14;0;0;2;1;1;B01
200900040599;0;1;0;0;2;1;5;A01
200900040599;0;37;10;0;2;1;1;B01
200900040600;0;7;0;0;1;5;4;A01
200900040601;0;7;0;7;2;4;7;A01
200900040601;1;7;0;0;2;0;7;Z01
200900040602;0;7;0;0;2;2;1;B01
200900040602;0;30;0;0;2;3;18;A01
200900040603;0;10;0;0;1;3;15;A01
200900040604;0;32;0;0;2;7;16;A01
200900040604;0;30;0;0;2;8;1;B01
200900040605;0;32;0;1;1;1;1;A01
200900040606;0;7;0;0;2;3;1;A01
200900040606;0;7;0;0;2;2;10;B01
200900040607;0;7;0;0;1;2;1;A01
200900040608;0;10;0;0;2;2;1;B01
200900040608;0;34;0;0;2;2;15;A01
200900040609;0;7;0;0;2;6;10;A01
200900040609;0;33;0;0;2;5;1;B01
200900040610;0;34;0;0;1;7;1;A01
200900040611;0;7;0;0;2;3;1;B01
200900040611;0;7;0;11;2;3;13;A01
200900040612;0;33;0;0;2;1;1;B01
200900040612;0;7;0;0;2;3;10;A01
200900040613;0;7;0;0;2;7;9;B01
200900040613;0;32;0;0;2;8;1;A01
200900040614;0;7;0;0;1;2;1;A01
200900040615;0;7;0;0;2;1;1;A01
200900040615;0;7;0;0;2;3;1;B01
200900040616;0;1;0;0;2;8;1;B01
200900040616;0;7;0;0;2;2;1;A01
200900040617;0;32;0;0;0;7;1;A01
200900040618;0;32;0;0;2;8;1;A01
200900040618;0;14;0;0;2;0;1;B01
200900040618;0;7;0;0;2;6;1;C01
200900040619;0;7;0;0;1;2;1;A01
200900040620;0;34;0;15;2;1;1;B01
200900040620;0;1;0;0;2;0;11;A01
200900040621;0;7;0;0;1;3;7;A01
200900040622;0;7;0;0;2;7;1;B01
200900040622;0;30;0;0;2;8;11;A01
200900040623;0;7;0;0;2;7;16;A01
200900040623;0;1;0;0;2;3;7;B01
200900040624;0;7;0;0;1;3;7;A01
200900040625;0;32;0;0;2;0;2;A01
200900040625;0;31;0;0;2;4;2;B01
200900040626;0;33;0;0;2;2;1;B01
200900040626;0;7;0;0;2;3;9;A01
200900040627;1;30;0;0;2;2;1;Z01
200900040627;0;32;0;0;2;3;1;A01
200900040628;0;7;0;0;2;5;12;A01
200900040628;0;33;0;0;2;3;7;B01
200900040629;0;7;0;0;2;1;2;A01
200900040629;0;7;0;0;2;4;2;B01
200900040630;0;1;0;0;2;1;1;B01
200900040630;0;2;0;0;2;1;15;A01
200900040631;0;30;0;0;2;6;11;A01
200900040631;0;7;0;0;2;2;1;B01
200900040632;0;7;0;0;2;7;1;B01
200900040632;0;33;0;0;2;7;1;A01
200900040633;0;7;0;0;2;5;12;A01
200900040633;0;32;0;0;2;8;1;B01
200900040634;0;7;0;0;2;5;23;C01
200900040634;0;33;0;0;2;1;1;A01
200900040634;0;33;0;0;2;1;1;B01
200900040635;0;7;0;0;2;2;1;A01
200900040635;0;1;0;0;2;3;15;B01
200900040636;0;30;0;0;2;0;1;B01
200900040636;0;7;0;0;2;0;9;A01
200900040637;0;31;0;0;2;1;1;A01
200900040637;0;7;0;0;2;5;1;B01
200900040638;0;7;0;1;0;1;14;A01
200900040639;0;33;0;0;2;8;1;A01
200900040639;0;17;0;0;2;7;1;B01
200900040640;0;33;0;0;0;7;16;A01
200900040641;0;7;0;0;1;3;1;A01
200900040642;0;34;0;0;1;3;1;A01
200900040643;0;32;0;0;1;1;16;A01
200900040644;0;7;0;0;2;2;10;A01
200900040644;0;32;0;0;2;1;1;B01
200900040645;0;33;0;0;2;8;3;A01
200900040645;0;7;0;0;2;7;1;B01
200900040646;0;32;0;1;0;3;21;A01
200900040647;0;31;0;0;1;1;1;A01
200900040648;0;7;0;0;1;2;16;A01
200900040649;0;7;0;15;2;2;1;C01
200900040649;0;1;0;0;2;2;1;A01
200900040649;0;10;0;0;2;3;22;B01
200900040650;0;2;0;0;0;0;1;A01
200900040651;0;7;0;0;1;2;1;A01
200900040652;0;32;0;0;0;0;1;A01
200900040653;0;10;0;0;2;2;1;A01
200900040653;0;30;0;0;2;4;13;B01
200900040654;0;15;0;0;1;2;1;A01
200900040655;0;2;0;0;1;1;1;A01
200900040656;0;7;0;0;1;7;16;A01
200900040657;0;33;0;0;2;1;3;A01
200900040657;0;7;0;0;2;8;11;B01
200900040658;0;7;0;0;2;0;9;B01
200900040658;0;32;0;0;2;8;1;A01
200900040659;0;32;0;0;2;1;2;A01
200900040659;0;7;0;0;2;6;2;B01
200900040660;0;2;0;0;1;1;1;A01
200900040661;0;30;0;0;2;1;1;A01
200900040661;0;7;0;0;2;2;1;B01
200900040662;1;30;0;0;1;0;1;Z01
200900040663;0;7;0;0;2;8;22;A01
200900040663;0;1;0;0;2;2;1;B01
200900040664;0;31;0;0;2;8;1;B01
200900040664;0;7;0;0;2;1;10;A01
200900040665;0;7;0;0;2;1;10;B01
200900040665;0;32;0;0;2;1;1;A01
200900040666;0;7;0;0;2;4;2;A01
200900040666;0;7;0;0;2;1;2;B01
200900040667;0;7;0;0;2;0;2;B01
200900040667;0;33;0;0;2;5;2;A01
200900040668;0;7;0;0;1;3;15;A01
200900040669;0;2;0;0;0;2;21;A01
200900040670;2;7;0;1;2;9;1;Z01
200900040670;0;7;0;0;2;3;1;A01
200900040671;0;7;0;11;0;2;14;A01
200900040672;1;7;0;0;2;4;2;Z01
200900040672;0;7;0;0;2;6;2;A01
200900040673;0;33;0;0;0;1;21;A01
200900040674;0;7;0;0;1;2;16;A01
200900040675;0;33;0;0;2;8;1;B01
200900040675;0;10;0;0;2;7;14;A01
200900040676;0;7;0;0;2;1;9;A01
200900040676;0;30;0;0;2;1;1;B01
200900040677;0;32;0;0;0;7;16;A01
200900040678;0;33;0;0;0;0;1;A01
200900040679;0;2;0;0;2;1;1;B01
200900040679;0;7;0;0;2;4;11;A01
200900040680;0;1;0;0;2;8;17;A01
200900040680;0;33;0;0;2;3;1;B01
200900040681;0;13;0;0;2;2;16;A01
200900040681;0;7;0;4;2;6;1;B01
200900040682;0;2;0;1;2;1;15;A01
200900040683;0;31;0;12;2;2;17;A01
200900040683;0;7;0;0;2;8;1;B01
200900040684;0;7;0;0;2;4;23;B01
200900040684;0;14;0;0;2;1;2;A01
200900040685;0;30;0;0;1;1;1;A01
200900040686;0;7;0;0;2;1;1;A01
200900040686;0;33;0;0;2;8;1;B01
200900040687;0;7;0;0;1;2;7;A01
200900040688;0;37;18;0;1;2;7;A01
200900040689;0;33;0;0;0;8;21;A01
200900040690;0;7;0;0;2;4;23;C01
200900040690;0;10;0;0;2;1;2;A01
200900040690;0;7;0;0;2;4;2;B01
200900040691;0;7;0;0;2;2;1;A01
200900040691;0;7;0;0;2;6;23;C01
200900040691;0;7;0;0;2;3;1;B01
200900040692;0;7;0;0;2;2;12;A01
200900040692;0;33;0;0;2;8;1;B01
200900040693;0;30;0;0;1;1;1;A01
200900040694;1;7;0;0;1;3;1;Z01
200900040695;0;7;0;0;1;1;15;A01
200900040696;0;7;0;0;2;3;1;A01
200900040696;0;32;0;0;2;7;17;B01
200900040697;0;7;0;0;2;2;1;B01
200900040697;0;32;0;0;2;8;11;A01
200900040698;0;2;0;0;2;0;1;B01
200900040698;0;7;0;0;2;2;15;A01
200900040699;0;7;0;0;2;0;15;B01
200900040699;0;30;0;0;2;8;1;A01
200900040700;0;2;0;0;2;0;15;B01
200900040700;0;1;0;0;2;4;1;A01
200900040701;0;7;0;0;2;3;1;B01
200900040701;0;33;0;0;2;2;3;A01
200900040701;0;7;0;0;2;6;1;C01
200900040702;0;33;0;0;0;3;1;A01
200900040703;0;33;0;0;2;1;2;A01
200900040703;0;7;0;0;2;6;2;B01
200900040704;0;30;0;0;2;0;1;A01
200900040704;0;7;0;0;2;0;1;B01
200900040705;0;32;0;0;2;3;1;B01
200900040705;0;32;0;0;2;1;1;A01
200900040706;0;7;0;0;2;3;15;B01
200900040706;0;32;0;0;2;2;5;A01
200900040707;0;30;0;1;0;1;14;A01
200900040708;1;7;0;0;2;5;1;A01
200900040708;0;33;0;0;2;1;1;B01
200900040709;0;30;0;0;1;1;1;A01
200900040710;0;2;0;0;2;1;17;B01
200900040710;0;10;0;0;2;3;13;A01
200900040711;0;33;0;0;1;1;1;A01
200900040712;0;7;0;0;2;6;2;B01
200900040712;0;31;0;0;2;1;2;A01
200900040713;0;7;0;0;1;1;15;A01
200900040714;1;1;0;0;1;0;1;Z01
200900040715;1;1;0;0;1;0;1;Z01
200900040716;0;7;0;0;1;3;4;A01
200900040717;0;31;0;0;2;1;17;B01
200900040717;0;7;0;0;2;3;10;A01
200900040718;0;7;0;0;1;1;15;A01
200900040719;0;7;0;1;0;9;14;A01
200900040720;0;33;0;0;1;1;1;A01
200900040721;0;32;0;14;0;0;13;A01
200900040722;0;31;0;0;2;1;1;A01
200900040722;1;33;0;0;2;0;10;Z01
200900040723;0;7;0;0;2;3;11;A01
200900040723;0;10;0;0;2;7;1;B01
200900040724;0;7;0;0;2;8;23;C01
200900040724;0;7;0;0;2;2;23;D01
200900040724;0;7;0;0;2;3;23;E01