num_acc;senc;catv;occutc;obs;obsm;choc;manv;num_veh
200900040724;0;14;0;0;2;3;1;A01
200900040724;0;7;0;0;2;1;1;B01
200900040725;0;37;0;0;1;2;7;A01
200900040726;0;7;0;0;2;4;2;B01
200900040726;0;32;0;0;2;1;2;A01
200900040727;0;33;0;0;0;1;1;A01
200900040728;0;30;0;0;2;1;1;A01
200900040728;0;7;0;0;2;0;16;B01
200900040729;0;32;0;0;2;3;1;A01
200900040729;1;7;0;0;2;1;1;Z01
200900040730;0;7;0;0;2;3;15;A01
200900040730;0;30;0;0;2;8;1;B01
200900040731;0;7;0;0;2;4;2;B01
200900040731;0;7;0;0;2;1;2;A01
200900040732;0;7;0;0;2;3;1;A01
200900040732;0;30;0;0;2;2;1;B01
200900040733;0;31;0;0;2;7;1;B01
200900040733;0;7;0;0;2;6;12;A01
200900040734;0;2;0;0;2;8;1;B01
200900040734;0;7;0;0;2;1;1;A01
200900040735;0;2;0;0;0;3;1;A01
200900040736;0;20;0;0;1;3;1;A01
200900040737;0;10;0;0;1;1;1;A01
200900040738;0;7;0;0;2;1;2;A01
200900040738;0;7;0;0;2;4;23;B01
200900040739;0;7;0;0;2;3;1;B01
200900040739;0;2;0;0;2;3;5;A01
200900040740;1;7;0;0;2;6;11;A01
200900040740;0;2;0;0;2;7;1;B01
200900040741;0;7;0;0;2;8;13;A01
200900040741;0;30;0;0;2;2;17;B01
200900040742;0;7;0;0;1;1;1;A01
200900040743;1;2;0;0;1;1;1;Z01
200900040744;0;3;0;0;1;1;1;A01
200900040745;0;7;0;4;0;1;13;A01
200900040746;0;7;0;0;1;3;1;A01
200900040747;0;7;0;0;2;5;23;C01
200900040747;0;7;0;0;2;1;2;A01
200900040747;0;7;0;0;2;6;23;B01
200900040748;0;7;0;0;2;2;1;A01
200900040748;0;7;0;0;2;2;1;B01
200900040749;1;7;0;0;1;1;1;Z01
200900040750;2;7;0;0;1;1;16;A01
200900040751;0;31;0;0;2;8;1;B01
200900040751;0;7;0;0;2;2;1;A01
200900040752;0;7;0;8;2;3;15;A01
200900040752;0;31;0;0;2;2;1;C01
200900040752;0;33;0;0;2;7;1;B01
200900040753;0;30;0;0;2;1;18;A01
200900040753;0;7;0;0;2;6;23;B01
200900040754;0;1;0;0;1;1;1;A01
200900040755;0;7;0;0;1;3;20;A01
200900040756;0;30;0;0;2;8;17;A01
200900040756;0;7;0;0;2;6;13;B01
200900040757;0;7;0;0;1;1;10;A01
200900040758;0;34;0;0;2;2;17;A01
200900040758;0;7;0;0;2;3;15;B01
200900040759;0;7;0;0;1;1;15;A01
200900040760;0;7;0;0;2;0;10;A01
200900040760;0;34;0;0;2;0;1;B01
200900040761;0;30;0;0;1;1;1;A01
200900040762;0;7;0;0;2;5;1;A01
200900040762;0;32;0;0;2;1;1;B01
200900040763;0;33;0;11;0;1;13;A01
200900040764;0;37;12;0;2;3;15;B01
200900040764;0;2;0;8;2;1;1;A01
200900040765;0;7;0;0;2;1;12;A01
200900040765;0;1;0;0;2;4;1;B01
200900040766;0;32;0;0;2;8;18;A01
200900040766;0;7;0;0;2;7;16;B01
200900040767;0;30;0;0;2;2;1;B01
200900040767;0;7;0;0;2;1;9;A01
200900040768;0;7;0;0;1;2;16;A01
200900040769;0;10;0;0;2;3;15;A01
200900040769;0;30;0;0;2;1;7;B01
200900040770;0;7;0;0;1;1;1;A01
200900040771;0;32;0;0;2;8;1;A01
200900040771;0;7;0;0;2;1;1;B01
200900040772;0;33;0;0;2;0;1;A01
200900040772;1;7;0;0;2;0;1;Z01
200900040773;0;2;0;0;2;1;5;A01
200900040773;0;10;0;0;2;3;15;B01
200900040774;0;33;0;0;2;4;1;A01
200900040774;0;7;0;0;2;4;13;B01
200900040775;0;30;0;0;1;1;17;A01
200900040776;0;13;0;0;2;7;16;A01
200900040776;0;1;0;0;2;0;19;B01
200900040777;0;7;0;0;2;2;1;A01
200900040777;0;30;0;0;2;8;1;B01
200900040778;0;7;0;0;2;7;14;A01
200900040778;0;34;0;0;2;8;1;B01
200900040779;0;32;0;0;2;1;1;B01
200900040779;0;10;0;0;2;2;16;A01
200900040780;0;7;0;0;1;4;4;A01
200900040781;0;1;0;0;2;8;18;B01
200900040781;0;10;0;0;2;7;14;A01
200900040782;0;34;0;0;1;1;1;A01
200900040783;0;10;0;0;2;3;1;A01
200900040783;0;30;0;0;2;2;15;B01
200900040784;0;33;0;0;0;8;1;A01
200900040785;0;7;0;0;2;8;15;B01
200900040785;0;32;0;0;2;7;17;A01
200900040786;0;32;0;0;2;1;17;A01
200900040786;0;7;0;0;2;6;15;B01
200900040787;1;7;0;0;1;1;1;Z01
200900040788;0;32;0;0;2;1;1;B01
200900040788;0;7;0;0;2;8;9;A01
200900040789;0;7;0;0;2;2;1;B01
200900040789;0;30;0;0;2;1;16;A01
200900040790;0;7;0;0;2;3;9;B01
200900040790;0;32;0;0;2;3;1;A01
200900040791;0;7;0;0;2;7;15;A01
200900040791;0;32;0;0;2;1;1;B01
200900040792;0;7;0;0;2;2;15;A01
200900040792;0;7;0;0;2;6;1;B01
200900040793;0;31;0;0;0;0;1;A01
200900040794;0;7;0;0;1;3;1;A01
200900040795;0;32;0;1;2;1;13;A01
200900040795;0;7;0;0;2;3;1;B01
200900040796;0;2;0;0;0;0;1;A01
200900040797;0;7;0;0;2;1;2;A01
200900040797;0;10;0;0;2;4;2;B01
200900040798;0;7;0;0;2;1;2;A01
200900040798;0;32;0;0;2;4;2;B01
200900040799;0;7;0;0;1;1;1;A01
200900040800;0;2;0;0;2;7;1;A01
200900040800;0;10;0;0;2;3;23;B01
200900040801;0;7;0;0;2;2;2;A01
200900040801;0;33;0;0;2;4;23;B01
200900040802;0;7;0;0;2;8;10;A01
200900040802;0;33;0;0;2;2;1;B01
200900040803;0;10;0;0;1;1;1;A01
200900040804;0;32;0;1;2;2;17;A01
200900040804;0;10;0;0;2;3;15;B01
200900040805;0;7;0;0;2;6;1;B01
200900040805;0;30;0;0;2;7;17;A01
200900040806;0;7;0;0;2;3;1;E01
200900040806;0;7;0;0;2;0;1;F02
200900040806;0;7;0;0;2;8;13;B01
200900040806;0;34;0;0;2;2;3;A01
200900040806;0;33;0;0;2;8;3;C01
200900040806;0;32;0;0;2;8;2;D01
200900040807;0;33;0;0;2;6;13;A01
200900040807;0;10;0;0;2;7;1;B01
200900040808;0;7;0;0;2;5;1;C01
200900040808;0;14;0;0;2;2;12;A01
200900040808;0;7;0;0;2;6;1;B01
200900040809;1;10;0;0;2;0;15;Z01
200900040809;0;1;0;0;2;7;1;A01
200900040810;0;7;0;0;2;2;1;B01
200900040810;0;7;0;0;2;6;1;A01
200900040811;1;7;0;0;2;0;1;Z01
200900040811;0;31;0;0;2;6;12;A01
200900040812;0;7;0;0;2;3;16;B01
200900040812;0;7;0;0;2;2;1;A01
200900040813;0;32;0;0;1;1;1;A01
200900040814;0;1;0;0;2;8;7;A01
200900040814;0;7;0;0;2;2;15;B01
200900040815;0;34;0;0;2;8;21;B01
200900040815;0;7;0;0;2;3;1;A01
200900040816;0;1;0;0;1;0;1;A01
200900040817;0;37;70;0;0;0;21;A01
200900040818;0;32;0;0;2;1;17;A01
200900040818;0;1;0;0;2;1;1;B01
200900040818;0;7;0;0;2;8;23;C01
200900040819;0;10;0;0;1;4;4;A01
200900040820;0;7;0;0;1;3;1;A01
200900040821;0;2;0;0;2;8;23;B01
200900040821;0;7;0;0;2;1;14;A01
200900040822;0;33;0;0;2;2;13;A01
200900040822;0;7;0;0;2;6;1;B01
200900040823;0;2;0;0;2;1;23;B01
200900040823;0;32;0;0;2;5;2;A01
200900040824;0;10;0;0;2;2;16;A01
200900040824;0;2;0;0;2;8;1;B01
200900040825;0;34;0;0;2;1;18;A01
200900040825;0;7;0;0;2;2;16;B01
200900040826;0;7;0;0;2;3;15;A01
200900040826;0;2;0;0;2;7;15;B01
200900040827;0;30;0;0;0;7;1;A01
200900040828;0;2;0;0;2;1;1;B01
200900040828;0;2;0;0;2;1;1;A01
200900040829;0;7;0;0;2;7;1;B01
200900040829;0;30;0;0;2;8;18;A01
200900040830;0;32;0;0;0;0;16;A01
200900040831;1;7;0;0;1;1;1;Z01
200900040832;0;2;0;0;2;0;1;A01
200900040832;0;7;0;0;2;1;15;B01
200900040833;0;32;0;0;2;8;18;A01
200900040833;0;14;0;0;2;1;1;B01
200900040834;0;37;0;0;1;0;16;A01
200900040835;0;7;0;8;2;2;1;B01
200900040835;0;1;0;0;2;8;1;A01
200900040836;0;7;0;0;2;1;1;B01
200900040836;0;1;0;0;2;3;9;A01
200900040837;0;14;0;0;1;1;16;A01
200900040838;1;7;0;0;2;2;2;Z01
200900040838;0;32;0;0;2;8;17;A01
200900040839;0;32;0;0;2;8;1;B01
200900040839;0;7;0;0;2;1;1;A01
200900040840;0;7;0;0;1;1;16;A01
200900040841;0;7;0;0;2;6;7;B01
200900040841;0;33;0;0;2;6;7;A01
200900040842;0;30;0;0;2;1;1;A01
200900040842;0;1;0;0;2;4;13;B01
200900040843;1;7;0;0;2;6;13;Z01
200900040843;0;31;0;0;2;2;1;A01
200900040844;0;32;0;0;2;1;1;B01
200900040844;0;7;0;0;2;3;15;A01
200900040845;0;33;0;0;2;7;17;B01
200900040845;0;7;0;0;2;3;15;A01
200900040846;0;32;0;0;2;3;7;A01
200900040846;0;7;0;0;2;2;16;B01
200900040847;0;7;0;0;1;4;4;A01
200900040848;0;33;0;0;2;1;1;B01
200900040848;0;7;0;0;2;7;15;A01
200900040849;0;7;0;0;1;4;4;A01
200900040850;0;32;0;0;2;7;17;B01
200900040850;0;7;0;0;2;3;15;A01
200900040851;0;10;0;0;1;3;1;A01
200900040852;0;7;0;0;2;8;1;B01
200900040852;0;32;0;0;2;2;17;A01
200900040853;0;33;0;0;2;8;18;A01
200900040853;0;7;0;0;2;7;16;B01
200900040854;0;7;0;0;2;0;15;A01
200900040854;0;30;0;0;2;2;1;B01
200900040855;0;1;0;0;2;8;5;A01
200900040855;0;7;0;0;2;8;15;B01
200900040856;0;10;0;14;0;2;14;A01
200900040857;0;7;0;0;2;1;1;A01
200900040857;0;7;0;0;2;4;1;B01
200900040858;0;7;0;14;0;1;13;A01
200900040859;0;7;0;0;2;1;2;B01
200900040859;0;7;0;0;2;4;23;A01
200900040860;0;33;0;0;2;7;17;A01
200900040860;0;10;0;0;2;7;15;B01
200900040861;0;30;0;0;0;0;1;A01
200900040862;0;7;0;0;1;1;1;A01
200900040863;0;7;0;0;1;2;1;A01
200900040864;0;33;0;0;2;1;2;A01
200900040864;0;7;0;0;2;4;2;B01
200900040865;0;32;0;0;2;5;1;B01
200900040865;0;7;0;0;2;3;9;A01
200900040866;0;33;0;0;2;1;2;A01
200900040866;0;7;0;0;2;5;2;B01
200900040867;0;7;0;0;1;7;16;A01
200900040868;0;7;0;0;1;8;1;A01
200900040869;0;7;0;0;2;1;16;A01
200900040869;0;7;0;0;2;8;1;B01
200900040870;0;7;0;0;2;3;10;A01
200900040870;0;32;0;0;2;7;1;B01
200900040871;0;7;0;0;2;1;2;A01
200900040871;0;7;0;0;2;4;2;B01
200900040872;0;36;0;15;0;2;14;A01
200900040873;1;7;0;0;2;0;1;Z01
200900040873;0;34;0;0;2;7;1;A01
200900040874;0;7;0;0;1;3;15;A01
200900040875;0;2;0;0;0;8;1;A01
200900040876;0;7;0;0;2;8;1;A01
200900040876;0;7;0;0;2;1;1;B01
200900040877;1;7;0;0;1;0;1;Z01
200900040878;0;7;0;8;1;3;1;A01
200900040879;0;32;0;0;0;0;21;A01
200900040880;0;31;0;0;2;8;1;B01
200900040880;0;7;0;0;2;7;15;A01
200900040881;0;7;0;0;2;3;7;B01
200900040881;0;7;0;0;2;2;16;A01
200900040882;0;7;0;0;2;5;15;A01
200900040882;0;32;0;0;2;7;1;B01
200900040883;0;7;0;0;2;7;12;A01
200900040883;0;34;0;0;2;3;3;B01
200900040884;0;2;0;0;2;1;1;A01
200900040884;0;7;0;0;2;4;16;B01
200900040885;0;33;0;0;2;1;1;B01
200900040885;0;7;0;0;2;1;1;A01
200900040886;0;33;0;0;0;7;21;A01
200900040887;0;10;0;0;2;3;15;B01
200900040887;0;31;0;0;2;7;17;A01
200900040888;0;10;0;0;2;4;23;B01
200900040888;0;7;0;0;2;1;2;A01
200900040889;0;2;0;6;0;2;14;A01
200900040890;0;32;0;0;2;2;12;A01
200900040890;0;7;0;0;2;6;1;B01
200900040891;0;32;0;0;0;0;1;A01
200900040892;0;7;0;0;2;3;11;A01
200900040892;0;33;0;0;2;2;16;B01
200900040893;0;33;0;0;0;8;21;A01
200900040894;0;7;0;0;1;1;16;A01
200900040895;0;33;0;4;0;1;5;A01
200900040896;0;30;0;0;2;7;5;A01
200900040896;0;7;0;0;2;3;15;B01
200900040897;0;7;0;0;1;1;1;A01
200900040898;0;7;0;0;1;4;4;A01
200900040899;0;7;0;0;1;0;1;A01
200900040900;0;32;0;0;2;3;1;B01
200900040900;0;7;0;0;2;2;1;A01
200900040901;0;7;0;11;0;1;13;A01
200900040902;0;2;0;12;0;8;14;A01
200900040903;0;7;0;0;2;4;11;B01
200900040903;0;33;0;0;2;1;3;A01
200900040904;0;32;0;7;2;2;1;B01
200900040904;0;7;0;0;2;6;13;A01
200900040905;0;10;0;0;2;1;16;B01
200900040905;0;32;0;0;2;1;17;A01
200900040906;0;32;0;0;2;4;3;B01
200900040906;0;32;0;0;2;1;3;A01
200900040907;0;7;0;0;1;3;1;A01
200900040908;0;34;0;0;2;2;1;A01
200900040908;0;7;0;0;2;6;14;B01
200900040909;0;34;0;0;1;1;1;A01
200900040910;0;33;0;0;2;1;17;B01
200900040910;0;10;0;0;2;3;10;A01
200900040911;0;7;0;0;1;2;1;A01
200900040912;0;32;0;0;0;8;21;A01
200900040913;0;14;0;0;2;3;22;A01
200900040913;0;1;0;0;2;1;1;B01
200900040914;0;10;0;0;1;2;11;A01
200900040915;0;10;0;0;2;2;1;B01
200900040915;0;13;0;0;2;8;10;A01
200900040916;1;10;0;0;1;0;1;Z01
200900040917;0;13;0;0;1;1;16;A01
200900040918;0;7;0;0;2;1;2;A01
200900040918;0;7;0;0;2;4;2;B01
200900040918;0;7;0;0;2;4;2;C01
200900040919;0;30;0;0;2;1;2;A01
200900040919;0;7;0;0;2;4;23;B01
200900040920;0;7;0;0;1;4;4;A01
200900040921;0;30;0;0;2;3;1;A01
200900040921;1;7;0;0;2;5;12;Z01
200900040922;0;30;0;0;2;8;18;B01
200900040922;0;7;0;0;2;7;14;A01
200900040923;0;30;0;0;0;0;21;A01
200900040924;0;7;0;0;1;1;1;A01
200900040925;0;7;0;0;1;1;1;A01
200900040926;0;2;0;0;1;1;5;A01
200900040927;0;7;0;0;1;3;15;A01
200900040928;0;32;0;0;2;1;1;B01
200900040928;0;7;0;0;2;1;10;A01
200900040929;0;32;0;0;1;2;17;A01
200900040930;0;10;0;0;2;3;1;B01
200900040930;0;2;0;0;2;1;12;A01
200900040931;0;30;0;0;2;8;2;A01
200900040931;1;7;0;0;2;7;2;Z01
200900040932;0;30;0;1;0;1;21;A01
200900040933;0;10;0;0;2;1;2;A01
200900040933;0;7;0;0;2;4;2;B01
200900040934;0;32;0;0;2;0;1;B01
200900040934;0;7;0;0;2;0;5;A01
200900040935;0;30;0;0;2;1;1;B01
200900040935;0;7;0;0;2;5;1;A01
200900040936;0;30;0;12;0;1;14;A01
200900040937;0;7;0;1;2;8;1;B01
200900040937;0;10;0;1;2;1;1;A01
200900040938;0;33;0;0;0;0;1;A01
200900040939;0;33;0;0;0;0;1;A01
200900040940;0;31;0;0;0;0;1;A01
200900040941;0;7;0;0;1;1;1;A01
200900040942;0;32;0;0;0;8;7;A01
200900040943;0;31;0;0;1;1;17;A01
200900040944;0;32;0;0;0;7;1;A01
200900040945;1;7;0;0;1;0;1;Z01
200900040946;0;30;0;0;1;1;7;A01
200900040947;0;7;0;0;1;2;1;A01
200900040948;0;7;0;0;2;1;1;C01
200900040948;0;7;0;0;2;6;13;A01
200900040948;0;14;0;0;2;2;1;B01
200900040949;0;7;0;0;2;3;13;A01
200900040949;0;10;0;0;2;6;23;C01
200900040949;0;33;0;0;2;2;17;B01
200900040950;0;7;0;0;1;1;1;A01
200900040951;0;33;0;0;2;0;21;A01
200900040952;1;37;1;0;2;2;17;Z01
200900040952;0;1;0;0;2;4;7;A01
200900040953;0;7;0;0;2;3;1;B01
200900040953;0;2;0;0;2;1;9;A01
200900040954;0;7;0;0;2;1;1;A01
200900040954;0;33;0;0;2;8;1;B01
200900040955;0;7;0;0;2;1;15;B01
200900040955;0;1;0;0;2;1;1;A01
200900040956;0;33;0;0;2;3;9;B01
200900040956;0;34;0;0;2;2;1;A01
200900040957;0;32;0;0;2;3;1;A01
200900040957;0;7;0;0;2;7;16;B01
200900040958;0;7;0;0;2;7;12;A01
200900040958;0;33;0;0;2;8;1;B01
200900040959;0;7;0;0;1;0;1;A01
200900040960;0;7;0;0;1;1;1;A01
200900040961;0;10;0;0;2;6;4;A01
200900040961;0;34;0;0;2;6;9;B01
200900040962;0;7;0;0;2;1;1;A01
200900040962;0;2;0;0;2;6;1;B01
200900040963;0;30;0;0;0;0;16;A01
200900040964;0;7;0;0;1;0;4;A01
200900040965;0;10;0;0;2;3;1;B01
200900040965;0;32;0;0;2;3;1;A01
200900040966;0;33;0;0;0;8;1;A01
200900040967;1;30;0;0;1;0;1;Z01
200900040968;0;32;0;0;1;1;1;A01
200900040969;0;37;30;0;2;1;2;A01
200900040969;0;7;0;0;2;4;2;B01
200900040970;0;30;0;0;0;0;14;A01
200900040971;0;7;0;0;2;1;15;A01
200900040971;0;32;0;0;2;3;1;B01
200900040972;0;7;0;0;1;3;1;A01
200900040973;0;32;0;0;0;0;21;A01
200900040974;0;7;0;0;1;2;1;A01
200900040975;0;7;0;0;2;3;1;A01
200900040975;0;30;0;12;2;8;1;B01
200900040976;0;31;0;0;0;8;3;A01
200900040977;0;33;0;0;1;4;17;A01
200900040978;0;7;0;1;0;3;13;A01
200900040979;0;32;0;0;2;1;3;A01
200900040979;0;7;0;0;2;6;1;B01
200900040980;0;7;0;0;2;3;22;A01
200900040980;0;33;0;1;2;2;1;B01
200900040980;0;10;0;0;2;5;1;C01
200900040981;0;1;0;0;1;1;1;A01
200900040982;0;2;0;0;2;1;18;A01
200900040982;0;7;0;0;2;7;16;B01
200900040983;0;34;0;0;1;7;1;A01
200900040984;0;30;0;0;2;2;1;A01
200900040984;0;7;0;0;2;3;15;B01
200900040985;0;33;0;0;2;8;3;A01
200900040985;0;7;0;0;2;5;1;B01
200900040986;0;7;0;0;2;4;2;B01
200900040986;0;2;0;0;2;1;2;A01
200900040987;0;33;0;0;2;1;1;B01
200900040987;0;7;0;0;2;2;10;A01
200900040988;0;31;0;0;1;1;15;A01
200900040989;0;7;0;0;2;3;10;A01
200900040989;0;33;0;0;2;2;1;B01
200900040990;0;7;0;0;2;2;10;A01
200900040990;0;33;0;0;2;1;1;B01
200900040991;0;33;0;0;0;0;21;A01
200900040992;0;7;0;0;1;8;1;A01
200900040993;0;32;0;0;0;0;1;A01
200900040994;0;7;0;7;0;1;13;A01
200900040995;0;30;0;14;0;1;13;A01
200900040996;0;33;0;0;0;7;16;A01
200900040997;0;7;0;0;2;4;23;B01
200900040997;0;31;0;0;2;1;2;A01
200900040998;0;7;0;0;2;1;2;A01
200900040998;0;10;0;0;2;4;2;B01
200900040999;0;7;0;0;1;2;1;A01
200900041000;0;7;0;8;0;3;0;A01
200900041001;0;7;0;0;2;0;2;A01
200900041001;0;33;0;0;2;0;2;B01
200900041002;0;10;0;0;1;1;15;A01
200900041003;0;7;0;0;2;3;13;A01
200900041003;0;7;0;0;2;3;1;B01
200900041004;0;7;0;0;1;1;16;A01
200900041005;0;7;0;0;2;9;23;C01
200900041005;0;7;0;0;2;2;2;A01
200900041005;0;7;0;0;2;6;23;B01
200900041006;0;1;0;0;0;7;21;A01
200900041007;0;7;0;2;2;5;2;A01
200900041007;2;7;0;0;2;1;2;Z01
200900041008;0;7;0;8;2;6;1;B01
200900041008;0;7;0;0;2;1;1;A01
200900041009;0;7;0;0;1;3;15;A01
200900041010;0;33;0;0;1;3;1;A01
200900041011;0;10;0;0;1;6;4;A01
200900041012;0;7;0;8;0;1;1;A01
200900041013;0;7;0;0;1;3;15;A01
200900041014;0;10;0;0;2;6;11;B01
200900041014;0;31;0;0;2;1;1;A01
200900041015;0;7;0;0;1;4;4;A01
200900041016;0;7;0;0;2;1;2;C01
200900041016;0;7;0;0;2;9;2;B01
200900041016;0;7;0;1;2;1;13;A01
200900041017;1;7;0;0;1;0;1;Z01
200900041018;0;7;0;0;2;3;10;A01
200900041018;0;34;0;0;2;1;1;B01
200900041019;1;7;0;0;2;0;10;Z01
200900041019;0;30;0;0;2;8;1;A01
200900041020;0;30;0;0;2;7;1;A01
200900041020;1;7;0;0;2;0;15;Z01
200900041021;0;7;0;1;0;3;13;A01
200900041022;0;7;0;0;2;3;1;B01
200900041022;0;1;0;0;2;7;1;A01
200900041023;1;1;0;0;1;0;1;Z01
200900041024;0;7;0;0;2;5;1;A01
200900041024;0;7;0;0;2;2;1;B01
200900041025;0;7;0;0;2;3;2;A01
200900041025;0;30;0;0;2;4;23;B01
200900041026;0;10;0;0;2;6;9;A01
200900041026;0;32;0;0;2;8;1;B01
200900041027;0;7;0;0;2;3;1;B01
200900041027;0;7;0;1;2;3;4;A01
200900041028;0;7;0;0;2;1;2;A01
200900041028;0;7;0;0;2;4;2;B01
200900041029;0;10;0;0;2;4;23;B01
200900041029;0;7;0;0;2;1;2;A01
200900041030;0;7;0;12;0;1;1;A01
200900041031;0;34;0;0;1;1;1;A01
200900041032;0;7;0;0;2;1;1;A01
200900041032;0;7;0;0;2;4;1;B01
200900041033;0;34;0;0;1;1;1;A01
200900041034;0;31;0;0;2;1;1;B01
200900041034;0;7;0;0;2;2;15;A01
200900041035;0;31;0;12;0;0;15;A01
200900041036;0;7;0;4;2;6;1;A01
200900041036;1;7;0;0;2;0;17;Z01
200900041037;0;7;0;0;2;5;23;B01
200900041037;0;30;0;0;2;8;2;A01
200900041038;0;7;0;0;2;0;1;A01
200900041038;0;2;0;0;2;4;2;B01
200900041038;0;7;0;0;2;1;2;C01
200900041039;0;2;0;0;0;1;1;A01
200900041040;0;30;0;0;2;1;17;B01
200900041040;0;7;0;0;2;8;15;A01
200900041041;0;7;0;0;1;1;1;A01
200900041042;0;32;0;0;0;7;16;A01
200900041043;0;7;0;0;1;2;1;A01
200900041044;0;7;0;0;2;1;1;A01
200900041044;0;7;0;0;2;3;15;B01
200900041045;0;32;0;0;0;3;21;A01
200900041046;0;34;0;0;2;2;1;A01
200900041046;0;7;0;0;2;3;15;B01
200900041047;0;7;0;14;0;1;1;A01
200900041048;0;10;0;4;0;2;14;A01
200900041049;0;31;0;0;0;8;1;A01
200900041050;0;7;0;0;2;3;9;A01
200900041050;0;34;0;0;2;1;1;B01
200900041051;0;30;0;0;0;0;15;A01
200900041052;0;10;0;7;0;3;14;A01
200900041053;0;7;0;11;0;1;13;A01
200900041054;0;34;0;0;0;8;1;A01
200900041055;0;7;0;0;2;1;15;B01
200900041055;0;2;0;0;2;1;1;A01
200900041056;0;2;0;0;0;7;1;A01
200900041057;1;13;0;0;2;0;1;Z01
200900041057;0;32;0;0;2;8;13;A01
200900041058;0;32;0;0;2;4;2;B01
200900041058;0;7;0;0;2;2;2;A01
200900041059;0;10;0;0;1;4;4;A01
200900041060;0;7;0;0;1;1;16;A01
200900041061;0;7;0;0;2;2;1;B01
200900041061;0;33;0;0;2;1;1;A01
200900041062;0;30;0;0;2;7;5;B01
200900041062;0;7;0;0;2;3;13;A01
200900041063;0;7;0;0;2;0;16;B01
200900041063;0;2;0;0;2;0;1;A01
200900041064;0;7;0;0;2;8;15;B01
200900041064;0;32;0;0;2;8;17;A01
200900041065;0;33;0;0;1;1;1;A01
200900041066;0;7;0;0;1;1;1;A01
200900041067;0;7;0;0;2;4;2;B01
200900041067;0;2;0;0;2;1;2;A01
200900041068;0;7;0;0;2;2;15;A01
200900041068;0;32;0;0;2;3;1;B01
200900041069;0;7;0;11;0;1;13;A01
200900041070;0;7;0;11;0;1;13;A01
200900041071;0;7;0;0;1;1;1;A01
200900041072;0;32;0;0;2;1;17;A01
200900041072;0;7;0;0;2;3;15;B01
200900041073;0;13;0;0;1;2;5;A01
200900041074;0;30;0;0;0;7;21;A01
200900041075;0;30;0;0;2;1;1;B01
200900041075;0;7;0;0;2;3;15;A01
200900041076;0;7;0;0;1;2;15;A01
200900041077;0;32;0;0;0;0;1;A01
200900041078;0;7;0;0;1;1;1;A01
200900041079;0;30;0;0;1;1;1;A01
200900041080;0;2;0;0;2;7;17;A01
200900041080;0;7;0;0;2;8;13;B01
200900041081;0;7;0;6;0;3;14;A01
200900041082;0;31;0;0;0;0;1;A01
200900041083;0;7;0;0;2;1;2;A01
200900041083;0;7;0;0;2;4;23;C01
200900041083;0;7;0;0;2;1;23;B01
200900041084;0;7;0;0;1;5;4;A01
200900041085;0;31;0;0;1;1;17;A01
200900041086;0;30;0;0;0;0;21;A01
200900041087;0;2;0;0;0;0;21;A01
200900041088;0;34;0;0;1;1;17;A01
200900041089;0;7;0;0;1;2;1;A01
200900041090;0;37;3;0;2;3;2;A01
200900041090;0;7;0;0;2;5;2;B01
200900041091;0;7;0;0;2;3;15;A01
200900041091;0;33;0;0;2;1;7;B01
200900041092;0;7;0;0;2;4;2;B01
200900041092;0;7;0;0;2;1;2;A01
200900041093;0;7;0;4;0;2;14;A01
200900041094;0;7;0;0;2;3;1;B01
200900041094;0;7;0;0;2;2;1;A01
200900041095;0;7;0;11;0;1;13;A01
200900041096;0;7;0;0;2;6;2;B01
200900041096;0;30;0;1;2;1;2;A01
200900041097;0;30;0;0;0;4;16;A01
200900041098;1;7;0;0;2;0;1;Z01
200900041098;0;30;0;0;2;7;1;A01
200900041099;0;7;0;4;0;3;13;A01
200900041100;0;7;0;0;2;2;1;B01
200900041100;0;30;0;0;2;8;16;A01
200900041101;1;7;0;0;1;0;1;Z01
200900041102;0;1;0;0;2;1;1;B01
200900041102;0;7;0;0;2;8;10;A01
200900041103;0;31;0;0;1;0;1;A01
200900041104;1;7;0;0;1;1;1;Z01
200900041105;0;7;0;0;2;6;2;B01
200900041105;0;30;0;0;2;1;2;A01
200900041106;0;7;0;0;1;4;4;A01
200900041107;0;7;0;14;0;1;17;A01
200900041108;0;1;0;0;2;1;1;B01
200900041108;0;7;0;0;2;2;15;A01
200900041109;0;31;0;0;0;0;21;A01
200900041110;0;7;0;7;0;3;13;A01
200900041111;0;34;0;0;2;0;1;B01
200900041111;0;7;0;0;2;0;9;A01
200900041112;0;7;0;0;1;2;15;A01
200900041113;0;7;0;0;2;8;15;A01
200900041113;0;32;0;0;2;2;17;B01
200900041114;0;7;0;0;2;2;9;B01
200900041114;0;1;0;0;2;2;1;A01
200900041115;0;33;0;0;2;1;1;B01
200900041115;0;7;0;0;2;2;15;A01
200900041116;0;32;0;0;1;1;15;A01
200900041117;0;7;0;0;2;7;12;A01
200900041117;0;34;0;0;2;3;3;B01
200900041118;1;7;0;0;1;2;1;Z01
200900041119;0;10;0;0;2;3;10;A01
200900041119;0;33;0;1;2;1;17;B01
200900041120;0;7;0;0;2;3;15;B01
200900041120;0;32;0;0;2;2;17;A01
200900041121;0;7;0;0;2;2;1;B01
200900041121;0;32;0;0;2;3;1;A01