num_acc;senc;catv;occutc;obs;obsm;choc;manv;num_veh
200900041122;0;30;0;1;0;7;16;A01
200900041123;0;33;0;0;0;7;15;A01
200900041124;0;7;0;0;2;3;11;A01
200900041124;0;31;0;0;2;7;1;B01
200900041125;0;7;0;0;2;1;2;A01
200900041125;0;7;0;0;2;4;2;B01
200900041126;0;7;0;0;1;2;15;A01
200900041127;0;7;0;0;2;5;2;A01
200900041127;1;7;0;0;2;3;2;Z01
200900041128;0;7;0;0;1;2;1;A01
200900041129;0;33;0;0;2;1;1;B01
200900041129;0;7;0;0;2;2;15;A01
200900041130;0;7;0;0;1;1;15;A01
200900041131;0;7;0;0;1;6;4;A01
200900041132;1;10;0;4;0;7;14;A01
200900041133;0;30;0;15;0;1;14;A01
200900041134;1;32;0;0;1;0;1;Z01
200900041135;0;32;0;0;0;0;1;A01
200900041136;0;33;0;0;2;1;2;A01
200900041136;0;7;0;0;2;4;2;B01
200900041137;0;7;0;0;1;2;1;A01
200900041138;0;32;0;0;1;8;1;A01
200900041139;0;7;0;0;2;8;11;A01
200900041139;0;32;0;0;2;7;1;B01
200900041140;0;7;0;0;2;6;1;B01
200900041140;0;32;0;0;2;1;3;A01
200900041141;0;7;0;0;2;4;2;B01
200900041141;0;7;0;0;2;1;2;A01
200900041142;0;31;0;0;2;7;3;B01
200900041142;0;7;0;0;2;6;11;A01
200900041143;0;7;0;14;0;1;14;A01
200900041144;0;7;0;14;0;1;14;A01
200900041145;0;7;0;14;0;0;16;A01
200900041146;0;32;0;0;1;1;1;A01
200900041147;0;7;0;7;0;2;14;A01
200900041148;0;7;0;0;2;3;1;A01
200900041148;0;33;0;0;2;1;1;B01
200900041148;0;7;0;0;2;3;1;C01
200900041149;0;7;0;0;1;1;15;A01
200900041150;0;7;0;14;0;1;14;A01
200900041151;0;32;0;0;2;1;1;A01
200900041151;0;10;0;0;2;3;15;B01
200900041152;0;30;0;0;0;7;16;A01
200900041153;0;30;0;0;2;1;2;A01
200900041153;0;10;0;0;2;1;23;B01
200900041154;0;10;0;0;1;2;7;A01
200900041155;0;7;0;0;1;1;15;A01
200900041156;0;30;0;0;2;8;1;B01
200900041156;0;10;0;0;2;7;17;A01
200900041157;0;7;0;0;2;5;23;B01
200900041157;0;30;0;0;2;3;2;A01
200900041158;0;1;0;0;2;1;1;A01
200900041158;0;7;0;0;2;6;1;B01
200900041159;1;1;0;0;1;0;1;Z01
200900041160;0;32;0;0;1;0;1;A01
200900041161;0;30;0;1;2;1;2;A01
200900041161;0;7;0;0;2;4;2;B01
200900041162;0;7;0;0;2;6;15;B01
200900041162;0;2;0;0;2;1;17;A01
200900041163;0;7;0;0;1;7;4;A01
200900041164;0;7;0;0;1;2;1;A01
200900041165;0;32;0;0;0;0;1;A01
200900041166;0;10;0;0;2;3;2;C01
200900041166;0;10;0;0;2;1;2;A01
200900041166;0;7;0;0;2;4;2;B01
200900041167;1;7;0;0;2;0;13;Z01
200900041167;0;30;0;1;2;7;1;A01
200900041168;0;7;0;0;1;3;1;A01
200900041169;0;7;0;0;0;1;15;A01
200900041170;0;7;0;0;2;4;11;A01
200900041170;0;33;0;0;2;1;3;B01
200900041171;0;30;0;0;0;0;1;A01
200900041172;0;30;0;0;2;5;9;B01
200900041172;0;3;0;0;2;5;1;A01
200900041173;0;10;0;0;2;2;1;C01
200900041173;0;7;0;0;2;0;12;A01
200900041173;0;32;0;1;2;8;1;B01
200900041174;0;7;0;0;2;8;15;B01
200900041174;0;7;0;0;2;3;1;A01
200900041175;0;7;0;0;1;1;15;A01
200900041176;0;7;0;0;2;6;2;B01
200900041176;0;30;0;0;2;7;2;A01
200900041177;0;32;0;0;2;2;2;A01
200900041177;0;7;0;0;2;6;23;B01
200900041178;0;30;0;0;0;0;7;A01
200900041179;0;7;0;0;2;4;23;B01
200900041179;0;7;0;0;2;3;2;A01
200900041180;0;32;0;0;2;1;2;A01
200900041180;0;7;0;0;2;5;2;B01
200900041181;0;32;0;0;2;8;1;B01
200900041181;0;7;0;0;2;1;15;A01
200900041182;0;30;0;0;1;1;17;A01
200900041183;0;30;0;14;0;1;13;A01
200900041184;0;7;0;4;0;8;13;A01
200900041185;0;7;0;0;2;1;15;B01
200900041185;0;7;0;1;2;2;1;A01
200900041186;0;7;0;0;2;8;1;B01
200900041186;0;34;0;14;2;6;1;A01
200900041186;1;7;0;0;2;1;15;Z01
200900041187;0;7;0;0;2;1;2;A01
200900041187;0;7;0;0;2;4;23;B01
200900041188;0;7;0;0;1;2;1;A01
200900041189;0;7;0;0;2;2;15;B01
200900041189;0;33;0;0;2;1;7;A01
200900041190;0;1;0;0;2;8;11;A01
200900041190;0;32;0;0;2;1;1;B01
200900041191;0;7;0;0;1;3;15;A01
200900041192;0;33;0;0;2;7;1;B01
200900041192;0;7;0;0;2;0;11;A01
200900041193;0;7;0;0;2;4;2;B01
200900041193;0;2;0;0;2;2;2;A01
200900041194;0;34;0;0;2;4;23;B01
200900041194;0;10;0;0;2;1;2;A01
200900041195;1;7;0;0;2;0;9;Z01
200900041195;0;30;0;0;2;5;1;A01
200900041196;0;30;0;0;2;8;1;A01
200900041196;1;7;0;0;2;3;18;Z01
200900041197;0;15;0;4;0;1;14;A01
200900041198;0;10;0;0;2;5;15;A01
200900041198;0;2;0;0;2;1;1;B01
200900041199;0;7;0;0;2;5;22;A01
200900041199;0;1;0;0;2;1;18;B01
200900041200;0;30;0;0;2;8;1;B01
200900041200;0;7;0;0;2;1;1;A01
200900041201;0;30;0;0;1;2;17;A01
200900041202;0;7;0;0;2;1;2;A01
200900041202;0;7;0;0;2;4;2;B01
200900041203;0;32;0;0;1;3;1;A01
200900041204;0;7;0;0;2;7;15;A01
200900041204;0;31;0;0;2;8;1;B01
200900041205;0;2;0;0;2;1;16;A01
200900041205;0;37;0;0;2;3;1;B01
200900041206;0;7;0;0;1;1;1;A01
200900041207;0;7;0;0;2;3;1;B01
200900041207;0;30;0;0;2;7;15;A01
200900041208;0;37;0;0;2;4;23;B01
200900041208;0;37;1;0;2;1;2;A01
200900041209;0;1;0;0;0;7;1;A01
200900041210;0;2;0;0;0;0;10;A01
200900041211;0;7;0;0;2;1;11;B01
200900041211;0;7;0;0;2;1;1;A01
200900041212;0;10;0;0;0;8;1;A01
200900041213;0;7;0;4;0;0;0;A01
200900041214;0;33;0;0;0;1;0;A01
200900041215;0;1;0;0;2;1;1;A01
200900041215;0;7;0;0;2;7;1;B01
200900041216;0;7;0;0;2;1;1;A01
200900041216;0;7;0;0;2;4;1;B01
200900041217;0;7;0;0;2;1;15;A01
200900041217;0;7;0;0;2;3;1;B01
200900041218;0;7;0;0;0;0;0;B01
200900041218;0;7;0;0;0;0;1;A01
200900041219;0;7;0;0;2;2;9;A01
200900041219;0;30;0;0;2;7;0;B01
200900041220;0;33;0;0;2;1;1;B02
200900041220;0;7;0;0;2;2;15;A01
200900041221;0;31;0;0;2;2;1;A01
200900041222;0;7;0;3;2;1;1;A01
200900041222;0;10;0;0;0;4;1;B02
200900041223;0;7;0;0;2;3;17;A01
200900041223;0;30;0;0;2;1;1;B02
200900041224;0;7;0;0;9;1;1;A01
200900041224;0;1;0;0;2;0;13;B02
200900041225;0;7;0;0;2;7;17;A01
200900041225;0;7;0;0;0;8;1;B02
200900041226;0;7;0;0;0;0;15;A01
200900041226;0;7;0;8;0;1;17;B02
200900041227;0;33;0;13;0;1;1;A01
200900041228;0;7;0;4;0;9;21;B02
200900041228;0;7;0;4;0;1;21;A01
200900041229;0;33;0;0;2;1;17;A01
200900041229;0;7;0;0;2;8;15;B02
200900041230;0;13;0;0;0;2;19;A01
200900041230;0;31;0;0;1;8;1;B02
200900041231;0;7;0;0;2;3;1;B02
200900041231;0;7;0;0;2;3;13;A01
200900041232;0;33;0;0;2;1;17;A01
200900041232;0;7;0;0;2;6;15;B02
200900041233;0;14;0;13;0;7;1;A01
200900041234;0;7;0;0;2;3;15;A01
200900041234;0;30;0;0;2;1;17;B02
200900041235;0;7;0;3;0;3;21;A01
200900041236;0;7;0;2;0;9;17;A01
200900041237;0;7;0;13;0;8;1;A01
200900041238;0;7;0;0;0;4;24;A01
200900041238;0;17;0;1;0;1;2;B02
200900041239;0;7;0;2;0;8;13;A01
200900041240;0;33;0;0;2;1;13;A01
200900041240;0;10;0;0;2;2;1;B02
200900041241;0;7;0;0;1;3;13;A01
200900041242;0;14;0;0;2;1;1;A01
200900041242;0;7;0;0;0;0;15;B02
200900041243;0;33;0;0;0;7;1;A01
200900041244;0;36;0;6;0;1;10;A01
200900041245;0;7;0;0;2;6;15;B02
200900041245;0;33;0;0;2;1;17;A01
200900041246;0;7;0;0;0;2;0;A01
200900041246;0;32;0;1;0;3;15;B02
200900041247;0;7;0;0;0;3;5;A01
200900041247;0;7;0;0;0;6;1;B02
200900041248;0;7;0;0;1;3;1;A01
200900041249;0;33;0;0;2;1;18;A01
200900041249;0;15;0;0;2;2;16;B01
200900041250;0;33;0;0;2;2;17;A01
200900041250;0;7;0;0;2;8;1;B01
200900041251;0;7;0;0;2;7;17;A01
200900041251;0;2;0;0;2;3;13;B01
200900041252;0;7;0;0;2;3;15;B01
200900041252;0;7;0;0;2;1;9;A01
200900041253;0;32;0;0;2;1;1;A01
200900041253;0;7;0;0;0;4;1;B01
200900041254;0;10;0;0;2;1;1;A01
200900041254;0;7;0;0;0;4;1;B01
200900041255;0;7;0;0;1;2;1;A01
200900041256;0;7;0;0;2;7;16;A01
200900041256;0;31;0;0;2;1;18;B01
200900041256;0;7;0;0;2;1;23;C01
200900041257;0;7;0;0;1;7;1;A01
200900041258;0;7;0;0;1;0;4;A01
200900041259;0;33;0;2;0;9;14;A01
200900041260;0;7;0;0;2;1;1;A01
200900041260;0;7;0;0;2;4;23;B01
200900041261;1;7;0;0;1;1;1;A01
200900041262;0;31;0;0;2;1;1;B01
200900041262;0;7;0;0;2;5;15;A01
200900041263;0;33;0;0;1;1;1;A01
200900041264;0;7;0;0;1;2;1;A01
200900041265;0;33;0;6;0;7;1;A01
200900041266;0;7;0;0;2;1;13;A01
200900041266;0;7;0;0;2;3;1;B02
200900041267;0;7;0;0;1;2;1;A01
200900041268;0;7;0;0;1;1;1;A01
200900041269;0;7;0;0;2;1;13;A01
200900041269;0;7;0;0;2;1;1;B02
200900041270;0;7;0;13;0;0;1;A01
200900041271;0;7;0;0;1;3;1;A01
200900041272;0;7;0;0;5;1;1;A01
200900041273;0;10;0;0;2;2;1;B02
200900041273;0;2;0;0;2;3;10;A01
200900041274;0;7;0;6;0;7;1;A01
200900041275;0;10;0;13;0;2;1;A01
200900041276;0;7;0;13;0;8;1;A01
200900041277;0;17;0;0;2;1;13;A01
200900041277;0;10;0;0;2;2;1;B02
200900041277;0;10;0;0;2;7;21;C03
200900041278;0;7;0;2;0;7;1;A01
200900041279;0;7;0;0;1;1;1;A01
200900041280;0;7;0;13;0;1;1;A01
200900041281;0;10;0;8;0;3;19;A01
200900041282;0;33;0;0;2;1;2;A01
200900041282;0;10;0;0;0;0;2;B02
200900041283;0;10;0;0;0;3;1;B02
200900041283;0;7;0;0;0;3;13;A01
200900041284;0;7;0;0;2;2;1;B02
200900041284;0;7;0;0;9;3;1;A01
200900041285;0;7;0;0;2;2;1;B01
200900041285;0;33;0;0;2;9;0;A01
200900041286;0;7;0;0;1;3;15;A01
200900041287;0;7;0;0;2;8;16;B01
200900041287;0;7;0;0;2;1;15;A01
200900041288;0;7;0;0;1;2;1;A01
200900041289;0;7;0;9;0;1;13;A01
200900041290;0;2;0;0;0;8;15;B01
200900041290;0;7;0;0;2;1;1;A01
200900041291;0;30;0;0;0;7;1;A01
200900041291;0;7;0;0;2;1;1;B01
200900041292;0;7;0;0;2;1;15;A01
200900041292;0;7;0;0;0;8;1;B01
200900041293;0;31;0;0;2;2;1;B01
200900041293;0;7;0;0;2;3;9;A01
200900041294;0;7;0;12;0;2;1;A01
200900041295;0;7;0;0;0;4;2;B01
200900041295;0;99;0;0;2;1;2;A01
200900041296;0;7;0;0;1;1;1;A01
200900041297;0;7;0;16;0;9;1;A01
200900041298;0;7;0;0;0;4;2;B01
200900041298;0;7;0;0;2;1;2;A01
200900041299;0;7;0;3;2;1;13;A01
200900041299;0;7;0;0;2;1;1;B01
200900041300;0;7;0;0;2;8;2;C02
200900041300;0;7;0;0;2;7;2;B02
200900041300;0;7;0;0;2;8;1;A01
200900041301;0;7;0;;2;6;1;B02
200900041301;0;7;0;;2;3;17;A01
200900041302;0;2;0;;2;1;1;A01
200900041302;0;7;0;;2;8;0;B01
200900041303;0;10;0;0;2;2;1;A01
200900041303;0;7;0;0;2;8;9;B02
200900041304;0;7;0;;2;1;1;B01
200900041304;0;17;0;;2;1;2;A01
200900041305;0;33;0;0;0;8;1;A01
200900041305;0;33;0;16;0;8;1;B02
200900041306;0;7;0;0;5;4;1;B01
200900041306;0;7;0;0;2;1;1;A01
200900041307;0;31;0;8;0;1;5;A01
200900041308;0;10;0;0;0;8;1;B01
200900041308;0;7;0;0;2;1;1;A01
200900041309;0;1;0;0;2;8;2;B01
200900041309;0;7;0;0;2;7;2;A01
200900041310;0;7;0;0;2;1;1;A01
200900041310;0;1;0;0;2;4;1;B01
200900041311;0;7;0;16;0;9;0;A01
200900041312;0;7;0;0;2;2;0;B01
200900041312;0;10;0;0;2;1;0;A01
200900041313;0;10;0;0;1;2;12;A01
200900041314;0;7;0;0;2;3;1;A01
200900041314;0;7;0;0;2;2;1;B01
200900041315;0;30;0;0;2;1;0;A01
200900041315;0;7;0;0;0;3;0;B01
200900041316;0;7;0;0;0;6;19;A01
200900041316;0;7;0;0;2;1;2;B01
200900041317;0;7;0;0;2;2;9;A01
200900041317;0;7;0;0;2;9;1;B01
200900041318;0;7;0;0;1;2;1;A01
200900041319;0;2;0;0;2;3;1;A01
200900041319;1;7;0;0;2;0;1;B01
200900041320;0;7;0;0;2;3;1;B01
200900041320;0;10;0;0;2;1;1;A01
200900041321;0;10;0;0;2;1;19;A01
200900041321;0;34;0;0;2;7;0;B01
200900041322;0;31;0;0;0;0;0;A01
200900041322;0;31;0;0;0;8;1;B01
200900041323;0;7;0;0;2;1;19;A01
200900041323;0;7;0;0;0;3;1;B01
200900041324;0;10;0;0;5;3;1;B01
200900041324;0;10;0;0;5;2;1;A01
200900041325;0;30;0;0;0;0;0;A01
200900041326;0;7;0;15;0;2;1;A01
200900041327;0;7;0;8;0;1;1;A01
200900041328;0;7;0;0;2;3;1;B02
200900041328;0;7;0;0;2;5;18;A01
200900041329;0;33;0;0;2;1;2;A01
200900041329;0;7;0;0;2;8;15;B02
200900041330;0;31;0;13;0;1;19;A01
200900041331;0;33;0;0;0;0;16;A01
200900041332;0;30;0;0;2;1;1;B02
200900041332;0;7;0;0;2;2;15;A01
200900041333;0;7;0;0;0;8;15;A01
200900041333;0;34;0;0;0;1;17;B02
200900041334;0;7;0;2;0;3;13;A01
200900041335;0;7;0;0;2;3;1;B02
200900041335;0;7;0;0;2;3;0;A01
200900041336;0;14;0;0;2;3;1;B02
200900041336;0;7;0;3;2;7;1;C03
200900041336;0;7;0;0;2;3;11;A01
200900041337;0;7;0;0;2;3;1;A01
200900041337;0;2;0;0;2;0;13;B02
200900041338;0;7;0;0;1;2;1;A01
200900041339;0;33;0;9;0;1;14;A01
200900041340;0;7;0;0;2;1;1;A01
200900041340;0;7;0;0;2;8;16;B02
200900041341;0;7;0;0;1;1;1;A01
200900041342;0;7;0;0;0;3;15;A01
200900041342;0;33;0;0;2;1;17;B02
200900041343;0;7;0;4;0;0;13;A01
200900041344;0;7;0;0;2;1;1;A01
200900041344;0;7;0;0;2;8;19;B02
200900041345;0;7;0;0;2;3;5;A01
200900041345;0;7;0;0;2;3;1;B02
200900041346;0;7;0;0;2;8;1;B02
200900041346;0;7;0;0;2;1;1;A01
200900041347;0;7;0;0;2;2;2;A01
200900041347;0;7;0;0;0;6;2;B01
200900041348;0;7;0;13;0;1;14;A01
200900041349;0;7;0;0;2;1;2;A01
200900041349;0;7;0;0;2;4;1;B01
200900041350;0;7;0;0;1;3;1;A01
200900041351;0;7;0;0;1;6;4;A01
200900041352;0;7;0;0;2;8;1;C01
200900041352;0;33;0;0;2;1;2;A01
200900041352;0;33;0;0;2;4;1;B01
200900041353;0;7;0;0;2;1;9;A01
200900041353;0;7;0;0;2;8;1;B01
200900041354;0;7;0;0;2;1;1;A01
200900041354;0;7;0;0;2;8;1;B01
200900041355;0;7;0;0;2;4;23;B01
200900041355;0;7;0;0;2;4;23;C01
200900041355;0;7;0;0;2;4;23;D01
200900041355;1;7;0;0;2;1;1;A01
200900041356;0;15;0;0;2;4;1;B01
200900041356;0;15;0;0;2;4;1;C01
200900041356;0;15;0;0;2;1;1;A01
200900041357;0;99;0;0;2;2;1;A01
200900041357;0;33;0;0;2;2;1;B01
200900041358;0;10;0;0;2;2;1;A01
200900041358;0;10;0;0;2;6;1;B01
200900041359;0;7;0;13;0;1;1;A01
200900041360;0;7;0;4;0;1;1;A01
200900041361;0;7;0;0;0;8;1;A01
200900041361;0;7;0;0;2;7;17;B01
200900041362;0;7;0;0;0;4;2;A01
200900041362;0;7;0;0;2;1;2;B01
200900041363;0;7;0;0;0;0;0;A01
200900041364;0;7;0;4;0;1;1;A01
200900041365;0;7;0;14;0;3;13;A01
200900041366;0;31;0;0;0;0;2;A01
200900041367;0;7;0;0;2;4;2;B01
200900041367;0;7;0;0;2;2;2;C01
200900041367;0;7;0;0;2;4;2;A01
200900041368;0;7;0;0;2;4;1;C01
200900041368;0;7;0;0;2;1;1;A01
200900041368;0;7;0;0;2;4;1;B01
200900041369;0;7;0;0;2;6;11;A01
200900041369;0;33;0;0;2;1;1;B01
200900041370;0;7;0;1;0;2;14;B01
200900041370;0;7;0;0;0;3;23;A01
200900041371;0;7;0;0;2;4;2;B01
200900041371;0;7;0;0;2;4;2;C01
200900041371;0;7;0;0;2;1;2;D01
200900041371;0;7;0;0;2;4;2;A01
200900041372;0;7;0;4;0;1;2;A01
200900041373;0;7;0;1;0;2;14;B01
200900041373;0;7;0;0;0;6;23;A01
200900041374;0;7;0;0;2;3;1;C01
200900041374;0;7;0;0;2;4;2;A01
200900041374;0;7;0;0;2;1;2;B01
200900041375;0;7;0;0;2;1;2;B01
200900041375;0;7;0;0;2;4;2;A01
200900041376;0;7;0;0;2;1;0;E01
200900041376;0;7;0;0;2;1;0;C01
200900041376;0;7;0;0;2;4;0;B01
200900041376;0;7;0;0;0;4;0;A01
200900041376;0;7;0;0;2;1;0;D01
200900041377;0;7;0;0;0;1;0;A01
200900041378;0;7;0;0;2;1;2;B01
200900041378;0;7;0;0;0;4;0;A01
200900041379;0;7;0;4;0;2;14;A01
200900041380;0;7;0;0;0;4;2;A01
200900041380;0;7;0;0;2;1;2;B01
200900041381;0;7;0;0;2;4;23;A01
200900041381;0;10;0;0;2;1;1;B01
200900041382;0;7;0;4;0;2;0;A01
200900041383;0;31;0;0;0;7;0;A01
200900041384;0;7;0;0;0;0;2;A01
200900041385;0;10;0;8;0;2;13;A01
200900041386;0;7;0;0;2;4;1;C01
200900041386;0;7;0;0;2;4;1;B01
200900041386;0;7;0;0;2;1;1;A01
200900041387;0;7;0;0;2;3;1;A01
200900041387;0;7;0;0;0;6;1;B01
200900041388;0;33;0;0;0;0;0;A01
200900041389;0;7;0;0;2;1;2;A01
200900041389;0;7;0;0;2;7;12;B01
200900041390;0;7;0;4;9;1;2;A01
200900041391;0;7;0;0;2;4;1;A01
200900041391;0;7;0;0;2;1;1;B01
200900041392;0;15;0;0;2;5;1;A01
200900041392;0;7;0;0;2;8;1;B01
200900041393;0;7;0;0;2;4;1;A01
200900041393;0;33;0;0;2;1;1;B01
200900041394;0;7;0;0;2;1;2;C01
200900041394;0;7;0;0;0;4;2;A01
200900041394;0;10;0;0;2;1;2;D01
200900041394;0;10;0;0;1;1;2;B01
200900041395;0;7;0;4;0;1;1;A01
200900041396;0;10;0;0;2;2;2;B01
200900041396;0;7;0;0;0;6;2;A01
200900041397;0;13;0;0;2;3;1;B01
200900041397;0;7;0;4;2;1;12;A01
200900041398;0;7;0;4;2;2;21;A01
200900041398;0;10;0;3;0;3;2;B01
200900041399;0;7;0;6;0;4;2;A01
200900041399;0;7;0;15;2;1;2;B01
200900041400;0;7;0;0;0;9;1;A01
200900041401;0;33;0;0;1;1;1;A01
200900041402;0;7;0;0;2;7;1;C03
200900041403;0;7;0;0;1;2;1;A01
200900041404;0;7;0;0;2;4;1;B01
200900041404;0;31;0;0;2;1;1;A01
200900041405;2;7;0;8;0;1;13;A01
200900041406;0;7;0;2;0;0;0;A01
200900041407;0;31;0;4;0;1;13;A01
200900041408;0;7;0;0;2;1;2;A01
200900041408;0;7;0;0;0;4;2;B01
200900041409;0;7;0;3;0;3;13;A01
200900041410;0;33;0;0;2;1;13;A01
200900041410;0;7;0;0;2;1;1;B02
200900041411;0;7;0;0;1;1;19;A01
200900041412;0;7;0;0;2;2;19;A01
200900041412;0;7;0;0;2;3;1;B01
200900041413;0;7;0;4;0;1;0;A01
200900041414;0;7;0;0;1;2;1;A01
200900041415;0;30;0;13;0;7;1;A01
200900041416;0;33;0;0;0;0;1;A01
200900041417;0;7;0;0;2;1;2;A01
200900041417;0;7;0;0;2;1;2;B01
200900041417;0;7;0;0;0;4;0;C01
200900041418;0;33;0;0;0;1;1;B01
200900041418;0;7;0;0;2;8;19;A01
200900041419;0;7;0;0;2;6;15;B01
200900041419;0;7;0;1;2;1;2;A01
200900041420;0;10;0;0;1;2;0;A01
200900041421;0;99;0;16;0;7;1;A01
200900041422;0;7;0;8;0;9;13;A01
200900041423;1;7;0;0;1;1;1;A01
200900041424;1;99;0;0;2;1;5;A01
200900041424;0;7;0;0;2;1;5;B01
200900041425;0;2;0;0;2;1;7;B01
200900041425;0;7;0;0;2;2;16;A01
200900041426;0;7;0;0;2;3;15;A01
200900041426;0;32;0;0;2;1;17;B01
200900041427;0;7;0;0;1;0;2;A01
200900041428;0;7;0;6;0;9;21;A01
200900041429;0;7;0;0;2;4;2;C01
200900041429;0;7;0;0;0;4;2;D01
200900041429;0;7;0;0;0;1;2;A01
200900041429;0;7;0;0;2;4;2;B01
200900041430;0;7;0;0;2;3;1;B01
200900041430;0;33;0;0;2;1;21;A01
200900041431;0;7;0;0;2;8;1;B01
200900041431;0;7;0;0;2;1;1;A01
200900041432;0;7;0;0;2;3;15;A01
200900041432;0;31;0;0;2;7;1;B01
200900041433;0;7;0;0;0;1;2;A01
200900041434;0;31;0;0;0;1;1;B01
200900041434;0;7;0;0;0;3;0;A01
200900041435;0;7;0;0;1;1;0;A01
200900041436;0;7;0;0;2;1;2;A01
200900041436;0;7;0;0;2;4;2;B01
200900041437;0;7;0;0;2;8;15;A01
200900041437;0;33;0;0;2;2;17;B01
200900041438;0;33;0;0;1;1;0;A01
200900041439;0;33;0;1;1;3;1;A01
200900041440;0;7;0;0;1;1;1;A01
200900041441;0;7;0;0;2;1;1;A01
200900041441;0;7;0;0;2;4;23;C01
200900041441;0;7;0;0;2;4;23;B01
200900041442;0;7;0;0;1;4;4;A01
200900041443;0;30;0;0;2;3;15;B01
200900041443;0;33;0;0;2;1;17;A01
200900041444;1;7;0;1;0;0;0;A01
200900041444;0;33;0;0;0;7;1;B01
200900041445;0;7;0;8;0;2;2;A01
200900041446;0;7;0;0;0;5;15;B01
200900041446;0;2;0;0;0;1;2;A01
200900041447;0;7;0;0;2;1;13;A01
200900041447;0;30;0;0;2;1;1;B01
200900041448;2;7;0;0;2;3;9;A01
200900041448;0;1;0;0;2;7;1;B01
200900041449;0;7;0;0;2;1;1;A01
200900041449;0;7;0;0;2;4;23;B01
200900041450;0;7;0;0;2;1;1;B01
200900041450;0;7;0;0;0;4;2;C01
200900041450;0;7;0;0;2;7;2;A01
200900041451;0;31;0;0;2;1;2;B01
200900041451;0;7;0;0;2;2;1;A01
200900041452;0;7;0;0;2;2;15;A01
200900041452;0;33;0;0;2;1;1;B01
200900041453;0;36;0;0;2;1;2;B01
200900041453;0;7;0;0;0;6;15;A01
200900041454;0;33;0;0;2;8;19;A01
200900041454;0;32;0;0;2;1;1;B01
200900041455;0;34;0;0;0;2;17;A01
200900041455;0;7;0;0;0;3;15;B01
200900041456;0;33;0;0;2;1;0;A01
200900041456;0;7;0;0;2;1;0;B01
200900041457;0;7;0;0;2;1;21;A01
200900041457;0;1;0;0;2;4;2;B01
200900041458;0;7;0;0;2;3;1;A01
200900041458;0;2;0;0;2;1;1;B01
200900041459;0;7;0;0;1;1;1;A01
200900041460;0;7;0;0;1;3;2;A01
200900041461;0;7;0;0;2;1;1;A01
200900041461;0;7;0;0;2;4;1;B01
200900041462;1;7;0;0;1;2;2;A01
200900041463;0;10;0;0;2;0;9;A01
200900041463;0;37;0;0;2;8;2;B01
200900041464;0;7;0;1;0;9;1;A01
200900041465;1;7;0;0;2;3;1;A01
200900041465;0;7;0;0;2;8;1;B01
200900041466;0;7;0;0;2;1;1;B01
200900041466;0;7;0;0;2;1;15;A01
200900041467;0;30;0;0;2;8;5;A01
200900041467;0;7;0;0;2;8;10;B01
200900041468;0;7;0;0;1;0;2;A01
200900041469;0;7;0;0;2;3;15;B01
200900041469;0;33;0;0;2;1;1;A01
200900041470;0;30;0;0;2;1;1;A01
200900041470;0;99;0;0;2;1;15;B01
200900041471;0;31;0;0;2;2;17;A01
200900041471;0;7;0;0;2;8;15;B01
200900041472;0;2;0;0;0;0;0;B01
200900041472;0;7;0;0;0;0;0;A01
200900041473;0;30;0;0;2;1;0;A01
200900041473;0;7;0;0;2;2;0;B01
200900041474;0;7;0;0;2;2;0;A01
200900041474;0;33;0;0;2;1;1;B01
200900041475;0;33;0;0;0;8;16;A01
200900041476;0;30;0;0;1;8;1;A01
200900041477;0;7;0;0;2;1;15;A01
200900041477;0;7;0;0;2;4;15;B01
200900041478;0;37;0;0;1;2;1;A01
200900041479;0;7;0;0;2;2;9;A01
200900041479;0;33;0;0;2;3;1;B01
200900041480;0;7;0;0;2;1;2;A01
200900041480;0;7;0;0;2;4;2;B01
200900041481;0;30;0;0;2;2;17;A01
200900041481;0;7;0;0;0;8;15;B01
200900041482;0;7;0;0;2;4;2;B01
200900041482;0;7;0;0;2;4;2;C01
200900041482;0;7;0;0;2;1;2;A01
200900041483;0;7;0;0;0;0;17;B01
200900041483;0;33;0;0;2;7;17;A01
200900041484;0;7;0;0;1;6;1;A01
200900041485;0;14;0;6;0;3;0;A01
200900041486;0;7;0;0;1;1;1;A01
200900041487;0;7;0;1;1;2;9;A01
200900041488;0;31;0;0;2;3;17;A01
200900041488;0;7;0;0;2;3;16;B01
200900041489;0;7;0;0;0;6;1;B01
200900041489;0;2;0;0;2;1;0;A01
200900041490;0;7;0;0;0;4;1;C01
200900041490;0;7;0;4;2;1;1;A01
200900041490;0;7;0;0;2;4;23;B01
200900041491;0;2;0;0;2;1;1;B01
200900041491;0;7;0;0;2;3;9;A01
200900041492;1;7;0;0;1;0;0;A01
200900041493;0;7;0;0;2;1;1;B01
200900041493;0;7;0;0;2;2;1;A01
200900041494;0;30;0;0;2;1;2;B01
200900041494;0;7;0;0;0;3;10;A01
200900041495;0;7;0;0;0;0;0;B01
200900041495;0;7;0;0;0;0;0;A01
200900041496;0;2;0;0;2;1;15;A01
200900041496;0;7;0;8;2;2;1;B01
200900041497;0;7;0;1;0;1;1;A01
200900041498;0;7;0;0;2;1;1;A01
200900041498;0;7;0;0;2;8;1;B01
200900041499;1;10;0;0;1;0;1;A01
200900041500;0;7;0;0;1;2;1;A01
200900041501;0;7;0;0;2;3;9;A01
200900041501;0;7;0;0;2;7;1;B01