num_acc;senc;catv;occutc;obs;obsm;choc;manv;num_veh
200900041502;0;7;0;0;2;1;0;A01
200900041502;0;7;0;0;2;1;1;B01
200900041503;0;7;0;0;1;3;2;A01
200900041504;0;7;0;0;1;7;2;A01
200900041505;0;30;0;0;2;3;0;A01
200900041505;0;7;0;0;2;2;1;B01
200900041506;0;7;0;0;2;1;2;A01
200900041506;0;7;0;0;2;4;2;B01
200900041507;0;34;0;0;2;1;17;A01
200900041507;0;7;0;0;2;3;15;B01
200900041508;0;7;0;0;1;3;9;A01
200900041509;0;33;0;0;2;0;2;A01
200900041509;0;7;0;0;2;2;16;B01
200900041510;0;7;0;0;2;5;15;B01
200900041510;0;33;0;0;2;1;2;A01
200900041511;0;2;0;0;1;3;1;A01
200900041512;0;30;0;0;2;7;12;A01
200900041512;0;7;0;0;2;3;1;B01
200900041513;0;32;0;0;2;8;1;B01
200900041513;0;7;0;0;2;2;15;A01
200900041514;0;7;0;1;0;0;21;B01
200900041514;0;33;0;1;0;0;17;A01
200900041515;0;7;0;0;1;4;4;A01
200900041516;0;7;0;0;0;3;1;A01
200900041516;0;7;0;0;0;1;1;B01
200900041517;0;7;0;0;2;6;15;B01
200900041517;0;7;0;0;2;3;1;A01
200900041518;0;2;0;0;2;1;1;A01
200900041518;0;33;0;0;2;2;1;B01
200900041519;0;30;0;1;0;1;1;A01
200900041520;0;7;0;0;1;1;15;A01
200900041521;0;7;0;0;1;1;0;A01
200900041522;0;2;0;0;2;1;0;A01
200900041522;0;33;0;0;2;1;0;B01
200900041523;0;7;0;0;2;3;15;A01
200900041523;0;33;0;0;2;1;2;B01
200900041524;0;2;0;0;2;7;2;B01
200900041524;0;7;0;0;2;8;2;A01
200900041525;0;7;0;0;0;0;0;B01
200900041525;0;32;0;0;0;0;0;A01
200900041526;0;2;0;0;2;1;1;A01
200900041526;0;7;0;0;2;4;1;B01
200900041527;0;7;0;0;0;3;9;A01
200900041527;0;7;0;0;0;1;1;B01
200900041528;0;7;0;0;2;3;16;B01
200900041528;0;32;0;0;2;3;17;A01
200900041529;0;32;0;0;0;6;1;B01
200900041529;0;7;0;0;0;1;15;A01
200900041530;0;7;0;0;2;2;0;B01
200900041530;0;30;0;0;2;3;9;A01
200900041531;0;37;0;0;2;1;0;A01
200900041531;0;7;0;0;0;4;0;B01
200900041532;1;7;0;0;0;0;0;A01
200900041533;0;7;0;0;0;3;2;B01
200900041533;0;7;0;0;0;1;1;A01
200900041534;0;30;0;0;2;2;1;B01
200900041534;0;7;0;0;0;3;10;A01
200900041535;0;31;0;0;2;5;1;A01
200900041535;1;7;0;0;2;1;9;B01
200900041536;0;33;0;4;0;1;14;A01
200900041537;0;33;0;0;2;1;1;B01
200900041537;0;7;0;0;0;0;9;A01
200900041538;0;30;0;1;0;0;0;A01
200900041539;0;7;0;0;2;3;15;A01
200900041539;0;33;0;0;2;1;1;B01
200900041540;0;7;0;0;2;5;15;A01
200900041540;0;32;0;0;2;3;21;B01
200900041541;0;7;0;0;2;1;1;A01
200900041541;0;7;0;0;2;4;1;B01
200900041542;0;7;0;0;2;3;15;B01
200900041542;0;33;0;0;2;1;1;A01
200900041543;0;30;0;0;2;3;1;A01
200900041543;0;7;0;0;2;2;10;B01
200900041544;0;7;0;0;1;1;1;A01
200900041545;0;7;0;0;2;1;2;A01
200900041545;0;30;0;0;2;4;2;B01
200900041546;0;7;0;0;2;3;9;A01
200900041546;0;31;0;0;2;1;1;B01
200900041547;0;32;0;0;2;1;1;B01
200900041547;0;7;0;0;2;8;9;A01
200900041548;0;7;0;0;2;1;1;A01
200900041548;0;7;0;0;2;7;0;B01
200900041549;0;32;0;0;2;8;9;A01
200900041550;0;32;0;0;2;1;1;B01
200900041550;0;7;0;0;2;2;9;A01
200900041551;0;7;0;0;2;3;10;A01
200900041551;0;30;0;0;2;1;1;B01
200900041552;0;7;0;0;1;1;1;A01
200900041553;0;7;0;0;0;0;15;B01
200900041553;0;2;0;0;2;1;2;A01
200900041554;0;30;0;0;0;0;1;A01
200900041555;0;7;0;0;0;1;2;B01
200900041555;0;33;0;0;0;4;2;A01
200900041556;0;7;0;0;2;1;1;B01
200900041556;0;7;0;0;2;7;1;A01
200900041557;0;30;0;0;1;1;0;A01
200900041558;0;7;0;0;1;4;1;B01
200900041558;0;7;0;0;2;1;2;A01
200900041559;0;14;0;0;2;7;12;A01
200900041559;0;33;0;0;2;8;1;B01
200900041560;1;7;0;0;2;1;2;A01
200900041560;0;7;0;0;2;5;2;B01
200900041561;0;7;0;0;2;6;1;B01
200900041561;0;33;0;0;2;2;17;A01
200900041562;0;30;0;0;2;3;9;A01
200900041562;0;2;0;0;2;2;1;B01
200900041563;0;7;0;0;2;2;12;A01
200900041563;0;99;0;0;2;3;1;B01
200900041564;0;30;0;0;2;2;1;B01
200900041564;0;7;0;0;2;1;1;A01
200900041565;0;7;0;0;1;3;7;A01
200900041566;0;1;0;0;2;4;19;B01
200900041566;1;7;0;0;9;1;1;A01
200900041567;0;7;0;0;1;3;1;A01
200900041568;0;7;0;0;2;6;24;C01
200900041568;0;2;0;1;2;1;1;A01
200900041568;0;7;0;0;2;2;1;B01
200900041569;0;7;0;0;2;1;1;A01
200900041569;0;7;0;0;2;3;15;B01
200900041570;0;7;0;8;0;1;1;A01
200900041571;0;7;0;0;1;2;1;A01
200900041572;0;7;0;0;0;0;23;A01
200900041573;0;7;0;0;1;3;1;A01
200900041574;0;7;0;0;1;4;4;A01
200900041575;0;7;0;0;1;1;1;A01
200900041576;0;10;0;0;2;2;15;A01
200900041576;0;32;0;0;2;8;1;B01
200900041577;0;7;0;0;1;3;1;A01
200900041578;0;30;0;0;0;0;0;A01
200900041578;1;7;0;0;0;0;0;B01
200900041579;0;7;0;15;0;1;0;A01
200900041580;0;32;0;0;2;5;17;A01
200900041580;0;7;0;0;2;3;13;B01
200900041581;0;30;0;0;2;6;2;B01
200900041581;0;3;0;0;2;2;2;A01
200900041582;0;7;0;0;2;1;5;A01
200900041582;0;30;0;0;2;1;1;B01
200900041583;0;33;0;0;2;1;1;A01
200900041583;0;7;0;0;2;5;4;C01
200900041583;0;7;0;0;0;0;4;B01
200900041584;1;7;0;0;2;1;15;A01
200900041584;0;31;0;0;2;1;1;B01
200900041585;0;7;0;0;1;2;1;A01
200900041586;0;7;0;0;1;3;2;A01
200900041587;0;7;0;0;2;1;2;A01
200900041587;0;7;0;0;0;4;0;B01
200900041588;0;7;0;0;0;8;10;A01
200900041588;2;30;0;0;0;1;17;B01
200900041589;0;7;0;0;2;5;1;B01
200900041589;0;2;0;0;2;3;9;A01
200900041590;0;7;0;0;2;1;1;A01
200900041590;0;7;0;0;2;8;16;B01
200900041591;0;33;0;0;1;1;1;A01
200900041592;0;7;0;0;1;3;1;A01
200900041593;0;7;0;0;0;0;2;B01
200900041593;0;10;0;0;0;0;2;A01
200900041594;1;7;0;0;0;0;0;B01
200900041594;0;32;0;0;0;0;0;A01
200900041595;0;7;0;0;2;2;16;B01
200900041595;0;33;0;0;2;8;18;A01
200900041596;0;7;0;0;2;6;15;A01
200900041596;0;31;0;0;2;1;1;B01
200900041597;0;7;0;1;1;2;1;A01
200900041598;0;7;0;0;1;3;0;A01
200900041599;0;7;0;12;2;1;1;B01
200900041599;0;7;0;0;2;2;16;A01
200900041600;0;7;0;0;2;1;1;B01
200900041600;0;7;0;0;2;1;1;A01
200900041601;0;33;0;0;2;0;5;A01
200900041601;0;7;0;0;2;3;1;B01
200900041602;0;33;0;0;1;1;1;A01
200900041603;0;10;0;0;1;1;0;A01
200900041604;0;7;0;0;2;3;1;A01
200900041604;0;7;0;0;2;3;1;B01
200900041605;0;7;0;0;1;1;1;A01
200900041606;0;7;0;0;2;1;5;A01
200900041606;0;7;0;0;2;1;1;B01
200900041607;0;33;0;0;0;9;12;A01
200900041608;1;7;0;0;2;2;15;A01
200900041608;0;2;0;0;2;1;1;B01
200900041609;0;7;0;0;2;2;15;A01
200900041609;0;30;0;0;2;8;16;B01
200900041610;0;32;0;0;0;0;0;A01
200900041611;0;7;0;0;2;1;0;A01
200900041611;0;7;0;0;2;4;0;B01
200900041612;0;7;0;0;2;7;19;B01
200900041612;0;30;0;0;2;1;19;A01
200900041613;0;7;0;0;1;1;10;A01
200900041614;0;7;0;0;2;3;16;A01
200900041614;0;33;0;0;2;8;1;B01
200900041615;0;2;0;0;2;1;16;A01
200900041615;0;7;0;0;2;3;1;B01
200900041616;0;1;0;0;2;1;1;A01
200900041616;0;7;0;0;2;5;1;B01
200900041617;0;7;0;0;1;5;10;A01
200900041618;0;7;0;0;0;4;2;B01
200900041618;0;7;0;0;2;1;2;A01
200900041619;0;7;0;0;2;3;1;B01
200900041619;0;7;0;0;2;1;1;A01
200900041620;0;7;0;0;2;1;1;A01
200900041620;0;7;0;0;2;4;2;B01
200900041621;0;2;0;0;2;0;17;A01
200900041621;0;7;0;0;2;0;17;B01
200900041622;0;7;0;2;0;1;14;A01
200900041623;0;34;0;0;2;3;1;B01
200900041623;0;7;0;0;2;7;16;A01
200900041624;0;7;0;0;2;4;1;B01
200900041624;1;7;0;0;2;1;1;C01
200900041624;0;7;0;0;2;1;1;A01
200900041625;0;30;0;1;0;2;1;A01
200900041625;0;7;0;0;2;3;24;B01
200900041626;0;1;0;0;2;1;1;B01
200900041626;1;10;0;0;2;6;15;A01
200900041627;0;7;0;0;1;2;1;A01
200900041628;0;2;0;0;1;1;2;A01
200900041629;0;7;0;0;1;2;2;A01
200900041630;0;7;0;0;2;3;21;B01
200900041630;0;7;0;0;2;1;1;C01
200900041630;0;7;0;0;2;1;10;A01
200900041631;0;7;0;0;1;2;1;A01
200900041632;0;7;0;0;2;5;15;B01
200900041632;0;32;0;0;2;1;1;A01
200900041633;0;2;0;0;2;1;5;A01
200900041633;0;7;0;0;2;1;1;B01
200900041634;0;7;0;2;0;1;19;A01
200900041635;0;7;0;0;2;3;21;B01
200900041635;0;33;0;0;2;3;5;A01
200900041636;0;7;0;0;2;3;1;A01
200900041636;0;31;0;0;2;0;1;B01
200900041637;0;7;0;1;0;1;1;A01
200900041637;0;20;0;0;0;6;24;B01
200900041638;0;33;0;0;2;1;5;A01
200900041638;0;7;0;0;9;1;1;B01
200900041639;0;7;0;0;0;0;0;A01
200900041640;0;7;0;0;2;4;2;B01
200900041640;0;7;0;0;2;1;2;A01
200900041641;0;7;0;0;2;1;2;A01
200900041641;0;7;0;0;0;4;2;B01
200900041642;0;7;0;0;2;1;1;A01
200900041642;0;7;0;0;2;7;1;B01
200900041643;0;37;20;0;0;0;1;A01
200900041644;0;7;0;0;1;2;1;A01
200900041645;0;7;0;0;1;1;0;A01
200900041646;0;7;0;0;2;2;1;A01
200900041647;0;10;0;15;0;2;0;A01
200900041648;0;7;0;0;2;2;1;A01
200900041648;0;33;0;0;2;1;1;B01
200900041649;1;7;0;0;1;1;1;A01
200900041650;0;7;0;0;1;3;1;A01
200900041651;0;7;0;0;2;0;9;A01
200900041651;0;32;0;0;0;0;1;B01
200900041652;0;10;0;0;2;3;1;B01
200900041652;0;7;0;10;2;3;13;A01
200900041653;0;7;0;0;1;1;0;A01
200900041654;0;7;0;0;0;0;1;A01
200900041655;0;7;0;0;1;1;1;A01
200900041656;0;7;0;0;1;1;1;A01
200900041657;0;7;0;0;2;3;13;A01
200900041657;0;7;0;0;2;3;1;B02
200900041658;0;10;0;0;2;3;13;A01
200900041658;0;10;0;0;2;3;0;B02
200900041659;0;33;0;0;2;3;1;B02
200900041659;0;17;0;0;2;2;19;A01
200900041660;0;7;0;0;0;2;1;A01
200900041661;0;10;0;0;2;8;1;C03
200900041661;0;7;0;0;2;1;1;B02
200900041661;0;7;0;0;2;1;15;A01
200900041662;0;7;0;0;2;1;1;B02
200900041662;0;7;0;4;0;3;1;A01
200900041662;0;7;0;0;2;2;1;C03
200900041662;0;10;0;0;2;8;23;F06
200900041662;0;13;0;0;2;8;1;D04
200900041662;0;7;0;0;2;3;1;E05
200900041663;0;7;0;0;0;3;1;A01
200900041664;0;17;0;0;0;0;1;A01
200900041665;0;7;0;13;0;2;1;A01
200900041666;0;15;0;3;0;3;13;A01
200900041667;0;10;0;0;2;3;1;B02
200900041667;0;30;0;0;2;7;1;A01
200900041668;0;7;0;0;2;1;1;B02
200900041668;0;7;0;0;2;7;19;A01
200900041669;0;17;0;3;0;2;14;A01
200900041670;0;7;0;1;0;1;1;A01
200900041671;0;7;0;0;2;8;1;B02
200900041671;0;2;0;0;2;1;1;A01
200900041672;0;7;0;0;1;3;1;A01
200900041673;0;7;0;0;1;7;1;A01
200900041674;0;10;0;0;9;1;1;B02
200900041674;0;31;0;0;2;3;13;A01
200900041675;0;10;0;0;1;7;1;A01
200900041676;0;10;0;13;0;2;1;A01
200900041677;0;7;0;0;0;1;1;B02
200900041677;0;7;0;0;0;1;17;A01
200900041678;0;10;0;0;0;4;1;B02
200900041678;0;7;0;0;2;1;1;A01
200900041679;0;7;0;8;0;9;1;A01
200900041680;0;7;0;4;0;1;1;A01
200900041681;0;7;0;0;2;7;13;A01
200900041681;0;7;0;0;2;1;1;B02
200900041682;0;7;0;0;2;1;0;B02
200900041682;0;7;0;0;2;3;0;C03
200900041682;0;7;0;0;2;3;1;A01
200900041683;0;7;0;0;2;1;9;A01
200900041683;0;33;0;0;2;7;1;B01
200900041683;0;7;0;0;2;7;1;C01
200900041684;0;7;0;0;2;1;1;B01
200900041684;0;7;0;0;2;4;1;C01
200900041684;0;7;0;0;2;4;1;A01
200900041685;0;30;0;0;2;1;1;A01
200900041685;0;7;0;0;2;4;1;B01
200900041686;0;10;0;0;1;3;1;A01
200900041687;0;1;0;0;2;0;1;B01
200900041687;0;10;0;0;2;0;15;A01
200900041688;0;7;0;0;0;1;1;A01
200900041689;0;7;0;0;2;1;11;A01
200900041689;0;7;0;0;2;4;11;B01
200900041690;0;7;0;0;2;8;10;A01
200900041690;0;33;0;0;2;1;1;B01
200900041691;0;7;0;0;2;3;1;B01
200900041691;0;7;0;0;2;7;17;A01
200900041692;0;7;0;0;2;1;15;A01
200900041692;0;2;0;0;2;1;1;B01
200900041693;0;7;0;0;2;4;1;B01
200900041693;0;7;0;0;2;1;1;A01
200900041694;0;7;0;0;2;1;9;A01
200900041694;0;7;0;0;2;8;1;C01
200900041694;0;7;0;0;2;7;1;B01
200900041695;1;7;0;0;1;0;1;A01
200900041696;0;7;0;0;2;8;1;B01
200900041696;0;30;0;0;2;8;17;A01
200900041697;0;7;0;0;2;4;1;B01
200900041697;0;2;0;0;2;1;1;A01
200900041698;0;7;0;0;2;8;1;A01
200900041698;0;2;0;0;2;1;1;B01
200900041699;0;7;0;0;2;3;1;B01
200900041699;0;7;0;0;2;3;17;A01
200900041700;0;1;0;0;2;1;19;B01
200900041700;0;7;0;0;1;1;1;A01
200900041701;0;1;0;0;1;0;1;A01
200900041702;0;7;0;0;1;1;1;A01
200900041703;0;30;0;0;2;7;1;B01
200900041703;0;37;1;0;2;8;1;C01
200900041703;0;7;0;0;2;1;9;A01
200900041704;0;7;0;0;2;3;14;A01
200900041704;0;1;0;0;2;0;1;B01
200900041705;0;7;0;0;1;1;1;A01
200900041706;0;7;0;0;2;1;1;B01
200900041706;0;7;0;0;2;7;19;A01
200900041707;0;7;0;0;2;4;1;B01
200900041707;0;7;0;0;2;1;1;A01
200900041708;0;7;0;0;0;9;1;A01
200900041709;0;7;0;0;1;0;1;A01
200900041710;0;7;0;0;1;4;1;A01
200900041711;0;7;0;0;2;1;15;B01
200900041711;0;1;0;0;2;1;1;A01
200900041712;0;31;0;1;0;1;1;A01
200900041713;0;7;0;0;0;3;0;A01
200900041714;0;7;0;0;0;0;1;A01
200900041714;0;7;0;0;2;1;1;B01
200900041715;0;1;0;0;2;3;1;B01
200900041715;0;7;0;0;9;1;0;A01
200900041716;0;10;0;0;2;1;0;A01
200900041716;0;7;0;0;2;4;0;B01
200900041717;0;7;0;0;2;4;23;B01
200900041717;0;15;0;0;2;1;1;A01
200900041718;0;7;0;0;1;2;1;A01
200900041719;0;7;0;0;2;2;9;B02
200900041719;0;7;0;0;2;9;1;A01
200900041720;0;7;0;0;2;3;1;B02
200900041720;0;7;0;0;2;3;1;A01
200900041721;0;10;0;13;2;2;17;A01
200900041721;0;7;0;13;2;8;15;B02
200900041722;0;7;0;0;9;1;1;A01
200900041723;0;7;0;2;0;2;1;A01
200900041724;0;30;0;0;0;8;14;A01
200900041725;0;7;0;0;2;2;1;B02
200900041725;0;1;0;0;2;1;19;A01
200900041726;0;7;0;0;0;4;1;A01
200900041727;0;7;0;6;0;2;1;A01
200900041728;0;7;0;0;1;2;1;A01
200900041729;0;7;0;0;1;2;1;A01
200900041730;0;30;0;0;1;1;1;A01
200900041731;0;33;0;0;2;2;1;B02
200900041731;0;3;0;0;0;6;1;A01
200900041732;0;7;0;13;0;3;1;A01
200900041733;0;7;0;0;2;8;1;A01
200900041733;0;7;0;0;2;1;1;B02
200900041734;0;7;0;0;2;3;21;A01
200900041734;0;17;0;0;2;3;1;B02
200900041735;0;2;0;0;2;3;1;B02
200900041735;0;7;0;0;2;3;17;A01
200900041736;0;2;0;0;2;1;13;A01
200900041736;0;7;0;0;2;3;0;B02
200900041737;0;7;0;0;2;2;1;A01
200900041737;0;7;0;0;0;3;19;B02
200900041738;0;7;0;0;2;3;1;C03
200900041738;0;7;0;0;2;1;17;A01
200900041738;0;7;0;0;2;3;1;B02
200900041739;0;7;0;6;0;5;13;A01
200900041740;0;7;0;0;0;4;1;B02
200900041740;0;7;0;0;2;1;1;A01
200900041741;0;7;0;2;0;9;13;A01
200900041742;0;10;0;0;2;1;1;A01
200900041742;0;10;0;0;2;1;1;C03
200900041742;0;7;0;0;2;1;0;E05
200900041742;0;7;0;0;0;4;16;B02
200900041742;0;7;0;0;2;1;1;D04
200900041743;0;7;0;0;6;1;2;A01
200900041743;0;99;0;0;2;4;2;B02
200900041744;0;15;0;0;0;8;1;A01
200900041745;0;7;0;0;2;3;22;A01
200900041745;0;1;0;1;0;1;1;B01
200900041746;0;7;0;0;2;3;15;A01
200900041746;0;30;0;0;2;1;1;B02
200900041747;0;7;0;0;2;1;1;B01
200900041747;0;7;0;2;2;1;13;A01
200900041748;0;10;0;0;2;2;1;A01
200900041748;0;7;0;0;0;3;16;B01
200900041749;0;7;0;13;0;0;19;A01
200900041750;0;30;0;0;2;2;1;A01
200900041750;0;7;0;0;0;3;16;B01
200900041751;1;7;0;0;2;8;9;A01
200900041751;0;1;0;0;2;7;1;B01
200900041752;0;7;0;0;2;1;1;B01
200900041752;0;13;0;0;2;8;1;A01
200900041753;0;7;0;0;0;6;1;B01
200900041753;0;2;0;0;2;1;5;A01
200900041754;0;7;0;0;2;3;1;A01
200900041754;0;7;0;0;0;4;1;B01
200900041755;0;7;0;;0;5;15;A01
200900041755;0;31;0;0;2;1;1;A02
200900041756;0;7;0;0;0;3;1;B01
200900041756;0;7;0;0;2;2;1;A01
200900041757;0;7;0;0;2;4;1;B01
200900041757;0;33;0;0;2;1;1;A01
200900041758;0;99;0;0;9;7;1;A01
200900041758;0;32;0;0;2;1;1;B01
200900041759;0;7;0;0;1;4;20;A01
200900041760;0;2;0;0;2;4;2;B01
200900041760;0;7;0;0;2;1;2;A01
200900041761;0;2;0;0;2;1;1;B01
200900041761;0;7;0;0;2;3;15;A01
200900041762;0;7;0;0;2;4;2;B01
200900041762;0;7;0;0;2;1;2;A01
200900041763;0;7;0;0;2;4;2;C01
200900041763;0;7;0;0;2;1;2;A01
200900041763;0;7;0;0;2;4;2;B01
200900041764;0;7;0;0;1;1;1;A01
200900041765;0;33;0;2;0;1;1;A01
200900041766;0;7;0;0;2;1;15;C03
200900041766;0;7;0;0;2;1;1;B02
200900041766;0;7;0;0;2;1;1;A01
200900041767;0;7;0;0;2;4;23;B01
200900041767;0;2;0;0;2;1;2;A01
200900041768;0;7;0;0;0;3;0;A01
200900041768;0;2;0;0;0;3;13;B02
200900041769;0;7;0;6;0;2;19;A01
200900041770;0;7;0;0;2;6;23;B01
200900041770;0;7;0;0;2;2;9;A01
200900041771;0;7;0;2;0;2;1;A01
200900041772;0;7;0;0;2;2;1;B01
200900041772;0;7;0;0;2;3;9;A01
200900041773;0;7;0;0;0;9;13;A01
200900041774;0;2;0;0;2;1;9;A01
200900041774;0;7;0;0;2;7;1;B01
200900041775;0;7;0;0;2;3;13;A01
200900041775;0;7;0;0;2;3;1;B02
200900041776;0;1;0;0;2;1;2;A01
200900041776;0;7;0;0;2;4;23;B01
200900041777;0;2;0;0;2;1;21;B01
200900041777;0;7;0;0;2;8;9;A01
200900041778;0;38;0;0;2;2;17;B02
200900041778;0;38;6;0;2;3;15;A01
200900041779;0;7;0;0;2;8;1;B01
200900041779;0;7;0;0;2;3;1;C01
200900041779;0;31;0;0;2;1;13;A01
200900041780;0;7;0;0;2;1;15;B02
200900041780;0;33;0;0;2;1;17;A01
200900041781;0;7;0;1;0;1;21;A01
200900041782;0;7;0;0;2;1;13;A01
200900041782;0;10;0;0;2;1;1;B02
200900041783;0;2;0;0;1;1;2;A01
200900041784;0;1;0;0;2;0;0;A01
200900041784;0;7;0;0;0;6;1;B01
200900041785;0;7;0;13;0;1;1;A01
200900041786;0;7;0;0;2;2;15;A01
200900041786;0;32;0;0;2;1;1;B01
200900041787;0;32;0;0;2;4;16;B01
200900041787;0;7;0;0;2;1;2;A01
200900041788;0;30;0;0;1;3;1;A01
200900041789;0;7;0;0;2;4;2;B01
200900041789;0;7;0;0;2;1;2;A01
200900041790;0;1;0;0;0;1;15;A01
200900041791;0;7;0;13;0;0;1;A01
200900041792;0;33;0;0;2;4;17;B01
200900041792;0;7;0;0;2;3;13;A01
200900041793;0;7;0;0;2;7;0;B01
200900041793;0;7;0;0;2;1;15;A01
200900041794;0;7;0;11;0;1;13;A01
200900041795;0;7;0;0;2;1;1;B01
200900041795;0;7;0;0;2;3;9;A01
200900041796;0;10;0;0;1;8;15;A01
200900041797;0;7;0;0;2;1;1;B01
200900041797;0;7;0;0;2;2;15;A01
200900041798;0;7;0;0;2;8;19;A01
200900041798;0;7;0;0;2;3;1;B02
200900041799;0;7;0;0;2;1;13;A01
200900041799;0;7;0;0;2;1;1;B02
200900041800;0;7;0;0;2;1;2;A01
200900041800;0;30;0;0;2;8;9;B02
200900041801;0;7;0;9;0;1;14;A01
200900041802;0;7;0;0;2;2;19;A01
200900041802;0;7;0;0;2;8;1;B02
200900041802;0;7;0;0;2;6;23;C03
200900041803;0;7;0;13;0;9;0;A01
200900041804;0;7;0;0;0;3;15;B02
200900041804;0;31;0;0;2;1;17;A01
200900041805;0;33;0;13;0;1;1;A01
200900041806;0;20;0;0;2;6;17;B02
200900041806;0;7;0;0;2;2;15;A01
200900041807;0;40;0;0;1;7;1;A01
200900041808;0;33;0;0;2;0;21;B02
200900041808;0;7;0;0;2;7;15;A01
200900041809;0;7;0;0;2;1;17;A01
200900041809;0;33;0;0;2;1;1;B02
200900041810;0;7;0;0;2;3;15;A01
200900041810;0;2;0;0;2;1;1;B01
200900041811;0;33;0;13;0;1;15;A01
200900041812;0;7;0;0;2;8;15;A01
200900041812;0;7;0;0;2;1;1;B01
200900041813;0;7;0;0;0;6;9;B01
200900041813;0;7;0;0;2;1;1;A01
200900041814;0;2;0;0;2;8;1;B01
200900041814;0;7;0;0;9;1;1;A01
200900041815;0;7;0;0;2;8;1;B01
200900041815;0;7;0;0;2;1;1;A01
200900041816;0;2;0;0;2;1;1;B01
200900041816;0;7;0;0;0;8;15;A01
200900041817;0;2;0;0;2;1;1;B01
200900041817;0;7;0;0;9;7;15;A01
200900041818;0;10;0;0;2;3;1;B01
200900041818;0;7;0;0;2;1;1;A01
200900041819;0;7;0;4;0;7;2;A01
200900041820;0;7;0;0;2;1;2;A01
200900041820;0;7;0;0;0;4;2;B01
200900041821;0;7;0;0;2;3;2;A01
200900041821;0;7;0;0;0;5;0;B01
200900041822;0;7;0;0;0;0;12;C01
200900041822;0;33;0;0;0;8;1;B01
200900041822;0;10;0;0;2;7;21;A01
200900041823;0;7;0;4;2;1;12;A01
200900041823;0;10;0;0;0;3;1;B01
200900041824;0;7;0;8;0;8;0;A01
200900041825;0;7;0;6;0;3;1;A01
200900041826;0;7;0;3;0;1;1;A01
200900041827;0;7;0;0;1;2;19;A01
200900041828;0;7;0;0;2;1;1;B02
200900041828;0;7;0;0;2;3;1;A01
200900041829;0;7;0;0;2;7;23;B02
200900041829;0;7;0;0;2;4;23;I09
200900041829;0;7;0;0;0;4;23;C03
200900041829;0;7;0;3;2;1;21;A01
200900041829;0;7;0;0;2;4;23;G07
200900041829;0;7;0;0;2;4;23;H08
200900041829;0;7;0;0;2;4;23;F06
200900041829;0;7;0;0;2;4;23;E05
200900041829;0;7;0;0;2;8;23;D04
200900041830;0;10;0;0;2;2;1;B02
200900041830;0;7;0;0;2;5;13;A01
200900041831;0;31;0;0;0;0;16;A01
200900041832;0;17;0;0;2;3;1;B02
200900041832;0;7;0;0;2;3;13;A01
200900041833;0;10;0;0;2;2;15;A01
200900041833;0;1;0;0;2;8;1;B02
200900041834;0;7;0;0;2;1;6;A01
200900041834;0;7;0;0;0;0;0;B02
200900041835;0;7;0;9;0;3;12;A01
200900041836;0;7;0;0;0;5;1;A01
200900041837;0;7;0;0;0;0;1;A01
200900041838;0;31;0;15;0;2;1;A01
200900041839;0;7;0;0;2;6;1;B02
200900041839;0;7;0;0;2;2;16;A01
200900041840;0;33;0;0;2;0;1;A01
200900041840;0;7;0;0;2;7;15;B02
200900041841;0;1;0;0;2;3;13;A01
200900041841;0;7;0;0;2;2;0;B02
200900041842;0;1;0;0;2;4;13;B02
200900041842;0;30;0;0;2;1;17;A01
200900041843;0;7;0;2;0;2;1;A01
200900041844;0;30;0;8;0;1;1;A01
200900041845;0;7;0;13;0;2;2;A01
200900041846;0;7;0;0;0;2;0;B02
200900041846;0;33;0;0;2;1;17;A01
200900041847;0;30;0;0;0;9;14;A01
200900041848;0;2;0;0;2;2;1;B02
200900041848;0;7;0;0;2;3;9;A01
200900041849;0;7;0;0;0;1;1;A01
200900041849;0;7;0;0;0;1;1;B02
200900041850;0;7;0;0;2;1;1;B02
200900041850;0;30;0;2;2;6;16;A01
200900041851;0;33;0;0;2;7;1;B02
200900041851;0;7;0;0;2;8;9;A01
200900041852;0;33;0;0;2;1;1;A01
200900041852;0;7;0;0;2;6;15;B02
200900041853;1;7;0;0;1;1;1;A01
200900041854;0;7;0;0;2;6;1;B02
200900041854;0;7;0;0;2;3;1;C03
200900041854;0;7;0;4;2;3;6;A01
200900041855;0;33;0;0;2;1;16;A01
200900041855;0;7;0;0;2;7;23;B02
200900041856;0;7;0;2;0;1;1;B02
200900041856;0;7;0;2;0;1;1;A01
200900041857;0;7;0;0;2;3;13;B02
200900041857;0;10;0;0;2;3;23;A01
200900041858;0;31;0;0;2;2;1;A01
200900041858;0;7;0;0;2;1;16;B02
200900041859;0;1;0;0;9;8;1;B02
200900041859;0;1;0;0;9;7;1;A01
200900041860;0;7;0;0;2;7;20;B01
200900041860;0;30;0;0;2;3;1;A01
200900041861;0;7;0;0;2;2;15;A01
200900041861;0;7;0;0;2;2;1;B01
200900041862;0;7;0;0;1;2;0;A01
200900041863;0;7;0;0;2;1;1;A01
200900041863;0;7;0;0;1;4;2;B01
200900041864;0;32;0;0;2;1;1;A01
200900041864;0;7;0;0;0;6;1;B01
200900041865;0;15;0;0;1;3;16;A01
200900041866;0;7;0;;0;;;A01
200900041867;0;31;0;;;;;A01
200900041868;0;30;0;;2;7;1;B02
200900041868;0;10;0;;2;7;10;A01
200900041869;0;7;0;;2;2;1;B02