num_acc;senc;catv;occutc;obs;obsm;choc;manv;num_veh
200900041869;0;30;0;;2;8;9;A01
200900041870;0;7;0;;;5;1;A01
200900041871;0;10;0;;2;3;;A01
200900041871;0;7;0;6;2;3;1;B02
200900041872;0;7;0;6;;8;;A01
200900041873;0;7;0;0;1;2;2;A01
200900041874;0;7;0;0;1;4;4;A01
200900041875;0;2;0;0;2;1;2;B01
200900041875;0;7;0;0;2;2;15;A01
200900041876;0;10;0;0;2;2;15;A01
200900041876;0;10;0;0;2;8;1;B01
200900041877;0;7;0;0;0;0;1;B01
200900041877;0;7;0;0;2;0;1;A01
200900041878;0;7;0;0;1;1;1;A01
200900041879;0;7;0;1;0;2;1;A01
200900041880;0;7;0;0;2;3;15;B01
200900041880;0;2;0;0;2;1;16;A01
200900041881;0;7;0;0;2;2;16;B01
200900041881;0;30;0;0;2;1;18;A01
200900041882;0;7;0;0;0;1;1;B01
200900041882;0;7;0;0;2;7;1;A01
200900041883;0;30;0;0;2;1;1;A01
200900041883;0;7;0;0;0;4;1;B01
200900041884;0;7;0;0;0;1;1;A01
200900041885;0;36;0;1;0;2;1;A01
200900041886;0;7;0;0;1;1;16;A01
200900041887;0;1;0;0;0;8;1;A01
200900041888;0;7;0;0;2;1;2;A01
200900041888;0;10;0;0;0;4;1;C01
200900041888;0;7;0;0;2;4;1;B01
200900041889;0;14;0;0;0;4;23;B01
200900041889;0;7;0;14;0;1;2;A01
200900041890;0;7;0;8;2;2;1;B01
200900041890;0;7;0;0;2;3;1;A01
200900041891;0;7;0;0;0;1;1;A01
200900041891;0;7;0;0;0;0;1;B01
200900041892;0;30;0;0;2;1;2;B01
200900041892;0;7;0;0;2;2;0;A01
200900041893;0;7;0;6;0;1;1;A01
200900041893;1;7;0;0;0;0;1;B01
200900041894;0;7;0;0;2;1;1;A01
200900041894;0;7;0;0;2;1;1;B01
200900041895;0;30;0;0;2;1;23;B01
200900041895;1;30;0;0;2;0;1;A01
200900041896;0;7;0;1;0;1;14;A01
200900041897;0;7;0;0;2;4;23;C01
200900041897;0;7;0;0;2;4;23;B01
200900041897;0;7;0;0;2;1;1;A01
200900041898;0;7;0;0;2;3;1;A01
200900041898;0;33;0;0;2;2;1;B01
200900041899;0;30;0;0;2;1;1;A01
200900041899;0;7;0;0;9;3;15;B01
200900041900;0;7;0;0;1;2;17;A01
200900041901;0;7;0;0;1;0;15;A01
200900041902;0;7;0;15;0;2;15;A01
200900041903;0;7;0;0;0;7;1;B01
200900041903;0;1;0;0;2;1;9;A01
200900041904;1;7;0;0;2;3;17;A01
200900041904;0;30;0;0;2;1;1;B01
200900041905;0;1;0;0;2;0;0;B01
200900041905;0;7;0;0;9;0;4;A01
200900041906;0;7;0;0;9;6;1;C01
200900041906;0;7;0;0;9;3;1;B01
200900041906;0;30;0;0;2;0;1;A01
200900041907;0;30;0;0;2;8;7;A01
200900041907;0;37;21;0;2;7;1;B01
200900041908;0;33;0;0;2;1;1;B01
200900041908;0;7;0;0;2;7;1;A01
200900041909;0;7;0;0;0;6;2;B01
200900041909;0;34;0;0;2;1;1;A01
200900041910;0;7;0;3;0;2;0;A01
200900041911;0;33;0;0;2;7;17;A01
200900041911;0;7;0;0;2;3;15;B01
200900041912;0;10;0;0;2;5;12;A01
200900041912;0;10;0;0;2;3;1;B01
200900041913;0;7;0;0;2;4;23;B01
200900041913;0;10;0;14;0;1;12;A01
200900041914;0;7;0;0;2;2;2;A01
200900041914;0;7;0;0;0;6;2;B01
200900041915;0;7;0;4;0;1;0;A01
200900041916;0;7;0;0;2;6;0;B01
200900041916;0;17;0;0;2;2;0;A01
200900041917;0;7;0;0;1;2;1;A01
200900041918;0;7;0;2;0;7;13;A01
200900041919;0;7;0;4;0;3;2;A01
200900041920;0;7;0;6;0;1;1;A01
200900041921;0;7;0;0;0;8;15;B01
200900041921;0;33;0;0;2;0;17;A01
200900041922;0;7;0;0;2;8;1;B01
200900041922;0;33;0;0;2;1;1;A01
200900041923;0;32;0;0;0;7;16;A01
200900041924;0;7;0;0;2;8;15;B01
200900041924;0;33;0;0;2;1;17;A01
200900041925;0;31;0;0;0;3;3;A01
200900041926;0;7;0;0;2;1;1;A01
200900041926;0;30;0;0;0;4;1;B01
200900041927;0;30;0;0;2;1;1;B01
200900041927;0;7;0;0;0;5;16;A01
200900041928;0;1;0;1;0;1;2;A01
200900041928;0;7;0;0;9;4;24;B01
200900041929;0;33;0;0;0;0;1;A01
200900041930;0;7;0;12;0;1;6;A01
200900041931;0;33;0;0;2;1;2;A01
200900041931;0;7;0;0;0;6;2;B01
200900041932;0;7;0;3;0;1;1;A01
200900041933;0;7;0;0;2;5;2;B01
200900041933;0;31;0;0;2;1;2;A01
200900041934;0;7;0;2;0;1;14;A01
200900041935;0;33;0;0;2;1;21;A01
200900041935;0;7;0;0;2;1;3;B01
200900041936;0;37;25;0;1;3;1;A01
200900041937;0;7;0;4;0;8;1;A01
200900041938;0;30;0;2;0;1;21;A01
200900041939;0;7;0;0;2;1;13;A01
200900041939;0;17;0;0;2;2;1;B01
200900041940;0;10;0;3;0;2;0;A01
200900041941;0;7;0;0;2;3;1;B01
200900041941;0;17;0;0;2;2;12;A01
200900041942;0;7;0;0;2;3;15;B02
200900041942;0;33;0;0;2;2;17;A01
200900041943;0;7;0;0;2;1;1;B01
200900041943;0;7;0;0;2;8;9;A01
200900041944;0;33;0;0;2;1;13;A01
200900041944;0;33;0;0;2;1;1;B02
200900041945;0;7;0;0;0;8;1;B01
200900041945;0;15;0;0;0;2;12;A01
200900041946;0;7;0;0;9;2;1;A01
200900041946;0;1;0;0;2;3;16;B01
200900041947;0;7;0;0;2;1;1;A01
200900041947;0;7;0;0;2;2;1;B01
200900041948;0;33;0;11;0;1;1;A01
200900041949;0;10;0;0;2;3;15;B01
200900041949;0;30;0;0;2;3;1;A01
200900041950;0;1;0;0;2;1;1;B01
200900041950;0;7;0;0;2;5;15;A01
200900041951;0;30;0;12;2;1;5;A01
200900041951;0;7;0;0;0;1;23;B02
200900041952;0;7;0;0;2;8;15;B01
200900041952;0;7;0;0;2;3;2;A01
200900041953;0;7;0;0;2;2;15;A01
200900041953;0;7;0;0;2;1;1;B01
200900041954;0;7;0;0;2;8;0;B02
200900041954;0;17;0;3;2;1;0;A01
200900041955;0;10;0;0;2;2;1;B01
200900041955;0;7;0;6;2;6;11;A01
200900041956;0;15;0;0;2;1;2;A01
200900041956;0;17;0;0;2;4;2;C01
200900041956;0;17;0;0;2;4;2;B01
200900041957;0;7;0;0;2;4;15;B01
200900041957;0;7;0;0;2;1;2;A01
200900041958;0;14;0;8;0;1;1;A01
200900041959;0;7;0;0;9;8;22;A01
200900041959;0;1;0;1;0;2;1;B01
200900041960;0;15;0;0;2;2;12;A01
200900041960;0;7;0;0;2;6;1;B01
200900041961;0;7;0;0;1;1;1;A01
200900041962;0;7;0;0;2;6;0;B01
200900041962;0;15;0;0;2;2;12;A01
200900041963;0;7;0;1;0;1;1;A01
200900041964;0;7;0;0;1;3;2;A01
200900041965;0;7;0;0;2;3;1;B02
200900041965;0;7;0;0;2;3;17;A01
200900041966;0;7;0;0;1;8;1;A01
200900041967;0;7;0;0;2;1;2;A01
200900041967;0;7;0;0;2;4;2;B01
200900041967;0;7;0;0;0;4;2;C01
200900041968;0;31;0;12;0;1;1;A01
200900041969;0;7;0;0;2;8;15;B02
200900041969;0;7;0;0;2;1;1;A01
200900041970;0;21;0;0;2;7;16;A01
200900041970;0;30;0;0;2;8;18;B02
200900041971;0;7;0;0;2;1;1;B01
200900041971;0;1;0;0;0;1;0;A01
200900041972;0;7;0;0;2;1;2;A01
200900041972;0;7;0;0;0;6;2;B01
200900041973;0;7;0;0;2;1;2;A01
200900041973;0;7;0;0;2;4;2;B01
200900041974;0;7;0;0;2;1;13;A01
200900041974;0;7;0;0;0;5;1;D01
200900041974;0;7;0;0;0;4;1;C01
200900041974;0;7;0;0;0;4;1;B01
200900041975;0;31;0;0;2;5;1;A01
200900041975;0;7;0;0;2;6;23;B01
200900041976;0;7;0;2;0;9;0;B01
200900041976;0;16;0;0;0;0;0;A01
200900041977;0;7;0;0;0;4;1;B01
200900041977;0;7;0;0;2;1;2;A01
200900041978;0;33;0;0;0;2;1;A01
200900041979;0;7;0;0;2;1;1;A01
200900041979;0;7;0;0;0;4;1;B01
200900041980;0;7;0;0;2;3;9;A01
200900041980;0;33;0;0;2;1;1;B01
200900041981;0;1;0;0;2;1;1;A01
200900041981;0;7;0;0;2;1;1;B01
200900041982;0;7;0;0;2;4;1;B01
200900041982;0;10;0;0;2;1;1;A01
200900041983;0;7;0;0;2;3;1;B02
200900041983;0;7;0;0;2;2;15;A01
200900041984;0;33;0;6;0;1;1;A01
200900041985;0;7;0;0;9;3;19;A01
200900041985;0;1;0;0;2;1;1;B02
200900041986;0;7;0;0;2;1;13;A01
200900041986;0;7;0;0;2;1;1;B02
200900041987;0;7;0;0;2;8;12;B02
200900041987;0;7;0;0;2;7;1;A01
200900041988;0;7;0;8;0;1;1;A01
200900041989;0;7;0;4;0;3;1;A01
200900041990;0;7;0;6;0;1;2;A01
200900041991;0;7;0;0;2;3;1;A01
200900041991;0;7;0;0;2;1;17;B02
200900041992;0;33;0;0;0;7;1;A01
200900041993;0;17;0;0;2;2;17;A01
200900041993;0;7;0;0;2;8;1;B02
200900041994;0;1;0;0;0;8;0;B02
200900041994;0;7;0;0;0;3;1;A01
200900041995;0;7;0;0;2;6;15;A01
200900041995;0;31;0;0;2;1;2;B02
200900041996;0;33;0;0;2;8;1;B01
200900041996;0;7;0;0;2;1;15;A01
200900041997;0;2;0;0;2;1;8;A01
200900041997;0;7;0;0;2;3;15;B01
200900041998;0;7;0;0;2;1;21;A01
200900041998;0;15;0;0;2;2;0;B01
200900041999;0;33;0;0;9;1;1;A01
200900042000;0;7;0;0;1;1;1;A01
200900042001;0;7;0;0;2;8;15;A01
200900042001;0;30;0;0;2;1;15;B01
200900042002;0;31;0;0;2;1;1;B01
200900042002;0;10;0;0;2;2;15;A01
200900042003;0;7;0;0;2;1;1;A01
200900042003;0;7;0;0;2;8;1;B01
200900042004;0;10;0;0;2;1;1;A01
200900042004;0;7;0;0;2;2;1;B01
200900042005;0;7;0;0;2;3;1;B01
200900042005;0;7;0;0;2;1;15;A01
200900042006;0;7;0;0;1;2;17;A01
200900042007;0;7;0;0;9;2;5;A01
200900042007;0;1;0;0;2;2;1;B01
200900042008;0;1;0;0;2;1;1;B01
200900042008;0;7;0;0;9;3;1;A01
200900042009;0;7;0;0;2;0;1;B01
200900042009;0;1;0;0;2;1;19;A01
200900042010;0;7;0;1;2;7;1;B01
200900042010;0;7;0;0;2;1;1;A01
200900042011;0;7;0;0;2;4;1;A01
200900042011;0;7;0;0;2;1;1;B01
200900042012;0;7;0;0;2;1;0;B01
200900042012;0;7;0;0;2;1;5;A01
200900042012;0;7;0;0;2;1;0;C01
200900042013;0;7;0;0;2;1;11;B01
200900042013;0;34;0;0;2;1;5;A01
200900042014;0;7;0;0;2;1;1;A01
200900042014;0;7;0;9;2;1;1;C03
200900042014;0;10;0;0;2;8;1;B02
200900042015;0;2;0;0;2;1;18;A01
200900042015;0;7;0;0;2;5;16;B01
200900042016;0;7;0;0;2;1;1;A01
200900042016;0;7;0;0;2;1;1;B01
200900042017;0;7;0;9;2;8;11;A01
200900042017;0;7;0;0;2;1;1;B01
200900042018;0;7;0;0;1;1;1;A01
200900042019;0;30;0;12;0;1;1;A01
200900042020;0;37;50;0;1;1;1;A01
200900042021;0;7;0;0;2;3;1;A01
200900042021;0;7;0;0;2;2;1;B01
200900042022;0;7;0;6;0;1;1;A01
200900042023;0;7;0;3;0;5;1;A01
200900042024;0;7;0;4;0;1;1;A01
200900042025;0;10;0;0;2;1;2;A01
200900042025;0;7;0;0;0;4;0;B01
200900042026;0;7;0;4;0;3;11;A01
200900042027;0;33;0;0;2;7;17;B01
200900042027;0;15;0;0;2;6;17;A01
200900042028;0;7;0;0;0;4;2;C01
200900042028;0;17;0;0;2;4;2;B01
200900042028;0;17;0;4;2;1;1;A01
200900042029;0;7;0;0;0;2;1;B01
200900042029;0;7;0;0;0;6;17;A01
200900042030;0;33;0;0;0;0;21;A01
200900042031;0;2;0;0;2;1;1;A01
200900042031;0;7;0;0;0;4;1;B01
200900042032;0;7;0;0;2;3;1;B01
200900042032;0;2;0;0;2;1;1;A01
200900042033;0;10;0;1;2;3;1;B01
200900042033;0;33;0;0;2;1;1;A01
200900042034;0;7;0;0;1;1;1;A01
200900042035;0;33;0;4;0;8;0;A01
200900042036;0;7;0;4;2;1;14;A01
200900042036;0;7;0;0;2;2;1;B01
200900042037;0;7;0;0;0;1;1;B01
200900042037;0;7;0;0;2;5;15;A01
200900042038;0;7;0;0;2;1;9;A01
200900042038;0;7;0;0;2;1;1;B01
200900042039;0;7;0;0;2;3;9;B01
200900042039;0;1;0;0;2;1;1;A01
200900042040;0;7;0;0;9;1;1;B01
200900042040;0;1;0;0;2;5;1;A01
200900042041;0;40;1;0;2;8;1;B01
200900042041;0;99;0;0;4;2;6;A01
200900042042;0;33;0;0;2;1;1;B02
200900042042;0;7;0;0;2;7;19;A01
200900042043;0;7;0;0;1;1;0;A01
200900042044;0;7;0;4;2;1;17;A01
200900042045;0;7;0;0;2;8;15;A01
200900042045;0;2;0;0;2;1;1;B01
200900042046;0;7;0;0;2;1;2;A01
200900042046;0;7;0;0;2;4;2;B01
200900042047;0;7;0;0;2;1;1;B01
200900042047;0;7;0;6;2;7;1;A01
200900042048;0;1;0;0;2;1;5;A01
200900042048;0;7;0;0;0;1;1;B01
200900042049;0;31;0;0;2;1;17;A01
200900042049;0;7;0;0;2;3;15;B01
200900042050;0;7;0;0;2;2;16;A01
200900042050;0;30;0;0;2;1;7;B01
200900042051;0;7;0;6;0;1;17;A01
200900042052;0;7;0;0;2;1;10;A01
200900042052;0;32;0;0;2;1;1;B01
200900042053;0;31;0;0;2;1;2;B01
200900042053;0;7;0;0;2;1;5;A01
200900042054;0;30;0;0;2;1;13;A01
200900042054;0;10;0;0;2;1;1;B02
200900042055;0;7;0;0;1;2;1;A01
200900042056;0;7;0;3;0;1;0;A01
200900042057;0;7;0;0;2;8;10;A01
200900042057;0;2;0;0;2;1;17;B01
200900042058;0;7;0;4;0;3;1;A01
200900042059;0;7;0;0;2;8;15;B01
200900042059;0;7;0;0;2;2;1;A01
200900042060;0;7;0;0;0;4;2;B01
200900042060;0;7;0;0;2;1;2;A01
200900042061;0;2;0;0;2;1;1;A01
200900042061;0;7;0;0;2;1;15;B01
200900042062;0;2;0;0;0;1;1;B02
200900042062;0;2;0;0;0;1;1;A01
200900042063;0;7;0;0;1;7;1;A01
200900042064;0;33;0;0;2;1;1;A01
200900042064;0;10;0;0;2;7;15;B01
200900042065;0;7;0;0;2;1;23;B01
200900042065;0;99;0;0;2;0;0;A01
200900042066;0;14;0;0;0;4;2;B01
200900042066;0;15;0;0;2;1;2;A01
200900042067;0;7;0;0;2;1;2;A01
200900042067;0;15;0;0;0;4;2;B02
200900042068;0;7;0;0;0;1;17;A01
200900042069;0;33;0;0;2;3;1;A01
200900042069;0;7;0;0;2;3;15;B02
200900042070;0;7;0;0;2;1;2;A01
200900042070;0;7;0;0;2;4;2;B01
200900042071;0;1;0;0;0;0;0;A01
200900042072;0;7;0;3;2;1;1;B01
200900042072;0;7;0;8;2;8;1;A01
200900042073;0;7;0;0;1;1;1;A01
200900042074;0;7;0;0;2;1;1;A01
200900042074;0;7;0;6;2;5;1;B01
200900042075;0;30;0;12;0;2;0;A01
200900042076;0;7;0;0;2;1;1;A01
200900042076;0;7;0;0;2;4;23;B01
200900042077;0;30;0;0;2;1;16;A01
200900042077;0;7;0;0;0;3;15;B01
200900042078;0;30;0;0;2;0;9;A01
200900042078;0;7;0;0;9;1;1;B01
200900042079;0;7;0;0;2;1;1;B01
200900042079;0;7;0;6;2;1;1;A01
200900042080;0;7;0;0;1;1;1;A01
200900042081;0;7;0;0;9;3;1;A01
200900042081;0;1;0;0;2;4;19;B01
200900042082;0;30;0;0;2;8;1;B01
200900042082;0;2;0;0;2;7;17;A01
200900042083;0;7;0;0;2;1;1;A01
200900042083;0;33;0;0;2;1;1;B01
200900042084;0;7;0;0;2;4;2;B01
200900042084;0;7;0;0;2;4;2;C01
200900042084;0;7;0;0;2;1;0;A01
200900042085;0;10;0;0;2;5;1;B01
200900042085;0;2;0;0;2;1;15;A01
200900042086;0;2;0;0;2;1;0;B01
200900042086;0;2;0;0;2;1;1;A01
200900042087;0;7;0;1;0;1;15;A01
200900042088;0;7;0;0;1;1;15;A01
200900042089;0;7;0;0;2;2;1;A01
200900042089;0;31;0;0;2;8;1;B01
200900042090;0;7;0;0;2;3;15;B01
200900042090;0;33;0;0;2;1;8;A01
200900042091;0;1;0;1;0;1;1;B01
200900042091;0;7;0;0;2;8;22;A01
200900042092;0;10;0;0;0;4;2;C01
200900042092;0;7;0;4;0;5;1;B01
200900042092;0;7;0;0;2;3;21;A01
200900042093;0;1;0;0;1;1;1;A01
200900042094;0;15;0;0;0;6;1;B01
200900042094;0;33;0;0;2;5;0;A01
200900042095;0;1;0;0;2;7;17;B01
200900042095;0;7;0;0;0;3;15;A01
200900042096;0;7;0;4;0;3;1;A01
200900042097;0;17;0;0;2;2;12;A01
200900042097;0;7;0;0;0;6;1;B01
200900042098;0;1;0;0;2;4;1;B01
200900042098;0;7;0;0;2;3;15;A01
200900042099;0;7;0;0;2;3;2;C01
200900042099;0;7;0;0;2;1;2;A01
200900042099;0;7;0;0;2;1;2;B01
200900042100;0;32;0;0;2;1;17;A01
200900042100;0;7;0;0;2;8;15;B01
200900042101;0;7;0;0;1;1;1;A01
200900042102;0;33;0;0;2;1;2;A01
200900042102;0;7;0;0;0;5;2;B01
200900042103;0;30;0;0;2;4;11;B02
200900042103;0;2;0;0;2;4;0;C03
200900042103;0;7;0;0;2;2;17;A01
200900042104;0;10;0;0;1;0;15;A01
200900042105;0;7;0;0;2;1;1;A01
200900042105;0;7;0;0;2;1;1;B01
200900042106;0;7;0;16;0;0;1;A01
200900042107;0;33;0;0;2;2;17;A01
200900042107;0;7;0;0;2;8;15;B01
200900042108;0;7;0;0;2;1;2;A01
200900042108;0;7;0;0;0;4;1;B01
200900042109;0;30;0;6;0;1;1;A01
200900042110;0;7;0;3;0;1;1;A01
200900042111;0;32;0;0;0;7;1;A01
200900042112;0;7;0;3;2;2;14;A01
200900042112;0;7;0;0;0;5;1;B01
200900042113;0;7;0;0;2;3;1;B02
200900042113;0;33;0;16;2;1;5;A01
200900042114;0;7;0;8;0;1;1;A01
200900042115;0;31;0;0;2;1;11;A01
200900042115;0;14;0;0;2;3;1;B01
200900042116;0;33;0;0;2;1;6;A01
200900042116;0;7;0;0;0;3;0;B02
200900042117;0;7;0;0;2;1;2;A01
200900042117;0;7;0;0;0;4;1;B01
200900042118;0;7;0;0;2;1;2;D01
200900042118;0;7;0;0;2;4;2;C01
200900042118;0;7;0;0;2;1;2;A01
200900042118;0;7;0;0;2;4;2;B01
200900042119;0;33;0;0;2;7;1;B01
200900042119;0;7;0;0;2;3;11;A01
200900042120;0;31;0;0;2;1;1;A01
200900042120;0;7;0;0;2;5;1;B01
200900042121;0;7;0;0;0;4;2;D01
200900042121;0;7;0;0;2;1;2;C01
200900042121;0;7;0;0;2;4;2;B01
200900042121;0;7;0;0;2;1;1;A01
200900042122;0;33;0;0;2;1;2;A01
200900042122;0;7;0;0;0;4;2;B01
200900042123;0;7;0;0;9;8;1;B01
200900042123;0;1;0;0;2;3;17;A01
200900042124;0;10;0;0;2;2;2;B01
200900042124;0;32;0;0;2;0;0;A01
200900042125;0;1;0;0;0;8;0;B01
200900042125;0;34;0;0;2;2;8;A01
200900042126;0;3;0;0;2;3;1;B02
200900042126;0;7;0;0;2;3;13;A01
200900042127;0;10;0;0;2;1;1;A01
200900042127;0;7;0;0;2;4;23;B01
200900042128;0;31;0;0;0;1;12;A01
200900042129;0;7;0;0;2;8;15;A01
200900042129;0;2;0;0;2;1;3;B02
200900042130;0;7;0;0;1;2;1;A01
200900042131;0;31;0;1;0;1;1;B02
200900042131;0;7;0;0;0;3;22;A01
200900042132;0;37;1;0;1;2;13;A01
200900042133;0;32;0;0;2;1;8;A01
200900042133;0;7;0;0;2;3;15;B01
200900042134;0;7;0;0;2;8;1;B01
200900042134;0;7;0;0;2;2;21;A01
200900042135;0;15;0;0;2;3;1;B02
200900042135;0;7;0;0;2;3;13;A01
200900042136;0;33;0;0;2;5;15;A01
200900042136;0;7;0;0;2;3;1;B02
200900042137;0;30;0;0;1;0;1;A01
200900042138;0;33;0;0;2;8;1;B02
200900042138;0;21;0;0;2;0;1;A01
200900042139;0;33;0;12;0;0;15;A01
200900042140;0;7;0;0;9;1;17;A01
200900042140;0;1;0;0;2;1;1;B02
200900042141;0;7;0;0;2;3;1;A01
200900042141;0;7;0;0;2;2;1;B02
200900042142;0;7;0;0;2;4;1;B02
200900042142;0;34;0;0;2;1;1;A01
200900042143;0;10;0;0;1;3;1;A01
200900042144;0;33;0;10;0;2;14;A01
200900042145;0;34;0;2;0;1;1;A01
200900042146;0;7;0;0;2;6;9;A01
200900042146;0;17;0;0;2;2;1;B01
200900042147;0;7;0;0;0;0;0;A01
200900042148;0;7;0;2;0;3;1;A01
200900042149;0;7;0;0;2;1;1;A01
200900042149;0;7;0;0;2;4;1;B01
200900042150;0;7;0;6;0;7;1;A01
200900042151;0;7;0;4;0;3;0;A01
200900042152;0;7;0;0;0;1;1;B02
200900042152;0;7;0;0;2;1;1;A01
200900042153;0;7;0;0;2;4;2;B01
200900042153;0;7;0;0;2;4;2;C01
200900042153;0;7;0;0;2;1;2;A01
200900042154;0;30;0;0;1;1;1;A01
200900042155;0;7;0;0;2;3;1;B01
200900042155;0;7;0;0;2;1;15;A01
200900042156;1;1;0;0;1;0;1;A01
200900042157;0;33;0;0;2;1;21;B02
200900042157;0;7;0;0;0;5;16;A01
200900042158;0;7;0;2;0;1;13;A01
200900042159;0;32;0;0;2;1;1;B01
200900042159;0;7;0;0;2;2;16;A01
200900042160;0;7;0;16;0;1;2;A01
200900042161;0;10;0;0;0;0;24;C01
200900042161;0;7;0;0;2;3;9;A01
200900042161;0;31;0;14;2;2;1;B01
200900042162;0;7;0;1;1;2;14;A01
200900042162;0;7;0;0;0;6;23;B01
200900042163;0;7;0;0;2;1;9;C03
200900042163;0;33;0;0;2;1;1;A01
200900042163;0;7;0;0;2;3;1;B02
200900042164;0;7;0;0;2;2;15;A01
200900042164;0;33;0;0;2;1;1;B02
200900042165;0;33;0;0;2;7;13;A01
200900042165;0;10;0;0;2;1;21;B02
200900042166;0;33;0;0;2;1;13;A01
200900042166;0;7;0;0;2;3;1;B02
200900042167;1;7;0;0;2;3;1;B01
200900042167;0;7;0;0;2;6;15;A01
200900042168;0;7;0;1;2;2;4;A01
200900042168;0;7;0;0;2;2;2;B01
200900042169;0;33;0;0;2;1;1;B02
200900042169;0;7;0;0;2;3;15;A01
200900042170;0;7;0;0;2;3;1;B01
200900042170;0;30;0;0;2;0;19;A01
200900042171;0;7;0;1;2;7;1;B01
200900042171;0;7;0;0;2;1;1;A01
200900042172;0;7;0;0;1;1;2;A01
200900042173;0;7;0;0;2;3;1;B02
200900042173;2;7;0;0;2;3;3;A01
200900042174;0;7;0;0;1;1;1;A01
200900042175;0;10;0;0;2;4;2;B02
200900042175;0;33;0;0;2;2;2;A01
200900042176;0;10;0;1;0;8;17;A01
200900042176;0;2;0;0;2;1;17;B02
200900042177;0;7;0;0;2;2;1;B01
200900042177;0;32;0;0;2;1;7;A01
200900042178;0;7;0;0;2;1;2;A01
200900042178;0;7;0;0;2;4;2;B01
200900042178;0;7;0;0;0;4;2;C01
200900042179;0;10;0;0;1;4;4;A01
200900042180;0;7;0;0;2;4;1;B01
200900042180;0;33;0;14;0;0;1;A01
200900042181;0;7;0;0;2;3;1;B01
200900042181;0;7;0;0;2;1;1;A01
200900042182;0;1;0;0;2;1;17;B01
200900042182;0;7;0;0;9;3;22;A01
200900042183;0;33;0;0;2;1;1;B01
200900042183;0;7;0;0;2;3;9;A01
200900042184;0;7;0;0;1;2;1;A01
200900042185;0;30;0;0;2;1;13;B01
200900042185;0;7;0;0;2;5;4;A01
200900042186;0;32;0;0;2;1;1;B01
200900042186;0;7;0;0;2;1;1;A01
200900042187;0;40;1;0;1;2;16;A01
200900042188;0;10;0;0;1;1;15;A01
200900042189;0;7;0;0;2;2;16;B01
200900042189;0;30;0;0;2;8;1;A01
200900042190;0;7;0;0;2;3;15;B01
200900042190;0;2;0;0;2;1;1;A01
200900042191;0;1;0;0;2;8;2;B01
200900042191;0;7;0;0;2;2;17;A01
200900042192;0;7;0;0;1;3;1;A01
200900042193;0;7;0;0;2;3;15;A01
200900042193;0;31;0;0;2;1;17;B01
200900042194;1;7;0;0;2;1;1;A01
200900042194;0;7;0;0;2;6;2;B01
200900042195;0;7;0;0;1;2;1;A01
200900042196;1;7;0;0;1;2;0;A01
200900042197;0;2;0;0;2;3;15;B01
200900042197;0;7;0;0;2;3;1;A01
200900042198;0;7;0;0;1;1;15;A01
200900042199;0;1;0;0;2;1;5;A01
200900042199;0;7;0;0;2;3;1;B01
200900042200;0;10;0;0;2;3;15;A01
200900042200;0;34;0;0;2;1;1;B01
200900042201;0;7;0;0;2;2;0;A01
200900042201;0;7;0;9;2;6;0;B01
200900042202;0;7;0;0;2;1;1;A01
200900042202;0;7;0;0;0;4;23;C01
200900042202;0;7;0;0;2;4;23;B01
200900042203;0;7;0;0;2;4;1;B01
200900042203;0;7;0;0;2;1;1;A01
200900042204;0;7;0;0;2;3;17;A01
200900042204;0;7;0;0;2;3;0;B02
200900042205;0;7;0;6;2;3;17;A01
200900042205;0;7;0;0;2;8;15;B02
200900042206;0;7;0;6;0;1;14;A01
200900042207;0;31;0;3;0;9;1;A01
200900042208;0;30;0;0;2;1;1;B02
200900042208;0;7;0;0;2;2;15;A01
200900042209;0;33;0;0;2;1;2;B01
200900042209;0;7;0;0;2;4;15;A01
200900042210;0;1;0;0;2;1;1;B01
200900042210;0;7;0;0;2;1;15;A01
200900042211;0;7;0;0;2;4;2;B01
200900042211;0;7;0;0;2;1;2;A01
200900042212;0;7;0;0;2;1;1;A01
200900042212;0;1;0;0;2;1;1;B01
200900042213;0;7;0;0;2;4;1;B01
200900042213;0;7;0;9;2;8;1;A01
200900042214;0;7;0;0;2;1;1;B01
200900042214;0;7;0;0;2;4;1;A01
200900042215;0;7;0;0;1;1;0;A01
200900042216;0;99;0;13;0;1;1;A01
200900042217;0;7;0;0;1;1;1;A01
200900042218;0;7;0;0;2;3;19;A01
200900042218;0;7;0;0;2;1;1;B02
200900042219;0;7;0;0;2;4;1;B01
200900042219;0;7;0;0;2;1;1;A01
200900042220;0;7;0;0;0;4;2;B01
200900042220;0;7;0;0;2;1;2;A01
200900042221;0;7;0;13;0;9;1;A01
200900042222;0;7;0;0;2;8;1;B01
200900042222;0;7;0;0;2;1;1;A01
200900042223;0;7;0;0;2;7;15;A01
200900042223;0;33;0;0;2;1;1;B01
200900042224;0;7;0;0;0;8;1;B01
200900042224;0;7;0;0;2;1;1;A01
200900042225;0;7;0;0;2;4;1;B01
200900042225;0;7;0;0;2;1;1;A01
200900042226;1;7;0;0;1;3;1;A01
200900042227;0;7;0;0;9;3;1;B01
200900042227;0;30;0;0;2;1;1;A01
200900042228;0;1;0;0;0;0;1;A01
200900042229;0;7;0;1;2;2;1;A01
200900042229;0;7;0;7;2;3;1;B01
200900042230;0;7;0;0;2;7;15;A01
200900042230;0;2;0;0;2;1;1;B01