num_acc;senc;catv;occutc;obs;obsm;choc;manv;num_veh
200900042231;0;7;0;0;2;1;1;C01
200900042231;0;7;0;0;2;8;1;B01
200900042231;0;7;0;0;2;9;1;A01
200900042232;0;33;0;0;2;1;1;B01
200900042232;0;7;0;0;2;8;10;A01
200900042233;0;17;0;9;0;7;1;A01
200900042234;0;1;0;0;2;4;1;B01
200900042234;0;7;0;0;2;2;1;A01
200900042235;0;1;0;0;2;6;1;C01
200900042235;0;1;0;0;2;3;1;B01
200900042235;0;3;0;0;2;1;17;A01
200900042236;0;30;0;0;0;0;1;A01
200900042237;0;7;0;0;2;1;1;A01
200900042237;0;7;0;0;2;4;1;B01
200900042238;0;7;0;0;2;1;15;A01
200900042238;0;7;0;0;2;3;1;B01
200900042238;0;7;0;0;2;8;1;C01
200900042239;0;7;0;0;2;3;1;B01
200900042239;0;2;0;0;2;7;6;A01
200900042240;0;14;0;0;1;4;4;A01
200900042241;0;1;0;1;2;1;1;B01
200900042241;1;7;0;0;2;0;16;A01
200900042242;0;7;0;0;1;1;1;A01
200900042243;0;7;0;0;0;0;15;A01
200900042243;0;33;0;8;0;1;1;B01
200900042244;0;7;0;0;2;1;1;A01
200900042244;0;7;0;0;2;4;1;B01
200900042245;1;30;0;0;1;1;1;A01
200900042246;0;10;0;0;2;7;15;A01
200900042246;0;7;0;0;2;8;1;B01
200900042247;0;7;0;0;2;4;1;B01
200900042247;0;2;0;0;2;1;1;A01
200900042248;0;30;0;0;2;7;11;B01
200900042248;0;7;0;0;2;8;22;A01
200900042249;0;7;0;1;0;9;1;A01
200900042250;0;7;0;1;2;1;1;A01
200900042251;0;7;0;0;2;8;15;B01
200900042251;0;7;0;0;2;2;17;A01
200900042252;0;7;0;0;2;2;1;B01
200900042252;0;1;0;0;2;1;19;A01
200900042253;0;2;0;0;0;8;0;A01
200900042254;0;7;0;0;1;1;1;A01
200900042255;0;2;0;1;0;1;17;A01
200900042255;0;7;0;0;0;0;0;B01
200900042256;0;10;0;0;2;1;1;B01
200900042256;0;7;0;0;2;7;15;A01
200900042257;0;7;0;14;0;2;1;A01
200900042258;0;7;0;13;0;3;13;A01
200900042259;0;36;0;0;2;6;15;A01
200900042259;0;10;0;0;2;1;17;B02
200900042260;0;7;0;0;2;1;1;B02
200900042260;0;2;0;0;2;1;17;A01
200900042261;0;7;0;0;2;1;13;B02
200900042261;0;7;0;0;2;3;1;A01
200900042262;0;30;0;0;2;1;1;B02
200900042262;0;7;0;3;2;6;0;A01
200900042263;0;7;0;11;0;2;1;A01
200900042264;0;7;0;0;2;8;1;B02
200900042264;0;7;0;0;2;3;15;A01
200900042265;0;33;0;16;0;1;1;A01
200900042266;0;30;0;8;0;3;1;A01
200900042267;0;30;0;8;0;1;14;A01
200900042268;0;7;0;0;2;5;1;B02
200900042268;0;33;0;0;2;1;9;A01
200900042269;0;2;0;0;2;3;17;A01
200900042269;1;2;0;0;2;3;15;B02
200900042270;0;7;0;2;0;1;1;A01
200900042271;0;7;0;4;0;3;13;A01
200900042272;0;3;0;0;2;0;15;A01
200900042272;0;2;0;0;2;1;1;B02
200900042273;0;33;0;0;6;0;19;A01
200900042274;0;7;0;0;1;1;1;A01
200900042275;0;7;0;0;0;0;1;A01
200900042276;0;33;0;0;0;1;14;A01
200900042277;0;31;0;0;1;2;1;A01
200900042278;0;7;0;0;2;3;1;A01
200900042278;0;7;0;0;2;2;5;B02
200900042278;0;7;0;3;2;3;1;C03
200900042279;0;10;0;0;2;1;1;C03
200900042279;0;7;0;0;2;1;1;B02
200900042279;0;7;0;0;0;9;15;A01
200900042280;0;21;0;0;2;3;1;B02
200900042280;0;7;0;13;2;8;1;A01
200900042281;0;7;0;0;2;3;15;A01
200900042281;0;33;0;0;2;1;0;B01
200900042282;0;7;0;0;2;8;1;B02
200900042282;0;7;0;0;2;1;1;A01
200900042283;0;7;0;0;1;3;1;A01
200900042284;0;7;0;0;1;1;1;A01
200900042285;0;7;0;0;2;2;1;A01
200900042285;0;7;0;0;2;3;1;B01
200900042286;0;7;0;0;1;1;15;A01
200900042287;0;7;0;0;0;8;20;B01
200900042287;0;33;0;0;2;1;17;A01
200900042288;0;7;0;0;1;1;1;A01
200900042289;0;33;0;0;0;0;0;A01
200900042290;0;7;0;0;2;7;1;B02
200900042290;0;7;0;0;2;3;9;A01
200900042291;0;7;0;6;0;6;23;A01
200900042292;0;7;0;1;1;4;4;A01
200900042293;0;7;0;0;1;1;1;A01
200900042294;0;31;0;13;0;1;1;A01
200900042295;0;7;0;5;0;1;0;A01
200900042296;0;30;0;1;0;1;2;C01
200900042296;0;7;0;13;2;6;20;B01
200900042296;0;7;0;0;2;2;2;A01
200900042297;0;7;0;0;2;3;15;A01
200900042297;0;1;0;0;2;1;0;B02
200900042298;0;33;0;6;0;1;15;A01
200900042299;0;7;0;2;2;6;1;A01
200900042299;0;7;0;2;2;3;1;B01
200900042300;0;7;0;16;0;1;1;A01
200900042301;0;7;0;0;0;4;23;A01
200900042301;0;2;0;14;0;1;2;C03
200900042301;0;2;0;0;0;4;23;B02
200900042302;0;31;0;0;2;1;1;B02
200900042302;0;7;0;0;2;5;4;A01
200900042303;0;7;0;3;0;1;6;A01
200900042304;0;7;0;12;0;1;16;A01
200900042305;0;7;0;0;2;4;15;B01
200900042305;0;7;0;0;2;1;1;A01
200900042306;0;7;0;0;2;1;1;A01
200900042306;0;7;0;0;2;3;11;B02
200900042307;0;7;0;0;1;3;4;A01
200900042308;0;7;0;0;1;0;1;A01
200900042309;0;7;0;7;0;8;0;A01
200900042310;0;30;0;0;0;8;2;A01
200900042311;0;33;0;0;2;1;21;A01
200900042311;0;13;0;0;2;2;0;B02
200900042312;0;7;0;2;0;7;0;A01
200900042313;0;7;0;0;2;4;15;C01
200900042313;0;7;0;0;2;1;1;A01
200900042313;0;7;0;0;2;1;1;B01
200900042314;0;33;0;0;2;1;3;B01
200900042314;0;7;0;0;2;8;15;A01
200900042315;1;7;0;0;0;0;0;A01
200900042316;0;30;0;0;0;8;0;A01
200900042317;0;33;0;0;5;7;1;A01
200900042318;0;2;0;0;2;1;1;B02
200900042318;0;7;0;0;2;3;19;A01
200900042319;0;7;0;0;0;9;0;A01
200900042320;0;7;0;0;2;2;15;B02
200900042320;0;33;0;1;0;1;1;A01
200900042321;0;33;0;8;0;7;16;A01
200900042322;0;7;0;13;0;1;21;A01
200900042323;0;3;0;0;2;4;1;B01
200900042323;0;33;0;0;2;1;1;A01
200900042324;0;7;0;0;1;1;1;A01
200900042325;0;7;0;13;0;1;14;A01
200900042326;0;31;0;0;2;8;2;B01
200900042326;0;33;0;0;2;1;1;A01
200900042327;0;30;0;0;0;0;0;A01
200900042328;0;7;0;0;2;8;15;A01
200900042328;0;33;0;0;2;7;17;B02
200900042329;0;33;0;0;1;1;1;A01
200900042330;0;7;0;0;2;3;1;C03
200900042330;0;7;0;0;0;5;15;B02
200900042330;0;10;0;0;2;3;1;A01
200900042331;0;7;0;0;2;0;1;B01
200900042331;2;7;0;0;2;0;16;A01
200900042332;0;7;0;12;0;2;1;A01
200900042333;0;7;0;0;1;1;1;A01
200900042334;0;7;0;0;1;1;1;A01
200900042335;0;33;0;13;0;2;1;A01
200900042336;0;30;0;0;2;1;0;A01
200900042337;0;7;0;2;0;1;1;A01
200900042338;0;7;0;0;2;1;5;A01
200900042338;0;7;0;0;2;1;1;B01
200900042339;0;7;0;0;2;3;1;A01
200900042339;0;7;0;0;2;1;0;B02
200900042340;0;7;0;0;2;3;2;A01
200900042340;0;30;0;0;2;1;19;B02
200900042341;0;7;0;0;0;3;1;B02
200900042341;0;7;0;0;2;1;13;A01
200900042342;0;7;0;2;0;8;1;A01
200900042343;0;1;0;0;2;1;1;B02
200900042343;0;7;0;0;2;3;1;A01
200900042344;0;7;0;0;2;2;1;B01
200900042344;0;7;0;0;2;1;15;A01
200900042345;0;38;0;0;1;2;2;A01
200900042346;0;33;0;0;2;1;17;A01
200900042346;0;7;0;0;2;3;1;B02
200900042347;0;7;0;6;0;1;14;A01
200900042348;0;7;0;0;2;1;1;A01
200900042348;0;2;0;0;2;8;15;B02
200900042349;0;7;0;0;2;1;1;A01
200900042349;0;7;0;0;2;3;1;B02
200900042350;0;7;0;0;2;3;1;B01
200900042350;0;2;0;0;2;1;0;A01
200900042351;0;7;0;0;2;8;15;B02
200900042351;0;33;0;0;2;1;17;A01
200900042352;0;7;0;0;2;6;2;C01
200900042352;0;7;0;0;2;1;2;A01
200900042352;0;7;0;0;2;4;2;B01
200900042353;0;7;0;0;2;8;15;B02
200900042353;0;33;0;0;2;1;17;A01
200900042354;0;7;0;0;2;5;13;B02
200900042354;0;7;0;0;2;3;1;A01
200900042354;0;7;0;0;2;1;21;C03
200900042355;0;7;0;13;0;8;1;A01
200900042356;0;38;0;1;2;1;1;C03
200900042356;0;17;0;0;0;0;23;A01
200900042356;0;7;0;0;0;4;2;E05
200900042356;0;14;0;0;2;1;2;F06
200900042357;0;7;0;0;2;3;1;A01
200900042357;0;14;0;0;2;3;1;B02
200900042358;0;7;0;0;0;3;13;A01
200900042358;0;7;0;0;0;3;1;B02
200900042359;0;33;0;12;0;1;15;A01
200900042360;0;33;0;0;0;0;17;A01
200900042361;0;7;0;0;2;1;1;A01
200900042361;0;7;0;0;2;4;1;B01
200900042362;0;7;0;0;2;3;15;B01
200900042362;0;33;0;0;2;1;17;A01
200900042363;0;7;0;0;2;1;15;A01
200900042363;0;7;0;0;2;3;1;B01
200900042364;0;7;0;0;2;1;5;A01
200900042364;0;7;0;0;0;8;1;B01
200900042364;0;7;0;0;0;5;1;C01
200900042365;0;10;0;0;0;0;1;C01
200900042365;0;7;0;0;2;1;2;B01
200900042365;0;7;0;6;0;4;2;A01
200900042366;0;7;0;13;0;0;14;A01
200900042367;0;7;0;0;2;4;1;B01
200900042367;0;7;0;0;2;1;1;A01
200900042368;0;7;0;0;2;1;1;A01
200900042368;0;7;0;0;2;8;10;B01
200900042369;0;30;0;0;2;1;1;A01
200900042369;0;7;0;0;2;2;16;B01
200900042370;0;33;0;9;0;1;1;A01
200900042371;0;7;0;0;2;1;1;A01
200900042371;0;7;0;0;2;4;1;B01
200900042372;0;2;0;0;2;8;1;B01
200900042372;0;7;0;0;2;5;19;A01
200900042373;0;7;0;0;2;1;1;B01
200900042373;0;7;0;0;2;2;15;A01
200900042374;0;33;0;0;1;1;1;A01
200900042375;0;7;0;0;2;3;13;A01
200900042375;0;7;0;0;2;1;1;B01
200900042376;0;7;0;6;0;3;13;A01
200900042377;0;7;0;0;2;2;1;A01
200900042377;0;30;0;0;2;7;1;B01
200900042378;0;7;0;0;2;4;1;B01
200900042378;0;7;0;0;2;1;1;A01
200900042379;0;7;0;0;2;2;1;B01
200900042379;0;7;0;0;2;1;1;A01
200900042380;0;37;1;0;2;4;23;C01
200900042380;0;7;0;0;2;9;23;B01
200900042380;0;7;0;0;2;1;2;A01
200900042381;0;7;0;0;2;3;15;A01
200900042381;0;33;0;0;2;1;1;B01
200900042382;1;7;0;0;1;1;1;A01
200900042383;1;7;0;0;1;1;1;A01
200900042384;0;7;0;0;9;1;1;A01
200900042385;0;7;0;0;2;1;1;A01
200900042385;0;7;0;0;2;2;1;B01
200900042386;0;7;0;0;2;1;1;B01
200900042386;0;7;0;0;2;1;1;A01
200900042387;0;7;0;13;0;5;1;A01
200900042388;0;7;0;13;0;1;1;A01
200900042389;0;7;0;3;0;9;14;A01
200900042390;0;7;0;0;2;1;15;B01
200900042390;0;33;0;0;2;2;1;A01
200900042391;0;7;0;0;2;5;23;B01
200900042391;1;7;0;0;2;1;1;A01
200900042392;0;30;0;0;2;1;17;A01
200900042392;0;7;0;0;2;3;15;B01
200900042393;0;7;0;0;2;5;1;B01
200900042393;0;7;0;0;2;1;9;A01
200900042394;0;7;0;0;2;1;2;A01
200900042394;0;7;0;0;2;4;23;B01
200900042395;0;7;0;0;2;1;1;A01
200900042395;0;7;0;0;2;8;19;B01
200900042396;0;7;0;6;0;1;14;A01
200900042397;0;30;0;0;2;1;1;A01
200900042397;0;7;0;0;2;1;23;B01
200900042398;0;7;0;0;2;3;10;A01
200900042398;0;33;0;0;2;7;1;B01
200900042399;0;7;0;0;2;4;2;B01
200900042399;0;7;0;0;2;3;1;A01
200900042400;0;7;0;0;9;1;2;A01
200900042401;0;7;0;0;0;0;15;B01
200900042401;0;33;0;0;0;7;17;A01
200900042402;0;1;0;0;0;0;0;A01
200900042403;0;7;0;15;0;8;17;A01
200900042404;0;20;0;0;0;6;1;A01
200900042404;0;33;0;0;2;0;1;B02
200900042405;0;1;0;0;2;1;1;B02
200900042405;0;7;0;0;2;3;0;A01
200900042406;0;7;0;0;2;3;1;B01
200900042406;0;7;0;0;2;3;13;A01
200900042407;0;30;0;0;2;1;2;A01
200900042407;0;7;0;0;2;4;2;B01
200900042408;0;7;0;13;0;8;1;A01
200900042409;0;7;0;0;1;3;15;A01
200900042410;0;2;0;0;0;7;15;A01
200900042411;0;33;0;0;2;1;1;B01
200900042411;0;10;0;0;2;7;9;A01
200900042412;0;7;0;0;1;1;1;A01
200900042413;0;1;0;0;2;2;19;B01
200900042413;0;7;0;0;2;2;16;A01
200900042414;0;7;0;0;2;1;1;B01
200900042414;0;1;0;0;2;8;1;A01
200900042415;0;10;0;0;1;2;1;A01
200900042416;1;30;0;0;1;1;1;A01
200900042417;0;7;0;0;1;2;1;A01
200900042418;1;7;0;0;9;3;15;A01
200900042418;0;32;0;0;2;1;1;B01
200900042419;0;33;0;0;0;1;1;A01
200900042420;0;2;0;0;2;7;17;A01
200900042420;0;7;0;0;2;8;19;B01
200900042421;0;7;0;0;2;5;15;A01
200900042421;0;7;0;0;2;2;1;B01
200900042422;0;2;0;0;0;0;0;B01
200900042422;0;7;0;0;2;0;0;A01
200900042423;0;7;0;0;2;1;0;A01
200900042423;0;7;0;0;2;3;1;B01
200900042424;0;7;0;1;5;3;21;A01
200900042425;0;7;0;0;1;7;1;A01
200900042426;0;7;0;0;0;3;9;A01
200900042426;0;33;0;0;2;2;2;B01
200900042427;0;7;0;0;0;8;1;A01
200900042427;0;30;0;0;0;7;17;B01
200900042428;0;7;0;0;2;3;1;B01
200900042428;0;2;0;0;2;7;1;A01
200900042429;0;7;0;0;1;1;1;A01
200900042430;0;7;0;0;2;3;15;A01
200900042430;0;31;0;0;2;2;1;B01
200900042431;0;1;0;0;2;1;1;A01
200900042431;0;10;0;0;2;1;9;B01
200900042432;0;7;0;0;1;1;15;A01
200900042433;0;7;0;0;2;3;4;A01
200900042433;1;30;0;0;2;4;16;B01
200900042434;0;7;0;0;2;2;13;A01
200900042434;0;32;0;0;2;2;1;B01
200900042435;0;7;0;0;1;2;1;A01
200900042436;0;7;0;0;0;4;2;B01
200900042436;0;32;0;0;2;1;2;A01
200900042437;0;7;0;0;2;2;16;A01
200900042437;0;30;0;0;2;8;18;B01
200900042438;0;7;0;0;2;6;13;A01
200900042438;0;1;0;0;2;1;1;B01
200900042439;0;2;0;4;0;1;1;A01
200900042440;0;7;0;0;0;2;2;A01
200900042440;0;7;0;0;0;6;2;B01
200900042441;0;7;0;0;2;3;1;B01
200900042441;0;7;0;0;2;1;1;A01
200900042442;0;1;0;14;0;0;1;A01
200900042443;0;31;0;1;0;1;14;A01
200900042444;0;30;0;0;2;4;4;A01
200900042444;1;7;0;0;2;1;1;B01
200900042445;0;7;0;0;1;3;1;A01
200900042446;0;7;0;0;2;1;1;A01
200900042446;0;7;0;0;2;3;1;U01
200900042447;0;13;0;0;2;3;9;A01
200900042447;0;33;0;0;2;7;1;B01
200900042448;0;1;0;0;2;1;1;A01
200900042448;0;7;0;0;2;3;21;B01
200900042449;2;7;0;0;2;3;12;B01
200900042449;0;10;0;0;2;5;1;A01
200900042450;0;7;0;0;1;2;17;A01
200900042451;0;7;0;0;1;2;15;A01
200900042452;0;2;0;0;0;0;1;A01
200900042453;0;7;0;0;2;2;1;A01
200900042453;0;10;0;9;2;3;1;B01
200900042454;0;10;0;0;0;6;19;A01
200900042454;0;34;0;0;2;1;17;B01
200900042455;0;7;0;0;0;4;15;B01
200900042455;1;7;0;0;2;1;1;A01
200900042456;0;7;0;1;0;1;16;A01
200900042457;1;10;0;0;2;2;1;A01
200900042457;0;7;0;1;0;4;20;B01
200900042458;0;7;0;0;2;7;10;A01
200900042458;0;34;0;0;2;1;1;B01
200900042459;0;7;0;0;2;4;2;B01
200900042459;0;15;0;0;2;1;2;A01
200900042460;0;33;0;0;2;1;3;A01
200900042460;0;7;0;0;2;4;1;B01
200900042461;0;30;0;0;2;1;15;A01
200900042461;0;7;0;0;2;6;15;B01
200900042462;1;30;0;0;1;0;1;Z01
200900042463;0;7;0;0;2;1;1;B01
200900042463;0;7;0;14;0;8;0;A01
200900042464;0;7;0;0;0;4;1;D01
200900042464;0;7;0;0;2;1;1;B01
200900042464;0;7;0;0;2;1;1;A01
200900042464;0;7;0;0;2;1;1;C01
200900042465;0;7;0;0;2;3;15;A01
200900042465;0;2;0;0;2;2;1;B01
200900042466;0;7;0;0;2;1;1;B01
200900042466;0;7;0;0;2;1;5;A01
200900042467;0;7;0;0;2;1;1;A01
200900042467;0;7;0;0;0;8;15;B01
200900042468;0;30;0;0;2;1;1;A01
200900042468;0;7;0;0;2;2;15;B01
200900042469;0;7;0;0;2;8;10;A01
200900042469;0;33;0;0;2;1;17;B01
200900042470;0;32;0;0;0;7;0;B01
200900042470;0;7;0;1;2;8;0;A01
200900042471;0;7;0;0;2;3;1;C01
200900042471;0;7;0;0;2;4;2;B01
200900042471;0;33;0;0;2;1;1;A01
200900042472;0;7;0;1;1;1;1;A01
200900042473;0;7;0;0;2;7;17;A01
200900042473;0;31;0;0;2;8;11;B01
200900042474;0;30;0;0;2;1;1;A01
200900042474;0;7;0;0;2;2;1;B01
200900042475;0;7;0;0;0;7;1;A01
200900042475;0;33;0;0;2;7;3;B01
200900042475;0;14;0;0;2;8;1;C01
200900042476;0;7;0;0;2;7;15;A01
200900042476;0;2;0;0;2;1;1;B01
200900042477;0;1;0;0;1;4;21;A01
200900042478;0;2;0;0;0;3;19;A01
200900042478;0;7;0;0;0;8;1;B01
200900042479;0;10;0;0;0;8;2;A01
200900042479;0;2;0;0;2;1;1;B01
200900042480;0;7;0;0;2;7;15;A01
200900042480;0;7;0;0;2;1;21;B01
200900042481;0;33;0;1;0;1;1;A01
200900042481;0;7;0;1;2;6;24;B01
200900042482;0;7;0;0;2;7;2;A01
200900042482;0;33;0;0;0;1;1;B01
200900042483;0;15;0;0;2;3;1;A01
200900042483;0;33;0;0;2;2;23;B01
200900042484;0;37;80;0;2;5;1;B01
200900042484;0;1;0;0;2;1;1;A01
200900042485;0;32;0;0;2;1;1;B01
200900042485;0;7;0;0;2;2;15;A01
200900042486;0;33;0;0;2;2;17;A01
200900042486;0;7;0;0;2;3;1;B01
200900042487;0;33;0;0;0;4;2;B01
200900042487;0;7;0;0;2;1;2;A01
200900042488;0;7;0;0;1;2;1;A01
200900042489;0;7;0;0;2;2;2;A01
200900042489;0;33;0;0;2;3;2;B01
200900042490;0;1;0;0;1;1;1;A01
200900042491;0;7;0;0;2;1;1;B01
200900042491;2;7;0;0;2;1;5;A01
200900042492;0;7;0;0;2;3;9;A01
200900042492;0;32;0;0;2;2;2;B01
200900042493;0;7;0;0;1;2;1;A01
200900042494;0;7;0;1;0;1;0;A01
200900042495;0;7;0;0;2;3;15;B01
200900042495;0;30;0;0;2;1;17;A01
200900042496;0;7;0;0;0;4;2;B01
200900042496;0;7;0;0;0;1;2;A01
200900042497;0;7;0;0;1;6;2;A01
200900042498;0;7;0;0;2;2;1;A01
200900042498;0;7;0;0;2;3;1;B01
200900042499;0;7;0;0;2;8;15;B01
200900042499;0;2;0;0;2;7;17;A01
200900042500;0;7;0;0;2;0;11;A01
200900042500;0;32;0;0;2;0;21;B01
200900042501;0;32;0;0;2;1;2;A01
200900042501;0;7;0;0;2;3;2;B01
200900042502;0;7;0;1;0;7;0;A01
200900042503;0;1;0;0;2;1;19;A01
200900042503;0;7;0;0;9;2;1;B01
200900042504;0;7;0;0;9;3;10;A01
200900042504;0;1;0;0;2;8;1;B01
200900042505;0;31;0;0;2;1;17;A01
200900042505;0;7;0;0;2;3;15;B01
200900042506;0;7;0;0;2;3;13;A01
200900042506;0;33;0;0;2;7;17;B01
200900042507;0;33;0;0;0;1;21;B01
200900042507;0;7;0;0;0;4;9;A01
200900042508;0;7;0;0;1;3;1;A01
200900042509;0;7;0;0;2;2;1;A01
200900042509;0;2;0;0;2;8;15;B01
200900042510;0;33;0;0;2;1;1;A01
200900042511;0;7;0;12;0;1;1;A01
200900042512;0;7;0;0;1;8;2;A01
200900042513;0;7;0;0;1;4;2;A01
200900042513;0;7;0;0;2;1;2;B01
200900042514;0;7;0;1;1;2;1;A01
200900042515;0;2;0;0;2;1;1;A01
200900042515;0;7;0;0;2;3;1;B01
200900042516;0;34;0;0;2;3;18;A01
200900042516;0;7;0;0;2;2;1;B01
200900042517;0;1;0;0;0;0;0;A01
200900042517;1;7;0;0;0;0;0;Z01
200900042518;0;7;0;0;2;4;2;B01
200900042518;0;7;0;0;2;1;2;A01
200900042519;0;30;0;0;1;1;1;A01
200900042520;0;37;1;0;2;2;15;A01
200900042520;0;1;0;0;2;1;1;B01
200900042521;0;7;0;0;2;8;9;A01
200900042521;0;1;0;0;2;2;1;B01
200900042522;0;7;0;0;1;4;4;A01
200900042523;0;7;0;0;2;1;1;A01
200900042523;0;7;0;0;2;4;23;B01
200900042524;0;2;0;0;2;3;5;A01
200900042524;0;7;0;0;2;7;1;B01
200900042525;0;7;0;0;2;3;10;A01
200900042525;0;2;0;0;2;1;1;B01
200900042526;0;7;0;12;0;1;0;A01
200900042527;0;30;0;0;1;8;1;A01
200900042528;0;31;0;0;2;1;2;A01
200900042528;0;7;0;0;2;4;23;B01
200900042529;0;2;0;0;0;7;21;A01
200900042530;0;7;0;0;2;1;1;A01
200900042530;0;7;0;0;0;4;2;B01
200900042531;0;7;0;0;2;3;1;B01
200900042531;0;1;0;0;2;2;1;A01
200900042532;0;33;0;0;2;3;2;A01
200900042532;0;7;0;0;2;6;15;B01
200900042533;0;7;0;0;2;1;15;A01
200900042533;0;34;0;0;2;1;1;B01
200900042534;0;7;0;0;1;3;1;A01
200900042535;0;33;0;0;0;1;1;A01
200900042535;0;7;0;0;0;5;12;B01
200900042536;0;33;0;0;2;1;0;A01
200900042536;0;7;0;0;2;3;0;B01
200900042537;0;7;0;1;0;2;1;A01
200900042538;0;7;0;0;2;4;2;B01
200900042538;0;7;0;0;2;1;2;A01
200900042539;0;7;0;0;2;1;2;A01
200900042539;0;7;0;0;0;4;1;B01
200900042540;0;33;0;0;2;1;1;A01
200900042540;0;7;0;0;2;6;15;B01
200900042541;0;7;0;1;1;3;1;A01
200900042542;0;7;0;0;2;4;23;B01
200900042542;0;7;0;14;0;1;2;A01
200900042543;0;7;0;0;2;3;1;B01
200900042543;0;7;0;0;2;2;1;A01
200900042544;0;7;0;0;1;1;1;A01
200900042545;0;7;0;0;2;3;1;B01
200900042545;0;30;0;0;2;2;17;A01
200900042546;0;7;0;0;1;7;1;B01
200900042547;0;30;0;0;0;7;1;B01
200900042547;0;10;0;0;2;8;9;A01
200900042548;0;31;0;0;2;1;1;A01
200900042548;0;7;0;0;2;3;15;B01
200900042549;0;7;0;0;2;1;15;C01
200900042549;0;7;0;15;2;1;2;A01
200900042549;0;7;0;0;2;3;15;B01
200900042550;0;14;0;0;2;3;1;B01
200900042550;0;33;0;0;2;7;17;A01
200900042551;0;33;0;0;0;7;1;A01
200900042552;0;7;0;0;2;8;1;A01
200900042552;0;7;0;0;2;1;1;B01
200900042553;0;7;0;0;2;1;1;A01
200900042553;0;7;0;0;2;4;11;B01
200900042554;0;7;0;0;1;1;1;A01
200900042555;0;33;0;0;2;1;2;A01
200900042555;0;7;0;0;2;8;19;B01
200900042556;0;7;0;0;1;8;1;A01
200900042557;0;7;0;0;2;2;1;A01
200900042557;0;7;0;0;2;8;1;B01
200900042558;0;7;0;0;2;7;1;A01
200900042558;0;30;0;0;2;1;1;B01
200900042559;2;7;0;0;2;1;0;A01
200900042559;0;7;0;0;2;3;15;B01
200900042560;0;7;0;0;2;3;1;B01
200900042560;0;7;0;0;2;3;16;A01
200900042561;0;7;0;0;2;8;10;A01
200900042561;0;33;0;0;2;2;21;B01
200900042562;0;7;0;0;2;1;23;C01
200900042562;0;7;0;0;0;1;9;A01
200900042562;0;7;0;0;2;3;1;B01
200900042563;0;37;1;0;1;2;2;A01
200900042564;0;14;0;0;2;4;2;A01
200900042564;0;1;0;0;9;1;2;B01
200900042565;0;1;0;0;2;4;1;B01
200900042565;0;7;0;0;9;1;1;A01
200900042566;0;7;0;0;1;2;1;A01
200900042567;0;7;0;0;0;4;2;C01
200900042567;0;7;0;0;2;4;2;B01
200900042567;0;7;0;0;2;1;2;A01
200900042568;0;7;0;0;2;1;1;B01
200900042568;0;7;0;0;0;4;1;C01
200900042568;0;7;0;0;2;1;2;A01
200900042569;0;7;0;0;2;2;12;A01
200900042569;0;32;0;0;2;3;3;B01
200900042569;0;7;0;0;0;6;1;C01
200900042570;0;33;0;0;0;1;2;B01
200900042570;0;7;0;0;0;6;11;A01
200900042571;0;7;0;0;0;1;2;B01
200900042571;0;31;0;0;0;4;23;A01
200900042572;0;7;0;0;2;2;14;B01
200900042572;0;7;0;0;0;6;1;A01
200900042573;0;7;0;0;0;4;1;A01
200900042573;0;10;0;0;2;1;2;B01
200900042574;0;7;0;4;0;3;1;A01
200900042575;0;7;0;0;0;4;0;A01
200900042575;0;7;0;0;2;1;1;B01
200900042576;0;33;0;0;0;4;2;A01
200900042576;0;31;0;14;0;1;2;B01
200900042577;0;32;0;0;0;0;1;A01
200900042578;0;7;0;4;0;2;1;A01
200900042579;0;7;0;0;2;4;2;B01
200900042579;0;10;0;0;2;1;2;A01
200900042580;0;7;0;0;0;6;12;A01
200900042580;0;33;0;0;0;1;3;B01
200900042581;0;7;0;0;2;8;13;A01
200900042581;0;15;0;0;2;2;1;B01
200900042582;0;7;0;0;2;2;12;A01
200900042582;0;33;0;0;2;1;2;B01
200900042583;0;34;0;0;2;1;12;B01
200900042583;0;7;0;0;0;4;1;A01
200900042584;0;33;0;0;0;0;0;A01
200900042585;0;7;0;0;0;1;1;A01
200900042586;0;7;0;4;0;1;1;A01
200900042587;0;7;0;0;0;7;1;B01
200900042587;0;15;0;0;0;3;9;A01
200900042588;0;33;0;0;0;8;3;B01
200900042588;0;7;0;0;0;2;12;A01
200900042589;0;7;0;0;2;5;12;A01
200900042589;0;33;0;0;2;3;1;B01
200900042590;0;7;0;0;0;7;1;A01
200900042591;0;7;0;0;2;1;2;C01
200900042591;0;7;0;0;0;4;2;A01
200900042591;0;7;0;0;2;4;2;B01
200900042592;0;7;0;14;0;1;1;A01
200900042593;0;1;0;0;2;1;1;B01
200900042593;0;7;0;0;2;2;1;A01
200900042594;0;7;0;0;2;7;16;B01
200900042594;0;2;0;0;2;1;1;A01
200900042595;0;7;0;8;2;3;6;A01
200900042595;0;7;0;0;0;8;1;B01
200900042596;0;7;0;0;0;7;0;B01
200900042596;0;33;0;0;2;8;3;A01
200900042597;0;30;0;0;2;1;2;A01
200900042597;0;7;0;0;2;3;15;B01
200900042598;0;7;0;0;0;4;23;B01
200900042598;0;7;0;0;2;1;2;A01
200900042599;0;7;0;0;2;3;20;B01
200900042599;0;2;0;0;2;1;17;A01
200900042600;0;2;0;1;0;1;12;A01
200900042601;0;7;0;0;9;3;1;A01
200900042601;0;1;0;0;2;2;15;B01
200900042602;0;7;0;0;0;4;2;C01