num_acc;senc;catv;occutc;obs;obsm;choc;manv;num_veh
200900042602;0;7;0;0;0;2;2;B01
200900042602;0;7;0;0;0;1;2;A01
200900042603;0;7;0;0;1;3;1;A01
200900042604;0;33;0;0;2;1;1;B01
200900042604;0;7;0;0;2;5;19;A01
200900042605;0;7;0;0;0;6;15;B01
200900042605;0;33;0;0;2;1;17;A01
200900042606;0;7;0;11;0;0;1;A01
200900042607;0;7;0;0;2;2;1;A01
200900042607;0;7;0;0;2;7;1;B01
200900042608;0;10;0;0;2;1;2;C01
200900042608;0;7;0;0;2;1;2;B01
200900042608;0;7;0;0;0;4;23;A01
200900042609;0;33;0;0;2;1;2;C01
200900042609;0;16;0;0;2;2;12;A01
200900042609;0;7;0;3;2;6;1;B01
200900042610;0;7;0;0;1;8;1;A01
200900042611;0;7;0;0;2;3;3;A01
200900042611;0;7;0;0;2;8;2;B01
200900042611;0;7;0;0;0;2;2;C01
200900042612;0;33;0;0;2;2;17;A01
200900042612;1;7;0;0;2;8;13;Z01
200900042613;0;33;0;4;0;9;1;A01
200900042614;0;7;0;4;2;4;12;A01
200900042614;0;33;0;0;2;1;1;B01
200900042615;0;7;0;4;2;9;2;A01
200900042615;0;10;0;0;2;1;2;B01
200900042616;0;7;0;0;2;1;13;Z01
200900042616;0;7;0;0;2;8;1;C01
200900042616;0;7;0;0;2;8;1;B01
200900042617;0;2;0;0;2;8;2;A01
200900042617;0;7;0;0;2;1;9;B01
200900042618;0;30;0;0;2;7;17;A01
200900042618;0;7;0;0;2;3;15;B01
200900042619;0;33;0;0;2;3;1;A01
200900042619;0;13;0;0;0;4;1;B01
200900042620;0;7;0;0;1;1;1;A01
200900042621;0;33;0;0;2;7;12;A01
200900042621;0;10;0;0;2;3;1;B01
200900042622;0;7;0;0;2;3;17;A01
200900042622;0;1;0;0;2;4;13;B01
200900042623;0;7;0;0;0;9;12;A01
200900042624;0;7;0;0;2;8;3;A01
200900042624;0;31;0;0;2;1;3;B01
200900042625;0;7;0;0;0;4;23;B01
200900042625;0;7;0;0;0;1;2;A01
200900042626;0;7;0;0;2;5;15;A01
200900042626;0;33;0;0;2;1;1;B01
200900042627;0;7;0;0;9;6;1;A01
200900042627;0;1;0;0;2;7;19;B01
200900042628;0;30;0;0;2;2;21;A01
200900042628;0;37;1;0;2;6;24;B01
200900042629;0;7;0;0;2;3;11;B01
200900042629;0;15;0;0;2;2;1;A01
200900042630;0;7;0;0;0;1;0;A01
200900042631;0;10;0;0;2;8;1;A01
200900042631;0;7;0;0;2;1;1;B01
200900042632;0;2;0;0;0;3;21;B01
200900042632;0;7;0;0;0;5;1;A01
200900042633;0;2;0;0;0;1;0;B01
200900042633;0;31;0;0;0;7;15;A01
200900042634;0;7;0;0;0;1;0;B01
200900042634;2;7;0;0;0;1;15;A01
200900042635;0;7;0;0;1;2;1;A01
200900042636;0;7;0;0;1;3;1;A01
200900042637;0;7;0;14;9;1;0;A01
200900042638;0;7;0;0;2;3;9;B01
200900042638;0;33;0;1;2;7;3;A01
200900042639;0;31;0;0;0;9;13;B01
200900042639;0;13;0;0;0;2;19;A01
200900042640;0;7;0;0;1;1;1;A01
200900042641;0;33;0;0;2;1;1;B01
200900042641;0;7;0;0;9;2;15;A01
200900042642;0;7;0;0;2;4;2;B01
200900042642;0;7;0;0;2;1;2;A01
200900042643;0;10;0;14;0;4;4;A01
200900042643;0;30;0;0;2;1;23;B01
200900042644;0;7;0;0;2;3;2;B01
200900042644;0;7;0;0;2;1;14;A01
200900042645;0;7;0;6;0;3;1;A01
200900042646;0;7;0;0;2;1;1;B01
200900042646;0;7;0;9;2;7;9;A01
200900042647;0;32;0;0;2;1;1;B01
200900042647;1;7;0;0;2;3;0;A01
200900042648;0;31;0;0;2;2;17;B01
200900042648;0;7;0;0;2;3;17;A01
200900042649;0;7;0;0;9;3;1;B01
200900042649;0;10;0;0;2;2;15;A01
200900042650;0;7;0;0;2;3;15;A01
200900042650;0;33;0;0;2;1;1;B01
200900042651;1;7;0;0;1;1;1;Z01
200900042652;0;30;0;0;2;4;20;B01
200900042652;0;7;0;0;2;1;2;A01
200900042653;0;7;0;9;0;1;2;A01
200900042654;0;7;0;0;0;4;1;B01
200900042654;0;32;0;0;2;7;2;A01
200900042655;0;7;0;0;2;7;1;B01
200900042655;0;33;0;0;2;7;3;A01
200900042656;0;7;0;3;0;2;0;A01
200900042657;0;33;0;0;2;7;15;B01
200900042657;0;33;0;0;2;7;1;A01
200900042658;0;7;0;0;2;3;1;B01
200900042658;0;7;0;0;2;2;15;A01
200900042659;0;3;0;15;0;3;1;A01
200900042660;0;7;0;0;2;3;0;B01
200900042660;0;7;0;0;2;3;13;A01
200900042661;0;30;0;0;2;1;13;A01
200900042661;0;7;0;0;2;2;0;B01
200900042662;0;1;0;0;2;0;0;A01
200900042662;0;7;0;0;2;8;1;B01
200900042663;0;7;0;0;2;7;0;A01
200900042663;0;1;0;0;2;1;1;B01
200900042664;0;7;0;0;1;2;1;A01
200900042665;0;3;0;6;0;1;13;A01
200900042666;0;7;0;0;2;1;1;B01
200900042666;0;7;0;0;2;8;16;A01
200900042667;0;7;0;0;1;1;17;A01
200900042668;0;7;0;0;1;7;1;A01
200900042669;0;33;0;7;0;1;0;A01
200900042670;0;14;0;0;2;3;13;A01
200900042670;0;7;0;0;2;3;0;B01
200900042671;0;7;0;0;0;5;23;B01
200900042671;0;7;0;0;2;3;2;A01
200900042672;0;7;0;0;1;2;16;A01
200900042673;0;10;0;0;2;7;12;A01
200900042673;0;32;0;0;0;3;1;B01
200900042674;0;7;0;0;2;7;12;A01
200900042674;0;15;0;0;2;3;2;B01
200900042675;0;7;0;4;0;2;1;A01
200900042676;0;7;0;4;0;1;15;A01
200900042677;0;7;0;0;0;4;2;B01
200900042677;0;7;0;0;2;1;2;A01
200900042678;0;33;0;7;0;7;1;A01
200900042679;0;33;0;3;0;7;0;A01
200900042680;0;7;0;4;2;2;17;A01
200900042681;0;7;0;2;0;1;0;A01
200900042682;0;7;0;2;0;2;14;A01
200900042683;0;7;0;0;2;3;1;B02
200900042683;0;7;0;0;2;3;17;A01
200900042684;0;7;0;10;0;1;1;A01
200900042685;0;10;0;0;2;3;9;A01
200900042685;0;1;0;0;2;1;15;B02
200900042686;0;1;0;0;2;8;1;A01
200900042686;0;7;0;0;2;7;17;B02
200900042687;0;7;0;16;0;2;1;A01
200900042688;0;7;0;2;0;3;14;A01
200900042689;0;10;0;0;0;2;1;B02
200900042689;0;7;0;0;0;3;9;A01
200900042690;0;33;0;0;6;1;1;A01
200900042691;0;33;0;0;0;7;1;A01
200900042692;0;7;0;0;2;1;13;A01
200900042692;0;7;0;0;2;1;1;B02
200900042693;0;33;0;0;2;0;1;B02
200900042693;0;10;0;0;0;2;15;A01
200900042694;0;7;0;0;2;1;1;B02
200900042694;0;7;0;0;2;1;13;A01
200900042695;0;7;0;0;2;4;16;A01
200900042695;0;7;0;0;2;2;1;B01
200900042696;0;7;0;0;1;1;1;A01
200900042697;0;33;0;0;2;1;1;A01
200900042697;0;7;0;0;2;3;1;B01
200900042698;0;7;0;0;2;8;15;A01
200900042698;0;2;0;0;2;1;17;B01
200900042699;0;7;0;0;2;6;15;A01
200900042699;0;33;0;0;2;1;17;B01
200900042700;0;7;0;0;2;3;9;A01
200900042700;0;7;0;0;2;2;1;B01
200900042701;0;32;0;11;0;7;17;A01
200900042702;0;99;0;3;0;1;1;A01
200900042703;0;7;0;0;2;4;2;C01
200900042703;0;7;0;0;2;4;2;B01
200900042703;0;7;0;0;2;1;2;A01
200900042704;0;7;0;4;0;9;0;A01
200900042705;0;7;0;3;0;3;1;A01
200900042706;0;33;0;13;0;1;1;A01
200900042707;0;7;0;0;1;0;1;C03
200900042707;0;14;0;0;1;1;1;D04
200900042707;0;7;0;0;2;2;17;A01
200900042707;0;14;0;0;2;6;1;B02
200900042708;0;7;0;13;0;1;14;A01
200900042709;0;7;0;2;0;1;0;A01
200900042710;0;37;1;0;1;7;0;A01
200900042711;0;30;0;12;0;0;0;A01
200900042712;0;7;0;0;1;1;1;A01
200900042713;0;33;0;0;2;1;1;A01
200900042713;0;7;0;0;2;7;1;B02
200900042714;0;33;0;16;0;1;1;A01
200900042715;0;7;0;0;0;3;1;A01
200900042716;0;30;0;6;0;1;1;A01
200900042717;0;33;0;6;0;1;1;A01
200900042718;0;2;0;0;0;0;0;A01
200900042719;1;7;0;0;2;3;15;A01
200900042719;0;30;0;0;2;3;15;B01
200900042720;0;7;0;15;0;2;16;A01
200900042721;0;30;0;0;2;1;1;A01
200900042721;0;7;0;0;2;4;1;B01
200900042722;0;7;0;0;2;2;15;A01
200900042722;0;34;0;0;2;1;1;B01
200900042723;0;33;0;0;2;1;1;B01
200900042723;0;7;0;0;2;2;9;A01
200900042724;0;1;0;1;0;1;1;A01
200900042725;0;7;0;0;2;7;1;A01
200900042725;0;7;0;0;2;8;1;B01
200900042726;0;10;0;11;0;0;16;A01
200900042727;0;7;0;7;0;0;1;A01
200900042728;0;31;0;0;2;1;1;B01
200900042728;0;7;0;0;2;2;9;A01
200900042729;0;30;0;0;0;0;0;B01
200900042729;0;7;0;0;0;0;0;A01
200900042730;0;1;0;0;0;3;1;B01
200900042730;0;3;0;0;2;1;15;A01
200900042731;0;7;0;0;0;4;0;B01
200900042731;0;30;0;0;2;4;0;A01
200900042732;0;7;0;0;2;4;4;A01
200900042733;0;7;0;0;2;7;16;A01
200900042733;0;2;0;0;2;1;1;B01
200900042734;0;7;0;0;2;1;1;A01
200900042734;0;30;0;0;2;4;23;B01
200900042735;0;7;0;0;2;3;1;B01
200900042735;0;7;0;0;2;7;1;A01
200900042736;0;7;0;4;0;1;1;A01
200900042737;0;7;0;0;2;8;23;C01
200900042737;0;2;0;0;2;1;1;A01
200900042737;0;30;0;0;2;1;1;B01
200900042738;0;7;0;0;2;2;1;A01
200900042738;0;7;0;0;2;1;1;B01
200900042739;0;7;0;1;2;3;5;A01
200900042740;0;2;0;0;2;1;16;A01
200900042740;0;7;0;0;2;8;23;B01
200900042741;0;30;0;0;2;3;18;A01
200900042741;0;7;0;0;2;2;1;B01
200900042742;0;7;0;0;2;2;13;A01
200900042742;0;33;0;0;2;1;1;B01
200900042743;0;7;0;0;0;0;1;A01
200900042744;0;7;0;0;2;4;1;C01
200900042744;0;7;0;0;2;1;1;A01
200900042744;0;7;0;0;2;4;1;B01
200900042745;0;33;0;0;2;7;1;B01
200900042745;0;7;0;0;2;3;9;A01
200900042746;0;31;0;12;0;8;0;A01
200900042747;0;7;0;15;0;0;0;A01
200900042748;0;7;0;0;2;1;24;B01
200900042748;0;1;0;1;0;1;17;A01
200900042749;0;2;0;0;0;0;0;A01
200900042750;0;7;0;0;2;3;15;A01
200900042750;0;33;0;0;2;9;1;B01
200900042751;0;7;0;0;2;6;1;B01
200900042751;0;33;0;0;2;1;2;A01
200900042752;0;30;0;0;0;0;0;A01
200900042753;0;7;0;0;0;3;2;B01
200900042753;0;7;0;0;0;1;2;A01
200900042754;0;7;0;0;0;0;0;A01
200900042754;0;2;0;0;0;0;0;B01
200900042755;0;7;0;0;2;5;1;A01
200900042755;0;30;0;0;2;1;1;B01
200900042756;0;1;0;0;2;0;1;B01
200900042756;0;7;0;0;2;3;14;A01
200900042757;0;7;0;6;0;2;13;A01
200900042758;0;30;0;0;0;0;0;A01
200900042759;0;30;0;0;0;0;1;A01
200900042760;0;3;0;0;2;1;2;A01
200900042760;0;99;0;0;2;4;2;B01
200900042761;0;7;0;0;2;1;1;A01
200900042761;0;37;40;0;2;2;1;B01
200900042762;0;7;0;6;0;1;1;A01
200900042763;0;7;0;0;2;3;1;B01
200900042763;0;30;0;0;2;1;1;A01
200900042764;0;7;0;0;2;3;0;A01
200900042764;0;2;0;0;2;0;0;B01
200900042765;0;1;0;0;0;0;1;A01
200900042766;0;7;0;0;2;4;2;C01
200900042766;0;7;0;0;2;1;2;A01
200900042766;0;33;0;0;2;4;2;B01
200900042767;0;30;0;1;0;1;1;A01
200900042767;0;7;0;0;2;4;24;B01
200900042768;0;31;0;0;0;0;0;A01
200900042769;0;30;0;0;2;1;0;A01
200900042769;0;10;0;0;2;1;1;B01
200900042770;0;99;0;0;2;2;15;A01
200900042770;0;2;0;0;2;1;0;B01
200900042771;0;7;0;8;0;1;1;A01
200900042772;0;7;0;0;2;1;2;A01
200900042772;0;7;0;0;0;4;2;B01
200900042773;0;7;0;0;2;3;15;B01
200900042773;0;31;0;0;2;7;17;A01
200900042774;0;7;0;0;1;0;0;A01
200900042775;0;30;0;0;0;0;2;A01
200900042776;0;7;0;0;2;0;0;A01
200900042776;0;1;0;0;0;0;0;B01
200900042777;0;32;0;0;2;4;1;B01
200900042777;0;2;0;0;2;1;1;A01
200900042778;0;1;0;0;0;2;1;A01
200900042779;0;7;0;0;2;1;2;A01
200900042779;0;7;0;0;2;4;2;B01
200900042780;0;7;0;0;2;3;9;A01
200900042780;0;30;0;0;2;1;1;B01
200900042781;0;1;0;12;0;1;15;A01
200900042782;0;7;0;0;1;1;1;A01
200900042783;0;33;0;0;0;1;1;A01
200900042784;0;7;0;0;2;3;13;B02
200900042784;0;7;0;0;2;3;1;A01
200900042785;0;7;0;0;2;1;1;A01
200900042785;0;2;0;8;2;8;1;B02
200900042786;0;7;0;0;2;3;13;A01
200900042786;0;7;0;0;2;3;21;B02
200900042787;0;2;0;0;2;1;1;B02
200900042787;0;7;0;0;2;7;19;A01
200900042788;0;2;0;0;0;7;1;A01
200900042789;0;33;0;0;6;1;1;A01
200900042790;0;33;0;0;2;1;1;A01
200900042790;0;7;0;0;2;3;15;B02
200900042791;0;7;0;13;0;1;1;A01
200900042792;0;7;0;0;2;2;1;A01
200900042792;0;7;0;0;2;8;15;B02
200900042793;0;7;0;0;2;7;1;A01
200900042793;0;2;0;0;2;1;19;B02
200900042794;0;1;0;0;2;3;15;B02
200900042794;0;7;0;0;2;7;17;A01
200900042795;0;7;0;0;1;2;9;A01
200900042796;0;7;0;1;2;1;1;A01
200900042796;0;7;0;0;2;8;1;B01
200900042797;0;10;0;0;1;4;4;A01
200900042798;1;7;0;0;2;4;1;A01
200900042798;0;7;0;0;2;0;23;B01
200900042799;0;7;0;0;1;1;1;A01
200900042800;0;7;0;0;2;4;1;B01
200900042800;0;10;0;0;2;1;1;A01
200900042801;0;7;0;0;1;2;17;A01
200900042802;0;2;0;1;0;1;14;A01
200900042803;0;7;0;13;0;1;1;A01
200900042804;0;33;0;0;2;1;1;B01
200900042804;0;7;0;0;2;3;15;A01
200900042805;0;7;0;0;1;1;1;A01
200900042806;1;99;0;1;0;7;15;A01
200900042807;0;7;0;0;1;5;4;A01
200900042808;0;7;0;0;2;4;1;B01
200900042808;0;7;0;0;2;1;2;A01
200900042809;0;7;0;0;1;5;4;A01
200900042810;0;7;0;0;2;1;2;A01
200900042810;0;7;0;0;2;4;2;B01
200900042811;0;33;0;12;0;1;1;A01
200900042812;0;33;0;0;2;1;1;B01
200900042812;0;7;0;0;2;6;23;C01
200900042812;0;7;0;0;2;1;15;A01
200900042813;0;7;0;0;1;7;1;A01
200900042814;0;7;0;0;1;3;1;A01
200900042815;0;7;0;0;2;1;2;A01
200900042815;0;7;0;0;2;4;2;B01
200900042816;0;7;0;0;2;7;15;A01
200900042816;0;33;0;0;2;1;1;B01
200900042817;0;33;0;0;1;0;0;A01
200900042818;0;7;0;0;2;1;5;A01
200900042818;0;7;0;0;2;1;1;B01
200900042819;0;7;0;0;2;1;15;A01
200900042819;0;7;0;0;2;8;2;B01
200900042820;0;7;0;13;0;0;1;A01
200900042821;0;1;0;0;2;1;1;A01
200900042821;0;10;0;0;0;4;1;B01
200900042822;0;7;0;0;2;7;1;A01
200900042822;0;38;25;0;2;1;1;B01
200900042823;0;2;0;1;0;1;1;A01
200900042824;0;7;0;0;2;8;10;A01
200900042824;0;30;0;0;2;1;1;B01
200900042825;0;33;0;0;2;1;1;B01
200900042825;0;7;0;0;2;5;15;A01
200900042826;0;34;0;0;2;1;1;B01
200900042826;0;7;0;0;2;1;15;A01
200900042827;0;7;0;0;2;4;23;B01
200900042827;0;7;0;0;2;1;15;A01
200900042828;0;7;0;0;2;4;1;B01
200900042828;0;7;0;0;2;1;1;A01
200900042829;0;7;0;0;1;6;4;A01
200900042830;0;37;46;0;1;5;1;A01
200900042831;0;7;0;0;2;3;5;A01
200900042831;0;38;1;0;2;3;1;B01
200900042832;0;10;0;0;1;0;1;A01
200900042833;0;7;0;0;2;1;2;A01
200900042833;0;7;0;0;2;4;23;B01
200900042834;0;7;0;0;1;1;1;A01
200900042835;0;7;0;0;2;1;21;B01
200900042835;0;7;0;0;2;6;1;C01
200900042835;0;7;0;0;2;1;1;D01
200900042835;0;7;0;0;0;0;17;A01
200900042836;0;10;0;0;2;1;1;B01
200900042836;0;7;0;0;2;7;1;A01
200900042837;0;33;0;0;2;1;1;A01
200900042837;0;7;0;0;2;4;23;B01
200900042838;0;7;0;0;2;2;15;A01
200900042838;0;1;0;0;2;1;1;B01
200900042839;0;7;0;0;0;0;0;A01
200900042839;0;7;0;0;2;1;1;B01
200900042840;0;7;0;0;1;2;1;A01
200900042841;0;7;0;0;2;2;15;A01
200900042841;0;30;0;0;2;1;1;B01
200900042842;0;33;0;3;0;3;1;A01
200900042843;0;2;0;0;2;8;3;A01
200900042843;0;7;0;0;2;2;17;B01
200900042844;0;7;0;0;1;2;1;A01
200900042845;1;7;0;0;1;5;1;A01
200900042846;0;7;0;0;0;7;1;B01
200900042846;0;33;0;0;2;1;1;A01
200900042847;1;31;0;0;1;1;0;A01
200900042848;0;7;0;14;0;9;13;A01
200900042849;0;33;0;0;2;1;1;A01
200900042849;0;7;0;0;2;3;15;B01
200900042850;0;7;0;0;2;4;23;B01
200900042850;0;10;0;0;2;1;1;A01
200900042851;0;7;0;0;2;0;1;C01
200900042851;0;7;0;0;2;0;15;A01
200900042851;0;10;0;0;2;1;1;B01
200900042851;0;7;0;0;2;8;1;D01
200900042852;0;10;0;0;2;3;15;B01
200900042852;0;10;0;0;2;2;1;A01
200900042853;0;7;0;0;2;8;9;A01
200900042853;0;7;0;0;2;7;17;C01
200900042853;0;17;0;0;2;0;21;D01
200900042853;0;15;0;0;0;0;1;B01
200900042854;0;31;0;0;2;3;3;A01
200900042854;0;7;0;0;2;2;12;B01
200900042855;0;10;0;0;2;4;1;B01
200900042855;0;32;0;0;2;1;2;A01
200900042856;0;7;0;3;0;3;17;A01
200900042857;0;34;0;0;2;1;3;A01
200900042857;0;7;0;0;2;3;12;B01
200900042858;0;7;0;4;0;1;1;A01
200900042859;0;7;0;4;0;3;1;A01
200900042860;0;7;0;13;0;9;21;A01
200900042861;0;15;0;0;2;8;17;B01
200900042861;0;7;0;0;2;1;21;A01
200900042862;0;7;0;13;0;2;0;A01
200900042863;0;7;0;0;2;7;1;D01
200900042863;0;7;0;4;2;8;18;A01
200900042863;0;7;0;0;2;3;1;C01
200900042863;0;10;0;0;2;8;1;B01
200900042864;0;7;0;13;0;1;14;A01
200900042865;0;33;0;0;2;1;1;A01
200900042865;0;7;0;0;2;4;1;B01
200900042866;0;7;0;4;2;3;19;A01
200900042866;0;7;0;0;2;1;21;B01
200900042867;0;7;0;4;0;2;1;A01
200900042868;0;7;0;0;6;9;2;A01
200900042869;0;7;0;4;0;3;12;A01
200900042870;0;7;0;4;0;1;1;A01
200900042871;0;7;0;4;0;3;1;A01
200900042872;0;7;0;3;2;0;0;A01
200900042872;0;7;0;0;2;2;1;B01
200900042873;0;31;0;14;0;3;1;A01
200900042874;0;7;0;0;2;4;12;B01
200900042874;0;33;0;0;2;1;1;A01
200900042875;0;33;0;3;0;3;1;A01
200900042876;0;14;0;0;2;4;1;B01
200900042876;0;7;0;0;2;1;14;A01
200900042877;0;7;0;13;0;0;21;C03
200900042877;0;14;0;0;2;1;1;B02
200900042877;0;7;0;0;2;3;19;A01
200900042878;0;7;0;0;2;3;1;A01
200900042878;0;7;0;0;2;2;1;B02
200900042879;0;33;0;0;2;1;1;A01
200900042879;0;7;0;0;2;3;1;B01
200900042880;0;33;0;0;0;1;1;A01
200900042880;0;7;0;0;0;1;1;B02
200900042881;0;33;0;4;0;7;1;A01
200900042882;0;7;0;0;1;1;1;A01
200900042883;0;7;0;2;0;3;21;A01
200900042884;0;7;0;0;2;2;1;A01
200900042884;0;7;0;0;2;3;23;B02
200900042885;0;7;0;0;2;1;1;A01
200900042885;0;7;0;0;2;8;15;B02
200900042886;0;7;0;0;2;3;1;B02
200900042886;0;10;0;0;2;3;17;A01
200900042887;0;33;0;0;2;7;1;A01
200900042887;0;33;0;0;2;8;1;B02
200900042888;0;7;0;0;2;3;2;C03
200900042888;0;7;0;0;2;3;1;B02
200900042888;0;14;0;0;2;3;13;A01
200900042889;0;7;0;0;2;1;1;B01
200900042889;0;10;0;0;0;4;1;A01
200900042890;0;7;0;0;2;7;1;A01
200900042890;1;7;0;0;2;0;15;B01
200900042891;0;10;0;0;1;1;1;A01
200900042892;0;34;0;0;2;1;13;B01
200900042892;0;7;0;0;2;3;13;A01
200900042893;2;7;0;0;2;2;17;A01
200900042893;0;7;0;0;2;8;15;B01
200900042894;0;7;0;0;2;2;15;A01
200900042894;0;7;0;14;2;3;1;B01
200900042895;0;7;0;0;2;9;2;B01
200900042895;0;7;0;0;2;4;2;D01
200900042895;0;7;0;0;2;9;2;C01
200900042895;0;7;0;0;2;1;1;A01
200900042896;0;15;0;0;2;1;1;A01
200900042896;0;14;0;0;2;4;21;B01
200900042897;0;1;0;8;0;1;21;A01
200900042898;0;30;0;4;0;3;16;A01
200900042899;0;31;0;0;0;0;20;A01
200900042900;1;7;0;0;2;3;13;A01
200900042900;0;31;0;0;2;8;15;B01
200900042901;0;31;0;6;0;1;1;A01
200900042902;0;7;0;0;2;3;1;B01
200900042902;0;7;0;0;2;2;1;A01
200900042903;0;33;0;1;2;1;14;A01
200900042903;0;7;0;0;2;3;12;B01
200900042904;0;31;0;0;2;2;1;A01
200900042904;0;7;0;0;0;6;15;B01
200900042905;0;7;0;0;0;2;12;A01
200900042906;0;7;0;0;2;2;17;A01
200900042906;0;7;0;0;0;6;2;B02
200900042907;0;7;0;0;2;1;1;A01
200900042907;0;7;0;0;2;1;1;B02
200900042908;0;7;0;0;1;2;1;A01
200900042909;0;32;0;12;0;8;1;B01
200900042909;0;10;0;0;2;1;19;A01
200900042910;0;7;0;15;0;1;14;A01
200900042911;0;7;0;0;1;1;1;A01
200900042912;0;7;0;0;2;1;1;C03
200900042912;0;7;0;0;2;3;13;A01
200900042912;0;21;0;0;2;8;1;B02
200900042913;0;33;0;2;0;7;1;A01
200900042914;0;7;0;0;2;1;19;A01
200900042914;0;7;0;0;2;7;1;B02
200900042915;0;7;0;0;2;4;2;B01
200900042915;0;7;0;0;2;4;2;D01
200900042915;0;7;0;0;2;4;2;C01
200900042915;0;7;0;0;2;1;2;A01
200900042916;0;37;1;0;1;1;1;A01
200900042917;0;7;0;15;0;1;1;A01
200900042918;0;7;0;0;2;1;1;B01
200900042918;0;7;0;0;2;4;4;A01
200900042919;0;7;0;0;1;2;16;A01
200900042920;0;33;0;0;0;1;1;A01
200900042921;0;34;0;0;2;1;0;A01
200900042921;0;7;0;0;2;4;0;B01
200900042922;0;7;0;0;2;2;15;A01
200900042922;0;33;0;0;2;1;1;B01
200900042923;0;30;0;0;2;1;2;B01
200900042923;0;7;0;0;2;3;15;A01
200900042924;0;10;0;0;2;5;2;B01
200900042924;0;33;0;0;2;1;1;A01
200900042925;0;7;0;0;1;1;15;A01
200900042926;0;33;0;0;0;1;2;B01
200900042926;0;10;0;0;2;5;12;A01
200900042927;0;7;0;0;1;1;1;A01
200900042928;0;7;0;0;1;1;1;A01
200900042929;0;34;0;14;0;7;21;A01
200900042930;0;7;0;5;0;7;14;A01
200900042931;0;33;0;0;2;1;0;A01
200900042931;0;2;0;0;2;1;1;B01
200900042932;0;7;0;0;2;1;2;A01
200900042932;0;7;0;0;2;4;23;B01
200900042933;0;1;0;16;0;1;0;A01
200900042934;0;7;0;0;2;4;1;B01
200900042934;0;7;0;0;2;1;2;A01
200900042935;0;7;0;0;2;1;0;A01
200900042935;0;7;0;0;2;4;0;B01
200900042936;0;30;0;1;2;1;1;B01
200900042936;0;7;0;0;2;8;22;A01
200900042937;0;7;0;0;2;1;1;A01
200900042937;0;1;0;0;2;8;15;B01
200900042938;0;7;0;0;1;1;1;A01
200900042939;0;2;0;0;2;1;1;A01
200900042939;0;7;0;0;2;3;15;B01
200900042940;0;7;0;0;2;4;23;C01
200900042940;0;7;0;0;2;1;2;A01
200900042940;0;7;0;0;2;1;23;B01
200900042941;0;7;0;0;1;1;1;A01
200900042942;0;34;0;1;2;1;3;A01
200900042942;0;7;0;0;2;7;1;B01
200900042943;1;7;0;0;1;0;0;Z01
200900042944;0;32;0;0;0;8;1;B01
200900042944;0;7;0;0;0;7;3;A01
200900042945;0;7;0;0;2;1;1;A01
200900042945;0;7;0;0;2;4;1;B01
200900042946;0;7;0;0;1;2;1;A01
200900042946;0;7;0;0;2;7;1;B01
200900042947;0;7;0;0;1;1;1;A01
200900042948;0;31;0;1;0;1;0;A01
200900042949;0;7;0;0;0;1;1;A01
200900042949;0;7;0;0;0;2;15;B01
200900042950;0;7;0;0;2;2;1;A01
200900042950;0;7;0;0;2;3;1;B01
200900042951;0;33;0;0;0;1;0;A01
200900042952;0;2;0;0;2;2;17;A01
200900042952;0;7;0;0;2;8;15;B01
200900042953;0;13;0;0;2;3;1;A01
200900042953;0;2;0;0;2;1;2;B01
200900042954;0;32;0;0;2;1;1;B01
200900042954;0;7;0;0;0;8;20;A01
200900042955;0;7;0;0;0;1;0;A01
200900042955;0;7;0;0;0;4;23;B01
200900042956;0;33;0;15;2;1;12;A01
200900042956;0;10;0;0;0;5;0;B01
200900042957;0;7;0;0;2;7;1;A01
200900042957;0;7;0;0;2;1;1;B01
200900042958;0;7;0;0;1;1;1;A01
200900042959;0;7;0;0;1;3;15;A01
200900042960;0;7;0;0;1;2;1;A01
200900042961;0;7;0;0;1;2;1;A01
200900042962;0;33;0;0;1;1;1;A01
200900042963;0;2;0;0;2;1;1;A01
200900042963;0;7;0;0;2;4;1;B01
200900042964;0;7;0;0;2;1;1;B01
200900042964;0;7;0;0;2;2;15;A01
200900042965;0;7;0;0;2;4;1;C01
200900042965;0;7;0;0;2;1;1;A01
200900042965;0;10;0;0;2;4;1;B01
200900042966;0;10;0;0;2;1;2;A01
200900042966;0;7;0;0;2;4;2;B01
200900042967;0;7;0;1;2;5;19;A01
200900042967;0;33;0;0;2;1;1;B01
200900042968;0;30;0;0;2;1;1;A01
200900042968;0;7;0;0;2;1;1;B01
200900042969;0;2;0;0;2;1;5;A01
200900042969;0;7;0;0;2;2;2;B01
200900042970;0;7;0;0;1;1;9;A01
200900042971;0;7;0;0;0;4;1;B01
200900042971;0;30;0;0;2;1;2;A01
200900042972;0;1;0;0;1;1;2;A01
200900042973;0;7;0;0;2;4;2;B01
200900042973;0;7;0;0;0;1;0;A01
200900042974;0;7;0;3;0;1;2;A01
200900042975;0;33;0;0;2;1;17;A01
200900042975;0;7;0;0;2;3;15;B01
200900042976;0;7;0;12;2;1;5;A01
200900042976;0;10;0;0;2;1;1;B01
200900042977;0;34;0;0;2;1;3;A01
200900042977;0;7;0;0;2;3;0;B01
200900042977;0;7;0;0;2;1;1;C01
200900042978;0;7;0;0;1;1;0;A01
200900042979;0;7;0;0;2;4;4;A01
200900042979;0;33;0;0;2;1;1;B01
200900042980;0;33;0;0;2;1;1;B01