num_acc;senc;catv;occutc;obs;obsm;choc;manv;num_veh
200900042980;0;7;0;0;2;7;15;A01
200900042981;0;7;0;0;0;1;2;A01
200900042981;0;2;0;0;0;4;23;B01
200900042982;0;7;0;0;2;2;23;A01
200900042982;0;33;0;0;2;8;9;B01
200900042983;0;7;0;0;2;2;15;A01
200900042983;0;34;0;0;2;1;1;B01
200900042984;0;7;0;0;1;2;1;A01
200900042985;0;7;0;0;0;2;1;B01
200900042985;0;33;0;0;2;2;1;A01
200900042986;0;7;0;0;2;1;1;A01
200900042986;0;7;0;0;2;4;1;B01
200900042986;0;7;0;0;2;4;1;C01
200900042987;2;7;0;0;2;2;10;A01
200900042987;0;7;0;0;0;3;1;B01
200900042988;0;7;0;0;1;1;1;A01
200900042989;0;7;0;0;0;6;2;B01
200900042989;0;2;0;0;0;1;2;A01
200900042990;0;7;0;0;2;2;1;A01
200900042990;0;7;0;0;2;1;1;B01
200900042991;0;7;0;0;2;7;1;A01
200900042991;0;34;0;0;2;1;1;B01
200900042992;0;1;0;0;2;7;19;A01
200900042992;0;7;0;0;2;1;1;B01
200900042993;0;7;0;0;2;3;13;B01
200900042993;0;7;0;0;2;2;1;C01
200900042993;0;33;0;0;2;9;17;A01
200900042994;0;34;0;14;0;0;0;A01
200900042995;0;2;0;0;2;7;17;A01
200900042995;0;7;0;0;2;3;15;B01
200900042996;0;7;0;0;2;2;19;A01
200900042996;0;7;0;0;2;3;1;B01
200900042997;0;34;0;0;1;2;2;A01
200900042998;0;7;0;0;1;2;1;A01
200900042999;0;7;0;0;2;3;1;B01
200900042999;0;7;0;0;2;1;16;A01
200900043000;0;1;0;0;2;3;15;A01
200900043000;0;7;0;0;9;7;17;B01
200900043001;0;7;0;0;1;2;15;A01
200900043002;0;7;0;1;1;3;1;A01
200900043003;0;7;0;0;0;6;1;B01
200900043003;0;30;0;0;2;2;3;A01
200900043004;0;7;0;0;1;4;20;A01
200900043005;0;30;0;0;0;2;2;A01
200900043005;0;7;0;0;0;3;9;B01
200900043006;1;7;0;0;2;1;1;A01
200900043006;0;32;0;0;2;8;15;B01
200900043007;0;7;0;0;1;1;1;A01
200900043008;0;1;0;14;0;2;15;A01
200900043008;0;7;0;0;0;5;19;B01
200900043009;0;7;0;0;1;2;1;A01
200900043010;0;7;0;0;1;0;20;A01
200900043011;0;7;0;0;2;3;9;A01
200900043011;0;7;0;0;2;1;1;B01
200900043012;0;7;0;0;2;1;1;B01
200900043012;0;7;0;0;2;7;15;A01
200900043013;0;7;0;0;9;3;15;A01
200900043013;0;1;0;0;2;2;1;B01
200900043014;0;7;0;0;1;2;0;A01
200900043015;0;7;0;0;0;5;12;A01
200900043015;0;31;0;0;0;3;1;B01
200900043016;0;7;0;0;2;8;13;B01
200900043016;0;7;0;15;2;8;1;C01
200900043016;1;7;0;0;2;1;10;A01
200900043017;0;30;0;0;2;7;17;A01
200900043017;0;7;0;0;2;3;2;B01
200900043018;0;7;0;0;2;5;1;A01
200900043018;0;30;0;0;2;1;1;B01
200900043019;0;7;0;0;2;4;1;B01
200900043019;0;2;0;0;2;1;1;A01
200900043020;0;31;0;12;0;1;1;A01
200900043021;0;7;0;0;1;1;9;A01
200900043022;0;30;0;0;2;0;0;A01
200900043022;0;7;0;0;2;0;0;B01
200900043023;0;7;0;0;2;1;15;A01
200900043023;0;33;0;0;2;1;2;B01
200900043024;0;7;0;0;2;1;1;A01
200900043024;0;7;0;0;0;7;1;B01
200900043025;0;33;0;0;0;4;2;A01
200900043025;0;7;0;0;2;1;13;B01
200900043026;0;7;0;4;0;1;1;A01
200900043027;0;7;0;6;0;3;1;A01
200900043028;0;7;0;0;2;2;12;A01
200900043028;0;7;0;0;2;4;2;C01
200900043028;0;33;0;0;2;8;2;B01
200900043029;0;7;0;0;1;3;1;B01
200900043029;0;33;0;0;0;7;3;A01
200900043030;0;7;0;4;0;1;1;A01
200900043031;0;34;0;0;0;2;1;A01
200900043032;0;10;0;0;2;4;2;A01
200900043032;0;7;0;0;2;1;2;B01
200900043033;0;7;0;0;2;3;11;A01
200900043033;0;7;0;0;0;2;1;B01
200900043034;0;10;0;0;2;1;2;B01
200900043034;0;7;0;0;0;4;1;A01
200900043035;0;37;67;0;2;3;1;B01
200900043035;0;7;0;0;2;3;1;A01
200900043036;0;7;0;11;0;2;1;A01
200900043037;0;1;0;0;2;1;1;B01
200900043037;0;7;0;0;2;7;15;A01
200900043038;0;7;0;0;1;1;15;A01
200900043039;0;33;0;4;2;7;2;A01
200900043039;0;7;0;4;9;5;2;B01
200900043040;0;7;0;0;0;2;19;B01
200900043040;0;33;0;0;2;9;17;A01
200900043041;0;37;1;0;1;7;9;A01
200900043042;0;30;0;0;2;8;1;A01
200900043042;1;7;0;0;0;0;9;Z01
200900043043;0;33;0;0;0;0;0;B01
200900043043;0;7;0;0;2;1;0;A01
200900043044;0;30;0;15;0;2;1;A01
200900043045;0;30;0;0;2;2;0;A01
200900043045;0;33;0;0;0;0;0;B01
200900043046;0;33;0;15;0;1;0;A01
200900043047;0;7;0;0;2;8;22;A01
200900043047;0;1;0;1;0;1;1;B01
200900043048;0;7;0;0;2;4;14;A01
200900043048;0;1;0;0;2;1;1;B01
200900043049;0;7;0;0;2;7;1;A01
200900043049;0;37;50;0;2;1;1;B01
200900043050;0;7;0;8;0;1;1;A01
200900043051;0;7;0;0;2;1;1;B01
200900043051;0;30;0;0;2;2;1;A01
200900043052;0;7;0;0;9;2;1;A01
200900043053;0;7;0;1;0;2;18;A01
200900043054;0;7;0;0;2;3;22;A01
200900043054;0;1;0;1;0;1;1;B01
200900043055;0;7;0;0;2;9;1;A01
200900043055;0;7;0;0;2;3;1;B01
200900043055;0;7;0;0;2;9;1;D02
200900043055;0;7;0;0;2;9;1;C01
200900043056;0;7;0;0;2;2;2;B01
200900043056;0;7;0;0;2;7;17;A01
200900043057;0;7;0;0;2;4;1;B01
200900043057;0;7;0;0;2;3;1;A01
200900043057;0;7;0;0;0;4;2;C01
200900043058;0;30;0;0;2;0;21;B01
200900043058;0;7;0;0;0;0;12;A01
200900043059;0;37;1;0;0;2;1;A01
200900043059;0;7;0;0;0;8;1;B01
200900043060;0;1;0;0;2;1;2;B01
200900043060;0;7;0;0;1;4;4;A01
200900043061;0;7;0;0;2;4;2;B01
200900043061;0;7;0;0;2;1;2;A01
200900043062;0;1;0;0;0;1;16;A01
200900043063;0;1;0;0;0;1;5;A01
200900043063;0;7;0;1;0;1;2;B01
200900043064;0;7;0;0;1;2;17;A01
200900043065;0;7;0;0;2;2;1;A01
200900043065;0;7;0;0;2;6;2;B01
200900043066;0;7;0;0;0;5;2;B01
200900043066;0;32;0;0;2;1;2;A01
200900043067;0;7;0;0;1;3;1;A01
200900043068;0;7;0;0;2;3;22;A01
200900043068;0;1;0;0;2;1;1;B01
200900043069;0;2;0;2;0;2;1;B01
200900043069;0;7;0;2;0;3;1;A01
200900043070;0;7;0;12;0;3;1;A01
200900043071;0;7;0;0;2;6;1;A01
200900043071;0;7;0;0;2;7;1;B01
200900043071;0;33;0;0;2;7;21;C01
200900043072;0;7;0;0;2;4;2;C01
200900043072;0;7;0;0;2;1;2;A01
200900043072;0;7;0;0;2;1;2;B01
200900043073;0;7;0;0;2;1;2;A01
200900043073;0;10;0;0;0;4;2;B01
200900043074;0;7;0;0;2;2;1;B01
200900043074;0;7;0;0;2;6;17;A01
200900043075;0;7;0;0;1;0;1;A01
200900043076;0;7;0;0;0;4;2;B01
200900043076;0;7;0;0;2;1;2;A01
200900043076;0;7;0;0;2;4;2;C01
200900043076;0;7;0;0;0;4;2;D01
200900043077;0;7;0;0;2;2;2;A01
200900043077;0;7;0;0;2;3;1;B01
200900043078;0;7;0;1;0;1;0;A01
200900043078;0;7;0;1;2;4;1;B01
200900043079;0;7;0;0;2;2;1;B01
200900043079;0;31;0;0;2;7;1;A01
200900043080;0;33;0;0;0;1;1;A01
200900043080;0;7;0;0;0;4;13;B01
200900043081;0;7;0;0;2;6;23;C01
200900043081;0;33;0;0;2;0;17;A01
200900043081;0;7;0;0;2;8;15;B01
200900043082;0;7;0;15;2;2;1;A01
200900043082;0;7;0;0;2;3;1;B01
200900043083;0;14;0;0;2;1;2;C01
200900043083;0;14;0;0;2;4;2;A01
200900043083;0;7;0;0;2;4;2;B01
200900043084;2;7;0;0;2;1;1;Z01
200900043084;0;7;0;0;2;1;15;B01
200900043085;0;7;0;0;1;1;16;A01
200900043086;0;99;0;0;0;4;2;A01
200900043086;0;7;0;0;0;1;2;B01
200900043087;0;7;0;0;9;7;23;B01
200900043087;0;1;0;14;0;1;1;A01
200900043088;0;7;0;0;0;0;12;A01
200900043088;0;32;0;14;2;8;21;B01
200900043089;0;31;0;0;2;4;2;B01
200900043089;0;33;0;0;2;1;2;C01
200900043089;0;7;0;0;2;4;1;A01
200900043090;0;7;0;0;1;2;2;A01
200900043091;0;10;0;0;1;1;1;A01
200900043092;0;32;0;0;2;1;1;A01
200900043092;0;7;0;0;2;8;1;B01
200900043093;0;33;0;0;2;1;1;A01
200900043093;0;10;0;0;2;4;1;B01
200900043094;0;7;0;6;0;9;0;A01
200900043095;0;32;0;0;0;7;1;A01
200900043096;0;7;0;0;0;1;2;C01
200900043096;0;7;0;0;0;1;2;D01
200900043096;0;7;0;0;0;4;2;A01
200900043096;0;32;0;0;0;1;2;B01
200900043097;0;7;0;0;1;1;1;A01
200900043098;0;7;0;0;2;4;1;A01
200900043098;0;7;0;0;2;4;1;B01
200900043099;0;7;0;0;2;4;1;C01
200900043099;0;33;0;0;2;7;1;D01
200900043099;0;7;0;0;2;1;1;A01
200900043099;0;2;0;0;2;4;1;B01
200900043100;0;7;0;0;2;1;1;A01
200900043100;0;7;0;0;2;1;2;B01
200900043100;0;7;0;0;1;1;2;C01
200900043101;0;7;0;0;2;4;2;A01
200900043101;0;15;0;0;2;1;2;B01
200900043102;0;7;0;6;0;3;1;A01
200900043103;0;7;0;1;2;9;1;B01
200900043103;0;7;0;0;2;1;2;A01
200900043104;0;7;0;0;2;2;12;A01
200900043104;0;32;0;0;2;8;3;B01
200900043105;0;2;0;0;2;1;21;B01
200900043105;0;7;0;0;2;6;1;A01
200900043106;0;7;0;0;2;8;11;A01
200900043106;0;33;0;0;2;7;17;B01
200900043107;0;7;0;0;2;7;12;A01
200900043107;0;34;0;0;0;8;1;B01
200900043108;0;7;0;4;0;3;1;A01
200900043109;0;7;0;0;0;6;15;B01
200900043109;0;30;0;0;2;3;1;A01
200900043110;0;7;0;0;2;1;1;A01
200900043110;0;7;0;15;2;8;1;B01
200900043111;0;7;0;0;0;4;0;A01
200900043111;0;31;0;0;2;2;11;B01
200900043112;0;1;0;0;0;4;15;B01
200900043112;0;33;0;0;2;1;13;A01
200900043113;0;7;0;0;2;6;11;A01
200900043113;0;34;0;0;2;1;3;B01
200900043114;0;2;0;0;2;1;17;A01
200900043114;0;7;0;0;2;8;15;B01
200900043115;0;7;0;0;1;3;20;A01
200900043116;1;99;0;0;0;0;0;A01
200900043117;0;7;0;4;2;7;14;B01
200900043117;0;7;0;4;2;8;2;A01
200900043118;0;7;0;1;0;2;14;A01
200900043119;0;32;0;0;0;1;2;A01
200900043119;0;13;0;0;0;6;24;B01
200900043120;0;7;0;0;2;1;2;A01
200900043120;0;7;0;0;0;4;2;B01
200900043121;0;7;0;4;2;8;2;A01
200900043121;0;7;0;0;2;7;14;B01
200900043122;0;31;0;0;2;1;2;A01
200900043122;0;7;0;0;2;6;2;B01
200900043123;0;7;0;0;2;4;1;B01
200900043123;0;7;0;0;2;1;2;A01
200900043124;0;7;0;0;1;1;15;A01
200900043125;0;33;0;0;2;8;1;B01
200900043125;0;7;0;0;2;3;10;A01
200900043126;0;7;0;0;1;1;1;A01
200900043127;0;7;0;0;2;1;2;A01
200900043127;0;7;0;0;0;4;23;B01
200900043128;0;7;0;0;2;1;5;A01
200900043128;0;32;0;0;2;1;1;B01
200900043129;0;7;0;0;0;6;1;C01
200900043129;0;7;0;0;2;9;1;A01
200900043129;0;7;0;0;0;6;1;B01
200900043130;0;7;0;0;0;4;1;B01
200900043130;0;7;0;0;2;1;2;A01
200900043131;0;36;0;15;0;1;1;A01
200900043132;0;33;0;0;2;0;1;B01
200900043132;1;7;0;0;2;1;1;A01
200900043133;0;33;0;0;2;1;3;A01
200900043133;0;7;0;0;2;8;1;C01
200900043133;0;7;0;0;2;7;12;B01
200900043134;0;7;0;0;2;1;1;B01
200900043134;0;31;0;14;2;7;17;A01
200900043135;0;31;0;0;2;7;0;A01
200900043135;0;7;0;0;2;3;0;B01
200900043136;0;10;0;0;2;4;4;A01
200900043136;0;33;0;0;2;1;23;B01
200900043137;0;31;0;0;2;8;3;A01
200900043137;0;7;0;0;0;6;1;C01
200900043137;0;7;0;0;2;2;12;B01
200900043138;0;37;1;0;2;1;1;A01
200900043138;0;7;0;0;2;5;15;B01
200900043138;0;7;0;0;2;4;1;C01
200900043139;0;7;0;0;0;7;1;A01
200900043140;0;7;0;0;2;2;21;A01
200900043141;0;7;0;0;2;4;2;C01
200900043141;0;7;0;0;2;8;11;B01
200900043141;0;31;0;0;2;7;3;A01
200900043142;0;7;0;0;0;8;23;C01
200900043142;0;7;0;0;2;1;1;A01
200900043142;0;7;0;0;0;4;1;B01
200900043143;0;33;0;0;2;2;1;A01
200900043143;0;7;0;0;0;4;16;B01
200900043144;0;37;25;0;2;2;2;B01
200900043144;0;1;0;0;2;3;6;A01
200900043145;0;32;0;0;2;7;3;A01
200900043145;0;7;0;0;2;4;1;C01
200900043145;0;7;0;0;2;3;11;B01
200900043146;0;31;0;0;2;3;1;B01
200900043146;0;7;0;0;2;7;15;A01
200900043147;0;7;0;0;0;5;2;A01
200900043147;0;33;0;0;2;1;13;B01
200900043148;0;7;0;0;0;4;2;A01
200900043148;0;32;0;0;2;1;2;B01
200900043149;0;7;0;0;2;7;9;A01
200900043149;0;33;0;0;2;0;1;B01
200900043150;0;7;0;0;1;0;4;A01
200900043151;0;7;0;0;0;3;15;B01
200900043151;0;32;0;0;2;2;17;A01
200900043152;0;33;0;0;2;1;1;B01
200900043152;0;7;0;0;2;3;1;A01
200900043153;0;7;0;0;2;6;2;A01
200900043153;0;7;0;0;0;4;2;C01
200900043153;0;7;0;0;0;7;2;D01
200900043153;0;33;0;0;0;0;3;B01
200900043154;0;1;0;0;0;7;0;A01
200900043155;0;10;0;0;2;2;2;A01
200900043155;0;33;0;0;2;1;2;B01
200900043156;0;7;0;0;2;3;0;A01
200900043156;0;33;0;0;2;5;2;B01
200900043157;0;7;0;0;2;1;1;B01
200900043157;0;7;0;0;2;1;1;A01
200900043157;0;7;0;0;2;4;1;C01
200900043158;0;7;0;0;2;0;2;A01
200900043158;0;33;0;0;2;4;2;B01
200900043159;0;7;0;0;2;3;1;A01
200900043159;0;1;0;0;0;8;19;B01
200900043160;0;7;0;0;1;2;1;A01
200900043161;0;33;0;0;0;0;9;A01
200900043162;0;34;0;0;0;1;0;A01
200900043163;0;7;0;0;0;2;0;A01
200900043163;0;7;0;0;2;3;1;B01
200900043164;0;7;0;0;1;1;15;A01
200900043165;0;32;0;0;1;1;1;A01
200900043166;0;7;0;4;0;6;9;A01
200900043166;0;30;0;4;2;1;17;B01
200900043167;0;7;0;0;1;8;15;A01
200900043168;0;7;0;0;0;5;9;B01
200900043168;0;33;0;0;2;1;2;A01
200900043169;0;38;50;0;2;7;2;B01
200900043169;2;30;0;1;2;8;2;A01
200900043170;0;30;0;1;2;1;17;B01
200900043170;0;7;0;0;2;3;10;A01
200900043171;0;7;0;0;2;1;15;A01
200900043171;0;7;0;0;2;1;1;B01
200900043172;0;13;0;0;2;1;1;A01
200900043172;1;15;0;0;2;0;11;Z01
200900043172;0;7;0;0;2;5;1;B01
200900043172;0;7;0;0;2;6;12;C01
200900043172;0;7;0;0;2;1;1;D01
200900043173;0;7;0;0;2;5;15;B01
200900043173;0;33;0;0;2;1;1;A01
200900043174;0;7;0;0;2;2;1;B01
200900043174;0;7;0;4;2;3;13;A01
200900043175;0;31;0;1;0;1;5;A01
200900043175;0;10;0;0;2;2;23;B01
200900043176;0;7;0;0;2;1;1;B01
200900043176;2;7;0;0;2;2;1;A01
200900043177;0;7;0;0;2;4;15;B01
200900043177;0;36;0;0;2;2;17;A01
200900043178;0;32;0;0;1;1;0;A01
200900043179;0;15;0;1;0;1;1;A01
200900043179;0;7;0;0;0;4;23;B01
200900043180;0;7;0;12;0;1;1;A01
200900043181;0;7;0;0;2;1;15;A01
200900043181;0;30;0;0;2;8;21;B01
200900043182;0;30;0;0;2;8;1;B01
200900043182;0;2;0;0;2;1;16;A01
200900043183;0;7;0;0;9;3;13;B01
200900043183;0;30;0;0;2;1;17;A01
200900043184;0;7;0;0;2;3;23;C01
200900043184;0;7;0;0;2;1;1;A01
200900043184;0;33;0;0;2;8;1;B01
200900043185;1;2;0;0;0;2;0;A01
200900043185;0;7;0;0;9;3;15;B01
200900043186;0;33;0;0;1;2;1;A01
200900043187;0;7;0;0;2;3;1;B01
200900043187;0;2;0;0;2;1;1;A01
200900043188;0;7;0;0;2;3;15;B01
200900043188;0;32;0;0;2;1;5;A01
200900043189;0;7;0;0;2;3;15;A01
200900043189;0;31;0;0;2;2;17;B01
200900043190;0;7;0;0;1;2;1;A01
200900043191;0;7;0;0;1;1;1;A01
200900043192;0;10;0;2;2;8;13;A01
200900043192;0;7;0;0;2;2;1;B01
200900043193;0;30;0;12;0;1;0;A01
200900043194;0;10;0;0;0;3;13;B01
200900043194;0;7;0;0;2;7;1;A01
200900043195;0;7;0;9;0;1;1;A01
200900043196;0;7;0;0;1;1;1;A01
200900043197;0;7;0;0;2;7;10;A01
200900043197;0;2;0;0;2;8;2;B01
200900043198;0;7;0;12;2;3;0;B01
200900043198;0;7;0;12;2;3;1;A01
200900043199;0;33;0;0;2;1;1;A01
200900043199;0;7;0;0;2;5;2;B01
200900043200;0;34;0;14;0;0;1;A01
200900043201;0;2;0;1;2;1;2;A01
200900043202;0;7;0;0;2;1;2;A01
200900043202;0;7;0;0;2;4;2;B01
200900043203;0;7;0;0;1;1;1;A01
200900043204;1;7;0;0;0;1;9;Z01
200900043204;0;7;0;0;0;2;1;B01
200900043205;0;7;0;0;2;3;2;B01
200900043205;0;30;0;0;0;4;6;A01
200900043206;0;7;0;0;2;7;10;A01
200900043206;0;33;0;0;2;1;1;B01
200900043207;0;33;0;12;0;8;21;A01
200900043208;0;7;0;0;2;1;1;B01
200900043208;0;7;0;0;2;1;13;A01
200900043209;0;10;0;0;2;7;15;A01
200900043209;0;33;0;0;2;0;21;B01
200900043210;0;7;0;1;0;1;1;A01
200900043210;0;7;0;0;0;4;24;B01
200900043211;0;7;0;0;2;1;13;A01
200900043211;0;7;0;0;2;1;16;B01
200900043212;0;7;0;0;2;3;1;B01
200900043212;0;7;0;0;2;7;15;A01
200900043213;0;7;0;0;2;3;12;A01
200900043213;0;33;0;0;2;3;2;B01
200900043214;0;1;0;0;2;1;1;A01
200900043214;0;7;0;0;2;1;1;B01
200900043215;0;7;0;0;0;8;1;B01
200900043215;0;7;0;0;0;1;1;A01
200900043216;0;7;0;0;2;4;1;B01
200900043216;0;7;0;0;2;1;1;A01
200900043217;0;31;0;0;0;1;2;A01
200900043217;0;7;0;0;0;8;15;B01
200900043217;0;7;0;0;0;1;23;C01
200900043218;0;32;0;0;2;8;1;C01
200900043218;0;10;0;11;0;1;1;A01
200900043218;0;7;0;0;2;8;1;B01
200900043219;0;33;0;0;2;4;23;B01
200900043219;0;7;0;0;2;1;1;A01
200900043220;0;7;0;0;2;4;1;C01
200900043220;0;14;0;0;2;1;1;A01
200900043220;0;7;0;0;2;9;1;B01
200900043221;0;7;0;1;0;2;1;A01
200900043222;0;10;0;1;2;1;0;A01
200900043222;0;7;0;1;2;4;0;B01
200900043223;0;34;0;0;0;7;21;B01
200900043223;1;7;0;0;0;0;9;Z01
200900043224;0;7;0;0;2;4;2;B01
200900043224;0;7;0;0;2;1;2;A01
200900043225;0;32;0;0;2;1;1;A01
200900043225;0;7;0;0;2;3;1;B01
200900043226;0;7;0;0;0;1;2;A01
200900043226;0;7;0;0;0;4;2;B01
200900043227;0;2;0;14;0;1;0;A01
200900043228;0;7;0;0;2;7;10;A01
200900043228;0;33;0;0;2;1;1;B01
200900043229;0;31;0;0;2;7;2;A01
200900043229;0;7;0;0;2;7;2;B01
200900043230;0;7;0;0;2;5;1;A01
200900043230;0;32;0;0;2;1;1;B01
200900043231;0;7;0;0;0;3;15;B01
200900043231;0;34;0;0;2;1;17;A01
200900043232;0;32;0;0;2;1;1;A01
200900043232;0;7;0;0;2;8;1;B01
200900043233;0;7;0;0;1;1;1;A01
200900043234;0;7;0;0;2;3;1;B01
200900043234;0;7;0;0;2;3;21;A01
200900043235;0;7;0;0;2;1;2;A01
200900043235;0;7;0;0;0;4;1;B01
200900043236;0;7;0;1;0;1;1;A01
200900043236;0;7;0;0;2;4;24;B01
200900043237;0;7;0;0;2;2;1;A01
200900043237;0;7;0;0;2;3;1;B01
200900043238;0;7;0;6;0;1;1;A01
200900043239;0;33;0;0;2;1;1;B01
200900043239;0;7;0;0;2;8;1;A01
200900043240;0;7;0;0;2;8;15;B01
200900043240;0;2;0;0;2;2;17;A01
200900043241;0;10;0;0;2;3;15;B01
200900043241;0;2;0;0;2;1;1;A01
200900043242;0;7;0;0;0;6;11;A01
200900043242;0;31;0;0;2;1;3;B01
200900043243;0;7;0;0;2;1;2;B01
200900043243;0;2;0;0;2;7;1;A01
200900043244;0;7;0;0;0;6;11;A01
200900043244;0;33;0;0;2;2;3;B01
200900043245;0;7;0;0;2;2;1;A01
200900043245;0;7;0;0;2;3;1;B01
200900043246;0;7;0;0;0;4;1;B01
200900043246;0;34;0;0;2;1;2;A01
200900043247;0;33;0;0;2;1;1;B01
200900043247;0;7;0;0;2;8;1;A01
200900043248;0;7;0;0;2;5;1;A01
200900043248;0;7;0;0;2;1;1;B01
200900043249;0;7;0;0;0;8;15;A01
200900043249;0;33;0;0;2;1;1;B01
200900043250;0;7;0;0;2;8;11;A01
200900043250;0;31;0;0;2;1;1;B01
200900043251;0;7;0;1;0;1;17;C01
200900043251;0;7;0;0;2;4;0;B01
200900043251;0;7;0;3;0;1;21;A01
200900043252;0;7;0;6;0;1;2;A01
200900043253;0;7;0;0;2;7;14;A01
200900043253;0;32;0;0;2;9;0;B01
200900043254;0;10;0;0;2;3;15;A01
200900043254;0;33;0;0;2;1;1;B01
200900043255;0;33;0;0;2;8;3;B01
200900043255;0;7;0;0;2;7;11;A01
200900043256;0;7;0;1;0;2;1;A01
200900043257;0;2;0;0;2;1;1;A01
200900043257;0;7;0;0;2;5;21;B01
200900043258;0;7;0;0;0;2;15;A01
200900043258;0;33;0;0;0;1;0;B01
200900043259;0;7;0;0;1;0;1;A01
200900043260;0;7;0;0;2;3;13;A01
200900043260;0;32;0;0;2;1;1;B01
200900043261;0;7;0;0;2;4;13;A01
200900043261;0;7;0;0;2;1;23;B01
200900043262;0;30;0;0;2;8;15;A01
200900043262;0;7;0;0;9;1;1;B01
200900043263;0;33;0;0;2;1;1;B01
200900043263;0;7;0;0;0;4;11;A01
200900043264;0;7;0;12;2;1;1;A01
200900043264;0;7;0;0;2;8;1;B01
200900043265;0;7;0;0;2;2;9;A01
200900043265;0;33;0;1;2;1;1;B01
200900043266;0;7;0;0;2;1;13;A01
200900043266;0;7;0;0;2;1;1;B01
200900043267;0;7;0;0;2;7;15;A01
200900043267;0;32;0;0;2;1;1;B01
200900043268;0;7;0;0;2;1;2;A01
200900043268;0;30;0;0;2;4;3;B01
200900043269;0;7;0;1;2;1;1;A01
200900043269;0;7;0;0;2;8;16;B01
200900043270;0;7;0;0;2;7;1;A01
200900043270;0;7;0;0;2;1;1;B01
200900043271;0;2;0;0;2;7;1;B01
200900043271;0;7;0;0;2;1;9;A01
200900043272;0;7;0;0;0;6;2;A01
200900043272;0;33;0;0;2;2;2;B01
200900043273;0;7;0;0;2;5;12;A01
200900043273;0;31;0;0;2;7;21;B01
200900043274;0;7;0;1;0;9;1;A01
200900043275;0;7;0;0;0;5;12;A01
200900043275;0;33;0;0;2;3;1;B01
200900043276;0;33;0;0;2;1;3;A01
200900043276;0;7;0;0;0;4;11;B01
200900043277;0;7;0;0;2;7;1;C01
200900043277;0;7;0;0;2;1;2;A01
200900043277;0;7;0;0;2;4;1;B01
200900043278;0;7;0;4;0;3;1;A01
200900043279;0;7;0;0;0;7;12;A01
200900043279;0;7;0;0;0;1;21;B01
200900043279;0;10;0;0;0;8;1;C01
200900043280;0;2;0;8;0;7;2;A01
200900043281;0;33;0;0;2;4;1;B01
200900043281;0;10;0;0;2;1;1;A01
200900043282;0;7;0;16;0;3;1;A01
200900043283;0;7;0;0;0;4;1;B01
200900043283;0;38;2;4;2;1;2;A01
200900043284;0;7;0;0;2;3;2;A01
200900043284;0;7;0;0;2;5;2;B01
200900043285;0;33;0;0;2;2;1;B01
200900043285;0;10;0;0;2;3;10;A01
200900043286;0;7;0;0;2;1;1;A01
200900043286;0;7;0;0;0;8;1;B01
200900043287;0;7;0;0;2;2;15;A01
200900043287;0;7;0;0;2;6;1;B01
200900043288;0;10;0;0;2;4;2;A01
200900043288;0;7;0;0;2;1;2;B01
200900043289;0;2;0;0;2;1;1;B01
200900043289;0;1;0;0;2;8;19;A01
200900043290;0;7;0;0;2;6;23;B01
200900043290;0;30;0;0;2;2;2;A01
200900043291;0;30;0;0;2;2;5;A01
200900043291;0;7;0;0;2;8;15;B01
200900043292;0;2;0;0;2;1;1;B01
200900043292;0;7;0;0;2;7;5;A01
200900043293;0;7;0;0;2;8;9;A01
200900043293;0;32;0;0;2;1;21;B01
200900043294;0;10;0;0;2;2;1;A01
200900043294;0;7;0;0;2;3;1;B01
200900043295;0;30;0;0;2;3;1;B01
200900043295;0;7;0;0;9;2;1;A01
200900043296;0;31;0;0;2;5;17;A01
200900043296;0;10;0;0;2;3;15;B01
200900043297;0;7;0;0;2;2;17;A01
200900043297;0;30;0;0;2;8;15;B01
200900043298;0;7;0;0;2;1;5;A01
200900043298;0;7;0;0;2;1;5;B01
200900043299;0;2;0;0;2;2;1;B01
200900043299;0;7;0;0;2;2;15;A01
200900043300;0;7;0;0;1;7;1;A01
200900043301;0;30;0;0;2;2;5;A01
200900043301;0;7;0;0;2;2;1;B01
200900043302;0;7;0;0;2;4;23;B01
200900043302;0;7;0;0;2;4;23;D01
200900043302;0;7;0;0;2;1;2;A01
200900043302;0;7;0;0;2;4;23;C01
200900043303;0;7;0;0;0;8;0;A01
200900043303;0;30;0;0;0;1;0;B01
200900043304;0;30;0;0;1;1;17;A01
200900043305;0;33;0;12;0;0;5;A01
200900043306;0;7;0;14;0;1;1;A01
200900043307;0;7;0;0;1;3;1;A01
200900043308;0;7;0;0;1;1;1;A01
200900043309;0;30;0;0;0;4;0;A01
200900043309;1;13;0;0;0;1;0;Z01
200900043310;0;7;0;0;2;1;15;A01
200900043310;0;3;0;0;2;2;1;B01
200900043311;0;30;0;0;2;2;13;A01
200900043311;0;7;0;0;2;3;15;B01
200900043312;0;7;0;8;0;1;15;A01
200900043313;0;7;0;0;2;1;2;A01
200900043313;0;7;0;0;2;4;23;B01
200900043314;0;14;0;0;2;1;15;B01
200900043314;0;7;0;0;2;1;1;A01
200900043315;0;7;0;0;2;2;1;A01
200900043315;0;7;0;0;2;3;1;B01
200900043316;0;7;0;0;2;1;17;A01
200900043316;0;1;0;0;2;6;15;B01
200900043317;0;7;0;0;0;4;20;A01
200900043318;0;7;0;0;2;1;9;B01
200900043318;0;33;0;15;2;1;17;A01