num_acc;senc;catv;occutc;obs;obsm;choc;manv;num_veh
200900043319;0;7;0;0;0;5;2;A01
200900043319;0;7;0;0;2;6;2;B01
200900043320;0;7;0;0;2;5;16;A01
200900043320;0;32;0;0;2;1;1;B01
200900043321;0;33;0;0;2;2;17;A01
200900043321;0;7;0;0;2;3;15;B01
200900043322;0;7;0;0;2;7;1;B01
200900043322;0;7;0;0;2;1;1;A01
200900043323;0;7;0;0;0;1;2;A01
200900043323;0;3;0;0;0;6;2;B01
200900043324;0;30;0;0;2;1;2;A01
200900043324;0;7;0;0;0;6;2;B01
200900043325;0;7;0;0;2;1;1;A01
200900043325;0;7;0;0;2;7;19;B01
200900043326;0;7;0;0;2;8;17;A01
200900043326;0;30;0;0;2;9;1;B01
200900043327;1;33;0;0;2;2;18;Z01
200900043327;0;7;0;0;2;3;0;A01
200900043328;0;7;0;0;1;2;1;A01
200900043329;0;30;0;0;2;7;2;A01
200900043330;0;37;3;0;2;0;21;B01
200900043330;0;7;0;0;2;0;1;A01
200900043331;0;33;0;4;2;1;1;B01
200900043331;0;7;0;0;2;8;11;A01
200900043332;0;10;0;0;2;2;17;A01
200900043332;0;7;0;0;0;6;2;B01
200900043333;0;14;0;0;2;6;1;A01
200900043333;0;7;0;0;2;1;1;B01
200900043334;1;7;0;0;1;3;1;Z01
200900043335;0;7;0;0;0;5;1;A01
200900043335;0;2;0;0;2;1;16;B01
200900043336;0;33;0;0;2;8;1;B01
200900043336;0;7;0;0;2;1;10;A01
200900043337;0;7;0;0;2;8;2;B01
200900043337;0;7;0;0;2;1;2;A01
200900043338;0;34;0;0;0;1;1;B01
200900043338;0;7;0;0;0;1;15;A01
200900043339;1;7;0;0;1;0;0;Z01
200900043340;0;7;0;0;2;1;2;A01
200900043340;0;33;0;0;2;4;2;B01
200900043341;0;7;0;0;0;1;1;C01
200900043341;0;7;0;0;0;6;1;B01
200900043341;0;33;0;0;0;2;1;A01
200900043342;0;7;0;0;2;1;15;A01
200900043342;0;7;0;0;2;8;2;B01
200900043343;0;7;0;0;1;7;1;A01
200900043344;0;7;0;0;2;1;0;A01
200900043344;0;7;0;0;0;5;1;B01
200900043345;0;34;0;0;2;1;2;A01
200900043345;0;7;0;0;2;4;2;B01
200900043345;0;7;0;0;2;8;2;C01
200900043346;0;32;0;0;2;0;0;B01
200900043346;1;7;0;0;0;0;0;A01
200900043347;0;7;0;12;1;2;2;A01
200900043348;0;7;0;0;1;4;4;A01
200900043349;0;30;0;12;0;3;1;A01
200900043350;0;2;0;9;0;1;1;A01
200900043351;0;7;0;0;2;2;1;A01
200900043351;0;1;0;0;2;3;19;B01
200900043352;0;7;0;0;1;1;1;A01
200900043353;0;33;0;0;0;8;0;A01
200900043354;0;7;0;0;1;7;4;A01
200900043355;0;7;0;14;1;1;1;A01
200900043356;0;7;0;0;1;1;1;A01
200900043357;0;7;0;0;1;2;1;A01
200900043358;0;7;0;0;0;6;24;B01
200900043358;0;37;1;0;2;5;14;A01
200900043359;0;33;0;0;2;7;11;B01
200900043359;0;7;0;0;2;6;11;A01
200900043360;0;33;0;4;0;8;1;A01
200900043361;0;32;0;0;0;7;1;A01
200900043362;0;33;0;14;0;0;21;A01
200900043363;0;15;0;0;0;7;12;A01
200900043363;0;10;0;0;0;1;1;C01
200900043363;0;7;0;0;0;8;1;B01
200900043364;0;10;0;0;2;4;2;A01
200900043364;0;7;0;0;2;1;3;C01
200900043364;0;7;0;0;2;4;2;B01
200900043365;0;7;0;0;1;1;1;A01
200900043366;0;7;0;4;0;8;1;A01
200900043367;0;33;0;0;2;8;2;A01
200900043367;0;7;0;0;0;5;1;B01
200900043367;1;7;0;0;2;3;1;C01
200900043368;0;33;0;3;0;7;1;A01
200900043369;0;7;0;0;2;1;2;A01
200900043369;0;7;0;0;0;4;2;B01
200900043370;0;7;0;0;0;4;2;B01
200900043370;0;10;0;0;2;1;2;A01
200900043371;0;7;0;0;2;6;1;B01
200900043371;0;15;0;0;2;2;12;A01
200900043372;0;37;1;0;2;3;1;B01
200900043372;0;7;0;0;2;2;1;A01
200900043373;0;7;0;0;0;7;15;A01
200900043373;0;32;0;0;0;0;1;B01
200900043374;0;10;0;0;0;0;15;A01
200900043374;0;33;0;0;0;0;1;B01
200900043375;0;30;0;0;2;2;1;A01
200900043375;0;7;0;0;2;3;11;B01
200900043376;0;2;0;1;0;1;1;A01
200900043377;0;7;0;0;2;3;10;A01
200900043377;0;2;0;0;2;1;1;B01
200900043378;0;15;0;0;2;0;0;B01
200900043378;0;31;0;0;2;7;0;A01
200900043379;0;7;0;0;1;3;2;A01
200900043380;0;7;0;0;2;6;23;B01
200900043380;0;31;0;0;2;1;11;A01
200900043381;0;7;0;0;2;8;11;A01
200900043381;0;33;0;0;2;7;1;B01
200900043382;0;32;0;0;2;2;15;B01
200900043382;0;7;0;0;2;8;2;A01
200900043383;0;7;0;0;2;3;9;A01
200900043383;0;33;0;0;0;7;1;B01
200900043384;0;30;0;0;0;0;1;A01
200900043385;0;7;0;0;2;2;15;A01
200900043385;0;33;0;0;2;3;0;B01
200900043386;0;33;0;0;0;0;1;B01
200900043386;0;7;0;0;0;0;0;A01
200900043387;0;7;0;0;2;7;15;A01
200900043387;0;33;0;0;2;1;1;B01
200900043388;0;7;0;0;2;1;1;A01
200900043388;0;31;0;0;2;8;15;B01
200900043389;0;7;0;0;2;5;15;A01
200900043389;0;32;0;0;2;0;1;B01
200900043390;0;7;0;0;2;1;10;B01
200900043390;0;34;0;0;2;1;1;A01
200900043391;0;30;0;0;2;8;1;A01
200900043391;1;7;0;0;2;0;14;B01
200900043392;0;7;0;0;2;7;1;A01
200900043392;0;30;0;0;2;1;16;B01
200900043393;0;7;0;0;2;4;2;B01
200900043393;0;10;0;0;2;4;2;C01
200900043393;0;7;0;0;2;1;2;A01
200900043394;0;7;0;0;2;1;15;A01
200900043395;0;7;0;0;2;3;13;A01
200900043395;0;7;0;0;2;3;1;B01
200900043396;0;7;0;0;2;2;1;A01
200900043396;0;7;0;0;2;3;1;B01
200900043397;0;1;0;0;2;3;1;B01
200900043397;0;33;0;0;2;7;18;A01
200900043398;0;7;0;0;2;2;11;A01
200900043398;0;32;0;0;2;7;2;B01
200900043399;0;7;0;0;2;3;1;A01
200900043399;0;7;0;0;2;8;15;B01
200900043400;0;7;0;0;2;1;1;B01
200900043400;0;7;0;2;2;2;12;A01
200900043401;0;7;0;0;2;1;1;A01
200900043401;0;2;0;0;2;5;1;B01
200900043402;0;7;0;0;2;4;23;B01
200900043402;0;32;0;0;2;1;1;A01
200900043403;0;7;0;0;2;2;1;B01
200900043403;0;7;0;0;2;1;1;A01
200900043404;0;2;0;0;1;1;1;A01
200900043405;0;7;0;0;1;1;17;A01
200900043406;0;7;0;0;2;1;2;A01
200900043406;0;7;0;0;2;4;23;E01
200900043406;0;7;0;0;2;4;23;B01
200900043406;0;7;0;0;2;4;23;D01
200900043406;0;7;0;0;2;4;23;C01
200900043407;0;7;0;0;1;1;1;A01
200900043408;0;7;0;0;2;8;16;A01
200900043408;0;14;0;0;2;7;15;B01
200900043409;0;7;0;0;1;5;4;A01
200900043410;0;7;0;0;2;8;15;B01
200900043410;0;32;0;0;2;1;1;A01
200900043411;0;31;0;14;0;0;0;A01
200900043412;0;7;0;0;2;2;1;A01
200900043412;0;33;0;0;2;3;1;B01
200900043413;0;31;0;1;0;7;1;A01
200900043414;0;7;0;0;2;7;9;A01
200900043414;0;33;0;0;2;8;1;B01
200900043415;0;2;0;0;2;1;16;B01
200900043415;0;10;0;0;2;5;16;A01
200900043416;0;33;0;0;1;1;17;A01
200900043417;0;30;0;0;0;1;1;B01
200900043417;0;7;0;0;0;2;15;A01
200900043418;0;7;0;0;1;1;1;A01
200900043419;0;2;0;0;2;1;1;A01
200900043419;0;7;0;0;2;6;20;B01
200900043420;0;33;0;0;2;9;1;B01
200900043420;0;7;0;0;2;2;10;A01
200900043421;0;10;0;0;1;1;1;A01
200900043422;0;7;0;0;1;0;2;A01
200900043423;0;33;0;0;1;1;1;A01
200900043424;0;31;0;0;2;1;17;B01
200900043424;0;7;0;0;0;3;15;A01
200900043425;0;30;0;0;0;0;1;B01
200900043425;0;7;0;0;0;2;15;A01
200900043426;0;31;0;0;2;1;1;A01
200900043427;0;7;0;0;2;8;1;B01
200900043427;0;7;0;0;2;1;15;A01
200900043428;0;34;0;0;2;1;1;A01
200900043428;1;10;0;0;2;6;15;B01
200900043429;0;10;0;0;0;0;1;A01
200900043430;0;7;0;0;2;5;1;A01
200900043431;0;33;0;1;2;1;17;A01
200900043431;0;7;0;0;2;2;9;B01
200900043432;0;7;0;0;1;4;4;A01
200900043433;0;7;0;0;2;4;23;B01
200900043433;0;7;0;0;2;1;1;A01
200900043434;0;7;0;4;2;8;11;A01
200900043434;0;14;0;0;2;2;1;B01
200900043435;0;32;0;0;0;0;1;B01
200900043435;0;7;0;0;0;3;18;A01
200900043436;0;30;0;0;0;0;0;A01
200900043436;0;7;0;0;0;1;1;B01
200900043437;0;10;0;0;1;5;4;A01
200900043438;0;3;0;0;2;1;15;A01
200900043438;0;7;0;6;2;1;1;B01
200900043439;0;30;0;0;2;1;1;B01
200900043439;0;7;0;0;2;2;15;A01
200900043440;0;7;0;0;2;5;1;B01
200900043440;0;7;0;0;2;1;1;A01
200900043441;0;7;0;0;9;4;0;B01
200900043441;0;32;0;0;2;1;17;A01
200900043441;0;38;55;0;9;6;0;C01
200900043442;0;7;0;8;0;2;14;A01
200900043443;0;7;0;0;2;5;23;B01
200900043443;0;7;0;0;2;1;1;A01
200900043444;0;1;0;0;1;1;1;A01
200900043445;0;37;5;0;2;1;9;A01
200900043445;0;7;0;0;2;5;12;B01
200900043446;0;32;0;0;2;4;23;A01
200900043446;0;7;0;0;2;1;2;B01
200900043447;0;33;0;0;2;8;2;B01
200900043447;0;7;0;0;2;3;19;A01
200900043448;0;7;0;0;1;1;1;A01
200900043449;0;31;0;16;2;3;9;A01
200900043449;0;10;0;0;2;2;2;B01
200900043450;0;32;0;0;0;9;0;A01
200900043451;0;7;0;0;2;5;12;A01
200900043451;0;14;0;0;2;3;1;B01
200900043452;0;7;0;0;1;2;1;A01
200900043453;0;7;0;0;1;2;1;A01
200900043454;0;2;0;0;2;1;1;B01
200900043454;0;10;0;0;2;8;9;A01
200900043455;0;7;0;0;2;1;1;A01
200900043455;0;7;0;0;2;8;1;B01
200900043456;0;31;0;0;2;8;1;A01
200900043457;0;7;0;0;2;1;13;A01
200900043457;0;7;0;0;2;1;1;B01
200900043458;0;10;0;0;1;2;1;A01
200900043459;0;7;0;1;2;8;5;A01
200900043459;0;10;0;0;2;8;1;B01
200900043460;0;37;1;0;2;3;1;B01
200900043460;0;2;0;0;2;8;17;A01
200900043461;0;32;0;0;1;1;1;A01
200900043462;0;7;0;0;2;3;0;A01
200900043462;0;7;0;0;2;7;0;B01
200900043463;0;7;0;0;1;1;1;A01
200900043464;0;7;0;0;2;2;0;A01
200900043464;0;31;0;0;2;5;0;B01
200900043465;0;30;0;0;2;1;1;A01
200900043465;0;7;0;0;2;4;1;B01
200900043466;0;7;0;0;9;8;22;B01
200900043466;0;30;0;1;0;1;2;A01
200900043467;0;34;0;0;2;1;0;A01
200900043467;0;7;0;0;2;7;0;B01
200900043468;0;30;0;0;2;7;17;B01
200900043468;0;7;0;0;2;8;13;A01
200900043469;0;7;0;0;1;1;1;A01
200900043470;0;7;0;15;0;1;0;A01
200900043471;0;7;0;0;2;4;1;B01
200900043471;0;30;0;0;2;1;1;A01
200900043472;0;7;0;0;1;3;1;A01
200900043473;0;7;0;0;1;1;0;A01
200900043474;0;7;0;0;1;3;1;A01
200900043475;0;7;0;0;1;1;1;A01
200900043476;0;7;0;0;2;1;1;B01
200900043476;0;7;0;0;2;8;19;A01
200900043477;0;10;0;8;0;1;14;A01
200900043478;0;2;0;0;1;1;1;A01
200900043479;0;7;0;0;2;1;15;A01
200900043479;0;7;0;0;2;1;1;B01
200900043480;0;2;0;0;2;8;11;A01
200900043480;0;32;0;0;2;7;1;B01
200900043481;0;33;0;0;2;1;1;A01
200900043481;0;7;0;0;2;4;12;B01
200900043482;0;7;0;0;2;4;23;B01
200900043482;0;7;0;0;2;1;1;A01
200900043483;0;30;0;0;0;8;1;A01
200900043484;0;30;0;0;2;8;0;B01
200900043484;0;7;0;0;2;1;0;A01
200900043485;0;32;0;0;2;8;1;A01
200900043485;0;7;0;0;2;2;15;B01
200900043486;0;7;0;0;2;1;2;A01
200900043486;0;7;0;0;2;4;2;B01
200900043487;0;7;0;0;1;0;1;A01
200900043488;0;7;0;1;0;6;23;B01
200900043488;0;7;0;0;2;2;14;A01
200900043488;0;7;0;0;2;8;0;C01
200900043489;0;33;0;1;0;5;1;A01
200900043490;0;7;0;0;2;7;15;A01
200900043490;0;7;0;0;2;2;1;B01
200900043491;0;30;0;0;1;1;0;A01
200900043492;0;30;0;1;0;1;14;A01
200900043492;0;7;0;0;2;5;0;B01
200900043493;0;31;0;0;2;2;1;B01
200900043493;0;7;0;0;2;1;15;A01
200900043494;0;2;0;0;2;1;10;A01
200900043494;0;2;0;0;2;1;1;B01
200900043495;0;2;0;0;2;7;2;B01
200900043495;0;7;0;0;2;8;11;A01
200900043496;0;32;0;0;1;0;2;A01
200900043497;0;7;0;0;2;1;1;B01
200900043497;0;7;0;0;2;7;1;A01
200900043498;0;7;0;0;2;8;15;A01
200900043498;0;30;0;0;2;2;1;B01
200900043499;0;7;0;8;0;1;0;A01
200900043500;0;31;0;0;0;0;1;A01
200900043500;0;7;0;0;0;0;9;B01
200900043501;0;7;0;0;2;1;15;A01
200900043501;0;7;0;0;2;8;1;B01
200900043502;0;7;0;0;2;4;23;B01
200900043502;0;31;0;0;2;1;21;A01
200900043503;0;34;0;0;2;8;1;B01
200900043503;0;7;0;0;2;7;12;A01
200900043504;0;2;0;0;0;0;16;A01
200900043505;0;99;0;0;0;6;15;B01
200900043505;0;2;0;0;2;6;1;A01
200900043506;0;7;0;0;1;2;1;A01
200900043507;0;7;0;0;2;2;1;B01
200900043507;0;2;0;0;2;7;15;A01
200900043508;0;10;0;0;2;7;0;B01
200900043508;0;32;0;0;2;8;3;A01
200900043509;0;32;0;0;2;1;1;B01
200900043509;0;7;0;0;2;2;15;A01
200900043510;0;7;0;0;1;4;4;A01
200900043511;0;33;0;0;2;3;1;B01
200900043511;0;7;0;0;2;6;12;A01
200900043512;0;7;0;0;2;3;0;B01
200900043512;0;33;0;1;2;3;0;A01
200900043513;0;34;0;0;9;0;21;B01
200900043513;0;7;0;0;0;0;9;A01
200900043514;0;7;0;0;2;2;2;B01
200900043514;0;2;0;0;2;7;2;A01
200900043515;0;1;0;0;1;1;17;A01
200900043516;2;30;0;0;1;1;1;A01
200900043517;0;7;0;0;2;1;15;A01
200900043517;0;33;0;0;2;8;1;B01
200900043518;0;31;0;0;1;1;1;A01
200900043519;0;99;0;0;0;3;15;B01
200900043519;0;31;0;0;0;7;1;A01
200900043520;1;7;0;0;2;8;10;A01
200900043520;0;32;0;0;2;1;0;B01
200900043521;0;13;0;0;2;5;15;A01
200900043521;0;31;0;0;2;1;1;B01
200900043522;0;7;0;0;2;3;9;A01
200900043522;0;33;0;0;2;2;1;B01
200900043523;0;7;0;0;1;2;1;A01
200900043524;0;7;0;0;1;1;0;A01
200900043525;0;37;1;0;1;3;15;A01
200900043526;0;30;0;0;1;1;1;A01
200900043527;0;2;0;0;2;1;2;A01
200900043527;0;10;0;0;2;6;23;B01
200900043528;0;7;0;0;2;6;2;B01
200900043528;0;7;0;0;2;1;1;C01
200900043528;0;30;0;0;2;1;2;A01
200900043529;0;33;0;0;2;1;2;A01
200900043529;0;7;0;0;2;6;2;B01
200900043530;0;7;0;0;2;1;2;A01
200900043530;0;10;0;0;0;4;23;C01
200900043530;0;10;0;0;2;4;23;B01
200900043531;0;33;0;0;2;1;3;B01
200900043531;0;10;0;0;0;0;12;A01
200900043532;0;10;0;0;2;1;11;A01
200900043532;0;10;0;0;2;1;1;C01
200900043532;0;10;0;0;2;4;1;B01
200900043533;0;33;0;0;2;1;1;B01
200900043533;0;7;0;0;2;6;14;A01
200900043534;0;15;0;3;0;1;1;A01
200900043534;0;7;0;0;0;0;9;B01
200900043535;0;7;0;0;2;2;12;B01
200900043535;0;32;0;0;2;3;2;A01
200900043536;0;7;0;0;0;4;2;C01
200900043536;0;7;0;0;2;1;2;B01
200900043536;0;7;0;0;2;1;2;A01
200900043537;0;7;0;0;0;5;1;B01
200900043537;0;7;0;0;0;1;2;A01
200900043538;0;7;0;0;2;1;2;A01
200900043538;0;7;0;0;0;4;2;B01
200900043539;0;7;0;0;2;2;12;A01
200900043539;0;33;0;0;2;8;3;B01
200900043540;0;7;0;4;0;4;1;A01
200900043541;0;7;0;0;0;0;0;A01
200900043542;0;33;0;0;2;7;1;B01
200900043542;0;7;0;0;2;8;11;A01
200900043543;0;10;0;0;0;0;9;B01
200900043543;0;34;0;0;2;7;2;A01
200900043544;0;10;0;0;2;4;2;B01
200900043544;0;33;0;0;2;1;21;A01
200900043545;0;7;0;0;0;4;1;A01
200900043545;0;7;0;0;2;4;1;C01
200900043545;0;7;0;0;2;1;1;B01
200900043546;0;31;0;0;0;0;3;A01
200900043546;0;7;0;0;0;0;11;B01
200900043547;0;7;0;0;2;5;12;C01
200900043547;0;7;0;0;2;1;2;A01
200900043547;0;7;0;0;2;4;23;B01
200900043548;0;38;32;0;2;8;1;C01
200900043548;0;31;0;0;2;3;3;A01
200900043548;0;7;0;0;2;5;1;B01
200900043549;0;33;0;0;2;1;17;B01
200900043549;0;13;0;0;2;3;17;A01
200900043550;0;99;0;0;1;4;4;A01
200900043551;0;2;0;0;0;0;1;B01
200900043551;0;7;0;0;0;4;1;A01
200900043552;0;7;0;0;1;2;1;A01
200900043553;0;7;0;0;2;4;2;B01
200900043553;0;7;0;0;2;1;2;A01
200900043554;0;31;0;0;2;1;1;B01
200900043554;0;7;0;0;2;7;15;A01
200900043555;0;7;0;0;2;3;10;A01
200900043555;0;33;0;0;2;1;21;B01
200900043556;0;7;0;0;1;7;21;A01
200900043557;0;10;0;0;2;1;2;A01
200900043557;0;7;0;0;2;4;1;C01
200900043557;0;7;0;0;2;4;2;B01
200900043558;0;7;0;0;0;4;2;C01
200900043558;0;7;0;0;2;4;2;B01
200900043558;0;7;0;0;2;1;2;A01
200900043559;0;7;0;0;2;1;2;A01
200900043559;0;7;0;0;0;4;2;B01
200900043560;0;17;0;0;2;7;12;A01
200900043560;0;7;0;0;2;8;1;B01
200900043561;0;7;0;0;2;1;1;B02
200900043561;0;7;0;0;2;8;1;A01
200900043562;0;7;0;0;2;1;1;B02
200900043562;0;7;0;0;2;1;13;A01
200900043563;0;1;0;0;2;1;1;B02
200900043563;0;7;0;0;9;6;19;A01
200900043564;0;1;0;0;2;1;1;A01
200900043564;0;7;0;0;9;6;19;B02
200900043565;0;7;0;0;2;3;13;A01
200900043565;0;7;0;0;2;3;1;B02
200900043566;0;3;0;0;2;3;1;A01
200900043566;0;38;0;0;2;3;1;B02
200900043567;0;7;0;2;0;2;1;A01
200900043568;0;7;0;2;0;8;1;A01
200900043569;0;7;0;0;2;1;19;A01
200900043569;0;7;0;0;2;8;1;B02
200900043570;0;1;0;0;2;7;0;B02
200900043570;0;7;0;0;2;7;5;A01
200900043571;0;7;0;0;2;3;1;A01
200900043571;0;7;0;1;0;6;1;B02
200900043572;0;7;0;0;2;2;17;A01
200900043572;0;2;0;0;2;2;13;B02
200900043573;0;7;0;0;2;2;1;B02
200900043573;0;7;0;0;2;1;1;C03
200900043573;0;7;0;0;2;3;1;A01
200900043574;0;14;0;0;2;8;1;B02
200900043574;0;7;0;8;2;3;1;A01
200900043575;0;7;0;0;2;3;13;B02
200900043575;0;17;0;0;2;3;1;A01
200900043575;0;7;0;0;2;1;1;C03
200900043576;0;7;0;2;0;9;1;A01
200900043577;0;7;0;0;0;9;0;A01
200900043578;0;7;0;3;0;3;1;A01
200900043579;0;7;0;0;2;2;19;A01
200900043579;0;7;0;0;2;3;1;B02
200900043580;0;7;0;0;2;3;1;A01
200900043580;0;33;0;0;0;2;1;B02
200900043581;0;33;0;7;0;7;1;A01
200900043582;0;33;0;0;2;1;1;B02
200900043582;0;21;0;0;2;5;15;A01
200900043583;0;2;0;0;2;4;2;B02
200900043583;0;7;0;0;2;1;2;A01
200900043584;0;7;0;4;0;3;1;A01
200900043585;0;20;0;0;2;3;1;B02
200900043585;0;7;0;0;2;1;13;A01
200900043586;0;17;0;0;2;1;1;B02
200900043586;0;7;0;0;2;7;1;A01
200900043587;0;7;0;0;2;3;1;B02
200900043587;0;7;0;0;2;3;5;A01
200900043588;0;7;0;0;1;1;1;A01
200900043589;0;7;0;0;2;7;17;A01
200900043589;0;7;0;0;2;2;1;B02
200900043590;0;7;0;0;1;8;1;A01
200900043591;0;7;0;0;1;1;1;A01
200900043592;0;37;1;0;1;0;1;A01
200900043593;0;99;0;0;1;1;2;A01
200900043594;0;7;0;0;2;8;1;A01
200900043594;0;2;0;0;2;3;1;B01
200900043595;0;7;0;0;2;8;16;B01
200900043595;0;7;0;0;0;2;1;A01
200900043596;0;7;0;0;2;1;1;B01
200900043596;0;7;0;0;2;3;15;A01
200900043597;0;7;0;0;2;8;15;B01
200900043597;0;7;0;0;2;2;17;A01
200900043598;0;7;0;0;2;3;15;B01
200900043598;0;7;0;0;2;7;1;A01
200900043599;0;7;0;1;2;1;1;A01
200900043599;0;7;0;0;2;4;1;B01
200900043600;0;7;0;0;1;5;16;A01
200900043601;0;7;0;0;2;6;9;A01
200900043601;0;1;0;0;2;0;1;B01
200900043602;0;1;0;0;2;0;1;B01
200900043602;0;7;0;0;2;0;1;A01
200900043603;0;7;0;0;2;3;16;B01
200900043603;0;1;0;0;2;1;1;A01
200900043604;0;1;0;0;2;1;1;A01
200900043604;0;7;0;0;2;8;1;B01
200900043605;0;7;0;0;2;4;1;B01
200900043605;0;7;0;0;2;1;1;A01
200900043606;0;2;0;0;2;1;1;B01
200900043606;0;7;0;0;2;5;15;A01
200900043607;0;37;1;0;1;0;1;A01
200900043608;0;2;0;0;0;0;1;A01
200900043609;0;7;0;0;1;3;0;A01
200900043610;0;7;0;0;2;4;1;B01
200900043610;0;7;0;0;2;1;1;A01
200900043611;0;7;0;0;1;0;1;A01
200900043612;0;7;0;0;6;9;1;A01
200900043613;0;7;0;0;0;1;1;A01
200900043614;0;7;0;0;2;3;1;A01
200900043614;0;7;0;0;2;1;1;B01
200900043615;0;2;0;0;2;1;1;A01
200900043615;0;7;0;0;2;6;1;B01
200900043616;0;7;0;0;0;1;15;A01
200900043617;0;7;0;0;2;1;1;A01
200900043618;0;2;0;0;2;8;1;A01
200900043618;0;7;0;0;2;6;1;B01
200900043619;0;2;0;0;2;1;1;B01
200900043619;0;7;0;0;2;2;15;A01
200900043620;0;7;0;0;2;1;15;A01
200900043620;0;7;0;0;2;1;1;B01
200900043621;0;14;0;0;2;1;15;A01
200900043621;0;2;0;0;2;0;1;B01
200900043622;0;2;0;0;2;1;1;A01
200900043622;0;10;0;0;2;4;1;B01
200900043623;0;7;0;0;1;0;16;A01
200900043624;0;1;0;0;2;0;1;A01
200900043624;0;7;0;0;2;0;16;B01
200900043625;0;30;0;0;2;7;1;A01
200900043625;0;7;0;0;2;8;1;B01
200900043626;0;7;0;0;0;9;1;A01
200900043627;0;7;0;0;2;1;1;A01
200900043627;0;7;0;0;2;4;1;B01
200900043628;0;7;0;0;0;1;1;A01
200900043629;1;2;0;0;1;0;1;A01
200900043630;0;2;0;0;2;1;1;A01
200900043630;0;7;0;0;2;1;16;B01
200900043631;0;7;0;0;1;3;1;A01
200900043632;0;7;0;0;1;0;20;A01
200900043633;0;7;0;0;2;1;1;B01
200900043633;0;10;0;0;2;1;15;A01
200900043634;0;7;0;0;2;4;1;B01
200900043634;0;2;0;0;2;1;1;A01
200900043635;0;7;0;0;1;0;1;A01
200900043636;0;2;0;0;2;1;1;A01
200900043636;0;7;0;0;2;4;16;B01
200900043637;0;7;0;0;2;1;1;A01
200900043637;0;7;0;0;2;4;1;B01
200900043638;0;2;0;0;2;1;1;B01
200900043638;0;7;0;0;2;1;15;A01
200900043639;0;30;0;0;1;0;1;A01
200900043640;0;33;0;16;0;8;1;A01
200900043641;0;7;0;0;1;1;1;A01
200900043642;0;7;0;0;2;4;1;B01
200900043642;0;7;0;4;2;1;18;A01
200900043643;0;31;0;0;0;1;0;A01
200900043644;0;7;0;0;2;1;1;B01
200900043644;0;7;0;0;2;1;15;A01
200900043645;0;33;0;0;2;1;17;A01
200900043645;0;7;0;0;2;8;15;B02
200900043646;0;7;0;0;2;3;1;B02
200900043646;0;30;0;0;2;1;13;A01
200900043647;0;2;0;0;2;1;1;B02
200900043647;0;7;0;0;2;8;15;A01
200900043648;0;33;0;0;0;7;1;B02
200900043648;0;7;0;0;0;0;15;A01
200900043649;0;7;0;0;2;8;1;B02
200900043649;0;21;0;0;2;8;1;A01
200900043650;0;2;0;13;0;1;1;A01
200900043651;0;7;0;0;2;2;1;D04
200900043651;0;7;0;0;2;2;21;C03
200900043651;0;7;0;0;2;1;13;A01
200900043651;0;14;0;0;2;1;1;B02
200900043652;0;7;0;0;2;3;1;B02
200900043652;0;7;0;3;2;0;19;A01
200900043652;0;7;0;3;0;1;1;C03
200900043652;0;7;0;0;9;1;1;D04
200900043653;0;7;0;0;2;3;19;A01
200900043653;0;30;0;0;2;5;1;B02
200900043654;0;15;0;0;2;2;1;B02
200900043654;0;7;0;0;2;8;10;A01
200900043655;0;34;0;0;2;2;1;B02
200900043655;0;7;0;0;2;3;9;A01
200900043656;0;7;0;0;2;3;0;A01
200900043656;0;7;0;0;2;3;0;B02
200900043657;0;7;0;0;2;1;1;B02
200900043657;0;7;0;0;2;8;19;A01
200900043658;0;7;0;0;2;1;1;A01
200900043658;0;7;0;0;2;5;13;B02
200900043659;0;30;0;12;0;1;6;A01
200900043660;0;7;0;2;0;1;1;A01
200900043661;0;30;0;12;0;7;1;A01
200900043662;0;30;0;0;0;8;1;A01
200900043663;0;2;0;0;2;1;1;B02
200900043663;0;30;0;0;2;1;13;A01
200900043664;0;7;0;0;2;2;1;A01
200900043664;0;1;0;0;2;5;19;B02
200900043665;0;30;0;1;0;2;0;A01
200900043666;0;7;0;0;1;5;4;A01
200900043667;0;7;0;0;2;3;13;A01
200900043667;0;7;0;0;2;3;1;B02
200900043668;0;1;0;0;2;1;1;B02
200900043668;0;10;0;0;2;3;15;A01
200900043669;0;31;0;0;2;1;1;B01
200900043669;0;10;0;0;2;5;19;A01
200900043670;0;7;0;13;0;7;14;A01
200900043671;0;31;0;0;2;1;1;B02
200900043671;0;7;0;0;2;7;15;A01
200900043672;0;7;0;0;2;3;1;B02
200900043672;0;15;0;0;2;2;15;A01
200900043673;0;31;0;6;0;3;13;A01
200900043674;0;30;0;0;0;8;1;A01
200900043675;0;7;0;0;2;1;1;A01
200900043675;0;7;0;0;2;7;1;B02
200900043676;0;7;0;0;1;2;10;A01
200900043677;0;33;0;0;0;7;16;A01
200900043678;0;7;0;2;0;1;1;A01
200900043679;0;30;0;0;2;1;1;B01
200900043679;0;7;0;0;2;7;1;A01
200900043680;0;1;0;3;0;2;14;A01
200900043681;0;33;0;15;0;1;14;A01
200900043682;0;30;0;3;0;1;14;A01
200900043683;0;30;0;0;2;2;2;A01
200900043683;0;7;0;0;2;6;20;B01
200900043684;0;7;0;0;2;8;2;E01
200900043684;0;10;0;0;2;4;2;B01
200900043684;0;7;0;0;2;5;2;C01
200900043684;0;7;0;0;2;1;2;F02