num_acc;senc;catv;occutc;obs;obsm;choc;manv;num_veh
200900043684;0;7;0;0;2;1;2;D01
200900043684;0;17;0;0;2;7;1;A01
200900043685;0;2;0;0;2;1;2;A01
200900043685;0;7;0;0;2;4;23;B01
200900043686;0;7;0;8;0;1;6;A01
200900043687;0;7;0;0;1;4;4;A01
200900043688;0;33;0;0;0;8;1;A01
200900043689;0;7;0;0;2;5;17;A01
200900043689;0;30;0;0;2;8;2;B01
200900043690;0;7;0;0;2;3;1;A01
200900043690;0;7;0;0;2;3;1;B01
200900043691;0;7;0;0;2;1;1;A01
200900043691;0;10;0;0;2;1;1;C01
200900043691;0;7;0;0;2;5;1;B01
200900043692;0;33;0;0;0;0;1;A01
200900043693;0;7;0;0;2;3;1;A01
200900043694;0;7;0;1;0;9;1;A01
200900043695;0;7;0;0;2;3;2;A01
200900043695;0;7;0;0;2;5;15;B01
200900043696;0;2;0;0;0;1;1;A01
200900043697;0;30;0;0;1;1;18;A01
200900043698;0;14;0;0;2;4;1;B01
200900043698;0;7;0;0;2;1;16;A01
200900043699;0;10;0;0;2;1;2;A01
200900043699;0;13;0;0;2;1;21;C01
200900043699;0;10;0;0;0;4;2;B01
200900043700;0;7;0;0;2;7;9;A01
200900043700;0;7;0;0;2;3;1;B01
200900043701;0;7;0;4;0;8;0;A01
200900043702;0;7;0;0;2;1;17;A01
200900043702;0;7;0;0;2;2;17;B01
200900043703;0;7;0;1;0;0;1;A01
200900043704;0;7;0;0;2;1;1;B01
200900043704;0;33;0;0;2;7;1;A01
200900043705;0;7;0;0;0;4;2;B01
200900043705;0;7;0;0;2;1;2;A01
200900043706;0;7;0;0;1;2;1;A01
200900043707;0;7;0;0;2;2;2;A01
200900043707;0;7;0;0;0;4;2;B01
200900043708;0;30;0;0;2;1;1;A01
200900043708;0;7;0;0;2;4;1;B01
200900043709;0;32;0;12;0;1;1;A01
200900043710;0;2;0;0;2;7;1;B01
200900043710;0;7;0;0;2;3;17;A01
200900043711;0;7;0;0;2;3;15;A01
200900043711;0;30;0;0;2;2;17;B01
200900043712;0;7;0;0;2;2;9;A01
200900043712;0;7;0;0;0;8;0;B01
200900043713;0;7;0;0;1;1;1;A01
200900043714;0;7;0;0;0;9;0;A01
200900043715;0;7;0;0;2;1;9;A01
200900043715;0;7;0;0;0;2;15;B01
200900043716;0;2;0;0;0;0;0;B01
200900043716;0;7;0;0;0;0;0;A01
200900043717;0;15;0;0;0;9;1;A01
200900043718;0;33;0;9;0;1;1;A01
200900043719;0;2;0;0;2;1;1;B01
200900043719;0;7;0;0;2;3;13;A01
200900043720;0;7;0;0;1;2;4;A01
200900043721;0;2;0;0;2;1;0;A01
200900043721;0;7;0;0;2;1;16;B01
200900043722;0;1;0;0;0;0;1;A01
200900043723;0;7;0;0;2;1;1;B01
200900043723;0;7;0;0;0;4;23;A01
200900043724;0;7;0;0;2;8;15;A01
200900043724;0;30;0;0;2;3;1;B01
200900043725;0;1;0;0;2;1;1;A01
200900043725;0;7;0;0;2;1;16;B01
200900043726;0;2;0;0;2;1;1;A01
200900043726;0;7;0;0;2;4;1;B01
200900043727;0;7;0;0;0;1;1;A01
200900043727;0;30;0;0;2;1;1;B01
200900043728;0;37;15;0;1;2;1;A01
200900043729;0;7;0;0;2;3;1;A01
200900043729;0;7;0;0;2;3;0;B01
200900043730;0;7;0;0;2;8;2;B01
200900043730;0;2;0;0;2;7;2;A01
200900043731;0;7;0;0;2;1;1;B01
200900043731;0;2;0;0;2;1;1;A01
200900043732;0;10;0;0;2;4;2;B01
200900043732;0;7;0;0;2;1;2;A01
200900043733;0;2;0;0;2;7;1;B01
200900043733;0;7;0;0;2;3;15;A01
200900043734;0;7;0;0;2;1;13;B01
200900043734;0;7;0;0;2;1;1;A01
200900043735;0;14;0;1;2;2;1;A01
200900043736;0;7;0;1;0;2;0;A01
200900043737;0;7;0;0;0;0;0;A01
200900043737;0;1;0;0;0;0;0;B01
200900043738;0;7;0;0;2;8;15;B01
200900043738;0;30;0;0;2;1;17;A01
200900043739;0;7;0;0;0;9;0;A01
200900043740;0;7;0;1;0;0;1;A01
200900043741;0;33;0;0;0;9;1;A01
200900043742;0;7;0;0;2;1;1;B01
200900043742;0;7;0;0;2;3;9;A01
200900043743;0;7;0;0;2;1;1;A01
200900043743;0;7;0;0;2;3;1;B01
200900043744;0;7;0;4;0;1;1;A01
200900043745;0;7;0;0;0;4;1;B01
200900043745;0;33;0;0;2;1;21;A01
200900043746;0;7;0;0;0;6;1;A01
200900043746;0;7;0;0;2;2;17;B01
200900043747;0;33;0;1;0;1;1;A01
200900043748;0;7;0;0;0;7;2;A01
200900043748;0;7;0;0;2;8;2;B01
200900043749;0;7;0;0;2;4;0;B01
200900043749;0;34;0;0;2;1;2;A01
200900043750;0;7;0;0;2;1;2;B01
200900043750;0;7;0;0;0;4;2;A01
200900043750;0;7;0;0;2;1;2;C01
200900043751;0;33;0;4;0;1;15;A01
200900043752;0;7;0;0;0;4;1;A01
200900043752;0;7;0;0;0;0;2;C01
200900043752;0;7;0;0;2;4;2;B01
200900043752;0;7;0;0;2;4;2;E01
200900043752;0;7;0;0;0;0;2;D01
200900043752;0;10;0;0;2;1;2;F01
200900043753;0;7;0;4;0;1;1;A01
200900043754;0;7;0;0;2;4;2;A01
200900043754;0;10;0;0;2;4;2;B01
200900043754;0;7;0;0;2;4;2;C01
200900043754;0;10;0;0;2;1;2;D01
200900043755;0;10;0;0;9;8;1;A01
200900043756;0;15;0;0;2;3;1;A01
200900043756;0;7;0;0;2;6;1;B01
200900043757;0;14;0;0;2;8;1;C01
200900043757;0;15;0;0;2;8;1;D01
200900043757;0;7;0;4;0;4;2;B01
200900043757;0;7;0;4;2;1;21;E01
200900043757;0;15;0;0;2;8;1;F01
200900043757;0;7;0;0;2;1;1;A01
200900043758;0;7;0;0;0;5;1;A01
200900043758;0;33;0;0;2;3;2;B01
200900043759;0;33;0;0;2;1;3;A01
200900043759;0;7;0;0;0;2;12;B01
200900043760;0;7;0;4;0;3;1;A01
200900043761;0;7;0;0;2;2;12;A01
200900043761;0;33;0;0;2;8;3;B01
200900043762;0;7;0;0;0;9;1;A01
200900043763;0;7;0;0;0;1;0;A01
200900043764;0;33;0;0;2;2;11;B01
200900043764;0;10;0;0;2;6;1;A01
200900043765;0;33;0;0;0;1;1;A01
200900043766;0;7;0;0;2;1;2;B01
200900043766;0;7;0;0;2;4;1;A01
200900043767;0;7;0;0;0;4;1;A01
200900043767;0;7;0;0;2;1;2;B01
200900043767;0;7;0;0;2;1;2;C01
200900043768;0;7;0;0;2;4;0;A01
200900043768;0;15;0;0;2;1;1;B01
200900043769;0;7;0;3;0;1;1;A01
200900043770;0;7;0;13;0;9;1;A01
200900043771;0;7;0;4;0;3;1;A01
200900043772;0;7;0;0;0;6;1;B01
200900043772;0;33;0;0;2;1;3;A01
200900043773;0;7;0;0;2;3;1;B01
200900043773;0;7;0;0;2;5;1;A01
200900043774;0;33;0;0;2;3;3;B01
200900043774;0;7;0;0;2;2;12;A01
200900043775;0;7;0;0;0;6;2;A01
200900043775;0;33;0;0;2;1;9;B01
200900043776;0;15;0;0;2;2;1;B01
200900043776;0;7;0;3;2;3;13;A01
200900043777;0;7;0;0;2;4;2;C01
200900043777;0;7;0;0;0;4;1;A01
200900043777;0;7;0;0;2;4;2;B01
200900043777;0;7;0;0;2;4;2;D01
200900043777;0;38;1;0;2;1;2;E01
200900043778;0;7;0;4;0;3;1;A01
200900043779;0;32;0;4;0;8;13;A01
200900043780;1;7;0;0;1;2;1;A01
200900043781;0;2;0;15;2;7;1;B01
200900043781;0;7;0;0;2;1;1;A01
200900043782;0;7;0;0;2;3;13;A01
200900043782;0;7;0;0;2;1;1;B01
200900043783;0;33;0;0;2;1;1;A01
200900043783;0;7;0;0;2;6;2;B01
200900043784;0;33;0;0;2;1;1;B01
200900043784;0;7;0;0;0;4;15;A01
200900043785;0;7;0;0;1;2;1;A01
200900043786;0;30;0;0;2;1;1;B02
200900043786;0;10;0;0;2;2;1;A01
200900043787;0;7;0;0;2;3;1;B01
200900043787;0;15;0;0;2;3;16;A01
200900043788;0;30;0;8;0;1;1;A01
200900043789;0;7;0;0;2;1;15;A01
200900043789;0;31;0;0;2;2;1;B01
200900043790;0;15;0;0;2;0;1;B01
200900043790;0;7;0;13;2;1;1;A01
200900043791;0;7;0;0;0;3;15;B01
200900043791;0;33;0;8;2;1;13;A01
200900043792;0;7;0;0;2;7;15;B01
200900043792;0;7;0;0;2;3;1;C01
200900043792;0;33;0;0;2;1;1;A01
200900043793;0;30;0;1;0;1;13;A01
200900043794;0;31;0;0;2;1;17;A01
200900043794;0;7;0;0;0;3;16;B01
200900043795;0;7;0;0;2;7;15;B01
200900043795;0;33;0;0;2;1;1;A01
200900043796;0;10;0;6;0;3;1;A01
200900043797;0;7;0;1;0;1;13;A01
200900043798;0;7;0;0;0;1;1;B01
200900043798;0;7;0;0;2;4;23;A01
200900043799;0;10;0;0;2;1;1;B01
200900043799;0;7;0;0;2;7;1;A01
200900043800;0;31;0;8;0;1;14;A01
200900043801;0;7;0;15;0;1;15;A01
200900043801;0;7;0;0;0;2;14;B01
200900043802;0;7;0;0;1;1;1;A01
200900043803;0;7;0;0;0;0;4;A01
200900043804;0;33;0;0;1;8;1;A01
200900043805;0;7;0;1;2;9;2;C01
200900043805;0;7;0;0;2;1;1;A01
200900043805;0;7;0;1;2;9;2;B01
200900043805;1;7;0;0;2;4;2;D01
200900043806;0;7;0;14;0;1;1;A01
200900043807;0;7;0;0;2;1;17;A01
200900043807;0;7;0;0;2;1;1;B01
200900043808;0;7;0;0;1;7;0;A01
200900043809;0;7;0;0;0;4;1;B01
200900043809;0;7;0;0;2;1;1;A01
200900043810;0;7;0;0;2;4;11;A01
200900043810;0;33;0;4;2;1;1;B01
200900043811;0;7;0;0;2;1;5;A01
200900043811;0;7;0;0;2;1;1;B01
200900043812;0;7;0;0;0;0;1;B01
200900043812;0;1;0;0;9;0;1;A01
200900043813;0;7;0;0;1;1;1;A01
200900043814;0;7;0;0;1;1;1;A01
200900043815;0;7;0;0;2;5;2;C01
200900043815;0;15;0;0;2;1;2;B01
200900043815;0;7;0;4;2;2;1;A01
200900043816;0;7;0;3;0;3;0;A01
200900043817;0;7;0;0;1;1;1;A01
200900043818;0;1;0;0;0;0;0;A01
200900043819;0;2;0;1;0;8;2;A01
200900043820;0;7;0;4;0;1;1;A01
200900043821;0;7;0;7;0;8;1;A01
200900043822;0;7;0;0;2;3;15;B01
200900043822;0;7;0;0;2;1;1;A01
200900043823;0;7;0;0;1;1;1;A01
200900043824;0;2;0;0;0;2;0;A01
200900043825;0;32;0;0;2;1;0;A01
200900043826;0;7;0;4;0;8;1;A01
200900043827;0;1;0;4;0;0;0;A01
200900043828;0;7;0;0;2;1;1;B01
200900043828;0;33;0;0;2;1;1;A01
200900043829;0;7;0;0;2;1;1;A01
200900043829;0;7;0;0;2;4;2;B01
200900043830;1;7;0;0;2;0;1;A01
200900043830;0;1;0;0;2;0;1;B01
200900043831;0;7;0;0;2;1;1;B01
200900043831;0;1;0;0;0;7;19;A02
200900043832;0;7;0;0;1;1;1;A01
200900043833;1;7;0;0;0;2;14;A01
200900043833;0;7;0;1;0;2;21;B01
200900043834;0;7;0;0;2;1;15;B01
200900043834;0;30;0;0;2;7;1;A01
200900043835;1;7;0;0;2;1;1;B01
200900043835;0;7;0;0;2;4;23;A01
200900043836;0;7;0;0;1;1;17;A01
200900043837;0;7;0;0;1;3;4;A01
200900043838;0;7;0;0;1;8;1;A01
200900043839;0;7;0;0;2;7;15;A01
200900043839;0;32;0;0;2;1;1;B01
200900043840;0;7;0;0;2;3;15;B01
200900043840;0;34;0;0;2;1;1;A01
200900043841;0;30;0;0;2;3;1;B01
200900043841;0;7;0;0;2;1;15;A01
200900043842;0;34;0;0;2;1;1;B01
200900043842;0;7;0;0;2;2;15;A01
200900043843;0;7;0;0;2;2;1;A01
200900043843;0;7;0;0;2;8;1;B02
200900043844;0;7;0;0;1;2;0;A01
200900043845;0;10;0;0;2;2;1;B01
200900043845;0;10;0;0;2;7;13;A01
200900043846;0;14;0;0;0;8;0;A01
200900043847;0;33;0;0;2;1;2;A01
200900043847;0;7;0;0;2;5;14;B02
200900043848;0;7;0;16;0;1;1;A01
200900043849;0;37;13;0;2;3;15;A01
200900043849;0;33;0;0;2;1;1;B02
200900043850;0;7;0;0;2;1;1;A01
200900043850;0;33;0;0;2;8;1;B02
200900043850;0;33;0;0;2;1;1;C03
200900043851;0;7;0;0;0;5;15;A01
200900043851;0;2;0;0;0;1;0;B02
200900043852;0;7;0;0;9;7;1;A01
200900043852;0;1;0;0;2;1;19;B02
200900043853;0;7;0;0;2;3;1;A01
200900043853;0;33;0;0;2;3;5;B02
200900043854;0;7;0;2;0;1;1;A01
200900043855;0;33;0;0;2;2;17;B02
200900043855;0;7;0;0;2;6;17;A01
200900043856;0;7;0;0;2;1;1;A01
200900043856;0;7;0;0;2;2;13;B02
200900043857;0;7;0;0;2;3;13;B02
200900043857;0;33;0;0;2;3;13;A01
200900043858;0;7;0;0;0;3;1;A01
200900043858;0;99;0;1;0;1;19;B02
200900043859;0;7;0;16;0;9;0;A01
200900043860;0;7;0;0;0;1;0;C03
200900043860;0;7;0;0;0;2;13;B02
200900043860;0;7;0;0;2;1;13;A01
200900043861;0;7;0;0;0;4;20;A01
200900043861;0;2;0;0;2;1;1;B01
200900043862;0;7;0;0;2;2;16;B01
200900043862;0;2;0;0;2;1;1;A01
200900043863;0;10;0;0;2;3;0;A01
200900043863;0;7;0;0;0;8;1;B02
200900043864;0;7;0;0;1;4;4;A01
200900043865;0;10;0;0;2;3;13;A01
200900043865;0;30;0;0;2;1;17;B01
200900043866;0;30;0;0;2;1;1;B01
200900043866;0;7;0;0;2;3;10;A01
200900043867;0;7;0;0;0;4;2;C01
200900043867;0;7;0;0;2;4;2;B01
200900043867;0;7;0;0;2;1;1;A01
200900043868;0;10;0;0;2;1;1;A01
200900043868;0;7;0;0;2;4;2;B01
200900043869;0;7;0;0;0;8;0;B01
200900043869;0;33;0;0;2;1;1;A01
200900043870;0;37;2;11;0;1;1;A01
200900043871;0;37;1;0;2;5;9;A01
200900043871;0;1;0;0;2;1;1;B01
200900043872;0;1;0;0;1;1;1;A01
200900043873;0;32;0;0;2;8;3;A01
200900043873;0;7;0;0;2;2;12;B01
200900043874;0;33;0;4;0;3;13;B01
200900043874;0;10;0;0;0;0;11;A01
200900043875;0;34;0;0;2;1;2;A01
200900043875;0;7;0;0;0;6;15;B01
200900043876;0;7;0;0;2;1;5;A01
200900043876;0;7;0;0;2;3;0;B01
200900043877;0;1;0;0;2;1;1;B01
200900043877;0;7;0;0;2;3;0;A01
200900043878;0;7;0;6;0;1;1;A01
200900043879;0;2;0;0;2;7;13;A01
200900043879;0;7;0;0;2;3;15;B01
200900043880;0;33;0;0;2;7;1;B01
200900043880;0;7;0;0;2;3;10;A01
200900043881;0;7;0;0;2;1;1;B01
200900043881;0;1;0;0;2;8;1;A01
200900043882;0;7;0;0;2;1;2;C01
200900043882;0;7;0;0;2;4;2;B01
200900043882;0;10;0;0;2;4;2;A01
200900043883;0;7;0;0;0;5;1;B01
200900043883;0;33;0;0;2;1;3;A01
200900043884;0;7;0;0;0;2;21;A01
200900043885;0;7;0;0;2;1;2;B01
200900043885;0;7;0;0;0;4;2;A01
200900043886;0;14;0;0;2;8;9;A01
200900043886;0;14;0;0;2;3;13;B01
200900043886;0;7;0;0;0;4;1;C01
200900043887;0;7;0;0;0;6;1;A01
200900043887;0;34;0;0;2;2;14;B01
200900043888;0;99;0;0;0;6;1;A01
200900043888;0;33;0;0;2;1;12;B01
200900043889;0;7;0;0;0;9;0;A01
200900043890;0;7;0;0;2;3;1;A01
200900043890;0;10;0;0;2;3;1;B01
200900043890;0;7;0;0;2;0;1;C01
200900043891;0;7;0;4;0;8;1;A01
200900043892;0;7;0;0;2;3;1;A01
200900043892;0;33;0;0;2;1;3;B01
200900043893;0;31;0;0;2;2;3;B01
200900043893;0;7;0;0;2;3;1;A01
200900043894;0;7;0;0;2;1;2;C01
200900043894;0;7;0;0;0;4;1;A01
200900043894;0;7;0;0;0;1;1;B01
200900043895;0;7;0;0;2;1;2;B01
200900043895;0;7;0;0;2;1;2;C01
200900043895;0;10;0;0;0;4;1;A01
200900043896;0;33;0;0;0;7;9;A01
200900043897;0;31;0;0;2;1;13;B01
200900043897;0;13;0;0;2;4;1;A01
200900043898;0;7;0;0;2;4;2;C01
200900043898;0;7;0;0;2;1;2;A01
200900043898;0;7;0;0;2;4;2;B01
200900043899;0;7;0;0;0;0;2;A01
200900043900;0;7;0;13;0;2;1;A01
200900043901;0;7;0;0;0;9;0;A01
200900043902;0;7;0;0;2;1;2;B01
200900043902;0;7;0;0;0;4;2;A01
200900043902;0;7;0;0;2;1;2;C01
200900043903;0;7;0;8;0;2;14;A01
200900043904;0;99;0;0;0;7;14;A01
200900043905;0;7;0;0;2;7;2;A01
200900043906;0;7;0;4;0;1;21;A01
200900043907;0;7;0;0;0;1;1;A01
200900043908;0;10;0;0;2;1;1;B01
200900043908;0;7;0;0;0;4;1;A01
200900043909;0;34;0;0;0;0;0;B01
200900043909;0;14;0;0;0;0;0;A01
200900043910;0;33;0;0;2;1;1;A01
200900043910;0;33;0;0;0;4;1;B01
200900043911;0;7;0;0;2;8;2;B01
200900043911;0;33;0;0;2;7;2;A01
200900043912;0;7;0;0;2;7;12;B01
200900043912;0;15;0;0;0;6;1;A01
200900043912;0;33;0;0;2;8;3;C01
200900043913;0;7;0;0;2;4;2;D01
200900043913;0;7;0;0;2;4;2;E01
200900043913;0;10;0;0;2;4;1;C01
200900043913;0;15;0;0;2;1;1;A01
200900043913;0;7;0;0;2;4;1;B01
200900043914;0;7;0;13;0;9;1;A01
200900043915;0;34;0;0;2;3;3;A01
200900043915;0;7;0;0;2;3;0;C01
200900043915;0;7;0;0;2;6;1;B01
200900043916;0;7;0;0;2;1;2;B01
200900043916;0;7;0;0;0;4;2;A01
200900043917;0;7;0;3;0;1;1;A01
200900043918;0;7;0;0;9;8;2;A01
200900043919;0;33;0;0;2;8;3;A01
200900043919;0;7;0;0;2;7;1;B01
200900043920;0;7;0;2;0;1;0;A01
200900043921;0;33;0;0;2;1;2;A01
200900043921;0;7;0;0;0;4;2;B01
200900043922;0;33;0;0;0;0;0;A01
200900043923;0;33;0;0;2;1;3;B01
200900043923;0;10;0;0;2;4;1;C01
200900043923;0;7;0;0;2;7;12;A01
200900043924;0;33;0;14;0;8;2;A01
200900043925;0;7;0;0;2;5;1;A01
200900043926;0;7;0;0;0;4;2;B01
200900043926;0;7;0;0;2;1;2;C01
200900043926;0;7;0;0;0;4;2;A01
200900043927;0;15;0;0;2;0;12;B01
200900043927;0;7;0;4;2;0;1;A01
200900043927;0;7;0;0;0;1;1;C01
200900043928;0;7;0;0;0;1;1;A01
200900043928;0;7;0;0;2;4;1;B01
200900043928;0;7;0;0;2;4;1;C01
200900043929;0;7;0;0;0;1;1;B01
200900043929;0;33;0;0;2;1;3;A01
200900043929;0;7;0;0;0;4;1;C01
200900043930;0;7;0;0;2;4;12;B01
200900043930;0;31;0;0;2;1;1;A01
200900043931;0;7;0;0;2;4;1;A01
200900043931;0;7;0;0;2;1;1;D01
200900043931;0;7;0;0;2;1;1;C01
200900043931;0;7;0;0;2;1;1;B01
200900043932;0;7;0;0;2;3;1;B01
200900043932;0;10;0;0;2;1;1;A01
200900043933;0;15;0;0;0;6;0;A01
200900043933;0;7;0;1;0;2;0;B01
200900043934;0;33;0;0;2;1;1;B01
200900043934;0;7;0;0;2;8;1;A02
200900043935;0;7;0;0;2;1;0;A01
200900043935;0;7;0;0;2;6;0;B01
200900043936;0;7;0;0;0;4;2;B01
200900043936;0;7;0;0;2;1;1;A01
200900043937;0;1;0;0;0;1;0;A01
200900043938;0;7;0;0;0;4;2;B01
200900043938;0;30;0;0;2;1;1;A01
200900043939;0;7;0;0;0;0;0;A01
200900043940;0;1;0;1;2;1;1;A01
200900043940;0;7;0;1;2;3;16;B02
200900043941;0;7;0;2;2;1;21;A01
200900043942;0;30;0;0;1;1;3;A01
200900043943;0;7;0;0;2;7;1;B02
200900043943;0;7;0;0;2;1;1;A01
200900043944;0;7;0;0;2;7;0;B01
200900043944;0;7;0;8;2;1;0;A01
200900043945;0;99;0;0;2;1;1;B02
200900043945;0;7;0;0;2;2;0;A01
200900043946;0;32;0;0;2;1;12;B01
200900043946;0;7;0;0;2;3;0;A01
200900043947;0;7;0;0;2;3;15;A01
200900043947;0;31;0;0;2;1;17;B01
200900043948;0;1;0;0;2;1;1;A01
200900043948;0;7;0;0;2;7;1;B01
200900043949;0;37;61;0;1;1;1;A01
200900043950;1;30;0;0;1;1;1;A01
200900043951;0;7;0;0;2;2;15;A01
200900043951;0;7;0;0;2;3;23;B01
200900043952;0;7;0;0;1;3;15;A01
200900043953;0;7;0;0;2;5;15;A01
200900043953;0;7;0;0;2;3;1;B01
200900043954;0;17;0;0;2;2;1;B02
200900043954;0;7;0;0;2;3;15;A01
200900043955;0;1;0;0;2;8;15;B02
200900043955;0;7;0;0;2;2;17;A01
200900043956;0;7;0;0;2;3;1;B01
200900043956;0;10;0;0;2;3;13;A01
200900043957;0;7;0;8;0;1;1;A01
200900043958;0;7;0;0;0;2;14;A01
200900043959;0;7;0;0;2;3;1;B02
200900043959;0;7;0;0;2;2;15;A01
200900043960;0;7;0;2;0;9;1;A01
200900043961;0;7;0;0;0;8;15;B02
200900043961;0;7;0;0;2;2;17;A01
200900043962;0;7;0;7;0;1;14;A01
200900043963;0;17;0;0;2;2;2;B02
200900043963;0;17;0;0;0;6;20;A01
200900043964;0;7;0;0;2;8;23;C01
200900043964;0;30;0;0;2;3;1;A01
200900043964;0;7;0;0;2;2;16;B01
200900043965;0;32;0;11;2;1;17;A01
200900043965;0;7;0;0;2;3;1;B02
200900043966;0;7;0;2;0;2;1;A01
200900043967;0;17;0;0;0;4;23;A01
200900043967;0;17;0;14;0;4;23;B02
200900043967;0;17;0;14;0;1;2;C03
200900043968;0;33;0;0;2;1;11;A01
200900043968;0;7;0;0;2;2;15;B02
200900043969;0;7;0;0;2;8;1;B02
200900043969;0;17;0;0;2;3;6;A01
200900043969;0;7;0;4;0;3;21;C03
200900043970;0;7;0;13;0;1;1;A01
200900043971;2;7;0;0;2;2;17;A01
200900043971;0;7;0;0;2;6;1;B02
200900043972;0;7;0;0;2;1;1;B02
200900043972;0;1;0;0;2;4;14;A01
200900043973;0;7;0;0;2;1;1;B02
200900043973;0;7;0;0;2;1;13;A01
200900043974;0;7;0;6;0;1;1;A01
200900043975;0;33;0;0;2;1;0;B02
200900043975;0;7;0;0;2;8;19;A01
200900043976;0;10;0;0;2;7;1;B02
200900043976;0;1;0;0;2;1;19;A01
200900043977;0;30;0;0;2;1;1;A01
200900043977;0;7;0;0;2;2;16;B01
200900043978;0;7;0;0;1;1;17;A01
200900043979;0;7;0;0;2;3;13;A01
200900043979;0;10;0;0;2;3;1;B02
200900043980;1;7;0;0;1;1;0;A01
200900043981;0;30;0;0;0;0;1;A01
200900043982;0;1;0;0;2;8;19;A01
200900043982;0;7;0;0;2;1;1;B02
200900043983;0;7;0;0;2;2;15;A01
200900043983;0;33;0;0;2;1;1;B02
200900043984;0;7;0;13;0;1;14;A01
200900043985;0;33;0;8;0;1;21;A01
200900043986;0;7;0;2;0;1;2;A01
200900043987;0;7;0;0;9;1;1;C03
200900043987;0;33;0;0;2;7;1;A01
200900043987;0;7;0;0;2;8;1;B02
200900043988;0;7;0;2;0;1;1;A01
200900043989;0;7;0;6;0;1;4;A01
200900043990;0;1;0;0;2;1;1;B01
200900043990;0;10;0;0;2;7;1;A01
200900043991;0;7;0;13;0;1;14;A01
200900043992;0;30;0;0;2;8;17;B01
200900043992;0;7;0;0;2;1;15;A01
200900043993;0;33;0;0;2;1;1;B02
200900043993;0;7;0;0;2;1;13;A01
200900043993;0;7;0;0;2;5;21;C03
200900043994;0;7;0;0;2;7;1;B01
200900043994;0;7;0;0;2;1;16;A01
200900043995;0;33;0;3;0;8;13;A01
200900043996;0;30;0;0;2;1;2;A01
200900043996;0;7;0;0;2;4;23;B01
200900043997;0;7;0;0;2;4;2;C01
200900043997;0;1;0;0;2;1;14;A01
200900043997;0;10;0;0;2;3;2;B01
200900043998;0;7;0;13;0;1;14;A01
200900043999;0;7;0;8;0;1;14;A01
200900044000;0;7;0;13;0;2;1;A01
200900044001;0;7;0;13;0;1;14;A01
200900044002;0;10;0;0;2;2;2;A01
200900044002;0;21;0;0;2;3;15;B02
200900044003;0;33;0;0;2;2;1;B01
200900044003;0;7;0;0;2;2;15;A01
200900044004;0;7;0;13;0;1;14;A01
200900044005;0;7;0;2;0;1;0;A01
200900044006;0;33;0;0;2;8;1;B01
200900044006;0;7;0;0;2;7;14;A01
200900044007;0;7;0;0;2;8;2;B01
200900044007;1;7;0;0;2;0;0;C01
200900044007;0;7;0;4;2;3;2;A01
200900044008;0;33;0;0;2;3;3;A01
200900044008;0;7;0;0;0;4;15;B01
200900044009;2;10;0;0;2;1;1;A01
200900044009;0;7;0;0;2;3;13;B01
200900044010;0;7;0;0;2;7;1;B01
200900044010;0;7;0;0;2;8;1;A01
200900044011;0;7;0;6;0;1;1;A01
200900044012;0;10;0;0;2;8;1;B02
200900044012;0;7;0;0;2;1;13;A01
200900044012;0;10;0;0;2;1;1;C03
200900044013;0;7;0;0;2;8;1;C03
200900044013;0;7;0;0;2;3;1;D04
200900044013;0;7;0;0;2;4;15;B02
200900044013;0;38;1;0;2;3;2;A01
200900044014;0;7;0;0;2;1;1;B02
200900044014;0;7;0;0;2;1;13;A01
200900044015;0;7;0;0;2;3;1;B02
200900044015;0;30;0;0;2;3;13;A01
200900044016;0;7;0;13;0;1;1;A01
200900044017;0;30;0;0;2;8;15;B02
200900044017;0;7;0;0;2;3;1;A01
200900044018;0;31;0;0;2;1;15;B02
200900044018;0;10;0;0;2;3;15;A01
200900044019;0;2;0;0;2;1;1;B02
200900044019;0;7;0;0;2;3;5;A01
200900044020;0;7;0;0;2;5;21;A01
200900044020;0;7;0;0;2;1;0;B02
200900044021;0;1;0;0;2;1;19;A01
200900044021;0;21;0;0;2;2;16;B02
200900044022;0;7;0;8;0;9;1;A01
200900044023;0;1;0;0;0;8;1;B02
200900044023;0;7;0;0;2;7;17;A01
200900044024;0;7;0;13;0;1;12;A01
200900044025;0;30;0;0;2;2;17;B01
200900044025;0;7;0;0;2;2;19;A01
200900044026;0;31;0;0;0;1;1;A01
200900044027;0;7;0;0;1;1;1;A01
200900044028;0;30;0;0;0;0;1;A01
200900044029;0;2;0;3;0;0;2;A01
200900044030;0;10;0;0;1;0;2;A01
200900044031;0;7;0;0;2;3;9;A01
200900044031;0;37;2;0;2;2;1;B01
200900044032;0;38;1;0;1;1;7;A01
200900044033;0;14;0;4;2;3;1;B02
200900044033;0;7;0;4;2;2;13;A01
200900044034;0;7;0;0;2;1;1;A01
200900044034;0;7;0;0;2;4;15;B02
200900044035;0;14;0;3;0;7;1;A01
200900044036;0;7;0;0;9;8;22;A01
200900044036;0;1;0;1;0;7;1;C03
200900044036;0;7;0;0;9;1;1;B02
200900044037;0;7;0;0;2;3;2;A01
200900044037;0;7;0;0;2;4;23;B02
200900044037;0;7;0;0;2;3;1;C03
200900044038;0;7;0;2;0;2;17;A01
200900044039;0;10;0;0;2;8;1;B02
200900044039;0;7;0;0;2;3;13;A01
200900044039;0;7;0;0;9;1;1;C03
200900044040;0;7;0;13;0;2;1;A01