num_acc;senc;catv;occutc;obs;obsm;choc;manv;num_veh
200900044041;0;7;0;0;2;3;1;B02
200900044041;0;7;0;0;2;3;1;A01
200900044042;0;7;0;8;2;3;15;B02
200900044042;0;33;0;0;2;2;17;A01
200900044043;0;30;0;0;0;8;2;B02
200900044043;0;30;0;0;0;7;0;A01
200900044044;0;7;0;0;2;3;1;A01
200900044044;0;33;0;0;2;3;1;B02
200900044045;0;7;0;0;2;3;13;A01
200900044045;0;7;0;0;2;3;1;B02
200900044046;0;7;0;15;2;3;17;A01
200900044046;0;7;0;0;2;2;1;B01
200900044047;0;1;0;0;2;8;1;B02
200900044047;0;7;0;0;2;2;15;A01
200900044048;0;10;0;0;2;1;1;B02
200900044048;0;7;0;0;2;3;15;A01
200900044049;0;7;0;0;1;1;15;A01
200900044050;0;7;0;13;0;2;1;A01
200900044051;0;1;0;0;2;1;15;A01
200900044051;0;10;0;0;0;1;1;B01
200900044052;0;33;0;14;0;1;1;A01
200900044052;0;7;0;0;2;3;23;B02
200900044053;0;7;0;0;2;1;1;B02
200900044053;0;33;0;0;2;7;16;A01
200900044054;0;33;0;2;0;0;1;A01
200900044055;0;7;0;16;0;9;1;A01
200900044056;0;32;0;0;2;4;24;B02
200900044056;0;7;0;1;0;2;1;A01
200900044057;0;7;0;14;0;1;1;A01
200900044058;0;7;0;9;0;1;1;A01
200900044059;0;1;0;0;2;1;1;B02
200900044059;0;7;0;0;2;2;15;A01
200900044060;0;7;0;2;0;8;14;A01
200900044061;0;1;0;0;0;0;1;B01
200900044061;0;7;0;0;2;1;15;A01
200900044062;0;10;0;0;0;4;17;B02
200900044062;0;30;0;0;2;1;2;A01
200900044063;0;7;0;0;0;0;1;B01
200900044063;0;2;0;0;2;0;1;A01
200900044064;0;7;0;0;2;1;13;A01
200900044064;0;7;0;0;2;3;21;B02
200900044065;0;7;0;2;0;8;1;A01
200900044066;0;30;0;0;2;1;1;B01
200900044066;0;7;0;0;2;1;15;A01
200900044067;0;1;0;0;2;3;1;B02
200900044067;0;7;0;0;9;3;15;A01
200900044068;0;10;0;0;0;4;23;C03
200900044068;0;10;0;0;0;4;23;D04
200900044068;0;10;0;0;0;4;23;B02
200900044068;0;10;0;0;0;1;2;A01
200900044069;0;7;0;0;1;7;2;A01
200900044070;0;2;0;0;2;1;17;A01
200900044070;0;7;0;0;2;6;15;A02
200900044071;0;33;0;4;0;3;16;A01
200900044072;0;33;0;0;1;7;1;A01
200900044073;0;7;0;0;2;8;1;B02
200900044073;0;3;0;0;2;8;1;A01
200900044074;0;30;0;0;0;8;1;A01
200900044075;0;33;0;0;2;8;17;A01
200900044075;0;7;0;;;;;B02
200900044076;0;7;0;0;2;8;1;C03
200900044076;0;7;0;0;2;4;2;B02
200900044076;0;33;0;0;2;1;2;A01
200900044077;0;10;0;0;9;3;15;A01
200900044077;0;30;0;0;2;1;17;B02
200900044078;0;7;0;0;9;3;1;A01
200900044078;0;1;0;0;2;1;5;B01
200900044079;0;30;0;13;0;1;1;A01
200900044080;0;7;0;;2;3;1;B02
200900044080;0;7;0;;2;3;15;A01
200900044081;0;33;0;0;2;3;15;B01
200900044081;0;7;0;;;2;15;A01
200900044082;0;7;0;;2;3;1;B01
200900044082;0;30;0;;2;1;1;A01
200900044083;0;7;0;0;1;3;0;A01
200900044084;0;7;0;0;2;1;2;B01
200900044084;0;7;0;0;2;4;1;A01
200900044085;0;7;0;0;2;1;9;A01
200900044085;0;7;0;0;2;1;1;B01
200900044086;0;7;0;0;2;6;15;A01
200900044086;0;32;0;0;2;1;1;B01
200900044087;0;7;0;0;0;4;1;B01
200900044087;0;7;0;0;2;1;1;A01
200900044088;0;7;0;0;2;7;15;A01
200900044088;0;7;0;0;2;1;1;B01
200900044089;0;7;0;0;2;3;15;B01
200900044089;0;30;0;0;2;1;17;A01
200900044090;0;7;0;0;1;1;1;A01
200900044091;0;7;0;0;0;6;15;B01
200900044091;0;33;0;0;2;1;1;A01
200900044092;0;30;0;0;2;1;1;A01
200900044092;0;10;0;0;2;5;23;B01
200900044093;0;33;0;0;2;3;17;B01
200900044093;0;7;0;0;0;2;9;A01
200900044094;0;34;0;0;1;1;1;A01
200900044095;0;7;0;0;2;1;2;A01
200900044095;0;7;0;0;2;4;2;B01
200900044096;0;7;0;0;1;1;1;A01
200900044097;0;2;0;0;1;1;1;A01
200900044098;0;7;0;0;2;3;2;A01
200900044098;0;33;0;0;2;1;1;B02
200900044099;0;38;0;6;0;3;1;A01
200900044100;0;7;0;11;0;1;14;A01
200900044101;0;7;0;13;0;2;1;A01
200900044102;0;33;0;8;0;2;14;A01
200900044103;0;7;0;0;1;0;1;A01
200900044104;0;34;0;0;2;1;1;B01
200900044104;0;7;0;0;2;3;9;A01
200900044105;0;7;0;0;2;6;1;B01
200900044105;0;2;0;0;2;0;2;A01
200900044106;0;7;0;0;2;1;1;B01
200900044106;0;30;0;0;2;3;9;A01
200900044107;0;7;0;0;2;1;2;A01
200900044107;0;7;0;0;2;4;2;B01
200900044108;0;7;0;0;2;2;15;A01
200900044108;0;30;0;0;2;1;1;B01
200900044109;0;34;0;0;2;1;1;B01
200900044109;0;7;0;0;2;7;1;A01
200900044110;0;7;0;0;2;4;1;B01
200900044110;0;7;0;0;2;4;1;C01
200900044110;0;7;0;0;2;1;1;A01
200900044111;0;30;0;0;2;1;2;A01
200900044111;0;7;0;0;2;4;2;B01
200900044112;1;7;0;0;2;0;0;A01
200900044112;0;1;0;0;2;8;19;B01
200900044113;0;7;0;0;2;1;5;A01
200900044113;0;2;0;0;2;2;1;B01
200900044114;0;1;0;0;2;1;1;B01
200900044114;0;7;0;0;0;5;1;A01
200900044115;0;7;0;0;2;3;19;A01
200900044115;0;30;0;0;2;1;1;B01
200900044116;0;7;0;0;0;8;5;A01
200900044116;0;7;0;0;2;2;1;B01
200900044117;0;7;0;0;0;6;1;B01
200900044117;0;2;0;0;2;1;2;A01
200900044118;0;7;0;0;2;2;1;B01
200900044118;0;7;0;0;2;1;1;A01
200900044119;0;31;0;0;2;1;1;A01
200900044119;0;7;0;0;2;1;1;B01
200900044120;0;7;0;0;1;1;0;A01
200900044121;0;7;0;0;2;1;1;A01
200900044121;0;7;0;0;2;4;23;B01
200900044122;0;7;0;0;1;1;1;A01
200900044123;0;30;0;0;2;1;1;A01
200900044123;0;10;0;0;2;3;19;B01
200900044124;0;30;0;0;2;1;1;A01
200900044124;0;7;0;0;2;1;2;B01
200900044125;0;7;0;0;2;3;15;B01
200900044125;0;30;0;0;2;1;17;A01
200900044126;0;7;0;0;1;1;1;A01
200900044127;0;7;0;0;2;1;1;B01
200900044127;0;7;0;0;2;1;13;A01
200900044128;0;1;0;0;2;1;2;A01
200900044128;0;1;0;0;2;4;2;B01
200900044129;0;7;0;0;1;1;1;A01
200900044130;0;34;0;0;2;8;1;B01
200900044130;0;7;0;0;2;1;1;A01
200900044131;0;33;0;0;2;1;1;B01
200900044131;0;7;0;0;2;7;9;A01
200900044132;0;30;0;0;2;1;1;A01
200900044132;0;1;0;0;2;7;19;B01
200900044133;0;30;0;12;0;1;14;A01
200900044134;0;7;0;2;0;9;1;A01
200900044135;0;30;0;0;2;3;9;A01
200900044135;0;7;0;0;2;1;1;B01
200900044136;0;10;0;0;1;1;1;A01
200900044137;0;7;0;0;2;8;1;B01
200900044137;0;7;0;0;2;7;22;A01
200900044138;0;7;0;0;0;6;1;A01
200900044138;0;30;0;0;2;1;1;B02
200900044139;0;7;0;0;2;0;1;B01
200900044139;0;32;0;0;2;8;1;A01
200900044140;0;7;0;0;2;0;1;A01
200900044140;0;30;0;0;2;0;1;B01
200900044141;0;7;0;0;2;1;1;A01
200900044141;0;7;0;0;2;8;1;B01
200900044142;0;7;0;0;2;3;1;B02
200900044142;0;1;0;0;2;1;1;A01
200900044143;0;10;0;0;2;1;1;C03
200900044143;0;7;0;0;2;8;1;B02
200900044143;0;7;0;0;2;1;1;A01
200900044144;0;7;0;0;2;2;15;A01
200900044144;0;7;0;0;2;3;1;B02
200900044145;0;7;0;0;2;1;1;A01
200900044145;0;7;0;0;2;4;1;C01
200900044145;0;7;0;0;2;1;1;B01
200900044146;0;7;0;0;2;3;1;A01
200900044146;0;34;0;0;2;7;1;B01
200900044147;0;7;0;5;0;1;0;A01
200900044148;0;2;0;0;2;8;1;A01
200900044148;0;7;0;0;2;7;2;B01
200900044148;0;7;0;1;2;5;0;C01
200900044149;0;7;0;0;2;1;1;B01
200900044149;0;7;0;0;2;4;1;C01
200900044149;0;7;0;0;2;1;1;A01
200900044150;0;7;0;0;2;3;1;C03
200900044150;0;7;0;0;2;1;13;A01
200900044150;0;7;0;0;2;8;1;B02
200900044151;0;7;0;0;0;0;19;A01
200900044152;0;7;0;0;2;0;1;A01
200900044152;0;33;0;0;2;0;1;B01
200900044152;0;7;0;0;2;0;1;C01
200900044153;0;33;0;13;0;7;1;A01
200900044154;0;7;0;0;1;3;1;A01
200900044155;0;10;0;0;2;3;1;B02
200900044155;0;10;0;0;2;3;1;A01
200900044156;0;7;0;0;2;3;1;C01
200900044156;0;7;0;0;2;8;1;B01
200900044156;0;7;0;0;2;3;1;A01
200900044157;0;7;0;0;2;4;0;B01
200900044157;0;7;0;0;2;1;1;A01
200900044158;0;7;0;0;1;1;2;A01
200900044159;0;7;0;0;2;2;1;C01
200900044159;0;7;0;0;2;6;0;A01
200900044159;0;7;0;0;2;2;0;B01
200900044160;0;2;0;0;0;7;1;A01
200900044161;0;7;0;0;2;4;1;B01
200900044161;0;10;0;0;2;1;15;A01
200900044162;0;7;0;0;2;1;2;B01
200900044162;0;7;0;1;2;1;2;A01
200900044163;0;31;0;16;0;1;2;A01
200900044164;0;7;0;0;1;1;2;A01
200900044165;0;1;0;0;0;0;0;A01
200900044166;0;7;0;6;0;1;1;A01
200900044167;0;7;0;0;2;5;23;B01
200900044167;0;2;0;0;2;1;2;A01
200900044168;0;30;0;0;2;1;2;B01
200900044168;0;7;0;0;2;2;15;A01
200900044169;1;7;0;0;1;2;2;Z01
200900044170;0;1;0;0;2;7;2;B01
200900044170;0;7;0;0;2;3;15;A01
200900044171;0;30;0;0;2;4;1;A01
200900044171;1;7;0;0;2;1;2;Z01
200900044172;0;7;0;0;2;1;2;A01
200900044172;0;7;0;0;2;4;1;B01
200900044173;0;2;0;0;2;1;2;A01
200900044173;0;7;0;0;2;5;23;B01
200900044174;0;1;0;0;0;0;0;A01
200900044175;0;2;0;0;0;0;1;A01
200900044176;0;7;0;1;0;1;2;A01
200900044177;0;30;0;16;0;7;1;A01
200900044178;0;7;0;0;2;3;2;B01
200900044178;0;7;0;0;2;1;15;A01
200900044179;0;7;0;0;2;3;15;A01
200900044179;0;33;0;0;2;7;1;B01
200900044180;0;7;0;0;2;4;23;B01
200900044180;0;7;0;0;2;0;0;A01
200900044181;0;7;0;0;2;1;2;A01
200900044181;0;30;0;0;2;1;2;B01
200900044182;0;31;0;0;2;1;2;B01
200900044182;0;7;0;0;2;2;2;A01
200900044183;0;7;0;3;2;1;2;A01
200900044183;0;7;0;0;2;1;2;B01
200900044184;0;7;0;0;2;3;2;B01
200900044184;0;7;0;0;2;1;15;A01
200900044185;0;7;0;0;0;9;1;A01
200900044186;0;7;0;0;0;9;1;A01
200900044187;0;7;0;8;0;3;21;A01
200900044188;0;7;0;0;2;2;16;A01
200900044188;0;7;0;0;2;8;2;B01
200900044189;0;2;0;8;0;0;0;A01
200900044190;0;7;0;0;2;1;2;A01
200900044190;0;7;0;0;2;4;2;B01
200900044191;0;7;0;0;1;1;0;A01
200900044192;0;7;0;0;2;3;2;A01
200900044192;0;33;0;0;2;1;2;B01
200900044193;0;1;0;0;2;1;2;B01
200900044193;0;1;0;0;2;1;2;A01
200900044194;0;33;0;6;0;1;17;A01
200900044195;0;7;0;0;2;2;2;A01
200900044195;0;7;0;0;2;4;1;B01
200900044196;0;7;0;0;2;4;23;B01
200900044196;0;7;0;0;2;1;2;A01
200900044197;0;7;0;8;6;1;1;A01
200900044198;0;30;0;1;0;2;0;A01
200900044199;0;7;0;0;2;1;1;B01
200900044199;0;7;0;0;2;2;15;A01
200900044200;0;33;0;0;2;0;17;A01
200900044200;0;7;0;0;2;5;15;B01
200900044201;0;7;0;0;2;7;1;A01
200900044201;0;7;0;0;2;1;1;B01
200900044202;0;10;0;1;0;1;16;A01
200900044203;0;7;0;0;2;1;15;A01
200900044203;0;7;0;0;2;1;1;B01
200900044204;0;33;0;0;1;3;1;A01
200900044205;0;30;0;0;0;7;1;A01
200900044206;0;7;0;0;2;6;1;B01
200900044206;0;30;0;0;2;1;2;A01
200900044207;0;7;0;0;0;8;1;A01
200900044208;0;7;0;2;0;1;13;A01
200900044209;0;7;0;0;2;3;1;B01
200900044209;0;7;0;12;2;7;1;C01
200900044209;0;7;0;0;2;1;15;A01
200900044210;0;2;0;0;1;1;1;A01
200900044211;0;7;0;0;2;2;2;B01
200900044211;0;30;0;0;2;1;2;A01
200900044212;0;7;0;0;2;4;2;B01
200900044212;0;7;0;0;2;1;2;A01
200900044213;0;10;0;3;0;2;2;A01
200900044214;0;10;0;0;2;5;15;A01
200900044214;0;31;0;0;2;1;2;B01
200900044215;0;7;0;0;2;1;1;A01
200900044215;0;7;0;0;0;8;1;B01
200900044216;0;7;0;0;1;1;1;A01
200900044217;0;31;0;0;2;1;1;B01
200900044217;0;31;0;2;2;5;0;A01
200900044218;0;33;0;0;2;4;2;B01
200900044218;0;7;0;0;2;2;1;A01
200900044219;0;10;0;0;2;3;9;A01
200900044219;0;7;0;0;2;1;23;C01
200900044219;0;33;0;0;2;0;1;B01
200900044220;0;7;0;0;2;6;20;B01
200900044220;0;7;0;8;2;1;1;A01
200900044221;0;7;0;0;2;0;15;A01
200900044221;0;33;0;0;2;5;17;B01
200900044222;0;7;0;0;1;4;20;A01
200900044223;0;7;0;0;2;1;1;B02
200900044223;0;7;0;0;2;1;13;A01
200900044224;0;30;0;0;2;7;1;B01
200900044224;0;7;0;0;2;8;1;A01
200900044225;0;7;0;0;2;1;1;B02
200900044225;0;7;0;0;0;8;10;A01
200900044226;0;7;0;0;2;0;1;B01
200900044226;0;7;0;0;0;0;1;A01
200900044227;0;7;0;0;2;7;1;A01
200900044227;0;7;0;0;2;7;1;B01
200900044228;0;10;0;0;0;2;0;B02
200900044228;0;14;0;0;0;2;0;A01
200900044229;0;33;0;0;2;1;1;B01
200900044229;0;7;0;0;2;5;1;A01
200900044230;0;7;0;0;2;1;1;A01
200900044230;0;7;0;0;2;4;1;B01
200900044231;0;7;0;0;0;1;1;A01
200900044231;0;7;0;0;0;1;1;B02
200900044232;0;2;0;0;2;1;1;A01
200900044232;0;7;0;0;2;4;1;B01
200900044233;0;7;0;13;0;5;1;A01
200900044234;0;7;0;0;2;2;17;A01
200900044234;0;7;0;0;2;8;15;B02
200900044235;0;7;0;0;2;3;1;B02
200900044235;0;7;0;0;2;1;15;A01
200900044236;0;7;0;0;2;3;1;B01
200900044236;0;33;0;0;2;1;17;A01
200900044237;0;7;0;0;2;1;2;A01
200900044237;0;7;0;0;2;4;1;B01
200900044238;0;7;0;16;0;9;1;A01
200900044239;0;33;0;0;2;3;1;A01
200900044239;0;7;0;0;2;1;1;B01
200900044240;0;7;0;0;2;1;1;A01
200900044240;0;7;0;0;2;4;1;B01
200900044241;0;7;0;0;1;5;20;A01
200900044242;0;7;0;0;2;1;1;A01
200900044242;0;7;0;0;2;1;1;B01
200900044243;0;7;0;0;2;1;1;A01
200900044243;0;7;0;0;2;4;1;B01
200900044244;0;7;0;13;0;9;1;A01
200900044245;0;7;0;0;2;1;1;A01
200900044245;0;2;0;0;2;8;1;B01
200900044246;0;30;0;6;0;7;1;A01
200900044247;0;17;0;0;0;8;19;A01
200900044248;0;33;0;0;2;1;1;B01
200900044248;0;7;0;0;2;1;1;A01
200900044249;0;7;0;0;2;4;0;A01
200900044249;0;7;0;0;2;1;0;B01
200900044250;0;2;0;0;2;1;1;A01
200900044250;0;7;0;0;2;8;1;B01
200900044251;0;33;0;0;2;1;1;A01
200900044252;0;7;0;0;2;3;13;A01
200900044252;0;38;1;0;2;3;1;B02
200900044253;0;7;0;0;0;6;15;B02
200900044253;0;30;0;0;2;2;17;A01
200900044254;0;10;0;0;2;7;21;C03
200900044254;0;7;0;0;2;2;1;A01
200900044254;0;7;0;0;2;2;1;B02
200900044255;0;7;0;0;2;1;13;A01
200900044255;0;7;0;0;2;1;1;B02
200900044256;0;30;0;3;0;1;14;A01
200900044257;0;7;0;0;2;1;13;A01
200900044257;0;7;0;0;2;1;1;B02
200900044258;0;7;0;13;0;1;1;A01
200900044259;0;7;0;0;2;3;9;A01
200900044259;0;33;0;0;2;1;17;B01
200900044260;0;7;0;6;0;1;0;A01
200900044261;0;31;0;0;2;1;1;B01
200900044261;0;7;0;0;2;3;9;A01
200900044261;0;37;1;0;2;1;1;C01
200900044262;0;7;0;0;2;1;15;A01
200900044262;0;2;0;0;2;6;1;B01
200900044263;0;33;0;0;2;1;1;B01
200900044263;0;7;0;0;2;1;15;A01
200900044264;0;2;0;0;2;0;9;A01
200900044264;0;2;0;0;2;1;1;B01
200900044265;0;31;0;0;2;1;1;B01
200900044265;0;10;0;0;2;2;0;A01
200900044266;0;14;0;0;2;3;1;B01
200900044266;0;31;0;0;2;1;17;A01
200900044267;0;7;0;0;1;1;1;A01
200900044268;0;7;0;0;2;3;15;B01
200900044268;0;2;0;0;2;2;17;A01
200900044269;0;7;0;0;2;3;9;A01
200900044269;0;2;0;0;2;7;1;B01
200900044270;0;7;0;0;1;1;12;A01
200900044271;0;7;0;0;2;8;15;A01
200900044271;0;31;0;0;2;1;1;B01
200900044272;0;7;0;0;2;2;1;B01
200900044272;0;7;0;0;2;3;15;A01
200900044273;0;33;0;0;2;1;1;B01
200900044273;0;7;0;0;2;3;10;A01
200900044274;0;33;0;0;0;8;1;A01
200900044275;0;33;0;0;2;8;16;A01
200900044275;0;7;0;0;2;8;1;B01
200900044276;0;31;0;0;2;5;1;B01
200900044276;0;10;0;0;0;0;16;C01
200900044276;0;7;0;0;2;3;2;A01
200900044277;0;37;4;0;2;1;1;B01
200900044277;0;31;0;0;2;1;21;A01
200900044278;0;7;0;13;0;2;1;A01
200900044279;0;10;0;0;2;2;15;A01
200900044279;0;10;0;0;2;2;0;B02
200900044280;0;14;0;0;2;1;1;B02
200900044280;0;2;0;0;2;1;13;A01
200900044281;0;7;0;2;0;1;1;A01
200900044282;0;1;0;0;2;1;1;B02
200900044282;0;10;0;0;9;2;15;A01
200900044283;0;38;0;0;0;3;15;B02
200900044283;0;33;0;11;0;7;17;A01
200900044284;0;7;0;0;2;2;1;B02
200900044284;0;7;0;4;2;3;11;A01
200900044285;0;7;0;2;0;1;14;A01
200900044286;0;1;0;0;0;4;2;B02
200900044286;0;7;0;0;0;2;2;A01
200900044287;0;7;0;0;0;2;15;A01
200900044287;0;7;0;0;0;2;2;B02
200900044288;0;7;0;0;1;4;4;A01
200900044289;0;7;0;0;2;3;15;B02
200900044289;0;2;0;0;2;1;1;A01
200900044290;0;7;0;2;0;9;1;A01
200900044291;0;7;0;8;0;3;13;A01
200900044292;0;15;0;0;0;4;2;B02
200900044292;0;10;0;0;2;1;2;A01
200900044293;0;7;0;0;2;1;1;B02
200900044293;0;7;0;14;2;1;13;A01
200900044294;0;16;0;0;0;1;1;B02
200900044294;0;16;0;0;0;2;15;A01
200900044295;0;7;0;0;2;1;0;B02
200900044295;0;2;0;0;2;1;15;A01
200900044296;0;7;0;0;2;3;15;A01
200900044296;0;7;0;0;2;2;0;B02
200900044297;0;33;0;0;9;1;1;A01
200900044298;0;7;0;3;0;7;1;A01
200900044299;0;10;0;0;2;3;1;B02
200900044299;0;7;0;0;0;1;13;A01
200900044300;0;7;0;14;0;2;1;A01
200900044301;0;7;0;2;0;2;0;A01
200900044302;1;14;0;0;1;2;1;A01
200900044303;0;7;0;0;1;3;1;A01
200900044304;0;7;0;6;0;1;13;A01
200900044305;0;10;0;0;2;2;2;A01
200900044305;0;1;0;0;0;4;2;B02
200900044306;0;7;0;0;1;4;4;A01
200900044307;0;7;0;6;0;8;1;A01
200900044308;0;7;0;0;2;2;1;C03
200900044308;0;7;0;0;2;2;13;A01
200900044308;0;7;0;0;2;1;1;B02
200900044309;0;33;0;0;2;1;1;B01
200900044309;0;7;0;0;2;6;6;A01
200900044310;0;7;0;9;0;2;14;A01
200900044311;1;7;0;0;2;0;1;A01
200900044311;0;30;0;0;2;7;1;B01
200900044312;0;7;0;0;1;1;1;A01
200900044313;0;7;0;2;0;2;1;A01
200900044314;0;7;0;0;1;1;1;A01
200900044315;0;7;0;0;1;5;20;A01
200900044316;0;7;0;0;0;0;0;B01
200900044316;0;7;0;0;2;1;0;A01
200900044317;0;7;0;0;2;1;2;A01
200900044317;0;7;0;0;2;4;2;B01
200900044317;0;7;0;0;2;4;2;C01
200900044318;0;7;0;0;1;1;1;A01
200900044319;0;7;0;0;2;1;1;B01
200900044319;0;1;0;0;2;4;15;A01
200900044320;0;7;0;0;1;8;1;A01
200900044321;0;7;0;0;2;1;1;B01
200900044321;2;7;0;0;2;2;19;A01
200900044322;0;7;0;15;0;1;14;A01
200900044323;0;7;0;0;2;4;23;B01
200900044323;0;7;0;0;2;4;23;C01
200900044323;0;7;0;0;2;1;1;A01
200900044324;0;2;0;0;2;7;17;A01
200900044324;0;7;0;0;2;8;15;B01
200900044325;0;7;0;0;2;4;4;A01
200900044325;0;7;0;0;2;3;4;B01
200900044326;0;33;0;0;2;5;1;A01
200900044327;0;7;0;0;2;2;1;B01
200900044327;0;7;0;0;2;8;9;A01
200900044328;0;7;0;0;2;1;1;B01
200900044328;0;7;0;0;2;1;5;A01
200900044329;0;7;0;0;2;0;10;A01
200900044329;0;7;0;0;2;1;1;B01
200900044329;0;7;0;0;2;8;1;C01
200900044330;0;7;0;1;0;2;14;A01
200900044331;0;7;0;3;0;1;14;A01
200900044332;0;7;0;6;0;1;13;A01
200900044333;1;7;0;0;2;1;1;B01
200900044333;0;30;0;0;2;8;9;A01
200900044334;0;7;0;2;0;1;21;A01
200900044335;0;14;0;0;1;5;4;A01
200900044336;0;7;0;0;2;5;9;A01
200900044336;0;33;0;0;2;1;1;B01
200900044337;0;2;0;0;0;8;0;A01
200900044338;0;7;0;0;6;1;1;A01
200900044339;0;7;0;8;0;1;14;A01
200900044340;0;7;0;0;1;1;1;A01
200900044341;0;7;0;0;2;4;1;B01
200900044341;0;10;0;0;2;1;1;A01
200900044341;0;7;0;0;2;4;1;C01
200900044342;0;10;0;0;2;8;1;B01
200900044342;0;7;0;0;2;7;1;A01
200900044343;0;7;0;0;6;3;1;A01
200900044344;0;7;0;6;2;3;13;A01
200900044345;0;7;0;0;1;4;4;A01
200900044346;0;7;0;0;2;3;19;B01
200900044346;0;33;0;0;2;7;1;A01
200900044347;0;7;0;0;1;4;4;A01
200900044348;0;7;0;0;1;1;1;A01
200900044349;0;7;0;0;2;5;15;A01
200900044349;0;33;0;0;2;1;1;B01
200900044350;0;7;0;0;2;3;0;B01
200900044350;0;7;0;0;2;1;1;A01
200900044351;0;7;0;0;0;4;2;C01
200900044351;0;7;0;0;2;1;2;A01
200900044351;0;7;0;0;2;4;2;B01
200900044352;0;7;0;0;2;1;2;A01
200900044352;0;7;0;0;2;4;15;B01
200900044353;0;7;0;0;1;1;1;A01
200900044354;0;7;0;8;0;1;1;A01
200900044355;0;7;0;0;2;4;1;B01
200900044355;0;10;0;0;2;1;1;A01
200900044356;0;30;0;0;2;7;13;A01
200900044356;0;7;0;0;2;8;1;B01
200900044357;0;2;0;0;2;7;1;B01
200900044357;0;7;0;0;2;3;9;A01
200900044358;0;3;0;0;1;1;1;A01
200900044359;0;7;0;13;0;1;0;A01
200900044360;0;33;0;0;2;9;1;B01
200900044360;0;7;0;0;2;8;15;A01
200900044361;0;30;0;0;2;1;16;B01
200900044361;0;7;0;0;2;1;15;A01
200900044362;0;33;0;0;2;1;1;C01
200900044362;0;7;0;0;2;5;19;A01
200900044362;0;33;0;0;2;1;1;B01
200900044363;0;7;0;13;0;9;0;A01
200900044364;0;7;0;8;0;1;14;A01
200900044365;0;7;0;0;1;3;1;A01
200900044366;0;7;0;0;1;0;1;A01
200900044367;0;7;0;0;2;1;1;B01
200900044367;0;7;0;0;2;1;13;A01
200900044368;0;36;0;0;0;0;0;A01
200900044369;0;7;0;0;2;1;1;A01
200900044369;0;7;0;0;2;4;23;B01
200900044370;0;7;0;0;2;1;9;A01
200900044370;0;30;0;0;2;0;1;B01
200900044371;0;7;0;6;0;1;1;A01
200900044372;0;7;0;8;0;1;14;A01
200900044373;0;7;0;0;2;0;15;B01
200900044373;0;7;0;0;2;0;1;A01
200900044374;0;7;0;4;0;7;14;A01
200900044375;0;7;0;0;2;1;2;A01
200900044375;0;7;0;0;2;4;2;C01
200900044375;0;7;0;0;2;4;2;B01
200900044376;0;7;0;0;1;1;1;A01
200900044377;0;30;0;13;0;1;13;A01
200900044378;0;7;0;2;0;0;0;A01
200900044379;2;7;0;0;0;0;0;A01
200900044379;0;7;0;0;2;4;1;B01
200900044380;0;7;0;0;2;1;2;A01
200900044380;0;7;0;0;2;4;2;B01
200900044381;0;33;0;0;0;8;1;A01
200900044382;0;10;0;0;0;1;2;A01
200900044382;0;7;0;0;1;4;0;B02
200900044382;0;14;0;0;0;0;0;C03
200900044383;0;7;0;0;1;2;1;A01
200900044384;0;7;0;0;2;6;1;B01
200900044384;0;31;0;0;2;7;17;A01
200900044385;0;30;0;0;2;8;1;B01
200900044385;0;7;0;0;2;3;15;A01
200900044386;0;7;0;0;2;1;1;B02
200900044386;0;10;0;0;2;1;13;A01
200900044387;0;7;0;0;2;1;13;A01
200900044387;0;7;0;0;2;3;1;B01
200900044388;0;7;0;8;0;1;1;A01
200900044389;0;7;0;0;2;1;13;A01
200900044389;0;7;0;0;2;3;1;B01
200900044390;0;7;0;16;0;8;1;A01
200900044391;0;7;0;0;0;3;13;B02
200900044391;0;32;0;0;0;3;1;A01
200900044392;0;7;0;0;2;8;9;A01
200900044393;0;7;0;0;2;1;21;C03
200900044393;0;7;0;0;2;3;1;B02
200900044393;0;7;0;0;2;1;13;A01
200900044394;0;7;0;13;0;8;1;A01
200900044395;0;7;0;0;2;7;1;B01
200900044395;0;7;0;0;2;1;15;A01
200900044396;0;33;0;0;2;1;1;B01
200900044396;0;7;0;0;2;3;9;A01
200900044397;0;2;0;9;0;1;14;A01
200900044398;0;10;0;0;1;1;21;A01
200900044399;0;7;0;0;2;5;15;A01
200900044399;0;30;0;0;2;8;1;B02
200900044400;0;7;0;0;2;4;1;C01
200900044400;0;7;0;0;2;4;1;B01
200900044400;0;7;0;0;2;1;1;A01
200900044401;0;7;0;13;0;2;1;A01
200900044402;0;7;0;0;2;3;15;B02
200900044402;0;33;0;0;2;1;1;A01
200900044403;0;33;0;0;2;0;17;A01
200900044403;0;7;0;0;2;3;15;B01
200900044404;0;1;0;0;2;1;1;A01
200900044404;1;7;0;0;2;5;16;B01
200900044405;0;7;0;0;0;3;1;A01
200900044405;0;7;0;0;0;3;1;C03
200900044405;0;7;0;0;2;3;13;B02
200900044406;0;30;0;0;0;9;1;A01
200900044407;0;7;0;0;2;4;1;B01
200900044407;0;30;0;0;2;1;2;A01
200900044408;0;7;0;0;2;7;16;A01
200900044408;0;7;0;0;2;1;7;B01
200900044409;0;7;0;0;2;8;9;A01
200900044409;0;30;0;0;2;7;1;B01
200900044410;0;32;0;12;0;7;1;A01
200900044411;0;7;0;2;0;3;1;A01
200900044412;0;30;0;0;2;1;1;B01
200900044412;0;7;0;0;2;1;15;A01
200900044413;0;10;0;0;2;1;1;B02