num_acc;senc;catv;occutc;obs;obsm;choc;manv;num_veh
200900044413;0;30;0;0;2;1;13;A01
200900044414;0;7;0;0;0;1;1;A01
200900044415;0;30;0;0;2;1;1;B01
200900044415;0;7;0;0;2;8;15;A01
200900044416;0;7;0;0;2;1;1;B01
200900044416;0;7;0;0;2;1;5;A01
200900044417;0;7;0;0;2;2;15;A01
200900044417;0;33;0;0;2;1;1;B02
200900044417;0;7;0;0;2;2;1;C03
200900044418;0;7;0;0;2;2;15;A01
200900044418;0;7;0;0;2;3;1;B01
200900044419;0;1;0;0;2;8;1;B01
200900044419;0;7;0;0;2;1;15;A01
200900044420;0;7;0;0;2;1;15;A01
200900044420;0;31;0;0;2;1;1;B02
200900044421;0;7;0;0;2;4;2;B01
200900044421;0;7;0;0;2;1;2;C01
200900044421;0;7;0;0;2;1;2;A01
200900044422;0;7;0;0;2;4;2;B01
200900044422;0;30;0;0;2;1;2;A01
200900044423;0;7;0;0;2;1;2;A01
200900044423;0;33;0;0;2;1;2;B01
200900044424;0;30;0;0;0;0;1;A01
200900044425;0;13;0;0;2;1;1;B01
200900044425;0;7;0;0;2;8;15;A01
200900044426;0;7;0;0;2;3;15;B01
200900044426;0;30;0;0;2;1;17;A01
200900044427;0;33;0;0;9;0;0;B01
200900044427;0;1;0;0;2;0;0;A01
200900044428;0;7;0;13;0;1;13;A01
200900044429;0;7;0;0;2;4;2;B01
200900044429;0;7;0;0;2;1;2;A01
200900044430;0;10;0;0;2;3;1;A01
200900044430;0;30;0;0;2;1;9;B01
200900044431;0;7;0;0;1;2;1;A01
200900044432;0;7;0;0;2;2;1;A01
200900044432;0;7;0;0;2;3;1;B01
200900044433;0;7;0;0;1;1;1;A01
200900044434;0;7;0;3;2;1;1;A01
200900044434;0;7;0;0;2;1;1;B02
200900044435;0;7;0;0;2;1;1;A01
200900044436;0;10;0;0;9;3;5;C01
200900044436;0;10;0;0;9;1;1;A01
200900044436;0;7;0;0;9;3;5;B01
200900044437;0;7;0;0;2;1;1;A01
200900044437;0;7;0;0;2;4;1;B01
200900044438;0;7;0;0;1;3;15;A01
200900044439;0;7;0;0;2;2;15;A01
200900044439;0;31;0;0;2;1;1;B01
200900044440;0;31;0;13;0;1;0;A01
200900044441;0;7;0;0;9;8;4;A01
200900044441;0;40;1;0;2;2;1;B01
200900044442;0;7;0;0;2;3;15;A01
200900044442;0;30;0;0;2;7;17;B01
200900044443;0;7;0;8;0;2;1;A01
200900044444;0;7;0;0;2;3;5;A01
200900044444;0;7;0;0;2;3;1;B01
200900044445;0;7;0;0;2;3;13;A01
200900044445;0;7;0;0;2;3;1;B01
200900044446;0;33;0;0;2;8;1;B01
200900044446;0;7;0;0;2;7;17;A01
200900044447;0;33;0;0;2;8;1;B01
200900044447;0;7;0;0;2;2;9;A01
200900044448;0;7;0;8;0;1;14;A01
200900044449;2;7;0;0;2;1;13;A01
200900044449;0;7;0;0;2;3;0;B01
200900044450;0;7;0;12;0;7;0;A01
200900044451;0;7;0;0;1;3;19;A01
200900044452;0;7;0;0;2;8;10;A01
200900044452;0;33;0;0;2;1;1;B01
200900044453;0;99;0;0;2;1;5;B01
200900044453;0;7;0;0;2;1;15;A01
200900044454;1;10;0;0;2;0;15;A01
200900044454;0;32;0;0;0;7;1;B01
200900044455;0;7;0;0;2;1;15;A01
200900044455;0;32;0;0;2;7;1;B01
200900044456;0;7;0;0;2;5;2;C01
200900044456;0;7;0;0;2;4;2;B01
200900044456;0;10;0;0;2;1;2;A01
200900044457;0;34;0;1;0;1;14;A01
200900044457;0;7;0;0;2;3;24;B01
200900044457;0;7;0;0;2;5;24;C01
200900044458;0;10;0;0;2;1;9;A01
200900044458;0;32;0;0;0;7;9;B01
200900044459;0;7;0;0;2;3;9;A01
200900044459;0;33;0;0;2;1;12;B01
200900044460;0;7;0;0;1;7;1;A01
200900044461;0;33;0;0;0;7;1;A01
200900044462;0;1;0;0;2;4;0;B01
200900044462;0;2;0;0;2;1;0;A01
200900044463;0;7;0;0;1;2;1;A01
200900044464;0;30;0;8;0;1;6;A01
200900044465;0;10;0;1;0;2;1;A01
200900044466;0;7;0;0;2;3;15;B01
200900044466;0;33;0;0;2;1;17;A01
200900044467;0;32;0;0;0;0;2;A01
200900044468;0;10;0;0;0;4;1;A01
200900044468;0;10;0;0;2;4;1;B01
200900044469;0;7;0;0;2;1;1;B01
200900044469;0;7;0;0;0;4;23;A01
200900044470;0;7;0;0;2;6;1;A01
200900044470;0;7;0;0;2;2;14;B01
200900044471;0;7;0;4;0;1;12;A01
200900044472;0;7;0;0;0;6;1;A01
200900044473;0;7;0;0;2;1;2;C01
200900044473;0;7;0;0;2;4;2;A01
200900044473;0;7;0;0;2;4;2;B01
200900044474;0;7;0;0;2;4;1;A01
200900044474;0;7;0;0;2;1;2;C01
200900044474;0;7;0;0;2;2;2;B01
200900044475;0;7;0;13;0;2;14;A01
200900044476;0;7;0;0;2;5;12;A01
200900044476;0;33;0;0;2;8;3;B01
200900044477;0;31;0;0;0;8;1;A01
200900044478;0;7;0;3;0;1;1;A01
200900044479;0;7;0;0;2;8;11;B01
200900044479;0;7;0;0;0;7;0;A01
200900044480;0;10;0;6;0;2;0;A01
200900044481;0;7;0;0;0;5;1;A01
200900044481;0;33;0;0;2;1;2;B01
200900044482;0;7;0;4;0;3;13;A01
200900044483;0;33;0;0;0;2;0;A01
200900044484;0;7;0;0;2;5;1;A01
200900044484;0;7;0;0;2;3;1;B01
200900044485;0;7;0;0;0;4;2;A01
200900044485;0;7;0;0;0;4;2;B01
200900044485;0;7;0;0;2;4;2;C01
200900044485;0;38;1;0;2;1;2;D01
200900044486;0;7;0;4;0;3;1;A01
200900044487;0;7;0;3;2;6;0;A01
200900044487;0;10;0;0;2;1;14;B01
200900044488;0;33;0;0;2;3;3;C01
200900044488;0;7;0;0;0;5;2;B01
200900044488;0;7;0;0;0;3;2;A01
200900044489;0;10;0;0;0;4;2;A01
200900044489;0;33;0;0;0;1;2;B01
200900044490;0;7;0;0;2;2;12;B01
200900044490;0;7;0;0;0;8;2;A01
200900044491;0;7;0;4;2;8;13;A01
200900044491;0;7;0;4;0;7;1;B01
200900044492;0;7;0;15;0;1;0;A01
200900044493;0;13;0;5;0;2;2;A01
200900044494;0;7;0;0;0;3;11;A01
200900044495;0;10;0;0;0;4;1;A01
200900044495;0;33;0;0;2;4;2;B01
200900044495;0;10;0;0;2;1;2;C01
200900044496;0;7;0;7;0;1;1;A01
200900044497;0;7;0;0;0;1;0;B01
200900044497;0;7;0;0;2;1;5;A01
200900044498;0;33;0;4;9;1;22;B01
200900044498;0;7;0;0;2;8;21;A01
200900044499;0;7;0;4;0;8;11;A01
200900044500;0;15;0;0;2;1;2;C01
200900044500;0;14;0;0;2;1;2;B01
200900044500;0;17;0;0;2;4;2;A01
200900044501;0;7;0;0;2;9;2;A01
200900044501;0;7;0;0;2;2;14;B01
200900044501;0;7;0;0;2;7;14;C01
200900044502;0;33;0;0;2;3;18;B01
200900044502;0;7;0;0;0;5;12;A01
200900044503;0;7;0;0;2;1;1;B01
200900044503;0;7;0;14;0;1;1;C01
200900044503;0;7;0;0;0;4;1;A01
200900044503;0;7;0;0;2;8;1;D01
200900044504;0;7;0;0;2;8;11;A01
200900044504;0;7;0;0;2;2;21;B01
200900044505;0;7;0;0;2;2;1;A01
200900044505;0;7;0;0;2;2;1;B01
200900044505;0;7;0;0;2;1;0;C01
200900044506;0;7;0;0;2;6;13;B01
200900044506;0;33;0;0;2;2;1;A01
200900044507;0;2;0;12;2;1;1;B01
200900044507;0;7;0;0;2;3;16;A01
200900044508;0;1;0;0;2;6;0;A01
200900044508;0;7;0;0;2;0;0;B01
200900044509;0;7;0;0;0;1;1;A01
200900044510;0;7;0;0;2;1;17;A01
200900044510;0;7;0;0;2;3;2;C03
200900044510;0;7;0;0;2;3;1;B02
200900044511;0;30;0;0;0;7;1;A01
200900044512;2;7;0;0;2;3;13;A01
200900044512;0;7;0;0;2;3;1;B01
200900044513;0;7;0;0;2;2;13;A01
200900044513;0;7;0;0;2;1;1;B02
200900044514;0;7;0;0;0;6;1;B01
200900044514;0;7;0;12;2;2;21;A01
200900044515;0;7;0;0;2;2;19;A01
200900044515;0;7;0;0;2;3;0;B01
200900044516;0;7;0;0;2;5;16;A01
200900044516;0;37;0;0;2;3;1;B01
200900044517;0;7;0;0;2;3;1;B01
200900044517;0;7;0;0;0;8;9;A01
200900044518;0;7;0;0;1;4;4;A01
200900044519;0;7;0;0;0;6;24;B01
200900044519;0;7;0;1;0;6;1;A01
200900044520;0;7;0;3;0;1;1;A01
200900044521;0;7;0;0;2;3;0;B01
200900044521;0;7;0;0;2;1;9;A01
200900044522;0;33;0;0;2;1;1;B01
200900044522;0;7;0;0;2;3;10;A01
200900044523;0;7;0;0;2;4;2;B01
200900044523;0;7;0;0;2;4;2;A01
200900044523;0;7;0;0;2;1;2;C01
200900044524;0;99;0;0;2;3;15;A01
200900044524;0;32;0;0;2;1;1;B01
200900044525;0;7;0;0;1;2;15;A01
200900044525;0;1;0;0;2;1;1;B01
200900044526;0;7;0;0;2;8;1;B01
200900044526;0;7;0;0;2;1;1;A01
200900044527;0;7;0;0;2;3;1;C01
200900044527;0;7;0;0;2;3;1;D01
200900044527;0;7;0;3;2;3;1;B01
200900044527;0;7;0;0;2;3;13;A01
200900044528;0;33;0;0;2;1;1;B01
200900044528;0;7;0;0;0;0;3;A01
200900044529;0;33;0;6;0;1;1;A01
200900044530;0;7;0;0;1;2;1;A01
200900044531;0;33;0;0;9;1;1;A01
200900044532;0;33;0;0;2;1;1;B01
200900044532;0;7;0;0;2;2;16;A01
200900044533;0;33;0;0;2;8;17;A01
200900044533;0;7;0;0;0;8;15;B01
200900044534;0;7;0;0;2;1;9;B01
200900044534;0;7;0;0;2;9;1;A01
200900044535;0;7;0;4;0;3;2;B01
200900044535;0;2;0;0;2;1;2;A01
200900044535;0;7;0;0;0;4;2;C01
200900044535;0;7;0;0;2;1;2;D01
200900044536;0;7;0;0;2;1;1;A01
200900044536;0;7;0;0;2;4;1;B01
200900044537;0;14;0;0;2;3;1;A01
200900044537;0;7;0;0;2;8;19;B02
200900044538;0;7;0;0;2;1;5;B02
200900044538;0;7;0;0;2;1;1;A01
200900044539;0;7;0;3;0;1;1;A01
200900044540;0;7;0;0;2;2;1;B02
200900044540;0;10;0;0;0;8;2;A01
200900044541;0;7;0;0;0;2;1;A01
200900044542;0;7;0;0;0;4;23;A01
200900044542;0;7;0;1;0;1;1;B02
200900044543;0;7;0;3;0;3;11;A01
200900044544;0;7;0;15;0;1;13;A01
200900044545;0;31;0;0;2;7;1;A01
200900044545;0;7;0;0;2;2;15;B02
200900044546;0;7;0;0;9;5;6;A01
200900044546;0;1;0;0;2;1;1;B02
200900044547;0;7;0;0;2;2;17;A01
200900044547;0;99;0;0;2;1;24;C03
200900044547;0;7;0;0;2;6;1;B02
200900044548;0;7;0;3;0;3;1;A01
200900044549;0;7;0;2;2;1;1;A01
200900044549;0;7;0;0;2;4;1;B02
200900044549;0;7;0;0;2;8;1;C03
200900044550;0;10;0;0;2;1;19;A01
200900044550;0;30;0;0;2;7;17;B02
200900044551;0;7;0;2;0;1;13;A01
200900044552;0;7;0;0;2;3;13;A01
200900044552;0;17;0;0;2;3;1;B02
200900044553;0;7;0;0;0;2;1;A01
200900044554;0;7;0;0;0;2;1;A01
200900044555;0;7;0;13;0;2;14;A01
200900044556;0;7;0;0;2;3;17;A01
200900044556;0;7;0;0;2;1;1;B02
200900044557;0;7;0;6;0;1;1;A01
200900044558;0;30;0;0;2;8;1;A01
200900044558;0;7;0;0;2;8;1;B02
200900044559;0;33;0;0;0;7;1;A01
200900044560;0;7;0;0;2;1;1;B02
200900044560;0;7;0;0;2;2;19;A01
200900044561;0;7;0;0;2;1;1;A01
200900044561;0;7;0;0;2;7;4;B02
200900044562;0;7;0;4;2;1;21;A01
200900044563;0;7;0;0;2;5;2;B02
200900044563;0;33;0;0;2;3;2;A01
200900044564;0;2;0;0;2;1;1;A01
200900044564;0;7;0;0;2;5;19;B02
200900044565;0;30;0;0;1;1;1;A01
200900044566;0;7;0;0;2;2;1;A01
200900044566;0;14;0;0;2;3;16;B02
200900044567;0;7;0;0;2;3;1;B02
200900044567;0;7;0;0;2;3;17;A01
200900044568;0;33;0;0;2;1;1;A01
200900044568;0;30;0;0;0;4;11;B02
200900044569;0;7;0;0;1;1;2;A01
200900044570;0;10;0;0;0;5;1;B01
200900044570;0;10;0;0;2;1;20;A01
200900044571;0;7;0;0;0;1;5;A01
200900044571;0;10;0;0;0;1;1;B01
200900044572;0;10;0;0;2;3;2;A01
200900044572;0;10;0;0;0;5;15;B01
200900044573;0;1;0;0;2;8;15;B01
200900044573;0;7;0;0;2;2;17;A01
200900044574;0;7;0;0;2;1;1;C01
200900044574;0;7;0;0;2;3;1;A01
200900044574;0;7;0;0;2;3;1;B01
200900044575;0;7;0;0;2;3;1;A01
200900044575;0;1;0;0;2;1;1;B01
200900044576;0;30;0;2;0;1;13;A01
200900044577;0;7;0;0;2;2;13;A01
200900044577;0;7;0;0;2;1;1;B01
200900044578;0;7;0;0;0;4;24;B01
200900044578;0;2;0;1;0;1;1;A01
200900044579;0;33;0;8;0;1;1;A01
200900044580;0;7;0;8;0;2;1;A01
200900044581;0;30;0;0;2;8;1;B01
200900044581;1;7;0;0;2;7;0;A01
200900044582;0;30;0;0;0;1;12;A01
200900044582;0;10;0;0;2;6;1;B01
200900044583;0;2;0;0;1;1;1;A01
200900044584;0;7;0;1;2;1;1;B01
200900044584;0;7;0;0;2;7;15;A01
200900044585;0;33;0;1;2;1;17;B01
200900044585;0;7;0;0;2;8;10;A01
200900044586;0;33;0;0;2;1;2;A01
200900044586;0;7;0;0;2;6;15;B01
200900044587;0;7;0;0;9;1;0;B01
200900044587;0;1;0;0;2;0;0;A01
200900044588;0;7;0;0;2;7;1;B01
200900044588;0;7;0;0;2;1;1;A01
200900044589;0;32;0;8;0;1;1;A01
200900044590;1;7;0;0;1;4;4;A01
200900044591;1;7;0;0;1;3;1;A01
200900044592;0;13;0;0;2;1;2;A01
200900044592;0;2;0;0;0;4;2;B01
200900044593;0;37;1;0;1;2;1;A01
200900044594;0;2;0;0;2;2;17;A01
200900044594;0;7;0;0;2;3;15;B01
200900044595;0;7;0;1;0;0;0;A01
200900044596;0;32;0;0;1;1;1;A01
200900044597;0;7;0;0;0;9;0;A01
200900044598;0;7;0;0;1;1;11;A01
200900044599;0;7;0;0;2;3;15;A01
200900044599;0;7;0;0;2;1;1;B01
200900044600;0;7;0;0;1;2;2;A01
200900044601;0;7;0;0;1;1;1;A01
200900044602;0;7;0;0;2;3;1;B01
200900044602;0;33;0;0;2;1;1;A01
200900044603;1;7;0;0;1;0;0;A01
200900044604;0;30;0;8;0;1;7;A01
200900044605;0;7;0;0;1;7;1;A01
200900044606;0;7;0;0;2;0;0;A01
200900044606;0;30;0;0;2;0;1;B01
200900044607;0;7;0;0;2;1;2;A01
200900044607;0;7;0;0;2;4;2;B01
200900044607;0;7;0;0;2;4;2;C01
200900044608;0;7;0;0;2;2;0;B01
200900044608;0;7;0;0;2;7;0;A01
200900044609;0;7;0;0;1;2;1;A01
200900044610;0;7;0;0;2;1;2;A01
200900044610;0;7;0;0;2;4;2;B01
200900044611;0;7;0;0;2;4;2;B01
200900044611;0;7;0;0;2;1;1;A01
200900044612;0;7;0;0;0;0;0;A01
200900044613;0;7;0;0;2;2;0;B01
200900044613;0;7;0;0;2;3;15;A01
200900044614;0;7;0;0;2;1;10;A01
200900044614;0;33;0;0;2;1;1;B01
200900044615;0;7;0;0;2;4;1;B01
200900044615;0;7;0;0;2;1;1;A01
200900044616;0;7;0;0;1;3;1;A01
200900044617;0;7;0;0;2;7;16;B01
200900044617;0;30;0;0;2;1;1;A01
200900044618;0;2;0;0;2;1;0;A01
200900044618;0;7;0;0;2;1;1;B01
200900044619;0;7;0;0;2;1;2;B01
200900044619;0;7;0;0;2;8;0;A01
200900044620;0;7;0;0;1;4;4;A01
200900044621;0;10;0;0;0;4;23;B01
200900044621;0;7;0;0;2;1;1;A01
200900044622;0;7;0;0;2;3;15;A01
200900044622;0;7;0;0;2;1;1;B01
200900044623;0;7;0;0;2;3;9;A01
200900044623;0;7;0;0;2;2;9;B01
200900044624;0;7;0;0;1;4;4;A01
200900044625;0;7;0;0;1;2;1;A01
200900044626;0;2;0;0;0;1;16;A01
200900044626;0;7;0;0;0;1;15;B01
200900044627;0;7;0;0;2;3;15;B01
200900044627;0;33;0;0;2;1;17;A01
200900044628;0;33;0;0;2;1;1;A01
200900044628;0;7;0;0;2;2;15;B01
200900044629;0;31;0;0;2;8;21;A01
200900044629;0;7;0;0;2;0;15;B01
200900044630;0;7;0;0;0;2;10;A01
200900044630;0;30;0;0;2;8;2;B01
200900044631;0;7;0;0;2;8;11;A01
200900044631;0;30;0;0;2;7;21;B01
200900044632;0;7;0;0;1;1;16;A01
200900044633;0;7;0;3;0;2;1;A01
200900044634;0;7;0;0;2;1;9;A01
200900044634;0;7;0;0;2;1;0;B01
200900044634;0;7;0;0;2;1;0;C01
200900044635;0;7;0;0;0;2;15;B01
200900044635;0;2;0;0;0;1;1;A01
200900044636;0;2;0;0;2;5;1;A01
200900044636;0;7;0;0;2;3;15;B01
200900044637;0;30;0;15;0;1;2;A01
200900044638;0;7;0;1;0;0;0;A01
200900044638;0;33;0;0;0;0;0;B01
200900044639;0;33;0;0;2;4;3;B01
200900044639;0;30;0;0;2;1;3;A01
200900044640;0;7;0;1;0;0;21;A01
200900044641;0;30;0;0;1;1;1;A01
200900044642;0;7;0;0;2;7;1;A01
200900044642;0;33;0;0;2;1;1;B01
200900044643;0;7;0;0;2;1;2;A01
200900044643;0;7;0;0;2;4;2;B01
200900044643;0;7;0;0;2;4;2;C01
200900044644;0;7;0;0;2;3;1;A01
200900044644;0;32;0;0;2;2;1;B01
200900044645;0;7;0;0;2;3;9;A01
200900044645;0;2;0;0;2;1;17;B01
200900044646;0;34;0;0;1;1;18;A01
200900044647;0;7;0;0;2;3;15;A01
200900044647;0;34;0;0;2;5;1;B01
200900044648;0;7;0;0;2;1;2;A01
200900044648;0;7;0;0;2;4;2;B01
200900044649;0;7;0;0;2;1;1;B01
200900044649;0;99;0;0;2;4;4;A01
200900044650;0;7;0;0;2;7;12;A01
200900044650;0;33;0;0;2;8;18;B01
200900044651;1;7;0;0;2;7;1;A01
200900044651;0;1;0;0;2;8;1;B01
200900044652;0;7;0;0;2;2;16;B01
200900044652;0;7;0;0;2;3;16;A01
200900044653;0;7;0;0;2;7;1;B01
200900044653;0;30;0;0;2;8;18;A01
200900044654;0;32;0;0;1;1;1;A01
200900044655;1;7;0;0;2;1;11;A01
200900044655;0;7;0;0;2;1;13;B01
200900044656;0;7;0;0;2;3;9;A01
200900044656;0;7;0;0;2;2;1;B01
200900044657;0;7;0;1;1;2;1;A01
200900044658;0;7;0;4;0;2;1;A01
200900044659;0;31;0;0;0;2;1;A01
200900044659;1;2;0;0;2;0;0;B01
200900044660;0;7;0;0;2;1;1;B01
200900044660;0;33;0;0;2;8;6;A01
200900044661;1;7;0;0;1;7;15;A01
200900044662;0;7;0;0;2;1;2;A01
200900044662;0;7;0;0;2;4;2;B01
200900044663;0;30;0;0;0;6;1;A01
200900044663;0;7;0;0;0;2;1;B01
200900044664;0;7;0;0;2;7;1;B01
200900044664;0;7;0;0;2;1;1;A01
200900044665;1;7;0;0;2;4;19;A01
200900044665;0;7;0;0;2;1;1;B01
200900044666;0;7;0;0;2;2;12;A01
200900044666;0;7;0;0;0;6;2;B01
200900044667;0;30;0;0;1;3;1;A01
200900044668;0;7;0;0;0;2;1;A01
200900044668;0;33;0;0;2;1;1;B01
200900044669;0;33;0;0;6;1;1;A01
200900044670;0;7;0;0;2;8;10;A01
200900044670;0;33;0;0;2;1;1;B01
200900044671;0;7;0;0;2;1;2;A01
200900044671;0;7;0;0;2;9;2;B01
200900044671;0;7;0;0;2;4;2;C01
200900044672;0;7;0;0;0;0;12;A01
200900044672;0;30;0;0;2;1;1;B01
200900044673;0;33;0;0;1;3;1;B01
200900044673;0;33;0;0;2;1;1;C01
200900044674;0;7;0;0;2;1;19;A01
200900044674;0;7;0;0;2;3;1;B01
200900044675;0;7;0;0;0;1;1;A01
200900044676;1;7;0;0;1;1;0;A01
200900044677;0;7;0;0;1;0;0;A01
200900044678;0;7;0;0;0;6;0;B01
200900044678;0;2;0;0;2;7;21;A01
200900044679;0;7;0;0;1;1;15;A01
200900044680;0;33;0;0;2;7;1;B01
200900044680;0;7;0;0;2;7;24;A01
200900044681;0;7;0;1;0;2;1;A01
200900044681;0;2;0;1;0;8;9;B01
200900044682;0;7;0;0;1;0;1;A01
200900044683;0;7;0;0;2;1;1;A01
200900044683;0;34;0;0;2;1;1;B01
200900044684;0;7;0;0;2;3;15;B01
200900044684;0;32;0;0;2;1;3;A01
200900044685;0;7;0;2;0;0;0;B01
200900044685;0;30;0;0;2;3;1;A01
200900044686;0;31;0;0;0;0;1;A01
200900044687;0;7;0;0;2;7;1;A01
200900044687;0;33;0;0;2;1;1;B01
200900044688;1;7;0;0;2;1;9;A01
200900044688;0;30;0;0;2;7;1;B01
200900044689;0;10;0;0;2;1;19;A01
200900044689;0;32;0;0;2;7;1;B01
200900044690;0;30;0;0;2;3;17;A01
200900044690;0;7;0;0;2;8;1;B01
200900044691;0;7;0;0;2;5;9;A01
200900044691;0;7;0;0;2;3;9;B01
200900044692;0;7;0;0;2;1;1;A01
200900044692;0;7;0;0;2;6;1;B01
200900044693;0;30;0;0;0;8;1;A01
200900044694;0;7;0;0;2;3;2;B01
200900044694;0;7;0;0;2;2;1;A01
200900044695;0;30;0;0;1;1;0;A01
200900044696;0;7;0;0;2;8;13;A01
200900044696;0;32;0;0;2;7;1;B01
200900044697;0;30;0;0;2;1;2;A01
200900044697;0;30;0;0;2;4;1;B01
200900044698;0;7;0;1;0;1;15;A01
200900044699;0;7;0;0;2;1;15;A01
200900044699;0;7;0;0;2;1;7;B01
200900044700;0;7;0;0;0;7;1;A01
200900044700;0;7;0;0;0;1;1;B01
200900044701;0;30;0;0;1;1;18;A01
200900044702;0;7;0;0;2;7;20;A01
200900044702;0;33;0;0;2;1;1;B01
200900044703;0;31;0;0;2;1;2;A01
200900044703;0;7;0;0;0;4;2;B01
200900044704;0;7;0;0;2;2;1;A01
200900044704;0;30;0;0;2;4;1;B01
200900044705;0;7;0;0;2;8;15;B01
200900044705;0;32;0;0;2;1;2;A01
200900044706;0;7;0;0;2;1;1;B01
200900044706;1;7;0;0;2;0;1;A01
200900044707;0;2;0;0;1;1;1;A01
200900044708;0;7;0;0;1;2;2;A01
200900044709;0;10;0;0;2;6;0;C01
200900044709;0;7;0;0;2;6;0;B01
200900044709;0;7;0;0;2;2;0;A01
200900044710;0;7;0;0;1;3;1;A01
200900044711;0;30;0;0;2;1;1;A01
200900044711;0;7;0;0;2;2;1;B01
200900044712;0;7;0;1;1;2;0;A01
200900044712;0;34;0;0;0;1;0;B01
200900044713;0;37;0;0;2;3;0;B01
200900044713;0;7;0;0;9;3;0;A01
200900044714;0;7;0;0;2;8;15;A01
200900044714;0;32;0;0;2;1;21;B01
200900044715;0;34;0;0;2;1;17;A01
200900044715;0;7;0;0;2;8;15;B01
200900044716;0;7;0;0;2;3;0;A01
200900044716;0;2;0;0;2;1;17;B01
200900044717;0;7;0;0;0;0;2;A01
200900044718;0;33;0;12;0;1;1;A01
200900044719;0;33;0;0;0;3;2;A01
200900044719;0;7;0;0;0;3;11;B01
200900044720;0;7;0;0;9;0;1;A01
200900044720;0;1;0;0;2;0;0;B01
200900044721;0;7;0;0;1;2;0;A01
200900044722;0;30;0;0;2;8;13;A01
200900044722;0;7;0;0;2;3;1;B01
200900044723;0;7;0;0;2;2;0;A01
200900044723;0;30;0;0;2;1;0;B01
200900044724;0;33;0;0;2;1;23;B01
200900044724;0;10;0;0;2;4;4;A01
200900044725;0;7;0;0;0;0;15;A01
200900044725;0;33;0;0;2;7;2;B01
200900044726;0;30;0;0;2;1;17;A01
200900044726;0;7;0;0;2;3;15;B01
200900044727;0;2;0;1;0;2;2;B01
200900044727;0;7;0;0;0;3;1;A01
200900044728;0;7;0;0;0;3;15;B01
200900044728;0;2;0;0;0;1;0;A01
200900044729;0;31;0;0;2;1;1;B01
200900044729;0;7;0;0;2;7;10;A01
200900044730;0;7;0;0;2;1;2;B01
200900044730;0;31;0;0;2;8;1;A01
200900044731;0;7;0;0;0;3;15;A01
200900044731;0;33;0;0;0;1;1;B01
200900044732;0;7;0;0;2;1;2;A01
200900044732;0;7;0;0;0;4;2;B01
200900044733;0;30;0;0;2;5;17;A01
200900044733;0;7;0;0;2;3;17;B01
200900044734;0;7;0;0;2;9;2;B01
200900044734;0;10;0;0;2;1;2;A01
200900044734;0;10;0;0;2;4;2;C01
200900044735;1;13;0;0;2;3;1;A01
200900044735;0;30;0;0;2;1;1;B01
200900044736;0;7;0;1;0;0;0;B01
200900044736;0;7;0;1;0;0;0;A01
200900044737;0;7;0;0;2;1;1;A01
200900044737;0;7;0;0;2;4;1;B01
200900044738;1;7;0;0;0;0;2;B01
200900044738;0;7;0;0;0;6;2;A01
200900044739;1;10;0;0;0;0;0;A01
200900044739;0;2;0;0;2;0;1;B01
200900044740;0;7;0;0;1;2;17;A01
200900044741;0;34;0;8;0;1;1;A01
200900044742;1;7;0;0;1;3;1;A01
200900044743;0;7;0;0;0;1;0;A01
200900044744;1;7;0;0;2;1;2;A01
200900044744;0;7;0;0;2;4;2;B01
200900044745;0;7;0;0;0;2;10;A01
200900044745;0;33;0;0;2;1;2;B01
200900044746;0;7;0;0;2;5;15;A01
200900044746;0;31;0;0;2;1;1;B01
200900044747;0;33;0;11;0;1;1;A01
200900044748;0;7;0;0;1;7;1;A01
200900044749;0;7;0;0;2;3;0;B01
200900044749;0;33;0;0;2;3;0;A01
200900044750;0;7;0;0;0;1;24;B01
200900044750;0;33;0;0;0;0;2;A01
200900044751;0;32;0;0;2;2;0;A01
200900044751;0;99;0;0;0;2;2;B01
200900044752;0;7;0;0;0;0;0;A01
200900044753;0;32;0;0;1;1;1;A01
200900044754;0;31;0;0;2;3;0;A01
200900044754;0;2;0;0;2;1;0;B01
200900044755;0;7;0;0;1;1;1;A01
200900044756;0;32;0;0;2;5;15;B01
200900044756;0;7;0;0;2;3;17;A01
200900044757;0;7;0;0;1;4;4;A01
200900044758;0;7;0;4;1;1;0;A01
200900044759;0;32;0;0;1;0;18;A01
200900044760;0;7;0;0;1;1;1;A01
200900044761;0;32;0;0;2;1;1;B01
200900044761;0;7;0;0;2;1;15;A01
200900044762;0;7;0;0;2;2;15;A01
200900044762;0;33;0;0;2;1;1;B01
200900044763;0;7;0;0;2;1;10;A01
200900044763;0;7;0;0;2;7;1;B01
200900044764;0;32;0;0;2;8;5;C01
200900044764;0;33;0;0;2;4;2;B01
200900044764;0;7;0;0;2;1;2;A01
200900044765;0;32;0;0;2;1;1;B01
200900044765;0;7;0;0;2;2;10;A01
200900044766;1;32;0;0;1;0;1;A01
200900044766;0;7;0;0;2;3;1;B01
200900044767;0;10;0;0;1;4;0;A01
200900044768;0;7;0;0;2;1;1;A01
200900044768;0;32;0;0;2;1;1;B01
200900044769;0;32;0;0;2;1;2;A01
200900044769;0;7;0;0;0;0;23;B01
200900044770;0;32;0;0;2;7;6;B01
200900044770;1;7;0;0;2;7;5;A01
200900044771;0;32;0;0;1;1;0;A01
200900044772;0;33;0;0;1;1;0;A01
200900044773;0;33;0;0;0;1;0;D01