num_acc;senc;catv;occutc;obs;obsm;choc;manv;num_veh
200900044773;0;7;0;0;0;3;0;C01
200900044773;0;33;0;0;1;1;17;B01
200900044774;0;7;0;1;0;2;0;A01
200900044774;0;2;0;0;0;2;0;B01
200900044775;0;7;0;0;2;1;0;B01
200900044775;0;30;0;0;2;0;0;A01
200900044776;0;2;0;0;1;1;0;A01
200900044777;0;7;0;0;1;1;1;A01
200900044778;0;7;0;0;1;1;1;A01
200900044779;0;2;0;0;2;0;1;A01
200900044779;0;7;0;0;1;1;1;B02
200900044780;0;7;0;0;0;9;1;A01
200900044781;0;7;0;13;0;2;1;A01
200900044782;0;7;0;0;2;3;1;B02
200900044782;0;7;0;0;2;3;15;A01
200900044783;0;10;0;0;1;6;4;A01
200900044784;0;7;0;2;0;9;1;A01
200900044785;0;7;0;0;2;3;1;B02
200900044785;0;30;0;0;2;1;13;A01
200900044786;0;31;0;0;2;1;1;B01
200900044786;0;21;0;0;2;6;15;A01
200900044787;0;7;0;0;2;1;1;A01
200900044787;0;7;0;0;2;7;1;B01
200900044788;0;15;0;0;2;1;1;B01
200900044788;0;7;0;0;2;1;1;A01
200900044789;0;7;0;0;1;2;1;A01
200900044790;0;7;0;0;1;1;1;A01
200900044791;0;7;0;0;2;1;5;A01
200900044791;0;7;0;0;2;1;1;B01
200900044792;0;7;0;0;2;4;1;B01
200900044792;0;33;0;0;2;1;9;A01
200900044793;0;7;0;2;0;9;1;A01
200900044794;0;33;0;0;0;9;1;A01
200900044795;0;7;0;0;2;1;2;A01
200900044795;0;7;0;0;2;4;23;B01
200900044796;0;2;0;0;2;1;1;B01
200900044796;0;7;0;0;2;1;15;A01
200900044797;0;7;0;0;1;1;15;A01
200900044798;0;7;0;0;2;4;12;A01
200900044798;0;7;0;0;2;1;1;B01
200900044799;0;7;0;0;2;4;2;C01
200900044799;0;7;0;0;2;1;2;A01
200900044799;0;7;0;0;2;4;2;B01
200900044800;0;7;0;0;2;3;15;A01
200900044800;0;2;0;0;2;1;1;B01
200900044801;0;7;0;0;0;9;1;A01
200900044802;0;7;0;0;2;1;13;A01
200900044802;0;10;0;0;2;1;1;B02
200900044803;0;7;0;3;0;3;1;A01
200900044804;0;7;0;0;0;1;0;A01
200900044805;0;30;0;0;0;1;1;A01
200900044806;0;7;0;0;1;1;1;A01
200900044807;0;7;0;0;2;1;1;A01
200900044807;0;7;0;0;2;4;23;B01
200900044808;0;2;0;0;2;1;2;A01
200900044808;0;7;0;0;0;4;1;B01
200900044809;0;7;0;0;2;1;1;B01
200900044809;0;7;0;0;2;8;9;A01
200900044810;0;33;0;0;2;7;2;A01
200900044810;0;7;0;0;2;4;23;B01
200900044811;0;7;0;0;2;0;0;A01
200900044812;0;7;0;11;0;1;1;A01
200900044813;0;7;0;0;2;2;9;A01
200900044813;0;33;0;0;2;1;1;B01
200900044814;0;32;0;2;0;1;1;A01
200900044815;0;7;0;0;1;5;1;A01
200900044816;0;2;0;0;2;1;18;B01
200900044816;0;7;0;0;2;2;15;A01
200900044817;0;7;0;0;2;1;2;A01
200900044817;0;7;0;0;2;4;23;B01
200900044818;0;15;0;0;2;3;11;A01
200900044818;0;7;0;0;2;8;1;B01
200900044819;0;7;0;0;2;3;13;A01
200900044819;0;2;0;0;2;1;1;B02
200900044820;0;10;0;0;2;0;1;B01
200900044820;0;7;0;0;2;1;1;A01
200900044821;0;17;0;3;0;3;13;A01
200900044822;0;30;0;0;2;1;2;A01
200900044822;0;7;0;0;2;4;23;B01
200900044823;0;17;0;0;0;0;0;A01
200900044824;0;7;0;0;2;3;15;A01
200900044824;0;2;0;0;2;1;1;B01
200900044825;0;7;0;2;0;8;1;A01
200900044826;0;7;0;0;0;7;1;A01
200900044827;0;7;0;0;0;3;1;B02
200900044827;0;2;0;0;0;3;19;A01
200900044828;0;7;0;0;2;4;2;B01
200900044828;0;7;0;0;2;1;2;A01
200900044828;0;7;0;0;2;4;23;C01
200900044829;0;7;0;0;2;1;21;B01
200900044829;0;7;0;0;2;7;9;A01
200900044830;0;33;0;0;2;1;1;A01
200900044830;0;7;0;0;2;0;1;B01
200900044831;0;7;0;0;2;3;1;B01
200900044831;0;7;0;0;2;2;1;A01
200900044832;0;7;0;0;2;8;1;B01
200900044832;0;7;0;0;2;1;1;A01
200900044833;0;2;0;0;2;1;17;A01
200900044833;0;7;0;0;2;8;15;B02
200900044834;0;7;0;13;0;2;1;A01
200900044835;0;7;0;0;2;1;1;A01
200900044835;0;7;0;0;2;1;1;B02
200900044835;0;10;0;0;2;7;19;C03
200900044836;0;7;0;0;2;2;2;B02
200900044836;0;7;0;0;2;3;9;A01
200900044837;0;7;0;0;1;2;1;A01
200900044838;0;7;0;0;2;1;2;A01
200900044838;0;7;0;0;0;4;1;B01
200900044839;0;7;0;8;0;1;16;A01
200900044840;0;7;0;0;2;1;1;A01
200900044840;0;7;0;0;0;4;1;B01
200900044841;0;7;0;0;2;2;2;A01
200900044841;0;7;0;0;2;6;2;B01
200900044841;0;7;0;0;0;5;2;C01
200900044842;0;10;0;0;2;2;1;B02
200900044842;0;7;0;0;2;3;13;A01
200900044843;0;7;0;0;1;2;0;A01
200900044844;0;14;0;0;2;3;1;C03
200900044844;0;33;0;0;2;3;19;A01
200900044844;0;7;0;0;2;3;17;E05
200900044844;0;7;0;0;2;3;17;B02
200900044845;0;17;0;8;0;1;21;A01
200900044846;0;10;0;0;1;2;1;A01
200900044847;0;17;0;0;2;3;1;A01
200900044847;0;7;0;0;2;3;13;B02
200900044848;0;7;0;8;0;3;1;B02
200900044848;0;7;0;0;2;2;19;A01
200900044849;0;7;0;0;2;1;13;A01
200900044849;0;10;0;0;2;1;1;B02
200900044850;0;14;0;0;2;3;1;A01
200900044850;0;38;0;0;2;3;1;B02
200900044851;0;7;0;12;2;3;19;A01
200900044851;0;10;0;0;2;1;19;B02
200900044852;0;7;0;0;2;5;19;A01
200900044852;0;1;0;0;2;1;1;B02
200900044853;1;7;0;0;1;2;1;A01
200900044854;0;10;0;0;2;8;15;B02
200900044854;0;33;0;0;2;7;17;A01
200900044855;0;7;0;0;0;0;0;A01
200900044856;0;1;0;;2;1;2;A01
200900044856;0;7;0;;2;5;23;B01
200900044857;0;7;0;6;0;3;1;A01
200900044858;0;7;0;0;2;4;23;B01
200900044858;0;7;0;0;2;1;2;A01
200900044859;0;7;0;0;1;2;1;A01
200900044860;0;7;0;1;0;1;1;A01
200900044861;0;1;0;0;2;3;1;B01
200900044861;0;7;0;0;2;2;16;A01
200900044862;0;7;0;0;2;7;15;A01
200900044862;0;32;0;0;2;1;1;B01
200900044863;0;7;0;0;1;2;1;A01
200900044864;0;7;0;0;2;1;2;A01
200900044864;0;7;0;0;2;4;23;B01
200900044865;0;7;0;0;2;3;13;A01
200900044865;0;7;0;0;2;3;1;B02
200900044866;0;2;0;14;0;1;13;A01
200900044867;0;7;0;0;1;3;1;A01
200900044868;0;30;0;0;0;0;1;A01
200900044869;0;7;0;0;2;3;1;B02
200900044869;0;30;0;0;2;2;1;A01
200900044870;0;10;0;0;2;1;1;B02
200900044870;0;30;0;0;2;1;1;A01
200900044871;0;7;0;0;1;3;1;A01
200900044872;0;7;0;2;0;1;1;A01
200900044873;0;7;0;13;0;1;0;A01
200900044874;0;7;0;0;2;4;23;A01
200900044874;0;7;0;0;2;1;1;B02
200900044875;0;17;0;0;2;1;0;B02
200900044875;0;7;0;0;2;6;19;A01
200900044876;0;39;0;0;2;1;1;B02
200900044876;0;7;0;0;4;8;1;A01
200900044877;0;17;0;0;2;4;1;B02
200900044877;0;10;0;0;0;5;1;A01
200900044877;0;10;0;0;2;9;1;D04
200900044877;0;14;0;0;2;1;1;E05
200900044878;0;7;0;0;2;1;1;A01
200900044878;0;7;0;0;2;4;15;B02
200900044879;0;33;0;14;0;1;1;A01
200900044880;0;7;0;0;1;1;1;A01
200900044881;0;33;0;3;0;1;1;A01
200900044882;0;3;0;0;0;1;1;A01
200900044883;0;30;0;0;0;2;1;A01
200900044884;0;7;0;0;2;1;3;A01
200900044884;0;7;0;0;2;1;2;B02
200900044885;0;7;0;0;2;1;21;A01
200900044885;0;20;0;0;2;4;15;B02
200900044886;0;7;0;0;1;3;19;A01
200900044887;0;7;0;0;2;3;13;A01
200900044887;0;7;0;0;2;2;1;C03
200900044887;0;7;0;0;2;3;1;B02
200900044888;0;7;0;13;0;1;1;A01
200900044889;0;7;0;0;2;1;15;A01
200900044889;0;7;0;0;2;3;1;B02
200900044890;0;10;0;0;9;0;1;B02
200900044890;0;15;0;0;9;0;1;A01
200900044891;0;14;0;6;2;3;1;A01
200900044891;0;17;0;0;2;8;1;B02
200900044892;0;30;0;0;1;1;21;A01
200900044893;0;7;0;0;1;1;1;A01
200900044894;0;7;0;1;2;4;15;B01
200900044894;0;15;0;0;2;1;1;A01
200900044895;0;7;0;0;2;1;1;A01
200900044895;0;15;0;0;2;6;1;B01
200900044896;0;7;0;0;1;2;1;A01
200900044897;0;30;0;0;2;1;11;B01
200900044897;0;7;0;0;2;4;11;A01
200900044898;0;2;0;0;2;0;0;A01
200900044898;1;7;0;0;2;0;0;B01
200900044899;0;7;0;0;2;1;15;A01
200900044899;0;1;0;0;2;1;1;B01
200900044900;0;7;0;0;2;8;19;A01
200900044900;0;33;0;0;2;1;1;B01
200900044901;0;7;0;1;2;2;9;B01
200900044901;0;7;0;0;2;1;1;A01
200900044902;0;7;0;0;2;8;9;A01
200900044902;0;2;0;0;2;1;1;B01
200900044903;0;1;0;0;2;4;13;A01
200900044903;0;7;0;0;2;1;1;B01
200900044904;0;7;0;0;2;1;2;A01
200900044904;0;7;0;0;2;4;2;C01
200900044904;0;7;0;0;2;1;2;B01
200900044904;0;7;0;0;2;4;2;D01
200900044905;0;7;0;0;2;8;1;B01
200900044905;0;2;0;0;2;7;16;A01
200900044906;0;1;0;0;2;4;1;A01
200900044906;0;7;0;0;2;2;15;B01
200900044907;0;7;0;0;2;2;15;A01
200900044907;0;33;0;0;2;3;1;B01
200900044908;0;7;0;0;1;1;15;A01
200900044909;0;7;0;0;2;1;1;A01
200900044909;0;1;0;0;2;1;15;B01
200900044910;0;14;0;1;0;4;24;B01
200900044910;0;3;0;1;0;3;13;A01
200900044911;0;7;0;0;2;1;15;A01
200900044911;0;2;0;1;2;1;1;B01
200900044912;0;7;0;0;2;2;2;A01
200900044912;0;7;0;0;2;6;2;B01
200900044913;0;33;0;0;2;1;1;B01
200900044913;0;7;0;0;2;2;15;A01
200900044913;0;10;0;0;9;1;23;C01
200900044914;0;33;0;0;0;7;1;B01
200900044914;0;7;0;0;0;3;9;A01
200900044915;0;1;0;0;2;0;1;B01
200900044915;0;7;0;0;2;2;2;A01
200900044916;0;1;0;0;2;1;1;B01
200900044916;0;7;0;0;2;3;16;A01
200900044917;0;7;0;0;1;1;1;A01
200900044918;0;1;0;0;2;1;1;B01
200900044918;0;7;0;0;2;3;1;A01
200900044919;0;7;0;0;2;1;15;A01
200900044919;0;1;0;0;2;1;1;B01
200900044920;0;7;0;2;0;1;1;A01
200900044921;0;2;0;0;0;3;1;A01
200900044922;0;7;0;1;2;1;1;B01
200900044922;0;7;0;0;2;1;15;A01
200900044923;0;30;0;0;2;1;1;B01
200900044923;0;7;0;0;2;3;15;A01
200900044924;0;7;0;0;2;7;15;B01
200900044924;0;14;0;0;2;3;1;A01
200900044925;0;7;0;0;2;5;1;B01
200900044925;0;7;0;0;2;1;2;A01
200900044926;0;30;0;0;0;7;1;A01
200900044927;0;30;0;14;0;8;1;A01
200900044928;0;2;0;0;0;3;1;A01
200900044929;0;30;0;0;2;1;1;B01
200900044929;0;7;0;0;2;8;9;A01
200900044930;0;7;0;0;1;6;20;A01
200900044931;0;7;0;0;1;1;1;A01
200900044932;0;7;0;0;2;5;1;A01
200900044932;0;30;0;1;2;1;1;B01
200900044933;0;7;0;0;2;4;1;B01
200900044933;0;7;0;0;2;1;1;A01
200900044934;0;7;0;0;1;1;15;A01
200900044935;0;2;0;12;0;8;1;A01
200900044936;0;31;0;0;2;1;1;A01
200900044936;0;7;0;0;2;1;9;B01
200900044937;0;7;0;3;0;4;16;A01
200900044938;0;2;0;1;0;1;0;A01
200900044939;0;30;0;0;1;1;1;A01
200900044940;0;2;0;1;0;1;1;A01
200900044941;0;7;0;0;2;2;15;A01
200900044941;0;7;0;0;2;1;1;B01
200900044942;0;7;0;0;2;1;1;A01
200900044942;0;1;0;0;2;8;15;B01
200900044943;0;2;0;0;0;0;2;A01
200900044944;0;7;0;1;1;1;1;A01
200900044945;0;2;0;0;2;1;1;B01
200900044945;0;7;0;0;2;3;19;A01
200900044946;0;7;0;3;0;9;1;A01
200900044947;0;2;0;0;2;1;1;B01
200900044947;1;7;0;0;2;1;1;A01
200900044948;0;33;0;0;0;3;1;A01
200900044949;0;7;0;2;0;3;1;A01
200900044950;0;7;0;13;0;6;9;B01
200900044950;0;7;0;0;2;2;9;A01
200900044950;0;7;0;0;2;1;13;C01
200900044950;0;7;0;14;0;2;1;D01
200900044951;0;7;0;0;2;1;1;B02
200900044951;0;7;0;0;2;1;13;A01
200900044952;0;7;0;0;1;4;4;A01
200900044953;0;7;0;0;2;1;1;A01
200900044953;0;7;0;0;2;4;1;B01
200900044954;0;7;0;0;2;1;2;A01
200900044954;0;7;0;0;2;4;2;B01
200900044954;0;7;0;0;2;4;2;C01
200900044955;0;33;0;0;2;7;1;B01
200900044955;0;7;0;0;2;2;15;A01
200900044956;0;32;0;0;2;7;17;A01
200900044956;0;7;0;0;2;8;15;B01
200900044957;0;33;0;0;2;1;0;B01
200900044957;0;10;0;0;2;3;17;A01
200900044958;0;7;0;0;2;8;15;A01
200900044958;0;32;0;0;2;7;1;B01
200900044959;0;30;0;0;2;1;1;A01
200900044959;0;7;0;9;2;5;1;B01
200900044960;0;2;0;0;2;2;17;A01
200900044960;0;7;0;0;2;6;15;B01
200900044961;0;7;0;0;2;4;1;C01
200900044961;0;7;0;0;2;4;1;B01
200900044961;0;34;0;0;2;1;1;A01
200900044962;0;7;0;0;2;2;1;A01
200900044962;0;1;0;0;2;4;15;B01
200900044963;0;7;0;1;0;8;1;A01
200900044964;0;31;0;0;2;1;1;A01
200900044964;0;7;0;0;2;2;9;B01
200900044965;0;7;0;0;2;5;1;A01
200900044965;0;7;0;0;2;3;1;B01
200900044966;0;7;0;0;2;8;1;A01
200900044966;0;31;0;0;2;8;1;B01
200900044967;0;7;0;0;0;5;23;B01
200900044967;0;31;0;0;2;8;2;A01
200900044967;0;10;0;0;0;3;23;C01
200900044968;0;33;0;0;0;4;1;B01
200900044968;0;10;0;0;0;0;15;A01
200900044969;0;7;0;0;2;8;22;A01
200900044969;0;1;0;0;2;1;1;B01
200900044970;0;7;0;0;1;8;1;A01
200900044971;0;1;0;0;1;1;15;A01
200900044972;0;30;0;0;2;1;1;B01
200900044972;1;7;0;0;2;5;15;A01
200900044973;0;10;0;0;2;5;16;A01
200900044973;0;33;0;0;2;3;2;B01
200900044974;0;1;0;0;1;1;1;A01
200900044975;0;10;0;0;2;2;1;A01
200900044975;0;30;0;0;2;3;0;B01
200900044976;0;2;0;0;1;1;0;A01
200900044977;0;32;0;9;2;7;16;A01
200900044977;0;10;0;0;2;3;2;B01
200900044978;0;7;0;0;0;4;4;A01
200900044978;0;33;0;0;0;1;1;B01
200900044979;0;1;0;0;1;1;0;A01
200900044980;0;10;0;0;2;3;1;B01
200900044980;0;10;0;9;2;7;1;A01
200900044981;0;7;0;0;2;4;23;B01
200900044981;0;7;0;0;2;1;2;A01
200900044982;0;30;0;0;1;1;1;A01
200900044983;0;14;0;0;0;2;0;B01
200900044983;0;7;0;0;2;8;0;A01
200900044984;0;7;0;0;1;1;1;A01
200900044985;0;7;0;0;1;6;0;A01
200900044986;0;7;0;0;1;3;1;A01
200900044987;0;7;0;0;2;8;15;B01
200900044987;0;33;0;0;2;1;17;A01
200900044988;0;1;0;1;0;1;16;A01
200900044989;0;7;0;0;1;1;15;A01
200900044990;0;7;0;0;2;8;0;B01
200900044990;0;30;0;0;2;7;0;A01
200900044991;0;7;0;0;2;8;1;B01
200900044991;0;33;0;0;2;1;0;A01
200900044992;0;30;0;0;2;0;2;A01
200900044992;0;2;0;0;0;0;2;B01
200900044993;0;7;0;0;2;7;1;A01
200900044993;0;33;0;0;2;8;1;B01
200900044994;0;31;0;0;2;7;1;B01
200900044994;0;7;0;0;2;3;15;A01
200900044995;0;7;0;0;1;2;1;A01
200900044996;0;7;0;0;1;1;1;A01
200900044997;0;30;0;0;0;7;0;A01
200900044998;0;17;0;0;2;7;1;B01
200900044998;0;99;0;0;2;3;13;A01
200900044999;0;7;0;0;2;7;0;A01
200900044999;0;7;0;0;2;8;0;B01
200900045000;0;2;0;0;0;0;0;A01
200900045001;0;7;0;0;0;1;1;B01
200900045001;0;2;0;0;0;0;5;A01
200900045002;0;33;0;1;2;3;1;B01
200900045002;0;7;0;0;2;7;9;A01
200900045003;0;7;0;0;2;6;23;B01
200900045003;0;31;0;0;2;1;2;A01
200900045004;0;7;0;0;1;2;1;A01
200900045005;0;34;0;0;2;1;2;A01
200900045005;0;7;0;1;2;4;10;B01
200900045005;0;7;0;0;2;3;24;C01
200900045006;0;33;0;0;2;1;18;B01
200900045006;0;7;0;0;2;4;16;A01
200900045007;0;1;0;0;2;1;1;A01
200900045007;0;10;0;0;2;6;15;B01
200900045008;0;7;0;0;1;8;1;A01
200900045009;0;33;0;0;1;1;1;A01
200900045010;0;33;0;0;2;2;17;A01
200900045010;0;7;0;0;2;8;15;B01
200900045011;0;7;0;0;0;1;0;A01
200900045012;2;2;0;0;1;1;0;A01
200900045013;0;2;0;0;2;7;13;A01
200900045013;0;2;0;0;2;1;1;B01
200900045014;0;7;0;0;1;1;1;A01
200900045015;0;1;0;0;2;1;1;B01
200900045015;0;1;0;0;9;2;10;A01
200900045016;0;30;0;0;0;0;0;B01
200900045016;0;7;0;0;2;3;0;A01
200900045017;0;34;0;6;0;1;1;A01
200900045018;0;7;0;0;2;1;15;A01
200900045018;0;7;0;0;2;3;2;B01
200900045019;0;14;0;0;2;1;2;A01
200900045019;0;7;0;0;2;4;2;B01
200900045020;0;7;0;0;1;4;4;A01
200900045021;0;1;0;0;0;0;0;A01
200900045022;0;7;0;0;2;7;16;B01
200900045022;0;2;0;0;2;1;1;A01
200900045023;0;2;0;0;2;1;2;B01
200900045023;0;7;0;0;2;4;4;A01
200900045024;0;7;0;0;1;3;1;A01
200900045025;0;7;0;0;2;1;2;B01
200900045025;0;7;0;0;2;1;2;A01
200900045025;0;7;0;0;2;4;2;C01
200900045026;0;7;0;0;2;1;0;A01
200900045026;0;32;0;0;2;1;0;B01
200900045027;0;1;0;1;0;7;1;B01
200900045027;0;7;0;0;2;8;22;A01
200900045028;0;7;0;0;2;2;16;B01
200900045028;0;32;0;1;2;3;7;A01
200900045029;0;7;0;0;2;7;15;A01
200900045029;0;7;0;0;2;1;1;B01
200900045030;1;7;0;0;1;0;4;A01
200900045031;0;2;0;0;2;0;1;B01
200900045031;1;7;0;0;2;0;9;A01
200900045032;0;34;0;0;2;7;17;A01
200900045032;0;7;0;0;2;3;15;B01
200900045033;0;1;0;0;0;0;0;A01
200900045033;0;10;0;0;0;6;0;B01
200900045034;0;7;0;0;0;0;1;A01
200900045035;0;34;0;0;2;1;17;A01
200900045035;0;7;0;0;2;8;15;B01
200900045036;0;7;0;0;1;0;0;A01
200900045037;0;14;0;0;0;0;10;A01
200900045037;0;33;0;12;0;1;21;B01
200900045038;0;7;0;1;0;1;1;A01
200900045039;0;7;0;1;2;4;23;B01
200900045039;0;32;0;0;2;1;2;A01
200900045040;0;37;5;0;0;0;1;B01
200900045040;0;7;0;0;0;4;0;A01
200900045041;0;10;0;0;0;0;15;A01
200900045042;0;7;0;0;2;4;2;B01
200900045042;0;33;0;0;2;1;2;A01
200900045043;0;33;0;0;2;0;16;B01
200900045043;0;31;0;0;2;1;1;A01
200900045044;0;33;0;12;0;8;16;A01
200900045045;0;7;0;0;0;0;9;A01
200900045045;0;37;30;0;2;0;1;B01
200900045046;0;7;0;0;2;4;23;B01
200900045046;0;7;0;0;2;1;2;A01
200900045047;0;7;0;0;1;3;0;A01
200900045048;0;7;0;0;1;4;4;A01
200900045049;0;2;0;0;2;3;1;A01
200900045050;1;7;0;0;2;0;9;A01
200900045050;0;2;0;0;2;7;1;B01
200900045051;0;2;0;0;0;9;1;A01
200900045052;0;7;0;0;2;1;1;A01
200900045052;0;32;0;0;2;4;23;B01
200900045053;0;7;0;0;2;2;10;A01
200900045053;0;7;0;0;2;1;5;B01
200900045054;0;7;0;0;2;2;12;A01
200900045054;0;32;0;0;2;3;1;B01
200900045055;0;7;0;0;2;6;15;B01
200900045055;0;33;0;0;2;1;17;A01
200900045056;0;1;0;0;0;0;0;B01
200900045056;0;7;0;0;0;2;1;A01
200900045057;0;1;0;0;0;0;19;B01
200900045057;0;7;0;0;2;3;1;A01
200900045058;0;32;0;0;1;1;1;A01
200900045059;0;17;0;0;2;7;16;A01
200900045059;0;33;0;0;2;8;18;B01
200900045060;0;33;0;0;2;2;1;B01
200900045060;0;7;0;0;2;6;11;A01
200900045061;0;7;0;0;1;1;15;A01
200900045062;0;7;0;0;0;4;23;B01
200900045062;0;10;0;0;0;1;1;A01
200900045063;0;7;0;0;2;4;1;B01
200900045063;0;7;0;0;2;2;1;A01
200900045064;0;1;0;0;9;1;1;B01
200900045064;0;99;0;0;9;1;1;A01
200900045065;0;7;0;0;2;8;1;B01
200900045065;0;30;0;0;2;1;16;A01
200900045066;0;33;0;0;2;4;23;B01
200900045066;0;7;0;0;2;1;2;A01
200900045067;0;30;0;0;1;1;18;A01
200900045068;0;7;0;0;0;9;1;A01
200900045069;0;7;0;0;0;4;23;B01
200900045069;0;7;0;0;2;1;2;A01
200900045070;0;7;0;0;2;1;1;A01
200900045070;0;7;0;0;2;4;2;B01
200900045071;0;7;0;0;0;9;2;A01
200900045072;0;34;0;14;0;1;21;A01
200900045073;0;7;0;0;2;4;2;B01
200900045073;0;7;0;0;0;4;2;A01
200900045073;0;7;0;0;2;1;2;C01
200900045074;0;32;0;0;2;8;1;A01
200900045074;0;10;0;0;2;6;11;B01
200900045075;0;7;0;0;2;1;1;A01
200900045075;0;7;0;0;2;6;1;B01
200900045076;0;33;0;0;2;1;12;A01
200900045076;0;7;0;0;2;5;1;B01
200900045077;0;15;0;0;0;4;2;B01
200900045077;0;7;0;0;2;4;2;A01
200900045078;0;7;0;0;2;3;11;A01
200900045078;0;7;0;0;2;4;2;C01
200900045078;0;33;0;0;2;7;1;B01
200900045079;0;7;0;0;0;4;2;B01
200900045079;0;10;0;0;2;1;2;A01
200900045080;0;33;0;0;2;8;1;B01
200900045080;0;7;0;0;2;7;12;A01
200900045081;0;7;0;0;0;4;2;F02
200900045081;0;7;0;0;0;4;2;B01
200900045081;0;7;0;0;0;4;2;E01
200900045081;0;7;0;0;0;4;2;C01
200900045081;0;7;0;0;2;1;2;A01
200900045081;0;7;0;0;0;0;2;D01
200900045082;0;33;0;0;2;2;1;B01
200900045082;0;7;0;0;2;6;11;A01
200900045083;0;34;0;0;2;1;3;B01
200900045083;0;7;0;0;0;5;12;A01
200900045084;0;2;0;0;2;1;17;A01
200900045084;0;7;0;0;2;3;15;B01
200900045085;0;7;0;0;2;1;15;A01
200900045085;0;7;0;0;2;1;1;B01
200900045086;0;7;0;0;1;1;1;A01
200900045087;0;33;0;0;1;1;18;A01
200900045088;0;7;0;0;2;7;15;A01
200900045088;0;7;0;0;2;2;1;B01
200900045089;0;7;0;0;1;3;15;A01
200900045090;0;7;0;0;1;0;0;A01
200900045091;0;7;0;0;1;1;2;A01
200900045092;0;7;0;0;0;4;0;B01
200900045092;0;30;0;0;2;1;0;A01
200900045093;0;30;0;0;0;7;12;A01
200900045093;0;7;0;0;0;3;1;B01
200900045094;0;33;0;0;1;1;3;A01
200900045095;0;7;0;0;2;1;2;A01
200900045095;0;7;0;0;2;8;6;B01
200900045096;0;7;0;0;9;2;2;A01
200900045096;0;30;0;0;0;1;2;B01
200900045097;0;31;0;0;2;3;3;A01
200900045097;0;7;0;0;0;0;3;B01
200900045098;0;2;0;0;0;0;0;A01
200900045099;0;31;0;0;2;6;1;B01
200900045099;0;7;0;0;2;5;14;A01
200900045100;0;7;0;0;0;4;0;B01
200900045100;0;30;0;1;0;5;0;A01
200900045101;0;7;0;0;2;3;15;A01
200900045101;0;2;0;0;2;1;1;B01
200900045102;0;31;0;0;2;3;18;A01
200900045102;0;7;0;0;2;5;16;B01
200900045103;0;7;0;0;0;0;9;B01
200900045103;0;33;0;0;2;0;1;A01
200900045104;0;7;0;0;1;2;1;A01
200900045105;0;7;0;0;2;8;10;A01
200900045105;0;2;0;0;2;1;17;B01
200900045106;0;2;0;0;2;7;1;A01
200900045106;0;7;0;0;2;3;15;B01
200900045107;0;7;0;0;2;3;1;B01
200900045107;2;7;0;0;2;2;11;A01
200900045108;0;2;0;0;1;1;19;A01
200900045109;0;7;0;0;0;1;15;A01
200900045110;0;33;0;0;0;0;0;A01
200900045111;0;1;0;0;1;1;0;A01
200900045112;0;33;0;0;2;5;2;A01
200900045112;0;7;0;0;2;0;11;B01
200900045113;0;1;0;14;0;0;16;A01
200900045114;0;7;0;0;2;4;1;C01
200900045114;0;7;0;0;2;1;1;A01
200900045114;0;7;0;0;2;4;1;B01
200900045115;0;7;0;0;2;2;1;A01
200900045115;0;7;0;0;2;6;1;B01
200900045116;0;30;0;14;0;7;0;B01
200900045116;0;14;0;0;0;0;0;A01
200900045117;0;7;0;0;2;3;9;A01
200900045117;0;30;0;0;2;1;1;B01
200900045118;0;21;0;0;2;3;1;B01
200900045118;0;7;0;0;2;3;1;A01
200900045119;0;7;0;2;0;8;2;A01
200900045120;0;7;0;0;2;2;1;B01
200900045120;0;2;0;0;2;2;1;A01
200900045121;0;7;0;0;2;1;0;B01
200900045121;0;7;0;0;2;5;13;A01
200900045122;0;7;0;0;2;3;13;A01
200900045122;0;10;0;0;2;2;21;B01
200900045123;0;1;0;0;0;8;0;A01
200900045124;0;7;0;0;2;1;1;B01
200900045124;0;7;0;0;2;2;13;C01
200900045124;0;7;0;0;2;1;13;A01
200900045125;0;7;0;13;0;0;1;C01
200900045125;0;7;0;0;2;9;17;A01
200900045125;0;7;0;0;2;8;1;B01
200900045126;0;7;0;0;2;3;1;B01
200900045126;0;7;0;0;2;3;1;A01
200900045127;0;7;0;0;2;6;15;B01
200900045127;0;33;0;0;2;1;17;A01
200900045128;0;7;0;2;0;2;1;A01
200900045129;0;36;0;2;0;3;1;A01
200900045130;0;2;0;8;0;1;1;A01
200900045131;0;7;0;14;0;9;21;A01
200900045132;0;7;0;13;0;1;1;A01
200900045133;0;7;0;0;2;1;2;A01
200900045133;0;7;0;0;2;4;2;B01
200900045134;0;7;0;9;0;1;1;A01
200900045135;0;7;0;0;2;2;1;B01
200900045135;0;7;0;7;2;3;11;A01
200900045136;0;7;0;0;1;2;1;A01
200900045137;0;7;0;0;1;1;2;A01
200900045137;0;33;0;0;2;1;2;B01
200900045138;0;7;0;0;0;9;2;A01
200900045139;0;7;0;0;2;3;2;A01
200900045139;0;7;0;0;2;2;2;B01
200900045140;0;7;0;0;1;1;2;A01
200900045141;0;7;0;0;2;1;2;B01
200900045141;0;7;0;0;2;1;13;A01
200900045142;0;33;0;0;2;1;2;B01
200900045142;0;7;0;0;2;3;15;A01
200900045143;0;2;0;0;0;3;1;A01
200900045144;0;7;0;4;0;1;1;A01
200900045145;0;30;0;13;0;8;2;A01
200900045146;0;7;0;0;1;1;2;A01
200900045147;0;2;0;0;2;7;2;A01