num_acc;senc;catv;occutc;obs;obsm;choc;manv;num_veh
200900045147;0;7;0;0;2;3;2;B01
200900045148;0;33;0;7;0;0;0;A01
200900045149;0;7;0;0;1;1;15;A01
200900045150;0;7;0;0;1;3;1;A01
200900045151;0;10;0;7;2;1;2;A01
200900045151;0;37;1;0;2;5;1;B01
200900045152;0;7;0;9;0;1;1;A01
200900045153;0;7;0;3;0;1;2;A01
200900045154;0;7;0;0;1;1;2;A01
200900045155;0;2;0;0;0;7;16;A01
200900045156;0;7;0;1;0;1;2;A01
200900045157;0;33;0;13;0;1;2;A01
200900045158;0;7;0;0;2;7;2;B01
200900045158;0;1;0;0;2;1;2;A01
200900045159;0;7;0;4;0;1;2;A01
200900045160;0;7;0;0;2;0;1;C01
200900045160;0;7;0;0;1;3;2;A01
200900045160;0;7;0;0;2;5;2;B01
200900045161;0;7;0;0;2;2;15;A01
200900045161;0;2;0;0;2;1;2;B01
200900045162;0;7;0;0;2;3;1;B01
200900045162;0;7;0;0;2;1;1;A01
200900045163;0;7;0;0;2;2;15;A01
200900045163;0;33;0;0;2;1;17;B01
200900045164;0;7;0;0;2;1;2;A01
200900045164;0;7;0;0;2;8;2;B01
200900045165;0;30;0;16;0;1;2;A01
200900045166;0;7;0;16;0;1;2;A01
200900045167;0;31;0;16;0;1;2;A01
200900045168;0;7;0;0;2;1;16;A01
200900045169;0;10;0;0;1;4;4;A01
200900045170;0;10;0;0;2;2;1;B01
200900045170;0;10;0;0;2;7;13;A01
200900045171;0;7;0;13;0;1;2;A01
200900045172;0;7;0;16;0;8;3;A01
200900045173;0;7;0;0;1;8;1;A01
200900045174;0;7;0;0;2;4;2;B01
200900045174;0;7;0;0;2;1;2;A01
200900045175;0;10;0;0;2;1;2;A01
200900045175;0;7;0;0;0;4;23;B01
200900045176;0;7;0;0;2;1;2;D01
200900045176;0;17;0;3;0;8;1;A01
200900045176;0;37;4;0;2;4;1;B01
200900045176;0;7;0;0;2;1;2;C01
200900045177;0;7;0;0;1;1;2;A01
200900045178;0;7;0;13;0;1;2;A01
200900045179;0;7;0;0;2;1;15;A01
200900045179;0;7;0;0;2;1;2;B01
200900045180;0;7;0;0;1;1;15;A01
200900045181;0;1;0;0;2;1;1;B01
200900045181;0;17;0;0;2;1;1;A01
200900045182;0;30;0;0;2;4;1;B01
200900045182;1;7;0;0;2;2;17;Z01
200900045183;0;34;0;0;2;1;1;B01
200900045183;0;7;0;0;2;2;15;A01
200900045184;0;7;0;0;2;0;0;B01
200900045184;0;2;0;0;0;0;0;A01
200900045185;0;1;0;0;2;0;19;A01
200900045185;0;7;0;0;2;1;1;B01
200900045186;0;2;0;0;2;1;13;A01
200900045186;0;7;0;0;2;1;5;B01
200900045187;0;7;0;0;2;1;1;A01
200900045187;0;7;0;0;2;4;1;B01
200900045188;0;7;0;0;2;4;1;B01
200900045188;0;7;0;0;2;2;12;A01
200900045189;0;7;0;0;2;2;13;A01
200900045189;0;7;0;0;2;1;1;B01
200900045190;0;7;0;0;1;2;1;A01
200900045191;0;2;0;0;0;1;0;A01
200900045192;0;37;21;0;1;0;23;A01
200900045193;0;7;0;0;0;2;0;B01
200900045193;0;13;0;0;2;2;0;A01
200900045194;0;2;0;0;2;3;9;A01
200900045194;0;2;0;0;2;1;17;B01
200900045195;0;7;0;0;1;1;1;A01
200900045196;0;7;0;0;1;4;0;A01
200900045197;0;33;0;0;0;1;1;A01
200900045198;0;7;0;0;2;1;1;A01
200900045198;0;2;0;0;2;1;1;B01
200900045199;0;31;0;0;2;4;2;A01
200900045199;0;10;0;0;2;1;2;B01
200900045200;0;7;0;5;0;9;0;A01
200900045201;0;7;0;0;2;1;13;A01
200900045202;0;31;0;0;2;8;1;A01
200900045202;0;15;0;0;2;0;1;B01
200900045203;0;7;0;0;1;2;16;A01
200900045204;0;33;0;0;2;7;1;B01
200900045204;0;7;0;0;2;1;15;A01
200900045205;0;7;0;0;2;1;1;B01
200900045205;0;7;0;0;2;1;0;A01
200900045206;0;7;0;0;2;8;15;A01
200900045206;0;33;0;0;2;1;1;B01
200900045207;0;7;0;0;2;3;13;A01
200900045207;0;7;0;0;2;2;14;B01
200900045208;0;10;0;0;2;8;15;A01
200900045208;0;31;0;0;0;1;17;B02
200900045209;0;7;0;0;2;3;15;B02
200900045209;0;33;0;0;2;3;1;A01
200900045210;0;7;0;2;0;3;13;A01
200900045211;0;7;0;2;0;2;14;A01
200900045212;0;7;0;13;0;9;12;A01
200900045213;0;7;0;0;2;1;1;B02
200900045213;0;7;0;0;2;1;13;A01
200900045214;0;33;0;13;0;1;1;A01
200900045214;0;33;0;13;0;1;1;B02
200900045215;0;33;0;8;0;0;1;A01
200900045216;0;33;0;13;0;1;1;A01
200900045217;0;7;0;0;4;8;0;A01
200900045218;0;10;0;0;1;1;1;A01
200900045219;0;7;0;0;1;1;15;A01
200900045220;0;7;0;0;0;2;1;A01
200900045221;0;7;0;0;2;1;13;A01
200900045221;0;7;0;0;2;1;1;B02
200900045222;0;7;0;2;0;1;2;A01
200900045223;0;33;0;0;2;1;17;A01
200900045223;0;7;0;0;2;1;1;B02
200900045224;0;7;0;0;2;6;15;A01
200900045224;0;33;0;0;2;1;1;B02
200900045225;0;15;0;2;0;1;1;A01
200900045226;0;33;0;13;0;7;1;A01
200900045227;0;7;0;0;2;1;1;A01
200900045227;0;7;0;0;2;4;23;B02
200900045227;0;7;0;0;0;4;1;C03
200900045228;0;7;0;0;2;1;13;A01
200900045228;0;7;0;0;2;1;1;B02
200900045229;0;7;0;0;2;1;1;B02
200900045229;0;7;0;0;2;1;17;A01
200900045230;0;7;0;0;2;3;6;A01
200900045230;0;33;0;0;2;1;1;B02
200900045231;0;7;0;0;2;7;19;B02
200900045231;0;33;0;0;2;1;1;A01
200900045232;0;33;0;0;2;1;17;B02
200900045232;0;7;0;0;2;3;15;A01
200900045233;0;7;0;0;0;4;1;B02
200900045233;0;10;0;0;2;1;1;A01
200900045234;0;33;0;0;2;8;17;A01
200900045234;1;7;0;0;2;8;1;B02
200900045235;0;7;0;2;0;7;1;A01
200900045236;0;7;0;0;2;3;13;A01
200900045236;0;7;0;0;2;1;1;B02
200900045237;0;7;0;0;2;6;15;A01
200900045237;0;2;0;0;2;1;1;B01
200900045238;0;7;0;0;2;1;16;A01
200900045238;0;30;0;0;2;1;3;B01
200900045239;0;7;0;0;1;0;0;A01
200900045240;0;31;0;0;2;3;1;B01
200900045240;0;7;0;0;2;1;1;A01
200900045241;0;7;0;0;2;7;15;A01
200900045241;0;2;0;0;2;1;1;B01
200900045242;0;7;0;0;2;3;1;C01
200900045242;0;7;0;0;2;3;2;A01
200900045242;0;31;0;0;2;1;0;B01
200900045243;0;30;0;0;1;2;1;A01
200900045244;0;7;0;0;2;4;0;B01
200900045244;0;7;0;0;2;1;0;A01
200900045245;0;7;0;0;1;1;1;A01
200900045246;0;30;0;0;2;1;2;A01
200900045246;0;7;0;0;2;4;1;B01
200900045247;0;30;0;0;2;2;1;B01
200900045247;0;1;0;0;2;1;5;A01
200900045248;0;7;0;0;1;2;1;A01
200900045249;0;7;0;0;2;1;15;B01
200900045249;0;33;0;0;2;1;3;A01
200900045250;0;7;0;0;1;1;1;A01
200900045251;0;30;0;0;2;4;2;B01
200900045251;0;30;0;0;2;1;2;A01
200900045252;0;7;0;0;2;1;1;B01
200900045252;0;7;0;0;2;8;15;A01
200900045253;0;30;0;0;2;1;0;A01
200900045253;0;7;0;0;2;6;0;B01
200900045254;0;7;0;0;1;3;1;A01
200900045255;0;31;0;0;2;1;1;B01
200900045255;0;7;0;0;2;1;15;A01
200900045256;0;32;0;0;2;8;7;A01
200900045256;0;7;0;0;2;7;16;B01
200900045257;0;7;0;0;1;2;1;A01
200900045258;0;32;0;0;2;1;1;B01
200900045258;0;7;0;0;0;8;10;A01
200900045259;0;7;0;0;1;1;1;A01
200900045260;0;30;0;0;2;1;1;A01
200900045260;0;7;0;0;2;2;15;B01
200900045261;0;30;0;0;2;8;1;B01
200900045261;0;7;0;0;2;2;16;A01
200900045262;0;7;0;0;2;2;15;A01
200900045262;0;33;0;0;2;1;1;B01
200900045263;0;1;0;0;2;1;1;B01
200900045263;0;7;0;0;2;2;14;A01
200900045264;0;14;0;0;2;1;1;B01
200900045264;0;7;0;0;2;5;12;A01
200900045265;0;32;0;0;1;1;1;A01
200900045266;0;7;0;10;0;8;0;A01
200900045267;0;1;0;0;2;8;1;B01
200900045267;0;7;0;0;2;3;15;A01
200900045268;0;33;0;4;0;1;1;A01
200900045269;0;2;0;0;1;0;0;A01
200900045270;0;7;0;0;2;5;11;A01
200900045270;0;7;0;0;2;1;1;B01
200900045271;0;32;0;0;0;0;0;A01
200900045272;0;7;0;0;2;4;23;B01
200900045272;0;7;0;0;2;1;1;A01
200900045273;0;7;0;0;2;4;2;C01
200900045273;0;7;0;0;2;1;1;A01
200900045273;0;7;0;0;2;4;2;B01
200900045274;0;7;0;0;2;1;2;C01
200900045274;0;7;0;0;2;9;1;A01
200900045274;0;7;0;0;2;6;2;B01
200900045275;0;7;0;0;2;1;9;B01
200900045275;0;7;0;0;1;1;9;A01
200900045276;0;7;0;0;0;9;0;A01
200900045277;1;7;0;0;0;0;0;C01
200900045277;0;7;0;0;2;1;0;A01
200900045277;0;7;0;0;2;1;0;B01
200900045278;0;7;0;0;2;2;9;A01
200900045278;0;7;0;0;2;1;1;B01
200900045278;0;33;0;0;2;1;2;C01
200900045279;0;7;0;0;0;3;0;A01
200900045280;0;7;0;0;1;2;1;A01
200900045281;0;10;0;0;2;1;13;A01
200900045281;0;10;0;0;2;1;1;B02
200900045282;0;7;0;0;2;1;2;A01
200900045282;0;7;0;0;2;4;23;B01
200900045283;0;7;0;0;0;2;1;A01
200900045283;0;1;0;0;2;8;19;B01
200900045284;0;7;0;0;2;3;15;A01
200900045284;0;33;0;0;2;1;17;B01
200900045285;0;7;0;2;0;1;13;A01
200900045286;0;7;0;0;0;4;1;B01
200900045286;0;7;0;0;2;1;2;A01
200900045287;0;2;0;0;2;1;1;B01
200900045287;0;7;0;0;2;3;9;A01
200900045288;0;7;0;2;0;3;1;A01
200900045289;0;7;0;0;2;2;16;A01
200900045289;0;38;5;0;2;7;1;B02
200900045290;0;37;5;0;2;2;1;B01
200900045290;0;2;0;0;2;8;1;A01
200900045291;0;30;0;0;2;2;5;A01
200900045291;0;7;0;0;2;2;21;B01
200900045292;0;7;0;8;0;2;14;A01
200900045293;0;7;0;0;2;3;1;B01
200900045293;0;7;0;0;2;1;1;A01
200900045294;0;1;0;0;2;1;1;B01
200900045294;0;7;0;0;2;8;1;A01
200900045295;0;7;0;0;2;1;2;A01
200900045295;0;7;0;0;2;4;2;B01
200900045296;0;7;0;0;2;3;1;B01
200900045296;0;7;0;0;2;3;0;A01
200900045297;0;10;0;0;1;1;2;A01
200900045298;0;2;0;0;0;8;15;B01
200900045298;0;33;0;0;2;0;17;A01
200900045299;0;2;0;0;2;8;1;A01
200900045299;1;7;0;0;2;2;12;B01
200900045300;0;32;0;0;2;7;1;B01
200900045300;0;17;0;0;2;3;15;A01
200900045301;0;7;0;0;2;8;1;A01
200900045301;0;30;0;0;2;1;1;B01
200900045302;0;7;0;0;1;5;16;A01
200900045303;0;7;0;0;1;1;1;A01
200900045304;0;7;0;0;2;2;1;A01
200900045304;0;1;0;0;2;4;1;B01
200900045305;0;7;0;0;2;2;1;B01
200900045305;0;7;0;0;2;5;1;A01
200900045306;0;7;0;0;1;1;1;A01
200900045307;0;30;0;0;0;1;1;B01
200900045308;0;7;0;0;1;2;1;A01
200900045309;0;7;0;0;2;6;15;A01
200900045309;0;2;0;0;2;1;17;B01
200900045310;0;7;0;13;0;9;0;A01
200900045311;0;3;0;8;0;3;1;A01
200900045312;0;7;0;0;2;2;16;B01
200900045312;0;30;0;0;2;3;18;A01
200900045313;0;1;0;0;2;4;1;B01
200900045313;1;7;0;0;0;0;1;A01
200900045314;1;7;0;0;1;8;1;A01
200900045315;0;34;0;0;1;1;1;A01
200900045316;0;2;0;0;2;1;1;A01
200900045316;0;31;0;0;1;1;1;B01
200900045317;0;34;0;0;1;1;1;A01
200900045318;0;31;0;0;2;1;1;A01
200900045318;0;7;0;0;2;3;16;B01
200900045319;0;2;0;0;2;1;1;B01
200900045319;0;15;0;0;1;0;15;A01
200900045320;0;37;20;0;1;1;1;A01
200900045321;0;7;0;0;2;2;0;A01
200900045321;0;33;0;0;2;1;0;B01
200900045322;0;30;0;0;2;1;1;A01
200900045322;0;7;0;0;9;6;2;B01
200900045323;0;7;0;0;1;0;0;A01
200900045324;0;30;0;1;0;0;0;A01
200900045325;0;33;0;0;2;3;1;B01
200900045325;0;7;0;0;9;7;0;A01
200900045326;0;33;0;0;1;1;0;A01
200900045327;0;7;0;1;1;1;0;A01
200900045328;0;32;0;0;2;1;0;A01
200900045328;0;37;1;0;0;8;0;B01
200900045329;0;7;0;0;2;3;0;A01
200900045329;0;7;0;5;2;9;0;B01
200900045330;0;10;0;0;0;5;0;A01
200900045331;0;30;0;0;1;0;0;A01
200900045332;0;33;0;0;2;3;0;B01
200900045332;0;7;0;0;0;0;0;A01
200900045333;0;1;0;0;0;1;2;A01
200900045334;0;7;0;0;0;1;0;A01
200900045334;0;7;0;0;0;8;0;B01
200900045335;0;7;0;0;0;0;0;B01
200900045335;0;32;0;0;1;2;0;A01
200900045336;0;7;0;0;2;3;1;A01
200900045336;0;7;0;0;0;0;0;D04
200900045336;0;7;0;0;0;0;0;B02
200900045336;0;7;0;0;0;0;0;C03
200900045336;0;7;0;0;0;0;0;E05
200900045337;0;7;0;8;5;7;1;A01
200900045338;0;30;0;1;0;1;1;B02
200900045338;0;7;0;0;2;6;24;A01
200900045339;0;7;0;0;0;3;1;B02
200900045339;0;7;0;0;0;3;13;A01
200900045340;0;7;0;0;2;1;0;B01
200900045340;0;7;0;0;2;1;13;A01
200900045341;0;7;0;0;2;1;9;A01
200900045341;0;7;0;0;0;3;1;C01
200900045341;0;10;0;0;0;7;1;B01
200900045342;0;7;0;0;0;3;1;B01
200900045342;0;7;0;0;2;1;13;A01
200900045343;0;14;0;0;2;6;4;A01
200900045343;0;30;0;0;2;1;2;B01
200900045344;0;14;0;0;1;1;1;A01
200900045345;0;7;0;0;1;1;1;A01
200900045346;0;7;0;0;2;3;13;A01
200900045346;0;7;0;0;0;8;1;B01
200900045347;0;7;0;0;0;7;1;A01
200900045347;0;2;0;0;2;1;1;B01
200900045348;0;2;0;0;2;1;1;B01
200900045348;0;7;0;0;0;3;15;A01
200900045349;0;33;0;0;2;1;1;B01
200900045349;0;7;0;0;0;7;15;A01
200900045350;0;33;0;0;2;1;1;B01
200900045350;0;7;0;0;2;2;15;A01
200900045351;0;7;0;0;2;1;1;A01
200900045351;0;2;0;0;2;7;1;B02
200900045352;0;7;0;0;2;4;1;B01
200900045352;0;10;0;0;2;4;0;C01
200900045352;0;7;0;0;2;1;1;A01
200900045353;0;7;0;0;2;1;0;A01
200900045353;0;7;0;0;2;6;1;B01
200900045354;0;10;0;0;2;2;0;B01
200900045354;0;33;0;0;2;7;0;A01
200900045354;0;10;0;0;2;8;0;C01
200900045355;0;7;0;3;0;1;1;A01
200900045355;0;17;0;14;0;2;21;B01
200900045356;0;7;0;0;2;5;2;B01
200900045356;0;7;0;0;2;3;1;A01
200900045357;0;7;0;0;2;1;1;B01
200900045357;0;7;0;4;0;8;1;A01
200900045358;0;7;0;0;2;1;1;B01
200900045358;0;7;0;0;1;1;1;A01
200900045358;0;1;0;0;2;0;19;C01
200900045359;0;7;0;0;2;1;13;A01
200900045359;0;7;0;0;2;1;21;C01
200900045359;0;7;0;0;2;6;21;B01
200900045360;0;14;0;0;2;2;1;A01
200900045360;0;1;0;0;2;4;1;B01
200900045361;0;7;0;0;1;2;1;A01
200900045362;0;7;0;0;2;8;1;B01
200900045362;0;7;0;0;2;1;1;A01
200900045363;0;7;0;0;1;3;1;A01
200900045364;0;7;0;13;0;1;14;A01
200900045365;0;7;0;13;0;1;13;A01
200900045366;0;7;0;6;0;1;1;A01
200900045367;0;7;0;10;0;2;1;A01
200900045368;0;14;0;0;2;3;2;A01
200900045368;0;7;0;0;0;1;1;C01
200900045368;0;7;0;0;2;5;15;B01
200900045369;0;7;0;0;2;1;1;B01
200900045369;0;7;0;0;2;4;15;A01
200900045370;0;7;0;0;0;3;1;A01
200900045371;0;10;0;0;2;1;2;A01
200900045371;0;2;0;0;2;6;2;B01
200900045372;0;7;0;13;0;9;0;A01
200900045373;0;1;0;16;0;1;2;A01
200900045374;0;7;0;0;2;3;1;B01
200900045374;0;7;0;0;0;3;2;A01
200900045375;0;7;0;0;1;2;15;A01
200900045376;0;15;0;0;2;5;2;A01
200900045376;0;7;0;0;2;8;2;B01
200900045377;0;7;0;0;2;1;23;C01
200900045377;0;30;0;0;2;3;1;A01
200900045377;0;7;0;0;2;7;16;B01
200900045378;0;7;0;0;1;0;1;A01
200900045379;0;2;0;0;2;1;1;B01
200900045379;0;15;0;0;2;2;15;A01
200900045380;0;7;0;8;0;1;1;A01
200900045381;0;7;0;13;0;0;1;A01
200900045382;0;7;0;0;1;1;16;A01
200900045383;0;7;0;0;2;9;1;B01
200900045383;0;7;0;3;2;8;1;C01
200900045383;0;7;0;0;2;7;9;A01
200900045384;0;7;0;0;1;5;4;A01
200900045385;0;7;0;3;0;8;1;A01
200900045386;0;7;0;0;2;5;2;B01
200900045386;0;7;0;0;2;1;2;A01
200900045387;0;30;0;0;0;8;15;A01
200900045388;0;7;0;0;2;1;14;A01
200900045388;0;3;0;0;2;8;2;B01
200900045389;0;7;0;3;0;9;1;A01
200900045390;0;2;0;0;2;1;2;A01
200900045390;0;7;0;0;2;6;1;B01
200900045391;0;30;0;0;0;0;1;A01
200900045392;0;2;0;0;0;0;16;A01
200900045393;0;2;0;16;0;7;2;A01
200900045394;0;2;0;16;0;7;1;A01
200900045395;0;7;0;0;2;1;1;C01
200900045395;0;2;0;0;2;1;2;B01
200900045395;0;10;0;0;2;3;16;A01
200900045396;0;7;0;13;0;1;2;A01
200900045397;0;7;0;0;2;8;2;B01
200900045397;0;17;0;0;2;7;14;A01
200900045398;0;31;0;0;2;1;2;B01
200900045398;0;7;0;0;2;1;2;A01
200900045399;0;13;0;0;2;2;14;A01
200900045399;0;7;0;0;2;8;2;B01
200900045400;0;32;0;0;1;1;1;A01
200900045401;0;33;0;0;2;7;17;A01
200900045401;1;7;0;0;0;0;13;Z01
200900045402;0;7;0;8;0;7;1;A01
200900045403;0;1;0;0;5;0;1;A01
200900045404;0;7;0;0;1;1;2;A01
200900045405;0;30;0;0;2;1;1;B01
200900045405;0;7;0;0;2;1;10;A01
200900045406;0;30;0;0;0;8;1;A01
200900045407;0;7;0;0;2;1;2;A01
200900045407;0;7;0;0;2;4;16;B01
200900045408;0;7;0;0;2;7;15;A01
200900045408;0;7;0;0;2;1;2;B01
200900045409;0;7;0;0;2;8;1;B01
200900045409;0;7;0;0;2;2;0;A01
200900045410;0;7;0;6;6;1;1;A01
200900045411;0;10;0;0;2;2;1;B01
200900045411;0;7;0;6;2;9;0;A01
200900045412;0;31;0;0;2;1;1;B01
200900045412;0;7;0;0;2;3;15;A01
200900045413;0;7;0;0;0;0;15;A01
200900045413;0;31;0;0;0;7;1;B01
200900045414;0;7;0;0;2;8;9;A01
200900045414;0;7;0;0;2;1;1;B01
200900045415;0;7;0;0;2;3;1;A01
200900045415;0;1;0;0;2;0;19;B01
200900045416;0;7;0;0;2;2;9;A01
200900045416;0;37;15;0;2;3;1;B01
200900045417;0;33;0;16;0;8;1;A01
200900045418;0;2;0;0;2;7;17;A01
200900045418;0;7;0;0;2;3;15;B01
200900045419;0;7;0;0;1;6;4;A01
200900045420;0;30;0;16;0;7;2;A01
200900045421;0;7;0;0;2;4;2;B01
200900045421;0;7;0;0;2;1;2;A01
200900045422;0;7;0;0;2;1;15;A01
200900045422;0;1;0;0;2;1;1;B01
200900045423;0;7;0;0;2;5;1;B01
200900045423;0;7;0;0;2;2;9;A01
200900045424;0;7;0;0;2;3;15;B01
200900045424;0;33;0;0;2;2;17;A01
200900045425;0;7;0;0;2;7;15;A01
200900045425;0;32;0;0;2;1;1;B01
200900045426;0;31;0;0;2;1;1;B01
200900045426;0;7;0;0;2;6;9;A01
200900045427;0;7;0;0;2;2;16;A01
200900045427;0;1;0;0;2;1;1;B01
200900045428;0;1;0;0;2;1;1;B01
200900045428;0;30;0;0;2;8;11;A01
200900045429;0;7;0;0;2;1;15;B01
200900045429;0;7;0;0;2;3;1;A01
200900045430;0;7;0;6;0;9;1;A01
200900045431;0;7;0;0;2;1;2;A01
200900045431;0;7;0;0;2;4;1;B01
200900045432;0;33;0;0;2;1;5;B01
200900045432;0;7;0;0;2;3;15;A01
200900045433;0;7;0;0;2;1;9;A01
200900045433;0;1;0;0;2;1;1;B01
200900045434;0;7;0;0;2;4;1;B01
200900045434;0;7;0;0;2;1;2;A01
200900045435;0;7;0;0;1;5;1;A01
200900045436;0;37;4;0;2;2;7;B01
200900045436;0;7;0;0;2;3;9;A01
200900045437;0;32;0;0;2;2;1;B01
200900045437;0;7;0;0;2;0;15;A01
200900045438;0;10;0;0;2;4;2;B01
200900045438;0;10;0;0;2;1;2;A01
200900045439;0;7;0;0;2;3;1;B01
200900045439;0;7;0;0;2;1;15;A01
200900045440;0;7;0;0;2;5;15;A01
200900045440;0;7;0;0;2;2;1;B01
200900045441;0;30;0;0;2;1;1;A01
200900045441;0;7;0;0;2;5;16;B01
200900045442;0;7;0;12;0;1;1;A01
200900045443;0;30;0;0;1;1;1;A01
200900045444;0;7;0;0;0;2;1;A01
200900045445;0;30;0;0;0;0;0;A01
200900045446;0;7;0;0;0;1;1;B02
200900045446;0;7;0;0;0;8;16;A01
200900045447;0;1;0;0;2;1;5;B02
200900045447;0;7;0;0;2;1;1;A01
200900045448;0;33;0;16;2;1;1;A01
200900045448;0;33;0;6;2;1;1;B02
200900045449;0;7;0;0;2;1;20;B02
200900045449;0;33;0;0;2;1;1;A01
200900045450;0;7;0;4;0;3;13;A01
200900045451;0;2;0;1;0;2;1;A01
200900045452;0;32;0;0;2;1;1;A01
200900045452;1;7;0;0;0;8;16;B01
200900045453;0;7;0;0;2;8;17;A01
200900045453;0;2;0;0;2;7;17;B01
200900045454;0;7;0;0;1;1;1;A01
200900045455;0;7;0;0;9;7;1;A01
200900045455;0;1;0;0;2;8;2;B01
200900045456;0;2;0;0;2;1;1;B01
200900045456;0;7;0;0;2;1;9;A01
200900045457;0;7;0;0;2;2;9;A01
200900045457;0;7;0;1;2;1;1;B01
200900045458;0;13;0;0;2;1;2;A01
200900045458;0;7;0;0;2;4;2;B01
200900045459;0;7;0;0;0;7;1;B01
200900045459;0;7;0;0;2;1;9;A01
200900045460;0;7;0;14;0;1;1;A01
200900045461;0;7;0;0;2;1;1;B01
200900045461;0;7;0;0;2;9;1;A01
200900045462;0;7;0;0;2;1;1;A01
200900045462;0;7;0;0;2;4;2;B01
200900045463;0;7;0;11;0;2;14;A01
200900045464;0;7;0;0;2;4;1;B01
200900045464;0;2;0;0;2;1;2;A01
200900045465;0;7;0;0;2;2;15;A01
200900045465;0;33;0;0;2;1;1;B01
200900045466;0;7;0;0;2;1;1;B01
200900045466;0;7;0;0;2;9;6;A01
200900045467;0;7;0;1;0;2;1;A01
200900045468;0;7;0;0;1;1;13;A01
200900045469;0;7;0;12;0;1;1;A01
200900045470;0;7;0;4;0;0;0;A01
200900045471;0;7;0;0;2;3;15;B01
200900045471;0;31;0;1;2;9;17;A01
200900045472;0;1;0;0;2;1;13;B01
200900045472;0;7;0;0;2;2;1;A01
200900045473;0;2;0;0;2;1;1;B01
200900045473;0;7;0;0;0;3;16;A01
200900045474;0;7;0;0;0;9;1;A01
200900045475;0;7;0;0;2;4;23;B01
200900045475;0;7;0;0;2;1;2;A01
200900045476;0;17;0;0;0;4;2;A01
200900045476;0;15;0;0;2;1;2;B01
200900045477;0;33;0;0;0;8;0;A01
200900045478;0;7;0;0;0;0;0;A01
200900045479;0;7;0;0;0;4;24;B01
200900045479;0;17;0;1;0;1;0;A01
200900045480;0;7;0;0;2;1;2;A01
200900045480;0;7;0;0;2;4;1;B01
200900045481;0;7;0;0;2;2;1;A01
200900045481;0;7;0;0;0;8;1;B01
200900045482;0;7;0;16;0;9;0;A01
200900045483;0;7;0;0;2;1;2;A01
200900045483;0;7;0;0;2;4;23;B01
200900045484;0;7;0;0;0;3;15;B01
200900045484;0;30;0;0;0;6;5;A01
200900045485;0;1;0;0;0;0;0;A01
200900045486;0;30;0;0;2;4;1;B01
200900045486;0;7;0;0;2;2;1;A01
200900045487;0;7;0;0;0;4;1;B01
200900045487;0;31;0;0;2;1;2;A01
200900045488;0;7;0;0;2;8;15;A01
200900045488;0;33;0;0;2;2;17;B01
200900045489;0;30;0;0;2;1;1;A01
200900045489;0;10;0;0;2;8;1;B01
200900045490;0;10;0;13;0;7;14;A01
200900045491;0;7;0;0;2;3;14;A01
200900045491;0;33;0;0;2;8;1;B01
200900045492;0;2;0;12;0;2;1;A01
200900045493;0;10;0;1;0;8;1;B01
200900045493;0;7;0;0;2;1;1;A01
200900045494;0;7;0;15;2;1;1;B01
200900045494;0;7;0;0;2;1;13;A01
200900045495;0;1;0;0;0;8;1;B01
200900045495;0;7;0;0;9;7;17;A01
200900045496;0;7;0;0;2;1;0;A01
200900045496;0;7;0;0;0;4;0;B01
200900045497;0;7;0;16;0;7;13;A01
200900045498;0;14;0;3;2;2;1;B01
200900045498;0;14;0;3;2;6;24;A01
200900045499;0;7;0;0;0;6;11;B01
200900045499;0;33;0;0;2;2;1;A01
200900045500;0;33;0;0;2;2;21;B01
200900045500;0;33;0;0;2;4;1;A01
200900045501;0;7;0;0;2;4;1;B01
200900045501;0;7;0;0;2;1;1;A01
200900045502;0;7;0;1;0;1;5;A01
200900045503;0;15;0;0;2;1;2;C01
200900045503;0;7;0;0;2;4;2;B01
200900045503;0;7;0;0;2;4;1;A01
200900045504;0;7;0;2;0;1;0;A01
200900045505;0;7;0;0;2;6;11;A01
200900045505;0;33;0;0;2;2;17;B01
200900045506;0;33;0;0;0;0;21;A01
200900045507;0;7;0;0;2;2;12;B01
200900045507;0;33;0;0;2;8;3;A01
200900045508;0;7;0;3;0;1;0;A01
200900045509;0;7;0;0;2;4;2;C01
200900045509;0;33;0;0;2;8;1;B01
200900045509;0;7;0;0;2;7;0;A01
200900045510;0;7;0;3;0;3;14;B01
200900045510;0;14;0;0;2;2;2;A01
200900045511;0;15;0;0;2;2;3;A01
200900045511;0;7;0;0;2;6;1;B01
200900045512;0;7;0;0;0;0;21;A01
200900045513;0;17;0;0;2;1;2;A01
200900045513;0;7;0;0;2;4;2;B01
200900045514;0;10;0;4;2;8;11;A01
200900045514;0;10;0;0;2;1;2;B01
200900045515;0;31;0;0;0;7;0;A01
200900045516;0;7;0;3;0;7;1;A01
200900045517;0;10;0;0;2;8;0;C01
200900045517;0;7;0;0;2;2;0;B01
200900045517;0;33;0;0;2;8;3;A01
200900045518;0;7;0;0;2;4;1;A01
200900045518;0;10;0;0;2;3;2;B01
200900045519;0;31;0;0;2;1;11;A01
200900045519;0;7;0;0;2;3;0;B01
200900045519;0;7;0;0;2;1;0;C01
200900045520;0;33;0;0;0;3;1;B01
200900045520;0;10;0;0;2;7;9;A01
200900045521;0;99;0;0;0;5;1;B01
200900045521;0;33;0;0;2;1;3;A01
200900045522;0;7;0;0;0;5;11;A01
200900045522;0;33;0;0;2;1;3;B01
200900045523;2;7;0;0;2;2;12;B01
200900045523;0;10;0;0;2;6;1;A01