num_acc;senc;catv;occutc;obs;obsm;choc;manv;num_veh
200900045524;0;7;0;7;0;3;14;A01
200900045525;0;33;0;0;0;0;0;A01
200900045526;0;10;0;0;2;6;11;A01
200900045526;0;31;0;0;2;1;3;B01
200900045527;0;32;0;0;0;0;1;A01
200900045528;0;7;0;0;1;1;1;A01
200900045529;0;7;0;0;2;3;10;A01
200900045529;0;7;0;0;2;2;1;B01
200900045530;0;7;0;0;2;1;14;B01
200900045530;0;7;0;0;2;1;5;A01
200900045531;0;7;0;0;1;1;1;A01
200900045532;0;7;0;0;1;8;1;A01
200900045533;0;7;0;0;2;2;1;B01
200900045533;0;7;0;0;2;1;9;A01
200900045534;0;7;0;0;2;1;1;A01
200900045534;0;7;0;0;2;4;23;B01
200900045535;0;7;0;6;0;1;1;A01
200900045536;0;30;0;0;0;4;23;B01
200900045536;0;7;0;0;0;1;17;A01
200900045537;0;7;0;0;2;1;1;A01
200900045537;0;1;0;0;2;8;15;B01
200900045538;0;7;0;0;2;1;5;A01
200900045538;0;7;0;0;2;3;1;B01
200900045538;0;7;0;8;0;1;21;C01
200900045538;0;7;0;0;2;1;1;D01
200900045539;0;33;0;0;2;7;15;A01
200900045539;0;17;0;0;2;8;15;B01
200900045540;0;7;0;0;1;4;4;A01
200900045541;0;7;0;0;1;1;1;A01
200900045542;0;10;0;0;1;1;0;A01
200900045543;0;7;0;0;0;9;1;A01
200900045544;0;33;0;11;0;1;17;A01
200900045545;0;1;0;0;2;1;1;B02
200900045545;0;7;0;0;9;1;15;A01
200900045546;0;33;0;13;0;1;1;A01
200900045547;0;2;0;0;2;1;19;A01
200900045547;0;7;0;0;2;8;1;B02
200900045548;0;33;0;0;0;0;1;A01
200900045549;0;7;0;13;0;1;1;A01
200900045550;0;7;0;0;1;8;1;A01
200900045551;0;33;0;3;0;1;1;A01
200900045552;0;7;0;0;2;3;13;A01
200900045552;0;7;0;0;2;3;1;B02
200900045553;0;1;0;0;0;1;1;B02
200900045553;0;7;0;0;0;1;13;A01
200900045554;0;7;0;16;0;1;1;A01
200900045555;0;7;0;0;1;1;1;A01
200900045556;0;31;0;0;0;1;1;A01
200900045556;0;7;0;0;0;2;1;B02
200900045557;0;7;0;0;2;1;2;A01
200900045557;0;14;0;0;0;4;2;B02
200900045558;0;7;0;0;2;2;15;A01
200900045558;0;33;0;0;2;1;1;B02
200900045559;0;7;0;0;2;2;1;B01
200900045559;0;7;0;0;2;2;1;A01
200900045560;0;7;0;12;0;2;1;A01
200900045561;0;7;0;0;2;6;0;B01
200900045561;0;30;0;0;2;1;0;A01
200900045562;0;7;0;0;2;4;1;B01
200900045562;0;7;0;0;2;1;1;A01
200900045563;0;7;0;0;1;1;1;A01
200900045564;0;7;0;0;9;6;1;B01
200900045564;0;32;0;0;0;1;1;A01
200900045565;0;7;0;0;1;1;15;A01
200900045566;0;7;0;0;1;2;1;A01
200900045567;0;7;0;0;1;3;1;A01
200900045568;0;33;0;0;2;1;1;B01
200900045568;0;7;0;0;2;7;9;A01
200900045569;0;7;0;1;2;2;20;A01
200900045569;0;7;0;0;2;1;1;B01
200900045570;0;7;0;0;2;1;1;A01
200900045570;0;7;0;0;2;4;23;B01
200900045571;0;7;0;0;2;2;16;A01
200900045571;0;33;0;0;2;8;1;B01
200900045572;0;33;0;8;2;1;17;B01
200900045572;0;7;0;0;2;8;15;A01
200900045573;0;1;0;0;2;4;15;B01
200900045573;0;7;0;0;2;1;1;A01
200900045574;0;7;0;0;1;8;1;A01
200900045575;0;1;0;0;2;8;17;B01
200900045575;0;7;0;0;2;1;0;A01
200900045576;0;7;0;0;2;8;1;A01
200900045576;0;1;0;0;2;0;1;B01
200900045577;0;7;0;0;2;7;1;A01
200900045577;0;7;0;0;2;3;1;B01
200900045578;0;7;0;0;1;1;2;A01
200900045579;0;7;0;0;2;3;24;C03
200900045579;0;7;0;1;0;1;13;A01
200900045579;0;7;0;0;2;6;24;B02
200900045580;0;7;0;0;0;0;1;A01
200900045580;0;7;0;0;0;6;0;C03
200900045581;0;33;0;0;2;1;17;A01
200900045581;0;7;0;0;2;3;15;B02
200900045582;0;7;0;0;2;3;19;B02
200900045582;0;7;0;0;2;6;1;A01
200900045583;0;7;0;2;0;3;1;A01
200900045584;0;33;0;3;0;7;21;A01
200900045585;0;14;0;8;0;1;16;A01
200900045586;0;7;0;0;2;1;23;A01
200900045586;0;2;0;0;2;1;1;B02
200900045587;0;7;0;0;2;3;1;C03
200900045587;0;7;0;0;2;1;15;A01
200900045587;0;7;0;0;2;3;1;B02
200900045588;0;7;0;13;0;1;1;A01
200900045589;0;7;0;13;0;1;1;A01
200900045590;0;10;0;13;0;3;19;A01
200900045591;0;7;0;0;0;7;1;C03
200900045591;0;10;0;0;2;1;1;B02
200900045591;0;7;0;0;0;7;13;A01
200900045592;0;7;0;0;2;3;17;A01
200900045592;0;7;0;0;2;3;1;B02
200900045593;0;33;0;3;0;1;1;A01
200900045594;0;7;0;0;2;8;1;B02
200900045594;0;7;0;0;2;1;1;A01
200900045595;0;31;0;13;0;1;1;A01
200900045596;0;7;0;6;0;2;13;A01
200900045597;0;7;0;1;0;1;2;A01
200900045598;0;33;0;16;0;7;1;A01
200900045599;0;7;0;0;2;1;1;A01
200900045599;0;2;0;0;2;7;1;B01
200900045600;0;7;0;0;1;4;4;A01
200900045601;0;1;0;0;2;4;1;B01
200900045601;0;7;0;0;2;2;12;A01
200900045602;0;7;0;0;1;1;1;A01
200900045603;0;7;0;0;1;2;1;A01
200900045604;0;7;0;0;2;1;15;A01
200900045604;0;7;0;0;2;3;1;B01
200900045605;0;10;0;0;2;1;1;A01
200900045605;0;7;0;0;2;6;1;B01
200900045606;0;7;0;0;2;1;1;B01
200900045606;0;7;0;0;2;1;15;A01
200900045607;0;7;0;0;2;6;1;B01
200900045607;0;30;0;0;2;1;1;A01
200900045608;0;7;0;0;2;4;2;B01
200900045608;0;7;0;0;2;4;2;C01
200900045608;0;7;0;0;2;1;2;A01
200900045609;0;7;0;0;2;2;1;B01
200900045609;0;99;0;0;0;7;15;A01
200900045610;0;7;0;0;2;3;21;B01
200900045610;0;7;0;0;2;8;0;A01
200900045611;0;7;0;0;2;8;15;A01
200900045611;0;33;0;0;2;1;1;B01
200900045612;0;7;0;0;2;6;1;A01
200900045612;0;2;0;0;2;1;1;B01
200900045613;0;7;0;0;2;2;21;A01
200900045613;0;7;0;0;2;4;15;B01
200900045614;0;7;0;0;1;5;4;A01
200900045615;0;30;0;0;2;1;2;A01
200900045615;0;7;0;0;2;4;2;B01
200900045616;0;7;0;0;2;6;19;A01
200900045616;0;38;0;0;2;1;1;B02
200900045617;0;33;0;12;0;1;0;A01
200900045618;0;33;0;0;0;7;1;A01
200900045619;0;7;0;6;0;1;1;A01
200900045620;0;33;0;16;0;0;1;A01
200900045621;0;7;0;0;9;2;1;A01
200900045621;0;1;0;0;2;4;1;B02
200900045622;0;33;0;0;2;1;1;B02
200900045622;0;14;0;0;2;3;15;A01
200900045623;0;33;0;0;2;9;1;A01
200900045623;0;7;0;0;2;2;19;B02
200900045624;0;7;0;5;0;1;1;A01
200900045625;0;7;0;0;2;1;1;A01
200900045625;0;1;0;0;2;8;19;B02
200900045626;0;33;0;0;0;7;14;B01
200900045626;0;33;0;4;0;8;14;A01
200900045627;0;10;0;0;1;1;1;A01
200900045628;0;33;0;0;0;8;21;B01
200900045628;0;7;0;0;0;0;23;A01
200900045629;0;7;0;0;2;8;19;B01
200900045629;0;7;0;0;2;3;19;A01
200900045630;0;7;0;0;1;2;16;A01
200900045631;0;2;0;0;1;1;1;A01
200900045632;0;7;0;0;2;2;15;A01
200900045632;0;7;0;0;2;1;1;B01
200900045633;0;7;0;0;1;3;1;A01
200900045634;0;33;0;0;2;1;1;B01
200900045634;0;7;0;0;2;5;15;A01
200900045635;0;7;0;0;1;3;1;A01
200900045636;0;7;0;0;2;1;1;B01
200900045636;0;10;0;0;2;7;1;A01
200900045637;0;7;0;0;2;1;15;A01
200900045637;0;32;0;0;2;1;1;B02
200900045638;0;17;0;0;0;0;1;C01
200900045638;0;7;0;3;2;3;1;A01
200900045638;0;7;0;0;2;3;1;B01
200900045639;0;7;0;8;0;1;1;A01
200900045640;0;7;0;0;2;1;17;B02
200900045640;0;7;0;0;2;8;15;A01
200900045641;0;7;0;6;0;1;1;A01
200900045641;0;10;0;1;2;5;23;B02
200900045642;0;7;0;1;0;1;1;B02
200900045642;0;7;0;1;0;6;24;A01
200900045643;0;7;0;0;2;3;19;A01
200900045643;0;7;0;0;2;2;1;B02
200900045644;0;7;0;0;2;3;1;C03
200900045644;1;10;0;0;2;3;5;A01
200900045644;0;7;0;0;2;6;1;B02
200900045645;0;7;0;13;0;0;1;A01
200900045646;0;7;0;0;2;3;1;A01
200900045646;0;1;0;0;2;1;1;B02
200900045647;0;7;0;0;2;3;1;B02
200900045647;0;2;0;0;2;3;13;A01
200900045648;0;7;0;0;0;7;10;B02
200900045648;0;7;0;0;0;1;1;A01
200900045649;0;7;0;2;0;8;17;A01
200900045650;0;10;0;0;1;1;1;A01
200900045651;0;7;0;0;1;2;1;A01
200900045652;0;7;0;0;1;2;1;A01
200900045653;0;14;0;0;2;7;10;A01
200900045653;0;33;0;0;2;1;1;B01
200900045654;0;7;0;2;0;1;13;A01
200900045655;0;7;0;0;2;1;19;A01
200900045655;0;7;0;0;2;2;1;B01
200900045656;0;31;0;13;0;1;1;A01
200900045657;0;7;0;0;1;3;15;A01
200900045658;0;1;0;0;2;7;19;A01
200900045658;0;7;0;0;2;1;1;B01
200900045659;0;33;0;0;1;1;17;A01
200900045660;0;7;0;0;2;8;15;A01
200900045660;0;2;0;0;2;1;1;B01
200900045661;0;7;0;0;2;1;1;B01
200900045661;0;7;0;16;0;9;14;A01
200900045662;0;7;0;0;1;1;1;A01
200900045663;0;30;0;0;2;1;1;B01
200900045663;0;7;0;0;2;7;15;A01
200900045664;0;1;0;0;2;1;1;B01
200900045664;0;7;0;0;2;2;15;A01
200900045665;0;7;0;0;2;2;12;A01
200900045665;0;33;0;0;2;1;1;B01
200900045666;0;7;0;0;2;2;1;A01
200900045666;0;7;0;0;2;1;1;B01
200900045667;0;7;0;6;0;1;1;A01
200900045668;0;7;0;0;2;1;19;B01
200900045668;0;7;0;0;2;3;15;A01
200900045669;0;2;0;0;2;1;1;A01
200900045669;0;7;0;0;2;3;10;B01
200900045670;0;7;0;0;2;5;2;B01
200900045670;0;30;0;0;2;1;2;A01
200900045671;0;14;0;0;2;4;2;C01
200900045671;0;10;0;0;2;1;2;A01
200900045671;0;7;0;0;2;4;2;B01
200900045672;0;37;5;14;0;3;1;A01
200900045673;0;7;0;0;2;5;1;A01
200900045673;0;7;0;0;2;3;1;B01
200900045674;0;7;0;0;2;5;1;B01
200900045674;0;7;0;0;2;3;1;A01
200900045675;0;7;0;0;2;8;2;B01
200900045675;0;34;0;1;2;7;2;A01
200900045676;0;7;0;0;2;1;1;B01
200900045676;0;7;0;0;2;1;13;A01
200900045677;0;7;0;0;1;7;1;A01
200900045678;0;7;0;0;2;9;1;A01
200900045679;0;13;0;0;2;1;1;A01
200900045679;0;7;0;0;2;1;1;B01
200900045680;0;7;0;0;2;1;1;A01
200900045680;0;7;0;0;2;4;1;C01
200900045680;0;33;0;0;2;1;1;B01
200900045681;0;7;0;0;2;7;1;B01
200900045681;0;33;0;0;2;1;1;A01
200900045682;0;7;0;0;2;4;1;B01
200900045682;0;7;0;0;2;1;20;A01
200900045683;0;34;0;15;0;1;0;A01
200900045684;0;7;0;0;2;8;1;B01
200900045684;2;7;0;0;2;1;1;A01
200900045685;0;7;0;0;2;1;1;B01
200900045685;0;7;0;0;2;6;1;A01
200900045686;0;7;0;0;2;8;1;B01
200900045686;0;7;0;0;2;7;12;A01
200900045687;0;7;0;0;2;4;23;B01
200900045687;0;7;0;0;2;1;1;A01
200900045688;0;7;0;2;0;1;1;A01
200900045689;0;7;0;0;2;3;13;A01
200900045689;0;7;0;0;2;3;1;B02
200900045690;0;7;0;0;2;1;13;A01
200900045690;0;10;0;0;2;1;1;B02
200900045691;0;7;0;0;1;2;1;A01
200900045692;0;33;0;0;0;1;1;B02
200900045692;0;7;0;0;0;4;15;A01
200900045693;0;7;0;0;2;7;13;A01
200900045693;0;7;0;11;2;3;1;B02
200900045694;0;7;0;16;0;7;0;A01
200900045695;0;7;0;0;2;1;1;B02
200900045695;0;7;0;0;2;7;0;A01
200900045696;0;31;0;0;0;9;1;A01
200900045697;0;7;0;15;0;2;1;A01
200900045698;0;7;0;1;0;1;13;A01
200900045699;0;7;0;0;0;3;10;A01
200900045699;0;33;0;0;2;1;1;B02
200900045700;0;17;0;0;1;3;14;A01
200900045701;0;7;0;0;2;8;15;A01
200900045701;0;10;0;0;2;1;1;B02
200900045702;0;10;0;0;0;1;1;B02
200900045702;0;1;0;0;2;8;1;A01
200900045703;0;7;0;0;2;1;19;A01
200900045703;0;33;0;0;2;3;1;B02
200900045704;0;13;0;0;1;6;4;A01
200900045705;0;16;0;0;0;0;1;D04
200900045705;0;14;0;0;2;4;1;C03
200900045705;0;16;0;0;2;2;1;A01
200900045706;0;30;0;14;0;1;1;A01
200900045707;0;7;0;6;0;1;1;A01
200900045708;0;10;0;13;0;3;2;A01
200900045709;1;7;0;0;2;0;1;A01
200900045710;0;7;0;0;1;1;1;A01
200900045711;0;7;0;2;0;1;1;A01
200900045712;0;3;0;0;0;9;1;A01
200900045713;0;1;0;0;2;1;1;A01
200900045713;0;7;0;0;2;1;1;B01
200900045714;0;7;0;0;1;1;1;A01
200900045715;0;7;0;0;0;0;1;A01
200900045716;0;7;0;1;2;1;1;A01
200900045716;0;7;0;0;2;4;1;B01
200900045716;0;7;0;0;2;4;1;C01
200900045717;0;7;0;0;2;7;1;A01
200900045717;0;7;0;0;2;1;1;B01
200900045718;0;1;0;0;2;1;19;B01
200900045718;0;10;0;0;2;2;1;A01
200900045719;0;7;0;0;2;1;1;B01
200900045719;0;7;0;0;2;8;15;A01
200900045720;0;7;0;0;2;1;1;A01
200900045720;0;1;0;0;2;7;19;B01
200900045721;0;7;0;0;1;3;15;A01
200900045722;0;7;0;0;0;3;1;A01
200900045723;0;7;0;2;0;1;13;A01
200900045724;0;7;0;0;2;7;1;A01
200900045724;1;7;0;0;2;0;0;B01
200900045725;0;7;0;0;2;7;15;B01
200900045725;0;1;0;0;2;1;19;A01
200900045726;0;7;0;0;2;4;23;B01
200900045726;0;7;0;0;2;1;2;A01
200900045727;0;1;0;0;2;4;1;B01
200900045727;0;7;0;0;2;8;1;A01
200900045728;0;7;0;0;2;7;15;A01
200900045728;0;7;0;0;2;3;1;C01
200900045728;0;33;0;0;2;1;1;B01
200900045729;0;7;0;0;2;6;15;B01
200900045729;0;31;0;0;2;1;17;A01
200900045730;0;7;0;0;2;1;15;A01
200900045730;0;1;0;0;2;8;1;B02
200900045731;0;7;0;0;2;7;16;A01
200900045731;0;1;0;0;2;1;1;B01
200900045732;0;7;0;0;2;1;15;A01
200900045732;0;7;0;0;2;1;1;B01
200900045733;0;7;0;0;2;3;10;A01
200900045733;0;7;0;0;2;2;1;B01
200900045734;0;2;0;11;0;1;1;A01
200900045735;0;7;0;0;1;1;1;A01
200900045736;0;1;0;0;2;0;0;B01
200900045736;0;7;0;0;2;3;0;A01
200900045737;0;30;0;0;2;1;1;A01
200900045737;0;7;0;0;2;4;1;B01
200900045738;0;31;0;4;0;3;16;A01
200900045739;0;7;0;0;2;1;2;C01
200900045739;0;7;0;0;0;4;2;A01
200900045739;0;7;0;0;2;4;2;B01
200900045740;0;7;0;0;0;4;2;A01
200900045740;0;7;0;0;2;1;21;D01
200900045740;0;7;0;0;2;5;2;C01
200900045740;0;7;0;0;2;4;2;B01
200900045741;0;7;0;0;0;4;2;A01
200900045741;0;7;0;0;2;1;2;C01
200900045741;0;7;0;0;2;4;2;B01
200900045742;0;7;0;0;0;4;2;A01
200900045742;0;7;0;0;2;1;2;B01
200900045743;0;7;0;0;0;4;23;A01
200900045743;0;10;0;0;2;1;2;B01
200900045744;0;7;0;0;0;4;2;A01
200900045744;0;7;0;0;2;1;2;B01
200900045744;0;7;0;0;2;4;2;C01
200900045744;0;7;0;0;2;1;2;D01
200900045745;0;10;0;0;0;4;2;A01
200900045745;0;7;0;0;2;1;2;B01
200900045746;0;7;0;0;0;4;1;A01
200900045746;0;7;0;0;2;4;1;B01
200900045746;0;7;0;0;2;1;1;C01
200900045747;0;7;0;0;0;4;2;A01
200900045747;0;10;0;0;2;1;2;B01
200900045748;0;17;0;0;0;7;1;C01
200900045748;0;7;0;14;2;1;2;B01
200900045748;0;7;0;0;0;4;1;A01
200900045749;0;1;0;1;0;1;1;B01
200900045749;0;7;0;0;9;8;22;A01
200900045750;0;7;0;0;2;3;19;A01
200900045750;0;1;0;0;2;1;1;B01
200900045751;0;7;0;0;2;4;1;B01
200900045751;0;7;0;0;2;1;1;A01
200900045752;0;7;0;0;2;5;16;A01
200900045752;0;1;0;0;2;1;1;B01
200900045753;0;37;1;0;2;1;2;A01
200900045753;0;33;0;0;2;4;23;B01
200900045754;0;30;0;0;2;1;1;B01
200900045754;0;7;0;0;2;3;15;A01
200900045755;0;40;0;0;1;0;1;A01
200900045756;0;7;0;0;2;1;1;A01
200900045756;0;7;0;0;2;4;1;B01
200900045757;0;1;0;0;2;1;1;A01
200900045757;0;7;0;0;2;1;1;B01
200900045758;0;7;0;0;1;3;1;A01
200900045759;0;1;0;0;2;1;19;A01
200900045759;0;7;0;0;2;3;1;B01
200900045760;0;7;0;0;2;8;10;A01
200900045760;0;30;0;0;2;1;1;B01
200900045761;0;99;0;0;0;0;0;A01
200900045762;0;7;0;0;1;1;1;A01
200900045763;0;7;0;0;1;2;16;A01
200900045764;0;7;0;0;2;3;1;A01
200900045764;0;10;0;0;2;2;14;B01
200900045765;0;7;0;0;2;3;15;A01
200900045765;0;33;0;0;2;7;17;B01
200900045766;0;7;0;0;2;1;15;A01
200900045766;0;2;0;0;2;2;17;B01
200900045767;0;7;0;1;0;9;1;A01
200900045768;0;7;0;0;2;1;1;A01
200900045768;0;7;0;0;2;6;16;B01
200900045769;0;7;0;0;1;1;1;A01
200900045770;0;7;0;0;2;7;5;A01
200900045770;0;1;0;0;2;8;9;B01
200900045771;0;30;0;0;2;1;1;A01
200900045771;0;7;0;0;2;5;15;B01
200900045772;0;7;0;0;2;8;1;A01
200900045772;0;1;0;0;2;1;19;B01
200900045773;0;7;0;0;2;3;9;B01
200900045773;0;7;0;1;2;2;1;A01
200900045774;0;7;0;2;0;1;1;A01
200900045775;0;7;0;0;2;2;1;B01
200900045775;0;7;0;0;2;3;15;A01
200900045776;0;37;1;0;1;1;1;A01
200900045777;0;7;0;0;2;3;15;A01
200900045777;0;30;0;0;2;1;1;B01
200900045778;0;1;0;0;2;7;19;B01
200900045778;1;7;0;0;2;0;1;A01
200900045779;0;7;0;0;1;3;1;A01
200900045780;0;10;0;2;0;1;1;A01
200900045781;0;7;0;0;2;2;17;A01
200900045781;0;7;0;0;2;3;1;B02
200900045782;0;10;0;0;2;3;17;A01
200900045782;0;10;0;0;2;3;2;B02
200900045783;0;7;0;6;0;1;1;A01
200900045784;0;14;0;6;0;4;1;A01
200900045785;0;7;0;0;2;1;2;A01
200900045785;0;2;0;0;2;4;2;B02
200900045786;0;7;0;3;0;2;0;A01
200900045787;0;7;0;13;0;3;13;A01
200900045788;0;1;0;0;2;3;2;B02
200900045788;0;10;0;0;2;2;2;A01
200900045789;0;30;0;0;2;1;1;B01
200900045789;2;7;0;0;2;1;15;A01
200900045790;0;33;0;0;2;1;17;A01
200900045790;0;7;0;0;2;2;9;B01
200900045791;0;7;0;0;2;1;1;A01
200900045791;0;7;0;0;2;4;23;B01
200900045791;0;7;0;0;2;4;23;C01
200900045791;0;7;0;0;2;4;23;D01
200900045792;0;7;0;0;2;3;1;A01
200900045793;0;30;0;0;2;1;17;B01
200900045793;0;7;0;0;2;1;9;A01
200900045794;0;7;0;0;2;1;15;A01
200900045794;0;7;0;0;2;3;1;B01
200900045795;0;7;0;0;2;2;15;A01
200900045795;0;33;0;0;2;1;1;B01
200900045796;0;38;1;1;1;7;2;A01
200900045797;0;2;0;0;0;4;2;B01
200900045797;0;7;0;0;2;1;2;A01
200900045798;0;7;0;0;1;8;15;A01
200900045799;0;7;0;0;2;5;19;A01
200900045799;0;7;0;0;2;1;1;B02
200900045800;0;17;0;0;2;3;1;B02
200900045800;0;7;0;0;2;1;13;A01
200900045801;0;7;0;13;0;1;1;A01
200900045802;0;7;0;13;0;1;13;A01
200900045803;0;7;0;0;6;1;1;A01
200900045804;0;7;0;0;2;2;1;A01
200900045804;0;30;0;0;2;3;19;B02
200900045805;0;7;0;0;0;3;1;B02
200900045805;0;14;0;0;0;3;13;A01
200900045806;0;7;0;2;0;1;0;A01
200900045807;0;10;0;0;1;3;1;A01
200900045808;0;7;0;0;2;1;13;A01
200900045808;0;15;0;0;2;3;1;B02
200900045809;0;7;0;0;2;1;1;B02
200900045809;0;7;0;0;2;7;5;A01
200900045810;0;7;0;0;2;3;13;A01
200900045810;0;17;0;0;2;3;1;B02
200900045811;0;2;0;0;2;1;2;A01
200900045811;0;7;0;0;2;6;2;B02
200900045812;0;7;0;0;2;1;1;A01
200900045812;0;7;0;0;2;2;19;B02
200900045813;0;7;0;0;2;1;1;B02
200900045813;0;7;0;0;2;7;1;A01
200900045814;0;7;0;0;0;1;14;A01
200900045814;0;15;0;0;0;6;24;B02
200900045815;0;7;0;0;2;9;1;C03
200900045815;0;39;0;0;2;1;1;A01
200900045815;0;7;0;0;2;1;1;B02
200900045816;0;14;0;0;2;3;0;B02
200900045816;0;14;0;0;2;1;0;A01
200900045817;0;7;0;2;0;1;1;A01
200900045818;0;7;0;13;0;1;1;A01
200900045819;0;7;0;0;1;2;0;A01
200900045820;0;7;0;0;1;2;0;A01
200900045821;0;10;0;2;0;2;14;A01
200900045822;0;32;0;0;2;1;1;B01
200900045822;0;7;0;0;9;4;0;A01
200900045823;0;1;0;0;2;7;19;B01
200900045823;0;7;0;0;2;1;1;A01
200900045824;0;7;0;0;2;7;17;B01
200900045824;0;1;0;0;2;8;15;A01
200900045825;0;7;0;0;2;1;1;A01
200900045825;0;7;0;0;2;7;1;B01
200900045826;0;30;0;0;0;0;1;A01
200900045827;0;2;0;0;2;1;5;A01
200900045827;0;7;0;0;2;1;1;B01
200900045828;0;7;0;0;2;1;0;A01
200900045828;0;30;0;0;2;0;0;B01
200900045829;0;33;0;0;0;0;0;A01
200900045830;0;30;0;0;2;1;0;B01
200900045830;0;7;0;0;2;4;0;A01
200900045831;0;7;0;0;2;1;15;A01
200900045831;0;7;0;1;2;7;1;B01
200900045832;0;1;0;0;2;1;1;B01
200900045832;0;7;0;0;2;2;15;A01
200900045833;0;7;0;2;0;1;14;A01
200900045834;0;30;0;0;0;0;0;A01
200900045835;0;7;0;0;2;1;1;A01
200900045835;0;7;0;0;2;4;23;B01
200900045836;0;7;0;0;1;0;1;A01
200900045837;0;1;0;0;0;0;1;A01
200900045838;0;7;0;0;2;4;1;B01
200900045838;0;7;0;0;2;1;1;A01
200900045839;0;7;0;0;2;2;9;A01
200900045839;0;33;0;0;2;6;1;B01
200900045840;0;7;0;0;2;2;16;A01
200900045840;0;34;0;0;2;1;3;B01
200900045841;0;30;0;0;0;7;1;A01
200900045842;0;7;0;0;2;0;9;A01
200900045842;0;7;0;0;2;0;1;B01
200900045843;0;7;0;0;2;0;0;B01
200900045843;0;30;0;0;2;0;0;A01
200900045844;0;7;0;0;2;4;23;B01
200900045844;0;7;0;0;2;1;1;A01
200900045845;0;33;0;0;2;0;0;B01
200900045845;0;7;0;0;2;0;0;A01
200900045846;0;7;0;0;2;4;23;A01
200900045846;0;7;0;0;2;1;1;B01
200900045847;0;2;0;0;0;1;1;A01
200900045848;0;30;0;0;2;0;0;A01
200900045848;0;7;0;0;2;0;1;C01
200900045848;0;7;0;0;2;0;1;B01
200900045849;0;7;0;0;2;7;1;A01
200900045849;0;7;0;0;2;3;1;B01
200900045850;0;1;0;0;2;8;19;A01
200900045850;0;7;0;0;2;2;1;B02
200900045851;0;7;0;8;1;2;1;A01
200900045852;0;7;0;16;0;1;1;A01
200900045853;0;7;0;8;0;8;0;A01
200900045854;0;7;0;0;2;1;1;B02
200900045854;0;7;0;0;2;6;19;A01
200900045855;0;7;0;0;2;1;15;A01
200900045855;0;30;0;0;2;1;1;B02
200900045856;0;31;0;0;0;0;2;B02
200900045856;0;7;0;0;9;5;17;A01
200900045857;0;7;0;6;0;1;14;A01
200900045858;0;30;0;0;2;2;15;A01
200900045858;0;7;0;0;2;3;15;B02
200900045859;0;7;0;0;2;2;15;A01
200900045859;0;31;0;0;2;1;1;B02
200900045860;0;21;0;0;1;2;1;A01
200900045861;0;7;0;0;9;5;15;A01
200900045861;0;30;0;0;2;1;1;B02
200900045862;0;1;0;0;2;8;1;B02
200900045862;0;7;0;0;2;7;17;A01
200900045863;0;21;0;0;2;3;1;B02
200900045863;0;7;0;0;9;3;1;A01
200900045864;0;7;0;15;0;1;1;A01
200900045865;0;99;0;0;9;4;15;A01
200900045865;0;99;0;0;2;1;1;B02
200900045866;0;7;0;0;2;8;1;B02
200900045866;0;7;0;0;2;1;1;A01
200900045867;0;7;0;0;2;1;15;A01
200900045867;0;33;0;0;2;1;1;B02
200900045868;0;14;0;13;0;9;1;A01
200900045869;0;7;0;6;2;1;13;A01
200900045869;0;7;0;0;2;1;1;B02
200900045870;0;7;0;2;0;1;19;A01
200900045871;0;7;0;0;2;1;1;B02
200900045871;0;7;0;0;2;1;13;A01
200900045872;0;33;0;0;2;1;1;B02
200900045872;0;10;0;0;2;1;13;A01
200900045873;0;2;0;0;2;7;15;A01
200900045873;0;7;0;0;2;1;1;B02
200900045874;0;7;0;0;2;3;15;A01
200900045874;0;33;0;0;2;1;1;B02
200900045875;0;7;0;0;2;1;1;A01
200900045875;0;7;0;0;2;4;0;B02
200900045876;0;10;0;0;2;5;9;A01
200900045876;0;33;0;0;2;1;1;B02
200900045877;0;1;0;0;0;0;14;A01
200900045878;0;2;0;0;2;0;17;A01
200900045878;0;1;0;0;2;0;15;B01
200900045879;0;30;0;0;2;1;18;A01
200900045879;0;7;0;0;2;7;1;B01
200900045880;0;2;0;0;0;7;1;A01
200900045881;0;2;0;0;2;1;1;B01
200900045881;0;7;0;0;2;7;15;A01
200900045882;1;7;0;0;2;0;17;A01
200900045882;0;1;0;0;2;8;1;B01
200900045883;0;30;0;0;0;1;1;A01
200900045884;0;7;0;0;2;8;23;C01
200900045884;0;7;0;0;2;7;15;A01
200900045884;0;33;0;0;2;1;1;B01
200900045885;0;30;0;0;0;4;23;B01
200900045885;0;7;0;1;0;2;2;A01
200900045886;0;2;0;1;0;1;21;A01
200900045887;0;7;0;6;0;1;14;A01
200900045888;0;7;0;0;1;1;1;A01
200900045889;0;7;0;0;1;1;0;A01
200900045890;0;7;0;0;0;4;1;B01
200900045890;0;33;0;0;2;1;1;A01
200900045891;0;32;0;0;0;3;1;A01
200900045892;0;7;0;0;2;1;1;A01
200900045892;0;7;0;0;2;1;1;B01
200900045893;0;7;0;0;2;2;16;A01
200900045893;0;2;0;0;2;8;1;B01
200900045894;0;1;0;0;2;0;0;B01
200900045894;0;7;0;0;2;1;0;A01
200900045895;0;7;0;0;2;7;16;A01
200900045895;0;30;0;0;2;1;1;B01
200900045896;0;1;0;0;0;1;1;A01
200900045897;0;7;0;0;2;7;16;A01
200900045897;0;1;0;0;2;1;15;B01
200900045898;0;7;0;0;0;9;1;A01
200900045899;0;7;0;0;2;5;1;C01