num_acc;senc;catv;occutc;obs;obsm;choc;manv;num_veh
200900045899;0;2;0;1;2;1;21;B01
200900045899;0;7;0;0;2;8;22;A01
200900045900;0;7;0;0;2;8;15;A01
200900045900;0;30;0;0;2;1;17;B01
200900045901;0;7;0;0;2;2;1;B01
200900045901;0;30;0;0;1;1;13;A01
200900045902;0;30;0;0;1;1;1;A01
200900045903;0;7;0;0;2;4;21;A01
200900045903;0;7;0;0;2;1;21;B01
200900045904;0;7;0;0;2;8;15;A01
200900045904;0;2;0;0;2;1;1;B01
200900045905;0;7;0;0;0;5;15;B01
200900045905;0;2;0;0;2;1;1;A01
200900045906;0;7;0;0;1;3;16;A01
200900045907;0;33;0;0;0;0;1;A01
200900045908;0;30;0;11;0;1;1;A01
200900045909;0;7;0;0;2;3;10;A01
200900045909;0;7;0;0;2;1;1;B01
200900045910;0;1;0;0;1;4;0;A01
200900045911;0;33;0;0;2;8;1;B01
200900045911;0;7;0;0;2;3;15;A01
200900045912;0;30;0;0;2;1;0;A01
200900045912;0;7;0;0;2;1;1;B01
200900045913;0;33;0;0;2;7;17;B01
200900045913;0;7;0;0;2;8;15;A01
200900045914;0;1;0;0;2;7;1;B01
200900045914;0;7;0;0;2;2;17;A01
200900045915;0;1;0;0;2;8;1;B01
200900045915;0;7;0;0;2;3;15;A01
200900045916;0;30;0;0;0;7;1;A01
200900045917;0;1;0;0;2;1;11;A01
200900045917;0;31;0;0;9;7;2;B01
200900045918;0;7;0;0;1;1;1;A01
200900045919;0;7;0;0;2;3;1;A01
200900045919;0;7;0;0;0;4;1;B01
200900045920;0;30;0;0;0;8;1;A01
200900045921;0;30;0;0;0;7;1;A01
200900045922;0;7;0;0;2;1;17;A01
200900045922;0;7;0;0;2;7;15;B01
200900045923;0;30;0;0;2;1;1;B01
200900045923;0;7;0;0;2;1;24;A01
200900045924;0;33;0;0;2;1;1;B01
200900045924;0;7;0;0;2;2;1;A01
200900045925;0;7;0;0;2;3;15;A01
200900045925;0;30;0;0;2;1;17;B01
200900045926;0;7;0;0;2;1;1;A01
200900045926;0;7;0;0;2;7;1;B01
200900045927;0;30;0;0;2;8;1;B01
200900045927;0;7;0;0;2;7;9;A01
200900045928;0;7;0;0;2;7;9;A01
200900045928;0;7;0;0;2;1;1;B01
200900045929;0;7;0;0;2;1;1;A01
200900045929;0;7;0;0;2;4;1;B01
200900045930;0;7;0;0;2;7;22;A01
200900045930;0;1;0;0;2;1;1;B01
200900045931;0;7;0;0;2;7;10;A01
200900045931;0;30;0;0;2;1;1;B01
200900045932;0;33;0;0;2;1;1;B01
200900045932;0;7;0;0;2;7;10;A01
200900045933;0;7;0;8;0;1;1;A01
200900045934;0;7;0;0;2;1;2;A01
200900045934;0;7;0;0;2;4;23;B01
200900045935;0;7;0;0;2;2;15;A01
200900045935;0;31;0;0;2;1;1;B02
200900045936;0;7;0;0;2;1;1;A01
200900045936;0;7;0;0;2;4;1;C01
200900045936;0;7;0;0;2;4;1;B01
200900045937;0;7;0;0;2;3;1;B02
200900045937;0;31;0;0;2;3;0;A01
200900045938;0;7;0;0;2;2;15;A01
200900045938;0;1;0;0;2;1;1;B01
200900045939;0;7;0;0;0;1;1;A01
200900045940;0;7;0;0;1;1;1;A01
200900045941;0;7;0;0;1;4;4;A01
200900045942;0;7;0;0;2;3;15;A01
200900045942;0;33;0;0;2;1;1;B01
200900045943;0;3;0;1;0;2;1;A01
200900045944;0;7;0;0;2;6;9;A01
200900045944;0;7;0;0;1;3;1;B01
200900045945;0;1;0;12;0;1;14;A01
200900045946;0;33;0;0;1;1;17;A01
200900045947;0;7;0;0;2;2;0;A01
200900045947;0;2;0;0;2;1;1;B01
200900045948;0;3;0;1;0;1;14;A01
200900045949;0;10;0;0;1;1;15;A01
200900045950;0;3;0;0;1;1;1;A01
200900045951;0;7;0;13;0;3;13;A01
200900045952;0;7;0;0;2;1;1;A01
200900045952;0;30;0;0;2;8;1;B02
200900045953;0;15;0;0;0;4;24;C03
200900045953;0;15;0;0;0;4;24;B02
200900045953;0;15;0;1;0;1;14;A01
200900045954;0;7;0;4;0;1;1;A01
200900045955;0;7;0;13;2;2;15;A01
200900045955;0;7;0;13;2;3;1;B02
200900045956;0;1;0;0;0;0;21;B02
200900045956;0;7;0;6;0;0;4;A01
200900045957;0;7;0;6;0;8;1;A01
200900045958;0;7;0;6;0;3;1;A01
200900045959;0;17;0;0;2;1;1;C03
200900045960;0;2;0;14;0;1;1;A01
200900045961;0;33;0;13;0;1;1;A01
200900045962;0;7;0;2;0;8;0;A01
200900045963;0;36;0;0;1;1;1;A01
200900045964;0;7;0;0;1;2;19;A01
200900045965;0;3;0;0;2;8;15;A01
200900045965;0;7;0;0;2;3;1;B02
200900045966;0;1;0;0;2;1;13;A01
200900045966;0;7;0;0;2;2;1;B02
200900045967;0;32;0;0;2;1;2;A01
200900045967;0;14;0;0;2;8;5;C03
200900045967;0;7;0;0;2;6;2;B02
200900045968;0;7;0;0;1;1;1;A01
200900045969;0;30;0;0;2;8;1;B01
200900045969;0;7;0;0;2;1;15;A01
200900045970;0;30;0;0;2;1;1;A01
200900045970;0;7;0;0;2;4;11;B01
200900045971;0;7;0;0;1;1;1;A01
200900045972;0;7;0;0;2;8;9;A01
200900045972;0;32;0;0;2;1;1;B01
200900045973;0;7;0;0;1;1;1;A01
200900045974;0;7;0;13;0;2;14;A01
200900045975;0;7;0;12;2;1;13;A01
200900045975;0;99;0;0;0;1;23;B01
200900045975;0;2;0;0;0;3;23;C01
200900045976;0;7;0;0;1;1;1;A01
200900045977;0;7;0;1;2;1;1;B02
200900045977;0;7;0;0;2;4;23;A01
200900045978;0;10;0;0;2;5;17;A01
200900045978;0;10;0;0;2;8;9;C03
200900045978;0;10;0;0;2;3;9;B02
200900045978;0;14;0;0;2;5;9;D04
200900045979;0;7;0;13;0;1;1;A01
200900045980;0;10;0;1;0;4;23;B02
200900045980;0;2;0;1;0;1;2;A01
200900045981;0;33;0;0;2;1;21;A01
200900045981;0;7;0;0;2;8;19;B02
200900045982;0;7;0;0;9;2;1;A01
200900045982;0;30;0;0;2;1;1;B02
200900045983;0;7;0;0;2;3;1;B02
200900045983;0;7;0;0;2;3;1;A01
200900045984;0;7;0;13;0;1;1;A01
200900045985;0;2;0;13;2;8;9;B02
200900045985;0;7;0;13;2;1;1;A01
200900045986;0;33;0;0;2;9;1;C03
200900045986;0;7;0;0;2;1;15;A01
200900045986;0;10;0;0;2;1;1;B02
200900045987;0;7;0;0;2;2;1;B01
200900045987;0;1;0;0;2;1;9;A01
200900045988;0;7;0;0;2;4;23;A01
200900045988;0;2;0;14;0;1;1;B01
200900045989;0;7;0;0;2;1;20;A01
200900045989;0;33;0;0;2;1;1;B01
200900045990;0;7;0;0;0;4;23;C01
200900045990;0;7;0;0;2;1;2;A01
200900045990;0;7;0;14;0;4;2;B01
200900045991;0;7;0;14;0;1;2;A01
200900045991;0;3;0;0;0;4;23;B01
200900045992;0;33;0;0;2;1;1;B01
200900045992;0;7;0;0;2;7;15;A01
200900045993;0;7;0;0;2;7;16;A01
200900045993;0;13;0;0;2;1;2;B01
200900045994;0;7;0;0;2;1;13;A01
200900045994;0;17;0;0;2;3;1;B01
200900045995;0;7;0;0;2;3;1;B02
200900045995;0;7;0;0;2;8;0;C03
200900045995;0;32;0;0;2;1;17;A01
200900045996;0;7;0;0;2;1;1;A01
200900045996;0;7;0;0;5;1;1;B02
200900045997;0;14;0;0;0;9;14;A01
200900045998;0;30;0;0;0;0;1;A01
200900045999;0;7;0;0;0;0;1;A01
200900046000;0;7;0;9;0;1;1;A01
200900046001;0;7;0;15;2;2;17;A01
200900046001;0;7;0;0;2;3;15;B02
200900046002;0;7;0;0;2;1;1;B02
200900046002;0;14;0;0;2;8;15;A01
200900046003;0;7;0;13;0;2;14;A01
200900046004;0;7;0;0;2;4;17;B01
200900046004;0;33;0;0;2;1;17;A01
200900046005;0;7;0;0;0;7;1;A01
200900046006;0;7;0;10;0;1;13;A01
200900046007;0;7;0;2;0;3;13;A01
200900046008;0;10;0;0;9;2;21;B01
200900046008;0;33;0;16;0;7;21;A01
200900046009;0;7;0;0;2;3;19;B01
200900046009;0;10;0;0;2;2;1;A01
200900046010;0;7;0;13;0;1;14;A01
200900046011;0;10;0;0;2;1;13;A01
200900046011;0;7;0;0;2;1;1;B01
200900046012;0;7;0;0;2;3;9;A01
200900046012;0;33;0;0;2;1;1;B01
200900046013;0;7;0;8;0;7;1;A01
200900046014;0;7;0;0;2;3;1;B01
200900046014;0;31;0;0;2;8;15;A01
200900046015;0;7;0;0;1;4;4;A01
200900046016;0;7;0;0;0;2;14;A01
200900046017;0;7;0;0;2;3;1;B01
200900046017;0;7;0;0;2;7;5;A01
200900046018;0;7;0;6;0;1;1;A01
200900046019;0;7;0;0;1;1;1;A01
200900046020;0;7;0;0;2;6;21;A01
200900046020;0;1;0;0;2;2;1;B01
200900046021;0;32;0;0;0;7;1;A01
200900046022;0;38;0;9;0;7;14;A01
200900046023;0;30;0;0;2;1;2;B01
200900046023;0;7;0;0;2;3;17;A01
200900046024;0;7;0;0;0;3;13;A01
200900046025;0;7;0;7;0;1;1;A01
200900046026;0;2;0;0;2;3;17;A01
200900046026;0;2;0;0;2;7;17;B01
200900046027;0;2;0;0;0;1;1;A01
200900046028;0;7;0;0;2;3;10;A01
200900046028;0;31;0;0;2;1;1;B01
200900046029;0;7;0;0;2;4;0;C01
200900046029;0;7;0;0;2;4;0;B01
200900046029;0;7;0;0;2;1;0;A01
200900046030;0;7;0;0;0;0;0;A01
200900046031;0;10;0;0;2;3;1;B01
200900046031;0;31;0;0;2;1;5;A01
200900046032;0;7;0;0;2;8;15;A01
200900046032;0;7;0;0;2;1;0;B01
200900046033;0;7;0;0;1;4;4;A01
200900046034;0;7;0;0;2;3;2;A01
200900046034;0;7;0;0;0;4;2;B01
200900046035;0;7;0;0;0;5;2;B01
200900046035;0;7;0;0;2;3;9;A01
200900046036;0;7;0;0;1;1;0;A01
200900046037;0;7;0;6;0;1;1;A01
200900046038;0;7;0;0;2;8;17;A01
200900046038;0;15;0;0;2;3;1;B01
200900046039;0;7;0;0;2;7;0;A01
200900046039;0;7;0;0;0;1;0;B01
200900046040;0;1;0;0;2;1;1;B01
200900046040;0;7;0;0;2;1;1;A01
200900046041;0;7;0;0;1;1;1;A01
200900046042;0;7;0;0;2;2;17;A01
200900046042;0;10;0;0;2;1;9;B01
200900046043;0;33;0;0;2;1;17;B02
200900046043;0;7;0;0;0;6;15;A01
200900046044;0;7;0;16;0;7;1;A01
200900046045;0;7;0;4;0;2;1;A01
200900046045;0;7;0;0;2;1;1;B02
200900046046;0;7;0;0;0;6;1;B02
200900046046;0;7;0;0;2;3;1;A01
200900046047;0;7;0;0;2;3;1;A01
200900046047;0;2;0;0;2;8;15;B02
200900046048;0;7;0;6;2;9;1;A01
200900046048;0;7;0;0;2;8;1;C03
200900046048;0;7;0;0;2;1;1;B02
200900046049;0;7;0;2;0;7;0;A01
200900046050;0;7;0;0;2;1;19;C01
200900046050;0;7;0;0;2;1;19;B01
200900046050;0;7;0;0;2;1;19;A01
200900046051;0;7;0;0;0;4;2;E01
200900046051;0;7;0;14;0;1;2;A01
200900046051;0;7;0;0;0;4;23;D01
200900046051;0;7;0;0;0;4;2;C01
200900046051;0;2;0;14;0;0;2;B01
200900046052;0;7;0;3;0;2;1;A01
200900046053;0;10;0;13;0;2;14;A01
200900046054;0;7;0;3;0;2;14;A01
200900046055;0;7;0;0;2;7;15;B02
200900046055;0;31;0;3;2;1;1;A01
200900046056;0;7;0;12;0;1;1;A01
200900046057;0;33;0;0;2;1;1;B02
200900046057;0;7;0;6;2;7;13;A01
200900046058;0;7;0;0;2;3;13;A01
200900046058;0;10;0;0;2;3;5;B02
200900046059;0;2;0;0;0;1;1;A01
200900046060;0;7;0;0;0;6;15;B02
200900046060;0;33;0;0;2;1;17;A01
200900046061;0;7;0;0;2;8;1;C03
200900046061;0;30;0;0;2;1;21;A01
200900046061;0;7;0;0;2;3;1;B02
200900046062;0;2;0;0;2;1;5;B02
200900046062;0;7;0;0;2;1;1;A01
200900046063;0;33;0;0;2;1;13;B02
200900046063;0;10;0;0;2;2;1;A01
200900046064;0;7;0;13;0;3;13;A01
200900046065;0;38;0;0;2;1;1;B02
200900046065;0;7;0;0;2;1;13;A01
200900046066;1;7;0;0;1;2;1;A01
200900046067;0;7;0;0;2;1;1;A01
200900046067;0;7;0;15;2;3;1;B02
200900046068;0;7;0;0;2;3;13;A01
200900046068;0;7;0;0;2;1;1;C03
200900046068;0;7;0;0;2;3;1;B02
200900046069;0;1;0;0;2;7;19;A01
200900046069;0;30;0;0;2;1;1;B02
200900046070;0;7;0;0;2;1;1;A01
200900046070;0;21;0;0;2;4;1;B02
200900046071;0;7;0;0;0;7;16;B01
200900046071;0;30;0;0;2;1;2;A01
200900046072;0;33;0;0;2;1;1;B01
200900046072;0;7;0;0;2;2;9;A01
200900046073;0;30;0;12;2;1;1;A01
200900046073;0;7;0;0;2;1;1;B01
200900046074;0;33;0;0;2;1;1;B01
200900046074;0;7;0;0;2;5;15;A01
200900046075;0;38;1;0;2;1;1;B01
200900046075;0;7;0;0;2;1;1;A01
200900046076;0;7;0;2;0;1;15;A01
200900046077;0;7;0;0;0;2;1;A01
200900046077;0;7;0;0;0;3;16;B02
200900046078;0;1;0;0;2;1;2;C01
200900046078;0;1;0;0;2;1;1;A01
200900046078;0;1;0;0;2;1;2;B01
200900046079;0;7;0;0;2;3;15;A01
200900046079;0;33;0;0;2;1;1;B01
200900046080;0;7;0;2;0;3;1;A01
200900046081;0;10;0;0;0;6;2;B01
200900046081;0;30;0;0;2;1;17;A01
200900046082;0;10;0;0;2;4;23;B01
200900046082;0;10;0;0;2;4;23;C01
200900046082;0;7;0;0;2;1;1;A01
200900046083;0;2;0;0;2;8;1;B01
200900046083;0;7;0;0;9;1;15;A01
200900046084;0;7;0;0;2;1;13;A01
200900046084;0;7;0;0;2;3;1;B02
200900046085;0;7;0;2;0;7;1;A01
200900046086;0;7;0;0;2;3;1;A01
200900046086;0;2;0;0;2;1;19;B02
200900046087;0;17;0;3;0;0;1;A01
200900046088;0;7;0;0;2;3;1;A01
200900046088;0;7;0;0;2;3;1;B02
200900046089;0;33;0;0;2;1;2;A01
200900046089;0;7;0;0;2;8;15;B02
200900046090;0;17;0;0;2;3;1;B02
200900046090;0;7;0;0;2;3;1;A01
200900046091;0;31;0;7;0;1;14;A01
200900046092;0;14;0;3;0;3;13;A01
200900046093;0;7;0;0;2;0;0;A01
200900046093;0;7;0;0;2;3;1;B02
200900046094;0;15;0;0;2;1;1;B02
200900046094;0;7;0;0;2;7;13;A01
200900046095;0;15;0;0;2;1;1;A01
200900046095;0;15;0;0;0;4;0;B02
200900046096;0;7;0;0;2;1;1;B02
200900046096;0;7;0;0;2;6;1;A01
200900046097;0;30;0;8;0;1;14;A01
200900046098;0;7;0;0;2;1;1;B02
200900046098;0;33;0;0;2;1;12;A01
200900046099;0;7;0;8;0;8;1;A01
200900046100;0;17;0;0;0;7;0;A01
200900046101;0;7;0;0;0;3;15;A01
200900046101;0;7;0;0;0;3;1;B02
200900046102;0;30;0;0;0;2;1;A01
200900046103;0;7;0;8;0;8;1;A01
200900046104;0;7;0;0;2;3;1;B02
200900046104;0;31;0;0;2;1;1;A01
200900046105;0;2;0;0;2;1;1;B02
200900046105;0;7;0;0;2;1;1;A01
200900046106;0;7;0;0;9;3;15;A01
200900046107;0;7;0;2;0;1;1;A01
200900046108;0;7;0;13;0;3;13;A01
200900046109;0;7;0;0;2;1;0;A01
200900046109;0;7;0;0;2;1;0;B02
200900046110;0;7;0;0;2;1;13;A01
200900046110;0;7;0;0;2;2;21;C03
200900046110;0;7;0;0;2;1;1;B02
200900046111;0;7;0;0;2;1;13;A01
200900046111;0;21;0;0;2;1;1;B02
200900046112;0;7;0;0;2;3;1;A01
200900046112;0;7;0;0;2;1;1;B02
200900046113;0;7;0;2;0;8;1;A01
200900046114;0;7;0;13;0;3;13;A01
200900046115;0;2;0;0;2;1;1;B02
200900046115;0;7;0;0;2;3;13;A01
200900046116;0;7;0;13;0;9;1;A01
200900046117;0;7;0;0;2;2;1;A01
200900046117;0;2;0;0;2;4;1;B02
200900046118;0;7;0;0;1;3;1;A01
200900046119;0;7;0;2;0;9;1;A01
200900046120;0;10;0;2;0;1;14;A01
200900046121;0;7;0;13;0;3;13;A01
200900046122;0;10;0;0;0;3;1;B02
200900046122;0;7;0;0;0;3;13;A01
200900046123;0;17;0;2;0;2;14;A01
200900046124;0;7;0;0;2;1;13;A01
200900046124;0;7;0;0;2;1;1;B02
200900046125;0;7;0;8;0;2;1;A01
200900046126;0;30;0;1;0;1;1;A01
200900046127;0;7;0;0;2;2;2;A01
200900046127;0;7;0;0;2;8;19;B02
200900046128;0;10;0;8;0;2;1;A01
200900046129;0;7;0;0;2;3;1;A01
200900046129;0;10;0;0;2;3;1;B02
200900046130;0;7;0;0;2;3;1;A01
200900046130;0;31;0;0;2;1;1;B02
200900046131;0;2;0;9;0;1;0;A01
200900046132;0;7;0;0;0;1;0;A01
200900046133;0;7;0;15;0;1;1;A01
200900046134;0;7;0;0;0;6;2;A01
200900046135;0;2;0;0;0;0;0;A01
200900046136;0;7;0;0;0;0;2;A01
200900046136;0;7;0;0;2;1;2;B01
200900046136;0;7;0;0;2;1;2;C01
200900046137;0;7;0;0;2;6;2;B01
200900046137;0;2;0;0;2;2;2;A01
200900046138;0;7;0;0;1;0;0;A01
200900046139;0;7;0;0;0;4;2;A01
200900046139;0;2;0;0;0;4;2;B01
200900046140;0;1;0;0;2;7;15;B01
200900046140;0;7;0;0;2;1;1;A01
200900046141;0;7;0;0;2;3;1;A01
200900046141;0;1;0;0;2;7;1;B01
200900046142;0;7;0;0;2;8;15;A01
200900046142;0;2;0;0;2;1;17;B01
200900046143;0;1;0;0;2;7;19;B01
200900046143;0;7;0;0;2;1;1;A01
200900046144;0;7;0;0;2;2;1;B01
200900046144;0;2;0;0;2;1;1;A01
200900046145;0;2;0;0;2;1;2;A01
200900046145;0;7;0;0;2;4;23;B01
200900046146;1;7;0;0;2;8;10;A01
200900046146;0;31;0;0;2;2;1;B01
200900046147;0;7;0;0;2;3;1;B01
200900046147;0;7;0;0;2;3;5;A01
200900046148;0;1;0;0;0;0;1;A01
200900046149;0;7;0;0;2;2;1;B01
200900046149;0;35;0;0;2;8;13;A01
200900046150;0;7;0;0;1;1;1;A01
200900046151;0;7;0;0;2;8;15;B01
200900046151;0;33;0;0;2;2;17;A01
200900046152;0;1;0;0;0;0;1;A01
200900046153;0;30;0;12;0;0;0;A01
200900046154;0;2;0;0;0;8;0;A01
200900046155;0;7;0;0;2;5;0;A01
200900046155;0;1;0;0;2;3;1;B01
200900046156;0;2;0;0;2;1;1;A01
200900046156;0;7;0;0;2;4;1;B01
200900046157;0;30;0;0;0;0;1;A01
200900046158;0;7;0;0;2;3;1;B01
200900046158;0;7;0;0;2;2;15;A01
200900046159;0;1;0;0;1;1;1;A01
200900046160;0;1;0;0;1;1;1;A01
200900046161;0;32;0;0;2;3;1;B01
200900046161;0;7;0;0;2;2;15;A01
200900046162;0;33;0;0;2;1;1;A01
200900046162;1;7;0;0;2;6;1;B01
200900046163;0;7;0;0;2;1;1;A01
200900046163;0;34;0;0;2;4;1;B01
200900046164;0;30;0;0;1;1;1;A01
200900046165;0;7;0;0;2;3;1;A01
200900046165;0;1;0;0;2;7;1;B01
200900046166;0;7;0;0;2;3;13;A01
200900046166;0;10;0;0;2;3;1;B01
200900046167;0;2;0;0;2;7;17;A01
200900046167;0;1;0;0;2;8;13;B01
200900046168;0;1;0;0;2;1;1;A01
200900046168;0;7;0;0;2;3;9;B01
200900046169;0;7;0;0;2;8;13;A01
200900046169;0;31;0;0;2;2;1;B01
200900046170;0;33;0;0;2;3;1;B01
200900046170;0;7;0;0;2;3;15;A01
200900046171;0;7;0;0;2;3;9;A01
200900046171;0;33;0;0;2;1;1;B01
200900046172;0;7;0;0;2;7;17;B01
200900046172;0;30;0;0;2;8;11;A01
200900046173;0;3;0;1;0;1;13;A01
200900046174;0;1;0;0;2;6;1;B01
200900046174;0;7;0;0;2;2;16;A01
200900046175;0;7;0;1;0;1;20;A01
200900046176;0;30;0;0;0;7;1;A01
200900046177;0;7;0;0;2;1;21;A01
200900046177;0;7;0;0;2;4;23;B01
200900046178;0;30;0;0;2;1;17;A01
200900046178;0;7;0;0;2;4;15;B01
200900046179;0;7;0;0;1;2;1;A01
200900046180;0;7;0;0;2;1;17;B02
200900046180;0;1;0;0;2;8;15;A01
200900046181;0;7;0;0;1;2;1;A01
200900046182;0;7;0;0;2;1;1;A01
200900046182;0;10;0;0;2;6;19;B02
200900046183;0;7;0;0;2;2;9;A01
200900046183;0;7;0;0;2;1;1;B02
200900046184;1;14;0;0;0;0;0;A01
200900046185;0;7;0;0;2;3;15;A01
200900046185;0;30;0;0;2;1;1;B02
200900046186;0;33;0;0;2;1;17;A01
200900046186;0;7;0;0;0;4;15;B02
200900046187;0;17;0;0;2;1;15;A01
200900046187;0;7;0;0;2;8;15;B02
200900046188;0;10;0;0;2;1;1;A01
200900046188;0;15;0;0;2;2;19;B02
200900046189;0;33;0;0;2;2;17;B02
200900046189;0;7;0;0;0;8;15;A01
200900046190;0;31;0;0;0;3;1;A01
200900046191;0;37;0;0;2;1;1;A01
200900046191;0;7;0;0;2;7;19;B02
200900046192;0;7;0;0;2;3;15;B02
200900046192;0;33;0;0;2;1;17;A01
200900046193;0;7;0;0;2;1;5;C03
200900046193;0;7;0;0;2;4;1;B02
200900046193;0;7;0;0;2;1;1;A01
200900046194;0;7;0;0;2;2;15;A01
200900046194;0;7;0;0;2;1;1;B02
200900046195;0;7;0;4;0;1;1;A01
200900046196;0;31;0;12;0;1;1;A01
200900046197;0;2;0;0;2;1;13;A01
200900046197;0;7;0;0;2;2;1;B02
200900046198;0;30;0;0;2;8;1;B02
200900046198;0;7;0;0;2;1;19;A01
200900046199;0;33;0;16;0;9;1;A01
200900046200;0;33;0;13;0;1;1;A01
200900046201;0;33;0;0;2;1;2;A01
200900046201;0;33;0;0;0;7;2;B02
200900046202;0;7;0;0;1;1;1;A01
200900046203;0;7;0;0;2;8;13;A01
200900046203;0;7;0;0;2;7;1;B01
200900046204;0;7;0;0;2;1;1;A01
200900046204;0;7;0;0;2;4;1;B01
200900046205;0;7;0;13;0;0;0;A01
200900046206;0;7;0;0;2;0;17;A01
200900046206;0;1;0;0;2;0;0;B01
200900046207;0;2;0;0;2;1;1;B01
200900046207;0;7;0;0;2;1;15;A01
200900046208;0;7;0;0;2;2;1;A01
200900046208;0;7;0;0;2;1;1;B01
200900046209;0;30;0;0;0;7;1;A01
200900046210;0;7;0;0;2;7;1;A01
200900046210;0;1;0;0;2;1;1;B01
200900046211;0;7;0;0;2;1;1;B01
200900046211;0;7;0;0;2;4;1;A01
200900046211;0;7;0;0;2;1;1;C01
200900046212;0;1;0;0;2;7;1;B01
200900046212;0;7;0;0;2;8;17;A01
200900046213;0;7;0;0;2;2;1;A01
200900046213;0;2;0;0;2;1;1;B01
200900046214;0;37;0;0;2;8;1;C01
200900046214;0;33;0;0;2;7;1;B01
200900046214;0;7;0;0;2;2;15;A01
200900046215;0;7;0;0;2;8;1;A01
200900046215;0;7;0;0;2;1;1;B01
200900046216;0;7;0;0;2;7;17;B01
200900046216;0;7;0;0;2;8;15;A01
200900046217;0;7;0;0;2;1;1;B01
200900046217;0;2;0;0;2;0;1;A01
200900046218;0;31;0;0;0;7;1;A01
200900046219;0;7;0;0;2;1;15;B02
200900046219;0;30;0;0;2;1;1;A01
200900046220;0;7;0;0;2;3;1;A01
200900046220;0;2;0;0;2;1;5;B02
200900046221;0;10;0;0;2;3;1;B02
200900046221;0;10;0;0;2;3;13;A01
200900046222;0;7;0;0;2;2;1;B02
200900046222;0;31;0;0;2;1;1;A01
200900046223;0;7;0;2;0;8;1;A01
200900046224;0;7;0;0;2;2;1;A01
200900046224;0;31;0;0;2;8;1;B02
200900046225;0;7;0;0;2;3;1;B02
200900046225;0;7;0;0;2;3;13;A01
200900046226;0;7;0;1;2;3;15;B02
200900046226;0;33;0;0;2;1;1;A01
200900046227;0;7;0;4;0;3;13;A01
200900046228;0;7;0;6;0;1;1;A01
200900046229;0;10;0;0;0;9;0;A01
200900046230;0;7;0;0;2;1;17;A01
200900046230;0;21;0;0;2;3;15;B02
200900046231;0;10;0;0;2;2;1;A01
200900046231;0;17;0;0;2;6;13;B02
200900046232;0;7;0;0;9;8;15;A01
200900046232;0;2;0;0;2;1;1;B02
200900046233;0;7;0;0;1;2;2;A01
200900046234;0;7;0;2;0;6;21;A01
200900046235;0;7;0;0;1;1;9;A01
200900046236;0;30;0;0;2;1;17;A01
200900046236;0;7;0;0;2;6;2;B01
200900046237;1;31;0;0;1;2;13;A01
200900046238;0;7;0;0;2;4;2;C01
200900046238;0;7;0;0;2;4;2;B01
200900046238;0;7;0;0;2;3;2;E01
200900046238;0;10;0;0;2;1;2;A01
200900046238;0;7;0;0;2;4;0;D01
200900046239;0;30;0;0;9;1;9;A01
200900046240;0;7;0;0;2;1;15;A01
200900046240;0;7;0;0;2;2;1;B01
200900046241;0;7;0;0;2;4;2;B01
200900046241;0;7;0;0;2;1;2;A01
200900046242;0;7;0;0;2;1;15;A01
200900046242;0;2;0;0;2;1;1;B01
200900046243;0;7;0;0;2;1;2;C01
200900046243;0;7;0;0;2;1;2;A01
200900046243;0;7;0;0;2;4;2;D01
200900046243;0;7;0;0;2;4;1;B01
200900046244;0;2;0;0;2;1;2;A01
200900046244;0;7;0;0;2;4;1;B01
200900046245;0;7;0;0;2;1;15;A01
200900046245;0;7;0;0;2;3;1;B01
200900046246;0;30;0;0;2;1;21;B01
200900046246;0;7;0;0;2;3;9;A01
200900046247;0;7;0;0;1;1;1;A01
200900046248;0;7;0;0;2;3;20;A01
200900046248;0;2;0;0;2;1;1;B01
200900046249;0;7;0;0;2;1;1;B01
200900046249;0;10;0;0;2;1;1;A01
200900046250;0;13;0;0;2;6;4;A01
200900046250;0;10;0;0;2;1;1;C01
200900046250;0;7;0;0;2;1;1;B01
200900046251;0;33;0;0;2;1;1;B01
200900046251;1;7;0;0;2;1;13;A01
200900046252;0;7;0;0;2;1;20;A01
200900046252;0;2;0;0;2;1;1;B01
200900046253;0;7;0;0;2;4;2;B01
200900046253;0;7;0;0;2;1;2;A01
200900046254;0;7;0;0;2;1;5;A01
200900046254;0;10;0;0;1;1;1;B01
200900046255;0;7;0;0;1;1;1;A01
200900046255;0;7;0;0;2;4;1;B01
200900046256;0;1;0;0;2;7;1;B01
200900046256;0;7;0;0;2;1;1;A01
200900046257;0;7;0;0;2;1;2;A01
200900046257;0;7;0;0;2;4;2;C01
200900046257;0;7;0;0;2;4;2;B01
200900046258;0;2;0;12;0;1;14;A01
200900046259;0;30;0;0;2;1;2;A01
200900046259;0;7;0;0;2;4;2;B01
200900046260;0;7;0;0;2;7;16;A01
200900046260;0;30;0;0;2;1;1;B01
200900046261;0;30;0;0;2;7;2;A01
200900046261;0;7;0;0;2;3;16;B01
200900046262;0;7;0;0;2;7;12;A01
200900046262;0;30;0;0;2;1;1;B01
200900046263;0;30;0;0;2;1;1;B01
200900046263;0;7;0;0;2;1;1;A01
200900046264;0;2;0;0;2;1;2;A01
200900046264;0;7;0;0;2;4;2;B01
200900046265;0;30;0;0;2;0;0;A01
200900046265;0;7;0;0;9;0;0;B01
200900046266;0;33;0;0;9;0;1;A01