num_acc;senc;catv;occutc;obs;obsm;choc;manv;num_veh
200900046641;0;7;0;0;2;7;13;A01
200900046641;0;33;0;0;2;1;1;B02
200900046642;0;7;0;0;2;1;17;A01
200900046642;0;7;0;3;2;3;14;B02
200900046642;0;10;0;0;2;3;1;C03
200900046643;0;2;0;0;2;1;1;A01
200900046643;0;7;0;0;0;2;1;B02
200900046644;0;10;0;0;1;2;1;A01
200900046645;0;7;0;0;2;3;13;A01
200900046645;0;7;0;0;2;3;1;B02
200900046646;0;7;0;0;1;3;0;A01
200900046647;0;7;0;0;2;1;1;C03
200900046647;0;7;0;0;2;1;1;B02
200900046647;0;7;0;0;2;2;13;A01
200900046648;0;7;0;0;1;0;1;A01
200900046649;0;15;0;0;0;4;2;B01
200900046649;0;17;0;4;2;1;2;A01
200900046650;0;31;0;0;1;1;1;A01
200900046650;0;7;0;0;0;2;15;B01
200900046651;0;17;0;4;0;3;1;A01
200900046652;0;7;0;0;2;2;15;A01
200900046652;0;7;0;0;2;1;1;B01
200900046653;0;7;0;0;2;3;0;A01
200900046653;0;7;0;0;2;3;1;B01
200900046654;0;7;0;0;2;1;15;A01
200900046654;0;30;0;0;2;1;1;B01
200900046655;0;7;0;6;0;3;13;A01
200900046656;0;7;0;0;1;7;1;A01
200900046657;0;15;0;0;2;1;1;A01
200900046657;0;7;0;0;2;4;0;B01
200900046658;0;7;0;0;2;2;0;B01
200900046658;0;7;0;0;2;1;0;A01
200900046659;0;7;0;0;1;1;1;A01
200900046660;0;7;0;13;0;1;16;A01
200900046661;0;7;0;0;4;2;1;A01
200900046661;0;39;0;0;2;3;1;B02
200900046662;0;30;0;0;0;4;1;A01
200900046663;0;7;0;14;0;1;1;A01
200900046663;0;7;0;13;0;1;1;B02
200900046664;0;15;0;0;9;3;1;A01
200900046665;0;7;0;13;0;3;1;A01
200900046666;0;7;0;3;0;1;0;A01
200900046667;0;7;0;2;0;3;14;A01
200900046668;0;7;0;2;0;1;0;A01
200900046669;0;7;0;0;2;1;15;A01
200900046669;0;7;0;0;2;1;1;B02
200900046669;0;7;0;0;2;3;23;C03
200900046670;0;7;0;2;0;1;1;A01
200900046671;0;10;0;6;0;3;13;A01
200900046672;0;30;0;2;0;1;1;A01
200900046673;0;30;0;0;2;1;1;B02
200900046673;0;7;0;0;2;3;9;A01
200900046674;0;10;0;0;2;1;13;A01
200900046674;0;14;0;0;2;1;1;B02
200900046675;0;30;0;6;0;1;1;A01
200900046676;0;17;0;0;0;8;1;A01
200900046677;0;7;0;0;0;4;1;C01
200900046677;0;7;0;0;2;1;0;A01
200900046677;0;7;0;0;0;4;1;B01
200900046678;0;7;0;0;2;1;15;B01
200900046678;0;2;0;0;2;1;1;A01
200900046679;0;7;0;0;2;2;15;A01
200900046679;0;2;0;0;2;7;1;B01
200900046680;0;2;0;0;2;3;14;A01
200900046680;0;7;0;0;2;8;15;B01
200900046681;0;7;0;0;1;2;1;A01
200900046682;0;7;0;0;1;5;4;A01
200900046683;0;30;0;14;0;0;1;A01
200900046684;0;7;0;0;2;2;1;C01
200900046684;0;33;0;0;2;1;2;A01
200900046684;0;7;0;0;2;1;1;D01
200900046684;0;7;0;0;2;4;1;B01
200900046685;0;2;0;12;0;0;14;A01
200900046686;0;30;0;0;2;8;15;A01
200900046686;0;33;0;0;2;7;17;B01
200900046687;0;7;0;0;2;1;1;A01
200900046687;0;1;0;0;2;8;19;B01
200900046688;0;7;0;0;1;2;15;A01
200900046689;0;30;0;0;2;8;1;B01
200900046689;1;7;0;0;2;0;17;A01
200900046690;0;30;0;13;0;7;14;A01
200900046691;0;7;0;0;2;1;24;B02
200900046691;0;7;0;1;0;9;14;A01
200900046692;0;7;0;0;2;1;15;A01
200900046692;0;7;0;13;2;2;1;B01
200900046693;0;2;0;0;2;8;1;B01
200900046693;0;7;0;0;2;8;9;A01
200900046694;0;7;0;0;2;2;1;B01
200900046694;0;30;0;0;2;1;9;A01
200900046695;0;7;0;0;2;1;1;B01
200900046695;0;7;0;0;2;2;10;A01
200900046696;0;7;0;0;1;3;1;A01
200900046697;0;7;0;0;2;3;1;B01
200900046697;0;30;0;0;2;2;1;A01
200900046698;0;7;0;0;2;2;1;B01
200900046698;0;2;0;0;2;3;9;A01
200900046699;0;30;0;0;2;1;1;B01
200900046699;0;7;0;0;2;2;19;A01
200900046700;0;7;0;0;0;0;21;C01
200900046700;0;2;0;0;0;8;21;A01
200900046700;0;7;0;0;0;0;15;B01
200900046701;0;7;0;1;0;2;14;A01
200900046702;0;7;0;0;2;2;15;A01
200900046702;0;30;0;0;2;1;1;B01
200900046703;0;1;0;0;0;0;1;A01
200900046704;0;7;0;0;2;1;15;B01
200900046704;0;7;0;8;2;1;5;A01
200900046705;0;7;0;13;0;2;14;A01
200900046706;0;99;0;0;1;1;0;A01
200900046707;0;33;0;6;0;8;1;A01
200900046708;0;2;0;0;2;7;17;A01
200900046708;0;7;0;0;2;8;15;B01
200900046709;0;7;0;13;0;9;13;A01
200900046710;0;7;0;0;1;4;4;A01
200900046711;0;32;0;13;0;1;1;A01
200900046712;0;7;0;0;2;3;5;A01
200900046712;0;7;0;0;2;3;17;B02
200900046712;0;14;0;0;2;6;1;C03
200900046713;0;31;0;13;0;1;14;A01
200900046714;0;7;0;0;2;3;9;A01
200900046714;0;30;0;0;2;1;1;B02
200900046715;0;21;0;0;2;8;1;A01
200900046715;0;2;0;0;2;3;13;B02
200900046716;0;7;0;0;2;5;10;A01
200900046716;0;33;0;0;2;1;1;B02
200900046717;0;7;0;0;2;5;15;A01
200900046717;0;33;0;0;2;1;1;B02
200900046718;0;7;0;0;1;2;1;A01
200900046719;0;30;0;0;2;1;5;A01
200900046719;0;7;0;0;2;3;1;B02
200900046720;0;7;0;0;2;3;12;B02
200900046720;0;21;0;0;2;6;2;A01
200900046721;0;7;0;13;0;1;1;A01
200900046722;0;7;0;0;2;3;15;A01
200900046722;0;33;0;0;2;1;1;B02
200900046723;0;7;0;15;0;1;0;A01
200900046724;0;30;0;13;0;7;13;A01
200900046725;0;33;0;13;0;4;13;A01
200900046726;0;7;0;13;0;1;13;A01
200900046727;0;33;0;14;0;1;1;A01
200900046728;0;7;0;0;2;7;15;B02
200900046728;0;7;0;0;2;2;1;A01
200900046729;0;7;0;0;2;1;2;C03
200900046729;0;7;0;0;0;4;11;A01
200900046729;0;17;0;0;2;4;2;B02
200900046730;0;7;0;0;1;2;1;A01
200900046731;0;33;0;0;0;8;21;A01
200900046731;0;10;0;0;0;0;19;B02
200900046732;0;7;0;0;2;1;1;B01
200900046732;0;7;0;0;2;3;19;A02
200900046733;0;7;0;0;2;7;1;B02
200900046733;0;10;0;0;2;1;1;A01
200900046734;0;7;0;6;0;1;1;A01
200900046735;0;7;0;13;0;1;1;A01
200900046736;0;7;0;0;2;1;1;A01
200900046736;0;1;0;0;2;1;1;B02
200900046737;0;7;0;13;0;1;1;A01
200900046738;0;7;0;2;0;1;1;A01
200900046739;0;2;0;0;2;1;17;B02
200900046739;0;7;0;0;2;3;15;A01
200900046740;0;7;0;13;0;3;0;A01
200900046741;0;7;0;2;0;7;13;A01
200900046742;0;21;0;0;2;3;13;A01
200900046742;0;7;0;0;2;3;1;B02
200900046743;0;2;0;12;0;1;1;A01
200900046744;0;7;0;0;2;1;1;A01
200900046745;0;2;0;0;2;3;1;A01
200900046746;0;33;0;0;2;1;1;B01
200900046746;0;7;0;0;2;8;9;A01
200900046747;0;13;0;0;1;1;0;A01
200900046748;0;7;0;16;0;3;13;A01
200900046749;0;7;0;0;2;8;15;A01
200900046749;0;33;0;0;2;8;17;B01
200900046750;0;2;0;0;2;1;1;A01
200900046750;0;7;0;0;2;4;1;B01
200900046751;0;2;0;6;0;1;0;A01
200900046752;0;7;0;0;2;4;4;B01
200900046752;0;2;0;0;2;8;2;A01
200900046753;0;7;0;0;2;7;15;A01
200900046753;0;34;0;0;2;1;1;B01
200900046754;0;7;0;0;2;7;1;B01
200900046754;0;1;0;0;2;1;15;A01
200900046755;0;7;0;0;1;0;2;A01
200900046756;0;7;0;0;2;2;15;A01
200900046756;0;2;0;0;2;1;2;B01
200900046757;0;2;0;0;2;1;1;B01
200900046757;0;7;0;0;2;1;15;A01
200900046758;0;30;0;14;0;1;1;A01
200900046759;0;7;0;16;0;0;1;A01
200900046760;0;34;0;0;2;1;1;B01
200900046760;0;7;0;0;2;1;15;A01
200900046761;0;10;0;0;1;4;4;A01
200900046762;0;7;0;0;2;8;1;B01
200900046762;0;30;0;0;2;1;1;A01
200900046763;0;31;0;0;2;7;2;B01
200900046763;0;7;0;0;2;1;15;A01
200900046764;0;7;0;0;2;1;0;A01
200900046764;0;7;0;0;2;4;1;B01
200900046765;0;7;0;0;2;2;16;A01
200900046765;0;1;0;0;2;8;2;B01
200900046766;0;7;0;0;2;1;1;A01
200900046766;0;7;0;0;2;4;1;B01
200900046767;0;7;0;0;2;1;2;A01
200900046767;0;10;0;0;0;4;23;B01
200900046768;0;7;0;0;2;5;15;A01
200900046768;0;31;0;0;2;1;2;B01
200900046769;0;1;0;0;2;1;2;B01
200900046769;0;7;0;0;2;1;9;A01
200900046770;0;7;0;0;0;3;9;A01
200900046770;0;31;0;0;2;1;2;B01
200900046771;0;1;0;0;2;1;1;A01
200900046771;0;33;0;0;2;8;0;B01
200900046772;0;2;0;0;0;0;15;A01
200900046773;0;7;0;0;0;4;1;A01
200900046773;1;7;0;1;0;1;2;B01
200900046774;0;40;0;0;1;1;1;A01
200900046775;0;7;0;0;2;3;15;A01
200900046775;0;33;0;0;2;2;1;B01
200900046776;0;7;0;0;1;1;2;A01
200900046777;0;7;0;0;2;1;2;A01
200900046777;0;7;0;0;0;4;1;B01
200900046778;0;2;0;0;2;1;2;A01
200900046778;0;7;0;0;2;2;14;B01
200900046779;0;7;0;0;1;1;1;A01
200900046780;0;2;0;0;2;8;2;B01
200900046780;0;7;0;0;2;2;16;A01
200900046781;0;30;0;0;2;8;1;B01
200900046781;0;7;0;0;2;1;15;A01
200900046782;0;2;0;0;2;1;2;B01
200900046782;0;30;0;0;2;3;15;A01
200900046783;0;7;0;0;2;1;9;A01
200900046783;0;7;0;0;2;6;2;B01
200900046784;0;7;0;0;2;4;2;B01
200900046784;0;7;0;0;2;1;2;A01
200900046785;0;7;0;0;2;7;2;B01
200900046785;1;7;0;0;2;0;0;A01
200900046786;0;7;0;0;2;2;2;A01
200900046786;0;30;0;0;2;1;2;B01
200900046787;0;1;0;0;2;7;1;A01
200900046787;0;7;0;0;2;1;1;B01
200900046788;0;33;0;0;2;1;2;B01
200900046788;0;7;0;0;0;3;2;A01
200900046789;0;7;0;0;2;1;2;A01
200900046789;0;33;0;0;2;1;2;B01
200900046790;0;7;0;0;2;5;9;A01
200900046790;0;33;0;0;2;1;2;B01
200900046791;0;7;0;0;2;9;1;A01
200900046792;0;30;0;0;2;1;2;B01
200900046792;0;7;0;0;2;3;15;A01
200900046793;1;7;0;0;2;0;15;A01
200900046793;0;2;0;0;2;1;2;B01
200900046794;0;2;0;0;2;1;1;B01
200900046794;0;7;0;0;0;3;15;A01
200900046795;0;7;0;0;1;1;16;A01
200900046796;0;7;0;0;0;1;15;A01
200900046796;0;33;0;0;2;1;15;B01
200900046797;0;7;0;0;2;2;14;A01
200900046797;0;10;0;0;0;4;14;B01
200900046798;0;7;0;0;2;7;15;A01
200900046798;0;31;0;0;2;1;2;B01
200900046799;0;7;0;0;0;7;15;A01
200900046799;0;33;0;0;2;2;1;B01
200900046800;0;2;0;0;2;1;0;A01
200900046800;0;7;0;0;0;4;1;B01
200900046801;0;31;0;0;0;1;1;A01
200900046802;0;7;0;4;2;1;1;A01
200900046802;0;7;0;0;0;1;1;B01
200900046803;0;15;0;0;2;2;12;A01
200900046803;0;7;0;0;0;8;1;B01
200900046804;0;7;0;4;0;0;1;A01
200900046805;0;7;0;4;0;1;1;A01
200900046806;0;17;0;0;2;2;12;A01
200900046806;0;7;0;0;0;9;1;B01
200900046807;0;7;0;0;2;1;1;B01
200900046807;1;17;0;0;2;2;12;C01
200900046807;0;7;0;0;2;6;1;A01
200900046808;0;7;0;4;0;3;1;A01
200900046809;0;15;0;0;2;2;12;A01
200900046809;0;7;0;4;0;8;1;B01
200900046810;0;17;0;0;2;2;12;A01
200900046810;0;7;0;0;0;6;1;B01
200900046811;0;33;0;14;0;0;1;A01
200900046812;0;7;0;4;0;3;21;A01
200900046813;0;7;0;13;0;1;1;A01
200900046814;0;7;0;0;0;4;1;C01
200900046814;0;7;0;0;2;1;1;B01
200900046814;0;7;0;0;0;8;1;A01
200900046814;1;17;0;0;2;0;0;D01
200900046815;0;7;0;3;0;2;1;C01
200900046815;0;7;0;0;1;3;9;A01
200900046815;0;7;0;0;2;1;1;B01
200900046816;0;7;0;4;0;3;1;A01
200900046817;0;7;0;0;2;4;1;C01
200900046817;0;7;0;0;0;4;1;D01
200900046817;0;7;0;0;2;4;1;B01
200900046817;0;7;0;0;2;1;1;A01
200900046818;0;10;0;4;0;2;1;A01
200900046819;0;7;0;0;0;0;1;B01
200900046819;0;7;0;0;2;0;12;A01
200900046820;0;33;0;4;0;2;1;A01
200900046821;0;7;0;6;0;1;0;A01
200900046822;0;7;0;4;0;9;1;A01
200900046823;0;7;0;0;2;4;1;B01
200900046823;0;7;0;0;0;4;2;C01
200900046823;0;7;0;0;2;1;1;A01
200900046824;0;7;0;6;0;1;0;A01
200900046825;0;10;0;0;2;3;13;A01
200900046825;0;10;0;0;2;3;1;B02
200900046826;0;7;0;0;1;2;1;A01
200900046827;0;30;0;0;2;1;1;A01
200900046827;0;7;0;0;2;2;19;B02
200900046828;0;7;0;13;0;1;1;A01
200900046829;0;7;0;0;2;8;1;B02
200900046829;0;7;0;0;2;6;15;A01
200900046830;0;7;0;0;2;1;1;B02
200900046830;0;7;0;0;2;7;1;A01
200900046831;0;10;0;0;2;2;2;A01
200900046831;0;30;0;0;2;8;23;B02
200900046832;0;7;0;0;0;2;1;A01
200900046833;0;7;0;0;2;2;15;A01
200900046833;0;30;0;0;0;1;1;B02
200900046834;0;38;0;0;2;5;1;B02
200900046834;0;36;0;0;2;3;1;A01
200900046835;0;7;0;8;0;8;1;A01
200900046836;0;7;0;0;2;5;16;A01
200900046836;0;30;0;0;2;1;1;B02
200900046837;0;7;0;0;2;3;15;A01
200900046837;0;2;0;0;2;8;1;B02
200900046838;0;30;0;0;2;2;1;B02
200900046838;0;7;0;0;2;3;17;A01
200900046839;0;7;0;0;1;2;1;A01
200900046840;0;7;0;0;2;1;1;B02
200900046840;0;15;0;0;2;8;4;A01
200900046841;0;7;0;13;0;7;1;A01
200900046842;0;17;0;0;9;3;1;A01
200900046843;0;7;0;0;1;3;1;A01
200900046844;0;10;0;0;2;2;17;A01
200900046844;0;7;0;0;2;6;1;B02
200900046845;0;7;0;13;0;9;17;A01
200900046846;0;7;0;0;1;1;1;A01
200900046847;0;7;0;13;0;9;21;A01
200900046848;0;33;0;0;9;0;1;A01
200900046848;0;13;0;0;2;0;1;B02
200900046849;0;7;0;3;0;1;15;A01
200900046850;0;30;0;0;2;1;9;B01
200900046850;0;7;0;0;2;1;15;A01
200900046851;0;7;0;0;2;8;9;B02
200900046851;0;7;0;0;2;1;1;A01
200900046852;0;7;0;0;2;1;1;B01
200900046852;0;7;0;0;2;7;13;A01
200900046853;0;7;0;0;1;2;1;A01
200900046854;0;7;0;1;0;3;2;A01
200900046855;0;7;0;13;2;3;1;B02
200900046855;0;7;0;2;2;3;13;A01
200900046856;0;7;0;15;0;1;0;A01
200900046857;0;2;0;0;0;0;1;A01
200900046858;0;7;0;0;2;4;1;B01
200900046858;0;30;0;0;2;1;1;A01
200900046859;0;7;0;1;0;6;1;B01
200900046859;0;7;0;1;0;2;1;A01
200900046860;0;7;0;0;2;6;24;A01
200900046860;0;1;0;1;0;1;1;B01
200900046861;2;2;0;0;1;1;1;A01
200900046862;0;7;0;1;1;1;1;A01
200900046863;0;7;0;0;2;3;1;A01
200900046864;0;7;0;0;2;3;15;A01
200900046864;0;33;0;0;2;1;1;B01
200900046865;0;1;0;1;0;1;1;A01
200900046866;0;7;0;0;2;4;2;B01
200900046866;0;7;0;1;2;1;2;A01
200900046867;0;7;0;0;2;1;1;B01
200900046867;0;7;0;0;2;3;15;A01
200900046868;0;7;0;0;2;1;1;A01
200900046868;0;10;0;0;2;4;1;B01
200900046869;0;2;0;0;2;1;1;B01
200900046869;0;7;0;0;2;0;15;A01
200900046870;0;2;0;0;2;1;16;A01
200900046870;0;30;0;0;2;1;1;B01
200900046871;0;1;0;1;0;1;1;A01
200900046872;0;7;0;0;2;1;15;A01
200900046872;0;1;0;0;2;1;1;B01
200900046873;0;30;0;0;2;7;1;B01
200900046873;0;7;0;0;2;1;9;A01
200900046874;0;7;0;0;1;2;1;A01
200900046875;0;1;0;0;0;0;1;A01
200900046876;0;7;0;0;0;1;1;A01
200900046877;0;30;0;0;0;8;1;A01
200900046878;0;7;0;0;2;1;1;A01
200900046878;0;7;0;0;2;4;1;D01
200900046878;0;7;0;0;2;1;1;C01
200900046878;0;7;0;0;2;4;1;B01
200900046879;0;7;0;1;2;3;15;A01
200900046879;0;7;0;0;2;3;1;B01
200900046880;0;2;0;0;0;0;1;A01
200900046881;0;30;0;0;2;8;11;A01
200900046881;0;7;0;0;2;7;1;B01
200900046882;0;7;0;0;2;1;1;B01
200900046882;0;7;0;0;2;2;15;A01
200900046883;0;2;0;6;0;1;1;A01
200900046884;0;7;0;0;1;1;1;A01
200900046885;0;7;0;0;1;6;0;A01
200900046886;0;7;0;0;1;2;1;A01
200900046887;0;7;0;0;2;1;1;B02
200900046887;0;7;0;0;2;2;15;A01
200900046888;0;7;0;0;1;1;1;A01
200900046889;1;7;0;0;1;0;4;A01
200900046890;0;10;0;0;2;3;13;A01
200900046890;0;33;0;0;2;3;1;B02
200900046891;0;14;0;0;2;1;1;A01
200900046891;0;21;0;0;2;4;1;B02
200900046891;0;7;0;0;2;4;1;C03
200900046892;0;33;0;13;0;8;1;A01
200900046893;0;10;0;13;0;1;0;A01
200900046894;0;7;0;0;0;1;0;A01
200900046895;0;7;0;0;2;1;1;A01
200900046895;0;7;0;0;2;8;15;B02
200900046896;0;30;0;3;0;1;1;A01
200900046897;0;30;0;0;2;1;1;A01
200900046897;0;10;0;0;2;3;15;B02
200900046898;0;7;0;13;0;1;1;A01
200900046899;0;2;0;16;0;1;16;A01
200900046900;0;7;0;0;2;1;9;A01
200900046900;0;7;0;0;2;2;1;B02
200900046901;0;14;0;0;2;3;1;A01
200900046901;0;2;0;0;2;1;1;B02
200900046902;0;30;0;0;0;1;1;A01
200900046903;0;2;0;1;0;1;17;A01
200900046904;0;7;0;13;0;3;1;A01
200900046905;0;7;0;13;0;2;2;A01
200900046906;0;17;0;0;2;6;1;C03
200900046906;0;7;0;0;2;1;17;A01
200900046906;0;7;0;0;2;1;1;B02
200900046907;0;7;0;8;0;1;0;A01
200900046908;0;7;0;0;2;1;13;A01
200900046908;0;7;0;0;2;1;1;B02
200900046909;0;38;2;0;2;3;1;A01
200900046910;0;7;0;0;0;0;0;A01
200900046911;0;7;0;16;0;2;0;A01
200900046912;0;2;0;0;0;1;1;A01
200900046913;0;7;0;0;2;2;15;A01
200900046913;0;7;0;0;2;3;1;B01
200900046914;0;10;0;0;2;0;0;A01
200900046915;0;7;0;13;0;3;1;A01
200900046916;0;10;0;0;2;0;0;C01
200900046916;0;7;0;0;2;0;0;A01
200900046916;0;10;0;0;2;1;1;B01
200900046917;0;2;0;0;0;0;1;A01
200900046918;0;7;0;0;2;6;16;B01
200900046918;0;1;0;0;2;1;1;A01
200900046919;0;7;0;0;1;1;1;A01
200900046920;0;7;0;0;1;3;1;A01
200900046921;0;7;0;0;2;7;15;A01
200900046921;0;30;0;0;2;1;1;B01
200900046922;0;1;0;0;0;0;1;A01
200900046923;0;7;0;0;2;2;1;A01
200900046923;0;7;0;0;2;1;1;B01
200900046924;0;2;0;0;2;1;1;B01
200900046924;0;7;0;0;2;1;1;A01
200900046925;0;3;0;0;2;1;15;A01
200900046925;0;7;0;0;2;2;1;B01
200900046926;0;10;0;0;0;3;1;B01
200900046926;0;7;0;0;0;3;1;A01
200900046927;0;7;0;0;0;0;0;A01
200900046928;0;7;0;0;1;4;4;A01
200900046929;0;30;0;0;0;1;1;A01
200900046930;0;7;0;0;2;3;1;A01
200900046930;0;7;0;0;2;1;1;B01
200900046931;0;7;0;0;2;1;5;A01
200900046931;0;7;0;0;2;3;1;B01
200900046932;0;7;0;6;0;1;1;A01
200900046933;0;7;0;0;2;7;15;A01
200900046933;0;7;0;0;2;1;1;B01
200900046934;0;30;0;0;0;0;1;A01
200900046935;0;1;0;0;0;1;0;B02
200900046935;0;1;0;0;9;1;0;A01
200900046936;0;33;0;0;2;1;1;A01
200900046936;0;7;0;0;2;3;16;C03
200900046936;0;7;0;0;2;5;19;B02
200900046937;0;7;0;0;2;3;15;B02
200900046937;0;33;0;0;2;1;1;A01
200900046938;0;7;0;0;1;3;1;A01
200900046939;0;7;0;0;1;3;1;A01
200900046940;0;7;0;3;0;3;1;A01
200900046941;0;31;0;0;0;0;1;A01
200900046942;0;7;0;0;1;2;1;A01
200900046943;0;7;0;0;1;3;1;A01
200900046944;0;7;0;0;1;2;1;A01
200900046945;0;10;0;0;9;1;0;A01
200900046946;0;33;0;0;0;7;1;A01
200900046947;0;7;0;0;2;3;1;A01
200900046947;0;2;0;0;2;1;1;B02
200900046948;0;33;0;0;2;1;17;B02
200900046948;0;7;0;0;2;3;19;A01
200900046949;0;30;0;1;0;1;1;A01
200900046949;0;21;0;0;0;3;23;B02
200900046950;0;7;0;0;2;3;17;B02
200900046950;0;7;0;0;2;3;13;A01
200900046951;0;7;0;0;2;3;1;A01
200900046951;0;7;0;0;2;2;19;B02
200900046952;0;7;0;2;0;9;1;A01
200900046953;0;7;0;0;2;1;21;D04
200900046953;0;7;0;0;0;1;21;C03
200900046953;0;7;0;0;2;4;0;B02
200900046953;0;10;0;0;2;4;23;A01
200900046954;0;7;0;2;0;8;21;A01
200900046955;0;7;0;0;1;1;16;A01
200900046956;0;2;0;0;2;1;1;B01
200900046956;0;7;0;0;0;3;1;A01
200900046957;0;2;0;0;1;1;1;A01
200900046958;0;33;0;0;2;1;2;A01
200900046958;0;7;0;0;2;6;23;B02
200900046959;0;7;0;6;0;3;1;A01
200900046960;0;7;0;0;1;1;1;A01
200900046961;0;7;0;0;1;1;15;A01
200900046962;0;7;0;0;2;2;15;A01
200900046962;0;33;0;0;2;7;21;B02
200900046963;0;33;0;0;2;1;1;B02
200900046963;0;10;0;0;2;3;15;A01
200900046964;0;10;0;8;0;1;1;A01
200900046965;0;7;0;13;0;1;1;A01
200900046966;0;7;0;4;0;1;13;A01
200900046967;0;7;0;12;0;1;1;A01
200900046968;0;33;0;0;0;7;1;A01
200900046968;0;7;0;0;2;2;15;B02
200900046969;0;13;0;0;2;1;0;A01
200900046969;0;10;0;0;2;4;0;B02
200900046970;0;2;0;0;1;0;1;A01
200900046971;0;7;0;5;2;1;13;A01
200900046971;0;7;0;0;2;2;1;B02
200900046972;0;31;0;0;2;1;1;B02
200900046972;0;7;0;0;2;3;13;A01
200900046973;0;7;0;0;2;1;1;B02
200900046973;0;7;0;0;2;3;13;A01
200900046974;0;7;0;0;1;2;1;A01
200900046975;0;10;0;0;2;1;1;A01
200900046975;0;7;0;0;2;3;15;B02
200900046976;0;7;0;13;0;1;14;A01
200900046977;0;7;0;3;0;1;1;A01
200900046978;0;7;0;8;0;8;1;A01
200900046979;0;30;0;13;0;1;0;A01
200900046980;0;7;0;0;0;0;14;A01
200900046981;0;2;0;15;0;1;14;A01
200900046982;0;30;0;0;2;1;1;B02
200900046982;0;7;0;0;2;3;15;A01
200900046983;0;7;0;0;2;3;1;B02
200900046983;0;7;0;0;2;3;1;A01
200900046984;0;10;0;0;0;9;1;A01
200900046985;0;7;0;13;0;3;13;A01
200900046986;0;7;0;0;2;1;1;B02
200900046986;0;7;0;0;2;7;13;A01
200900046987;0;30;0;0;2;6;2;B02
200900046987;0;33;0;0;2;2;2;A01
200900046988;0;7;0;0;1;2;1;A01
200900046989;0;7;0;0;2;1;2;A01
200900046989;0;7;0;0;2;4;23;B02
200900046990;0;7;0;3;2;3;1;B02
200900046990;0;17;0;0;2;3;13;A01
200900046991;0;7;0;0;2;5;19;A01
200900046991;0;2;0;0;2;1;1;B02
200900046992;0;10;0;0;1;2;2;A01
200900046993;0;7;0;3;0;1;14;A01
200900046994;0;7;0;13;2;3;1;B02
200900046994;0;7;0;0;2;3;13;A01
200900046995;0;7;0;13;0;1;13;A01
200900046996;0;7;0;0;1;2;1;A01
200900046997;0;7;0;0;2;1;17;A01
200900046997;0;7;0;13;2;6;15;B02
200900046998;0;33;0;0;0;1;0;B02
200900046998;0;7;0;0;0;3;15;A01
200900046999;0;7;0;0;2;3;13;A01
200900046999;0;30;0;0;2;2;1;B02
200900047000;0;7;0;8;0;3;1;A01
200900047001;0;7;0;8;0;1;1;A01
200900047002;0;7;0;0;2;1;1;B02
200900047002;0;7;0;0;2;1;1;A01
200900047003;0;7;0;0;2;7;14;A01
200900047003;0;7;0;0;2;1;1;B02
200900047004;0;10;0;0;2;3;1;C03
200900047004;0;7;0;0;2;2;19;A01
200900047004;0;7;0;0;2;8;1;B02
200900047005;0;7;0;0;9;1;1;A01
200900047006;0;2;0;0;0;0;1;A01
200900047007;0;7;0;0;1;1;1;A01
200900047008;0;14;0;0;2;1;1;B02
200900047008;0;7;0;0;2;1;1;A01
200900047009;0;17;0;0;0;2;1;B02
200900047009;0;7;0;0;2;1;1;A01
200900047010;0;14;0;0;2;2;1;B02
200900047010;0;30;0;0;2;1;15;A01
200900047011;0;7;0;0;2;3;1;B01
200900047011;0;7;0;0;2;3;13;A01
200900047012;0;7;0;0;2;3;9;A01
200900047012;0;7;0;0;2;7;1;B01
200900047013;0;7;0;0;2;2;15;A01
200900047013;0;2;0;0;2;3;1;B01
200900047014;0;7;0;0;2;3;15;A01
200900047014;0;2;0;0;2;8;19;B01
200900047015;0;7;0;0;1;5;4;A01
200900047016;0;7;0;0;2;1;1;A01
200900047016;0;10;0;0;0;4;23;B02
200900047017;0;10;0;0;0;0;1;A01
200900047017;0;7;0;0;2;3;1;C03
200900047018;0;10;0;0;2;7;1;A01
200900047018;0;7;0;0;2;8;23;B01
200900047019;0;10;0;0;2;2;17;A01
200900047019;0;1;0;0;0;8;1;C03
200900047019;0;1;0;0;2;4;1;B02
200900047020;0;7;0;0;2;2;5;A01
200900047020;0;33;0;0;2;1;1;B02
200900047021;0;33;0;0;2;1;1;B02
200900047021;0;7;0;0;2;3;17;A01
200900047022;0;7;0;0;2;3;15;B02
200900047022;0;33;0;0;2;1;17;A01
200900047023;0;7;0;0;2;3;1;A01
200900047023;0;1;0;0;2;9;19;B02
200900047024;0;7;0;16;0;1;14;A01
200900047025;0;7;0;0;9;7;1;B02
200900047025;0;1;0;0;2;1;15;A01
200900047026;0;10;0;0;1;3;0;A01
200900047027;0;7;0;0;2;1;19;B02
200900047027;0;33;0;0;2;7;1;A01
200900047028;0;2;0;0;2;1;1;A01
200900047028;0;2;0;0;2;1;1;B02
200900047029;0;30;0;0;0;4;2;B02
200900047029;0;7;0;0;2;2;2;A01
200900047030;0;33;0;0;2;1;1;B02
200900047030;0;7;0;0;2;3;16;A01
200900047031;0;7;0;0;1;2;1;A01
200900047032;0;7;0;8;0;4;13;A01
200900047033;0;2;0;0;2;1;1;A01
200900047033;0;7;0;0;2;1;19;B02