num_acc;senc;catv;occutc;obs;obsm;choc;manv;num_veh
200900047034;0;7;0;0;1;2;1;A01
200900047035;0;30;0;6;0;1;1;A01
200900047036;0;14;0;0;2;6;23;B02
200900047036;0;7;0;0;2;7;1;C03
200900047036;0;7;0;0;2;2;21;A01
200900047037;0;7;0;0;2;1;15;A01
200900047037;0;2;0;0;2;8;1;B02
200900047038;0;7;0;0;2;2;17;A01
200900047038;0;7;0;0;2;3;15;B02
200900047039;0;7;0;8;0;3;1;A01
200900047040;0;7;0;0;2;1;1;A01
200900047040;0;7;0;0;2;8;1;B02
200900047041;0;33;0;0;0;1;17;B02
200900047041;0;7;0;0;0;8;15;A01
200900047042;0;10;0;0;0;8;15;A01
200900047042;0;30;0;0;2;1;17;B02
200900047043;0;7;0;0;2;2;1;A01
200900047043;0;2;0;0;2;1;1;B02
200900047044;0;7;0;0;2;2;15;A01
200900047044;0;30;0;0;2;1;1;B02
200900047045;0;7;0;13;0;9;1;A01
200900047046;0;30;0;0;2;1;0;A01
200900047046;0;7;0;0;9;2;0;B01
200900047047;0;7;0;0;2;1;13;A01
200900047047;0;7;0;0;2;1;1;B01
200900047048;0;7;0;0;2;8;13;B01
200900047048;0;7;0;0;2;7;17;A01
200900047049;0;7;0;0;2;2;1;A01
200900047049;0;1;0;0;2;3;13;B01
200900047050;0;7;0;0;0;6;2;B01
200900047050;0;2;0;0;2;1;2;A01
200900047051;0;7;0;0;1;1;0;A01
200900047052;0;2;0;0;2;7;0;B01
200900047052;0;7;0;0;2;3;9;A01
200900047053;0;7;0;0;1;0;0;A01
200900047054;0;34;0;12;0;1;1;A01
200900047055;0;7;0;0;2;2;20;A01
200900047055;0;1;0;0;2;7;1;B01
200900047056;0;7;0;0;2;1;0;B01
200900047056;0;7;0;0;2;1;0;A01
200900047057;0;7;0;0;0;8;0;A01
200900047058;0;7;0;0;2;3;0;A01
200900047058;0;7;0;0;2;1;0;B01
200900047059;0;33;0;0;2;1;1;A01
200900047059;0;1;0;0;2;4;13;B01
200900047060;0;30;0;0;2;2;14;B01
200900047060;0;20;0;0;2;1;23;A01
200900047061;0;7;0;0;1;1;1;A01
200900047062;0;33;0;0;0;0;1;A01
200900047063;0;1;0;0;2;4;1;B01
200900047063;0;7;0;0;9;4;4;A01
200900047064;0;7;0;0;2;3;15;A01
200900047064;0;30;0;0;2;8;1;B01
200900047065;0;7;0;0;1;1;1;A01
200900047066;0;7;0;0;0;0;1;A01
200900047067;0;7;0;0;1;4;0;A01
200900047068;1;7;0;0;1;0;0;A01
200900047069;0;7;0;0;0;0;1;A01
200900047070;0;7;0;0;1;0;1;A01
200900047071;1;7;0;0;0;0;0;A01
200900047071;0;30;0;0;2;1;1;B01
200900047072;0;30;0;0;0;0;1;A01
200900047073;0;30;0;0;0;0;1;A01
200900047074;0;7;0;0;1;1;1;A01
200900047075;0;7;0;0;0;9;14;A01
200900047076;0;7;0;0;2;1;1;B01
200900047076;0;3;0;0;2;1;1;A01
200900047077;0;30;0;0;2;7;1;A01
200900047077;0;7;0;0;2;3;1;B01
200900047078;0;30;0;0;2;1;1;B01
200900047078;0;7;0;0;2;8;16;A01
200900047079;0;2;0;0;2;8;2;B01
200900047079;0;7;0;0;2;8;2;A01
200900047080;0;33;0;0;0;8;1;A01
200900047081;0;7;0;0;2;1;1;B01
200900047081;0;1;0;0;2;8;15;A01
200900047082;0;2;0;0;2;8;2;B01
200900047082;0;7;0;0;2;7;16;A01
200900047083;0;10;0;0;2;1;1;A01
200900047083;0;7;0;0;2;5;15;B01
200900047084;0;10;0;8;0;7;1;A01
200900047085;0;7;0;0;2;5;16;A01
200900047085;0;1;0;0;2;1;1;B01
200900047086;0;7;0;0;1;2;1;A01
200900047087;0;7;0;0;2;0;9;A01
200900047087;0;31;0;0;2;0;1;B01
200900047088;0;7;0;0;2;7;1;B01
200900047088;0;2;0;0;2;3;16;A01
200900047089;0;7;0;0;2;0;0;B01
200900047089;0;7;0;0;2;3;0;A01
200900047090;0;30;0;0;2;8;1;A01
200900047090;0;7;0;0;2;8;1;B01
200900047091;0;7;0;0;2;2;1;A01
200900047091;0;1;0;0;2;1;1;B01
200900047092;0;1;0;0;0;4;2;A01
200900047092;0;7;0;0;2;1;2;B01
200900047093;0;1;0;0;2;8;1;B01
200900047093;0;7;0;0;2;7;22;A01
200900047094;0;7;0;0;0;0;20;A01
200900047094;0;31;0;0;0;0;21;B01
200900047095;0;30;0;0;2;2;1;B01
200900047095;0;7;0;0;2;8;9;A01
200900047096;0;7;0;0;2;1;15;A01
200900047096;0;7;0;0;2;7;1;B01
200900047097;0;7;0;0;2;1;1;A01
200900047098;0;7;0;0;2;1;1;A01
200900047098;0;7;0;0;2;4;1;B01
200900047099;0;38;0;0;1;3;1;A01
200900047100;0;2;0;0;2;2;1;B01
200900047100;0;7;0;0;2;8;20;A01
200900047101;0;2;0;0;2;1;1;B01
200900047101;0;7;0;0;2;1;15;A01
200900047102;0;1;0;0;2;4;1;B01
200900047102;0;7;0;0;2;2;1;A01
200900047103;0;33;0;0;2;1;17;B01
200900047103;0;7;0;0;2;8;10;A01
200900047104;0;10;0;0;2;1;1;A01
200900047104;0;33;0;0;2;4;1;B01
200900047105;0;30;0;0;0;1;0;A01
200900047106;0;7;0;0;1;1;1;A01
200900047107;0;7;0;0;1;3;1;A01
200900047108;0;7;0;0;2;1;0;A01
200900047108;0;7;0;0;2;4;0;B01
200900047109;0;7;0;0;2;4;2;C01
200900047109;0;7;0;0;2;4;2;B01
200900047109;0;7;0;0;2;1;2;A01
200900047110;0;30;0;0;2;1;0;A01
200900047110;0;7;0;0;2;2;0;B01
200900047111;0;1;0;0;2;1;0;B01
200900047111;0;7;0;0;2;2;1;A01
200900047112;0;2;0;0;2;8;16;A01
200900047112;0;7;0;0;2;2;1;B01
200900047113;0;1;0;0;2;2;15;A01
200900047113;0;7;0;0;2;8;1;B01
200900047113;0;7;0;0;0;3;1;C01
200900047114;0;30;0;0;2;0;0;B01
200900047114;0;7;0;0;2;0;1;A01
200900047115;0;7;0;0;2;2;13;A01
200900047115;0;7;0;0;2;6;1;B01
200900047116;0;7;0;2;0;1;1;A01
200900047117;0;2;0;0;2;8;11;A01
200900047117;0;7;0;0;2;2;1;B01
200900047118;0;7;0;9;0;0;0;A01
200900047119;0;31;0;0;2;1;1;B01
200900047119;0;7;0;0;2;8;9;A01
200900047120;0;1;0;0;2;0;1;B01
200900047120;0;7;0;0;2;0;9;A01
200900047121;0;7;0;0;2;4;1;C01
200900047121;0;7;0;0;2;1;1;A01
200900047121;0;7;0;0;2;1;1;B01
200900047122;0;7;0;0;2;3;1;A01
200900047122;0;7;0;0;2;2;1;B01
200900047123;0;7;0;0;2;1;1;A01
200900047123;0;7;0;0;2;3;15;B01
200900047124;1;7;0;0;2;1;0;A01
200900047124;0;7;0;0;2;2;15;B01
200900047125;0;37;5;0;2;1;0;A01
200900047125;0;7;0;0;2;1;15;B01
200900047126;0;7;0;8;0;1;0;A01
200900047127;0;7;0;8;0;1;1;A01
200900047128;0;33;0;0;2;1;1;B01
200900047128;1;7;0;0;0;2;12;A01
200900047129;0;34;0;0;5;2;2;A01
200900047130;0;7;0;0;2;4;23;B01
200900047130;0;7;0;0;2;1;2;A01
200900047131;0;15;0;0;2;2;15;A01
200900047131;0;7;0;0;2;6;1;B01
200900047132;0;7;0;1;0;0;11;A01
200900047132;0;33;0;0;0;8;2;B01
200900047132;0;7;0;0;0;0;23;T01
200900047133;0;7;0;0;1;6;4;A01
200900047134;0;7;0;0;2;1;1;B01
200900047134;0;7;0;0;2;1;15;A01
200900047135;0;7;0;0;1;2;1;A01
200900047136;0;1;0;0;0;4;15;A01
200900047136;0;33;0;0;2;1;2;B01
200900047137;0;7;0;0;2;3;10;B01
200900047137;0;10;0;0;2;2;17;A01
200900047138;0;7;0;0;9;1;2;B01
200900047138;0;2;0;0;2;7;2;A01
200900047139;0;7;0;0;1;1;0;A01
200900047140;0;7;0;0;1;2;1;A01
200900047141;0;7;0;0;2;2;12;A01
200900047141;0;10;0;0;2;3;11;B01
200900047142;0;7;0;0;1;1;9;A01
200900047143;0;7;0;1;0;1;0;A01
200900047144;0;10;0;0;0;3;1;D01
200900047144;0;7;0;0;2;9;1;C01
200900047144;0;7;0;0;2;2;1;A01
200900047144;0;7;0;14;0;6;1;B01
200900047145;0;7;0;0;0;0;0;A01
200900047145;0;7;0;0;0;0;0;B01
200900047146;0;37;0;0;1;1;1;A01
200900047147;0;7;0;0;0;3;1;B01
200900047147;0;7;0;0;0;2;15;A01
200900047148;0;10;0;0;1;1;0;A01
200900047149;0;7;0;0;1;1;1;A01
200900047150;0;7;0;13;0;1;2;A01
200900047151;0;7;0;0;2;1;1;A01
200900047151;0;7;0;0;2;6;1;B01
200900047152;0;7;0;0;0;2;1;A01
200900047152;0;7;0;0;0;3;1;B01
200900047153;0;7;0;0;1;2;1;A01
200900047154;0;7;0;0;1;2;1;A01
200900047155;0;7;0;2;2;1;1;A01
200900047155;0;7;0;1;0;3;1;B01
200900047156;0;2;0;0;2;2;1;B01
200900047156;0;13;0;0;2;1;15;A01
200900047157;0;30;0;0;0;0;1;A01
200900047158;0;33;0;12;0;2;0;A01
200900047159;0;7;0;0;2;1;15;B01
200900047159;0;7;0;0;2;1;1;A01
200900047160;0;7;0;0;2;4;9;A01
200900047160;0;7;0;0;2;1;1;B01
200900047161;0;7;0;0;1;0;0;A01
200900047162;0;7;0;9;0;1;0;A01
200900047163;2;31;0;0;1;0;0;A01
200900047164;0;10;0;0;1;2;1;A01
200900047165;0;7;0;0;1;1;0;A01
200900047166;0;7;0;0;2;2;14;A01
200900047166;0;13;0;0;0;3;24;B01
200900047167;0;14;0;0;2;2;16;A01
200900047167;0;7;0;0;2;3;1;B01
200900047168;0;7;0;0;0;4;1;B01
200900047168;0;7;0;0;0;1;1;A01
200900047169;0;7;0;0;1;1;1;A01
200900047170;0;2;0;0;2;1;1;B01
200900047170;0;7;0;0;2;2;15;A01
200900047171;0;10;0;0;2;1;1;A01
200900047171;0;7;0;0;2;7;15;B01
200900047172;0;2;0;0;0;0;0;A01
200900047173;0;7;0;0;2;2;1;B01
200900047173;0;7;0;0;2;1;1;C01
200900047173;0;7;0;0;0;3;9;A01
200900047174;0;7;0;0;2;1;1;A01
200900047174;0;7;0;0;2;8;15;B01
200900047175;0;7;0;0;2;5;2;B01
200900047175;0;30;0;0;2;8;2;A01
200900047176;1;7;0;0;1;0;0;A01
200900047177;0;1;0;0;2;8;13;A01
200900047177;0;7;0;0;9;7;17;B01
200900047178;0;7;0;0;2;1;2;A01
200900047178;0;14;0;0;0;4;23;B01
200900047179;0;7;0;0;1;3;1;A01
200900047180;0;7;0;0;2;1;2;C01
200900047180;0;7;0;0;2;1;2;B01
200900047180;0;7;0;0;0;4;1;A01
200900047181;0;33;0;0;2;8;15;B01
200900047181;0;7;0;0;2;3;1;A01
200900047182;0;10;0;0;2;3;1;B01
200900047182;0;7;0;0;2;3;1;A01
200900047183;1;7;0;0;1;8;2;A01
200900047184;0;7;0;0;2;1;0;A01
200900047184;0;7;0;0;2;8;2;B01
200900047185;0;7;0;0;1;1;2;A01
200900047186;0;7;0;0;1;1;1;A01
200900047187;1;34;0;0;1;1;0;A01
200900047188;0;7;0;0;0;3;15;A01
200900047188;0;32;0;0;2;1;1;B01
200900047189;0;31;0;0;2;7;1;B01
200900047189;0;7;0;0;2;3;19;A01
200900047190;0;33;0;0;2;6;0;A01
200900047190;0;7;0;0;2;3;0;B01
200900047191;0;7;0;0;2;4;23;C01
200900047191;0;7;0;1;0;6;23;B01
200900047191;0;7;0;1;0;3;15;A01
200900047192;0;14;0;0;1;3;9;A01
200900047193;0;30;0;0;2;8;12;B01
200900047193;0;15;0;0;2;7;12;A01
200900047194;0;37;0;0;1;3;15;A01
200900047195;0;10;0;0;2;1;1;A01
200900047195;0;10;0;0;0;4;1;C01
200900047195;0;10;0;0;2;4;1;B01
200900047196;0;7;0;8;0;3;1;A01
200900047197;0;7;0;8;0;3;0;A01
200900047198;0;30;0;0;0;0;0;B01
200900047198;0;7;0;0;0;0;4;A01
200900047199;0;7;0;0;0;6;23;B01
200900047199;0;7;0;0;2;2;1;A01
200900047200;0;7;0;0;2;4;4;A01
200900047200;0;32;0;0;2;1;2;B01
200900047201;0;7;0;1;0;3;5;A01
200900047202;0;7;0;0;2;1;1;A01
200900047202;0;7;0;0;0;4;1;B01
200900047203;0;7;0;0;0;8;1;A01
200900047203;0;7;0;0;0;1;1;B01
200900047204;0;33;0;0;2;1;1;B01
200900047204;0;10;0;0;0;3;0;A01
200900047205;0;7;0;0;2;2;5;A01
200900047205;0;33;0;0;2;1;0;B01
200900047206;0;7;0;0;1;3;15;A01
200900047207;0;7;0;0;2;6;24;B01
200900047207;0;10;0;1;0;1;1;A01
200900047208;0;7;0;0;2;3;1;B01
200900047208;0;2;0;0;2;7;1;A01
200900047209;0;7;0;0;0;1;1;A01
200900047209;0;7;0;0;0;3;1;B01
200900047210;0;7;0;0;2;4;23;B01
200900047210;0;2;0;0;2;1;17;A01
200900047211;0;13;0;0;1;2;2;A01
200900047212;0;37;0;0;1;8;1;A01
200900047213;0;7;0;12;1;4;4;A01
200900047214;0;7;0;0;2;3;0;B01
200900047214;0;32;0;0;2;7;0;A01
200900047215;0;10;0;0;1;4;4;A01
200900047216;1;7;0;0;1;2;0;A01
200900047217;0;7;0;0;0;3;15;B01
200900047217;0;2;0;0;2;7;17;A01
200900047218;0;7;0;0;1;1;9;A01
200900047219;0;30;0;11;0;7;17;A01
200900047220;0;7;0;0;1;4;4;A01
200900047221;0;7;0;0;2;1;2;B01
200900047221;0;37;10;0;2;4;2;A01
200900047222;1;7;0;0;0;0;0;Z01
200900047222;0;7;0;0;0;4;23;B01
200900047223;0;33;0;1;0;1;15;A01
200900047224;0;33;0;0;1;1;1;A01
200900047225;0;10;0;0;2;1;15;A01
200900047225;0;7;0;0;0;1;2;B01
200900047226;0;34;0;0;2;1;2;B01
200900047226;0;99;0;0;0;5;14;A01
200900047227;0;37;1;0;0;3;0;A01
200900047227;0;7;0;0;0;4;0;B01
200900047228;0;7;0;0;0;1;0;A01
200900047229;0;7;0;0;1;0;2;B01
200900047230;0;7;0;0;0;7;15;A01
200900047230;0;7;0;0;0;1;1;B01
200900047231;0;33;0;0;2;1;0;A01
200900047231;0;7;0;0;2;2;15;B01
200900047232;0;33;0;0;2;8;1;B01
200900047232;0;7;0;0;2;7;10;A01
200900047233;0;7;0;0;0;8;22;A01
200900047233;0;1;0;0;0;0;17;B01
200900047234;0;7;0;1;0;1;1;A01
200900047234;0;13;0;0;2;6;0;B01
200900047235;0;7;0;0;2;7;16;B01
200900047235;0;34;0;0;0;1;12;A01
200900047236;0;7;0;0;1;1;15;A01
200900047237;0;2;0;0;2;7;2;A01
200900047237;0;7;0;9;2;1;2;B01
200900047238;0;7;0;0;0;3;0;A01
200900047239;0;7;0;0;1;1;1;A01
200900047240;0;10;0;0;1;4;20;A01
200900047241;0;34;0;0;0;1;0;A01
200900047241;0;7;0;0;0;2;0;B01
200900047242;0;7;0;0;2;1;0;A01
200900047242;0;7;0;0;2;1;0;B01
200900047243;0;7;0;11;0;1;1;A01
200900047244;0;7;0;0;0;1;2;A01
200900047244;0;7;0;0;0;2;0;B01
200900047245;0;7;0;0;2;3;9;A01
200900047245;0;1;0;0;2;1;1;B01
200900047246;0;7;0;0;2;1;1;A01
200900047246;0;7;0;0;2;3;21;B01
200900047247;0;14;0;0;2;7;9;A01
200900047247;0;7;0;0;2;8;1;B01
200900047248;0;7;0;0;0;8;1;A01
200900047248;0;15;0;0;2;2;12;B01
200900047249;0;7;0;0;2;2;1;A01
200900047249;0;10;0;0;2;6;11;B01
200900047250;0;33;0;0;2;3;1;B01
200900047250;0;7;0;0;2;7;12;A01
200900047251;0;10;0;0;0;0;2;C01
200900047251;0;7;0;0;0;6;2;B01
200900047251;0;33;0;0;2;1;2;A01
200900047252;0;7;0;1;0;1;5;A01
200900047253;0;7;0;0;1;2;0;A01
200900047254;0;7;0;0;0;1;1;A01
200900047254;0;7;0;0;0;7;1;B01
200900047255;0;7;0;0;2;1;1;A01
200900047255;0;10;0;0;0;3;1;B01
200900047256;0;7;0;0;2;3;4;A01
200900047256;0;7;0;0;2;2;1;B01
200900047257;0;33;0;0;1;0;0;A01
200900047257;0;1;0;0;1;0;0;B01
200900047258;0;33;0;0;0;1;1;A01
200900047258;0;7;0;0;0;3;15;B01
200900047259;0;7;0;0;2;3;11;A01
200900047259;0;13;0;0;0;8;0;B01
200900047260;0;7;0;0;0;0;1;A01
200900047261;0;33;0;0;0;1;1;A01
200900047262;0;32;0;0;2;1;17;A01
200900047262;0;7;0;0;2;6;15;B01
200900047263;0;7;0;11;0;1;0;A01
200900047263;0;7;0;0;2;5;12;B01
200900047264;0;7;0;3;0;1;2;A01
200900047264;0;7;0;0;9;1;2;B01
200900047265;0;99;0;0;1;2;1;A01
200900047266;0;37;20;0;2;3;2;B01
200900047266;2;7;0;0;2;2;10;A01
200900047267;0;7;0;0;2;1;11;A01
200900047267;0;32;0;0;2;2;1;B01
200900047268;0;7;0;0;0;0;0;A01
200900047269;0;34;0;0;1;1;0;A01
200900047270;0;7;0;0;0;2;1;A01
200900047270;0;30;0;0;2;1;1;B01
200900047271;2;7;0;0;2;1;2;B01
200900047271;0;7;0;0;2;4;2;A01
200900047272;0;7;0;0;1;2;9;A01
200900047273;0;7;0;0;2;5;2;A01
200900047273;0;7;0;0;2;1;9;B01
200900047274;0;30;0;0;2;7;1;A01
200900047274;0;1;0;0;2;8;1;B01
200900047275;0;2;0;0;5;7;1;A01
200900047276;0;7;0;0;1;2;1;A01
200900047277;0;33;0;0;2;1;1;B01
200900047277;0;7;0;0;2;3;11;A01
200900047278;0;7;0;0;2;6;2;B01
200900047278;0;7;0;5;2;3;2;A01
200900047279;0;32;0;0;2;1;1;B02
200900047279;1;7;0;0;2;3;15;A01
200900047280;0;7;0;0;2;1;2;A01
200900047280;0;7;0;0;0;4;2;B01
200900047281;0;7;0;0;2;8;19;A01
200900047281;0;7;0;0;2;1;1;B02
200900047282;0;10;0;0;2;1;1;B02
200900047282;0;7;0;0;2;1;1;A01
200900047283;0;31;0;0;2;1;1;A01
200900047284;0;30;0;0;0;0;1;A01
200900047285;0;7;0;0;2;4;1;B01
200900047285;0;7;0;0;2;1;1;A01
200900047286;0;7;0;2;0;3;1;A01
200900047287;0;31;0;0;2;1;1;B02
200900047287;0;7;0;0;2;2;19;A01
200900047288;0;7;0;0;5;1;21;A01
200900047289;0;30;0;0;1;1;1;A01
200900047290;0;7;0;0;1;2;1;A01
200900047291;0;2;0;0;2;0;23;A01
200900047291;0;7;0;0;2;1;1;B02
200900047292;1;7;0;0;1;1;1;A01
200900047292;0;1;0;0;2;8;13;B02
200900047293;0;7;0;0;0;1;17;B02
200900047293;0;7;0;0;0;3;1;A01
200900047294;0;7;0;0;2;4;2;C01
200900047294;0;7;0;0;2;1;2;A01
200900047294;0;7;0;0;2;4;2;D01
200900047294;0;10;0;0;2;4;2;B01
200900047295;0;2;0;8;0;1;1;A01
200900047296;0;17;0;0;2;2;17;B02
200900047296;0;7;0;0;2;6;2;A01
200900047297;0;7;0;0;0;8;1;A01
200900047298;0;7;0;0;0;8;9;B02
200900047298;0;1;0;0;2;1;1;A01
200900047299;0;7;0;0;2;1;1;B02
200900047299;0;7;0;0;2;1;13;A01
200900047300;0;7;0;2;0;5;15;A01
200900047301;0;7;0;0;2;2;1;B02
200900047301;0;7;0;0;2;5;11;A01
200900047302;0;7;0;0;0;2;15;A01
200900047302;0;7;0;0;0;1;1;B02
200900047303;2;7;0;2;0;3;1;A01
200900047304;0;7;0;0;2;1;1;B02
200900047304;0;10;0;0;2;7;19;A01
200900047305;0;7;0;0;2;1;0;B02
200900047305;0;7;0;0;2;7;13;A01
200900047306;0;7;0;0;2;8;13;B02
200900047306;0;7;0;0;2;8;21;A01
200900047307;0;7;0;1;1;1;20;A01
200900047308;0;7;0;2;0;3;1;A01
200900047309;0;1;0;0;2;4;2;A01
200900047309;0;7;0;0;2;2;2;B02
200900047310;0;10;0;2;0;3;13;A01
200900047311;0;7;0;3;0;1;19;A01
200900047312;0;7;0;0;2;2;15;A01
200900047312;0;7;0;0;2;1;1;B01
200900047313;0;7;0;0;0;4;2;C01
200900047313;0;7;0;0;2;4;2;B01
200900047313;0;10;0;0;2;1;2;A01
200900047314;0;7;0;9;0;1;6;A01
200900047315;0;7;0;2;0;7;15;A01
200900047316;0;1;0;0;2;1;1;B01
200900047316;0;7;0;0;2;6;16;A01
200900047317;0;7;0;0;1;8;1;A01
200900047318;0;31;0;0;2;1;1;B01
200900047318;0;7;0;0;2;1;15;A01
200900047319;0;7;0;0;0;0;13;A01
200900047319;0;32;0;0;0;0;1;B01
200900047320;0;10;0;0;2;8;1;A01
200900047320;0;31;0;0;2;1;1;B01
200900047321;0;7;0;0;2;2;16;A01
200900047321;0;31;0;0;2;1;1;B01
200900047322;0;33;0;0;2;8;1;A01
200900047322;0;7;0;0;2;1;1;B01
200900047323;0;7;0;9;2;8;24;B01
200900047323;0;7;0;1;0;1;1;A01
200900047324;0;2;0;0;2;7;1;B01
200900047324;0;7;0;0;2;3;9;A01
200900047325;0;30;0;15;0;3;0;A01
200900047326;0;2;0;0;2;1;1;B01
200900047326;0;7;0;0;2;2;15;A01
200900047327;0;31;0;0;2;3;3;A01
200900047327;0;7;0;0;2;6;1;B01
200900047328;0;7;0;0;2;4;2;B01
200900047328;0;7;0;0;2;1;1;A01
200900047329;0;7;0;0;1;5;1;A01
200900047330;0;7;0;0;1;6;4;A01
200900047331;0;7;0;0;2;3;15;B01
200900047331;0;30;0;0;2;1;17;A01
200900047332;0;7;0;0;2;1;5;A01
200900047332;0;7;0;0;2;4;24;D01
200900047332;0;7;0;0;2;6;24;C01
200900047332;0;7;0;0;2;4;24;E01
200900047332;0;37;3;1;2;1;8;B01
200900047333;0;37;1;0;1;2;1;A01
200900047334;0;7;0;0;2;2;15;A01
200900047334;0;2;0;0;2;1;1;B01
200900047335;0;34;0;0;1;1;1;A01
200900047335;0;7;0;0;2;2;1;B01
200900047336;0;10;0;0;0;0;0;A01
200900047337;0;7;0;0;2;6;1;B01
200900047337;0;2;0;0;2;1;1;A01
200900047338;0;33;0;0;0;0;0;B01
200900047338;0;7;0;0;0;1;0;A01
200900047339;1;30;0;0;1;0;0;B01
200900047339;0;37;46;0;1;5;1;A01
200900047340;0;31;0;0;0;8;0;A01
200900047341;0;33;0;0;2;1;1;B01
200900047341;0;7;0;0;2;2;15;A01
200900047342;0;99;0;0;2;1;1;B01
200900047342;0;7;0;0;2;1;1;A01
200900047343;0;30;0;12;0;7;1;A01
200900047344;2;2;0;0;1;1;1;A01
200900047345;0;33;0;0;2;7;17;A01
200900047345;0;7;0;0;2;3;15;B01
200900047346;0;7;0;0;2;3;15;A01
200900047346;0;34;0;0;2;2;15;B01
200900047347;0;7;0;0;2;6;11;A01
200900047347;0;33;0;0;2;1;1;B01
200900047348;0;30;0;0;2;1;1;A01
200900047348;0;7;0;0;2;3;15;B01
200900047349;0;7;0;10;0;1;0;A01
200900047350;0;30;0;0;0;0;1;B01
200900047350;0;20;0;0;0;3;1;A01
200900047351;1;30;0;0;1;1;0;A01
200900047352;0;33;0;0;2;4;15;B01
200900047352;0;32;0;0;2;5;1;A01
200900047353;0;7;0;0;2;1;1;A01
200900047353;0;7;0;0;2;3;1;B01
200900047354;0;14;0;0;0;0;1;A01
200900047354;0;31;0;0;0;0;1;B01
200900047355;0;37;1;0;1;7;1;A01
200900047356;0;33;0;0;2;2;17;A01
200900047356;0;7;0;0;2;8;15;B01
200900047357;0;10;0;0;2;8;15;C01
200900047357;0;10;0;0;2;1;2;A01
200900047357;0;7;0;0;2;4;23;B01
200900047358;0;33;0;0;0;7;15;A01
200900047359;0;31;0;0;2;2;1;B01
200900047359;0;7;0;0;2;3;15;A01
200900047360;0;7;0;0;2;1;1;A01
200900047360;0;31;0;0;2;4;23;B01
200900047361;0;7;0;0;1;1;1;A01
200900047362;0;7;0;0;1;5;1;A01
200900047363;0;7;0;0;1;2;1;A01
200900047364;0;7;0;0;1;5;1;A01
200900047365;0;7;0;11;0;3;6;A01
200900047366;0;32;0;0;2;2;0;B01
200900047366;0;14;0;0;9;5;23;A01
200900047367;0;33;0;0;0;0;1;A01
200900047368;0;34;0;0;0;8;1;A01
200900047368;0;7;0;0;0;0;4;B01
200900047369;0;7;0;0;1;3;1;A01
200900047370;0;2;0;0;0;0;15;B01
200900047370;0;7;0;0;2;0;1;A01
200900047371;0;31;0;0;2;8;2;B01
200900047371;0;7;0;0;2;2;12;A01
200900047372;0;33;0;6;0;1;1;A01
200900047373;0;7;0;0;1;3;15;A01
200900047374;0;7;0;1;2;1;1;A01
200900047374;0;7;0;0;2;5;15;B01
200900047375;0;32;0;0;2;3;0;A01
200900047375;0;7;0;0;0;6;0;B01
200900047376;0;32;0;0;1;1;1;A01
200900047377;0;7;0;0;2;6;15;A01
200900047377;0;33;0;0;2;1;17;B01
200900047378;0;33;0;0;2;1;2;A01
200900047378;0;7;0;0;2;4;2;B01
200900047379;0;7;0;0;2;6;2;B01
200900047379;0;7;0;0;2;1;1;C01
200900047379;0;7;0;0;2;2;9;A01
200900047380;0;33;0;3;2;8;1;A01
200900047380;0;7;0;0;2;5;12;B01
200900047381;0;7;0;4;0;3;2;A01
200900047382;0;34;0;0;2;3;3;A01
200900047382;0;7;0;0;0;7;12;B01
200900047383;0;7;0;0;2;5;1;B01
200900047383;0;33;0;0;2;1;11;A01
200900047384;0;31;0;0;2;7;1;B01
200900047384;0;7;0;0;2;6;12;A01
200900047385;0;7;0;0;2;8;11;A01
200900047385;0;33;0;0;2;7;1;B01
200900047386;0;32;0;0;2;7;3;A01
200900047386;0;7;0;0;2;5;12;B01
200900047387;0;7;0;0;2;5;2;B01
200900047387;0;33;0;0;2;1;2;A01
200900047388;0;33;0;0;0;7;0;A01
200900047389;0;33;0;0;0;7;9;A01
200900047390;0;33;0;0;2;1;21;A01
200900047390;0;7;0;0;2;5;1;B01
200900047390;0;7;0;0;0;0;12;C01
200900047391;0;33;0;0;2;1;2;A01
200900047391;0;7;0;0;0;4;2;B01
200900047392;0;7;0;0;2;1;2;A01
200900047392;0;7;0;0;0;4;2;B01
200900047393;0;7;0;0;0;4;0;B01
200900047393;0;33;0;0;2;1;0;A01
200900047394;0;33;0;5;0;0;3;A01
200900047394;0;7;0;0;0;0;1;B01
200900047395;0;34;0;0;2;7;1;B01
200900047395;0;7;0;0;2;8;11;A01
200900047396;0;7;0;0;2;3;9;C01
200900047396;0;7;0;0;2;2;2;B01
200900047396;0;7;0;3;2;2;13;A01
200900047397;0;7;0;0;2;4;2;B01
200900047397;0;7;0;0;2;1;2;A01
200900047398;0;33;0;0;0;0;0;A01
200900047399;0;7;0;0;2;2;12;A01
200900047399;0;31;0;0;2;3;3;B01
200900047400;0;33;0;0;2;1;21;A01
200900047400;0;7;0;0;2;6;13;B01
200900047401;0;7;0;0;0;4;2;C01
200900047401;0;7;0;0;2;1;2;A01
200900047401;0;7;0;0;2;4;2;B01
200900047402;0;33;0;1;0;2;18;A01
200900047402;0;7;0;0;2;6;24;B01
200900047403;0;2;0;0;2;1;1;B01
200900047403;0;7;0;0;2;2;15;A01
200900047404;0;33;0;0;2;1;17;B01
200900047404;0;7;0;0;2;3;19;A01
200900047405;0;7;0;1;0;1;20;A01
200900047406;0;10;0;0;1;8;16;A01
200900047407;0;7;0;0;2;1;14;A01
200900047407;0;7;0;0;2;4;1;B01