num_acc;senc;catv;occutc;obs;obsm;choc;manv;num_veh
200900047408;0;7;0;0;1;3;1;A01
200900047409;0;7;0;0;2;4;1;B01
200900047409;0;7;0;0;2;1;1;A01
200900047410;0;7;0;0;2;2;16;A01
200900047410;0;31;0;0;2;0;16;B01
200900047411;0;37;1;0;1;3;1;A01
200900047412;0;33;0;0;0;2;1;B01
200900047412;0;7;0;1;2;3;0;A01
200900047413;0;30;0;0;2;1;17;A01
200900047413;0;7;0;0;2;3;23;C01
200900047413;0;10;0;0;2;3;10;B01
200900047414;0;7;0;0;2;4;23;B01
200900047414;0;7;0;0;2;3;23;C01
200900047414;0;7;0;0;2;1;2;A01
200900047415;0;33;0;0;2;2;0;A01
200900047415;0;7;0;0;0;6;0;B01
200900047416;0;7;0;0;2;3;1;B01
200900047416;0;7;0;0;2;3;17;A01
200900047416;0;7;0;0;2;6;1;C01
200900047416;0;7;0;0;2;3;24;D01
200900047417;0;34;0;0;0;1;0;A01
200900047417;0;7;0;0;0;4;23;B01
200900047418;0;7;0;9;2;2;1;A01
200900047419;0;31;0;0;1;8;0;A01
200900047420;0;32;0;0;0;2;0;A01
200900047421;0;1;0;0;2;1;19;A01
200900047421;0;7;0;0;2;5;15;B01
200900047422;0;1;0;0;1;1;1;A01
200900047423;0;7;0;0;1;2;1;A01
200900047424;0;7;0;0;1;1;0;A01
200900047425;0;30;0;0;2;1;1;B01
200900047425;0;7;0;0;2;4;9;A01
200900047426;0;30;0;0;0;8;15;A01
200900047427;0;7;0;0;0;2;15;A01
200900047427;0;33;0;0;0;3;1;B01
200900047428;0;7;0;0;0;4;1;B01
200900047428;0;30;0;0;2;1;2;A01
200900047429;0;7;0;0;2;4;23;B01
200900047429;0;2;0;0;2;1;1;A01
200900047430;0;33;0;12;0;1;1;A01
200900047431;0;10;0;1;2;1;14;A01
200900047432;0;2;0;0;2;8;15;A01
200900047432;0;31;0;0;2;7;1;B01
200900047433;0;1;0;0;2;1;18;B01
200900047433;0;7;0;0;2;2;22;A01
200900047434;0;1;0;1;0;1;1;A01
200900047434;0;7;0;0;0;8;24;B01
200900047435;0;7;0;0;2;6;20;A01
200900047435;0;2;0;0;2;7;1;B01
200900047436;0;7;0;0;1;1;1;A01
200900047437;0;10;0;0;2;8;21;B01
200900047437;0;32;0;0;2;2;0;A01
200900047438;0;33;0;0;2;1;1;A01
200900047438;0;7;0;0;2;6;1;B01
200900047439;0;7;0;0;2;7;15;A01
200900047439;0;33;0;0;2;7;1;B01
200900047440;0;7;0;0;0;4;4;A01
200900047441;0;7;0;0;2;2;9;A01
200900047441;0;33;0;0;2;5;1;B01
200900047442;0;10;0;0;2;8;10;A01
200900047442;0;33;0;0;2;1;1;B01
200900047443;0;32;0;0;2;1;1;B01
200900047443;0;7;0;0;2;3;15;A01
200900047444;0;32;0;0;1;1;1;A01
200900047445;0;31;0;0;2;1;1;B01
200900047445;0;14;0;0;2;2;1;A01
200900047446;0;33;0;0;1;0;1;A01
200900047447;0;7;0;9;0;0;1;A01
200900047448;0;32;0;0;1;1;1;A01
200900047449;0;32;0;0;0;7;1;A01
200900047450;0;33;0;0;2;7;1;A01
200900047451;0;31;0;0;2;8;2;B01
200900047451;0;7;0;0;2;7;12;A01
200900047452;0;2;0;0;0;0;1;A01
200900047452;0;7;0;0;0;0;1;B01
200900047453;0;31;0;0;0;0;1;A01
200900047454;0;7;0;0;1;3;1;A01
200900047455;0;33;0;0;1;1;1;A01
200900047456;0;7;0;0;0;3;11;A01
200900047456;0;33;0;0;2;1;1;B01
200900047457;1;10;0;0;1;2;1;A01
200900047458;0;30;0;0;2;0;3;A01
200900047458;0;7;0;0;2;3;23;C01
200900047458;0;7;0;0;2;5;23;B01
200900047459;0;7;0;0;2;6;24;B01
200900047459;0;2;0;1;0;1;21;A01
200900047460;0;7;0;0;2;2;0;B01
200900047460;0;10;0;0;2;6;0;A01
200900047461;0;7;0;0;2;2;2;B01
200900047461;0;7;0;0;2;1;2;A01
200900047462;0;32;0;0;0;1;1;A01
200900047463;0;14;0;0;2;4;1;B01
200900047463;0;7;0;0;2;1;1;A01
200900047464;0;32;0;0;0;1;1;A01
200900047465;0;7;0;0;2;5;2;B01
200900047465;0;2;0;0;2;5;2;A01
200900047466;0;33;0;0;0;7;0;A01
200900047467;0;32;0;0;0;0;1;B01
200900047467;0;14;0;0;0;0;15;A01
200900047468;0;10;0;0;2;1;1;A01
200900047468;0;7;0;0;0;4;21;B01
200900047469;0;1;0;0;2;2;1;A01
200900047469;0;7;0;0;2;3;15;B01
200900047470;0;10;0;0;0;0;1;A01
200900047471;0;7;0;0;2;2;2;A01
200900047471;0;1;0;0;2;6;2;B01
200900047472;0;7;0;0;1;8;1;A01
200900047473;0;7;0;0;2;3;1;B01
200900047473;0;7;0;0;2;1;15;A01
200900047474;0;7;0;0;2;3;15;A01
200900047475;0;7;0;0;2;1;6;A01
200900047475;0;34;0;0;0;0;1;B01
200900047476;0;3;0;0;2;6;2;B01
200900047476;0;33;0;0;2;7;2;A01
200900047476;0;7;0;0;2;6;1;C01
200900047476;0;7;0;0;2;6;2;D01
200900047477;0;30;0;0;2;8;20;B01
200900047477;1;33;0;0;2;1;1;A01
200900047478;0;33;0;0;2;2;1;A01
200900047478;0;7;0;0;2;1;15;B01
200900047479;0;1;0;0;2;8;1;B01
200900047479;0;7;0;0;2;1;1;A01
200900047480;0;31;0;0;2;3;1;B01
200900047480;0;7;0;0;2;5;16;A01
200900047481;0;7;0;0;1;1;1;A01
200900047482;0;7;0;0;2;7;10;A01
200900047482;0;33;0;0;2;1;1;B01
200900047483;0;1;0;0;2;1;17;B01
200900047483;0;7;0;0;2;3;9;A01
200900047484;0;7;0;0;2;7;1;A01
200900047484;0;31;0;0;2;8;15;B01
200900047485;1;2;0;0;2;1;5;A01
200900047485;0;20;0;0;2;8;1;B01
200900047486;0;7;0;0;2;2;1;B01
200900047486;0;1;0;0;2;3;19;A01
200900047487;0;7;0;0;2;5;1;A01
200900047487;0;30;0;0;2;8;2;B01
200900047488;0;7;0;0;2;1;1;A01
200900047488;0;10;0;1;0;4;23;B01
200900047489;0;7;0;0;2;3;20;A01
200900047489;0;32;0;0;2;1;1;B01
200900047490;0;7;0;0;2;1;2;A01
200900047490;0;7;0;0;2;4;15;B01
200900047491;0;30;0;0;1;2;1;A01
200900047492;0;10;0;0;2;2;1;A01
200900047492;0;7;0;0;0;3;16;B01
200900047493;0;7;0;0;1;3;1;A01
200900047494;0;7;0;0;2;1;2;A01
200900047494;0;7;0;0;2;4;2;B01
200900047495;0;7;0;0;2;2;17;A01
200900047495;0;7;0;0;0;6;0;B01
200900047496;0;7;0;0;1;3;1;A01
200900047497;0;99;0;0;2;2;15;A01
200900047497;0;32;0;0;2;1;1;B01
200900047498;0;13;0;0;0;6;2;B01
200900047498;0;13;0;0;2;4;0;A01
200900047499;0;7;0;0;0;2;1;B01
200900047499;0;2;0;0;0;3;1;A01
200900047499;0;7;0;0;0;0;1;C01
200900047500;0;7;0;0;2;2;12;B01
200900047500;0;10;0;0;0;6;1;C01
200900047500;0;32;0;0;2;8;21;A01
200900047501;0;7;0;0;1;2;0;A01
200900047502;0;7;0;0;2;2;2;A01
200900047502;0;7;0;0;2;3;2;B01
200900047503;0;7;0;0;9;8;2;A01
200900047503;0;30;0;0;2;1;2;B01
200900047504;0;7;0;0;0;2;0;B01
200900047504;0;30;0;0;0;1;0;A01
200900047505;0;7;0;0;1;3;0;A01
200900047506;0;7;0;0;1;2;2;A01
200900047507;0;7;0;0;2;0;15;A01
200900047507;0;7;0;0;2;2;1;B01
200900047508;0;33;0;0;2;1;2;A01
200900047508;0;10;0;0;2;4;1;B01
200900047509;0;7;0;0;2;3;20;A01
200900047509;0;30;0;0;2;1;1;B01
200900047510;0;33;0;0;0;0;0;A01
200900047511;0;7;0;0;2;4;4;A01
200900047511;0;2;0;0;2;1;2;B01
200900047512;0;33;0;0;2;0;1;A01
200900047512;1;10;0;0;2;5;0;B01
200900047513;2;30;0;0;1;1;0;A01
200900047514;0;30;0;0;0;0;0;A01
200900047515;0;7;0;0;2;3;1;A01
200900047515;0;7;0;0;2;2;1;B01
200900047516;0;33;0;0;2;1;1;A01
200900047516;0;7;0;0;2;8;1;B01
200900047517;0;34;0;0;2;1;1;A01
200900047517;0;7;0;0;2;6;23;B01
200900047518;0;7;0;0;2;5;17;B01
200900047518;0;1;0;0;2;3;17;A01
200900047519;0;10;0;0;2;2;1;A01
200900047519;0;7;0;0;2;4;23;B01
200900047520;0;7;0;0;2;2;1;A01
200900047521;0;7;0;0;2;4;23;B01
200900047521;0;7;0;0;2;1;1;A01
200900047522;0;32;0;0;2;1;0;B01
200900047522;0;20;0;0;2;8;0;A01
200900047523;0;2;0;0;2;8;1;A01
200900047523;0;13;0;0;2;3;1;B01
200900047524;0;10;0;0;2;0;15;B01
200900047524;0;32;0;0;2;7;1;A01
200900047525;0;7;0;0;1;1;15;A01
200900047526;0;7;0;0;2;7;0;A01
200900047526;0;7;0;0;2;1;0;B01
200900047527;0;2;0;0;2;2;0;A01
200900047527;0;33;0;0;2;8;0;B01
200900047528;0;7;0;0;1;1;0;A01
200900047529;0;7;0;0;1;3;0;A01
200900047530;0;30;0;0;2;2;15;A01
200900047530;0;7;0;0;2;3;0;B01
200900047531;0;33;0;0;2;8;1;B01
200900047531;0;7;0;0;2;2;15;A01
200900047532;0;34;0;0;2;8;0;A01
200900047532;0;15;0;0;2;7;0;B01
200900047533;0;7;0;0;2;8;2;A01
200900047533;0;2;0;0;2;7;0;B01
200900047534;0;30;0;0;1;1;1;B01
200900047534;0;31;0;0;2;1;15;A01
200900047535;0;33;0;0;2;3;1;B01
200900047535;0;7;0;0;2;7;19;A01
200900047536;0;33;0;0;1;0;2;A01
200900047537;0;10;0;0;1;3;2;A01
200900047538;0;32;0;0;2;1;1;B01
200900047538;0;30;0;0;2;1;15;A01
200900047539;0;1;0;0;1;1;17;A01
200900047540;0;7;0;0;2;3;15;A01
200900047540;0;33;0;0;2;1;1;B01
200900047541;0;1;0;0;2;9;0;B01
200900047541;0;14;0;0;9;7;16;A01
200900047542;0;33;0;0;2;1;2;A01
200900047542;0;10;0;0;2;4;16;B01
200900047543;0;7;0;0;1;1;1;A01
200900047544;1;7;0;0;0;0;0;A01
200900047545;0;33;0;0;2;3;18;A01
200900047545;0;7;0;0;2;7;16;B01
200900047546;0;37;0;0;1;2;16;A01
200900047547;0;32;0;0;2;8;2;A01
200900047547;0;7;0;0;2;1;15;B01
200900047548;0;7;0;15;0;0;0;A01
200900047549;0;7;0;9;1;3;2;A01
200900047550;0;7;0;0;2;8;1;A01
200900047551;0;7;0;0;2;1;1;A01
200900047551;0;13;0;0;2;4;2;B01
200900047552;0;7;0;0;2;4;1;B01
200900047552;0;7;0;0;2;1;1;C01
200900047552;0;7;0;0;1;4;1;A01
200900047553;0;7;0;0;2;1;1;A01
200900047553;0;7;0;0;2;5;1;B01
200900047554;0;7;0;0;2;3;1;B01
200900047554;0;7;0;0;2;8;19;A01
200900047555;0;38;1;0;2;1;1;A01
200900047555;0;7;0;0;0;4;1;B01
200900047556;0;7;0;0;1;1;0;A01
200900047557;0;7;0;0;0;3;19;A01
200900047557;0;30;0;0;0;1;1;B01
200900047558;0;7;0;0;2;3;15;A01
200900047558;0;30;0;0;2;7;17;B01
200900047559;0;7;0;0;2;1;1;B01
200900047559;0;7;0;0;2;2;15;A01
200900047560;0;10;0;5;0;1;1;A01
200900047561;0;7;0;0;0;0;0;A01
200900047562;0;7;0;0;1;2;2;A01
200900047563;0;7;0;0;2;1;1;B01
200900047563;0;7;0;1;2;3;2;A01
200900047564;0;7;0;0;0;0;0;A01
200900047564;0;7;0;0;0;0;0;B01
200900047565;0;32;0;0;2;2;17;B01
200900047565;0;7;0;0;2;3;15;A01
200900047566;0;7;0;0;1;1;1;A01
200900047567;0;7;0;0;1;3;1;A01
200900047568;0;7;0;9;2;2;2;B01
200900047568;0;7;0;9;2;4;10;A01
200900047569;0;7;0;0;2;3;24;A01
200900047569;0;1;0;1;0;0;1;B01
200900047570;0;7;0;1;0;1;2;B01
200900047570;0;7;0;2;0;4;0;A01
200900047571;0;7;0;0;0;0;0;A01
200900047571;0;33;0;0;0;0;0;B01
200900047572;0;7;0;0;2;1;2;A01
200900047572;0;7;0;0;2;6;2;B01
200900047573;0;7;0;0;1;1;0;A01
200900047574;0;7;0;0;0;7;15;B01
200900047574;0;7;0;0;0;3;1;A01
200900047575;0;7;0;15;0;1;15;A01
200900047576;0;30;0;0;2;7;17;A01
200900047576;0;7;0;0;2;3;15;B01
200900047577;0;7;0;0;0;4;0;A01
200900047577;0;31;0;3;0;1;12;B01
200900047578;0;7;0;0;2;3;2;B01
200900047578;0;7;0;0;0;6;23;A01
200900047578;0;7;0;0;0;5;23;C01
200900047579;0;7;0;0;1;3;1;A01
200900047580;0;15;0;0;2;1;21;C01
200900047580;0;15;0;0;0;5;1;B01
200900047580;0;7;0;0;2;1;11;A01
200900047580;0;7;0;0;2;1;1;D01
200900047581;0;7;0;0;2;8;1;A01
200900047581;0;15;0;0;2;2;12;B01
200900047582;0;7;0;0;1;1;1;A01
200900047583;0;38;82;0;2;4;2;D01
200900047583;0;7;0;0;2;1;2;F01
200900047583;0;7;0;0;2;4;2;C01
200900047583;0;7;0;0;2;1;2;B01
200900047583;0;38;54;0;2;1;2;E01
200900047583;0;7;0;0;0;4;2;A02
200900047584;0;7;0;0;1;1;1;A01
200900047585;0;7;0;0;0;1;1;C01
200900047585;0;15;0;0;0;3;12;A01
200900047585;0;7;0;0;0;5;1;B01
200900047586;0;7;0;0;1;3;0;A01
200900047587;0;7;0;0;2;2;5;A01
200900047587;0;30;0;0;2;1;1;B01
200900047588;0;30;0;2;0;1;1;A01
200900047589;0;7;0;0;1;2;1;A01
200900047590;0;7;0;1;0;1;2;A01
200900047590;0;7;0;0;1;4;0;B01
200900047591;0;7;0;0;1;4;4;A01
200900047592;0;7;0;15;0;2;14;A01
200900047593;0;7;0;0;2;1;2;A01
200900047593;0;7;0;0;0;4;13;B01
200900047594;0;7;0;0;1;3;1;A01
200900047595;0;7;0;0;2;4;1;A01
200900047595;0;7;0;0;2;1;1;B01
200900047596;0;2;0;0;2;1;17;A01
200900047596;0;10;0;0;2;8;9;B01
200900047597;0;7;0;0;1;4;0;B01
200900047597;0;7;0;0;0;1;2;A01
200900047598;0;7;0;0;1;1;2;A01
200900047599;1;7;0;0;1;1;0;A01
200900047600;0;7;0;0;2;1;2;B01
200900047600;0;7;0;0;2;4;15;A01
200900047601;0;34;0;0;0;3;1;B01
200900047601;0;7;0;0;0;7;12;A01
200900047602;0;7;0;0;1;3;0;A01
200900047603;0;7;0;0;2;1;1;A01
200900047603;0;7;0;0;2;8;16;B01
200900047604;0;7;0;0;1;2;9;A01
200900047605;0;33;0;0;2;1;1;B01
200900047605;0;7;0;0;2;7;19;A01
200900047606;0;30;0;1;0;3;1;A01
200900047607;0;32;0;0;1;7;3;A01
200900047608;0;33;0;0;0;3;2;A01
200900047609;0;30;0;0;2;8;18;A01
200900047609;0;10;0;0;2;7;14;B01
200900047610;0;7;0;0;0;3;1;B01
200900047610;0;7;0;0;2;1;0;A01
200900047611;0;7;0;0;1;2;1;A01
200900047612;0;7;0;2;0;9;1;A01
200900047613;0;2;0;0;0;2;2;A01
200900047613;0;7;0;0;0;3;2;B01
200900047614;0;7;0;14;0;9;2;A01
200900047615;0;34;0;0;2;1;3;A01
200900047615;0;10;0;0;2;6;1;B01
200900047616;0;7;0;0;2;3;15;B01
200900047616;0;30;0;0;2;1;2;A01
200900047617;0;37;0;0;0;4;2;B01
200900047617;0;30;0;0;2;1;2;A01
200900047618;0;2;0;15;0;1;2;A01
200900047619;0;7;0;0;2;5;0;A01
200900047619;0;7;0;0;2;2;0;B01
200900047620;2;7;0;2;0;1;1;A01
200900047621;0;7;0;0;1;1;1;A01
200900047622;0;7;0;8;0;1;0;A01
200900047623;0;7;0;0;2;7;0;A01
200900047623;0;34;0;0;2;1;0;B01
200900047624;0;17;0;0;0;0;2;B01
200900047624;0;7;0;0;1;7;2;A01
200900047625;0;7;0;0;2;1;2;A01
200900047625;0;7;0;0;2;3;15;B01
200900047626;0;7;0;0;2;1;1;A01
200900047626;0;1;0;0;2;7;1;B01
200900047627;0;2;0;0;2;1;0;B01
200900047627;0;10;0;0;2;2;15;A01
200900047628;0;32;0;0;2;3;0;B01
200900047628;0;7;0;0;2;7;1;C01
200900047629;0;7;0;0;2;3;9;A01
200900047629;0;33;0;0;2;2;1;B01
200900047630;0;7;0;0;9;6;10;A01
200900047630;0;1;0;0;2;1;2;B01
200900047631;0;7;0;0;1;1;1;A01
200900047632;0;7;0;0;2;3;1;A01
200900047632;0;7;0;0;2;2;16;B01
200900047633;0;7;0;0;2;3;9;A01
200900047633;0;7;0;0;2;5;21;C01
200900047633;0;33;0;0;2;1;2;B01
200900047633;0;7;0;0;2;3;2;D01
200900047634;0;7;0;14;0;9;6;A01
200900047635;0;99;0;0;2;3;1;A01
200900047635;0;37;2;0;2;2;0;B01
200900047636;0;33;0;0;2;1;1;B01
200900047636;0;7;0;0;2;3;9;A01
200900047637;0;7;0;0;2;0;2;A01
200900047638;0;7;0;0;2;2;0;A01
200900047638;0;7;0;0;2;3;0;B01
200900047639;1;30;0;0;1;1;10;A01
200900047640;0;2;0;0;2;7;2;B01
200900047640;0;7;0;0;2;3;15;A01
200900047641;0;37;1;0;2;1;2;A01
200900047641;0;10;0;0;2;4;2;B01
200900047642;0;37;0;0;0;3;19;B01
200900047642;0;7;0;0;0;2;15;A01
200900047643;0;7;0;0;2;6;0;B01
200900047643;0;37;0;0;2;3;2;A01
200900047644;0;7;0;0;0;1;1;B01
200900047644;0;7;0;0;0;1;15;A01
200900047645;0;7;0;0;0;5;15;B01
200900047645;0;7;0;0;2;1;1;A01
200900047646;0;7;0;0;0;3;2;A01
200900047647;0;7;0;0;0;4;1;B01
200900047647;0;7;0;0;2;1;12;A01
200900047648;0;7;0;0;0;6;23;C01
200900047648;0;7;0;0;0;8;1;B01
200900047648;0;7;0;1;2;2;3;A01
200900047649;2;7;0;0;2;1;5;A01
200900047649;0;7;0;0;2;1;1;B01
200900047650;0;7;0;0;1;3;1;A01
200900047651;0;7;0;1;0;3;6;A01
200900047652;0;7;0;0;2;3;15;A01
200900047652;0;30;0;0;2;1;17;B01
200900047653;0;7;0;0;2;1;1;A01
200900047653;0;1;0;0;2;8;11;B01
200900047654;0;10;0;0;1;4;4;A01
200900047655;0;10;0;0;1;4;4;A01
200900047656;0;7;0;0;0;6;13;A01
200900047656;0;10;0;0;2;2;1;B01
200900047657;0;7;0;0;0;3;16;B01
200900047657;0;31;0;1;0;3;15;A01
200900047658;0;32;0;0;2;1;1;B01
200900047658;0;10;0;0;2;2;15;A01
200900047659;0;7;0;0;2;1;2;A01
200900047659;0;37;2;0;0;4;2;B01
200900047660;1;2;0;0;0;0;0;A01
200900047661;0;7;0;0;1;3;15;A01
200900047662;0;7;0;9;2;2;1;A01
200900047662;0;7;0;0;2;1;1;B01
200900047663;0;33;0;0;2;8;1;B01
200900047663;0;7;0;0;0;0;0;A01
200900047664;0;10;0;0;2;1;1;A01
200900047664;0;7;0;0;2;3;16;B01
200900047665;0;7;0;12;2;8;1;B01
200900047665;0;7;0;0;2;1;19;A01
200900047666;0;7;0;0;2;2;15;A01
200900047666;0;7;0;0;2;1;1;B01
200900047667;0;33;0;0;0;1;2;B01
200900047667;0;7;0;0;0;3;5;A01
200900047668;0;7;0;0;0;8;1;A01
200900047669;0;30;0;0;2;1;15;B01
200900047669;1;7;0;0;2;7;1;A01
200900047670;0;30;0;0;2;1;1;A01
200900047670;0;7;0;0;2;3;1;B01
200900047671;0;1;0;0;0;1;1;B01
200900047671;0;7;0;0;0;8;15;A01
200900047672;0;7;0;0;2;3;10;A01
200900047672;0;2;0;0;2;1;1;B01
200900047673;0;7;0;0;2;1;19;A01
200900047673;0;13;0;0;2;7;19;B01
200900047674;0;7;0;0;2;3;1;B01
200900047674;0;7;0;0;2;7;1;A01
200900047675;0;7;0;1;0;1;2;A01
200900047675;0;7;0;1;0;4;2;B01
200900047675;0;7;0;0;0;4;2;C01
200900047676;0;7;0;0;1;7;15;A01
200900047676;0;7;0;0;2;1;1;B01
200900047677;0;7;0;0;2;1;15;A01
200900047677;0;7;0;0;2;3;2;B01
200900047678;0;10;0;0;0;4;4;A01
200900047678;0;34;0;0;0;1;0;B01
200900047679;0;7;0;1;1;2;2;A01
200900047680;0;34;0;0;1;1;1;A01
200900047681;0;33;0;0;0;0;2;B01
200900047681;0;7;0;0;0;2;0;A01
200900047682;0;7;0;0;2;7;1;A01
200900047682;0;7;0;0;2;3;16;B01
200900047683;0;7;0;3;0;9;12;A01
200900047684;0;10;0;0;0;4;4;A01
200900047685;0;7;0;0;2;2;2;B01
200900047685;0;30;0;0;2;3;11;A01
200900047686;0;30;0;0;0;0;1;B01
200900047686;0;10;0;0;0;0;15;A01
200900047687;0;7;0;0;2;3;15;B01
200900047687;0;30;0;0;2;1;5;A01
200900047688;1;10;0;0;1;1;15;A01
200900047689;0;33;0;0;0;1;0;A01
200900047689;1;7;0;0;2;0;0;B01
200900047690;0;7;0;0;1;1;16;A01
200900047691;0;7;0;0;2;3;1;A01
200900047691;0;7;0;0;2;2;9;B01
200900047692;0;7;0;0;0;8;0;A01
200900047693;0;7;0;0;0;2;0;B01
200900047693;0;2;0;0;0;1;5;A01
200900047694;0;7;0;3;0;1;21;A01
200900047694;0;2;0;3;0;4;2;B01
200900047695;0;31;0;0;2;1;1;A01
200900047695;0;7;0;0;0;7;15;B01
200900047696;0;7;0;0;0;3;0;A01
200900047697;0;1;0;1;0;7;2;B01
200900047697;0;7;0;0;0;8;2;A01
200900047698;0;7;0;0;2;3;2;A01
200900047698;0;7;0;0;0;6;2;B01
200900047699;0;7;0;0;1;4;4;A01
200900047700;0;7;0;0;1;1;1;A01
200900047701;0;7;0;0;0;0;0;A01
200900047702;0;30;0;0;2;8;9;B01
200900047702;0;7;0;0;2;1;2;A01
200900047703;0;33;0;0;1;1;1;A01
200900047704;0;7;0;1;0;3;0;A01
200900047704;0;32;0;0;0;1;0;B01
200900047705;0;7;0;0;2;1;1;A01
200900047705;0;7;0;0;2;7;1;B01
200900047706;0;7;0;0;2;3;2;A01
200900047706;0;10;0;0;2;2;2;B01
200900047707;0;7;0;0;2;1;1;B01
200900047707;0;7;0;0;2;3;1;A01
200900047708;0;1;0;0;0;8;2;B01
200900047708;0;7;0;0;0;7;1;A01
200900047709;0;7;0;0;1;2;1;A01
200900047710;0;32;0;0;0;3;0;A01
200900047711;0;7;0;0;1;2;1;A01
200900047712;0;7;0;0;2;5;2;B01
200900047712;0;33;0;0;2;1;2;A01
200900047713;0;7;0;0;2;2;12;A01
200900047713;0;30;0;0;2;8;1;B01
200900047714;0;7;0;0;2;3;1;B01
200900047714;0;7;0;1;2;2;9;A01
200900047715;0;7;0;0;1;3;1;A01
200900047716;0;7;0;0;2;3;9;A01
200900047716;0;33;0;0;2;1;2;B01
200900047717;0;7;0;0;0;0;0;A01
200900047718;0;7;0;0;2;2;12;A01
200900047718;0;33;0;0;2;1;21;B01
200900047719;0;7;0;0;2;7;15;A01
200900047719;0;2;0;0;2;1;1;B01
200900047720;0;7;0;0;2;3;23;B01
200900047720;0;33;0;0;2;0;1;A01
200900047721;0;7;0;0;2;7;15;A01
200900047721;0;30;0;0;2;1;1;B01
200900047722;0;7;0;0;2;4;1;B01
200900047722;0;7;0;0;2;1;2;A01
200900047723;0;7;0;6;0;8;0;A01
200900047724;0;7;0;0;1;4;4;A01
200900047725;0;2;0;0;0;4;1;B02
200900047725;1;7;0;0;2;2;1;A01
200900047726;0;10;0;2;2;3;1;B02
200900047726;0;10;0;0;2;2;19;A01
200900047727;0;7;0;2;0;1;1;A01
200900047728;0;7;0;8;0;1;14;A01
200900047729;0;7;0;0;2;3;1;B02
200900047729;0;2;0;0;2;1;1;A01
200900047730;0;7;0;0;2;6;15;A01
200900047730;0;2;0;0;2;1;1;B02
200900047731;0;7;0;0;2;8;19;B02
200900047731;0;17;0;0;2;2;1;A01
200900047732;0;7;0;13;0;1;14;A01
200900047733;0;7;0;0;2;3;5;A01
200900047733;0;7;0;0;2;6;14;B02
200900047734;0;15;0;0;0;4;2;A01
200900047734;0;15;0;0;2;1;2;B02
200900047735;0;30;0;0;2;2;1;A01
200900047735;0;7;0;0;2;3;1;B02
200900047736;0;2;0;0;2;2;17;A01
200900047736;0;10;0;0;2;8;15;B02
200900047737;0;2;0;0;2;4;0;B02
200900047737;0;7;0;0;2;1;0;A01
200900047738;0;7;0;0;2;2;17;A01
200900047738;0;7;0;0;2;2;1;B02
200900047739;0;31;0;0;2;0;1;A01
200900047739;0;10;0;0;0;0;23;B02
200900047740;0;7;0;0;2;3;1;C03
200900047740;0;7;0;0;2;3;1;B02
200900047740;0;7;0;0;2;3;13;A01
200900047741;0;1;0;0;0;1;1;B02
200900047741;0;7;0;0;0;8;15;A01
200900047742;0;7;0;0;2;3;13;A01
200900047742;0;7;0;0;2;3;1;B02
200900047743;0;7;0;13;0;3;1;A01
200900047744;0;7;0;0;2;0;0;A01
200900047744;0;7;0;0;2;8;1;B02
200900047745;0;7;0;0;1;2;1;A01
200900047746;0;7;0;0;2;1;1;A01
200900047746;0;31;0;0;2;4;1;B01
200900047747;0;7;0;13;0;3;0;A01
200900047748;0;7;0;0;2;2;1;A01
200900047748;0;2;0;0;2;8;9;B01
200900047749;0;7;0;0;2;1;1;B01
200900047749;0;33;0;0;0;1;1;A01
200900047750;0;7;0;0;1;2;1;A01
200900047751;0;7;0;0;2;4;1;C01
200900047751;0;10;0;0;2;1;1;A01
200900047751;0;7;0;0;2;4;1;B01
200900047752;0;1;0;0;2;8;19;A01
200900047752;1;1;0;0;2;0;1;B01
200900047753;0;7;0;0;1;1;1;A01
200900047754;0;7;0;0;2;3;1;A01
200900047754;0;1;0;0;2;6;1;B01
200900047755;0;7;0;0;0;9;0;A01
200900047756;0;34;0;0;2;6;1;B01
200900047756;0;7;0;0;2;7;16;A01
200900047757;0;2;0;0;2;1;9;A01
200900047757;0;33;0;0;2;1;1;B01
200900047758;0;7;0;0;2;3;1;B01
200900047758;0;7;0;0;2;1;1;A01
200900047759;0;7;0;0;2;1;15;A01
200900047759;0;30;0;0;2;7;1;B01
200900047760;0;7;0;0;2;3;1;A01
200900047760;0;7;0;0;0;1;1;B01
200900047761;0;33;0;0;2;1;1;B01
200900047761;0;7;0;0;2;3;15;A01
200900047762;0;7;0;0;2;1;1;A01
200900047762;0;10;0;0;2;1;1;B01
200900047763;0;7;0;0;2;8;10;A01
200900047763;0;2;0;0;2;1;1;B01
200900047764;0;7;0;0;2;1;1;B01
200900047764;0;7;0;0;2;2;1;A01
200900047765;0;7;0;0;0;4;2;B01
200900047765;0;7;0;0;2;1;2;A01
200900047766;0;7;0;0;1;1;1;A01
200900047767;0;7;0;0;2;1;1;B01
200900047767;0;7;0;0;2;1;1;A01
200900047768;0;7;0;6;0;9;0;A01
200900047769;0;7;0;8;0;1;0;A01
200900047770;0;7;0;0;9;4;4;A01
200900047770;0;1;0;0;2;1;0;B01
200900047771;0;30;0;0;0;8;0;A01
200900047772;0;30;0;0;0;7;1;A01
200900047773;0;3;0;1;2;1;1;A01
200900047774;0;7;0;2;0;1;0;A01
200900047775;0;2;0;0;2;0;1;A01
200900047775;1;7;0;0;0;0;0;Z01
200900047776;0;7;0;0;2;7;0;A01
200900047776;0;7;0;0;2;1;0;B01
200900047776;0;7;0;0;2;1;0;C01