num_acc;senc;catv;occutc;obs;obsm;choc;manv;num_veh
200900047777;0;7;0;0;2;1;1;B01
200900047777;0;7;0;0;2;4;1;A01
200900047778;0;7;0;0;0;9;0;A01
200900047779;0;7;0;0;2;2;9;B01
200900047779;0;7;0;0;2;6;1;A01
200900047780;0;7;0;0;1;1;1;A01
200900047781;0;33;0;0;0;1;1;A01
200900047782;0;7;0;0;1;1;1;A01
200900047783;0;7;0;0;2;2;15;A01
200900047783;0;30;0;0;2;1;1;B01
200900047784;0;2;0;0;2;1;1;B01
200900047784;0;7;0;0;2;2;1;A01
200900047785;0;3;0;0;2;1;16;A01
200900047785;0;7;0;0;2;1;1;B01
200900047786;0;1;0;0;1;1;1;A01
200900047787;0;7;0;0;1;1;1;A01
200900047788;0;7;0;0;2;3;1;B01
200900047788;0;7;0;0;2;4;1;C01
200900047788;0;33;0;0;2;3;1;A01
200900047789;0;7;0;0;1;1;1;A01
200900047790;0;7;0;4;0;0;0;A01
200900047791;0;7;0;0;1;1;1;A01
200900047792;0;7;0;2;0;7;21;A01
200900047793;0;7;0;0;2;1;2;A01
200900047793;0;7;0;0;0;4;1;B02
200900047794;0;7;0;3;2;6;1;B02
200900047794;0;7;0;0;2;2;14;A01
200900047795;0;33;0;0;0;0;1;A01
200900047796;0;7;0;2;0;2;1;A01
200900047797;0;7;0;0;2;3;1;A01
200900047797;0;2;0;0;2;1;0;B02
200900047798;0;7;0;0;2;3;17;A01
200900047798;0;2;0;0;2;1;1;B02
200900047799;0;7;0;13;0;2;14;A01
200900047800;0;7;0;0;1;2;1;A01
200900047801;0;10;0;0;2;6;1;B02
200900047801;0;7;0;13;0;1;17;A01
200900047802;0;7;0;0;2;8;1;A01
200900047802;0;7;0;0;2;8;1;B02
200900047803;0;10;0;0;1;8;1;A01
200900047804;0;10;0;0;1;2;1;A01
200900047805;0;7;0;0;2;3;15;A01
200900047805;0;33;0;0;2;1;1;B02
200900047806;0;2;0;0;2;1;1;B01
200900047806;0;37;0;0;2;2;19;A01
200900047807;0;30;0;0;2;1;8;A01
200900047807;0;7;0;0;2;7;15;B01
200900047808;0;7;0;0;1;1;1;A01
200900047809;0;2;0;0;1;1;17;A01
200900047810;0;7;0;0;2;1;1;B01
200900047810;0;30;0;0;2;1;19;A01
200900047811;0;7;0;0;1;1;1;A01
200900047812;0;7;0;0;2;1;1;A01
200900047812;0;7;0;0;2;4;1;B01
200900047812;0;2;0;0;2;1;1;C01
200900047813;0;2;0;0;2;1;1;B01
200900047813;0;7;0;0;2;3;15;A01
200900047814;0;7;0;0;2;4;2;B01
200900047814;0;10;0;0;2;1;1;A01
200900047815;0;7;0;1;0;1;13;A01
200900047816;0;14;0;0;2;1;1;B01
200900047816;0;2;0;0;2;5;19;A01
200900047817;0;31;0;2;0;1;1;A01
200900047818;0;2;0;16;0;7;1;A01
200900047819;0;7;0;0;1;1;1;A01
200900047820;0;7;0;0;1;1;16;A01
200900047821;0;7;0;0;2;1;15;A01
200900047821;0;7;0;0;2;3;1;B01
200900047822;0;33;0;0;2;1;2;A01
200900047822;0;7;0;0;2;4;2;B01
200900047823;0;7;0;0;0;6;1;B01
200900047823;0;7;0;6;2;1;1;A01
200900047824;0;7;0;8;2;5;1;B01
200900047824;0;7;0;0;2;1;1;A01
200900047825;0;7;0;0;1;7;20;A01
200900047826;0;7;0;0;2;3;15;A01
200900047826;0;1;0;0;2;1;1;B01
200900047827;0;7;0;3;0;1;13;A01
200900047828;0;7;0;0;1;2;1;A01
200900047829;0;2;0;0;2;4;19;B01
200900047829;0;7;0;0;2;3;19;A01
200900047830;0;7;0;0;1;1;19;A01
200900047831;0;7;0;0;2;1;15;A01
200900047831;0;34;0;0;2;1;17;B01
200900047832;0;7;0;0;2;3;15;A01
200900047832;0;7;0;0;2;2;1;B01
200900047833;0;2;0;0;0;0;1;A01
200900047834;0;7;0;13;0;1;14;A01
200900047835;0;7;0;0;1;4;4;A01
200900047836;0;10;0;0;2;3;13;A01
200900047836;0;7;0;0;2;3;1;B02
200900047837;0;7;0;0;2;8;1;A01
200900047837;0;7;0;0;0;1;1;B02
200900047838;0;7;0;2;0;3;1;A01
200900047839;0;7;0;1;1;2;1;A01
200900047839;0;7;0;0;2;2;24;B02
200900047840;0;7;0;0;1;3;1;A01
200900047841;0;7;0;0;1;7;1;A01
200900047842;0;7;0;10;0;1;1;A01
200900047843;0;30;0;0;2;4;1;B02
200900047843;0;7;0;0;2;3;1;A01
200900047844;0;13;0;0;2;7;1;A01
200900047844;0;31;0;0;2;8;1;B02
200900047845;0;2;0;1;0;1;14;A01
200900047846;0;7;0;3;0;1;0;A01
200900047847;0;1;0;0;1;1;1;A01
200900047848;1;7;0;0;1;1;10;A01
200900047849;0;7;0;6;0;9;14;A01
200900047850;0;10;0;0;1;4;4;A01
200900047851;0;7;0;0;2;2;16;A01
200900047851;0;1;0;0;2;1;18;B01
200900047852;0;7;0;0;2;4;2;B01
200900047852;0;7;0;0;2;1;2;A01
200900047853;0;7;0;0;2;1;1;C01
200900047853;0;10;0;0;2;2;1;D01
200900047853;0;17;0;0;2;2;1;B01
200900047853;0;7;0;0;2;6;9;A01
200900047854;0;7;0;5;0;2;14;A01
200900047855;0;7;0;0;2;4;2;D01
200900047855;0;7;0;0;2;1;2;A01
200900047855;0;7;0;0;2;4;2;B01
200900047855;0;7;0;0;2;4;2;C01
200900047856;0;7;0;0;2;1;1;A01
200900047856;0;2;0;0;2;7;1;B01
200900047857;0;33;0;0;2;1;1;A01
200900047857;0;7;0;0;2;7;15;B01
200900047858;0;1;0;0;2;4;1;B01
200900047858;0;10;0;0;2;1;1;A01
200900047859;0;30;0;0;2;1;17;A01
200900047859;0;7;0;0;2;8;15;B01
200900047860;0;2;0;0;2;4;1;A01
200900047860;1;7;0;0;2;0;0;B01
200900047861;0;7;0;0;2;4;2;B01
200900047861;0;7;0;0;2;1;2;A01
200900047862;0;7;0;0;1;3;1;A01
200900047863;0;37;1;0;2;3;23;C01
200900047863;0;30;0;0;2;7;1;A01
200900047863;0;7;0;0;2;3;9;B01
200900047864;0;7;0;0;9;7;0;A01
200900047864;0;1;0;0;2;8;0;B01
200900047865;0;2;0;0;2;7;1;B01
200900047865;0;7;0;0;2;1;1;A01
200900047866;0;7;0;8;0;1;0;A01
200900047867;0;7;0;0;2;6;2;B01
200900047867;0;7;0;0;2;1;2;A01
200900047868;0;31;0;0;2;1;1;B01
200900047868;0;7;0;0;2;7;15;A01
200900047869;0;7;0;0;2;3;9;A01
200900047869;0;2;0;0;2;0;1;B01
200900047870;0;2;0;0;2;8;0;B01
200900047870;0;7;0;0;9;1;0;A01
200900047871;0;16;0;0;2;1;1;A01
200900047871;0;7;0;0;2;4;1;B01
200900047872;0;30;0;0;2;7;1;B01
200900047872;1;7;0;0;0;0;0;A01
200900047873;0;33;0;0;2;1;1;B01
200900047873;0;7;0;0;2;5;0;A01
200900047874;0;7;0;0;2;1;1;B01
200900047874;0;7;0;0;2;5;1;A01
200900047875;0;7;0;1;0;4;4;A01
200900047876;0;7;0;0;2;6;15;B01
200900047876;0;2;0;0;2;1;1;A01
200900047877;0;7;0;0;1;1;1;A01
200900047878;0;2;0;0;2;1;0;A01
200900047878;0;7;0;0;9;8;0;B01
200900047879;0;30;0;0;2;3;18;A01
200900047879;0;7;0;0;2;2;16;B01
200900047880;0;2;0;0;2;0;0;B01
200900047880;0;7;0;0;2;7;0;A01
200900047881;0;7;0;6;0;1;1;A01
200900047882;0;7;0;0;2;7;0;B01
200900047882;0;7;0;0;2;8;0;A01
200900047883;0;7;0;0;1;8;2;A01
200900047884;0;7;0;0;1;3;1;A01
200900047885;0;7;0;0;2;7;15;B02
200900047885;0;7;0;0;2;2;1;A01
200900047886;0;7;0;0;2;5;15;A01
200900047886;0;7;0;0;2;1;1;B02
200900047887;0;7;0;14;0;1;21;C03
200900047887;0;7;0;13;0;9;1;A01
200900047887;0;17;0;14;0;8;21;B02
200900047888;0;7;0;0;2;8;19;A01
200900047888;0;7;0;0;2;1;1;B02
200900047889;0;7;0;0;2;3;5;B02
200900047889;0;7;0;0;2;3;1;A01
200900047890;0;7;0;15;0;1;1;A01
200900047891;0;7;0;0;2;2;2;A01
200900047891;0;1;0;0;0;4;2;B02
200900047892;0;7;0;0;2;2;15;A01
200900047892;0;7;0;0;2;1;1;B02
200900047893;0;33;0;16;0;0;1;A01
200900047894;0;32;0;0;2;8;1;B01
200900047894;0;7;0;0;2;7;0;A01
200900047895;0;30;0;0;2;2;1;B01
200900047895;0;7;0;0;2;3;15;A01
200900047896;0;7;0;3;0;1;1;A01
200900047897;0;7;0;0;2;1;0;A01
200900047897;0;2;0;0;2;4;0;B01
200900047898;0;7;0;0;1;1;15;A01
200900047899;0;7;0;0;2;1;0;B01
200900047899;0;7;0;0;2;1;0;C01
200900047899;0;2;0;0;2;1;0;A01
200900047900;0;1;0;0;2;7;1;A01
200900047900;0;7;0;0;2;3;9;B01
200900047901;0;7;0;0;1;1;15;A01
200900047902;0;7;0;0;2;1;1;B01
200900047902;0;7;0;0;2;2;1;A01
200900047903;0;7;0;8;0;1;14;A01
200900047904;0;33;0;0;2;1;18;A01
200900047904;0;21;0;0;2;8;15;B01
200900047905;0;7;0;0;0;1;0;A01
200900047906;0;7;0;0;0;0;0;A01
200900047907;0;7;0;0;2;0;1;A01
200900047907;0;30;0;0;2;0;1;B01
200900047908;0;7;0;5;0;9;1;A01
200900047909;0;7;0;0;2;0;1;A01
200900047909;1;7;0;0;2;0;0;B01
200900047910;0;30;0;0;2;7;0;A01
200900047910;1;7;0;0;2;0;2;B01
200900047911;0;7;0;0;2;1;0;A01
200900047911;0;7;0;0;0;4;0;C01
200900047911;0;7;0;0;2;1;0;B01
200900047912;0;1;0;0;2;1;1;B01
200900047912;0;7;0;0;2;2;9;A01
200900047913;0;7;0;0;2;3;15;A01
200900047913;0;31;0;0;2;3;1;B01
200900047914;0;7;0;0;2;1;0;A01
200900047914;0;33;0;0;2;1;0;B01
200900047915;1;7;0;0;2;0;0;A01
200900047915;0;2;0;0;2;0;0;B01
200900047916;0;7;0;0;2;1;1;B01
200900047916;0;7;0;0;2;7;1;A01
200900047917;0;2;0;0;2;1;2;A01
200900047917;0;7;0;0;2;4;2;B01
200900047918;0;7;0;0;2;1;5;A01
200900047918;0;7;0;0;2;1;5;B01
200900047919;0;7;0;0;2;3;1;A01
200900047919;0;1;0;0;2;1;1;B01
200900047920;0;3;0;0;0;4;2;A01
200900047920;0;7;0;0;2;1;2;B01
200900047921;0;2;0;0;0;7;1;A01
200900047922;0;7;0;0;2;5;0;B01
200900047922;0;2;0;0;2;1;1;A01
200900047923;0;7;0;13;0;1;14;A01
200900047924;0;7;0;0;0;4;2;B01
200900047924;0;7;0;0;2;1;2;C01
200900047924;0;7;0;0;2;1;2;A01
200900047925;0;7;0;0;0;9;0;A01
200900047926;0;10;0;1;0;2;1;B01
200900047926;0;2;0;1;0;2;1;A01
200900047927;0;7;0;0;2;9;15;A01
200900047927;0;10;0;0;2;3;1;B01
200900047928;0;7;0;0;0;2;1;A01
200900047928;0;31;0;0;0;1;0;B01
200900047929;0;7;0;0;1;4;1;B01
200900047929;0;7;0;0;2;1;1;A01
200900047930;0;7;0;0;1;1;1;A01
200900047931;0;7;0;0;2;3;0;A01
200900047931;0;7;0;0;2;3;0;B01
200900047932;0;7;0;0;2;1;1;A01
200900047933;0;7;0;6;0;1;1;A01
200900047934;0;7;0;0;2;4;2;B01
200900047934;0;7;0;0;2;1;2;A01
200900047935;0;7;0;0;2;5;1;B01
200900047935;0;1;0;0;2;1;1;A01
200900047936;0;7;0;0;2;1;1;A01
200900047936;0;15;0;0;2;8;1;B01
200900047937;0;30;0;0;0;8;1;A01
200900047938;0;7;0;0;2;1;15;A01
200900047938;0;7;0;0;2;1;1;B01
200900047939;0;7;0;3;0;7;1;A01
200900047940;0;7;0;0;1;2;1;A01
200900047941;0;7;0;0;0;1;13;A01
200900047942;0;1;0;0;0;0;11;A01
200900047943;0;2;0;0;0;1;21;A01
200900047944;0;2;0;0;2;3;18;A01
200900047944;0;7;0;0;2;2;16;B01
200900047945;0;17;0;0;0;1;13;A01
200900047945;0;7;0;0;2;9;1;B02
200900047945;0;7;0;0;2;1;1;C03
200900047946;0;7;0;0;2;1;1;B02
200900047946;0;7;0;0;2;1;1;A01
200900047947;0;7;0;0;1;1;1;A01
200900047948;0;7;0;0;2;2;1;B02
200900047948;0;7;0;0;0;0;0;A01
200900047949;0;7;0;13;0;8;1;A01
200900047950;0;99;0;0;0;1;1;A01
200900047951;0;7;0;0;5;1;1;A01
200900047952;0;7;0;10;2;7;1;B02
200900047952;0;7;0;0;2;1;1;A01
200900047953;0;1;0;0;0;0;1;A01
200900047954;0;7;0;3;1;2;14;A01
200900047955;0;21;0;13;0;9;1;A01
200900047956;0;7;0;0;2;3;1;A01
200900047956;0;7;0;0;2;1;13;B02
200900047957;0;7;0;0;0;2;1;A01
200900047958;0;7;0;0;2;8;1;B02
200900047958;0;7;0;0;2;8;13;A01
200900047959;0;38;8;0;2;3;1;B02
200900047959;0;7;0;0;2;3;13;A01
200900047959;0;7;0;0;9;1;1;C03
200900047960;0;7;0;0;1;4;4;A01
200900047961;0;7;0;13;0;8;13;A01
200900047962;0;33;0;0;2;1;1;A01
200900047962;0;7;0;0;2;3;19;B02
200900047963;0;7;0;0;2;1;2;A01
200900047963;0;7;0;0;2;4;2;B02
200900047963;0;7;0;0;2;4;15;C03
200900047964;0;7;0;0;1;2;1;A01
200900047965;0;7;0;0;1;1;16;A01
200900047966;0;10;0;8;0;1;21;A01
200900047967;0;7;0;0;2;2;1;B02
200900047967;0;7;0;0;2;1;13;A01
200900047968;0;7;0;13;0;1;21;A01
200900047969;0;7;0;0;0;6;15;B02
200900047969;0;30;0;0;2;1;17;A01
200900047970;0;14;0;0;1;1;15;A01
200900047971;0;30;0;0;2;3;1;B02
200900047971;0;7;0;0;2;3;11;A01
200900047972;0;7;0;0;2;8;15;B02
200900047972;0;7;0;0;2;1;17;A01
200900047973;0;7;0;0;2;1;1;B02
200900047973;0;7;0;0;2;7;13;A01
200900047974;0;7;0;15;0;1;1;A01
200900047975;0;7;0;2;0;7;1;A01
200900047976;0;7;0;13;0;2;21;A01
200900047977;0;7;0;0;1;2;1;A01
200900047978;0;7;0;0;2;6;13;A01
200900047978;0;7;0;0;2;1;1;B02
200900047979;0;10;0;0;2;3;13;B02
200900047979;0;10;0;0;2;3;1;A01
200900047980;0;7;0;0;2;1;1;B01
200900047980;0;31;0;0;2;1;13;A01
200900047981;0;7;0;0;;3;1;B02
200900047981;0;10;0;0;;3;1;C03
200900047981;0;7;0;0;2;3;13;A01
200900047982;0;31;0;0;2;4;1;A01
200900047982;0;7;0;0;;3;15;B01
200900047983;0;7;0;12;0;3;1;A01
200900047984;0;30;0;0;2;8;1;B01
200900047984;0;7;0;0;0;2;1;A01
200900047985;0;31;0;0;2;7;21;C03
200900047985;0;7;0;0;;5;2;A01
200900047985;0;21;0;0;;;1;B02
200900047986;0;7;0;0;2;2;1;A01
200900047986;0;7;0;0;2;3;15;B01
200900047987;0;2;0;0;2;1;1;A01
200900047987;0;7;0;0;2;1;1;B01
200900047988;0;1;0;0;2;1;1;B01
200900047988;0;7;0;0;2;8;24;A01
200900047989;0;1;0;0;2;1;1;B01
200900047989;0;7;0;0;2;2;23;A01
200900047990;0;7;0;0;2;1;15;A01
200900047990;0;7;0;0;2;8;1;B01
200900047991;0;7;0;0;2;3;1;B01
200900047991;0;7;0;0;2;3;13;A01
200900047992;1;7;0;0;1;1;1;A01
200900047993;1;7;0;0;2;8;16;B01
200900047993;0;30;0;0;2;7;1;A01
200900047994;0;31;0;0;5;3;1;A01
200900047995;0;7;0;0;9;1;1;A01
200900047995;0;30;0;0;2;9;17;B01
200900047996;1;7;0;0;1;3;1;A01
200900047997;0;30;0;0;2;0;9;A01
200900047997;0;10;0;0;9;2;1;B01
200900047998;1;7;0;0;2;1;5;A01
200900047998;0;30;0;2;2;1;1;B01
200900047999;0;2;0;0;2;1;17;A01
200900047999;0;10;0;0;2;4;15;B01
200900048000;0;32;0;15;0;1;0;A01
200900048001;0;31;0;0;0;0;0;A01
200900048002;0;7;0;0;2;1;1;A01
200900048002;0;7;0;0;2;1;1;B01
200900048003;0;7;0;6;0;1;13;A01
200900048004;0;7;0;0;2;4;1;C01
200900048004;0;7;0;0;2;1;1;A01
200900048004;0;7;0;14;0;4;1;B01
200900048005;1;7;0;0;1;1;20;A01
200900048006;0;2;0;0;2;8;1;A01
200900048006;0;7;0;0;2;2;16;B01
200900048007;0;31;0;0;2;0;1;A01
200900048007;0;7;0;0;2;1;1;B01
200900048007;0;7;0;0;2;1;1;C01
200900048008;0;10;0;0;1;8;15;A01
200900048009;0;7;0;0;2;3;14;A01
200900048009;0;1;0;0;2;1;1;B01
200900048010;0;15;0;0;2;2;1;B01
200900048010;0;7;0;0;2;8;11;A01
200900048011;0;33;0;0;2;1;15;B01
200900048011;0;7;0;0;2;3;1;A01
200900048012;0;7;0;16;0;9;1;A01
200900048013;0;33;0;9;2;8;1;A01
200900048013;0;7;0;0;2;2;15;B01
200900048014;0;7;0;1;0;0;1;A01
200900048014;0;7;0;0;2;0;23;B01
200900048015;0;7;0;0;2;1;1;A01
200900048015;0;7;0;0;2;1;1;B01
200900048016;0;33;0;0;2;1;1;B01
200900048016;0;7;0;0;2;1;15;A01
200900048017;0;7;0;0;2;8;9;A01
200900048017;0;33;0;0;2;1;9;B01
200900048018;0;7;0;6;0;1;0;A01
200900048019;0;7;0;0;2;2;16;A01
200900048019;0;30;0;0;2;1;1;B01
200900048020;0;7;0;0;2;3;1;A01
200900048020;0;7;0;0;2;1;1;B01
200900048021;0;30;0;0;2;1;1;B01
200900048021;0;7;0;0;9;3;1;A01
200900048022;0;33;0;0;2;7;1;B01
200900048022;0;7;0;0;2;6;1;A01
200900048023;0;7;0;0;2;1;1;B01
200900048023;0;7;0;0;2;1;1;C01
200900048023;0;7;0;0;1;1;0;A01
200900048024;0;7;0;0;1;1;24;A01
200900048025;0;30;0;0;2;1;1;A01
200900048025;0;7;0;0;2;7;16;B01
200900048026;0;1;0;0;2;1;1;B01
200900048026;0;7;0;0;2;3;16;A01
200900048027;0;7;0;0;2;1;13;A01
200900048027;0;30;0;0;2;1;1;B02
200900048028;0;7;0;0;2;8;19;A01
200900048028;0;7;0;0;2;1;1;B02
200900048029;0;7;0;0;2;1;1;A01
200900048029;0;20;0;0;2;3;0;B02
200900048030;0;7;0;0;0;4;23;A01
200900048030;0;7;0;0;0;4;23;B02
200900048030;0;10;0;0;2;1;1;C03
200900048031;0;14;0;0;2;1;1;A01
200900048031;0;7;0;0;2;6;23;C03
200900048031;0;7;0;0;0;8;23;D04
200900048031;0;7;0;0;0;4;15;B02
200900048032;0;2;0;0;2;8;19;A01
200900048032;0;7;0;0;2;2;1;B02
200900048033;0;7;0;6;0;1;1;A01
200900048034;0;7;0;0;2;3;1;A01
200900048034;0;7;0;0;2;3;1;B02
200900048035;0;7;0;0;2;3;1;B02
200900048035;0;33;0;0;2;1;13;A01
200900048036;0;10;0;0;2;3;13;A01
200900048036;0;10;0;0;2;3;1;B02
200900048037;0;33;0;8;0;1;1;A01
200900048038;0;2;0;0;0;7;1;A01
200900048039;0;33;0;0;2;1;1;B02
200900048039;0;7;0;0;2;6;4;A01
200900048040;0;7;0;0;2;1;15;A01
200900048040;0;33;0;0;2;1;1;B02
200900048041;0;32;0;0;2;0;21;A01
200900048041;0;7;0;0;0;0;16;B02
200900048042;0;7;0;13;0;2;14;A01
200900048043;0;1;0;0;2;1;19;A01
200900048043;0;7;0;0;2;7;1;B02
200900048044;0;7;0;0;2;8;1;A01
200900048044;0;7;0;0;2;1;1;B02
200900048045;0;7;0;0;2;8;15;B02
200900048045;0;7;0;0;2;2;17;A01
200900048046;0;7;0;13;0;1;19;A01
200900048047;0;7;0;0;2;3;1;A01
200900048047;0;7;0;0;2;3;1;B02
200900048048;0;33;0;0;2;1;2;A01
200900048048;0;7;0;0;9;3;1;C03
200900048048;0;15;0;0;2;6;2;B02
200900048049;0;7;0;0;1;2;1;A01
200900048050;0;7;0;0;2;4;2;A01
200900048050;0;30;0;0;0;1;2;B01
200900048051;0;7;0;0;1;1;1;A01
200900048052;0;7;0;0;2;1;1;A01
200900048052;0;7;0;0;2;5;1;B01
200900048053;0;7;0;0;2;1;1;B01
200900048053;0;7;0;0;2;7;15;A01
200900048054;0;7;0;0;9;3;11;A01
200900048054;0;33;0;0;2;7;1;B01
200900048055;0;13;0;3;0;1;1;A01
200900048056;0;30;0;0;2;1;15;A01
200900048056;0;10;0;0;9;2;1;B01
200900048057;0;33;0;0;2;0;0;B01
200900048057;0;7;0;0;2;3;10;A01
200900048058;0;33;0;0;2;1;1;A01
200900048058;0;7;0;0;2;1;15;B01
200900048059;0;32;0;0;2;3;1;B01
200900048059;0;7;0;0;2;3;15;A01
200900048060;0;31;0;1;0;1;1;A01
200900048061;0;7;0;0;1;3;1;A01
200900048062;0;7;0;3;0;1;14;A01
200900048063;0;7;0;13;0;9;1;A01
200900048064;0;1;0;0;0;0;1;A01
200900048065;1;7;0;0;1;2;1;A01
200900048066;0;7;0;0;2;1;1;A01
200900048066;0;2;0;0;2;8;1;B01
200900048067;0;33;0;0;2;4;1;B01
200900048067;1;7;0;0;0;2;1;A01
200900048068;0;7;0;0;2;1;1;A01
200900048068;0;2;0;0;2;7;1;B01
200900048069;0;7;0;0;1;2;1;A01
200900048070;0;7;0;0;2;1;1;B01
200900048070;0;7;0;0;2;1;1;A01
200900048071;0;17;0;0;0;6;0;A01
200900048072;0;7;0;0;1;1;1;A01
200900048073;0;30;0;0;2;1;1;B01
200900048073;0;7;0;0;2;3;1;A01
200900048074;0;7;0;0;2;8;1;A01
200900048074;0;30;0;0;2;2;1;B01
200900048075;0;1;0;0;1;1;1;A01
200900048076;0;30;0;0;2;1;1;B01
200900048076;0;7;0;0;2;7;1;A01
200900048077;0;7;0;0;2;3;1;A01
200900048077;0;32;0;0;2;2;2;B01
200900048078;0;7;0;0;1;1;1;A01
200900048079;0;7;0;0;1;3;1;A01
200900048080;0;10;0;0;1;3;1;A01
200900048081;0;33;0;0;2;1;1;A01
200900048081;0;7;0;0;0;4;1;B01
200900048082;0;7;0;0;2;3;13;A01
200900048082;0;7;0;0;2;3;1;B01
200900048083;0;7;0;8;2;3;13;A01
200900048083;0;7;0;2;2;3;1;B01
200900048084;0;7;0;0;2;6;20;B01
200900048084;0;30;0;0;2;1;17;A01
200900048085;0;31;0;0;2;1;11;A01
200900048085;0;10;0;0;2;8;15;B01
200900048086;0;33;0;0;2;2;0;B01
200900048086;0;7;0;0;2;5;0;A01
200900048087;0;7;0;0;9;3;15;A01
200900048087;0;40;0;0;2;2;0;B01
200900048088;0;1;0;0;2;1;15;A01
200900048088;0;7;0;0;2;3;1;B01
200900048089;0;7;0;0;2;1;1;A01
200900048089;0;7;0;0;2;4;1;B01
200900048090;0;7;0;0;2;1;1;A01
200900048090;0;7;0;0;0;4;1;B01
200900048091;0;7;0;0;1;2;1;A01
200900048092;0;33;0;0;2;1;2;A01
200900048092;0;1;0;0;2;4;15;B01
200900048093;0;7;0;0;2;6;23;D01
200900048093;0;2;0;0;2;1;3;A01
200900048093;0;7;0;0;2;6;23;B01
200900048093;0;10;0;0;2;5;23;C01
200900048094;0;7;0;0;2;2;20;A01
200900048094;0;33;0;0;2;1;1;B01
200900048095;0;7;0;0;2;8;9;A01
200900048095;0;2;0;0;2;1;1;B01
200900048096;0;2;0;0;2;1;1;B01
200900048096;0;7;0;0;2;3;16;A01
200900048097;0;40;0;0;2;1;1;B01
200900048097;0;7;0;0;4;1;0;A01
200900048098;0;7;0;0;9;2;1;B01
200900048098;0;1;0;0;2;0;9;A01
200900048099;0;10;0;0;2;7;0;A01
200900048099;0;30;0;0;2;2;0;B01
200900048100;0;10;0;0;2;5;4;A01
200900048100;0;30;0;0;2;1;1;B01
200900048101;0;7;0;0;2;8;2;B01
200900048101;0;2;0;0;2;1;1;A01
200900048102;0;30;0;14;0;1;1;A01
200900048103;0;7;0;0;1;3;1;A01
200900048104;0;33;0;0;2;2;13;A01
200900048104;0;7;0;0;2;1;1;B01
200900048105;0;30;0;0;2;3;16;A01
200900048105;0;7;0;0;0;7;1;B01
200900048106;0;34;0;0;2;1;2;A01
200900048106;0;7;0;0;2;6;23;B01
200900048107;0;30;0;0;2;2;1;A01
200900048107;0;7;0;0;2;3;15;B01
200900048108;0;7;0;13;0;9;1;A01
200900048109;0;7;0;0;1;3;1;A01
200900048110;0;7;0;0;2;8;1;A01
200900048110;0;1;0;0;2;8;19;B01
200900048111;0;7;0;9;0;3;13;A01
200900048112;0;3;0;1;0;3;1;A01
200900048113;0;33;0;0;1;1;1;A01
200900048114;0;7;0;0;2;6;15;B01
200900048114;0;30;0;0;2;1;1;A01
200900048115;0;7;0;0;2;1;0;A01
200900048115;0;2;0;0;2;8;0;B01
200900048116;0;7;0;0;9;6;9;A01
200900048116;0;2;0;0;2;1;1;B01
200900048117;0;32;0;0;2;3;16;A01
200900048118;0;33;0;0;2;1;2;A01
200900048118;0;7;0;0;2;5;2;B01
200900048119;0;2;0;0;2;8;1;B01
200900048119;0;7;0;0;2;3;9;A01
200900048120;0;7;0;0;2;7;23;B01
200900048120;0;30;0;0;2;8;18;A01
200900048121;0;7;0;0;1;3;0;A01
200900048122;1;7;0;0;2;5;0;B01
200900048122;0;1;0;0;2;8;1;A01
200900048123;0;40;0;0;2;1;1;B01
200900048123;0;7;0;0;4;8;1;A01
200900048124;0;7;0;0;2;2;15;A01
200900048124;0;2;0;0;2;1;1;B01
200900048125;0;30;0;0;1;1;1;A01
200900048126;0;10;0;0;2;7;12;A01
200900048126;0;33;0;6;2;8;18;B01
200900048127;0;7;0;13;0;3;13;A01
200900048128;0;7;0;0;1;3;1;A01
200900048129;0;13;0;13;0;1;1;A01
200900048130;0;7;0;0;0;1;1;A01
200900048131;0;7;0;0;2;3;13;A01
200900048131;0;7;0;0;2;8;1;B02
200900048132;0;2;0;0;2;1;14;A01
200900048132;0;7;0;0;2;2;16;B02
200900048133;0;33;0;2;0;0;1;A01
200900048134;0;7;0;0;1;4;4;A01
200900048135;0;21;0;0;2;3;1;B02
200900048135;0;30;0;0;2;1;13;A01
200900048136;0;33;0;0;0;0;0;A01
200900048137;0;7;0;8;0;8;13;A01
200900048138;0;7;0;0;0;4;1;B02
200900048138;0;7;0;0;2;1;1;A01
200900048139;0;7;0;0;2;3;13;A01
200900048139;0;10;0;0;2;3;21;B02
200900048140;0;30;0;0;2;2;13;A01
200900048140;0;10;0;0;2;3;1;B02
200900048141;0;7;0;13;0;2;1;A01
200900048142;0;33;0;0;2;1;1;B02
200900048142;0;38;0;0;2;3;13;A01
200900048143;0;7;0;0;2;8;9;B02
200900048143;0;2;0;0;2;1;9;A01
200900048144;0;38;0;0;1;5;23;B02
200900048144;0;38;0;0;1;2;23;A01
200900048145;0;7;0;0;2;7;13;A01
200900048145;0;7;0;0;2;1;1;B02
200900048146;0;2;0;0;0;8;15;B02
200900048146;0;7;0;0;2;2;17;A01
200900048147;0;17;0;0;2;6;2;B02
200900048147;0;7;0;0;2;2;2;A01
200900048148;0;7;0;0;2;7;13;A01
200900048148;0;7;0;0;2;1;1;B02
200900048149;0;30;0;0;2;1;1;A01
200900048149;0;7;0;0;0;5;15;B02
200900048150;0;7;0;0;2;3;1;B02
200900048150;0;33;0;0;2;8;13;A01
200900048151;0;7;0;8;0;8;17;A01
200900048152;0;7;0;13;0;1;1;A01