num_acc;senc;catv;occutc;obs;obsm;choc;manv;num_veh
200900048153;0;7;0;0;1;3;1;A01
200900048154;0;33;0;16;0;9;17;A01
200900048155;0;30;0;0;2;4;1;B02
200900048155;0;33;0;0;2;1;1;A01
200900048156;0;34;0;0;2;1;1;A01
200900048156;0;36;0;0;0;4;1;B01
200900048157;0;30;0;0;1;3;17;A01
200900048158;0;7;0;0;2;6;0;B01
200900048158;0;2;0;15;2;2;0;A01
200900048159;0;7;0;0;2;6;19;A01
200900048159;0;1;0;0;2;1;1;B01
200900048160;0;2;0;0;2;1;17;B01
200900048160;0;7;0;0;2;4;1;A01
200900048161;0;7;0;0;2;8;9;A01
200900048161;0;33;0;1;2;1;1;B01
200900048162;0;33;0;0;2;7;0;A01
200900048162;0;7;0;0;2;8;0;B01
200900048163;0;33;0;16;0;0;1;A01
200900048164;0;7;0;0;2;1;15;A01
200900048164;0;30;0;0;2;2;17;B01
200900048164;0;7;0;0;0;8;1;C01
200900048165;0;7;0;0;2;3;9;B01
200900048165;0;17;0;0;2;2;12;A01
200900048166;0;21;0;0;2;6;1;A01
200900048166;0;7;0;0;2;3;1;B02
200900048167;0;7;0;0;1;1;1;A01
200900048168;0;1;0;0;2;0;5;B01
200900048168;0;7;0;0;2;1;1;A01
200900048169;0;7;0;0;2;8;1;B01
200900048169;0;2;0;0;2;1;13;A01
200900048170;0;7;0;0;1;0;0;A01
200900048171;0;10;0;0;1;3;1;A01
200900048172;0;7;0;0;0;0;1;A01
200900048173;0;2;0;0;2;1;1;A01
200900048173;0;7;0;0;2;5;1;B01
200900048174;0;7;0;0;2;1;0;B01
200900048174;0;7;0;0;2;1;0;A01
200900048175;1;7;0;0;0;1;0;A01
200900048176;0;33;0;0;2;1;1;B01
200900048176;0;7;0;0;2;2;10;A01
200900048177;0;2;0;0;2;1;1;A01
200900048177;0;7;0;0;2;3;15;B01
200900048178;0;7;0;0;2;4;23;B01
200900048178;1;7;0;0;2;1;1;A01
200900048179;0;2;0;1;0;1;1;A01
200900048180;0;7;0;0;2;1;1;A01
200900048180;0;7;0;0;0;4;1;B01
200900048181;1;2;0;0;1;1;1;A01
200900048182;0;31;0;8;0;8;14;A01
200900048183;0;7;0;0;1;2;1;A01
200900048184;0;2;0;0;2;1;5;A01
200900048184;0;7;0;0;2;1;1;B01
200900048185;0;7;0;9;0;1;0;A01
200900048186;0;7;0;0;2;3;15;A01
200900048186;0;1;0;0;2;1;0;B01
200900048187;0;7;0;0;2;3;15;A01
200900048187;0;31;0;0;2;8;1;B01
200900048188;0;1;0;0;2;3;19;B01
200900048188;0;7;0;0;2;1;15;A01
200900048189;0;7;0;0;2;1;15;A01
200900048189;0;7;0;0;2;1;1;B01
200900048190;0;7;0;0;1;2;1;A01
200900048191;0;32;0;1;0;1;15;A01
200900048192;0;10;0;0;1;0;1;A01
200900048193;0;7;0;2;0;6;13;A01
200900048194;0;1;0;0;2;7;1;B01
200900048194;0;10;0;0;2;3;9;A01
200900048195;0;7;0;0;0;0;24;B01
200900048195;0;7;0;0;1;2;1;A01
200900048196;0;10;0;0;1;7;16;A01
200900048196;0;7;0;0;1;8;23;B01
200900048197;0;7;0;0;2;3;9;A01
200900048197;0;31;0;0;2;7;1;B01
200900048198;0;7;0;15;1;1;10;A01
200900048199;0;7;0;8;2;3;9;A01
200900048199;0;10;0;0;2;2;1;B01
200900048200;0;7;0;0;2;2;16;A01
200900048200;0;33;0;0;0;0;1;B01
200900048201;1;7;0;0;1;1;1;A01
200900048202;1;7;0;0;1;1;0;A01
200900048203;0;33;0;1;1;3;1;A01
200900048204;0;10;0;0;2;8;22;A01
200900048204;0;1;0;1;0;0;1;B01
200900048205;0;7;0;0;1;2;1;A01
200900048206;0;30;0;0;1;1;1;A01
200900048207;1;33;0;0;1;1;0;A01
200900048207;0;30;0;0;2;8;1;B01
200900048208;0;7;0;0;2;3;13;A01
200900048208;0;7;0;0;2;8;1;B01
200900048209;0;30;0;0;2;1;1;B01
200900048209;0;7;0;0;2;3;9;A01
200900048210;0;7;0;0;1;1;1;A01
200900048211;0;7;0;0;0;4;23;C01
200900048211;0;7;0;0;2;1;1;A01
200900048211;0;7;0;0;2;4;1;B01
200900048212;0;2;0;0;2;7;15;A01
200900048212;0;7;0;0;2;1;1;B01
200900048213;0;7;0;0;2;3;9;A01
200900048213;0;7;0;0;2;0;1;B01
200900048214;0;33;0;0;2;1;0;A01
200900048214;0;30;0;0;2;6;15;B01
200900048215;0;7;0;0;1;2;1;A01
200900048216;0;33;0;15;0;3;1;A01
200900048217;0;7;0;0;1;0;1;A01
200900048218;0;7;0;0;2;3;1;A01
200900048218;0;7;0;0;2;3;1;B02
200900048219;0;7;0;16;0;1;13;A01
200900048220;0;7;0;0;2;1;5;A01
200900048220;0;7;0;0;2;3;1;B02
200900048221;0;33;0;0;2;3;1;B02
200900048221;0;33;0;0;2;5;17;A01
200900048222;0;1;0;0;2;7;16;A01
200900048222;0;7;0;0;2;3;1;B02
200900048223;0;7;0;0;9;1;1;B02
200900048223;0;1;0;0;2;8;19;A01
200900048224;0;7;0;0;2;7;1;A01
200900048224;0;2;0;0;2;1;1;B02
200900048225;0;7;0;0;2;6;1;A01
200900048225;0;7;0;0;2;1;19;B02
200900048226;0;38;0;0;0;5;0;A01
200900048227;0;7;0;0;2;8;13;A01
200900048227;0;7;0;0;2;1;0;B02
200900048228;0;31;0;0;0;0;1;A01
200900048229;0;10;0;0;0;1;1;A01
200900048230;0;7;0;0;2;3;19;A01
200900048230;0;7;0;0;2;2;1;B02
200900048231;0;33;0;0;0;1;1;A01
200900048232;0;7;0;0;2;2;9;A01
200900048232;0;30;0;0;2;8;1;B02
200900048233;0;21;0;0;0;3;15;A01
200900048233;0;1;0;0;2;1;1;B02
200900048234;0;7;0;0;1;2;6;A01
200900048235;0;2;0;0;2;1;1;B02
200900048235;0;7;0;0;0;8;1;A01
200900048236;0;7;0;0;2;3;1;B02
200900048236;0;7;0;0;2;3;13;A01
200900048237;0;7;0;10;0;1;1;A01
200900048238;0;30;0;0;2;1;0;A01
200900048238;0;7;0;0;2;2;1;B02
200900048239;0;7;0;0;2;1;1;A01
200900048239;0;1;0;0;2;8;19;B02
200900048240;0;7;0;0;2;8;19;B02
200900048240;0;7;0;0;2;1;1;A01
200900048241;0;7;0;0;2;3;15;A01
200900048241;0;33;0;0;2;5;17;B02
200900048242;0;7;0;0;2;8;19;A01
200900048242;0;17;0;0;2;2;1;B02
200900048243;0;7;0;0;1;3;1;A01
200900048244;0;7;0;0;2;2;1;A01
200900048244;0;2;0;0;2;1;19;B02
200900048245;0;33;0;12;0;1;1;A01
200900048246;0;7;0;6;0;1;2;A01
200900048247;0;7;0;0;1;2;2;A01
200900048248;0;2;0;0;2;7;17;A01
200900048248;0;1;0;0;2;1;14;B01
200900048249;0;33;0;0;2;1;0;A01
200900048249;0;7;0;0;2;3;15;B01
200900048250;0;7;0;0;1;8;0;A01
200900048251;0;7;0;0;1;2;9;A01
200900048251;0;32;0;0;2;1;1;B01
200900048252;0;7;0;0;2;8;13;A01
200900048252;0;7;0;0;2;7;0;B01
200900048253;0;7;0;0;2;2;1;B01
200900048253;0;7;0;0;2;1;1;A01
200900048254;0;17;0;0;0;6;16;A01
200900048254;0;7;0;0;2;8;1;B01
200900048255;0;2;0;0;1;0;2;A01
200900048256;0;2;0;1;0;1;0;A01
200900048256;0;10;0;0;0;4;0;B02
200900048257;0;7;0;0;2;7;12;A01
200900048257;0;7;0;0;2;1;1;B01
200900048258;0;7;0;1;2;1;2;A01
200900048259;0;33;0;14;0;7;0;A01
200900048260;0;7;0;13;0;3;1;A01
200900048261;0;7;0;0;2;0;11;A01
200900048261;0;33;0;0;2;8;1;B01
200900048262;0;7;0;7;0;2;1;A01
200900048263;0;7;0;0;2;4;23;C01
200900048263;0;7;0;0;2;4;0;B01
200900048263;0;7;0;0;2;1;1;A01
200900048264;0;7;0;0;2;3;11;B02
200900048264;0;31;0;0;2;7;1;A01
200900048265;0;10;0;0;2;3;17;A01
200900048265;0;7;0;0;2;3;1;B02
200900048266;0;14;0;0;2;3;9;A01
200900048266;0;7;0;0;2;1;1;B01
200900048267;0;2;0;0;1;7;1;A01
200900048268;0;7;0;0;9;1;15;A01
200900048268;0;1;0;0;2;1;1;B01
200900048269;0;10;0;6;0;1;1;A01
200900048270;0;30;0;1;0;1;1;A01
200900048271;0;7;0;0;2;1;1;B01
200900048271;0;7;0;0;2;7;19;A01
200900048272;0;7;0;0;9;1;1;B01
200900048272;0;2;0;0;2;1;1;A01
200900048273;0;7;0;0;2;2;16;B01
200900048273;0;2;0;0;2;1;18;A01
200900048274;0;2;0;0;2;1;9;A01
200900048274;0;7;0;0;2;7;1;B01
200900048275;1;99;0;0;2;0;1;D01
200900048275;0;7;0;0;2;4;1;B01
200900048275;0;7;0;0;2;1;1;A01
200900048275;0;10;0;0;2;9;1;C01
200900048276;0;33;0;0;2;9;1;B01
200900048276;0;7;0;0;9;1;9;A01
200900048277;0;7;0;0;2;1;1;C03
200900048277;0;7;0;14;0;1;1;A01
200900048277;0;7;0;0;0;4;1;B02
200900048278;0;7;0;0;2;2;5;A01
200900048278;0;10;0;0;2;3;1;B02
200900048279;1;7;0;0;9;1;1;A01
200900048279;0;1;0;0;2;8;19;B02
200900048280;0;7;0;0;2;7;0;B02
200900048280;0;1;0;0;2;8;15;A01
200900048281;0;7;0;0;2;7;2;A01
200900048281;0;30;0;0;2;8;1;B02
200900048282;0;7;0;0;2;2;10;A01
200900048282;0;33;0;0;2;1;1;B02
200900048283;0;7;0;0;1;1;1;B02
200900048283;0;7;0;0;1;3;1;A01
200900048284;0;7;0;0;0;2;1;A01
200900048285;0;10;0;0;1;1;1;A01
200900048286;0;14;0;8;0;1;1;A01
200900048287;0;33;0;0;0;8;16;A01
200900048288;0;1;0;0;2;8;13;B02
200900048288;0;7;0;0;9;7;17;A01
200900048289;0;7;0;7;2;1;1;A01
200900048289;0;7;0;0;2;3;19;B02
200900048290;0;7;0;0;2;1;1;B02
200900048290;0;2;0;0;2;6;19;A01
200900048291;0;30;0;0;2;1;5;A01
200900048291;0;7;0;0;2;1;1;B02
200900048292;0;33;0;3;0;1;13;A01
200900048293;0;10;0;0;2;0;1;B02
200900048293;0;7;0;0;2;3;13;A01
200900048294;0;7;0;2;0;1;1;A01
200900048295;0;7;0;0;2;1;0;B02
200900048295;0;17;0;0;2;3;1;A01
200900048296;0;10;0;12;0;2;17;A01
200900048297;0;7;0;0;1;1;21;A01
200900048298;0;10;0;2;0;1;1;A01
200900048299;0;7;0;0;2;2;19;A01
200900048299;0;7;0;0;2;1;1;B02
200900048300;0;7;0;0;2;3;1;B02
200900048300;0;30;0;0;2;3;16;A01
200900048301;0;14;0;0;1;1;1;A01
200900048302;0;30;0;0;0;8;1;A01
200900048303;0;7;0;0;2;1;1;B02
200900048303;0;3;0;0;2;2;11;A01
200900048304;0;21;0;0;2;3;19;A01
200900048304;0;7;0;0;2;1;0;B02
200900048305;0;33;0;0;0;0;0;A01
200900048306;0;7;0;0;9;8;10;A01
200900048306;0;33;0;0;2;1;1;B01
200900048307;1;7;0;0;2;5;16;A01
200900048307;0;1;0;0;2;3;1;B01
200900048308;0;7;0;0;1;3;11;A01
200900048308;0;33;0;0;2;1;1;B01
200900048309;0;7;0;0;2;3;1;A01
200900048309;0;7;0;0;2;6;9;B01
200900048310;0;2;0;0;2;4;1;A01
200900048310;0;7;0;0;2;0;15;B01
200900048311;0;31;0;0;2;1;1;B01
200900048311;0;7;0;0;2;1;15;A01
200900048312;0;7;0;0;2;3;1;B01
200900048312;0;33;0;0;2;1;15;A01
200900048313;1;7;0;0;2;0;0;A01
200900048313;0;31;0;0;2;3;1;B01
200900048314;0;14;0;0;9;7;1;A01
200900048314;0;1;0;0;2;8;2;B01
200900048315;0;7;0;0;1;1;1;A01
200900048316;0;7;0;0;1;0;20;A01
200900048317;0;30;0;0;2;2;17;A01
200900048317;0;10;0;0;0;6;1;B01
200900048318;0;2;0;0;2;2;17;B01
200900048318;0;7;0;0;2;8;21;A01
200900048319;0;7;0;0;2;3;9;A01
200900048319;0;33;0;0;2;1;1;B01
200900048320;0;7;0;0;0;3;9;A01
200900048320;0;1;0;0;2;1;1;B01
200900048321;0;7;0;0;1;1;1;A01
200900048322;0;7;0;0;1;2;1;A01
200900048323;0;7;0;0;1;1;1;A01
200900048324;0;7;0;0;2;3;1;B01
200900048324;0;1;0;0;2;1;1;A01
200900048325;0;1;0;0;2;0;15;B01
200900048325;0;7;0;0;2;2;1;A01
200900048326;0;7;0;0;1;1;1;A01
200900048327;0;7;0;0;2;9;9;A01
200900048327;0;7;0;0;2;1;1;B01
200900048328;0;10;0;0;2;1;1;A01
200900048328;0;7;0;0;2;1;1;B01
200900048329;0;30;0;0;1;1;5;A01
200900048330;0;33;0;0;2;1;1;B01
200900048330;0;7;0;0;2;3;1;A01
200900048331;0;7;0;0;1;1;1;A01
200900048332;0;7;0;0;2;1;1;A01
200900048332;0;32;0;0;2;7;1;B01
200900048333;0;7;0;0;2;1;1;B01
200900048333;0;1;0;0;2;7;19;A01
200900048334;0;7;0;0;2;1;1;B01
200900048334;0;33;0;0;2;1;13;A01
200900048335;0;31;0;0;0;1;1;B01
200900048335;0;7;0;0;2;7;15;A01
200900048336;0;2;0;0;2;1;2;B01
200900048336;0;2;0;0;2;1;0;A01
200900048337;0;7;0;0;2;1;2;A01
200900048337;0;7;0;0;2;4;2;B01
200900048338;0;7;0;0;1;1;1;A01
200900048339;0;7;0;0;2;1;1;A01
200900048339;0;30;0;0;2;2;1;B01
200900048340;0;1;0;0;2;0;9;A01
200900048340;0;7;0;0;9;1;1;B01
200900048341;0;30;0;0;2;5;15;A01
200900048341;0;7;0;0;2;2;1;B01
200900048342;0;10;0;0;1;4;4;A01
200900048343;0;30;0;0;2;3;13;A01
200900048343;0;7;0;0;2;3;1;B01
200900048344;0;2;0;0;2;1;15;A01
200900048344;0;7;0;0;0;6;23;B01
200900048345;0;33;0;16;0;1;0;A01
200900048346;0;1;0;0;2;0;1;B01
200900048346;0;7;0;0;9;2;1;A01
200900048347;0;2;0;0;1;1;1;A01
200900048348;0;7;0;0;2;2;1;B01
200900048348;0;10;0;0;2;3;1;C01
200900048348;0;7;0;0;2;3;1;A01
200900048349;0;7;0;0;2;9;2;B01
200900048349;0;7;0;0;2;1;2;A01
200900048350;0;30;0;1;0;1;1;A01
200900048351;0;2;0;0;2;1;0;A01
200900048351;0;7;0;0;2;5;0;B01
200900048352;0;7;0;0;2;2;1;A01
200900048352;0;31;0;0;2;1;1;B01
200900048353;0;7;0;0;2;7;15;A01
200900048353;0;2;0;0;2;1;1;B01
200900048354;0;7;0;0;2;1;1;A01
200900048354;0;7;0;0;2;4;1;B01
200900048355;0;7;0;0;2;1;1;A01
200900048355;0;7;0;0;2;4;1;B01
200900048356;0;7;0;13;0;3;1;A01
200900048357;0;7;0;4;0;1;14;A01
200900048358;0;7;0;0;2;8;13;A01
200900048358;0;7;0;0;2;8;1;B02
200900048358;0;7;0;0;2;1;1;C03
200900048359;0;14;0;0;2;3;11;A01
200900048359;0;7;0;3;2;5;1;B01
200900048360;0;32;0;0;0;0;1;A01
200900048361;0;7;0;1;0;1;1;A01
200900048362;0;33;0;6;0;1;1;A01
200900048363;0;99;0;0;2;6;2;C01
200900048363;0;14;0;0;2;1;2;A01
200900048363;0;7;0;0;2;4;2;B01
200900048364;0;7;0;0;2;0;1;A01
200900048364;0;32;0;0;2;0;1;B01
200900048365;0;7;0;0;0;9;14;A01
200900048366;0;7;0;0;2;1;2;A01
200900048366;0;7;0;0;2;4;2;C01
200900048366;0;7;0;0;2;4;2;B01
200900048367;0;7;0;0;9;1;1;A01
200900048367;0;30;0;0;2;9;1;B01
200900048368;0;7;0;0;2;2;15;A01
200900048368;0;7;0;0;2;3;1;B01
200900048369;0;1;0;0;2;1;1;B01
200900048369;0;7;0;0;9;7;15;A01
200900048370;0;7;0;0;9;7;16;A01
200900048370;0;31;0;0;2;1;1;B01
200900048371;0;30;0;0;2;1;1;A01
200900048371;0;7;0;0;2;5;1;B01
200900048372;0;7;0;0;9;1;15;A01
200900048372;0;33;0;0;2;8;1;B01
200900048373;0;7;0;0;1;1;1;A01
200900048374;0;33;0;0;2;1;1;B01
200900048374;0;7;0;0;2;3;15;A01
200900048375;0;7;0;0;1;1;1;A01
200900048376;0;7;0;0;2;1;15;A01
200900048376;0;2;0;0;2;1;1;B01
200900048377;0;30;0;0;2;2;1;A01
200900048377;0;7;0;0;2;2;19;B02
200900048378;0;7;0;0;9;5;1;A01
200900048378;0;1;0;0;2;1;13;B02
200900048379;0;7;0;0;0;6;11;A01
200900048379;0;2;0;0;2;1;2;B02
200900048380;0;30;0;3;0;1;1;A01
200900048381;0;7;0;8;0;1;19;A01
200900048382;0;7;0;6;0;1;1;A01
200900048383;0;7;0;0;2;2;1;A01
200900048383;0;1;0;0;2;3;1;B02
200900048384;0;7;0;3;0;3;1;A01
200900048385;0;7;0;13;0;3;1;A01
200900048386;0;7;0;0;0;3;1;A01
200900048387;0;7;0;0;2;8;19;B02
200900048387;0;33;0;0;2;1;1;A01
200900048388;0;7;0;13;0;1;13;A01
200900048389;0;33;0;0;2;5;2;B02
200900048389;0;7;0;0;2;3;2;A01
200900048390;0;7;0;13;0;1;17;A01
200900048391;0;33;0;0;0;8;16;A01
200900048392;0;7;0;6;0;3;0;A01
200900048393;0;7;0;0;2;3;1;B02
200900048393;0;7;0;0;2;3;17;A01
200900048394;0;33;0;0;2;1;17;B02
200900048394;0;7;0;0;2;3;15;A01
200900048395;0;7;0;0;0;3;1;A01
200900048396;0;30;0;8;0;1;1;A01
200900048397;0;33;0;0;0;8;15;A01
200900048397;0;7;0;0;2;2;1;B02
200900048398;0;7;0;0;2;5;15;A01
200900048398;0;33;0;0;2;1;1;B02
200900048399;0;3;0;13;0;1;1;A01
200900048400;0;7;0;0;2;3;1;B02
200900048400;0;10;0;0;2;3;15;A01
200900048401;0;30;0;0;2;8;15;B02
200900048401;0;33;0;0;2;1;1;A01
200900048402;0;33;0;0;2;6;1;B02
200900048402;0;7;0;0;2;1;1;A01
200900048403;0;7;0;0;2;1;13;A01
200900048403;0;7;0;0;2;1;1;B02
200900048404;0;30;0;13;0;1;1;A01
200900048405;0;2;0;0;2;1;1;A01
200900048405;0;7;0;0;2;7;16;B01
200900048406;0;2;0;0;1;1;1;A01
200900048407;0;10;0;0;2;6;15;A01
200900048407;0;33;0;0;2;1;1;B01
200900048408;0;31;0;6;0;1;0;A01
200900048409;0;2;0;0;2;2;1;B01
200900048409;0;7;0;0;2;3;1;A01
200900048410;0;1;0;1;0;1;1;A01
200900048411;0;33;0;0;0;7;1;A01
200900048412;0;7;0;0;1;2;0;A01
200900048413;0;2;0;0;2;1;1;B01
200900048413;0;7;0;0;2;2;15;A01
200900048414;0;7;0;0;2;9;1;B01
200900048414;0;7;0;0;2;1;15;A01
200900048415;0;13;0;0;2;1;14;A01
200900048415;0;7;0;0;2;5;13;B01
200900048416;0;7;0;0;2;2;1;B01
200900048416;0;30;0;0;2;1;5;A01
200900048417;0;7;0;0;2;4;1;B01
200900048417;0;30;0;0;2;1;1;A01
200900048418;0;7;0;0;2;6;15;A01
200900048418;0;30;0;0;2;1;1;B01
200900048419;0;2;0;1;0;0;1;B01
200900048419;0;7;0;0;2;1;1;A01
200900048420;0;7;0;6;2;1;1;B01
200900048420;0;7;0;6;2;1;1;A01
200900048421;0;7;0;0;2;4;1;A01
200900048421;1;7;0;0;2;1;2;B01
200900048422;0;7;0;0;2;2;15;B01
200900048422;0;31;0;0;2;1;1;A01
200900048423;0;2;0;0;2;1;1;C01
200900048423;0;2;0;0;2;1;1;B01
200900048423;0;7;0;0;2;3;1;A01
200900048424;0;7;0;0;2;3;1;B01
200900048424;0;1;0;0;2;0;1;A01
200900048425;0;7;0;0;2;1;1;B01
200900048425;0;7;0;0;2;7;1;A01
200900048426;0;7;0;0;2;1;1;B01
200900048426;0;7;0;0;2;3;15;A01
200900048427;0;7;0;6;2;2;5;A01
200900048427;0;7;0;0;2;1;1;B01
200900048428;1;7;0;0;2;1;2;A01
200900048428;0;30;0;0;0;4;0;B01
200900048429;0;7;0;0;2;4;2;D01
200900048429;0;7;0;0;2;1;2;A01
200900048429;0;7;0;0;2;4;2;C01
200900048429;0;7;0;0;2;4;2;B01
200900048430;0;1;0;0;1;7;1;A01
200900048431;0;7;0;0;2;4;2;B01
200900048431;0;2;0;0;2;1;2;A01
200900048432;0;7;0;0;2;5;16;B01
200900048432;0;2;0;0;9;1;1;A01
200900048433;0;1;0;0;2;7;18;A01
200900048433;0;7;0;0;2;8;1;B01
200900048434;0;7;0;0;2;6;10;A01
200900048434;0;32;0;0;2;1;1;B01
200900048435;0;7;0;0;9;2;1;B01
200900048435;0;7;0;0;2;1;1;A01
200900048436;1;10;0;0;2;1;1;A01
200900048436;0;1;0;7;0;0;1;B01
200900048437;0;30;0;0;2;2;17;B02
200900048437;0;17;0;0;0;8;1;A01
200900048438;0;15;0;0;0;1;2;B02
200900048438;0;7;0;0;0;4;2;A01
200900048439;0;7;0;0;2;1;15;A01
200900048439;0;33;0;0;2;1;1;B01
200900048440;0;1;0;1;0;1;21;B01
200900048440;0;7;0;0;9;8;23;A01
200900048441;0;7;0;0;0;1;0;A01
200900048442;0;7;0;0;2;4;1;B01
200900048442;0;32;0;0;2;1;2;A01
200900048443;0;2;0;0;2;1;1;B01
200900048443;0;7;0;0;2;2;1;A01
200900048444;0;7;0;0;2;8;10;B01
200900048444;0;33;0;0;2;1;1;A01
200900048445;0;7;0;0;2;8;15;A01
200900048445;0;32;0;0;2;1;17;B01
200900048446;0;7;0;16;0;1;1;A01
200900048447;0;7;0;16;0;9;14;A01
200900048448;0;37;1;0;0;1;1;B01
200900048448;0;7;0;0;2;1;13;A01
200900048449;0;7;0;0;2;2;1;A01
200900048449;0;7;0;0;1;3;1;B01
200900048450;0;7;0;0;2;8;9;A01
200900048450;0;2;0;0;2;1;1;B01
200900048451;0;7;0;0;2;4;1;B01
200900048451;0;7;0;0;2;1;1;A01
200900048452;0;7;0;0;1;1;1;A01
200900048453;0;7;0;0;2;4;1;B01
200900048453;0;7;0;0;2;1;1;A01
200900048454;0;7;0;0;1;1;16;A01
200900048455;0;7;0;0;9;9;1;B01
200900048455;0;33;0;0;2;9;1;A01
200900048456;0;7;0;0;1;4;4;A01
200900048457;0;1;0;0;0;0;0;A01
200900048458;0;7;0;0;1;1;1;A01
200900048459;0;7;0;6;0;1;1;A01
200900048460;0;1;0;0;2;2;1;B01
200900048460;0;7;0;0;2;3;1;A01
200900048461;0;2;0;9;0;1;0;A01
200900048462;0;30;0;0;2;3;19;B01
200900048462;0;7;0;0;2;3;1;A01
200900048463;0;7;0;0;0;0;0;A01
200900048464;0;7;0;0;2;8;1;A01
200900048464;0;7;0;0;2;1;1;B01
200900048465;1;7;0;0;2;3;10;A01
200900048465;0;30;0;0;2;1;2;B01
200900048466;0;33;0;0;0;8;0;A01
200900048467;0;33;0;0;2;4;1;B01
200900048467;0;7;0;0;2;1;1;A01
200900048468;0;30;0;0;1;1;1;A01
200900048469;0;1;0;0;2;1;1;A01
200900048469;0;7;0;0;2;2;1;B01
200900048470;0;7;0;0;2;1;2;A01
200900048470;0;7;0;0;2;4;1;B01
200900048471;0;7;0;0;2;1;1;A01
200900048471;0;1;0;0;2;5;15;B01
200900048472;0;2;0;0;2;1;1;B01
200900048472;0;7;0;0;2;1;9;A01
200900048473;0;2;0;0;2;1;1;A01
200900048473;0;7;0;0;2;4;23;B01
200900048474;0;7;0;1;0;1;1;A01
200900048475;0;7;0;0;2;1;2;A01
200900048476;0;7;0;0;0;0;20;A01
200900048476;0;1;0;0;0;2;1;B01
200900048477;0;7;0;0;1;1;1;A01
200900048477;0;33;0;0;0;0;1;B01
200900048477;0;10;0;3;0;6;1;D01
200900048477;0;10;0;3;0;2;1;C01
200900048478;0;7;0;0;0;5;23;B01
200900048478;0;31;0;0;2;1;1;A01
200900048479;0;2;0;0;2;1;1;B01
200900048479;0;7;0;0;2;2;1;A01
200900048480;0;1;0;1;0;1;1;B01
200900048480;0;7;0;0;2;3;22;A01
200900048481;0;10;0;0;2;1;1;A01
200900048481;0;1;0;0;2;1;0;B01
200900048482;1;7;0;0;2;1;15;A01
200900048482;0;32;0;0;2;2;1;B01
200900048483;0;1;0;0;1;1;1;A01
200900048484;1;7;0;0;0;0;0;A01
200900048484;0;30;0;0;2;0;0;B01
200900048485;0;2;0;0;1;1;1;A01
200900048486;0;7;0;0;2;3;1;B01
200900048486;0;30;0;0;2;3;1;A01
200900048487;0;10;0;0;1;4;4;A01
200900048488;0;7;0;0;1;3;1;A01
200900048489;0;7;0;0;1;1;0;A01
200900048490;0;7;0;0;1;1;1;A01
200900048491;0;7;0;10;2;8;1;A01
200900048491;0;7;0;0;2;8;1;B01
200900048492;0;2;0;0;2;7;1;B01
200900048492;0;7;0;0;2;3;16;A01
200900048493;0;7;0;0;2;1;1;A01
200900048493;0;32;0;0;2;8;1;B01
200900048494;0;7;0;0;0;0;16;A01
200900048494;0;1;0;0;0;0;1;B01
200900048495;0;33;0;0;2;7;1;B01
200900048495;1;10;0;0;2;1;16;A01
200900048496;0;7;0;0;2;3;1;B01
200900048496;0;10;0;0;2;2;1;A01
200900048497;0;7;0;0;1;1;1;A01
200900048498;0;7;0;0;2;2;15;B01
200900048498;0;1;0;0;2;1;1;A01
200900048499;0;10;0;0;0;0;24;A01
200900048500;0;7;0;0;2;1;1;A01
200900048500;0;30;0;0;2;5;1;B01
200900048501;0;1;0;0;2;1;1;A01
200900048501;0;1;0;0;2;1;1;B01
200900048502;0;7;0;0;2;1;9;A01
200900048502;0;30;0;0;2;2;1;B01
200900048503;0;7;0;0;2;8;1;A01
200900048503;0;7;0;0;2;1;1;B01
200900048504;0;7;0;0;2;3;0;A01
200900048504;0;30;0;0;2;2;11;B01
200900048505;0;7;0;0;1;2;1;A01
200900048506;0;7;0;14;0;1;14;A01
200900048507;0;1;0;0;2;8;19;B01
200900048507;0;7;0;0;2;2;1;A01
200900048508;0;7;0;0;2;1;17;A01
200900048508;0;7;0;0;2;2;1;B01
200900048509;0;7;0;0;2;3;1;B02
200900048509;0;7;0;0;2;2;15;A01
200900048510;0;33;0;0;2;1;2;A01
200900048510;0;7;0;0;2;4;1;B02
200900048511;0;7;0;2;0;1;1;A01
200900048512;0;7;0;0;2;8;1;B02
200900048512;0;33;0;0;2;8;17;A01
200900048513;0;7;0;0;2;2;13;A01
200900048513;0;7;0;0;2;3;1;B02
200900048514;0;7;0;0;2;2;2;A01
200900048514;0;1;0;0;2;4;15;B02
200900048515;0;7;0;0;0;3;19;A01
200900048515;0;2;0;0;2;1;0;B02
200900048516;0;33;0;0;2;1;1;B02
200900048516;0;7;0;0;2;2;16;A01
200900048517;0;7;0;0;2;2;1;B02
200900048517;0;1;0;0;2;1;5;A01
200900048518;0;33;0;16;0;7;1;A01
200900048519;0;7;0;0;2;2;21;B02
200900048519;0;1;0;0;0;0;1;A01
200900048520;0;7;0;6;0;1;1;A01
200900048521;0;7;0;0;2;5;16;A01
200900048521;0;30;0;0;2;1;1;B02
200900048522;0;33;0;0;2;3;17;A01
200900048522;0;7;0;0;2;8;1;B02
200900048523;0;7;0;0;2;1;1;B02
200900048523;0;30;0;0;2;1;1;A01
200900048524;0;7;0;0;2;3;13;A01
200900048524;0;7;0;0;2;1;1;B02
200900048525;0;33;0;13;2;1;1;A01
200900048525;0;7;0;0;2;2;1;B02
200900048526;0;30;0;0;0;0;1;A01