num_acc;senc;catv;occutc;obs;obsm;choc;manv;num_veh
200900048527;0;36;0;6;0;1;1;A01
200900048528;0;7;0;0;1;2;17;A01
200900048529;0;7;0;0;1;2;1;A01
200900048530;0;10;0;0;2;5;1;A01
200900048530;0;30;0;0;2;1;1;B02
200900048531;0;10;0;2;0;3;1;A01
200900048532;0;2;0;0;2;3;1;B01
200900048532;0;99;0;0;2;7;17;A01
200900048533;0;7;0;15;2;1;10;A01
200900048533;0;7;0;0;2;1;1;B01
200900048534;0;1;0;0;2;0;5;A01
200900048534;1;2;0;0;2;0;0;B01
200900048535;0;1;0;1;0;1;1;B01
200900048535;0;7;0;0;0;4;23;A01
200900048536;0;7;0;0;2;1;1;A01
200900048537;0;30;0;0;2;0;1;B01
200900048537;0;7;0;0;2;3;1;A01
200900048538;0;7;0;0;2;1;1;A01
200900048538;0;7;0;0;2;1;1;B01
200900048538;0;7;0;0;2;3;1;C01
200900048539;2;7;0;0;2;1;2;A01
200900048539;0;7;0;0;0;5;2;B01
200900048540;0;7;0;0;2;1;1;A01
200900048540;0;32;0;0;0;4;23;B01
200900048541;0;7;0;0;1;5;4;A01
200900048542;0;7;0;0;1;1;1;A01
200900048543;0;14;0;0;1;4;4;A01
200900048544;0;7;0;0;2;8;1;A01
200900048544;0;2;0;0;2;1;1;B01
200900048545;0;1;0;0;2;0;13;A01
200900048545;0;37;20;0;2;2;17;B01
200900048546;0;7;0;0;2;3;1;A01
200900048546;0;2;0;0;2;1;1;B01
200900048547;0;33;0;0;2;1;17;B01
200900048547;0;7;0;0;2;8;10;A01
200900048548;0;7;0;0;2;2;1;B01
200900048548;0;30;0;0;2;1;15;A01
200900048549;0;2;0;0;2;1;1;B01
200900048549;0;7;0;0;2;5;1;A01
200900048550;0;7;0;0;0;0;14;A01
200900048550;0;32;0;0;0;7;21;B01
200900048551;0;7;0;0;2;7;20;A01
200900048551;0;30;0;0;2;3;1;B01
200900048552;0;7;0;0;2;3;1;B01
200900048552;0;2;0;0;2;1;16;A01
200900048553;0;2;0;0;2;1;1;A01
200900048553;0;7;0;0;2;7;15;B01
200900048554;0;2;0;0;2;1;1;B01
200900048554;0;7;0;0;2;2;15;A01
200900048555;0;7;0;0;1;4;4;A01
200900048556;0;14;0;3;0;0;1;A01
200900048557;0;7;0;0;2;2;1;A01
200900048557;0;7;0;0;2;1;1;B01
200900048558;0;7;0;3;0;1;1;A01
200900048559;0;7;0;0;1;3;0;A01
200900048560;0;2;0;0;2;1;1;B01
200900048560;0;7;0;0;2;3;9;A01
200900048561;0;7;0;0;1;1;0;A01
200900048562;0;33;0;0;2;1;2;A01
200900048562;0;7;0;0;0;5;2;B01
200900048563;1;7;0;0;2;1;1;A01
200900048563;0;7;0;0;2;4;1;B01
200900048563;0;7;0;0;0;4;1;C01
200900048564;1;2;0;0;1;0;0;A01
200900048565;0;7;0;0;1;4;20;A01
200900048566;0;7;0;0;2;1;0;B01
200900048566;0;7;0;0;2;1;2;C01
200900048566;0;7;0;0;2;8;2;A01
200900048567;0;14;0;0;1;2;9;A01
200900048568;0;7;0;0;0;0;15;B01
200900048568;0;2;0;0;2;1;1;A01
200900048569;0;34;0;0;2;1;17;A01
200900048569;0;10;0;0;2;1;1;B01
200900048570;0;7;0;0;2;2;15;A01
200900048570;0;33;0;0;2;8;1;B01
200900048571;0;14;0;0;2;7;16;A01
200900048571;0;1;0;0;2;9;0;B01
200900048572;0;7;0;0;1;3;1;A01
200900048573;0;30;0;0;0;0;0;A01
200900048574;0;7;0;0;1;1;16;A01
200900048575;0;7;0;0;2;3;1;B01
200900048575;0;30;0;0;2;2;1;A01
200900048576;0;7;0;0;1;1;1;A01
200900048577;0;7;0;0;2;1;15;B01
200900048577;0;1;0;0;2;1;15;A01
200900048578;0;1;0;0;2;1;1;B01
200900048578;0;7;0;0;2;1;1;A01
200900048579;0;7;0;0;2;2;15;A01
200900048579;0;7;0;0;2;1;1;B01
200900048580;0;7;0;0;2;3;1;B01
200900048580;0;7;0;0;2;7;5;A01
200900048581;0;7;0;13;0;8;13;A01
200900048582;0;2;0;0;1;1;1;A01
200900048583;0;7;0;13;0;1;13;A01
200900048584;0;7;0;0;2;1;1;B02
200900048584;0;7;0;0;2;3;15;A01
200900048585;0;7;0;0;2;1;21;C03
200900048585;0;10;0;0;2;2;20;B02
200900048585;0;2;0;0;2;1;1;A01
200900048586;0;7;0;0;1;2;1;A01
200900048587;0;7;0;2;0;3;0;A01
200900048588;0;30;0;0;2;1;1;B02
200900048588;0;10;0;0;2;4;1;A01
200900048589;0;10;0;0;2;3;16;A01
200900048589;0;1;0;0;2;2;1;B02
200900048590;0;7;0;0;2;3;13;A01
200900048590;0;7;0;0;2;3;1;B02
200900048591;0;7;0;2;0;2;17;A01
200900048592;0;15;0;0;2;3;1;B02
200900048592;0;3;0;0;2;3;1;A01
200900048593;0;7;0;2;0;3;1;A01
200900048594;0;7;0;2;0;7;1;A01
200900048595;0;21;0;0;2;3;19;B02
200900048595;0;30;0;0;2;2;1;A01
200900048596;0;7;0;6;1;1;19;A01
200900048597;0;31;0;0;2;1;1;A01
200900048597;0;1;0;0;0;4;1;B02
200900048598;0;7;0;0;2;3;1;B02
200900048598;0;1;0;0;2;2;19;A01
200900048599;0;14;0;0;2;1;1;B02
200900048599;0;7;0;0;2;8;19;A01
200900048600;0;7;0;0;2;1;1;A01
200900048600;0;2;0;0;1;7;1;B02
200900048601;0;2;0;0;0;4;2;B02
200900048601;0;7;0;0;2;2;2;A01
200900048602;0;10;0;0;2;7;15;A01
200900048602;0;33;0;0;2;1;1;B02
200900048603;0;7;0;13;0;1;1;A01
200900048604;0;31;0;0;2;6;15;B02
200900048604;0;7;0;0;2;1;17;A01
200900048605;0;33;0;0;2;1;1;A01
200900048605;0;7;0;0;2;3;9;B02
200900048606;0;7;0;0;2;1;17;B02
200900048606;0;21;0;0;2;4;1;D04
200900048606;0;7;0;0;2;1;2;A01
200900048606;0;7;0;0;9;1;17;C03
200900048607;0;7;0;0;0;1;1;A01
200900048608;0;30;0;0;0;3;1;A01
200900048609;0;7;0;0;2;2;15;B02
200900048609;0;33;0;0;2;2;1;A01
200900048610;0;7;0;0;2;1;1;B02
200900048610;0;7;0;0;2;7;13;A01
200900048611;0;1;0;0;2;2;1;A01
200900048611;0;7;0;0;2;1;1;B01
200900048612;0;7;0;0;2;1;1;B01
200900048612;0;7;0;0;2;9;1;A01
200900048613;0;7;0;0;2;3;10;A01
200900048613;0;7;0;0;2;1;1;B01
200900048614;0;7;0;1;0;1;1;A01
200900048615;0;7;0;0;2;3;15;A01
200900048615;0;2;0;0;2;1;1;B01
200900048616;0;7;0;0;2;1;1;B01
200900048616;0;7;0;0;2;1;1;A01
200900048617;0;7;0;0;1;1;1;A01
200900048618;0;7;0;0;2;0;1;A01
200900048618;0;30;0;0;2;1;15;B01
200900048619;0;7;0;0;9;2;1;A01
200900048619;0;1;0;0;2;1;15;B01
200900048620;0;1;0;0;2;0;1;B01
200900048620;0;7;0;0;9;0;1;A01
200900048621;0;7;0;0;2;4;1;B01
200900048621;0;7;0;0;2;1;1;A01
200900048622;0;7;0;8;0;1;1;A01
200900048623;0;7;0;0;2;1;1;A01
200900048623;0;7;0;0;2;4;23;B01
200900048624;0;2;0;0;2;1;1;B01
200900048624;0;7;0;0;2;3;9;A01
200900048625;0;7;0;0;0;4;23;B01
200900048625;0;7;0;0;2;1;2;A01
200900048626;0;7;0;6;0;1;13;A01
200900048627;0;37;0;0;1;0;1;A01
200900048628;0;7;0;0;2;3;1;B01
200900048628;0;30;0;0;2;1;1;A01
200900048629;0;30;0;0;2;1;2;B01
200900048629;0;7;0;0;2;4;23;A01
200900048630;0;7;0;0;2;2;1;B01
200900048630;0;30;0;0;2;1;1;A01
200900048631;0;32;0;0;0;1;1;A01
200900048632;0;7;0;16;0;9;16;A01
200900048633;0;7;0;0;0;0;12;A01
200900048633;0;34;0;0;0;0;1;B01
200900048634;0;7;0;0;2;7;15;B01
200900048634;0;2;0;0;2;1;1;A01
200900048635;0;7;0;0;2;3;1;B01
200900048635;0;1;0;0;2;7;19;A01
200900048636;0;2;0;0;1;1;1;A01
200900048637;0;10;0;0;2;3;15;A01
200900048637;0;33;0;0;2;7;1;B01
200900048638;0;7;0;0;2;9;1;B01
200900048638;0;7;0;0;2;1;9;A01
200900048639;0;2;0;12;0;1;14;A01
200900048640;0;7;0;14;0;1;1;A01
200900048640;0;30;0;0;2;4;23;B01
200900048641;0;7;0;0;2;1;15;B01
200900048641;0;7;0;0;2;1;16;A01
200900048642;0;33;0;14;0;1;1;A01
200900048642;0;7;0;0;2;1;15;B01
200900048642;0;7;0;0;2;3;23;C01
200900048643;0;7;0;0;2;3;13;A01
200900048643;0;15;0;0;2;8;1;B02
200900048644;0;1;0;0;0;3;1;B02
200900048644;0;7;0;0;0;3;17;A01
200900048645;0;7;0;0;2;3;16;A01
200900048645;0;2;0;0;2;8;15;B02
200900048646;0;10;0;0;2;3;13;A01
200900048646;0;15;0;0;2;8;1;B02
200900048647;0;7;0;0;2;2;1;A01
200900048647;0;7;0;0;2;1;1;B02
200900048648;0;2;0;0;0;2;2;A01
200900048648;0;7;0;0;0;6;15;B02
200900048649;0;33;0;0;2;1;1;A01
200900048649;0;10;0;0;9;8;15;B02
200900048650;0;30;0;3;0;7;1;A01
200900048651;0;7;0;0;1;1;1;A01
200900048652;0;7;0;0;2;3;15;A01
200900048652;0;30;0;0;2;1;1;B02
200900048653;0;10;0;13;0;2;1;A01
200900048654;0;7;0;0;1;2;1;A01
200900048655;0;7;0;0;2;1;1;B02
200900048655;0;7;0;0;2;3;10;A01
200900048656;0;7;0;0;2;7;1;A01
200900048656;0;21;0;0;2;1;1;B02
200900048657;0;33;0;0;2;1;1;A01
200900048657;0;7;0;0;2;3;15;B02
200900048658;0;7;0;0;0;3;1;A01
200900048658;0;14;0;0;0;1;9;B02
200900048659;0;7;0;0;2;3;15;A01
200900048659;0;7;0;0;2;2;1;B02
200900048660;0;7;0;3;0;6;1;B02
200900048660;0;7;0;0;2;2;1;A01
200900048661;0;7;0;0;2;3;13;A01
200900048661;0;7;0;0;2;3;1;B02
200900048662;0;7;0;0;2;1;0;B02
200900048662;0;7;0;0;2;1;1;A01
200900048663;0;7;0;2;0;3;1;A01
200900048664;0;33;0;13;0;7;1;A01
200900048665;0;7;0;0;1;2;13;A01
200900048666;0;7;0;0;2;3;13;A01
200900048666;0;7;0;0;2;7;1;B02
200900048667;0;7;0;13;0;1;13;A01
200900048668;0;7;0;0;2;2;1;B02
200900048668;0;33;0;0;2;1;13;A01
200900048669;0;7;0;0;1;1;1;A01
200900048670;0;7;0;0;2;4;1;B01
200900048670;0;30;0;0;2;1;1;A01
200900048671;0;2;0;11;0;1;13;A01
200900048672;0;33;0;0;2;7;1;A01
200900048672;0;7;0;0;2;1;1;B01
200900048673;0;33;0;0;2;1;17;B01
200900048673;0;7;0;0;2;1;15;A01
200900048674;0;30;0;0;2;1;1;A01
200900048674;0;7;0;0;2;4;1;B01
200900048675;0;7;0;0;1;1;15;A01
200900048676;0;7;0;0;2;4;1;B01
200900048676;0;7;0;0;2;1;1;A01
200900048676;0;7;0;0;2;4;1;C01
200900048677;0;7;0;0;2;1;1;B01
200900048677;0;7;0;0;2;7;15;A01
200900048678;0;7;0;0;9;5;1;A01
200900048678;0;1;0;0;2;1;9;B02
200900048679;0;14;0;0;2;3;1;B02
200900048679;0;14;0;0;2;3;1;A01
200900048680;0;7;0;0;2;3;1;A01
200900048680;0;32;0;0;2;0;13;B02
200900048681;0;14;0;0;2;6;1;B01
200900048681;0;7;0;0;2;1;19;A01
200900048682;0;7;0;0;0;9;0;A01
200900048683;0;30;0;0;2;1;1;B01
200900048683;0;7;0;0;2;1;15;A01
200900048684;0;7;0;0;2;3;2;A01
200900048684;0;7;0;0;0;5;2;C03
200900048684;0;7;0;0;0;6;2;B02
200900048685;0;21;0;0;0;4;2;B02
200900048685;0;7;0;0;2;1;2;A01
200900048686;0;10;0;0;0;5;24;B02
200900048686;0;30;0;0;2;1;1;A01
200900048687;0;7;0;4;0;1;0;A01
200900048688;0;7;0;0;2;8;1;C03
200900048688;0;7;0;0;2;3;17;A01
200900048688;0;7;0;0;2;3;1;B02
200900048689;0;7;0;13;0;2;1;A01
200900048690;0;7;0;0;2;1;1;B01
200900048690;0;16;0;0;2;6;15;A01
200900048691;0;3;0;0;1;4;4;A01
200900048692;0;7;0;0;2;3;1;A01
200900048692;0;7;0;0;2;1;1;B01
200900048693;0;7;0;0;2;1;1;A01
200900048693;0;7;0;0;2;8;15;B01
200900048694;0;32;0;0;2;0;1;B01
200900048694;0;7;0;1;2;0;16;A01
200900048695;0;7;0;0;2;3;15;A01
200900048695;0;33;0;0;2;1;17;B01
200900048696;0;33;0;12;0;3;1;A01
200900048697;0;7;0;0;2;1;1;B01
200900048697;0;7;0;0;2;2;15;A01
200900048698;0;30;0;0;2;4;1;B02
200900048698;0;7;0;0;2;1;1;A01
200900048699;0;30;0;0;0;8;1;A01
200900048700;0;7;0;8;0;2;1;A01
200900048701;0;7;0;0;0;2;1;A01
200900048702;0;7;0;10;0;3;1;A01
200900048703;0;7;0;0;2;1;1;A01
200900048703;0;1;0;0;2;4;23;B02
200900048704;0;7;0;0;2;8;1;B02
200900048704;0;7;0;0;2;8;13;A01
200900048704;0;7;0;0;2;2;1;C03
200900048705;0;7;0;0;0;1;1;A01
200900048706;0;33;0;0;2;2;1;B01
200900048706;0;7;0;0;0;0;0;A01
200900048707;0;7;0;0;1;3;1;A01
200900048708;0;2;0;0;0;0;13;A01
200900048709;0;7;0;0;2;1;1;A01
200900048709;0;2;0;0;2;4;1;B01
200900048710;0;7;0;0;1;7;1;A01
200900048711;0;7;0;13;0;3;1;A01
200900048712;0;7;0;8;0;7;1;A01
200900048713;0;30;0;0;2;1;13;A01
200900048713;0;7;0;0;2;3;1;B02
200900048714;0;7;0;0;2;1;1;A01
200900048714;0;7;0;0;2;8;1;B02
200900048715;0;7;0;2;0;2;1;A01
200900048716;0;7;0;6;9;3;1;A01
200900048716;0;1;0;0;2;1;1;B02
200900048717;0;2;0;0;2;1;13;A01
200900048717;0;10;0;0;2;3;1;B02
200900048718;0;7;0;0;2;6;13;A01
200900048718;0;7;0;0;2;3;1;B02
200900048719;0;7;0;0;2;7;15;A01
200900048719;0;33;0;0;2;1;1;B02
200900048720;0;7;0;13;0;1;17;A01
200900048721;0;7;0;0;9;1;1;A01
200900048722;0;1;0;0;0;1;1;A01
200900048723;0;7;0;2;0;2;14;A01
200900048724;0;7;0;0;2;2;15;A01
200900048724;0;2;0;0;2;1;1;B02
200900048725;0;7;0;0;1;7;19;A01
200900048725;0;7;0;0;2;1;1;B02
200900048725;0;7;0;0;2;3;23;C03
200900048726;0;7;0;0;2;1;1;B02
200900048726;0;10;0;0;2;2;15;A01
200900048727;0;7;0;13;0;3;13;A01
200900048728;0;10;0;0;2;1;1;C03
200900048728;0;7;0;0;2;2;1;B02
200900048728;0;7;0;0;2;1;19;A01
200900048729;0;30;0;13;0;8;1;A01
200900048730;0;2;0;0;0;4;1;B02
200900048730;0;31;0;0;2;1;2;A01
200900048731;0;7;0;0;2;2;1;B02
200900048731;0;7;0;0;2;3;13;A01
200900048732;0;7;0;13;0;3;13;A01
200900048733;0;7;0;0;2;1;19;A01
200900048733;0;7;0;0;2;8;1;B02
200900048733;0;10;0;0;2;3;23;C03
200900048734;0;7;0;0;2;8;10;A01
200900048734;0;33;0;0;2;1;1;B02
200900048735;0;7;0;0;1;2;1;A01
200900048736;0;7;0;13;0;1;1;A01
200900048737;0;7;0;8;0;1;1;A01
200900048738;0;7;0;2;0;3;1;A01
200900048739;0;7;0;8;0;9;1;A01
200900048740;0;7;0;0;2;2;1;A01
200900048740;0;1;0;0;2;1;15;B02
200900048741;0;1;0;0;2;1;1;B02
200900048741;0;7;0;0;2;8;1;A01
200900048742;0;14;0;0;2;3;1;A01
200900048742;0;31;0;0;2;1;5;B02
200900048743;0;7;0;16;0;9;14;A01
200900048744;0;7;0;13;0;4;1;A01
200900048745;0;7;0;3;0;2;1;A01
200900048746;0;7;0;13;0;9;14;A01
200900048747;0;7;0;0;2;2;17;A01
200900048747;0;7;0;0;2;8;15;B01
200900048748;0;7;0;0;2;1;15;A01
200900048748;0;30;0;0;2;1;1;B01
200900048749;0;7;0;8;0;1;1;A01
200900048750;0;7;0;0;2;6;1;A01
200900048750;0;2;0;0;2;1;1;B01
200900048751;0;7;0;0;2;5;15;A01
200900048751;0;31;0;0;2;5;1;B01
200900048752;0;2;0;0;2;7;1;A01
200900048752;0;7;0;0;2;2;1;B01
200900048753;0;7;0;0;2;1;9;A01
200900048753;0;1;0;0;2;7;1;B01
200900048754;0;30;0;0;2;7;1;B01
200900048754;0;7;0;0;2;2;1;A01
200900048755;0;7;0;0;1;1;1;A01
200900048756;0;31;0;0;2;1;1;B01
200900048756;0;1;0;0;2;8;19;A01
200900048757;0;7;0;0;2;2;1;B01
200900048757;0;1;0;0;2;1;1;A01
200900048758;0;7;0;0;2;1;1;B01
200900048758;0;7;0;0;2;2;15;A01
200900048759;0;2;0;6;0;0;14;A01
200900048760;0;7;0;0;1;1;15;A01
200900048761;0;7;0;0;2;2;1;B01
200900048761;0;7;0;8;2;1;1;A01
200900048762;0;7;0;0;2;8;1;B01
200900048762;0;2;0;0;2;1;1;A01
200900048763;0;2;0;0;0;1;1;A01
200900048764;0;7;0;0;1;1;1;A01
200900048765;0;7;0;0;2;1;1;A01
200900048765;0;7;0;0;2;4;2;B01
200900048766;0;7;0;0;2;4;1;B01
200900048766;0;7;0;0;2;1;2;A01
200900048767;1;7;0;0;1;2;1;A01
200900048768;0;2;0;0;2;1;1;A01
200900048768;0;7;0;0;2;6;1;B01
200900048769;0;7;0;0;2;1;1;B01
200900048769;0;31;0;7;2;3;1;A01
200900048770;0;33;0;0;2;1;1;A01
200900048770;0;7;0;0;2;4;23;B01
200900048771;0;37;0;0;2;2;15;A01
200900048771;0;2;0;0;2;1;1;B01
200900048772;0;33;0;11;0;1;17;A01
200900048773;0;7;0;8;0;1;1;A01
200900048774;0;7;0;0;2;4;1;B01
200900048774;0;7;0;0;2;1;1;A01
200900048775;0;30;0;0;2;1;1;B01
200900048775;0;7;0;0;2;1;1;A01
200900048776;0;7;0;0;2;8;1;B01
200900048776;0;7;0;1;2;1;1;A01
200900048777;0;1;0;0;2;1;16;B01
200900048777;0;7;0;0;2;0;1;A01
200900048778;0;37;0;1;1;0;17;A01
200900048779;0;7;0;0;2;4;23;B01
200900048779;0;30;0;0;2;1;1;A01
200900048780;0;7;0;14;2;2;15;A01
200900048780;0;33;0;0;2;7;1;B01
200900048781;0;7;0;0;2;4;1;B01
200900048781;0;10;0;0;2;1;1;A01
200900048782;0;7;0;0;2;1;1;A01
200900048782;0;2;0;0;2;7;1;B01
200900048783;0;7;0;0;1;2;1;A01
200900048784;0;1;0;1;0;1;1;A01
200900048785;0;7;0;0;2;3;1;B01
200900048785;0;7;0;0;2;9;1;A01
200900048786;0;33;0;15;0;9;1;A01
200900048787;1;7;0;0;2;0;7;A01
200900048787;0;30;0;0;2;0;0;B01
200900048788;0;7;0;1;0;2;14;A01
200900048789;0;30;0;0;0;0;1;A01
200900048790;0;7;0;0;1;0;4;A01
200900048791;0;2;0;0;2;7;15;A01
200900048791;0;7;0;0;2;8;18;B01
200900048792;0;7;0;0;9;8;1;A01
200900048793;0;7;0;0;2;3;1;B01
200900048793;0;7;0;1;2;1;1;A01
200900048794;0;30;0;0;2;1;2;A01
200900048795;0;2;0;0;2;1;1;B01
200900048795;0;7;0;0;2;8;9;A01
200900048796;0;7;0;1;0;1;1;A01
200900048797;0;30;0;0;2;5;1;A01
200900048797;0;7;0;0;2;5;1;B01
200900048798;0;34;0;0;2;8;1;B01
200900048798;0;7;0;0;2;8;9;A01
200900048799;1;7;0;0;0;6;9;A01
200900048799;0;2;0;0;2;1;0;B01
200900048800;0;15;0;0;2;3;21;B01
200900048800;0;7;0;13;2;1;5;A01
200900048801;0;7;0;5;0;2;21;A01
200900048802;0;10;0;0;2;5;15;A01
200900048802;0;33;0;0;2;1;1;B02
200900048803;0;7;0;0;0;9;14;A01
200900048804;0;7;0;0;2;3;9;A01
200900048804;0;33;0;0;2;7;1;B02
200900048805;0;7;0;0;0;5;15;A01
200900048805;0;33;0;0;0;1;0;B02
200900048806;0;7;0;0;2;9;1;A01
200900048807;0;7;0;0;2;2;19;B02
200900048807;0;7;0;0;2;1;1;A01
200900048808;0;7;0;0;2;4;2;B02
200900048808;0;7;0;0;2;1;2;A01
200900048809;0;33;0;0;2;1;5;A01
200900048809;0;7;0;0;2;3;10;B02
200900048810;0;7;0;0;2;3;1;B02
200900048810;0;7;0;0;2;3;13;A01
200900048811;0;33;0;0;2;3;1;B02
200900048811;0;7;0;0;2;7;15;A01
200900048812;0;7;0;0;2;8;1;B02
200900048812;0;7;0;0;2;1;0;C03
200900048812;0;7;0;0;2;1;5;A01
200900048813;0;7;0;0;2;1;1;B02
200900048813;0;7;0;0;2;1;1;A01
200900048814;0;33;0;0;0;1;1;A01
200900048815;0;7;0;0;0;1;1;C03
200900048815;0;7;0;0;0;4;1;B02
200900048815;0;7;0;0;9;1;1;A01
200900048816;0;35;0;0;0;1;1;A01
200900048817;0;33;0;13;0;1;13;A01
200900048818;0;30;0;0;0;0;0;A01
200900048819;0;7;0;0;2;3;23;C03
200900048819;0;7;0;1;2;2;15;B02
200900048819;0;7;0;0;2;3;1;A01
200900048820;0;14;0;0;1;0;15;A01
200900048821;0;7;0;0;1;2;1;A01
200900048822;0;7;0;4;0;3;1;A01
200900048823;0;1;0;0;2;1;2;B02
200900048823;0;7;0;0;9;5;23;A01
200900048824;0;36;0;0;2;1;1;A01
200900048824;0;7;0;0;2;3;1;B02
200900048825;0;7;0;13;0;3;14;A01
200900048826;0;30;0;1;0;1;13;A01
200900048826;0;7;0;0;0;7;0;B02
200900048826;0;7;0;0;0;4;0;C03
200900048827;0;33;0;0;2;1;13;A01
200900048827;0;21;0;0;0;8;19;B02
200900048828;1;33;0;0;0;0;1;B02
200900048829;0;7;0;0;2;2;12;A01
200900048829;0;7;0;3;2;6;1;B01
200900048830;0;7;0;13;0;9;0;A01
200900048831;0;7;0;0;2;4;2;B01
200900048831;0;33;0;0;2;1;3;A01
200900048832;0;7;0;0;2;1;2;A01
200900048832;0;7;0;0;2;4;2;B01
200900048833;0;17;0;0;2;0;1;B01
200900048833;0;7;0;0;2;0;11;A01
200900048834;0;17;0;0;2;0;0;A01
200900048834;0;7;0;0;2;0;1;B01
200900048835;0;7;0;0;2;0;1;C01
200900048835;0;7;0;0;2;1;2;A01
200900048835;0;7;0;0;2;4;2;B01
200900048836;0;7;0;4;5;0;21;A01
200900048837;0;7;0;0;2;6;2;C01
200900048837;0;10;0;3;2;4;2;B01
200900048837;0;7;0;0;2;1;2;A01
200900048838;0;7;0;0;2;1;2;B01
200900048838;0;7;0;0;2;4;4;A01
200900048839;0;7;0;0;2;1;2;A01
200900048839;0;7;0;0;2;4;2;B01
200900048840;0;33;0;0;2;7;1;B01
200900048840;0;7;0;3;2;8;11;A01
200900048841;0;7;0;0;2;4;2;B01
200900048841;0;7;0;0;2;4;2;E01
200900048841;0;7;0;0;2;1;2;A01
200900048841;0;10;0;0;2;4;2;C01
200900048841;0;7;0;0;2;4;2;D01
200900048842;0;10;0;0;2;0;0;C01
200900048842;0;7;0;0;2;0;0;A01
200900048842;0;33;0;0;2;0;0;B01
200900048843;0;7;0;4;2;0;1;B01
200900048843;0;17;0;0;2;0;0;A01
200900048844;0;7;0;0;2;4;1;A01
200900048844;0;17;0;0;2;2;12;B01
200900048845;0;7;0;13;0;0;0;A01
200900048846;0;7;0;3;0;0;0;A01
200900048847;0;17;0;3;0;3;13;A01
200900048848;0;33;0;0;2;0;0;A01
200900048848;0;10;0;0;2;0;0;B01
200900048849;1;7;0;0;2;8;11;A01
200900048849;0;7;0;4;2;7;1;B01
200900048850;0;7;0;0;2;0;0;C01
200900048850;0;7;0;0;2;0;0;A01
200900048850;0;7;0;0;2;0;0;B01
200900048851;0;7;0;3;0;0;0;A01
200900048852;0;7;0;0;2;3;1;B01
200900048852;0;33;0;9;2;7;12;A01
200900048853;0;7;0;3;0;0;0;A01
200900048854;0;7;0;3;0;0;0;A01
200900048855;0;7;0;3;0;0;21;A01
200900048856;0;7;0;0;2;0;1;C01
200900048856;0;7;0;0;2;0;1;B01
200900048856;0;7;0;14;2;0;21;A01
200900048857;0;33;0;0;2;8;0;B01
200900048857;0;33;0;3;2;7;13;A01
200900048858;0;33;0;0;2;0;12;A01
200900048858;0;10;0;0;2;0;1;B01
200900048859;0;38;60;0;1;2;1;A01
200900048860;0;7;0;0;9;1;2;C01
200900048860;0;7;0;0;2;1;2;A01
200900048860;0;7;0;0;2;4;2;B01
200900048861;1;10;0;0;1;0;0;A01
200900048862;0;7;0;1;0;1;0;A01
200900048863;0;7;0;0;1;7;1;A01
200900048864;0;1;0;0;2;7;0;A01
200900048864;0;7;0;0;2;1;1;B01
200900048865;0;1;0;0;2;8;19;B01
200900048865;0;7;0;0;2;1;15;A01
200900048866;0;7;0;0;2;1;1;B01
200900048866;0;7;0;0;2;8;1;A01
200900048867;0;7;0;0;1;2;1;A01
200900048868;0;7;0;0;2;1;1;B01
200900048868;0;7;0;0;2;8;9;A01
200900048869;0;7;0;0;2;1;1;A01
200900048869;0;7;0;0;2;3;1;B01
200900048870;0;10;0;0;2;8;2;B01
200900048870;0;7;0;0;2;1;15;A01
200900048871;1;7;0;0;1;0;0;A01
200900048872;0;7;0;0;2;7;15;A01
200900048872;0;7;0;0;2;2;1;B01
200900048873;0;10;0;0;2;2;10;A01
200900048873;0;2;0;0;2;1;2;B01
200900048874;0;7;0;0;2;1;15;A01
200900048874;0;7;0;0;2;8;1;B01
200900048875;0;30;0;0;2;0;1;B01
200900048875;0;16;0;0;2;7;16;A01
200900048876;1;32;0;0;0;0;1;A01
200900048877;0;7;0;13;0;1;1;A01
200900048878;0;10;0;0;1;3;5;C01
200900048878;0;30;0;1;0;2;2;A01
200900048878;0;7;0;0;0;8;0;B01
200900048879;0;7;0;0;1;3;2;A01
200900048880;0;7;0;0;1;3;1;A01
200900048881;0;10;0;8;2;9;16;A01
200900048881;0;7;0;0;2;6;1;B01
200900048882;0;7;0;0;2;8;15;B01
200900048882;0;2;0;0;2;1;1;A01
200900048883;0;7;0;0;2;6;10;A01
200900048883;0;33;0;0;2;1;1;B01
200900048884;0;7;0;0;2;3;15;A01
200900048884;0;33;0;0;2;1;1;B01
200900048885;0;7;0;0;1;2;1;A01
200900048886;0;7;0;1;0;2;1;A01
200900048887;0;7;0;0;1;1;1;A01
200900048888;0;7;0;0;2;3;15;A01
200900048888;0;1;0;0;2;1;1;B01
200900048889;0;7;0;0;2;8;1;A01
200900048889;0;1;0;0;2;1;0;B01
200900048890;0;2;0;12;0;1;1;A01
200900048891;0;37;27;0;1;2;1;A01
200900048892;0;7;0;0;2;5;15;A01
200900048892;0;31;0;0;2;1;17;B01
200900048893;0;7;0;0;2;5;1;B01
200900048893;0;2;0;0;2;1;1;A01
200900048894;0;10;0;0;1;3;1;A01
200900048895;0;7;0;0;1;3;1;A01
200900048896;0;7;0;0;1;2;2;A01
200900048897;0;7;0;0;1;2;2;A01
200900048898;0;15;0;0;2;1;1;A01
200900048898;0;7;0;0;2;3;1;B01
200900048899;0;7;0;1;0;2;15;A01
200900048900;0;30;0;0;2;7;1;B01
200900048900;0;10;0;0;2;1;1;A01
200900048901;0;7;0;0;0;1;1;A01