num_acc;senc;catv;occutc;obs;obsm;choc;manv;num_veh
200900048902;0;7;0;0;1;4;1;A01
200900048903;0;7;0;0;1;2;1;A01
200900048904;0;7;0;15;2;1;15;B01
200900048904;0;33;0;0;2;1;17;A01
200900048905;0;7;0;0;2;4;15;A01
200900048905;0;31;0;0;2;1;1;B01
200900048906;0;33;0;0;2;1;1;B01
200900048906;0;7;0;0;2;3;15;A01
200900048907;0;2;0;0;2;1;14;B01
200900048907;0;1;0;0;0;4;1;A01
200900048908;0;7;0;0;2;2;1;B01
200900048908;0;1;0;0;2;1;19;A01
200900048909;0;7;0;0;1;2;1;A01
200900048910;0;99;0;0;2;1;1;B01
200900048910;0;99;0;1;2;7;1;A01
200900048911;0;2;0;1;0;1;1;A01
200900048912;0;33;0;1;0;1;14;B01
200900048912;0;14;0;0;2;0;15;A01
200900048913;0;33;0;0;2;1;1;B01
200900048913;0;7;0;0;2;3;9;A01
200900048914;0;31;0;0;0;0;1;B01
200900048914;0;7;0;0;0;0;11;A01
200900048915;0;2;0;0;1;0;15;A01
200900048916;0;7;0;0;2;1;1;A01
200900048916;0;1;0;0;2;4;1;B01
200900048917;0;2;0;0;1;1;1;A01
200900048918;0;7;0;0;2;1;1;B01
200900048918;0;7;0;0;2;2;2;A01
200900048919;0;7;0;0;1;6;4;A01
200900048920;0;7;0;0;2;1;1;B01
200900048920;0;34;0;0;2;1;13;A01
200900048921;0;7;0;0;2;4;1;B01
200900048921;0;7;0;0;2;1;1;A01
200900048922;0;7;0;0;2;3;15;A01
200900048922;0;31;0;0;2;3;1;B01
200900048923;0;7;0;0;2;8;1;A01
200900048923;0;7;0;0;2;7;9;B01
200900048924;0;31;0;0;2;0;1;A01
200900048924;0;7;0;0;2;0;1;B01
200900048925;0;7;0;0;2;2;15;A01
200900048925;0;7;0;0;2;1;1;B01
200900048926;0;7;0;0;1;1;1;A01
200900048927;0;7;0;0;2;3;15;A01
200900048927;0;7;0;0;2;1;1;B01
200900048928;0;7;0;0;2;1;1;A01
200900048928;0;7;0;0;2;4;1;B01
200900048929;0;7;0;1;1;0;1;A01
200900048930;0;7;0;0;1;3;1;A01
200900048931;0;7;0;1;0;9;1;A01
200900048932;0;7;0;0;1;5;20;A01
200900048933;0;2;0;8;2;1;13;A01
200900048933;0;7;0;0;2;7;1;B01
200900048934;0;7;0;0;1;2;20;A01
200900048935;0;7;0;7;2;1;1;A01
200900048935;0;7;0;0;2;2;1;B01
200900048936;0;7;0;0;2;2;1;B01
200900048936;0;1;0;0;2;0;1;A01
200900048937;0;7;0;0;1;3;1;A01
200900048938;0;7;0;14;2;8;1;A01
200900048938;0;7;0;0;2;1;1;B01
200900048939;0;1;0;0;2;0;19;A01
200900048939;0;2;0;0;2;8;1;B01
200900048940;0;33;0;0;2;1;17;B01
200900048940;0;7;0;0;2;8;10;A01
200900048941;0;33;0;0;2;1;1;B01
200900048941;0;7;0;0;2;7;1;A01
200900048942;0;30;0;0;2;1;19;A01
200900048942;0;34;0;0;2;1;1;B01
200900048943;0;7;0;0;2;6;24;A01
200900048943;0;2;0;1;0;1;1;B01
200900048944;0;7;0;0;2;6;15;A01
200900048944;0;33;0;0;2;1;2;B01
200900048945;0;33;0;14;0;9;1;A01
200900048946;0;30;0;0;0;8;0;A01
200900048947;0;7;0;0;1;2;0;A01
200900048948;0;30;0;0;2;1;1;B01
200900048948;0;7;0;0;2;7;10;A01
200900048949;0;7;0;0;1;3;1;A01
200900048950;0;10;0;0;0;0;15;A01
200900048950;0;30;0;0;9;0;1;B01
200900048951;0;2;0;0;2;1;17;A01
200900048951;0;7;0;0;2;3;15;B01
200900048952;0;7;0;0;2;3;15;A01
200900048952;0;2;0;0;2;1;17;B01
200900048953;0;7;0;0;1;3;1;A01
200900048954;0;7;0;0;9;2;16;A01
200900048954;0;1;0;0;2;1;15;B01
200900048955;0;7;0;0;0;1;1;A01
200900048955;0;1;0;0;0;4;15;B01
200900048956;0;33;0;0;2;8;1;B01
200900048956;0;7;0;0;0;2;15;A01
200900048957;0;30;0;0;2;3;1;B01
200900048958;0;7;0;1;0;0;4;A01
200900048959;0;2;0;0;2;1;17;A01
200900048959;0;7;0;0;2;8;15;B01
200900048960;0;7;0;0;1;1;1;A01
200900048961;0;7;0;0;2;1;5;A01
200900048961;0;7;0;0;2;1;1;B01
200900048962;0;10;0;0;1;3;15;A01
200900048963;0;2;0;0;0;8;1;A01
200900048964;0;7;0;12;0;1;1;A01
200900048965;0;10;0;0;2;1;1;B01
200900048965;0;10;0;0;2;1;15;A01
200900048966;0;7;0;0;2;3;15;B01
200900048966;0;7;0;0;2;2;1;A01
200900048967;0;7;0;9;2;1;1;A01
200900048967;0;7;0;0;2;2;9;B01
200900048968;0;15;0;0;2;3;1;B01
200900048968;0;7;0;0;2;7;17;A01
200900048969;0;2;0;15;0;1;14;A01
200900048970;0;31;0;0;2;0;21;B02
200900048970;0;14;0;0;0;0;10;A01
200900048971;0;7;0;0;2;1;1;B02
200900048971;0;30;0;0;2;1;15;A01
200900048972;0;7;0;4;0;3;1;A01
200900048973;0;1;0;0;2;1;13;B02
200900048973;0;7;0;0;9;1;1;A01
200900048974;0;7;0;0;0;1;0;A01
200900048974;0;13;0;0;0;1;0;B02
200900048975;0;7;0;0;0;7;15;A01
200900048975;0;7;0;0;2;2;1;B02
200900048975;0;7;0;0;0;3;23;C03
200900048976;0;7;0;13;0;1;1;A01
200900048977;0;33;0;12;0;7;1;A01
200900048978;0;31;0;6;0;1;14;A01
200900048979;0;33;0;0;0;0;17;A01
200900048980;0;7;0;6;0;1;1;A01
200900048981;0;7;0;6;0;1;1;A01
200900048982;0;7;0;0;2;3;13;A01
200900048982;0;7;0;0;2;3;1;B02
200900048983;0;33;0;0;2;1;1;A01
200900048983;0;7;0;0;0;4;11;B02
200900048984;0;30;0;0;9;4;15;A01
200900048984;0;30;0;0;9;1;1;B02
200900048985;0;7;0;0;0;5;19;B02
200900048985;0;33;0;0;2;1;1;A01
200900048986;0;7;0;0;2;7;10;A01
200900048986;0;31;0;0;2;1;1;B01
200900048987;0;7;0;0;2;1;1;A01
200900048987;0;7;0;0;2;8;1;B01
200900048988;0;7;0;0;2;4;9;B01
200900048988;0;7;0;0;2;1;1;A01
200900048989;0;1;0;0;2;8;19;A01
200900048989;0;7;0;0;2;1;1;B01
200900048990;0;7;0;0;2;5;15;A01
200900048990;0;1;0;0;2;1;1;B01
200900048991;0;7;0;0;2;1;17;A01
200900048991;0;7;0;0;2;1;1;B01
200900048992;0;7;0;0;1;2;1;A01
200900048993;0;7;0;0;1;2;1;A01
200900048994;0;1;0;0;2;0;19;A01
200900048994;0;7;0;0;2;1;1;B01
200900048995;0;14;0;12;0;9;1;A01
200900048996;0;7;0;1;0;1;1;A01
200900048996;0;37;1;0;0;4;23;B01
200900048997;0;36;0;0;0;0;1;B01
200900048997;1;7;0;0;0;0;1;A01
200900048998;0;7;0;0;0;0;1;A01
200900048998;0;1;0;0;0;0;1;B01
200900048999;0;30;0;1;0;1;2;A01
200900048999;0;7;0;1;0;7;2;B01
200900049000;0;32;0;0;2;1;19;A01
200900049000;0;14;0;0;2;1;13;B02
200900049001;0;31;0;0;2;7;1;A01
200900049001;0;7;0;0;2;1;19;B02
200900049002;0;7;0;0;2;4;2;D01
200900049002;0;7;0;0;2;4;2;C01
200900049002;0;7;0;0;2;4;2;B01
200900049002;0;7;0;0;2;1;2;A01
200900049003;0;36;0;0;0;0;0;A01
200900049004;0;7;0;0;2;5;15;A01
200900049004;0;7;0;0;2;1;1;B01
200900049005;0;7;0;6;0;1;1;A01
200900049006;0;30;0;0;2;1;1;B01
200900049006;1;7;0;0;2;8;1;A01
200900049007;0;2;0;0;2;1;13;A01
200900049007;0;7;0;0;2;2;2;B01
200900049008;0;7;0;0;0;0;1;A01
200900049009;0;7;0;0;2;1;1;B01
200900049009;0;7;0;0;2;1;1;A01
200900049010;0;30;0;0;2;1;1;A01
200900049010;0;7;0;0;2;6;1;B01
200900049011;0;33;0;3;0;1;15;A01
200900049012;0;7;0;0;2;2;2;A01
200900049012;0;1;0;0;2;1;1;B01
200900049013;0;7;0;0;2;3;9;A01
200900049013;0;1;0;0;2;1;1;B01
200900049014;0;10;0;0;2;5;15;A01
200900049014;0;30;0;0;2;1;1;B01
200900049015;0;7;0;0;2;6;23;B01
200900049015;0;33;0;0;2;1;2;A01
200900049015;0;10;0;0;2;3;1;C01
200900049016;0;2;0;0;0;1;2;A01
200900049017;0;7;0;3;0;9;2;A01
200900049018;0;30;0;0;2;7;17;A01
200900049018;0;7;0;0;2;7;1;C01
200900049018;0;7;0;0;2;8;1;B01
200900049019;0;7;0;0;2;2;2;A01
200900049019;0;7;0;0;2;1;15;B01
200900049020;0;7;0;0;2;1;1;A01
200900049020;0;7;0;0;2;4;23;B01
200900049021;0;7;0;0;1;1;1;A01
200900049022;0;7;0;6;0;1;1;A01
200900049023;0;1;0;0;2;4;17;B01
200900049023;0;37;1;0;2;2;17;A01
200900049024;0;7;0;0;2;1;1;A01
200900049024;0;10;0;0;2;6;23;C01
200900049024;0;7;0;0;2;4;23;B01
200900049025;0;1;0;1;0;1;2;A01
200900049025;0;7;0;0;2;6;24;B01
200900049026;0;33;0;0;0;8;1;A01
200900049027;0;33;0;0;0;0;0;A01
200900049028;0;7;0;0;1;4;4;A01
200900049029;0;30;0;0;0;0;0;A01
200900049030;0;30;0;0;1;1;0;A01
200900049031;0;7;0;0;2;3;15;A01
200900049031;0;30;0;0;2;3;1;B01
200900049032;0;7;0;8;0;7;1;A01
200900049033;0;30;0;15;0;1;0;A01
200900049034;0;7;0;0;2;1;1;A01
200900049034;0;7;0;0;2;2;1;B01
200900049035;0;7;0;0;1;1;1;A01
200900049035;0;2;0;0;2;4;1;B01
200900049036;0;2;0;0;2;1;1;B01
200900049036;0;7;0;0;2;2;15;A01
200900049037;0;7;0;0;2;1;1;B01
200900049037;0;3;0;0;2;7;4;A01
200900049038;0;7;0;0;1;1;1;A01
200900049039;0;30;0;15;0;1;13;A01
200900049040;0;1;0;0;2;8;9;B01
200900049040;0;7;0;0;9;2;1;A01
200900049041;0;2;0;0;0;1;1;B01
200900049041;0;7;0;0;2;1;1;A01
200900049042;1;7;0;0;2;2;1;A01
200900049042;0;7;0;0;2;3;16;B01
200900049043;0;33;0;8;0;0;0;A01
200900049044;0;7;0;2;0;1;1;A01
200900049045;2;7;0;0;2;1;2;A01
200900049045;0;7;0;0;2;8;1;B01
200900049046;0;34;0;16;9;0;1;A01
200900049047;0;1;0;0;2;1;1;B01
200900049047;0;7;0;0;2;0;1;A01
200900049048;0;7;0;0;1;2;17;A01
200900049049;0;2;0;12;0;1;1;A01
200900049050;0;7;0;0;2;2;18;A01
200900049050;0;34;0;0;2;1;21;B01
200900049051;0;7;0;0;1;2;14;A01
200900049052;0;7;0;0;2;1;1;B01
200900049052;0;7;0;0;2;1;15;A01
200900049053;0;7;0;13;0;9;0;A01
200900049054;0;31;0;0;2;7;1;B01
200900049054;1;1;0;0;2;1;9;A01
200900049055;0;7;0;0;2;8;1;A01
200900049055;0;30;0;0;0;0;0;B01
200900049056;0;7;0;0;1;1;15;A01
200900049057;0;33;0;0;2;8;0;A01
200900049057;0;7;0;0;2;3;15;B01
200900049058;0;7;0;0;2;1;1;A01
200900049058;0;37;1;0;2;8;1;B01
200900049059;1;7;0;0;1;2;1;A01
200900049060;0;10;0;0;1;1;1;A01
200900049061;0;33;0;0;2;1;1;B01
200900049061;0;7;0;0;2;5;1;A01
200900049062;0;7;0;0;2;8;15;A01
200900049062;0;2;0;0;2;7;17;B01
200900049063;0;33;0;6;0;0;1;A01
200900049064;0;30;0;0;2;1;1;B01
200900049064;0;7;0;0;2;5;1;A01
200900049065;0;7;0;2;0;2;1;A01
200900049066;0;7;0;0;0;8;2;A01
200900049066;0;32;0;0;2;1;2;B01
200900049067;0;30;0;0;2;1;1;B01
200900049067;0;7;0;0;2;3;15;A01
200900049068;0;33;0;0;2;1;1;B01
200900049068;0;7;0;0;2;2;1;A01
200900049069;0;7;0;0;2;2;9;A01
200900049069;0;33;0;0;2;1;1;B01
200900049070;0;7;0;0;2;5;15;B01
200900049070;0;33;0;0;2;1;1;A01
200900049071;0;7;0;0;2;2;1;B01
200900049071;0;2;0;0;2;1;15;A01
200900049072;0;34;0;0;2;0;1;B01
200900049072;0;7;0;0;9;1;19;A01
200900049073;0;7;0;0;2;8;0;A01
200900049073;0;33;0;0;2;2;2;B01
200900049074;0;7;0;0;2;2;15;A01
200900049074;0;2;0;0;2;1;16;B01
200900049075;0;33;0;0;2;9;17;A01
200900049075;0;7;0;0;2;1;9;B01
200900049076;0;2;0;0;0;0;1;A01
200900049077;0;7;0;0;2;2;15;B01
200900049077;0;2;0;7;2;1;1;A01
200900049078;0;7;0;0;2;3;13;A01
200900049078;0;7;0;0;2;6;1;B01
200900049079;0;2;0;0;2;1;9;A01
200900049079;0;7;0;0;2;3;1;B01
200900049080;0;33;0;0;0;8;1;A01
200900049081;0;7;0;0;2;1;2;A01
200900049081;0;7;0;0;2;4;1;B01
200900049082;0;7;0;0;0;3;1;A01
200900049082;0;7;0;0;0;8;15;B01
200900049083;0;7;0;0;1;1;1;A01
200900049084;0;7;0;1;2;1;2;A01
200900049084;0;7;0;0;2;4;1;B01
200900049085;0;7;0;6;0;1;15;A01
200900049086;0;7;0;0;2;1;9;A01
200900049086;0;7;0;0;2;1;1;B01
200900049087;0;7;0;0;2;0;19;A01
200900049087;0;33;0;0;2;0;1;B01
200900049088;0;30;0;1;1;1;1;A01
200900049089;0;7;0;0;2;1;1;B01
200900049089;0;7;0;0;2;4;2;A01
200900049090;0;7;0;0;2;4;2;C01
200900049090;0;7;0;0;2;1;2;A01
200900049090;0;7;0;0;2;4;2;B01
200900049091;0;7;0;7;0;0;14;A01
200900049092;0;7;0;3;0;0;0;A01
200900049093;0;33;0;4;0;0;0;A01
200900049094;0;7;0;0;5;0;0;A01
200900049095;0;33;0;0;0;0;0;A01
200900049096;0;7;0;0;2;1;2;A01
200900049096;0;7;0;0;2;4;2;D01
200900049096;0;7;0;0;2;1;2;B01
200900049096;0;7;0;0;2;4;2;C01
200900049097;0;7;0;3;0;0;13;A01
200900049098;0;7;0;0;2;4;2;B01
200900049098;0;33;0;0;2;1;2;A01
200900049099;0;7;0;3;0;0;0;A01
200900049100;0;33;0;0;0;0;0;A01
200900049101;0;7;0;0;2;4;2;B01
200900049101;0;7;0;0;2;1;2;A01
200900049102;0;17;0;0;0;0;12;A01
200900049103;0;7;0;15;0;0;0;A01
200900049104;0;7;0;3;2;1;2;A01
200900049104;0;7;0;3;2;4;2;B01
200900049105;0;7;0;3;0;7;14;A01
200900049106;0;7;0;4;0;0;0;A01
200900049107;0;7;0;0;2;4;2;C01
200900049107;0;7;0;0;2;1;2;A01
200900049107;0;7;0;0;2;4;2;B01
200900049108;0;7;0;3;0;7;14;A01
200900049109;0;7;0;3;0;0;14;A01
200900049110;0;7;0;5;0;0;0;A01
200900049111;0;7;0;4;0;0;0;A01
200900049112;0;7;0;0;2;0;1;B01
200900049112;0;7;0;0;2;0;1;C01
200900049112;0;17;0;0;2;0;12;A01
200900049113;0;17;0;3;2;0;0;A01
200900049113;0;7;0;0;2;1;0;B01
200900049114;0;33;0;0;2;0;14;A01
200900049114;0;17;0;0;2;0;23;B01
200900049115;1;7;0;0;0;0;11;B01
200900049115;0;7;0;4;0;0;13;A01
200900049116;0;10;0;13;0;0;14;A01
200900049117;0;33;0;0;2;1;1;B01
200900049117;0;7;0;0;2;8;11;A01
200900049118;1;7;0;0;2;1;2;A01
200900049118;0;7;0;0;2;4;2;B01
200900049119;0;7;0;0;2;1;2;A01
200900049119;0;7;0;0;2;4;2;B01
200900049120;0;7;0;5;0;0;0;A01
200900049121;0;7;0;9;0;0;14;A01
200900049122;1;7;0;0;2;1;0;A01
200900049122;0;7;0;0;2;4;1;B01
200900049123;0;7;0;3;0;0;0;A01
200900049124;0;7;0;0;2;8;11;A01
200900049124;0;7;0;0;2;7;1;B01
200900049125;0;17;0;3;0;3;13;A01
200900049125;0;7;0;0;9;1;1;B01
200900049126;0;7;0;0;2;3;10;A01
200900049126;0;2;0;0;2;1;1;B01
200900049127;0;7;0;13;0;1;1;A01
200900049128;0;33;0;0;2;7;21;B01
200900049128;0;7;0;0;0;2;15;A01
200900049129;0;7;0;13;0;0;0;A01
200900049130;0;7;0;0;2;0;0;B01
200900049130;0;33;0;0;2;0;0;A01
200900049131;0;7;0;4;0;0;13;A01
200900049132;0;2;0;0;0;1;1;A01
200900049133;0;7;0;14;2;1;9;A01
200900049133;0;7;0;0;2;2;1;B01
200900049134;0;7;0;0;2;2;15;A01
200900049134;0;31;0;0;2;6;1;B01
200900049135;0;2;0;0;2;1;15;A01
200900049135;0;7;0;0;2;1;1;B01
200900049136;0;7;0;0;1;0;1;A01
200900049137;0;7;0;0;2;1;9;B01
200900049137;0;31;0;0;2;1;17;A01
200900049138;0;7;0;0;1;0;1;A01
200900049139;0;7;0;1;0;8;1;A01
200900049140;0;32;0;0;2;1;1;B01
200900049140;0;7;0;0;2;2;15;A01
200900049141;0;7;0;1;0;1;1;A01
200900049142;0;7;0;0;2;1;1;A01
200900049142;0;7;0;0;2;4;1;B01
200900049143;0;7;0;1;1;0;1;A01
200900049144;0;7;0;0;1;7;1;A01
200900049145;0;1;0;0;2;1;15;A01
200900049145;0;7;0;0;2;3;1;B01
200900049146;0;30;0;7;2;9;1;A01
200900049146;0;7;0;0;2;9;1;B01
200900049147;0;7;0;0;2;1;15;B01
200900049147;0;7;0;0;2;2;1;A01
200900049148;0;7;0;0;2;2;0;A01
200900049148;0;30;0;0;2;1;0;B01
200900049149;0;7;0;0;2;7;20;B01
200900049149;0;30;0;0;2;9;5;A01
200900049150;0;7;0;0;2;0;1;B01
200900049150;0;7;0;0;2;7;1;A01
200900049151;0;30;0;1;0;9;1;A01
200900049152;0;7;0;0;2;3;1;B01
200900049152;0;7;0;7;2;1;10;A01
200900049153;0;1;0;0;2;0;2;B01
200900049153;0;7;0;0;2;4;4;A01
200900049154;0;32;0;1;0;1;1;A01
200900049155;0;30;0;0;2;4;23;B01
200900049155;0;7;0;0;2;1;1;A01
200900049156;0;7;0;1;2;1;1;A01
200900049156;0;7;0;0;2;8;1;B01
200900049157;0;1;0;0;2;3;15;B01
200900049157;0;7;0;0;9;2;15;A01
200900049158;0;7;0;11;2;9;1;A01
200900049158;0;7;0;0;2;1;1;B01
200900049159;0;7;0;0;2;1;2;B01
200900049159;0;7;0;0;2;3;15;A01
200900049160;0;7;0;0;2;2;11;A01
200900049161;0;7;0;0;1;3;1;A01
200900049162;0;2;0;1;0;1;1;A01
200900049163;0;7;0;0;1;1;2;A01
200900049164;0;7;0;6;2;9;0;A01
200900049165;0;10;0;0;2;3;1;A01
200900049165;0;30;0;0;2;3;1;B01
200900049166;0;30;0;0;2;2;17;A01
200900049166;0;7;0;0;2;3;15;B01
200900049167;0;30;0;0;2;7;1;B01
200900049167;1;7;0;0;2;0;16;A01
200900049168;0;7;0;4;0;1;1;A01
200900049169;1;7;0;0;1;0;0;A01
200900049170;0;30;0;0;2;1;9;A01
200900049170;0;7;0;0;2;7;1;B01
200900049171;0;7;0;0;2;3;15;A01
200900049171;0;7;0;0;2;1;1;B01
200900049172;0;7;0;0;1;1;1;A01
200900049173;0;30;0;0;2;1;21;B01
200900049173;0;7;0;0;2;3;19;A01
200900049174;0;2;0;0;2;3;1;A01
200900049174;0;37;0;0;2;3;15;B01
200900049175;0;7;0;0;1;1;1;A01
200900049176;0;7;0;0;2;1;2;A01
200900049176;0;7;0;0;2;3;2;B01
200900049177;0;30;0;0;2;1;13;A01
200900049177;0;7;0;0;2;1;1;B01
200900049178;0;7;0;0;2;2;1;A01
200900049178;0;37;0;0;2;3;1;B01
200900049179;0;7;0;0;2;2;15;A01
200900049179;0;7;0;0;2;3;1;B01
200900049180;0;7;0;0;2;2;1;A01
200900049180;0;7;0;0;2;3;1;B01
200900049181;0;7;0;0;2;6;1;B01
200900049181;0;30;0;0;2;1;1;A01
200900049182;0;14;0;0;2;7;1;B01
200900049182;0;7;0;0;2;1;1;A01
200900049183;0;30;0;0;2;8;1;B01
200900049183;0;30;0;0;2;1;1;A01
200900049184;1;7;0;0;2;2;16;A01
200900049184;0;1;0;0;2;6;1;B01
200900049185;0;7;0;15;0;1;1;A01
200900049186;0;33;0;0;2;1;1;B01
200900049186;0;10;0;0;2;2;1;A01
200900049187;0;7;0;0;2;8;1;A01
200900049187;0;2;0;0;2;1;1;B01
200900049188;0;7;0;2;0;1;1;A01
200900049189;0;32;0;0;9;3;10;A01
200900049190;0;7;0;2;0;8;12;A01
200900049191;0;7;0;2;0;9;1;A01
200900049192;0;10;0;1;0;7;19;A01
200900049193;0;7;0;0;2;3;1;B02
200900049193;0;2;0;0;2;1;13;A01
200900049194;0;7;0;0;1;1;0;A01
200900049195;0;33;0;0;2;1;17;A01
200900049195;0;7;0;0;2;3;10;B02
200900049196;0;7;0;0;1;1;1;A01
200900049197;0;33;0;0;0;0;0;A01
200900049198;0;1;0;0;2;1;1;B02
200900049198;0;7;0;0;9;3;15;A01
200900049199;0;33;0;0;2;1;17;A01
200900049199;0;7;0;0;0;1;1;B02
200900049200;0;7;0;0;2;1;17;A01
200900049200;0;2;0;0;2;1;1;B02
200900049201;0;33;0;0;2;1;17;A01
200900049201;0;21;0;0;2;8;15;B02
200900049202;0;7;0;0;2;1;1;A01
200900049202;0;7;0;0;2;1;5;B02
200900049203;0;7;0;6;1;5;15;A01
200900049204;0;33;0;2;0;7;16;A01
200900049205;0;7;0;0;1;3;15;A01
200900049206;0;1;0;0;0;1;1;A01
200900049207;0;7;0;0;9;5;19;A01
200900049207;0;1;0;0;2;1;1;B02
200900049208;0;33;0;13;0;1;1;A01
200900049209;0;33;0;13;0;2;1;A01
200900049210;0;7;0;0;2;1;1;B02
200900049210;0;2;0;0;2;1;1;A01
200900049211;0;7;0;8;0;3;1;A01
200900049212;0;1;0;0;0;1;1;B02
200900049212;0;7;0;0;0;1;21;A01
200900049213;0;31;0;15;0;2;1;A01
200900049214;0;21;0;0;1;7;1;A01
200900049215;0;14;0;0;2;1;5;B02
200900049215;0;17;0;0;2;1;1;A01
200900049216;0;33;0;0;0;1;1;B02
200900049216;0;21;0;0;0;3;15;A01
200900049217;0;7;0;0;2;1;13;A01
200900049217;0;7;0;0;2;1;1;B01
200900049218;0;7;0;0;2;6;0;B01
200900049218;0;7;0;0;2;2;0;A01
200900049219;0;7;0;0;1;0;0;A01
200900049220;0;7;0;0;2;1;1;B01
200900049220;0;30;0;0;2;1;1;A01
200900049221;0;1;0;0;2;8;1;B01
200900049221;1;7;0;0;2;2;1;A01
200900049222;0;7;0;0;1;3;1;A01
200900049223;0;33;0;0;2;8;17;A01
200900049223;0;7;0;0;2;6;23;B01
200900049224;0;7;0;0;2;6;1;C01
200900049224;0;7;0;0;2;1;17;A01
200900049224;0;7;0;0;2;1;1;B01
200900049225;0;30;0;0;2;1;9;A01
200900049225;0;7;0;0;2;6;1;B01
200900049226;0;7;0;0;2;1;2;A01
200900049226;0;7;0;0;2;4;2;B01
200900049227;0;7;0;11;0;1;1;A01
200900049228;0;30;0;1;0;1;0;A01
200900049229;0;33;0;0;2;5;23;B01
200900049229;0;2;0;0;2;1;1;A01
200900049230;0;33;0;0;2;8;1;B01
200900049230;0;7;0;0;2;2;1;A01
200900049231;0;33;0;0;2;1;1;B01
200900049231;0;3;0;0;2;7;15;A01
200900049232;0;7;0;0;0;4;1;B01
200900049232;0;30;0;0;2;1;1;A01
200900049233;0;7;0;2;0;1;1;A01
200900049234;0;7;0;0;1;2;1;A01
200900049235;0;7;0;0;2;1;1;C01
200900049235;0;7;0;0;2;0;1;B01
200900049235;0;7;0;4;2;3;13;A01
200900049236;0;7;0;0;2;0;1;B01
200900049236;0;7;0;3;2;0;14;A01
200900049237;0;7;0;0;2;7;17;A01
200900049237;0;17;0;0;2;3;1;B01
200900049238;0;7;0;3;2;1;0;A01
200900049238;0;7;0;3;2;4;0;B01
200900049239;0;17;0;0;2;7;12;A01
200900049239;0;7;0;0;2;8;1;B01
200900049240;0;7;0;4;0;0;14;A01
200900049241;0;33;0;0;2;0;1;B01
200900049241;0;7;0;0;0;0;4;C01
200900049241;0;33;0;0;2;0;0;A01
200900049242;0;7;0;0;2;4;2;C01
200900049242;0;7;0;0;2;1;2;A01
200900049242;0;7;0;0;2;4;2;B01
200900049243;0;10;0;0;0;0;0;A01
200900049244;0;10;0;5;0;3;1;B01
200900049244;0;7;0;5;0;3;13;A01
200900049245;0;17;0;0;2;7;12;A01
200900049245;0;7;0;0;2;8;1;B01
200900049246;0;10;0;3;0;0;12;A01
200900049247;0;7;0;3;2;4;2;B01
200900049247;0;7;0;0;2;1;2;A01
200900049247;0;7;0;0;2;0;1;C01
200900049247;0;7;0;0;2;0;1;D01
200900049248;0;33;0;0;0;0;0;A01
200900049249;0;7;0;14;0;1;14;A01
200900049250;0;7;0;0;2;0;9;B01
200900049250;0;17;0;1;2;0;1;A01
200900049251;0;7;0;0;2;0;11;B01
200900049251;0;33;0;0;2;0;3;A01
200900049252;0;7;0;0;0;0;0;A01
200900049253;0;7;0;0;2;4;2;B01
200900049253;0;7;0;0;2;1;2;A01
200900049254;0;33;0;14;0;0;0;A01
200900049255;0;7;0;0;0;0;12;A01
200900049255;0;7;0;3;0;8;13;B01
200900049256;0;17;0;3;0;0;0;A01
200900049257;0;7;0;3;0;8;13;A01
200900049258;0;7;0;0;2;6;24;B01
200900049258;0;7;0;1;0;1;14;A01
200900049258;0;7;0;0;2;6;24;C01
200900049259;0;7;0;3;0;7;14;A01
200900049260;0;7;0;0;1;1;1;A01
200900049261;0;7;0;0;2;4;2;B01
200900049261;0;7;0;4;2;1;2;A01
200900049262;0;17;0;0;2;7;12;A01
200900049262;0;7;0;4;2;8;1;B01
200900049263;0;7;0;13;0;9;14;A01
200900049264;0;7;0;3;0;8;13;A01
200900049265;0;33;0;0;0;0;0;A01
200900049266;0;7;0;4;0;9;13;A01
200900049267;0;7;0;10;0;1;2;A01
200900049268;0;7;0;0;0;0;0;A01
200900049269;0;7;0;0;2;4;9;A01
200900049269;0;33;0;3;2;1;1;B01
200900049270;0;7;0;0;2;5;9;A01
200900049270;0;2;0;0;2;2;1;B01
200900049271;0;33;0;0;1;1;1;C01
200900049271;0;10;0;0;2;1;1;B01
200900049271;0;33;0;0;2;1;13;A01
200900049272;0;10;0;0;2;5;15;A01
200900049272;0;7;0;0;2;1;21;B01
200900049273;0;7;0;15;0;5;2;A01
200900049274;0;31;0;0;2;1;1;B01
200900049274;0;7;0;0;2;4;4;A01
200900049275;0;30;0;11;0;1;1;A01
200900049276;0;7;0;0;2;4;1;B01
200900049276;0;7;0;0;2;4;1;C01
200900049276;0;7;0;0;2;4;1;D01
200900049276;0;7;0;0;2;1;1;A01
200900049277;0;1;0;0;0;4;1;A01
200900049277;0;2;0;0;0;0;1;B01
200900049278;0;30;0;0;2;3;1;B01
200900049279;0;7;0;0;2;3;1;B01
200900049279;0;7;0;0;2;1;15;A01
200900049280;0;7;0;0;1;2;1;A01
200900049281;0;7;0;0;0;0;1;A01
200900049282;0;7;0;0;2;3;9;A01
200900049282;0;31;0;0;2;1;1;B01
200900049283;0;1;0;1;2;0;19;A01
200900049284;0;31;0;0;0;1;1;A01
200900049285;0;7;0;0;1;0;1;A01
200900049286;0;7;0;1;1;1;1;A01
200900049287;0;7;0;1;0;2;1;A01
200900049288;0;7;0;0;2;1;2;A01