num_acc;senc;catv;occutc;obs;obsm;choc;manv;num_veh
200900049288;0;7;0;0;2;9;23;B01
200900049288;0;7;0;7;2;4;23;C01
200900049289;0;2;0;0;2;9;1;B01
200900049289;0;7;0;0;2;5;20;A01
200900049290;1;7;0;0;2;2;17;A01
200900049290;0;7;0;0;2;1;1;B01
200900049291;0;32;0;14;2;1;1;A01
200900049291;0;7;0;0;2;1;1;B01
200900049292;0;7;0;0;2;1;1;B01
200900049292;0;32;0;0;2;9;17;A01
200900049293;0;7;0;0;0;6;1;A01
200900049294;0;7;0;0;2;1;1;B01
200900049294;0;7;0;0;2;1;5;A01
200900049295;0;7;0;0;1;2;1;A01
200900049296;0;7;0;4;0;0;0;A01
200900049297;0;15;0;0;2;4;1;C01
200900049297;0;15;0;0;2;1;1;A01
200900049297;0;7;0;0;2;4;1;B01
200900049298;0;7;0;0;0;0;0;A01
200900049299;0;7;0;0;1;0;0;A01
200900049299;0;7;0;0;2;0;0;B01
200900049299;0;7;0;0;2;0;0;C01
200900049300;0;10;0;3;0;0;0;A01
200900049301;0;33;0;3;0;0;13;A01
200900049302;0;33;0;0;2;1;2;A01
200900049302;0;7;0;0;2;4;23;B01
200900049303;0;7;0;4;0;0;13;A01
200900049304;0;7;0;0;2;1;1;A01
200900049304;0;7;0;3;0;4;2;B01
200900049305;0;33;0;0;0;0;0;A01
200900049306;0;7;0;0;0;9;0;A01
200900049307;0;7;0;0;1;0;1;A01
200900049308;0;7;0;14;2;1;1;A01
200900049308;0;7;0;0;2;8;1;B01
200900049309;0;7;0;0;2;2;15;B01
200900049309;0;7;0;0;2;8;9;A01
200900049310;0;7;0;0;1;5;1;A01
200900049311;0;7;0;7;2;8;1;A01
200900049311;0;7;0;7;2;1;1;B01
200900049312;0;7;0;1;1;0;1;A01
200900049313;0;7;0;1;1;7;1;A01
200900049314;0;1;0;0;2;0;1;B01
200900049314;0;7;0;0;2;1;1;A01
200900049315;0;7;0;0;2;7;20;A01
200900049315;0;7;0;0;2;9;1;B01
200900049316;0;10;0;0;1;3;1;B01
200900049316;0;37;4;0;2;8;23;C01
200900049316;0;30;0;0;2;1;17;A01
200900049317;0;1;0;0;2;0;19;B01
200900049317;0;7;0;1;2;0;1;A01
200900049318;0;2;0;0;0;1;2;A01
200900049318;0;7;0;0;0;4;23;B01
200900049319;0;7;0;0;1;2;1;A01
200900049320;0;7;0;0;1;1;1;A01
200900049321;0;7;0;0;1;3;1;A01
200900049322;0;31;0;1;0;1;1;A01
200900049323;0;31;0;0;2;1;1;B01
200900049323;0;7;0;0;2;5;15;A01
200900049324;0;31;0;0;2;0;5;A01
200900049324;0;7;0;0;2;2;1;B01
200900049325;0;7;0;0;2;7;15;A01
200900049325;0;33;0;0;0;7;1;B01
200900049326;0;7;0;0;2;3;15;A01
200900049326;0;30;0;0;2;1;1;B01
200900049327;0;7;0;0;2;1;15;A01
200900049327;0;30;0;0;2;1;1;B01
200900049328;0;7;0;14;0;4;4;A01
200900049329;0;10;0;0;2;7;16;A01
200900049329;0;30;0;0;2;1;1;B01
200900049330;0;1;0;0;2;8;1;A01
200900049330;0;7;0;0;2;2;1;B01
200900049331;0;7;0;6;2;3;1;B01
200900049331;0;7;0;0;2;1;19;A01
200900049332;0;30;0;12;0;1;1;A01
200900049333;0;2;0;0;2;1;2;B01
200900049333;0;7;0;0;2;5;16;A01
200900049334;0;7;0;0;2;2;1;A01
200900049335;0;14;0;1;0;7;1;A01
200900049335;0;10;0;0;2;7;1;B01
200900049336;0;33;0;0;9;1;1;A01
200900049337;0;7;0;0;2;1;1;A01
200900049337;0;1;0;0;2;8;19;B01
200900049338;0;7;0;0;2;2;16;B01
200900049338;0;2;0;0;2;1;18;A01
200900049339;0;7;0;0;1;1;1;A01
200900049340;0;14;0;0;0;2;16;A01
200900049340;0;1;0;0;2;9;1;B01
200900049341;0;7;0;0;2;2;1;B01
200900049341;0;7;0;0;2;4;9;A01
200900049342;0;7;0;0;2;3;1;B01
200900049342;0;7;0;0;2;1;1;A01
200900049343;0;7;0;0;2;2;1;A01
200900049343;0;2;0;0;2;0;1;B01
200900049344;0;7;0;0;2;5;16;A01
200900049344;0;1;0;0;2;2;1;B01
200900049345;0;7;0;0;1;2;1;A01
200900049346;0;33;0;0;2;7;17;B01
200900049346;0;7;0;0;2;0;1;C01
200900049346;0;7;0;0;2;1;17;A01
200900049347;0;7;0;0;2;3;1;B01
200900049347;0;30;0;0;2;1;1;A01
200900049348;0;7;0;0;1;1;1;A01
200900049349;0;7;0;0;2;5;23;B01
200900049349;0;33;0;3;2;2;1;A01
200900049350;0;7;0;0;1;1;1;A01
200900049351;0;7;0;0;1;1;2;A01
200900049352;0;2;0;0;2;1;17;A01
200900049352;0;33;0;0;2;1;9;B01
200900049353;0;7;0;0;1;5;1;A01
200900049354;0;36;0;0;1;0;0;A01
200900049355;0;2;0;0;2;1;1;A01
200900049355;0;7;0;0;2;3;1;B01
200900049356;0;7;0;0;1;0;1;A01
200900049357;0;7;0;0;2;8;15;A01
200900049357;0;31;0;0;2;1;1;B01
200900049358;0;7;0;0;2;1;2;B01
200900049358;0;7;0;0;2;1;2;C01
200900049358;0;7;0;0;2;4;20;D01
200900049358;0;7;0;1;2;1;1;A01
200900049359;0;10;0;0;1;2;1;A01
200900049360;0;7;0;0;1;3;0;A01
200900049361;0;37;2;0;0;0;2;B01
200900049361;0;7;0;0;0;0;12;A01
200900049362;0;7;0;0;2;3;15;A01
200900049362;0;30;0;0;2;1;1;B01
200900049363;0;7;0;0;2;3;1;B01
200900049363;0;7;0;0;2;1;15;A01
200900049364;0;33;0;10;0;1;21;B01
200900049364;0;7;0;0;0;0;12;A01
200900049365;0;13;0;0;1;1;1;A01
200900049366;0;2;0;0;2;0;1;B01
200900049366;0;10;0;0;0;0;16;A01
200900049367;0;33;0;3;0;4;1;A01
200900049368;0;10;0;0;2;1;15;B01
200900049368;0;30;0;0;2;1;1;A01
200900049369;0;2;0;0;2;1;1;A01
200900049369;0;7;0;0;2;3;15;B01
200900049370;0;7;0;0;2;3;0;A01
200900049370;0;2;0;0;2;1;5;B01
200900049371;0;34;0;0;2;1;1;B01
200900049371;0;7;0;0;2;8;9;A01
200900049372;0;7;0;0;0;5;2;A01
200900049372;0;33;0;0;2;1;2;B02
200900049373;0;7;0;0;1;6;1;A01
200900049374;0;31;0;0;2;2;1;B02
200900049374;0;7;0;0;2;1;17;A01
200900049375;0;1;0;0;0;7;1;A01
200900049375;0;1;0;0;0;7;1;B02
200900049375;0;7;0;0;2;1;19;C03
200900049376;0;30;0;0;2;1;1;A01
200900049376;0;7;0;0;2;1;15;B02
200900049377;0;37;0;0;1;3;1;A01
200900049378;0;33;0;0;2;1;1;B02
200900049378;0;10;0;0;0;5;15;A01
200900049379;0;36;0;0;1;3;10;A01
200900049380;0;7;0;0;2;3;1;B02
200900049380;0;7;0;0;2;3;1;C03
200900049380;0;7;0;0;2;6;19;A01
200900049381;0;30;0;1;0;2;24;A01
200900049381;0;38;0;0;2;6;1;B02
200900049382;0;7;0;0;1;6;1;A01
200900049383;0;7;0;0;1;3;15;A01
200900049384;0;30;0;8;0;1;1;A01
200900049385;0;7;0;0;1;1;1;A01
200900049386;0;7;0;13;0;3;13;A01
200900049387;0;7;0;0;2;1;13;A01
200900049387;0;7;0;0;2;1;1;B02
200900049388;0;7;0;0;2;3;1;B02
200900049388;0;33;0;0;2;1;13;A01
200900049389;0;7;0;0;2;7;1;A01
200900049389;0;30;0;0;2;1;1;B02
200900049390;0;7;0;13;0;3;1;A01
200900049391;0;7;0;0;1;5;1;A01
200900049392;0;7;0;0;9;2;18;A01
200900049392;0;30;0;0;2;1;1;B02
200900049393;0;33;0;1;0;0;1;A01
200900049394;0;33;0;0;1;1;2;A01
200900049395;0;30;0;0;2;1;1;B01
200900049395;0;7;0;0;2;3;15;A01
200900049396;0;30;0;0;1;1;17;A01
200900049397;1;99;0;0;1;0;0;A01
200900049398;1;7;0;0;2;1;1;A01
200900049399;0;7;0;0;2;3;15;B01
200900049399;0;7;0;1;2;1;17;A01
200900049400;0;7;0;0;1;2;1;A01
200900049401;0;7;0;0;2;1;15;A01
200900049401;0;7;0;0;2;1;1;B01
200900049402;0;7;0;0;1;3;1;A01
200900049403;0;33;0;1;2;1;1;B01
200900049403;0;7;0;1;2;7;19;A01
200900049404;0;7;0;0;2;5;4;A01
200900049404;0;1;0;0;2;1;0;B01
200900049405;0;2;0;0;2;1;1;B01
200900049405;0;7;0;1;2;3;17;A01
200900049406;0;7;0;0;2;1;1;A01
200900049406;0;7;0;0;2;6;1;B01
200900049406;0;7;0;0;2;4;1;C01
200900049407;0;7;0;0;2;1;15;A01
200900049407;0;30;0;0;2;8;1;B01
200900049407;0;7;0;0;2;3;23;C01
200900049408;0;1;0;0;2;1;1;A01
200900049408;0;7;0;0;2;5;23;B01
200900049409;0;7;0;0;1;1;1;A01
200900049410;0;30;0;0;0;4;2;B01
200900049410;0;7;0;0;2;1;2;A01
200900049411;0;2;0;0;2;1;1;B01
200900049411;0;7;0;0;2;2;15;A01
200900049412;0;14;0;0;2;0;1;A01
200900049412;0;7;0;0;9;1;1;B01
200900049413;1;7;0;0;2;0;15;A01
200900049413;0;2;0;0;2;1;2;B01
200900049414;0;7;0;0;1;5;1;A01
200900049415;0;33;0;0;0;1;1;A01
200900049416;0;7;0;0;1;3;0;A01
200900049417;0;7;0;0;2;7;1;B01
200900049417;0;7;0;0;2;1;6;A01
200900049418;0;7;0;0;2;4;2;C01
200900049418;0;7;0;0;2;1;2;A01
200900049418;0;7;0;0;2;1;2;B01
200900049419;0;7;0;0;2;1;13;A01
200900049419;0;10;0;0;2;3;1;B01
200900049420;0;7;0;0;1;1;1;A01
200900049421;0;7;0;0;1;1;1;A01
200900049422;0;30;0;0;2;1;1;B01
200900049422;0;7;0;0;2;3;9;A01
200900049423;0;31;0;8;0;1;1;A01
200900049424;0;7;0;0;2;3;23;C01
200900049424;0;7;0;0;2;1;2;B01
200900049424;0;7;0;0;2;2;19;A01
200900049425;0;2;0;6;0;1;14;A01
200900049426;0;1;0;0;2;1;13;C03
200900049426;0;7;0;0;2;8;15;A01
200900049426;0;1;0;0;2;1;13;B02
200900049427;0;7;0;8;0;1;13;A01
200900049428;0;7;0;0;2;2;15;A01
200900049428;0;33;0;0;2;1;1;B02
200900049429;0;7;0;0;2;3;13;A01
200900049429;0;7;0;0;2;3;1;B02
200900049430;0;7;0;0;2;3;1;B02
200900049430;0;7;0;0;2;1;13;A01
200900049431;0;2;0;1;0;1;1;A01
200900049432;0;10;0;14;4;1;1;A01
200900049432;0;39;0;0;2;7;1;B02
200900049433;0;7;0;13;0;9;14;A01
200900049433;0;7;0;0;2;5;21;B02
200900049434;0;3;0;13;0;2;0;A01
200900049435;0;7;0;0;2;0;2;A01
200900049435;0;7;0;0;2;1;2;C03
200900049435;0;7;0;0;2;4;2;B02
200900049436;0;10;0;0;2;1;1;B02
200900049436;0;7;0;0;2;1;13;A01
200900049437;0;7;0;0;1;5;1;A01
200900049438;0;7;0;0;2;1;5;A01
200900049438;0;7;0;0;2;1;1;B02
200900049439;0;2;0;0;0;8;15;B02
200900049439;0;7;0;0;0;1;1;A01
200900049440;0;30;0;14;0;1;1;A01
200900049441;0;33;0;0;6;1;1;A01
200900049442;1;15;0;0;2;5;2;A01
200900049442;0;1;0;0;2;6;2;B02
200900049443;0;1;0;0;2;1;1;B02
200900049443;0;7;0;0;2;3;1;A01
200900049444;0;7;0;6;0;3;1;A01
200900049445;0;7;0;0;2;6;4;A01
200900049445;0;2;0;0;2;1;1;B02
200900049446;0;7;0;0;1;1;1;A01
200900049447;0;2;0;6;0;3;0;A01
200900049448;0;7;0;0;2;1;1;B01
200900049448;0;7;0;0;2;2;15;A01
200900049449;0;7;0;0;2;6;0;A01
200900049449;0;7;0;0;2;1;1;B01
200900049450;0;30;0;0;2;0;1;B01
200900049450;0;7;0;0;2;7;16;A01
200900049451;0;33;0;0;2;1;17;B01
200900049451;0;7;0;0;2;6;20;A01
200900049452;0;7;0;0;2;8;9;A01
200900049452;0;30;0;0;2;1;1;B01
200900049453;0;7;0;0;1;1;1;A01
200900049454;0;7;0;0;1;2;0;A01
200900049455;0;7;0;0;2;1;15;A01
200900049455;0;7;0;0;2;1;1;B01
200900049456;0;7;0;0;2;1;1;B01
200900049456;0;7;0;0;2;8;15;A01
200900049457;0;7;0;0;2;1;15;A01
200900049457;0;7;0;0;2;1;1;B01
200900049458;0;7;0;0;2;5;15;A01
200900049458;0;2;0;0;2;1;1;B01
200900049459;0;7;0;0;1;3;1;A01
200900049460;0;7;0;0;2;1;1;A01
200900049460;0;7;0;0;2;4;1;B01
200900049460;0;7;0;0;2;4;1;D01
200900049460;0;7;0;0;2;4;1;C01
200900049461;0;7;0;0;2;1;15;A01
200900049461;0;37;1;0;2;8;1;C01
200900049461;0;14;0;0;2;8;21;B01
200900049462;0;7;0;0;1;2;0;A01
200900049463;0;33;0;0;2;1;1;A01
200900049463;0;7;0;0;2;4;15;B01
200900049464;0;20;0;0;1;4;4;A01
200900049465;0;7;0;0;2;3;1;B01
200900049465;0;2;0;0;2;1;11;A01
200900049466;0;30;0;0;2;1;17;B01
200900049466;0;7;0;0;2;3;15;A01
200900049467;0;40;0;0;2;3;1;A01
200900049467;0;2;0;0;4;2;1;B01
200900049468;2;7;0;0;2;7;0;B01
200900049468;0;7;0;0;2;1;15;A01
200900049469;0;7;0;0;1;3;1;A01
200900049470;0;7;0;0;1;1;1;A01
200900049471;0;7;0;0;2;1;0;B01
200900049471;0;2;0;0;2;4;0;A01
200900049472;0;7;0;0;0;0;0;A01
200900049473;0;7;0;8;0;9;1;A01
200900049474;0;33;0;0;2;1;1;A01
200900049474;0;7;0;0;0;5;1;B01
200900049475;0;7;0;0;2;1;20;A01
200900049475;0;2;0;0;2;7;1;B01
200900049476;0;7;0;0;2;4;2;C01
200900049476;0;7;0;0;2;4;2;B01
200900049476;0;7;0;0;2;1;1;A01
200900049477;0;7;0;0;2;8;15;A01
200900049477;0;7;0;0;2;1;1;B01
200900049478;0;7;0;0;1;0;15;A01
200900049479;0;7;0;14;1;1;14;A01
200900049480;0;31;0;0;0;9;1;A01
200900049481;0;7;0;0;2;2;1;A01
200900049481;0;2;0;0;2;1;15;B01
200900049482;0;33;0;0;2;1;1;A01
200900049482;0;7;0;0;2;3;1;B01
200900049483;0;7;0;0;0;0;15;C01
200900049483;0;33;0;0;2;1;1;A01
200900049483;0;7;0;0;2;3;1;B01
200900049484;0;7;0;0;2;5;15;A01
200900049484;0;33;0;0;2;1;1;B01
200900049485;2;30;0;0;2;1;1;A01
200900049485;0;7;0;0;2;3;1;B01
200900049486;0;2;0;0;2;0;1;B01
200900049486;0;7;0;14;2;1;1;A01
200900049487;0;7;0;7;2;9;1;B01
200900049487;0;7;0;0;2;1;23;C01
200900049487;0;7;0;0;2;1;1;A01
200900049488;0;7;0;0;2;9;1;B01
200900049488;0;7;0;14;2;1;1;A01
200900049489;0;7;0;0;1;0;1;A01
200900049490;0;7;0;0;2;1;15;A01
200900049490;0;2;0;0;2;8;1;B01
200900049491;0;2;0;0;1;0;1;A01
200900049492;0;15;0;0;2;4;1;B01
200900049492;0;7;0;3;2;1;1;A01
200900049493;0;7;0;0;1;0;1;A01
200900049494;0;32;0;0;2;9;13;A01
200900049494;0;7;0;0;2;1;1;B01
200900049495;0;7;0;0;2;0;0;C01
200900049495;0;7;0;0;2;0;0;B01
200900049495;0;7;0;0;2;0;0;A01
200900049495;0;7;0;0;2;0;0;E01
200900049495;0;7;0;0;2;0;0;D01
200900049496;0;15;0;0;0;0;1;A01
200900049496;0;7;0;0;2;1;1;B01
200900049497;1;7;0;0;2;1;2;A01
200900049497;0;7;0;0;2;4;2;B01
200900049498;0;7;0;3;0;0;14;A01
200900049499;0;7;0;8;0;0;0;A01
200900049500;0;33;0;0;2;0;1;B01
200900049500;0;7;0;4;2;0;0;A01
200900049501;0;7;0;3;0;0;0;A01
200900049501;0;10;0;3;0;0;0;C01
200900049501;0;7;0;3;0;0;0;B01
200900049502;0;33;0;0;2;1;1;B01
200900049502;0;7;0;0;2;4;1;A01
200900049503;0;17;0;0;2;4;24;B01
200900049503;0;10;0;1;0;1;14;A01
200900049504;0;7;0;2;0;0;0;A01
200900049505;0;7;0;0;2;0;0;C01
200900049505;0;7;0;0;2;0;1;B01
200900049505;0;7;0;0;2;0;0;D01
200900049505;0;7;0;0;2;0;0;A01
200900049506;0;7;0;0;2;5;16;A01
200900049506;0;2;0;0;2;3;1;B01
200900049507;0;7;0;0;1;1;1;A01
200900049508;0;7;0;11;0;3;1;A01
200900049509;0;7;0;0;2;3;15;B01
200900049509;0;32;0;0;2;2;1;A01
200900049510;0;7;0;0;2;1;1;A01
200900049510;0;33;0;0;2;1;1;B01
200900049511;0;7;0;0;2;2;15;A01
200900049511;0;7;0;0;2;1;1;B01
200900049512;0;2;0;0;2;0;1;B01
200900049512;1;7;0;0;2;0;0;A01
200900049513;0;1;0;0;2;8;1;B01
200900049513;0;14;0;0;2;5;16;A01
200900049514;0;1;0;0;2;7;1;B01
200900049514;0;7;0;0;2;1;9;A01
200900049515;0;7;0;3;0;1;1;A01
200900049516;0;7;0;0;2;3;1;A01
200900049516;0;1;0;0;2;1;19;B01
200900049517;0;7;0;0;1;1;0;A01
200900049518;0;7;0;3;0;3;1;A01
200900049519;0;7;0;0;1;1;15;A01
200900049520;0;2;0;0;2;1;1;A01
200900049520;0;7;0;0;2;2;15;B01
200900049521;0;37;2;0;2;5;1;B01
200900049521;0;30;0;0;2;8;1;A01
200900049522;0;7;0;4;0;2;1;A01
200900049523;0;7;0;0;2;2;15;B01
200900049523;0;32;0;0;2;1;1;A01
200900049524;0;7;0;0;2;1;15;A01
200900049524;0;1;0;0;2;1;1;B01
200900049525;1;7;0;0;2;0;15;A01
200900049525;0;30;0;0;2;8;1;B01
200900049526;0;10;0;0;2;2;1;A01
200900049526;0;7;0;0;2;3;1;B01
200900049527;0;7;0;0;2;1;1;A01
200900049527;0;1;0;0;2;4;1;B01
200900049528;0;30;0;0;2;1;1;A01
200900049528;0;10;0;0;2;3;15;B01
200900049529;0;7;0;0;2;5;15;A01
200900049529;0;33;0;0;2;1;1;B01
200900049530;0;7;0;0;2;4;23;B01
200900049530;2;7;0;0;2;1;1;A01
200900049531;0;7;0;1;0;9;4;A01
200900049531;0;7;0;0;2;8;24;B01
200900049532;0;7;0;0;2;4;23;C01
200900049532;0;7;0;0;2;9;23;B01
200900049532;0;13;0;0;2;1;1;A01
200900049533;0;7;0;0;2;4;23;C01
200900049533;0;7;0;0;2;1;1;A01
200900049533;0;10;0;0;2;1;23;B01
200900049534;0;33;0;0;0;8;17;A01
200900049535;1;7;0;0;1;0;0;A01
200900049536;0;7;0;0;2;3;9;A01
200900049536;0;30;0;0;2;1;17;B01
200900049537;0;30;0;0;2;2;18;A01
200900049537;0;15;0;0;2;0;1;B01
200900049538;0;7;0;0;2;1;1;A01
200900049538;0;7;0;0;2;1;1;B01
200900049539;0;30;0;0;0;9;1;A01
200900049540;0;7;0;0;1;1;1;B01
200900049541;0;33;0;0;0;8;1;B01
200900049542;0;7;0;0;2;2;1;B01
200900049542;0;7;0;0;2;3;9;A01
200900049543;0;7;0;0;2;4;23;B01
200900049543;0;7;0;0;2;1;1;A01
200900049544;0;7;0;0;2;6;1;B01
200900049544;0;33;0;0;2;1;1;A01
200900049545;0;7;0;0;1;3;15;A01
200900049545;0;1;0;0;2;1;1;B01
200900049546;0;7;0;0;2;1;1;A01
200900049546;0;1;0;0;2;5;19;B01
200900049547;0;10;0;0;2;3;1;B01
200900049547;0;7;0;0;2;1;1;A01
200900049548;1;7;0;0;1;1;1;A01
200900049549;0;7;0;0;2;3;9;A01
200900049549;0;31;0;0;2;2;1;B01
200900049550;0;7;0;0;2;2;15;B01
200900049550;0;30;0;0;2;8;1;A01
200900049551;0;7;0;0;2;4;2;B01
200900049551;0;7;0;0;2;1;2;A01
200900049552;0;1;0;0;2;8;1;B01
200900049552;0;37;0;0;2;5;1;A01
200900049553;0;7;0;0;1;1;16;A01
200900049554;0;10;0;8;0;9;1;A01
200900049555;0;7;0;0;2;2;1;A01
200900049555;0;7;0;0;2;3;1;B01
200900049556;0;10;0;0;2;4;23;B01
200900049556;0;30;0;0;2;1;1;A01
200900049557;0;34;0;0;2;7;17;A01
200900049557;0;7;0;0;2;3;15;B01
200900049558;0;33;0;0;2;1;2;B01
200900049558;0;7;0;0;2;8;1;A01
200900049559;0;7;0;0;2;1;1;A01
200900049559;0;7;0;0;2;4;2;B01
200900049560;0;7;0;1;0;1;1;A01
200900049561;0;7;0;0;2;1;23;B01
200900049561;0;7;0;0;2;1;1;A01
200900049561;0;7;0;0;2;4;23;C01
200900049562;1;7;0;0;1;1;1;A01
200900049563;0;7;0;0;1;3;2;A01
200900049564;0;2;0;0;2;1;2;B01
200900049564;0;7;0;0;2;1;15;A01
200900049565;0;3;0;11;0;1;13;A01
200900049566;0;7;0;0;1;1;15;A01
200900049567;0;30;0;0;2;7;2;B01
200900049567;0;10;0;0;2;3;11;A01
200900049568;0;31;0;0;2;1;2;A01
200900049568;0;7;0;0;0;8;11;B01
200900049569;0;7;0;0;2;1;17;A01
200900049569;0;7;0;0;2;1;1;B01
200900049570;0;7;0;0;1;7;1;A01
200900049571;1;7;0;0;1;1;1;A01
200900049572;0;2;0;0;1;1;1;A01
200900049573;0;33;0;10;0;1;13;A01
200900049574;0;7;0;0;2;1;15;B01
200900049574;0;2;0;1;2;1;17;A01
200900049575;0;7;0;0;2;2;1;B01
200900049575;0;2;0;0;2;1;5;A01
200900049576;0;7;0;0;1;2;1;A01
200900049577;0;10;0;13;0;7;21;B01
200900049577;0;10;0;8;2;4;3;A01
200900049578;0;7;0;0;4;1;1;A01
200900049578;0;40;0;0;2;1;1;B01
200900049579;0;7;0;8;0;1;14;A01
200900049580;0;7;0;3;0;3;1;A01
200900049581;0;7;0;0;2;2;1;A01
200900049581;0;1;0;0;2;1;1;B01
200900049582;0;7;0;0;2;1;15;A01
200900049582;0;30;0;0;2;1;1;B01
200900049583;0;7;0;2;0;3;2;A01
200900049584;0;30;0;0;0;0;1;A01
200900049585;0;7;0;0;2;2;5;A01
200900049585;0;31;0;0;2;1;5;B01
200900049586;0;35;0;2;0;1;1;A01
200900049587;0;7;0;0;2;1;1;A01
200900049587;0;1;0;0;2;1;1;B01
200900049588;0;7;0;0;2;1;1;B01
200900049588;0;31;0;0;2;1;1;A01
200900049589;0;7;0;0;0;4;2;B01
200900049589;0;1;0;0;2;1;2;A01
200900049590;0;33;0;1;2;2;1;B01
200900049590;0;7;0;0;2;1;9;A01
200900049590;0;7;0;0;2;2;24;C01
200900049591;0;7;0;0;0;0;14;A01
200900049592;0;1;0;0;2;1;19;B02
200900049592;0;7;0;0;0;0;1;A01
200900049593;0;7;0;8;0;8;13;A01
200900049594;0;7;0;0;0;0;0;A01
200900049594;0;7;0;0;2;1;1;B02
200900049595;0;1;0;1;0;1;1;B02
200900049595;0;7;0;0;0;8;24;A01
200900049596;0;7;0;13;9;1;1;A01
200900049597;0;7;0;8;0;1;0;A01
200900049598;0;7;0;0;1;2;1;A01
200900049599;0;7;0;0;2;1;15;A01
200900049599;0;30;0;0;2;1;1;B02
200900049600;0;30;0;0;0;0;19;A01
200900049601;0;1;0;0;2;4;1;B02
200900049601;0;7;0;0;2;8;1;A01
200900049602;0;2;0;0;2;1;1;A01
200900049603;0;33;0;0;0;4;1;B02
200900049603;0;7;0;0;2;2;2;A01
200900049604;0;7;0;0;1;1;1;A01
200900049605;0;7;0;0;2;2;19;A01
200900049605;0;37;3;0;2;1;1;B01
200900049606;0;3;0;0;1;1;1;A01
200900049607;0;7;0;0;2;3;10;A01
200900049607;0;33;0;0;2;1;1;B01
200900049608;0;10;0;0;9;3;17;A01
200900049608;0;30;0;0;2;1;17;B01
200900049609;0;7;0;0;0;3;0;B01
200900049609;0;30;0;0;2;1;1;A01
200900049610;0;7;0;0;2;5;15;A01
200900049610;0;30;0;0;2;1;1;B01
200900049611;0;7;0;0;2;1;0;A01
200900049611;0;7;0;1;1;2;1;B01
200900049612;0;7;0;0;1;7;1;A01
200900049613;0;7;0;0;2;8;16;A01
200900049613;0;30;0;0;2;1;1;B01
200900049614;0;30;0;0;0;7;1;A01
200900049615;0;7;0;0;1;0;0;A01
200900049616;0;38;15;0;1;1;2;A01
200900049617;0;7;0;0;2;3;10;A01
200900049617;0;31;0;0;2;1;1;B01
200900049618;0;30;0;0;0;0;1;A01
200900049619;0;7;0;0;2;1;2;A01
200900049619;0;30;0;0;0;1;2;B01
200900049620;0;10;0;0;2;1;2;C01
200900049620;0;7;0;0;2;1;2;A01
200900049620;0;7;0;0;0;4;15;B01
200900049621;1;7;0;0;1;8;1;A01
200900049622;0;7;0;0;1;7;6;A01
200900049623;0;7;0;0;2;2;20;A01
200900049623;0;33;0;0;2;1;1;B01
200900049624;0;7;0;0;1;1;1;A01
200900049625;0;7;0;0;2;1;1;A01
200900049625;0;10;0;0;2;8;16;B01
200900049626;0;7;0;6;0;7;1;A01
200900049627;0;2;0;0;2;1;1;A01
200900049627;0;7;0;0;2;3;15;B01
200900049628;0;7;0;0;2;1;5;A01
200900049628;0;7;0;0;2;1;1;B01
200900049629;1;7;0;0;1;0;0;A01
200900049630;0;7;0;0;2;7;15;A01
200900049630;0;33;0;0;2;1;1;B01
200900049631;0;10;0;0;1;2;1;A01
200900049632;0;7;0;0;2;1;9;A01
200900049632;0;33;0;0;2;7;1;B01
200900049633;0;7;0;0;0;0;0;A01
200900049634;0;7;0;0;2;1;1;A01
200900049634;0;7;0;0;2;4;23;B01
200900049635;0;7;0;0;2;3;13;A01
200900049635;0;7;0;0;2;3;1;B01
200900049636;0;10;0;0;2;3;16;A01
200900049636;0;30;0;0;2;6;1;B01
200900049637;0;7;0;0;1;3;1;A01
200900049638;0;31;0;16;0;0;1;A01
200900049639;0;7;0;0;1;3;17;A01
200900049640;0;7;0;0;2;1;1;B01
200900049640;0;1;0;0;2;1;5;A01
200900049641;0;32;0;0;2;1;1;B01
200900049641;0;7;0;0;2;3;17;A01
200900049642;0;7;0;0;1;0;15;A01
200900049643;0;7;0;0;2;2;1;B01
200900049643;0;7;0;0;2;2;15;A01
200900049644;0;30;0;0;2;1;1;B01
200900049644;0;7;0;0;2;2;16;A01
200900049645;0;7;0;0;2;0;11;B01
200900049645;0;33;0;0;2;0;1;A01
200900049646;0;7;0;2;0;0;0;A01
200900049647;0;7;0;3;2;0;0;A01
200900049647;0;7;0;0;2;0;1;B01
200900049648;0;7;0;0;2;1;5;A01
200900049648;0;7;0;0;2;1;2;B01
200900049649;0;7;0;2;0;8;14;A01
200900049650;0;7;0;3;0;0;14;A01
200900049651;0;7;0;3;0;1;1;A01
200900049652;1;7;0;0;2;1;2;A01
200900049652;0;7;0;0;2;4;2;B01
200900049653;0;7;0;4;0;0;0;A01
200900049654;0;10;0;0;2;0;0;A01
200900049654;0;33;0;0;2;0;0;B01
200900049655;1;7;0;0;0;0;11;A01
200900049655;0;33;0;0;0;0;3;B01
200900049656;0;31;0;0;2;1;1;B01
200900049656;0;7;0;0;2;4;11;A01
200900049657;0;7;0;0;2;8;11;B01
200900049657;0;33;0;0;2;7;3;A01
200900049658;0;7;0;3;0;1;0;A01
200900049659;0;7;0;0;2;0;0;C01
200900049659;0;7;0;0;2;0;0;A01
200900049659;0;7;0;0;2;0;0;B01
200900049660;0;33;0;0;2;9;15;A01
200900049660;0;7;0;0;2;3;15;B01
200900049661;0;7;0;0;2;1;1;A01