num_acc;senc;catv;occutc;obs;obsm;choc;manv;num_veh
200900049661;0;7;0;0;2;2;1;B01
200900049662;0;7;0;0;2;3;1;B01
200900049662;0;7;0;0;2;8;10;A01
200900049663;0;2;0;0;1;0;1;A01
200900049664;0;31;0;0;2;8;17;A01
200900049664;0;7;0;0;2;3;15;B01
200900049665;0;7;0;0;2;7;1;B01
200900049665;0;7;0;0;2;1;1;A01
200900049666;0;7;0;0;1;1;1;A01
200900049667;0;7;0;0;1;0;1;A01
200900049668;0;7;0;0;5;1;2;A01
200900049669;0;7;0;7;2;1;1;A01
200900049669;0;7;0;7;2;2;1;B01
200900049670;0;7;0;0;2;5;14;A01
200900049670;0;32;0;0;2;0;1;B01
200900049671;0;32;0;0;0;9;1;A01
200900049672;0;7;0;0;2;0;15;A01
200900049672;0;32;0;0;2;3;1;B01
200900049673;0;2;0;0;2;1;1;A01
200900049673;0;7;0;0;2;4;1;B01
200900049674;0;1;0;0;2;1;15;B01
200900049674;0;7;0;0;2;1;15;A01
200900049675;0;33;0;0;2;8;15;A01
200900049675;0;32;0;0;2;1;1;B01
200900049676;0;40;0;0;2;0;1;B01
200900049676;0;7;0;0;2;1;1;A01
200900049677;0;7;0;0;1;0;1;A01
200900049678;0;30;0;0;2;1;1;B01
200900049678;0;7;0;0;2;7;15;A01
200900049679;0;7;0;0;1;1;17;A01
200900049680;0;7;0;0;1;8;1;A01
200900049681;0;7;0;3;0;1;1;A01
200900049682;0;7;0;0;1;2;16;A01
200900049683;0;7;0;0;2;1;1;B01
200900049683;0;7;0;0;2;1;15;A01
200900049684;0;2;0;0;0;0;2;A01
200900049685;0;7;0;14;2;8;16;A01
200900049685;0;30;0;0;2;1;1;B01
200900049686;0;7;0;0;2;5;15;A01
200900049686;0;31;0;0;2;1;2;B01
200900049687;0;7;0;11;0;1;2;A01
200900049688;0;7;0;0;1;3;1;A01
200900049688;0;7;0;0;2;1;1;B01
200900049689;0;7;0;0;0;4;23;A01
200900049689;0;7;0;0;2;1;2;B01
200900049690;1;7;0;0;1;0;0;A01
200900049690;0;1;0;0;2;1;15;B01
200900049691;0;7;0;0;2;3;15;A01
200900049691;0;31;0;0;2;1;1;B01
200900049692;0;7;0;0;2;1;9;A01
200900049692;0;7;0;0;2;5;1;B01
200900049693;0;7;0;0;2;1;1;A01
200900049693;0;7;0;0;2;4;23;C01
200900049693;0;7;0;0;2;9;23;B01
200900049694;0;7;0;0;1;0;4;A01
200900049695;0;37;1;0;1;1;15;A01
200900049696;0;7;0;1;2;1;1;B01
200900049696;0;7;0;14;2;1;1;A01
200900049697;0;1;0;0;2;1;19;A01
200900049697;0;7;0;0;2;3;1;B01
200900049698;0;7;0;0;2;8;1;B01
200900049698;0;7;0;0;2;1;1;A01
200900049699;0;7;0;0;2;3;1;C01
200900049699;0;2;0;0;2;1;1;A01
200900049699;0;7;0;0;2;2;15;B01
200900049700;0;7;0;0;1;1;1;A01
200900049701;0;2;0;0;2;8;17;B01
200900049701;1;7;0;0;2;4;15;A01
200900049702;0;1;0;0;2;4;1;B01
200900049702;1;7;0;0;2;1;1;A01
200900049703;1;7;0;0;1;0;16;A01
200900049704;0;7;0;6;0;1;15;A01
200900049705;0;7;0;8;0;1;1;A01
200900049706;0;1;0;0;2;0;5;D01
200900049706;0;10;0;0;2;3;15;A01
200900049706;0;10;0;1;2;2;14;B01
200900049707;0;7;0;0;1;1;1;A01
200900049708;0;7;0;0;2;7;1;B01
200900049708;2;7;0;7;2;1;1;A01
200900049709;0;7;0;0;1;0;1;A01
200900049710;0;7;0;0;2;1;1;A01
200900049710;0;2;0;0;2;1;1;B01
200900049711;0;31;0;14;2;1;15;A01
200900049711;0;32;0;0;2;1;1;B01
200900049712;0;37;0;0;1;0;1;A01
200900049713;0;7;0;7;2;4;23;B01
200900049713;0;7;0;0;2;1;2;A01
200900049714;0;31;0;0;2;0;5;A01
200900049714;0;1;0;0;2;1;1;B01
200900049715;0;33;0;0;0;1;11;B01
200900049715;0;7;0;0;0;7;23;A01
200900049716;0;7;0;0;2;1;15;A01
200900049716;0;2;0;0;2;1;1;B01
200900049717;0;7;0;0;2;2;1;B01
200900049717;0;7;0;0;2;3;1;A01
200900049718;0;1;0;0;2;8;1;B01
200900049718;0;7;0;0;2;1;15;A01
200900049719;0;7;0;0;1;1;1;A01
200900049720;0;7;0;0;2;4;23;B01
200900049720;0;7;0;0;2;1;1;A01
200900049720;0;7;0;0;2;4;23;C01
200900049721;0;7;0;0;1;1;1;A01
200900049722;0;7;0;0;1;1;1;A01
200900049723;0;7;0;0;2;3;9;B01
200900049723;0;2;0;0;2;1;13;A01
200900049724;0;14;0;0;2;4;4;A01
200900049724;0;7;0;0;2;1;1;B01
200900049725;0;7;0;0;2;3;1;A01
200900049725;0;1;0;0;2;5;1;B01
200900049726;0;7;0;0;1;1;1;A01
200900049727;0;7;0;8;0;1;1;A01
200900049728;0;7;0;10;0;1;2;A01
200900049729;0;7;0;0;1;3;1;A01
200900049730;0;7;0;12;0;8;0;A01
200900049731;0;7;0;3;0;9;1;A01
200900049732;0;7;0;0;1;3;1;A01
200900049733;0;99;0;0;2;1;1;A01
200900049733;0;7;0;0;2;8;15;B01
200900049734;0;30;0;0;1;1;1;A01
200900049735;0;7;0;0;2;2;12;A01
200900049735;0;2;0;0;2;0;1;B01
200900049736;0;7;0;0;1;1;1;A01
200900049737;0;7;0;0;2;3;9;A01
200900049737;0;7;0;0;2;3;21;B01
200900049738;0;2;0;0;0;3;1;B01
200900049738;0;7;0;0;0;1;15;A01
200900049739;0;2;0;0;0;0;0;A01
200900049740;0;7;0;0;1;8;1;A01
200900049741;0;7;0;0;1;1;1;A01
200900049742;0;7;0;0;2;1;15;B01
200900049742;0;33;0;0;2;2;17;A01
200900049743;2;7;0;0;2;4;23;A01
200900049743;0;7;0;0;2;1;1;B01
200900049744;0;7;0;0;2;5;15;A01
200900049744;0;30;0;0;2;1;1;B01
200900049745;0;7;0;0;1;1;0;A01
200900049746;0;31;0;0;2;4;23;B01
200900049746;0;7;0;0;2;1;1;A01
200900049747;0;33;0;0;2;7;1;B01
200900049747;0;7;0;0;2;8;0;A01
200900049748;0;3;0;6;0;1;1;A01
200900049749;0;7;0;0;1;7;1;A01
200900049750;0;7;0;0;2;1;2;A01
200900049750;0;7;0;0;0;4;1;B01
200900049751;0;2;0;0;2;1;7;A01
200900049751;0;7;0;0;2;3;13;B01
200900049752;0;7;0;0;1;1;1;A01
200900049753;0;10;0;0;2;1;2;B01
200900049753;0;7;0;0;0;0;2;C01
200900049753;0;10;0;0;2;1;2;A01
200900049754;0;7;0;0;1;1;1;A01
200900049755;0;7;0;0;2;1;11;A01
200900049755;0;1;0;0;2;4;11;B01
200900049756;0;7;0;0;2;3;1;B01
200900049756;0;7;0;0;2;1;0;A01
200900049757;0;2;0;0;2;2;2;A01
200900049757;0;7;0;0;2;0;2;B01
200900049758;0;7;0;3;0;1;1;A01
200900049759;0;7;0;4;0;4;1;A01
200900049760;0;7;0;0;2;1;1;A01
200900049760;0;7;0;0;2;1;1;B01
200900049761;0;7;0;0;1;1;1;A01
200900049762;0;7;0;0;1;1;1;A01
200900049763;0;7;0;0;1;3;1;A01
200900049764;0;7;0;0;1;1;1;A01
200900049765;0;7;0;0;1;2;1;A01
200900049766;0;33;0;11;0;1;1;A01
200900049767;0;7;0;0;1;2;1;A01
200900049768;0;7;0;4;0;3;1;A01
200900049769;0;7;0;1;0;1;1;A01
200900049770;0;1;0;0;2;1;2;A01
200900049771;0;7;0;0;2;3;13;A01
200900049771;0;7;0;0;2;3;1;B01
200900049772;0;7;0;0;2;3;1;B01
200900049772;0;7;0;0;2;1;13;A01
200900049773;0;7;0;3;2;9;1;A01
200900049773;0;7;0;0;2;2;1;B01
200900049774;0;32;0;0;1;1;1;A01
200900049775;0;7;0;0;2;1;1;B01
200900049775;0;7;0;0;2;1;11;A01
200900049776;0;32;0;1;0;1;1;A01
200900049777;0;7;0;0;2;3;2;B01
200900049777;0;7;0;0;2;1;2;A01
200900049778;0;7;0;0;1;2;2;A01
200900049779;0;7;0;2;0;8;1;A01
200900049780;0;7;0;0;1;2;1;A01
200900049781;0;7;0;0;2;3;1;C03
200900049781;0;7;0;0;2;7;13;A01
200900049781;0;7;0;0;2;6;1;B02
200900049782;0;7;0;0;1;1;1;A01
200900049783;0;33;0;12;0;0;1;A01
200900049784;0;31;0;0;5;8;1;A01
200900049785;0;7;0;0;2;6;13;A01
200900049785;0;7;0;0;2;1;1;B02
200900049786;0;7;0;2;0;7;1;A01
200900049787;0;7;0;0;2;1;1;B02
200900049787;0;14;0;0;0;1;1;A01
200900049788;0;10;0;13;0;3;1;A01
200900049789;0;33;0;13;0;2;1;A01
200900049790;0;7;0;11;1;1;13;A01
200900049791;0;7;0;7;0;9;1;A01
200900049792;0;7;0;0;2;2;1;A01
200900049792;0;7;0;0;2;1;1;B01
200900049793;0;7;0;0;2;3;1;B01
200900049793;0;7;0;0;2;3;1;C01
200900049793;0;7;0;0;2;1;1;A01
200900049794;0;7;0;0;0;7;1;A01
200900049795;0;1;0;0;2;0;1;B01
200900049795;0;7;0;0;2;3;1;A01
200900049796;0;7;0;0;1;1;1;A01
200900049797;0;7;0;0;1;1;1;A01
200900049798;0;17;0;0;1;1;1;A01
200900049799;0;7;0;9;0;1;1;A01
200900049800;0;7;0;3;0;1;1;A01
200900049801;0;7;0;0;1;0;15;A01
200900049802;0;30;0;0;2;1;1;B01
200900049802;1;7;0;0;2;5;15;A01
200900049803;0;7;0;0;1;1;1;A01
200900049804;0;10;0;0;1;1;1;A01
200900049805;0;7;0;0;1;0;20;A01
200900049806;0;7;0;0;1;1;1;A01
200900049807;0;33;0;16;0;0;0;A01
200900049808;0;1;0;1;0;1;1;B01
200900049808;0;7;0;0;2;3;24;A01
200900049809;0;7;0;0;2;2;1;B01
200900049809;0;1;0;0;2;1;1;A01
200900049810;0;7;0;0;2;3;15;B01
200900049810;0;31;0;0;2;1;17;A01
200900049811;0;7;0;0;1;0;1;A01
200900049812;0;7;0;0;2;3;10;A01
200900049812;0;30;0;0;2;1;1;B01
200900049813;0;7;0;0;1;2;1;A01
200900049814;0;7;0;0;2;4;1;C01
200900049814;0;7;0;0;2;4;1;B01
200900049814;0;7;0;0;2;1;1;A01
200900049815;0;7;0;0;2;3;9;A01
200900049815;0;7;0;0;2;1;1;B01
200900049816;0;7;0;0;2;3;1;B01
200900049816;0;7;0;0;2;3;13;A01
200900049817;0;7;0;0;2;3;24;A01
200900049817;0;1;0;1;2;1;1;B01
200900049817;0;7;0;0;2;2;1;C01
200900049818;0;7;0;0;1;1;1;A01
200900049819;0;7;0;0;1;3;1;A01
200900049820;0;7;0;1;0;9;1;A01
200900049821;0;7;0;0;2;1;1;B01
200900049821;0;7;0;0;2;1;15;A01
200900049822;0;7;0;0;1;0;1;A01
200900049823;0;7;0;0;2;1;1;B01
200900049823;0;7;0;7;2;8;16;A01
200900049824;0;7;0;0;1;8;2;A01
200900049825;0;7;0;0;1;7;1;A01
200900049826;0;7;0;8;0;3;1;A01
200900049827;0;7;0;0;2;5;2;B01
200900049827;0;2;0;0;2;1;2;A01
200900049828;0;7;0;0;2;1;1;B01
200900049828;0;7;0;0;2;7;1;A01
200900049829;0;7;0;0;2;4;11;A01
200900049829;0;7;0;0;2;2;11;B01
200900049830;0;7;0;3;0;2;1;A01
200900049831;0;10;0;0;1;1;1;A01
200900049832;0;7;0;0;1;1;16;A01
200900049833;0;7;0;0;2;1;1;B01
200900049833;0;7;0;14;2;8;1;A01
200900049834;0;7;0;0;2;4;1;B01
200900049834;0;7;0;0;2;1;0;A01
200900049835;0;7;0;0;2;1;1;B01
200900049835;0;7;0;0;2;1;1;A01
200900049836;0;10;0;0;2;1;1;A01
200900049836;0;7;0;0;2;2;1;B01
200900049837;0;7;0;8;0;2;1;A01
200900049838;0;7;0;0;2;3;1;A01
200900049838;0;2;0;0;2;1;1;B01
200900049839;0;7;0;0;2;3;1;C01
200900049839;0;37;4;0;2;1;1;A01
200900049839;0;7;0;0;2;4;15;B01
200900049840;0;7;0;0;2;2;17;A01
200900049840;0;7;0;0;2;8;15;B01
200900049841;0;7;0;0;1;3;15;A01
200900049842;0;7;0;0;2;6;0;B01
200900049842;0;10;0;0;2;1;0;A01
200900049843;0;37;0;0;1;3;1;A01
200900049844;1;7;0;0;1;2;1;A01
200900049845;0;7;0;0;2;1;1;B01
200900049845;0;7;0;0;2;3;15;A01
200900049846;0;31;0;1;0;1;1;A01
200900049847;0;7;0;0;1;1;1;A01
200900049848;0;7;0;0;1;1;1;A01
200900049849;0;1;0;0;2;3;19;A01
200900049849;0;7;0;0;2;1;1;B01
200900049850;0;2;0;0;2;3;2;B02
200900049850;0;17;0;0;2;7;17;A01
200900049851;0;7;0;3;2;1;13;A01
200900049851;0;7;0;0;2;1;1;B02
200900049852;0;7;0;3;0;1;1;A01
200900049853;0;7;0;0;2;1;1;B02
200900049853;0;17;0;0;2;8;2;C03
200900049853;0;7;0;0;2;1;17;A01
200900049854;0;7;0;0;2;2;15;A01
200900049854;0;30;0;0;2;1;1;B01
200900049855;0;7;0;13;0;9;1;A01
200900049856;0;7;0;0;2;3;1;A01
200900049856;0;7;0;0;2;3;19;B02
200900049857;0;7;0;0;2;3;0;A01
200900049857;0;7;0;0;2;3;0;B02
200900049858;0;7;0;0;1;2;1;A01
200900049859;0;7;0;13;0;1;1;A01
200900049860;0;7;0;0;1;1;1;A01
200900049861;0;7;0;0;2;3;17;A01
200900049861;0;7;0;0;2;3;1;B02
200900049862;0;33;0;0;2;1;5;A01
200900049862;0;2;0;0;2;1;5;B01
200900049863;0;2;0;0;2;6;1;A01
200900049863;0;7;0;0;2;1;1;B01
200900049864;0;30;0;0;2;1;21;A01
200900049864;0;7;0;0;0;7;15;B01
200900049865;0;7;0;6;0;1;13;A01
200900049866;0;7;0;13;0;1;13;A01
200900049867;0;7;0;10;0;7;1;A01
200900049868;0;10;0;6;0;1;1;A01
200900049869;0;7;0;3;2;1;1;A01
200900049869;0;7;0;3;0;7;13;B02
200900049870;0;10;0;0;2;3;0;A01
200900049870;0;7;0;0;2;3;0;B02
200900049871;0;13;0;0;9;8;15;B02
200900049871;0;1;0;0;2;1;13;A01
200900049872;0;7;0;0;2;2;19;A01
200900049872;0;7;0;0;2;2;1;B02
200900049873;0;7;0;2;0;4;1;A01
200900049874;0;7;0;0;0;3;1;B02
200900049874;0;7;0;0;0;3;5;A01
200900049875;0;7;0;0;0;9;1;A01
200900049876;0;7;0;0;1;0;1;A01
200900049877;0;7;0;0;1;2;1;A01
200900049878;0;10;0;0;2;2;14;A01
200900049878;0;32;0;0;2;1;1;B01
200900049879;0;7;0;0;2;4;2;A01
200900049879;0;30;0;0;2;1;2;B01
200900049880;0;37;1;0;2;6;1;C01
200900049880;0;2;0;0;2;1;1;B01
200900049880;0;7;0;0;2;3;9;A01
200900049881;0;7;0;0;2;3;15;A01
200900049881;0;7;0;0;2;1;1;B01
200900049882;0;7;0;15;0;1;1;A01
200900049883;0;1;0;0;5;1;21;A01
200900049884;0;7;0;0;1;1;1;A01
200900049885;0;7;0;0;0;1;15;A01
200900049885;0;7;0;0;0;1;1;B01
200900049886;0;7;0;0;1;1;1;A01
200900049887;0;7;0;0;2;2;15;A01
200900049887;0;10;0;0;2;2;1;B01
200900049888;0;2;0;0;2;1;17;B01
200900049888;0;7;0;0;2;6;15;A01
200900049889;0;33;0;0;0;5;1;A01
200900049889;0;7;0;0;2;3;9;B01
200900049890;0;7;0;0;2;3;9;A01
200900049890;0;30;0;0;2;2;1;B01
200900049891;0;33;0;0;2;7;1;A01
200900049891;1;7;0;0;0;0;15;B01
200900049892;0;7;0;0;2;2;1;B01
200900049892;0;7;0;0;2;1;19;A01
200900049893;0;17;0;0;0;0;1;A01
200900049894;0;7;0;0;0;1;1;B01
200900049894;0;10;0;13;0;2;14;A01
200900049895;0;7;0;0;2;3;1;B01
200900049895;0;7;0;0;2;8;15;A01
200900049896;0;2;0;0;0;1;0;B01
200900049896;0;2;0;0;0;1;0;A01
200900049897;0;7;0;13;0;1;1;A01
200900049898;0;33;0;4;0;3;1;A01
200900049899;0;33;0;0;2;1;1;B01
200900049899;0;7;0;0;2;3;15;A01
200900049900;0;7;0;0;0;4;23;A01
200900049900;0;7;0;0;0;3;2;B01
200900049901;0;7;0;13;0;1;17;A01
200900049902;0;33;0;15;0;2;1;A01
200900049903;0;7;0;8;0;1;1;A01
200900049904;0;7;0;0;2;8;1;A01
200900049904;0;2;0;0;2;7;17;B01
200900049905;0;7;0;6;0;1;16;A01
200900049906;0;2;0;0;2;1;1;A01
200900049906;0;10;0;0;0;4;1;B01
200900049907;0;2;0;0;2;1;1;B01
200900049907;0;7;0;0;2;2;15;A01
200900049908;0;7;0;0;1;3;15;A01
200900049909;0;7;0;0;2;1;15;A01
200900049909;0;33;0;0;2;1;17;B01
200900049910;0;7;0;0;2;4;1;C01
200900049910;0;7;0;0;2;1;1;A01
200900049910;0;7;0;0;2;4;1;B01
200900049911;0;7;0;0;2;6;1;B01
200900049911;0;7;0;0;2;1;8;A01
200900049912;0;7;0;0;2;1;1;B01
200900049912;0;7;0;0;2;5;1;A01
200900049913;1;7;0;0;2;0;15;A01
200900049913;0;30;0;0;2;2;1;B01
200900049914;0;33;0;0;2;1;1;B01
200900049914;0;13;0;0;2;3;10;A01
200900049915;0;7;0;0;1;1;1;A01
200900049916;0;7;0;0;2;3;9;A01
200900049916;0;31;0;0;2;1;1;B01
200900049917;0;7;0;0;2;2;0;B01
200900049917;0;30;0;0;2;2;0;A01
200900049918;0;1;0;0;2;1;19;A01
200900049918;0;7;0;0;2;7;1;B01
200900049919;0;33;0;0;2;3;1;B01
200900049919;0;7;0;0;2;1;1;A01
200900049920;0;7;0;0;2;2;16;B01
200900049920;0;33;0;0;2;3;1;A01
200900049921;0;7;0;0;1;4;4;A01
200900049922;0;7;0;0;1;1;15;A01
200900049923;0;33;0;3;2;6;0;A01
200900049923;0;14;0;0;2;1;0;B01
200900049924;0;7;0;4;2;6;1;B01
200900049924;0;7;0;0;2;1;1;A01
200900049925;0;7;0;0;2;3;15;A01
200900049925;0;33;0;0;2;7;1;B01
200900049926;2;7;0;0;2;3;13;A01
200900049926;0;33;0;0;2;3;1;B01
200900049927;0;33;0;0;2;7;2;A01
200900049927;0;10;0;0;2;4;1;B01
200900049928;0;7;0;0;2;8;1;B01
200900049928;0;33;0;0;2;2;1;A01
200900049929;0;7;0;0;1;2;1;A01
200900049930;0;1;0;0;2;7;15;B01
200900049930;0;7;0;0;2;1;6;A01
200900049931;0;7;0;0;2;3;0;B01
200900049931;0;30;0;0;2;1;0;A01
200900049932;0;7;0;0;2;6;12;E01
200900049932;0;7;0;0;2;9;12;B01
200900049932;0;7;0;3;2;9;1;A01
200900049932;0;7;0;0;2;2;12;C01
200900049932;1;7;0;0;2;0;11;F02
200900049932;0;7;0;0;2;2;1;D01
200900049933;0;10;0;0;2;1;2;A01
200900049933;0;7;0;0;2;4;2;B01
200900049934;0;33;0;0;2;2;0;A01
200900049934;0;7;0;0;2;8;0;B01
200900049935;0;7;0;0;2;8;15;A01
200900049935;0;33;0;0;2;1;1;B01
200900049936;0;10;0;0;1;4;4;B01
200900049937;0;7;0;0;2;7;15;A01
200900049937;0;33;0;0;2;1;1;B01
200900049938;0;7;0;0;2;1;1;A01
200900049938;0;7;0;0;2;1;15;B01
200900049939;0;7;0;0;2;1;1;B01
200900049939;0;33;0;0;2;8;1;A01
200900049940;0;10;0;14;0;7;1;B01
200900049940;0;7;0;4;0;9;0;A01
200900049941;0;7;0;0;1;4;4;A01
200900049942;0;7;0;13;0;9;0;A01
200900049943;0;31;0;0;2;7;17;B01
200900049943;0;7;0;0;2;1;15;A01
200900049944;0;7;0;0;2;6;9;A01
200900049944;0;33;0;0;2;1;1;B01
200900049945;1;7;0;0;1;1;1;A01
200900049946;0;7;0;0;1;0;0;A01
200900049947;0;7;0;0;2;4;2;B01
200900049947;0;7;0;0;2;4;2;C01
200900049947;0;13;0;0;2;2;2;A01
200900049948;0;7;0;0;2;3;0;A01
200900049948;0;2;0;0;2;1;0;B01
200900049949;0;7;0;0;2;8;15;A01
200900049949;0;32;0;0;2;1;1;B01
200900049950;0;7;0;0;2;3;10;A01
200900049950;0;7;0;0;2;2;1;B01
200900049951;0;7;0;6;0;3;0;A01
200900049952;0;31;0;0;2;1;1;A01
200900049952;0;7;0;0;2;8;15;B01
200900049953;0;7;0;4;0;1;1;A01
200900049954;0;30;0;0;2;1;18;A01
200900049954;0;7;0;0;2;7;16;B01
200900049955;0;7;0;0;2;3;13;A01
200900049955;0;7;0;0;2;2;1;B01
200900049956;0;7;0;0;2;1;0;A01
200900049956;0;2;0;0;2;1;0;B01
200900049957;0;7;0;2;0;0;0;A01
200900049958;0;33;0;0;2;1;1;B01
200900049958;0;7;0;0;2;1;15;A01
200900049959;0;7;0;0;2;1;1;A01
200900049959;0;7;0;6;2;2;1;B01
200900049960;0;7;0;0;2;6;15;A01
200900049960;0;7;0;0;2;3;1;B01
200900049961;0;7;0;0;2;2;0;A01
200900049961;0;30;0;0;2;1;1;B01
200900049962;0;10;0;0;1;1;0;A01
200900049963;0;7;0;0;2;8;15;B01
200900049963;0;31;0;0;2;1;17;A01
200900049964;0;10;0;2;0;7;1;A01
200900049965;0;7;0;0;2;1;12;A01
200900049965;0;7;0;0;2;6;23;B01
200900049965;0;7;0;0;2;4;23;C01
200900049966;1;13;0;0;1;0;0;A01
200900049967;0;7;0;0;2;2;16;A01
200900049967;0;33;0;0;2;1;18;B01
200900049968;0;30;0;0;2;1;8;A01
200900049968;0;7;0;0;2;3;0;B01
200900049969;0;7;0;0;1;1;15;A01
200900049970;1;7;0;0;2;0;13;A01
200900049970;0;7;0;0;2;1;2;C01
200900049970;0;7;0;0;2;8;1;B01
200900049971;0;7;0;0;2;2;1;B01
200900049971;0;7;0;0;2;3;16;A01
200900049972;0;7;0;0;2;1;1;A01
200900049972;0;33;0;0;0;4;15;B01
200900049973;0;7;0;0;2;1;2;A01
200900049973;0;7;0;0;2;6;23;D01
200900049973;0;31;0;0;2;1;1;E01
200900049973;0;7;0;0;2;4;23;C01
200900049973;0;7;0;0;2;4;2;B01
200900049974;0;7;0;0;1;8;0;A01
200900049975;0;7;0;0;2;1;6;A01
200900049975;0;7;0;0;2;1;1;B02
200900049976;0;7;0;0;1;7;1;A01
200900049977;0;7;0;0;0;0;0;A01
200900049977;0;7;0;0;0;0;0;B02
200900049978;0;7;0;0;2;1;1;B02
200900049978;0;7;0;0;2;2;5;A01
200900049979;0;7;0;1;0;8;1;B02
200900049979;0;7;0;0;2;6;24;A01
200900049980;0;7;0;0;2;2;1;A01
200900049980;0;7;0;0;0;6;1;B01
200900049981;0;2;0;0;2;8;1;B01
200900049981;0;7;0;0;2;8;16;A01
200900049982;0;7;0;0;2;1;2;A01
200900049982;0;7;0;0;0;4;1;B01
200900049983;0;7;0;0;1;1;16;A01
200900049984;0;17;0;0;2;1;16;A01
200900049984;0;1;0;0;2;6;1;B01
200900049985;0;7;0;0;2;3;15;A01
200900049985;0;2;0;0;2;1;2;B01
200900049986;0;7;0;0;2;8;2;A01
200900049986;0;7;0;0;2;0;15;B01
200900049987;0;14;0;6;0;1;2;A01
200900049988;0;7;0;0;2;4;2;B01
200900049988;0;7;0;0;2;1;2;A01
200900049989;0;7;0;0;2;0;2;B01
200900049989;0;33;0;0;2;0;2;A01
200900049990;0;7;0;0;2;3;1;B01
200900049990;0;10;0;0;2;1;15;A01
200900049991;0;30;0;0;0;7;1;B01
200900049991;0;10;0;0;0;0;15;A01
200900049992;0;7;0;0;0;7;1;B01
200900049992;0;7;0;0;2;1;16;A01
200900049993;0;7;0;0;2;7;15;A01
200900049993;0;33;0;0;2;1;1;B01
200900049994;0;40;0;0;2;1;1;B01
200900049994;0;7;0;0;4;1;9;A01
200900049995;0;2;0;0;1;1;2;A01
200900049996;0;7;0;0;0;3;23;C01
200900049996;0;7;0;0;2;1;1;B01
200900049996;0;7;0;0;2;1;15;A01
200900049997;0;7;0;0;2;8;2;A01
200900049997;0;7;0;0;2;1;2;B01
200900049998;0;7;0;0;2;1;15;A01
200900049998;0;31;0;0;0;8;1;B01
200900049999;0;40;0;0;0;0;2;B01
200900049999;0;1;0;0;2;0;2;A01
200900050000;0;7;0;0;2;7;15;A01
200900050000;0;7;0;0;2;1;2;B01
200900050001;0;2;0;0;2;7;15;B01
200900050001;0;7;0;0;2;1;1;A01
200900050002;0;30;0;0;2;3;1;A01
200900050002;0;7;0;0;2;3;15;B01
200900050003;2;7;0;0;1;1;16;A01
200900050004;0;7;0;0;1;1;2;A01
200900050005;0;7;0;0;2;1;16;B01
200900050005;0;1;0;0;2;1;2;A01
200900050006;0;7;0;0;2;1;2;A01
200900050006;0;7;0;0;0;4;2;B01
200900050007;0;1;0;1;1;7;2;B01
200900050007;1;7;0;0;2;0;15;A01
200900050008;0;7;0;0;2;3;2;A01
200900050008;0;7;0;0;2;8;2;B01
200900050009;0;7;0;0;0;4;2;B01
200900050009;0;7;0;0;2;1;2;A01
200900050010;0;7;0;0;1;0;4;A01
200900050011;0;40;0;0;1;1;2;A01
200900050012;0;2;0;0;0;8;1;B01
200900050012;0;7;0;0;2;0;15;A01
200900050013;0;7;0;0;1;3;15;A01
200900050014;0;7;0;0;2;3;2;B01
200900050014;0;7;0;0;2;1;15;A01
200900050015;0;33;0;0;2;1;1;B01
200900050015;0;7;0;0;0;7;15;A01
200900050016;0;7;0;0;2;2;15;B01
200900050016;0;7;0;0;2;1;2;A01
200900050017;0;30;0;0;2;2;1;B01
200900050017;0;7;0;0;2;1;1;A01
200900050018;0;7;0;0;0;3;9;B01
200900050018;0;2;0;0;2;1;2;A01
200900050019;0;7;0;0;0;0;0;B01
200900050019;0;7;0;0;2;1;0;A01
200900050019;0;7;0;0;2;0;0;D01
200900050019;0;7;0;0;2;0;0;C01
200900050020;0;7;0;0;2;3;15;A01
200900050020;0;31;0;0;2;0;1;B01
200900050021;0;7;0;0;2;8;15;A01
200900050021;0;33;0;0;2;1;1;B01
200900050022;0;13;0;0;2;3;15;A01
200900050022;0;2;0;0;2;1;1;B01
200900050023;0;7;0;0;2;8;11;A01
200900050023;0;7;0;0;2;2;1;B01
200900050024;0;7;0;0;2;1;1;A01
200900050024;0;7;0;0;2;4;1;B01
200900050025;0;33;0;0;2;3;0;B01
200900050025;0;7;0;0;2;2;0;A01
200900050026;0;7;0;0;2;1;1;A01
200900050026;0;7;0;0;2;1;1;B01
200900050026;0;7;0;0;2;4;0;C01
200900050027;0;7;0;0;2;4;15;B01
200900050027;0;2;0;0;2;1;1;A01
200900050028;0;7;0;0;2;1;0;A01
200900050028;0;7;0;0;2;4;0;B01
200900050029;0;7;0;0;1;1;0;A01
200900050030;0;7;0;0;2;3;6;A01
200900050030;0;2;0;0;2;7;1;B01
200900050031;0;2;0;0;1;0;0;A01
200900050032;0;7;0;4;0;1;0;A01
200900050033;0;7;0;0;1;1;1;A01
200900050034;0;7;0;0;1;1;0;A01
200900050035;0;32;0;3;0;9;9;A01
200900050036;0;7;0;0;2;3;0;A01
200900050036;0;7;0;0;2;2;0;C01
200900050036;0;7;0;0;0;0;0;B01
200900050037;0;7;0;0;2;4;1;B01
200900050037;0;7;0;0;2;1;1;A01
200900050038;0;7;0;0;1;0;16;A01
200900050039;0;2;0;0;2;8;1;B01
200900050039;0;7;0;0;2;3;15;A01
200900050040;0;7;0;0;1;1;1;A01
200900050041;0;7;0;0;2;2;16;A01
200900050041;0;33;0;0;2;2;1;B01
200900050042;0;1;0;0;2;0;1;B01