num_acc;senc;catv;occutc;obs;obsm;choc;manv;num_veh
200900050042;0;7;0;0;2;3;15;A01
200900050043;0;7;0;0;2;3;10;B01
200900050043;0;30;0;0;2;1;1;A01
200900050044;0;33;0;0;0;1;1;A01
200900050045;0;7;0;0;0;3;20;A01
200900050045;0;7;0;0;2;2;2;B01
200900050046;0;30;0;0;2;4;2;B01
200900050046;0;30;0;0;2;1;17;A01
200900050047;0;7;0;0;2;1;1;B01
200900050047;0;7;0;0;2;1;1;A01
200900050048;0;7;0;15;2;3;13;A01
200900050048;0;7;0;0;2;3;1;B01
200900050049;0;99;0;8;0;7;1;A01
200900050050;0;7;0;6;0;8;1;A01
200900050051;0;2;0;0;1;1;1;A01
200900050052;0;7;0;0;2;3;1;B01
200900050052;0;7;0;0;2;3;6;A01
200900050053;0;7;0;0;2;8;11;A01
200900050053;0;7;0;0;2;3;1;B01
200900050054;0;7;0;8;0;3;1;A01
200900050055;0;37;0;0;1;7;9;A01
200900050056;0;7;0;16;0;1;1;A01
200900050057;0;7;0;2;0;9;1;A01
200900050058;0;7;0;2;0;7;13;A01
200900050059;0;7;0;0;2;3;13;A01
200900050059;0;7;0;0;2;3;1;B01
200900050060;0;7;0;0;1;1;15;A01
200900050061;0;14;0;0;2;4;0;B01
200900050061;0;7;0;0;2;1;2;A01
200900050062;0;10;0;0;1;0;15;A01
200900050063;0;10;0;0;2;1;0;A01
200900050063;0;7;0;0;2;7;0;B01
200900050064;0;7;0;0;2;3;13;A01
200900050064;0;37;0;0;2;3;1;B01
200900050065;0;7;0;0;2;3;16;B01
200900050065;0;7;0;0;2;5;1;A01
200900050066;0;7;0;0;2;4;0;B01
200900050066;0;7;0;0;2;1;0;A01
200900050067;0;7;0;4;0;3;1;A01
200900050068;0;2;0;0;2;1;19;B01
200900050068;0;7;0;0;2;1;1;A01
200900050069;0;33;0;12;0;1;14;A01
200900050070;0;7;0;0;2;2;1;B01
200900050070;0;7;0;0;2;2;15;A01
200900050071;0;7;0;0;0;1;0;A01
200900050072;0;7;0;4;0;1;1;A01
200900050073;0;7;0;0;2;2;15;A01
200900050073;0;33;0;0;2;1;1;B01
200900050074;0;7;0;0;2;6;1;B01
200900050074;0;7;0;0;2;5;14;A01
200900050075;0;30;0;0;2;5;0;A01
200900050075;0;7;0;0;2;0;0;B01
200900050076;0;7;0;0;2;4;1;C01
200900050076;0;7;0;0;2;1;1;A01
200900050076;0;7;0;0;2;4;1;B01
200900050077;0;1;0;0;0;0;0;B01
200900050077;0;7;0;0;0;0;0;A01
200900050078;0;7;0;0;0;3;0;A01
200900050079;0;7;0;8;0;8;0;A01
200900050080;0;7;0;0;2;1;2;A01
200900050080;0;7;0;0;2;4;23;B01
200900050081;0;2;0;0;2;4;23;B01
200900050081;0;10;0;0;2;1;1;A01
200900050082;0;7;0;0;1;1;12;A01
200900050083;0;10;0;0;1;4;4;A01
200900050084;0;7;0;0;2;5;15;A01
200900050084;0;1;0;0;2;1;1;B01
200900050085;0;7;0;0;2;2;12;A01
200900050085;0;33;0;0;2;1;1;B01
200900050086;0;33;0;0;1;7;1;A01
200900050087;0;7;0;0;1;0;15;A01
200900050088;0;7;0;0;1;1;1;A01
200900050089;0;13;0;2;2;2;21;B01
200900050089;0;7;0;9;2;7;5;A01
200900050090;0;7;0;14;0;4;23;B01
200900050090;0;7;0;0;0;4;23;C01
200900050090;0;14;0;14;0;1;1;A01
200900050091;0;7;0;0;2;3;13;A01
200900050091;0;21;0;0;2;3;1;B02
200900050092;0;7;0;0;2;1;14;B02
200900050092;0;7;0;0;2;1;13;A01
200900050093;0;7;0;0;1;1;1;A01
200900050094;0;33;0;13;0;1;1;A01
200900050095;0;7;0;0;2;7;19;A01
200900050095;0;99;0;0;2;1;1;B02
200900050096;0;33;0;0;2;5;1;A01
200900050096;0;7;0;0;2;1;1;B02
200900050097;0;10;0;0;2;1;13;A01
200900050097;0;10;0;0;2;1;1;B02
200900050098;0;7;0;13;0;9;1;A01
200900050099;0;30;0;0;0;0;0;A01
200900050100;0;7;0;6;0;1;1;A01
200900050101;0;33;0;0;2;1;2;A01
200900050101;0;14;0;0;2;8;15;B02
200900050102;0;7;0;0;0;1;14;A01
200900050103;0;7;0;0;2;1;2;A01
200900050103;0;2;0;0;2;4;2;B02
200900050104;0;7;0;0;2;1;15;A01
200900050104;0;7;0;0;2;1;1;B02
200900050105;0;7;0;0;0;8;15;A01
200900050105;0;7;0;0;0;1;1;B02
200900050106;0;33;0;0;6;1;0;A01
200900050107;0;34;0;0;1;7;1;A01
200900050108;0;7;0;0;2;1;1;A01
200900050108;0;7;0;0;2;1;1;B01
200900050109;0;7;0;12;2;1;9;A01
200900050109;0;7;0;0;2;7;1;B01
200900050110;0;7;0;0;2;8;2;B01
200900050110;0;32;0;0;2;2;2;A01
200900050111;0;7;0;4;0;2;17;A01
200900050112;0;7;0;0;2;8;15;B01
200900050112;0;30;0;0;2;1;17;A01
200900050113;0;7;0;0;2;2;9;A01
200900050113;0;7;0;0;2;3;1;B01
200900050114;0;7;0;0;0;0;0;A01
200900050115;0;7;0;0;2;8;1;B01
200900050115;0;7;0;15;2;1;1;A01
200900050116;0;7;0;2;0;1;1;A01
200900050117;0;1;0;0;2;8;0;B01
200900050117;0;7;0;0;2;7;17;A01
200900050118;0;7;0;0;2;3;9;A01
200900050118;0;32;0;0;2;2;1;B01
200900050119;0;37;1;0;1;7;1;A01
200900050120;0;33;0;0;2;8;1;B01
200900050120;0;7;0;0;2;3;15;A01
200900050121;0;30;0;0;0;8;1;A01
200900050122;0;7;0;0;0;5;16;B01
200900050122;0;30;0;0;2;1;1;A01
200900050123;0;7;0;0;1;2;1;A01
200900050124;0;32;0;0;2;7;1;B01
200900050124;0;7;0;0;2;7;15;A01
200900050125;0;37;1;0;2;0;0;A01
200900050125;0;33;0;0;2;0;0;B01
200900050126;0;33;0;0;0;0;1;A01
200900050127;0;31;0;0;1;1;1;A01
200900050128;0;1;0;0;2;1;19;B01
200900050128;0;10;0;0;2;8;1;A01
200900050129;0;7;0;0;2;6;11;A01
200900050129;0;32;0;0;2;1;1;B01
200900050130;0;2;0;0;0;0;1;A01
200900050131;0;7;0;4;0;3;1;A01
200900050132;0;2;0;0;2;1;1;A01
200900050132;0;10;0;0;2;4;1;B01
200900050133;0;7;0;0;0;8;1;A01
200900050133;0;2;0;0;2;1;1;B01
200900050134;0;7;0;0;2;0;0;A01
200900050134;0;1;0;0;2;0;0;B01
200900050135;0;7;0;0;2;8;13;A01
200900050135;0;1;0;0;2;7;1;B01
200900050136;0;7;0;0;2;0;0;A01
200900050136;0;2;0;0;2;0;0;B01
200900050137;0;30;0;0;1;0;0;A01
200900050138;0;2;0;0;2;1;13;A01
200900050138;0;7;0;0;2;8;0;B01
200900050139;0;7;0;0;0;6;24;B01
200900050139;0;7;0;1;0;2;10;A01
200900050140;0;2;0;0;0;0;0;A01
200900050141;0;7;0;0;1;2;2;A01
200900050142;0;7;0;0;1;0;0;A01
200900050143;0;1;0;0;0;0;1;B01
200900050143;0;7;0;0;2;3;1;A01
200900050143;0;1;0;0;0;0;1;C01
200900050144;0;7;0;0;1;1;1;A01
200900050145;0;7;0;0;2;1;1;A01
200900050145;0;7;0;0;2;4;23;B01
200900050146;0;7;0;0;0;3;20;B01
200900050146;0;30;0;0;2;1;1;A01
200900050147;1;7;0;0;0;0;0;A01
200900050147;0;30;0;0;0;7;0;B01
200900050148;0;2;0;0;2;1;1;B01
200900050148;0;2;0;0;2;1;9;A01
200900050149;0;7;0;4;0;3;1;A01
200900050150;0;7;0;0;0;0;0;B01
200900050150;0;7;0;0;2;0;0;A01
200900050151;0;10;0;0;2;1;1;A01
200900050151;0;7;0;0;2;4;1;B01
200900050152;0;31;0;0;2;0;0;B01
200900050152;0;7;0;0;2;0;0;A01
200900050153;0;30;0;0;2;1;1;A01
200900050153;0;7;0;0;2;4;1;B01
200900050154;0;7;0;0;2;3;16;A01
200900050154;0;30;0;0;2;1;1;B01
200900050155;0;33;0;0;0;0;0;A01
200900050156;0;7;0;4;0;1;1;A01
200900050157;0;7;0;0;1;1;1;A01
200900050158;0;7;0;0;2;0;0;B01
200900050158;0;7;0;0;2;0;0;A01
200900050159;0;30;0;0;1;1;1;A01
200900050160;0;7;0;0;2;3;15;A01
200900050160;0;33;0;0;2;8;1;B01
200900050161;0;37;1;0;1;3;1;A01
200900050162;0;7;0;0;2;5;1;A01
200900050162;0;30;0;0;2;1;1;B01
200900050163;0;33;0;0;2;0;0;B01
200900050163;0;7;0;0;2;0;0;A01
200900050164;0;31;0;0;0;1;1;A01
200900050165;0;7;0;0;0;2;15;A01
200900050165;0;2;0;0;0;1;1;B02
200900050166;0;7;0;10;0;1;1;A01
200900050167;0;2;0;0;0;4;1;A01
200900050167;0;7;0;0;2;3;1;B02
200900050168;0;7;0;0;2;1;17;A01
200900050168;0;7;0;0;2;3;1;B02
200900050169;0;7;0;0;2;1;1;B02
200900050169;0;7;0;0;2;2;5;A01
200900050170;0;7;0;6;0;1;1;A01
200900050171;0;7;0;6;0;1;13;A01
200900050172;0;7;0;0;2;6;23;A01
200900050172;0;17;0;0;2;2;2;B02
200900050173;0;7;0;0;2;6;2;B02
200900050173;0;7;0;0;2;2;17;A01
200900050174;0;7;0;0;0;3;0;A01
200900050174;0;7;0;0;0;3;1;B02
200900050175;0;7;0;6;0;1;14;A01
200900050176;0;10;0;0;2;1;15;A01
200900050176;0;7;0;0;2;3;1;B01
200900050177;0;7;0;0;2;3;10;A01
200900050177;0;33;0;0;2;2;17;B01
200900050178;0;7;0;0;2;2;15;A01
200900050178;0;2;0;0;2;1;1;B01
200900050179;0;7;0;0;1;3;1;A01
200900050180;0;7;0;0;2;1;1;A01
200900050180;0;7;0;0;2;8;1;B01
200900050181;0;7;0;0;1;1;1;A01
200900050182;0;7;0;0;2;1;14;A01
200900050183;1;7;0;0;1;1;1;A01
200900050184;0;7;0;0;2;3;20;A01
200900050184;0;2;0;0;2;1;1;B01
200900050185;0;2;0;0;2;1;1;B01
200900050185;0;7;0;0;2;6;15;A01
200900050186;0;7;0;0;2;3;16;A01
200900050186;0;2;0;0;2;1;1;B01
200900050187;2;7;0;1;0;2;14;A01
200900050188;0;32;0;0;2;1;1;B01
200900050188;0;7;0;0;2;4;1;A01
200900050189;0;32;0;0;2;1;17;A01
200900050189;0;7;0;0;2;3;15;B01
200900050190;0;7;0;0;2;2;15;A01
200900050190;0;2;0;0;0;6;1;B01
200900050191;0;7;0;0;1;1;1;A01
200900050192;0;7;0;0;0;5;1;B01
200900050192;0;1;0;0;2;1;19;A01
200900050193;0;7;0;9;0;1;1;A01
200900050194;0;2;0;16;0;0;1;A01
200900050195;0;7;0;0;0;4;2;B01
200900050195;0;7;0;0;2;1;2;A01
200900050196;0;7;0;0;0;4;2;B01
200900050196;0;33;0;0;2;1;2;A01
200900050197;0;7;0;0;2;1;1;A01
200900050197;0;7;0;0;2;3;1;B01
200900050198;0;7;0;0;2;1;1;B01
200900050198;0;7;0;0;2;1;15;A01
200900050199;0;32;0;0;2;6;1;B01
200900050199;0;7;0;0;2;3;15;A01
200900050200;0;2;0;0;2;8;18;A01
200900050200;0;7;0;0;2;7;1;B01
200900050201;0;7;0;1;0;1;1;A01
200900050202;1;7;0;0;0;0;15;C01
200900050202;0;7;0;0;0;4;2;B01
200900050202;0;7;0;0;2;1;2;A01
200900050203;0;7;0;0;0;5;1;B01
200900050203;0;2;0;0;2;1;1;A01
200900050204;1;7;0;0;1;3;1;A01
200900050205;0;7;0;0;1;3;1;A01
200900050206;0;7;0;0;1;1;0;A01
200900050207;0;7;0;0;2;8;15;B02
200900050207;0;38;0;0;0;8;1;A01
200900050208;0;7;0;0;2;3;19;A01
200900050208;0;30;0;0;2;1;1;B02
200900050209;0;7;0;0;2;2;17;B02
200900050209;0;2;0;0;2;4;15;A01
200900050210;0;7;0;0;2;1;19;A01
200900050210;0;7;0;0;2;8;1;B02
200900050211;0;7;0;0;9;3;1;C03
200900050211;0;2;0;0;0;4;1;A01
200900050211;0;7;0;0;2;1;2;B02
200900050212;0;7;0;0;2;4;1;B02
200900050212;0;7;0;0;2;1;1;A01
200900050213;0;1;0;0;2;8;1;B02
200900050213;0;7;0;0;2;2;19;A01
200900050214;0;30;0;0;2;4;1;B02
200900050214;0;7;0;0;2;3;1;A01
200900050215;0;7;0;0;5;1;1;A01
200900050215;0;7;0;0;5;3;1;B02
200900050216;0;1;0;0;0;8;1;B02
200900050216;0;7;0;0;9;1;14;A01
200900050217;0;14;0;0;2;1;19;A01
200900050217;0;7;0;0;2;1;1;B02
200900050218;0;7;0;0;1;3;13;A01
200900050219;0;7;0;0;1;7;1;A01
200900050220;0;2;0;0;2;7;1;B01
200900050220;0;7;0;0;0;4;1;C01
200900050220;0;7;0;0;0;4;16;A01
200900050221;0;7;0;0;2;7;1;A01
200900050221;0;7;0;3;0;7;1;B01
200900050222;0;7;0;0;1;1;1;A01
200900050223;0;2;0;16;0;0;1;A01
200900050224;0;7;0;0;0;2;20;B01
200900050224;0;2;0;0;2;2;18;A01
200900050225;0;7;0;0;1;2;1;A01
200900050226;0;7;0;0;1;8;16;A01
200900050227;0;7;0;14;0;2;0;A01
200900050228;0;13;0;0;2;4;4;A01
200900050228;0;1;0;0;2;1;1;B01
200900050229;0;2;0;0;2;7;14;A01
200900050229;0;7;0;0;2;6;1;B01
200900050230;0;1;0;0;2;1;15;B01
200900050230;0;7;0;0;2;2;1;A01
200900050231;0;7;0;0;2;1;13;A01
200900050231;0;7;0;0;2;3;15;B01
200900050232;0;7;0;0;1;5;0;A01
200900050233;0;7;0;0;2;8;1;A01
200900050233;1;7;0;0;0;0;0;B01
200900050234;0;7;0;0;2;5;1;B01
200900050234;0;32;0;0;2;8;9;A01
200900050235;0;7;0;0;1;8;4;A01
200900050236;0;7;0;0;2;4;2;B01
200900050236;0;7;0;0;2;1;1;A01
200900050237;0;7;0;0;1;1;12;A01
200900050238;0;1;0;0;2;8;1;B01
200900050238;0;7;0;0;2;1;1;A01
200900050239;0;7;0;0;0;1;2;A01
200900050239;0;10;0;0;0;4;23;B01
200900050240;0;7;0;0;1;1;1;A01
200900050241;0;7;0;0;2;7;15;A01
200900050241;0;2;0;0;2;1;1;B01
200900050242;0;7;0;16;0;7;1;A01
200900050243;0;7;0;15;0;0;1;A01
200900050244;0;7;0;0;2;1;2;A01
200900050244;0;7;0;0;2;4;23;B01
200900050245;0;7;0;1;0;0;0;A01
200900050245;0;7;0;0;0;0;0;B01
200900050246;0;7;0;0;1;2;1;A01
200900050247;0;7;0;0;2;3;2;B01
200900050247;0;7;0;0;2;3;13;A01
200900050248;0;7;0;13;0;1;14;A01
200900050249;0;7;0;0;2;3;1;A01
200900050249;0;33;0;0;2;2;3;B01
200900050250;0;7;0;0;0;1;15;A01
200900050250;0;30;0;0;2;1;1;B01
200900050251;0;7;0;0;2;1;1;B01
200900050251;0;7;0;0;2;8;19;A01
200900050252;0;7;0;0;2;2;1;B01
200900050252;0;7;0;0;2;2;0;A01
200900050253;0;7;0;2;0;3;1;A01
200900050254;0;1;0;0;5;3;1;A01
200900050255;0;7;0;0;9;3;0;A01
200900050255;0;1;0;0;2;0;13;B02
200900050256;0;7;0;13;0;2;0;A01
200900050257;0;7;0;0;2;8;1;B02
200900050257;0;7;0;0;2;3;1;D04
200900050257;0;7;0;0;2;8;1;C03
200900050258;0;7;0;0;0;2;17;A01
200900050258;0;1;0;0;0;8;15;B02
200900050259;0;7;0;0;0;4;2;A01
200900050259;0;7;0;1;0;3;2;C03
200900050259;0;7;0;0;2;1;2;B02
200900050260;0;7;0;0;1;5;1;A01
200900050261;0;7;0;0;2;8;24;B02
200900050261;0;7;0;0;5;1;1;A01
200900050261;0;7;0;0;5;1;1;C03
200900050262;1;30;0;0;2;4;1;A01
200900050263;0;31;0;0;2;8;1;A01
200900050263;0;7;0;0;2;1;15;B02
200900050264;0;7;0;0;0;9;1;A01
200900050265;0;17;0;0;2;3;2;A01
200900050265;0;7;0;0;2;1;1;C03
200900050265;0;7;0;0;2;4;15;B02
200900050266;0;7;0;2;0;1;14;A01
200900050267;0;7;0;0;2;3;15;A01
200900050267;0;7;0;0;2;2;1;B02
200900050268;1;7;0;;;;;B01
200900050268;0;7;0;0;2;8;1;A01
200900050269;0;33;0;0;2;6;1;B02
200900050269;0;7;0;0;2;3;13;A01
200900050270;0;33;0;0;0;0;15;A01
200900050271;0;1;0;0;2;8;1;B02
200900050271;0;7;0;0;9;2;1;A01
200900050272;0;7;0;0;2;7;1;A01
200900050272;0;2;0;0;2;1;19;B02
200900050273;0;7;0;13;0;2;13;A01
200900050274;0;30;0;13;0;1;1;A01
200900050275;0;31;0;0;0;7;1;A01
200900050276;0;7;0;9;0;1;1;A01
200900050277;0;7;0;0;2;2;2;A01
200900050277;0;1;0;0;2;4;2;B02
200900050278;0;33;0;0;2;1;1;B02
200900050278;0;7;0;0;2;1;13;A01
200900050279;0;7;0;1;0;2;1;A01
200900050280;0;7;0;0;2;3;16;B01
200900050280;0;2;0;0;2;1;1;A01
200900050281;0;7;0;0;2;8;15;A01
200900050281;0;2;0;0;2;1;1;B01
200900050282;0;7;0;0;2;3;1;B01
200900050282;0;7;0;0;2;8;15;A01
200900050283;0;7;0;0;0;1;13;A01
200900050284;0;7;0;0;2;5;1;A01
200900050284;0;2;0;0;2;1;1;B01
200900050285;0;7;0;0;2;1;5;A01
200900050285;0;7;0;0;2;1;1;B01
200900050286;0;30;0;0;0;0;0;A01
200900050287;0;33;0;0;2;1;1;A01
200900050287;0;7;0;0;2;5;2;B01
200900050288;0;7;0;0;2;7;2;B01
200900050288;0;7;0;0;2;8;11;A01
200900050289;0;7;0;9;0;1;14;A01
200900050290;0;33;0;0;2;8;3;A01
200900050290;0;7;0;0;2;7;2;B01
200900050291;0;7;0;0;2;3;19;B01
200900050291;0;33;0;0;2;1;17;A01
200900050292;0;7;0;0;2;8;20;C01
200900050292;0;7;0;1;9;9;1;A01
200900050293;0;7;0;0;0;4;23;B01
200900050293;0;32;0;0;2;1;1;A01
200900050294;0;31;0;4;0;5;1;A01
200900050295;0;31;0;0;2;4;1;B01
200900050295;0;7;0;0;2;3;1;A01
200900050296;0;7;0;6;0;3;0;A01
200900050297;0;7;0;0;0;4;1;B01
200900050297;0;7;0;0;2;1;1;A01
200900050298;0;7;0;13;0;9;1;A01
200900050299;0;7;0;9;0;3;19;A01
200900050300;0;30;0;0;2;1;1;B01
200900050300;0;7;0;0;2;1;15;A01
200900050301;0;7;0;2;0;1;16;A01
200900050302;0;31;0;0;0;0;2;A01
200900050302;0;7;0;0;0;0;16;B01
200900050303;0;7;0;8;0;3;1;A01
200900050304;0;7;0;0;1;7;1;A01
200900050305;0;33;0;0;2;1;1;B01
200900050305;0;7;0;0;2;3;15;A01
200900050306;0;33;0;4;0;1;1;A01
200900050307;0;7;0;6;0;1;0;A01
200900050308;0;7;0;0;4;8;0;A01
200900050308;0;40;0;0;2;1;1;B01
200900050309;0;7;0;0;2;3;15;A01
200900050309;0;7;0;2;2;3;1;B01
200900050310;0;7;0;0;2;1;1;A01
200900050310;0;7;0;0;2;4;1;B01
200900050311;0;10;0;0;2;1;1;A01
200900050311;0;7;0;0;0;4;1;B01
200900050312;0;7;0;0;2;2;1;B01
200900050312;0;30;0;0;2;1;5;A01
200900050313;0;30;0;0;0;8;1;B01
200900050313;1;7;0;0;2;2;0;A01
200900050314;0;7;0;0;1;3;1;A01
200900050315;0;7;0;0;0;9;0;A01
200900050316;0;7;0;0;2;3;1;B01
200900050316;0;30;0;0;2;1;1;A01
200900050317;0;33;0;12;0;3;1;B01
200900050317;0;7;0;0;0;0;11;A01
200900050318;0;30;0;1;0;1;1;A01
200900050319;0;7;0;0;1;7;1;A01
200900050320;0;7;0;13;0;1;1;A01
200900050321;0;33;0;0;2;1;1;A01
200900050321;0;7;0;0;2;1;1;B01
200900050322;0;7;0;0;2;9;2;B01
200900050322;0;7;0;0;2;4;2;C01
200900050322;0;7;0;0;2;1;9;A01
200900050323;0;33;0;0;0;0;1;A01
200900050324;0;30;0;0;2;1;1;B01
200900050324;0;7;0;0;2;2;1;A01
200900050325;0;30;0;0;2;1;2;A01
200900050325;0;7;0;0;0;5;16;B01
200900050326;0;30;0;1;0;2;1;A01
200900050327;0;33;0;7;0;7;1;A01
200900050328;0;33;0;0;1;8;21;A01
200900050329;0;30;0;0;2;7;1;B01
200900050330;0;7;0;0;0;0;15;A01
200900050330;0;33;0;0;0;8;1;B01
200900050331;0;31;0;0;2;1;13;A01
200900050331;0;7;0;0;2;1;1;B01
200900050332;0;7;0;0;1;2;1;A01
200900050333;0;7;0;0;2;4;1;B01
200900050333;0;7;0;0;2;1;1;A01
200900050334;0;7;0;0;1;1;1;A01
200900050335;0;7;0;3;2;1;1;B01
200900050335;0;7;0;0;1;1;5;A01
200900050336;0;20;0;8;0;1;1;A01
200900050337;0;7;0;0;1;1;1;A01
200900050338;0;2;0;0;0;7;1;A01
200900050339;0;7;0;0;2;3;1;B01
200900050339;0;15;0;0;2;5;12;A01
200900050340;0;7;0;0;2;2;19;A01
200900050340;0;14;0;0;2;8;1;B02
200900050341;0;7;0;0;1;1;1;A01
200900050342;0;7;0;2;0;2;14;A01
200900050343;0;7;0;0;2;1;1;B02
200900050343;0;7;0;0;2;7;19;A01
200900050344;0;10;0;0;2;2;1;B02
200900050344;0;10;0;0;2;8;19;A01
200900050345;0;7;0;0;2;1;1;C03
200900050345;0;7;0;0;2;3;5;A01
200900050345;0;7;0;0;2;3;1;B02
200900050346;0;7;0;0;2;1;13;A01
200900050346;0;7;0;0;2;3;1;B02
200900050347;0;33;0;2;0;1;1;A01
200900050348;0;7;0;0;2;2;15;A01
200900050348;0;7;0;0;2;1;1;B02
200900050349;0;7;0;0;2;2;13;A01
200900050349;0;10;0;0;2;2;1;B02
200900050350;0;36;0;0;2;1;1;B02
200900050350;0;7;0;0;2;2;1;A01
200900050351;0;30;0;0;2;1;13;A01
200900050351;0;7;0;0;2;1;1;B02
200900050352;0;7;0;13;0;9;13;A01
200900050353;0;7;0;3;0;2;14;A01
200900050354;0;7;0;0;9;2;1;A01
200900050354;0;1;0;0;2;1;15;B02
200900050355;0;7;0;13;0;1;1;A01
200900050356;0;7;0;0;2;1;1;A01
200900050356;0;7;0;0;2;1;13;B02
200900050357;0;7;0;9;0;1;1;A01
200900050358;0;7;0;0;2;2;1;B02
200900050358;0;7;0;0;2;8;10;A01
200900050359;0;7;0;0;2;3;1;B02
200900050359;0;7;0;0;2;7;17;A01
200900050360;0;7;0;0;2;3;1;A01
200900050360;0;1;0;0;2;7;1;B02
200900050361;0;14;0;13;0;2;1;A01
200900050362;0;30;0;1;2;1;17;A01
200900050362;0;7;0;0;2;3;15;B01
200900050362;0;7;0;0;2;8;24;C01
200900050363;0;2;0;1;0;1;1;A01
200900050364;0;33;0;0;0;7;1;A01
200900050365;0;7;0;0;2;3;2;B01
200900050365;0;7;0;14;2;3;1;A01
200900050366;0;7;0;0;2;1;1;B01
200900050366;0;33;0;0;2;7;1;A01
200900050367;0;7;0;0;1;1;1;A01
200900050368;0;7;0;0;1;2;1;A01
200900050369;0;7;0;0;2;3;13;A01
200900050369;0;7;0;0;2;3;1;B01
200900050370;0;7;0;0;2;8;15;A01
200900050370;0;33;0;0;2;1;1;B01
200900050371;0;2;0;12;0;1;1;A01
200900050372;1;33;0;0;1;0;1;A01
200900050373;0;7;0;0;2;3;15;A01
200900050373;0;30;0;0;2;1;1;B01
200900050374;0;7;0;3;0;1;12;A01
200900050375;0;10;0;0;2;3;19;B02
200900050375;0;30;0;0;2;1;1;A01
200900050376;0;33;0;0;2;2;17;A01
200900050376;0;7;0;0;2;8;15;B02
200900050377;0;10;0;15;0;1;1;A01
200900050378;0;2;0;7;0;1;1;A01
200900050379;0;7;0;3;2;3;13;A01
200900050379;0;7;0;3;2;7;17;B02
200900050380;0;10;0;0;2;3;1;B02
200900050380;0;33;0;2;2;3;1;A01
200900050381;0;7;0;15;0;9;15;A01
200900050382;0;33;0;0;0;7;1;B02
200900050382;0;7;0;0;9;3;2;A01
200900050383;0;7;0;13;0;3;1;A01
200900050384;0;2;0;0;2;7;9;A01
200900050384;0;7;0;0;2;8;1;B02
200900050385;0;10;0;0;2;3;2;A01
200900050385;0;13;0;0;2;1;1;B02
200900050386;0;7;0;0;2;3;1;B02
200900050386;0;2;0;0;2;1;13;A01
200900050387;0;7;0;0;1;2;1;A01
200900050388;0;20;0;0;2;3;1;B02
200900050388;0;7;0;0;2;1;13;A01
200900050389;0;33;0;0;2;1;17;A01
200900050389;0;7;0;0;2;8;15;B02
200900050390;0;33;0;0;2;8;1;B02
200900050390;0;7;0;0;2;7;15;A01
200900050391;0;21;0;0;0;5;19;A01
200900050391;0;30;0;0;2;1;1;B02
200900050392;0;17;0;0;2;1;17;B02
200900050392;0;7;0;0;2;1;13;A01
200900050393;0;31;0;0;0;8;21;B02
200900050393;0;7;0;2;0;9;19;A01
200900050394;0;2;0;0;2;3;13;A01
200900050394;0;7;0;0;2;3;1;B02
200900050395;0;33;0;13;2;2;13;A01
200900050395;0;33;0;0;2;1;1;B02
200900050396;0;31;0;0;2;2;17;B02
200900050396;0;7;0;0;2;8;15;A01
200900050397;0;7;0;0;2;1;1;B01
200900050397;0;7;0;13;2;5;6;A01
200900050398;0;7;0;0;2;2;14;A01
200900050398;0;7;0;0;2;8;1;B01
200900050399;0;7;0;0;2;3;15;A01
200900050399;0;7;0;0;2;2;1;B01
200900050400;0;7;0;0;2;3;15;B01
200900050400;0;2;0;0;2;1;17;A01
200900050401;0;33;0;0;2;7;16;B01
200900050401;0;7;0;0;2;3;1;A01
200900050402;0;7;0;0;2;3;20;A01
200900050402;0;2;0;0;2;1;1;B01
200900050403;0;2;0;0;1;1;17;A01
200900050404;0;7;0;15;2;8;1;B02
200900050404;0;7;0;0;2;1;19;A01
200900050405;0;7;0;0;1;4;4;A01
200900050406;0;7;0;0;1;2;17;A01
200900050407;0;7;0;0;2;3;10;A01
200900050407;0;33;0;0;2;1;1;B01
200900050408;0;7;0;0;2;1;1;A01
200900050408;0;7;0;0;2;1;1;B01
200900050409;0;10;0;0;2;4;1;B01
200900050409;0;33;0;0;2;1;1;A01
200900050410;0;33;0;9;0;7;14;A01
200900050411;0;33;0;0;2;1;1;B01
200900050411;0;7;0;0;2;3;15;A01
200900050412;0;7;0;0;2;5;15;A01
200900050412;0;2;0;0;2;1;1;B01
200900050413;0;1;0;0;2;7;1;B01
200900050413;0;7;0;0;2;1;9;A01
200900050414;0;2;0;0;2;1;1;B01
200900050414;0;10;0;0;2;7;15;A01
200900050415;0;33;0;12;0;1;1;A01
200900050416;0;7;0;13;0;1;14;A01
200900050417;0;7;0;0;2;1;16;A01
200900050417;0;7;0;0;2;3;23;B01
200900050418;1;7;0;0;2;8;17;B01
200900050418;0;30;0;0;2;8;1;A01
200900050419;0;7;0;13;0;0;1;A01
200900050420;0;33;0;0;0;0;1;A01
200900050421;0;7;0;0;2;2;15;A01
200900050421;0;33;0;0;2;8;1;B01
200900050422;1;7;0;0;9;3;16;A01
200900050422;0;1;0;0;2;8;1;B01
200900050423;0;7;0;13;0;3;16;A01
200900050424;0;2;0;11;0;1;1;A01
200900050425;0;7;0;0;1;3;1;A01
200900050426;0;7;0;0;0;4;15;A01
200900050426;0;33;0;0;2;1;1;B02
200900050427;0;1;0;0;2;8;1;B02
200900050427;0;10;0;0;2;3;23;C03
200900050427;0;7;0;0;2;1;19;A01
200900050428;0;7;0;8;0;8;1;A01
200900050429;0;7;0;0;2;2;17;A01