num_acc;senc;catv;occutc;obs;obsm;choc;manv;num_veh
200900050811;0;7;0;0;2;3;1;B01
200900050812;0;1;0;0;2;1;19;A01
200900050812;0;7;0;0;2;1;1;B01
200900050813;0;7;0;0;1;1;1;A01
200900050814;0;7;0;2;2;2;9;A01
200900050814;0;7;0;0;2;4;1;B01
200900050815;0;30;0;0;2;1;1;A01
200900050815;0;7;0;0;2;4;0;B01
200900050816;0;7;0;6;2;3;0;B01
200900050816;0;7;0;0;2;1;1;A01
200900050817;0;2;0;0;2;7;17;A01
200900050817;0;7;0;0;2;8;0;B01
200900050818;0;2;0;0;2;8;21;B01
200900050818;0;7;0;0;2;3;16;A01
200900050819;0;7;0;0;2;3;13;A01
200900050819;0;7;0;0;2;1;1;B01
200900050820;0;1;0;0;2;1;1;B01
200900050820;0;3;0;0;2;3;10;A01
200900050821;0;2;0;0;1;1;0;A01
200900050822;0;7;0;0;1;4;4;A01
200900050823;0;21;0;0;0;8;15;A01
200900050823;0;33;0;0;0;1;17;B02
200900050824;0;10;0;0;1;2;17;A01
200900050825;0;33;0;4;0;3;2;A01
200900050826;0;7;0;0;2;1;17;A01
200900050826;0;7;0;0;2;8;15;B02
200900050827;0;21;0;0;2;3;1;B02
200900050827;0;31;0;0;2;1;13;A01
200900050828;0;10;0;0;2;2;19;A01
200900050828;0;7;0;0;2;3;1;B02
200900050829;0;7;0;13;0;9;5;A01
200900050830;1;7;0;0;2;1;9;A01
200900050830;0;7;0;0;2;3;15;B01
200900050831;0;7;0;1;0;3;1;A01
200900050831;0;15;0;0;0;5;24;B02
200900050832;0;38;0;0;2;2;1;B02
200900050832;0;10;0;7;2;3;1;C03
200900050832;0;7;0;0;2;5;19;A01
200900050833;0;17;0;0;0;6;17;A01
200900050833;0;10;0;0;2;2;1;B02
200900050834;0;2;0;0;2;1;15;B02
200900050834;0;7;0;0;2;7;1;A01
200900050835;0;7;0;0;2;3;1;A01
200900050835;0;17;0;0;2;6;1;B02
200900050836;0;7;0;0;2;1;2;A01
200900050836;0;7;0;0;0;4;2;C03
200900050836;0;14;0;1;0;1;2;B02
200900050837;0;33;0;15;0;1;1;A01
200900050838;0;33;0;0;2;1;1;B02
200900050838;0;7;0;0;2;2;15;A01
200900050839;0;7;0;0;2;1;1;A01
200900050839;0;7;0;0;2;7;19;B02
200900050840;0;33;0;0;1;1;1;A01
200900050841;0;7;0;0;2;1;0;B01
200900050841;0;7;0;0;2;3;19;A01
200900050842;0;7;0;0;2;2;15;A01
200900050842;0;7;0;0;2;1;1;B01
200900050843;0;7;0;6;0;1;1;A01
200900050844;0;7;0;0;2;2;13;A01
200900050844;0;7;0;0;2;3;1;B02
200900050845;0;7;0;2;0;8;1;A01
200900050846;0;7;0;0;2;1;13;A01
200900050846;0;7;0;0;2;1;1;B02
200900050847;0;7;0;0;2;3;1;A01
200900050847;0;7;0;0;2;3;13;B02
200900050848;0;21;0;0;2;3;1;A01
200900050849;0;99;0;0;2;5;1;B02
200900050849;0;33;0;0;2;3;9;A01
200900050850;0;7;0;14;0;1;1;A01
200900050851;0;7;0;6;0;2;13;A01
200900050852;0;7;0;0;2;1;1;A01
200900050852;0;7;0;0;0;8;1;B02
200900050853;0;7;0;4;0;1;2;A01
200900050854;0;2;0;1;0;1;15;A01
200900050855;0;2;0;0;2;8;1;A01
200900050855;0;7;0;0;2;3;15;B02
200900050856;0;7;0;0;2;3;0;A01
200900050856;0;33;0;0;2;1;0;B01
200900050857;0;7;0;0;2;3;1;A01
200900050857;0;7;0;0;2;3;1;B01
200900050858;0;30;0;0;0;0;1;A01
200900050859;0;7;0;0;2;1;2;A01
200900050859;0;30;0;0;2;4;2;B01
200900050860;0;7;0;0;1;0;12;A01
200900050861;0;10;0;0;1;4;4;A01
200900050862;0;7;0;0;2;3;2;A01
200900050862;0;7;0;0;2;2;17;B01
200900050863;0;7;0;0;0;3;1;C01
200900050863;0;7;0;0;2;1;1;A01
200900050863;0;30;0;0;0;4;1;B01
200900050864;0;7;0;8;0;1;6;A01
200900050865;0;30;0;1;2;7;15;A01
200900050866;0;2;0;0;2;0;18;A01
200900050866;0;7;0;0;2;2;16;B01
200900050867;0;7;0;0;2;4;1;B01
200900050867;0;33;0;1;2;1;18;A01
200900050868;0;2;0;0;1;1;1;A01
200900050869;0;7;0;0;0;0;0;A01
200900050869;0;7;0;0;2;1;2;C01
200900050869;0;7;0;0;2;1;2;B01
200900050869;0;7;0;0;2;1;2;D01
200900050869;0;7;0;0;2;1;2;F02
200900050869;0;7;0;0;2;1;2;E01
200900050870;0;7;0;0;2;2;1;C01
200900050870;0;33;0;0;2;1;2;A01
200900050870;0;7;0;0;0;6;1;B01
200900050871;0;31;0;0;2;4;2;B01
200900050871;0;7;0;0;2;1;2;A01
200900050872;0;2;0;0;2;1;2;A01
200900050872;0;7;0;0;9;5;2;B01
200900050873;0;30;0;12;0;1;1;A01
200900050874;0;7;0;0;1;2;1;A01
200900050875;0;7;0;0;1;3;1;A01
200900050876;0;7;0;0;1;8;1;A01
200900050877;0;7;0;0;1;1;1;A01
200900050878;0;7;0;0;2;8;10;A01
200900050878;0;33;0;0;2;0;1;B01
200900050879;0;10;0;0;2;3;1;A01
200900050879;0;33;0;0;2;3;13;B01
200900050880;0;7;0;0;2;1;5;A01
200900050880;0;7;0;0;2;8;21;B01
200900050881;0;7;0;0;2;4;1;B01
200900050881;0;7;0;1;2;0;0;A01
200900050882;0;7;0;3;0;0;0;A01
200900050883;0;17;0;4;0;0;0;A01
200900050884;0;10;0;3;0;0;0;A01
200900050885;0;17;0;0;2;7;1;B01
200900050885;0;7;0;0;2;8;11;A01
200900050886;0;33;0;0;2;0;1;B01
200900050886;0;7;0;3;2;0;0;A01
200900050887;0;7;0;13;0;0;0;A01
200900050888;0;7;0;3;0;0;0;A01
200900050889;0;7;0;0;2;0;0;B01
200900050889;0;33;0;0;2;0;0;A01
200900050890;0;7;0;0;0;9;0;A01
200900050891;0;7;0;4;0;0;0;A01
200900050892;0;17;0;0;2;7;1;B01
200900050892;0;7;0;0;2;8;11;A01
200900050893;0;7;0;0;0;0;0;A01
200900050894;0;38;1;3;2;0;14;B01
200900050894;0;10;0;0;2;0;17;A01
200900050895;0;2;0;0;2;1;1;B01
200900050895;0;7;0;0;2;8;19;A01
200900050896;0;7;0;3;0;7;1;B01
200900050896;1;7;0;0;0;0;0;A01
200900050897;0;7;0;0;2;0;15;A01
200900050897;0;2;0;0;2;1;1;B01
200900050898;0;7;0;0;2;1;2;A01
200900050898;0;7;0;0;2;4;2;C01
200900050898;0;7;0;0;2;4;2;B01
200900050899;0;7;0;0;1;4;0;A01
200900050900;0;33;0;0;2;1;0;A01
200900050900;0;7;0;0;0;2;15;B01
200900050901;0;7;0;0;0;8;10;A01
200900050901;0;30;0;0;2;1;2;B01
200900050902;0;33;0;0;2;1;1;B01
200900050902;0;7;0;0;9;3;15;A01
200900050903;1;7;0;0;1;1;0;A01
200900050904;0;7;0;0;2;2;1;A01
200900050904;0;7;0;12;2;3;1;B01
200900050905;0;31;0;0;2;1;1;B01
200900050905;0;7;0;0;2;1;1;A01
200900050906;0;30;0;0;2;1;19;A01
200900050906;0;10;0;0;2;8;1;B01
200900050907;0;7;0;0;2;1;15;A01
200900050907;0;2;0;0;2;7;1;B01
200900050908;0;7;0;0;2;6;15;B01
200900050908;0;7;0;0;2;3;1;A01
200900050909;0;7;0;0;2;2;15;A01
200900050909;0;30;0;0;2;1;2;B01
200900050910;0;7;0;8;0;2;14;A01
200900050911;0;31;0;0;2;1;1;B01
200900050911;0;7;0;0;2;3;9;A01
200900050912;0;7;0;0;2;3;19;A01
200900050912;0;7;0;0;2;9;1;B01
200900050913;1;7;0;0;1;0;1;X01
200900050914;0;7;0;0;2;3;9;A01
200900050914;0;33;0;0;2;1;1;B01
200900050915;0;7;0;0;2;2;1;B01
200900050915;2;7;0;0;2;2;5;A01
200900050916;0;7;0;0;1;1;15;A01
200900050917;0;33;0;0;2;1;1;A01
200900050917;0;30;0;0;2;6;9;B01
200900050918;0;7;0;6;0;9;1;A01
200900050919;0;7;0;0;2;4;23;B01
200900050919;0;7;0;0;2;4;23;C01
200900050919;0;7;0;0;2;1;1;A01
200900050920;0;7;0;0;1;5;4;A01
200900050921;0;33;0;0;2;1;1;B01
200900050921;0;7;0;0;2;7;15;A01
200900050922;0;7;0;0;1;2;1;A01
200900050923;0;7;0;0;1;1;1;A01
200900050924;0;30;0;0;0;1;1;B01
200900050924;1;7;0;0;2;3;15;A01
200900050925;0;2;0;0;2;1;1;A01
200900050925;0;10;0;0;2;3;16;B01
200900050926;0;7;0;8;0;3;15;A01
200900050927;0;33;0;0;1;1;1;A01
200900050928;0;2;0;0;2;4;0;A01
200900050928;0;7;0;0;2;1;1;B01
200900050929;0;30;0;12;0;1;15;A01
200900050930;0;7;0;13;0;8;13;A01
200900050931;0;7;0;0;0;0;0;B01
200900050931;0;7;0;0;0;0;13;A01
200900050932;0;7;0;0;2;1;0;A01
200900050932;0;7;0;0;2;3;1;B01
200900050933;0;7;0;0;1;1;1;A01
200900050934;0;7;0;0;2;1;0;A01
200900050934;0;7;0;0;2;3;1;B01
200900050935;0;7;0;0;2;3;21;A01
200900050935;0;7;0;0;2;6;15;B01
200900050936;0;7;0;0;0;9;1;A01
200900050937;0;7;0;0;1;3;1;A01
200900050938;0;7;0;0;2;2;1;A01
200900050938;0;2;0;0;2;0;1;B01
200900050939;0;7;0;13;0;0;0;A01
200900050940;0;33;0;0;0;0;0;A01
200900050941;0;7;0;4;0;0;0;A01
200900050942;0;7;0;0;2;1;2;B01
200900050942;0;14;0;0;2;1;2;D01
200900050942;0;7;0;0;2;4;2;A01
200900050942;0;17;0;0;2;4;2;C01
200900050943;0;7;0;0;2;1;2;A01
200900050943;0;7;0;0;2;4;2;B01
200900050944;0;10;0;4;0;0;0;A01
200900050945;0;7;0;0;2;0;1;C01
200900050945;0;7;0;3;2;7;12;A01
200900050945;0;17;0;0;2;8;1;B01
200900050946;0;7;0;0;2;0;0;A01
200900050946;0;14;0;0;2;8;1;B01
200900050947;0;7;0;0;0;9;0;A01
200900050948;0;7;0;3;0;9;0;A01
200900050949;0;7;0;0;2;4;2;C01
200900050949;0;10;0;0;2;1;2;A01
200900050949;0;7;0;0;2;4;2;B01
200900050950;0;35;0;0;2;6;2;B02
200900050950;0;35;0;0;2;2;2;A01
200900050951;0;33;0;0;1;3;1;A01
200900050952;0;7;0;0;2;6;15;B02
200900050952;0;33;0;0;2;1;1;A01
200900050953;0;36;0;0;0;0;1;A01
200900050954;0;7;0;0;2;3;1;B02
200900050954;0;31;0;0;2;3;1;A01
200900050955;0;31;0;1;0;3;21;A01
200900050955;0;7;0;0;0;6;0;B02
200900050956;0;7;0;6;0;1;1;A01
200900050957;0;1;0;0;2;6;0;B02
200900050957;0;14;0;0;1;7;1;A01
200900050958;0;33;0;0;2;1;1;A01
200900050958;0;7;0;0;0;3;15;B02
200900050959;0;7;0;16;0;9;13;A01
200900050960;0;32;0;0;2;1;17;B02
200900050960;0;7;0;0;2;8;15;A01
200900050961;0;7;0;0;2;1;1;A01
200900050961;0;7;0;0;2;8;15;B02
200900050962;0;7;0;6;0;1;13;A01
200900050963;0;33;0;0;0;8;1;B02
200900050963;0;7;0;0;0;8;1;A01
200900050964;0;2;0;0;2;1;13;A01
200900050964;0;7;0;0;2;3;1;B02
200900050965;0;14;0;0;2;1;19;B02
200900050965;0;10;0;0;2;8;1;A01
200900050966;0;31;0;0;0;2;17;B02
200900050966;0;7;0;0;2;1;15;A01
200900050967;0;7;0;0;2;5;1;A01
200900050967;0;7;0;0;2;1;1;B02
200900050968;0;21;0;0;2;4;4;A01
200900050968;0;30;0;0;2;1;1;B02
200900050969;0;33;0;0;6;2;1;A01
200900050970;0;33;0;0;2;0;1;B02
200900050970;0;10;0;0;2;8;10;A01
200900050971;0;7;0;0;2;3;1;A01
200900050971;0;2;0;0;2;9;5;B02
200900050972;0;33;0;0;0;0;1;A01
200900050973;0;7;0;0;2;2;1;A01
200900050973;0;3;0;0;0;6;1;B02
200900050974;0;7;0;2;0;7;13;A01
200900050975;0;7;0;2;0;1;14;A01
200900050976;0;30;0;0;2;8;19;B02
200900050976;0;7;0;0;2;1;1;A01
200900050977;0;33;0;0;2;1;2;B02
200900050977;0;7;0;0;0;8;15;A01
200900050978;0;7;0;0;2;8;1;B01
200900050978;0;7;0;0;2;1;9;A01
200900050979;0;33;0;11;1;2;2;A01
200900050980;0;7;0;0;2;1;5;A01
200900050980;0;7;0;0;2;1;1;B01
200900050981;0;2;0;0;2;1;0;A01
200900050981;0;7;0;0;0;0;0;B01
200900050982;0;1;0;0;2;8;1;B01
200900050982;0;21;0;0;2;2;17;A01
200900050983;0;1;0;0;0;4;0;B01
200900050983;0;30;0;0;2;1;17;A01
200900050984;0;7;0;0;2;6;20;A01
200900050984;0;33;0;0;2;1;1;B01
200900050985;0;2;0;0;2;1;15;A01
200900050985;0;7;0;0;0;2;1;B01
200900050986;0;7;0;0;0;3;1;B01
200900050986;0;7;0;0;0;1;1;A01
200900050987;0;31;0;0;2;1;1;B01
200900050987;2;7;0;0;2;2;1;A01
200900050988;0;7;0;0;9;3;10;A01
200900050988;0;1;0;0;2;1;1;B01
200900050989;0;33;0;0;0;0;0;A01
200900050990;0;7;0;0;0;4;0;B01
200900050990;0;2;0;0;2;1;2;A01
200900050991;0;2;0;0;2;1;0;A01
200900050991;0;2;0;0;2;7;0;B01
200900050992;0;33;0;0;1;1;1;A01
200900050993;0;33;0;0;2;8;1;B01
200900050993;0;7;0;0;2;0;9;A01
200900050994;0;33;0;0;0;0;2;A01
200900050995;0;7;0;2;0;6;14;A01
200900050996;0;33;0;11;0;1;1;A01
200900050997;0;7;0;0;9;3;1;B01
200900050997;0;2;0;0;2;1;1;A01
200900050998;0;7;0;6;0;1;0;A01
200900050999;0;7;0;6;0;1;14;A01
200900051000;0;33;0;0;0;0;21;A01
200900051000;0;7;0;0;0;0;15;B02
200900051001;0;7;0;2;0;3;14;A01
200900051002;0;33;0;0;2;1;1;A01
200900051002;0;7;0;0;2;4;15;B02
200900051003;0;33;0;0;2;3;13;A01
200900051003;0;7;0;0;2;3;0;B02
200900051004;0;7;0;0;1;3;15;A01
200900051005;0;7;0;8;0;3;1;A01
200900051006;0;7;0;0;1;2;1;A01
200900051007;0;7;0;0;9;3;1;A01
200900051007;0;1;0;0;2;1;19;B02
200900051008;0;33;0;0;2;3;18;B02
200900051008;0;7;0;0;9;5;2;A01
200900051009;0;17;0;0;2;6;1;B02
200900051009;0;99;0;0;0;0;0;A01
200900051010;0;1;0;0;2;1;1;B02
200900051010;0;7;0;0;2;2;15;A01
200900051011;0;7;0;0;2;7;1;A01
200900051011;0;7;0;0;2;1;1;B02
200900051012;0;7;0;2;0;3;13;A01
200900051013;0;30;0;0;0;8;2;A01
200900051013;0;7;0;0;0;7;17;B02
200900051014;0;7;0;0;0;2;1;A01
200900051015;0;2;0;0;2;1;13;B02
200900051015;0;7;0;0;2;3;1;A01
200900051016;0;37;0;0;1;7;24;A01
200900051017;0;17;0;4;2;8;13;A01
200900051017;0;10;0;0;2;1;21;B02
200900051018;0;7;0;0;0;1;1;A01
200900051018;0;31;0;0;0;4;1;B02
200900051019;0;14;0;0;1;0;19;B02
200900051019;0;7;0;0;1;2;1;A01
200900051020;0;7;0;0;2;6;19;A01
200900051020;0;2;0;0;2;1;1;B02
200900051021;0;31;0;0;9;1;1;A01
200900051021;0;99;0;0;0;4;13;B02
200900051022;0;7;0;4;0;3;1;A01
200900051023;0;7;0;2;0;1;1;A01
200900051024;0;7;0;0;1;2;1;A01
200900051025;0;7;0;3;0;0;0;A01
200900051026;0;7;0;0;0;9;0;A01
200900051027;0;7;0;3;0;0;0;A01
200900051028;0;7;0;3;2;0;14;A01
200900051028;0;33;0;0;2;1;13;B01
200900051029;0;7;0;4;0;0;0;A01
200900051030;0;7;0;0;2;4;2;C01
200900051030;0;10;0;0;2;4;2;B01
200900051030;0;7;0;0;2;1;2;A01
200900051031;0;31;0;0;0;0;0;A01
200900051031;0;33;0;0;0;0;0;B01
200900051032;0;7;0;4;0;0;13;A01
200900051033;0;33;0;0;0;0;0;A01
200900051034;0;7;0;3;2;0;2;A01
200900051034;0;7;0;0;2;0;2;B01
200900051035;0;33;0;3;0;0;0;A01
200900051036;0;7;0;0;2;4;2;B01
200900051036;0;7;0;0;2;4;2;C01
200900051036;0;7;0;0;2;1;2;A01
200900051037;0;10;0;0;1;2;1;A01
200900051038;0;1;0;0;9;4;2;A01
200900051038;0;1;0;0;9;7;2;B01
200900051038;1;7;0;0;9;1;2;C01
200900051039;0;30;0;0;2;1;1;B01
200900051039;0;30;0;0;2;1;5;A01
200900051040;0;3;0;0;2;7;1;A01
200900051040;0;33;0;0;2;7;1;B01
200900051041;0;30;0;0;1;1;1;A01
200900051042;0;10;0;8;0;1;1;A01
200900051043;0;7;0;0;2;3;15;B01
200900051043;0;7;0;0;2;2;17;A01
200900051044;0;7;0;0;1;1;1;A01
200900051045;0;7;0;0;1;2;1;A01
200900051046;0;7;0;0;2;3;0;A01
200900051046;0;7;0;0;2;3;0;B01
200900051047;0;7;0;0;2;1;16;A01
200900051047;0;33;0;6;2;3;1;B01
200900051048;0;7;0;0;2;7;20;A01
200900051048;0;31;0;0;2;1;1;B01
200900051049;0;7;0;12;0;3;1;A01
200900051050;0;30;0;0;2;7;17;A01
200900051050;0;7;0;0;2;3;15;B01
200900051051;0;7;0;0;2;2;15;A01
200900051051;0;2;0;0;2;1;1;B01
200900051052;0;2;0;0;2;1;1;B01
200900051052;0;7;0;0;2;1;16;A01
200900051053;0;7;0;2;0;1;11;A01
200900051054;0;7;0;0;2;1;1;D01
200900051054;0;7;0;0;2;3;1;B01
200900051054;0;2;0;0;2;1;17;A01
200900051054;0;7;0;0;2;3;1;C01
200900051055;0;7;0;0;2;8;15;A01
200900051055;0;7;0;0;2;1;1;B01
200900051056;0;30;0;0;2;3;1;B01
200900051056;1;7;0;0;2;1;1;A01
200900051057;0;7;0;0;1;0;1;A01
200900051058;0;7;0;4;0;0;1;A01
200900051059;0;7;0;6;0;1;1;A01
200900051060;0;7;0;0;1;1;15;A01
200900051061;0;7;0;0;2;1;15;B01
200900051061;0;7;0;0;2;1;1;A01
200900051062;0;7;0;0;2;3;13;A01
200900051062;0;14;0;0;2;3;1;B01
200900051063;0;33;0;0;2;1;1;B01
200900051063;0;7;0;0;2;4;15;A01
200900051064;0;7;0;0;2;2;0;B01
200900051064;0;30;0;0;9;1;13;A01
200900051065;0;33;0;0;2;1;0;B01
200900051065;0;7;0;0;2;7;10;A01
200900051066;0;30;0;1;0;1;1;A01
200900051067;0;30;0;0;2;1;1;B01
200900051067;0;7;0;0;2;2;15;A01
200900051068;0;7;0;0;1;1;1;A01
200900051069;0;7;0;0;2;3;2;B01
200900051069;0;7;0;0;2;3;2;A01
200900051070;0;7;0;0;2;3;1;A01
200900051070;0;30;0;0;2;7;13;B01
200900051071;0;30;0;0;2;8;5;A01
200900051071;0;37;5;0;9;8;1;B01
200900051072;0;7;0;0;0;0;0;A01
200900051073;0;7;0;6;2;8;21;B01
200900051073;0;7;0;6;2;1;13;A01
200900051074;0;7;0;0;2;0;0;B01
200900051074;0;7;0;0;2;3;15;A01
200900051075;0;7;0;9;2;3;1;B01
200900051075;1;7;0;0;2;2;12;A01
200900051076;0;7;0;0;1;1;2;A01
200900051077;0;7;0;0;2;8;24;C01
200900051077;0;13;0;1;0;1;1;A01
200900051077;0;7;0;0;2;4;23;B01
200900051078;0;17;0;13;0;8;1;A01
200900051078;0;7;0;0;0;6;21;E05
200900051078;0;7;0;14;0;1;1;C03
200900051078;0;7;0;0;1;3;21;D04
200900051078;0;7;0;0;2;2;21;F06
200900051079;0;7;0;0;2;3;1;A01
200900051079;0;10;0;0;2;3;1;B02
200900051080;0;7;0;13;0;2;1;A01
200900051081;0;7;0;0;2;1;13;A01
200900051081;0;7;0;0;2;1;21;B02
200900051082;0;7;0;16;0;9;1;A01
200900051083;0;13;0;0;2;2;2;A01
200900051083;0;30;0;0;0;4;1;B02
200900051084;0;7;0;16;0;1;1;A01
200900051085;0;7;0;0;2;1;19;A01
200900051085;0;7;0;0;2;3;1;B02
200900051086;0;10;0;0;2;6;13;B02
200900051086;0;7;0;0;2;1;1;A01
200900051087;0;7;0;8;0;2;14;A01
200900051088;0;15;0;0;0;0;23;C03
200900051088;0;14;0;0;0;6;23;B02
200900051088;0;15;0;1;0;1;1;A01
200900051088;0;7;0;0;0;0;1;D04
200900051089;0;7;0;6;0;3;13;A01
200900051090;0;10;0;6;2;3;1;B02
200900051090;0;7;0;0;2;3;13;A01
200900051091;0;2;0;0;2;8;1;B02
200900051091;0;7;0;0;2;3;15;A01
200900051092;0;10;0;0;2;2;4;A01
200900051092;0;2;0;0;2;1;1;B02
200900051093;0;14;0;13;0;9;21;A01
200900051094;0;7;0;0;2;1;11;A01
200900051094;0;7;0;0;0;4;23;B01
200900051095;0;30;0;0;2;1;1;B01
200900051095;0;7;0;0;2;1;15;A01
200900051096;0;7;0;1;0;7;17;A01
200900051096;0;14;0;0;2;6;23;B01
200900051097;0;7;0;0;2;4;1;B01
200900051097;0;7;0;0;2;3;15;A01
200900051098;0;7;0;0;2;3;15;A01
200900051098;0;2;0;0;2;1;17;B01
200900051099;0;7;0;0;2;6;1;B01
200900051099;0;7;0;0;2;2;1;A01
200900051100;0;2;0;0;2;1;1;B01
200900051100;0;7;0;0;2;1;15;A01
200900051101;0;7;0;0;2;6;1;B01
200900051101;0;7;0;0;2;9;1;A01
200900051102;0;2;0;0;1;1;1;A01
200900051103;0;2;0;0;2;1;1;A01
200900051103;0;7;0;0;2;5;1;B01
200900051104;0;7;0;0;2;1;1;A01
200900051104;0;7;0;0;2;6;1;B01
200900051105;0;7;0;0;2;8;23;B01
200900051105;0;2;0;0;2;8;16;A01
200900051106;0;7;0;0;2;4;23;B01
200900051106;0;7;0;0;2;1;2;A01
200900051107;0;7;0;6;2;1;13;A01
200900051107;0;1;0;0;2;1;1;B01
200900051108;0;10;0;0;0;2;16;B01
200900051108;0;30;0;0;2;1;18;A01
200900051109;0;2;0;8;0;0;0;A01
200900051110;0;2;0;0;0;0;0;A01
200900051110;0;7;0;0;2;6;0;B01
200900051111;0;32;0;14;0;1;1;A01
200900051112;0;7;0;0;0;0;0;B01
200900051112;0;7;0;0;0;0;0;A01
200900051113;0;37;0;0;1;8;15;A01
200900051114;0;7;0;0;1;2;1;A01
200900051115;0;7;0;1;1;5;4;A01
200900051116;0;37;0;0;1;2;7;A01
200900051117;0;7;0;0;9;3;1;A01
200900051118;0;7;0;0;0;4;23;B01
200900051118;0;7;0;0;0;1;2;A01
200900051119;0;13;0;0;2;8;10;A01
200900051119;0;7;0;0;2;1;2;B01
200900051120;0;7;0;0;2;3;2;B01
200900051120;0;7;0;0;2;3;16;A01
200900051121;0;33;0;0;2;1;17;A01
200900051121;0;7;0;0;2;1;1;B01
200900051121;0;7;0;0;0;6;2;C01
200900051122;0;32;0;0;1;1;1;A01
200900051123;0;31;0;0;2;1;17;B01
200900051123;0;7;0;0;2;3;1;A01
200900051124;0;7;0;0;2;2;1;B01
200900051124;0;7;0;14;2;1;1;A01
200900051125;0;7;0;0;1;1;16;A01
200900051126;0;7;0;0;2;2;19;A01
200900051126;0;34;0;0;2;1;1;B01
200900051127;0;7;0;0;2;3;1;A01
200900051127;0;1;0;0;2;1;1;B01
200900051128;0;7;0;0;0;0;0;A01
200900051128;0;7;0;0;0;4;0;B01
200900051129;0;7;0;0;1;2;1;A01
200900051130;0;33;0;0;2;8;16;B01
200900051130;0;7;0;0;2;1;15;A01
200900051131;0;1;0;0;0;0;0;B01
200900051131;0;7;0;0;2;1;2;A01
200900051132;0;7;0;0;2;2;1;A01
200900051132;0;13;0;0;2;3;1;B01
200900051133;1;99;0;0;0;1;1;A01
200900051134;0;7;0;0;9;1;1;A01
200900051134;0;31;0;0;2;1;1;B01
200900051135;0;7;0;8;0;1;1;A01
200900051136;0;7;0;0;1;1;1;A01
200900051137;0;37;0;0;1;1;1;A01
200900051138;0;7;0;0;2;1;15;B01
200900051138;0;7;0;0;2;7;1;A01
200900051139;0;7;0;0;2;1;1;A01
200900051139;0;7;0;0;0;4;1;B01
200900051140;0;7;0;12;0;1;17;A01
200900051141;0;7;0;0;2;5;22;A01
200900051141;0;30;0;0;0;0;18;B01
200900051142;0;7;0;0;2;8;1;B01
200900051142;0;7;0;0;2;1;1;A01
200900051143;0;7;0;0;1;0;2;A01
200900051144;0;2;0;0;2;1;5;A01
200900051144;0;37;15;0;2;3;1;B01
200900051145;0;7;0;14;0;1;1;A01
200900051145;0;7;0;14;0;1;1;B01
200900051146;0;7;0;14;0;1;15;B01
200900051146;0;7;0;0;1;1;23;A01
200900051147;1;7;0;0;0;0;0;A01
200900051148;0;7;0;0;0;7;16;B01
200900051148;0;2;0;0;0;1;18;A01
200900051149;0;32;0;0;0;2;0;A01
200900051150;1;7;0;0;0;0;0;A01
200900051151;0;7;0;0;0;7;10;B01
200900051151;0;32;0;0;2;1;1;A01
200900051152;0;7;0;0;0;4;2;B01
200900051152;0;32;0;0;2;1;2;A01
200900051153;0;2;0;0;2;4;0;B01
200900051153;1;7;0;0;2;2;0;A01
200900051154;0;10;0;4;0;1;0;A01
200900051155;0;30;0;0;2;1;17;A01
200900051155;0;7;0;0;2;6;11;B01
200900051156;0;32;0;0;1;6;0;A01
200900051157;0;30;0;0;0;2;0;A01
200900051157;0;7;0;0;0;3;0;B01
200900051158;0;7;0;0;0;1;1;A01
200900051158;0;7;0;0;0;1;1;B01
200900051159;0;7;0;14;0;1;2;A01
200900051160;0;7;0;2;0;0;0;A01
200900051161;0;7;0;0;2;1;1;A01
200900051161;0;7;0;0;2;2;9;B01
200900051162;0;33;0;0;1;8;0;A01
200900051163;0;7;0;3;1;2;21;A01
200900051164;0;17;0;0;0;6;4;A01
200900051165;0;30;0;0;2;0;2;A01
200900051165;0;7;0;0;0;3;2;B01
200900051166;0;32;0;0;2;1;1;B01
200900051166;0;7;0;0;2;2;10;A01
200900051167;0;7;0;0;0;2;10;A01
200900051167;0;33;0;0;0;1;1;B01
200900051168;0;7;0;0;0;7;0;A01
200900051168;0;7;0;0;0;1;0;B01
200900051169;1;7;0;0;1;1;1;A01
200900051170;0;7;0;0;1;3;16;A01
200900051171;0;7;0;0;1;2;2;A01
200900051172;0;7;0;0;0;2;17;A01
200900051173;0;7;0;0;1;8;1;A01
200900051174;0;7;0;0;0;1;2;A01
200900051174;0;32;0;0;0;4;23;B01
200900051175;0;7;0;0;0;2;1;A01
200900051176;0;7;0;0;1;2;1;A01
200900051177;0;7;0;0;1;2;1;A01
200900051178;0;2;0;0;0;2;2;A01
200900051179;0;7;0;0;1;2;2;A01
200900051180;0;1;0;0;1;1;0;A01
200900051181;0;7;0;0;0;6;15;B01
200900051181;0;34;0;0;2;7;17;A01
200900051182;0;7;0;0;2;3;0;B01
200900051182;0;33;0;0;2;1;0;A01
200900051183;0;7;0;0;2;8;1;B01
200900051183;0;7;0;0;2;3;1;A01
200900051184;2;7;0;0;2;6;23;B01
200900051184;0;33;0;0;2;8;1;A01
200900051184;0;7;0;0;2;6;1;D01
200900051184;0;33;0;0;2;1;1;C01
200900051185;0;30;0;0;1;0;0;A01
200900051186;0;7;0;0;2;3;9;A01
200900051186;0;7;0;0;2;1;21;B01
200900051187;0;30;0;0;2;1;0;B01
200900051187;0;7;0;1;1;1;0;A01
200900051188;0;7;0;0;2;1;1;A01