num_acc;senc;catv;occutc;obs;obsm;choc;manv;num_veh
200900051188;0;7;0;0;2;4;1;B01
200900051188;0;7;0;0;2;4;1;C01
200900051189;0;33;0;8;2;0;0;A01
200900051189;1;7;0;0;2;0;2;B01
200900051190;0;7;0;0;2;8;15;B01
200900051190;0;2;0;0;2;7;17;A01
200900051190;0;7;0;1;0;0;1;C01
200900051191;0;7;0;0;1;1;2;A01
200900051192;0;7;0;0;0;6;0;B01
200900051192;0;7;0;1;0;2;0;A01
200900051193;0;7;0;0;0;5;4;A01
200900051194;0;7;0;0;2;3;2;A01
200900051194;0;32;0;0;0;4;15;B01
200900051195;0;7;0;0;1;3;0;A01
200900051196;0;7;0;0;2;1;0;B01
200900051196;0;7;0;0;2;1;1;A01
200900051197;0;34;0;12;0;1;0;A01
200900051198;0;7;0;0;0;0;0;A01
200900051199;0;10;0;0;2;7;0;B01
200900051199;0;1;0;0;2;1;1;A01
200900051200;0;7;0;0;2;4;23;C01
200900051200;0;33;0;1;0;1;21;B01
200900051200;0;7;0;0;2;3;22;A01
200900051201;0;7;0;0;2;1;2;A01
200900051201;0;7;0;0;2;4;2;B01
200900051201;0;33;0;0;2;4;2;C01
200900051202;0;7;0;0;2;5;16;A01
200900051202;0;7;0;0;2;1;9;B01
200900051203;0;7;0;6;0;9;14;A01
200900051204;0;2;0;0;2;1;1;B01
200900051204;0;7;0;0;2;1;1;A01
200900051205;0;30;0;0;2;1;11;A01
200900051205;0;7;0;0;2;3;15;B01
200900051206;1;7;0;0;1;0;0;A01
200900051207;0;7;0;0;0;2;1;A01
200900051207;0;7;0;0;0;3;12;B01
200900051208;0;33;0;0;2;3;5;B01
200900051208;0;7;0;0;2;3;10;A01
200900051209;0;7;0;0;1;1;2;A01
200900051210;0;7;0;0;1;1;1;A01
200900051211;0;30;0;0;0;1;9;B01
200900051211;0;10;0;0;0;3;0;A01
200900051212;0;7;0;0;2;1;1;B01
200900051212;0;2;0;0;2;8;9;A01
200900051213;0;33;0;0;2;1;1;A01
200900051213;0;7;0;0;0;7;15;B01
200900051214;0;7;0;0;0;0;0;B01
200900051214;0;7;0;0;0;1;2;A01
200900051215;1;10;0;0;2;7;3;A01
200900051215;0;30;0;0;2;8;0;B01
200900051216;0;33;0;0;2;2;2;B01
200900051216;0;7;0;0;2;3;10;A01
200900051217;0;7;0;0;2;5;1;B01
200900051217;0;33;0;14;2;1;6;A01
200900051218;0;7;0;0;2;1;1;A01
200900051218;0;7;0;0;0;4;1;B01
200900051219;0;7;0;0;0;1;0;D01
200900051219;0;7;0;0;0;4;1;B01
200900051219;0;7;0;0;0;4;1;A01
200900051219;0;7;0;0;0;4;1;C01
200900051220;0;10;0;0;2;4;0;A01
200900051220;0;7;0;0;2;4;0;B01
200900051221;0;7;0;0;2;1;1;B01
200900051221;0;7;0;0;2;7;1;A01
200900051222;0;7;0;7;0;9;1;A01
200900051223;0;34;0;0;0;7;1;B01
200900051223;0;7;0;0;0;2;1;A01
200900051224;0;33;0;0;0;7;2;A01
200900051225;0;7;0;0;2;1;2;A01
200900051225;0;16;0;0;0;6;2;B01
200900051226;0;37;0;0;1;3;7;A01
200900051227;0;7;0;0;2;1;1;B01
200900051227;0;7;0;0;2;1;1;A01
200900051227;0;7;0;0;0;8;23;C01
200900051228;0;7;0;0;0;2;15;A01
200900051228;0;32;0;0;0;1;1;B01
200900051229;0;34;0;0;2;8;1;B01
200900051229;0;15;0;0;2;7;12;A01
200900051230;0;7;0;0;0;1;0;A01
200900051230;0;1;0;0;0;8;0;B01
200900051231;0;7;0;0;1;2;1;A01
200900051232;0;7;0;1;0;1;2;A01
200900051233;0;7;0;0;1;6;0;C01
200900051233;0;7;0;0;2;5;0;B01
200900051233;0;10;0;0;2;1;2;A01
200900051234;0;7;0;0;2;1;1;A01
200900051234;0;7;0;0;2;3;0;B01
200900051235;0;7;0;0;2;4;2;B01
200900051235;0;7;0;0;2;1;2;C01
200900051235;0;7;0;0;2;4;2;A01
200900051236;0;7;0;0;0;7;2;A01
200900051236;0;1;0;0;2;8;13;B01
200900051237;0;31;0;0;2;1;1;A01
200900051237;0;7;0;0;2;1;1;B01
200900051238;0;33;0;15;0;1;0;A01
200900051239;0;7;0;8;0;1;16;A01
200900051240;0;2;0;0;2;1;1;B01
200900051240;0;7;0;0;2;3;9;A01
200900051241;0;7;0;8;0;2;1;A01
200900051242;0;34;0;0;2;1;2;B01
200900051242;0;10;0;0;2;5;9;A01
200900051243;0;32;0;0;0;8;2;A01
200900051244;0;7;0;0;0;1;2;A01
200900051245;0;7;0;0;2;4;15;A01
200900051245;0;99;0;0;2;1;1;B01
200900051246;0;10;0;10;0;1;1;A01
200900051247;0;7;0;0;2;1;1;A01
200900051247;0;7;0;0;2;2;1;B01
200900051248;0;30;0;1;0;8;1;B01
200900051248;0;7;0;0;2;7;14;A01
200900051249;0;7;0;0;1;1;16;A01
200900051250;0;7;0;0;2;1;1;B01
200900051250;0;7;0;0;2;1;15;A01
200900051251;0;33;0;0;2;1;1;A01
200900051251;0;7;0;0;2;2;9;B01
200900051252;0;7;0;0;1;1;1;A01
200900051253;0;7;0;0;2;3;1;B01
200900051253;0;7;0;0;2;3;15;A01
200900051254;0;7;0;0;1;3;1;A01
200900051255;0;1;0;0;2;1;2;B01
200900051255;0;7;0;0;9;2;17;A01
200900051256;0;33;0;0;2;1;2;B01
200900051256;0;7;0;0;0;4;2;A01
200900051257;0;7;0;0;2;5;2;A01
200900051257;0;7;0;1;2;3;1;B01
200900051258;0;7;0;0;1;3;1;A01
200900051259;0;3;0;0;2;8;1;A01
200900051259;0;7;0;0;2;3;1;B01
200900051260;0;7;0;0;2;7;1;B01
200900051260;0;10;0;0;2;1;1;A01
200900051261;0;7;0;0;2;2;1;A01
200900051261;0;31;0;0;2;1;1;B01
200900051262;0;7;0;0;1;1;1;A01
200900051263;0;7;0;0;1;4;4;A01
200900051264;0;14;0;0;2;3;9;A01
200900051264;0;37;10;0;2;5;1;B01
200900051265;0;7;0;0;0;0;0;B01
200900051265;0;7;0;0;0;0;0;A01
200900051266;1;7;0;0;2;4;4;A01
200900051266;0;7;0;0;2;3;15;B01
200900051267;0;7;0;12;0;1;1;A01
200900051268;2;7;0;0;2;2;0;A01
200900051268;0;7;0;0;2;3;15;B01
200900051269;0;2;0;0;2;1;1;A01
200900051269;0;7;0;0;2;5;14;B01
200900051270;0;1;0;0;2;1;19;A01
200900051270;0;7;0;0;2;5;15;B01
200900051271;0;2;0;0;2;2;0;A01
200900051271;1;7;0;0;0;0;0;B01
200900051272;0;7;0;0;2;1;2;A01
200900051272;0;7;0;0;0;4;2;B01
200900051273;0;7;0;0;1;1;2;A01
200900051274;0;7;0;0;2;3;1;A01
200900051274;0;32;0;0;2;7;1;B01
200900051275;0;32;0;0;2;0;18;A01
200900051275;0;7;0;0;0;0;15;B01
200900051276;0;7;0;0;0;6;0;A01
200900051276;0;7;0;0;0;1;0;B01
200900051277;0;33;0;0;0;7;17;B01
200900051277;0;7;0;16;0;3;15;A01
200900051278;0;7;0;0;1;2;0;A01
200900051279;0;13;0;0;2;1;1;A01
200900051279;0;7;0;0;2;4;1;C01
200900051279;1;7;0;0;0;0;0;B01
200900051280;0;7;0;0;0;0;15;A01
200900051280;0;33;0;0;2;0;21;B01
200900051281;0;7;0;0;2;2;15;B01
200900051281;0;7;0;0;0;8;1;A01
200900051282;0;7;0;0;2;2;1;B01
200900051282;0;7;0;0;2;3;1;A01
200900051283;0;7;0;0;2;3;1;B01
200900051283;0;7;0;0;2;3;15;A01
200900051284;0;7;0;0;1;3;0;A01
200900051285;0;7;0;8;2;1;2;B01
200900051285;0;7;0;0;2;2;3;A01
200900051286;0;30;0;0;1;1;3;A01
200900051287;0;7;0;15;0;1;1;B01
200900051287;0;7;0;0;2;1;9;A01
200900051288;0;2;0;0;2;7;1;A01
200900051288;0;7;0;0;2;1;1;B01
200900051289;0;7;0;0;1;1;0;A01
200900051290;0;7;0;0;2;3;19;A01
200900051290;0;7;0;0;2;1;17;B01
200900051291;0;7;0;0;1;1;2;A01
200900051292;0;7;0;0;0;1;1;A01
200900051292;0;7;0;0;0;4;23;B01
200900051292;0;7;0;0;0;4;23;C01
200900051293;0;10;0;0;2;8;1;B01
200900051293;0;30;0;0;2;1;1;A01
200900051294;0;7;0;0;1;1;0;A01
200900051295;0;34;0;0;0;0;3;A01
200900051296;0;33;0;0;2;1;17;B01
200900051296;0;7;0;0;2;3;11;A01
200900051297;0;7;0;0;2;1;21;A01
200900051297;0;7;0;0;0;0;0;C01
200900051298;0;30;0;0;2;1;1;B01
200900051298;0;7;0;0;2;3;11;A01
200900051299;0;7;0;0;1;1;15;A01
200900051300;0;32;0;12;0;0;1;B01
200900051300;0;7;0;0;0;0;12;A01
200900051301;0;7;0;4;0;2;0;A01
200900051302;0;10;0;0;2;2;1;C01
200900051302;0;15;0;0;2;2;1;A01
200900051302;0;7;0;0;0;5;1;B01
200900051303;0;7;0;0;0;5;2;B01
200900051303;0;33;0;0;2;1;2;A01
200900051304;0;7;0;4;0;1;0;A01
200900051305;0;7;0;4;0;1;1;A01
200900051306;0;7;0;0;2;2;0;A01
200900051306;1;7;0;0;0;0;0;B01
200900051307;0;7;0;0;0;1;2;A01
200900051307;0;7;0;0;0;4;2;B01
200900051308;0;7;0;0;0;5;2;A01
200900051308;0;33;0;0;2;1;1;B01
200900051309;0;31;0;3;0;1;14;A01
200900051310;0;33;0;0;2;1;12;A01
200900051310;0;7;0;0;2;4;23;B01
200900051311;0;7;0;0;2;2;0;A01
200900051311;1;7;0;0;0;0;0;B01
200900051312;0;30;0;0;2;1;1;B01
200900051312;0;7;0;0;0;7;10;A01
200900051313;0;7;0;0;1;1;20;A01
200900051314;0;7;0;0;0;1;1;B02
200900051314;0;7;0;0;0;1;13;A01
200900051315;0;13;0;0;0;2;15;A01
200900051316;0;30;0;0;0;0;1;A01
200900051317;0;30;0;0;2;1;1;A01
200900051317;0;7;0;0;2;5;15;B02
200900051318;0;7;0;0;0;9;1;A01
200900051319;0;7;0;0;1;2;1;A01
200900051320;0;30;0;0;2;1;17;A01
200900051320;0;7;0;0;2;8;15;B01
200900051321;0;30;0;0;2;8;18;B01
200900051321;0;7;0;0;2;7;16;A01
200900051322;0;30;0;8;0;1;0;A01
200900051323;0;7;0;0;2;4;2;B01
200900051323;0;7;0;0;2;1;2;A01
200900051324;0;2;0;0;1;3;1;A01
200900051325;0;10;0;0;2;1;2;A01
200900051325;0;10;0;4;0;4;2;B01
200900051326;0;7;0;8;0;1;1;A01
200900051327;0;7;0;0;1;0;0;A01
200900051328;0;7;0;2;0;1;14;A01
200900051329;0;7;0;3;0;2;1;A01
200900051329;0;7;0;0;2;1;2;B02
200900051330;0;10;0;0;2;1;1;B02
200900051330;0;7;0;0;2;1;5;A01
200900051331;0;7;0;2;0;2;1;A01
200900051332;0;7;0;0;2;0;1;C01
200900051332;0;7;0;0;2;0;1;B01
200900051332;0;7;0;0;2;0;1;A01
200900051333;0;7;0;0;2;1;1;A01
200900051333;0;7;0;0;2;4;1;C01
200900051333;0;7;0;0;2;4;1;B01
200900051334;0;30;0;0;1;1;1;A01
200900051335;0;7;0;0;2;3;1;B01
200900051335;0;7;0;0;2;3;13;A01
200900051336;0;2;0;0;2;1;2;A01
200900051336;0;30;0;0;2;4;23;B01
200900051337;0;1;0;0;0;0;21;A01
200900051338;0;7;0;0;1;1;15;A01
200900051339;0;33;0;0;2;1;1;A01
200900051339;0;7;0;0;2;2;1;B01
200900051340;0;31;0;0;2;1;1;A01
200900051340;0;37;1;0;2;3;15;B01
200900051341;0;32;0;0;1;1;1;A01
200900051342;0;1;0;0;1;1;1;A01
200900051343;0;7;0;0;1;1;1;A01
200900051344;0;2;0;0;2;1;1;A01
200900051344;0;7;0;0;2;4;15;B01
200900051345;0;1;0;0;2;2;19;B01
200900051345;0;7;0;0;1;2;1;A01
200900051346;0;33;0;0;2;1;1;B01
200900051346;0;7;0;0;2;3;15;A01
200900051347;0;7;0;0;1;5;1;A01
200900051348;0;2;0;0;1;1;1;A01
200900051349;0;7;0;0;9;8;15;A01
200900051349;0;2;0;0;2;1;17;B01
200900051350;0;7;0;0;2;1;13;A01
200900051350;0;7;0;0;2;1;1;B01
200900051351;0;30;0;0;2;1;1;B01
200900051351;0;7;0;0;2;8;1;A01
200900051352;0;7;0;0;2;4;1;C01
200900051352;0;7;0;0;2;1;2;A01
200900051352;0;7;0;0;2;4;2;B01
200900051353;0;7;0;0;2;1;1;A01
200900051353;0;7;0;0;2;1;1;B01
200900051354;0;7;0;0;2;1;1;A01
200900051355;0;7;0;0;1;1;1;A01
200900051356;0;7;0;0;2;7;16;A01
200900051356;0;1;0;0;9;1;1;B01
200900051357;0;7;0;0;0;4;1;B01
200900051357;0;7;0;0;2;1;2;A01
200900051358;0;34;0;0;2;1;1;B01
200900051358;0;7;0;0;9;1;15;A01
200900051359;0;7;0;0;2;3;3;B02
200900051359;0;7;0;0;2;3;1;A01
200900051359;0;7;0;0;2;3;1;D04
200900051359;0;7;0;0;2;3;1;C03
200900051360;0;33;0;0;2;1;1;B02
200900051360;0;7;0;0;2;8;1;C03
200900051360;0;21;0;0;2;5;15;A01
200900051361;0;7;0;2;0;8;21;A01
200900051362;0;2;0;0;2;8;1;B02
200900051362;0;7;0;0;2;2;15;A01
200900051363;0;10;0;0;2;3;15;A01
200900051363;0;7;0;0;2;1;1;B02
200900051364;0;33;0;7;0;7;1;A01
200900051365;0;7;0;6;2;1;15;A01
200900051365;0;10;0;6;2;2;1;B02
200900051366;0;7;0;0;2;3;1;A01
200900051366;0;7;0;0;2;8;15;B01
200900051367;0;7;0;0;2;2;1;B01
200900051367;0;7;0;0;2;8;15;A01
200900051368;0;7;0;0;2;2;17;A01
200900051368;0;1;0;0;2;1;1;B01
200900051369;0;30;0;0;0;7;9;A01
200900051370;0;7;0;0;1;1;1;A01
200900051371;0;33;0;0;2;1;17;A01
200900051371;0;7;0;0;2;6;15;B01
200900051371;0;7;0;0;2;1;1;C01
200900051372;0;7;0;1;0;1;13;A01
200900051373;0;7;0;0;2;2;9;A01
200900051373;0;33;0;0;2;8;2;B01
200900051374;0;7;0;0;1;3;1;A01
200900051375;0;7;0;0;2;1;9;B01
200900051375;0;7;0;0;2;4;21;A01
200900051376;0;7;0;0;2;3;2;B01
200900051376;0;2;0;0;2;3;13;A01
200900051377;0;7;0;2;0;7;1;A01
200900051378;0;7;0;0;2;1;2;B01
200900051378;1;7;0;0;2;4;1;A01
200900051378;0;7;0;0;2;1;2;C01
200900051379;0;7;0;0;2;1;1;A01
200900051379;0;7;0;0;2;3;1;B01
200900051380;0;7;0;4;0;0;1;A01
200900051381;0;7;0;0;1;3;1;A01
200900051382;0;7;0;0;2;3;1;A01
200900051382;0;2;0;0;2;3;13;B02
200900051383;0;7;0;0;2;3;13;A01
200900051383;0;10;0;0;2;8;1;B02
200900051384;0;7;0;2;0;8;13;A01
200900051385;0;7;0;8;0;3;14;A01
200900051386;0;14;0;0;0;1;1;A01
200900051387;0;7;0;0;0;9;14;A01
200900051388;0;7;0;0;2;2;1;B02
200900051388;0;7;0;3;2;1;1;A01
200900051389;0;7;0;13;0;3;1;A01
200900051390;0;7;0;0;2;1;1;B02
200900051390;0;7;0;0;2;1;15;A01
200900051391;0;7;0;0;2;6;1;A01
200900051391;0;7;0;0;2;7;17;B02
200900051392;0;7;0;0;2;2;11;A01
200900051392;0;7;0;0;2;4;1;B02
200900051393;0;7;0;3;2;1;1;A01
200900051393;0;7;0;0;2;4;1;B01
200900051394;0;33;0;0;0;1;3;A01
200900051395;0;10;0;0;2;2;12;A01
200900051395;0;33;0;0;2;3;1;B01
200900051396;0;7;0;0;2;8;2;B01
200900051396;0;7;0;0;2;5;1;D01
200900051396;0;33;0;0;2;9;2;A01
200900051396;0;13;0;0;0;4;0;C01
200900051397;0;7;0;4;0;7;9;A01
200900051398;0;33;0;0;2;1;2;B01
200900051398;0;32;0;0;9;3;2;C01
200900051398;0;7;0;0;2;5;12;A01
200900051399;0;7;0;3;2;7;2;B01
200900051399;0;7;0;0;2;3;11;A01
200900051400;0;7;0;4;0;3;1;A01
200900051401;0;33;0;16;0;7;1;A01
200900051402;0;7;0;4;0;3;21;A01
200900051403;0;7;0;4;0;3;21;A01
200900051404;0;33;0;14;0;3;1;A01
200900051405;0;7;0;3;0;2;2;A01
200900051406;0;7;0;0;0;0;0;A01
200900051407;0;7;0;0;2;1;2;A01
200900051407;0;7;0;0;2;4;2;B01
200900051408;0;7;0;0;2;1;2;A01
200900051408;0;10;0;0;0;4;2;B01
200900051409;0;7;0;0;2;6;12;B01
200900051409;0;33;0;0;2;1;3;A01
200900051410;0;33;0;0;2;1;2;B01
200900051410;0;7;0;0;0;5;11;A01
200900051411;0;31;0;0;2;3;3;A01
200900051411;0;7;0;0;0;7;12;B01
200900051411;0;7;0;0;0;8;1;C01
200900051412;0;7;0;1;2;1;21;C01
200900051412;0;14;0;0;0;6;23;B01
200900051412;0;7;0;1;0;1;2;A01
200900051413;0;33;0;0;2;3;3;A01
200900051413;0;7;0;0;2;2;12;B01
200900051413;0;7;0;0;2;6;1;C01
200900051414;0;7;0;0;2;3;11;A01
200900051414;0;7;0;0;2;5;2;B01
200900051415;0;7;0;0;2;5;12;B01
200900051415;0;32;0;0;2;1;3;A01
200900051416;0;33;0;0;0;8;1;B01
200900051416;0;7;0;0;2;2;12;A01
200900051417;0;33;0;0;0;7;1;A01
200900051418;0;10;0;0;2;2;17;B01
200900051418;0;7;0;0;2;3;15;A01
200900051419;0;2;0;0;2;1;1;B01
200900051419;0;7;0;0;2;6;9;A01
200900051420;0;7;0;0;2;2;1;B01
200900051420;0;7;0;0;2;1;1;A01
200900051421;0;32;0;0;0;7;1;A01
200900051422;0;30;0;0;2;7;0;B01
200900051422;1;7;0;0;2;0;0;A01
200900051423;0;7;0;0;2;3;1;B01
200900051423;0;1;0;0;2;1;16;A01
200900051424;0;33;0;0;2;4;23;B01
200900051424;0;7;0;0;2;1;1;A01
200900051425;0;7;0;0;2;5;15;A01
200900051425;0;7;0;0;2;1;1;B01
200900051426;0;7;0;0;2;3;1;A01
200900051426;0;2;0;0;2;1;15;B01
200900051427;0;7;0;0;1;1;1;A01
200900051428;0;7;0;0;2;2;1;B01
200900051428;0;10;0;0;2;1;1;C01
200900051428;0;10;0;0;2;6;18;A01
200900051429;0;33;0;0;2;7;17;A01
200900051429;0;7;0;0;2;3;15;B01
200900051430;0;33;0;0;2;1;1;B01
200900051430;1;7;0;0;2;5;15;A01
200900051431;0;2;0;0;2;1;13;A01
200900051431;0;7;0;0;2;3;1;B01
200900051432;0;7;0;0;2;3;1;B01
200900051432;0;7;0;0;2;3;15;A01
200900051433;0;33;0;0;2;1;1;A01
200900051433;0;10;0;0;2;7;16;B01
200900051434;0;7;0;0;2;7;19;A01
200900051434;0;7;0;0;2;1;1;B01
200900051435;0;7;0;0;1;1;1;A01
200900051436;0;7;0;0;2;2;15;A01
200900051436;0;1;0;0;2;1;1;B01
200900051437;0;33;0;0;2;8;1;A01
200900051437;0;7;0;0;2;0;23;B01
200900051438;0;7;0;0;2;5;15;A01
200900051438;0;7;0;0;2;1;2;B01
200900051439;0;37;3;0;1;2;1;A01
200900051440;0;7;0;0;2;5;1;A01
200900051440;0;7;0;0;2;7;15;B01
200900051441;0;7;0;0;2;2;17;A01
200900051441;0;7;0;0;2;6;1;B01
200900051442;0;7;0;0;0;9;2;A01
200900051443;0;7;0;0;1;1;1;A01
200900051444;0;33;0;0;0;0;1;A01
200900051445;0;32;0;0;2;1;1;B01
200900051445;0;7;0;0;2;2;20;A01
200900051446;0;33;0;0;2;1;1;B01
200900051446;0;7;0;0;2;3;15;A01
200900051447;0;7;0;0;2;1;0;B01
200900051447;0;7;0;0;2;4;1;A01
200900051448;0;30;0;0;1;1;1;A01
200900051449;0;33;0;0;2;1;9;A01
200900051449;0;7;0;0;2;3;1;B01
200900051450;0;7;0;0;1;1;1;A01
200900051451;0;7;0;0;2;5;16;A01
200900051451;0;30;0;0;2;8;1;B01
200900051452;0;7;0;0;2;2;1;A01
200900051452;0;7;0;0;2;8;15;B01
200900051453;0;7;0;0;1;3;1;A01
200900051454;0;7;0;0;1;1;1;A01
200900051455;0;1;0;0;2;1;1;B01
200900051455;0;7;0;0;2;1;1;A01
200900051456;0;33;0;0;2;4;23;B01
200900051456;0;7;0;0;2;1;1;A01
200900051457;0;32;0;0;2;1;15;A01
200900051457;0;7;0;0;2;3;1;B01
200900051458;0;32;0;0;1;1;1;A01
200900051459;0;1;0;0;2;8;18;A01
200900051459;0;7;0;0;2;7;22;B01
200900051460;0;7;0;0;1;1;15;A01
200900051461;0;7;0;0;1;1;1;A01
200900051462;0;7;0;0;1;1;1;A01
200900051463;0;7;0;0;1;1;1;A01
200900051464;1;7;0;0;0;0;18;A01
200900051464;0;31;0;12;0;3;21;B01
200900051465;0;7;0;0;2;1;17;A01
200900051465;0;7;0;0;2;1;1;B01
200900051466;0;7;0;0;2;1;1;A01
200900051466;0;7;0;0;2;8;1;B01
200900051467;0;7;0;0;1;1;1;A01
200900051468;0;7;0;0;2;1;1;A01
200900051468;0;7;0;0;2;4;23;B01
200900051469;0;33;0;0;2;1;2;B01
200900051469;1;15;0;0;2;5;12;A01
200900051470;0;7;0;0;9;8;15;A01
200900051470;0;32;0;0;2;1;17;B01
200900051471;0;1;0;0;2;1;16;B01
200900051471;0;7;0;0;9;2;16;A01
200900051472;0;7;0;0;1;1;1;A01
200900051473;0;1;0;0;2;9;1;B01
200900051473;1;7;0;0;2;7;17;A01
200900051474;0;30;0;0;2;7;17;B01
200900051474;0;7;0;0;2;8;15;A01
200900051475;0;30;0;1;0;1;1;A01
200900051475;0;7;0;0;9;4;24;B01
200900051476;0;7;0;0;2;1;13;A01
200900051476;0;7;0;0;2;1;1;B01
200900051477;0;30;0;0;2;7;17;B01
200900051477;0;7;0;0;9;8;16;A01
200900051478;0;10;0;0;2;3;1;C01
200900051478;0;7;0;1;2;2;1;A01
200900051478;0;7;0;1;2;8;24;B01
200900051478;0;7;0;1;0;4;24;D01
200900051479;0;7;0;0;2;2;1;A01
200900051479;0;7;0;0;2;3;1;B01
200900051480;0;7;0;0;1;2;1;A01
200900051481;0;7;0;0;2;1;1;B01
200900051481;0;7;0;0;2;1;13;A01
200900051482;0;7;0;0;9;3;16;A01
200900051482;0;30;0;0;2;1;1;B01
200900051483;0;2;0;0;2;1;5;A01
200900051483;0;2;0;0;2;1;1;B01
200900051484;0;7;0;0;9;8;1;B01
200900051484;0;30;0;0;2;3;13;A01
200900051485;0;7;0;0;9;3;9;A01
200900051485;0;30;0;0;2;1;1;B01
200900051486;0;7;0;0;2;1;1;A01
200900051486;0;7;0;0;2;2;16;B01
200900051487;0;30;0;0;2;1;14;A01
200900051487;0;7;0;0;2;3;1;B01
200900051488;0;30;0;0;2;1;0;B01
200900051488;0;7;0;0;2;3;15;A01
200900051489;0;7;0;0;1;4;4;A01
200900051490;0;7;0;0;2;3;20;A01
200900051490;0;30;0;0;2;2;1;B01
200900051491;0;30;0;0;2;7;1;B01
200900051491;0;7;0;0;9;3;19;A01
200900051492;0;7;0;0;1;1;1;A01
200900051493;0;14;0;0;2;3;1;B01
200900051493;0;7;0;0;2;1;13;A01
200900051494;0;7;0;0;2;1;1;B01
200900051494;0;7;0;0;2;4;1;A01
200900051495;0;7;0;0;1;1;0;A01
200900051496;0;7;0;13;0;1;0;A01
200900051497;0;7;0;3;0;1;13;A01
200900051498;0;7;0;2;0;5;1;A01
200900051499;1;7;0;0;1;0;1;A01
200900051500;0;7;0;0;2;3;13;A01
200900051500;0;7;0;0;2;3;1;B02
200900051501;0;7;0;0;2;1;1;B02
200900051501;0;7;0;0;2;1;17;A01
200900051502;0;7;0;0;2;2;1;B02
200900051502;0;7;0;6;2;2;1;A01
200900051503;0;7;0;13;0;9;1;A01
200900051504;0;7;0;2;0;1;2;A01
200900051505;0;7;0;0;1;1;1;A01
200900051506;0;7;0;0;2;7;17;A01
200900051506;0;2;0;0;2;6;1;B01
200900051507;0;7;0;0;1;1;1;A01
200900051508;0;10;0;0;1;6;4;A01
200900051509;0;10;0;0;2;1;19;B02
200900051509;0;7;0;0;2;3;15;A01
200900051510;0;7;0;0;2;1;9;A01
200900051510;0;1;0;0;2;1;1;B01
200900051511;0;7;0;0;2;2;16;B01
200900051511;0;30;0;0;2;1;18;A01
200900051512;0;7;0;0;2;4;2;B01
200900051512;0;7;0;0;2;1;2;A01
200900051513;0;7;0;0;2;1;1;A01
200900051513;0;7;0;0;2;1;1;B01
200900051514;0;31;0;0;2;1;13;A01
200900051514;0;7;0;0;2;1;1;B01
200900051515;1;7;0;0;2;0;10;A01
200900051515;0;2;0;0;2;1;1;B01
200900051516;0;7;0;0;2;3;1;B01
200900051516;0;7;0;0;2;4;1;A01
200900051516;0;7;0;0;2;2;1;C01
200900051517;0;15;0;0;1;1;16;A01
200900051518;0;7;0;0;1;1;1;A01
200900051519;0;7;0;0;1;1;1;A01
200900051520;0;7;0;0;0;4;2;C01
200900051520;0;7;0;0;2;4;2;B01
200900051520;0;7;0;0;2;1;2;A01
200900051521;0;7;0;0;2;6;1;B01
200900051521;0;7;0;0;2;1;9;A01
200900051522;0;7;0;0;2;3;13;A01
200900051522;0;7;0;0;2;3;0;B01
200900051523;0;7;0;0;2;1;1;B01
200900051523;0;7;0;0;2;1;15;A01
200900051524;0;7;0;0;1;1;1;A01
200900051525;0;7;0;0;2;3;1;B01
200900051525;0;7;0;0;2;1;16;A01
200900051526;0;7;0;0;2;1;5;A01
200900051526;0;7;0;0;2;3;1;B01
200900051527;0;7;0;0;9;3;15;A01
200900051527;0;2;0;0;2;1;1;B01
200900051528;0;7;0;0;1;1;16;A01
200900051529;0;7;0;0;2;4;2;B01
200900051529;0;7;0;0;2;1;2;A01
200900051530;0;7;0;0;1;2;1;A01
200900051531;0;7;0;0;2;2;9;A01
200900051531;0;30;0;0;2;7;1;B01
200900051532;0;7;0;0;2;7;15;A01
200900051532;0;33;0;0;2;1;1;B01
200900051533;0;7;0;0;1;0;1;A01
200900051534;0;7;0;10;0;1;0;A01
200900051535;0;7;0;0;1;3;0;A01
200900051536;0;7;0;0;2;1;1;B01
200900051536;0;7;0;0;2;2;15;A01
200900051537;0;7;0;0;1;1;1;A01
200900051538;0;7;0;0;2;3;0;A01
200900051538;0;30;0;0;2;1;1;B01
200900051539;0;7;0;0;1;1;15;A01
200900051540;0;7;0;13;0;9;14;A01
200900051541;0;2;0;0;2;1;1;A01
200900051541;0;7;0;0;2;5;1;B01
200900051542;0;7;0;0;1;7;1;A01
200900051543;0;7;0;0;1;3;1;A01
200900051544;0;7;0;0;2;1;1;A01
200900051544;0;7;0;0;0;4;1;B01
200900051545;0;7;0;0;1;7;1;A01
200900051546;0;30;0;0;0;1;0;A01
200900051547;0;7;0;0;2;1;1;B01
200900051547;0;37;3;9;2;7;0;A01
200900051548;0;7;0;0;2;5;1;A01
200900051548;0;7;0;0;2;1;1;B02
200900051549;0;7;0;0;2;3;1;B01
200900051549;0;7;0;0;2;1;1;A01
200900051550;0;2;0;0;0;0;1;A01
200900051551;0;7;0;0;1;2;1;A01
200900051552;0;30;0;0;2;3;2;A01
200900051552;0;7;0;0;2;4;2;B01
200900051553;0;2;0;0;0;0;21;A01
200900051554;0;7;0;13;0;2;14;A01
200900051555;0;7;0;13;0;3;1;A01
200900051556;0;10;0;13;0;3;1;A01
200900051557;0;7;0;6;0;1;0;A01
200900051558;0;2;0;0;5;0;21;A01
200900051559;0;7;0;0;1;3;1;A01
200900051560;0;7;0;0;1;2;1;A01