num_acc;senc;catv;occutc;obs;obsm;choc;manv;num_veh
200900051561;0;1;0;0;2;8;19;A01
200900051561;0;7;0;0;9;1;1;B02
200900051562;0;7;0;0;2;1;1;A01
200900051562;0;30;0;0;2;8;19;B02
200900051563;0;7;0;0;2;1;1;B02
200900051563;0;7;0;0;2;8;19;A01
200900051564;0;7;0;14;0;3;1;C03
200900051564;0;7;0;0;2;3;1;A01
200900051564;0;7;0;0;2;3;1;B02
200900051565;0;7;0;0;2;3;5;A01
200900051565;0;7;0;0;2;3;1;B02
200900051566;0;10;0;0;1;2;16;A01
200900051567;0;7;0;0;2;3;13;A01
200900051567;0;10;0;0;2;3;1;B01
200900051568;0;30;0;0;0;0;1;A01
200900051569;0;7;0;0;2;1;1;A01
200900051569;0;7;0;0;2;4;1;B01
200900051570;0;7;0;0;2;2;15;A01
200900051570;0;30;0;0;2;1;1;B01
200900051571;0;7;0;1;0;3;0;A01
200900051572;0;2;0;0;2;0;0;B01
200900051572;0;7;0;0;2;0;2;A01
200900051573;0;7;0;2;0;1;1;A01
200900051574;1;7;0;0;1;0;0;A01
200900051575;0;2;0;0;2;1;1;A01
200900051575;0;7;0;0;2;4;2;B01
200900051576;0;7;0;0;2;0;0;B01
200900051577;0;1;0;0;2;7;19;A01
200900051577;0;7;0;0;2;1;1;B01
200900051578;0;7;0;0;2;0;0;A01
200900051578;0;1;0;0;2;0;0;B01
200900051579;0;7;0;0;2;1;1;B02
200900051579;0;7;0;0;2;8;13;A01
200900051580;0;7;0;0;2;7;1;A01
200900051580;0;7;0;0;2;1;1;B02
200900051581;0;7;0;2;0;7;1;A01
200900051582;0;15;0;0;2;3;23;B02
200900051582;0;7;0;0;2;3;1;A01
200900051583;0;30;0;0;2;1;8;A01
200900051583;0;15;0;0;2;8;0;B02
200900051584;0;7;0;0;2;1;1;B02
200900051584;0;10;0;0;2;2;15;A01
200900051585;0;7;0;13;0;2;1;A01
200900051586;0;7;0;0;2;3;1;A01
200900051586;0;7;0;0;2;3;0;B02
200900051587;2;7;0;16;0;9;1;A01
200900051588;0;7;0;0;1;0;16;A01
200900051589;0;33;0;0;2;0;0;A01
200900051589;0;7;0;0;2;3;0;B01
200900051590;0;2;0;0;0;0;0;A01
200900051591;0;1;0;0;2;1;1;B01
200900051591;0;7;0;0;2;3;15;A01
200900051592;0;7;0;0;2;1;1;A01
200900051592;0;7;0;0;0;4;23;B01
200900051593;0;7;0;1;0;1;14;A01
200900051593;0;7;0;0;2;4;24;B01
200900051594;0;7;0;0;1;7;0;A01
200900051595;0;7;0;3;0;3;13;A01
200900051596;0;7;0;0;0;0;0;A01
200900051597;0;7;0;0;2;2;16;B01
200900051597;0;2;0;0;2;3;9;A01
200900051598;0;7;0;0;2;0;0;A01
200900051598;0;2;0;0;0;0;1;B01
200900051599;0;2;0;0;1;1;1;A01
200900051600;0;7;0;6;0;4;10;A01
200900051601;0;14;0;0;2;4;2;C01
200900051601;0;7;0;1;2;4;1;A01
200900051601;0;7;0;0;2;1;2;B01
200900051602;0;17;0;0;2;2;19;A01
200900051602;0;33;0;0;0;1;1;B01
200900051603;0;7;0;0;2;8;17;A01
200900051603;0;7;0;0;2;8;1;B02
200900051604;0;7;0;2;0;2;13;A01
200900051605;0;7;0;0;2;7;15;A01
200900051605;0;33;0;0;2;1;1;B02
200900051606;0;7;0;2;0;3;1;A01
200900051607;0;15;0;3;0;2;1;A01
200900051608;0;7;0;0;2;4;1;B02
200900051608;0;33;0;0;2;7;9;A01
200900051609;0;30;0;0;2;1;17;A02
200900051609;0;7;0;0;2;6;15;B01
200900051610;0;7;0;2;0;7;1;A01
200900051611;0;7;0;2;0;7;1;A01
200900051612;0;7;0;0;2;6;1;B02
200900051612;0;7;0;0;2;2;14;A01
200900051613;0;7;0;0;2;2;1;A01
200900051613;0;7;0;0;2;3;1;B02
200900051614;0;14;0;0;1;7;1;A01
200900051615;0;7;0;0;2;1;1;A01
200900051615;0;7;0;0;2;8;1;B02
200900051616;0;2;0;0;4;7;1;A01
200900051616;0;40;0;0;2;2;1;B02
200900051617;0;33;0;0;1;1;1;A01
200900051618;0;7;0;0;2;5;23;B02
200900051618;0;33;0;0;2;8;18;C03
200900051618;0;7;0;0;2;3;23;A01
200900051619;0;33;0;0;0;8;1;B02
200900051619;0;10;0;0;0;8;13;A01
200900051620;0;7;0;0;2;1;1;A01
200900051620;0;2;0;0;2;7;1;B02
200900051621;0;33;0;2;0;1;1;A01
200900051622;0;2;0;0;2;7;15;B02
200900051622;0;7;0;0;2;7;13;A01
200900051623;0;2;0;0;6;3;1;A01
200900051624;0;7;0;4;2;2;23;A01
200900051624;0;7;0;14;0;1;1;B02
200900051625;0;7;0;0;2;3;13;A01
200900051625;0;7;0;0;0;3;1;B02
200900051626;0;2;0;0;0;8;1;A01
200900051627;0;7;0;0;2;8;19;A01
200900051627;0;30;0;0;2;1;17;B02
200900051628;0;32;0;0;2;1;1;B02
200900051628;0;10;0;0;2;2;15;A01
200900051629;0;99;0;0;2;9;1;B02
200900051629;0;7;0;0;2;1;1;C03
200900051629;0;7;0;0;2;3;13;A01
200900051629;0;7;0;16;0;0;21;D05
200900051629;0;7;0;0;0;0;1;E04
200900051630;0;7;0;6;6;8;1;A01
200900051631;0;7;0;0;2;2;1;A01
200900051631;0;33;0;0;0;4;2;B02
200900051632;0;7;0;0;2;1;1;B02
200900051632;0;7;0;0;2;2;15;A01
200900051633;0;7;0;2;0;8;1;A01
200900051634;0;10;0;0;9;3;1;D04
200900051634;0;33;0;0;2;2;3;B02
200900051634;0;7;0;0;2;1;1;C03
200900051634;0;7;0;0;2;8;22;A01
200900051635;0;1;0;0;0;5;13;B01
200900051635;0;7;0;0;0;2;11;A01
200900051636;0;7;0;0;2;4;23;B01
200900051636;0;7;0;0;2;1;1;A01
200900051637;0;7;0;0;1;2;16;A01
200900051638;0;34;0;0;1;1;1;A01
200900051639;0;7;0;15;0;1;1;A01
200900051640;0;7;0;0;2;1;1;A01
200900051640;0;7;0;0;2;4;1;B01
200900051641;0;2;0;0;2;0;0;A01
200900051642;0;1;0;8;0;0;13;A01
200900051643;0;7;0;0;0;4;23;B01
200900051643;0;7;0;0;2;1;1;A01
200900051644;0;7;0;0;2;3;15;A01
200900051644;0;31;0;0;2;1;17;B01
200900051645;0;14;0;0;4;8;1;A01
200900051645;0;40;0;0;2;1;1;B01
200900051646;0;7;0;0;2;1;1;A01
200900051646;0;34;0;0;2;4;1;B01
200900051647;0;37;1;0;2;2;7;B01
200900051647;0;1;0;0;2;3;9;A01
200900051648;0;7;0;0;2;4;2;B01
200900051648;0;7;0;0;2;1;2;A01
200900051649;0;2;0;0;1;1;1;A01
200900051650;0;7;0;0;2;2;19;A01
200900051650;0;7;0;0;2;1;1;B01
200900051651;0;33;0;0;2;1;1;B01
200900051651;0;7;0;0;2;2;10;A01
200900051652;0;7;0;0;2;5;15;B01
200900051652;0;2;0;0;2;1;1;A01
200900051653;0;7;0;0;2;1;1;B01
200900051653;0;7;0;0;2;8;19;A01
200900051654;0;30;0;0;2;1;1;B01
200900051654;0;7;0;0;2;1;15;A01
200900051655;0;1;0;0;2;1;17;B01
200900051655;0;7;0;0;2;8;22;A01
200900051656;0;7;0;0;1;2;1;A01
200900051657;0;32;0;0;1;1;0;A01
200900051658;0;7;0;0;2;1;1;B01
200900051658;0;1;0;0;2;7;19;A01
200900051659;0;30;0;13;0;1;1;A01
200900051660;0;7;0;0;1;1;1;A01
200900051661;0;10;0;0;1;1;15;A01
200900051662;0;7;0;0;2;4;2;B01
200900051662;0;2;0;0;2;1;1;A01
200900051663;0;31;0;0;2;7;1;B01
200900051663;0;7;0;0;2;1;15;A01
200900051664;0;7;0;0;2;3;1;B01
200900051664;0;10;0;0;2;3;13;A01
200900051664;0;7;0;0;0;1;1;C01
200900051665;0;7;0;0;2;8;15;A01
200900051665;0;2;0;0;2;1;17;B01
200900051666;1;99;0;0;2;0;1;A01
200900051666;0;1;0;0;2;8;1;B01
200900051667;0;30;0;8;0;1;1;A01
200900051668;0;1;0;0;2;1;18;B01
200900051668;0;7;0;0;0;7;22;A01
200900051669;0;33;0;0;1;1;1;A01
200900051670;0;7;0;0;2;1;1;A01
200900051670;0;7;0;0;2;1;1;B02
200900051671;2;7;0;1;2;3;1;Z01
200900051671;0;7;0;0;2;6;16;A01
200900051672;0;7;0;0;2;3;11;A01
200900051672;0;7;0;1;2;1;1;B01
200900051673;0;2;0;0;2;2;2;B02
200900051673;0;7;0;0;2;6;23;A01
200900051674;0;7;0;0;2;2;15;A01
200900051674;0;2;0;0;2;1;1;B01
200900051675;0;7;0;0;2;2;1;B01
200900051675;0;7;0;0;2;3;9;A01
200900051676;0;10;0;0;1;4;4;A01
200900051677;0;30;0;0;2;1;1;A01
200900051677;0;7;0;0;2;3;1;B01
200900051678;0;30;0;0;1;1;1;A01
200900051679;0;7;0;0;1;7;1;A01
200900051680;0;32;0;0;2;1;21;A01
200900051680;0;7;0;0;2;8;1;B01
200900051681;0;7;0;3;0;7;14;A01
200900051682;0;7;0;0;2;1;0;B01
200900051682;0;33;0;0;2;0;0;A01
200900051683;0;7;0;3;0;7;21;C01
200900051683;0;7;0;0;2;1;13;A01
200900051683;0;7;0;0;2;1;1;B01
200900051684;0;7;0;0;0;1;0;B01
200900051684;0;7;0;0;0;4;0;A01
200900051685;0;33;0;0;2;8;1;B01
200900051685;0;7;0;0;2;7;23;C01
200900051685;0;10;0;0;2;1;9;A01
200900051686;0;7;0;2;0;3;0;A01
200900051687;0;7;0;0;2;5;15;A01
200900051687;0;30;0;0;2;1;1;B01
200900051688;0;7;0;0;1;2;1;A01
200900051689;0;7;0;0;2;1;15;A01
200900051689;0;33;0;0;2;1;1;B02
200900051690;0;7;0;0;2;7;1;B02
200900051690;0;1;0;0;2;1;19;A01
200900051691;0;7;0;13;0;3;1;A01
200900051692;0;7;0;0;2;1;1;B02
200900051692;0;7;0;0;2;3;16;A01
200900051693;0;7;0;2;0;1;1;A01
200900051694;0;33;0;0;2;1;1;B02
200900051694;0;10;0;0;2;7;15;A01
200900051695;0;35;0;13;0;7;13;A01
200900051696;0;10;0;0;2;3;1;B02
200900051696;0;15;0;0;2;3;13;A01
200900051697;0;7;0;15;0;2;1;A01
200900051698;0;31;0;0;2;8;1;B02
200900051698;0;7;0;0;2;3;15;A01
200900051699;0;7;0;0;2;4;2;B02
200900051699;0;7;0;0;2;1;1;A01
200900051699;0;7;0;0;2;4;23;C03
200900051700;0;14;0;0;0;1;1;A01
200900051701;0;30;0;0;2;1;1;B02
200900051701;0;7;0;0;2;2;15;A01
200900051702;0;7;0;2;0;1;1;A01
200900051703;0;7;0;0;2;3;1;B02
200900051703;0;7;0;0;2;8;1;A01
200900051704;0;10;0;13;0;1;13;A01
200900051705;0;10;0;0;1;2;15;A01
200900051706;0;10;0;0;2;1;1;B02
200900051706;0;7;0;0;2;7;13;A01
200900051707;0;7;0;0;1;2;21;A01
200900051708;0;15;0;0;2;6;1;B02
200900051708;0;7;0;0;2;1;9;A01
200900051709;0;7;0;0;2;4;2;C03
200900051709;0;7;0;0;2;1;2;A01
200900051709;0;7;0;0;2;4;2;B02
200900051710;0;7;0;0;2;8;1;B02
200900051710;0;30;0;0;2;1;1;A01
200900051711;0;33;0;0;2;1;1;B02
200900051711;0;7;0;0;2;6;15;A01
200900051712;0;33;0;0;2;1;2;B02
200900051712;0;7;0;0;2;3;10;A01
200900051713;0;7;0;6;0;1;14;A01
200900051714;0;7;0;0;0;9;1;A01
200900051715;0;2;0;0;2;8;13;B02
200900051715;0;7;0;0;2;2;17;A01
200900051716;0;10;0;0;2;2;2;A01
200900051716;0;1;0;0;0;4;2;B02
200900051717;0;7;0;8;0;8;1;A01
200900051718;0;7;0;0;2;3;13;A01
200900051718;0;7;0;0;2;3;0;B02
200900051719;0;7;0;0;2;7;1;B02
200900051719;0;30;0;0;2;1;1;A01
200900051720;0;33;0;0;2;1;1;B02
200900051720;0;21;0;0;2;2;19;A01
200900051721;0;14;0;8;0;8;1;A01
200900051722;0;7;0;0;2;8;15;B02
200900051722;0;33;0;0;2;1;1;A01
200900051723;0;30;0;0;2;8;11;B02
200900051723;0;7;0;0;2;7;1;A01
200900051724;0;1;0;0;2;3;2;B01
200900051724;0;7;0;0;2;2;1;A01
200900051725;0;33;0;0;2;1;1;A01
200900051725;0;7;0;0;2;4;23;B01
200900051726;0;7;0;0;2;4;2;C01
200900051726;0;7;0;0;0;4;2;D01
200900051726;0;7;0;0;2;4;2;B01
200900051726;0;37;2;0;2;1;2;A01
200900051727;0;7;0;0;1;2;0;A01
200900051728;1;7;0;0;1;0;0;A01
200900051729;0;33;0;0;2;2;0;A01
200900051729;0;7;0;0;0;5;0;B01
200900051729;0;7;0;0;0;3;0;C01
200900051730;0;7;0;0;1;7;1;A01
200900051731;0;30;0;0;2;8;1;A01
200900051731;0;7;0;0;2;7;16;B01
200900051732;0;7;0;0;0;4;1;A01
200900051732;0;7;0;0;2;1;2;B01
200900051733;0;7;0;0;1;3;1;A01
200900051734;0;7;0;0;9;3;19;B01
200900051734;0;2;0;0;2;1;2;A01
200900051735;0;7;0;0;1;2;7;A01
200900051736;0;7;0;6;0;2;2;A01
200900051737;0;7;0;0;2;5;15;A01
200900051737;0;7;0;0;2;1;1;B01
200900051738;0;7;0;0;1;3;1;A01
200900051739;0;2;0;0;2;3;3;A01
200900051739;0;7;0;0;0;5;23;B01
200900051740;1;99;0;0;0;0;0;B01
200900051740;0;32;0;0;2;8;0;A01
200900051741;0;7;0;0;2;1;15;A01
200900051741;0;7;0;0;2;3;1;B01
200900051742;0;7;0;0;2;2;15;A01
200900051742;0;1;0;0;2;1;1;B01
200900051743;0;7;0;2;0;1;14;A01
200900051744;0;10;0;0;2;8;1;B01
200900051744;0;2;0;0;2;1;15;A01
200900051745;0;30;0;0;2;1;17;A01
200900051745;0;7;0;0;2;3;20;B01
200900051746;0;7;0;0;1;7;0;A01
200900051747;0;7;0;0;1;1;2;A01
200900051748;0;33;0;0;1;1;0;A01
200900051749;0;7;0;15;2;1;11;A01
200900051749;0;7;0;0;2;3;12;B01
200900051750;0;32;0;0;2;1;0;B01
200900051750;1;2;0;0;2;0;0;A01
200900051751;0;7;0;0;9;1;2;A01
200900051752;0;7;0;0;1;1;2;A01
200900051753;0;7;0;1;2;3;1;B01
200900051753;0;7;0;1;2;2;1;A01
200900051754;0;7;0;0;1;3;2;A01
200900051755;0;7;0;0;0;4;1;A01
200900051755;0;7;0;0;0;1;2;B01
200900051756;0;7;0;0;1;3;0;A01
200900051757;0;37;1;0;0;0;0;B01
200900051757;0;37;5;1;0;0;0;A01
200900051758;0;7;0;0;0;8;9;A01
200900051758;0;32;0;0;2;1;1;B01
200900051759;0;33;0;0;2;1;0;B01
200900051759;0;7;0;0;0;3;10;A01
200900051760;0;7;0;0;2;0;4;B01
200900051760;0;33;0;0;2;2;1;A01
200900051761;0;7;0;0;2;3;1;B01
200900051761;0;7;0;0;2;1;1;A01
200900051762;0;2;0;0;2;1;0;B01
200900051762;0;7;0;0;0;3;11;A01
200900051763;0;33;0;0;2;1;1;B01
200900051763;0;7;0;0;2;1;15;A01
200900051764;0;7;0;1;0;5;4;A01
200900051765;0;7;0;0;1;1;2;A01
200900051766;0;33;0;6;0;1;0;A01
200900051767;0;2;0;0;2;1;1;B01
200900051767;0;30;0;0;2;4;9;A01
200900051768;0;7;0;0;1;3;2;A01
200900051769;0;33;0;0;2;1;1;A01
200900051769;0;7;0;0;2;2;1;B01
200900051770;0;7;0;0;1;3;2;A01
200900051771;0;38;14;0;1;2;1;A01
200900051772;0;37;0;0;1;2;1;A01
200900051773;0;7;0;1;1;5;4;A01
200900051774;0;7;0;0;1;3;1;A01
200900051775;0;33;0;0;1;1;0;A01
200900051776;0;7;0;0;2;2;2;A01
200900051776;0;7;0;0;2;1;2;B01
200900051777;0;7;0;15;0;1;13;A01
200900051778;0;34;0;0;2;1;1;B01
200900051778;0;3;0;0;2;4;10;A01
200900051779;0;33;0;0;1;3;1;A01
200900051780;0;34;0;0;0;7;1;B01
200900051780;1;3;0;0;2;2;1;A01
200900051781;0;7;0;6;0;0;14;A01
200900051782;0;33;0;0;2;1;3;A01
200900051782;0;7;0;0;2;4;15;B01
200900051783;0;7;0;0;2;2;15;A01
200900051783;0;32;0;0;2;1;2;B01
200900051784;0;7;0;0;2;1;9;A01
200900051784;0;7;0;0;2;5;2;B01
200900051785;0;7;0;15;2;4;15;B01
200900051785;0;7;0;0;2;1;1;A01
200900051786;2;7;0;1;2;1;0;A01
200900051786;0;7;0;1;2;1;0;B01
200900051787;0;7;0;0;2;1;1;A01
200900051787;0;7;0;0;2;8;1;B01
200900051788;1;7;0;0;1;2;0;A01
200900051789;0;33;0;0;2;1;17;A01
200900051789;0;7;0;0;2;3;15;B01
200900051790;0;7;0;0;1;3;1;A01
200900051791;0;33;0;0;2;8;17;B01
200900051791;0;34;0;0;2;7;18;A01
200900051792;0;7;0;0;0;1;0;A01
200900051792;0;7;0;0;0;4;0;B01
200900051793;0;7;0;0;0;4;0;A01
200900051793;0;7;0;0;2;1;9;B01
200900051794;0;34;0;0;1;3;1;A01
200900051795;0;37;1;0;2;8;2;B01
200900051795;0;32;0;0;2;7;2;A01
200900051796;0;10;0;0;1;0;1;A01
200900051797;0;7;0;10;0;1;0;A01
200900051798;0;7;0;0;1;2;0;A01
200900051799;1;7;0;0;1;0;0;A01
200900051800;0;7;0;0;0;3;2;A01
200900051800;0;7;0;0;0;4;2;B01
200900051801;0;7;0;0;2;7;10;A01
200900051801;0;33;0;0;2;1;1;B01
200900051802;0;7;0;0;2;4;1;B01
200900051802;0;7;0;0;2;1;1;A01
200900051803;0;7;0;8;0;1;2;A01
200900051804;0;7;0;14;0;1;1;A01
200900051804;0;7;0;0;0;0;0;B01
200900051805;0;7;0;0;2;4;2;D01
200900051805;0;7;0;0;2;4;2;C01
200900051805;0;13;0;0;2;4;2;B01
200900051805;0;13;0;0;2;4;2;A01
200900051806;0;7;0;0;0;4;16;B01
200900051806;0;7;0;0;0;1;1;A01
200900051807;0;7;0;1;0;7;16;A01
200900051808;0;33;0;0;0;0;1;A01
200900051809;0;7;0;0;1;0;0;A01
200900051810;0;10;0;0;2;2;1;A01
200900051810;0;10;0;0;2;8;15;B01
200900051811;0;7;0;0;1;1;1;A01
200900051812;0;7;0;0;1;7;1;A01
200900051813;0;34;0;0;0;1;0;A01
200900051814;0;7;0;0;0;1;0;A01
200900051815;0;30;0;14;0;1;2;B01
200900051815;0;10;0;0;2;5;23;A01
200900051816;0;7;0;0;1;1;0;A01
200900051817;0;7;0;0;2;3;0;A01
200900051817;0;1;0;0;2;1;0;B01
200900051818;0;7;0;0;0;0;0;A01
200900051818;0;7;0;0;0;0;0;B01
200900051819;0;7;0;9;0;2;2;A01
200900051820;0;1;0;1;0;1;1;B01
200900051820;0;7;0;1;0;8;0;A01
200900051821;0;1;0;0;2;1;0;C01
200900051821;0;7;0;0;2;1;0;A01
200900051821;0;7;0;0;2;1;0;B01
200900051822;0;33;0;0;2;1;11;A01
200900051822;0;7;0;0;2;5;11;B01
200900051823;0;7;0;0;0;1;1;B01
200900051823;0;7;0;0;0;7;15;A01
200900051824;0;7;0;0;0;2;0;B01
200900051824;0;7;0;0;2;3;0;A01
200900051825;0;7;0;1;0;4;0;B01
200900051825;0;7;0;1;0;1;2;A01
200900051826;0;33;0;0;2;7;17;A01
200900051826;0;7;0;0;2;3;15;B01
200900051827;0;17;0;0;2;2;2;A01
200900051827;0;10;0;0;0;6;2;B01
200900051828;0;7;0;0;0;8;11;A01
200900051828;0;32;0;0;0;2;1;B01
200900051829;0;7;0;0;1;1;0;A01
200900051830;0;33;0;8;0;0;1;A01
200900051831;0;7;0;0;1;3;2;A01
200900051832;0;32;0;1;0;0;0;A01
200900051832;0;7;0;0;0;0;24;B01
200900051833;0;30;0;0;2;1;1;B01
200900051833;0;10;0;0;0;5;23;A01
200900051834;2;7;0;0;1;1;0;A01
200900051835;0;32;0;0;1;2;1;A01
200900051836;1;10;0;0;2;7;14;A01
200900051836;0;32;0;0;2;8;1;B01
200900051837;0;7;0;0;0;3;2;A01
200900051838;0;10;0;0;1;2;17;A01
200900051839;0;7;0;0;0;4;1;B01
200900051839;0;30;0;0;2;1;1;A01
200900051840;0;7;0;0;2;4;1;B01
200900051840;0;31;0;0;2;1;2;A01
200900051841;0;7;0;0;2;3;0;A01
200900051841;0;1;0;0;2;1;0;B01
200900051842;0;30;0;0;2;7;17;A01
200900051842;0;7;0;0;2;3;13;B01
200900051843;0;7;0;0;0;8;15;B01
200900051843;0;30;0;0;2;1;17;A01
200900051844;0;7;0;0;2;3;0;A01
200900051844;0;7;0;0;2;3;0;B01
200900051845;0;7;0;0;2;3;11;A01
200900051845;0;32;0;0;0;7;1;B01
200900051846;0;7;0;0;2;2;1;A01
200900051846;0;7;0;0;2;2;9;B01
200900051847;0;33;0;0;2;8;2;A01
200900051847;0;7;0;0;2;3;15;B01
200900051848;0;7;0;0;2;1;1;A01
200900051848;0;7;0;0;2;1;1;B01
200900051848;0;7;0;0;0;4;0;C01
200900051849;0;30;0;0;2;3;2;A01
200900051849;0;7;0;0;2;8;2;B01
200900051850;0;7;0;0;2;4;23;C01
200900051850;0;7;0;0;2;1;2;B01
200900051850;0;7;0;0;2;1;2;A01
200900051851;0;7;0;0;2;3;9;B01
200900051851;0;10;0;0;2;5;9;A01
200900051852;0;30;0;0;0;3;1;B01
200900051852;0;7;0;0;0;2;15;A01
200900051853;0;7;0;13;0;3;1;B01
200900051853;0;7;0;13;0;1;1;A01
200900051854;0;7;0;1;0;3;1;A01
200900051855;0;7;0;0;6;3;21;A01
200900051856;0;31;0;0;1;1;1;A01
200900051857;0;2;0;0;2;3;2;A01
200900051857;0;7;0;0;2;1;3;B01
200900051858;0;7;0;0;1;7;5;A01
200900051859;0;99;0;6;0;1;0;A01
200900051860;0;10;0;0;0;4;2;C01
200900051860;0;7;0;14;0;4;2;B01
200900051860;0;7;0;14;0;1;2;A01
200900051861;0;2;0;0;9;1;0;A01
200900051861;0;1;0;0;2;8;0;B01
200900051862;0;34;0;0;9;0;2;B01
200900051862;0;37;1;0;0;0;2;A01
200900051863;0;1;0;0;0;8;15;A01
200900051864;0;31;0;0;2;1;1;A01
200900051864;0;7;0;0;2;7;15;B01
200900051865;0;7;0;0;2;2;0;A01
200900051865;0;7;0;0;2;3;0;B01
200900051866;0;7;0;0;1;2;0;A01
200900051867;0;7;0;2;2;1;1;A01
200900051867;0;7;0;1;2;3;15;B01
200900051868;0;10;0;0;2;3;11;A01
200900051868;0;34;0;0;2;2;1;B01
200900051869;0;33;0;0;2;7;17;A01
200900051869;0;7;0;0;2;3;13;B01
200900051870;0;7;0;1;2;3;1;B01
200900051870;0;7;0;1;2;3;1;A01
200900051871;0;30;0;0;2;1;0;B01
200900051871;0;7;0;0;0;7;0;A01
200900051872;0;7;0;0;1;7;1;A01
200900051873;1;7;0;0;1;0;15;A01
200900051874;0;7;0;0;2;5;9;A01
200900051874;0;32;0;0;2;1;2;B01
200900051875;0;7;0;0;2;3;15;B01
200900051875;0;7;0;9;2;1;17;A01
200900051876;0;7;0;8;0;1;1;A01
200900051877;0;7;0;0;2;2;10;A01
200900051877;0;7;0;0;2;6;0;C01
200900051877;0;32;0;0;2;1;1;B01
200900051878;0;7;0;0;2;2;15;A01
200900051878;0;33;0;0;2;3;0;B01
200900051879;0;3;0;0;2;1;0;A01
200900051879;0;10;0;0;0;0;0;B01
200900051880;0;7;0;0;2;1;16;B01
200900051880;0;7;0;0;2;1;2;A01
200900051881;1;30;0;0;1;1;0;A01
200900051882;0;33;0;0;1;1;1;A01
200900051883;0;99;0;0;2;6;11;A01
200900051883;0;33;0;0;2;2;0;B01
200900051884;0;32;0;0;1;3;19;A01
200900051885;0;7;0;0;2;3;9;A01
200900051885;0;7;0;8;2;5;12;B01
200900051886;0;7;0;0;1;1;0;A01
200900051887;0;7;0;0;2;3;15;A01
200900051887;0;33;0;0;2;2;1;B01
200900051888;0;7;0;0;2;3;0;A01
200900051888;0;7;0;0;0;3;2;C01
200900051888;0;7;0;0;2;3;2;B01
200900051889;0;10;0;0;2;1;1;A01
200900051889;0;10;0;0;2;1;1;B01
200900051890;0;7;0;0;2;3;15;B01
200900051890;0;2;0;0;2;2;17;A01
200900051891;0;7;0;0;0;4;1;B01
200900051891;0;10;0;0;2;1;1;A01
200900051892;0;7;0;0;1;2;2;A01
200900051893;0;7;0;0;2;8;20;A01
200900051893;0;34;0;0;2;3;17;B01
200900051894;0;7;0;0;2;3;11;A01
200900051894;0;33;0;0;2;5;17;B01
200900051895;0;7;0;0;2;7;0;A01
200900051895;0;2;0;0;2;1;1;B01
200900051896;0;7;0;0;1;2;1;A01
200900051897;0;31;0;8;2;8;5;A01
200900051897;0;7;0;0;2;2;2;B01
200900051898;0;7;0;0;1;1;1;A01
200900051899;0;7;0;0;0;0;0;C01
200900051899;0;7;0;0;0;0;0;A01
200900051899;0;7;0;0;0;0;0;B01
200900051900;0;7;0;0;0;4;1;A01
200900051900;0;7;0;0;2;1;0;B01
200900051900;0;10;0;4;0;8;13;C01
200900051901;0;7;0;4;0;3;1;A01
200900051902;0;7;0;0;0;5;23;A01
200900051902;0;32;0;0;2;1;1;B01
200900051903;0;31;0;0;2;1;3;A01
200900051903;0;7;0;0;0;5;12;B01
200900051904;0;7;0;0;0;0;0;B01
200900051904;0;33;0;0;0;0;0;A01
200900051905;0;33;0;4;0;7;0;A01
200900051906;0;7;0;0;2;4;2;C01
200900051906;0;7;0;0;2;7;1;A01
200900051906;0;7;0;0;2;8;2;B01
200900051907;0;31;0;0;2;1;3;A01
200900051907;0;10;0;0;2;6;11;B01
200900051908;0;33;0;0;0;0;1;A01
200900051909;0;13;0;0;2;5;11;A01
200900051909;0;32;0;0;2;1;3;B01
200900051910;0;7;0;0;2;3;9;A01
200900051910;0;1;0;0;2;1;0;B01
200900051911;1;7;0;0;2;1;1;A01
200900051911;0;7;0;0;2;8;15;B01
200900051912;0;7;0;0;2;2;11;A01
200900051912;0;7;0;0;2;3;1;B01
200900051913;0;40;0;0;1;7;9;A01
200900051914;0;10;0;0;0;7;0;A01
200900051914;0;30;0;0;2;1;0;B01
200900051915;0;7;0;8;0;2;0;A01
200900051916;0;2;0;0;0;7;2;B01
200900051916;0;7;0;1;0;3;2;A01
200900051917;0;2;0;0;1;1;1;A01
200900051918;0;33;0;12;0;1;0;A01
200900051919;0;7;0;0;2;3;0;B01
200900051919;0;2;0;0;2;3;0;A01
200900051920;0;32;0;0;1;1;0;A01
200900051921;0;33;0;0;0;1;0;A01
200900051921;0;7;0;0;0;8;0;B01
200900051922;0;33;0;0;2;1;1;B01
200900051922;0;7;0;0;0;5;19;A01
200900051923;0;7;0;0;1;7;1;A01
200900051924;0;7;0;0;2;1;1;B02
200900051924;0;7;0;0;2;8;1;A01
200900051925;0;36;0;2;0;1;1;A01
200900051926;0;10;0;0;2;1;1;C03
200900051926;0;7;0;0;2;4;15;B02
200900051926;0;7;0;0;2;1;1;A01
200900051927;0;7;0;0;2;1;1;C03
200900051927;0;7;0;0;2;2;1;D04
200900051927;0;7;0;0;2;1;21;B02
200900051927;0;7;0;3;0;2;23;A01
200900051928;0;7;0;8;0;1;1;A01
200900051929;0;7;0;0;1;2;1;A01
200900051930;0;7;0;4;0;1;23;A01
200900051930;0;7;0;0;2;1;1;C03
200900051930;0;7;0;0;2;3;1;B02
200900051931;0;7;0;0;2;3;15;B02
200900051931;0;30;0;0;2;1;1;A01