num_acc;senc;catv;occutc;obs;obsm;choc;manv;num_veh
200900051932;0;7;0;0;1;1;2;C03
200900051932;0;7;0;0;2;1;2;B02
200900051932;0;7;0;0;0;4;2;A01
200900051933;0;10;0;0;2;1;1;A01
200900051933;0;7;0;0;2;8;19;B02
200900051934;0;1;0;0;2;3;15;B02
200900051934;0;13;0;0;2;2;2;A01
200900051935;0;7;0;0;1;1;1;A01
200900051936;0;10;0;2;0;1;1;A01
200900051937;0;10;0;0;1;2;9;A01
200900051938;0;7;0;0;2;1;2;A01
200900051938;0;7;0;0;2;4;23;C01
200900051938;0;7;0;0;2;4;23;B01
200900051939;0;7;0;0;2;4;1;B01
200900051939;0;2;0;0;2;4;2;A01
200900051940;0;7;0;0;1;1;1;A01
200900051941;0;7;0;0;2;5;23;C01
200900051941;0;7;0;0;2;3;15;A01
200900051941;0;31;0;0;2;9;1;B01
200900051942;0;30;0;0;2;1;1;B01
200900051942;0;7;0;0;0;4;1;A01
200900051943;0;2;0;0;2;7;17;A01
200900051943;0;7;0;0;2;8;15;B01
200900051944;0;7;0;0;1;1;1;A01
200900051945;0;7;0;0;2;2;15;A01
200900051945;0;7;0;0;2;2;1;B01
200900051946;0;10;0;0;2;4;1;B01
200900051946;0;7;0;0;2;1;15;A01
200900051947;0;10;0;0;1;2;1;A01
200900051948;0;7;0;0;2;1;1;A01
200900051948;0;7;0;2;2;7;10;B01
200900051949;0;13;0;0;2;8;9;A01
200900051949;0;1;0;0;2;1;1;B01
200900051950;0;30;0;1;0;1;1;A01
200900051951;0;15;0;0;1;1;21;A01
200900051952;0;7;0;0;2;2;15;A01
200900051952;0;7;0;0;2;1;1;B01
200900051953;0;30;0;0;2;1;16;A01
200900051953;0;7;0;0;2;5;16;B01
200900051954;0;7;0;0;1;3;15;A01
200900051955;0;33;0;0;2;1;1;A01
200900051955;0;7;0;0;2;4;10;B01
200900051956;0;2;0;0;2;7;1;B01
200900051956;0;7;0;0;2;1;15;A01
200900051957;0;2;0;0;2;1;1;A01
200900051957;0;7;0;0;2;8;1;B01
200900051958;0;7;0;6;0;2;1;A01
200900051959;0;7;0;0;0;3;15;A01
200900051959;0;33;0;0;2;1;17;B01
200900051960;0;7;0;0;2;3;1;A01
200900051960;0;1;0;0;2;1;1;B01
200900051961;0;7;0;0;2;3;1;A01
200900051961;0;37;0;0;2;3;1;B02
200900051962;0;2;0;1;0;1;21;B02
200900051962;0;7;0;0;2;6;23;A01
200900051963;0;7;0;0;2;3;15;A01
200900051963;0;33;0;0;2;1;1;B02
200900051964;1;7;0;0;1;1;1;A01
200900051965;0;7;0;0;2;1;1;A01
200900051965;0;7;0;0;0;7;1;B01
200900051966;0;7;0;1;2;8;1;A01
200900051966;0;7;0;0;2;1;1;B01
200900051967;0;7;0;0;1;0;1;A01
200900051968;0;7;0;0;0;4;1;B01
200900051968;1;7;0;0;2;1;2;A01
200900051969;0;7;0;0;2;3;1;C01
200900051969;0;7;0;0;0;3;1;B01
200900051969;0;7;0;0;2;3;13;A01
200900051970;0;7;0;0;1;4;20;A01
200900051971;0;7;0;0;0;9;1;A01
200900051972;0;7;0;4;0;3;0;A01
200900051972;0;7;0;14;2;3;1;B01
200900051973;0;7;0;0;2;1;1;B01
200900051973;0;7;0;0;2;7;6;A01
200900051974;0;7;0;0;2;4;1;A01
200900051974;0;7;0;0;2;1;2;B01
200900051975;0;7;0;2;0;1;0;A01
200900051976;0;7;0;2;0;2;1;A01
200900051977;0;7;0;0;0;1;1;A01
200900051977;0;15;0;0;0;1;1;B01
200900051978;0;10;0;0;2;1;1;B01
200900051978;0;7;0;0;2;3;1;C01
200900051978;0;17;0;14;0;1;1;D01
200900051978;0;7;0;0;2;1;5;A01
200900051979;0;7;0;3;2;1;1;A01
200900051979;0;17;0;0;2;6;1;B01
200900051980;0;7;0;0;2;4;2;B01
200900051980;0;7;0;0;2;1;2;A01
200900051981;0;10;0;0;1;1;1;A01
200900051982;0;7;0;4;0;3;1;A01
200900051983;0;33;0;0;2;1;17;A01
200900051983;0;7;0;0;2;8;15;B01
200900051984;0;7;0;0;1;1;0;A01
200900051985;0;7;0;0;2;1;0;A01
200900051985;0;7;0;0;2;4;0;B01
200900051986;0;7;0;0;2;3;0;B01
200900051986;0;7;0;6;2;1;5;A01
200900051987;0;30;0;0;2;0;0;B01
200900051988;0;7;0;11;0;1;17;A01
200900051989;0;7;0;0;0;4;23;C01
200900051989;0;10;0;0;2;1;2;A01
200900051989;0;7;0;0;2;4;2;B01
200900051990;0;7;0;0;0;4;2;C01
200900051990;0;7;0;0;2;5;2;B01
200900051990;0;7;0;0;2;1;2;A01
200900051991;0;7;0;0;2;1;0;B01
200900051991;0;7;0;7;2;8;15;A01
200900051992;0;7;0;0;2;1;1;A01
200900051992;0;7;0;0;0;4;1;B01
200900051993;0;7;0;8;0;1;14;A01
200900051994;0;10;0;0;0;4;0;B01
200900051994;0;7;0;0;2;1;0;A01
200900051995;0;7;0;0;2;2;1;B01
200900051995;0;30;0;0;2;1;1;A01
200900051996;0;1;0;0;0;4;1;A01
200900051997;0;7;0;0;9;3;1;A01
200900051997;0;33;0;0;2;1;1;B01
200900051998;0;7;0;0;2;1;1;A01
200900051998;0;7;0;0;2;4;1;B01
200900051999;0;7;0;0;2;4;2;B01
200900051999;0;7;0;0;2;1;2;A01
200900052000;0;7;0;0;2;4;2;B01
200900052000;0;7;0;0;2;1;2;A01
200900052000;0;7;0;0;2;4;2;C01
200900052001;0;7;0;2;0;1;1;A01
200900052001;0;7;0;2;2;2;1;B01
200900052002;0;7;0;0;2;0;0;A01
200900052002;0;99;0;0;2;8;0;B01
200900052003;0;2;0;0;2;0;0;B01
200900052003;0;7;0;0;9;0;0;A01
200900052004;0;30;0;0;0;1;0;A01
200900052005;0;16;0;0;2;3;1;A01
200900052005;0;7;0;0;9;1;5;B01
200900052006;0;7;0;0;1;0;0;A01
200900052007;1;36;0;1;1;1;0;A01
200900052008;0;7;0;0;2;1;0;A01
200900052008;0;7;0;0;2;1;0;B01
200900052009;0;30;0;0;2;2;15;A01
200900052009;0;3;0;0;2;8;1;B02
200900052010;0;7;0;2;0;2;14;A01
200900052011;0;7;0;0;2;8;1;C03
200900052011;0;33;0;0;2;0;1;B02
200900052011;0;7;0;0;2;7;15;A01
200900052011;0;7;0;0;2;3;1;D04
200900052012;0;7;0;2;0;6;1;A01
200900052013;0;7;0;2;0;1;1;A01
200900052014;0;7;0;13;0;3;1;A01
200900052015;0;33;0;0;0;3;1;A01
200900052016;0;10;0;0;0;2;0;B02
200900052016;0;33;0;0;0;1;1;A01
200900052017;0;7;0;0;2;1;1;A01
200900052017;0;7;0;0;2;1;1;B02
200900052018;0;33;0;0;2;7;1;B02
200900052018;0;7;0;0;2;8;9;A01
200900052019;0;33;0;8;0;2;13;A01
200900052020;0;17;0;0;0;4;1;B02
200900052020;0;7;0;0;2;1;1;A01
200900052021;0;7;0;0;0;2;9;A01
200900052021;0;33;0;0;2;3;1;B01
200900052022;0;99;0;0;2;8;1;A01
200900052022;0;33;0;0;2;1;1;B01
200900052023;0;7;0;0;2;8;10;A01
200900052023;0;7;0;0;2;1;1;B02
200900052024;0;33;0;13;0;0;0;A01
200900052025;0;10;0;0;2;1;1;B02
200900052025;0;7;0;0;2;7;1;A01
200900052026;0;7;0;0;6;8;1;A01
200900052027;0;7;0;0;1;3;1;A01
200900052028;0;7;0;7;0;8;1;A01
200900052029;0;7;0;2;0;8;1;A01
200900052030;0;7;0;0;1;2;1;A01
200900052031;0;7;0;0;0;3;24;C01
200900052031;0;7;0;0;2;2;15;A01
200900052031;0;2;0;1;2;1;1;B01
200900052032;0;7;0;0;2;1;1;B01
200900052032;0;7;0;0;2;8;1;A01
200900052033;0;7;0;0;1;1;1;A01
200900052034;0;7;0;0;2;4;2;B01
200900052034;0;33;0;0;2;1;2;A01
200900052035;0;30;0;0;2;1;2;A01
200900052035;0;7;0;0;0;4;1;B01
200900052036;0;7;0;0;2;1;2;A01
200900052036;0;7;0;0;2;4;1;B01
200900052037;0;7;0;0;0;3;1;B01
200900052037;0;30;0;0;2;1;3;A01
200900052037;0;7;0;0;2;1;1;C01
200900052038;0;7;0;0;0;1;1;A01
200900052039;0;7;0;0;2;1;9;A01
200900052039;0;7;0;0;2;1;1;B01
200900052040;0;7;0;6;0;7;1;A01
200900052041;0;10;0;13;0;2;1;A01
200900052042;0;7;0;6;1;1;0;A01
200900052043;0;15;0;0;2;1;2;A01
200900052043;0;7;0;0;0;4;1;B01
200900052044;0;7;0;0;0;9;1;A01
200900052045;0;7;0;0;2;2;0;B01
200900052045;0;7;0;0;2;1;2;A01
200900052046;0;7;0;0;0;0;15;B01
200900052046;0;7;0;0;0;1;1;A01
200900052047;0;7;0;10;0;3;1;A01
200900052048;0;7;0;8;5;5;1;A01
200900052049;0;33;0;0;0;0;1;A01
200900052050;0;1;0;0;2;1;13;A01
200900052050;0;7;0;0;2;1;1;B02
200900052051;0;7;0;4;0;3;17;A01
200900052052;0;7;0;0;2;2;15;A01
200900052052;0;2;0;0;2;1;1;B02
200900052053;0;10;0;0;2;3;1;A01
200900052053;0;7;0;0;2;3;1;B02
200900052054;0;7;0;0;2;2;1;A01
200900052054;0;7;0;0;2;1;1;B02
200900052055;0;7;0;0;2;7;0;A01
200900052055;0;7;0;0;2;1;15;B02
200900052056;0;7;0;7;0;3;1;A01
200900052057;0;7;0;8;0;3;14;A01
200900052058;0;10;0;6;0;2;1;A01
200900052059;0;30;0;0;2;1;1;B02
200900052059;0;7;0;0;2;3;15;A01
200900052060;0;30;0;0;2;8;1;B02
200900052060;0;7;0;0;2;3;15;A01
200900052060;0;7;0;0;9;8;1;C03
200900052061;0;7;0;0;2;1;1;B02
200900052061;0;7;0;0;2;7;13;A01
200900052062;0;7;0;0;9;7;2;A01
200900052062;0;1;0;0;0;0;0;B02
200900052063;0;14;0;3;0;9;0;A01
200900052064;0;7;0;0;1;4;4;A01
200900052065;0;7;0;0;1;1;0;A01
200900052066;0;7;0;0;2;1;0;A01
200900052066;0;7;0;6;2;7;1;B01
200900052067;0;30;0;0;2;8;1;A01
200900052067;0;7;0;0;2;1;0;B01
200900052068;0;7;0;0;1;2;1;A01
200900052069;0;7;0;0;2;4;1;C01
200900052069;0;7;0;0;2;4;2;B01
200900052069;0;7;0;0;2;1;1;A01
200900052069;0;7;0;0;1;4;1;D01
200900052070;0;7;0;0;2;2;9;A01
200900052070;0;7;0;0;2;2;1;B01
200900052071;0;7;0;0;2;1;0;A01
200900052071;0;1;0;0;2;1;0;C01
200900052071;0;1;0;0;2;1;0;B01
200900052072;0;7;0;0;2;8;9;A01
200900052072;0;1;0;0;2;1;1;B01
200900052073;0;7;0;0;2;3;16;A01
200900052073;0;7;0;0;2;3;1;B01
200900052074;0;7;0;0;2;8;15;B01
200900052074;0;33;0;0;2;1;17;A01
200900052075;0;7;0;0;2;0;9;A01
200900052075;0;2;0;0;2;2;1;B01
200900052076;0;7;0;0;2;7;15;B01
200900052076;0;7;0;0;2;1;1;A01
200900052077;0;7;0;0;2;1;1;B01
200900052077;0;7;0;0;2;5;15;A01
200900052078;0;30;0;0;2;1;5;A01
200900052078;0;7;0;0;2;1;1;B01
200900052079;0;15;0;0;2;4;2;B01
200900052079;0;7;0;0;2;1;2;A01
200900052080;0;7;0;0;2;4;1;B01
200900052080;0;7;0;0;2;1;1;A01
200900052081;0;33;0;14;0;2;0;A01
200900052082;0;7;0;0;2;8;11;B01
200900052082;0;17;0;0;0;6;0;A01
200900052083;0;3;0;0;1;0;14;A01
200900052084;1;2;0;0;1;0;13;A01
200900052085;0;30;0;0;2;8;13;A01
200900052085;0;7;0;0;2;1;1;B02
200900052086;0;2;0;0;2;4;1;B02
200900052086;0;10;0;0;2;3;1;A01
200900052087;0;7;0;0;2;2;19;A01
200900052087;0;7;0;0;2;3;1;B02
200900052088;0;7;0;0;2;1;19;B02
200900052088;0;30;0;0;2;8;1;A01
200900052089;0;10;0;2;0;1;13;A01
200900052090;0;15;0;0;2;8;1;B02
200900052090;0;7;0;0;2;8;17;A01
200900052091;0;33;0;0;2;1;1;B02
200900052091;0;7;0;0;2;7;10;A01
200900052092;0;1;0;0;2;3;1;B02
200900052092;0;7;0;0;2;5;16;A01
200900052093;0;7;0;0;2;1;2;A01
200900052093;0;7;0;0;0;4;2;B02
200900052094;0;7;0;0;0;3;1;A01
200900052094;0;10;0;0;0;3;1;B02
200900052095;0;1;0;1;0;1;1;B02
200900052095;0;7;0;0;2;8;0;A01
200900052096;0;7;0;13;0;1;14;A01
200900052097;0;21;0;0;2;8;21;B02
200900052097;0;30;0;0;2;1;13;A01
200900052098;0;7;0;0;2;1;1;B02
200900052098;0;7;0;0;2;1;1;A01
200900052099;0;33;0;0;2;1;1;C03
200900052099;0;16;0;0;0;0;19;A01
200900052100;0;33;0;2;0;1;1;A01
200900052101;0;7;0;0;1;3;1;A01
200900052102;0;30;0;6;0;5;1;A01
200900052103;0;1;0;0;0;3;0;A01
200900052104;0;7;0;13;0;1;1;A01
200900052105;0;7;0;0;1;2;1;A01
200900052106;0;7;0;0;2;1;5;A01
200900052106;0;33;0;0;2;1;1;B02
200900052107;0;7;0;0;2;2;1;B02
200900052107;0;20;0;0;2;1;19;A01
200900052108;0;33;0;0;2;1;1;B02
200900052108;0;7;0;0;2;3;15;A01
200900052109;0;31;0;0;2;1;0;A01
200900052109;0;31;0;0;0;4;0;B02
200900052110;0;7;0;0;2;3;1;B02
200900052110;0;7;0;0;2;1;13;A01
200900052111;0;7;0;0;2;1;1;B01
200900052111;0;7;0;0;2;7;15;A01
200900052112;0;7;0;0;0;3;16;A01
200900052113;0;7;0;0;1;1;1;A01
200900052114;0;7;0;3;2;6;1;B01
200900052114;0;7;0;3;2;1;1;A01
200900052115;0;30;0;0;2;1;1;A01
200900052115;0;7;0;0;2;4;16;B01
200900052116;0;7;0;0;2;1;2;A01
200900052116;0;7;0;0;2;4;2;B01
200900052116;0;7;0;0;0;6;2;C01
200900052117;0;33;0;0;2;3;1;B01
200900052117;0;7;0;0;2;2;19;A01
200900052118;0;7;0;0;1;2;1;A01
200900052119;0;30;0;0;2;1;19;A01
200900052119;0;7;0;0;2;5;1;B01
200900052120;0;7;0;0;2;1;1;C03
200900052120;0;7;0;0;2;8;19;A01
200900052120;0;10;0;0;2;5;1;B02
200900052121;0;7;0;2;0;5;1;A01
200900052122;0;7;0;0;2;6;19;A01
200900052122;0;14;0;0;2;1;1;B02
200900052123;0;7;0;13;0;2;1;A01
200900052124;0;7;0;8;0;1;1;A01
200900052125;0;7;0;0;2;1;11;A01
200900052125;0;15;0;0;2;1;1;B02
200900052126;0;17;0;0;2;8;1;C03
200900052126;0;7;0;13;2;2;14;A01
200900052126;0;17;0;0;2;3;1;B02
200900052127;0;7;0;6;0;8;1;A01
200900052128;0;7;0;0;0;2;0;H08
200900052128;0;7;0;1;0;1;0;D04
200900052128;0;17;0;1;0;2;0;C03
200900052128;0;7;0;1;0;1;0;B02
200900052128;0;7;0;0;0;1;0;F06
200900052128;0;7;0;0;0;4;0;A01
200900052128;0;7;0;1;0;1;0;I09
200900052128;0;7;0;0;0;1;0;G07
200900052128;0;7;0;1;0;1;0;E05
200900052129;0;30;0;0;2;7;1;B02
200900052129;0;7;0;0;2;1;1;A01
200900052130;0;7;0;6;0;1;1;A01
200900052131;0;17;0;13;0;0;16;A01
200900052132;0;7;0;4;0;1;1;A01
200900052133;0;7;0;0;1;8;1;A01
200900052134;0;7;0;0;2;3;10;A01
200900052134;0;7;0;0;2;2;1;B02
200900052135;0;7;0;0;0;1;13;A01
200900052135;0;7;0;0;0;1;0;B02
200900052136;0;7;0;0;1;2;1;A01
200900052137;0;7;0;2;0;7;1;A01
200900052138;0;7;0;0;2;1;0;A01
200900052138;0;7;0;0;0;4;0;B02
200900052139;0;33;0;0;1;1;1;A01
200900052140;0;7;0;0;2;1;1;A01
200900052140;0;21;0;0;2;3;23;B01
200900052141;0;7;0;0;2;1;1;B01
200900052141;0;7;0;0;2;7;13;A01
200900052142;0;30;0;0;2;0;13;A01
200900052142;0;1;0;0;2;8;1;B01
200900052142;0;7;0;0;0;0;0;C01
200900052143;0;7;0;0;0;4;23;B01
200900052143;0;7;0;0;2;1;1;A01
200900052144;0;7;0;6;0;2;1;A01
200900052145;0;7;0;3;0;1;1;A01
200900052146;0;7;0;0;2;2;1;A01
200900052146;0;1;0;0;2;1;15;B02
200900052147;0;33;0;0;2;1;17;B02
200900052147;0;10;0;0;0;3;15;A01
200900052148;0;7;0;0;1;2;1;A01
200900052149;0;7;0;0;2;3;1;B02
200900052149;0;7;0;0;2;3;1;A01
200900052150;0;7;0;0;2;2;15;B02
200900052150;0;2;0;0;2;1;1;A01
200900052151;0;7;0;6;0;1;1;A01
200900052152;0;10;0;0;1;4;4;A01
200900052153;0;7;0;0;1;1;1;A01
200900052154;0;36;0;16;0;9;0;A01
200900052155;0;30;0;0;2;1;5;A02
200900052155;0;7;0;0;2;1;1;A01
200900052156;0;7;0;0;2;1;2;A01
200900052156;0;10;0;0;2;4;2;B01
200900052157;0;10;0;0;2;1;2;A01
200900052157;0;7;0;0;2;4;2;B01
200900052158;0;32;0;0;1;1;1;A01
200900052159;0;10;0;0;2;0;1;A01
200900052159;0;7;0;0;9;1;2;C01
200900052159;0;7;0;0;9;8;2;B01
200900052160;0;7;0;0;1;0;0;A01
200900052161;0;7;0;0;1;1;16;A01
200900052162;0;2;0;0;2;1;1;B01
200900052162;1;7;0;0;2;1;13;A01
200900052163;0;7;0;3;0;0;21;A01
200900052164;0;7;0;0;0;0;0;A01
200900052164;0;30;0;0;0;0;0;B01
200900052165;0;1;0;0;1;6;2;A01
200900052166;0;7;0;0;0;0;0;B01
200900052166;0;2;0;0;0;0;0;A01
200900052167;0;7;0;0;2;8;12;A01
200900052167;0;30;0;0;2;1;1;B01
200900052168;0;7;0;0;1;0;0;A01
200900052169;0;7;0;0;2;1;1;B01
200900052169;0;7;0;0;2;7;15;A01
200900052170;0;37;1;0;2;8;16;A01
200900052170;0;2;0;0;2;2;17;B01
200900052171;0;7;0;13;0;2;14;A01
200900052172;0;33;0;0;2;1;2;B01
200900052172;0;7;0;0;2;7;15;A01
200900052173;0;7;0;0;1;1;1;A01
200900052174;0;7;0;0;2;4;1;B01
200900052174;0;32;0;0;2;1;2;A01
200900052175;0;7;0;0;2;4;0;A01
200900052175;0;7;0;0;0;1;1;B01
200900052176;0;17;0;0;0;8;13;A01
200900052177;0;32;0;0;0;0;0;B01
200900052177;0;7;0;0;2;2;0;A01
200900052178;0;7;0;0;2;3;2;C01
200900052178;0;10;0;1;2;3;2;A01
200900052178;0;7;0;0;2;5;2;B01
200900052179;0;7;0;0;2;1;1;B02
200900052179;0;7;0;0;2;8;16;A01
200900052180;0;7;0;0;2;3;1;B02
200900052181;0;7;0;3;0;3;1;A01
200900052182;0;7;0;0;2;1;1;B02
200900052182;0;7;0;0;2;1;15;A01
200900052183;0;33;0;0;2;3;1;B02
200900052183;0;7;0;0;0;3;6;A01
200900052184;0;7;0;0;2;3;1;A01
200900052184;0;33;0;1;2;1;13;B02
200900052185;0;7;0;0;1;2;14;A01
200900052186;0;3;0;13;0;0;13;A01
200900052187;0;17;0;1;0;2;1;A01
200900052187;0;10;0;0;2;6;24;B02
200900052188;2;7;0;0;2;1;15;A01
200900052188;0;31;0;0;2;1;1;B02
200900052189;0;7;0;0;2;3;13;A01
200900052189;0;7;0;0;2;3;13;B02
200900052190;0;7;0;0;2;1;13;A01
200900052190;0;7;0;0;2;1;1;B02
200900052191;0;7;0;0;2;1;0;B02
200900052191;0;7;0;0;2;1;1;A01
200900052192;0;7;0;0;2;3;1;A01
200900052192;0;7;0;0;2;3;13;B02
200900052193;0;7;0;2;0;1;1;A01
200900052194;0;10;0;0;2;0;1;A01
200900052194;0;7;0;0;9;3;1;C03
200900052194;0;37;0;0;9;3;1;D04
200900052195;0;33;0;0;2;3;13;A01
200900052195;0;7;0;0;2;6;1;B02
200900052195;0;33;0;0;0;0;1;C03
200900052196;0;7;0;0;2;1;15;B02
200900052196;0;7;0;0;2;1;1;A01
200900052197;0;2;0;0;2;2;17;B02
200900052197;0;7;0;0;2;6;13;A01
200900052198;0;7;0;0;0;5;19;A01
200900052198;0;33;0;0;2;1;1;B02
200900052199;0;2;0;0;2;1;17;C03
200900052199;0;14;0;0;0;0;23;A01
200900052199;0;7;0;0;2;3;1;B02
200900052200;0;33;0;0;2;1;1;B02
200900052200;0;7;0;0;2;3;9;A01
200900052201;0;7;0;1;0;1;1;C03
200900052202;0;7;0;13;0;2;1;A01
200900052203;0;7;0;13;0;9;1;A01
200900052204;0;14;0;0;0;4;24;B02
200900052204;0;7;0;1;0;1;13;A01
200900052205;0;7;0;0;2;6;17;A01
200900052205;0;7;0;0;2;2;17;B02
200900052205;0;7;0;0;2;8;1;C03
200900052206;0;7;0;4;0;3;17;A01
200900052207;0;7;0;0;2;4;0;C03
200900052207;0;7;0;14;0;3;2;A01
200900052207;0;14;0;0;2;3;2;B02
200900052207;0;10;0;0;2;1;0;D04
200900052208;0;7;0;0;2;3;15;A01
200900052208;0;33;0;0;2;1;1;B02
200900052209;0;1;0;0;0;1;17;B02
200900052209;0;1;0;0;0;4;13;A01
200900052210;0;3;0;0;2;1;1;B02
200900052210;0;10;0;0;2;3;10;A01
200900052211;0;7;0;0;2;3;13;A01
200900052211;0;10;0;0;0;5;1;B02
200900052211;0;7;0;0;0;3;1;C03
200900052212;0;7;0;0;1;5;20;A01
200900052213;0;7;0;2;0;7;13;A01
200900052214;0;33;0;5;0;0;0;A01
200900052215;0;33;0;3;0;8;13;A01
200900052216;0;33;0;0;2;1;1;B02
200900052216;0;10;0;0;0;8;10;A01
200900052217;0;2;0;0;2;1;1;B02
200900052217;0;7;0;0;0;4;1;A01
200900052218;0;2;0;0;2;2;17;B02
200900052218;0;7;0;0;2;8;15;A01
200900052219;0;21;0;0;0;3;15;B02
200900052219;0;10;0;0;0;7;17;A01
200900052220;0;30;0;1;0;1;1;A01
200900052221;0;7;0;13;0;9;1;A01
200900052222;0;7;0;0;0;0;0;A01
200900052223;0;7;0;8;0;1;13;A01
200900052224;0;7;0;0;9;1;1;A01
200900052224;0;1;0;0;2;4;2;B01
200900052225;0;7;0;0;2;4;11;A01
200900052225;0;7;0;0;2;1;0;B01
200900052226;0;7;0;0;1;4;4;A01
200900052227;0;7;0;0;1;1;1;A01
200900052228;0;30;0;0;0;0;0;B01
200900052228;0;7;0;0;0;0;0;A01
200900052228;0;34;0;0;0;0;0;C01
200900052229;0;7;0;0;0;0;0;A01
200900052230;0;7;0;0;2;3;15;A01
200900052230;0;33;0;0;2;1;17;B01
200900052231;0;7;0;0;0;6;23;B01
200900052231;0;7;0;1;0;2;1;A01
200900052232;0;7;0;0;0;4;1;B01
200900052232;0;3;0;0;2;1;1;A01
200900052233;0;7;0;0;1;1;2;A01
200900052234;0;31;0;0;2;2;12;A01
200900052234;0;7;0;0;2;6;16;B01
200900052235;0;7;0;13;0;1;1;A01
200900052236;0;32;0;0;2;1;17;A01
200900052236;0;7;0;0;0;8;15;B01
200900052237;0;7;0;0;2;4;23;B01
200900052237;0;30;0;0;2;1;1;A01
200900052238;0;7;0;0;2;2;19;B01
200900052238;0;7;0;0;2;4;23;C01
200900052238;0;7;0;7;2;1;1;A01
200900052239;0;7;0;14;0;2;19;A01
200900052240;0;7;0;5;0;2;1;A01
200900052241;0;1;0;0;2;1;1;A01
200900052241;0;7;0;0;2;3;9;B01
200900052242;0;2;0;0;2;1;3;A01
200900052242;0;10;0;0;2;2;1;B01
200900052242;0;7;0;0;0;0;1;C01
200900052243;0;30;0;0;0;0;0;A01
200900052244;0;7;0;0;2;1;15;A01
200900052244;0;7;0;0;2;2;0;B01
200900052245;0;7;0;13;0;1;1;A01
200900052246;0;7;0;0;2;7;1;B01
200900052246;0;7;0;0;2;3;9;A01
200900052247;0;7;0;0;0;1;1;B01
200900052247;0;14;0;0;0;0;0;A01
200900052248;0;30;0;0;0;8;1;A01
200900052249;0;2;0;13;0;1;1;A01
200900052250;0;7;0;0;1;3;1;A01
200900052251;0;7;0;0;2;1;15;A01
200900052251;0;7;0;0;2;3;1;B01
200900052252;0;33;0;0;2;1;17;B01
200900052252;0;7;0;0;0;8;10;A01
200900052253;0;7;0;0;9;3;20;B01
200900052253;0;33;0;0;2;2;1;A01
200900052254;0;7;0;0;2;1;1;B01
200900052254;1;7;0;0;2;1;1;A01
200900052255;0;7;0;0;1;3;1;A01
200900052256;0;32;0;0;0;8;1;A01
200900052257;0;32;0;0;2;1;1;B01
200900052257;0;7;0;0;2;2;15;A01
200900052258;0;33;0;12;2;1;1;A01
200900052258;0;7;0;0;0;4;1;B01
200900052259;0;7;0;0;1;4;4;A01
200900052260;0;10;0;0;2;8;15;B01
200900052260;0;30;0;0;2;1;1;A01
200900052261;0;7;0;0;2;2;1;B01
200900052261;0;32;0;0;2;8;0;A01
200900052262;0;7;0;0;2;3;9;B01
200900052262;0;7;0;0;2;3;9;A01
200900052263;0;7;0;4;0;7;1;A01
200900052264;0;7;0;0;2;6;1;A01
200900052264;0;33;0;0;2;1;1;B01
200900052265;0;7;0;0;0;4;2;B01
200900052265;0;7;0;0;2;1;2;A01
200900052266;0;7;0;3;0;1;1;A01
200900052267;0;30;0;0;0;8;1;A01
200900052268;0;7;0;0;1;2;1;A01
200900052269;0;7;0;0;2;1;1;A01
200900052269;0;7;0;0;2;3;15;B01
200900052270;0;7;0;0;2;2;13;A01
200900052270;0;7;0;0;2;3;1;B01
200900052271;0;7;0;13;0;1;1;A01
200900052272;0;7;0;0;2;6;15;A01
200900052272;0;7;0;0;2;1;1;B01
200900052273;0;32;0;0;2;1;2;A01
200900052273;0;7;0;0;2;8;2;B01
200900052274;0;33;0;0;2;1;1;B01
200900052274;0;7;0;0;2;7;9;A01
200900052275;0;2;0;1;0;1;14;A01
200900052276;0;33;0;0;2;1;17;A01
200900052276;0;7;0;0;2;8;1;C01
200900052276;0;33;0;0;2;4;17;B01
200900052277;0;7;0;0;2;5;15;A01
200900052277;0;2;0;0;2;1;18;B01
200900052277;0;7;0;0;2;2;1;C01
200900052278;0;7;0;0;2;6;1;C01
200900052278;0;31;0;0;2;1;17;A01
200900052278;0;7;0;0;2;3;1;B01
200900052279;0;7;0;0;1;2;1;A01
200900052280;0;7;0;0;2;1;23;B01
200900052280;0;33;0;0;2;1;19;A01
200900052281;0;7;0;0;4;3;1;A01
200900052281;0;40;0;0;2;1;1;B01
200900052282;0;7;0;0;2;4;1;B01
200900052282;0;7;0;0;2;1;1;A01
200900052283;0;1;0;0;2;4;12;B01
200900052283;0;7;0;0;2;2;9;A01
200900052284;0;7;0;0;2;2;1;A01
200900052284;0;31;0;8;1;1;1;B01
200900052285;0;7;0;0;2;1;2;A01
200900052285;0;7;0;0;2;4;2;B01
200900052286;0;1;0;0;2;8;19;B01
200900052286;0;10;0;0;9;1;1;A01
200900052287;0;7;0;0;2;2;15;B01
200900052287;0;1;0;0;2;8;1;A01
200900052288;0;33;0;0;2;8;2;B01
200900052288;0;7;0;0;2;2;16;A01
200900052289;0;2;0;0;2;1;5;A01
200900052289;0;7;0;0;2;8;1;B01
200900052290;0;33;0;15;0;7;2;A01
200900052291;0;7;0;0;9;7;17;A01
200900052291;0;1;0;0;2;8;1;B01
200900052292;0;7;0;0;1;7;1;A01
200900052293;0;31;0;0;2;1;1;B01
200900052293;0;7;0;0;0;5;15;A01
200900052294;0;7;0;0;1;1;0;A01
200900052295;0;7;0;1;0;7;1;B01
200900052295;0;30;0;1;2;1;19;A01