num_acc;senc;catv;occutc;obs;obsm;choc;manv;num_veh
200900052296;0;37;2;6;0;2;21;A01
200900052296;1;7;0;0;0;0;0;B01
200900052297;0;31;0;0;2;8;1;A01
200900052297;0;7;0;0;2;3;1;B01
200900052298;0;30;0;0;2;1;2;A01
200900052298;0;7;0;0;2;5;2;B01
200900052299;0;33;0;1;2;2;17;A01
200900052299;0;7;0;0;2;3;1;B01
200900052300;0;7;0;0;2;8;15;B01
200900052300;0;2;0;0;2;1;17;A01
200900052301;0;99;0;0;2;8;10;A01
200900052301;0;2;0;0;2;1;1;B01
200900052302;0;1;0;0;2;7;19;B01
200900052302;0;7;0;0;2;1;1;A01
200900052303;0;7;0;0;2;1;1;A01
200900052304;0;7;0;0;1;2;21;A01
200900052304;0;33;0;16;0;1;1;B02
200900052305;0;7;0;13;0;2;1;A01
200900052306;0;7;0;1;0;4;15;B02
200900052306;0;7;0;0;2;1;11;A01
200900052307;0;99;0;0;2;8;19;B02
200900052307;0;7;0;0;9;3;1;A01
200900052308;0;10;0;0;2;3;15;B02
200900052308;0;34;0;0;2;7;17;A01
200900052309;0;7;0;0;0;3;17;B02
200900052309;0;7;0;0;0;2;10;A01
200900052310;0;7;0;14;2;1;2;A01
200900052310;0;7;0;0;2;4;2;B02
200900052311;0;33;0;0;0;0;1;C03
200900052311;0;14;0;0;0;8;1;B02
200900052311;0;7;0;0;2;1;13;A01
200900052312;0;7;0;0;2;8;15;A01
200900052312;0;32;0;0;2;1;1;B02
200900052313;0;7;0;16;0;9;0;A01
200900052314;0;10;0;0;0;3;15;A01
200900052314;0;31;0;0;0;1;1;B02
200900052315;0;32;0;0;2;7;17;A01
200900052315;0;7;0;0;2;8;1;B02
200900052316;0;7;0;3;2;2;21;A01
200900052316;0;7;0;0;2;7;1;B02
200900052317;0;7;0;0;2;2;1;C03
200900052317;0;33;0;0;2;1;17;A01
200900052317;0;7;0;0;2;6;1;B02
200900052318;0;14;0;0;2;3;1;B02
200900052318;0;31;0;0;2;2;16;A01
200900052319;0;7;0;2;0;7;21;A01
200900052320;0;7;0;0;2;2;17;A01
200900052321;0;7;0;0;2;8;1;B02
200900052321;0;31;0;0;2;1;13;A01
200900052322;0;33;0;0;2;1;17;A01
200900052322;0;7;0;0;2;1;1;B02
200900052323;0;7;0;0;0;5;23;B02
200900052323;0;7;0;0;0;1;0;C03
200900052323;0;33;0;0;2;1;17;A01
200900052323;0;7;0;0;2;8;14;D04
200900052324;0;7;0;0;0;1;2;B02
200900052324;0;7;0;0;0;4;1;A01
200900052325;0;7;0;13;0;1;1;A01
200900052326;0;7;0;0;2;8;15;B02
200900052326;0;2;0;0;2;2;9;A01
200900052327;0;7;0;0;1;3;1;A01
200900052328;0;33;0;0;2;1;1;B02
200900052328;0;7;0;0;2;5;15;A01
200900052329;0;33;0;14;0;2;0;A01
200900052330;0;7;0;0;2;1;1;A01
200900052330;0;7;0;0;2;1;1;B02
200900052330;0;7;0;0;2;2;15;C03
200900052331;0;30;0;14;0;1;16;A01
200900052332;0;7;0;6;0;1;1;A01
200900052333;0;14;0;0;0;4;1;B02
200900052333;0;10;0;0;2;1;1;A01
200900052334;0;1;0;0;2;1;14;B02
200900052334;0;7;0;0;0;6;16;A01
200900052335;0;7;0;0;2;8;23;B02
200900052335;0;17;0;1;0;7;1;A01
200900052336;0;7;0;2;0;1;13;A01
200900052337;0;7;0;0;0;0;19;A01
200900052337;0;30;0;0;0;8;1;B02
200900052338;0;7;0;13;0;3;13;A01
200900052339;0;10;0;3;0;8;17;A01
200900052340;0;1;0;0;0;0;13;C03
200900052340;0;7;0;0;2;2;1;A01
200900052340;0;32;0;0;2;1;1;B02
200900052341;0;33;0;0;2;1;1;A01
200900052341;0;7;0;0;2;3;1;B02
200900052342;0;30;0;0;2;1;0;A01
200900052342;0;7;0;0;2;1;0;B02
200900052343;0;30;0;0;2;1;1;A01
200900052343;0;10;0;0;2;8;15;B02
200900052344;0;37;0;1;0;3;16;A01
200900052344;0;7;0;0;2;6;1;E05
200900052345;0;14;0;0;0;0;1;B02
200900052345;0;7;0;13;0;2;1;A01
200900052346;1;7;0;0;2;5;12;B01
200900052346;0;31;0;0;2;8;1;A01
200900052347;0;7;0;2;0;1;1;A01
200900052348;0;33;0;13;2;1;18;C01
200900052348;0;33;0;0;0;0;3;A01
200900052348;0;7;0;0;0;5;14;B01
200900052349;0;33;0;0;2;7;2;A01
200900052349;0;32;0;0;2;1;2;B01
200900052350;0;7;0;0;2;1;2;C01
200900052350;0;7;0;0;2;4;2;A01
200900052350;0;7;0;0;2;1;2;B01
200900052351;0;7;0;0;2;3;1;A01
200900052351;0;7;0;0;2;7;13;B01
200900052352;0;33;0;0;0;0;0;A01
200900052352;0;7;0;0;1;3;21;B01
200900052353;0;10;0;0;2;4;2;B01
200900052353;0;10;0;0;2;4;2;C01
200900052353;0;10;0;0;1;4;2;A01
200900052353;0;10;0;0;2;1;2;D01
200900052354;0;7;0;0;2;1;2;B01
200900052354;0;7;0;0;2;4;2;A01
200900052355;0;7;0;13;0;5;1;A01
200900052356;0;10;0;0;0;4;2;A01
200900052356;0;33;0;0;2;1;1;B01
200900052357;0;17;0;0;2;3;21;A01
200900052357;0;7;0;0;0;4;1;B01
200900052358;0;7;0;0;2;4;2;B01
200900052358;0;7;0;0;2;1;2;C01
200900052358;0;7;0;0;0;4;2;A01
200900052358;0;7;0;0;2;1;2;D01
200900052359;0;33;0;0;0;1;1;A01
200900052360;0;7;0;0;2;1;2;B01
200900052360;0;14;0;0;0;4;2;A01
200900052361;0;7;0;0;0;4;17;A01
200900052361;0;7;0;0;2;1;21;B01
200900052362;0;10;0;0;2;1;2;B01
200900052362;0;7;0;0;0;4;2;A01
200900052363;0;7;0;0;2;1;2;B01
200900052363;0;7;0;0;2;4;2;A01
200900052364;0;7;0;0;0;9;0;A01
200900052365;0;7;0;3;0;1;1;A01
200900052366;0;10;0;3;0;9;14;A01
200900052367;0;7;0;0;2;4;1;B01
200900052367;0;7;0;0;2;1;0;A01
200900052368;0;7;0;0;0;4;1;A01
200900052368;0;7;0;0;2;1;1;B01
200900052369;0;7;0;0;2;1;1;D01
200900052369;0;7;0;0;2;4;1;B01
200900052369;0;7;0;0;2;8;1;A01
200900052369;0;7;0;0;2;6;1;C01
200900052370;0;7;0;11;0;7;14;A01
200900052371;0;33;0;0;0;1;2;A01
200900052372;0;7;0;0;0;1;1;A01
200900052373;0;7;0;1;0;1;14;A01
200900052373;0;7;0;0;0;4;24;B01
200900052374;0;7;0;2;0;1;21;A01
200900052375;0;7;0;0;1;3;1;A01
200900052376;0;7;0;0;1;4;4;A01
200900052377;1;7;0;0;1;0;0;A01
200900052378;0;7;0;0;2;3;15;B01
200900052378;0;33;0;0;2;1;17;A01
200900052379;0;1;0;0;2;0;1;B01
200900052379;0;7;0;0;2;2;0;A01
200900052380;0;30;0;0;0;0;1;A01
200900052381;0;7;0;0;0;2;17;A01
200900052382;0;7;0;0;2;2;16;A01
200900052383;0;7;0;0;2;1;1;C01
200900052383;0;7;0;0;2;3;0;B01
200900052383;0;7;0;0;2;9;1;A01
200900052384;1;7;0;0;2;1;0;C01
200900052384;0;1;0;0;0;4;1;A01
200900052384;0;7;0;0;9;2;12;B01
200900052385;0;2;0;0;0;1;1;B01
200900052385;0;7;0;0;0;1;1;A01
200900052386;0;7;0;4;2;3;17;A01
200900052386;0;7;0;0;0;8;1;C01
200900052386;0;7;0;0;0;8;1;B01
200900052387;0;7;0;4;0;2;1;A01
200900052388;0;7;0;0;0;8;23;B01
200900052388;0;7;0;0;2;1;1;A01
200900052389;0;7;0;0;1;4;4;A01
200900052390;0;7;0;0;2;2;15;A01
200900052390;0;30;0;0;2;1;1;B01
200900052391;0;33;0;0;2;1;12;A01
200900052391;0;7;0;0;2;3;1;B01
200900052392;0;7;0;0;1;1;1;A01
200900052393;0;7;0;0;1;2;2;A01
200900052394;0;30;0;0;2;2;1;B01
200900052394;1;7;0;0;2;0;15;A01
200900052395;0;7;0;0;1;2;0;A01
200900052396;0;10;0;0;9;6;4;A01
200900052397;1;7;0;0;0;0;11;A01
200900052397;0;99;0;0;2;0;21;B01
200900052398;0;7;0;2;0;1;1;A01
200900052399;0;10;0;0;0;0;15;A01
200900052399;0;30;0;0;0;0;0;B01
200900052400;0;1;0;0;2;4;1;B01
200900052400;1;7;0;0;2;1;2;A01
200900052401;0;13;0;0;2;1;2;A01
200900052401;0;7;0;0;0;4;2;B01
200900052402;0;30;0;3;0;1;1;A01
200900052403;0;7;0;15;0;1;1;A01
200900052404;0;7;0;0;1;1;1;A01
200900052405;0;33;0;0;2;1;1;C01
200900052405;0;7;0;0;2;7;15;A01
200900052405;0;33;0;0;2;1;1;B01
200900052406;0;33;0;0;2;0;0;B01
200900052406;0;7;0;0;2;3;9;A01
200900052407;0;33;0;0;0;2;1;B01
200900052407;0;7;0;0;0;3;15;A01
200900052408;0;14;0;0;2;2;1;B01
200900052408;0;7;0;3;2;1;13;A01
200900052409;0;7;0;0;2;1;15;A01
200900052409;0;32;0;0;0;8;1;B01
200900052410;0;7;0;0;0;7;2;A01
200900052410;0;32;0;0;2;1;2;B01
200900052411;0;7;0;0;2;0;0;C01
200900052411;0;7;0;0;2;5;15;B01
200900052411;0;14;0;0;2;5;2;A01
200900052412;0;7;0;0;0;0;1;A01
200900052412;1;7;0;0;0;0;1;B01
200900052413;0;31;0;0;2;3;17;A01
200900052413;0;7;0;0;0;3;15;B02
200900052414;1;7;0;0;2;1;1;B01
200900052414;0;30;0;0;2;8;15;A01
200900052415;0;7;0;0;2;1;2;A01
200900052415;0;7;0;0;2;4;2;B01
200900052416;0;7;0;0;2;1;1;B01
200900052416;0;7;0;0;2;8;16;A01
200900052417;0;7;0;0;0;6;0;B01
200900052417;0;7;0;0;0;0;0;A01
200900052418;0;7;0;2;2;1;1;B01
200900052418;0;7;0;0;2;7;9;A01
200900052419;0;7;0;0;2;3;21;B01
200900052419;0;7;0;0;2;6;9;A01
200900052420;0;30;0;0;0;8;1;A01
200900052421;0;7;0;0;2;3;9;A01
200900052421;0;33;0;0;2;1;1;B01
200900052422;0;7;0;14;2;4;0;B01
200900052422;0;7;0;0;2;4;0;C01
200900052422;0;14;0;0;2;1;2;A01
200900052423;0;7;0;0;0;4;1;A01
200900052423;0;7;0;0;2;1;2;B01
200900052424;0;2;0;0;2;1;1;B01
200900052424;0;7;0;0;2;2;15;A01
200900052425;0;32;0;0;6;1;0;A01
200900052426;0;7;0;2;0;1;1;A01
200900052427;0;7;0;0;2;1;2;B01
200900052427;0;7;0;0;2;4;1;A01
200900052428;0;7;0;0;2;1;1;B01
200900052428;0;7;0;0;2;8;9;A01
200900052429;0;30;0;0;2;1;2;A01
200900052429;0;7;0;0;0;4;2;B01
200900052430;0;7;0;0;2;1;2;A01
200900052430;0;7;0;0;2;4;2;B01
200900052431;0;7;0;0;2;3;15;A01
200900052431;0;32;0;0;2;3;1;B01
200900052432;0;7;0;0;2;3;15;B01
200900052432;0;7;0;0;2;1;9;A01
200900052433;0;7;0;0;0;3;2;B01
200900052433;0;33;0;8;2;1;2;A01
200900052434;0;7;0;0;0;2;15;B01
200900052434;0;2;0;0;2;1;7;A01
200900052435;0;7;0;0;2;2;0;A01
200900052435;0;30;0;0;2;8;0;B01
200900052436;1;7;0;0;1;1;1;A01
200900052436;0;1;0;0;0;0;1;B01
200900052437;1;7;0;0;1;1;1;A01
200900052438;0;32;0;0;2;1;1;A01
200900052438;0;7;0;0;2;4;1;B01
200900052439;0;7;0;0;1;6;4;A01
200900052440;0;7;0;0;2;8;15;A01
200900052440;0;30;0;0;2;1;2;B01
200900052441;0;7;0;0;1;1;14;A01
200900052442;0;34;0;0;2;2;1;A01
200900052442;0;7;0;0;0;3;15;B01
200900052443;0;7;0;0;2;3;0;A01
200900052443;0;33;0;0;2;7;1;B01
200900052444;0;7;0;0;1;2;1;A01
200900052445;0;7;0;0;9;2;1;B01
200900052445;0;33;0;8;2;1;1;A01
200900052446;0;7;0;0;0;0;0;A01
200900052447;0;30;0;0;2;7;13;B01
200900052447;0;7;0;0;2;6;13;A01
200900052448;0;2;0;0;2;1;1;B01
200900052448;0;7;0;0;2;2;15;A01
200900052449;0;7;0;0;2;7;12;A01
200900052449;0;33;0;0;2;3;1;B01
200900052450;0;32;0;0;0;0;0;A01
200900052450;0;7;0;0;0;0;0;B01
200900052451;0;7;0;0;0;1;1;A01
200900052451;0;32;0;0;0;7;1;B01
200900052452;0;33;0;0;2;1;1;A01
200900052452;0;7;0;0;2;3;10;B01
200900052453;0;7;0;0;2;7;10;A01
200900052453;0;32;0;0;2;1;1;B01
200900052454;0;30;0;0;1;1;1;A01
200900052455;0;7;0;0;2;3;1;B01
200900052455;0;7;0;0;2;3;15;A01
200900052456;0;2;0;0;2;1;2;A01
200900052456;0;7;0;0;2;4;2;B01
200900052457;0;7;0;0;2;8;2;B01
200900052457;0;7;0;0;2;8;2;C01
200900052457;0;7;0;8;2;9;0;A01
200900052458;0;7;0;0;1;3;2;A01
200900052459;0;7;0;0;2;3;17;A01
200900052459;0;7;0;0;2;3;16;B01
200900052460;0;7;0;0;1;0;4;A01
200900052461;0;34;0;0;2;1;1;B01
200900052461;0;7;0;0;2;7;15;A01
200900052462;0;1;0;0;2;1;2;A01
200900052462;0;7;0;0;2;6;1;B01
200900052463;0;31;0;0;2;8;1;B01
200900052463;0;7;0;0;2;3;15;A01
200900052464;0;7;0;0;2;6;0;A01
200900052464;0;32;0;1;2;1;0;B01
200900052465;0;7;0;0;0;8;1;B01
200900052465;0;7;0;0;2;2;0;A01
200900052466;0;33;0;0;0;0;0;A01
200900052467;0;7;0;0;2;1;2;A01
200900052467;0;7;0;0;2;6;2;B01
200900052468;0;7;0;0;1;8;1;B01
200900052469;0;7;0;11;0;1;6;A01
200900052470;0;7;0;0;2;1;1;B01
200900052470;0;31;0;0;2;0;5;A01
200900052471;0;7;0;0;2;6;1;D01
200900052471;0;30;0;0;2;1;1;B01
200900052471;0;7;0;0;2;7;1;C01
200900052471;0;2;0;0;2;3;10;A01
200900052472;0;32;0;0;2;1;1;B01
200900052472;0;7;0;0;2;3;15;A01
200900052473;0;30;0;0;2;1;1;A01
200900052473;0;30;0;0;2;1;1;B01
200900052474;0;7;0;3;2;1;0;A01
200900052474;0;7;0;3;2;4;1;B01
200900052475;0;33;0;0;0;1;2;A01
200900052475;0;7;0;0;0;4;2;B01
200900052476;0;33;0;15;0;3;14;A01
200900052476;0;7;0;0;0;0;23;B01
200900052477;0;10;0;0;0;2;2;B01
200900052477;0;30;0;0;2;1;15;A01
200900052478;0;32;0;0;0;0;0;A01
200900052478;0;7;0;0;0;2;23;B01
200900052478;0;7;0;0;0;3;23;C01
200900052479;0;30;0;0;2;1;1;A01
200900052479;0;7;0;0;2;8;15;B01
200900052480;0;33;0;0;2;1;1;B01
200900052480;0;7;0;0;2;2;15;A01
200900052481;0;7;0;0;0;0;0;A01
200900052481;0;34;0;0;0;0;0;B01
200900052482;0;37;0;0;9;1;1;B01
200900052482;0;33;0;0;9;4;9;A01
200900052483;0;32;0;0;2;0;0;B01
200900052483;0;30;0;1;2;0;0;A01
200900052484;0;33;0;0;2;7;0;B01
200900052484;0;7;0;0;2;5;0;A01
200900052485;0;10;0;0;2;4;2;A01
200900052485;1;30;0;0;2;1;2;B01
200900052486;0;7;0;4;0;1;13;A01
200900052487;0;7;0;0;2;2;2;B01
200900052487;0;7;0;0;2;3;1;A01
200900052488;0;40;0;0;1;2;2;A01
200900052489;0;7;0;0;0;0;16;B01
200900052489;0;32;0;0;2;0;21;A01
200900052490;0;7;0;0;2;7;15;A01
200900052490;0;34;0;0;2;1;2;B01
200900052491;0;7;0;0;2;1;5;A01
200900052491;0;7;0;0;2;3;1;B01
200900052492;0;7;0;0;1;1;1;A01
200900052493;0;7;0;15;2;1;1;A01
200900052493;0;7;0;0;2;1;1;B01
200900052494;0;3;0;0;0;2;0;A01
200900052494;0;30;0;0;0;4;1;B01
200900052495;0;7;0;0;2;3;2;B01
200900052495;1;7;0;0;2;0;0;A01
200900052496;0;7;0;0;1;5;4;A01
200900052497;0;7;0;0;2;3;1;A01
200900052497;0;7;0;0;2;2;1;B01
200900052498;0;7;0;0;2;3;11;A01
200900052498;0;1;0;0;2;1;0;B01
200900052499;0;7;0;0;2;3;9;A01
200900052499;0;32;0;0;0;1;1;B01
200900052500;0;7;0;0;2;1;1;A01
200900052500;0;34;0;0;2;4;1;B01
200900052501;0;7;0;0;2;1;5;A01
200900052501;0;7;0;0;2;1;13;B01
200900052502;0;32;0;0;2;1;1;B01
200900052502;0;7;0;0;2;3;10;A01
200900052503;0;7;0;0;0;7;23;C01
200900052503;0;7;0;0;2;3;22;A01
200900052503;0;31;0;0;2;2;3;B01
200900052504;2;33;0;0;1;1;1;A01
200900052505;0;30;0;0;2;1;17;B01
200900052505;0;7;0;0;2;3;10;A01
200900052506;0;7;0;0;2;2;15;A01
200900052506;0;1;0;0;2;1;1;B01
200900052507;0;7;0;0;2;3;15;B01
200900052507;0;30;0;0;2;1;2;A01
200900052508;1;7;0;0;2;1;9;A01
200900052508;0;7;0;0;2;2;1;B01
200900052509;0;7;0;0;0;1;1;A01
200900052510;0;7;0;0;1;2;15;A01
200900052511;0;7;0;0;2;8;10;A01
200900052511;0;37;0;0;2;2;1;B01
200900052512;0;7;0;0;1;1;2;A01
200900052513;0;7;0;0;1;3;1;A01
200900052514;0;7;0;0;2;3;9;A01
200900052514;0;33;0;0;2;2;9;B01
200900052515;0;7;0;0;0;4;2;A01
200900052515;1;7;0;14;0;1;2;B01
200900052516;0;33;0;0;0;0;1;B01
200900052516;0;7;0;0;2;8;15;A01
200900052517;0;1;0;0;2;7;0;B01
200900052517;0;7;0;0;2;2;16;A01
200900052518;0;7;0;9;0;0;0;A01
200900052519;1;7;0;0;0;0;0;A01
200900052519;0;1;0;0;0;4;1;B01
200900052520;0;2;0;0;2;3;1;B01
200900052520;0;7;0;0;2;3;15;A01
200900052521;0;14;0;0;2;7;12;A01
200900052521;0;7;0;0;2;8;1;B01
200900052522;0;7;0;0;2;1;9;A01
200900052522;0;33;0;0;2;1;1;B01
200900052523;0;7;0;0;2;1;0;A01
200900052523;0;33;0;0;2;1;0;B01
200900052524;0;15;0;0;9;2;1;A01
200900052524;0;1;0;0;2;4;1;B01
200900052525;0;33;0;0;1;1;2;A01
200900052526;0;7;0;0;2;2;1;B01
200900052526;0;2;0;0;2;1;1;A01
200900052527;0;7;0;0;2;1;2;A01
200900052527;0;7;0;0;0;5;16;B01
200900052528;0;34;0;0;2;5;16;B01
200900052528;0;7;0;0;2;3;15;A01
200900052529;0;7;0;0;2;3;17;A01
200900052529;0;7;0;0;2;8;14;B01
200900052530;0;3;0;1;0;0;0;A01
200900052531;0;7;0;0;0;6;1;B01
200900052531;0;33;0;0;2;1;2;A01
200900052532;0;30;0;1;0;1;5;A01
200900052533;0;7;0;0;1;2;1;A01
200900052534;0;3;0;0;2;3;1;B01
200900052534;0;7;0;0;2;1;5;A01
200900052535;0;30;0;0;2;2;5;A01
200900052535;0;7;0;0;2;2;0;B01
200900052536;0;40;0;0;2;2;1;B01
200900052536;0;32;0;0;4;3;9;A01
200900052537;0;30;0;0;2;1;0;B01
200900052537;0;7;0;0;2;8;0;A01
200900052538;0;7;0;0;2;1;15;A01
200900052538;0;32;0;0;2;1;1;B01
200900052539;0;7;0;0;1;3;4;A01
200900052540;0;7;0;0;0;4;1;B01
200900052540;0;7;0;0;2;1;1;A01
200900052541;0;7;0;0;2;2;2;A01
200900052541;0;7;0;0;2;5;2;B01
200900052542;0;2;0;0;1;1;17;A01
200900052543;0;32;0;0;2;2;1;B01
200900052543;0;7;0;0;2;1;15;A01
200900052544;0;7;0;0;2;1;0;C01
200900052544;0;30;0;0;2;1;0;A01
200900052544;0;7;0;0;2;3;0;B01
200900052545;0;32;0;0;2;4;1;B01
200900052545;0;33;0;5;2;1;1;A01
200900052546;0;34;0;0;2;1;1;B01
200900052546;1;7;0;0;2;7;15;A01
200900052547;1;7;0;0;2;1;9;B01
200900052547;0;30;0;0;2;4;1;A01
200900052548;0;33;0;0;2;8;3;A01
200900052548;0;7;0;0;2;5;2;B01
200900052549;0;7;0;0;2;1;2;A01
200900052549;0;7;0;0;2;4;2;B01
200900052550;0;10;0;0;2;3;16;A01
200900052550;0;32;0;0;2;3;1;B01
200900052551;0;7;0;0;1;1;1;A01
200900052552;0;7;0;0;1;2;0;A01
200900052553;0;7;0;0;1;1;15;A01
200900052554;0;2;0;14;2;1;17;B01
200900052554;0;7;0;14;0;3;17;A01
200900052555;1;7;0;1;2;0;0;B01
200900052555;0;7;0;0;2;4;1;A01
200900052556;0;30;0;0;1;1;1;A01
200900052557;0;32;0;0;0;7;0;A01
200900052558;0;7;0;0;0;4;2;B01
200900052558;0;7;0;0;0;1;2;A01
200900052558;0;7;0;0;0;4;2;C01
200900052558;1;7;0;0;0;4;2;D01
200900052559;0;7;0;0;2;1;1;A01
200900052559;0;7;0;0;0;4;1;B01
200900052560;0;30;0;0;2;4;19;A01
200900052560;0;7;0;0;2;1;19;B01
200900052561;0;7;0;0;2;6;15;A01
200900052561;0;30;0;0;2;1;1;B01
200900052562;0;32;0;0;2;6;18;B01
200900052562;0;7;0;0;2;2;16;A01
200900052563;0;7;0;0;2;2;0;A01
200900052563;0;33;0;0;2;8;0;B01
200900052564;0;2;0;0;2;2;17;A01
200900052564;0;7;0;0;2;3;23;B01
200900052565;0;30;0;0;2;1;1;A01
200900052565;1;7;0;0;2;0;15;B01
200900052566;0;33;0;0;0;7;0;B01
200900052566;0;7;0;0;0;7;0;A01
200900052567;0;7;0;0;1;1;1;A01
200900052568;0;7;0;15;0;1;1;A01
200900052569;0;33;0;0;2;1;1;B01
200900052569;0;7;0;0;2;7;15;A01
200900052570;0;33;0;0;2;1;1;B01
200900052570;0;7;0;0;2;2;15;A01
200900052571;0;7;0;1;0;1;14;A01
200900052572;0;7;0;0;0;1;2;A01
200900052572;0;7;0;0;0;4;2;B01
200900052573;0;7;0;0;2;3;2;A01
200900052573;0;7;0;0;2;4;2;B01
200900052574;0;7;0;0;1;1;1;A01
200900052575;0;7;0;0;1;1;1;A01
200900052576;0;7;0;1;1;1;0;A01
200900052577;0;7;0;0;1;1;1;A01
200900052578;0;7;0;0;2;6;1;B01
200900052578;0;30;0;0;2;1;17;A01
200900052579;0;7;0;0;2;6;15;B01
200900052579;0;33;0;0;2;1;17;A01
200900052580;0;33;0;0;1;7;17;A01
200900052581;1;7;0;0;2;3;2;A01
200900052581;0;31;0;0;2;6;17;B01
200900052582;0;7;0;0;2;4;2;A01
200900052582;1;7;0;0;2;1;2;B01
200900052583;0;7;0;0;0;3;2;A01
200900052583;0;7;0;0;0;3;15;B01
200900052584;0;7;0;0;2;7;1;B01
200900052584;0;34;0;0;2;6;1;A01
200900052585;0;7;0;0;2;7;15;A01
200900052585;0;2;0;0;2;1;1;B01
200900052586;0;7;0;0;2;1;2;A01
200900052586;0;7;0;0;2;4;2;B01
200900052587;0;7;0;8;0;1;11;A01
200900052588;0;2;0;0;2;5;2;B01
200900052588;0;7;0;0;2;8;11;A01
200900052589;0;7;0;8;2;8;0;A01
200900052589;0;7;0;0;2;1;0;B01
200900052590;0;7;0;0;2;3;1;A01
200900052590;0;7;0;0;2;2;15;B01
200900052591;0;1;0;0;2;9;2;B01
200900052591;0;7;0;0;2;2;2;A01
200900052592;0;1;0;0;2;7;3;A01
200900052592;0;14;0;0;9;8;1;B01
200900052593;0;7;0;1;0;0;0;A01
200900052593;0;33;0;0;0;0;0;B01
200900052594;0;7;0;0;1;1;1;A01
200900052595;0;7;0;0;2;1;0;A01
200900052595;0;32;0;0;2;8;0;B01
200900052596;0;7;0;0;2;8;3;A01
200900052596;0;14;0;0;2;2;1;B01
200900052597;0;7;0;0;2;1;2;A01
200900052597;0;7;0;0;0;4;23;B01
200900052598;0;7;0;0;2;1;1;B01
200900052598;0;7;0;0;2;5;15;A01
200900052599;0;7;0;0;2;1;2;A01
200900052599;0;7;0;0;2;4;1;B01
200900052600;0;7;0;0;2;2;1;A01
200900052600;0;30;0;0;2;3;15;B01
200900052601;0;7;0;0;2;1;1;A01
200900052601;0;7;0;0;2;4;1;B01
200900052602;0;7;0;5;0;1;2;A01
200900052603;0;30;0;0;1;1;1;A01
200900052604;0;10;0;0;2;2;0;A01
200900052604;0;7;0;0;2;3;0;B01
200900052605;0;7;0;0;2;8;15;B01
200900052605;0;33;0;0;2;1;17;A01
200900052606;0;7;0;0;2;7;1;B01
200900052606;0;30;0;0;2;8;1;A01
200900052607;0;7;0;0;2;2;15;B01
200900052607;0;33;0;0;2;1;1;A01
200900052608;1;7;0;0;2;7;19;B01
200900052608;0;33;0;0;0;7;21;A01
200900052609;0;7;0;0;1;2;0;A01
200900052610;0;7;0;0;2;4;2;C01
200900052610;0;7;0;0;2;1;2;A01
200900052610;0;7;0;0;2;4;2;B01
200900052611;0;7;0;0;2;1;15;A01
200900052611;0;31;0;0;2;1;2;B01
200900052612;0;7;0;0;0;1;15;A01
200900052612;0;7;0;0;0;0;1;B01
200900052612;0;7;0;1;0;0;0;D01
200900052613;0;17;0;3;2;7;12;A01
200900052613;0;7;0;8;2;8;1;B01
200900052614;0;7;0;1;0;1;1;A01
200900052615;1;7;0;0;1;1;1;A01
200900052616;0;7;0;0;2;8;15;A01
200900052616;0;7;0;0;2;3;0;B01
200900052617;0;37;11;0;2;3;1;B01
200900052617;0;7;0;0;2;5;16;A01
200900052618;0;30;0;0;0;1;2;B01
200900052618;0;7;0;0;0;3;10;A01
200900052619;0;7;0;4;0;2;0;A01
200900052620;0;7;0;0;2;3;9;A01
200900052620;0;30;0;0;2;1;17;B01
200900052621;0;32;0;0;0;1;1;B01
200900052621;0;7;0;0;0;2;15;A01
200900052622;0;2;0;0;2;1;2;A01
200900052622;0;7;0;0;2;4;2;B01
200900052623;0;7;0;8;0;1;0;A01
200900052624;0;7;0;0;2;3;17;A01
200900052624;0;30;0;12;2;1;2;B01
200900052625;0;7;0;0;2;1;2;A01
200900052625;0;7;0;10;2;6;2;B01
200900052626;0;7;0;0;0;4;2;B01
200900052626;0;7;0;0;2;1;2;A01
200900052627;2;3;0;0;0;1;0;A01
200900052627;0;3;0;0;2;1;1;B01
200900052628;0;7;0;0;2;2;0;B01
200900052628;0;7;0;8;2;2;0;A01
200900052629;0;33;0;0;2;1;17;A01
200900052629;0;7;0;0;9;3;15;B01
200900052630;0;7;0;0;2;2;1;B01
200900052630;0;32;0;0;2;1;1;A01
200900052631;2;7;0;0;2;3;0;A01
200900052631;0;7;0;0;2;3;1;B01
200900052632;0;7;0;0;0;1;0;B01
200900052632;0;7;0;0;0;0;0;A01
200900052633;0;10;0;0;0;0;0;A01
200900052633;0;32;0;0;0;0;1;B01
200900052634;0;7;0;0;2;3;13;A01
200900052634;0;7;0;0;2;3;1;B01
200900052635;0;7;0;0;0;0;0;A01
200900052635;1;7;0;0;0;0;0;B01
200900052636;0;32;0;0;2;1;7;A01
200900052636;0;7;0;0;2;2;15;B01
200900052637;0;13;0;0;0;1;0;B01
200900052637;1;7;0;0;0;0;0;A01
200900052638;0;7;0;0;2;3;1;C01
200900052638;0;30;0;0;2;3;13;A01
200900052638;0;7;0;0;2;1;1;B01
200900052639;0;7;0;0;0;4;4;A01
200900052640;2;7;0;0;2;3;0;A01
200900052640;0;33;0;0;2;3;1;B01
200900052641;0;7;0;0;2;3;15;A01
200900052641;0;30;0;0;2;5;2;B01
200900052642;0;7;0;0;2;3;0;A01