num_acc;senc;catv;occutc;obs;obsm;choc;manv;num_veh
200900052642;0;33;0;0;2;1;0;B01
200900052643;0;7;0;0;2;8;0;B01
200900052643;0;32;0;0;2;1;0;A01
200900052644;0;34;0;0;2;2;17;A01
200900052644;0;7;0;0;2;6;15;B01
200900052645;2;7;0;0;2;1;9;A01
200900052645;0;7;0;0;0;7;2;B01
200900052646;0;14;0;0;1;1;15;A01
200900052647;0;32;0;0;2;1;17;A01
200900052647;0;7;0;0;2;3;15;B01
200900052648;0;31;0;0;0;4;2;B01
200900052648;0;7;0;0;2;2;2;A01
200900052649;0;7;0;0;2;3;1;A01
200900052649;0;7;0;0;2;2;0;B01
200900052650;1;7;0;0;2;3;0;A01
200900052650;0;32;0;0;2;1;0;B01
200900052651;0;7;0;0;2;1;2;C01
200900052651;0;7;0;0;2;4;2;D01
200900052651;0;7;0;0;2;1;2;B01
200900052651;0;7;0;0;2;1;2;A01
200900052652;0;32;0;0;2;1;1;A01
200900052652;0;7;0;0;2;4;23;B01
200900052653;0;7;0;0;2;8;9;C01
200900052653;0;7;0;0;2;1;2;A01
200900052653;0;7;0;0;2;4;2;B01
200900052654;2;7;0;11;0;3;1;A01
200900052655;0;7;0;0;2;3;9;A01
200900052655;0;34;0;0;2;5;1;B01
200900052656;0;7;0;0;1;2;1;A01
200900052657;0;2;0;0;1;1;1;A01
200900052658;0;7;0;0;2;8;10;A01
200900052658;0;14;0;0;2;2;1;B01
200900052659;0;2;0;0;2;7;21;B01
200900052659;0;7;0;0;2;1;15;A01
200900052660;0;7;0;0;1;1;1;A01
200900052661;0;7;0;0;2;1;15;A01
200900052661;0;1;0;0;2;3;21;B01
200900052662;0;7;0;0;2;1;17;A01
200900052662;0;7;0;0;2;3;21;B02
200900052663;0;7;0;2;0;8;1;A01
200900052664;0;10;0;5;0;2;1;A01
200900052665;0;7;0;13;0;1;1;A01
200900052666;0;7;0;0;2;2;1;B02
200900052666;0;7;0;0;2;2;13;A01
200900052667;0;7;0;8;0;1;1;A01
200900052668;0;7;0;0;1;3;1;A01
200900052669;0;7;0;8;0;1;14;A01
200900052670;0;30;0;0;2;2;1;B01
200900052670;0;7;0;0;2;5;15;A01
200900052671;0;7;0;0;2;1;1;A01
200900052671;0;7;0;0;2;7;19;B02
200900052672;0;7;0;16;0;1;1;A01
200900052673;0;33;0;0;0;2;1;A01
200900052674;0;7;0;0;2;3;19;B02
200900052674;0;10;0;0;2;2;1;A01
200900052675;0;7;0;0;2;3;1;B01
200900052675;0;7;0;0;2;3;13;A01
200900052676;0;33;0;0;2;0;0;B01
200900052676;0;7;0;0;2;0;1;A01
200900052677;0;10;0;0;2;7;15;A01
200900052677;0;33;0;0;2;8;1;B02
200900052678;0;7;0;0;2;1;1;C03
200900052678;0;10;0;0;2;3;1;B02
200900052678;0;7;0;0;2;3;13;A01
200900052679;1;99;0;0;1;0;2;A01
200900052680;0;7;0;0;2;3;9;A01
200900052680;0;33;0;0;2;1;1;B02
200900052681;0;10;0;0;1;3;1;A01
200900052682;0;7;0;0;2;4;1;H08
200900052682;0;7;0;0;2;7;1;D04
200900052682;0;7;0;0;2;7;1;G07
200900052682;0;7;0;0;2;4;1;F06
200900052682;0;7;0;0;2;4;2;B02
200900052682;0;7;0;0;2;4;2;C03
200900052682;0;7;0;0;2;4;1;E05
200900052682;0;17;0;0;2;1;1;A01
200900052683;0;7;0;0;2;3;1;B02
200900052683;0;7;0;0;2;1;13;A01
200900052683;0;7;0;0;2;8;1;C03
200900052684;0;7;0;12;2;1;1;B02
200900052684;0;7;0;13;0;2;15;A01
200900052685;0;7;0;0;2;3;1;B02
200900052685;0;7;0;0;2;3;13;A01
200900052686;0;7;0;0;1;2;1;A01
200900052686;1;7;0;0;0;6;1;B02
200900052687;0;7;0;0;2;3;1;B02
200900052687;0;7;0;0;2;1;17;A01
200900052688;0;2;0;0;0;0;0;A01
200900052689;0;7;0;13;0;9;0;A01
200900052690;0;1;0;0;0;0;0;B01
200900052690;1;7;0;0;0;0;0;A01
200900052691;0;7;0;0;2;1;15;A01
200900052691;0;1;0;0;2;8;1;B01
200900052692;0;7;0;0;2;5;15;A01
200900052692;0;33;0;0;2;1;1;B01
200900052693;0;30;0;6;0;0;1;A01
200900052694;0;7;0;0;2;2;1;A01
200900052694;0;1;0;0;2;4;1;B01
200900052695;0;7;0;0;2;3;17;A01
200900052695;0;7;0;0;2;3;1;B02
200900052696;0;7;0;13;0;0;1;A01
200900052697;0;7;0;0;2;1;13;A01
200900052697;0;7;0;0;2;3;1;B02
200900052698;0;7;0;0;2;1;0;A01
200900052698;0;1;0;0;2;5;1;B01
200900052699;0;7;0;0;2;3;1;B02
200900052699;0;7;0;0;2;3;13;A01
200900052700;0;7;0;3;2;1;2;A01
200900052700;0;7;0;0;2;4;2;B02
200900052701;0;7;0;0;0;0;0;A01
200900052702;0;7;0;0;2;0;9;B01
200900052702;0;7;0;0;0;0;0;A01
200900052703;0;7;0;0;1;0;16;A01
200900052704;0;32;0;0;2;1;1;B01
200900052704;0;7;0;0;2;3;15;A01
200900052705;0;7;0;0;0;0;0;B01
200900052705;0;7;0;0;2;0;0;A01
200900052706;0;7;0;0;0;0;0;A01
200900052707;0;7;0;0;0;0;0;B01
200900052707;0;7;0;0;0;0;0;A01
200900052708;0;31;0;0;2;1;1;B01
200900052708;0;7;0;0;2;2;15;A01
200900052709;0;7;0;0;0;0;0;A01
200900052710;0;7;0;0;0;0;0;B01
200900052710;0;33;0;0;0;0;0;A01
200900052711;0;10;0;0;1;1;1;A01
200900052712;0;1;0;0;2;6;2;B01
200900052712;0;7;0;0;1;2;1;A01
200900052713;0;7;0;0;1;2;1;A01
200900052714;0;33;0;0;0;0;0;A01
200900052715;0;7;0;0;0;0;0;A01
200900052716;0;7;0;0;0;0;0;A01
200900052716;0;1;0;0;0;0;0;B01
200900052717;0;1;0;0;2;1;1;B01
200900052717;0;7;0;0;2;2;0;A01
200900052718;0;10;0;0;2;3;1;B02
200900052718;0;2;0;0;2;3;13;A01
200900052719;0;33;0;16;0;1;1;A01
200900052720;0;33;0;13;0;0;1;A01
200900052721;0;7;0;0;2;8;1;B02
200900052721;0;33;0;0;2;8;17;A01
200900052722;0;7;0;13;0;3;1;A01
200900052723;0;17;0;3;0;2;1;A01
200900052724;0;7;0;13;0;1;1;A01
200900052725;0;33;0;0;0;8;1;A01
200900052726;0;31;0;0;2;3;1;B02
200900052726;0;10;0;0;2;2;15;A01
200900052727;0;7;0;0;2;1;1;B02
200900052727;0;7;0;0;2;2;13;A01
200900052728;0;7;0;2;0;9;1;A01
200900052729;0;7;0;0;2;3;1;A01
200900052729;0;15;0;0;2;2;0;B02
200900052730;0;7;0;2;0;2;1;A01
200900052731;0;7;0;0;2;6;24;C01
200900052731;0;7;0;0;2;5;23;B01
200900052731;0;2;0;0;2;1;18;A01
200900052732;0;7;0;6;0;8;1;A01
200900052733;0;33;0;0;2;8;13;A01
200900052733;0;99;0;0;2;8;1;B02
200900052734;0;7;0;13;0;1;13;A01
200900052735;1;7;0;0;2;8;0;A01
200900052735;0;7;0;0;2;9;0;B01
200900052736;0;33;0;1;0;1;21;A01
200900052737;0;7;0;0;2;8;15;A01
200900052737;0;33;0;0;2;1;1;B01
200900052738;0;33;0;0;2;1;1;B01
200900052738;0;7;0;0;2;8;5;A01
200900052739;0;10;0;0;2;2;1;A01
200900052739;0;7;0;0;2;8;1;B01
200900052740;0;30;0;8;0;0;1;A01
200900052741;0;7;0;14;2;1;1;A01
200900052742;0;7;0;0;2;0;0;A01
200900052742;0;7;0;0;2;6;1;B01
200900052743;0;1;0;0;2;0;13;A01
200900052743;0;7;0;0;2;0;1;B01
200900052744;0;7;0;0;0;0;2;A01
200900052744;0;7;0;0;2;0;2;B01
200900052745;0;7;0;15;0;0;1;A01
200900052746;0;7;0;0;2;0;1;B01
200900052746;0;32;0;0;2;0;0;A01
200900052747;0;33;0;0;2;8;1;B01
200900052747;0;7;0;0;2;2;0;A01
200900052748;0;7;0;12;0;1;1;A01
200900052749;0;7;0;0;2;0;14;A01
200900052749;0;31;0;0;2;0;1;B01
200900052750;0;14;0;0;1;2;0;A01
200900052751;0;32;0;0;0;7;1;A01
200900052752;0;14;0;0;0;0;0;A01
200900052753;0;33;0;0;2;1;2;A01
200900052753;0;33;0;0;0;4;2;B01
200900052754;0;7;0;0;0;1;1;B01
200900052754;0;7;0;0;0;8;6;A01
200900052755;0;7;0;1;0;1;1;A01
200900052755;0;7;0;0;0;4;23;B01
200900052756;0;7;0;0;0;2;12;A01
200900052756;0;7;0;0;0;3;23;B01
200900052757;0;33;0;10;0;0;1;A01
200900052757;1;10;0;0;0;0;0;B01
200900052758;0;7;0;0;1;1;1;A01
200900052759;0;7;0;6;0;1;1;A01
200900052760;0;33;0;0;2;1;17;A01
200900052760;0;7;0;0;2;3;15;B02
200900052761;0;7;0;0;2;1;1;A01
200900052761;0;7;0;0;2;3;19;B02
200900052762;0;7;0;0;2;2;1;B02
200900052762;0;7;0;0;2;1;19;A01
200900052763;0;33;0;0;2;1;18;B02
200900052763;0;7;0;0;2;2;14;A01
200900052764;0;7;0;0;1;0;15;A01
200900052765;0;7;0;0;2;1;1;D04
200900052765;0;7;0;0;2;4;23;B02
200900052765;0;7;0;0;2;1;1;A01
200900052765;0;7;0;0;2;1;1;C03
200900052766;0;31;0;0;1;2;1;A01
200900052767;0;10;0;6;0;3;2;A01
200900052768;0;14;0;0;2;3;21;B02
200900052768;0;7;0;0;2;3;5;A01
200900052769;0;7;0;0;2;1;9;A01
200900052769;0;33;0;0;2;7;1;B02
200900052770;0;33;0;0;2;1;15;A01
200900052770;0;7;0;0;2;3;1;B02
200900052771;0;2;0;0;2;2;17;A01
200900052771;0;7;0;0;2;3;15;B02
200900052772;0;10;0;0;1;2;0;A01
200900052773;0;30;0;0;2;1;13;A01
200900052773;0;7;0;0;2;3;1;B02
200900052774;0;1;0;0;2;0;1;B02
200900052774;1;32;0;0;1;0;1;A01
200900052775;0;7;0;0;2;1;1;B02
200900052775;0;33;0;0;2;1;1;A01
200900052776;0;7;0;0;0;0;15;A01
200900052776;0;7;0;13;0;1;1;B02
200900052777;0;33;0;0;2;2;0;B02
200900052777;0;7;0;0;2;1;9;A01
200900052778;0;7;0;0;2;3;13;A01
200900052778;0;7;0;0;2;1;1;C03
200900052778;0;7;0;0;2;3;1;B02
200900052779;0;14;0;0;1;1;1;A01
200900052780;0;10;0;0;2;5;17;B02
200900052780;0;7;0;0;2;3;17;A01
200900052781;0;7;0;0;2;2;12;A01
200900052781;0;7;0;0;0;6;1;B02
200900052782;0;31;0;0;2;8;15;A01
200900052782;0;7;0;0;2;1;1;B02
200900052783;0;7;0;0;2;8;19;A01
200900052783;0;33;0;0;2;1;1;B02
200900052784;0;15;0;0;0;7;0;A01
200900052785;0;33;0;0;2;1;1;A01
200900052785;0;7;0;0;2;2;19;B02
200900052786;0;7;0;0;2;6;15;B02
200900052786;0;33;0;0;2;1;17;A01
200900052787;0;7;0;8;0;1;1;A01
200900052788;0;33;0;0;0;0;1;A01
200900052789;0;32;0;0;0;0;0;A01
200900052790;0;30;0;0;2;1;1;A01
200900052790;0;7;0;0;2;4;1;B02
200900052791;0;10;0;0;1;1;9;A01
200900052792;0;2;0;0;2;8;0;B01
200900052792;0;7;0;0;2;2;0;A01
200900052793;0;7;0;0;1;1;1;A01
200900052794;0;7;0;0;2;1;9;A01
200900052794;0;7;0;0;2;7;1;B01
200900052795;0;7;0;0;0;9;1;A01
200900052796;0;7;0;0;0;1;1;B01
200900052796;0;7;0;0;2;1;13;A01
200900052797;0;7;0;0;0;4;0;B01
200900052797;0;10;0;0;2;1;1;A01
200900052798;0;7;0;0;2;6;2;C01
200900052798;0;7;0;0;2;1;2;A01
200900052798;0;7;0;0;2;5;2;B01
200900052799;0;33;0;3;0;1;1;A01
200900052800;0;33;0;0;2;9;3;A01
200900052800;0;10;0;0;0;0;0;C01
200900052800;0;7;0;0;2;3;0;B01
200900052801;0;10;0;0;2;3;1;A01
200900052801;0;7;0;0;2;4;1;B01
200900052802;0;33;0;0;2;5;0;B01
200900052802;0;7;0;0;2;5;0;A01
200900052803;0;14;0;6;0;2;1;A01
200900052804;0;7;0;0;2;2;15;A01
200900052804;0;33;0;0;2;1;1;B01
200900052805;0;13;0;0;2;8;1;B01
200900052805;0;13;0;0;2;1;1;A01
200900052805;0;7;0;0;2;1;1;C01
200900052806;0;7;0;0;1;6;4;A01
200900052807;0;7;0;0;0;3;10;A01
200900052807;0;34;0;0;0;8;2;B01
200900052808;0;10;0;0;1;4;4;A01
200900052809;0;7;0;8;2;2;11;A01
200900052809;0;7;0;0;2;3;11;B01
200900052810;0;7;0;0;2;8;15;A01
200900052810;0;33;0;1;2;1;1;B01
200900052811;0;7;0;0;2;1;9;B01
200900052811;0;7;0;0;2;2;1;A01
200900052812;0;10;0;0;1;1;1;A01
200900052813;0;7;0;0;2;1;9;A01
200900052813;0;7;0;0;2;2;1;B01
200900052814;0;7;0;0;2;4;4;A01
200900052814;0;7;0;0;2;1;1;B01
200900052815;1;30;0;0;1;1;1;A01
200900052816;0;7;0;0;2;6;11;A01
200900052816;0;31;0;0;2;1;17;B01
200900052817;0;7;0;0;2;8;1;B01
200900052817;0;7;0;0;2;1;1;C01
200900052817;0;7;0;0;2;1;13;A01
200900052818;0;7;0;0;2;1;13;A01
200900052818;0;7;0;13;2;1;23;B01
200900052818;0;7;0;0;2;2;23;C01
200900052819;0;7;0;0;2;2;17;A01
200900052819;0;7;0;0;2;6;2;B01
200900052819;0;7;0;0;2;1;1;C01
200900052819;0;7;0;0;2;8;1;D01
200900052820;0;33;0;0;2;1;2;A01
200900052820;0;7;0;0;2;6;2;B01
200900052821;0;10;0;0;2;3;15;A01
200900052821;0;32;0;0;0;0;0;B01
200900052822;0;7;0;0;2;1;1;A01
200900052822;0;7;0;0;2;7;9;B01
200900052823;0;7;0;0;2;4;11;B01
200900052823;0;7;0;0;2;1;1;A01
200900052824;0;7;0;0;2;6;1;B01
200900052824;0;33;0;0;2;1;1;A01
200900052825;0;10;0;0;2;8;1;A01
200900052825;0;7;0;0;2;7;1;B01
200900052826;0;7;0;0;2;3;13;A01
200900052826;0;7;0;0;0;0;0;B01
200900052827;0;7;0;0;0;2;0;A01
200900052827;0;7;0;0;0;3;0;B01
200900052828;0;7;0;2;0;7;1;A01
200900052829;0;7;0;0;1;4;4;A01
200900052830;0;7;0;0;2;2;24;A01
200900052830;1;7;0;1;0;1;14;B01
200900052831;0;99;0;0;2;2;16;A01
200900052831;0;7;0;0;2;1;1;B01
200900052832;0;7;0;0;2;7;1;B01
200900052832;0;7;0;0;0;1;9;A01
200900052833;0;13;0;0;0;4;1;B01
200900052833;0;13;0;0;2;1;1;A01
200900052834;0;7;0;0;1;2;2;A01
200900052835;0;7;0;0;2;2;17;A01
200900052835;0;33;0;0;2;2;1;B01
200900052836;0;7;0;0;1;1;0;A01
200900052837;0;7;0;0;2;9;2;C01
200900052837;0;7;0;0;2;4;2;D01
200900052837;0;7;0;0;2;9;2;B01
200900052837;0;10;0;0;2;1;2;A01
200900052838;0;7;0;0;1;4;4;A01
200900052839;0;7;0;0;2;5;2;B01
200900052839;0;33;0;0;2;3;1;A01
200900052840;0;7;0;4;2;4;9;A01
200900052840;0;7;0;0;2;8;1;B01
200900052841;0;7;0;4;2;7;14;A01
200900052841;0;7;0;0;2;8;1;B01
200900052842;0;7;0;4;0;3;2;A01
200900052843;0;7;0;13;0;1;14;A01
200900052844;0;33;0;3;2;1;2;B01
200900052844;0;7;0;0;2;6;2;A01
200900052845;0;7;0;1;0;0;1;A01
200900052845;0;7;0;1;0;2;14;B01
200900052846;0;7;0;0;0;4;2;B01
200900052846;0;7;0;0;0;4;2;C01
200900052846;0;10;0;0;0;1;2;D01
200900052846;0;10;0;0;0;4;2;A01
200900052847;0;33;0;0;0;7;21;A01
200900052848;0;7;0;3;0;3;13;A01
200900052849;0;7;0;0;0;4;1;A01
200900052849;0;7;0;0;2;1;1;B01
200900052850;0;7;0;0;2;4;2;B01
200900052850;0;7;0;0;2;4;2;A01
200900052850;0;10;0;0;2;4;2;C01
200900052850;0;10;0;0;2;1;2;D01
200900052851;0;33;0;0;0;8;1;A01
200900052852;0;7;0;3;0;1;1;A01
200900052853;0;10;0;3;0;1;1;A01
200900052854;0;33;0;0;0;7;12;A01
200900052854;0;33;0;0;2;3;1;B01
200900052855;0;7;0;4;0;3;21;A01
200900052856;0;33;0;0;0;3;1;B01
200900052856;0;7;0;0;0;6;1;C01
200900052856;0;10;0;0;0;7;2;A01
200900052857;0;7;0;0;2;2;12;A01
200900052857;0;7;0;0;2;1;1;C01
200900052857;0;7;0;0;2;1;1;B01
200900052858;0;7;0;0;0;1;2;A01
200900052859;0;33;0;0;2;1;1;B01
200900052859;0;7;0;0;0;4;1;A01
200900052860;0;7;0;0;2;4;1;A01
200900052860;0;7;0;0;2;1;1;D01
200900052860;0;17;0;0;2;1;1;C01
200900052860;0;7;0;0;2;4;1;B01
200900052861;0;7;0;0;0;5;23;B01
200900052861;0;7;0;0;2;7;16;C01
200900052861;0;33;0;0;0;8;1;A01
200900052862;0;34;0;0;0;7;2;A01
200900052863;0;7;0;0;2;4;2;A01
200900052863;0;7;0;0;2;1;2;B01
200900052864;0;33;0;13;0;1;1;A01
200900052865;0;7;0;0;0;5;12;A01
200900052865;0;33;0;0;2;1;3;B01
200900052866;0;7;0;2;2;1;2;A01
200900052866;0;7;0;0;2;3;2;B01
200900052867;0;7;0;0;1;2;1;A01
200900052868;0;7;0;0;0;4;2;B01
200900052868;1;7;0;0;2;1;2;A01
200900052869;0;7;0;6;0;1;0;A01
200900052870;0;33;0;0;2;8;1;B01
200900052870;0;7;0;0;0;4;23;C01
200900052870;0;10;0;0;2;7;11;A01
200900052871;0;7;0;0;2;1;1;A01
200900052871;0;32;0;0;0;4;1;B01
200900052872;0;34;0;0;2;7;2;B01
200900052872;0;7;0;0;2;3;2;A01
200900052873;0;7;0;0;0;1;1;A01
200900052874;1;7;0;0;1;1;0;A01
200900052875;0;30;0;0;2;0;17;A01
200900052875;0;33;0;0;2;8;1;B01
200900052876;0;7;0;0;2;1;5;A01
200900052876;0;7;0;0;2;3;1;B01
200900052877;0;33;0;0;2;1;1;B01
200900052877;0;7;0;0;2;3;0;A01
200900052878;0;7;0;0;0;2;1;A01
200900052878;0;33;0;0;0;5;1;B01
200900052879;0;1;0;0;0;8;11;A01
200900052879;0;7;0;0;0;2;1;B01
200900052880;0;7;0;0;2;8;0;B01
200900052880;0;30;0;0;2;1;0;A01
200900052881;0;7;0;0;2;4;1;B01
200900052881;0;7;0;0;2;1;1;A01
200900052882;0;2;0;0;2;1;1;B01
200900052882;0;7;0;0;2;1;10;A01
200900052883;0;7;0;1;0;0;0;A01
200900052884;2;7;0;0;2;1;2;A01
200900052884;0;7;0;0;2;4;1;B01
200900052885;0;33;0;0;2;1;2;A01
200900052885;0;31;0;0;0;4;2;B01
200900052886;0;7;0;0;1;2;1;A01
200900052887;0;7;0;0;1;3;15;A01
200900052888;0;32;0;0;2;5;21;A01
200900052888;0;7;0;0;2;8;15;B01
200900052889;0;34;0;0;0;0;0;A01
200900052890;0;7;0;0;2;1;1;A01
200900052890;0;32;0;0;2;4;23;B01
200900052891;0;32;0;0;2;3;1;B01
200900052891;0;3;0;0;2;3;5;A01
200900052892;0;7;0;0;0;4;24;B01
200900052892;0;32;0;1;0;1;1;A01
200900052893;0;7;0;0;2;3;0;B01
200900052893;0;30;0;0;2;2;0;A01
200900052894;0;32;0;0;2;1;2;A01
200900052894;0;7;0;0;2;5;2;B01
200900052895;0;30;0;0;2;1;5;A01
200900052895;0;7;0;0;2;3;0;B01
200900052896;0;7;0;0;2;1;1;A01
200900052896;0;7;0;0;2;2;1;B01
200900052897;0;33;0;0;2;3;2;C01
200900052897;1;2;0;0;2;0;2;D01
200900052897;0;2;0;0;2;0;2;B01
200900052897;0;30;0;0;2;0;2;A01
200900052898;1;10;0;0;0;0;0;A01
200900052898;0;32;0;0;0;3;18;B01
200900052899;0;7;0;0;2;1;15;A01
200900052899;0;31;0;0;2;1;1;B01
200900052900;0;99;0;0;0;4;4;A01
200900052901;0;34;0;11;0;1;1;A01
200900052902;0;32;0;0;2;2;17;A01
200900052902;0;7;0;0;2;3;15;B01
200900052903;0;32;0;0;2;0;1;A01
200900052903;0;7;0;0;0;0;11;B01
200900052904;0;32;0;0;0;1;1;A01
200900052905;1;32;0;0;2;6;2;A01
200900052905;0;7;0;0;2;6;2;B01
200900052906;0;1;0;0;2;1;0;A01
200900052906;0;7;0;0;0;4;0;B01
200900052907;1;7;0;0;1;5;1;A01
200900052908;0;7;0;0;1;7;1;A01
200900052909;0;7;0;0;2;1;0;A01
200900052909;0;30;0;0;2;4;0;B01
200900052910;0;30;0;0;2;1;1;B01
200900052910;0;7;0;0;2;2;10;A01
200900052911;0;3;0;0;2;3;9;B01
200900052911;0;33;0;0;2;1;1;A01
200900052912;0;2;0;0;0;7;1;A01
200900052913;0;7;0;0;1;2;2;A01
200900052914;1;7;0;0;2;1;1;A01
200900052914;0;30;0;1;2;7;15;B01
200900052915;0;7;0;0;2;2;1;A01
200900052915;0;7;0;0;2;6;1;B01
200900052916;0;7;0;0;1;3;0;A01
200900052917;0;7;0;0;2;3;15;A01
200900052917;0;2;0;0;2;1;1;B01
200900052918;0;7;0;0;1;1;0;A01
200900052919;0;30;0;0;2;1;1;B01
200900052919;0;2;0;0;2;8;15;A01
200900052920;0;30;0;0;2;1;10;A01
200900052920;0;7;0;0;2;1;1;B01
200900052921;0;7;0;0;2;4;2;B01
200900052921;0;7;0;0;2;1;2;A01
200900052922;0;7;0;0;2;1;1;A01
200900052922;0;10;0;0;2;4;1;B01
200900052923;0;10;0;0;2;1;2;B01
200900052923;0;10;0;0;0;2;15;A01
200900052924;0;2;0;0;2;1;2;B01
200900052924;0;10;0;0;2;2;15;A01
200900052925;0;7;0;0;0;7;1;B01
200900052925;0;7;0;0;0;8;1;C01
200900052925;0;7;0;0;0;1;1;A01
200900052926;0;7;0;0;2;8;1;B01
200900052926;0;7;0;0;2;3;13;A01
200900052927;0;7;0;0;2;2;1;B01
200900052927;2;30;0;0;2;1;1;A01
200900052928;0;30;0;0;2;2;17;A01
200900052928;0;7;0;0;2;6;15;B01
200900052929;0;7;0;0;1;4;4;A01
200900052930;0;10;0;0;2;7;14;A01
200900052930;0;32;0;0;2;1;18;B01
200900052931;1;30;0;0;0;0;0;A01
200900052932;0;30;0;0;2;1;1;B01
200900052932;1;7;0;0;0;7;9;A01
200900052933;0;7;0;0;0;8;19;B01
200900052933;0;7;0;0;0;1;1;A01
200900052934;0;7;0;0;2;5;2;B01
200900052934;0;2;0;0;2;0;2;A01
200900052935;0;7;0;1;0;2;2;A01
200900052936;0;7;0;0;2;1;0;B01
200900052936;1;7;0;0;2;3;9;A01
200900052937;0;7;0;0;1;1;2;A01
200900052938;0;33;0;0;2;1;1;A01
200900052938;0;7;0;0;2;4;2;B01
200900052939;0;32;0;0;2;1;0;B01
200900052939;0;7;0;0;2;3;0;A01
200900052940;0;7;0;0;2;5;14;B01
200900052940;0;33;0;0;2;5;1;A01
200900052941;0;7;0;0;1;1;1;A01
200900052942;0;34;0;0;1;1;17;A01
200900052943;0;33;0;0;1;1;1;A01
200900052944;0;1;0;0;0;3;15;B01
200900052944;0;7;0;0;0;2;15;A01
200900052945;0;7;0;0;2;1;1;B01
200900052945;0;7;0;15;2;7;1;A01
200900052946;0;32;0;0;2;1;0;A01
200900052946;0;7;0;0;2;8;0;B01
200900052947;0;7;0;0;1;1;1;A01
200900052948;0;7;0;0;9;1;9;A01
200900052948;0;1;0;0;2;7;1;B01
200900052949;0;7;0;0;1;4;4;A01
200900052950;0;7;0;0;2;1;5;A01
200900052950;0;7;0;1;2;1;5;B01
200900052951;0;32;0;0;2;2;2;A01
200900052951;0;7;0;0;2;3;11;B01
200900052952;0;32;0;0;0;0;0;A01
200900052953;0;33;0;0;2;1;0;B01
200900052953;0;7;0;0;0;7;0;A01
200900052954;2;30;0;0;1;1;0;A01
200900052955;0;2;0;0;0;7;13;A01
200900052956;0;7;0;0;2;2;21;B01
200900052956;0;7;0;0;2;5;15;A01
200900052957;0;7;0;0;2;6;23;B01
200900052957;0;10;0;0;2;2;11;A01
200900052958;0;13;0;0;2;3;15;B01
200900052958;0;7;0;1;2;7;17;A01
200900052959;0;33;0;12;2;2;0;A01
200900052960;0;7;0;0;2;2;15;A01
200900052960;0;30;0;0;2;5;17;B01
200900052961;0;7;0;0;0;3;15;B01
200900052961;0;30;0;0;2;2;17;A01
200900052962;0;7;0;0;2;6;16;A01
200900052962;0;33;0;0;2;1;17;B01
200900052963;0;7;0;0;2;3;15;A01
200900052963;0;7;0;0;2;1;1;B01
200900052964;0;7;0;0;2;4;23;B01
200900052964;0;7;0;0;2;1;2;A01
200900052964;0;7;0;0;2;7;23;C01
200900052965;0;2;0;0;2;1;17;A01
200900052965;0;7;0;0;2;3;15;B01
200900052966;0;33;0;0;2;0;0;A01
200900052966;0;7;0;0;2;3;15;B01
200900052967;0;10;0;0;1;2;2;A01
200900052968;0;7;0;0;2;3;2;A01
200900052968;0;30;0;0;2;0;18;B01
200900052969;0;7;0;0;2;4;0;C01
200900052969;0;7;0;0;2;1;0;A01
200900052969;0;7;0;0;2;4;0;B01
200900052970;0;7;0;0;0;3;0;B01
200900052970;0;32;0;1;2;0;0;A01
200900052971;0;7;0;0;1;3;1;A01
200900052972;0;32;0;0;2;8;1;A01
200900052972;0;7;0;0;2;3;1;B01
200900052973;0;33;0;0;2;8;16;B01
200900052973;1;7;0;0;2;0;15;A01
200900052974;0;34;0;0;2;1;0;A01
200900052974;0;1;0;0;2;8;11;B01
200900052975;0;7;0;0;2;1;2;B01
200900052975;0;7;0;0;2;5;0;A01
200900052976;0;7;0;0;1;6;19;B01
200900052976;0;2;0;0;2;1;21;A01
200900052977;0;34;0;0;2;1;17;A01
200900052977;0;7;0;0;2;1;10;B01
200900052978;1;7;0;0;1;3;1;A01
200900052979;0;7;0;0;2;6;9;A01
200900052979;0;30;0;0;2;2;1;B01
200900052980;0;7;0;0;2;1;2;A01
200900052980;0;7;0;0;0;4;23;B01
200900052981;0;30;0;0;2;1;1;B01
200900052981;0;7;0;0;2;2;15;A01
200900052982;0;30;0;0;2;1;1;B01
200900052982;0;7;0;0;2;8;0;A01
200900052983;0;7;0;0;1;1;1;A01
200900052984;0;7;0;0;2;1;2;A01
200900052984;0;7;0;0;2;9;2;B01
200900052985;0;7;0;0;2;6;0;B01
200900052985;0;7;0;0;2;2;0;A01
200900052986;1;7;0;0;2;0;12;A01
200900052986;0;33;0;0;2;0;1;B01
200900052987;0;2;0;0;2;1;1;B01
200900052987;0;7;0;0;2;5;15;A01
200900052988;0;1;0;0;2;1;1;B01
200900052988;0;7;0;0;2;2;15;A01
200900052989;0;30;0;0;1;1;7;A01
200900052990;0;7;0;0;2;7;2;B01
200900052990;0;30;0;0;2;8;1;A01
200900052991;0;33;0;1;2;1;1;B01
200900052991;0;7;0;0;2;1;15;A01
200900052992;0;7;0;0;2;2;10;A01
200900052992;0;7;0;0;2;3;1;B01
200900052993;0;7;0;0;0;1;0;A01
200900052993;0;34;0;0;0;1;0;B01
200900052994;0;7;0;0;2;3;1;B01
200900052994;0;32;0;0;2;2;14;A01
200900052995;0;7;0;0;2;3;1;B01
200900052995;0;7;0;0;2;7;15;A01
200900052996;0;7;0;0;2;1;2;A01
200900052996;0;2;0;0;2;4;23;B01
200900052997;0;7;0;0;2;4;0;B01