num_acc;senc;catv;occutc;obs;obsm;choc;manv;num_veh
200900052997;0;33;0;1;2;1;0;A01
200900052998;0;7;0;0;1;1;0;A01
200900052999;0;7;0;0;2;1;1;C01
200900052999;0;7;0;0;2;1;13;A01
200900052999;0;7;0;0;2;1;1;B01
200900053000;0;7;0;1;2;7;1;B01
200900053000;0;34;0;0;2;1;1;A01
200900053001;0;30;0;0;2;1;2;A01
200900053001;0;7;0;0;2;6;23;B01
200900053002;1;30;0;0;1;0;0;A01
200900053003;0;2;0;0;2;4;1;B01
200900053003;0;20;0;1;0;4;15;C01
200900053003;0;7;0;0;2;1;1;A01
200900053004;0;7;0;0;1;1;1;A01
200900053005;0;7;0;0;2;8;15;B01
200900053005;0;7;0;0;2;1;1;A01
200900053006;0;2;0;0;2;1;1;A01
200900053006;0;7;0;0;2;2;15;B01
200900053007;1;7;0;0;2;1;0;A01
200900053007;0;30;0;0;2;2;1;B01
200900053008;0;14;0;11;0;5;4;A01
200900053009;0;7;0;0;2;1;15;A01
200900053009;0;7;0;15;2;3;2;B01
200900053010;0;7;0;0;2;1;1;A01
200900053010;0;7;0;0;0;4;23;B01
200900053010;0;7;0;0;0;4;23;C01
200900053011;0;7;0;0;2;3;15;A01
200900053011;0;33;0;0;2;1;1;B01
200900053012;0;7;0;0;2;4;2;C01
200900053012;0;7;0;0;2;4;2;B01
200900053012;0;7;0;0;2;2;2;A01
200900053013;0;7;0;0;2;2;23;A01
200900053013;0;30;0;0;2;1;1;B01
200900053014;0;30;0;0;2;2;8;A01
200900053014;0;33;0;0;2;1;7;B01
200900053015;0;7;0;0;2;3;9;B01
200900053015;0;30;0;0;2;1;17;A01
200900053016;0;33;0;0;2;1;1;B01
200900053016;0;7;0;0;2;8;19;A01
200900053017;0;7;0;0;2;2;0;A01
200900053017;0;30;0;0;2;4;0;B01
200900053018;0;7;0;0;2;2;9;A01
200900053018;0;32;0;0;2;4;1;B01
200900053019;0;1;0;0;0;4;1;A01
200900053019;1;7;0;0;9;1;0;B01
200900053020;0;33;0;0;2;3;0;A01
200900053020;0;10;0;0;2;3;0;B01
200900053021;0;7;0;0;2;3;1;A01
200900053021;0;7;0;0;2;2;1;B01
200900053022;0;7;0;0;2;3;19;B01
200900053022;0;7;0;0;2;1;1;A01
200900053023;0;33;0;0;0;1;12;A01
200900053023;0;7;0;0;0;1;1;B01
200900053024;0;7;0;0;2;6;2;B01
200900053024;0;32;0;0;2;1;2;A01
200900053025;0;33;0;0;2;1;1;B01
200900053025;0;7;0;0;2;7;1;A01
200900053026;0;7;0;0;2;3;0;A01
200900053026;0;7;0;1;2;5;0;B01
200900053027;0;2;0;0;2;2;2;A01
200900053027;0;7;0;0;2;6;2;B01
200900053028;0;33;0;0;2;8;1;B01
200900053028;0;15;0;0;2;2;14;A01
200900053029;0;2;0;0;2;1;13;A01
200900053029;0;37;6;0;2;3;1;B01
200900053030;0;7;0;1;0;2;16;A01
200900053030;0;7;0;0;2;3;2;B01
200900053031;0;7;0;0;1;2;1;A01
200900053032;0;32;0;0;0;7;1;B01
200900053032;0;7;0;0;0;0;15;A01
200900053033;0;7;0;0;2;1;1;B01
200900053033;0;7;0;0;2;3;9;A01
200900053034;0;32;0;0;2;0;0;B01
200900053034;1;7;0;0;2;0;0;A01
200900053035;0;33;0;0;9;1;1;A01
200900053035;0;1;0;0;0;8;19;B01
200900053036;0;7;0;6;0;1;0;A01
200900053037;0;7;0;9;0;1;1;A01
200900053038;0;31;0;0;0;1;1;B01
200900053038;0;7;0;0;0;8;1;A01
200900053039;0;7;0;0;2;2;2;A01
200900053039;0;7;0;0;2;6;2;B01
200900053040;0;7;0;0;1;2;9;A01
200900053041;0;33;0;0;0;1;2;A01
200900053041;0;7;0;0;0;3;10;B01
200900053042;0;7;0;0;2;1;2;A01
200900053042;0;7;0;0;2;4;2;C01
200900053042;0;7;0;0;2;4;2;B01
200900053043;0;34;0;0;0;0;2;A01
200900053044;0;7;0;0;2;3;2;A01
200900053044;0;14;0;0;2;6;1;B01
200900053045;0;7;0;0;2;3;17;A01
200900053045;0;31;0;0;2;1;1;B01
200900053046;0;7;0;0;2;4;2;B01
200900053046;0;7;0;0;2;1;2;A01
200900053047;0;30;0;0;0;4;1;A01
200900053047;1;7;0;0;2;1;2;B01
200900053048;0;7;0;0;2;2;15;B01
200900053048;0;2;0;0;2;1;5;A01
200900053049;0;7;0;0;0;4;2;B01
200900053049;0;7;0;0;2;1;2;A01
200900053049;0;7;0;0;0;4;2;C01
200900053050;0;7;0;0;2;2;9;A01
200900053050;0;7;0;0;2;6;9;B01
200900053051;0;7;0;6;0;3;0;A01
200900053052;0;7;0;0;2;1;0;A01
200900053052;0;7;0;0;2;3;1;B01
200900053053;0;7;0;0;2;2;20;A01
200900053053;0;30;0;0;2;1;1;B01
200900053054;0;7;0;0;9;2;1;B01
200900053054;0;33;0;16;2;7;19;A01
200900053055;0;7;0;0;2;2;2;A01
200900053055;0;7;0;0;2;3;2;B01
200900053056;0;33;0;0;0;1;17;A01
200900053057;0;7;0;0;2;3;1;A01
200900053057;0;7;0;0;2;5;23;B01
200900053058;0;7;0;0;0;1;15;A01
200900053059;0;7;0;8;0;1;1;A01
200900053060;0;7;0;1;0;0;0;A01
200900053061;0;7;0;0;2;4;4;A01
200900053061;0;32;0;0;2;7;0;B01
200900053062;0;7;0;0;2;2;1;B01
200900053062;0;7;0;0;2;3;1;A01
200900053063;0;30;0;0;2;1;1;A01
200900053063;0;7;0;0;0;6;15;B01
200900053064;0;7;0;0;2;1;15;A01
200900053064;0;30;0;0;2;1;1;B01
200900053065;0;7;0;0;2;6;18;B01
200900053065;0;2;0;0;2;2;9;A01
200900053066;0;32;0;0;2;2;0;B01
200900053066;0;7;0;0;0;3;0;A01
200900053067;0;33;0;8;0;1;1;A01
200900053068;0;32;0;0;2;1;1;A01
200900053068;0;7;0;0;2;3;15;B01
200900053069;0;7;0;0;2;1;1;B01
200900053069;0;7;0;0;2;2;15;A01
200900053070;0;30;0;4;0;1;1;A01
200900053071;0;7;0;0;1;2;16;A01
200900053072;0;7;0;0;1;3;1;B01
200900053072;0;7;0;0;0;2;1;A01
200900053073;0;7;0;0;2;8;2;B01
200900053073;0;34;0;0;2;2;2;A01
200900053074;0;7;0;0;2;3;1;B01
200900053074;0;34;0;0;2;1;11;A01
200900053075;0;7;0;13;0;1;14;A01
200900053076;0;15;0;0;2;8;1;B01
200900053076;0;30;0;14;2;7;1;A01
200900053077;0;7;0;0;0;4;2;C01
200900053077;2;7;0;0;2;1;2;A01
200900053077;0;7;0;0;2;4;2;B01
200900053078;0;34;0;0;2;1;13;A01
200900053078;0;7;0;0;2;1;1;B01
200900053079;0;33;0;0;1;1;1;A01
200900053080;0;33;0;0;2;8;1;B01
200900053080;0;7;0;0;2;1;15;A01
200900053081;0;7;0;0;0;8;0;A01
200900053081;0;33;0;0;2;1;0;B01
200900053082;0;7;0;0;2;0;10;A01
200900053082;0;33;0;0;2;1;1;B01
200900053083;0;7;0;0;1;2;11;A01
200900053084;0;15;0;0;2;2;1;B01
200900053084;0;33;0;0;2;1;1;A01
200900053085;0;10;0;0;1;2;1;A01
200900053086;0;7;0;0;2;4;23;C01
200900053086;0;7;0;0;2;4;23;B01
200900053086;0;7;0;0;2;1;1;A01
200900053087;0;7;0;0;2;2;1;B01
200900053087;0;34;0;0;2;1;0;A01
200900053088;0;7;0;0;0;4;2;A01
200900053089;0;7;0;9;2;8;1;B01
200900053089;0;10;0;0;0;0;0;C01
200900053089;0;7;0;0;2;1;1;A01
200900053090;0;7;0;0;2;1;5;A01
200900053090;0;30;0;0;2;1;1;B01
200900053091;0;33;0;14;0;1;1;A01
200900053092;0;32;0;0;2;8;16;A01
200900053092;0;13;0;0;2;8;1;B01
200900053093;0;7;0;0;0;9;2;A01
200900053094;0;7;0;0;2;3;2;B01
200900053094;0;7;0;0;0;2;0;A01
200900053094;0;7;0;0;0;4;2;C01
200900053094;0;7;0;0;2;1;2;D01
200900053095;0;15;0;0;2;5;1;C01
200900053095;0;7;0;0;2;8;11;A01
200900053095;0;15;0;0;2;1;1;B01
200900053096;0;7;0;0;2;4;1;A01
200900053096;0;7;0;0;2;2;2;C01
200900053096;0;7;0;0;2;6;11;B01
200900053097;0;7;0;11;0;1;1;A01
200900053098;2;7;0;0;0;0;1;A01
200900053098;0;7;0;0;0;8;1;B01
200900053099;0;32;0;16;2;1;0;A01
200900053099;0;10;0;0;2;6;0;B01
200900053100;0;33;0;0;2;8;2;A01
200900053100;1;7;0;0;2;2;0;B01
200900053101;0;7;0;6;2;1;2;B01
200900053101;0;7;0;6;2;7;2;A01
200900053102;0;7;0;0;0;9;1;A01
200900053103;0;7;0;16;0;9;1;A01
200900053104;0;7;0;0;2;7;1;A01
200900053104;0;7;0;0;2;1;1;B02
200900053105;0;7;0;0;2;5;1;A01
200900053105;0;17;0;0;2;1;1;B02
200900053106;0;10;0;0;2;1;13;A01
200900053106;0;7;0;0;2;1;1;B02
200900053107;0;7;0;2;0;6;14;A01
200900053108;0;7;0;14;0;2;1;A01
200900053108;0;7;0;0;2;3;1;C03
200900053108;0;7;0;0;2;4;23;B02
200900053109;0;7;0;0;0;6;1;B02
200900053109;0;7;0;3;2;9;2;A01
200900053109;0;7;0;0;0;4;1;C03
200900053109;0;7;0;0;0;5;1;D04
200900053110;0;15;0;0;2;6;1;B02
200900053110;0;7;0;0;2;3;13;A01
200900053110;0;15;0;0;2;3;1;C03
200900053111;0;7;0;0;0;1;1;A01
200900053112;0;7;0;6;0;1;1;A01
200900053113;0;7;0;0;0;0;13;A01
200900053114;0;7;0;13;0;3;1;A01
200900053115;0;10;0;0;2;2;0;A01
200900053115;0;7;0;0;2;3;1;B02
200900053116;0;7;0;2;0;3;13;A01
200900053117;0;10;0;2;0;1;1;A01
200900053118;0;7;0;0;0;0;1;A01
200900053119;0;7;0;0;2;1;13;A01
200900053119;0;7;0;0;2;1;1;B01
200900053120;0;7;0;0;2;2;2;A01
200900053120;0;21;0;0;2;6;2;B02
200900053121;0;7;0;0;2;3;17;A01
200900053121;0;33;0;0;2;3;1;B02
200900053122;0;2;0;0;2;3;19;A01
200900053122;0;7;0;0;2;0;1;B01
200900053123;0;7;0;0;2;1;1;A01
200900053123;0;2;0;0;2;8;1;B01
200900053124;0;7;0;3;2;4;23;B01
200900053124;0;7;0;0;2;1;2;A01
200900053125;0;33;0;8;0;1;1;A01
200900053126;0;1;0;0;0;0;0;A01
200900053126;0;7;0;0;0;0;0;B01
200900053127;0;31;0;0;2;8;1;C01
200900053127;0;7;0;0;2;8;2;B01
200900053127;0;30;0;0;2;7;17;A01
200900053128;0;7;0;0;0;0;0;B01
200900053128;0;7;0;0;0;0;0;A01
200900053129;0;7;0;0;0;0;0;B01
200900053129;0;7;0;0;0;0;0;A01
200900053130;0;30;0;0;2;1;18;A01
200900053130;0;7;0;0;2;2;16;B01
200900053131;0;7;0;0;2;1;2;A01
200900053131;0;7;0;0;2;4;2;B02
200900053132;0;33;0;0;0;0;1;A01
200900053133;0;7;0;13;0;1;1;A01
200900053134;0;7;0;0;2;2;1;B01
200900053134;0;7;0;0;2;7;15;A01
200900053135;0;31;0;0;2;7;1;B01
200900053135;0;7;0;0;2;1;19;A01
200900053136;0;7;0;0;2;4;1;B01
200900053136;0;2;0;0;2;1;1;A01
200900053137;0;7;0;2;0;2;14;A01
200900053138;0;7;0;0;2;1;1;B02
200900053138;0;2;0;8;2;7;19;A01
200900053139;0;7;0;0;2;3;0;B01
200900053139;0;7;0;0;2;4;0;A01
200900053140;0;7;0;0;2;3;1;B01
200900053140;0;33;0;0;2;1;1;A01
200900053141;0;7;0;0;2;7;1;A01
200900053141;0;7;0;0;2;3;1;B01
200900053142;0;7;0;0;2;7;0;A01
200900053142;0;7;0;0;2;7;0;B01
200900053143;0;7;0;0;1;0;0;A01
200900053144;0;7;0;0;0;0;0;B01
200900053144;0;7;0;0;0;0;0;A01
200900053145;0;7;0;0;0;0;0;B01
200900053145;0;2;0;0;0;0;0;A01
200900053146;0;7;0;0;2;0;0;A01
200900053146;0;7;0;0;2;0;0;B01
200900053147;0;7;0;8;0;0;0;A01
200900053148;0;7;0;0;0;0;0;A01
200900053148;0;7;0;0;2;0;0;B01
200900053149;0;30;0;0;0;7;1;B01
200900053149;0;7;0;0;0;7;1;A01
200900053150;0;7;0;1;2;3;15;B01
200900053150;0;7;0;0;2;1;1;A01
200900053151;0;37;1;0;0;0;0;A01
200900053152;0;2;0;0;2;1;1;B01
200900053152;0;10;0;0;2;2;15;A01
200900053153;0;1;0;0;2;0;19;A01
200900053153;0;7;0;0;2;1;15;B01
200900053154;1;7;0;0;2;0;1;A01
200900053154;0;34;0;0;2;1;1;B01
200900053155;0;33;0;0;1;1;21;A01
200900053156;0;2;0;13;0;3;0;A01
200900053157;0;2;0;0;2;1;1;A01
200900053157;0;7;0;0;2;4;2;B01
200900053158;0;32;0;0;9;1;17;B01
200900053158;0;10;0;0;9;0;1;A01
200900053159;0;33;0;0;2;1;1;B01
200900053159;0;7;0;0;2;1;9;A01
200900053160;0;7;0;0;0;2;1;A01
200900053161;0;7;0;0;2;2;20;A01
200900053161;0;7;0;0;2;8;24;C01
200900053161;0;33;0;0;2;1;1;B01
200900053162;0;7;0;2;0;1;1;A01
200900053163;0;1;0;0;2;1;2;A01
200900053163;0;7;0;0;0;4;23;B01
200900053164;0;7;0;0;2;2;19;A01
200900053164;0;32;0;0;2;1;2;B01
200900053165;0;1;0;0;1;1;1;A01
200900053166;0;33;0;0;2;3;15;B01
200900053166;0;30;0;0;2;2;17;A01
200900053167;1;7;0;0;2;0;0;A01
200900053167;0;32;0;0;2;7;1;B01
200900053168;0;30;0;0;0;0;0;A01
200900053169;0;7;0;0;2;3;1;A01
200900053169;0;7;0;0;2;2;15;B01
200900053170;0;37;2;0;2;1;15;A01
200900053170;0;7;0;0;2;3;1;B01
200900053171;0;30;0;0;1;1;0;A01
200900053172;0;7;0;0;2;4;23;C01
200900053172;0;7;0;0;2;4;23;B01
200900053172;0;7;0;0;2;1;1;A01
200900053173;0;10;0;0;2;1;1;A01
200900053173;0;7;0;0;0;4;15;B01
200900053174;0;7;0;0;2;1;1;A01
200900053174;0;7;0;0;2;3;1;C01
200900053174;0;7;0;0;2;2;1;B01
200900053175;0;33;0;0;0;7;16;A01
200900053176;1;30;0;0;2;3;3;A01
200900053176;0;33;0;0;2;2;1;B01
200900053177;0;7;0;0;1;1;2;A01
200900053178;1;7;0;0;2;3;1;A01
200900053178;0;33;0;0;2;2;15;B01
200900053179;0;1;0;0;2;8;19;A01
200900053179;0;33;0;0;2;1;1;B01
200900053180;0;7;0;1;1;1;1;A01
200900053181;0;7;0;0;2;1;1;A01
200900053181;0;7;0;0;0;8;15;B01
200900053182;0;7;0;0;2;8;19;A01
200900053182;0;33;0;0;2;1;21;B01
200900053183;0;7;0;0;2;2;2;A01
200900053183;0;30;0;0;0;6;1;B01
200900053184;0;33;0;0;2;3;17;B01
200900053184;0;7;0;0;2;6;10;A01
200900053185;0;33;0;0;2;7;12;A01
200900053185;0;7;0;0;2;8;1;B01
200900053186;0;7;0;0;2;1;0;A01
200900053186;0;31;0;0;2;1;1;B01
200900053187;0;7;0;0;1;1;2;A01
200900053188;0;7;0;0;2;8;1;B01
200900053188;0;32;0;0;2;7;1;A01
200900053188;0;7;0;0;2;3;1;C01
200900053189;0;33;0;0;2;1;17;A01
200900053189;0;10;0;0;0;8;1;B01
200900053190;0;7;0;2;0;3;0;A01
200900053191;0;10;0;0;1;1;1;A01
200900053192;0;7;0;0;2;3;1;B01
200900053192;0;7;0;0;2;3;1;A01
200900053193;0;32;0;12;0;1;15;A01
200900053194;0;7;0;0;2;1;15;A01
200900053194;0;33;0;0;2;1;1;B01
200900053195;0;7;0;4;0;9;1;A01
200900053196;0;7;0;8;0;1;15;A01
200900053197;0;7;0;0;1;1;1;A01
200900053198;0;7;0;15;2;1;16;A01
200900053198;0;7;0;0;0;1;23;B01
200900053199;0;31;0;0;2;1;17;A01
200900053199;0;7;0;0;2;1;16;B01
200900053200;0;32;0;0;2;1;1;B01
200900053200;0;7;0;0;2;8;10;A01
200900053201;0;7;0;1;0;3;1;B01
200900053201;0;7;0;1;0;2;10;A01
200900053202;0;30;0;0;2;1;1;B01
200900053202;0;7;0;0;2;1;15;A01
200900053203;0;7;0;0;2;4;2;B02
200900053203;0;7;0;0;2;1;2;A01
200900053204;0;7;0;2;0;1;1;A01
200900053205;0;14;0;0;2;3;1;A01
200900053205;0;7;0;0;2;3;13;B02
200900053206;0;7;0;0;1;1;16;A01
200900053207;0;1;0;0;2;1;1;B02
200900053207;0;10;0;0;2;8;19;A01
200900053208;0;30;0;6;0;1;14;A01
200900053209;0;7;0;0;2;1;1;B02
200900053209;0;1;0;0;2;4;1;A01
200900053210;0;7;0;0;1;1;1;A01
200900053211;0;33;0;0;2;7;1;A01
200900053211;0;7;0;0;2;3;20;B02
200900053212;0;15;0;0;2;2;15;B02
200900053212;0;1;0;0;2;1;1;A01
200900053213;0;7;0;0;2;8;1;A01
200900053213;0;14;0;0;2;1;1;B02
200900053213;0;30;0;0;2;1;1;C03
200900053214;0;99;0;3;0;2;14;A01
200900053215;0;7;0;0;1;2;1;A01
200900053216;0;30;0;13;0;8;16;A01
200900053217;0;7;0;0;2;5;1;B02
200900053217;0;2;0;0;2;1;18;A01
200900053218;0;7;0;0;0;0;1;A01
200900053219;0;31;0;13;0;1;1;A01
200900053220;0;33;0;0;2;1;1;A01
200900053220;0;7;0;0;2;8;15;B02
200900053221;0;7;0;2;0;2;1;A01
200900053222;0;7;0;13;0;0;13;A01
200900053223;0;7;0;2;0;3;19;A01
200900053224;0;7;0;0;1;1;1;A01
200900053225;0;10;0;0;2;6;1;A01
200900053225;0;33;0;0;2;1;1;B02
200900053226;0;33;0;0;0;1;14;A01
200900053227;0;7;0;0;2;3;1;B02
200900053227;0;7;0;0;2;1;1;A01
200900053228;0;1;0;0;2;7;19;B02
200900053228;0;7;0;0;2;2;1;A01
200900053229;0;14;0;0;1;4;4;A01
200900053230;0;33;0;4;0;1;0;B02
200900053230;0;33;0;4;0;2;1;A01
200900053231;0;7;0;0;2;3;15;A01
200900053231;0;33;0;0;2;1;1;B02
200900053232;0;7;0;0;1;3;1;A01
200900053233;0;7;0;2;0;7;17;A01
200900053233;0;7;0;0;2;2;1;B02
200900053234;0;7;0;0;1;1;1;A01
200900053235;0;7;0;13;0;2;1;A01
200900053236;0;7;0;2;0;2;14;A01
200900053237;0;7;0;0;0;3;0;A01
200900053237;0;7;0;0;0;3;0;B02
200900053238;0;7;0;0;1;2;1;A01
200900053239;0;7;0;0;2;7;19;A01
200900053239;0;33;0;0;2;1;1;B02
200900053240;0;7;0;0;2;8;24;A01
200900053240;0;31;0;1;0;7;1;B02
200900053241;0;1;0;0;2;1;1;A01
200900053241;0;1;0;0;2;1;1;B02
200900053242;0;31;0;13;0;2;14;A01
200900053243;0;7;0;0;2;8;1;B02
200900053243;0;7;0;0;0;0;0;A01
200900053244;0;7;0;2;0;1;13;A01
200900053245;0;32;0;0;0;8;1;A01
200900053246;0;10;0;0;9;2;17;A01
200900053246;0;1;0;0;2;1;1;B02
200900053247;0;1;0;0;2;8;1;B02
200900053247;0;7;0;0;2;1;15;A01
200900053248;0;7;0;0;2;7;15;A01
200900053248;0;30;0;0;2;2;1;B02
200900053249;0;7;0;0;2;2;1;B02
200900053249;0;7;0;0;2;2;1;A01
200900053250;0;7;0;0;0;8;19;A01
200900053250;0;2;0;0;2;1;1;B02
200900053251;0;7;0;0;2;3;1;B01
200900053251;0;7;0;0;2;3;10;A01
200900053252;0;7;0;0;2;1;1;B01
200900053252;0;7;0;0;2;1;1;A01
200900053253;0;7;0;16;0;0;16;A01
200900053254;0;7;0;0;0;0;0;A01
200900053254;0;7;0;0;0;0;0;B01
200900053255;0;7;0;0;0;4;0;A01
200900053255;0;7;0;0;0;1;0;B01
200900053256;0;7;0;0;0;0;0;B01
200900053256;0;33;0;0;0;0;0;A01
200900053257;0;33;0;0;0;1;13;A01
200900053258;0;7;0;0;2;1;21;C01
200900053258;0;7;0;13;0;1;1;A01
200900053258;0;7;0;0;2;4;21;B01
200900053259;0;2;0;0;2;1;1;A01
200900053259;0;7;0;0;2;4;2;B01
200900053260;0;30;0;0;0;0;0;A01
200900053261;0;7;0;0;2;0;0;C01
200900053261;0;99;0;0;2;1;1;B01
200900053261;0;7;0;0;2;4;1;A01
200900053262;0;33;0;0;1;1;12;A01
200900053263;0;33;0;6;0;1;1;A01
200900053264;0;7;0;0;2;1;2;A01
200900053264;0;1;0;0;2;7;19;B01
200900053265;0;1;0;0;2;6;19;B01
200900053265;0;33;0;0;2;1;2;A01
200900053266;0;7;0;0;2;7;0;A01
200900053266;0;7;0;0;2;3;2;B01
200900053267;0;36;0;0;2;1;13;A01
200900053267;0;7;0;0;2;4;23;B01
200900053267;0;7;0;0;2;1;1;C01
200900053268;0;7;0;0;0;0;0;B01
200900053268;0;7;0;0;0;0;0;A01
200900053269;1;7;0;0;2;0;1;B01
200900053269;0;30;0;0;0;0;3;A01
200900053270;0;33;0;0;2;1;1;B01
200900053270;0;7;0;0;2;3;15;A01
200900053271;0;7;0;0;0;0;0;A01
200900053271;0;2;0;0;2;2;0;B01
200900053272;0;7;0;0;0;0;0;A01
200900053273;0;7;0;0;0;0;0;C01
200900053273;0;17;0;0;0;0;0;B01
200900053273;0;7;0;0;0;0;0;A01
200900053274;0;7;0;0;2;1;0;A01
200900053274;0;1;0;0;2;8;19;B01
200900053275;0;33;0;0;0;0;0;A01
200900053275;0;99;0;0;0;0;0;B01
200900053276;0;7;0;2;0;1;1;A01
200900053277;0;7;0;0;2;3;13;B01
200900053277;0;33;0;0;2;3;1;A01
200900053278;0;7;0;0;1;1;1;A01
200900053278;0;1;0;0;0;8;19;B01
200900053279;0;7;0;0;0;0;4;A01
200900053280;0;7;0;0;1;2;1;A01
200900053281;0;2;0;0;2;1;5;A01
200900053282;0;30;0;0;0;0;0;A01
200900053283;0;2;0;0;2;2;1;B01
200900053283;1;34;0;0;2;0;19;A01
200900053284;0;32;0;0;2;1;1;B01
200900053284;0;7;0;0;2;8;6;A01
200900053285;0;2;0;0;0;0;0;A01
200900053285;0;7;0;0;0;0;0;B01
200900053286;0;2;0;0;0;0;0;A01
200900053287;0;7;0;0;2;1;1;B01
200900053287;0;2;0;0;2;1;1;A01
200900053288;0;33;0;0;0;0;0;A01
200900053289;0;40;0;0;2;2;1;B01
200900053289;0;7;0;9;4;3;1;A01
200900053290;0;30;0;2;0;1;1;A01
200900053291;0;31;0;0;2;5;1;A01
200900053291;0;7;0;0;2;3;1;B01
200900053292;0;2;0;0;2;1;14;A01
200900053293;0;33;0;0;2;3;13;A01
200900053293;0;7;0;0;2;3;1;B01
200900053294;0;2;0;0;2;1;1;A01
200900053294;0;7;0;0;2;5;2;B01
200900053295;0;33;0;0;2;4;23;B01
200900053295;0;10;0;0;2;8;1;A01
200900053296;0;7;0;0;2;1;1;A01
200900053296;0;7;0;0;2;7;1;B01
200900053297;0;7;0;0;2;1;17;A01
200900053297;0;31;0;0;2;4;15;B01
200900053298;0;7;0;0;0;6;9;A01
200900053298;0;37;2;0;2;2;1;B01
200900053299;0;7;0;0;0;0;15;B01
200900053299;0;33;0;15;2;0;9;A01
200900053300;0;7;0;0;1;2;1;A01
200900053301;0;7;0;15;2;1;1;A01
200900053301;0;7;0;6;2;1;1;B01
200900053302;0;7;0;0;2;1;16;A01
200900053302;0;7;0;6;0;8;1;B01
200900053303;0;31;0;0;2;3;11;A01
200900053303;0;7;0;0;2;7;1;B01
200900053304;0;7;0;0;2;1;2;C01
200900053304;0;7;0;0;2;1;2;D01
200900053304;0;7;0;0;0;3;5;A01
200900053304;0;7;0;0;2;3;2;B01
200900053305;0;7;0;0;2;2;1;A01
200900053305;0;1;0;0;2;1;1;B01
200900053306;1;7;0;0;2;0;0;A01
200900053306;0;34;0;0;2;2;1;B01
200900053307;0;7;0;0;2;2;1;B01
200900053307;0;33;0;0;2;1;19;A01
200900053308;0;30;0;0;0;8;1;A01
200900053309;0;7;0;0;2;8;15;A01
200900053309;0;2;0;0;2;8;1;B01
200900053310;0;7;0;0;2;6;15;A01
200900053310;0;2;0;0;2;1;2;B01
200900053311;0;7;0;0;2;4;2;B01
200900053311;0;1;0;0;2;1;2;A01
200900053312;0;7;0;0;2;1;1;B01
200900053312;0;30;0;0;2;1;5;A01
200900053313;0;7;0;0;2;2;24;B01
200900053313;0;30;0;1;0;1;1;A01
200900053314;0;7;0;0;2;3;15;B01
200900053314;0;7;0;0;2;1;1;A01
200900053315;0;30;0;0;0;9;1;A01
200900053316;0;7;0;0;2;6;9;B01
200900053316;0;7;0;0;2;2;1;A01
200900053317;0;7;0;0;9;1;0;A01
200900053317;0;33;0;0;9;7;0;B01
200900053318;0;7;0;0;2;8;1;B01
200900053318;0;3;0;1;2;1;5;A01
200900053319;0;7;0;0;1;1;15;A01
200900053320;0;7;0;0;2;2;1;A01
200900053320;0;7;0;0;2;2;0;B01
200900053321;0;7;0;0;2;5;2;B01
200900053321;0;7;0;0;2;3;2;A01
200900053322;0;2;0;0;2;1;17;B01
200900053322;0;7;0;0;2;8;15;A01
200900053323;0;7;0;14;0;1;10;A01
200900053324;0;7;0;0;2;1;2;A01
200900053324;0;7;0;0;2;4;2;B01
200900053325;0;7;0;0;2;5;13;B01
200900053325;0;33;0;0;2;8;13;A01
200900053326;0;31;0;0;2;2;1;A01
200900053326;0;7;0;0;2;2;15;B01
200900053327;0;2;0;0;2;1;1;A01
200900053327;0;7;0;0;9;4;15;B01
200900053328;0;10;0;0;2;7;15;B01
200900053328;0;7;0;0;2;1;1;A01
200900053329;0;7;0;0;2;2;15;A01
200900053329;0;7;0;0;2;1;1;B01
200900053330;0;32;0;0;2;8;1;B01
200900053330;0;7;0;0;2;1;15;A01
200900053331;0;7;0;0;2;5;13;B01
200900053331;0;30;0;0;2;1;2;C01
200900053331;0;7;0;0;0;0;24;A01
200900053332;0;7;0;0;1;1;1;A01
200900053333;0;1;0;0;2;5;3;B01
200900053333;0;7;0;0;2;3;1;A01
200900053334;0;7;0;0;2;2;0;A01
200900053334;0;7;0;0;2;1;1;B01
200900053335;0;33;0;0;2;4;0;B01
200900053335;0;7;0;0;9;3;1;A01
200900053336;0;7;0;0;1;2;1;A01
200900053337;0;7;0;0;2;1;0;A01
200900053337;0;7;0;0;2;8;1;B01
200900053338;0;32;0;0;1;2;2;A01
200900053339;0;7;0;0;2;3;1;B01
200900053339;0;7;0;0;2;2;10;A01
200900053340;0;7;0;0;1;3;1;A01
200900053341;0;30;0;0;0;0;0;A01
200900053341;0;7;0;0;0;5;0;B01
200900053342;0;7;0;0;2;1;1;B01
200900053342;0;10;0;9;0;7;19;A01
200900053343;0;7;0;0;0;8;11;B01
200900053343;0;30;0;0;0;1;1;A01
200900053344;0;7;0;4;0;3;12;A01
200900053345;0;33;0;0;2;1;2;B01
200900053345;0;7;0;0;2;3;15;A01
200900053346;0;7;0;0;2;6;4;A01
200900053346;0;10;0;0;2;2;2;B01
200900053347;0;7;0;15;0;1;1;A01
200900053348;0;30;0;0;2;1;18;A01
200900053348;0;7;0;0;2;5;1;B01
200900053349;0;33;0;0;2;1;21;A01
200900053349;0;7;0;0;0;2;15;B01
200900053350;0;7;0;15;0;2;1;A01
200900053351;0;7;0;0;2;1;15;A01
200900053351;0;32;0;0;2;1;1;B01
200900053352;0;7;0;0;2;1;1;A01
200900053352;0;7;0;0;2;2;15;B01