num_acc;senc;catv;occutc;obs;obsm;choc;manv;num_veh
200900053353;0;33;0;0;2;2;17;B01
200900053353;0;7;0;0;2;8;20;A01
200900053354;0;7;0;0;1;3;1;A01
200900053355;0;7;0;0;2;1;15;A01
200900053355;0;30;0;0;2;7;1;B01
200900053356;0;7;0;0;2;2;2;A01
200900053356;0;30;0;0;2;3;2;B01
200900053357;1;7;0;0;1;1;0;A01
200900053358;1;10;0;0;0;1;1;C01
200900053358;0;7;0;0;0;4;1;A01
200900053358;0;10;0;0;0;3;23;B01
200900053359;0;7;0;15;0;1;0;A01
200900053360;0;1;0;0;9;1;13;B01
200900053360;0;1;0;0;9;1;14;A01
200900053361;0;34;0;0;0;0;17;A01
200900053361;0;7;0;0;0;0;15;B01
200900053362;0;7;0;1;2;2;14;A01
200900053362;0;7;0;0;2;6;1;B01
200900053363;0;2;0;0;1;1;2;A01
200900053364;0;7;0;0;1;3;1;A01
200900053365;0;7;0;0;2;3;1;A01
200900053365;0;7;0;0;0;5;1;B01
200900053366;0;7;0;0;1;3;1;A01
200900053367;0;34;0;0;2;1;1;B01
200900053367;0;7;0;0;2;1;15;A01
200900053368;0;7;0;0;1;1;1;A01
200900053369;0;7;0;0;1;2;0;A01
200900053370;0;7;0;0;0;1;2;A01
200900053370;0;7;0;0;0;0;2;B01
200900053371;0;15;0;0;1;5;12;A01
200900053372;0;17;0;0;2;2;0;A01
200900053372;0;7;0;0;2;7;1;C01
200900053372;0;33;0;14;2;0;1;B01
200900053373;0;7;0;0;1;3;1;A01
200900053374;0;7;0;12;0;1;2;C01
200900053374;0;7;0;0;0;0;0;A01
200900053374;0;7;0;12;0;1;2;B01
200900053375;0;7;0;0;0;4;2;B01
200900053375;0;7;0;0;0;1;2;A01
200900053376;0;7;0;0;2;3;1;A01
200900053376;1;7;0;0;0;0;12;B01
200900053377;0;1;0;0;0;1;2;A01
200900053377;0;37;0;0;0;6;2;B01
200900053378;0;37;1;0;1;7;7;A01
200900053379;0;1;0;0;0;8;2;A01
200900053379;1;99;0;0;0;0;2;B01
200900053380;0;7;0;0;2;4;2;B01
200900053380;0;7;0;0;2;1;1;A01
200900053381;0;33;0;0;2;7;1;A01
200900053381;0;7;0;0;2;3;15;B01
200900053382;0;7;0;0;0;4;2;D01
200900053382;2;7;0;0;2;9;0;A01
200900053382;0;7;0;0;2;9;2;B01
200900053382;0;7;0;0;2;9;2;C01
200900053383;0;7;0;0;2;2;11;A01
200900053383;0;33;0;0;2;1;2;B01
200900053384;0;10;0;0;0;7;1;A01
200900053385;0;10;0;0;2;1;2;A01
200900053385;0;7;0;0;0;4;2;B01
200900053386;0;7;0;1;0;1;0;A01
200900053387;0;34;0;0;1;3;2;A01
200900053388;0;7;0;0;9;2;2;A01
200900053388;0;1;0;1;2;8;2;B01
200900053389;0;7;0;0;1;2;1;A01
200900053390;2;7;0;0;2;2;6;A01
200900053390;0;7;0;0;2;3;1;B01
200900053391;0;7;0;0;2;1;15;A01
200900053391;0;30;0;0;2;1;2;B01
200900053392;0;7;0;0;1;2;2;A01
200900053393;0;33;0;0;1;1;0;A01
200900053394;0;7;0;0;1;1;1;A01
200900053395;0;1;0;0;0;0;0;B01
200900053395;0;32;0;0;0;0;0;A01
200900053396;0;7;0;15;2;1;0;A01
200900053396;0;37;0;0;0;2;0;B01
200900053397;0;33;0;0;9;1;1;A01
200900053398;0;7;0;0;0;0;0;A01
200900053399;0;7;0;0;2;3;1;B01
200900053399;0;7;0;0;2;3;1;A01
200900053400;0;7;0;0;1;3;1;A01
200900053401;0;7;0;0;1;1;0;A01
200900053402;0;33;0;0;0;1;0;A01
200900053403;0;7;0;0;2;2;1;A01
200900053403;0;30;0;0;2;1;1;B01
200900053404;0;7;0;0;0;0;0;A01
200900053405;0;7;0;0;0;0;0;A01
200900053405;0;1;0;0;0;0;0;B01
200900053406;0;7;0;0;1;1;2;A01
200900053407;0;7;0;0;0;0;0;A01
200900053407;0;33;0;0;0;0;0;B01
200900053408;0;7;0;0;2;3;0;A01
200900053408;0;7;0;0;2;3;0;B01
200900053409;0;7;0;8;0;1;1;A01
200900053410;0;2;0;0;0;1;17;B01
200900053410;0;7;0;0;0;3;15;A01
200900053411;0;7;0;0;2;1;2;A01
200900053411;0;7;0;0;2;4;2;B01
200900053412;0;7;0;0;2;2;12;B01
200900053412;0;30;0;0;2;8;0;A01
200900053413;0;32;0;0;0;1;17;A01
200900053413;0;7;0;0;0;0;0;B01
200900053414;0;30;0;0;2;9;2;A01
200900053414;0;7;0;0;0;4;2;B01
200900053415;0;7;0;0;2;3;16;B01
200900053415;0;33;0;0;2;1;1;A01
200900053416;0;2;0;0;2;1;1;A01
200900053416;0;7;0;0;2;1;9;B01
200900053417;0;7;0;0;0;6;2;B01
200900053417;0;7;0;0;2;2;2;A01
200900053418;0;7;0;0;2;1;1;A01
200900053418;0;7;0;0;2;7;1;B01
200900053419;0;7;0;1;0;9;13;A01
200900053420;0;7;0;0;1;4;20;A01
200900053421;0;2;0;1;2;0;1;A01
200900053422;0;7;0;0;2;7;1;A01
200900053422;0;30;0;0;2;1;1;B01
200900053423;0;7;0;0;0;4;0;B01
200900053423;0;7;0;0;2;1;2;A01
200900053424;0;33;0;0;2;1;19;B01
200900053424;0;7;0;0;2;2;19;A01
200900053425;0;7;0;0;2;8;10;A01
200900053425;0;7;0;0;2;3;2;C01
200900053425;0;7;0;0;2;9;2;B01
200900053426;0;33;0;0;1;1;0;A01
200900053427;0;1;0;0;2;1;5;A01
200900053427;0;2;0;0;2;1;1;B01
200900053428;0;7;0;0;2;2;1;B01
200900053428;0;7;0;0;2;1;23;C01
200900053428;0;7;0;0;2;2;11;A01
200900053429;0;37;15;0;1;2;9;A01
200900053430;0;31;0;0;1;1;1;A01
200900053431;1;7;0;0;0;0;1;A01
200900053431;0;30;0;0;2;0;1;B01
200900053432;0;7;0;0;0;0;12;B01
200900053432;0;30;0;0;0;1;12;A01
200900053433;0;7;0;0;0;4;16;B01
200900053433;0;10;0;0;0;1;2;A01
200900053434;0;7;0;0;1;3;1;A01
200900053435;0;33;0;0;0;5;2;B01
200900053435;0;7;0;0;2;3;2;A01
200900053436;0;37;0;0;2;2;1;B01
200900053436;0;7;0;0;0;5;16;A01
200900053437;0;7;0;0;1;1;1;A01
200900053438;0;7;0;0;2;8;22;A01
200900053438;0;32;0;1;0;1;1;B01
200900053439;0;1;0;0;2;7;6;A01
200900053439;0;7;0;0;2;3;1;B01
200900053440;0;2;0;0;2;8;0;B01
200900053440;0;7;0;0;2;2;9;A01
200900053441;0;7;0;0;9;1;1;B01
200900053441;0;30;0;0;2;8;5;A01
200900053442;0;30;0;0;9;0;0;A01
200900053443;0;7;0;0;2;3;1;B01
200900053443;0;7;0;0;0;8;9;A01
200900053444;1;32;0;0;1;1;1;A01
200900053445;0;7;0;1;0;2;14;A01
200900053446;0;30;0;0;0;0;0;A01
200900053446;0;7;0;0;2;6;24;B01
200900053447;0;7;0;0;1;1;1;A01
200900053448;0;7;0;0;2;2;12;A01
200900053448;0;30;0;0;2;4;1;C01
200900053448;0;7;0;0;2;3;1;B01
200900053449;0;7;0;0;1;3;1;A01
200900053450;0;7;0;0;2;3;2;B01
200900053450;0;7;0;0;2;2;2;A01
200900053451;0;7;0;0;2;2;2;A01
200900053451;0;7;0;0;2;3;9;B01
200900053452;0;7;0;0;1;1;0;A01
200900053453;0;7;0;0;1;2;1;A01
200900053454;0;33;0;0;2;1;15;A01
200900053454;0;7;0;0;2;3;15;B01
200900053455;0;10;0;0;1;7;0;A01
200900053456;0;7;0;0;2;1;2;A01
200900053456;0;7;0;0;2;3;2;B01
200900053457;1;7;0;0;1;0;1;A01
200900053458;0;7;0;0;2;2;1;B01
200900053458;0;7;0;0;2;3;1;A01
200900053459;0;31;0;0;1;1;17;A01
200900053460;0;7;0;9;2;2;1;B01
200900053460;0;7;0;0;2;5;15;A01
200900053461;0;7;0;0;2;1;15;A01
200900053461;0;2;0;0;2;8;14;B01
200900053462;0;7;0;0;0;1;1;A01
200900053463;0;7;0;0;9;8;2;A01
200900053463;0;1;0;0;2;6;2;B01
200900053464;0;7;0;0;1;3;1;A01
200900053465;0;30;0;0;0;7;17;A01
200900053465;0;7;0;0;0;3;11;B01
200900053466;0;7;0;0;2;2;12;B01
200900053466;0;33;0;0;2;3;18;A01
200900053467;0;2;0;0;1;1;0;A01
200900053468;0;31;0;0;2;1;1;B01
200900053468;0;7;0;0;2;1;0;A01
200900053469;0;7;0;0;2;1;1;B01
200900053469;0;7;0;0;2;8;1;A01
200900053470;0;33;0;0;0;1;1;B01
200900053470;0;7;0;0;0;1;11;A01
200900053471;0;7;0;0;2;3;1;B01
200900053471;0;32;0;0;2;2;1;A01
200900053472;0;33;0;0;0;1;21;A01
200900053472;0;7;0;0;2;3;21;B01
200900053473;0;7;0;0;0;3;1;A01
200900053474;0;7;0;0;2;1;12;B01
200900053474;0;7;0;1;2;5;1;A01
200900053475;0;7;0;0;2;1;1;B01
200900053475;0;30;0;0;2;7;1;A01
200900053476;0;7;0;0;1;2;1;A01
200900053477;0;7;0;0;2;3;1;B01
200900053477;0;7;0;0;2;1;1;A01
200900053478;0;14;0;0;2;5;2;B01
200900053478;0;30;0;0;2;3;0;A01
200900053479;0;7;0;0;0;4;23;B01
200900053479;0;10;0;0;2;1;2;A01
200900053480;0;7;0;0;2;3;1;A01
200900053480;0;7;0;0;2;2;1;B01
200900053481;0;2;0;0;2;1;18;A01
200900053481;0;10;0;0;2;5;23;B01
200900053482;0;32;0;0;2;6;16;A01
200900053482;0;7;0;0;2;2;2;B01
200900053483;0;33;0;0;2;1;1;B01
200900053483;0;7;0;0;2;2;15;A01
200900053484;0;32;0;0;2;0;3;A01
200900053484;0;7;0;0;2;0;0;C01
200900053484;0;14;0;0;2;0;0;B01
200900053485;0;37;50;0;2;3;16;B01
200900053485;0;7;0;0;2;5;16;A01
200900053486;0;7;0;0;2;2;1;A01
200900053486;0;7;0;0;2;3;15;B01
200900053487;0;7;0;0;0;4;2;B01
200900053487;0;10;0;0;2;1;2;A01
200900053487;0;7;0;0;0;4;2;C01
200900053488;0;33;0;0;2;2;3;A01
200900053488;0;7;0;0;2;5;2;B01
200900053489;0;7;0;0;0;4;2;A01
200900053489;0;7;0;0;2;1;2;B01
200900053490;0;7;0;1;1;1;0;A01
200900053491;0;7;0;0;0;4;2;B01
200900053491;0;7;0;0;2;1;2;A01
200900053492;0;7;0;0;1;1;1;A01
200900053493;0;99;0;0;0;6;2;A01
200900053493;0;32;0;0;2;9;2;B01
200900053494;0;7;0;0;0;8;2;A01
200900053494;0;33;0;0;2;2;2;M01
200900053495;0;7;0;0;2;4;2;A01
200900053495;0;2;0;0;2;1;2;B01
200900053496;0;7;0;0;0;2;23;B01
200900053496;0;7;0;15;2;3;1;A01
200900053497;0;7;0;0;1;3;1;A01
200900053498;0;7;0;0;2;3;22;B01
200900053498;0;37;0;1;0;7;1;A01
200900053499;2;7;0;1;1;2;1;A01
200900053500;0;7;0;1;0;1;0;A01
200900053501;0;2;0;1;0;1;0;A01
200900053502;0;7;0;0;2;3;2;A01
200900053502;1;31;0;0;2;5;1;B01
200900053503;0;2;0;0;2;1;5;A01
200900053503;0;1;0;0;2;1;2;B01
200900053504;0;7;0;0;0;3;6;A01
200900053504;0;30;0;0;2;2;6;B01
200900053505;0;7;0;0;1;1;1;A01
200900053506;0;33;0;0;2;2;1;B01
200900053506;0;7;0;0;0;3;11;A01
200900053507;0;7;0;0;2;4;2;B01
200900053507;0;33;0;0;2;1;3;A01
200900053507;0;13;0;0;2;4;2;C01
200900053508;0;7;0;5;0;1;0;C01
200900053508;0;7;0;0;0;4;0;A01
200900053508;0;7;0;0;0;4;0;B01
200900053509;0;33;0;0;2;8;12;B01
200900053509;0;10;0;0;2;5;12;A01
200900053510;0;7;0;0;2;8;11;A01
200900053510;0;14;0;0;2;2;2;B01
200900053511;0;7;0;0;2;2;0;A01
200900053511;0;15;0;0;0;5;0;B01
200900053512;0;10;0;0;2;6;11;B01
200900053512;0;33;0;0;2;7;1;A01
200900053513;0;10;0;0;2;5;2;B01
200900053513;0;7;0;0;2;4;2;C01
200900053513;0;7;0;0;2;1;2;A01
200900053514;0;7;0;4;2;1;12;A01
200900053514;0;10;0;0;2;4;1;B01
200900053514;0;31;0;4;2;7;1;C01
200900053515;0;15;0;4;0;2;2;A01
200900053516;0;32;0;0;2;1;1;B01
200900053516;0;7;0;0;2;2;15;A01
200900053517;0;7;0;0;2;4;1;B01
200900053517;0;7;0;0;2;1;1;A01
200900053518;0;10;0;0;1;2;1;A01
200900053519;0;7;0;0;2;3;14;A01
200900053519;0;7;0;0;2;6;1;B02
200900053520;0;7;0;10;0;1;1;A01
200900053521;0;10;0;0;2;7;21;A01
200900053521;0;7;0;0;2;1;1;B02
200900053522;0;38;7;0;2;3;21;B02
200900053522;0;7;0;0;2;3;13;A01
200900053523;0;7;0;0;2;1;13;A01
200900053523;0;7;0;0;2;1;1;B02
200900053524;0;7;0;0;2;3;13;A01
200900053524;0;7;0;0;2;3;1;B02
200900053525;0;7;0;0;2;1;5;A01
200900053525;0;7;0;0;2;1;1;B02
200900053526;0;7;0;0;0;0;14;A01
200900053527;0;7;0;0;2;8;15;B02
200900053527;0;38;1;0;2;1;1;A01
200900053528;0;7;0;0;2;6;19;A01
200900053528;0;33;0;12;2;9;1;B01
200900053529;0;7;0;0;2;9;9;A01
200900053529;0;7;0;0;2;1;1;C01
200900053529;0;13;0;0;2;1;21;B01
200900053530;0;30;0;0;2;1;16;B01
200900053530;0;7;0;0;2;8;9;A01
200900053530;0;7;0;0;2;1;1;C01
200900053531;0;30;0;0;2;1;5;A01
200900053531;0;7;0;0;2;2;1;B01
200900053532;0;38;1;0;1;7;16;A01
200900053533;0;7;0;0;2;6;9;B01
200900053533;0;7;0;0;2;2;1;A01
200900053534;0;7;0;0;1;2;1;A01
200900053535;0;7;0;0;1;2;1;A01
200900053536;0;7;0;3;2;8;1;B01
200900053536;0;7;0;0;2;7;1;A01
200900053537;0;2;0;0;2;1;1;B01
200900053537;0;7;0;0;9;3;20;A01
200900053538;0;2;0;0;2;2;17;B01
200900053538;0;10;0;0;9;1;15;A01
200900053539;0;7;0;1;2;0;21;A01
200900053539;0;33;0;0;2;1;21;B01
200900053540;0;31;0;0;2;1;2;A01
200900053540;0;7;0;0;9;5;1;B01
200900053541;0;7;0;0;2;2;15;A01
200900053541;0;33;0;0;2;1;1;B01
200900053542;0;7;0;0;9;3;9;A01
200900053542;0;2;0;0;2;7;1;B01
200900053543;0;7;0;0;1;4;4;A01
200900053544;1;7;0;0;2;1;9;B01
200900053544;0;7;0;4;2;5;1;A01
200900053545;0;7;0;0;2;3;9;A01
200900053545;0;2;0;0;2;1;1;B01
200900053546;0;33;0;0;2;0;17;B01
200900053546;0;7;0;0;0;0;11;A01
200900053547;0;7;0;2;0;1;14;A01
200900053548;0;7;0;0;2;3;1;B02
200900053548;0;7;0;0;2;3;1;A01
200900053549;0;7;0;13;0;2;1;A01
200900053550;0;7;0;4;0;2;1;A01
200900053551;0;7;0;16;0;1;1;A01
200900053552;0;7;0;6;0;1;0;A01
200900053553;0;7;0;0;2;8;1;A01
200900053553;0;2;0;0;2;1;9;B01
200900053554;0;7;0;0;2;7;15;A01
200900053554;0;34;0;0;2;0;1;B01
200900053555;0;7;0;6;0;1;0;A01
200900053556;0;7;0;0;0;0;1;A01
200900053557;0;10;0;0;1;2;2;A01
200900053558;0;7;0;0;2;8;9;A01
200900053558;0;30;0;0;2;7;1;B01
200900053559;0;7;0;0;2;1;2;A01
200900053559;0;7;0;0;2;1;2;B01
200900053560;0;7;0;0;2;1;20;A01
200900053560;0;2;0;0;2;1;17;B01
200900053561;0;7;0;0;0;0;16;A01
200900053561;0;1;0;0;0;0;1;B01
200900053562;0;7;0;0;2;2;1;B01
200900053562;0;1;0;0;2;3;19;A01
200900053563;0;7;0;0;1;4;4;A01
200900053564;0;32;0;0;2;0;18;B01
200900053564;0;7;0;0;2;2;12;A01
200900053565;0;7;0;0;2;2;1;B01
200900053565;0;99;0;0;2;3;1;A01
200900053566;0;2;0;0;2;8;1;A01
200900053566;0;7;0;0;2;8;1;B01
200900053567;0;7;0;0;2;2;15;B01
200900053567;0;30;0;0;2;2;1;A01
200900053568;1;2;0;0;1;1;15;A01
200900053569;0;2;0;3;0;0;1;A01
200900053570;0;7;0;6;0;1;16;A01
200900053571;0;10;0;0;2;3;9;A01
200900053571;0;7;0;0;2;7;1;B01
200900053572;0;10;0;0;2;8;1;B01
200900053572;0;32;0;0;2;7;17;A01
200900053573;0;10;0;15;2;2;1;B01
200900053573;0;7;0;0;2;3;1;A01
200900053574;0;7;0;0;1;1;1;A01
200900053575;0;7;0;0;0;4;23;C01
200900053575;0;7;0;0;2;1;2;A01
200900053575;0;7;0;0;2;4;23;B01
200900053576;0;7;0;1;0;0;1;A01
200900053577;0;7;0;1;0;2;1;A01
200900053578;0;7;0;0;1;5;16;A01
200900053579;0;7;0;0;2;1;1;A01
200900053579;0;7;0;0;2;8;1;B01
200900053580;0;7;0;0;1;4;1;B01
200900053580;0;7;0;0;2;3;1;A01
200900053581;0;37;3;0;0;1;1;A01
200900053582;0;31;0;0;2;2;2;A01
200900053582;0;7;0;0;2;4;1;B01
200900053583;0;7;0;0;9;3;0;A01
200900053583;0;33;0;0;2;5;0;B01
200900053584;0;7;0;1;0;3;1;A01
200900053585;0;33;0;0;2;3;1;B01
200900053585;0;1;0;0;2;7;1;A01
200900053586;0;7;0;0;1;2;1;A01
200900053587;0;33;0;0;2;8;3;A01
200900053587;0;7;0;0;2;5;1;B01
200900053588;1;34;0;0;1;1;1;A01
200900053589;0;7;0;1;2;3;9;A01
200900053589;0;7;0;0;2;2;1;B01
200900053590;0;7;0;0;0;8;18;A01
200900053590;0;15;0;0;2;7;16;B01
200900053591;0;7;0;0;0;2;1;B01
200900053591;0;1;0;0;2;1;0;A01
200900053592;0;10;0;0;1;3;15;A01
200900053593;0;2;0;0;2;1;14;B01
200900053593;0;7;0;0;2;3;9;A01
200900053594;0;32;0;0;0;0;1;A01
200900053595;0;7;0;0;2;6;4;A01
200900053595;0;1;0;0;2;1;1;B01
200900053596;0;30;0;0;2;1;17;A01
200900053596;0;7;0;0;2;6;15;B01
200900053597;0;7;0;1;0;1;0;A01
200900053598;0;30;0;0;2;1;1;A01
200900053598;0;7;0;0;2;5;1;B01
200900053599;0;30;0;0;2;1;1;A01
200900053599;0;32;0;0;2;1;1;B01
200900053600;0;31;0;0;2;0;24;B01
200900053600;1;36;0;0;2;0;1;A01
200900053601;0;32;0;0;0;0;1;A01
200900053602;0;2;0;12;0;0;1;A01
200900053603;0;7;0;8;0;3;13;A01
200900053604;0;7;0;0;0;6;0;A01
200900053604;0;30;0;0;2;1;0;B01
200900053605;0;2;0;0;2;3;21;A01
200900053605;0;7;0;0;2;6;23;B01
200900053606;0;31;0;0;2;1;2;A01
200900053606;0;7;0;0;2;4;2;B01
200900053607;0;7;0;0;1;5;0;A01
200900053608;0;33;0;0;0;3;0;B01
200900053608;0;7;0;0;0;2;0;A01
200900053609;0;10;0;0;2;3;0;A01
200900053609;0;7;0;0;2;3;0;B01
200900053610;0;37;1;0;0;2;1;B01
200900053610;0;7;0;0;0;3;24;A01
200900053611;0;2;0;0;2;2;1;B01
200900053611;0;7;0;0;2;8;20;A01
200900053612;0;7;0;0;2;2;1;A01
200900053612;0;2;0;0;2;1;1;B01
200900053613;0;7;0;0;2;4;2;B01
200900053613;0;7;0;0;2;1;2;A01
200900053614;0;7;0;0;0;5;0;A01
200900053614;0;34;0;0;2;1;0;B01
200900053615;0;7;0;0;2;2;12;A01
200900053615;0;33;0;6;2;8;1;B01
200900053616;0;2;0;0;2;3;0;B01
200900053616;0;7;0;0;2;2;0;A01
200900053617;0;33;0;0;2;1;1;A01
200900053617;0;7;0;0;2;2;15;B01
200900053618;0;7;0;4;0;1;13;A01
200900053619;0;7;0;0;1;1;1;A01
200900053620;0;33;0;0;2;7;1;B01
200900053620;0;7;0;0;2;8;22;A01
200900053621;0;10;0;12;2;1;0;A01
200900053621;0;10;0;0;2;8;1;D01
200900053621;0;7;0;0;2;8;1;C01
200900053621;0;7;0;0;2;1;1;B01
200900053622;0;7;0;9;2;1;1;A01
200900053623;0;2;0;0;0;0;0;A01
200900053623;0;7;0;0;0;1;1;B01
200900053624;0;30;0;0;1;1;1;A01
200900053625;0;2;0;0;2;1;15;A01
200900053625;0;7;0;0;2;8;1;B01
200900053626;0;33;0;0;2;1;1;A01
200900053626;0;7;0;0;2;6;1;B01
200900053627;0;7;0;14;0;1;2;A01
200900053627;0;7;0;0;1;4;2;B01
200900053628;0;7;0;0;2;8;0;B01
200900053628;0;7;0;0;2;6;0;C01
200900053628;0;2;0;1;0;7;1;A01
200900053629;0;2;0;1;0;3;2;A01
200900053630;0;31;0;1;1;1;1;A01
200900053631;0;7;0;0;2;7;2;A01
200900053631;0;1;0;0;2;8;2;B01
200900053632;0;7;0;0;2;1;1;A01
200900053632;0;7;0;0;2;4;1;B01
200900053633;0;7;0;0;2;3;12;A01
200900053633;0;33;0;0;2;5;17;B01
200900053634;0;7;0;0;2;1;1;A01
200900053634;0;7;0;0;2;4;1;B01
200900053635;0;7;0;0;2;5;23;B01
200900053635;0;2;0;0;2;1;0;A01
200900053636;0;31;0;0;1;7;1;A01
200900053637;0;2;0;0;1;1;5;A01
200900053638;0;1;0;0;1;1;1;A01
200900053639;0;2;0;0;1;1;18;A01
200900053640;0;7;0;0;1;4;4;A01
200900053641;0;7;0;0;1;3;15;A01
200900053642;0;7;0;0;2;7;17;A01
200900053642;0;7;0;0;2;8;9;B01
200900053643;0;7;0;0;2;4;23;B01
200900053643;0;38;21;0;2;1;2;A01
200900053643;0;7;0;0;2;4;23;C01
200900053644;0;2;0;0;1;1;1;A01
200900053645;0;7;0;0;2;1;17;A01
200900053645;0;7;0;0;2;1;1;B01
200900053646;0;7;0;0;2;8;23;B01
200900053646;0;33;0;0;2;1;1;A01
200900053647;0;7;0;0;2;1;0;A01
200900053647;0;33;0;0;2;7;1;B01
200900053648;0;7;0;0;2;1;1;A01
200900053648;0;1;0;0;0;1;1;B01
200900053649;0;34;0;1;2;2;0;A01
200900053649;0;7;0;0;0;2;0;B01
200900053650;0;7;0;0;2;4;2;B01
200900053650;0;32;0;0;2;1;0;A01
200900053651;0;7;0;0;9;2;11;A01
200900053651;0;32;0;0;2;1;1;B01
200900053652;0;32;0;0;1;1;0;A01
200900053653;0;7;0;0;0;3;1;A01
200900053654;0;33;0;0;2;7;17;A01
200900053654;0;7;0;0;2;8;0;B01
200900053655;0;7;0;0;2;2;15;A01
200900053655;0;33;0;0;2;3;1;B01
200900053656;0;7;0;0;1;1;0;A01
200900053657;0;7;0;0;9;3;15;B01
200900053657;0;1;0;0;2;1;0;A01
200900053658;0;7;0;0;2;1;2;B01
200900053658;0;10;0;0;2;2;15;A01
200900053659;0;7;0;0;1;1;15;A01
200900053660;0;2;0;0;2;7;1;B01
200900053660;0;7;0;0;2;8;15;A01
200900053661;0;7;0;0;2;3;9;A01
200900053661;0;1;0;0;2;1;2;B01
200900053662;0;7;0;0;9;7;1;A01
200900053663;0;7;0;0;1;6;20;A01
200900053664;0;7;0;0;2;1;15;A01
200900053664;0;33;0;0;2;1;1;B01
200900053665;0;7;0;0;2;2;10;A01
200900053665;0;32;0;0;2;1;1;B01
200900053666;0;37;1;0;2;4;2;C01
200900053666;0;7;0;0;2;1;2;A01
200900053666;0;10;0;0;2;4;2;B01
200900053667;0;7;0;0;2;1;15;A01
200900053667;0;33;0;0;2;3;15;B01
200900053668;0;7;0;0;2;6;1;B01
200900053668;0;31;0;0;2;1;1;A01
200900053669;0;14;0;0;2;5;2;C01
200900053669;0;14;0;0;2;3;0;A01
200900053669;0;7;0;0;2;4;11;B01
200900053670;0;33;0;0;2;1;17;B01
200900053670;0;7;0;0;2;1;15;A01
200900053671;0;7;0;0;2;3;15;A01
200900053671;0;2;0;0;2;2;17;B01
200900053672;0;30;0;0;2;8;2;A01
200900053672;0;7;0;0;2;7;2;B01
200900053673;0;31;0;0;2;1;17;A01
200900053673;0;7;0;0;2;6;15;B01
200900053674;0;7;0;0;2;1;1;A01
200900053674;0;33;0;0;0;4;23;B01
200900053675;0;31;0;0;2;4;0;B01
200900053675;0;7;0;0;2;1;12;A01
200900053676;0;7;0;0;2;5;2;B01
200900053676;0;7;0;0;2;3;2;A01
200900053677;0;33;0;4;0;8;16;A01
200900053678;0;7;0;3;2;6;0;B01
200900053678;2;7;0;0;2;2;0;A01
200900053678;0;7;0;0;2;6;0;D01
200900053678;0;7;0;0;0;0;0;C01
200900053679;0;34;0;0;0;7;1;A01
200900053680;0;10;0;0;2;3;2;B01
200900053680;0;7;0;4;0;1;12;A01
200900053681;1;7;0;0;2;0;0;B01
200900053681;0;33;0;0;0;4;12;A01
200900053682;0;7;0;0;2;8;1;B01
200900053682;0;33;0;0;2;1;3;A01
200900053683;0;33;0;0;2;8;2;A01
200900053683;0;7;0;0;2;7;2;B01
200900053684;0;7;0;6;0;1;1;A01
200900053685;0;7;0;0;0;5;1;B01
200900053685;0;32;0;0;2;1;14;A01
200900053686;0;33;0;4;0;8;15;A01
200900053687;0;7;0;4;0;1;1;A01
200900053688;0;33;0;0;2;8;3;A01
200900053688;0;7;0;0;2;7;12;B01
200900053688;0;7;0;0;2;8;2;C01
200900053689;0;33;0;0;2;2;3;A01
200900053689;0;7;0;0;0;8;22;B01
200900053689;0;7;0;0;2;7;1;C01
200900053690;0;7;0;0;2;1;2;D01
200900053690;0;7;0;0;6;4;2;B01
200900053690;0;7;0;0;2;6;2;C01
200900053690;0;10;0;0;2;1;2;A01
200900053691;0;7;0;4;0;2;2;A01
200900053692;0;7;0;1;0;7;1;A01
200900053693;0;7;0;0;0;0;1;A01
200900053694;0;33;0;0;5;7;1;A01
200900053695;1;7;0;0;2;4;4;A01
200900053695;0;30;0;0;2;2;23;B01
200900053696;0;99;0;0;0;0;0;A01
200900053696;0;1;0;0;0;0;0;B01
200900053697;0;7;0;0;0;8;15;B01
200900053697;0;33;0;0;0;8;0;A01
200900053698;0;33;0;0;0;1;1;B01
200900053698;0;7;0;0;0;7;20;A01
200900053699;0;33;0;0;2;1;2;B01
200900053699;0;7;0;0;0;7;0;A01
200900053700;0;7;0;0;0;2;0;A01
200900053700;0;7;0;0;0;2;0;B01
200900053701;0;7;0;0;0;0;0;C01
200900053701;0;7;0;0;0;7;0;B01
200900053701;0;2;0;0;0;8;0;A01
200900053702;0;33;0;14;9;8;21;A01
200900053703;0;33;0;4;0;7;1;A01
200900053704;0;7;0;0;0;5;12;B01
200900053704;0;32;0;0;2;3;3;A01
200900053705;1;7;0;1;0;2;17;C01
200900053705;0;7;0;0;2;8;13;A01
200900053705;0;33;0;0;2;7;17;B01
200900053706;0;7;0;6;0;3;0;A01
200900053707;0;7;0;0;2;4;2;C01
200900053707;0;15;0;0;2;1;2;A01
200900053707;0;14;0;0;2;1;17;B01
200900053708;0;10;0;0;0;4;2;C01
200900053708;0;7;0;0;2;1;2;A01
200900053708;0;7;0;0;2;4;2;B01
200900053709;0;33;0;3;0;7;14;A01
200900053710;0;7;0;1;0;1;2;A01
200900053710;0;7;0;0;0;4;2;B01
200900053711;0;7;0;0;2;3;12;A01
200900053711;0;7;0;0;2;5;12;B01
200900053712;0;7;0;4;0;8;1;A01
200900053713;0;33;0;0;0;1;1;A01
200900053714;0;33;0;0;9;8;15;A01
200900053715;1;7;0;0;2;1;3;B01
200900053715;0;33;0;0;2;4;1;A01