num_acc;senc;catv;occutc;obs;obsm;choc;manv;num_veh
200900053716;0;7;0;0;1;1;1;A01
200900053717;0;31;0;0;2;1;1;B01
200900053717;0;7;0;0;2;3;15;A01
200900053718;0;10;0;0;2;5;16;B01
200900053718;0;32;0;0;2;1;1;A01
200900053719;0;7;0;0;2;3;1;A01
200900053719;0;2;0;0;2;2;1;B01
200900053720;0;7;0;8;1;1;1;A01
200900053721;0;7;0;0;2;8;15;B01
200900053721;0;31;0;0;2;7;17;A01
200900053722;0;7;0;1;0;1;1;A01
200900053723;0;31;0;0;2;1;1;B01
200900053723;1;7;0;0;2;0;15;A01
200900053724;0;33;0;0;0;8;1;A01
200900053725;0;32;0;0;2;1;1;B01
200900053725;0;7;0;0;2;8;15;A01
200900053726;0;37;1;0;2;1;1;A01
200900053726;0;1;0;0;2;4;7;B01
200900053727;0;32;0;0;0;7;1;A01
200900053728;0;7;0;0;1;1;1;A01
200900053729;0;7;0;0;2;2;1;B01
200900053729;0;7;0;0;2;3;15;A01
200900053730;0;7;0;0;2;5;15;A01
200900053730;0;10;0;0;2;3;1;B01
200900053731;0;7;0;1;2;9;1;A01
200900053732;0;7;0;0;1;1;1;A01
200900053733;0;7;0;0;1;1;1;A01
200900053734;0;30;0;0;0;0;0;A01
200900053735;0;17;0;0;0;7;16;A01
200900053735;0;1;0;0;0;0;0;B01
200900053736;0;99;0;0;0;8;0;B01
200900053736;0;7;0;0;2;1;0;A01
200900053737;0;32;0;0;2;7;0;B01
200900053737;0;7;0;0;2;2;0;A01
200900053738;0;10;0;0;2;1;0;B01
200900053738;0;7;0;0;2;7;0;A01
200900053739;0;7;0;0;1;1;0;A01
200900053740;0;7;0;0;2;3;15;A01
200900053740;0;33;0;0;2;1;1;B01
200900053741;0;7;0;0;2;8;15;B01
200900053741;0;30;0;0;2;1;17;A01
200900053742;0;7;0;0;2;2;15;A01
200900053742;0;31;0;0;1;1;1;B01
200900053743;0;7;0;15;0;1;1;A01
200900053744;1;34;0;0;1;1;1;A01
200900053745;0;7;0;0;9;3;2;A01
200900053745;0;30;0;0;2;2;5;B01
200900053746;0;10;0;0;0;1;1;A01
200900053746;0;30;0;0;0;4;23;B01
200900053747;0;7;0;0;2;6;10;A01
200900053747;0;31;0;0;2;2;21;B01
200900053748;0;33;0;0;0;0;1;A01
200900053748;0;7;0;0;0;7;1;B01
200900053749;0;32;0;0;2;2;17;A01
200900053749;0;7;0;0;2;8;15;B01
200900053750;0;30;0;0;2;1;1;A01
200900053750;0;7;0;0;0;6;1;B01
200900053751;0;32;0;0;2;0;1;B01
200900053751;0;7;0;0;0;0;1;A01
200900053752;0;2;0;0;2;1;1;B01
200900053752;0;7;0;0;2;8;16;A01
200900053753;0;1;0;0;2;1;5;B01
200900053753;0;7;0;0;2;3;15;A01
200900053754;0;7;0;0;2;8;15;A01
200900053754;0;30;0;0;2;7;17;B01
200900053755;0;7;0;0;2;1;9;A01
200900053755;0;7;0;0;2;8;1;B01
200900053756;0;14;0;0;2;1;1;A01
200900053756;0;7;0;0;2;4;1;B01
200900053757;0;34;0;0;2;6;1;B01
200900053757;0;7;0;0;2;2;1;A01
200900053758;0;7;0;0;1;3;1;A01
200900053759;0;7;0;0;2;8;9;A01
200900053759;0;7;0;0;2;8;9;B01
200900053760;0;7;0;0;2;3;6;A01
200900053760;0;10;0;0;2;8;1;B01
200900053761;0;10;0;0;1;1;1;A01
200900053762;0;33;0;0;2;1;1;A01
200900053762;0;7;0;0;2;1;23;B01
200900053763;0;7;0;15;0;1;2;A01
200900053764;0;7;0;0;0;0;0;A01
200900053765;0;7;0;16;0;9;0;A01
200900053766;0;33;0;0;2;4;9;A01
200900053766;0;33;0;0;2;1;1;B01
200900053766;0;33;0;0;2;0;1;C01
200900053767;0;7;0;8;0;1;0;A01
200900053768;0;99;0;0;1;5;4;A01
200900053769;0;7;0;0;2;4;1;B01
200900053769;0;33;0;0;2;1;1;A01
200900053770;0;10;0;0;2;3;1;A01
200900053770;0;7;0;0;2;1;1;B01
200900053771;0;30;0;0;2;1;1;A01
200900053771;0;7;0;0;2;8;1;B01
200900053772;0;7;0;8;0;2;1;A01
200900053773;0;7;0;0;1;1;1;A01
200900053774;0;7;0;0;2;2;17;B01
200900053774;0;7;0;0;2;3;11;A01
200900053775;0;1;0;1;2;3;19;A01
200900053775;0;7;0;0;2;5;1;B01
200900053776;0;7;0;0;2;3;13;A01
200900053776;0;33;0;0;2;7;17;B01
200900053777;0;31;0;0;2;1;1;A01
200900053777;0;7;0;0;2;3;15;B01
200900053778;0;7;0;0;1;1;0;A01
200900053779;0;32;0;0;2;1;0;A01
200900053780;0;1;0;0;2;3;19;A01
200900053780;0;7;0;0;2;1;1;B01
200900053781;0;31;0;0;2;1;1;B01
200900053781;0;7;0;0;2;1;1;A01
200900053782;0;33;0;0;2;1;1;B01
200900053782;0;10;0;0;2;2;15;A01
200900053783;0;31;0;12;0;7;14;A01
200900053784;0;7;0;0;1;3;1;A01
200900053785;0;7;0;0;0;1;1;A01
200900053785;0;7;0;0;0;4;23;C01
200900053785;0;7;0;0;0;4;23;B01
200900053786;0;7;0;0;2;7;1;B01
200900053786;0;2;0;0;2;8;18;A01
200900053787;0;7;0;0;2;2;1;A01
200900053788;0;37;3;0;1;1;1;A01
200900053789;0;2;0;0;2;1;1;B01
200900053789;0;7;0;0;2;2;1;A01
200900053790;0;14;0;0;2;1;1;A01
200900053790;0;10;0;0;0;4;1;B01
200900053791;1;7;0;0;1;0;0;A01
200900053792;0;7;0;0;2;1;1;A01
200900053792;0;7;0;0;2;4;23;C01
200900053792;0;2;0;0;2;4;1;B01
200900053793;0;1;0;0;2;1;1;B01
200900053793;0;30;0;0;2;1;1;A01
200900053794;0;1;0;0;0;0;1;A01
200900053795;0;7;0;0;2;1;15;B01
200900053795;0;33;0;0;2;7;1;A01
200900053796;0;7;0;0;1;1;15;A01
200900053797;0;30;0;0;2;1;2;A01
200900053797;0;7;0;0;2;4;2;B01
200900053798;1;7;0;0;2;8;10;A01
200900053798;0;30;0;0;2;2;17;B01
200900053799;0;10;0;0;2;5;2;A01
200900053799;0;32;0;0;2;8;2;B01
200900053800;0;32;0;0;0;0;1;A01
200900053801;0;7;0;0;1;2;1;A01
200900053802;0;7;0;0;2;2;1;A01
200900053803;0;7;0;0;2;1;0;A01
200900053803;0;7;0;0;2;4;2;B01
200900053804;0;7;0;0;2;2;1;B01
200900053804;0;30;0;0;2;6;0;A01
200900053805;1;30;0;0;1;1;1;A01
200900053806;0;33;0;0;9;8;1;A01
200900053807;0;33;0;0;2;1;5;A01
200900053807;0;7;0;0;2;1;9;B01
200900053808;0;33;0;0;2;1;1;A01
200900053808;0;7;0;0;2;2;15;B01
200900053809;0;10;0;0;1;1;15;A01
200900053810;0;33;0;1;0;1;0;A01
200900053811;0;7;0;0;2;1;2;A01
200900053811;0;33;0;0;2;4;23;B01
200900053812;0;7;0;0;1;3;1;A01
200900053813;0;7;0;0;2;3;15;B01
200900053813;0;34;0;0;2;1;1;A01
200900053814;0;7;0;0;2;3;1;B01
200900053814;0;7;0;3;2;1;1;C01
200900053814;0;7;0;4;2;4;1;A01
200900053815;0;31;0;0;2;1;3;A01
200900053815;0;7;0;0;0;4;12;B01
200900053816;0;33;0;4;0;8;21;B01
200900053816;0;10;0;0;0;0;11;A01
200900053816;0;10;0;0;2;8;2;C01
200900053817;0;7;0;0;2;5;2;B01
200900053817;0;31;0;0;2;1;2;A01
200900053818;0;33;0;0;2;1;2;A01
200900053818;0;7;0;0;2;4;2;B01
200900053819;0;33;0;0;2;3;1;A01
200900053819;0;10;0;0;2;5;12;B01
200900053820;0;33;0;0;2;3;3;A01
200900053820;0;7;0;0;0;5;1;B01
200900053821;0;7;0;0;0;5;12;B01
200900053821;0;32;0;0;2;3;3;A01
200900053822;0;31;0;0;2;8;3;B01
200900053822;0;7;0;0;2;2;12;A01
200900053823;0;7;0;0;2;7;2;B01
200900053823;0;33;0;0;2;1;2;A01
200900053824;0;33;0;0;0;7;1;A01
200900053825;0;33;0;0;2;1;0;B01
200900053825;0;7;0;0;2;3;0;A01
200900053826;0;33;0;0;2;3;3;A01
200900053826;0;7;0;0;2;7;12;B01
200900053826;0;10;0;0;1;4;1;C01
200900053827;0;7;0;0;2;5;11;A01
200900053827;0;33;0;0;2;3;3;B01
200900053828;0;7;0;0;2;2;0;A01
200900053828;0;15;0;0;0;1;0;B01
200900053829;0;33;0;0;2;1;2;A01
200900053829;0;7;0;0;2;5;2;B01
200900053830;0;7;0;0;2;4;2;C01
200900053830;0;7;0;0;2;1;2;A01
200900053830;0;7;0;0;2;4;2;B01
200900053831;0;7;0;4;0;1;12;A01
200900053832;0;33;0;0;2;1;1;B01
200900053832;0;7;0;0;2;8;11;A01
200900053833;0;7;0;0;2;5;2;B01
200900053833;0;7;0;5;2;1;2;A01
200900053833;0;7;0;0;0;6;2;C01
200900053834;0;7;0;0;2;4;2;C01
200900053834;0;7;0;0;0;4;2;D01
200900053834;0;7;0;0;2;4;2;B01
200900053834;0;7;0;0;2;1;2;A01
200900053835;0;7;0;0;9;5;0;B01
200900053835;0;33;0;0;2;1;2;A01
200900053836;0;7;0;0;2;3;2;A01
200900053836;0;7;0;0;2;5;2;B01
200900053837;0;7;0;0;9;4;2;B01
200900053837;0;7;0;0;2;1;2;A01
200900053838;0;30;0;0;1;1;0;A01
200900053839;0;7;0;0;1;0;0;A01
200900053840;0;34;0;0;1;8;0;A01
200900053841;0;30;0;0;1;1;0;A01
200900053842;0;99;0;0;1;1;15;A01
200900053843;0;7;0;0;2;2;0;B01
200900053843;0;30;0;0;0;0;0;A01
200900053844;0;7;0;0;1;4;4;A01
200900053845;0;7;0;0;1;3;15;A01
200900053846;0;2;0;0;2;3;0;B01
200900053846;0;7;0;0;2;0;0;A01
200900053847;0;7;0;1;0;1;1;A01
200900053848;0;33;0;0;5;1;0;A01
200900053849;0;7;0;0;2;1;2;A01
200900053849;0;33;0;0;2;4;2;B01
200900053850;0;7;0;0;1;1;1;A01
200900053851;1;30;0;0;1;1;5;A01
200900053852;0;7;0;0;1;3;20;A01
200900053853;0;7;0;0;2;3;15;A01
200900053853;0;33;0;0;2;1;1;B01
200900053854;1;30;0;0;1;4;0;A01
200900053855;0;7;0;0;2;0;0;B01
200900053855;0;33;0;0;2;1;0;A01
200900053856;0;7;0;6;0;1;1;A01
200900053857;0;2;0;0;0;7;17;A01
200900053858;0;10;0;0;2;7;2;A01
200900053858;0;34;0;0;2;8;2;B01
200900053859;0;7;0;0;2;3;1;B01
200900053859;0;7;0;0;2;1;10;A01
200900053860;0;33;0;0;0;0;1;A01
200900053860;0;7;0;0;0;3;15;B01
200900053861;0;33;0;0;0;0;0;B01
200900053861;0;7;0;0;0;0;0;A01
200900053862;0;33;0;0;1;1;1;A01
200900053863;0;7;0;0;1;1;1;A01
200900053864;0;33;0;0;2;3;1;A01
200900053864;0;7;0;0;2;2;12;B01
200900053865;0;7;0;0;2;3;15;B01
200900053865;0;32;0;1;2;2;17;A01
200900053866;0;7;0;9;0;1;1;A01
200900053867;0;33;0;0;2;7;17;A01
200900053867;0;7;0;0;2;8;15;B01
200900053868;0;7;0;0;2;4;2;B01
200900053868;0;30;0;0;2;1;2;A01
200900053869;0;32;0;0;0;0;1;A01
200900053869;0;7;0;0;0;3;15;B01
200900053870;0;32;0;0;2;2;1;A01
200900053870;0;7;0;0;2;8;1;B01
200900053871;0;2;0;0;2;1;1;A01
200900053871;0;7;0;0;2;2;15;B01
200900053872;0;7;0;2;0;1;1;A01
200900053873;0;7;0;0;2;7;16;A01
200900053873;0;37;1;0;2;1;1;B01
200900053874;0;37;20;0;2;3;16;B01
200900053874;0;7;0;0;2;2;16;A01
200900053875;0;7;0;14;1;2;14;A01
200900053876;0;7;0;0;2;8;1;A01
200900053876;0;14;0;0;2;5;1;B01
200900053877;0;7;0;0;0;4;23;B01
200900053877;0;7;0;0;0;1;1;A01
200900053878;0;33;0;0;2;1;2;A01
200900053878;0;7;0;0;2;4;16;B01
200900053879;0;7;0;0;1;1;20;A01
200900053880;0;33;0;0;0;0;0;A01
200900053880;0;7;0;0;0;6;0;B01
200900053881;0;7;0;0;9;3;10;B01
200900053881;0;30;0;0;2;1;0;A01
200900053882;0;1;0;0;2;8;1;B01
200900053882;0;7;0;0;2;1;15;A01
200900053883;0;7;0;0;1;7;16;A01
200900053884;0;31;0;0;2;1;1;B01
200900053884;0;7;0;0;2;2;10;A01
200900053885;0;7;0;0;1;1;1;A01
200900053886;0;7;0;0;1;4;4;A01
200900053887;0;7;0;0;2;2;19;A01
200900053887;0;7;0;0;2;3;2;B01
200900053888;0;10;0;0;2;3;1;B01
200900053888;0;20;0;0;2;0;1;A01
200900053889;0;33;0;0;2;2;1;A01
200900053889;0;7;0;0;2;3;1;B01
200900053890;0;33;0;0;2;0;17;A01
200900053890;0;99;0;0;0;0;15;B01
200900053891;0;30;0;0;1;1;1;A01
200900053892;0;31;0;0;2;1;15;B01
200900053892;0;7;0;0;2;2;15;A01
200900053893;0;32;0;0;2;7;17;B01
200900053893;0;7;0;0;2;8;15;A01
200900053894;0;7;0;0;2;1;15;A01
200900053894;0;30;0;0;2;3;1;B01
200900053895;0;3;0;0;1;3;16;A01
200900053896;0;1;0;0;2;4;13;B01
200900053896;0;7;0;0;2;2;1;A01
200900053897;0;33;0;14;0;1;16;A01
200900053898;0;7;0;0;2;6;1;B01
200900053898;0;7;0;0;2;1;1;A01
200900053899;0;2;0;0;2;1;1;B01
200900053899;0;7;0;0;2;7;16;A01
200900053900;0;7;0;0;2;1;1;A01
200900053900;0;13;0;0;2;4;1;C01
200900053900;0;7;0;0;2;1;1;B01
200900053901;1;7;0;0;1;0;0;A01
200900053902;0;1;0;0;2;3;1;B01
200900053902;0;7;0;0;2;3;15;A01
200900053903;0;33;0;0;2;1;0;A01
200900053903;0;7;0;0;2;2;10;B01
200900053904;0;7;0;0;1;1;17;A01
200900053905;0;31;0;0;1;1;17;A01
200900053906;0;30;0;0;1;1;17;A01
200900053907;0;32;0;0;2;7;2;B01
200900053907;0;7;0;0;2;5;12;A01
200900053908;0;10;0;0;2;2;2;B01
200900053908;0;33;0;0;2;1;11;A01
200900053909;0;7;0;0;2;1;1;A01
200900053909;0;14;0;0;2;4;1;B01
200900053910;1;30;0;0;1;0;0;A01
200900053911;0;7;0;0;1;0;0;A01
200900053912;0;7;0;0;2;3;15;A01
200900053912;0;34;0;0;2;2;1;B01
200900053913;0;7;0;0;2;6;13;B01
200900053913;0;33;0;0;2;2;1;A01
200900053914;0;10;0;0;2;7;1;B01
200900053914;0;2;0;0;2;1;1;A01
200900053915;0;31;0;0;0;0;1;A01
200900053916;0;33;0;0;2;1;1;B01
200900053916;0;10;0;0;2;6;11;A01
200900053917;0;31;0;0;2;1;18;B01
200900053917;0;7;0;0;2;7;15;A01
200900053918;0;7;0;0;0;1;1;A01
200900053918;0;7;0;0;0;4;1;B01
200900053919;0;7;0;0;2;4;4;A01
200900053919;0;2;0;0;2;1;1;B01
200900053920;0;7;0;0;2;3;2;B01
200900053920;0;33;0;0;2;9;6;A01
200900053921;0;32;0;0;2;1;2;B01
200900053921;0;7;0;0;2;6;10;A01
200900053922;0;7;0;0;1;4;4;A01
200900053923;0;1;0;0;0;7;1;A01
200900053923;0;7;0;0;0;1;16;B01
200900053924;0;32;0;0;2;7;17;A01
200900053924;0;7;0;0;2;3;15;B01
200900053925;1;34;0;0;0;0;0;A01
200900053925;0;34;0;0;0;0;0;B01
200900053926;0;30;0;0;2;5;1;A01
200900053926;0;34;0;0;2;3;1;B01
200900053927;0;33;0;0;0;0;0;B01
200900053927;0;10;0;0;0;0;1;A01
200900053928;0;7;0;0;2;8;1;B01
200900053928;0;7;0;0;2;3;0;A01
200900053929;0;33;0;0;0;8;2;A01
200900053930;0;7;0;0;2;7;1;B01
200900053930;0;31;0;0;2;2;1;A01
200900053931;0;31;0;0;2;1;1;B01
200900053931;0;7;0;0;2;8;15;A01
200900053932;0;32;0;0;0;1;1;A01
200900053933;0;7;0;0;2;4;2;C01
200900053933;0;7;0;0;2;1;2;A01
200900053933;0;7;0;0;2;5;2;B01
200900053934;0;2;0;0;9;1;1;A01
200900053934;0;1;0;0;2;7;12;B01
200900053935;0;7;0;0;2;4;1;B01
200900053935;0;14;0;0;2;1;1;A01
200900053936;0;7;0;0;2;1;1;A01
200900053936;0;7;0;0;2;4;20;B01
200900053937;0;7;0;0;1;1;1;A01
200900053938;0;34;0;0;2;8;1;B01
200900053938;0;7;0;0;2;2;1;A01
200900053939;0;32;0;0;2;1;2;A01
200900053939;0;10;0;0;2;4;24;B01
200900053940;0;33;0;0;2;1;17;A01
200900053940;0;7;0;0;2;8;15;B01
200900053941;0;2;0;0;0;1;1;A01
200900053941;0;7;0;0;0;6;15;B01
200900053942;0;31;0;0;2;8;18;B01
200900053942;0;7;0;0;2;2;16;A01
200900053943;0;7;0;0;2;1;2;A01
200900053943;0;7;0;0;0;4;23;B01
200900053944;0;7;0;0;1;1;1;A01
200900053945;0;7;0;0;2;4;4;B01
200900053945;0;7;0;0;2;1;1;A01
200900053946;0;10;0;0;2;1;2;A01
200900053946;0;7;0;0;2;5;2;B01
200900053947;0;7;0;0;2;3;10;A01
200900053947;0;32;0;0;2;7;1;B01
200900053947;0;7;0;0;2;2;1;C01
200900053948;0;30;0;0;1;0;1;A01
200900053949;0;32;0;11;0;1;0;A01
200900053950;0;7;0;8;2;8;15;B01
200900053950;0;33;0;6;2;1;17;A01
200900053951;0;7;0;0;1;2;1;A01
200900053952;0;7;0;0;1;1;18;A01
200900053953;0;31;0;0;2;1;21;C01
200900053953;0;10;0;0;2;6;21;B01
200900053953;1;7;0;0;2;4;15;A01
200900053954;0;32;0;0;1;1;1;A01
200900053955;0;7;0;0;2;2;1;A01
200900053955;0;31;0;0;2;4;1;B01
200900053956;0;33;0;0;1;1;1;A01
200900053957;0;7;0;0;2;3;9;A01
200900053957;0;30;0;0;2;2;1;B01
200900053958;0;7;0;0;2;2;15;B01
200900053958;0;31;0;0;2;2;17;A01
200900053959;0;2;0;0;2;7;17;B01
200900053959;0;7;0;0;2;3;10;A01
200900053960;0;7;0;0;0;1;2;A01
200900053960;0;7;0;0;2;4;2;B01
200900053961;0;7;0;0;1;1;1;A01
200900053962;0;1;0;0;2;1;19;A01
200900053962;0;7;0;0;2;2;2;B01
200900053963;0;7;0;0;2;8;9;A01
200900053963;0;30;0;0;2;1;1;B01
200900053964;0;1;0;0;2;8;1;A01
200900053964;0;7;0;0;2;1;16;B01
200900053965;0;37;1;0;2;3;1;B01
200900053965;0;7;0;0;2;3;15;A01
200900053966;0;1;0;0;1;1;1;A01
200900053967;0;7;0;0;2;3;10;A01
200900053967;0;30;0;0;2;1;1;B01
200900053968;0;30;0;0;0;7;23;A01
200900053968;1;10;0;0;0;0;1;B01
200900053969;0;7;0;0;9;1;15;A01
200900053969;0;2;0;8;2;8;2;B01
200900053970;0;32;0;0;2;1;1;B01
200900053970;0;7;0;0;2;2;15;A01
200900053971;0;7;0;0;2;3;1;B01
200900053971;0;33;0;0;2;7;17;A01
200900053972;0;7;0;0;2;1;2;A01
200900053972;0;7;0;0;2;4;2;B01
200900053973;0;7;0;0;1;1;1;A01
200900053974;0;7;0;0;1;3;17;A01
200900053975;0;7;0;0;2;5;16;A01
200900053975;0;33;0;0;2;9;1;B01
200900053976;0;7;0;0;0;0;2;B01
200900053976;0;33;0;0;0;0;9;A01
200900053977;0;32;0;14;0;8;0;A01
200900053978;0;31;0;0;2;1;1;A01
200900053979;0;33;0;0;1;1;16;A01
200900053980;0;32;0;0;2;3;1;B01
200900053980;0;7;0;0;2;2;16;A01
200900053981;0;33;0;0;2;1;17;A01
200900053981;0;7;0;0;2;1;9;B01
200900053982;0;7;0;15;2;1;1;A01
200900053982;0;7;0;0;2;1;16;B01
200900053983;0;7;0;0;1;3;15;A01
200900053984;0;10;0;1;1;6;4;A01
200900053985;0;30;0;0;1;0;0;A01
200900053986;0;7;0;0;9;1;1;A01
200900053987;0;34;0;0;2;1;0;B01
200900053987;0;7;0;0;2;7;15;A01
200900053988;0;32;0;14;0;2;0;A01
200900053988;0;7;0;0;0;3;0;B01
200900053989;0;14;0;0;2;2;17;A01
200900053989;0;7;0;0;2;1;0;B01
200900053990;0;33;0;0;0;0;2;A01
200900053990;0;7;0;0;0;0;2;B01
200900053991;0;1;0;0;1;1;1;A01
200900053992;0;7;0;0;1;1;1;A01
200900053993;0;7;0;0;0;6;1;B01
200900053993;0;7;0;0;2;1;9;A01
200900053994;0;7;0;0;9;3;1;B01
200900053994;0;2;0;0;2;1;1;A01
200900053995;0;7;0;0;9;4;11;A01
200900053995;0;34;0;0;2;8;0;B01
200900053996;0;7;0;0;2;5;12;B01
200900053996;0;31;0;0;2;3;3;A01
200900053997;0;7;0;0;2;1;15;A01
200900053997;0;33;0;0;2;1;1;B01
200900053998;0;7;0;0;0;0;12;A01
200900053998;0;34;0;0;0;8;21;B01
200900053999;0;34;0;0;2;8;18;B01
200900053999;0;7;0;0;2;7;0;A01
200900054000;0;7;0;0;1;1;15;A01
200900054001;0;7;0;0;1;1;1;A01
200900054002;0;7;0;0;1;1;15;A01
200900054003;0;33;0;0;2;1;1;B01
200900054003;0;7;0;0;2;3;10;A01
200900054004;0;33;0;0;2;1;17;A01
200900054005;0;7;0;0;2;7;16;A01
200900054005;0;2;0;0;2;8;1;B01
200900054006;0;7;0;0;2;5;16;A01
200900054006;0;32;0;0;2;1;1;B01
200900054007;1;10;0;0;0;0;15;B01
200900054007;0;30;0;0;0;0;1;A01
200900054008;0;2;0;0;0;0;1;A01
200900054009;0;30;0;0;0;0;1;A01
200900054010;0;30;0;0;2;1;1;B01
200900054010;0;7;0;0;2;3;15;A01
200900054011;0;32;0;0;2;7;17;B01
200900054011;0;7;0;0;2;6;15;A01
200900054012;0;32;0;0;2;1;13;B01
200900054012;0;7;0;0;2;8;10;A01
200900054013;0;7;0;1;2;2;1;B01
200900054013;0;7;0;0;2;8;13;A01
200900054014;0;7;0;0;2;3;15;B01
200900054014;0;30;0;0;2;2;17;A01
200900054015;0;2;0;0;2;1;1;B01
200900054015;0;7;0;0;2;1;15;A01
200900054016;0;30;0;0;2;1;1;A01
200900054016;0;7;0;0;2;7;19;B02
200900054017;0;7;0;0;2;2;0;C03
200900054017;0;10;0;0;2;1;13;B02
200900054017;0;7;0;0;2;1;1;A01
200900054018;0;20;0;13;0;9;14;A01
200900054019;0;30;0;0;0;5;1;B01
200900054019;0;7;0;0;2;1;9;A01
200900054020;0;10;0;0;2;2;13;A01
200900054020;0;7;0;0;2;1;1;B02
200900054021;0;7;0;3;0;2;1;A01
200900054022;0;7;0;0;2;3;1;B02
200900054022;0;7;0;0;2;3;13;A01
200900054023;0;7;0;3;0;1;1;A01
200900054024;0;7;0;0;9;8;1;A01
200900054024;0;1;0;0;2;8;1;B01
200900054025;0;7;0;0;2;1;1;B02
200900054025;0;7;0;0;2;1;13;A01
200900054026;0;7;0;0;2;2;13;A01
200900054026;0;7;0;0;2;3;1;B02
200900054027;0;1;0;0;2;3;1;A01
200900054027;1;7;0;0;2;8;13;B02
200900054028;0;7;0;0;2;1;1;A01
200900054028;0;7;0;0;2;1;1;B02
200900054029;0;7;0;13;0;1;1;A01
200900054030;0;30;0;0;0;1;1;B01
200900054030;0;7;0;0;2;3;15;A01
200900054031;0;7;0;0;1;2;1;A01
200900054032;0;7;0;0;2;7;2;A01
200900054032;0;1;0;0;2;8;2;B01
200900054033;0;7;0;1;0;1;1;A01
200900054034;0;10;0;0;1;2;1;A01
200900054035;0;7;0;6;0;1;13;A01
200900054036;0;7;0;0;0;2;2;A01
200900054036;0;7;0;0;0;5;2;B01
200900054037;0;7;0;0;2;7;19;A01
200900054037;0;7;0;0;2;1;1;B01
200900054038;0;30;0;0;0;7;1;A01
200900054039;0;10;0;13;0;1;1;A01
200900054040;0;7;0;13;1;1;1;A01
200900054041;0;7;0;13;0;1;1;A01
200900054042;0;7;0;0;2;1;5;A01
200900054042;0;7;0;0;2;1;1;B01
200900054042;0;7;0;0;2;1;1;C01
200900054043;0;17;0;0;2;5;17;A01
200900054043;0;3;0;0;2;8;1;B01
200900054044;0;21;0;13;0;8;1;A01
200900054045;0;3;0;0;0;9;13;A01
200900054046;0;7;0;16;0;9;1;A01
200900054047;0;7;0;0;1;3;1;A01
200900054048;0;7;0;0;2;1;1;A01
200900054048;0;3;0;0;2;7;16;B01
200900054049;0;31;0;0;2;1;1;B01
200900054049;0;7;0;0;2;5;15;A01
200900054050;0;2;0;0;2;8;1;B01
200900054050;0;7;0;0;2;1;19;A01
200900054051;0;7;0;0;2;1;1;B01
200900054051;0;7;0;0;2;2;19;A01
200900054052;0;14;0;0;2;1;19;A01
200900054052;0;10;0;0;2;8;1;B01
200900054053;0;33;0;8;2;2;1;A01
200900054053;0;7;0;0;2;3;16;B01
200900054054;0;7;0;0;2;1;19;A01
200900054054;0;30;0;0;2;8;1;B01
200900054055;0;33;0;0;2;1;13;A01
200900054055;0;7;0;0;2;1;1;B01
200900054056;0;7;0;8;0;1;13;A01
200900054057;0;7;0;0;2;2;15;A01
200900054057;0;30;0;0;2;1;1;B01
200900054058;0;7;0;8;0;3;13;A01
200900054059;0;7;0;0;2;6;15;B01
200900054059;0;30;0;0;2;1;17;A01
200900054060;0;30;0;0;2;1;1;B01
200900054060;0;7;0;0;2;3;9;A01
200900054061;0;7;0;0;2;3;9;A01
200900054061;0;30;0;0;2;1;1;B01
200900054062;0;30;0;0;2;1;17;A01
200900054062;0;7;0;0;2;3;15;B01
200900054063;0;30;0;0;2;1;1;B01
200900054063;0;7;0;0;2;1;9;A01
200900054064;0;33;0;16;0;7;1;A01
200900054065;0;7;0;8;0;1;13;A01
200900054066;0;1;0;0;2;4;2;B01
200900054066;1;10;0;0;2;1;2;Z01
200900054067;0;1;0;0;2;2;17;B01
200900054067;0;1;0;1;2;3;13;A01
200900054068;0;1;0;0;2;1;9;A01
200900054068;0;7;0;0;2;8;1;B01
200900054069;0;7;0;0;1;1;9;A01
200900054070;0;7;0;0;2;1;9;A01
200900054070;0;33;0;0;2;2;1;B01
200900054071;0;7;0;0;0;8;19;B01
200900054071;0;7;0;0;2;1;1;A01
200900054072;0;7;0;13;0;2;14;A01
200900054073;0;30;0;0;0;0;1;A01
200900054073;0;7;0;0;0;0;1;B01
200900054074;0;7;0;0;2;1;5;A01
200900054074;0;15;0;0;2;1;1;B01
200900054075;0;7;0;0;2;4;1;A01
200900054075;0;7;0;0;2;1;1;B01
200900054075;0;7;0;0;2;1;1;D01
200900054075;0;7;0;0;2;1;1;C01
200900054076;0;30;0;16;0;0;1;A01
200900054077;0;1;0;0;2;2;1;B01
200900054077;0;7;0;0;2;1;9;A01
200900054078;0;2;0;0;0;1;14;A01
200900054079;0;7;0;0;2;3;1;B01
200900054079;0;10;0;0;2;1;13;A01
200900054080;0;10;0;0;2;7;15;A01
200900054080;0;30;0;0;2;1;1;B01
200900054081;0;7;0;13;0;2;1;A01
200900054082;0;7;0;0;2;2;1;B01
200900054082;0;7;0;0;2;7;15;A01
200900054083;0;7;0;13;0;8;13;A01
200900054084;0;7;0;0;1;0;0;A01
200900054085;0;10;0;16;0;9;13;A01
200900054086;0;7;0;13;0;3;1;A01
200900054087;0;7;0;0;1;3;1;A01
200900054088;0;33;0;3;6;1;21;A01
200900054089;0;14;0;0;2;7;1;B01