num_acc;senc;catv;occutc;obs;obsm;choc;manv;num_veh
200900054467;0;7;0;0;0;4;1;B01
200900054467;0;1;0;0;2;1;1;A01
200900054468;0;7;0;0;2;1;1;A01
200900054468;0;7;0;0;0;4;1;B01
200900054469;0;7;0;8;0;1;14;A01
200900054470;0;7;0;2;0;1;1;A01
200900054471;0;7;0;0;2;1;1;A01
200900054471;0;7;0;0;0;4;1;B01
200900054472;0;7;0;0;2;1;1;A01
200900054472;0;7;0;0;2;4;1;B01
200900054472;0;7;0;0;0;4;1;C01
200900054473;0;7;0;15;0;1;14;A01
200900054474;0;7;0;0;2;1;1;A01
200900054474;0;31;0;0;2;1;1;B01
200900054475;0;2;0;0;2;1;16;B01
200900054475;0;33;0;0;2;2;2;A01
200900054476;0;7;0;0;2;1;2;C01
200900054476;0;7;0;0;2;1;9;A01
200900054476;0;34;0;0;2;1;2;B01
200900054477;0;7;0;0;0;4;23;B01
200900054477;0;7;0;0;2;1;1;A01
200900054478;0;7;0;0;2;1;2;A01
200900054478;0;7;0;0;2;4;2;B01
200900054479;0;2;0;0;2;0;2;A01
200900054479;0;1;0;0;2;0;2;B01
200900054480;0;2;0;15;0;1;2;A01
200900054481;0;7;0;0;1;1;15;A01
200900054482;0;7;0;0;0;6;15;A01
200900054482;0;40;0;0;2;1;1;B01
200900054483;0;33;0;0;0;5;15;A01
200900054483;0;7;0;0;2;3;15;B01
200900054484;0;7;0;0;1;2;1;A01
200900054485;0;30;0;0;2;1;2;A01
200900054486;0;10;0;0;0;4;23;C01
200900054486;0;36;0;0;2;4;23;B01
200900054486;0;7;0;0;2;3;12;A01
200900054487;0;7;0;0;2;0;1;A01
200900054487;0;7;0;0;0;3;1;B01
200900054488;0;7;0;0;0;8;16;A01
200900054488;0;7;0;0;2;2;1;B01
200900054489;0;7;0;0;0;8;15;B01
200900054489;0;2;0;0;2;1;17;A01
200900054490;0;2;0;0;0;0;2;A01
200900054491;0;1;0;0;2;1;5;A01
200900054491;0;7;0;0;2;1;1;B01
200900054492;0;31;0;0;1;1;2;A01
200900054493;0;7;0;4;1;2;1;A01
200900054493;0;7;0;0;2;3;13;B01
200900054494;0;33;0;0;2;0;2;A01
200900054494;0;7;0;0;2;4;2;B01
200900054495;0;31;0;0;2;8;2;B01
200900054495;1;7;0;0;0;0;0;A01
200900054496;0;7;0;0;0;5;13;A01
200900054496;0;7;0;0;2;1;1;B01
200900054497;0;30;0;0;1;1;16;A01
200900054498;0;7;0;0;1;3;17;A01
200900054499;0;31;0;0;2;1;18;A01
200900054499;0;7;0;0;0;2;15;B01
200900054500;0;30;0;12;0;1;2;A01
200900054501;0;7;0;2;2;2;1;A01
200900054502;0;31;0;0;1;8;2;A01
200900054503;0;7;0;0;2;1;2;A01
200900054503;0;7;0;0;0;4;23;B01
200900054504;0;7;0;0;2;3;24;A01
200900054504;0;1;0;1;0;1;1;B01
200900054505;0;1;0;0;2;9;13;B01
200900054506;0;34;0;0;2;1;15;A01
200900054506;0;7;0;0;2;1;1;B01
200900054507;0;1;0;0;0;1;2;A01
200900054508;0;2;0;0;2;7;2;B01
200900054508;1;7;0;0;0;0;2;A01
200900054509;0;7;0;9;0;5;15;A01
200900054510;0;7;0;0;0;4;23;A01
200900054510;0;7;0;0;2;1;2;B01
200900054511;0;7;0;0;1;1;2;A01
200900054512;0;7;0;8;0;1;1;A01
200900054513;0;31;0;0;2;1;1;A01
200900054513;0;7;0;0;2;1;19;B02
200900054514;0;10;0;0;2;7;17;B02
200900054514;0;1;0;0;2;8;15;A01
200900054515;0;2;0;0;6;1;1;B02
200900054515;0;13;0;0;1;0;1;A01
200900054516;0;30;0;0;2;1;1;A01
200900054516;0;7;0;0;2;1;13;B02
200900054517;0;1;0;0;5;2;1;A01
200900054518;0;30;0;0;2;1;1;A01
200900054518;0;7;0;0;2;3;15;B02
200900054519;0;1;0;0;2;1;1;B02
200900054519;0;7;0;0;0;7;15;A01
200900054520;0;7;0;8;0;8;14;A01
200900054521;0;1;0;0;2;4;13;B02
200900054521;0;10;0;0;1;1;1;A01
200900054522;0;31;0;0;2;3;1;A01
200900054522;0;7;0;0;2;1;1;B02
200900054523;0;7;0;0;2;1;21;A01
200900054524;0;7;0;0;2;2;1;B02
200900054524;0;30;0;0;2;2;15;A01
200900054525;0;30;0;8;0;1;14;A01
200900054526;0;7;0;0;0;3;1;A01
200900054527;0;33;0;16;0;9;13;A01
200900054527;0;10;0;0;1;2;1;B02
200900054528;0;7;0;6;0;4;1;A01
200900054529;0;7;0;0;2;1;1;B02
200900054529;0;7;0;0;2;1;9;A01
200900054530;0;31;0;0;2;1;19;A01
200900054530;0;10;0;0;2;3;1;B02
200900054531;0;1;0;1;0;1;1;B02
200900054531;0;7;0;0;9;8;22;A01
200900054532;0;7;0;13;0;9;1;A01
200900054533;0;7;0;0;9;4;23;B02
200900054533;0;7;0;14;0;1;2;C03
200900054533;0;7;0;0;0;4;23;A01
200900054534;0;7;0;0;2;4;2;B02
200900054534;0;7;0;0;2;1;2;A01
200900054535;0;7;0;0;0;9;1;A01
200900054536;0;7;0;0;2;2;15;A01
200900054536;0;33;0;0;2;1;1;B02
200900054537;0;31;0;0;2;1;1;B02
200900054537;0;10;0;0;2;1;15;A01
200900054538;0;7;0;0;1;2;1;A01
200900054539;0;33;0;0;2;1;1;A01
200900054539;0;7;0;0;2;7;15;B02
200900054540;0;2;0;0;2;1;2;A01
200900054540;0;7;0;0;2;4;2;B01
200900054541;0;30;0;0;2;3;2;B01
200900054541;0;7;0;0;2;2;2;A01
200900054542;0;7;0;15;0;1;14;A01
200900054543;0;7;0;0;2;1;2;A01
200900054543;0;7;0;0;2;0;2;B01
200900054544;0;7;0;0;2;4;2;B01
200900054544;0;7;0;0;2;1;2;A01
200900054544;0;7;0;0;2;4;2;C01
200900054545;0;7;0;0;2;4;1;B01
200900054545;0;7;0;0;2;4;1;C01
200900054545;0;10;0;0;2;1;1;A01
200900054546;0;7;0;0;2;4;23;C01
200900054546;0;7;0;0;0;4;23;D01
200900054546;0;7;0;0;2;4;23;B01
200900054546;0;7;0;0;2;1;2;A01
200900054547;0;7;0;0;1;1;2;A01
200900054548;0;7;0;0;1;1;2;A01
200900054549;0;30;0;0;2;1;2;B01
200900054549;0;7;0;0;2;8;9;A01
200900054550;0;31;0;6;0;1;1;A01
200900054551;0;7;0;0;2;3;2;A01
200900054551;0;7;0;0;2;1;2;B01
200900054552;0;33;0;0;0;1;1;A01
200900054553;0;7;0;0;1;1;2;B01
200900054553;0;7;0;0;2;1;13;A01
200900054554;0;7;0;0;2;1;2;A01
200900054554;0;7;0;0;2;3;2;B01
200900054555;0;31;0;0;2;7;2;B01
200900054555;0;7;0;0;2;3;20;A01
200900054556;0;7;0;0;1;1;2;A01
200900054557;0;1;0;0;2;1;2;B01
200900054557;0;7;0;0;2;1;15;A01
200900054558;0;7;0;0;2;5;9;B01
200900054558;0;33;0;0;2;9;2;A01
200900054559;0;2;0;0;2;1;2;B01
200900054559;0;7;0;0;2;1;15;A01
200900054560;0;33;0;0;2;1;2;A01
200900054560;0;7;0;0;2;0;17;B01
200900054561;0;40;0;0;2;1;2;B01
200900054561;0;7;0;0;2;8;10;A01
200900054562;0;7;0;0;1;0;2;A01
200900054563;0;7;0;0;2;7;16;A01
200900054563;0;2;0;0;2;1;2;B01
200900054564;0;37;1;0;1;0;2;A01
200900054565;0;7;0;0;2;1;2;B01
200900054565;0;10;0;0;2;2;14;A01
200900054566;0;33;0;0;2;8;1;B01
200900054566;0;7;0;0;2;1;9;A01
200900054567;0;7;0;0;2;4;2;B01
200900054567;0;2;0;0;2;1;2;A01
200900054568;0;7;0;0;2;4;2;C01
200900054568;0;7;0;0;2;1;2;A01
200900054568;0;7;0;0;2;4;2;B01
200900054569;0;7;0;0;2;6;2;B01
200900054569;0;31;0;0;2;1;2;A01
200900054570;0;30;0;0;2;1;2;B01
200900054570;0;7;0;0;2;4;9;A01
200900054571;0;7;0;0;1;1;2;A01
200900054572;0;7;0;0;2;3;2;A01
200900054573;0;31;0;0;2;1;2;A01
200900054573;0;7;0;0;2;3;15;B01
200900054574;0;7;0;0;1;1;2;A01
200900054575;0;7;0;0;2;0;13;A01
200900054575;0;31;0;0;0;0;2;B01
200900054576;0;7;0;0;2;4;2;B01
200900054576;0;7;0;0;2;1;2;A01
200900054577;0;31;0;0;2;4;2;B01
200900054577;0;7;0;0;2;1;2;A01
200900054577;0;2;0;0;2;5;2;C01
200900054578;0;7;0;0;2;1;2;B01
200900054578;0;7;0;0;2;6;2;A01
200900054579;0;7;0;0;2;1;2;A01
200900054579;0;7;0;0;2;4;2;B01
200900054580;0;7;0;0;2;4;23;C01
200900054580;0;7;0;0;2;4;2;B01
200900054580;0;7;0;0;2;1;2;A01
200900054581;0;7;0;0;2;1;2;B01
200900054581;0;7;0;0;2;2;2;A01
200900054582;0;33;0;0;2;1;2;B01
200900054582;0;7;0;0;2;1;2;A01
200900054583;0;7;0;0;1;1;2;A01
200900054584;0;7;0;0;0;0;2;A01
200900054584;0;7;0;0;2;4;2;B01
200900054585;0;14;0;0;2;1;2;A01
200900054585;0;7;0;0;2;4;2;B01
200900054586;0;7;0;0;2;6;2;B01
200900054586;0;7;0;0;2;1;2;A01
200900054587;0;30;0;0;1;1;2;A01
200900054587;0;7;0;0;2;1;2;B01
200900054588;0;7;0;0;2;1;15;B01
200900054588;0;7;0;0;2;8;1;A01
200900054589;0;7;0;0;0;0;16;A01
200900054589;0;2;0;0;2;1;2;B01
200900054590;0;30;0;0;2;1;2;A01
200900054590;0;7;0;0;2;4;2;B01
200900054591;0;7;0;0;2;3;15;A01
200900054591;0;7;0;0;2;1;2;B01
200900054592;0;7;0;0;1;1;2;A01
200900054593;0;7;0;0;2;4;2;B01
200900054593;0;7;0;0;2;1;2;A01
200900054594;0;31;0;0;2;1;2;B01
200900054594;0;7;0;0;2;5;2;A01
200900054595;0;7;0;0;1;1;2;B01
200900054595;0;7;0;0;2;1;5;A01
200900054596;0;7;0;0;2;1;15;A01
200900054596;0;7;0;0;2;1;2;B01
200900054597;0;7;0;0;2;4;2;B01
200900054597;0;7;0;0;2;1;2;A01
200900054598;0;2;0;0;2;1;2;B01
200900054598;0;7;0;0;2;7;2;A01
200900054599;0;1;0;0;2;0;18;B01
200900054599;0;7;0;0;2;2;13;A01
200900054600;0;33;0;0;2;8;2;B01
200900054600;0;7;0;0;2;8;10;A01
200900054601;0;7;0;0;2;1;15;B01
200900054601;0;7;0;0;2;1;2;A01
200900054602;0;33;0;9;2;1;12;A01
200900054602;0;7;0;0;0;5;12;B01
200900054603;0;7;0;0;2;6;15;B01
200900054603;0;31;0;0;2;8;17;A01
200900054604;0;7;0;0;2;1;19;B02
200900054604;0;30;0;0;2;7;1;A01
200900054605;0;7;0;0;2;1;2;A01
200900054605;0;7;0;0;2;4;23;B02
200900054606;0;15;0;0;2;3;1;B01
200900054606;0;7;0;0;2;7;14;A01
200900054607;0;33;0;0;0;7;1;A01
200900054608;0;7;0;0;0;4;2;D01
200900054608;0;7;0;0;2;4;2;C01
200900054608;0;7;0;0;2;4;2;B01
200900054608;0;15;0;0;2;1;1;A01
200900054609;0;7;0;4;0;1;1;A01
200900054610;0;7;0;4;0;1;1;A01
200900054611;0;7;0;0;0;9;1;A01
200900054612;0;7;0;0;2;4;2;C01
200900054612;0;17;0;0;2;1;1;A01
200900054612;0;17;0;0;0;4;2;D01
200900054612;0;17;0;0;2;4;2;B01
200900054613;0;10;0;0;0;6;11;B01
200900054613;0;32;0;0;2;2;3;A01
200900054614;0;7;0;0;2;1;1;A01
200900054614;0;7;0;0;0;4;2;B01
200900054615;0;33;0;0;0;8;1;A01
200900054616;0;17;0;0;2;1;1;A01
200900054616;0;7;0;0;0;4;2;B01
200900054617;0;7;0;0;0;7;1;A01
200900054618;0;33;0;0;0;8;2;B01
200900054618;0;7;0;0;2;7;12;A01
200900054619;0;7;0;4;0;1;1;A01
200900054620;0;7;0;0;0;4;1;B01
200900054620;0;15;0;0;2;1;0;A01
200900054621;0;7;0;4;0;3;1;A01
200900054622;0;7;0;4;0;2;1;A01
200900054623;0;7;0;4;0;4;1;B01
200900054623;0;33;0;0;2;1;0;A01
200900054624;0;7;0;0;2;3;11;A01
200900054624;0;33;0;0;2;1;3;B01
200900054625;0;10;0;0;0;4;2;C01
200900054625;0;7;0;0;2;1;1;A01
200900054625;0;7;0;0;2;4;2;B01
200900054626;0;7;0;1;0;1;1;B01
200900054626;0;15;0;0;0;4;23;A01
200900054627;0;7;0;0;2;0;15;A01
200900054628;0;7;0;0;2;8;15;B01
200900054628;0;2;0;0;2;7;1;A01
200900054629;0;7;0;0;0;7;0;A01
200900054629;0;30;0;0;2;1;0;B01
200900054630;0;2;0;0;2;7;2;A01
200900054631;0;40;0;0;2;1;1;B01
200900054631;0;31;0;0;0;7;1;A01
200900054632;0;7;0;0;1;1;1;A01
200900054633;0;2;0;0;1;1;1;A01
200900054634;0;7;0;0;2;1;0;A01
200900054634;0;7;0;0;2;1;0;B01
200900054635;0;7;0;0;1;2;16;A01
200900054636;0;2;0;0;0;7;0;B01
200900054636;0;7;0;0;2;3;11;A01
200900054637;0;7;0;0;2;1;1;A01
200900054637;0;33;0;0;2;1;1;B01
200900054638;0;31;0;0;0;2;1;B01
200900054638;0;7;0;0;2;1;15;A01
200900054639;0;7;0;0;0;6;24;A01
200900054639;0;1;0;1;0;1;2;B01
200900054640;0;10;0;0;0;7;9;A01
200900054640;0;40;0;0;2;1;1;B01
200900054641;0;7;0;0;2;8;15;A01
200900054641;0;7;0;0;2;7;1;B01
200900054642;0;30;0;0;2;0;0;A01
200900054642;0;1;0;0;0;4;0;B01
200900054643;0;7;0;0;2;2;1;B01
200900054643;0;7;0;0;2;3;15;A01
200900054644;0;7;0;0;1;1;2;A01
200900054645;1;7;0;0;2;0;13;B01
200900054645;0;2;0;0;2;1;2;A01
200900054646;0;2;0;0;0;7;16;A01
200900054647;0;7;0;0;2;1;5;A01
200900054647;0;7;0;0;2;1;1;B01
200900054648;0;2;0;0;2;1;2;B01
200900054648;0;7;0;0;2;1;16;A01
200900054649;0;7;0;0;2;4;2;B01
200900054649;0;7;0;0;2;1;2;A01
200900054650;0;7;0;0;2;1;1;B01
200900054650;0;7;0;0;0;2;15;A01
200900054651;0;7;0;0;0;6;15;A01
200900054651;0;33;0;0;2;1;1;B01
200900054652;0;7;0;0;2;1;1;B01
200900054652;0;7;0;0;2;2;1;A01
200900054653;0;1;0;0;0;0;1;A01
200900054654;0;7;0;0;0;3;15;B01
200900054654;0;2;0;0;2;1;17;A01
200900054655;0;2;0;0;0;0;1;B01
200900054655;0;7;0;0;2;1;1;A01
200900054656;0;7;0;0;0;4;1;D01
200900054656;0;7;0;0;2;4;2;B01
200900054656;0;7;0;0;2;6;1;C01
200900054656;0;7;0;0;2;1;1;A01
200900054657;0;33;0;9;2;1;17;B01
200900054657;0;7;0;0;0;3;15;A01
200900054658;0;7;0;0;0;7;23;A01
200900054658;0;31;0;0;2;1;1;B01
200900054659;0;31;0;0;2;1;1;B01
200900054659;0;7;0;0;2;7;15;A01
200900054660;0;2;0;0;2;1;1;B01
200900054660;0;10;0;0;2;4;4;A01
200900054661;0;7;0;0;1;6;20;A01
200900054662;0;7;0;0;2;1;15;B01
200900054662;0;2;0;0;2;1;2;A01
200900054663;0;37;0;0;0;3;16;A01
200900054663;0;2;0;0;2;8;2;B01
200900054664;0;7;0;1;0;2;16;A01
200900054665;0;7;0;0;1;2;1;A01
200900054666;0;31;0;0;2;1;1;B01
200900054666;0;7;0;0;0;3;1;A01
200900054667;0;2;0;0;2;1;15;B01
200900054667;0;7;0;0;2;2;20;A01
200900054668;0;7;0;0;2;1;2;B01
200900054668;0;7;0;0;2;7;15;A01
200900054669;0;7;0;0;2;8;2;B01
200900054669;0;40;0;0;2;7;2;A01
200900054670;0;40;0;0;2;1;2;B01
200900054670;0;7;0;0;2;8;2;A01
200900054671;0;7;0;0;0;4;16;B01
200900054671;0;30;0;0;2;1;1;A01
200900054672;0;7;0;0;2;4;2;B01
200900054672;0;7;0;0;2;1;2;A01
200900054673;0;7;0;0;2;8;2;A01
200900054673;0;31;0;0;2;7;2;B01
200900054674;0;10;0;0;2;1;1;A01
200900054674;0;7;0;0;0;7;1;B01
200900054675;0;7;0;0;2;1;2;A01
200900054675;0;7;0;0;2;4;2;B01
200900054676;0;31;0;0;2;1;1;B02
200900054676;0;7;0;0;0;7;15;A01
200900054677;0;13;0;0;2;1;1;B02
200900054677;0;10;0;0;2;1;1;A01
200900054678;0;7;0;2;0;1;13;A01
200900054679;0;7;0;0;2;2;13;A01
200900054679;0;7;0;0;2;2;1;B02
200900054680;0;7;0;0;2;1;1;A01
200900054680;0;7;0;0;2;7;15;B02
200900054681;0;10;0;0;0;1;1;B02
200900054681;0;7;0;0;0;7;1;A01
200900054682;0;31;0;0;0;8;1;A01
200900054683;0;7;0;0;6;8;1;A01
200900054684;0;7;0;0;2;3;0;B02
200900054684;0;7;0;0;2;3;0;A01
200900054685;0;30;0;13;0;1;1;A01
200900054686;0;7;0;13;0;9;1;A01
200900054687;0;7;0;0;2;6;1;C03
200900054687;0;7;0;0;2;3;13;A01
200900054687;0;15;0;0;2;1;21;B02
200900054688;0;7;0;0;2;1;2;A01
200900054688;0;7;0;0;0;4;15;B02
200900054689;0;10;0;0;2;5;16;B02
200900054689;0;10;0;0;2;1;1;A01
200900054690;0;7;0;0;1;2;1;A01
200900054691;0;7;0;0;1;8;1;A01
200900054692;0;7;0;4;0;2;1;A01
200900054693;0;33;0;0;2;8;0;B02
200900054693;0;7;0;0;2;1;0;A01
200900054694;0;7;0;0;2;1;1;B02
200900054694;0;7;0;0;2;7;13;A01
200900054695;0;7;0;0;2;1;11;B02
200900054695;0;7;0;0;0;0;1;A01
200900054696;0;20;0;0;2;1;1;B02
200900054696;0;7;0;0;2;1;13;A01
200900054697;0;7;0;2;0;2;1;A01
200900054698;0;7;0;13;0;1;1;A01
200900054699;0;7;0;8;0;4;2;A01
200900054699;0;7;0;13;0;4;15;B02
200900054700;0;7;0;0;1;7;1;A01
200900054701;0;7;0;2;0;8;1;A01
200900054702;0;7;0;0;6;3;1;A01
200900054703;0;2;0;0;2;1;1;B02
200900054703;0;7;0;0;2;3;19;A01
200900054704;0;30;0;0;0;0;0;A01
200900054705;0;1;0;0;2;4;2;B01
200900054705;1;7;0;0;2;0;2;A01
200900054706;0;7;0;0;1;3;0;B01
200900054707;0;7;0;0;2;2;1;B01
200900054707;0;7;0;15;2;1;1;A01
200900054708;0;2;0;0;2;1;1;B01
200900054708;0;10;0;0;2;7;1;A01
200900054709;0;1;0;0;0;0;1;A01
200900054710;0;2;0;0;0;0;1;A01
200900054711;2;7;0;11;0;1;1;A01
200900054712;1;7;0;0;1;0;0;A01
200900054713;0;7;0;6;0;2;0;A01
200900054714;0;7;0;0;1;1;1;A01
200900054715;0;2;0;0;0;0;0;A01
200900054716;0;7;0;0;2;3;1;B01
200900054716;0;7;0;0;2;1;1;A01
200900054717;0;7;0;0;1;1;16;A01
200900054718;0;7;0;0;2;9;13;A01
200900054718;0;7;0;0;2;2;1;B01
200900054719;0;7;0;0;1;1;1;A01
200900054720;0;7;0;0;1;1;1;A01
200900054721;0;7;0;0;2;4;1;B01
200900054721;0;7;0;0;2;1;1;A01
200900054721;0;7;0;0;2;4;1;C01
200900054721;0;7;0;0;2;1;2;D01
200900054722;0;30;0;0;2;1;1;B01
200900054722;0;7;0;0;2;8;9;A01
200900054723;0;2;0;0;2;1;5;A01
200900054723;0;7;0;0;2;1;1;B01
200900054724;0;7;0;0;2;2;14;A01
200900054725;0;7;0;0;1;4;4;A01
200900054726;0;7;0;0;2;4;23;B01
200900054726;0;7;0;0;2;4;23;C01
200900054726;0;7;0;0;2;1;2;A01
200900054727;0;7;0;0;2;2;1;B01
200900054727;0;7;0;0;2;3;9;A01
200900054728;0;7;0;0;2;2;1;A01
200900054728;0;32;0;0;2;3;1;B01
200900054729;0;30;0;0;0;7;1;A01
200900054730;0;7;0;0;1;1;21;A01
200900054731;0;7;0;0;2;7;17;A01
200900054731;0;7;0;0;2;8;1;B01
200900054732;0;1;0;0;0;0;0;A01
200900054733;0;7;0;0;2;7;1;B01
200900054733;0;7;0;0;2;1;9;A01
200900054734;0;7;0;0;1;0;1;A01
200900054735;0;30;0;0;2;1;1;B01
200900054735;0;7;0;0;2;1;15;A01
200900054736;0;30;0;0;2;1;1;A01
200900054736;0;7;0;0;2;3;9;B01
200900054737;0;7;0;6;0;1;14;A01
200900054738;0;30;0;11;0;1;0;A01
200900054739;0;1;0;0;2;0;0;A01
200900054739;0;1;0;0;2;0;0;B01
200900054740;0;7;0;0;2;3;13;A01
200900054740;0;7;0;0;2;3;1;B01
200900054741;0;7;0;0;2;4;23;B01
200900054741;0;7;0;0;2;1;1;A01
200900054742;0;7;0;0;2;3;15;B01
200900054742;0;30;0;0;2;1;17;A01
200900054743;0;7;0;4;0;2;14;A01
200900054744;0;2;0;11;0;1;1;A01
200900054745;0;37;80;0;2;0;1;A01
200900054746;0;7;0;0;2;1;1;A01
200900054746;0;7;0;0;2;4;1;B01
200900054747;1;7;0;0;1;0;1;A01
200900054748;0;2;0;0;2;2;1;A01
200900054748;0;7;0;0;2;1;15;B01
200900054749;0;7;0;0;2;1;1;A01
200900054749;0;7;0;0;2;2;1;B01
200900054750;0;7;0;0;2;4;1;C01
200900054750;0;7;0;0;2;4;1;B01
200900054750;0;14;0;0;2;1;1;A01
200900054751;0;30;0;0;0;8;0;A01
200900054752;0;1;0;1;0;0;2;B01
200900054752;0;7;0;0;2;8;22;A01
200900054753;0;2;0;0;2;1;1;B01
200900054753;0;7;0;0;2;6;17;A01
200900054753;0;7;0;0;9;4;1;C01
200900054754;0;2;0;16;0;0;1;A01
200900054755;0;7;0;0;2;3;15;B01
200900054755;0;30;0;0;2;1;17;A01
200900054756;0;1;0;0;0;0;1;A01
200900054757;0;7;0;0;2;3;15;B01
200900054757;0;37;5;0;2;2;1;A01
200900054758;0;7;0;0;2;8;1;A01
200900054758;0;37;0;0;2;1;1;B01
200900054759;0;7;0;0;2;3;9;A01
200900054759;0;1;0;0;2;1;1;B01
200900054760;0;7;0;0;2;4;1;A01
200900054760;0;7;0;0;2;1;1;B01
200900054761;0;30;0;0;1;1;1;A01
200900054762;0;7;0;1;2;5;1;A01
200900054762;0;7;0;0;2;3;1;B01
200900054763;0;30;0;0;0;7;0;A01
200900054764;0;30;0;0;0;0;1;A01
200900054765;0;2;0;0;2;0;1;A01
200900054765;0;7;0;0;2;1;15;B01
200900054766;0;30;0;0;0;1;1;A01
200900054767;0;99;0;0;0;0;14;A01
200900054768;0;7;0;0;2;2;1;B02
200900054768;0;7;0;0;2;2;13;A01
200900054769;0;3;0;0;2;1;9;A01
200900054769;0;31;0;0;2;4;1;B02
200900054770;0;7;0;0;2;1;1;B02
200900054770;0;7;0;0;2;7;1;A01
200900054771;0;36;0;13;0;2;15;A01
200900054772;0;7;0;0;1;3;1;A01
200900054773;0;33;0;0;2;1;1;B02
200900054773;0;7;0;0;2;2;15;A01
200900054774;0;7;0;0;1;2;1;A01
200900054775;0;33;0;0;0;2;1;A01
200900054775;0;1;0;0;0;1;15;B02
200900054776;0;7;0;0;2;1;15;A01
200900054776;0;30;0;0;2;1;1;B02
200900054777;0;21;0;2;2;0;21;A01
200900054777;0;7;0;0;2;3;21;B02
200900054778;0;7;0;13;0;9;1;A01
200900054779;0;30;0;0;0;7;14;A01
200900054780;0;7;0;13;0;3;13;A01
200900054781;0;30;0;0;2;1;13;A01
200900054781;0;7;0;0;2;3;1;B01
200900054782;0;7;0;0;2;4;23;B01
200900054782;0;30;0;0;2;6;2;A01
200900054783;0;30;0;6;0;1;14;A01
200900054784;0;7;0;0;1;1;1;A01
200900054785;0;2;0;8;0;7;16;A01
200900054786;0;30;0;0;2;4;16;B01
200900054786;0;7;0;0;2;2;2;A01
200900054787;0;30;0;0;0;7;16;A01
200900054788;0;7;0;0;1;1;1;A01
200900054789;0;7;0;15;0;3;13;A01
200900054790;0;30;0;0;2;1;1;A01
200900054790;0;7;0;0;2;6;15;B01
200900054791;0;7;0;2;0;2;14;A01
200900054792;0;7;0;0;2;2;15;A01
200900054792;0;7;0;0;2;3;1;B01
200900054792;0;7;0;0;2;8;23;C01
200900054793;0;2;0;14;0;1;1;A01
200900054794;0;30;0;0;2;7;1;B01
200900054794;0;7;0;0;2;2;15;A01
200900054795;0;7;0;0;2;2;15;A01
200900054795;0;2;0;0;2;1;1;B01
200900054796;0;10;0;0;2;8;9;B01
200900054796;0;2;0;0;2;1;1;A01
200900054797;0;7;0;0;2;2;2;A01
200900054797;0;1;0;0;2;4;1;B01
200900054798;0;7;0;13;0;7;14;A01
200900054799;0;7;0;13;0;1;13;A01
200900054800;0;7;0;3;0;3;13;A01
200900054801;1;7;0;0;1;0;1;A01
200900054802;0;7;0;0;2;3;1;B01
200900054802;0;7;0;0;2;1;10;A01
200900054803;0;7;0;0;2;1;2;A01
200900054803;0;7;0;0;2;4;23;B01
200900054804;0;7;0;0;0;4;15;A01
200900054804;0;7;0;0;2;4;1;B01
200900054804;0;7;0;0;2;1;1;C01
200900054805;0;7;0;0;1;1;1;A01
200900054806;0;7;0;0;2;1;1;B02
200900054806;0;7;0;0;2;1;1;A01
200900054807;0;7;0;2;0;6;1;A01
200900054807;0;7;0;3;2;2;2;B02
200900054808;0;7;0;13;0;1;13;A01
200900054809;0;10;0;13;0;3;19;A01
200900054810;0;7;0;0;2;1;1;A01
200900054810;0;7;0;0;0;1;1;B02
200900054811;0;15;0;2;0;8;1;A01
200900054812;0;7;0;0;2;3;1;A01
200900054812;0;7;0;0;2;3;1;B02
200900054813;0;7;0;0;2;0;1;A01
200900054813;0;7;0;0;9;1;1;B02
200900054814;0;7;0;6;0;1;1;A01
200900054815;0;7;0;13;0;9;1;A01
200900054816;0;7;0;0;2;1;1;A01
200900054816;0;10;0;0;2;3;19;B02
200900054817;0;7;0;0;2;3;1;B02
200900054817;0;2;0;0;2;1;1;A01
200900054818;0;7;0;13;0;1;1;A01
200900054819;0;7;0;0;2;1;1;B02
200900054819;0;7;0;0;2;2;11;A01
200900054820;0;7;0;0;2;3;19;A01
200900054820;0;7;0;0;2;8;1;B02
200900054821;0;7;0;0;1;3;1;A01
200900054822;0;7;0;0;2;3;19;A01
200900054822;0;2;0;0;2;1;1;B02
200900054823;0;7;0;0;1;2;1;A01
200900054824;0;7;0;0;2;2;13;A01
200900054824;0;7;0;0;2;1;1;B02
200900054825;0;14;0;0;0;9;1;A01
200900054826;0;1;0;12;0;2;1;A01
200900054827;0;7;0;0;1;0;1;A01
200900054828;0;2;0;0;1;1;1;A01
200900054829;0;7;0;0;2;1;1;B01
200900054829;0;7;0;0;2;3;9;A01
200900054830;0;15;0;0;2;1;1;B01
200900054830;0;7;0;0;2;3;13;A01
200900054831;0;7;0;0;2;8;15;B01
200900054831;0;2;0;0;2;1;17;A01
200900054832;0;31;0;0;1;1;1;A01
200900054833;0;7;0;0;1;1;1;A01
200900054834;0;2;0;0;2;1;1;B01
200900054834;0;7;0;0;2;2;1;A01
200900054835;0;7;0;6;2;0;1;B01
200900054835;0;7;0;6;2;0;13;A01
200900054836;0;7;0;0;2;6;13;B01
200900054836;0;33;0;0;2;1;13;A01
200900054836;0;7;0;0;2;3;1;C01
200900054837;0;7;0;0;1;1;1;A01
200900054838;0;1;0;0;2;0;19;B01
200900054838;0;7;0;0;1;0;16;A01
200900054839;0;2;0;0;2;8;1;B01
200900054839;0;7;0;0;2;7;15;A01