num_acc;senc;catv;occutc;obs;obsm;choc;manv;num_veh
200900054840;0;7;0;0;2;1;1;B01
200900054840;0;7;0;0;2;1;13;A01
200900054840;0;7;0;0;2;2;1;C01
200900054841;0;7;0;0;2;3;13;A01
200900054841;0;7;0;0;2;6;1;B01
200900054842;0;7;0;0;2;3;13;A01
200900054842;0;7;0;0;2;3;1;B01
200900054843;0;7;0;13;0;3;1;A01
200900054844;0;7;0;2;0;1;13;A01
200900054845;0;33;0;0;0;1;15;A01
200900054846;0;7;0;0;2;1;15;A01
200900054846;0;7;0;0;2;1;1;B01
200900054847;0;33;0;0;0;9;1;A01
200900054848;0;2;0;0;2;1;1;A01
200900054848;0;21;0;0;2;4;1;B01
200900054849;0;7;0;2;0;1;1;A01
200900054850;0;7;0;0;2;7;1;B01
200900054850;0;15;0;0;2;1;1;A01
200900054851;0;15;0;0;2;3;1;B01
200900054851;0;7;0;0;2;8;15;A01
200900054852;0;10;0;0;2;4;15;A01
200900054852;0;7;0;0;2;1;2;B01
200900054852;0;7;0;0;2;3;1;C01
200900054853;0;10;0;0;1;3;1;B01
200900054853;0;7;0;0;2;3;13;A01
200900054854;0;33;0;0;2;1;1;B01
200900054854;0;7;0;0;2;0;10;A01
200900054855;0;1;0;0;2;0;2;B01
200900054855;0;7;0;0;2;0;16;A01
200900054856;0;33;0;0;2;7;0;B01
200900054856;0;7;0;0;2;3;0;A01
200900054857;0;7;0;0;2;4;2;B01
200900054857;0;7;0;0;2;1;2;A01
200900054858;0;10;0;0;2;1;1;A01
200900054858;0;7;0;0;2;4;23;B01
200900054858;0;7;0;0;2;4;23;C01
200900054859;1;7;0;0;2;0;15;A01
200900054859;0;33;0;0;2;1;1;B01
200900054860;0;2;0;0;2;1;1;B01
200900054860;0;7;0;0;2;1;15;A01
200900054861;0;31;0;0;2;1;1;A01
200900054861;0;7;0;0;2;4;2;B01
200900054862;0;7;0;0;2;1;2;A01
200900054862;0;7;0;0;2;4;15;B01
200900054863;0;7;0;0;2;3;2;A01
200900054863;0;7;0;0;2;5;23;B01
200900054864;0;7;0;0;2;6;17;B01
200900054864;0;33;0;0;2;1;17;A01
200900054865;0;7;0;13;0;1;1;A01
200900054866;0;7;0;0;2;1;1;B01
200900054866;0;7;0;0;2;1;13;A01
200900054867;0;15;0;0;2;8;4;A01
200900054867;0;7;0;0;2;1;1;B01
200900054868;0;30;0;0;2;1;1;B01
200900054868;0;14;0;0;2;3;15;A01
200900054869;0;7;0;0;2;2;1;B01
200900054869;0;7;0;0;2;1;19;A01
200900054870;0;7;0;0;2;0;15;A01
200900054870;0;1;0;0;2;0;1;B01
200900054871;0;33;0;0;2;1;15;B01
200900054871;0;10;0;0;2;3;9;A01
200900054872;0;1;0;0;2;1;1;A01
200900054872;0;7;0;0;2;2;1;B01
200900054873;0;7;0;0;2;0;1;B01
200900054873;0;7;0;0;2;1;10;A01
200900054874;0;14;0;2;2;1;21;B01
200900054874;0;7;0;0;2;1;1;A01
200900054874;0;7;0;0;0;4;23;C01
200900054874;0;7;0;0;0;4;23;D01
200900054875;0;7;0;0;2;4;16;A01
200900054875;0;7;0;0;2;1;1;B01
200900054876;0;7;0;0;1;3;1;A01
200900054877;0;30;0;13;0;1;1;A01
200900054878;0;7;0;0;2;8;19;A01
200900054878;0;2;0;0;2;1;1;B01
200900054879;0;7;0;0;0;4;24;B01
200900054879;0;7;0;1;0;2;1;A01
200900054879;0;7;0;1;0;1;1;C01
200900054880;0;1;0;0;0;7;16;A01
200900054881;0;7;0;13;0;1;1;A01
200900054882;0;7;0;0;2;2;15;B01
200900054882;0;33;0;0;2;1;1;A01
200900054883;0;7;0;0;2;1;1;B01
200900054883;0;2;0;0;2;8;19;A01
200900054883;0;7;0;0;2;2;1;C01
200900054884;0;7;0;13;0;1;21;A01
200900054885;0;7;0;0;0;1;1;B01
200900054885;0;7;0;0;0;1;19;A01
200900054886;0;17;0;0;2;6;1;A01
200900054886;0;7;0;0;2;3;1;B01
200900054887;0;10;0;0;2;7;16;B01
200900054887;0;2;0;0;2;8;1;A01
200900054888;0;7;0;0;2;1;2;A01
200900054888;0;7;0;0;2;4;15;B01
200900054889;0;10;0;0;1;5;4;A01
200900054890;0;7;0;0;2;2;1;A01
200900054890;0;1;0;0;2;0;13;B01
200900054891;0;7;0;0;1;0;15;A01
200900054892;0;31;0;0;2;7;1;B01
200900054892;0;7;0;0;0;2;15;A01
200900054893;0;2;0;0;2;0;1;B01
200900054893;0;7;0;0;2;2;16;A01
200900054894;0;7;0;0;1;3;1;A01
200900054895;0;2;0;0;2;1;1;A01
200900054895;0;7;0;0;2;3;1;B01
200900054896;0;1;0;0;2;1;21;B01
200900054896;0;7;0;0;2;0;1;C01
200900054896;0;10;0;0;2;8;22;A01
200900054897;0;30;0;0;0;0;1;A01
200900054898;0;7;0;0;2;2;15;A01
200900054898;0;7;0;0;2;1;1;B01
200900054899;0;7;0;0;0;0;1;A01
200900054900;0;7;0;0;1;1;1;A01
200900054901;0;37;0;0;1;2;15;A01
200900054902;0;7;0;0;0;4;1;B01
200900054902;0;30;0;0;2;1;1;A01
200900054903;0;7;0;0;2;2;1;A01
200900054903;0;7;0;0;1;4;1;B01
200900054904;0;10;0;0;1;1;1;A01
200900054905;0;7;0;0;1;2;1;A01
200900054906;0;7;0;9;0;6;14;B01
200900054906;0;7;0;0;0;0;15;A01
200900054907;0;7;0;2;0;2;14;A01
200900054908;0;7;0;6;0;2;1;A01
200900054909;0;7;0;0;1;1;1;A01
200900054910;0;7;0;0;2;6;13;A01
200900054910;0;7;0;0;2;1;1;B01
200900054911;0;7;0;0;0;0;14;A01
200900054912;0;7;0;0;2;6;1;B02
200900054912;0;33;0;0;2;1;2;A01
200900054913;1;7;0;0;2;1;1;A01
200900054913;0;30;0;0;2;4;1;B01
200900054914;0;7;0;13;0;6;1;A01
200900054915;0;7;0;2;0;1;1;A01
200900054916;0;7;0;0;0;6;14;A01
200900054917;0;7;0;0;2;1;1;B01
200900054917;0;7;0;0;2;3;15;A01
200900054918;0;7;0;8;0;8;1;A01
200900054919;0;7;0;13;0;2;13;A01
200900054920;0;7;0;0;1;2;15;A01
200900054921;0;7;0;13;0;1;1;A01
200900054922;0;7;0;0;2;3;15;A01
200900054922;0;1;0;0;2;7;23;B02
200900054923;0;7;0;16;0;9;1;A01
200900054924;0;7;0;2;0;2;1;A01
200900054925;0;2;0;1;2;2;1;A01
200900054925;0;10;0;0;2;3;1;B02
200900054926;0;7;0;4;0;1;1;A01
200900054927;0;30;0;0;2;2;17;A01
200900054927;0;7;0;0;2;8;15;B02
200900054928;0;7;0;0;2;1;17;A01
200900054928;0;7;0;6;2;6;15;B02
200900054929;0;7;0;0;2;3;15;A01
200900054929;0;2;0;0;2;1;13;B02
200900054930;0;7;0;0;2;6;13;A01
200900054930;0;7;0;0;2;7;21;B02
200900054931;0;2;0;0;2;1;2;A01
200900054931;0;1;0;0;2;4;2;B02
200900054932;0;7;0;0;0;2;13;A01
200900054932;0;7;0;0;0;3;1;B02
200900054933;0;7;0;0;2;3;19;B02
200900054933;0;2;0;0;2;1;1;A01
200900054934;0;7;0;13;0;1;13;A01
200900054935;0;7;0;0;1;2;1;A01
200900054936;0;33;0;0;2;1;17;A01
200900054936;0;7;0;0;2;3;15;B01
200900054937;0;7;0;8;0;3;1;A01
200900054938;0;7;0;0;1;1;1;A01
200900054939;0;33;0;0;2;1;17;A01
200900054939;0;7;0;0;2;3;15;B01
200900054940;0;7;0;0;2;1;1;B01
200900054940;0;3;0;0;2;1;13;A01
200900054940;0;7;0;0;2;3;1;C01
200900054941;0;7;0;0;2;2;1;B01
200900054941;0;7;0;0;2;1;9;A01
200900054942;0;7;0;0;2;3;1;A01
200900054942;0;7;0;0;2;3;1;B01
200900054943;1;7;0;0;1;7;21;A01
200900054944;1;7;0;0;1;0;15;A01
200900054945;0;7;0;0;1;1;15;A01
200900054946;0;7;0;13;0;9;1;A01
200900054947;0;17;0;0;1;2;0;A01
200900054948;0;7;0;0;2;1;13;A01
200900054948;0;37;50;0;2;3;1;B01
200900054949;0;7;0;2;6;1;1;A01
200900054950;0;7;0;0;1;1;15;A01
200900054951;0;7;0;0;0;0;10;C01
200900054951;0;7;0;0;2;4;2;B01
200900054951;0;31;0;0;2;1;1;A01
200900054952;0;7;0;0;2;4;2;B01
200900054952;0;2;0;0;2;1;1;A01
200900054953;0;7;0;0;2;1;1;B01
200900054953;0;7;0;0;2;1;13;A01
200900054954;0;33;0;0;2;1;1;B01
200900054954;0;7;0;0;2;5;15;A01
200900054955;0;33;0;0;2;1;1;B01
200900054955;0;7;0;0;2;7;1;A01
200900054956;0;16;0;0;2;3;15;B01
200900054956;0;2;0;0;2;1;17;A01
200900054957;0;2;0;0;2;8;3;A01
200900054957;0;7;0;0;2;7;2;B01
200900054958;0;7;0;0;2;3;1;B01
200900054958;0;32;0;2;2;7;1;A01
200900054959;0;1;0;0;2;1;16;A01
200900054959;1;7;0;0;2;7;1;B01
200900054960;0;7;0;0;2;4;2;B01
200900054960;0;1;0;0;2;1;2;A01
200900054961;0;7;0;0;1;4;4;A01
200900054962;0;7;0;0;2;2;1;B01
200900054962;0;30;0;0;2;8;15;A01
200900054963;0;7;0;7;0;1;1;A01
200900054964;0;7;0;0;2;1;1;B01
200900054964;0;32;0;0;2;8;5;A01
200900054965;0;7;0;0;2;3;9;A01
200900054965;0;7;0;0;2;5;1;C01
200900054965;0;32;0;0;2;7;1;B01
200900054966;0;7;0;0;1;1;1;A01
200900054967;0;30;0;0;2;1;0;B01
200900054967;0;7;0;0;2;3;0;A01
200900054968;0;7;0;0;2;1;2;A01
200900054968;0;7;0;0;0;4;2;B01
200900054969;0;1;0;0;0;0;0;A01
200900054970;0;7;0;0;1;2;1;A01
200900054971;0;30;0;0;2;3;1;B01
200900054971;0;7;0;0;2;3;9;A01
200900054972;0;14;0;0;0;4;2;B01
200900054972;0;7;0;0;2;1;2;A01
200900054973;0;10;0;0;2;0;16;B01
200900054973;0;1;0;0;2;4;19;A01
200900054974;0;40;0;0;1;1;1;A01
200900054975;0;7;0;8;0;1;0;A01
200900054976;0;14;0;0;2;2;16;A01
200900054976;0;7;0;0;2;8;1;B01
200900054977;0;37;1;0;2;3;13;A01
200900054977;0;1;0;0;2;1;16;B01
200900054978;0;37;1;0;1;2;1;A01
200900054979;0;7;0;4;0;1;9;A01
200900054980;0;7;0;0;0;4;1;B01
200900054980;0;33;0;0;2;1;21;A01
200900054981;0;7;0;0;2;3;1;B01
200900054981;0;7;0;0;2;3;1;A01
200900054982;0;1;0;0;1;1;2;A01
200900054983;0;7;0;0;2;6;15;A01
200900054983;0;2;0;0;2;1;1;B01
200900054984;0;7;0;0;2;6;1;B01
200900054984;0;7;0;0;2;2;1;A01
200900054985;0;7;0;0;2;1;1;B01
200900054985;0;10;0;0;2;1;13;A01
200900054986;0;1;0;0;2;1;1;A01
200900054986;0;7;0;0;2;1;1;B01
200900054987;0;7;0;0;2;1;1;B01
200900054987;0;2;0;0;2;7;15;A01
200900054988;0;7;0;0;2;7;1;C03
200900054988;0;7;0;0;2;3;13;A01
200900054988;0;7;0;0;2;3;1;B02
200900054989;0;7;0;2;0;2;1;A01
200900054990;0;33;0;0;2;2;17;A01
200900054990;0;7;0;0;2;3;15;B02
200900054991;0;1;0;0;2;1;1;B02
200900054991;0;7;0;0;2;7;1;A01
200900054992;0;7;0;0;2;8;1;C03
200900054992;0;7;0;0;2;8;19;A01
200900054992;0;10;0;0;2;1;1;B02
200900054993;0;7;0;3;0;2;17;A01
200900054994;0;7;0;0;2;3;10;A01
200900054994;0;33;0;0;0;1;2;B02
200900054995;0;7;0;0;2;1;13;A01
200900054995;0;7;0;0;2;3;1;B02
200900054996;0;7;0;0;1;1;16;A01
200900054997;0;7;0;0;2;1;13;A01
200900054997;0;10;0;0;2;1;1;B02
200900054998;0;7;0;0;1;2;1;A01
200900054999;0;33;0;0;2;1;1;B02
200900054999;0;7;0;0;2;2;15;A01
200900055000;0;1;0;0;1;1;5;A01
200900055001;0;7;0;0;2;3;1;A01
200900055001;0;7;0;0;2;6;23;C03
200900055001;0;10;0;0;2;5;23;B02
200900055001;0;7;0;0;0;5;23;D04
200900055002;0;7;0;0;2;2;1;B02
200900055002;0;30;0;0;2;8;19;A01
200900055002;0;7;0;6;2;1;21;C03
200900055003;0;7;0;0;2;1;1;B02
200900055003;0;7;0;0;2;1;19;A01
200900055004;0;7;0;13;1;1;23;A01
200900055005;0;7;0;0;2;8;15;A01
200900055005;0;33;0;0;2;1;17;B02
200900055006;0;10;0;0;2;6;2;B02
200900055006;0;7;0;0;2;1;2;A01
200900055006;0;7;0;0;2;8;1;C03
200900055007;0;32;0;8;0;7;1;A01
200900055008;0;31;0;0;2;2;17;A01
200900055008;0;10;0;0;2;3;15;B02
200900055009;0;10;0;2;0;2;1;A01
200900055010;0;33;0;0;2;1;1;B02
200900055010;0;7;0;0;0;8;10;A01
200900055011;0;7;0;0;2;1;1;A01
200900055011;0;2;0;0;2;8;19;B02
200900055012;0;7;0;0;2;1;1;B02
200900055012;0;7;0;0;2;1;5;A01
200900055013;0;38;0;0;1;7;9;A01
200900055014;0;7;0;0;2;1;1;B02
200900055014;0;32;0;6;2;9;9;A01
200900055015;0;7;0;0;9;1;1;A01
200900055015;0;1;0;0;2;4;1;B02
200900055016;0;31;0;0;2;2;17;B02
200900055016;0;7;0;0;0;3;15;A01
200900055017;0;3;0;0;2;1;13;A01
200900055017;0;7;0;0;2;3;1;B02
200900055018;0;31;0;0;2;1;1;B02
200900055018;0;7;0;0;2;2;15;A01
200900055019;0;30;0;0;2;7;19;A01
200900055019;0;7;0;0;2;2;1;B02
200900055020;0;7;0;0;2;3;13;A01
200900055020;0;7;0;0;2;3;1;B02
200900055021;0;7;0;0;0;7;5;A01
200900055021;0;10;0;0;0;2;1;B02
200900055022;0;2;0;0;1;1;1;A01
200900055023;0;33;0;0;0;1;1;B02
200900055023;0;7;0;0;2;2;13;A01
200900055024;0;7;0;0;2;2;1;B02
200900055024;0;7;0;0;2;3;19;A01
200900055025;0;7;0;0;2;0;16;A01
200900055025;0;33;0;0;2;7;2;B01
200900055026;0;7;0;0;0;0;0;A01
200900055026;0;31;0;0;0;0;0;B01
200900055027;0;1;0;0;2;1;1;B01
200900055027;0;7;0;0;9;1;15;A01
200900055028;0;10;0;0;2;4;2;B01
200900055028;0;7;0;0;2;1;1;A01
200900055029;0;7;0;1;2;1;1;A01
200900055029;0;1;0;0;2;8;19;B01
200900055030;0;10;0;0;0;2;1;B01
200900055030;0;32;0;0;2;1;5;A01
200900055031;0;7;0;0;2;3;1;B01
200900055031;0;7;0;0;2;3;15;A01
200900055032;0;7;0;0;1;2;1;A01
200900055033;0;32;0;0;2;7;1;B01
200900055033;0;7;0;0;2;3;9;A01
200900055034;0;7;0;0;0;0;23;B01
200900055034;0;2;0;0;2;1;1;A01
200900055035;0;17;0;0;2;2;1;B01
200900055035;0;10;0;0;2;1;13;A01
200900055036;0;33;0;0;2;1;1;B01
200900055036;0;7;0;0;2;3;15;A01
200900055037;0;30;0;0;2;1;1;A01
200900055037;0;7;0;0;2;4;15;B01
200900055038;0;7;0;0;2;4;2;D01
200900055038;0;7;0;0;2;4;2;B01
200900055038;0;7;0;0;2;1;2;A01
200900055038;0;7;0;0;2;4;2;C01
200900055039;0;7;0;0;2;1;1;A01
200900055039;0;7;0;0;2;4;1;B01
200900055040;0;7;0;0;2;2;1;B01
200900055040;0;7;0;0;2;3;11;A01
200900055041;0;1;0;0;0;0;2;A01
200900055042;0;7;0;0;2;1;1;B01
200900055042;0;10;0;0;2;3;1;A01
200900055043;0;7;0;0;2;4;1;B01
200900055043;0;10;0;0;2;1;1;A01
200900055044;0;7;0;0;2;2;1;A01
200900055044;0;33;0;0;2;4;1;B01
200900055045;0;7;0;0;2;2;9;A01
200900055045;0;7;0;0;2;1;21;B01
200900055046;1;35;0;1;0;0;13;A01
200900055047;1;7;0;0;0;0;9;B01
200900055047;0;31;0;11;2;1;16;A01
200900055048;0;7;0;0;0;0;0;B01
200900055048;0;7;0;0;0;0;0;A01
200900055049;0;10;0;0;2;1;2;B01
200900055049;0;7;0;0;2;1;13;A01
200900055050;0;7;0;0;1;1;1;A01
200900055051;0;33;0;0;2;8;17;A01
200900055051;0;10;0;0;2;8;1;B01
200900055052;0;7;0;0;2;3;2;B01
200900055052;0;7;0;0;2;1;1;A01
200900055053;0;30;0;0;2;1;2;A01
200900055053;0;7;0;0;2;4;1;B01
200900055054;0;7;0;0;2;1;1;B01
200900055054;0;7;0;0;2;1;5;A01
200900055055;0;7;0;0;0;0;0;A01
200900055055;0;7;0;0;0;0;0;B01
200900055056;0;7;0;0;0;0;0;A01
200900055057;0;30;0;0;0;0;0;B01
200900055057;0;7;0;0;0;0;0;A01
200900055058;0;7;0;0;1;8;1;A01
200900055059;0;31;0;0;6;1;1;A01
200900055060;0;7;0;0;4;8;15;A01
200900055060;0;40;0;0;2;1;1;B01
200900055061;0;7;0;0;0;0;0;B01
200900055061;0;2;0;0;0;0;0;A01
200900055062;0;10;0;0;1;7;1;A01
200900055063;0;34;0;0;2;1;1;B01
200900055063;1;7;0;0;2;1;5;A01
200900055064;0;7;0;0;0;0;0;A01
200900055064;0;7;0;0;0;0;0;B01
200900055065;0;32;0;0;2;7;1;B01
200900055065;0;7;0;0;2;1;15;A01
200900055066;0;7;0;0;2;7;10;A01
200900055066;0;33;0;0;2;1;1;B01
200900055067;0;7;0;0;0;0;0;A01
200900055067;0;33;0;0;0;0;0;B01
200900055068;0;31;0;1;0;1;0;A01
200900055069;0;7;0;0;2;4;1;B01
200900055069;0;7;0;0;2;1;2;A01
200900055070;0;3;0;0;2;1;0;A01
200900055070;0;7;0;0;2;3;1;B01
200900055071;0;32;0;0;2;1;15;A01
200900055071;0;32;0;0;2;8;2;B01
200900055072;0;2;0;0;1;1;17;A01
200900055073;1;99;0;0;0;0;0;A01
200900055073;0;30;0;14;0;1;17;B01
200900055074;0;7;0;1;2;1;2;A01
200900055074;0;7;0;0;0;4;1;B01
200900055075;0;30;0;0;2;1;3;A01
200900055075;0;7;0;0;2;5;16;B01
200900055076;0;32;0;11;0;1;0;A01
200900055077;0;7;0;14;2;1;2;A01
200900055077;0;7;0;0;0;4;23;B01
200900055078;0;7;0;0;0;0;15;A01
200900055078;0;32;0;0;0;8;21;B01
200900055079;0;7;0;0;1;1;1;A01
200900055080;0;7;0;0;0;4;23;B01
200900055080;0;2;0;14;0;1;2;A01
200900055081;0;7;0;0;2;2;15;A01
200900055081;0;30;0;0;2;1;1;B01
200900055082;0;30;0;16;0;0;0;A01
200900055083;0;7;0;2;0;1;1;A01
200900055084;0;7;0;13;0;3;1;A01
200900055085;0;7;0;0;2;2;13;A01
200900055085;0;7;0;0;2;3;1;B02
200900055086;0;7;0;0;0;3;13;A01
200900055087;0;7;0;0;0;9;1;A01
200900055088;0;7;0;0;2;7;17;A01
200900055088;0;7;0;0;2;2;1;B02
200900055089;0;10;0;13;0;2;1;A01
200900055090;0;7;0;0;2;1;1;B02
200900055090;0;7;0;0;2;1;13;A01
200900055091;0;7;0;0;2;1;0;A01
200900055091;0;7;0;0;2;3;0;B02
200900055092;0;7;0;0;2;1;13;A01
200900055092;0;7;0;0;2;1;1;B02
200900055093;0;30;0;0;2;2;15;B02
200900055093;0;7;0;0;2;2;1;A01
200900055094;0;7;0;1;0;1;1;B02
200900055094;0;7;0;0;2;1;1;C03
200900055094;0;7;0;0;2;4;23;A01
200900055095;0;2;0;6;0;1;1;A01
200900055096;0;21;0;16;0;9;1;A01
200900055097;0;14;0;0;2;1;1;B02
200900055097;0;7;0;0;2;1;17;A01
200900055098;0;7;0;0;0;6;15;B02
200900055098;0;7;0;0;2;2;1;A01
200900055099;0;7;0;13;0;9;13;A01
200900055100;0;30;0;0;2;1;1;B01
200900055100;0;7;0;0;2;3;15;A01
200900055101;0;31;0;0;2;1;17;A01
200900055101;0;7;0;0;2;6;15;B01
200900055102;0;7;0;0;1;3;0;A01
200900055103;0;30;0;9;0;2;0;A01
200900055104;0;30;0;0;2;1;17;A01
200900055104;0;7;0;0;2;3;15;B01
200900055105;0;32;0;12;0;1;0;A01
200900055106;0;30;0;12;0;1;1;A01
200900055107;0;7;0;0;2;0;2;A01
200900055107;0;10;0;0;0;0;2;B01
200900055108;0;7;0;0;1;2;1;A01
200900055109;0;7;0;12;0;2;1;A01
200900055110;0;7;0;0;2;8;24;A01
200900055110;0;1;0;1;0;1;1;B01
200900055111;0;7;0;0;2;1;1;A01
200900055111;0;1;0;0;2;1;16;B01
200900055112;0;1;0;0;2;1;1;B01
200900055112;0;7;0;0;2;2;20;A01
200900055113;0;7;0;0;2;7;16;A01
200900055113;0;36;0;0;2;3;2;B01
200900055114;0;34;0;0;2;8;1;B01
200900055114;0;7;0;0;2;2;12;A01
200900055115;0;33;0;0;0;0;21;A01
200900055116;0;7;0;0;2;2;15;A01
200900055116;0;7;0;0;2;3;1;B01
200900055117;0;7;0;2;0;1;14;A01
200900055118;0;7;0;0;2;1;19;A01
200900055118;0;30;0;0;2;7;1;B02
200900055119;0;14;0;0;2;3;19;A01
200900055119;0;33;0;0;2;8;1;B02
200900055120;0;7;0;6;0;1;1;A01
200900055121;0;7;0;0;2;6;2;B02
200900055121;0;33;0;0;2;1;2;A01
200900055122;0;1;0;0;2;8;15;B02
200900055122;0;7;0;0;9;2;1;A01
200900055123;0;36;0;0;0;0;1;A01
200900055124;0;7;0;2;0;3;1;A01
200900055125;0;7;0;0;2;3;9;A01
200900055125;0;33;0;0;2;1;1;B02
200900055126;0;33;0;11;0;1;1;A01
200900055127;0;7;0;0;2;1;19;A01
200900055127;0;33;0;0;2;7;1;B02
200900055128;0;7;0;13;0;1;1;A01
200900055129;0;31;0;0;2;2;0;B02
200900055129;0;31;0;0;0;6;13;A01
200900055130;2;33;0;4;0;2;1;A01
200900055131;0;7;0;1;0;5;2;A01
200900055131;0;33;0;1;1;1;2;B02
200900055132;0;7;0;5;0;1;1;A01
200900055133;0;7;0;0;2;8;17;A01
200900055133;0;7;0;0;2;1;1;B01
200900055134;0;33;0;0;6;1;1;A01
200900055135;0;7;0;0;1;3;2;A01
200900055136;0;7;0;0;2;2;1;B01
200900055136;0;7;0;0;2;3;9;A01
200900055137;0;7;0;0;2;1;15;A01
200900055137;0;1;0;0;2;1;2;B01
200900055138;0;7;0;0;2;1;1;B01
200900055138;0;7;0;0;2;1;15;A01
200900055139;0;7;0;0;2;4;1;B01
200900055139;0;30;0;0;2;1;1;A01
200900055140;0;1;0;0;0;0;2;A01
200900055141;0;7;0;0;1;1;0;A01
200900055142;0;33;0;0;0;0;1;A01
200900055142;0;7;0;0;0;0;15;B01
200900055143;0;7;0;0;2;1;1;B01
200900055143;0;7;0;0;2;2;15;A01
200900055144;0;7;0;0;1;2;1;A01
200900055145;0;33;0;12;0;1;7;A01
200900055146;0;7;0;0;2;1;1;B01
200900055146;0;32;0;0;2;1;5;A01
200900055147;0;35;0;0;2;1;19;A01
200900055147;0;7;0;0;2;3;0;B02
200900055148;0;7;0;2;0;2;13;A01
200900055149;0;10;0;0;1;3;1;A01
200900055150;0;7;0;0;2;4;11;B01
200900055150;0;33;0;0;2;3;2;A01
200900055151;0;7;0;0;2;2;1;B02
200900055151;0;7;0;0;2;1;1;A01
200900055152;0;1;0;0;2;1;1;A01
200900055152;0;7;0;1;2;2;1;B01
200900055153;0;7;0;0;0;4;2;C01
200900055153;0;7;0;0;2;1;2;A01
200900055153;0;7;0;0;2;4;2;B01
200900055154;0;7;0;0;2;1;1;B01
200900055154;0;2;0;0;0;8;1;A01
200900055155;0;10;0;0;2;1;15;B01
200900055155;0;7;0;0;2;1;1;A01
200900055156;0;2;0;0;2;1;7;B01
200900055156;0;7;0;0;2;3;0;A01
200900055157;0;7;0;0;1;1;1;A01
200900055158;0;7;0;0;2;3;9;A01
200900055158;0;7;0;0;2;8;1;B01
200900055159;0;33;0;3;0;1;0;A01
200900055160;0;34;0;4;0;1;16;A01
200900055161;0;30;0;0;0;1;0;A01
200900055162;0;7;0;6;0;2;1;A01
200900055163;0;10;0;0;2;1;1;A01
200900055163;0;7;0;0;2;4;1;B01
200900055163;0;7;0;0;2;4;1;C01
200900055164;0;7;0;0;9;2;1;B01
200900055164;0;1;0;0;2;1;19;A01
200900055165;0;7;0;4;0;3;1;A01
200900055166;0;7;0;16;0;1;1;A01
200900055167;0;7;0;8;0;8;1;A01
200900055168;0;7;0;2;0;3;1;A01
200900055169;0;7;0;0;2;2;1;A01
200900055169;0;17;0;0;0;6;1;B02
200900055170;0;7;0;13;0;2;14;A01
200900055171;0;33;0;0;0;7;1;A01
200900055172;0;7;0;0;2;2;1;C03
200900055172;0;7;0;0;2;1;13;B02
200900055172;0;7;0;0;2;3;1;A01
200900055173;0;7;0;13;0;9;19;A01
200900055174;0;7;0;13;0;1;1;A01
200900055175;0;7;0;0;2;1;21;A01
200900055175;0;2;0;0;2;3;21;B02
200900055176;0;7;0;2;0;1;1;A01
200900055177;0;7;0;0;2;3;9;A01
200900055177;0;1;0;0;2;1;1;B01
200900055178;0;7;0;0;2;2;12;A01
200900055178;0;33;0;0;2;3;9;B01
200900055179;0;2;0;0;2;5;21;A01
200900055179;0;7;0;0;2;3;15;B01
200900055180;0;33;0;0;2;1;1;B01
200900055180;0;7;0;0;2;6;15;A01
200900055181;0;10;0;0;2;4;2;C01
200900055181;0;10;0;0;2;1;2;A01
200900055181;0;10;0;0;2;1;2;B01
200900055182;0;7;0;0;2;3;1;A01
200900055182;0;7;0;0;2;1;1;B01
200900055183;0;7;0;0;2;1;2;A01
200900055183;0;7;0;0;2;4;0;B01
200900055184;0;33;0;11;0;1;17;A01
200900055185;0;30;0;0;2;3;9;A01
200900055185;0;7;0;0;2;3;15;B01
200900055186;0;10;0;0;2;4;2;C01
200900055186;0;10;0;0;0;4;2;B01
200900055186;0;10;0;0;2;1;2;A01
200900055187;0;10;0;0;2;1;1;A01
200900055187;0;10;0;0;2;4;1;B01
200900055188;0;2;0;0;2;4;23;B01
200900055188;0;17;0;0;2;1;2;A01
200900055189;0;7;0;0;2;2;12;A01
200900055189;0;30;0;0;2;3;1;B01
200900055190;0;7;0;0;2;2;1;A01
200900055190;0;7;0;0;2;3;1;B01
200900055191;0;99;0;0;2;8;2;B01
200900055191;0;7;0;0;2;2;2;A01
200900055192;0;7;0;0;2;1;2;A01
200900055192;0;7;0;0;2;4;2;B01
200900055193;0;7;0;0;2;1;1;A01
200900055193;0;7;0;0;0;0;0;B01
200900055194;0;10;0;0;2;1;1;A01
200900055194;0;10;0;0;2;4;1;B01
200900055195;0;33;0;0;2;1;1;A01
200900055195;0;7;0;0;2;6;15;B01
200900055196;0;7;0;0;0;0;1;A01
200900055197;0;99;0;0;2;3;13;A01
200900055197;0;7;0;0;2;3;1;B01
200900055198;0;7;0;0;2;8;9;B01
200900055198;0;37;23;0;2;8;1;C01
200900055198;0;7;0;0;2;3;13;A01
200900055199;1;32;0;0;2;1;1;A01
200900055199;0;1;0;0;2;1;1;B01
200900055200;0;7;0;0;2;7;9;A01
200900055200;0;31;0;0;2;7;1;B02
200900055201;0;7;0;0;0;0;19;C03
200900055201;0;7;0;0;2;3;23;A01
200900055201;0;2;0;1;0;1;13;B02
200900055202;0;3;0;0;2;1;17;A01
200900055202;0;7;0;0;2;1;1;B02
200900055203;0;7;0;0;2;1;1;A01
200900055203;0;7;0;0;2;2;15;B02
200900055204;0;7;0;0;2;3;1;B02