num_acc;senc;catv;occutc;obs;obsm;choc;manv;num_veh
200900055204;0;7;0;0;0;1;19;A01
200900055205;0;7;0;13;0;2;1;A01
200900055206;0;7;0;0;2;3;1;A01
200900055206;0;7;0;0;2;3;1;B02
200900055207;0;7;0;0;1;3;1;A01
200900055208;0;7;0;0;0;2;0;A01
200900055209;0;17;0;13;0;2;14;A01
200900055210;0;7;0;0;2;2;1;B02
200900055210;0;7;0;0;2;1;13;A01
200900055211;0;10;0;0;2;2;1;A01
200900055211;0;1;0;0;0;4;1;B02
200900055212;0;2;0;0;2;1;15;A01
200900055212;0;21;0;0;2;1;1;B02
200900055213;0;10;0;0;2;3;15;A01
200900055213;0;2;0;0;2;1;1;B02
200900055214;0;14;0;0;2;5;1;A01
200900055214;0;7;0;6;2;3;16;B02
200900055215;0;33;0;0;2;8;1;B01
200900055215;0;7;0;0;2;3;15;A01
200900055216;0;1;0;0;2;8;19;A01
200900055216;0;7;0;0;2;2;1;B02
200900055217;0;7;0;0;1;0;1;A01
200900055218;0;7;0;0;1;3;1;A01
200900055219;0;7;0;0;2;8;1;A01
200900055219;0;7;0;0;2;2;1;B01
200900055220;0;10;0;0;2;3;1;B02
200900055220;0;7;0;0;2;1;15;A01
200900055221;0;7;0;0;2;2;1;B01
200900055221;0;7;0;0;2;3;9;A01
200900055222;0;7;0;0;2;4;0;B01
200900055222;0;7;0;0;2;1;1;A01
200900055223;0;2;0;0;2;1;15;A01
200900055223;0;7;0;0;2;3;1;B01
200900055224;0;30;0;11;0;1;1;A01
200900055225;0;30;0;8;0;1;1;A01
200900055226;0;10;0;0;2;4;1;C01
200900055226;0;10;0;0;2;4;1;D01
200900055226;0;7;0;0;2;3;2;A01
200900055226;0;7;0;0;2;4;1;B01
200900055227;0;30;0;12;0;1;1;A01
200900055228;0;7;0;6;0;4;1;A01
200900055229;0;7;0;0;1;2;1;A01
200900055230;0;3;0;0;2;4;1;B01
200900055230;0;7;0;0;2;1;1;A01
200900055231;0;17;0;0;2;2;14;A01
200900055231;0;7;0;0;2;6;1;B01
200900055232;0;7;0;0;2;2;15;A01
200900055232;0;7;0;0;2;1;1;B01
200900055233;0;7;0;0;2;1;1;A01
200900055233;0;37;15;0;2;4;23;B01
200900055234;0;7;0;0;2;7;10;A01
200900055234;0;30;0;0;2;1;1;B01
200900055235;0;7;0;0;2;1;2;A01
200900055235;0;7;0;0;2;3;2;C01
200900055235;0;7;0;0;2;1;2;B01
200900055235;0;7;0;0;2;6;15;D01
200900055236;0;2;0;0;0;1;0;B01
200900055236;0;7;0;0;0;3;9;A01
200900055237;0;2;0;0;0;0;1;A01
200900055238;0;7;0;2;0;8;1;A01
200900055239;0;7;0;0;2;4;1;C01
200900055239;0;7;0;0;2;1;1;A01
200900055239;0;7;0;0;2;4;1;B01
200900055240;0;7;0;0;1;3;1;A01
200900055241;0;7;0;0;1;8;2;A01
200900055242;0;7;0;0;2;4;1;B01
200900055242;0;7;0;0;2;1;1;D01
200900055242;0;7;0;0;2;4;1;C01
200900055242;0;7;0;0;2;4;1;A01
200900055243;0;7;0;0;2;3;20;A01
200900055243;0;30;0;0;2;1;1;B01
200900055244;0;7;0;0;2;1;1;B01
200900055244;0;7;0;0;2;3;1;C01
200900055244;0;7;0;0;2;2;15;A01
200900055245;0;7;0;8;0;1;1;A01
200900055246;0;7;0;0;2;3;1;B01
200900055246;0;7;0;0;2;1;0;A01
200900055247;0;1;0;12;0;1;3;Y01
200900055248;0;1;0;1;0;1;2;B01
200900055248;0;7;0;0;9;8;24;A01
200900055249;0;30;0;0;2;1;1;A01
200900055249;0;7;0;0;2;4;1;B01
200900055250;0;7;0;0;0;4;2;B01
200900055250;0;1;0;0;2;1;2;A01
200900055251;0;33;0;0;9;5;15;A01
200900055251;0;1;0;0;2;1;1;B01
200900055252;0;7;0;0;1;3;2;A01
200900055253;0;17;0;0;1;7;1;A01
200900055254;0;7;0;13;0;8;1;A01
200900055255;0;7;0;2;0;6;19;A01
200900055256;0;17;0;6;0;3;1;A01
200900055257;0;7;0;3;0;1;13;A01
200900055258;0;2;0;0;2;1;1;B02
200900055258;0;7;0;0;2;3;9;A01
200900055259;0;17;0;0;2;3;1;A01
200900055259;0;7;0;0;2;2;19;B02
200900055260;0;7;0;0;2;1;1;B02
200900055260;0;7;0;0;2;8;9;A01
200900055261;0;17;0;0;2;1;1;B02
200900055261;0;7;0;0;2;1;5;A01
200900055262;0;7;0;0;2;3;13;A01
200900055262;0;7;0;0;2;3;1;B02
200900055263;0;7;0;0;2;2;1;C03
200900055263;0;7;0;0;2;7;13;A01
200900055263;0;33;0;0;2;1;1;B02
200900055264;0;2;0;0;2;1;13;A01
200900055264;0;10;0;0;2;8;1;B02
200900055265;0;7;0;8;0;1;16;A01
200900055266;0;7;0;0;2;2;15;A01
200900055266;0;1;0;0;2;2;1;B01
200900055267;0;7;0;0;1;0;1;A01
200900055268;0;7;0;0;2;2;1;B01
200900055268;0;7;0;0;2;1;1;C01
200900055268;0;7;0;0;2;3;3;A01
200900055269;0;7;0;0;1;7;1;A01
200900055270;0;10;0;0;1;3;1;A01
200900055271;0;7;0;0;1;2;1;A01
200900055272;0;7;0;14;0;3;1;D04
200900055272;0;7;0;14;0;2;1;E05
200900055272;0;7;0;0;2;8;1;B02
200900055272;0;7;0;14;0;2;1;F06
200900055272;0;30;0;0;2;8;23;A01
200900055272;0;7;0;14;0;2;1;C03
200900055273;0;7;0;0;2;7;1;B01
200900055273;0;7;0;0;2;1;9;A01
200900055274;0;7;0;0;2;3;1;B01
200900055274;0;2;0;0;2;1;1;A01
200900055275;0;7;0;0;1;1;1;A01
200900055275;0;7;0;0;1;2;16;B01
200900055276;0;7;0;0;2;2;15;A01
200900055276;0;7;0;0;2;1;1;B01
200900055277;0;32;0;0;0;0;0;A01
200900055278;0;7;0;1;0;1;1;A01
200900055279;0;7;0;4;0;2;1;A01
200900055280;0;7;0;0;2;8;3;A01
200900055280;0;7;0;0;2;2;1;B01
200900055281;0;21;0;0;0;0;1;A01
200900055282;0;7;0;0;1;4;4;A01
200900055282;0;7;0;0;1;6;24;B01
200900055283;0;7;0;0;2;5;17;C01
200900055283;0;7;0;0;2;3;5;A01
200900055283;0;7;0;0;2;3;1;B01
200900055284;0;33;0;1;0;1;12;A01
200900055285;0;7;0;0;2;3;2;B01
200900055285;0;2;0;0;2;1;2;A01
200900055286;0;7;0;0;0;5;2;B01
200900055286;0;1;0;0;2;5;2;A01
200900055287;0;7;0;0;2;3;9;A01
200900055287;0;30;0;0;2;1;1;B01
200900055288;0;7;0;0;2;1;1;B01
200900055288;0;7;0;0;2;1;1;A01
200900055289;0;7;0;0;2;3;15;A01
200900055289;0;7;0;0;2;3;1;B01
200900055290;0;7;0;0;1;2;1;A01
200900055291;0;7;0;0;1;1;1;A01
200900055292;0;7;0;0;2;4;2;A01
200900055292;0;7;0;0;0;4;2;C01
200900055292;0;7;0;0;2;4;2;B01
200900055293;0;7;0;0;1;2;1;A01
200900055294;0;7;0;0;2;3;15;A01
200900055294;0;7;0;0;2;1;1;B02
200900055295;0;7;0;0;1;2;21;A01
200900055296;0;7;0;0;5;1;17;A01
200900055297;0;7;0;2;0;1;13;A01
200900055298;0;7;0;0;2;5;13;A01
200900055298;0;7;0;0;2;1;1;B02
200900055299;0;7;0;0;2;2;1;A01
200900055299;0;30;0;0;2;7;1;B02
200900055300;0;7;0;0;2;1;1;B02
200900055300;0;7;0;0;2;1;1;A01
200900055301;0;7;0;2;0;1;14;A01
200900055302;0;7;0;0;2;1;1;B02
200900055303;0;2;0;0;2;1;1;A01
200900055303;0;7;0;0;2;8;19;B02
200900055304;0;7;0;13;0;2;1;A01
200900055305;0;7;0;2;0;1;1;A01
200900055306;0;7;0;0;1;2;1;A01
200900055307;0;7;0;0;1;1;1;A01
200900055308;0;7;0;0;2;7;15;A01
200900055308;0;33;0;0;2;1;1;B01
200900055309;0;15;0;0;0;7;17;A01
200900055309;0;1;0;0;0;8;13;B01
200900055310;0;7;0;8;2;8;10;A01
200900055310;0;15;0;0;2;2;1;B01
200900055311;0;7;0;0;2;3;15;A01
200900055311;0;2;0;0;2;1;17;B01
200900055312;0;7;0;0;2;8;1;A01
200900055312;0;2;0;0;2;1;13;B01
200900055313;0;7;0;6;2;2;1;B01
200900055313;0;7;0;0;2;1;1;A01
200900055314;0;33;0;0;1;1;17;A01
200900055315;0;33;0;0;2;1;1;B01
200900055315;0;7;0;0;2;1;13;A01
200900055316;0;31;0;0;2;1;1;B01
200900055316;0;7;0;0;2;2;15;A01
200900055317;0;7;0;0;2;8;15;B01
200900055317;0;33;0;0;2;1;17;A01
200900055318;0;7;0;14;0;4;23;B01
200900055318;0;7;0;0;0;4;23;C01
200900055318;0;7;0;14;0;1;2;A01
200900055319;0;2;0;0;2;1;1;B01
200900055319;0;7;0;0;2;7;15;A01
200900055320;0;7;0;8;2;1;1;B01
200900055320;0;7;0;0;2;1;2;C01
200900055320;0;7;0;0;2;2;15;A01
200900055321;0;7;0;1;0;8;14;A01
200900055322;0;2;0;1;2;3;15;A01
200900055322;0;2;0;1;2;1;2;B01
200900055323;0;7;0;0;2;7;1;B01
200900055323;0;7;0;0;2;1;1;A01
200900055324;0;7;0;0;2;2;1;B01
200900055324;0;3;0;0;2;3;9;A01
200900055325;0;7;0;0;2;7;15;B01
200900055325;0;1;0;0;2;1;1;A01
200900055326;0;7;0;0;1;2;1;A01
200900055327;0;7;0;0;1;1;1;A01
200900055328;0;2;0;0;0;0;0;A01
200900055329;0;7;0;0;0;7;19;A01
200900055329;0;7;0;0;2;1;1;B02
200900055330;0;7;0;13;0;1;1;A01
200900055331;0;7;0;0;1;4;23;B02
200900055331;0;7;0;0;2;1;2;A01
200900055332;0;7;0;0;2;1;1;A01
200900055332;0;7;0;0;2;8;9;B02
200900055333;1;7;0;0;9;0;2;A01
200900055333;0;30;0;0;2;8;2;B02
200900055334;0;7;0;0;2;8;1;D04
200900055334;0;17;0;13;2;3;13;A01
200900055335;0;30;0;0;0;0;2;B02
200900055335;0;7;0;0;9;2;2;A01
200900055335;0;7;0;0;2;3;1;C03
200900055336;0;10;0;13;0;1;1;A01
200900055337;0;7;0;0;2;2;13;B02
200900055337;0;7;0;0;2;2;13;A01
200900055338;0;2;0;0;2;3;13;A01
200900055338;0;10;0;0;2;2;1;B02
200900055339;0;2;0;0;2;1;13;A01
200900055339;0;7;0;0;2;3;1;B01
200900055340;0;7;0;0;1;1;1;A01
200900055341;0;7;0;0;2;5;21;B01
200900055341;0;7;0;0;2;2;5;A01
200900055342;0;2;0;0;2;1;1;B01
200900055342;0;7;0;0;2;2;15;A01
200900055343;0;7;0;0;2;2;9;A01
200900055343;0;33;0;0;2;1;21;B01
200900055344;0;7;0;0;1;3;1;A01
200900055345;0;7;0;0;2;1;1;B02
200900055345;0;30;0;0;2;1;13;A01
200900055346;0;7;0;8;0;1;14;A01
200900055347;0;13;0;16;0;2;13;A01
200900055348;0;31;0;16;0;1;1;A01
200900055349;0;7;0;0;2;8;1;B02
200900055349;0;7;0;0;2;2;17;A01
200900055350;0;7;0;0;2;2;1;A01
200900055350;0;30;0;0;2;8;1;B02
200900055351;0;7;0;13;0;1;14;A01
200900055352;0;17;0;0;2;3;1;A01
200900055352;0;7;0;0;2;3;13;B02
200900055353;0;7;0;0;2;1;13;A01
200900055353;0;33;0;0;2;1;1;B02
200900055354;0;7;0;13;2;1;1;C03
200900055354;0;7;0;0;2;1;1;B02
200900055354;0;7;0;6;2;1;13;A01
200900055355;0;7;0;0;2;5;15;A01
200900055355;0;33;0;0;2;7;1;B02
200900055356;0;1;0;0;2;1;1;A01
200900055356;1;99;0;0;2;0;13;B02
200900055357;0;7;0;0;2;8;1;B01
200900055357;0;7;0;0;2;2;1;A01
200900055358;0;7;0;0;1;1;1;A01
200900055359;0;7;0;0;2;4;2;B01
200900055359;0;33;0;0;2;3;1;A01
200900055360;0;7;0;0;2;1;1;B01
200900055360;0;15;0;0;2;3;10;A01
200900055361;0;7;0;0;1;1;1;A01
200900055362;0;7;0;0;2;2;17;A01
200900055362;0;7;0;0;2;8;15;B01
200900055363;0;2;0;0;1;1;0;A01
200900055364;0;10;0;1;2;2;1;A01
200900055364;0;7;0;0;2;1;1;B01
200900055365;0;1;0;0;2;2;1;B01
200900055365;0;7;0;0;2;1;1;A01
200900055366;0;7;0;1;2;6;2;B01
200900055366;0;7;0;0;9;1;19;A01
200900055367;0;33;0;0;0;0;0;A01
200900055368;0;7;0;0;2;3;11;A01
200900055368;0;33;0;0;2;2;3;B01
200900055369;0;7;0;0;1;3;1;A01
200900055370;0;30;0;0;2;0;17;A01
200900055370;0;13;0;0;2;8;15;B01
200900055371;0;7;0;0;2;1;13;A01
200900055371;0;7;0;0;2;1;1;B01
200900055372;0;2;0;0;1;1;17;A01
200900055373;0;7;0;0;2;1;23;B01
200900055373;0;1;0;0;2;1;19;A01
200900055374;0;7;0;0;2;7;15;A01
200900055374;0;33;0;0;2;1;1;B01
200900055375;0;7;0;0;2;3;15;B01
200900055375;0;32;0;0;2;7;17;A01
200900055376;0;34;0;0;2;1;1;B01
200900055376;0;7;0;0;2;3;15;A01
200900055376;0;7;0;0;2;1;23;C01
200900055377;0;7;0;0;2;1;2;A01
200900055377;0;7;0;0;0;4;2;B01
200900055378;0;7;0;0;2;8;15;B01
200900055378;0;32;0;0;2;2;17;A01
200900055379;0;7;0;0;2;1;1;B01
200900055379;0;2;0;0;2;1;13;A01
200900055380;0;30;0;0;2;1;17;A01
200900055380;0;7;0;0;2;8;21;B01
200900055381;0;7;0;0;0;3;15;A01
200900055381;0;32;0;0;2;1;23;B01
200900055382;0;2;0;0;2;1;7;A01
200900055382;0;7;0;0;2;7;16;B01
200900055383;0;7;0;0;2;8;1;B01
200900055383;0;7;0;0;2;1;1;A01
200900055384;0;33;0;0;2;1;2;A01
200900055384;0;7;0;0;2;4;1;B01
200900055385;0;7;0;0;2;9;13;A01
200900055385;0;7;0;0;2;3;1;C01
200900055385;0;7;0;0;2;3;1;B01
200900055386;0;37;5;0;1;0;9;A01
200900055387;0;7;0;0;2;3;1;A01
200900055388;0;30;0;0;2;1;17;A01
200900055388;0;7;0;0;2;1;1;B01
200900055389;0;7;0;6;0;1;21;A01
200900055390;0;7;0;0;2;2;1;B02
200900055390;0;7;0;12;0;7;19;A01
200900055391;0;2;0;0;2;1;1;B02
200900055391;0;7;0;0;2;2;15;A01
200900055392;0;33;0;0;6;1;19;A01
200900055393;0;10;0;0;2;2;15;A01
200900055393;0;30;0;0;0;1;1;B02
200900055394;0;7;0;0;2;1;1;B02
200900055394;0;14;0;0;0;4;23;A01
200900055395;0;7;0;2;0;7;1;A01
200900055396;0;7;0;0;1;3;1;A01
200900055397;0;7;0;0;0;8;15;A01
200900055397;0;33;0;0;0;7;1;B02
200900055398;0;32;0;16;0;0;1;A01
200900055399;0;7;0;1;0;1;17;A01
200900055400;0;35;0;0;1;0;21;A01
200900055401;0;7;0;0;1;3;1;A01
200900055402;0;7;0;0;2;4;23;B01
200900055402;0;7;0;0;2;1;1;A01
200900055403;0;7;0;1;2;2;15;A01
200900055403;0;31;0;0;2;1;1;B01
200900055404;2;7;0;4;0;9;0;A01
200900055405;0;33;0;0;2;1;1;B01
200900055405;0;7;0;0;2;8;9;A01
200900055406;0;7;0;0;2;1;1;A01
200900055406;0;7;0;0;2;1;15;B01
200900055407;0;7;0;0;2;1;1;A01
200900055407;0;7;0;0;2;4;2;B01
200900055408;0;7;0;0;2;2;16;B01
200900055408;0;2;0;0;2;9;18;A01
200900055408;0;7;0;14;0;1;16;C01
200900055409;0;7;0;0;1;1;15;A01
200900055410;0;7;0;0;2;1;1;B01
200900055410;0;7;0;0;2;1;17;A01
200900055411;0;1;0;0;2;1;12;B01
200900055411;0;7;0;0;2;3;16;A01
200900055412;0;1;0;0;2;1;1;B01
200900055412;0;10;0;0;9;1;15;A01
200900055413;0;7;0;0;1;1;14;A01
200900055414;1;7;0;0;2;7;10;A01
200900055414;0;31;0;0;2;1;2;B01
200900055415;0;7;0;0;1;1;9;A01
200900055416;0;7;0;0;2;1;1;A01
200900055416;0;7;0;8;2;7;1;B01
200900055416;0;7;0;0;2;1;23;C01
200900055417;0;7;0;0;2;1;0;C01
200900055417;0;7;0;0;2;1;1;B01
200900055417;0;7;0;0;2;1;0;A01
200900055418;0;7;0;0;6;1;14;A01
200900055419;0;7;0;0;2;1;2;B02
200900055419;0;7;0;2;0;4;1;A01
200900055420;0;2;0;0;2;1;1;B02
200900055420;0;7;0;0;2;2;15;A01
200900055421;0;7;0;0;1;2;1;A01
200900055422;0;7;0;0;1;1;1;A01
200900055423;0;7;0;0;1;3;1;A01
200900055424;0;2;0;0;2;1;1;B02
200900055424;0;7;0;0;2;3;10;A01
200900055425;0;17;0;0;2;3;1;B02
200900055425;0;7;0;0;2;1;1;A01
200900055426;1;7;0;;2;0;15;Z02
200900055426;0;1;0;0;2;1;1;A01
200900055427;0;7;0;6;0;1;1;A01
200900055428;0;1;0;0;2;1;1;A01
200900055428;0;1;0;0;2;1;1;B01
200900055429;0;7;0;0;2;1;17;A01
200900055429;0;99;0;0;0;4;0;B01
200900055429;0;2;0;0;2;1;0;C01
200900055430;0;30;0;0;2;6;0;B01
200900055430;0;10;0;0;2;5;0;A01
200900055431;0;7;0;4;0;1;1;A01
200900055432;0;1;0;0;2;1;17;B02
200900055432;0;7;0;0;2;1;1;A01
200900055433;0;7;0;0;1;1;1;A01
200900055434;0;7;0;0;2;8;0;A01
200900055434;0;7;0;0;2;7;1;B01
200900055435;0;7;0;0;2;9;0;B01
200900055435;0;7;0;0;2;1;0;A01
200900055436;0;14;0;0;2;4;1;B01
200900055436;0;30;0;0;2;1;9;A01
200900055437;0;2;0;0;2;1;1;B02
200900055437;0;10;0;0;2;8;19;A01
200900055438;0;7;0;0;2;1;15;A01
200900055438;0;2;0;0;2;8;1;B01
200900055439;0;7;0;0;1;1;1;A01
200900055440;0;34;0;0;6;1;0;A01
200900055441;0;33;0;0;0;7;1;B01
200900055441;0;7;0;0;2;1;9;A01
200900055442;0;30;0;6;0;1;14;A01
200900055443;0;7;0;16;0;9;1;A01
200900055444;0;7;0;0;2;3;13;A01
200900055444;0;17;0;0;2;3;1;B02
200900055445;0;38;0;0;9;5;17;B02
200900055445;0;1;0;0;2;8;1;A01
200900055446;0;7;0;0;1;1;1;A01
200900055447;0;7;0;0;2;2;17;A01
200900055447;0;2;0;0;0;8;15;B02
200900055448;0;31;0;8;0;1;13;A01
200900055449;0;10;0;0;2;1;1;A01
200900055449;0;17;0;0;0;4;1;B02
200900055450;0;17;0;0;2;1;1;B02
200900055450;0;7;0;0;2;7;13;A01
200900055451;0;7;0;8;0;1;1;A01
200900055452;0;7;0;0;2;8;17;A01
200900055452;0;17;0;0;0;0;1;D04
200900055452;0;7;0;0;2;3;1;B02
200900055453;0;2;0;12;0;2;14;A01
200900055454;0;7;0;0;2;7;15;A01
200900055454;0;7;0;0;2;2;1;B01
200900055455;0;7;0;0;0;5;1;B01
200900055455;0;13;0;0;2;1;2;A01
200900055456;0;10;0;0;1;2;1;A01
200900055457;0;33;0;0;2;1;1;B01
200900055457;0;7;0;0;2;8;15;A01
200900055458;0;2;0;0;2;1;1;A01
200900055458;0;7;0;0;2;6;1;B01
200900055459;0;33;0;4;2;1;16;A01
200900055459;0;7;0;0;9;1;15;B01
200900055460;0;7;0;0;1;3;1;A01
200900055461;0;7;0;0;2;3;15;A01
200900055461;0;1;0;0;2;3;9;B01
200900055462;0;2;0;1;2;3;18;A01
200900055462;0;7;0;0;2;2;1;B01
200900055463;0;7;0;0;2;1;9;A01
200900055463;0;1;0;0;2;7;15;B01
200900055464;0;30;0;12;0;1;14;A01
200900055465;0;1;0;0;2;1;1;B01
200900055465;0;7;0;0;2;2;14;A01
200900055466;0;7;0;0;1;2;1;A01
200900055467;0;7;0;8;0;1;1;A01
200900055468;0;7;0;0;1;7;1;A01
200900055469;0;7;0;0;0;9;1;A01
200900055470;0;2;0;0;2;7;1;A01
200900055470;0;10;0;0;2;1;9;B01
200900055471;0;30;0;0;2;1;5;A01
200900055471;0;7;0;0;2;2;1;B01
200900055472;0;33;0;12;2;1;1;A01
200900055472;0;10;0;0;2;3;23;B01
200900055473;0;7;0;0;0;4;2;B01
200900055473;0;7;0;0;2;1;2;A01
200900055474;0;33;0;0;2;1;1;B01
200900055474;0;7;0;0;2;3;15;A01
200900055475;0;33;0;0;2;4;1;A01
200900055475;1;7;0;0;2;1;1;B01
200900055476;0;33;0;15;0;0;0;A01
200900055477;0;99;0;0;9;7;9;A01
200900055477;0;1;0;0;2;8;1;B01
200900055478;0;33;0;0;0;0;0;B01
200900055478;0;7;0;0;0;8;10;A01
200900055479;0;32;0;0;2;8;1;B01
200900055479;0;7;0;2;2;1;5;A01
200900055480;0;7;0;0;2;1;1;B01
200900055480;0;7;0;0;2;2;11;A01
200900055481;0;7;0;0;0;9;0;A01
200900055482;0;7;0;15;0;1;1;A01
200900055483;0;36;0;12;0;8;1;A01
200900055484;0;7;0;13;0;1;1;A01
200900055485;0;7;0;0;2;1;9;A01
200900055485;0;7;0;0;2;1;0;B01
200900055486;0;7;0;0;0;0;15;C01
200900055486;0;7;0;0;2;1;21;A01
200900055486;0;7;0;0;0;8;0;B01
200900055487;0;7;0;0;2;6;4;B01
200900055487;0;7;0;0;2;1;2;A01
200900055488;0;2;0;0;2;8;1;C01
200900055488;0;10;0;0;2;8;16;A01
200900055488;0;2;0;0;2;6;1;B01
200900055489;0;7;0;15;0;2;0;A01
200900055490;0;7;0;0;0;8;2;B01
200900055490;0;7;0;0;0;3;2;A01
200900055491;0;7;0;0;2;1;2;A01
200900055491;0;7;0;0;0;4;2;B01
200900055492;0;30;0;0;1;0;2;A01
200900055493;0;7;0;0;2;1;2;B01
200900055493;0;7;0;0;2;4;2;A01
200900055494;0;7;0;0;0;9;1;A01
200900055495;0;10;0;0;2;4;2;C01
200900055495;0;7;0;0;2;1;2;A01
200900055495;0;7;0;0;2;4;2;B01
200900055496;0;7;0;0;0;0;1;A01
200900055497;0;7;0;0;2;3;0;B01
200900055497;0;7;0;0;2;5;9;A01
200900055497;0;7;0;0;2;7;0;C01
200900055497;0;10;0;0;2;6;0;E01
200900055497;0;14;0;0;2;5;0;D01
200900055498;0;7;0;3;2;4;2;A01
200900055498;0;7;0;0;2;1;2;B01
200900055499;0;7;0;0;2;6;13;B01
200900055499;0;33;0;0;2;2;3;C01
200900055499;0;7;0;0;2;8;1;A01
200900055500;0;7;0;0;0;8;1;B01
200900055500;0;7;0;0;2;2;14;A01
200900055501;0;7;0;7;0;7;2;B01
200900055501;0;7;0;13;2;8;11;A01
200900055502;0;7;0;4;0;1;21;A01
200900055503;0;7;0;8;0;1;1;A01
200900055504;0;7;0;8;0;1;1;A01
200900055505;0;21;0;0;2;6;9;A01
200900055505;0;2;0;0;0;2;17;A02
200900055506;0;7;0;0;2;1;19;B02
200900055506;0;7;0;0;2;1;23;C03
200900055506;0;7;0;0;2;7;1;A01
200900055507;0;7;0;0;1;6;4;A01
200900055508;0;7;0;0;2;3;19;B02
200900055508;0;2;0;0;2;1;1;A01
200900055509;0;7;0;0;0;4;2;C03
200900055509;0;7;0;0;2;4;1;B02
200900055509;0;14;0;0;2;1;1;A01
200900055510;0;7;0;0;2;5;15;B02
200900055510;0;32;0;0;2;1;1;A01
200900055511;0;33;0;12;0;8;1;A01
200900055512;0;36;0;0;0;2;2;A01
200900055512;0;1;0;0;0;4;0;B02
200900055513;0;7;0;0;0;9;14;A01
200900055514;0;7;0;16;2;0;1;A01
200900055514;1;7;0;0;2;8;13;B02
200900055515;0;7;0;0;2;4;2;C03
200900055515;0;7;0;0;0;4;2;B02
200900055515;0;7;0;0;0;4;2;D04
200900055515;0;10;0;0;2;1;2;A01
200900055516;0;7;0;0;2;6;10;A01
200900055516;0;31;0;0;2;1;1;B02
200900055517;0;38;0;0;2;1;1;A01
200900055517;0;7;0;0;2;7;19;B02
200900055518;0;7;0;0;2;3;13;A01
200900055518;0;7;0;0;2;3;1;B02
200900055519;0;7;0;0;2;3;1;B02
200900055519;0;7;0;0;2;5;19;A01
200900055520;0;7;0;0;0;3;1;A01
200900055520;0;7;0;0;0;1;1;B02
200900055521;0;7;0;0;1;1;1;A01
200900055522;0;14;0;3;0;1;14;A01
200900055523;0;7;0;2;0;8;1;A01
200900055524;0;7;0;0;2;8;15;B02
200900055524;0;33;0;0;2;1;17;A01
200900055525;0;33;0;0;2;1;1;A01
200900055525;0;7;0;0;0;3;15;B02
200900055526;0;33;0;0;2;1;0;B02
200900055526;0;7;0;0;0;3;10;A01
200900055527;0;10;0;13;0;1;17;A01
200900055528;0;1;0;0;0;1;5;B02
200900055528;0;7;0;0;0;7;1;A01
200900055529;0;7;0;0;2;3;13;A01
200900055529;0;7;0;0;2;3;1;B02
200900055530;0;7;0;0;0;0;0;C03
200900055530;0;7;0;0;2;8;1;D04
200900055530;0;7;0;0;2;1;1;B02
200900055530;0;7;0;0;2;3;3;A01
200900055531;0;7;0;0;2;3;15;B01
200900055531;0;7;0;9;2;2;1;A01
200900055532;0;7;0;0;0;8;11;A01
200900055532;0;32;0;0;2;1;17;B01
200900055533;0;7;0;0;1;1;0;A01
200900055534;0;7;0;2;0;7;1;A01
200900055535;0;33;0;0;2;1;0;B01
200900055535;0;7;0;0;0;3;9;A01
200900055536;0;7;0;0;0;2;1;A01
200900055537;0;3;0;0;2;1;5;A01
200900055537;0;33;0;0;2;2;1;B01
200900055538;0;38;1;0;1;2;12;A01
200900055539;0;7;0;0;1;3;1;A01
200900055540;0;7;0;6;2;8;1;B01
200900055540;0;15;0;0;2;1;1;A01
200900055541;0;33;0;8;0;1;6;A01
200900055542;0;10;0;0;2;4;1;B01
200900055542;0;7;0;0;2;1;2;A01
200900055543;0;7;0;0;1;2;1;A01
200900055544;0;7;0;13;0;1;1;A01
200900055545;0;7;0;0;2;3;1;A01
200900055545;0;30;0;0;2;1;1;B01
200900055546;0;7;0;0;2;5;2;B01
200900055546;0;33;0;0;2;1;18;A01
200900055546;0;7;0;0;2;5;2;C01
200900055547;0;2;0;0;2;0;1;B01
200900055547;0;10;0;0;2;8;0;A01
200900055548;0;7;0;0;2;1;1;B01
200900055548;0;7;0;0;2;8;0;A01
200900055549;0;7;0;8;0;1;1;A01
200900055550;0;7;0;0;2;7;19;A01
200900055550;0;7;0;0;2;2;1;B01
200900055551;0;33;0;12;0;7;15;A01
200900055552;0;10;0;9;2;1;1;A01
200900055552;0;7;0;9;2;8;1;B01
200900055553;0;30;0;0;0;0;1;A01
200900055554;0;7;0;0;9;0;23;C01
200900055554;0;7;0;0;2;5;1;A01
200900055554;0;7;0;0;2;1;1;B01
200900055555;0;33;0;1;2;1;17;A01
200900055555;0;7;0;0;2;8;10;B01
200900055556;1;99;0;0;1;1;0;A01
200900055557;0;1;0;0;1;3;1;A01
200900055558;1;99;0;0;1;2;2;A01
200900055559;0;7;0;0;1;1;1;A01
200900055560;0;7;0;2;0;1;1;A01
200900055561;0;7;0;10;0;2;1;A01
200900055562;0;17;0;1;0;1;19;A01
200900055562;0;7;0;0;2;4;24;C03
200900055563;0;7;0;0;2;3;17;A01
200900055563;0;2;0;0;2;1;1;B02
200900055564;0;33;0;0;0;7;1;A01
200900055565;0;10;0;0;2;8;15;A01
200900055565;0;2;0;0;2;1;1;B02
200900055566;0;7;0;0;2;3;1;A01
200900055566;0;30;0;0;2;4;1;B01
200900055567;0;7;0;0;0;0;16;A01
200900055567;0;30;0;0;0;0;1;B01
200900055568;0;7;0;6;2;2;17;A01