num_acc;senc;catv;occutc;obs;obsm;choc;manv;num_veh
200900055568;0;7;0;0;2;3;13;B01
200900055569;0;1;0;0;2;8;19;B01
200900055569;0;7;0;0;2;2;1;A01
200900055570;0;1;0;0;2;3;1;B01
200900055570;0;7;0;0;2;2;14;A01
200900055571;0;2;0;0;2;1;1;B01
200900055571;0;7;0;0;2;3;15;A01
200900055572;0;7;0;0;1;1;1;A01
200900055573;0;2;0;0;2;1;1;A01
200900055573;0;7;0;0;2;8;15;B01
200900055574;0;10;0;0;1;6;4;A01
200900055575;0;7;0;0;1;2;17;A01
200900055576;0;7;0;0;2;1;1;B01
200900055576;0;7;0;0;2;3;9;A01
200900055577;0;7;0;0;2;3;9;A01
200900055577;0;7;0;0;2;1;1;B01
200900055578;0;17;0;0;2;2;21;C01
200900055578;0;7;0;0;2;6;1;B01
200900055578;0;7;0;13;2;3;13;A01
200900055579;0;7;0;8;0;3;13;A01
200900055580;0;37;1;14;0;1;2;A01
200900055580;0;7;0;0;0;4;23;B01
200900055581;0;7;0;6;0;1;13;A01
200900055582;0;7;0;0;2;2;13;A01
200900055582;0;15;0;0;2;2;14;B02
200900055583;0;7;0;0;1;3;1;A01
200900055584;0;15;0;0;2;2;1;A01
200900055584;0;7;0;0;2;3;9;B02
200900055585;0;31;0;13;0;1;1;A01
200900055586;0;10;0;0;1;3;1;A01
200900055587;0;17;0;0;2;3;1;B02
200900055587;0;7;0;0;2;3;13;A01
200900055587;0;7;0;0;2;1;1;C03
200900055588;0;33;0;8;0;1;1;A01
200900055589;0;7;0;0;2;1;13;A01
200900055589;0;10;0;0;2;1;1;B02
200900055590;0;2;0;3;2;7;1;A01
200900055590;0;7;0;0;2;2;1;B02
200900055591;0;10;0;0;0;6;24;B02
200900055591;0;2;0;1;0;1;1;A01
200900055592;0;99;0;0;2;1;21;A01
200900055592;0;7;0;0;2;1;1;B02
200900055593;0;7;0;0;2;1;13;A01
200900055593;0;10;0;0;2;1;1;B02
200900055594;0;33;0;16;0;1;1;A01
200900055595;0;7;0;13;0;1;1;A01
200900055596;0;10;0;0;0;4;15;B02
200900055596;0;30;0;0;2;1;1;A01
200900055597;0;7;0;0;2;1;1;B02
200900055597;0;7;0;0;2;2;15;A01
200900055598;0;1;0;0;2;8;1;B02
200900055598;0;7;0;0;2;8;17;A01
200900055599;0;30;0;13;0;1;1;A01
200900055600;0;7;0;0;2;1;1;B02
200900055600;0;7;0;0;2;1;13;A01
200900055601;0;32;0;0;2;1;1;B01
200900055601;0;7;0;0;2;3;9;A01
200900055602;0;2;0;0;2;1;1;B01
200900055602;0;7;0;0;2;2;15;A01
200900055603;0;31;0;0;2;1;1;B01
200900055603;0;10;0;0;2;3;1;A01
200900055604;0;7;0;0;2;4;2;B01
200900055604;0;7;0;0;2;1;2;A01
200900055604;0;7;0;0;0;4;2;C01
200900055605;0;7;0;0;0;4;23;C01
200900055605;0;7;0;0;2;4;23;B01
200900055605;1;7;0;0;0;1;2;A01
200900055606;0;2;0;0;2;1;17;A01
200900055606;0;7;0;0;2;3;15;B01
200900055607;0;7;0;0;2;1;1;B02
200900055607;0;7;0;0;2;7;13;A01
200900055608;0;7;0;0;2;6;15;B01
200900055608;0;33;0;0;2;2;1;A01
200900055609;0;1;0;0;2;1;13;B01
200900055609;0;7;0;0;2;2;9;A01
200900055610;0;33;0;15;0;1;13;A01
200900055611;0;7;0;0;2;4;1;B01
200900055611;0;7;0;0;2;1;2;A01
200900055612;0;7;0;0;0;9;0;A01
200900055613;0;7;0;0;2;9;23;B01
200900055613;0;7;0;0;2;1;2;A01
200900055613;0;7;0;0;2;4;23;C01
200900055614;0;7;0;0;2;1;2;A01
200900055614;0;7;0;0;2;4;1;C01
200900055614;0;7;0;0;2;9;2;B01
200900055615;0;7;0;0;1;1;1;A01
200900055616;0;33;0;0;2;1;1;B01
200900055616;0;7;0;0;2;0;9;A01
200900055617;0;7;0;0;2;1;1;A01
200900055617;0;7;0;0;2;8;15;B01
200900055618;0;7;0;0;2;1;2;A01
200900055618;0;7;0;0;2;4;23;B01
200900055619;0;1;0;0;2;1;1;A01
200900055619;0;7;0;0;2;7;9;B01
200900055620;0;13;0;0;2;0;16;A01
200900055621;0;2;0;0;2;1;1;B01
200900055621;0;7;0;0;2;1;15;A01
200900055622;0;2;0;0;1;1;1;A01
200900055623;0;7;0;0;2;2;1;A01
200900055623;0;1;0;0;2;1;15;B01
200900055624;0;7;0;0;2;2;15;A01
200900055624;0;7;0;0;2;3;1;B01
200900055625;0;7;0;0;2;3;1;B01
200900055625;0;7;0;0;2;1;15;A01
200900055626;0;7;0;0;2;1;15;A01
200900055626;0;7;0;0;2;1;1;B01
200900055627;0;7;0;0;2;2;10;A01
200900055627;0;32;0;0;2;1;1;B01
200900055628;0;7;0;0;2;2;1;A01
200900055628;0;33;0;0;0;6;16;B01
200900055629;0;7;0;0;0;3;9;A01
200900055629;0;7;0;0;0;5;0;B01
200900055630;0;7;0;0;0;4;23;A01
200900055630;0;7;0;0;0;1;2;B01
200900055631;0;7;0;0;1;8;21;A01
200900055632;0;7;0;0;2;3;1;B01
200900055632;0;31;0;0;2;3;13;A01
200900055633;0;7;0;0;2;1;1;A01
200900055633;0;7;0;0;2;4;1;B01
200900055634;0;7;0;0;2;1;5;A01
200900055634;0;7;0;0;2;1;1;C01
200900055634;0;7;0;0;2;2;11;B01
200900055635;0;7;0;0;1;1;1;A01
200900055636;0;7;0;0;1;1;1;A01
200900055637;0;10;0;0;2;2;1;A01
200900055638;0;30;0;0;2;1;1;B01
200900055638;0;7;0;0;2;7;15;A01
200900055639;0;7;0;0;2;3;15;A01
200900055639;0;30;0;0;2;1;1;B01
200900055640;0;37;2;0;1;2;7;A01
200900055641;0;7;0;0;1;2;1;A01
200900055642;0;7;0;0;2;1;1;A01
200900055642;0;7;0;0;2;8;1;B01
200900055643;0;7;0;0;2;1;1;A01
200900055644;0;7;0;0;1;2;1;A01
200900055645;0;37;1;0;1;2;15;A01
200900055646;0;30;0;0;2;1;1;B01
200900055646;0;7;0;0;2;3;15;A01
200900055647;0;7;0;0;2;6;1;B01
200900055647;0;30;0;0;2;4;1;A01
200900055648;0;2;0;0;2;1;1;B01
200900055648;0;7;0;0;2;3;9;A01
200900055649;0;7;0;0;2;2;1;B01
200900055649;0;7;0;0;2;3;9;A01
200900055650;0;7;0;0;1;2;16;A01
200900055651;0;7;0;2;0;9;1;A01
200900055652;0;7;0;0;2;3;1;B01
200900055652;0;7;0;0;2;2;1;A01
200900055653;0;7;0;;2;1;1;B02
200900055653;0;7;0;;2;3;15;A01
200900055654;0;7;0;0;1;2;1;A01
200900055655;0;7;0;0;2;3;15;B02
200900055655;0;2;0;0;2;1;1;A01
200900055656;0;7;0;0;2;4;12;A01
200900055656;0;33;0;0;2;7;1;B02
200900055656;0;33;0;0;2;1;1;C03
200900055657;0;7;0;0;2;8;1;A01
200900055657;0;7;0;0;2;1;1;B01
200900055658;0;7;0;0;1;2;1;A01
200900055659;0;2;0;0;1;7;1;A01
200900055660;0;30;0;13;0;1;1;A01
200900055661;0;7;0;0;9;3;15;A01
200900055661;0;30;0;0;2;7;1;B01
200900055662;0;7;0;0;0;0;1;A01
200900055663;0;10;0;0;1;1;1;A01
200900055664;0;1;0;0;2;0;2;C01
200900055664;0;1;0;0;2;0;2;B01
200900055664;1;7;0;0;2;0;2;A01
200900055665;0;7;0;1;0;1;16;A01
200900055666;0;2;0;0;0;7;16;A01
200900055667;0;33;0;0;2;1;1;B01
200900055667;0;7;0;0;2;5;11;A01
200900055668;0;7;0;12;2;3;24;C01
200900055668;0;7;0;1;0;3;13;A01
200900055669;0;1;0;0;2;0;19;A01
200900055669;0;7;0;0;2;2;1;B01
200900055670;0;31;0;1;2;9;1;A01
200900055670;0;7;0;0;2;8;1;C01
200900055671;1;7;0;0;2;0;1;A01
200900055671;0;1;0;0;2;4;1;B01
200900055672;0;2;0;0;1;1;1;A01
200900055673;0;7;0;0;0;1;15;A01
200900055673;0;7;0;0;0;3;1;B01
200900055674;0;7;0;0;1;1;1;A01
200900055675;0;7;0;0;2;3;13;A01
200900055675;0;7;0;0;2;1;1;B01
200900055676;0;7;0;0;0;1;14;A01
200900055677;0;30;0;0;2;1;1;B01
200900055677;0;7;0;0;2;1;15;A01
200900055678;0;2;0;0;2;1;21;B01
200900055678;0;7;0;0;0;0;15;A01
200900055679;0;7;0;0;2;1;1;B01
200900055679;0;7;0;13;2;1;15;A01
200900055680;0;30;0;15;0;4;23;B01
200900055680;0;7;0;0;0;4;23;C01
200900055680;1;7;0;0;2;1;1;A01
200900055681;0;7;0;8;2;1;0;B01
200900055681;0;7;0;0;2;7;19;A01
200900055682;0;7;0;0;2;2;1;A01
200900055682;0;7;0;0;2;2;1;B01
200900055683;0;7;0;0;1;8;1;A01
200900055684;0;33;0;0;2;1;13;B01
200900055684;0;7;0;0;2;3;1;A01
200900055684;0;7;0;0;2;3;1;C01
200900055685;0;7;0;0;2;3;15;A01
200900055685;0;7;0;0;2;2;17;B02
200900055686;0;32;0;0;2;1;1;A01
200900055686;0;7;0;0;0;8;19;B02
200900055687;0;7;0;0;2;3;11;A01
200900055687;0;31;0;0;2;7;1;B01
200900055688;0;7;0;0;2;3;1;A01
200900055688;0;31;0;0;2;1;1;B01
200900055689;0;7;0;0;2;3;15;A01
200900055689;0;2;0;0;2;1;1;B01
200900055690;0;1;0;0;2;1;11;A01
200900055690;0;37;19;0;2;7;1;B01
200900055691;0;13;0;0;2;1;15;B01
200900055691;0;7;0;0;2;8;1;A01
200900055692;0;33;0;0;2;1;15;B01
200900055692;0;7;0;0;2;3;15;A01
200900055693;0;10;0;0;2;2;15;A01
200900055693;0;7;0;0;2;1;15;B01
200900055694;0;7;0;15;2;3;9;B01
200900055694;0;32;0;0;2;1;17;A01
200900055694;0;37;1;0;2;3;1;C01
200900055695;0;2;0;0;1;7;21;A01
200900055696;0;7;0;0;1;7;1;A01
200900055697;0;7;0;1;1;1;13;A01
200900055698;0;33;0;0;2;3;1;B01
200900055698;0;7;0;0;2;3;15;A01
200900055699;0;2;0;0;1;3;1;A01
200900055700;0;7;0;0;1;1;0;A01
200900055701;0;7;0;0;0;0;1;C01
200900055701;0;7;0;0;2;2;0;A01
200900055701;0;7;0;0;2;4;0;B01
200900055702;0;33;0;0;2;3;0;A01
200900055702;0;7;0;0;2;7;0;B01
200900055703;0;7;0;0;2;6;9;B01
200900055703;0;33;0;0;2;8;21;A01
200900055704;0;37;1;0;1;3;0;A01
200900055705;0;34;0;0;2;0;1;A01
200900055705;0;7;0;0;2;3;14;B01
200900055706;0;2;0;8;0;1;14;A01
200900055707;0;33;0;15;0;1;13;A01
200900055708;0;33;0;0;2;4;1;B01
200900055708;1;30;0;0;2;1;3;A01
200900055709;0;33;0;0;2;3;7;A01
200900055709;0;2;0;0;2;2;16;B01
200900055710;0;7;0;0;2;2;15;A01
200900055710;0;2;0;0;2;1;1;B01
200900055711;0;7;0;0;2;3;15;B01
200900055711;0;33;0;0;2;7;1;A01
200900055712;0;7;0;0;2;1;2;A01
200900055712;0;2;0;0;2;4;2;C01
200900055712;0;7;0;0;2;4;2;B01
200900055713;0;32;0;0;2;2;1;A01
200900055713;0;10;0;0;2;5;1;B01
200900055714;0;7;0;0;2;1;15;A01
200900055714;0;33;0;0;2;3;1;B01
200900055715;0;10;0;0;1;3;10;A01
200900055716;0;7;0;0;2;7;9;A01
200900055716;0;2;0;0;2;8;1;B01
200900055717;0;7;0;0;2;4;2;C01
200900055717;0;10;0;0;2;4;2;B01
200900055717;0;7;0;0;2;1;2;A01
200900055718;0;7;0;0;1;1;1;A01
200900055719;0;2;0;0;2;0;15;B01
200900055719;0;33;0;0;2;3;1;A01
200900055720;0;7;0;0;1;3;1;A01
200900055721;0;33;0;0;2;1;2;A01
200900055721;0;10;0;0;2;4;2;B01
200900055722;0;7;0;0;2;3;0;A01
200900055722;0;33;0;0;2;1;0;B01
200900055723;0;7;0;0;2;7;12;A01
200900055723;0;32;0;0;2;1;1;B01
200900055724;0;7;0;0;2;5;2;B01
200900055724;0;2;0;0;1;1;2;A01
200900055725;0;31;0;0;2;1;17;B01
200900055725;0;7;0;0;2;8;15;A01
200900055726;0;2;0;0;2;0;21;B01
200900055726;0;7;0;0;2;3;15;A01
200900055727;0;7;0;1;0;3;13;A01
200900055728;0;7;0;0;2;8;1;B01
200900055728;0;7;0;0;2;1;13;A01
200900055729;0;33;0;0;2;8;13;A01
200900055729;0;37;1;0;2;7;7;B01
200900055730;0;7;0;0;2;1;2;A01
200900055730;0;7;0;0;2;4;2;B01
200900055731;0;33;0;0;1;0;0;A01
200900055732;0;7;0;0;1;1;1;A01
200900055733;0;7;0;0;1;1;1;A01
200900055734;0;7;0;0;2;4;2;B01
200900055734;0;10;0;0;2;1;1;A01
200900055735;0;7;0;0;2;8;0;B01
200900055735;0;2;0;0;2;1;0;A01
200900055736;0;30;0;0;0;8;1;A01
200900055737;0;7;0;0;2;7;1;B01
200900055737;0;2;0;0;2;1;1;A01
200900055738;0;7;0;0;2;1;1;A01
200900055738;0;7;0;0;2;4;2;C01
200900055738;0;7;0;14;2;4;2;B01
200900055739;0;7;0;0;2;2;1;B01
200900055739;0;7;0;0;2;1;9;A01
200900055740;0;7;0;0;2;2;1;A01
200900055740;0;1;0;0;2;5;19;B01
200900055741;0;7;0;0;2;4;1;B01
200900055741;0;7;0;0;2;1;1;A01
200900055742;0;7;0;0;2;1;1;B01
200900055742;0;7;0;0;2;7;1;A01
200900055743;0;33;0;0;0;1;13;A01
200900055744;0;7;0;0;2;0;22;B01
200900055744;0;7;0;1;1;0;17;A01
200900055745;0;7;0;0;2;0;9;A01
200900055745;0;30;0;0;2;8;1;B01
200900055746;0;7;0;0;2;6;1;B01
200900055746;0;32;0;0;2;1;1;A01
200900055747;0;33;0;0;1;1;1;A01
200900055748;0;7;0;0;2;5;16;B01
200900055748;0;2;0;0;2;1;1;A01
200900055749;0;10;0;0;2;1;0;A01
200900055749;0;32;0;0;2;0;1;B01
200900055750;0;10;0;0;2;4;2;B01
200900055750;0;10;0;0;2;4;2;C01
200900055750;0;10;0;0;2;1;2;A01
200900055751;0;7;0;0;2;4;2;B01
200900055751;0;7;0;0;2;1;1;A01
200900055752;0;33;0;0;2;1;13;B01
200900055752;0;33;0;0;2;1;1;A01
200900055753;0;7;0;0;1;1;15;A01
200900055754;0;32;0;0;1;1;1;A01
200900055755;0;32;0;0;2;1;1;A01
200900055755;0;7;0;0;2;6;1;B01
200900055756;0;7;0;0;2;7;6;A01
200900055756;0;33;0;0;2;1;1;B01
200900055757;0;7;0;0;2;3;5;A01
200900055757;0;30;0;1;2;6;5;B01
200900055758;0;7;0;0;2;3;11;A01
200900055758;0;7;0;0;2;5;1;B01
200900055759;0;2;0;8;2;1;17;A01
200900055759;0;7;0;0;2;3;15;B01
200900055760;0;2;0;0;2;1;1;A01
200900055760;0;7;0;0;2;7;1;B01
200900055761;0;2;0;0;2;7;3;A01
200900055761;0;14;0;0;2;1;1;B01
200900055762;0;2;0;1;2;0;13;A01
200900055762;0;7;0;0;2;1;1;B01
200900055763;0;7;0;0;2;3;9;B01
200900055763;0;2;0;0;2;1;13;A01
200900055764;0;10;0;0;1;0;15;A01
200900055765;0;30;0;0;1;1;1;A01
200900055766;0;32;0;0;2;2;1;B01
200900055766;0;7;0;0;2;1;1;A01
200900055767;0;7;0;0;2;2;1;B01
200900055767;0;7;0;0;2;1;1;A01
200900055768;0;2;0;0;2;1;1;A01
200900055768;0;2;0;0;2;7;1;B01
200900055769;0;7;0;0;1;3;1;A01
200900055770;0;33;0;0;2;1;1;B01
200900055770;0;7;0;0;2;3;9;A01
200900055771;0;2;0;0;0;8;1;A01
200900055772;0;7;0;0;0;4;24;B01
200900055772;0;30;0;0;2;0;24;A01
200900055773;0;7;0;0;2;8;20;A01
200900055773;0;32;0;0;2;1;1;B01
200900055774;0;7;0;0;2;6;15;A01
200900055774;0;2;0;0;2;7;1;B01
200900055775;0;10;0;0;2;1;1;B01
200900055775;0;10;0;1;2;5;1;A01
200900055775;0;7;0;0;2;5;24;D01
200900055775;0;7;0;0;2;6;23;C01
200900055776;0;7;0;0;1;1;1;A01
200900055777;0;7;0;0;1;1;1;A01
200900055778;0;32;0;1;2;1;13;A01
200900055778;0;14;0;0;2;5;23;B01
200900055779;0;7;0;0;2;1;1;B01
200900055779;0;7;0;0;2;3;15;A01
200900055780;0;34;0;9;0;8;0;A01
200900055781;0;7;0;0;2;6;23;B01
200900055781;0;30;0;0;2;1;2;A01
200900055782;0;33;0;0;2;2;1;B01
200900055782;0;7;0;0;2;3;15;A01
200900055783;0;2;0;0;2;8;0;A01
200900055783;0;7;0;0;2;2;0;B01
200900055784;0;7;0;0;2;1;15;A01
200900055784;0;33;0;0;2;1;1;B01
200900055785;0;7;0;0;2;7;1;A01
200900055785;0;2;0;0;2;1;1;B01
200900055786;0;7;0;0;2;3;15;A01
200900055786;0;37;22;0;2;2;1;B01
200900055787;0;7;0;0;2;6;1;B01
200900055787;0;2;0;0;2;1;1;A01
200900055788;0;7;0;0;0;8;13;A01
200900055788;0;7;0;0;0;6;1;C03
200900055788;0;33;0;0;0;6;13;B02
200900055789;0;33;0;3;0;1;1;A01
200900055790;0;33;0;0;2;1;1;B02
200900055790;0;7;0;0;2;3;15;A01
200900055791;0;7;0;0;0;1;1;A01
200900055791;0;30;0;0;0;1;0;B02
200900055792;0;30;0;0;0;7;0;A01
200900055793;0;7;0;0;2;4;2;B02
200900055793;0;10;0;0;2;1;2;A01
200900055793;0;10;0;0;2;4;2;C03
200900055794;0;7;0;0;2;1;1;B02
200900055794;0;7;0;0;2;2;13;A01
200900055795;0;33;0;12;0;7;1;A01
200900055796;0;14;0;0;1;1;1;A01
200900055797;0;7;0;0;2;3;13;A01
200900055797;0;33;0;0;2;1;1;B02
200900055798;0;2;0;0;0;2;0;A01
200900055799;0;30;0;6;0;7;1;A01
200900055800;0;7;0;13;0;3;13;A01
200900055801;0;7;0;0;2;3;1;A01
200900055801;0;2;0;0;2;6;15;B02
200900055802;0;7;0;2;0;2;1;A01
200900055803;0;14;0;0;2;1;1;B02
200900055803;0;7;0;0;2;2;15;A01
200900055804;0;99;0;0;1;1;1;A01
200900055805;0;7;0;0;1;3;1;A01
200900055806;0;7;0;0;2;4;2;B02
200900055806;0;7;0;0;2;4;2;C03
200900055806;0;7;0;0;2;1;2;A01
200900055807;0;7;0;0;2;1;5;A01
200900055807;0;7;0;0;2;1;1;B02
200900055808;0;7;0;0;2;2;15;A01
200900055808;0;33;0;0;2;1;1;B02
200900055809;0;31;0;1;0;1;14;A01
200900055810;0;37;0;0;2;8;1;B02
200900055810;0;31;0;0;2;8;13;A01
200900055811;0;31;0;0;2;3;13;B02
200900055811;0;30;0;0;2;2;17;A01
200900055812;0;7;0;0;2;2;19;A01
200900055812;0;33;0;0;2;3;1;B02
200900055813;0;7;0;0;2;8;2;B02
200900055813;0;31;0;0;2;7;2;A01
200900055814;0;30;0;0;0;7;1;A01
200900055815;0;33;0;15;0;3;1;A01
200900055816;0;7;0;13;0;1;1;A01
200900055817;0;7;0;13;2;3;1;B02
200900055817;0;7;0;0;2;3;1;A01
200900055818;0;7;0;0;2;2;1;A01
200900055818;0;33;0;0;2;8;1;B02
200900055819;0;99;0;0;2;5;4;A01
200900055819;0;33;0;0;2;1;23;B02
200900055820;0;36;0;0;0;0;0;B02
200900055820;0;30;0;0;0;0;0;A01
200900055821;0;7;0;8;0;1;1;A01
200900055822;0;7;0;0;2;3;1;A01
200900055822;0;2;0;0;0;1;1;B02
200900055823;0;7;0;0;2;3;1;A01
200900055823;0;7;0;0;2;5;12;B02
200900055824;0;7;0;0;2;1;1;B02
200900055824;0;32;0;0;2;1;17;A01
200900055825;0;33;0;0;0;4;2;B02
200900055825;0;7;0;0;2;1;2;A01
200900055826;0;7;0;4;0;1;1;A01
200900055827;0;7;0;0;2;1;17;A01
200900055827;0;7;0;0;2;1;1;B02
200900055828;0;34;0;1;0;1;1;A01
200900055829;0;7;0;0;0;7;1;B01
200900055829;0;7;0;0;2;1;15;A01
200900055830;0;33;0;0;1;2;2;A01
200900055831;0;7;0;0;2;1;23;B01
200900055831;0;10;0;0;0;4;23;C01
200900055831;0;7;0;0;2;1;1;A01
200900055832;0;7;0;0;2;1;9;A01
200900055832;0;31;0;0;0;7;1;B01
200900055833;0;7;0;15;0;2;21;A01
200900055834;0;7;0;0;1;6;4;A01
200900055835;0;31;0;0;2;1;1;B01
200900055835;0;7;0;0;2;6;10;A01
200900055836;0;7;0;0;2;2;16;B01
200900055836;0;30;0;1;2;1;18;A01
200900055837;0;7;0;0;0;7;1;B01
200900055837;0;7;0;0;2;1;15;A01
200900055838;0;7;0;0;2;7;1;B01
200900055838;0;7;0;0;2;8;15;A01
200900055839;0;30;0;0;0;0;0;A01
200900055840;0;30;0;0;1;1;1;A01
200900055841;0;7;0;0;2;1;1;A01
200900055841;0;7;0;0;0;4;15;B01
200900055842;0;7;0;0;1;7;1;A01
200900055843;0;32;0;0;0;0;0;A01
200900055844;0;7;0;0;2;1;2;A01
200900055844;0;33;0;0;0;4;2;B01
200900055845;0;7;0;0;1;1;1;A01
200900055846;0;30;0;1;2;1;1;B01
200900055846;0;10;0;0;0;3;16;A01
200900055847;0;7;0;0;2;5;1;A01
200900055847;0;30;0;0;2;1;1;B01
200900055848;0;31;0;0;2;1;1;B01
200900055848;0;7;0;0;2;3;9;A01
200900055849;0;1;0;0;2;8;1;B01
200900055849;0;7;0;0;2;7;17;A01
200900055850;0;7;0;0;2;8;15;A01
200900055850;0;31;0;0;0;1;1;B01
200900055851;0;7;0;0;1;1;1;A01
200900055852;0;30;0;0;2;8;1;B01
200900055852;0;7;0;0;2;1;1;A01
200900055853;0;2;0;0;2;1;1;B01
200900055853;0;7;0;0;2;5;1;A01
200900055854;1;7;0;0;2;1;9;A01
200900055854;0;2;0;0;0;1;1;B01
200900055855;0;7;0;0;1;2;1;A01
200900055856;0;7;0;0;1;8;15;A01
200900055857;0;7;0;0;2;1;1;B01
200900055857;0;2;0;0;2;1;5;A01
200900055858;0;32;0;0;2;1;17;B01
200900055858;0;7;0;0;2;1;1;A01
200900055859;0;32;0;0;0;8;1;B01
200900055859;0;7;0;0;2;3;13;A01
200900055860;0;7;0;6;0;2;14;A01
200900055861;0;7;0;0;0;0;20;A01
200900055861;0;34;0;0;2;0;13;B01
200900055862;0;7;0;0;1;4;4;A01
200900055863;0;32;0;0;0;2;17;B01
200900055863;0;7;0;0;2;3;15;A01
200900055864;0;2;0;0;2;1;1;A01
200900055864;0;7;0;0;2;4;1;B01
200900055865;0;2;0;0;1;1;1;A01
200900055866;0;7;0;0;2;7;15;A01
200900055866;0;2;0;0;2;1;1;B01
200900055867;0;7;0;0;2;6;0;B01
200900055867;0;7;0;0;2;1;0;A01
200900055868;0;7;0;0;0;4;23;B01
200900055868;0;7;0;0;2;1;1;A01
200900055869;0;7;0;0;1;1;1;A01
200900055870;0;32;0;8;0;1;14;A01
200900055871;0;32;0;0;0;0;0;A01
200900055872;1;7;0;0;2;1;1;A01
200900055872;0;32;0;0;2;1;1;B01
200900055873;0;7;0;0;2;4;1;C01
200900055873;0;7;0;0;0;4;1;D01
200900055873;0;7;0;0;2;1;1;A01
200900055873;0;7;0;0;0;4;1;B01
200900055874;0;32;0;0;1;1;1;A01
200900055875;0;7;0;0;1;5;0;A01
200900055876;0;7;0;0;2;3;11;B01
200900055876;0;33;0;0;2;1;1;A01
200900055877;0;7;0;0;2;1;0;A01
200900055877;0;2;0;0;2;1;1;B01
200900055878;0;7;0;0;0;3;0;A01
200900055878;0;32;0;0;2;0;1;B01
200900055879;0;7;0;0;2;7;1;B01
200900055879;0;33;0;0;2;8;11;A01
200900055880;0;7;0;0;2;4;1;B01
200900055880;0;7;0;0;2;1;1;A01
200900055880;0;7;0;0;0;4;1;D01
200900055880;0;7;0;0;2;4;1;C01
200900055881;0;30;0;13;0;7;14;A01
200900055882;0;30;0;0;2;1;17;A01
200900055882;0;7;0;0;0;1;1;B01
200900055883;0;33;0;0;0;3;1;B01
200900055883;0;2;0;0;2;1;13;A01
200900055884;0;31;0;12;0;2;1;A01
200900055885;0;7;0;0;0;0;0;A01
200900055885;0;30;0;0;2;1;0;B01
200900055886;0;7;0;0;2;7;1;B01
200900055886;0;2;0;0;2;1;1;A01
200900055887;0;32;0;0;2;1;1;B01
200900055887;0;7;0;0;2;1;9;A01
200900055888;0;7;0;0;2;0;1;A01
200900055888;0;1;0;0;2;0;1;B01
200900055889;0;7;0;0;2;8;15;B01
200900055889;0;30;0;0;2;7;17;A01
200900055890;0;32;0;0;2;7;9;A01
200900055890;0;7;0;0;2;2;9;B01
200900055891;0;7;0;0;2;1;1;B01
200900055891;0;7;0;0;2;1;5;A01
200900055892;0;30;0;0;2;1;1;A01
200900055892;0;30;0;0;2;1;1;B01
200900055893;0;7;0;0;2;1;1;A01
200900055893;0;7;0;0;2;4;1;B01
200900055894;0;7;0;0;1;1;1;A01
200900055895;1;7;0;0;0;0;14;A01
200900055895;0;30;0;0;0;8;1;B01
200900055896;0;7;0;9;1;1;1;A01
200900055897;0;33;0;0;2;7;17;A01
200900055897;0;7;0;0;2;0;15;B01
200900055898;0;33;0;0;2;0;1;B01
200900055898;0;7;0;0;2;0;15;A01
200900055899;0;30;0;0;2;1;0;B01
200900055899;0;14;0;0;2;2;1;A01
200900055900;0;7;0;0;1;4;4;A01
200900055901;0;2;0;0;2;1;1;B01
200900055901;0;7;0;0;2;0;15;A01
200900055902;0;7;0;0;1;3;1;A01
200900055903;0;7;0;0;0;1;1;A01
200900055903;0;33;0;0;2;1;1;B01
200900055904;0;2;0;0;2;4;2;B01
200900055904;0;7;0;0;2;1;2;A01
200900055905;0;32;0;0;2;1;1;A01
200900055905;0;38;0;0;2;1;1;B01
200900055906;0;7;0;0;2;1;1;B01
200900055906;0;30;0;0;2;1;13;A01
200900055907;0;2;0;0;1;1;1;A01
200900055908;0;30;0;0;2;1;19;A01
200900055908;0;7;0;0;2;3;1;C01
200900055908;0;7;0;0;2;3;1;B01
200900055909;0;30;0;0;2;1;17;A01
200900055909;0;7;0;0;2;3;9;B01
200900055910;0;30;0;0;2;8;11;A01
200900055910;0;7;0;12;2;7;21;B01
200900055911;0;7;0;0;1;1;1;A01
200900055912;0;1;0;0;0;0;13;A01
200900055913;0;37;30;0;2;2;1;B01
200900055913;0;7;0;0;2;8;15;A01
200900055914;0;38;26;8;0;1;1;A01
200900055915;0;33;0;0;2;2;17;A01
200900055915;0;10;0;0;2;3;15;B01
200900055916;0;7;0;0;2;1;2;A01
200900055916;0;7;0;0;2;4;2;B01
200900055917;0;7;0;0;2;2;16;A01
200900055917;0;31;0;0;2;1;1;B01
200900055918;0;7;0;0;2;3;13;A01
200900055918;0;7;0;0;2;3;1;B01
200900055919;0;33;0;0;2;4;23;B01
200900055919;0;7;0;0;2;1;2;A01
200900055920;0;30;0;0;2;1;1;B01
200900055920;0;10;0;0;2;4;4;A01
200900055921;0;7;0;0;2;8;13;A01
200900055921;0;30;0;0;2;1;1;B01
200900055922;0;10;0;0;2;2;17;A01
200900055922;0;99;0;0;2;5;23;B01
200900055923;0;7;0;0;2;1;2;A01
200900055923;0;7;0;0;2;4;2;B01
200900055923;0;7;0;0;2;4;2;C01
200900055924;0;30;0;12;0;1;14;A01
200900055925;0;7;0;0;2;4;15;B01
200900055925;0;33;0;0;2;1;2;A01
200900055926;0;33;0;0;2;8;0;B01