num_acc;senc;catv;occutc;obs;obsm;choc;manv;num_veh
200900055926;0;10;0;0;2;2;0;A01
200900055927;0;7;0;0;1;2;1;A01
200900055928;0;7;0;0;2;1;1;B01
200900055928;0;7;0;6;2;3;16;A01
200900055929;0;7;0;0;1;3;1;A01
200900055930;0;7;0;0;2;1;5;A01
200900055930;0;7;0;0;2;1;1;B01
200900055931;0;7;0;0;2;3;9;A01
200900055931;0;32;0;0;2;1;1;B01
200900055932;0;7;0;0;2;6;23;B01
200900055932;0;30;0;1;0;1;1;A01
200900055933;0;30;0;0;2;1;2;A01
200900055933;0;7;0;0;2;4;13;B01
200900055934;0;7;0;0;2;7;16;A01
200900055934;0;30;0;0;2;1;1;B01
200900055935;0;32;0;0;2;4;2;B01
200900055935;1;7;0;0;2;1;2;A01
200900055936;0;7;0;0;2;3;15;A01
200900055936;0;33;0;0;2;1;1;B01
200900055937;0;33;0;0;2;3;9;A01
200900055937;0;30;0;0;2;1;13;B01
200900055938;0;7;0;0;2;6;1;B01
200900055938;0;7;0;0;2;1;1;C01
200900055938;0;2;0;0;2;1;3;A01
200900055939;0;7;0;0;2;1;15;A01
200900055939;0;32;0;0;2;2;1;B01
200900055940;0;31;0;0;2;4;1;B01
200900055940;0;7;0;0;2;0;1;A01
200900055941;0;7;0;0;2;7;1;A01
200900055941;0;7;0;0;2;1;1;B01
200900055942;0;38;20;0;2;3;2;A01
200900055942;0;7;0;0;2;5;15;B01
200900055943;0;7;0;1;0;1;13;A01
200900055944;0;7;0;0;2;2;1;B01
200900055944;2;7;0;1;2;8;20;A01
200900055945;0;33;0;0;2;1;1;B01
200900055945;0;7;0;0;2;5;1;A01
200900055946;0;7;0;0;2;4;2;B01
200900055946;0;10;0;0;2;1;2;A01
200900055947;0;7;0;0;1;1;15;A01
200900055948;1;7;0;0;1;1;0;A01
200900055949;0;30;0;1;0;2;1;A01
200900055950;0;7;0;0;2;1;1;A01
200900055950;0;7;0;0;2;4;15;B02
200900055950;0;7;0;0;2;1;1;C03
200900055951;0;38;1;0;2;3;1;B02
200900055951;0;7;0;0;2;3;13;A01
200900055952;0;7;0;13;0;1;13;A01
200900055953;0;7;0;0;1;2;14;A01
200900055954;0;33;0;7;0;1;13;A01
200900055955;0;31;0;12;0;1;1;A01
200900055956;0;10;0;0;6;1;1;A01
200900055957;0;30;0;0;0;1;1;A01
200900055958;0;3;0;0;1;4;4;A01
200900055959;0;7;0;0;1;1;1;A01
200900055960;0;7;0;0;2;2;1;A01
200900055960;0;30;0;0;2;1;1;B01
200900055961;0;7;0;0;2;1;2;A01
200900055961;0;7;0;0;0;4;2;C01
200900055961;0;7;0;0;1;1;2;B01
200900055962;0;7;0;0;1;2;1;A01
200900055963;0;7;0;0;0;8;1;A01
200900055963;0;17;0;0;2;1;1;B02
200900055964;0;7;0;13;0;3;1;A01
200900055965;0;7;0;13;0;9;1;A01
200900055966;0;7;0;2;0;1;14;A01
200900055967;0;7;0;1;1;2;1;A01
200900055967;0;3;0;0;0;8;23;B02
200900055967;0;7;0;0;0;2;23;C03
200900055968;0;7;0;16;0;9;1;A01
200900055969;0;7;0;0;2;1;17;B02
200900055969;0;7;0;0;2;1;1;A01
200900055970;0;7;0;0;1;1;1;A01
200900055971;0;7;0;3;2;2;17;A01
200900055971;0;7;0;0;2;1;1;B02
200900055972;0;10;0;13;0;9;1;A01
200900055973;0;7;0;13;0;3;1;A01
200900055974;0;7;0;0;2;3;21;C03
200900055974;0;7;0;0;2;3;21;B02
200900055974;0;7;0;0;2;3;13;A01
200900055975;0;7;0;2;0;5;14;A01
200900055976;0;30;0;0;2;1;1;B01
200900055976;0;7;0;0;2;2;15;A01
200900055977;0;10;0;0;2;3;2;A01
200900055977;0;17;0;0;2;5;2;B01
200900055978;0;10;0;8;0;1;1;A01
200900055979;0;7;0;0;0;4;23;A01
200900055979;0;30;0;0;2;1;2;B01
200900055980;0;7;0;2;0;1;14;A01
200900055981;0;7;0;0;2;5;23;B01
200900055981;0;7;0;0;0;1;17;A01
200900055982;0;7;0;0;2;1;2;A01
200900055982;0;7;0;0;0;4;23;B01
200900055983;0;7;0;0;1;4;4;A01
200900055984;0;7;0;0;2;0;9;A01
200900055984;0;2;0;0;2;0;1;B01
200900055985;0;7;0;0;2;3;1;B01
200900055985;0;30;0;0;2;1;1;A01
200900055986;0;7;0;0;9;1;23;B01
200900055986;0;7;0;0;2;0;23;C01
200900055986;0;15;0;0;0;0;1;A01
200900055987;0;7;0;2;0;1;14;A01
200900055988;0;7;0;0;2;4;1;C01
200900055988;0;7;0;0;2;1;2;A01
200900055988;0;7;0;0;2;9;2;B01
200900055989;0;7;0;0;2;0;1;B01
200900055989;0;30;0;0;2;0;1;A01
200900055990;0;2;0;0;2;1;1;A01
200900055990;0;7;0;0;2;3;15;B01
200900055991;0;7;0;6;0;1;14;A01
200900055992;0;7;0;0;2;4;22;B01
200900055992;0;2;0;0;2;1;2;A01
200900055993;0;7;0;0;2;4;23;B01
200900055993;0;7;0;0;2;1;2;A01
200900055994;0;33;0;0;2;1;17;A01
200900055994;0;7;0;0;2;8;15;B01
200900055995;0;7;0;0;1;1;1;A01
200900055996;0;7;0;0;1;0;0;A01
200900055997;0;7;0;8;0;1;13;A01
200900055998;0;7;0;3;2;6;19;A01
200900055998;0;7;0;0;2;1;1;B02
200900055999;0;7;0;0;2;4;2;B01
200900055999;0;32;0;0;2;1;2;A01
200900056000;0;33;0;0;2;1;1;B01
200900056000;0;7;0;0;2;3;15;A01
200900056001;0;10;0;0;2;8;0;A01
200900056001;0;99;0;0;2;8;1;B01
200900056002;0;7;0;0;1;1;1;A01
200900056003;0;7;0;0;2;3;0;B01
200900056003;0;30;0;0;2;1;17;A01
200900056004;0;33;0;0;2;1;12;B01
200900056004;0;7;0;0;0;4;1;A01
200900056005;0;7;0;0;2;7;15;A01
200900056005;0;30;0;0;2;1;3;B01
200900056006;0;7;0;2;0;1;2;A01
200900056007;0;14;0;0;0;4;2;A01
200900056007;0;7;0;0;2;1;2;B01
200900056008;0;33;0;5;0;0;13;A01
200900056009;0;1;0;0;2;7;19;B01
200900056009;0;7;0;0;9;2;16;A01
200900056010;2;7;0;0;1;1;2;A01
200900056011;0;30;0;1;0;2;0;B01
200900056011;0;7;0;0;0;3;0;A01
200900056012;0;15;0;0;0;3;1;A01
200900056012;0;7;0;0;0;3;1;B02
200900056013;0;7;0;16;0;1;1;A01
200900056014;0;7;0;0;2;1;5;A01
200900056014;0;7;0;0;2;1;1;B01
200900056015;0;33;0;12;2;3;2;A01
200900056015;0;7;0;0;2;6;15;B01
200900056016;0;7;0;0;2;4;1;A01
200900056016;0;7;0;0;2;1;1;B01
200900056017;0;7;0;0;2;4;11;A01
200900056017;0;33;0;3;2;1;3;B01
200900056018;0;7;0;0;1;2;0;A01
200900056019;0;7;0;15;0;9;17;A01
200900056020;0;7;0;0;0;1;1;A01
200900056021;0;7;0;0;2;4;2;C01
200900056021;0;7;0;0;2;1;2;A01
200900056021;0;7;0;0;2;4;2;B01
200900056022;0;7;0;0;2;4;2;B01
200900056022;0;7;0;0;2;1;2;A01
200900056023;0;7;0;0;2;8;1;C01
200900056023;0;7;0;0;0;1;11;B01
200900056023;0;7;0;0;2;8;1;A01
200900056024;0;7;0;0;2;3;16;A01
200900056024;0;7;0;0;2;3;0;B01
200900056025;0;7;0;0;0;8;1;B01
200900056025;0;7;0;0;2;1;19;A01
200900056026;0;7;0;7;0;1;1;A01
200900056027;0;33;0;0;0;0;1;A01
200900056028;0;7;0;0;2;7;15;A01
200900056028;0;7;0;0;2;1;1;B01
200900056029;0;33;0;0;2;1;2;A01
200900056029;0;7;0;0;0;4;2;B01
200900056030;0;7;0;0;0;6;1;A01
200900056030;0;15;0;0;2;2;12;B01
200900056031;0;30;0;0;0;7;0;A01
200900056032;0;7;0;13;0;1;1;A01
200900056033;0;33;0;0;0;0;0;A01
200900056034;0;7;0;4;0;0;2;A01
200900056035;0;7;0;0;1;1;2;A01
200900056036;0;7;0;3;0;2;1;A01
200900056037;0;7;0;3;0;1;2;A01
200900056038;0;7;0;0;0;3;13;A01
200900056039;0;33;0;15;0;1;1;A01
200900056040;0;33;0;0;0;8;0;A01
200900056041;0;33;0;0;2;1;3;C01
200900056041;0;33;0;0;2;8;3;B01
200900056041;0;7;0;0;2;7;12;A01
200900056042;0;2;0;0;2;1;2;A01
200900056042;0;7;0;0;2;4;2;B01
200900056043;0;7;0;0;2;0;13;A01
200900056043;0;7;0;0;2;1;1;B02
200900056044;0;7;0;0;2;1;1;B02
200900056044;0;31;0;0;2;1;1;A01
200900056045;0;7;0;8;0;1;16;A01
200900056046;0;7;0;0;0;6;15;B01
200900056046;0;30;0;0;2;2;2;A01
200900056047;0;15;0;0;2;1;13;A01
200900056047;0;14;0;0;2;2;1;B01
200900056048;0;7;0;4;0;1;18;A01
200900056049;0;7;0;0;0;1;0;A01
200900056050;0;14;0;0;2;3;1;A01
200900056050;0;14;0;0;2;3;1;B02
200900056051;0;7;0;0;2;3;1;B02
200900056051;0;7;0;0;2;2;1;A01
200900056052;0;7;0;0;0;1;13;B02
200900056052;0;7;0;0;0;7;1;A01
200900056053;0;10;0;13;0;3;1;A01
200900056054;0;14;0;0;1;2;1;A01
200900056055;0;7;0;2;0;8;1;A01
200900056056;0;7;0;8;0;1;1;A01
200900056057;0;7;0;0;2;1;1;B02
200900056057;0;7;0;0;2;1;1;A01
200900056058;0;3;0;10;0;1;1;A01
200900056059;0;7;0;0;1;4;4;A01
200900056060;0;7;0;0;2;3;1;B02
200900056060;0;7;0;0;2;3;1;C03
200900056060;0;10;0;0;2;3;13;A01
200900056061;0;7;0;0;0;3;24;B02
200900056061;0;10;0;0;0;2;19;A01
200900056061;0;10;0;0;2;3;1;C03
200900056062;0;7;0;0;2;1;19;B02
200900056062;0;7;0;0;2;3;2;C03
200900056062;0;7;0;0;2;1;2;A01
200900056063;0;7;0;6;0;3;1;A01
200900056064;0;7;0;0;1;2;1;A01
200900056065;0;33;0;0;2;8;12;B01
200900056065;0;7;0;0;2;3;2;A01
200900056066;0;7;0;0;1;1;1;A01
200900056067;0;7;0;0;2;7;15;A01
200900056067;0;33;0;0;2;1;1;B02
200900056068;0;7;0;2;0;3;1;A01
200900056069;0;7;0;0;2;5;12;A01
200900056069;0;33;0;0;2;1;1;B01
200900056070;0;7;0;0;0;3;14;B01
200900056070;0;1;0;0;2;1;13;A01
200900056071;1;99;0;0;0;0;0;A01
200900056072;0;33;0;0;5;1;1;A01
200900056073;2;7;0;0;2;1;2;B01
200900056073;0;7;0;0;0;5;2;A01
200900056074;0;7;0;0;2;2;17;A01
200900056074;0;33;0;0;2;1;0;B01
200900056075;0;30;0;0;2;1;2;A01
200900056075;0;10;0;0;0;4;2;B01
200900056076;0;7;0;0;2;8;1;A01
200900056076;0;33;0;0;2;1;1;B01
200900056077;0;2;0;0;0;1;1;A01
200900056078;0;7;0;0;2;1;1;B01
200900056078;0;7;0;0;2;7;19;A01
200900056079;0;2;0;0;2;3;13;A01
200900056079;0;7;0;8;2;2;13;B01
200900056080;0;7;0;0;2;1;9;A01
200900056080;0;7;0;0;2;6;1;B01
200900056081;0;7;0;14;0;2;5;A01
200900056082;0;7;0;0;2;1;1;A01
200900056082;0;7;0;0;2;1;1;B01
200900056083;0;30;0;0;0;4;2;B01
200900056083;1;7;0;0;2;1;2;A01
200900056084;0;7;0;0;9;2;1;A01
200900056084;0;1;0;0;2;8;9;B01
200900056085;0;2;0;0;2;1;1;B01
200900056085;0;7;0;0;2;1;9;A01
200900056086;0;7;0;13;0;1;2;A01
200900056087;0;33;0;0;2;0;21;A01
200900056087;0;7;0;0;0;0;16;B01
200900056088;0;1;0;0;0;0;21;A01
200900056089;0;33;0;6;0;1;1;A01
200900056090;0;7;0;0;2;1;1;A01
200900056090;0;7;0;0;2;1;1;B02
200900056091;0;7;0;13;2;2;5;A01
200900056091;0;17;0;0;2;2;1;B02
200900056092;0;2;0;0;2;1;1;A01
200900056092;0;7;0;0;2;1;1;B02
200900056093;0;31;0;12;0;1;1;A01
200900056094;0;7;0;4;0;3;1;A01
200900056095;0;17;0;0;0;0;1;A01
200900056096;0;7;0;0;2;1;17;A01
200900056096;0;31;0;0;2;4;1;B02
200900056097;0;7;0;0;0;0;1;A01
200900056098;0;33;0;0;2;7;1;A01
200900056098;0;7;0;0;2;1;15;B02
200900056099;0;33;0;0;2;8;1;A01
200900056099;0;7;0;0;2;1;1;B02
200900056100;0;7;0;0;2;6;1;B02
200900056100;0;33;0;0;2;4;1;A01
200900056101;0;7;0;0;2;1;1;B02
200900056101;0;7;0;0;2;3;15;A01
200900056102;0;7;0;3;0;1;2;A01
200900056103;0;7;0;0;9;3;16;A01
200900056103;0;1;0;0;2;7;1;B02
200900056104;0;7;0;0;2;1;1;B02
200900056104;0;10;0;0;2;7;15;A01
200900056105;0;7;0;13;0;3;1;A01
200900056106;0;32;0;0;9;3;0;A01
200900056106;0;37;1;0;0;3;0;C01
200900056106;0;32;0;0;2;1;0;B01
200900056107;0;33;0;0;2;1;1;B01
200900056107;0;7;0;0;9;7;15;A01
200900056108;0;7;0;0;2;3;1;A01
200900056108;0;1;0;0;2;1;16;B01
200900056109;0;33;0;0;0;8;0;A01
200900056110;0;7;0;6;0;1;1;A01
200900056111;0;7;0;0;1;2;2;A01
200900056112;0;7;0;2;0;2;13;A01
200900056113;0;7;0;0;0;4;2;C01
200900056113;0;7;0;0;2;1;2;A01
200900056113;0;7;0;0;2;4;2;B01
200900056114;0;7;0;14;2;2;1;A01
200900056114;0;7;0;0;2;1;15;B01
200900056115;0;7;0;0;2;7;6;A01
200900056115;0;7;0;0;2;1;1;B01
200900056116;0;7;0;8;0;3;1;A01
200900056117;0;33;0;12;0;1;1;A01
200900056118;0;14;0;0;2;6;13;A01
200900056118;0;7;0;0;2;8;1;B01
200900056119;0;7;0;0;1;2;1;A01
200900056120;0;33;0;15;0;0;21;A01
200900056121;0;7;0;0;2;4;1;B01
200900056121;0;7;0;0;2;1;1;A01
200900056122;0;30;0;0;2;1;2;B01
200900056122;0;7;0;0;2;6;10;A01
200900056123;0;2;0;0;2;8;0;A01
200900056123;0;10;0;0;2;3;0;B01
200900056124;0;33;0;0;2;1;1;A01
200900056124;0;7;0;0;0;4;1;B01
200900056125;0;33;0;0;0;8;17;B01
200900056125;0;1;0;0;0;9;15;A01
200900056126;0;30;0;7;0;1;2;A01
200900056127;0;7;0;0;1;3;1;A01
200900056128;0;7;0;3;0;9;0;A01
200900056129;0;7;0;0;2;1;13;A01
200900056129;0;7;0;0;2;1;1;B01
200900056130;0;33;0;0;0;0;2;A01
200900056131;0;30;0;13;0;1;16;A01
200900056132;0;7;0;0;2;8;1;A01
200900056132;0;7;0;0;2;1;1;B01
200900056133;0;30;0;0;2;1;2;B01
200900056133;0;7;0;0;2;3;15;A01
200900056134;0;7;0;0;2;3;0;A01
200900056134;0;7;0;0;2;1;0;B01
200900056135;0;7;0;0;1;1;1;A01
200900056136;0;7;0;0;1;1;1;A01
200900056137;0;7;0;2;0;4;0;A01
200900056138;0;21;0;0;0;5;15;A01
200900056138;0;31;0;0;2;5;1;B01
200900056139;0;7;0;0;1;1;1;A01
200900056140;0;7;0;0;2;2;6;A01
200900056140;0;7;0;0;0;0;21;B01
200900056141;0;17;0;0;2;8;11;A01
200900056141;0;2;0;11;2;7;1;B01
200900056142;0;33;0;0;2;1;1;B01
200900056142;0;10;0;0;2;3;15;A01
200900056143;1;7;0;0;2;2;12;B01
200900056143;0;7;0;3;2;3;2;A01
200900056144;0;31;0;0;0;7;1;A01
200900056145;0;7;0;4;0;8;2;A01
200900056146;0;7;0;4;0;3;1;A01
200900056147;0;7;0;0;2;1;2;C01
200900056147;0;7;0;0;2;4;2;B01
200900056147;0;7;0;0;2;4;2;A01
200900056148;0;99;0;16;0;8;1;A01
200900056149;0;15;0;0;2;2;12;B01
200900056149;0;7;0;0;2;8;1;A01
200900056150;0;10;0;3;0;1;1;A01
200900056150;0;7;0;0;2;7;2;B01
200900056151;0;10;0;0;0;0;1;A01
200900056152;0;10;0;0;2;2;2;A01
200900056152;0;7;0;0;0;5;2;C01
200900056152;0;7;0;0;0;6;2;B01
200900056153;0;10;0;0;0;5;12;A01
200900056153;0;33;0;0;0;1;0;B01
200900056154;0;33;0;0;0;0;1;A01
200900056155;0;33;0;0;0;8;1;A01
200900056155;0;7;0;0;0;0;11;B01
200900056156;0;10;0;4;0;3;2;A01
200900056157;0;7;0;13;0;9;0;A01
200900056158;0;15;0;0;0;0;9;A01
200900056159;0;7;0;4;0;8;1;A01
200900056160;0;7;0;0;0;0;9;A01
200900056160;0;1;0;0;0;0;1;B01
200900056161;2;7;0;0;1;1;1;A01
200900056161;0;1;0;0;0;8;19;B01
200900056162;0;33;0;1;0;0;1;A01
200900056163;0;7;0;0;2;2;0;A01
200900056163;0;2;0;1;2;1;0;B01
200900056164;0;7;0;0;2;3;0;B02
200900056164;0;7;0;0;2;3;0;A01
200900056165;0;7;0;0;0;9;1;A01
200900056166;0;7;0;2;0;3;0;A01
200900056167;0;7;0;0;2;1;21;A01
200900056167;0;10;0;0;0;6;23;B02
200900056168;0;2;0;16;0;1;1;A01
200900056169;0;7;0;0;2;3;1;B02
200900056169;0;7;0;0;2;3;13;A01
200900056170;0;7;0;0;9;2;2;A01
200900056170;0;1;0;0;0;4;2;B02
200900056171;0;7;0;3;0;2;1;A01
200900056172;0;33;0;9;0;1;1;A01
200900056173;0;7;0;13;0;0;0;A01
200900056174;0;7;0;0;2;3;1;A01
200900056174;0;14;0;0;2;3;13;B02
200900056175;0;7;0;6;0;2;1;A01
200900056176;0;7;0;2;0;7;1;A01
200900056177;0;7;0;15;0;8;1;A01
200900056178;0;7;0;0;2;3;1;A01
200900056178;0;30;0;0;2;1;1;B02
200900056179;0;7;0;0;1;1;1;A01
200900056180;0;7;0;0;2;2;17;A01
200900056180;0;10;0;0;0;6;1;B02
200900056181;0;7;0;0;2;8;16;A01
200900056181;0;2;0;0;2;1;0;B02
200900056182;0;7;0;6;0;1;0;A01
200900056183;0;7;0;0;2;4;23;A01
200900056183;0;7;0;0;2;4;23;E05
200900056183;0;10;0;0;2;1;1;D04
200900056183;0;7;0;0;2;4;1;B02
200900056183;0;7;0;0;0;4;1;C03
200900056184;0;10;0;0;2;1;15;B02
200900056184;0;7;0;0;2;1;23;A01
200900056185;0;2;0;0;0;0;0;B02
200900056185;0;7;0;0;2;8;19;A01
200900056186;0;10;0;8;0;3;0;A01
200900056187;0;7;0;0;1;3;16;A01
200900056188;0;7;0;0;2;8;21;B02
200900056188;0;33;0;0;2;3;13;A01
200900056189;0;10;0;0;2;5;15;A01
200900056189;0;30;0;0;2;1;1;B01
200900056190;0;7;0;0;2;1;1;C03
200900056190;0;7;0;0;2;8;13;A01
200900056190;0;7;0;0;2;8;1;B02
200900056191;1;7;0;0;9;1;2;A01
200900056191;0;1;0;0;2;1;2;B01
200900056192;0;7;0;0;9;1;1;A01
200900056192;0;1;0;0;0;7;0;B02
200900056193;0;7;0;0;2;2;15;A01
200900056193;0;31;0;0;2;1;1;B01
200900056194;0;7;0;0;2;8;15;A01
200900056194;0;30;0;0;2;1;2;B01
200900056195;0;33;0;0;2;1;0;B01
200900056195;0;7;0;0;2;5;15;A01
200900056195;0;7;0;0;2;6;23;C01
200900056196;0;38;1;3;0;2;2;A01
200900056197;1;7;0;0;2;0;14;Z01
200900056197;0;32;0;0;9;0;0;A01
200900056198;0;1;0;0;2;4;2;B01
200900056198;0;7;0;0;2;1;2;A01
200900056199;0;7;0;0;2;2;13;A01
200900056199;0;7;0;0;2;8;1;C01
200900056199;0;7;0;0;2;3;1;B01
200900056200;0;31;0;0;2;8;16;B01
200900056200;1;7;0;0;2;0;15;A01
200900056201;0;7;0;0;1;1;1;A01
200900056202;0;7;0;0;1;3;1;A01
200900056203;0;7;0;0;2;1;13;A01
200900056203;0;7;0;0;2;1;1;B01
200900056204;0;7;0;0;1;2;1;A01
200900056205;0;7;0;0;2;1;2;A01
200900056205;0;7;0;0;0;4;0;B01
200900056206;0;7;0;0;0;6;1;B01
200900056206;0;32;0;0;2;1;3;A01
200900056207;0;7;0;0;1;1;1;A01
200900056208;0;33;0;0;2;3;1;B01
200900056208;0;7;0;0;2;2;14;A01
200900056209;0;2;0;0;2;1;1;A01
200900056209;0;7;0;0;2;2;1;B01
200900056210;0;7;0;7;0;1;0;A01
200900056211;0;32;0;0;2;1;1;B01
200900056211;0;7;0;0;2;1;15;A01
200900056212;0;7;0;13;0;9;1;A01
200900056213;0;7;0;0;0;1;1;A01
200900056213;0;7;0;0;0;7;19;B02
200900056214;0;7;0;2;0;3;13;A01
200900056215;0;7;0;0;2;2;1;B02
200900056215;0;7;0;0;2;2;13;A01
200900056216;0;7;0;0;2;3;13;A01
200900056216;0;7;0;0;2;3;0;B02
200900056217;0;7;0;2;0;1;1;A01
200900056218;0;10;0;0;1;1;1;A01
200900056219;0;7;0;0;2;1;15;A01
200900056219;0;7;0;0;2;1;1;B02
200900056220;0;14;0;0;2;7;15;A01
200900056220;0;33;0;0;2;0;1;B01
200900056221;0;7;0;0;1;2;1;A01
200900056222;0;7;0;0;9;2;1;A01
200900056222;0;1;0;0;2;6;19;B02
200900056223;0;7;0;0;2;2;1;A01
200900056223;0;2;0;0;0;4;1;B02
200900056224;0;7;0;0;2;1;1;B01
200900056224;0;7;0;0;2;3;1;C01
200900056224;0;7;0;0;2;1;13;A01
200900056225;0;7;0;0;1;2;1;A01
200900056226;0;30;0;0;2;4;16;B01
200900056226;0;7;0;0;2;3;1;A01
200900056227;0;7;0;0;2;3;1;A01
200900056227;0;15;0;0;2;3;1;B02
200900056228;0;7;0;0;2;1;13;A01
200900056228;0;7;0;0;2;1;1;B02
200900056229;0;7;0;0;2;2;13;A01
200900056229;0;15;0;0;2;3;1;B02
200900056230;0;7;0;13;0;1;14;A01
200900056231;0;7;0;0;2;1;15;A01
200900056231;0;7;0;0;2;1;1;B02
200900056232;0;7;0;6;2;4;2;A01
200900056232;0;7;0;8;2;1;1;B02
200900056233;0;7;0;2;0;8;6;A01
200900056234;0;7;0;2;0;0;0;A01
200900056235;0;38;55;2;0;2;14;A01
200900056236;0;7;0;2;0;1;1;A01
200900056237;1;99;0;0;0;0;0;A01
200900056238;0;2;0;0;2;1;12;A01
200900056238;0;30;0;0;2;3;16;B01
200900056239;0;7;0;0;2;3;1;A01
200900056239;0;7;0;0;2;3;1;B02
200900056240;0;7;0;0;0;8;1;A01
200900056240;0;2;0;0;0;7;17;B02
200900056241;0;7;0;0;0;4;2;B02
200900056241;0;7;0;0;2;1;2;A01
200900056242;0;10;0;0;2;3;13;A01
200900056242;0;7;0;13;2;3;1;C03
200900056242;0;7;0;13;2;6;1;B02
200900056243;0;14;0;0;2;8;1;B02
200900056243;0;7;0;0;9;1;1;A01
200900056244;0;7;0;13;0;9;1;A01
200900056245;0;7;0;3;0;2;0;A01
200900056246;0;7;0;0;0;3;10;A01
200900056246;0;31;0;0;2;1;17;B02
200900056247;0;2;0;0;2;1;1;A01
200900056247;0;7;0;0;2;8;1;B02
200900056248;0;7;0;0;2;3;0;B02
200900056248;0;7;0;0;2;1;13;A01
200900056249;0;7;0;0;2;3;15;A01
200900056249;0;33;0;0;2;1;1;B02
200900056250;0;7;0;16;0;9;13;A01
200900056251;0;7;0;0;2;3;1;B02
200900056251;0;30;0;0;2;1;19;A01
200900056252;0;10;0;0;1;1;1;A01
200900056253;0;7;0;0;2;2;15;C03
200900056253;0;7;0;0;2;3;15;A01
200900056253;0;31;0;0;2;8;1;B02
200900056254;0;7;0;15;0;1;0;A01
200900056255;0;7;0;0;2;1;1;B02
200900056255;0;7;0;3;2;5;13;A01
200900056256;0;10;0;3;2;1;6;A01
200900056256;0;17;0;0;2;3;21;B02
200900056257;0;7;0;3;0;0;0;A01
200900056258;0;7;0;2;0;1;1;A01
200900056259;0;33;0;0;2;0;0;B01
200900056259;0;7;0;0;2;0;0;A01
200900056260;0;37;1;0;2;7;1;B01
200900056260;0;7;0;0;2;1;1;A01
200900056261;0;7;0;0;2;1;2;A01
200900056261;0;7;0;0;2;4;1;B01
200900056262;0;37;0;0;1;0;0;A01
200900056263;0;7;0;0;2;1;1;A01
200900056263;0;7;0;0;2;4;1;B01
200900056264;0;7;0;0;0;0;0;B01
200900056264;0;2;0;0;0;4;0;A01
200900056265;0;7;0;0;2;0;0;B01
200900056265;0;7;0;0;2;0;0;A01
200900056266;0;7;0;0;0;0;1;B01
200900056266;0;7;0;0;0;1;2;A01
200900056266;0;7;0;0;0;0;2;C01
200900056267;1;32;0;0;0;0;0;A01
200900056267;0;1;0;0;0;0;0;B01
200900056268;0;7;0;0;2;1;1;B01
200900056268;0;30;0;0;2;7;1;A01
200900056269;0;7;0;0;1;2;13;A01
200900056270;0;30;0;0;0;8;1;A01
200900056271;0;10;0;0;2;0;0;A01
200900056271;0;2;0;0;2;0;0;B01
200900056272;0;32;0;0;2;0;0;A01
200900056272;0;7;0;0;2;0;0;B01
200900056273;0;2;0;0;2;0;0;B01
200900056273;0;10;0;0;2;0;0;A01
200900056274;0;2;0;0;0;0;0;A01
200900056275;0;7;0;0;0;0;0;A01
200900056276;0;37;10;0;1;3;1;A01
200900056277;0;1;0;0;2;1;5;A01
200900056277;1;7;0;0;2;2;15;B01
200900056278;0;7;0;0;0;0;0;A01
200900056279;1;7;0;0;1;1;0;X01
200900056280;0;2;0;0;2;0;0;A01
200900056280;0;7;0;0;2;0;0;B01
200900056281;0;30;0;0;0;0;1;A01
200900056282;0;2;0;0;2;4;1;B01
200900056282;0;7;0;0;2;1;1;A01
200900056283;0;1;0;0;0;0;0;B01
200900056283;0;7;0;0;2;0;0;A01
200900056284;0;7;0;0;1;3;15;A01
200900056285;0;7;0;0;2;2;1;A01
200900056285;0;99;0;0;2;3;1;B01
200900056286;0;33;0;0;2;0;0;A01
200900056286;0;7;0;0;2;0;0;B01
200900056287;1;7;0;0;1;0;0;A01
200900056288;0;30;0;0;0;8;16;A01
200900056289;0;7;0;0;2;4;23;C01
200900056289;0;7;0;0;2;1;1;A01
200900056289;0;7;0;0;2;4;23;B01
200900056290;0;7;0;0;2;0;0;A01
200900056290;0;7;0;0;0;0;0;B01
200900056291;0;38;0;0;2;0;0;A01
200900056291;0;7;0;0;2;0;0;B01
200900056292;0;7;0;0;1;0;0;A01
200900056293;0;7;0;8;0;7;13;A01
200900056294;0;7;0;12;0;1;1;A01
200900056295;0;10;0;0;1;1;1;A01
200900056296;0;10;0;0;0;0;0;A01
200900056297;0;2;0;0;0;0;0;A01
200900056298;0;33;0;1;0;1;1;A01
200900056299;0;10;0;0;2;8;15;B01
200900056299;0;2;0;0;2;1;17;A01
200900056300;0;30;0;0;0;1;1;A01
200900056301;0;2;0;0;2;1;2;A01
200900056301;0;7;0;0;2;4;2;B01
200900056302;0;2;0;0;0;0;0;A01
200900056303;0;33;0;1;0;0;0;A01
200900056304;2;7;0;0;2;0;0;A01
200900056304;0;7;0;0;0;0;0;B01
200900056305;0;30;0;0;2;8;18;A01
200900056305;0;30;0;0;2;7;1;B01
200900056306;0;32;0;0;1;0;0;A01
200900056307;0;30;0;0;2;7;17;B01
200900056307;0;7;0;0;2;3;15;A01
200900056308;0;30;0;0;2;1;1;A01
200900056308;0;7;0;0;2;3;15;B01
200900056309;0;33;0;0;2;7;1;B01
200900056309;0;33;0;0;2;7;1;A01
200900056309;0;7;0;0;2;1;15;C01
200900056310;0;31;0;0;2;1;1;B01
200900056310;0;7;0;0;2;6;4;A01