num_acc;senc;catv;occutc;obs;obsm;choc;manv;num_veh
200900056311;0;10;0;0;1;1;1;A01
200900056312;0;7;0;0;2;4;2;B01
200900056312;0;7;0;0;2;1;2;A01
200900056313;0;37;1;0;1;2;16;A01
200900056314;0;1;0;0;2;8;1;B01
200900056314;0;10;0;0;2;7;17;A01
200900056315;0;7;0;0;1;1;1;A01
200900056316;1;10;0;0;1;0;15;A01
200900056317;0;30;0;0;1;2;1;A01
200900056318;0;33;0;0;2;4;1;B01
200900056318;0;7;0;0;2;4;16;A01
200900056319;0;1;0;0;2;2;1;B01
200900056319;0;7;0;0;2;3;9;A01
200900056320;0;7;0;0;2;2;15;B01
200900056320;0;34;0;0;2;1;1;A01
200900056321;0;7;0;0;1;1;1;A01
200900056322;0;7;0;0;2;8;0;A01
200900056322;0;30;0;0;2;8;0;B01
200900056323;0;7;0;0;2;1;1;A01
200900056323;0;7;0;0;2;8;1;B01
200900056324;0;31;0;0;2;1;1;B01
200900056324;0;7;0;0;2;2;15;A01
200900056325;0;2;0;0;2;1;2;A01
200900056325;0;7;0;0;2;4;1;B01
200900056326;0;33;0;0;0;1;1;A01
200900056326;1;1;0;0;0;4;11;B01
200900056327;0;1;0;1;0;1;1;B01
200900056327;0;7;0;0;2;8;22;A01
200900056328;0;10;0;11;0;1;21;A01
200900056328;1;10;0;0;0;0;0;B01
200900056329;0;7;0;0;2;1;19;A01
200900056329;0;7;0;0;2;2;1;B01
200900056330;0;30;0;0;0;1;1;B01
200900056330;0;7;0;0;0;3;15;A01
200900056331;0;7;0;0;1;3;1;A01
200900056332;0;7;0;0;0;8;23;C01
200900056332;0;31;0;0;0;1;1;A01
200900056332;0;10;0;0;0;4;23;B01
200900056333;0;7;0;0;2;3;15;A01
200900056333;0;1;0;0;2;3;1;B01
200900056334;0;7;0;0;1;4;1;A01
200900056335;0;7;0;0;2;7;15;A01
200900056335;0;7;0;0;2;1;1;B01
200900056336;0;32;0;0;1;1;1;A01
200900056337;0;7;0;0;1;1;16;A01
200900056338;0;10;0;0;2;4;23;C01
200900056338;0;7;0;0;2;1;1;A01
200900056338;0;31;0;0;2;4;23;B01
200900056339;0;2;0;0;0;7;16;A01
200900056340;0;7;0;0;2;0;9;A01
200900056340;0;7;0;0;2;4;1;B01
200900056341;0;7;0;0;2;1;1;B01
200900056341;0;7;0;0;2;7;1;A01
200900056342;0;1;0;0;1;1;5;A01
200900056343;0;10;0;0;2;1;1;A01
200900056343;0;7;0;0;2;4;1;B01
200900056344;0;7;0;0;2;3;10;A01
200900056344;0;2;0;0;2;1;17;B01
200900056345;0;37;1;0;0;2;1;C01
200900056345;0;7;0;0;0;5;1;B01
200900056345;0;32;0;0;0;0;0;A01
200900056346;0;1;0;0;2;1;5;B01
200900056346;1;7;0;0;2;1;15;A01
200900056347;0;7;0;0;2;7;1;A01
200900056347;0;7;0;0;2;2;16;B01
200900056348;0;7;0;0;2;4;1;A01
200900056348;0;7;0;0;2;1;2;B01
200900056349;0;7;0;0;2;1;1;A01
200900056349;0;7;0;0;2;7;1;B01
200900056350;0;7;0;0;2;3;1;B01
200900056350;0;7;0;0;2;1;15;A01
200900056351;0;30;0;2;0;1;0;A01
200900056352;0;31;0;0;1;1;1;A01
200900056353;0;7;0;0;2;1;1;A01
200900056353;0;7;0;0;2;4;1;C01
200900056353;0;7;0;0;2;4;1;B01
200900056354;0;7;0;0;1;0;0;A01
200900056355;0;2;0;0;0;1;1;A01
200900056356;0;7;0;0;2;4;12;A01
200900056356;0;33;0;0;2;1;3;B01
200900056357;0;13;0;0;2;4;4;A01
200900056357;0;7;0;0;1;1;1;B01
200900056358;0;37;0;0;0;4;0;B01
200900056358;0;10;0;0;0;1;1;A01
200900056359;0;7;0;0;2;1;1;B01
200900056359;0;34;0;0;2;1;15;A01
200900056360;0;37;2;0;2;2;1;B01
200900056360;0;7;0;0;2;1;9;A01
200900056361;0;32;0;1;0;0;1;A01
200900056362;0;7;0;0;1;1;15;A01
200900056363;0;33;0;0;1;1;1;A01
200900056364;0;7;0;4;0;3;1;A01
200900056365;0;7;0;0;2;7;0;A01
200900056365;0;14;0;0;2;8;0;B01
200900056366;0;30;0;0;2;3;1;A01
200900056366;0;7;0;0;2;5;1;B01
200900056367;0;33;0;0;0;2;0;B01
200900056367;0;7;0;0;0;3;0;A01
200900056368;0;31;0;0;9;7;1;A01
200900056369;0;7;0;2;0;3;1;A01
200900056370;0;32;0;0;9;1;21;A01
200900056371;0;33;0;0;2;1;1;B01
200900056371;0;7;0;0;2;1;1;A01
200900056372;0;7;0;6;0;3;16;A01
200900056373;0;37;45;0;2;1;1;A01
200900056373;0;7;0;0;2;6;16;B01
200900056374;0;33;0;0;0;7;0;A01
200900056375;0;7;0;1;0;7;1;A01
200900056375;0;30;0;0;0;1;1;B01
200900056376;0;33;0;0;0;7;1;A01
200900056377;0;30;0;0;2;1;1;B01
200900056377;0;7;0;0;2;3;15;A01
200900056378;0;7;0;0;2;1;5;A01
200900056378;0;7;0;0;2;1;1;B01
200900056379;0;10;0;0;1;1;16;A01
200900056380;0;7;0;0;2;8;1;B01
200900056380;0;1;0;0;2;7;9;A01
200900056381;0;1;0;0;1;1;1;A01
200900056382;0;7;0;0;1;2;1;A01
200900056383;0;1;0;0;0;1;1;B01
200900056383;0;7;0;0;0;0;22;A01
200900056384;0;30;0;0;2;1;9;A01
200900056384;0;7;0;0;2;1;1;B01
200900056385;0;7;0;0;1;1;1;A01
200900056386;0;7;0;0;1;1;1;A01
200900056387;0;10;0;0;2;5;10;A01
200900056387;0;31;0;0;2;1;1;B01
200900056388;0;7;0;0;0;4;1;B01
200900056388;0;2;0;0;2;0;1;A01
200900056389;0;7;0;0;2;1;2;A01
200900056389;0;7;0;0;2;4;2;B01
200900056390;0;31;0;0;2;5;17;B01
200900056390;0;7;0;0;2;3;23;A01
200900056391;0;31;0;0;0;0;1;A01
200900056392;0;7;0;0;1;2;2;A01
200900056393;0;7;0;0;1;3;15;A01
200900056394;0;7;0;0;2;1;15;A01
200900056394;0;7;0;0;2;1;1;B01
200900056395;0;37;1;0;2;3;0;B01
200900056395;0;7;0;0;9;2;0;A01
200900056396;0;2;0;0;2;1;1;A01
200900056396;0;7;0;0;2;3;1;B01
200900056397;0;7;0;0;1;0;0;A01
200900056398;0;7;0;0;2;1;2;A01
200900056398;0;7;0;0;2;4;2;B01
200900056399;0;7;0;0;2;8;0;A01
200900056399;0;33;0;2;2;7;3;B01
200900056400;0;33;0;0;9;8;1;A01
200900056401;0;7;0;0;2;2;0;B01
200900056401;0;7;0;0;2;3;0;A01
200900056402;0;30;0;0;1;2;0;B01
200900056403;0;33;0;0;2;8;0;B01
200900056403;0;7;0;0;9;7;0;A01
200900056404;0;7;0;0;1;1;0;A01
200900056405;0;33;0;0;1;1;0;A01
200900056406;0;32;0;14;0;1;2;A01
200900056406;0;7;0;0;0;4;23;B01
200900056407;0;7;0;0;1;3;0;A01
200900056408;0;10;0;0;0;4;2;B01
200900056408;0;32;0;0;2;1;2;A01
200900056409;0;7;0;0;1;3;0;A01
200900056410;0;7;0;0;1;1;0;A01
200900056411;0;7;0;0;1;2;0;A01
200900056412;0;34;0;0;2;2;0;B01
200900056412;0;7;0;0;2;3;9;A01
200900056413;0;7;0;0;1;1;0;A01
200900056414;0;33;0;0;0;4;2;B01
200900056414;0;7;0;14;0;1;2;A01
200900056415;0;32;0;0;2;2;0;A01
200900056415;0;37;0;0;2;3;0;B01
200900056416;0;7;0;0;2;7;15;B01
200900056416;0;32;0;0;2;1;1;A01
200900056417;0;7;0;0;0;6;2;B01
200900056417;0;7;0;0;0;1;2;A01
200900056418;0;7;0;0;0;4;2;B01
200900056418;0;7;0;0;2;1;2;A01
200900056419;0;33;0;0;2;1;0;A01
200900056420;0;7;0;0;2;8;1;B01
200900056420;0;33;0;0;2;2;3;A01
200900056420;0;10;0;0;2;5;1;C01
200900056421;0;10;0;0;2;1;2;A01
200900056421;0;10;0;0;2;2;21;C01
200900056421;0;10;0;0;2;4;2;B01
200900056422;0;7;0;0;0;4;0;C01
200900056422;0;7;0;0;2;2;0;B01
200900056422;0;7;0;0;2;2;0;A01
200900056423;0;33;0;0;2;2;2;A01
200900056423;0;33;0;0;2;6;2;B01
200900056424;0;7;0;4;0;1;1;A01
200900056425;0;7;0;4;0;3;1;A01
200900056426;0;7;0;4;0;3;0;A01
200900056427;0;33;0;0;2;2;3;A01
200900056427;0;10;0;0;2;8;11;B01
200900056427;0;7;0;0;2;4;1;C01
200900056428;0;7;0;3;2;8;11;A01
200900056428;1;7;0;0;0;0;11;C01
200900056428;0;7;0;0;2;2;2;B01
200900056429;0;32;0;10;0;2;21;A01
200900056430;0;7;0;0;2;4;2;B01
200900056430;0;7;0;0;2;4;2;C01
200900056430;0;7;0;0;0;4;2;D01
200900056430;0;7;0;0;2;1;2;A01
200900056431;0;10;0;0;2;1;9;B01
200900056431;0;10;0;0;2;4;1;C01
200900056431;0;10;0;0;2;4;1;D01
200900056431;0;10;0;0;2;1;2;A01
200900056432;0;33;0;0;0;7;21;A01
200900056433;1;99;0;0;2;0;2;C01
200900056433;0;7;0;1;0;2;2;A01
200900056433;0;7;0;0;0;6;2;B01
200900056434;0;7;0;4;0;2;1;A01
200900056435;0;33;0;0;2;8;3;A01
200900056435;0;7;0;0;2;2;12;B01
200900056436;0;10;0;4;2;7;9;A01
200900056436;0;7;0;4;2;7;1;B01
200900056437;0;32;0;0;0;0;21;A01
200900056438;0;7;0;4;0;3;2;A01
200900056439;0;32;0;0;2;8;2;A01
200900056439;0;7;0;0;2;7;12;B01
200900056440;0;7;0;0;2;1;2;A01
200900056440;0;7;0;0;0;4;2;B01
200900056440;0;17;0;0;2;1;2;C01
200900056440;0;7;0;0;2;1;2;D01
200900056440;0;7;0;0;2;2;2;E01
200900056441;0;33;0;0;0;8;3;A01
200900056442;0;31;0;0;2;2;0;B01
200900056442;0;7;0;0;2;3;0;A01
200900056443;0;33;0;0;0;7;1;A01
200900056444;0;33;0;0;0;8;1;A01
200900056445;0;7;0;0;2;4;2;B01
200900056445;0;7;0;0;2;1;2;A01
200900056445;0;7;0;0;2;4;2;C01
200900056446;0;10;0;0;2;4;2;B01
200900056446;0;7;0;0;2;1;2;A01
200900056447;0;10;0;3;0;1;0;A01
200900056448;0;10;0;0;2;5;1;C01
200900056448;0;34;0;0;2;8;1;B01
200900056448;0;31;0;0;2;8;3;A01
200900056449;0;7;0;0;2;1;2;A01
200900056449;0;7;0;0;0;8;2;C01
200900056449;0;7;0;0;2;4;2;B01
200900056450;0;7;0;4;0;3;2;A01
200900056451;0;7;0;0;0;4;2;B01
200900056451;0;7;0;0;2;1;9;A01
200900056452;0;32;0;0;2;1;2;A01
200900056452;0;7;0;0;2;6;2;B01
200900056453;1;7;0;0;0;0;0;A01
200900056453;0;99;0;0;2;3;2;B01
200900056454;0;7;0;0;2;1;2;B01
200900056454;0;32;0;0;2;1;13;A01
200900056455;0;7;0;0;2;6;15;B01
200900056455;0;7;0;0;2;1;2;A01
200900056456;0;7;0;0;1;3;1;A01
200900056457;0;30;0;0;2;1;0;B01
200900056457;0;10;0;0;2;4;12;A01
200900056458;0;7;0;0;2;8;2;B01
200900056458;0;7;0;0;2;5;15;A01
200900056459;0;30;0;0;2;8;1;B01
200900056459;0;7;0;0;2;7;15;A01
200900056460;0;7;0;0;0;3;9;A01
200900056460;0;7;0;0;2;2;0;B01
200900056461;0;7;0;0;0;8;15;A01
200900056461;0;34;0;0;0;1;1;B01
200900056462;0;7;0;0;0;3;15;A01
200900056463;0;7;0;0;1;1;0;A01
200900056464;0;7;0;0;1;3;1;A01
200900056465;0;7;0;5;0;1;21;A01
200900056466;0;7;0;0;2;2;0;A01
200900056466;0;32;0;0;0;7;0;B01
200900056467;0;2;0;0;2;1;2;A01
200900056467;0;7;0;0;2;4;2;B01
200900056468;0;7;0;0;1;1;1;A01
200900056469;0;37;1;0;1;7;7;A01
200900056470;0;31;0;0;0;0;21;A01
200900056471;0;1;0;0;2;3;1;B01
200900056471;0;31;0;0;2;1;1;A01
200900056472;0;32;0;0;2;1;1;A01
200900056472;0;7;0;0;2;5;15;B01
200900056473;0;10;0;0;2;8;10;A01
200900056473;0;32;0;0;2;1;0;B01
200900056474;0;13;0;0;1;2;15;A01
200900056475;0;7;0;0;2;1;0;A01
200900056475;0;7;0;0;2;4;2;C01
200900056475;0;7;0;0;2;4;2;B01
200900056475;0;10;0;0;2;4;2;D01
200900056476;0;7;0;0;2;5;1;B01
200900056476;1;7;0;0;2;0;0;A01
200900056476;0;7;0;0;2;3;1;C01
200900056477;0;10;0;0;2;1;15;A01
200900056477;0;32;0;0;2;1;1;B01
200900056478;0;1;0;0;2;4;0;B01
200900056478;0;7;0;0;2;1;0;A01
200900056479;0;10;0;0;1;5;4;A01
200900056480;0;1;0;0;0;3;15;B01
200900056480;0;32;0;0;0;3;2;A01
200900056481;0;30;0;0;0;6;1;B01
200900056481;1;7;0;0;0;2;2;A01
200900056482;0;7;0;0;1;1;0;A01
200900056483;0;7;0;0;2;4;4;B01
200900056483;0;7;0;0;2;3;1;A01
200900056484;0;2;0;0;9;8;1;A01
200900056484;0;7;0;0;9;8;1;B01
200900056485;0;37;0;0;2;1;2;A01
200900056485;0;7;0;0;9;4;2;B01
200900056486;0;7;0;0;2;4;2;C01
200900056486;0;10;0;0;2;1;2;A01
200900056486;0;10;0;0;2;4;2;B01
200900056487;0;34;0;0;2;4;2;B01
200900056487;0;7;0;0;2;3;2;A01
200900056488;0;14;0;0;1;3;15;A01
200900056489;0;30;0;0;2;1;7;A01
200900056489;0;10;0;0;2;3;9;B01
200900056490;0;33;0;0;0;2;1;B01
200900056490;0;7;0;0;0;8;11;A01
200900056491;0;30;0;0;2;1;1;A01
200900056491;0;10;0;0;2;4;1;B01
200900056492;0;7;0;0;2;2;1;A01
200900056492;0;7;0;0;2;4;1;B01
200900056493;0;2;0;0;2;7;1;B01
200900056493;0;7;0;0;2;1;1;A01
200900056494;0;7;0;0;1;2;5;A01
200900056495;0;2;0;0;2;1;0;A01
200900056495;0;7;0;0;2;3;1;B01
200900056496;0;32;0;0;0;1;1;A01
200900056497;0;7;0;0;1;1;1;A01
200900056498;0;7;0;0;1;1;15;A01
200900056499;0;31;0;0;2;1;3;A01
200900056499;0;7;0;0;2;2;16;B01
200900056500;0;2;0;0;2;3;1;B01
200900056500;0;7;0;0;2;2;9;A01
200900056501;0;7;0;0;2;5;23;B01
200900056501;0;2;0;0;2;1;1;A01
200900056502;0;7;0;0;2;3;9;A01
200900056502;0;31;0;0;2;1;1;B01
200900056503;0;7;0;0;2;4;23;C01
200900056503;0;10;0;0;2;1;1;A01
200900056503;0;7;0;0;2;4;23;B01
200900056504;0;33;0;0;2;7;1;B01
200900056504;0;7;0;0;2;3;11;A01
200900056505;0;33;0;0;0;0;1;A01
200900056506;0;7;0;0;1;2;1;A01
200900056507;0;32;0;0;2;1;1;A01
200900056507;0;7;0;0;2;2;16;B01
200900056508;0;33;0;0;2;1;1;A01
200900056508;0;7;0;0;2;3;1;B01
200900056509;0;14;0;0;1;8;1;A01
200900056510;0;7;0;0;1;2;1;A01
200900056511;0;37;1;0;2;1;2;A01
200900056511;0;14;0;0;2;4;23;C01
200900056511;0;7;0;0;2;4;23;B01
200900056512;0;32;0;0;1;1;1;A01
200900056513;0;7;0;0;2;1;1;A01
200900056513;0;7;0;0;2;4;1;B01
200900056514;0;7;0;0;2;1;15;A01
200900056514;0;1;0;0;2;1;1;B01
200900056515;0;7;0;9;0;0;1;A01
200900056516;0;31;0;0;1;1;17;A01
200900056517;0;30;0;0;0;0;1;A01
200900056518;0;1;0;2;0;1;0;A01
200900056519;1;7;0;0;2;0;1;A01
200900056519;0;33;0;0;2;8;23;B01
200900056520;0;3;0;1;0;1;1;A01
200900056521;0;7;0;4;0;0;0;A01
200900056522;0;33;0;0;2;1;21;B01
200900056522;0;7;0;0;2;3;1;A01
200900056523;0;7;0;0;0;2;16;A01
200900056524;0;7;0;6;0;1;21;A01
200900056525;0;7;0;0;2;2;1;B01
200900056525;0;7;0;0;2;4;13;A01
200900056526;0;7;0;0;2;3;1;B01
200900056526;0;7;0;0;2;1;15;A01
200900056527;0;7;0;0;2;4;23;B01
200900056527;0;1;0;0;2;1;1;A01
200900056528;0;1;0;0;2;7;19;B01
200900056528;0;7;0;0;2;1;16;A01
200900056529;0;33;0;0;1;0;0;A01
200900056530;0;32;0;0;2;1;1;B01
200900056530;0;7;0;0;2;3;15;A01
200900056531;0;7;0;0;1;2;1;A01
200900056532;0;7;0;0;2;4;23;A01
200900056532;0;7;0;0;2;1;2;B01
200900056533;0;7;0;0;1;4;4;A01
200900056534;0;7;0;0;2;7;9;A01
200900056534;0;33;0;0;2;1;1;B01
200900056535;0;31;0;0;2;2;17;B01
200900056535;0;7;0;0;2;1;9;A01
200900056536;0;7;0;0;2;1;15;A01
200900056536;0;1;0;0;2;4;1;B01
200900056537;0;30;0;0;2;1;1;A01
200900056537;0;7;0;0;2;3;10;B01
200900056538;0;7;0;0;2;3;1;B01
200900056538;0;7;0;0;2;3;15;A01
200900056539;0;10;0;0;0;1;15;A01
200900056539;0;30;0;0;0;1;1;B01
200900056540;0;7;0;0;0;4;1;C01
200900056540;0;7;0;0;0;1;1;A01
200900056540;0;10;0;0;0;4;1;B01
200900056541;0;2;0;0;2;1;17;A01
200900056541;0;7;0;0;2;3;1;C01
200900056541;0;7;0;0;2;3;1;B01
200900056542;0;7;0;0;2;1;17;A01
200900056542;0;1;0;0;2;4;19;B01
200900056543;0;7;0;0;0;0;13;A01
200900056543;0;32;0;0;0;0;17;B01
200900056544;0;7;0;0;0;1;15;A01
200900056544;0;32;0;0;0;6;1;B01
200900056545;0;34;0;0;2;1;1;B01
200900056545;0;7;0;0;0;8;1;A01
200900056546;0;30;0;1;0;1;1;A01
200900056547;0;10;0;0;2;7;1;C01
200900056547;0;7;0;0;2;7;1;A01
200900056547;0;7;0;0;2;1;1;B01
200900056548;0;32;0;0;2;1;1;B01
200900056548;0;7;0;0;2;3;1;C01
200900056549;0;7;0;0;2;1;1;A01
200900056549;0;7;0;0;2;4;1;B01
200900056550;0;33;0;0;2;1;0;B01
200900056550;0;32;0;0;2;7;15;A01
200900056551;0;7;0;0;2;3;15;B01
200900056551;0;33;0;0;2;1;1;A01
200900056552;0;7;0;0;2;3;15;A01
200900056552;0;33;0;0;2;8;1;B01
200900056553;0;7;0;0;2;1;1;A01
200900056553;0;7;0;0;2;8;1;B01
200900056554;0;7;0;0;2;1;2;A01
200900056554;0;7;0;0;2;1;2;B01
200900056554;0;7;0;0;2;4;2;C01
200900056555;0;34;0;0;0;7;0;B01
200900056555;0;10;0;0;0;0;0;A01
200900056556;0;7;0;0;1;1;1;A01
200900056557;0;7;0;0;2;3;15;A01
200900056557;0;31;0;0;2;5;15;B01
200900056558;0;7;0;0;2;6;9;A01
200900056558;0;31;0;0;2;1;1;B01
200900056559;0;7;0;0;1;1;1;A01
200900056560;0;33;0;0;1;1;1;A01
200900056561;0;32;0;0;2;6;9;A01
200900056561;0;32;0;0;2;3;1;B01
200900056562;0;1;0;0;0;0;19;A01
200900056562;0;33;0;0;0;2;1;B01
200900056563;0;7;0;12;0;8;1;A01
200900056564;0;1;0;0;2;4;16;B01
200900056564;0;31;0;0;2;1;1;A01
200900056565;0;2;0;0;0;0;1;A01
200900056566;0;7;0;0;2;7;15;B01
200900056566;0;33;0;0;2;1;17;A01
200900056567;0;32;0;0;0;0;1;B01
200900056567;0;7;0;0;0;0;9;A01
200900056568;0;7;0;0;1;3;21;A01
200900056569;0;7;0;0;2;3;17;B01
200900056569;0;32;0;0;2;7;17;A01
200900056570;0;7;0;0;0;1;16;A01
200900056571;0;7;0;0;1;2;1;A01
200900056572;0;7;0;0;2;7;16;A01
200900056572;0;33;0;0;2;7;1;B01
200900056573;0;14;0;0;1;3;1;A01
200900056574;0;30;0;0;0;0;17;A01
200900056575;0;7;0;6;0;1;1;A01
200900056576;0;7;0;0;2;1;2;A01
200900056576;0;7;0;0;0;4;23;B01
200900056577;0;7;0;0;2;1;1;A01
200900056577;0;7;0;0;2;4;23;B01
200900056578;0;1;0;0;2;4;1;B01
200900056578;0;7;0;0;2;3;9;A01
200900056579;0;7;0;0;2;1;15;A01
200900056579;0;7;0;0;2;3;1;B01
200900056580;0;7;0;8;0;1;0;A01
200900056581;0;33;0;1;0;1;1;A01
200900056582;0;7;0;0;0;1;17;A01
200900056583;0;7;0;0;0;4;1;B02
200900056583;0;17;0;0;2;1;2;A01
200900056584;0;7;0;13;0;1;21;A01
200900056585;0;7;0;13;0;1;1;A01
200900056586;0;7;0;0;2;6;1;A01
200900056586;0;33;0;0;2;1;17;B02
200900056587;0;7;0;1;0;1;1;A01
200900056587;0;17;0;0;2;4;24;B02
200900056588;0;7;0;0;1;3;21;A01
200900056589;0;7;0;0;1;2;1;A01
200900056590;0;2;0;0;1;1;1;A01
200900056590;0;10;0;0;0;5;15;B02
200900056591;0;7;0;0;2;3;15;A01
200900056591;0;7;0;0;2;3;1;B02
200900056592;0;7;0;0;2;8;15;B02
200900056592;0;7;0;0;2;1;1;A01
200900056593;0;7;0;0;2;1;13;A01
200900056593;0;7;0;0;2;1;0;B02
200900056594;0;30;0;0;2;1;1;B02
200900056594;0;7;0;0;0;5;10;A01
200900056595;0;7;0;0;2;1;1;B01
200900056595;0;31;0;0;2;1;1;A01
200900056596;0;37;15;0;2;3;1;A01
200900056596;0;7;0;0;2;1;1;B01
200900056597;0;37;1;0;2;4;23;C01
200900056597;0;7;0;0;2;1;1;B01
200900056597;0;7;0;0;2;1;1;A01
200900056598;0;7;0;0;2;1;1;A01
200900056598;0;7;0;0;2;1;1;B01
200900056598;0;7;0;0;2;4;1;C01
200900056599;0;7;0;0;2;1;15;B01
200900056599;0;7;0;0;2;1;1;A01
200900056600;0;7;0;0;1;1;1;A01
200900056601;0;10;0;15;0;1;1;A01
200900056602;0;7;0;0;2;3;1;A01
200900056602;0;7;0;0;2;1;1;B01
200900056603;0;7;0;0;2;8;15;A01
200900056603;0;7;0;0;2;1;1;B01
200900056604;0;7;0;0;1;2;1;A01
200900056605;0;7;0;0;2;1;1;B01
200900056605;0;7;0;0;2;1;1;A01
200900056606;0;7;0;0;2;4;4;A01
200900056607;0;2;0;0;0;7;1;A01
200900056608;0;7;0;0;2;1;1;B01
200900056608;0;7;0;0;2;1;15;A01
200900056609;0;7;0;0;1;1;1;A01
200900056610;0;7;0;0;2;2;16;A01
200900056610;0;1;0;0;2;1;16;B01
200900056611;0;15;0;2;0;7;1;A01
200900056612;0;7;0;0;2;1;15;A01
200900056612;0;7;0;0;2;3;1;B01
200900056613;0;37;1;0;1;1;1;A01
200900056614;0;7;0;0;0;1;1;A01
200900056615;0;7;0;0;1;0;1;A01
200900056616;0;2;0;0;2;1;1;A01
200900056616;0;7;0;0;2;7;1;B01
200900056617;0;2;0;0;2;1;15;A01
200900056617;0;7;0;0;2;3;1;B01
200900056618;1;7;0;0;2;0;15;A01
200900056618;0;7;0;0;2;4;1;B01
200900056619;0;2;0;0;2;1;1;B01
200900056619;0;7;0;0;2;3;15;A01
200900056620;0;1;0;0;2;1;1;B01
200900056621;0;7;0;0;2;8;17;A01
200900056621;0;7;0;0;2;1;1;B01
200900056622;0;7;0;0;2;1;1;A01
200900056622;0;7;0;0;2;1;15;B01
200900056623;0;7;0;0;1;1;1;A01
200900056624;0;7;0;0;1;1;1;A01
200900056625;0;1;0;0;2;1;1;B01
200900056625;0;7;0;0;2;0;15;A01
200900056626;0;7;0;0;1;0;1;A01
200900056627;0;2;0;0;2;1;1;A01
200900056627;0;7;0;0;2;4;23;B01
200900056628;0;7;0;0;2;6;15;A01
200900056628;0;1;0;0;2;1;1;B01
200900056629;0;7;0;0;2;1;1;A01
200900056629;0;10;0;0;2;8;1;B01
200900056630;0;7;0;0;2;4;1;A01
200900056631;0;7;0;0;2;4;1;C01
200900056631;0;7;0;0;2;1;1;A01
200900056631;0;7;0;0;2;4;1;B01
200900056632;0;7;0;0;1;1;15;A01
200900056633;0;7;0;0;2;2;1;A01
200900056634;0;30;0;1;0;7;14;A01
200900056635;0;30;0;0;2;3;15;A01
200900056635;0;10;0;0;2;3;1;B02
200900056636;0;7;0;3;0;1;1;A01
200900056637;0;32;0;0;2;1;1;B02
200900056637;0;7;0;0;2;2;15;A01
200900056638;0;7;0;0;2;1;1;C03
200900056638;0;7;0;0;2;4;1;B02
200900056638;0;10;0;0;2;1;2;A01
200900056639;0;7;0;0;2;3;13;A01
200900056639;0;7;0;0;2;2;1;B02
200900056640;0;7;0;0;1;8;1;A01
200900056641;0;7;0;0;0;3;13;A01
200900056641;0;33;0;0;0;1;1;B02
200900056642;0;7;0;2;0;4;13;A01
200900056643;0;30;0;0;2;1;17;A01
200900056643;0;7;0;0;2;3;1;B02
200900056644;0;7;0;0;2;8;13;B02
200900056644;0;1;0;0;2;8;1;A01
200900056645;0;7;0;1;1;2;2;A01
200900056645;0;7;0;0;0;6;23;B02
200900056646;0;2;0;0;2;1;1;B02
200900056646;0;7;0;0;2;7;13;A01
200900056647;0;15;0;13;0;1;1;A01
200900056648;0;7;0;0;9;1;1;C03
200900056648;0;1;0;0;2;4;13;A01
200900056648;0;1;0;0;2;4;1;B02
200900056649;0;7;0;6;0;1;13;A01
200900056650;0;7;0;0;1;3;15;A01
200900056651;0;7;0;0;1;2;1;A01
200900056652;0;7;0;2;0;3;13;A01
200900056653;0;7;0;0;2;3;1;A01
200900056653;0;7;0;0;2;3;1;B02
200900056654;0;33;0;0;0;8;1;A01
200900056655;0;7;0;2;0;7;1;A01
200900056656;0;1;0;0;2;2;1;A01
200900056656;0;7;0;0;2;3;1;B01
200900056657;0;7;0;0;1;1;0;A01
200900056658;0;10;0;0;1;1;1;A01
200900056659;0;30;0;8;0;1;1;A01
200900056660;0;7;0;0;1;2;1;A01
200900056661;0;7;0;2;0;1;1;A01
200900056662;0;7;0;0;2;1;1;A01
200900056662;0;2;0;0;2;8;1;B01
200900056663;0;30;0;11;0;1;5;A01
200900056664;0;7;0;0;1;8;1;A01
200900056665;0;7;0;0;1;2;0;A01
200900056666;0;30;0;0;0;0;15;A01
200900056667;0;7;0;0;2;3;9;A01
200900056667;0;1;0;0;2;7;1;B01
200900056668;0;30;0;0;1;1;1;A01
200900056669;0;7;0;0;2;1;1;A01
200900056669;0;3;0;0;2;9;1;B01
200900056670;0;7;0;0;0;0;13;A01
200900056670;0;33;0;0;2;1;13;B01
200900056671;0;7;0;0;1;3;1;A01
200900056672;0;7;0;0;1;1;0;A01
200900056673;0;7;0;0;1;3;1;A01
200900056674;0;7;0;0;1;1;1;A01
200900056675;0;30;0;0;0;0;1;A01
200900056676;0;7;0;0;1;2;1;A01
200900056677;0;7;0;0;1;1;1;A01
200900056678;0;7;0;0;2;3;15;A01
200900056678;0;33;0;0;2;7;1;B01
200900056679;0;7;0;0;2;7;15;B01
200900056679;0;7;0;0;2;8;1;A01
200900056680;0;7;0;0;1;1;1;A01
200900056681;0;7;0;0;2;2;1;B01
200900056681;0;7;0;0;2;3;0;A01
200900056682;0;33;0;0;1;1;1;A01
200900056683;0;2;0;0;2;0;0;B01
200900056683;0;7;0;0;2;0;15;A01
200900056684;0;7;0;0;1;1;0;A01
200900056685;0;7;0;0;2;6;9;A01
200900056685;0;30;0;0;2;1;1;B01
200900056686;0;7;0;6;0;1;14;A01
200900056687;0;10;0;0;2;4;1;B01
200900056687;0;7;0;0;2;0;1;D01
200900056687;0;7;0;0;2;1;1;A01
200900056687;0;7;0;0;2;6;1;C01