num_acc;senc;catv;occutc;obs;obsm;choc;manv;num_veh
200900057407;0;2;0;0;2;1;2;B01
200900057408;1;7;0;0;1;0;0;A01
200900057409;0;2;0;0;1;1;17;A01
200900057410;0;7;0;0;2;1;0;A01
200900057410;0;7;0;0;2;8;0;B01
200900057411;0;7;0;0;9;1;1;B01
200900057411;0;2;0;0;2;7;0;A01
200900057412;0;7;0;0;2;2;1;A01
200900057412;0;33;0;0;2;6;1;B01
200900057413;0;2;0;0;2;1;2;A01
200900057413;0;7;0;0;2;4;2;B01
200900057414;0;33;0;0;2;3;2;B01
200900057414;0;7;0;0;2;2;2;A01
200900057415;0;2;0;0;1;1;2;A01
200900057416;0;7;0;0;1;3;1;A01
200900057417;0;32;0;0;1;0;17;A01
200900057418;0;7;0;8;0;1;21;A01
200900057419;0;7;0;0;0;1;1;B01
200900057419;0;30;0;0;0;7;15;A01
200900057420;0;15;0;0;0;2;9;A01
200900057420;0;7;0;0;0;5;23;B01
200900057421;0;31;0;0;2;4;9;B01
200900057421;0;7;0;0;2;1;9;A01
200900057422;0;7;0;0;2;3;15;A01
200900057422;0;33;0;0;2;1;1;B01
200900057423;0;7;0;0;2;3;0;B01
200900057423;0;7;0;0;2;3;13;A01
200900057424;0;7;0;0;2;2;15;A01
200900057424;0;30;0;0;2;1;1;B01
200900057425;0;7;0;0;2;4;2;D01
200900057425;0;7;0;0;2;4;2;C01
200900057425;0;7;0;0;2;4;2;E01
200900057425;0;7;0;0;0;1;2;A01
200900057425;0;7;0;0;2;4;2;B01
200900057426;0;7;0;0;2;4;2;C01
200900057426;0;7;0;3;2;1;21;A01
200900057426;0;33;0;3;2;1;1;B01
200900057427;0;7;0;0;2;1;0;B01
200900057427;0;7;0;0;2;1;0;A01
200900057428;0;7;0;0;1;1;1;A01
200900057429;0;30;0;0;2;1;1;B01
200900057429;0;7;0;0;2;8;1;A01
200900057430;1;7;0;0;2;1;2;A01
200900057430;0;7;0;0;0;4;2;B01
200900057431;0;1;0;0;2;6;1;B01
200900057431;0;7;0;0;2;1;1;A01
200900057432;0;33;0;0;2;1;17;B01
200900057432;0;7;0;0;2;6;10;A01
200900057433;0;7;0;2;0;7;19;A01
200900057434;0;7;0;0;0;4;23;B01
200900057434;0;7;0;0;2;1;2;A01
200900057435;0;10;0;0;2;3;1;B01
200900057435;0;10;0;0;2;1;5;A01
200900057436;0;7;0;0;0;8;15;B01
200900057436;0;7;0;0;2;3;1;A01
200900057437;0;33;0;0;2;1;0;B01
200900057437;0;33;0;0;2;4;21;C01
200900057437;0;7;0;0;0;0;23;A01
200900057438;0;7;0;0;1;1;0;A01
200900057439;0;33;0;0;0;0;2;A01
200900057440;1;30;0;0;1;1;0;A01
200900057441;0;10;0;0;1;3;1;A01
200900057442;0;2;0;0;0;3;1;A01
200900057443;0;2;0;0;2;1;1;A01
200900057443;0;7;0;0;2;2;15;B01
200900057444;0;7;0;0;2;3;11;A01
200900057444;0;30;0;0;2;7;21;B01
200900057445;0;32;0;0;1;2;1;A01
200900057446;0;30;0;0;2;1;16;A01
200900057446;0;1;0;0;2;8;19;B01
200900057447;0;7;0;1;2;3;15;A01
200900057447;0;33;0;0;2;1;1;B01
200900057448;0;1;0;0;2;3;1;B01
200900057448;0;7;0;0;2;2;20;A01
200900057449;0;7;0;6;0;9;1;A01
200900057450;0;7;0;0;0;4;9;A01
200900057450;0;33;0;0;2;7;1;B01
200900057451;0;38;1;0;2;2;12;A01
200900057451;0;7;0;4;2;3;1;B01
200900057452;0;30;0;0;2;7;1;A01
200900057452;0;7;0;0;2;8;1;B01
200900057453;0;7;0;0;2;4;1;B01
200900057453;0;7;0;0;2;1;1;A01
200900057454;0;7;0;0;0;4;2;B01
200900057454;0;7;0;0;2;1;2;A01
200900057455;0;7;0;0;2;1;6;A01
200900057455;0;31;0;0;2;7;1;B01
200900057456;1;7;0;0;2;1;1;A01
200900057456;0;7;0;0;0;2;0;B01
200900057457;0;7;0;0;2;1;1;A01
200900057457;0;7;0;0;0;8;10;B01
200900057458;0;7;0;1;2;1;0;A01
200900057458;0;7;0;0;2;5;1;B01
200900057458;0;33;0;0;2;8;0;D01
200900057459;0;7;0;0;1;1;1;A01
200900057460;0;7;0;0;1;6;4;A01
200900057461;0;7;0;0;2;2;17;A01
200900057461;0;7;0;0;2;8;15;B01
200900057462;0;7;0;0;9;8;13;A01
200900057462;0;31;0;0;2;3;1;B01
200900057463;0;13;0;0;2;1;2;A01
200900057463;0;7;0;0;2;4;2;B01
200900057464;0;7;0;0;2;4;0;C01
200900057464;0;7;0;1;0;1;1;A01
200900057464;0;7;0;0;2;6;0;B01
200900057465;0;7;0;0;1;2;1;A01
200900057466;0;32;0;0;2;1;1;A01
200900057466;0;7;0;0;2;3;1;B01
200900057467;0;30;0;0;1;1;17;A01
200900057468;0;31;0;0;2;2;1;A01
200900057468;0;7;0;0;2;6;15;B01
200900057469;0;30;0;0;1;1;1;A01
200900057470;0;7;0;0;1;1;0;A01
200900057471;0;30;0;0;2;1;1;A01
200900057471;0;7;0;0;2;0;15;B01
200900057472;0;7;0;0;9;3;0;A01
200900057472;0;1;0;0;2;8;1;B01
200900057473;0;30;0;0;2;1;1;C01
200900057473;0;7;0;0;2;0;0;A01
200900057473;0;30;0;0;0;0;1;B01
200900057474;0;34;0;0;2;3;1;B01
200900057474;1;30;0;0;2;1;17;A01
200900057475;0;40;0;0;2;1;1;B01
200900057475;0;7;0;0;4;3;1;A01
200900057476;0;7;0;0;0;4;0;B01
200900057476;0;7;0;0;2;1;1;A01
200900057477;0;7;0;0;0;1;2;B01
200900057477;0;1;0;0;0;4;2;A01
200900057478;0;33;0;0;0;1;17;A01
200900057479;0;7;0;0;2;1;1;A01
200900057479;0;7;0;0;2;1;13;B02
200900057480;0;33;0;0;2;1;9;A01
200900057480;0;7;0;0;2;3;15;B02
200900057481;0;7;0;0;0;0;15;A01
200900057481;0;33;0;0;0;0;1;B02
200900057482;0;31;0;0;9;8;2;A01
200900057483;0;7;0;0;2;1;1;B02
200900057483;0;2;0;0;2;7;1;A01
200900057484;0;33;0;2;0;3;1;A01
200900057485;0;7;0;0;2;6;13;A01
200900057485;0;7;0;2;2;2;17;B02
200900057486;0;7;0;0;2;1;19;A01
200900057486;0;7;0;0;2;3;1;B02
200900057487;0;7;0;0;2;1;17;B02
200900057487;0;7;0;0;2;8;13;A01
200900057488;0;7;0;0;2;3;13;A01
200900057488;0;3;0;2;2;9;1;B02
200900057488;0;7;0;0;2;1;1;C03
200900057489;0;7;0;0;2;1;1;B02
200900057489;0;7;0;0;0;8;19;A01
200900057490;0;7;0;2;0;9;1;A01
200900057491;0;7;0;0;2;5;1;C03
200900057491;0;14;0;0;2;3;1;B02
200900057491;0;7;0;0;2;7;1;D04
200900057491;0;7;0;0;2;8;5;A01
200900057492;2;33;0;0;2;1;1;A01
200900057492;0;7;0;0;2;3;16;B02
200900057493;0;7;0;6;0;2;1;A01
200900057494;0;31;0;11;0;1;17;A01
200900057495;0;15;0;0;0;5;1;B02
200900057495;0;7;0;0;2;1;1;A01
200900057496;0;7;0;0;2;1;1;B02
200900057496;0;33;0;0;2;1;13;A01
200900057497;0;7;0;4;0;1;13;A01
200900057498;0;7;0;0;2;3;1;B02
200900057498;0;33;0;0;2;1;17;A01
200900057499;0;7;0;9;0;8;1;A01
200900057500;0;7;0;13;0;9;1;A01
200900057501;0;7;0;2;0;1;1;A01
200900057502;0;7;0;0;1;3;2;A01
200900057503;0;7;0;2;0;5;1;A01
200900057504;2;10;0;0;9;1;13;B02
200900057504;0;7;0;0;2;1;13;A01
200900057505;0;33;0;0;2;1;1;B02
200900057505;0;7;0;0;2;3;15;A01
200900057506;0;10;0;2;2;2;21;A01
200900057506;0;14;0;0;2;1;2;B02
200900057506;0;7;0;0;2;1;2;C03
200900057507;0;33;0;0;2;1;1;A01
200900057507;0;7;0;0;2;6;15;B02
200900057508;0;15;0;0;0;6;2;A01
200900057508;0;10;0;0;0;2;2;B02
200900057509;0;7;0;10;0;1;1;A01
200900057510;0;7;0;0;0;8;15;A01
200900057510;0;7;0;0;0;1;1;B01
200900057511;0;7;0;0;2;2;0;A01
200900057511;0;33;0;0;2;2;1;B01
200900057512;0;7;0;0;1;3;9;A01
200900057513;0;10;0;13;0;2;1;A01
200900057514;0;7;0;0;2;1;16;A01
200900057514;0;7;0;0;2;2;1;B01
200900057515;0;7;0;0;2;1;2;A01
200900057515;0;7;0;0;2;4;2;B01
200900057516;0;31;0;0;2;7;1;B02
200900057516;0;7;0;0;2;3;1;C03
200900057516;1;7;0;0;0;3;0;A01
200900057517;0;7;0;0;2;4;24;B02
200900057517;0;7;0;1;0;1;18;A01
200900057518;2;7;0;2;0;1;0;A01
200900057519;0;7;0;0;2;1;15;A01
200900057519;0;33;0;0;2;1;1;B01
200900057520;0;7;0;0;2;3;9;A01
200900057520;0;7;0;0;2;7;1;B01
200900057521;0;7;0;0;0;4;4;A01
200900057521;0;37;10;0;2;3;2;B01
200900057522;0;7;0;0;1;1;1;A01
200900057523;0;32;0;0;2;1;17;A01
200900057523;0;7;0;0;2;8;15;B01
200900057524;0;33;0;0;2;1;1;B01
200900057524;0;10;0;0;2;3;9;A01
200900057525;0;7;0;0;2;1;1;B01
200900057525;0;1;0;0;2;4;2;A01
200900057526;0;33;0;0;1;1;1;A01
200900057527;0;7;0;0;2;1;2;A01
200900057527;0;13;0;0;0;6;15;B01
200900057528;0;33;0;13;0;0;1;A01
200900057529;0;15;0;0;2;8;10;A01
200900057529;0;31;0;0;2;1;1;B01
200900057530;0;3;0;0;2;4;1;B02
200900057530;0;10;0;0;2;1;1;A01
200900057531;0;10;0;0;1;7;1;A01
200900057532;0;7;0;0;2;1;1;C03
200900057532;0;7;0;0;2;2;1;A01
200900057532;0;7;0;0;2;1;13;B02
200900057533;0;10;0;2;0;9;1;A01
200900057534;0;7;0;0;2;1;14;A01
200900057534;0;10;0;0;2;4;24;B02
200900057535;0;7;0;0;2;1;1;B02
200900057535;0;7;0;0;2;8;19;A01
200900057536;0;14;0;0;0;0;23;B02
200900057536;0;7;0;0;1;7;17;A01
200900057537;0;33;0;0;2;1;21;B02
200900057537;0;7;0;0;2;3;15;A01
200900057538;0;7;0;0;1;3;1;A01
200900057539;0;10;0;13;0;3;13;A01
200900057540;0;16;0;0;1;0;2;A01
200900057541;0;2;0;0;2;1;1;A01
200900057541;0;7;0;0;0;2;1;B01
200900057542;0;7;0;0;2;7;13;A01
200900057542;0;7;0;0;2;1;1;B01
200900057543;0;7;0;0;1;2;1;A01
200900057544;0;7;0;0;2;3;13;A01
200900057544;0;30;0;8;2;6;1;B01
200900057545;0;7;0;0;2;2;1;A01
200900057545;0;1;0;0;0;8;1;B01
200900057546;2;7;0;1;2;1;13;A01
200900057546;0;7;0;0;2;3;24;B01
200900057547;0;7;0;0;0;3;0;A01
200900057548;0;7;0;2;0;8;1;A01
200900057549;0;7;0;0;0;7;1;A01
200900057549;0;7;0;0;2;8;19;B02
200900057550;0;10;0;0;2;1;1;B02
200900057550;0;7;0;0;2;7;17;A01
200900057551;0;7;0;2;0;8;1;A01
200900057552;0;7;0;0;2;3;1;A01
200900057552;0;10;0;0;2;3;13;B02
200900057553;0;7;0;2;0;3;13;A01
200900057554;0;13;0;0;2;3;1;B02
200900057554;0;14;0;0;2;3;1;A01
200900057555;0;7;0;0;2;3;1;A01
200900057555;0;7;0;0;2;3;1;B02
200900057556;0;33;0;0;2;2;17;A01
200900057556;0;10;0;0;2;3;15;B02
200900057557;0;7;0;0;1;1;1;A01
200900057558;0;7;0;0;0;7;15;A01
200900057558;0;33;0;0;2;1;1;B01
200900057559;0;7;0;14;0;1;1;A01
200900057560;0;7;0;0;0;7;19;A01
200900057560;0;7;0;0;2;1;0;B01
200900057561;0;7;0;13;0;1;0;A01
200900057562;0;33;0;0;2;1;1;B02
200900057562;0;7;0;0;2;7;19;A01
200900057563;0;7;0;0;2;3;16;A01
200900057563;0;30;0;0;2;3;0;B02
200900057564;0;30;0;9;0;1;14;A01
200900057565;0;7;0;0;2;5;12;A01
200900057565;0;7;0;2;2;3;1;B01
200900057566;0;7;0;9;0;9;1;A01
200900057567;0;7;0;6;1;1;15;A01
200900057568;0;7;0;0;1;1;1;A01
200900057569;0;7;0;6;0;1;1;A01
200900057570;0;7;0;0;2;6;1;A01
200900057570;0;7;0;0;2;3;1;B01
200900057571;0;7;0;0;2;8;1;B01
200900057571;0;32;0;0;2;9;17;A01
200900057572;0;7;0;0;1;4;4;A01
200900057573;0;7;0;0;2;1;1;A01
200900057573;0;7;0;0;2;4;1;B01
200900057574;1;7;0;0;1;1;15;A01
200900057575;0;7;0;8;0;1;1;A01
200900057576;0;7;0;0;2;1;1;B01
200900057576;0;7;0;0;2;3;1;A01
200900057577;0;7;0;0;1;3;1;A01
200900057578;0;7;0;0;1;3;15;A01
200900057579;0;7;0;0;1;1;1;A01
200900057580;0;7;0;15;0;1;14;A01
200900057581;0;31;0;0;2;3;0;B01
200900057581;0;7;0;0;2;3;0;A01
200900057582;0;7;0;0;1;2;15;A01
200900057583;0;7;0;0;2;4;2;B01
200900057583;0;7;0;0;2;1;2;A01
200900057584;0;7;0;4;0;1;0;A01
200900057585;0;7;0;0;4;1;2;A01
200900057586;0;7;0;4;0;3;1;A01
200900057587;0;7;0;0;0;9;21;A01
200900057588;0;7;0;0;2;0;0;A01
200900057588;0;7;0;0;0;0;0;B01
200900057589;0;10;0;0;2;1;2;A01
200900057589;0;7;0;0;2;4;2;B01
200900057589;0;7;0;0;0;3;5;C01
200900057590;0;7;0;0;0;3;2;A01
200900057591;0;7;0;0;2;3;1;A01
200900057591;0;7;0;0;0;3;1;B02
200900057592;0;10;0;0;2;3;1;A01
200900057592;0;7;0;0;2;1;1;B02
200900057593;0;7;0;0;0;9;1;A01
200900057594;0;30;0;0;2;3;5;A01
200900057594;0;7;0;0;2;3;0;B02
200900057595;0;7;0;0;0;4;23;A01
200900057595;0;7;0;0;0;1;1;B02
200900057596;0;7;0;0;1;3;1;A01
200900057597;0;7;0;0;2;1;21;A01
200900057597;0;7;0;4;2;9;6;B01
200900057598;0;7;0;0;2;1;2;A01
200900057598;0;7;0;0;0;4;2;B01
200900057599;0;15;0;0;2;0;11;A01
200900057599;0;7;0;4;0;3;21;B01
200900057600;0;7;0;0;0;5;1;B01
200900057600;0;34;0;0;2;3;18;A01
200900057601;0;10;0;0;2;2;0;B01
200900057601;0;10;0;0;2;3;1;A01
200900057602;0;7;0;4;0;3;17;A01
200900057603;0;17;0;13;0;2;0;A01
200900057604;0;7;0;0;2;2;1;B01
200900057604;0;7;0;0;2;6;1;A01
200900057605;0;13;0;0;2;3;1;A01
200900057605;0;7;0;0;2;5;12;B01
200900057606;0;7;0;0;0;1;1;A01
200900057607;0;7;0;4;0;1;0;A01
200900057608;0;7;0;4;0;9;1;A01
200900057609;0;7;0;4;0;2;1;A01
200900057610;0;7;0;0;1;0;1;A01
200900057611;0;10;0;3;2;2;17;A01
200900057612;0;7;0;0;2;3;15;A01
200900057612;0;33;0;0;2;8;1;B01
200900057613;0;7;0;0;0;7;1;A01
200900057614;0;7;0;2;1;1;1;A01
200900057615;0;7;0;3;2;2;12;B01
200900057615;0;7;0;3;2;6;1;C01
200900057615;0;31;0;3;2;3;3;A01
200900057616;0;7;0;2;0;1;15;A01
200900057617;1;7;0;0;1;1;1;A01
200900057618;0;7;0;0;2;1;1;A01
200900057618;0;7;0;0;2;2;15;B01
200900057619;0;7;0;4;2;1;2;A01
200900057619;0;7;0;4;5;4;1;B01
200900057620;0;7;0;0;1;3;1;A01
200900057621;0;7;0;0;2;1;1;B01
200900057621;0;30;0;0;2;1;17;A01
200900057622;0;31;0;12;2;7;1;A01
200900057623;1;7;0;0;1;4;4;A01
200900057624;0;30;0;16;0;9;1;A01
200900057625;0;7;0;14;0;1;1;A01
200900057626;0;7;0;8;0;1;1;A01
200900057627;0;30;0;0;0;0;16;A01
200900057628;1;33;0;0;2;1;1;B01
200900057628;0;10;0;0;2;3;16;A01
200900057629;0;7;0;0;1;4;4;A01
200900057630;1;14;0;0;0;0;0;B02
200900057630;0;33;0;0;0;6;1;A01
200900057631;0;7;0;0;2;1;1;A01
200900057631;0;31;0;0;0;4;1;B02
200900057632;0;33;0;2;0;8;17;A01
200900057633;0;7;0;0;2;5;15;A01
200900057633;1;7;0;0;2;3;2;B02
200900057634;0;7;0;0;2;6;1;B02
200900057634;0;7;0;0;2;1;1;A01
200900057635;0;7;0;0;1;1;1;A01
200900057636;0;7;0;0;1;1;2;A01
200900057637;0;33;0;13;0;1;13;A01
200900057638;0;7;0;13;0;1;1;A01
200900057639;0;7;0;0;2;1;15;A01
200900057639;0;33;0;0;2;1;1;B02
200900057640;0;34;0;0;2;1;2;A01
200900057640;0;7;0;0;0;4;1;B02
200900057641;0;14;0;0;2;1;0;B02
200900057641;0;7;0;0;2;7;19;A01
200900057642;0;7;0;0;0;3;9;A01
200900057642;0;33;0;0;0;5;1;B02
200900057643;0;33;0;0;2;1;1;B02
200900057643;0;7;0;0;2;3;19;A01
200900057644;0;7;0;0;2;3;1;A01
200900057644;0;30;0;0;2;1;1;B02
200900057645;0;10;0;8;0;2;1;A01
200900057646;0;30;0;0;1;1;1;A01
200900057647;0;7;0;0;2;1;1;B02
200900057647;0;7;0;0;2;1;13;A01
200900057648;0;10;0;0;2;3;15;A01
200900057648;0;33;0;0;2;1;1;B02
200900057649;0;7;0;13;0;1;13;A01
200900057650;0;33;0;12;0;7;1;A01
200900057651;0;7;0;0;2;2;5;A01
200900057651;0;7;0;0;2;2;1;B02
200900057652;0;14;0;0;2;1;5;A01
200900057652;0;1;0;0;2;1;1;B02
200900057653;0;7;0;0;2;2;5;A01
200900057653;0;7;0;0;2;2;1;B02
200900057654;0;33;0;11;2;1;17;A01
200900057654;0;38;0;0;0;3;0;B02
200900057655;0;2;0;0;2;3;15;B02
200900057655;0;7;0;0;2;2;1;A01
200900057656;0;7;0;0;2;3;1;A01
200900057656;0;10;0;0;2;5;15;B02
200900057657;0;7;0;2;0;2;6;A01
200900057658;0;14;0;0;2;3;1;C03
200900057658;0;7;0;0;2;3;1;A01
200900057658;0;7;0;2;2;3;1;B02
200900057659;0;33;0;0;2;0;21;C03
200900057659;0;7;0;0;0;4;21;A01
200900057659;0;7;0;0;0;0;16;B02
200900057660;0;7;0;0;2;3;1;A01
200900057660;0;31;0;0;2;9;0;B02
200900057661;0;7;0;0;2;2;15;A01
200900057661;0;34;0;0;2;1;17;B02
200900057662;0;30;0;0;2;8;1;B02
200900057662;0;7;0;0;9;2;14;A01
200900057663;0;33;0;11;0;7;1;A01
200900057664;0;15;0;0;2;3;1;B02
200900057664;0;7;0;0;2;3;17;A01
200900057665;0;7;0;0;2;5;15;A01
200900057665;0;7;0;0;2;1;1;B02
200900057666;0;7;0;0;2;4;1;C01
200900057666;0;7;0;0;2;1;1;A01
200900057666;0;7;0;0;2;9;1;B01
200900057667;0;7;0;0;1;3;2;A01
200900057668;0;7;0;0;9;3;1;B01
200900057668;0;15;0;0;0;0;1;A01
200900057669;0;7;0;0;1;2;1;A01
200900057670;0;15;0;0;2;7;1;A01
200900057670;0;7;0;0;2;8;1;B01
200900057671;0;31;0;0;0;8;0;A01
200900057672;0;7;0;0;0;4;14;A01
200900057672;0;7;0;0;2;1;1;C01
200900057672;0;7;0;0;2;0;1;B01
200900057673;0;7;0;0;2;3;15;A01
200900057673;0;2;0;0;2;1;17;B01
200900057674;0;7;0;0;2;8;15;B01
200900057674;0;30;0;0;2;1;17;A01
200900057675;0;7;0;0;2;4;1;D01
200900057675;0;7;0;0;2;1;1;C01
200900057675;0;7;0;0;2;4;0;B01
200900057675;0;7;0;0;2;1;0;A01
200900057676;0;7;0;0;2;1;1;B01
200900057676;0;7;0;0;0;3;19;A01
200900057677;0;7;0;9;0;1;0;A01
200900057678;0;7;0;0;0;3;1;B01
200900057678;0;7;0;0;2;3;13;A01
200900057679;0;7;0;4;0;1;12;B01
200900057679;1;14;0;0;0;0;11;A01
200900057680;0;7;0;0;2;1;15;A01
200900057680;0;7;0;0;2;8;1;B01
200900057681;0;2;0;0;0;4;2;B01
200900057681;0;7;0;0;2;1;2;A01
200900057682;0;10;0;0;2;1;1;B01
200900057682;0;7;0;0;2;3;0;A01
200900057683;0;33;0;0;0;1;0;A01
200900057684;0;7;0;0;2;1;15;A01
200900057684;0;33;0;0;2;8;15;B01
200900057685;0;33;0;0;0;0;1;A01
200900057686;0;7;0;0;1;3;1;A01
200900057686;0;7;0;0;1;3;23;B01
200900057687;0;7;0;0;0;4;23;B01
200900057687;0;7;0;0;2;3;2;A01
200900057688;0;31;0;0;2;8;21;B01
200900057688;0;7;0;0;2;1;15;A01
200900057689;0;7;0;0;2;1;2;A01
200900057689;0;10;0;0;2;4;2;B01
200900057689;0;7;0;0;2;4;2;C01
200900057689;0;10;0;0;2;4;2;D01
200900057690;0;7;0;0;2;5;10;B01
200900057690;0;7;0;8;2;1;1;A01
200900057691;0;7;0;0;2;2;1;B01
200900057691;0;7;0;0;2;3;9;A01
200900057692;0;7;0;0;2;3;1;B01
200900057692;0;7;0;0;2;3;15;A01
200900057693;0;30;0;15;0;0;1;A01
200900057694;0;7;0;0;2;5;23;C01
200900057694;0;7;0;0;2;2;2;A01
200900057694;0;7;0;0;2;6;2;B01
200900057695;0;33;0;0;0;0;1;A01
200900057696;0;10;0;0;2;1;2;A01
200900057696;0;7;0;0;2;9;2;C01
200900057696;0;7;0;0;2;4;15;D01
200900057696;0;7;0;0;2;9;2;B01
200900057697;0;31;0;0;2;8;1;B01
200900057697;0;7;0;0;2;3;15;A01
200900057698;0;7;0;0;1;3;20;A01
200900057699;0;7;0;0;2;3;2;A01
200900057699;0;7;0;0;2;5;13;B01
200900057700;0;7;0;0;2;4;2;A01
200900057700;0;7;0;0;2;4;2;B01
200900057701;0;7;0;0;0;4;2;A01
200900057701;0;7;0;0;2;1;2;B01
200900057702;0;7;0;6;0;2;0;A01
200900057703;0;33;0;0;2;2;2;A01
200900057703;1;7;0;0;2;3;11;B01
200900057704;0;7;0;3;0;1;2;A01
200900057705;0;7;0;0;2;1;2;C01
200900057705;0;7;0;0;0;4;2;A01
200900057705;0;7;0;0;2;4;0;B01
200900057706;0;7;0;0;0;9;21;A01
200900057706;0;7;0;0;0;0;1;B01
200900057707;0;7;0;0;2;2;2;A01
200900057707;0;7;0;0;2;8;2;B01
200900057708;0;32;0;0;2;3;2;B01
200900057708;0;7;0;0;2;2;12;A01
200900057709;0;7;0;0;1;1;1;A01
200900057709;0;7;0;0;1;3;1;B01
200900057710;0;7;0;10;0;6;21;A01
200900057711;0;10;0;0;0;4;2;A01
200900057711;0;10;0;0;2;2;2;B01
200900057711;0;10;0;0;2;1;2;C01
200900057712;0;7;0;0;0;4;2;A01
200900057712;0;7;0;0;2;1;2;B01
200900057713;0;7;0;4;0;1;1;A01
200900057713;1;34;0;0;0;0;2;B01
200900057714;0;7;0;0;0;9;12;A01
200900057715;0;7;0;4;0;1;0;A01
200900057716;0;34;0;4;0;7;0;A01
200900057717;0;7;0;0;2;1;0;C01
200900057717;0;7;0;0;0;4;0;A01
200900057717;0;7;0;0;2;4;0;B01
200900057718;0;7;0;0;2;6;1;A01
200900057718;0;7;0;0;2;2;12;B01
200900057719;0;7;0;13;0;1;0;A01
200900057720;0;7;0;0;0;1;1;A01
200900057721;0;7;0;0;2;1;2;C01
200900057721;0;7;0;0;2;4;2;B01
200900057721;0;10;0;0;0;4;2;A01
200900057722;0;7;0;3;0;3;2;A01
200900057723;0;2;0;0;2;1;13;A01
200900057723;0;7;0;0;2;1;1;B01
200900057724;0;30;0;0;0;0;3;A01
200900057724;0;7;0;0;0;0;0;B01
200900057725;0;7;0;1;0;2;1;A01
200900057726;0;7;0;0;2;7;15;B01
200900057726;0;7;0;0;2;1;0;A01
200900057727;0;7;0;1;2;1;1;B01
200900057727;0;14;0;0;2;3;11;A01
200900057728;0;7;0;0;2;4;1;B01
200900057728;0;14;0;0;2;1;1;A01
200900057729;1;32;0;0;1;0;0;A01
200900057730;0;7;0;0;2;2;15;A01
200900057730;0;2;0;0;2;1;1;B01
200900057731;0;7;0;0;2;2;1;A01
200900057731;0;30;0;0;2;1;15;B01
200900057732;0;13;0;0;2;3;9;A01
200900057732;0;7;0;0;2;7;1;B01
200900057733;0;7;0;0;2;3;9;A01
200900057733;0;7;0;0;2;1;1;B01
200900057734;0;7;0;0;2;5;10;B01
200900057734;0;31;0;1;2;1;21;A01
200900057735;0;7;0;0;1;1;15;A01
200900057736;0;7;0;0;2;6;2;B01
200900057736;0;32;0;0;2;1;2;A01
200900057737;0;31;0;0;2;4;4;A01
200900057737;0;7;0;0;2;1;1;B01
200900057738;0;7;0;0;2;7;0;A01
200900057738;0;7;0;0;2;1;0;B01
200900057739;0;33;0;0;2;1;1;A01
200900057739;0;7;0;0;2;1;1;B01
200900057740;0;30;0;0;2;8;0;A01
200900057740;0;31;0;0;0;0;0;B01
200900057741;0;7;0;0;1;1;15;A01
200900057742;0;30;0;0;0;1;5;A01
200900057742;0;7;0;0;0;3;0;B01
200900057743;0;30;0;0;2;1;0;A01
200900057743;0;7;0;0;2;8;0;B01
200900057744;1;7;0;0;1;1;1;A01
200900057745;0;7;0;0;0;3;19;A01
200900057745;0;7;0;0;0;1;1;B01
200900057746;0;7;0;0;2;3;15;A01
200900057746;0;30;0;0;2;1;2;B01
200900057747;0;32;0;0;2;1;17;B01
200900057747;0;7;0;0;2;3;15;A01
200900057748;0;30;0;0;2;1;1;B01
200900057748;0;33;0;0;2;3;11;A01
200900057749;0;30;0;8;0;9;5;A01
200900057750;0;7;0;0;2;1;15;A01
200900057750;0;7;0;0;2;3;15;B01
200900057751;0;7;0;0;2;2;15;A01
200900057751;0;1;0;0;2;1;1;B01
200900057752;0;2;0;0;2;1;15;A01
200900057752;0;7;0;0;2;2;1;B01
200900057753;0;7;0;0;1;2;1;A01
200900057754;0;13;0;0;1;4;4;A01
200900057755;0;7;0;7;0;2;14;A01
200900057756;0;7;0;0;2;4;23;C01
200900057756;0;7;0;0;2;1;1;A01
200900057756;0;7;0;0;2;4;23;B01
200900057757;0;7;0;0;2;1;15;B01
200900057757;0;34;0;0;2;0;1;A01
200900057758;0;10;0;0;1;1;1;A01
200900057759;0;7;0;0;2;3;0;B01
200900057759;0;7;0;0;2;3;0;A01
200900057760;0;7;0;0;2;8;1;A01
200900057760;0;33;0;0;2;1;16;B01
200900057761;0;7;0;0;2;4;0;B01
200900057761;0;7;0;0;2;1;0;A01
200900057762;0;30;0;0;0;0;0;A01
200900057763;0;7;0;0;2;8;0;A01
200900057763;0;33;0;0;2;1;0;B01
200900057764;0;7;0;0;2;3;1;A01
200900057764;0;7;0;0;2;6;1;B01
200900057765;0;7;0;0;2;4;16;B01
200900057765;0;7;0;0;2;2;1;A01
200900057766;0;7;0;0;1;2;9;A01
200900057767;0;30;0;0;2;1;1;A01
200900057767;0;7;0;0;2;2;23;B01
200900057768;0;7;0;0;1;1;15;A01
200900057769;0;7;0;0;2;1;15;A01
200900057769;0;33;0;0;2;3;1;B01
200900057770;0;31;0;0;2;1;1;B01
200900057770;0;7;0;0;2;2;15;A01
200900057771;0;7;0;0;0;0;1;A01
200900057772;0;37;2;0;2;3;19;A01
200900057772;0;7;0;0;2;1;1;B01
200900057773;0;32;0;0;2;1;1;B01
200900057773;0;7;0;0;2;1;1;A01
200900057774;0;32;0;0;2;1;1;A01
200900057774;0;7;0;0;2;3;1;B01
200900057775;0;34;0;14;2;3;21;A01