num_acc;senc;catv;occutc;obs;obsm;choc;manv;num_veh
200900058129;0;7;0;0;1;1;0;A01
200900058130;0;7;0;0;2;1;13;A01
200900058130;0;37;7;0;2;3;1;B01
200900058131;0;34;0;0;1;1;1;A01
200900058132;0;2;0;0;2;1;2;B01
200900058132;0;7;0;0;2;6;11;A01
200900058133;0;7;0;9;0;1;1;A01
200900058134;0;7;0;0;2;1;0;A01
200900058134;0;30;0;0;2;1;0;B01
200900058135;0;32;0;0;2;1;5;B01
200900058135;0;33;0;0;0;1;5;A01
200900058136;0;30;0;0;2;1;1;A01
200900058136;0;7;0;0;2;5;1;B01
200900058137;0;32;0;0;0;7;1;A01
200900058138;0;32;0;0;0;1;1;B01
200900058138;0;7;0;0;0;5;23;A01
200900058139;0;31;0;0;1;1;2;A01
200900058140;0;7;0;0;0;4;1;C01
200900058140;0;7;0;0;2;1;2;A01
200900058140;0;7;0;0;2;9;2;B01
200900058141;0;34;0;14;0;1;0;A01
200900058142;0;7;0;0;0;9;4;A01
200900058143;0;7;0;0;2;4;2;B01
200900058143;0;7;0;0;2;1;2;C01
200900058143;0;7;0;14;0;1;2;A01
200900058144;0;7;0;0;1;2;1;A01
200900058145;0;30;0;0;2;8;1;B01
200900058145;0;7;0;0;2;7;14;A01
200900058146;0;7;0;0;2;3;0;B01
200900058146;0;7;0;0;2;5;0;C01
200900058146;0;7;0;1;0;2;1;A01
200900058147;0;30;0;0;2;1;17;B01
200900058147;0;7;0;0;2;3;9;A01
200900058148;0;7;0;0;2;3;21;A01
200900058148;0;7;0;1;2;4;16;B01
200900058149;0;7;0;0;2;1;0;A01
200900058149;0;7;0;0;2;4;0;B01
200900058150;0;2;0;0;2;3;0;B01
200900058150;0;2;0;0;2;1;0;A01
200900058151;0;7;0;0;2;4;2;B01
200900058151;0;7;0;0;2;1;2;A01
200900058152;0;1;0;0;2;1;1;A01
200900058152;0;7;0;0;9;3;1;B01
200900058153;0;7;0;0;2;5;20;A01
200900058153;0;32;0;1;2;7;1;B01
200900058154;0;34;0;0;2;2;0;A01
200900058154;0;7;0;0;2;0;0;B01
200900058155;0;30;0;0;2;8;15;A01
200900058155;0;31;0;0;2;1;1;B01
200900058156;0;7;0;0;2;2;1;A01
200900058156;0;34;0;0;2;0;1;B01
200900058157;0;7;0;6;0;2;2;A01
200900058158;0;7;0;0;2;2;19;A01
200900058158;0;33;0;0;2;1;1;B01
200900058159;1;7;0;0;2;3;1;A01
200900058159;0;7;0;0;2;2;15;B01
200900058160;0;7;0;0;1;1;9;A01
200900058161;0;7;0;0;2;1;2;A01
200900058161;0;7;0;0;0;4;1;B01
200900058162;0;34;0;0;2;2;2;B01
200900058162;0;7;0;0;2;3;15;A01
200900058163;0;32;0;0;0;1;0;B01
200900058163;0;7;0;0;2;7;0;A01
200900058164;0;7;0;8;0;1;1;A01
200900058165;0;32;0;0;2;1;17;A01
200900058165;0;7;0;0;2;3;15;B01
200900058166;0;7;0;0;0;4;1;A01
200900058166;1;7;0;0;2;1;1;B01
200900058167;0;20;0;0;2;3;10;B01
200900058167;0;32;0;1;2;9;17;A01
200900058168;1;7;0;0;1;0;1;A01
200900058169;0;30;0;0;1;1;17;A01
200900058170;0;10;0;0;2;2;15;A01
200900058170;0;32;0;0;2;9;2;B01
200900058171;0;7;0;0;1;2;1;A01
200900058172;0;7;0;0;2;8;2;A01
200900058172;0;1;0;0;0;0;2;B01
200900058173;0;30;0;0;2;1;1;A01
200900058173;0;7;0;0;2;3;15;B01
200900058174;0;7;0;0;2;2;11;A01
200900058174;0;30;0;0;2;1;1;B01
200900058175;0;7;0;0;2;4;4;B01
200900058175;0;7;0;0;2;1;2;A01
200900058176;0;31;0;0;2;1;17;A01
200900058176;0;7;0;0;2;3;1;B01
200900058176;0;7;0;0;2;3;2;C01
200900058177;0;7;0;0;0;2;15;A01
200900058177;0;30;0;0;0;1;1;B01
200900058178;0;13;0;0;0;8;0;B01
200900058178;0;2;0;0;0;1;2;A01
200900058179;0;7;0;0;2;8;16;A01
200900058179;0;34;0;0;2;2;1;B01
200900058180;0;7;0;0;2;7;1;A01
200900058180;1;7;0;0;2;3;16;B01
200900058181;0;7;0;0;1;3;1;A01
200900058182;1;30;0;0;0;0;0;A01
200900058182;0;34;0;0;2;7;2;B01
200900058183;0;7;0;0;1;1;0;A01
200900058184;0;34;0;0;1;7;1;A01
200900058185;1;7;0;0;1;0;2;A01
200900058186;0;2;0;0;2;1;1;A01
200900058186;1;7;0;0;2;3;9;B01
200900058187;0;7;0;0;1;6;4;A01
200900058188;1;7;0;0;1;1;1;A01
200900058189;0;7;0;0;0;1;1;A01
200900058190;0;7;0;0;2;2;0;A01
200900058190;0;7;0;0;2;3;0;B01
200900058191;0;7;0;0;2;2;1;A01
200900058191;0;7;0;0;2;3;1;B01
200900058192;0;7;0;0;2;3;9;A01
200900058192;0;15;0;0;2;2;1;B01
200900058193;0;14;0;0;1;5;1;A01
200900058194;0;7;0;0;1;1;1;A01
200900058195;0;32;0;0;2;7;21;B01
200900058195;0;7;0;0;2;3;20;A01
200900058196;0;7;0;0;2;8;15;B01
200900058196;0;2;0;0;2;1;1;A01
200900058197;0;7;0;0;2;4;0;C01
200900058197;0;30;0;14;2;2;9;A01
200900058197;0;7;0;0;2;1;9;B01
200900058198;0;7;0;0;2;1;2;A01
200900058198;0;7;0;0;2;1;0;C01
200900058198;0;7;0;0;2;6;0;B01
200900058199;1;32;0;0;1;7;1;A01
200900058200;0;7;0;0;2;3;1;B01
200900058200;0;30;0;0;2;1;1;A01
200900058201;0;7;0;0;2;4;23;B01
200900058201;0;7;0;0;2;1;2;A01
200900058202;0;7;0;0;2;6;2;C01
200900058202;0;7;0;0;2;1;2;A01
200900058202;0;7;0;0;2;9;1;B01
200900058203;0;7;0;0;2;1;2;A01
200900058203;0;7;0;0;2;0;2;B01
200900058204;0;7;0;0;2;1;1;A01
200900058204;0;32;0;0;2;1;1;B01
200900058205;0;7;0;0;2;8;15;B01
200900058205;0;32;0;0;2;7;17;A01
200900058206;0;7;0;0;2;3;15;A01
200900058206;0;32;0;1;0;4;2;B01
200900058207;0;7;0;3;0;2;1;A01
200900058208;0;30;0;0;2;1;2;A01
200900058208;0;7;0;0;2;4;23;B01
200900058209;1;7;0;0;0;0;15;A01
200900058210;0;7;0;0;2;2;9;A01
200900058210;0;33;0;0;2;1;1;B01
200900058211;1;7;0;0;2;6;20;B01
200900058211;0;33;0;0;2;2;1;A01
200900058212;0;7;0;1;0;1;1;A01
200900058213;0;33;0;0;2;2;2;B01
200900058213;0;7;0;0;2;7;12;A01
200900058214;0;7;0;0;1;1;1;A01
200900058215;0;32;0;0;2;2;0;A01
200900058215;1;7;0;0;0;0;0;B01
200900058216;0;34;0;0;0;0;13;A01
200900058217;0;7;0;8;0;2;1;A01
200900058218;0;30;0;0;2;1;0;A01
200900058218;0;7;0;0;2;4;23;B01
200900058218;0;7;0;0;0;0;20;C01
200900058219;0;7;0;0;1;1;15;A01
200900058220;0;7;0;0;1;1;9;A01
200900058221;0;7;0;0;2;1;1;A01
200900058221;0;7;0;0;2;4;1;B01
200900058222;0;30;0;0;1;1;1;A01
200900058223;0;7;0;0;2;3;0;B01
200900058223;0;7;0;2;2;6;0;A01
200900058224;0;7;0;0;2;3;1;A01
200900058224;0;31;0;0;2;1;1;B01
200900058225;0;7;0;0;2;1;2;B01
200900058225;0;7;0;0;2;1;2;C01
200900058225;0;10;0;0;2;1;2;A01
200900058225;0;7;0;0;0;4;2;D01
200900058226;0;31;0;0;0;0;0;B01
200900058226;1;7;0;0;2;0;0;A01
200900058227;0;7;0;0;2;1;0;B01
200900058227;0;33;0;0;2;1;0;A01
200900058228;0;34;0;0;2;1;5;A01
200900058228;0;7;0;0;2;3;1;B01
200900058229;0;7;0;0;9;3;1;B01
200900058229;0;1;0;0;2;1;0;A01
200900058230;0;7;0;0;0;7;10;A01
200900058230;0;7;0;0;2;1;1;B01
200900058231;0;7;0;0;2;2;9;A01
200900058231;0;30;0;0;2;1;1;B01
200900058232;0;7;0;0;2;1;2;A01
200900058232;0;7;0;0;0;4;2;B01
200900058233;1;7;0;0;2;1;2;A01
200900058233;0;32;0;0;2;4;1;B01
200900058234;1;7;0;0;2;0;2;A01
200900058234;0;30;0;0;2;0;1;B01
200900058235;0;7;0;2;0;1;1;A01
200900058236;1;7;0;0;2;0;0;A01
200900058236;0;2;0;0;2;4;1;B01
200900058237;0;7;0;8;0;1;1;A01
200900058237;0;7;0;0;2;3;1;B01
200900058238;0;7;0;0;2;1;2;B01
200900058238;0;7;0;0;2;4;23;A01
200900058239;1;7;0;0;2;1;0;A01
200900058239;0;7;0;0;0;4;1;B01
200900058240;0;7;0;0;1;2;1;A01
200900058240;0;15;0;0;0;8;23;B01
200900058241;0;7;0;0;2;1;5;A01
200900058241;0;7;0;0;2;1;1;B01
200900058242;0;7;0;0;2;1;1;A01
200900058242;0;1;0;0;2;7;1;B01
200900058243;1;7;0;0;0;0;1;B01
200900058243;0;33;0;0;2;4;1;A01
200900058244;1;7;0;0;1;2;2;A01
200900058245;0;30;0;0;2;1;2;B01
200900058245;0;7;0;0;0;6;15;A01
200900058246;0;7;0;0;0;6;1;B01
200900058246;0;7;0;0;0;1;1;A01
200900058247;1;7;0;0;0;1;0;B01
200900058247;0;7;0;0;2;4;0;A01
200900058248;0;1;0;0;2;0;19;B01
200900058248;0;7;0;0;9;2;1;A01
200900058249;0;7;0;0;1;2;15;A01
200900058250;0;7;0;0;1;1;1;A01
200900058251;1;7;0;0;2;0;0;A01
200900058251;0;7;0;0;0;4;1;B01
200900058252;0;7;0;0;2;3;13;A01
200900058252;0;7;0;0;2;2;1;B01
200900058253;0;7;0;0;2;1;15;A01
200900058253;0;7;0;0;2;3;1;B01
200900058254;0;7;0;2;0;1;1;A01
200900058255;0;7;0;0;1;1;1;A01
200900058256;0;31;0;0;2;1;17;A01
200900058256;0;10;0;0;2;3;15;B01
200900058257;0;7;0;0;1;3;0;A01
200900058258;0;17;0;0;2;1;2;A01
200900058258;0;17;0;0;0;4;2;B01
200900058259;0;7;0;0;2;1;1;B01
200900058259;0;7;0;0;2;8;9;A01
200900058260;0;33;0;0;0;7;0;A01
200900058260;0;7;0;0;0;3;0;B01
200900058261;0;7;0;0;1;1;1;A01
200900058262;0;7;0;0;9;0;1;A01
200900058262;0;7;0;0;1;1;23;B01
200900058263;0;31;0;0;1;2;1;A01
200900058264;0;30;0;0;0;1;1;A01
200900058265;0;15;0;0;2;1;12;A01
200900058265;0;7;0;0;2;9;11;B01
200900058266;0;10;0;0;2;3;15;A01
200900058266;0;14;0;0;2;2;1;B01
200900058267;0;7;0;0;1;3;1;A01
200900058268;0;34;0;0;2;1;1;B01
200900058268;0;7;0;0;2;7;15;A01
200900058269;0;7;0;11;2;1;1;B01
200900058269;0;7;0;0;2;6;15;A01
200900058270;0;7;0;5;0;1;2;A01
200900058271;0;7;0;0;2;4;2;A01
200900058271;0;7;0;0;2;1;2;B01
200900058272;0;7;0;0;2;1;2;C01
200900058272;0;7;0;0;0;4;2;A01
200900058272;0;7;0;0;2;4;2;B01
200900058273;0;7;0;0;2;4;1;C01
200900058273;0;7;0;0;2;1;1;A01
200900058273;0;7;0;0;2;4;1;B01
200900058274;0;7;0;16;0;1;0;A01
200900058274;0;7;0;1;0;2;0;B01
200900058275;0;7;0;6;0;8;1;A01
200900058276;0;7;0;0;2;4;1;A01
200900058276;0;7;0;0;2;8;9;B01
200900058277;0;33;0;0;0;0;1;A01
200900058278;0;7;0;2;0;2;0;A01
200900058279;0;7;0;4;0;9;1;A01
200900058280;0;7;0;13;0;1;16;A01
200900058281;0;31;0;0;0;0;1;A01
200900058282;0;7;0;0;0;4;2;A01
200900058282;0;7;0;0;0;1;2;B01
200900058283;0;7;0;0;2;4;2;A01
200900058283;0;7;0;0;2;1;2;B01
200900058284;1;99;0;0;2;1;2;B01
200900058284;0;7;0;4;0;4;1;A01
200900058285;0;33;0;0;0;7;1;A01
200900058286;0;34;0;0;2;1;2;B01
200900058286;0;7;0;0;0;4;2;A01
200900058287;0;7;0;0;2;1;2;B01
200900058287;0;7;0;3;0;4;2;A01
200900058288;0;7;0;0;2;1;2;C01
200900058288;0;7;0;0;2;4;2;A01
200900058288;0;7;0;0;2;4;2;B01
200900058289;0;7;0;3;0;6;11;A01
200900058290;0;7;0;0;0;4;2;A01
200900058290;0;7;0;0;2;1;2;B01
200900058291;0;7;0;0;2;8;2;A01
200900058291;0;7;0;0;2;1;2;B01
200900058292;0;7;0;0;2;9;21;B01
200900058292;0;7;0;0;0;7;1;A01
200900058293;0;17;0;0;2;7;12;A01
200900058293;0;7;0;0;2;8;2;B01
200900058294;0;7;0;0;2;4;2;B01
200900058294;0;7;0;0;2;1;2;C01
200900058294;0;7;0;0;0;4;2;A01
200900058295;0;7;0;0;2;4;2;A01
200900058295;0;7;0;0;2;1;2;B01
200900058296;0;7;0;0;9;8;1;A01
200900058296;0;17;0;0;0;0;0;B01
200900058297;0;7;0;0;2;6;3;A01
200900058297;0;7;0;0;2;5;3;B01
200900058298;0;7;0;4;0;1;13;A01
200900058299;0;10;0;3;0;1;1;A01
200900058300;0;7;0;3;9;8;11;A01
200900058300;0;33;0;0;9;3;21;C01
200900058300;0;7;0;3;2;3;17;B01
200900058301;0;7;0;4;0;1;2;A01
200900058302;0;7;0;3;0;1;14;A01
200900058303;0;7;0;0;2;4;2;B01
200900058303;0;7;0;0;2;4;2;A01
200900058303;0;10;0;0;2;1;2;D01
200900058303;0;10;0;0;2;1;2;C01
200900058304;0;7;0;4;0;3;21;A01
200900058305;0;34;0;12;0;8;0;A01
200900058306;0;10;0;0;2;1;2;B01
200900058306;0;7;0;0;2;4;2;A01
200900058307;0;7;0;4;0;2;1;A01
200900058308;0;7;0;0;0;4;2;B01
200900058308;0;7;0;0;2;1;2;C01
200900058308;0;7;0;0;0;0;4;A01
200900058309;0;7;0;0;2;4;2;A01
200900058309;0;7;0;0;2;1;2;B01
200900058310;0;31;0;0;0;7;1;A01
200900058311;0;7;0;0;2;8;17;A01
200900058311;0;10;0;0;2;5;1;B02
200900058312;0;7;0;0;2;8;1;A01
200900058312;0;7;0;0;2;2;19;B02
200900058313;0;14;0;0;2;2;1;A01
200900058313;0;7;0;0;2;3;15;B02
200900058314;0;7;0;15;0;2;1;A01
200900058315;0;7;0;0;2;5;17;B02
200900058315;0;7;0;0;2;6;1;D04
200900058315;0;7;0;0;2;8;13;A01
200900058315;0;15;0;0;2;1;1;C03
200900058315;0;20;0;0;2;8;1;E05
200900058316;0;17;0;6;0;2;1;A01
200900058317;0;7;0;0;1;2;0;A01
200900058318;0;7;0;0;2;1;2;A01
200900058318;0;37;0;0;2;4;20;B02
200900058319;0;33;0;16;0;8;1;A01
200900058320;0;33;0;0;0;1;1;A01
200900058321;0;7;0;2;2;4;0;B02
200900058321;0;7;0;0;2;8;17;A01
200900058322;0;7;0;3;0;2;1;A01
200900058323;2;7;0;0;2;8;15;B02
200900058323;0;33;0;0;2;7;17;A01
200900058324;0;10;0;6;0;1;14;A01
200900058325;0;7;0;0;2;5;19;A01
200900058325;0;33;0;0;2;1;1;B02
200900058326;0;7;0;0;2;3;1;B02
200900058326;0;7;0;0;2;3;21;A01
200900058327;0;7;0;0;2;3;13;A01
200900058327;0;7;0;0;2;3;1;B02
200900058328;0;10;0;0;2;2;15;A01
200900058328;0;33;0;0;2;1;1;B02
200900058329;0;10;0;0;2;1;1;B02
200900058329;0;7;0;15;2;1;13;A01
200900058330;0;2;0;0;2;1;5;A01
200900058330;0;7;0;0;2;1;1;B02
200900058331;0;7;0;0;2;1;13;A01
200900058331;0;7;0;0;2;1;1;B02
200900058332;0;7;0;0;2;3;10;A01
200900058332;0;32;0;0;2;1;1;B02
200900058333;0;7;0;0;1;1;1;A01
200900058334;0;33;0;1;0;1;2;A01
200900058335;0;34;0;0;2;0;1;A01
200900058335;0;7;0;0;0;0;12;B01
200900058336;0;33;0;0;2;2;12;A01
200900058336;0;7;0;0;2;4;2;B01
200900058337;0;7;0;0;2;1;1;A01
200900058337;0;7;0;0;2;4;1;C01
200900058337;0;7;0;0;2;4;1;B01
200900058338;0;7;0;0;2;1;2;A01
200900058338;0;7;0;0;2;4;2;B01
200900058339;0;30;0;0;2;1;1;B01
200900058339;0;7;0;0;2;2;15;A01
200900058340;0;7;0;0;2;3;1;A01
200900058340;0;7;0;0;2;2;1;B01
200900058341;0;7;0;0;0;0;15;A01
200900058341;0;31;0;0;0;0;2;B01
200900058342;1;7;0;0;2;4;4;A01
200900058342;0;1;0;0;2;8;19;B01
200900058343;0;7;0;1;0;3;1;A01
200900058344;0;33;0;0;2;8;1;A01
200900058344;0;7;0;0;2;5;15;B01
200900058345;0;7;0;0;1;7;2;A01
200900058346;0;2;0;0;2;1;13;B01
200900058346;0;7;0;0;2;8;15;A01
200900058347;0;7;0;0;2;3;15;B01
200900058347;0;32;0;0;2;1;17;A01
200900058348;0;7;0;0;2;2;16;A01
200900058348;0;31;0;0;2;8;16;B01
200900058349;0;7;0;0;2;3;15;A01
200900058349;0;7;0;2;2;1;1;B01
200900058350;0;7;0;0;2;1;1;A01
200900058350;0;7;0;0;2;1;1;B01
200900058351;0;7;0;0;1;7;1;A01
200900058352;0;7;0;0;2;1;15;A01
200900058352;0;7;0;0;2;3;1;B01
200900058353;0;7;0;0;2;1;2;A01
200900058353;0;7;0;0;2;4;2;B01
200900058354;0;30;0;0;1;1;0;A01
200900058355;0;7;0;0;2;8;0;A01
200900058355;0;32;0;0;2;7;0;B01
200900058356;0;34;0;0;2;2;0;B01
200900058356;0;7;0;0;9;3;0;A01
200900058357;0;7;0;0;1;1;1;A01
200900058358;0;33;0;0;0;7;2;A01
200900058359;0;7;0;0;2;1;1;A01
200900058359;0;7;0;0;0;4;1;B01
200900058360;0;32;0;0;2;1;0;A01
200900058360;0;7;0;0;2;3;0;B01
200900058361;0;7;0;0;0;8;15;A01
200900058362;1;3;0;0;1;3;2;A01
200900058363;0;7;0;0;1;1;21;A01
200900058364;0;7;0;0;0;0;1;A01
200900058364;0;34;0;0;0;0;0;B01
200900058365;0;7;0;0;2;3;1;A01
200900058365;0;7;0;0;2;8;1;B01
200900058366;0;7;0;1;0;1;14;A01
200900058366;0;7;0;0;2;7;24;B01
200900058367;0;32;0;0;2;8;15;A01
200900058367;1;7;0;0;2;1;0;B01
200900058368;0;7;0;0;1;1;17;A01
200900058369;0;7;0;0;2;4;2;B01
200900058369;0;7;0;0;2;1;2;A01
200900058370;0;7;0;0;2;3;2;A01
200900058370;0;7;0;0;2;3;13;B01
200900058371;0;33;0;0;2;3;15;A01
200900058371;0;34;0;0;2;2;1;B01
200900058372;0;10;0;0;2;3;23;C01
200900058372;0;2;0;0;2;1;1;B01
200900058372;0;7;0;0;2;1;1;A01
200900058373;0;7;0;0;0;1;2;A01
200900058373;0;15;0;0;0;4;23;B01
200900058374;0;7;0;0;2;7;2;A01
200900058374;0;7;0;1;2;1;1;B01
200900058375;0;37;1;0;1;1;2;A01
200900058376;0;32;0;0;2;7;17;A01
200900058376;0;7;0;0;2;3;2;B01
200900058377;0;7;0;0;2;3;9;B01
200900058377;0;34;0;0;2;1;1;A01
200900058378;0;32;0;0;2;0;0;B01
200900058378;0;7;0;0;0;0;0;A01
200900058379;0;30;0;14;0;7;1;A01
200900058380;0;7;0;0;2;5;15;B01
200900058380;0;2;0;0;2;1;0;A01
200900058381;0;30;0;0;2;4;10;A01
200900058381;0;7;0;0;2;1;2;B01
200900058382;0;34;0;0;2;1;1;B01
200900058382;0;7;0;0;2;7;10;A01
200900058383;0;7;0;0;2;3;1;A01
200900058383;0;7;0;0;2;2;1;B01
200900058384;0;2;0;0;2;7;1;B01
200900058384;0;7;0;0;2;3;11;A01
200900058385;0;7;0;0;0;3;9;A01
200900058385;0;7;0;0;0;2;0;B01
200900058386;0;7;0;0;0;2;1;B01
200900058386;0;10;0;0;2;2;2;A01
200900058387;0;10;0;0;1;5;1;A01
200900058388;0;7;0;0;1;2;1;A01
200900058389;0;7;0;0;2;2;2;B01
200900058389;0;34;0;0;2;3;2;A01
200900058390;0;7;0;0;2;2;15;A01
200900058390;0;33;0;0;2;1;1;B01
200900058391;0;7;0;0;0;5;23;B01
200900058391;0;30;0;0;2;1;1;A01
200900058392;0;7;0;0;2;1;1;A01
200900058392;0;7;0;0;0;5;1;B01
200900058393;0;7;0;0;2;1;15;A01
200900058393;0;32;0;0;2;1;1;B01
200900058394;0;34;0;0;0;0;1;A01
200900058395;0;7;0;0;2;2;2;A01
200900058395;0;7;0;0;0;6;2;B01
200900058396;0;7;0;0;1;6;4;A01
200900058397;0;32;0;0;0;2;0;A01
200900058397;0;7;0;0;0;3;1;C01
200900058398;0;2;0;12;0;8;1;A01
200900058399;0;33;0;0;2;5;0;A01
200900058399;0;7;0;0;2;3;1;C01
200900058399;0;7;0;0;2;5;16;B01
200900058400;0;32;0;0;1;6;1;A01
200900058401;0;7;0;0;0;8;1;A01
200900058401;1;7;0;0;0;0;17;B01
200900058402;0;7;0;0;0;3;17;A01
200900058402;0;33;0;0;0;5;23;B01
200900058403;0;37;1;0;1;2;0;A01
200900058404;0;7;0;0;2;1;0;A01
200900058404;0;7;0;0;0;4;0;B01
200900058405;0;7;0;0;2;1;2;B01
200900058405;0;7;0;0;2;6;9;A01
200900058406;0;7;0;0;2;4;20;A01
200900058406;0;37;20;0;2;2;1;B01
200900058407;0;32;0;0;0;0;0;A01
200900058408;0;7;0;0;2;9;17;A01
200900058409;0;32;0;0;0;7;2;A01
200900058410;0;7;0;0;2;3;19;A01
200900058410;0;33;0;0;2;1;1;B01
200900058411;0;33;0;0;2;1;1;A01
200900058411;0;7;0;0;0;8;1;B01
200900058412;0;30;0;0;0;0;1;B01
200900058412;0;7;0;0;2;8;23;A01
200900058413;0;7;0;0;1;1;1;A01
200900058414;0;7;0;0;1;1;1;A01
200900058415;1;32;0;0;1;0;0;A01
200900058416;0;7;0;0;2;2;16;B01
200900058416;0;30;0;0;2;3;7;A01
200900058417;0;10;0;0;1;1;2;A01
200900058418;0;7;0;0;0;4;2;B01
200900058418;0;33;0;0;2;1;2;A01
200900058419;0;40;0;0;1;1;1;A01
200900058420;0;7;0;0;2;2;0;A01
200900058420;0;30;0;0;2;3;0;B01
200900058421;1;7;0;0;2;0;0;A01
200900058421;0;30;0;12;0;1;1;B01
200900058422;0;10;0;0;2;3;7;A01
200900058422;0;7;0;0;2;7;16;B01
200900058423;0;31;0;0;2;7;17;B01
200900058424;1;7;0;0;2;0;5;A01
200900058424;0;33;0;0;2;0;1;B01
200900058425;0;34;0;0;2;1;1;B01
200900058425;0;7;0;0;2;8;13;A01
200900058426;0;30;0;0;0;0;0;A01
200900058427;0;7;0;0;2;1;1;A01
200900058427;0;1;0;0;2;4;1;B01
200900058428;0;7;0;8;0;3;2;A01
200900058429;0;7;0;0;1;1;15;A01
200900058430;0;7;0;0;0;3;13;B01
200900058430;0;33;0;0;2;1;17;A01
200900058431;1;7;0;0;2;1;15;B01
200900058431;0;7;0;0;2;7;1;A01
200900058432;0;31;0;0;2;7;1;B01
200900058432;0;7;0;0;2;1;1;A01
200900058433;0;7;0;0;2;2;1;A01
200900058433;0;7;0;1;2;1;1;B01
200900058434;0;7;0;0;1;1;1;A01
200900058435;0;7;0;0;1;2;1;A01
200900058436;0;7;0;0;2;0;16;A01
200900058436;0;37;1;0;2;2;1;B01
200900058437;0;7;0;0;2;1;0;A01
200900058437;0;7;0;0;2;2;1;B01
200900058438;0;7;0;0;2;1;5;A01
200900058438;0;7;0;0;2;1;1;B01
200900058439;0;31;0;0;0;4;23;B01
200900058439;0;7;0;0;0;2;2;A01
200900058440;0;7;0;8;0;1;1;A01
200900058441;0;7;0;0;0;1;15;A01
200900058441;0;33;0;0;2;4;2;B01
200900058442;0;7;0;0;2;1;1;B01
200900058442;0;7;0;0;2;1;13;A01
200900058443;0;7;0;0;2;3;1;B01
200900058443;0;7;0;0;2;3;13;A01
200900058444;0;7;0;0;1;2;15;A01
200900058445;0;7;0;0;0;6;2;C01
200900058445;0;33;0;0;2;8;2;B01
200900058445;0;33;0;0;2;1;2;A01
200900058446;0;7;0;0;2;3;6;A01
200900058446;0;33;0;0;2;1;1;B01
200900058447;2;7;0;0;1;0;2;A01
200900058448;0;7;0;0;0;3;20;A01
200900058448;0;32;0;0;0;1;17;B01
200900058449;0;7;0;0;1;1;17;A01
200900058450;0;7;0;1;0;3;13;A01
200900058451;0;34;0;0;2;1;1;B01
200900058451;0;7;0;0;2;3;15;A01
200900058452;0;7;0;0;1;1;1;A01
200900058453;0;7;0;13;0;1;1;A01
200900058454;0;7;0;0;0;0;12;A01
200900058454;0;33;0;0;0;8;1;B01
200900058455;0;7;0;8;2;1;9;A01
200900058455;0;7;0;0;2;2;1;B01
200900058456;0;7;0;0;2;3;10;A01
200900058456;0;2;0;0;2;1;1;B01
200900058457;0;30;0;0;2;1;1;A01
200900058457;1;7;0;0;0;0;2;B01
200900058458;1;7;0;0;0;1;0;A01
200900058458;0;7;0;0;0;4;0;B01
200900058459;0;30;0;0;0;7;16;A01
200900058460;0;7;0;0;1;3;1;A01
200900058461;1;30;0;0;1;0;0;A01
200900058462;0;7;0;0;2;2;15;B01
200900058462;0;34;0;0;2;1;18;A01
200900058463;0;7;0;0;2;7;19;A01
200900058463;0;10;0;0;2;1;17;B01
200900058464;0;7;0;0;2;2;1;A01
200900058464;0;7;0;0;2;1;1;B01
200900058465;0;2;0;14;0;8;21;A01
200900058465;0;7;0;0;0;6;23;B01
200900058466;0;33;0;0;2;1;1;A01
200900058466;1;7;0;0;9;6;13;B01
200900058467;0;32;0;0;2;1;1;B01
200900058467;0;7;0;0;2;3;20;A01
200900058468;0;7;0;0;2;0;1;A01
200900058469;2;7;0;6;0;3;0;A01
200900058470;0;7;0;0;0;0;0;A01
200900058471;0;7;0;0;9;3;15;A01
200900058471;0;1;0;0;2;3;1;B01
200900058472;1;7;0;0;1;0;2;A01
200900058473;0;30;0;14;0;1;21;A01
200900058473;0;7;0;0;0;0;15;C01
200900058473;0;10;0;0;2;6;23;B01
200900058474;0;7;0;0;2;1;2;A01
200900058474;0;33;0;0;2;4;23;B01
200900058475;0;7;0;0;1;2;1;A01
200900058476;0;7;0;0;0;2;1;A01
200900058476;0;31;0;0;0;0;0;B01
200900058477;0;7;0;0;2;3;0;A01
200900058477;0;7;0;0;2;8;1;B01
200900058478;0;7;0;0;9;5;16;A01
200900058478;0;33;0;0;2;7;7;B01
200900058479;1;7;0;0;2;1;5;A01
200900058479;0;32;0;0;2;1;23;B01
200900058480;0;7;0;0;2;3;1;B01
200900058480;0;7;0;0;2;3;13;A01
200900058481;0;7;0;0;2;1;0;A01
200900058481;0;7;0;1;2;2;1;B01
200900058481;0;7;0;0;2;2;0;D01
200900058481;0;7;0;0;2;5;0;C01
200900058482;1;7;0;0;1;0;1;A01
200900058483;1;7;0;0;1;4;4;A01
200900058484;0;2;0;0;2;1;17;B01
200900058484;0;7;0;0;2;3;15;A01
200900058485;0;7;0;0;2;3;15;A01
200900058485;0;32;0;0;2;1;13;B01
200900058486;0;7;0;0;0;0;15;A01
200900058486;0;32;0;0;0;0;1;B01
200900058487;0;33;0;0;2;3;1;B01
200900058487;0;7;0;0;2;5;16;A01
200900058488;0;7;0;0;0;6;1;A01
200900058488;0;7;0;0;0;1;1;B01
200900058489;0;7;0;0;2;1;1;B01
200900058489;0;7;0;0;2;3;19;A01
200900058490;0;7;0;0;0;4;2;B01
200900058490;1;7;0;0;2;0;2;A01
200900058491;0;7;0;0;2;4;2;C01