num_acc;senc;catv;occutc;obs;obsm;choc;manv;num_veh
200900058491;0;10;0;0;2;1;2;A01
200900058491;0;7;0;0;2;4;2;B01
200900058492;0;7;0;0;2;3;15;A01
200900058492;0;30;0;0;2;1;3;B01
200900058493;0;99;0;0;2;7;1;A01
200900058493;0;7;0;0;2;1;15;B01
200900058494;0;7;0;0;0;8;13;A01
200900058494;0;32;0;0;2;7;17;B01
200900058495;0;34;0;0;2;4;1;B01
200900058495;0;37;8;0;0;0;1;A01
200900058496;0;7;0;0;2;3;24;C01
200900058496;0;37;15;0;2;3;1;B01
200900058496;0;7;0;0;2;6;10;A01
200900058497;0;7;0;0;2;1;0;A01
200900058497;0;7;0;0;2;1;0;B01
200900058498;0;32;0;0;2;0;1;B01
200900058498;0;7;0;0;2;0;0;A01
200900058499;0;7;0;0;2;1;1;B01
200900058499;0;7;0;0;2;1;15;A01
200900058500;0;31;0;0;2;3;2;A01
200900058500;0;7;0;0;0;2;3;B01
200900058501;1;99;0;0;2;0;15;A01
200900058501;0;33;0;1;2;0;5;B01
200900058502;0;7;0;13;0;1;6;A01
200900058503;0;32;0;0;2;8;1;A01
200900058503;1;7;0;0;2;8;10;B01
200900058504;0;7;0;0;2;1;13;A01
200900058504;0;7;0;0;2;1;1;B01
200900058505;0;7;0;0;2;1;1;B01
200900058505;0;7;0;0;2;7;1;A01
200900058506;0;7;0;0;2;3;16;B01
200900058506;0;7;0;0;2;2;9;A01
200900058507;0;7;0;0;2;2;0;B01
200900058507;0;30;0;0;2;1;5;A01
200900058508;0;32;0;0;2;1;21;A01
200900058508;0;7;0;0;2;3;20;B01
200900058509;0;7;0;0;0;8;0;A01
200900058509;0;7;0;0;0;7;0;B01
200900058510;0;7;0;0;2;2;15;A01
200900058510;0;33;0;0;2;1;1;B01
200900058511;0;7;0;0;2;1;2;E01
200900058511;0;7;0;0;0;4;2;A01
200900058511;0;7;0;0;2;4;2;D01
200900058511;0;7;0;0;2;4;2;B01
200900058511;0;7;0;0;2;4;2;C01
200900058512;0;7;0;0;1;2;1;A01
200900058513;0;30;0;0;2;1;2;A01
200900058513;0;7;0;0;2;3;9;B01
200900058514;0;7;0;0;0;2;24;B01
200900058514;0;7;0;1;0;1;13;A01
200900058515;0;33;0;0;2;1;1;B01
200900058515;0;7;0;0;2;6;6;A01
200900058516;0;7;0;1;2;1;1;A01
200900058516;0;7;0;1;1;1;1;B01
200900058517;0;2;0;0;2;1;1;B01
200900058517;0;7;0;0;2;3;15;A01
200900058518;0;10;0;0;2;3;13;A01
200900058518;0;7;0;0;2;1;16;B01
200900058519;0;7;0;0;2;7;17;A01
200900058519;0;14;0;0;2;3;1;B01
200900058520;0;7;0;0;1;1;15;A01
200900058521;0;7;0;8;0;8;1;A01
200900058522;0;7;0;0;2;1;0;A01
200900058522;0;7;0;6;0;4;15;B01
200900058523;0;2;0;0;0;0;1;A01
200900058524;0;7;0;0;2;2;15;A01
200900058524;0;7;0;0;2;3;1;B01
200900058525;0;7;0;0;9;1;9;A01
200900058525;0;1;0;0;2;1;16;B01
200900058526;0;7;0;0;2;1;15;A01
200900058526;0;30;0;0;2;1;1;B01
200900058527;0;7;0;0;2;1;5;A01
200900058527;0;7;0;0;2;1;13;C01
200900058527;0;7;0;3;2;1;1;B01
200900058528;0;7;0;0;0;1;13;A01
200900058528;0;7;0;0;0;1;1;B01
200900058529;0;7;0;16;0;1;1;A01
200900058530;0;7;0;0;0;3;1;B01
200900058530;0;7;0;0;2;3;13;A01
200900058531;0;7;0;8;0;1;14;A01
200900058532;0;7;0;0;2;3;1;B01
200900058532;0;7;0;1;2;8;1;C01
200900058532;0;7;0;0;2;8;1;D01
200900058532;0;7;0;0;2;1;5;A01
200900058533;0;7;0;0;2;2;19;A01
200900058533;0;2;0;0;2;1;1;B02
200900058534;0;7;0;0;2;1;15;A01
200900058534;0;33;0;0;2;3;1;B01
200900058535;0;7;0;0;0;1;1;A01
200900058536;0;7;0;0;2;1;19;A01
200900058536;0;7;0;0;2;3;1;B02
200900058537;0;30;0;0;2;1;1;B02
200900058537;0;10;0;0;2;5;15;A01
200900058538;0;7;0;0;2;7;5;A01
200900058538;0;2;0;0;2;7;21;B01
200900058539;0;2;0;0;5;1;21;A01
200900058540;0;7;0;3;2;2;1;B02
200900058540;0;7;0;0;2;3;19;A01
200900058541;0;7;0;4;0;3;13;A01
200900058542;0;7;0;0;2;1;16;A01
200900058542;0;7;0;8;2;1;1;B02
200900058543;0;33;0;7;0;1;1;A01
200900058544;0;7;0;0;2;3;20;A01
200900058544;0;30;0;0;2;1;1;B01
200900058545;0;7;0;0;0;4;24;B01
200900058545;0;7;0;1;0;1;2;A01
200900058546;0;7;0;0;2;2;15;A01
200900058546;0;33;0;0;2;1;1;B01
200900058547;0;7;0;0;0;6;1;B01
200900058547;0;2;0;0;2;1;2;A01
200900058548;0;7;0;0;1;3;1;A01
200900058549;0;7;0;0;1;2;1;A01
200900058550;0;17;0;0;2;1;1;A01
200900058550;0;7;0;0;2;3;13;C03
200900058551;0;7;0;0;2;7;17;A01
200900058551;0;21;0;0;2;3;16;B02
200900058552;0;7;0;13;0;1;1;A01
200900058553;0;7;0;13;0;2;21;A01
200900058554;0;7;0;0;2;3;1;A01
200900058554;0;7;0;0;2;3;13;B02
200900058555;0;7;0;2;0;1;1;A01
200900058556;0;14;0;0;2;6;20;B02
200900058556;0;7;0;0;2;3;1;A01
200900058557;0;7;0;13;0;1;0;A01
200900058558;0;7;0;0;0;5;24;B02
200900058558;0;3;0;1;0;3;1;A01
200900058559;0;7;0;0;2;7;13;A01
200900058559;0;7;0;0;2;1;1;C03
200900058559;0;7;0;0;2;6;1;B02
200900058560;0;7;0;13;0;1;13;A01
200900058561;0;7;0;0;0;3;1;B02
200900058561;0;7;0;0;0;2;15;A01
200900058562;0;7;0;0;2;5;15;A01
200900058562;0;2;0;0;2;1;1;B01
200900058563;0;7;0;0;2;6;9;A01
200900058563;0;30;0;0;2;1;1;B01
200900058564;0;39;0;0;2;2;1;B01
200900058564;0;30;0;0;4;5;13;A01
200900058565;0;7;0;0;2;3;15;A01
200900058565;0;35;0;0;2;1;2;B01
200900058566;0;7;0;0;9;3;15;A01
200900058566;0;30;0;0;2;1;2;B01
200900058567;0;7;0;0;0;4;1;A01
200900058567;0;33;0;0;2;1;2;B01
200900058568;0;7;0;0;2;3;15;B02
200900058568;0;33;0;0;2;2;17;A01
200900058569;0;7;0;2;0;2;1;A01
200900058570;0;10;0;2;0;2;2;A01
200900058571;0;14;0;0;2;3;1;B02
200900058571;0;38;0;0;2;8;21;A01
200900058572;0;33;0;0;0;1;1;A01
200900058573;0;10;0;0;1;2;1;A01
200900058574;0;7;0;0;2;1;1;A01
200900058574;0;15;0;0;2;3;1;B02
200900058575;0;30;0;0;0;1;1;A01
200900058576;0;7;0;0;1;2;16;A01
200900058577;0;7;0;0;2;1;13;B02
200900058577;0;7;0;0;2;1;1;A01
200900058578;0;33;0;0;2;8;1;B02
200900058578;0;7;0;0;2;5;15;A01
200900058579;0;33;0;0;0;0;0;A01
200900058580;0;7;0;4;0;3;0;A01
200900058580;0;17;0;0;9;3;0;B02
200900058581;0;33;0;0;2;3;1;A01
200900058581;0;7;0;0;2;8;15;B02
200900058582;0;7;0;0;2;1;2;B02
200900058582;0;7;0;0;0;4;0;A01
200900058582;0;33;0;0;2;1;0;C03
200900058583;0;7;0;0;9;3;0;B02
200900058583;0;30;0;0;2;0;0;A01
200900058584;0;2;0;0;2;8;19;B02
200900058584;0;2;0;0;2;1;1;A01
200900058585;0;7;0;0;2;3;5;A01
200900058585;0;7;0;0;2;3;1;B02
200900058585;0;7;0;0;2;8;1;C03
200900058586;0;7;0;0;0;1;17;A01
200900058587;0;2;0;0;0;7;1;A01
200900058588;0;7;0;0;2;7;1;A01
200900058588;0;7;0;0;2;1;1;B02
200900058589;0;33;0;0;0;2;17;B02
200900058589;0;7;0;0;0;6;15;A01
200900058590;0;7;0;0;1;1;1;B02
200900058590;0;30;0;0;2;1;1;A01
200900058590;0;7;0;0;2;6;23;C03
200900058591;0;7;0;16;0;9;0;A01
200900058592;0;17;0;0;2;3;1;B02
200900058592;0;7;0;0;2;3;5;A01
200900058593;0;10;0;0;2;7;17;A01
200900058593;0;1;0;0;2;0;1;B02
200900058594;0;7;0;2;0;7;1;A01
200900058595;0;7;0;0;2;3;1;B02
200900058595;0;7;0;0;2;2;1;A01
200900058596;0;7;0;15;0;2;1;A01
200900058597;0;7;0;0;0;1;1;A01
200900058598;0;7;0;2;0;2;2;A01
200900058599;0;7;0;6;0;2;1;A01
200900058600;0;7;0;0;2;3;9;A01
200900058600;0;31;0;0;2;7;1;B02
200900058601;0;99;0;0;2;8;1;B02
200900058601;0;32;0;0;2;3;13;A01
200900058602;0;10;0;0;2;2;1;A01
200900058602;0;7;0;0;2;1;13;B02
200900058603;0;33;0;0;2;4;1;A01
200900058603;0;7;0;0;2;2;15;B02
200900058604;0;1;0;0;2;1;19;A01
200900058604;0;7;0;0;2;1;1;B02
200900058605;0;31;0;0;0;1;1;B01
200900058605;0;7;0;0;2;0;10;A01
200900058606;0;7;0;0;1;1;1;A01
200900058607;0;7;0;0;2;3;15;A01
200900058607;0;2;0;0;2;1;1;B01
200900058608;0;7;0;0;2;5;15;A01
200900058608;0;2;0;0;2;1;1;B01
200900058609;0;10;0;0;2;3;1;B01
200900058609;0;2;0;0;2;7;15;A01
200900058610;0;7;0;0;1;1;1;A01
200900058611;0;7;0;0;2;3;15;A01
200900058611;0;34;0;0;2;1;1;B01
200900058612;0;2;0;0;2;1;0;B01
200900058612;1;7;0;0;2;8;5;A01
200900058613;0;32;0;0;0;3;16;A01
200900058614;0;2;0;0;2;9;1;A01
200900058614;0;7;0;0;2;2;1;B01
200900058615;0;2;0;0;2;1;1;B01
200900058615;0;7;0;0;2;5;4;A01
200900058616;0;7;0;0;2;3;15;B01
200900058616;0;30;0;0;2;1;2;A01
200900058617;0;7;0;0;1;0;16;A01
200900058618;0;7;0;0;2;2;15;A01
200900058618;0;2;0;0;2;1;1;B01
200900058619;0;2;0;0;0;0;1;A01
200900058620;0;7;0;0;1;1;1;A01
200900058621;0;7;0;0;2;2;1;B01
200900058621;0;30;0;0;2;6;19;A01
200900058622;0;7;0;0;2;4;2;B01
200900058622;0;34;0;0;2;8;2;A01
200900058623;0;32;0;0;2;1;1;B01
200900058623;0;7;0;0;2;8;10;A01
200900058624;0;7;0;0;2;1;1;B01
200900058624;0;7;0;0;2;7;15;A01
200900058625;0;7;0;13;0;1;13;A01
200900058626;0;7;0;0;2;1;1;B01
200900058626;0;7;0;0;2;7;16;A01
200900058627;0;7;0;0;2;1;2;D01
200900058627;0;7;0;0;0;4;2;C01
200900058627;0;7;0;0;2;1;1;A01
200900058627;0;7;0;0;0;4;2;B01
200900058628;0;33;0;0;2;7;1;B01
200900058628;1;7;0;0;2;8;10;A01
200900058629;0;38;0;0;1;2;1;A01
200900058630;0;7;0;0;2;8;10;A01
200900058630;0;32;0;0;2;1;1;B01
200900058631;0;33;0;0;2;1;1;B01
200900058631;0;10;0;0;2;6;10;A01
200900058632;0;7;0;0;1;0;1;A01
200900058633;0;7;0;0;2;4;2;B01
200900058633;0;7;0;0;2;4;2;C01
200900058633;0;7;0;0;2;1;2;A01
200900058634;1;99;0;0;0;0;0;A01
200900058634;0;34;0;0;2;7;1;B01
200900058635;0;7;0;2;1;4;4;A01
200900058636;0;30;0;0;2;1;17;A01
200900058636;0;7;0;0;2;8;15;B01
200900058637;0;37;0;0;1;2;1;A01
200900058638;0;7;0;0;1;1;1;A01
200900058639;0;30;0;14;0;1;1;A01
200900058639;0;7;0;0;0;4;2;B01
200900058640;0;7;0;0;0;4;1;B01
200900058640;0;7;0;0;2;1;1;A01
200900058640;0;32;0;0;0;4;1;C01
200900058640;0;7;0;0;0;8;23;F02
200900058640;0;7;0;0;2;8;15;D01
200900058640;0;7;0;0;0;8;23;E01
200900058641;0;32;0;0;0;8;1;A01
200900058642;0;30;0;0;2;7;17;A01
200900058642;0;17;0;0;2;6;1;B01
200900058643;1;7;0;0;2;0;18;A01
200900058643;0;34;0;0;0;7;1;B01
200900058644;0;7;0;0;1;1;15;A01
200900058645;0;7;0;0;1;1;1;A01
200900058646;0;7;0;0;1;6;4;A01
200900058647;0;32;0;0;1;1;1;A01
200900058647;0;32;0;0;0;7;21;B01
200900058648;0;7;0;0;1;1;1;A01
200900058649;0;2;0;0;2;2;17;A01
200900058649;0;14;0;0;2;8;15;B01
200900058650;0;7;0;0;0;3;1;A01
200900058650;0;2;0;0;2;0;1;B01
200900058651;0;7;0;0;2;3;1;C01
200900058651;0;7;0;0;2;6;1;B01
200900058651;0;10;0;0;2;3;17;A01
200900058652;0;33;0;0;0;0;0;C01
200900058652;0;7;0;0;0;0;0;A01
200900058652;0;7;0;0;0;0;0;B01
200900058653;0;1;0;0;2;4;1;B01
200900058653;0;7;0;0;2;1;11;A01
200900058654;0;7;0;2;0;3;1;A01
200900058655;0;7;0;0;2;4;2;B01
200900058655;0;7;0;0;2;1;2;A01
200900058656;0;7;0;0;0;0;0;B01
200900058656;0;7;0;0;0;0;0;A01
200900058657;0;33;0;0;0;0;0;A01
200900058658;0;7;0;0;1;1;15;A01
200900058659;0;7;0;0;0;4;1;C01
200900058659;0;7;0;0;2;4;1;B01
200900058659;0;10;0;0;2;1;1;A01
200900058660;0;32;0;1;2;1;1;B01
200900058660;0;7;0;0;2;7;1;A01
200900058661;0;33;0;0;2;1;1;B01
200900058661;0;7;0;0;2;8;19;A01
200900058662;0;7;0;0;0;0;0;A01
200900058663;1;7;0;0;2;0;1;B01
200900058663;0;7;0;0;9;1;1;C01
200900058663;0;7;0;0;2;0;1;A01
200900058664;0;7;0;2;0;7;21;A01
200900058665;0;2;0;0;2;0;1;B01
200900058665;1;99;0;0;2;0;13;A01
200900058666;0;7;0;0;1;1;1;A01
200900058667;0;7;0;0;1;2;1;A01
200900058668;1;7;0;0;1;1;0;A01
200900058669;0;7;0;0;1;1;1;A01
200900058670;0;7;0;0;2;1;10;A01
200900058670;0;7;0;0;2;3;1;C01
200900058670;0;7;0;0;2;1;1;B01
200900058671;0;7;0;0;1;0;1;A01
200900058672;0;7;0;0;2;1;2;C01
200900058672;0;10;0;0;2;3;2;B01
200900058672;0;7;0;0;2;3;13;A01
200900058673;0;30;0;0;0;0;0;A01
200900058674;0;40;0;0;2;1;1;B01
200900058674;0;7;0;2;4;8;1;A01
200900058675;0;7;0;0;2;1;2;A01
200900058675;0;7;0;0;2;4;2;C01
200900058675;0;7;0;0;2;4;2;B01
200900058676;0;7;0;0;2;1;1;B01
200900058676;0;7;0;0;2;7;15;A01
200900058677;0;33;0;0;0;0;0;A01
200900058678;0;14;0;0;2;1;1;A01
200900058678;0;7;0;0;2;4;1;B01
200900058679;0;7;0;0;2;4;2;B01
200900058679;0;7;0;0;2;1;2;A01
200900058680;0;7;0;0;0;0;0;B01
200900058680;0;7;0;0;0;0;0;A01
200900058681;0;7;0;0;2;2;0;A01
200900058681;0;7;0;0;2;3;0;B01
200900058682;0;33;0;0;2;1;1;B02
200900058682;0;7;0;0;2;3;15;A01
200900058683;0;7;0;0;0;8;0;B02
200900058683;0;7;0;0;2;1;1;A01
200900058684;0;7;0;0;2;1;1;B02
200900058684;0;7;0;0;2;1;1;A01
200900058685;0;7;0;2;0;1;1;A01
200900058686;0;2;0;0;2;7;1;B02
200900058686;0;10;0;0;2;1;15;A01
200900058687;0;7;0;3;0;2;16;A01
200900058688;0;7;0;4;0;9;14;A01
200900058689;0;14;0;2;0;9;1;A01
200900058690;0;30;0;0;2;7;16;B02
200900058690;0;7;0;0;2;1;19;A01
200900058691;0;7;0;0;2;1;13;A01
200900058691;0;7;0;0;2;1;1;B02
200900058692;0;7;0;13;0;2;1;A01
200900058693;0;31;0;0;2;1;2;A01
200900058693;0;7;0;0;2;4;1;B01
200900058694;0;31;0;0;1;1;1;A01
200900058695;0;7;0;0;2;1;1;A01
200900058695;0;7;0;0;2;1;15;B01
200900058696;0;7;0;3;2;7;1;A01
200900058696;0;7;0;0;2;1;1;B01
200900058697;0;7;0;0;0;3;1;B01
200900058697;0;7;0;0;2;2;1;A01
200900058698;0;10;0;0;1;4;4;A01
200900058699;0;32;0;8;0;1;1;A01
200900058700;0;7;0;0;2;8;15;B01
200900058700;0;33;0;0;2;1;17;A01
200900058701;1;7;0;0;0;1;15;A01
200900058701;0;7;0;0;2;2;1;B01
200900058702;0;7;0;2;0;3;1;A01
200900058703;0;14;0;0;0;7;15;A01
200900058704;0;32;0;0;0;0;1;B01
200900058704;0;7;0;0;0;0;12;A01
200900058705;0;7;0;15;0;1;1;A01
200900058706;0;7;0;8;1;7;1;A01
200900058707;0;1;0;0;2;8;2;B01
200900058707;1;7;0;0;2;2;1;A01
200900058708;0;33;0;0;2;2;17;A01
200900058708;0;7;0;0;2;3;15;B01
200900058709;0;7;0;0;1;2;16;A01
200900058710;0;7;0;0;2;4;23;C01
200900058710;0;10;0;0;2;1;2;A01
200900058710;0;7;0;0;2;1;2;D01
200900058710;0;7;0;0;2;1;2;B01
200900058711;0;7;0;0;2;1;1;B01
200900058711;0;7;0;0;2;1;13;A01
200900058712;0;7;0;0;0;4;0;B01
200900058712;0;99;0;0;2;1;1;A01
200900058713;0;30;0;0;2;1;17;A01
200900058713;0;7;0;0;2;1;1;B01
200900058714;0;7;0;0;2;1;1;B01
200900058714;0;7;0;0;2;8;10;A01
200900058715;0;7;0;0;2;4;23;B01
200900058715;0;7;0;0;2;1;1;A01
200900058716;0;7;0;0;2;6;1;B01
200900058716;0;34;0;0;2;1;9;A01
200900058717;0;7;0;0;1;1;0;A01
200900058718;0;7;0;0;2;3;10;A01
200900058718;0;33;0;0;2;1;1;B01
200900058719;0;7;0;0;2;7;15;A01
200900058719;0;2;0;0;2;1;1;B01
200900058720;0;7;0;0;2;3;15;B01
200900058720;0;2;0;1;2;1;2;A01
200900058721;0;1;0;0;0;1;0;B01
200900058721;0;7;0;0;0;0;0;A01
200900058722;0;7;0;0;0;0;0;A01
200900058723;0;30;0;0;0;4;1;B01
200900058723;2;99;0;0;2;1;2;A01
200900058724;0;7;0;0;0;0;0;A01
200900058724;0;7;0;0;0;0;0;B01
200900058725;0;7;0;0;2;5;2;B01
200900058725;0;7;0;0;2;3;3;A01
200900058726;0;2;0;1;2;1;1;B01
200900058726;0;7;0;0;2;7;15;A01
200900058727;0;33;0;0;0;0;0;A01
200900058728;0;1;0;0;2;0;0;A01
200900058728;0;7;0;0;0;0;0;B01
200900058729;0;7;0;6;2;1;0;A01
200900058729;0;7;0;1;2;4;0;B01
200900058730;0;7;0;0;2;3;1;A01
200900058730;0;7;0;0;2;2;9;B01
200900058731;0;33;0;0;0;0;15;A01
200900058732;0;7;0;2;0;0;1;A01
200900058733;0;34;0;0;0;0;1;A01
200900058734;0;7;0;0;1;2;21;A01
200900058735;0;7;0;0;0;0;0;C01
200900058735;0;7;0;0;0;0;0;A01
200900058735;0;7;0;0;0;0;0;B01
200900058736;0;7;0;0;0;0;0;A01
200900058737;0;31;0;0;2;7;1;B01
200900058737;0;7;0;0;2;3;15;A01
200900058738;0;7;0;0;0;0;0;B01
200900058738;0;7;0;0;0;0;0;A01
200900058739;0;2;0;0;2;1;1;B01
200900058739;0;7;0;0;2;2;17;A01
200900058740;0;33;0;0;0;0;0;B01
200900058740;0;7;0;0;0;0;10;A01
200900058741;0;7;0;0;0;0;0;A01
200900058742;0;1;0;6;0;1;14;A01
200900058743;0;7;0;0;1;1;1;A01
200900058744;0;7;0;2;0;3;13;A01
200900058745;0;7;0;0;2;1;19;A01
200900058745;0;30;0;0;2;1;1;B01
200900058746;0;7;0;4;0;1;1;A01
200900058747;0;30;0;0;1;1;17;A01
200900058748;0;7;0;0;2;2;1;B01
200900058748;0;2;0;0;2;1;1;A01
200900058749;0;31;0;0;2;1;1;B01
200900058749;0;7;0;0;2;1;15;A01
200900058750;0;7;0;0;2;2;0;B01
200900058750;0;7;0;0;2;1;0;A01
200900058751;0;7;0;0;1;2;15;A01
200900058752;0;7;0;0;2;1;1;A01
200900058752;0;7;0;0;2;8;1;B01
200900058753;0;7;0;0;1;1;16;A01
200900058754;0;7;0;0;1;2;2;A01
200900058755;0;7;0;0;2;1;9;A01
200900058755;0;30;0;0;2;8;1;B01
200900058756;0;7;0;0;2;1;19;A01
200900058756;0;33;0;1;2;7;1;B01
200900058757;0;33;0;15;2;1;1;B01
200900058757;0;7;0;0;2;2;19;A01
200900058758;0;7;0;0;1;1;1;A01
200900058759;0;30;0;0;2;1;2;A01
200900058759;0;7;0;0;0;4;2;B01
200900058760;0;7;0;0;2;4;2;C01
200900058760;0;7;0;0;2;1;2;A01
200900058760;0;7;0;0;2;1;2;B01
200900058761;0;7;0;0;2;2;1;B01
200900058761;1;7;0;0;0;0;0;A01
200900058762;0;2;0;0;0;8;24;B01
200900058762;0;34;0;1;1;3;1;A01
200900058763;0;10;0;8;0;1;13;A01
200900058764;0;7;0;0;2;2;1;A01
200900058764;0;31;0;0;2;3;21;B02
200900058765;0;34;0;0;2;1;1;A01
200900058765;0;30;0;0;2;1;13;B02
200900058766;0;1;0;0;2;8;1;B02
200900058766;0;7;0;0;2;7;1;A01
200900058767;0;7;0;0;2;3;13;A01
200900058767;0;7;0;0;2;3;1;B02
200900058768;0;36;0;8;0;2;1;A01
200900058769;0;10;0;0;2;1;13;A01
200900058769;0;10;0;0;2;3;1;B02
200900058770;0;7;0;0;1;2;1;A01
200900058771;0;7;0;0;2;6;24;B02
200900058771;0;7;0;1;0;2;2;A01
200900058772;0;7;0;4;0;1;17;A01
200900058773;0;33;0;3;0;1;1;A01
200900058774;0;7;0;0;1;2;1;A01
200900058775;0;7;0;2;0;1;1;A01
200900058776;0;7;0;0;0;0;0;A01
200900058777;0;7;0;0;1;3;15;A01
200900058778;0;1;0;0;0;4;1;B02
200900058778;0;1;0;0;0;4;1;C03
200900058778;0;7;0;0;9;2;1;A01
200900058779;0;7;0;0;2;1;15;A01
200900058779;0;7;0;0;2;3;1;B02
200900058780;0;7;0;0;2;3;1;A01
200900058780;0;7;0;0;2;8;1;B02
200900058781;0;7;0;13;0;9;13;A01
200900058782;0;33;0;0;2;1;1;A01
200900058782;0;7;0;0;2;1;1;B02
200900058783;0;30;0;0;0;4;1;A01
200900058784;0;33;0;7;0;2;1;A01
200900058785;0;7;0;13;0;1;1;A01
200900058786;0;7;0;0;1;1;1;A01
200900058787;0;7;0;0;2;6;1;B02
200900058787;0;7;0;2;2;3;13;A01
200900058788;0;10;0;0;2;3;15;B02
200900058788;0;2;0;0;2;2;17;A01
200900058789;0;7;0;0;2;2;15;A01
200900058789;0;31;0;0;2;1;1;B02
200900058790;0;7;0;0;2;1;1;A01
200900058790;0;2;0;0;2;7;15;B02
200900058791;0;7;0;0;2;1;1;A01
200900058791;0;7;0;0;2;1;1;B02
200900058792;0;7;0;0;0;5;0;B02
200900058792;0;33;0;0;0;1;1;A01
200900058793;0;7;0;0;2;1;1;B02
200900058793;0;31;0;0;2;2;1;A01
200900058794;0;33;0;3;0;3;1;A01
200900058795;0;7;0;0;2;4;23;B01
200900058795;0;33;0;0;2;1;2;A01
200900058796;0;31;0;0;2;1;1;B01
200900058796;0;7;0;0;2;8;15;A01
200900058797;0;7;0;0;1;2;1;A01
200900058798;0;7;0;0;1;2;1;A01
200900058799;0;2;0;0;2;1;1;A01
200900058799;1;33;0;0;2;1;1;B01
200900058800;0;7;0;0;0;0;0;A01
200900058801;0;7;0;0;0;0;0;A01
200900058802;0;7;0;0;2;7;15;A01
200900058802;0;34;0;0;2;1;1;B01
200900058803;0;7;0;2;0;1;0;A01
200900058804;0;2;0;0;0;0;0;B01
200900058804;0;7;0;0;0;0;0;A01
200900058805;0;7;0;0;0;0;0;A01
200900058806;0;7;0;0;0;0;0;A01
200900058807;0;2;0;0;0;7;1;A01
200900058808;0;7;0;0;2;1;1;A01
200900058808;0;7;0;0;2;4;1;B01
200900058808;0;7;0;0;2;4;1;C01
200900058809;0;7;0;0;2;1;1;B01
200900058809;0;7;0;0;2;3;15;A01
200900058810;0;31;0;0;1;1;1;A01
200900058811;0;7;0;0;1;3;1;A01
200900058812;0;7;0;0;2;7;16;A01
200900058812;0;7;0;0;2;8;16;B01
200900058813;0;7;0;6;0;3;13;A01
200900058814;0;7;0;0;2;8;15;A01
200900058814;0;2;0;0;2;1;2;B01
200900058815;0;40;0;0;2;1;1;B01
200900058815;0;7;0;0;4;8;15;A01
200900058816;0;33;0;0;0;0;1;A01
200900058817;0;32;0;15;0;2;1;A01
200900058818;0;7;0;0;1;1;1;A01
200900058819;0;2;0;0;1;1;1;A01
200900058820;0;7;0;0;2;1;15;A01
200900058821;0;10;0;0;2;1;1;B01
200900058821;0;7;0;3;2;7;13;A01
200900058822;0;7;0;0;2;3;10;A01
200900058822;0;31;0;0;2;1;1;B01
200900058823;0;7;0;0;2;1;2;A01
200900058823;0;7;0;0;0;4;2;B01
200900058824;0;7;0;0;2;3;19;A01
200900058824;0;33;0;0;2;2;1;B01
200900058825;0;1;0;0;2;1;15;A01
200900058825;0;7;0;0;2;3;1;B01
200900058826;0;7;0;0;2;3;15;A01
200900058826;0;7;0;12;2;0;2;B01
200900058827;0;7;0;6;0;1;13;A01
200900058828;0;7;0;0;2;3;1;B01
200900058828;0;7;0;0;2;2;15;A01
200900058829;0;33;0;0;2;1;1;B01
200900058829;0;32;0;0;2;8;19;A01
200900058830;0;7;0;0;2;1;1;A01
200900058830;0;7;0;0;2;4;1;B01
200900058831;0;7;0;0;2;8;1;A01
200900058831;0;7;0;0;2;1;1;B01
200900058832;0;33;0;0;2;7;10;B01
200900058832;0;7;0;0;2;8;10;A01
200900058833;0;10;0;0;2;1;2;A01
200900058833;0;10;0;0;2;4;2;B01
200900058834;0;7;0;0;1;3;1;A01
200900058835;0;7;0;0;1;1;15;A01
200900058836;0;7;0;0;2;7;16;A01
200900058836;0;30;0;0;2;8;1;B01
200900058837;0;7;0;0;2;9;1;B01
200900058837;0;7;0;0;2;1;1;A01
200900058838;0;7;0;15;0;1;0;A01
200900058839;0;33;0;0;2;1;1;B01
200900058839;0;7;0;0;2;2;15;A01
200900058840;0;7;0;0;1;2;16;A01
200900058841;0;31;0;0;2;1;1;B01
200900058841;0;7;0;0;2;1;1;A01
200900058842;0;7;0;0;2;2;1;A01
200900058842;0;7;0;0;0;8;1;B01
200900058843;0;7;0;0;0;0;0;B01
200900058843;0;7;0;0;0;0;0;A01
200900058844;0;10;0;0;0;0;10;A01
200900058844;0;2;0;0;0;0;17;B01
200900058845;0;33;0;0;2;1;2;B01
200900058845;0;7;0;0;2;8;10;A01
200900058846;0;7;0;0;0;0;0;B01
200900058846;0;7;0;0;0;0;0;A01
200900058847;0;33;0;0;2;8;1;B01
200900058847;0;7;0;0;2;3;15;A01
200900058848;0;20;0;0;0;0;0;A01
200900058848;0;3;0;0;0;0;0;B01
200900058849;0;7;0;0;2;4;4;A01
200900058849;0;33;0;0;2;1;1;B01
200900058850;0;7;0;11;0;2;21;A01
200900058851;0;2;0;0;2;7;19;B02
200900058851;0;7;0;0;2;2;15;A01
200900058852;0;7;0;0;0;0;0;B01
200900058852;0;7;0;0;0;0;0;A01
200900058853;0;31;0;0;2;8;7;A01
200900058853;0;7;0;0;2;3;15;B01
200900058854;0;7;0;0;2;3;15;A01
200900058854;0;2;0;0;2;1;1;B01
200900058855;0;7;0;0;1;1;1;A01
200900058856;0;31;0;0;2;1;1;B01
200900058856;0;7;0;0;2;6;15;A01