num_acc;senc;catv;occutc;obs;obsm;choc;manv;num_veh
200900058857;1;7;0;0;1;1;1;A01
200900058858;0;37;7;0;1;2;1;A01
200900058859;0;7;0;0;1;7;1;A01
200900058860;0;31;0;0;2;1;2;B01
200900058860;0;7;0;0;2;3;15;A01
200900058861;0;7;0;0;2;3;23;B01
200900058861;0;7;0;1;0;3;1;A01
200900058862;0;33;0;0;2;1;1;B01
200900058862;0;10;0;0;2;3;15;A01
200900058863;0;7;0;0;1;2;1;A01
200900058864;0;31;0;0;2;8;18;A01
200900058864;0;99;0;0;2;2;20;B01
200900058865;0;31;0;0;2;3;1;B01
200900058865;0;7;0;0;2;2;1;A01
200900058866;1;32;0;0;1;1;1;A01
200900058867;0;7;0;0;2;4;4;A01
200900058867;0;7;0;0;2;8;15;B01
200900058868;0;33;0;0;2;3;1;B01
200900058868;0;7;0;0;2;1;15;A01
200900058869;0;33;0;0;2;1;1;B01
200900058869;1;7;0;0;2;0;13;A01
200900058870;0;7;0;0;2;2;15;A01
200900058870;0;7;0;0;2;3;1;B01
200900058871;0;30;0;0;2;3;15;A01
200900058871;0;7;0;0;2;3;1;B01
200900058872;0;7;0;0;2;3;15;B01
200900058872;0;7;0;0;2;2;1;A01
200900058873;0;32;0;0;1;1;1;A01
200900058874;0;7;0;0;2;2;9;A01
200900058874;0;7;0;0;2;3;1;B01
200900058875;0;7;0;0;2;3;0;A01
200900058875;0;2;0;0;2;6;0;B01
200900058876;0;31;0;0;0;3;21;A01
200900058876;0;7;0;0;0;0;1;B01
200900058877;0;7;0;0;2;1;1;A01
200900058877;0;7;0;0;2;8;1;B01
200900058878;0;7;0;0;1;3;1;A01
200900058879;0;7;0;0;2;3;15;B01
200900058879;0;30;0;0;2;7;0;A01
200900058880;0;2;0;0;2;8;0;B01
200900058880;0;7;0;0;2;2;16;A01
200900058881;0;7;0;0;2;3;13;A01
200900058881;0;7;0;0;2;8;1;B01
200900058882;0;1;0;0;1;1;0;A01
200900058883;0;2;0;0;2;8;9;A01
200900058883;0;7;0;0;2;5;1;B01
200900058884;0;32;0;0;2;1;1;B01
200900058884;0;7;0;0;2;1;15;A01
200900058885;0;7;0;0;1;1;1;A01
200900058886;0;33;0;0;1;1;1;A01
200900058887;0;7;0;0;2;3;1;A01
200900058887;0;34;0;0;2;2;1;B01
200900058888;0;31;0;0;2;1;1;A01
200900058888;0;30;0;0;2;3;15;B01
200900058889;0;31;0;0;1;1;1;A01
200900058890;0;33;0;0;2;1;1;B01
200900058890;0;7;0;0;2;8;15;A01
200900058891;0;33;0;0;2;6;1;C01
200900058891;0;7;0;0;2;3;3;A01
200900058891;0;2;0;0;2;3;1;B01
200900058892;0;7;0;0;2;8;1;A01
200900058892;0;7;0;0;2;1;1;B01
200900058893;0;30;0;0;1;1;21;A01
200900058894;0;7;0;0;2;3;15;A01
200900058894;0;33;0;0;2;1;1;B01
200900058895;0;7;0;0;0;0;20;C01
200900058895;0;7;0;0;2;6;21;B01
200900058895;0;33;0;0;2;1;21;A01
200900058896;0;2;0;0;2;1;1;A01
200900058896;0;7;0;0;2;5;1;B01
200900058897;0;7;0;0;2;3;15;B01
200900058897;0;2;0;0;2;2;17;A01
200900058898;0;7;0;0;2;3;15;B01
200900058898;0;33;0;0;2;2;1;A01
200900058899;0;2;0;0;2;5;1;A01
200900058899;0;7;0;0;2;3;9;B01
200900058900;0;7;0;0;1;0;15;A01
200900058901;0;7;0;0;2;1;2;A01
200900058901;0;7;0;0;2;4;1;B01
200900058901;0;2;0;0;2;1;2;C01
200900058902;0;7;0;0;2;3;15;A01
200900058902;0;31;0;0;2;8;1;B01
200900058903;0;7;0;8;1;2;14;A01
200900058904;0;7;0;0;2;1;13;A01
200900058904;0;30;0;0;2;2;1;B01
200900058905;0;33;0;0;2;1;17;A01
200900058905;0;7;0;0;2;0;15;B01
200900058906;0;7;0;0;2;3;15;B01
200900058906;0;7;0;0;2;7;7;A01
200900058907;0;2;0;1;2;1;2;A01
200900058907;0;7;0;0;2;5;2;B01
200900058908;0;31;0;0;2;8;1;B01
200900058908;0;7;0;0;2;6;20;A01
200900058909;0;7;0;0;1;2;1;A01
200900058910;0;7;0;0;2;3;15;B01
200900058910;0;30;0;0;2;1;1;A01
200900058911;0;10;0;0;1;4;4;A01
200900058912;0;2;0;0;2;3;1;B01
200900058912;0;7;0;0;2;7;16;A01
200900058913;0;14;0;0;1;4;4;A01
200900058914;0;7;0;0;2;2;16;A01
200900058914;0;2;0;0;2;1;1;B01
200900058915;0;2;0;0;2;1;1;B01
200900058915;0;7;0;0;2;3;5;A01
200900058916;0;31;0;0;2;1;1;B01
200900058916;0;7;0;0;2;1;9;A01
200900058917;0;40;1;0;1;7;1;A01
200900058918;0;33;0;0;2;2;1;B01
200900058918;1;7;0;0;2;0;0;A01
200900058919;0;32;0;0;2;1;2;B01
200900058919;0;33;0;0;2;4;2;C01
200900058919;0;10;0;0;0;0;9;A01
200900058920;0;2;0;0;2;1;18;A01
200900058920;0;7;0;0;2;2;15;B01
200900058921;0;2;0;0;2;1;1;A01
200900058921;0;7;0;0;2;4;2;B01
200900058922;0;10;0;0;2;2;16;A01
200900058922;0;1;0;0;2;1;1;B01
200900058923;0;7;0;0;2;1;1;A01
200900058923;0;7;0;0;2;4;2;B01
200900058924;0;2;0;0;2;1;1;A01
200900058924;0;7;0;0;2;4;23;B01
200900058925;0;7;0;0;2;1;1;A01
200900058925;0;7;0;0;2;4;1;B01
200900058926;0;37;1;0;2;3;3;A01
200900058926;0;10;0;0;2;3;3;B01
200900058927;0;10;0;0;2;0;15;A01
200900058927;0;1;0;0;2;0;15;B01
200900058928;0;7;0;0;0;0;17;A01
200900058928;0;1;0;0;2;8;14;B01
200900058929;0;7;0;0;1;4;4;A01
200900058930;0;7;0;0;2;4;1;B01
200900058930;0;7;0;0;2;1;1;A01
200900058931;0;32;0;0;2;1;1;B01
200900058931;0;7;0;0;2;2;10;A01
200900058932;0;33;0;0;0;0;0;A01
200900058933;0;33;0;0;0;0;0;A01
200900058934;0;7;0;0;1;1;1;A01
200900058935;0;7;0;0;2;1;15;A01
200900058935;0;7;0;0;2;3;1;B01
200900058936;0;7;0;0;0;0;0;A01
200900058937;0;33;0;0;2;1;1;B01
200900058937;0;7;0;0;2;1;1;A01
200900058938;0;33;0;6;2;1;17;A01
200900058938;0;7;0;0;2;8;15;B01
200900058939;0;7;0;0;2;3;2;A01
200900058939;0;30;0;0;2;1;1;B01
200900058940;0;7;0;0;1;1;1;A01
200900058941;0;2;0;0;2;1;2;A01
200900058941;0;7;0;0;0;4;2;B01
200900058942;0;30;0;0;2;1;17;A01
200900058942;0;7;0;0;2;6;15;B01
200900058943;0;31;0;0;2;7;0;B01
200900058943;0;10;0;0;0;0;15;A01
200900058944;0;33;0;0;1;8;0;A01
200900058945;0;7;0;0;2;3;0;A01
200900058945;0;30;0;0;2;1;1;B01
200900058946;0;33;0;0;0;0;0;A01
200900058947;0;7;0;0;2;3;15;A01
200900058947;0;32;0;0;0;7;1;B01
200900058948;0;7;0;0;2;3;9;A01
200900058948;0;33;0;0;2;1;1;B01
200900058949;0;7;0;0;2;8;15;B01
200900058949;0;2;0;0;2;1;1;A01
200900058950;0;30;0;0;2;1;17;B01
200900058950;0;7;0;0;0;7;15;A01
200900058951;0;33;0;13;0;1;13;A01
200900058952;0;33;0;4;0;1;17;A01
200900058953;0;33;0;10;0;1;21;A01
200900058954;0;37;0;0;2;3;13;A01
200900058954;0;32;0;0;2;1;21;B02
200900058955;0;31;0;1;0;2;1;A01
200900058956;0;30;0;0;2;8;0;B02
200900058956;0;7;0;0;2;7;2;A01
200900058957;0;33;0;0;2;1;0;B02
200900058957;0;10;0;0;2;1;2;A01
200900058958;0;7;0;0;2;1;19;A01
200900058958;0;7;0;0;2;1;1;B02
200900058959;0;7;0;0;2;1;0;B02
200900058959;0;2;0;0;2;1;13;A01
200900058960;0;7;0;0;1;8;19;A01
200900058961;0;3;0;15;0;1;1;A01
200900058962;0;7;0;0;2;2;10;A01
200900058962;0;34;0;0;2;1;1;B02
200900058963;0;30;0;2;0;1;0;A01
200900058964;0;7;0;0;1;2;1;A01
200900058965;0;33;0;3;0;2;1;A01
200900058966;0;33;0;3;0;8;13;A01
200900058967;0;7;0;3;0;8;1;A01
200900058968;0;7;0;0;2;3;10;A01
200900058968;0;33;0;0;2;9;1;C03
200900058968;0;7;0;0;2;1;1;B02
200900058969;0;17;0;4;0;2;0;A01
200900058970;0;2;0;0;1;3;1;A01
200900058971;0;7;0;0;1;2;16;A01
200900058972;0;7;0;1;0;1;0;A01
200900058973;0;7;0;0;2;1;15;A01
200900058973;0;2;0;0;2;8;1;B02
200900058974;0;2;0;0;2;3;2;B02
200900058974;0;10;0;0;2;6;2;A01
200900058975;0;7;0;0;9;3;1;A01
200900058975;0;33;0;0;2;3;1;B02
200900058976;0;7;0;0;2;1;1;B02
200900058976;0;30;0;0;2;1;17;A01
200900058977;0;7;0;1;0;7;2;B02
200900058977;0;32;0;0;2;3;2;A01
200900058978;0;7;0;0;1;5;4;A01
200900058979;0;33;0;1;0;1;0;A01
200900058980;0;10;0;1;2;3;0;B02
200900058980;0;7;0;1;0;3;1;A01
200900058980;0;7;0;0;2;4;24;E05
200900058980;0;7;0;1;2;4;24;C03
200900058980;0;7;0;1;1;1;24;D04
200900058981;0;33;0;0;2;1;2;A01
200900058981;0;7;0;0;0;5;16;B02
200900058982;0;33;0;16;0;2;15;A01
200900058983;0;7;0;0;2;3;19;A01
200900058983;0;31;0;0;2;1;1;B02
200900058984;0;3;0;6;0;2;1;A01
200900058985;0;10;0;0;2;1;1;B01
200900058985;0;31;0;0;2;1;1;A01
200900058986;1;7;0;0;2;3;10;A01
200900058986;0;32;0;0;2;1;1;B01
200900058987;0;7;0;0;2;1;0;A01
200900058988;0;33;0;1;2;1;1;A01
200900058988;0;7;0;0;0;3;1;B01
200900058989;0;7;0;0;2;1;1;A01
200900058990;0;1;0;0;0;0;0;A01
200900058991;0;32;0;0;2;1;1;B01
200900058991;0;7;0;0;2;0;15;A01
200900058992;0;10;0;0;2;1;2;A01
200900058992;0;7;0;0;0;5;2;B01
200900058993;0;1;0;0;0;8;1;B01
200900058993;1;7;0;0;2;7;17;A01
200900058994;0;7;0;0;2;5;15;A01
200900058994;0;31;0;0;2;1;1;B01
200900058995;0;32;0;0;2;0;10;A01
200900058995;1;7;0;0;2;0;0;B01
200900058996;0;7;0;0;2;1;1;B01
200900058996;0;7;0;0;0;8;9;A01
200900058997;0;32;0;0;2;1;1;B01
200900058997;0;7;0;0;2;3;0;A01
200900058998;0;10;0;0;0;0;2;B01
200900058998;0;30;0;0;2;0;2;A01
200900058999;0;1;0;0;0;0;0;A01
200900059000;0;7;0;0;2;2;15;A01
200900059000;0;7;0;0;2;3;1;B01
200900059001;0;7;0;7;0;1;1;A01
200900059002;0;2;0;0;0;0;0;A01
200900059003;0;7;0;0;2;5;0;A01
200900059003;0;30;0;0;2;1;1;B01
200900059004;0;7;0;0;2;1;1;A01
200900059004;0;7;0;0;2;8;1;B01
200900059005;0;2;0;0;2;1;0;B01
200900059005;0;7;0;0;2;7;1;A01
200900059006;0;30;0;0;0;0;1;A01
200900059007;0;10;0;0;2;4;10;B01
200900059007;0;34;0;0;2;1;1;A01
200900059008;0;7;0;0;2;3;9;A01
200900059008;0;32;0;0;2;1;1;B01
200900059009;0;2;0;0;2;1;1;A01
200900059010;0;33;0;0;2;7;17;A01
200900059010;0;7;0;0;2;8;15;B01
200900059011;0;7;0;0;2;6;9;A01
200900059011;0;31;0;0;2;1;1;B01
200900059012;0;31;0;0;2;1;1;A01
200900059012;0;7;0;0;2;2;1;B01
200900059013;0;30;0;0;2;8;1;B01
200900059013;0;7;0;0;2;2;17;A01
200900059014;0;33;0;0;2;1;1;B01
200900059014;0;7;0;0;2;7;15;A01
200900059015;0;7;0;0;0;8;13;B01
200900059015;0;30;0;0;2;2;17;A01
200900059016;0;30;0;0;0;0;0;A01
200900059017;0;32;0;0;2;1;13;A01
200900059017;0;33;0;0;2;1;1;B01
200900059018;0;7;0;0;2;3;9;A01
200900059018;0;30;0;0;2;7;1;B01
200900059019;0;7;0;0;2;1;0;A01
200900059020;0;30;0;0;2;1;18;A01
200900059020;0;7;0;0;2;7;15;B01
200900059021;0;32;0;0;2;1;1;A01
200900059021;0;7;0;0;2;1;1;B01
200900059022;0;10;0;13;0;0;0;A01
200900059023;0;30;0;0;0;0;0;A01
200900059023;0;7;0;0;0;0;0;B01
200900059024;1;10;0;0;2;0;0;A01
200900059024;0;37;1;0;2;1;1;B01
200900059025;0;7;0;0;2;4;15;A01
200900059025;0;33;0;0;2;1;1;B01
200900059026;0;7;0;0;2;1;1;A01
200900059026;0;7;0;0;2;0;1;B01
200900059027;0;10;0;0;2;3;1;A01
200900059027;0;2;0;0;2;1;1;B01
200900059028;0;7;0;0;2;6;4;A01
200900059028;0;32;0;0;2;7;1;B01
200900059029;0;31;0;0;2;2;1;A01
200900059029;0;1;0;0;2;6;1;B01
200900059030;0;33;0;0;2;1;1;A01
200900059030;0;7;0;0;2;5;16;B01
200900059031;0;7;0;0;2;1;1;B01
200900059031;0;7;0;1;2;8;1;A01
200900059032;0;7;0;13;0;1;13;A01
200900059033;0;7;0;0;1;1;1;A01
200900059033;0;1;0;0;2;4;0;B01
200900059034;0;2;0;1;0;1;14;A01
200900059035;0;33;0;1;0;1;21;A01
200900059035;0;7;0;0;0;0;9;B01
200900059036;0;7;0;0;2;2;9;A01
200900059036;0;33;0;0;2;3;1;B01
200900059037;0;31;0;0;1;1;1;A01
200900059038;0;31;0;0;0;0;1;B01
200900059038;0;7;0;0;0;0;1;A01
200900059039;0;31;0;0;1;0;1;A01
200900059040;0;1;0;2;0;0;0;A01
200900059041;0;7;0;0;2;1;1;B01
200900059041;0;1;0;0;2;1;0;A01
200900059042;0;7;0;0;2;1;1;A01
200900059042;0;7;0;0;2;7;1;B01
200900059043;0;2;0;8;0;1;0;A01
200900059044;0;1;0;0;2;4;0;B01
200900059044;0;7;0;0;2;3;1;A01
200900059045;0;30;0;0;2;1;2;A01
200900059045;0;7;0;0;2;8;2;B01
200900059045;0;7;0;0;2;7;2;C01
200900059045;0;7;0;0;2;4;2;D01
200900059046;0;7;0;0;2;3;2;B01
200900059046;0;2;0;0;2;5;23;A01
200900059047;0;33;0;0;2;1;1;B01
200900059047;0;7;0;0;2;1;9;A01
200900059048;0;7;0;9;0;1;13;A01
200900059049;0;33;0;0;2;1;1;B01
200900059049;0;7;0;0;2;1;9;A01
200900059050;0;14;0;0;2;2;1;B01
200900059050;0;7;0;0;2;1;1;A01
200900059051;0;7;0;0;2;1;1;B01
200900059051;0;2;0;0;2;7;1;A01
200900059052;0;33;0;0;2;7;15;B01
200900059052;0;2;0;0;2;7;15;C01
200900059052;0;7;0;0;2;3;0;A01
200900059053;0;31;0;0;2;1;1;A01
200900059053;0;7;0;0;2;4;2;B01
200900059054;0;7;0;0;2;1;2;A01
200900059054;0;7;0;0;0;4;1;B01
200900059055;0;2;0;0;2;8;1;B01
200900059055;0;7;0;0;2;1;1;A01
200900059056;0;30;0;12;0;1;1;A01
200900059057;0;7;0;0;2;7;6;A01
200900059057;0;7;0;0;2;1;1;B01
200900059058;0;7;0;0;2;7;16;B01
200900059058;0;33;0;0;2;2;1;A01
200900059059;0;33;0;0;0;0;0;A01
200900059060;0;2;0;0;2;1;1;B01
200900059060;0;7;0;0;2;7;15;A01
200900059061;0;7;0;0;2;6;15;A01
200900059061;0;2;0;0;2;0;1;B01
200900059062;0;2;0;0;2;1;13;A01
200900059062;0;31;0;0;2;1;1;B01
200900059063;0;2;0;0;2;5;1;A01
200900059063;0;7;0;0;2;3;15;B01
200900059064;0;1;0;0;2;1;0;B01
200900059064;0;7;0;0;2;1;0;A01
200900059065;0;33;0;9;0;1;14;A01
200900059066;0;7;0;0;1;1;1;A01
200900059067;0;7;0;0;0;8;23;B01
200900059067;0;30;0;0;2;2;0;A01
200900059068;0;7;0;0;2;1;2;A01
200900059068;0;7;0;0;0;4;2;B01
200900059069;0;31;0;0;2;7;1;B01
200900059069;0;7;0;0;2;1;15;A01
200900059070;0;33;0;0;2;7;17;A01
200900059070;0;10;0;0;2;3;1;B01
200900059071;0;10;0;0;2;6;15;A01
200900059071;0;2;0;0;2;1;1;B01
200900059072;0;30;0;0;2;7;1;B01
200900059072;0;7;0;0;2;6;4;A01
200900059073;0;2;0;0;2;1;1;B01
200900059073;0;7;0;0;2;2;15;A01
200900059074;0;31;0;0;2;7;1;B01
200900059074;0;7;0;0;2;3;10;A01
200900059075;0;7;0;0;1;2;1;A01
200900059076;0;33;0;0;2;2;1;B01
200900059076;0;7;0;0;2;1;9;A01
200900059077;0;30;0;0;2;8;1;B01
200900059077;0;10;0;0;2;4;4;A01
200900059078;0;7;0;0;2;2;14;A01
200900059078;0;1;0;0;2;4;1;B01
200900059079;0;7;0;0;2;2;16;A01
200900059079;0;1;0;0;2;8;1;B01
200900059080;0;2;0;0;2;1;1;B01
200900059080;0;7;0;0;2;3;9;A01
200900059081;0;7;0;0;2;3;15;A01
200900059081;0;2;0;0;2;1;1;B01
200900059082;0;7;0;0;2;1;1;A01
200900059082;0;7;0;0;2;2;15;B01
200900059083;0;31;0;0;2;1;1;B01
200900059083;0;7;0;0;2;6;4;A01
200900059084;0;31;0;0;2;2;1;B01
200900059084;0;7;0;0;2;6;11;A01
200900059085;0;31;0;0;2;1;2;B01
200900059085;0;7;0;0;2;6;15;A01
200900059086;0;7;0;0;2;3;13;A01
200900059086;0;31;0;0;2;8;1;B01
200900059087;0;7;0;0;1;1;1;A01
200900059088;0;30;0;0;0;0;1;A01
200900059089;0;7;0;0;1;6;4;A01
200900059090;0;7;0;0;2;3;1;A01
200900059090;0;33;0;0;2;5;9;B02
200900059091;0;14;0;0;2;2;2;A01
200900059091;0;30;0;0;0;4;2;B02
200900059092;0;33;0;5;0;7;1;A01
200900059093;0;7;0;0;2;4;2;C01
200900059093;0;7;0;0;2;1;1;A01
200900059093;0;7;0;0;2;4;2;B01
200900059094;0;7;0;0;2;4;2;B01
200900059094;0;7;0;0;2;1;1;A01
200900059095;0;32;0;0;1;1;1;A01
200900059096;0;32;0;0;0;0;1;A01
200900059096;0;7;0;0;0;0;1;B01
200900059097;0;7;0;6;0;3;1;A01
200900059098;0;38;3;0;1;2;1;A01
200900059099;0;7;0;13;0;2;14;A01
200900059100;0;30;0;0;1;1;17;A01
200900059101;0;2;0;0;0;7;1;B01
200900059101;1;7;0;0;2;8;16;A01
200900059102;0;7;0;16;2;7;15;A01
200900059102;0;7;0;14;2;1;1;B01
200900059103;0;7;0;0;0;2;9;A01
200900059103;0;33;0;0;0;6;1;B01
200900059104;0;7;0;0;2;5;1;A01
200900059104;0;7;0;0;2;1;1;B01
200900059105;0;7;0;0;2;3;19;A01
200900059105;0;7;0;0;2;2;1;B01
200900059106;0;33;0;0;2;1;1;B01
200900059106;0;7;0;0;2;3;15;A01
200900059107;0;7;0;0;1;7;1;A01
200900059108;0;1;0;0;2;1;1;A01
200900059108;0;7;0;0;2;4;23;B01
200900059109;0;34;0;0;2;1;1;B01
200900059109;0;7;0;0;2;3;15;A01
200900059110;0;1;0;0;2;8;15;A01
200900059110;0;32;0;0;2;2;1;B01
200900059111;0;1;0;0;0;1;13;A01
200900059111;0;7;0;0;0;0;2;B01
200900059112;0;7;0;0;0;0;0;A01
200900059113;0;38;5;2;0;2;1;A01
200900059114;0;7;0;15;0;9;1;A01
200900059115;0;7;0;16;0;9;1;A01
200900059116;0;33;0;13;0;1;17;A01
200900059117;0;7;0;2;0;7;13;A01
200900059118;0;10;0;13;0;3;1;A01
200900059118;0;10;0;0;2;2;17;B01
200900059119;0;7;0;13;0;2;1;A01
200900059120;0;7;0;0;2;1;2;A01
200900059120;0;7;0;0;2;6;2;C01
200900059120;0;7;0;0;2;3;2;D01
200900059120;0;7;0;0;2;7;2;B01
200900059121;0;7;0;0;2;1;2;A01
200900059121;0;7;0;0;2;4;2;B01
200900059122;0;30;0;0;2;4;15;B01
200900059122;0;7;0;0;2;1;15;A01
200900059123;0;7;0;0;2;4;2;C01
200900059123;0;7;0;0;2;1;2;A01
200900059123;0;7;0;0;2;4;2;B01
200900059124;0;7;0;0;2;1;15;A01
200900059124;0;7;0;0;2;1;1;B01
200900059125;0;7;0;0;2;2;1;B01
200900059125;0;7;0;0;2;3;15;A01
200900059126;0;7;0;4;0;9;1;A01
200900059126;1;17;0;0;2;0;1;Z01
200900059127;0;7;0;0;1;3;1;A01
200900059128;0;30;0;0;0;0;1;A01
200900059129;0;7;0;0;2;1;1;B01
200900059129;0;7;0;0;2;6;9;A01
200900059130;0;37;1;0;2;8;15;A01
200900059130;0;1;0;0;2;7;15;B01
200900059131;0;30;0;1;0;1;2;A01
200900059131;0;15;0;0;2;4;24;B01
200900059132;0;10;0;0;2;3;16;A01
200900059132;0;7;0;0;2;1;2;B01
200900059133;0;7;0;3;0;1;2;A01
200900059134;0;7;0;0;2;1;2;B01
200900059134;0;7;0;0;2;1;2;A01
200900059135;0;7;0;0;2;7;2;B01
200900059135;0;7;0;0;2;1;2;A01
200900059136;0;3;0;0;2;1;15;A01
200900059136;0;14;0;0;2;3;1;B01
200900059137;0;7;0;0;1;1;2;A01
200900059138;0;7;0;0;2;1;2;A01
200900059138;0;7;0;0;2;4;2;C01
200900059138;0;7;0;0;2;4;2;B01
200900059139;0;30;0;0;2;1;2;B01
200900059139;0;7;0;0;1;8;10;A01
200900059140;0;7;0;0;1;1;1;A01
200900059141;0;7;0;13;0;1;1;A01
200900059142;0;7;0;0;2;2;2;B01
200900059142;0;7;0;1;2;1;2;A01
200900059143;0;7;0;9;0;1;2;A01
200900059144;0;7;0;0;2;1;2;B01
200900059144;0;7;0;0;2;4;2;A01
200900059145;0;7;0;0;2;6;9;A01
200900059145;0;31;0;0;2;1;2;B01
200900059146;0;7;0;6;0;4;2;A01
200900059147;0;7;0;0;2;2;2;B01
200900059147;0;7;0;0;0;1;2;A01
200900059148;0;7;0;0;2;4;2;A01
200900059148;0;7;0;0;2;1;2;B01
200900059149;0;7;0;0;2;2;2;A01
200900059149;0;7;0;0;2;4;1;B01
200900059150;0;7;0;0;2;1;2;A01
200900059150;0;7;0;0;2;7;2;B01
200900059151;0;7;0;9;0;2;1;A01
200900059152;0;7;0;0;2;7;15;A01
200900059152;0;31;0;0;2;1;1;B01
200900059153;0;7;0;11;0;1;1;A01
200900059154;0;7;0;0;2;3;13;A01
200900059154;0;7;0;0;2;3;1;B01
200900059155;0;7;0;0;2;2;1;B01
200900059155;0;7;0;0;2;3;19;A01
200900059156;0;7;0;4;0;1;2;A01
200900059157;0;30;0;16;0;1;2;A01
200900059158;0;7;0;3;0;1;2;A01
200900059159;0;7;0;0;2;2;15;A01
200900059159;0;31;0;0;2;1;2;B01
200900059160;0;7;0;3;0;1;2;A01
200900059161;0;7;0;16;0;1;2;A01
200900059162;0;7;0;0;1;2;2;A01
200900059163;0;7;0;0;1;1;2;A01
200900059164;0;7;0;0;2;2;2;A01
200900059164;0;7;0;8;2;4;1;B01
200900059165;0;7;0;2;0;1;1;B01
200900059165;0;7;0;8;0;4;1;A01
200900059166;0;7;0;0;1;2;1;A01
200900059167;0;2;0;0;2;1;9;A01
200900059167;0;7;0;0;2;2;1;B02
200900059168;0;7;0;0;1;3;15;A01
200900059169;0;7;0;3;2;2;17;A01
200900059169;0;2;0;0;2;1;1;B02
200900059170;0;7;0;0;2;1;15;A01
200900059170;0;7;0;0;2;1;1;B02
200900059171;0;17;0;0;0;0;15;B02
200900059171;0;7;0;0;2;3;1;C03
200900059171;0;17;0;0;2;3;17;A01
200900059172;0;7;0;0;2;1;1;A01
200900059172;0;21;0;0;2;4;1;B02
200900059173;0;7;0;0;1;2;9;A01
200900059174;0;7;0;3;0;2;1;A01
200900059175;0;7;0;0;2;1;1;A01
200900059175;0;7;0;0;2;4;23;B02
200900059175;0;7;0;0;0;4;23;D04
200900059175;0;7;0;0;2;4;23;C03
200900059176;0;7;0;0;1;2;1;A01
200900059177;0;10;0;8;0;1;1;A01
200900059178;0;7;0;0;1;7;1;A01
200900059179;0;7;0;0;2;1;1;B02
200900059179;0;7;0;3;2;8;13;A01
200900059180;0;1;0;0;2;1;1;B02
200900059180;0;7;0;0;9;2;15;A01
200900059181;0;7;0;0;2;4;23;C03
200900059181;0;7;0;0;2;1;1;A01
200900059181;0;7;0;0;2;4;23;B02
200900059182;0;7;0;0;0;9;1;A01
200900059183;0;7;0;0;1;3;0;A01
200900059184;0;7;0;0;2;1;5;A01
200900059184;0;7;0;0;2;1;1;B02
200900059185;0;2;0;0;2;1;19;A01
200900059185;0;7;0;0;2;8;1;B02
200900059186;0;17;0;0;2;2;1;B02
200900059186;0;7;0;0;2;8;19;A01
200900059187;0;30;0;0;2;1;1;B02
200900059187;0;7;0;0;2;3;15;A01
200900059188;0;7;0;13;0;3;13;A01
200900059189;0;7;0;0;1;1;1;A01
200900059190;0;3;0;0;0;9;1;A01
200900059191;0;34;0;0;2;3;15;B01
200900059191;0;7;0;0;2;4;20;A01
200900059192;0;10;0;0;2;8;15;B01
200900059192;0;33;0;0;2;0;2;A01
200900059193;0;7;0;0;1;1;1;A01
200900059194;0;33;0;0;2;1;1;A01
200900059194;0;7;0;0;2;5;19;B01
200900059195;1;7;0;0;2;3;2;A01
200900059195;0;31;0;0;2;1;1;B01
200900059196;0;34;0;0;2;1;21;B01
200900059196;0;7;0;0;2;3;9;A01
200900059197;0;7;0;0;1;2;1;A01
200900059198;0;2;0;0;2;8;1;B01
200900059198;0;7;0;0;2;3;16;A01
200900059199;0;14;0;0;0;5;24;B01
200900059199;0;7;0;1;0;9;11;A01
200900059200;0;7;0;0;2;7;17;A01
200900059200;0;37;1;0;2;1;1;B01
200900059201;0;7;0;0;2;3;15;A01
200900059201;0;32;0;0;2;1;1;B01
200900059202;0;7;0;0;2;1;15;A01
200900059202;0;7;0;0;2;7;1;B01
200900059203;0;7;0;0;2;3;1;B01
200900059203;0;7;0;0;2;3;1;C01
200900059203;0;2;0;0;2;1;13;A01
200900059204;0;7;0;0;2;2;17;A01
200900059204;0;7;0;0;2;3;15;B02
200900059205;0;7;0;13;0;1;1;A01
200900059206;0;21;0;0;2;3;1;B02
200900059206;0;7;0;0;2;1;13;A01
200900059207;0;1;0;0;2;2;1;A01
200900059207;0;10;0;0;2;3;9;B02
200900059208;0;31;0;0;2;1;1;A01
200900059208;0;7;0;0;2;2;15;B02
200900059209;0;7;0;0;2;1;1;A01
200900059209;0;1;0;0;2;3;15;B02
200900059210;0;7;0;0;2;3;1;B02
200900059210;0;10;0;13;2;2;15;A01
200900059211;0;10;0;0;1;3;1;A01
200900059212;0;7;0;3;0;3;2;A01
200900059213;0;7;0;1;0;1;14;A01
200900059213;0;7;0;0;2;1;24;B02
200900059214;0;7;0;7;0;7;14;A01
200900059215;0;30;0;0;2;8;19;B02
200900059215;0;7;0;0;2;2;1;A01
200900059216;0;14;0;0;0;0;15;A01
200900059217;0;7;0;13;0;1;14;A01
200900059218;0;7;0;0;2;3;15;A01
200900059218;0;7;0;0;2;1;1;B02
200900059219;0;32;0;0;2;3;19;B02
200900059219;0;7;0;0;2;7;1;A01
200900059220;0;7;0;7;0;2;14;A01
200900059221;0;7;0;0;2;3;1;A01
200900059221;0;20;0;0;2;1;1;B02
200900059222;0;14;0;0;1;2;1;A01
200900059223;0;10;0;0;2;3;15;B01
200900059223;0;2;0;0;2;1;15;A01
200900059224;0;7;0;0;2;8;13;A01