num_acc;senc;catv;occutc;obs;obsm;choc;manv;num_veh
200900059224;0;10;0;0;2;1;2;C01
200900059224;0;7;0;13;2;2;17;B01
200900059225;0;7;0;0;1;1;15;A01
200900059226;0;7;0;0;1;1;1;A01
200900059227;0;7;0;0;2;3;9;A01
200900059227;0;2;0;0;2;1;1;B01
200900059228;0;7;0;0;1;1;1;A01
200900059229;0;10;0;0;2;3;9;A01
200900059229;0;30;0;0;2;1;1;B01
200900059230;0;10;0;0;1;1;1;A01
200900059231;0;2;0;0;1;3;21;A01
200900059232;0;17;0;0;2;6;13;A01
200900059232;0;7;0;0;2;8;1;C01
200900059232;0;7;0;0;2;8;1;B01
200900059233;0;2;0;12;0;1;14;A01
200900059234;0;7;0;0;1;2;1;A01
200900059235;0;7;0;0;2;1;13;A01
200900059235;0;7;0;3;2;2;17;B01
200900059236;0;7;0;0;1;1;1;A01
200900059237;1;30;0;0;1;1;16;A01
200900059238;0;7;0;0;2;2;15;A01
200900059238;0;7;0;0;2;1;1;B01
200900059239;0;7;0;14;0;3;13;A01
200900059240;0;7;0;0;2;1;1;B01
200900059240;0;10;0;0;2;7;15;A01
200900059241;0;7;0;0;2;1;2;A01
200900059241;0;7;0;0;2;4;23;B01
200900059242;0;37;1;0;1;0;1;A01
200900059243;0;7;0;0;2;3;10;A01
200900059243;0;2;0;0;2;2;17;B01
200900059244;0;7;0;0;2;2;2;A01
200900059244;0;7;0;0;2;4;23;B01
200900059245;0;7;0;0;2;4;1;C01
200900059245;0;7;0;0;2;1;1;B01
200900059245;0;7;0;0;2;1;1;A01
200900059246;0;7;0;0;2;8;11;B01
200900059246;0;32;0;0;2;1;8;A01
200900059247;0;2;0;0;2;1;15;A01
200900059247;0;7;0;0;2;2;1;B01
200900059248;0;7;0;0;1;1;15;A01
200900059249;0;7;0;0;1;1;1;A01
200900059250;0;7;0;0;1;2;1;A01
200900059251;0;7;0;0;2;3;10;A01
200900059251;0;33;0;0;2;1;1;B01
200900059252;0;7;0;0;2;1;1;A01
200900059252;0;7;0;0;2;4;1;B01
200900059253;1;30;0;0;1;1;1;A01
200900059254;0;2;0;0;2;8;17;B01
200900059254;0;7;0;0;2;3;15;A01
200900059255;0;7;0;6;0;1;17;B01
200900059255;0;7;0;0;0;0;15;A01
200900059256;0;7;0;0;1;2;1;A01
200900059257;0;7;0;0;1;3;1;A01
200900059258;0;7;0;0;1;1;1;A01
200900059259;0;7;0;12;0;2;1;A01
200900059260;0;1;0;0;2;4;1;B01
200900059260;0;10;0;0;2;3;1;A01
200900059261;0;32;0;0;2;2;1;B01
200900059261;0;7;0;0;2;3;1;A01
200900059262;0;7;0;0;2;5;15;A01
200900059262;0;32;0;0;2;1;1;B01
200900059263;0;7;0;0;2;1;1;C01
200900059263;0;7;0;8;2;8;1;B01
200900059263;0;3;0;0;2;3;1;A01
200900059264;0;7;0;0;1;3;1;B01
200900059265;0;7;0;0;2;3;10;A01
200900059265;0;7;0;6;2;2;1;B01
200900059266;0;7;0;0;0;3;4;A01
200900059266;0;33;0;0;2;1;2;B01
200900059267;0;36;0;0;2;1;1;A01
200900059267;0;7;0;0;2;6;19;B01
200900059267;0;10;0;0;2;8;1;C01
200900059268;0;7;0;0;2;5;15;A01
200900059268;0;33;0;0;2;3;1;B01
200900059269;0;7;0;0;2;7;15;A01
200900059269;0;33;0;0;2;1;1;B01
200900059270;0;7;0;0;2;3;15;B01
200900059270;0;30;0;0;2;1;8;A01
200900059271;0;7;0;0;2;1;15;A01
200900059271;0;30;0;0;2;1;1;B01
200900059272;0;7;0;0;2;2;15;A01
200900059272;0;7;0;0;2;1;19;B01
200900059273;0;7;0;0;2;1;1;B01
200900059273;0;30;0;0;2;3;1;A01
200900059274;0;7;0;1;2;1;1;B01
200900059274;0;7;0;0;2;1;1;A01
200900059275;0;7;0;0;2;2;1;A01
200900059275;0;7;0;0;2;3;20;B01
200900059276;0;7;0;0;1;6;4;A01
200900059277;0;7;0;0;2;1;9;A01
200900059277;0;7;0;0;2;1;1;B01
200900059278;0;7;0;0;2;4;2;C01
200900059278;0;7;0;1;0;1;2;A01
200900059278;0;7;0;1;2;5;2;B01
200900059279;0;2;0;1;0;1;0;A01
200900059280;0;7;0;0;1;3;15;A01
200900059281;0;7;0;0;2;6;1;B01
200900059281;0;7;0;0;2;2;17;A01
200900059282;0;7;0;0;1;1;1;A01
200900059283;0;2;0;0;2;9;15;B01
200900059283;0;10;0;0;2;3;1;A01
200900059284;0;7;0;0;2;4;2;B01
200900059284;0;7;0;0;2;1;2;A01
200900059285;0;7;0;0;2;5;2;B01
200900059285;0;30;0;0;2;1;2;A01
200900059286;0;7;0;0;2;3;1;A01
200900059286;0;7;0;0;2;5;1;B01
200900059287;0;99;0;0;2;1;1;A01
200900059287;0;7;0;0;2;7;1;B01
200900059288;0;7;0;0;2;3;1;A01
200900059288;0;10;0;0;2;9;15;B01
200900059289;0;7;0;0;2;3;9;A01
200900059289;0;30;0;0;2;1;1;B01
200900059290;0;7;0;1;2;1;2;A01
200900059290;0;7;0;0;0;0;2;B01
200900059291;0;7;0;0;2;3;9;B01
200900059291;0;30;0;0;2;2;1;A01
200900059292;0;7;0;0;1;8;1;B01
200900059292;0;2;0;0;2;1;8;A01
200900059293;0;30;0;0;0;9;1;A01
200900059294;0;7;0;0;2;3;2;A01
200900059294;0;7;0;0;2;2;2;B01
200900059295;0;30;0;0;2;1;1;A01
200900059295;0;7;0;0;2;4;1;B01
200900059296;0;7;0;0;0;0;1;A01
200900059297;0;30;0;0;2;8;15;B01
200900059297;0;7;0;0;2;1;1;A01
200900059298;0;7;0;0;2;4;2;B01
200900059298;0;7;0;0;2;1;2;A01
200900059298;0;7;0;0;2;4;2;C01
200900059299;0;7;0;0;1;2;1;A01
200900059300;0;7;0;0;2;4;2;B01
200900059300;0;1;0;0;2;1;2;A01
200900059301;0;32;0;0;1;1;1;A01
200900059302;0;7;0;11;0;1;1;A01
200900059303;0;37;1;0;1;7;16;A01
200900059304;0;33;0;0;2;1;1;B01
200900059304;0;7;0;0;2;3;11;A01
200900059305;0;7;0;0;1;2;1;A01
200900059306;0;37;25;0;1;1;1;A01
200900059307;0;7;0;0;1;3;2;A01
200900059308;0;2;0;14;0;8;0;A01
200900059309;0;1;0;1;0;1;1;B01
200900059309;0;7;0;0;9;8;22;A01
200900059310;0;7;0;0;2;7;1;A01
200900059310;0;7;0;0;2;1;1;B01
200900059311;0;7;0;8;2;8;1;B01
200900059311;0;7;0;0;2;2;1;A01
200900059312;0;32;0;0;2;1;2;A01
200900059312;0;10;0;0;2;6;2;B01
200900059313;0;7;0;0;1;2;0;A01
200900059314;0;1;0;0;2;2;2;A01
200900059314;0;7;0;0;0;2;2;B01
200900059315;0;7;0;0;1;3;1;A01
200900059316;0;7;0;0;1;3;9;A01
200900059317;0;7;0;9;0;1;14;A01
200900059318;0;7;0;0;2;4;1;B01
200900059318;0;30;0;0;2;1;1;A01
200900059319;2;7;0;0;2;3;13;A01
200900059319;0;7;0;0;2;6;1;B01
200900059320;0;1;0;0;2;4;2;B01
200900059320;1;7;0;0;2;1;2;A01
200900059321;0;7;0;0;2;3;15;A01
200900059321;0;30;0;0;2;2;17;B01
200900059322;0;30;0;0;0;8;1;A01
200900059323;0;7;0;0;2;1;15;A01
200900059323;0;1;0;0;2;1;13;B01
200900059324;0;7;0;8;0;1;14;A01
200900059325;0;2;0;0;2;1;1;A01
200900059326;0;7;0;11;0;1;13;A01
200900059327;0;7;0;0;1;1;1;A01
200900059328;0;7;0;0;2;4;1;B01
200900059328;0;7;0;0;2;1;1;A01
200900059329;0;30;0;0;1;1;1;A01
200900059330;0;2;0;0;0;0;1;A01
200900059331;0;33;0;1;2;1;1;B01
200900059331;0;7;0;0;2;3;16;A01
200900059332;0;7;0;0;1;1;1;A01
200900059333;0;33;0;1;2;0;1;B01
200900059333;0;7;0;0;2;3;16;A01
200900059334;0;7;0;0;2;3;15;A01
200900059334;0;30;0;0;2;1;17;B01
200900059335;0;2;0;0;0;0;1;A01
200900059336;0;7;0;0;1;1;0;A01
200900059337;0;30;0;0;1;1;1;A01
200900059338;0;7;0;0;1;4;4;A01
200900059339;0;7;0;0;1;4;4;A01
200900059340;0;30;0;0;1;0;1;A01
200900059341;0;7;0;2;0;9;1;A01
200900059342;0;2;0;0;2;1;17;A01
200900059342;0;7;0;0;0;6;15;B02
200900059343;0;7;0;8;0;2;1;A01
200900059344;0;7;0;0;1;1;1;A01
200900059345;0;7;0;3;0;3;1;A01
200900059346;0;7;0;13;0;3;1;A01
200900059347;0;7;0;2;0;8;1;A01
200900059348;0;7;0;15;0;5;1;A01
200900059349;0;33;0;0;2;1;1;B02
200900059349;0;7;0;0;2;6;19;A01
200900059350;0;7;0;2;0;8;1;A01
200900059351;0;7;0;13;0;2;1;A01
200900059352;0;14;0;2;0;1;1;A01
200900059353;0;7;0;6;0;1;1;A01
200900059354;0;7;0;2;0;3;1;A01
200900059355;0;7;0;0;2;1;1;B02
200900059355;0;30;0;0;2;1;17;A01
200900059356;0;7;0;3;2;9;1;A01
200900059356;0;7;0;0;0;9;1;B02
200900059357;0;7;0;0;2;3;15;A01
200900059357;0;7;0;0;2;1;1;B02
200900059358;0;1;0;0;0;2;19;A01
200900059358;0;7;0;0;2;3;1;B02
200900059359;0;7;0;13;0;3;13;A01
200900059360;0;7;0;0;2;3;16;A01
200900059360;0;7;0;0;2;2;1;B02
200900059361;0;1;0;0;2;8;19;B02
200900059361;0;7;0;0;2;2;1;A01
200900059362;0;7;0;3;0;9;17;A01
200900059363;0;7;0;0;2;3;10;A01
200900059363;0;33;0;0;2;1;17;B02
200900059364;0;7;0;0;2;1;1;B02
200900059364;0;7;0;0;2;7;13;A01
200900059365;0;10;0;0;2;4;24;B02
200900059365;0;7;0;0;2;3;2;A01
200900059366;0;33;0;0;2;1;2;A01
200900059366;0;7;0;0;2;4;2;B02
200900059367;0;33;0;0;2;1;21;A01
200900059367;0;38;5;0;2;7;13;B01
200900059368;0;7;0;0;2;3;1;B01
200900059368;0;7;0;0;2;2;1;A01
200900059369;0;31;0;0;0;0;17;A01
200900059370;0;2;0;0;0;0;1;A01
200900059371;0;7;0;0;1;2;1;A01
200900059372;0;7;0;0;1;1;15;A01
200900059373;0;7;0;0;1;1;1;A01
200900059374;0;7;0;0;2;4;1;B01
200900059374;0;7;0;0;2;1;1;A01
200900059375;0;7;0;0;2;0;1;B01
200900059375;0;30;0;0;2;0;13;A01
200900059376;0;7;0;0;1;4;4;A01
200900059377;0;2;0;0;2;7;1;B02
200900059377;0;7;0;0;2;1;1;A01
200900059378;0;30;0;0;2;6;1;A01
200900059378;0;7;0;0;2;3;23;B01
200900059379;0;32;0;0;2;2;1;B01
200900059379;0;7;0;0;2;4;4;A01
200900059380;0;7;0;0;2;1;1;B01
200900059380;0;10;0;0;2;6;1;A01
200900059381;0;7;0;0;2;3;22;A01
200900059381;0;1;0;0;2;1;1;B01
200900059382;0;7;0;0;2;3;2;B01
200900059382;0;2;0;0;2;1;9;A01
200900059383;1;7;0;0;2;0;10;B01
200900059383;0;31;0;0;2;1;1;A01
200900059384;0;7;0;0;2;4;4;A01
200900059384;0;1;0;0;2;1;1;B01
200900059385;0;40;1;0;1;3;1;B01
200900059386;0;7;0;0;2;2;15;A01
200900059386;0;30;0;0;2;3;1;B01
200900059387;0;32;0;0;2;0;0;A01
200900059387;0;7;0;0;2;1;0;B01
200900059388;0;7;0;0;0;2;16;B01
200900059388;0;30;0;0;0;0;0;A01
200900059389;0;7;0;0;2;8;1;A01
200900059389;0;7;0;0;2;1;1;B01
200900059390;0;7;0;14;0;1;2;B01
200900059390;0;7;0;0;2;4;23;A01
200900059391;0;7;0;0;2;8;15;A01
200900059391;2;30;0;0;2;2;16;B02
200900059392;0;2;0;0;2;2;0;A01
200900059392;0;99;0;0;0;0;0;B01
200900059393;0;7;0;0;0;4;2;B01
200900059393;1;7;0;0;2;1;2;A01
200900059394;0;7;0;0;2;7;15;A01
200900059394;0;32;0;0;2;1;1;B01
200900059395;0;32;0;0;2;1;1;A01
200900059395;0;7;0;0;2;8;15;B01
200900059396;0;7;0;0;2;1;0;A01
200900059397;0;7;0;0;0;1;2;B01
200900059397;0;31;0;0;0;1;9;A01
200900059398;0;10;0;0;2;3;13;A01
200900059398;0;7;0;0;2;8;1;B01
200900059399;0;7;0;0;2;3;15;A01
200900059399;0;2;0;0;2;2;1;B01
200900059400;0;7;0;2;0;1;1;A01
200900059401;0;33;0;6;0;1;1;A01
200900059402;0;7;0;0;1;1;1;A01
200900059403;0;7;0;0;2;2;13;A01
200900059403;0;7;0;0;2;1;1;B02
200900059404;0;7;0;3;0;1;1;A01
200900059405;0;7;0;8;0;2;13;A01
200900059406;0;7;0;0;9;1;1;D04
200900059406;0;14;0;0;2;0;1;A01
200900059406;0;7;0;0;9;2;1;B02
200900059406;0;10;0;0;9;3;1;C03
200900059407;0;10;0;0;2;4;1;B02
200900059407;0;7;0;0;2;1;2;A01
200900059408;0;7;0;0;1;2;1;A01
200900059409;0;7;0;15;0;1;1;A01
200900059410;0;30;0;0;2;1;0;B01
200900059410;0;7;0;0;2;2;15;A01
200900059411;0;2;0;0;0;0;1;A01
200900059412;0;7;0;0;0;4;23;B01
200900059412;0;1;0;1;2;1;1;A01
200900059413;0;7;0;13;0;2;1;A01
200900059414;0;7;0;0;2;6;9;B01
200900059414;2;7;0;0;2;1;1;A01
200900059415;0;2;0;0;2;1;1;A01
200900059415;0;7;0;0;2;4;1;B01
200900059416;0;7;0;0;2;3;1;B01
200900059416;0;7;0;0;2;1;1;A01
200900059417;0;2;0;0;2;1;1;B01
200900059417;0;7;0;0;2;4;1;A01
200900059418;0;30;0;14;0;0;1;A01
200900059419;0;37;0;0;1;2;1;A01
200900059420;0;30;0;0;2;8;1;A01
200900059420;0;7;0;0;2;5;1;B01
200900059421;0;30;0;8;0;1;14;A01
200900059422;0;10;0;13;0;9;14;A01
200900059423;0;2;0;0;0;0;14;A01
200900059424;0;7;0;0;2;1;1;A01
200900059424;0;7;0;0;2;1;1;B01
200900059425;0;7;0;0;2;5;1;B01
200900059425;0;30;0;0;2;7;1;A01
200900059426;0;31;0;0;2;1;19;B01
200900059426;0;7;0;0;0;8;17;A01
200900059427;0;7;0;0;2;1;1;B01
200900059427;0;7;0;0;2;2;15;A01
200900059428;0;30;0;0;2;1;1;B01
200900059428;0;7;0;0;2;6;15;A01
200900059429;0;33;0;4;0;9;21;B01
200900059429;0;7;0;0;0;0;9;A01
200900059430;0;7;0;0;2;1;9;A01
200900059430;0;2;0;0;2;2;1;B01
200900059431;0;7;0;0;2;1;15;A01
200900059431;0;7;0;;2;3;1;B01
200900059432;0;2;0;0;2;1;15;A01
200900059432;0;7;0;0;2;1;1;B01
200900059433;0;7;0;;2;1;1;B01
200900059433;0;7;0;;2;6;9;A01
200900059434;0;30;0;0;2;1;1;B01
200900059434;0;7;0;0;2;2;16;A01
200900059435;0;7;0;0;2;8;1;C01
200900059435;0;7;0;0;2;1;1;B01
200900059435;0;7;0;0;2;1;13;A01
200900059436;0;2;0;0;0;3;15;B02
200900059436;0;7;0;15;2;2;17;A01
200900059437;0;7;0;6;0;3;14;A01
200900059438;0;17;0;0;2;8;9;A01
200900059438;0;7;0;0;2;1;1;B02
200900059439;0;7;0;2;0;1;14;A01
200900059440;0;7;0;;2;3;13;B02
200900059440;0;7;0;;2;3;1;A01
200900059441;0;10;0;13;6;1;13;A01
200900059442;0;7;0;13;;0;21;A01
200900059443;0;7;0;13;;9;13;A01
200900059444;0;7;0;15;;8;1;A01
200900059445;0;33;0;0;2;1;17;B02
200900059445;0;7;0;0;2;3;15;A01
200900059446;0;7;0;9;0;1;6;A01
200900059447;0;10;0;0;1;4;4;A01
200900059448;0;7;0;0;0;6;19;A01
200900059448;0;33;0;0;2;1;1;B02
200900059449;0;7;0;6;0;8;14;A01
200900059450;0;2;0;0;2;1;1;B02
200900059450;0;7;0;0;2;1;15;A01
200900059451;0;7;0;0;2;3;1;B01
200900059451;0;2;0;0;2;3;13;A01
200900059452;0;7;0;;2;3;15;A01
200900059452;0;33;0;0;2;1;1;B01
200900059453;1;13;0;0;2;0;13;B01
200900059453;0;30;0;0;0;5;1;A01
200900059454;0;30;0;0;5;1;1;A01
200900059455;0;7;0;0;2;1;1;A01
200900059455;0;30;0;0;2;4;1;B01
200900059456;0;7;0;0;0;3;0;A01
200900059456;0;1;0;0;2;0;0;B01
200900059457;0;2;0;0;2;1;1;B01
200900059457;0;7;0;0;2;2;1;A01
200900059458;0;7;0;12;2;3;0;A01
200900059458;0;99;0;12;2;2;9;B01
200900059459;0;7;0;0;2;1;1;A01
200900059459;0;7;0;0;2;2;1;B01
200900059460;0;7;0;0;1;3;1;A01
200900059461;0;7;0;0;2;1;15;A01
200900059461;0;32;0;0;2;7;1;B01
200900059462;0;33;0;0;1;1;17;A01
200900059463;0;30;0;0;2;8;3;A01
200900059463;0;7;0;0;2;2;15;B01
200900059464;0;33;0;0;2;1;1;B01
200900059464;0;7;0;0;2;3;10;A01
200900059465;0;7;0;0;2;1;15;A01
200900059465;0;33;0;0;2;2;1;B01
200900059466;0;7;0;0;2;2;1;B01
200900059466;0;7;0;0;2;1;1;A01
200900059467;0;7;0;0;1;2;1;A01
200900059468;0;7;0;0;0;0;15;A01
200900059468;0;34;0;0;2;8;13;B01
200900059469;0;7;0;6;0;9;14;A01
200900059470;0;7;0;13;0;1;1;A01
200900059471;1;7;0;0;1;4;4;Z01
200900059472;0;10;0;0;2;8;15;B01
200900059472;0;2;0;0;2;1;1;A01
200900059473;0;7;0;0;0;3;2;B01
200900059473;0;7;0;0;0;3;15;A01
200900059474;0;7;0;0;2;3;11;A01
200900059474;2;7;0;0;2;1;1;Z01
200900059475;0;7;0;0;0;9;14;A01
200900059476;1;7;0;0;1;0;1;Z01
200900059477;0;7;0;0;2;1;1;C01
200900059477;0;7;0;0;2;3;1;A01
200900059477;0;7;0;0;2;8;1;B01
200900059478;0;7;0;0;2;3;1;C01
200900059478;0;7;0;0;2;1;6;A01
200900059478;0;7;0;0;2;9;1;B01
200900059478;0;7;0;0;2;1;1;D01
200900059479;0;7;0;6;2;8;1;B01
200900059479;0;7;0;0;2;1;1;A01
200900059480;0;2;0;0;2;1;1;B01
200900059480;0;7;0;0;2;2;15;A01
200900059481;0;7;0;0;0;1;0;A01
200900059482;0;7;0;0;9;2;1;B01
200900059482;0;1;0;0;2;6;15;A01
200900059483;0;7;0;0;0;7;24;B01
200900059483;2;7;0;1;0;4;4;A01
200900059484;0;7;0;0;2;1;5;A01
200900059484;0;10;0;0;2;1;1;B01
200900059485;0;7;0;0;1;2;0;A01
200900059486;1;7;0;0;1;1;15;A01
200900059487;0;7;0;0;2;1;1;B01
200900059487;0;20;0;0;2;1;11;A01
200900059488;0;7;0;0;1;4;23;B01
200900059488;0;7;0;14;0;1;1;A01
200900059489;0;13;0;0;1;2;16;A01
200900059490;0;7;0;1;1;1;1;A01
200900059491;0;33;0;0;2;8;18;A01
200900059491;0;7;0;0;2;7;1;B02
200900059492;0;7;0;0;2;1;1;B02
200900059492;0;33;0;0;2;1;17;A01
200900059493;0;7;0;0;2;1;1;A01
200900059493;0;7;0;0;2;8;19;B02
200900059494;0;7;0;0;2;5;15;B02
200900059494;0;31;0;0;2;1;1;A01
200900059495;0;10;0;0;0;7;1;A01
200900059495;0;7;0;0;2;1;1;B02
200900059496;0;7;0;0;2;3;1;B02
200900059496;0;10;0;0;2;3;1;A01
200900059497;0;7;0;2;2;3;1;D04
200900059497;0;10;0;0;2;6;1;B02
200900059497;0;7;0;0;2;2;19;A01
200900059497;0;7;0;0;2;3;1;C03
200900059498;0;7;0;2;0;1;1;A01
200900059499;0;33;0;13;0;1;1;A01
200900059500;0;7;0;16;0;9;1;A01
200900059501;0;15;0;0;0;1;1;B02
200900059501;0;7;0;0;0;1;1;A01
200900059502;0;7;0;0;2;1;23;A01
200900059502;0;7;0;0;2;3;1;B02
200900059503;0;7;0;2;0;2;1;A01
200900059504;0;14;0;0;1;2;1;A01
200900059505;0;7;0;0;2;1;1;C03
200900059505;0;7;0;0;2;3;1;B02
200900059505;0;7;0;0;2;3;13;A01
200900059506;0;7;0;0;1;2;1;A01
200900059507;0;7;0;0;0;3;15;A01
200900059507;0;33;0;0;0;1;1;B02
200900059508;0;7;0;13;0;3;1;A01
200900059509;0;10;0;0;1;1;1;A01
200900059510;0;2;0;0;2;1;1;B01
200900059510;0;7;0;0;2;3;2;A01
200900059511;0;7;0;12;1;2;1;B01
200900059512;0;33;0;12;2;2;16;A01
200900059512;0;7;0;4;2;3;1;B01
200900059513;0;7;0;0;1;2;21;A01
200900059514;0;30;0;3;0;7;1;A01
200900059515;0;7;0;15;0;2;18;A01
200900059516;0;1;0;9;1;1;1;A01
200900059517;0;7;0;14;0;0;17;A01
200900059518;0;7;0;0;0;0;1;C01
200900059518;0;7;0;0;2;1;1;A01
200900059518;0;7;0;0;0;4;2;B01
200900059519;0;15;0;0;2;7;1;B01
200900059519;0;7;0;0;2;3;0;A01
200900059520;0;7;0;0;1;1;13;A01
200900059521;0;7;0;0;1;0;1;A01
200900059522;0;7;0;9;2;7;23;B01
200900059522;0;30;0;0;0;0;0;A01
200900059523;1;7;0;0;2;0;1;A01
200900059523;0;7;0;0;2;3;1;B01
200900059524;0;30;0;0;2;1;1;A01
200900059524;0;7;0;0;2;3;1;B01
200900059525;0;31;0;11;0;1;1;A01
200900059526;0;7;0;0;1;1;16;A01
200900059527;0;7;0;2;0;1;13;A01
200900059528;0;7;0;0;2;8;19;A01
200900059528;0;7;0;0;2;1;1;B01
200900059529;0;33;0;1;0;7;2;A01
200900059530;0;7;0;0;1;1;1;A01
200900059531;0;7;0;0;1;1;1;A01
200900059532;0;31;0;0;2;8;1;B01
200900059532;0;7;0;0;2;3;15;A01
200900059533;0;7;0;1;2;4;1;B01
200900059533;0;37;2;1;2;1;1;A01
200900059534;0;7;0;0;1;1;0;A01
200900059535;0;7;0;0;2;1;15;A01
200900059535;0;30;0;0;2;1;1;B01
200900059536;0;7;0;8;0;1;21;A01
200900059537;0;7;0;0;1;3;16;A01
200900059538;0;7;0;16;0;8;14;A01
200900059539;0;7;0;0;2;3;1;B01
200900059539;0;7;0;0;2;3;17;A01
200900059540;0;7;0;2;0;2;1;A01
200900059541;0;7;0;0;1;6;1;A01
200900059542;0;7;0;0;2;3;15;A01
200900059542;0;32;0;0;2;1;1;B01
200900059543;0;30;0;0;2;7;12;B01
200900059543;0;7;0;0;2;3;1;A01
200900059544;0;10;0;0;2;3;15;A01
200900059544;0;33;0;0;0;0;17;B01
200900059545;0;7;0;0;1;2;1;A01
200900059546;0;33;0;8;0;0;1;A01
200900059547;0;37;10;0;1;2;20;A01
200900059548;0;1;0;0;2;8;13;A01
200900059548;0;7;0;0;2;1;1;B01
200900059549;0;7;0;0;2;3;16;A01
200900059549;0;7;0;0;2;3;1;B01
200900059550;0;7;0;0;2;3;15;A01
200900059550;0;1;0;0;2;8;1;B01
200900059551;0;1;0;0;2;2;1;B01
200900059551;0;7;0;0;2;2;1;A01
200900059552;0;7;0;0;1;2;17;A01
200900059553;0;2;0;0;2;1;1;B01
200900059553;0;10;0;0;2;3;10;A01
200900059554;0;7;0;11;0;2;1;A01
200900059555;0;17;0;0;0;7;14;A01
200900059556;0;10;0;0;2;3;1;B02
200900059556;0;7;0;0;2;3;17;A01
200900059557;0;7;0;2;0;1;0;A01
200900059558;0;7;0;0;1;1;1;A01
200900059559;0;7;0;0;2;2;15;B02
200900059559;0;2;0;0;2;7;1;A01
200900059560;0;14;0;11;0;1;1;A01
200900059561;0;7;0;13;0;2;14;A01
200900059562;0;17;0;0;2;1;1;B02
200900059562;0;7;0;0;2;1;13;A01
200900059563;0;99;0;0;0;0;0;A01
200900059564;0;99;0;0;0;0;0;A01
200900059564;0;10;0;0;2;1;1;B02
200900059565;1;14;0;0;1;1;1;A01
200900059566;0;2;0;0;2;1;1;B01
200900059566;0;7;0;0;2;2;15;A01
200900059567;0;37;2;0;2;7;1;B01
200900059567;0;7;0;0;2;1;1;A01
200900059568;0;7;0;0;1;2;1;A01
200900059569;0;7;0;0;2;6;15;B01
200900059569;0;2;0;0;2;1;1;A01
200900059570;1;7;0;0;2;2;17;A01
200900059570;0;7;0;0;2;3;15;B01
200900059571;0;7;0;0;2;2;15;A01
200900059572;0;7;0;8;2;9;1;A01
200900059573;0;7;0;0;2;5;15;B01
200900059573;0;2;0;0;2;1;8;A01
200900059574;0;37;2;0;1;2;1;A01
200900059575;0;2;0;0;2;5;0;B01
200900059575;0;2;0;0;2;1;18;A01
200900059576;0;7;0;0;2;3;1;B01
200900059576;0;7;0;0;2;1;15;A01
200900059577;0;7;0;0;1;2;1;A01
200900059578;0;7;0;0;2;1;1;B01
200900059578;0;2;0;0;2;1;1;A01
200900059579;0;37;2;0;2;5;1;B01
200900059579;0;2;0;0;2;1;1;A01
200900059580;0;2;0;0;1;2;1;A01
200900059581;0;7;0;0;2;1;15;A01
200900059581;0;10;0;0;2;1;1;B01
200900059582;0;7;0;0;2;1;11;A01
200900059582;0;7;0;0;2;7;1;C01
200900059582;0;7;0;0;2;1;1;B01
200900059583;0;32;0;0;2;1;0;A01
200900059583;0;7;0;0;2;0;0;B01
200900059584;0;7;0;0;2;2;14;A01
200900059584;0;2;0;0;2;8;1;B01
200900059585;0;7;0;0;2;8;15;A01
200900059585;0;32;0;0;2;1;0;B01
200900059586;0;7;0;1;1;1;14;A01
200900059587;0;7;0;0;1;1;1;A01
200900059588;0;7;0;0;1;1;15;A01
200900059589;0;33;0;0;2;0;2;B01
200900059589;1;7;0;0;2;0;0;C01
200900059589;0;33;0;0;2;4;15;A01
200900059590;0;14;0;0;1;2;16;A01
200900059591;0;7;0;0;2;0;1;B01
200900059591;0;7;0;0;2;6;15;A01
200900059592;0;7;0;0;2;4;2;B01
200900059592;0;7;0;0;2;1;2;A01
200900059592;0;7;0;0;2;6;2;C01
200900059593;0;7;0;0;9;1;16;B01
200900059593;0;1;0;0;2;8;5;A01
200900059594;0;2;0;0;2;1;13;A01
200900059594;0;7;0;0;2;1;1;B01
200900059595;0;7;0;0;1;7;1;A01
200900059596;0;7;0;0;2;3;15;A01
200900059596;0;37;1;0;2;2;1;B01
200900059597;0;33;0;0;2;1;1;B01
200900059597;0;7;0;0;2;5;15;A01
200900059598;0;7;0;0;2;3;1;A01
200900059598;0;7;0;0;2;3;1;B01
200900059599;0;7;0;0;2;0;0;A01
200900059599;0;1;0;0;2;1;9;B01
200900059600;0;37;1;0;2;4;2;B01
200900059600;0;7;0;0;2;1;2;A01
200900059601;0;30;0;0;2;0;0;A01
200900059601;0;7;0;0;2;4;23;B01
200900059602;0;1;0;0;2;1;19;B01
200900059602;0;7;0;0;2;1;1;A01
200900059603;0;33;0;0;2;1;7;A01
200900059603;0;7;0;0;9;6;15;B01
200900059604;1;34;0;0;1;1;0;A01
200900059605;0;30;0;0;1;1;1;A01
200900059606;0;7;0;0;1;1;2;A01
200900059607;0;7;0;0;1;1;0;A01
200900059608;0;7;0;0;1;1;1;A01
200900059609;0;7;0;0;1;2;1;A01
200900059610;0;10;0;0;2;1;2;A01
200900059610;0;7;0;0;2;4;1;B01
200900059611;0;7;0;3;2;3;5;A01
200900059611;0;10;0;0;2;2;1;B01
200900059612;0;13;0;0;1;4;4;A01
200900059613;0;7;0;0;2;3;1;B01
200900059613;0;17;0;0;2;3;15;A01
200900059613;0;7;0;0;2;1;23;C01
200900059614;0;7;0;7;2;1;1;A01