num_acc;senc;catv;occutc;obs;obsm;choc;manv;num_veh
200900059991;0;7;0;0;2;4;1;B01
200900059992;0;7;0;0;2;1;0;A01
200900059992;0;7;0;0;2;1;0;B01
200900059993;0;10;0;0;2;1;2;A01
200900059993;0;7;0;0;2;4;2;B01
200900059994;0;30;0;0;2;1;0;B01
200900059994;0;7;0;0;2;0;9;A01
200900059995;0;7;0;0;1;1;15;A01
200900059996;0;10;0;0;2;2;0;B01
200900059996;0;10;0;0;2;1;0;A01
200900059997;0;7;0;0;1;4;4;A01
200900059998;0;10;0;0;2;2;15;A01
200900059998;0;7;0;0;2;1;2;B01
200900059999;0;7;0;0;1;6;1;A01
200900060000;0;7;0;13;0;1;1;A01
200900060001;0;7;0;0;2;1;15;A01
200900060001;0;2;0;0;2;1;1;B01
200900060002;0;7;0;13;0;3;13;A01
200900060003;0;7;0;0;0;4;2;B01
200900060003;0;7;0;0;2;1;2;A01
200900060004;0;33;0;0;2;8;19;A01
200900060004;0;7;0;0;0;8;1;C01
200900060004;0;33;0;14;9;1;1;B01
200900060005;0;13;0;0;1;1;1;A01
200900060006;0;7;0;0;0;0;15;B01
200900060007;0;7;0;0;2;3;1;A01
200900060007;0;30;0;0;2;1;1;B01
200900060008;0;1;0;0;0;4;2;B01
200900060008;0;7;0;0;9;2;2;A01
200900060009;0;7;0;0;2;7;1;B01
200900060009;0;7;0;1;2;1;1;A01
200900060010;0;1;0;0;2;2;0;A01
200900060010;0;99;0;0;9;3;2;B01
200900060011;0;1;0;0;2;1;5;A01
200900060011;0;7;0;0;2;1;1;B01
200900060012;0;1;0;0;2;1;1;B01
200900060012;0;7;0;0;2;2;9;A01
200900060013;0;7;0;0;2;8;15;B01
200900060013;0;7;0;0;2;1;1;A01
200900060014;0;14;0;0;2;1;1;A01
200900060014;0;1;0;0;2;7;15;B01
200900060015;0;7;0;0;1;1;15;A01
200900060016;0;33;0;7;0;1;1;A01
200900060017;0;2;0;14;2;1;1;B01
200900060017;0;7;0;0;2;2;15;A01
200900060017;0;7;0;0;2;8;23;C01
200900060018;0;7;0;0;1;1;9;A01
200900060019;0;7;0;0;2;3;13;A01
200900060019;0;7;0;0;2;3;0;B02
200900060020;0;7;0;0;2;9;10;A01
200900060020;0;10;0;0;2;1;1;B01
200900060021;0;7;0;0;2;3;1;B02
200900060021;0;7;0;0;2;8;13;A01
200900060022;0;7;0;8;0;3;1;A01
200900060023;0;7;0;0;1;1;1;A01
200900060024;0;39;0;0;2;1;1;B02
200900060024;0;7;0;0;4;3;1;A01
200900060024;0;39;0;0;2;1;1;C03
200900060025;0;7;0;0;2;2;1;A01
200900060025;0;7;0;0;2;3;1;B02
200900060026;0;7;0;0;2;3;13;A01
200900060026;0;7;0;0;2;3;0;B02
200900060027;0;7;0;2;0;1;0;A01
200900060028;0;7;0;0;2;7;15;A01
200900060028;0;7;0;0;2;1;1;B02
200900060029;0;7;0;6;0;1;19;A01
200900060030;0;7;0;6;0;1;1;A01
200900060031;0;7;0;13;0;3;1;A01
200900060032;0;7;0;11;0;1;1;A01
200900060033;0;10;0;0;2;8;1;A01
200900060033;0;15;0;0;2;1;1;B02
200900060034;0;7;0;6;2;7;5;A01
200900060034;0;7;0;0;2;8;2;B02
200900060035;0;7;0;0;1;7;1;A01
200900060036;0;7;0;0;0;3;1;B02
200900060036;0;7;0;0;0;2;15;A01
200900060037;0;32;0;11;0;0;0;A01
200900060038;0;7;0;0;1;0;0;A01
200900060039;0;33;0;0;0;0;1;A01
200900060040;0;7;0;0;2;4;1;A01
200900060040;0;7;0;0;0;0;1;B01
200900060041;0;7;0;0;0;1;0;A01
200900060042;0;7;0;0;2;4;1;B01
200900060042;0;7;0;0;2;1;1;A01
200900060043;0;7;0;15;2;1;1;B01
200900060043;0;10;0;0;2;7;19;A01
200900060044;0;7;0;0;1;1;15;A01
200900060045;0;7;0;0;2;3;1;B01
200900060045;0;1;0;0;2;1;19;A01
200900060046;0;7;0;0;1;0;1;A01
200900060047;0;2;0;0;0;0;0;A01
200900060048;0;7;0;0;2;3;13;A01
200900060048;0;7;0;0;2;3;0;B01
200900060049;0;2;0;0;0;0;1;A01
200900060050;0;7;0;0;2;0;0;A01
200900060050;0;2;0;0;2;0;0;B01
200900060051;0;7;0;0;2;3;19;A01
200900060051;0;2;0;0;2;1;1;B01
200900060052;0;7;0;0;0;0;0;B01
200900060052;0;7;0;1;0;4;0;A01
200900060053;0;7;0;0;2;8;0;B01
200900060053;0;7;0;0;2;1;1;A01
200900060054;0;7;0;0;0;0;0;B01
200900060054;0;10;0;2;2;0;0;A01
200900060055;0;7;0;0;1;0;0;A01
200900060056;0;10;0;0;2;1;1;A01
200900060056;0;7;0;0;2;4;0;B01
200900060057;0;37;0;0;2;0;16;A01
200900060057;0;17;0;0;2;0;0;B01
200900060058;0;10;0;10;0;0;0;A01
200900060059;0;7;0;0;0;0;0;B01
200900060059;0;7;0;0;0;0;0;A01
200900060060;0;7;0;0;2;4;0;A01
200900060060;0;7;0;0;0;0;0;B01
200900060061;0;1;0;0;1;0;0;A01
200900060062;0;2;0;0;0;0;0;A01
200900060063;0;30;0;0;0;0;0;A01
200900060064;0;7;0;0;2;2;0;B01
200900060064;0;10;0;0;2;8;0;A01
200900060065;0;7;0;0;2;7;1;A01
200900060065;0;7;0;0;2;1;0;B01
200900060066;0;7;0;0;2;3;1;B01
200900060066;0;7;0;0;2;2;1;A01
200900060067;0;1;0;0;0;0;0;A01
200900060068;0;7;0;0;2;4;0;D01
200900060068;0;7;0;0;0;4;0;B01
200900060068;0;16;0;0;2;4;0;A01
200900060068;0;7;0;0;2;4;0;C01
200900060069;0;1;0;0;2;1;15;A01
200900060069;0;7;0;0;2;1;1;B01
200900060070;0;7;0;0;0;0;0;B01
200900060070;0;7;0;1;0;0;0;A01
200900060071;0;7;0;15;0;1;1;A01
200900060072;0;7;0;9;0;1;1;A01
200900060073;0;16;0;0;2;5;0;A01
200900060073;0;1;0;0;2;0;0;B01
200900060074;0;7;0;2;0;1;1;A01
200900060075;0;30;0;0;0;0;0;A01
200900060076;0;7;0;0;2;8;0;A01
200900060076;0;7;0;0;2;0;0;B01
200900060077;0;33;0;0;0;0;1;A01
200900060078;0;7;0;0;2;5;0;A01
200900060078;0;33;0;0;2;0;0;B01
200900060079;0;2;0;0;2;1;1;A01
200900060079;0;7;0;0;2;4;1;B01
200900060080;0;7;0;6;0;1;0;A01
200900060081;1;7;0;0;1;0;0;A01
200900060082;0;7;0;0;1;0;1;A01
200900060083;0;7;0;0;1;2;1;A01
200900060084;0;7;0;0;2;0;0;A01
200900060084;0;2;0;0;2;0;0;B01
200900060085;1;99;0;0;1;0;0;A01
200900060086;0;10;0;0;2;1;1;B01
200900060086;0;7;0;0;2;8;1;A01
200900060087;0;2;0;0;2;1;1;B01
200900060087;0;7;0;0;2;8;9;A01
200900060088;0;7;0;0;2;4;23;C01
200900060088;0;7;0;0;2;1;2;A01
200900060088;0;7;0;0;2;4;23;B01
200900060089;0;10;0;0;1;1;16;A01
200900060090;0;7;0;0;1;1;1;A01
200900060091;0;7;0;13;2;1;13;A01
200900060091;0;1;0;0;2;1;1;B01
200900060092;0;7;0;0;2;5;15;A01
200900060092;0;33;0;0;2;1;1;B01
200900060093;0;7;0;0;1;2;16;A01
200900060094;0;2;0;0;0;8;15;A01
200900060095;1;7;0;0;1;0;1;A01
200900060096;0;2;0;1;0;1;1;A01
200900060097;0;7;0;0;2;2;1;A01
200900060097;0;7;0;0;2;8;15;B02
200900060098;0;17;0;0;2;1;1;B02
200900060098;0;7;0;0;2;8;9;A01
200900060099;0;7;0;0;2;2;1;B02
200900060099;0;7;0;0;2;3;19;A01
200900060100;0;2;0;0;1;1;17;A01
200900060101;0;38;0;0;0;4;1;A01
200900060101;0;1;0;0;2;1;1;B02
200900060102;0;7;0;0;2;2;13;A01
200900060102;0;7;0;0;2;2;1;B02
200900060103;0;7;0;0;2;1;13;A01
200900060103;0;7;0;0;2;1;1;B02
200900060104;0;10;0;0;2;1;1;A01
200900060104;0;10;0;0;2;1;13;B02
200900060105;0;7;0;13;0;1;14;A01
200900060106;0;7;0;0;1;1;1;A01
200900060107;0;7;0;8;2;3;1;A01
200900060107;0;7;0;0;2;3;13;B02
200900060108;0;7;0;0;2;7;13;A01
200900060108;0;7;0;0;2;1;1;B02
200900060109;0;7;0;0;1;1;1;A01
200900060110;0;7;0;0;2;3;1;B01
200900060110;0;7;0;0;2;1;13;A02
200900060111;0;7;0;0;2;1;1;B02
200900060111;0;7;0;0;2;1;13;A01
200900060112;0;7;0;0;1;2;14;A01
200900060113;0;7;0;0;2;1;2;A01
200900060113;0;1;0;0;2;4;1;B02
200900060114;0;7;0;0;2;1;13;A01
200900060114;0;10;0;0;2;1;1;B02
200900060114;0;7;0;0;2;1;1;D04
200900060114;0;7;0;0;2;1;21;C03
200900060115;0;7;0;13;0;2;14;A01
200900060116;0;7;0;0;2;2;13;A01
200900060116;0;7;0;0;2;2;1;B02
200900060117;0;7;0;0;1;7;1;A01
200900060118;0;7;0;0;1;1;1;A01
200900060119;0;7;0;0;1;3;1;A01
200900060120;0;7;0;13;0;9;14;A01
200900060121;0;7;0;0;2;4;2;B01
200900060121;0;7;0;0;2;4;23;C01
200900060121;0;7;0;0;2;1;2;A01
200900060122;0;2;0;0;0;8;1;A01
200900060123;0;30;0;0;0;7;0;A01
200900060124;0;1;0;0;2;8;1;B02
200900060124;0;7;0;0;2;2;15;A01
200900060125;0;10;0;0;1;1;15;A01
200900060126;0;33;0;0;0;3;1;A01
200900060127;0;7;0;0;1;1;1;A01
200900060128;0;30;0;0;0;8;16;A01
200900060129;0;7;0;0;1;1;15;A01
200900060130;0;2;0;0;0;0;1;A01
200900060131;0;7;0;0;2;8;15;B01
200900060131;0;30;0;0;2;2;17;A01
200900060132;0;7;0;0;2;1;2;A01
200900060132;0;7;0;0;2;4;15;B01
200900060133;0;7;0;0;2;5;15;A01
200900060133;0;33;0;0;2;0;21;B01
200900060134;0;7;0;0;2;1;1;B02
200900060134;0;7;0;0;2;8;15;A01
200900060135;0;7;0;0;0;9;1;A01
200900060136;0;30;0;0;2;6;1;B02
200900060136;0;7;0;0;2;3;15;A01
200900060137;0;7;0;0;1;1;1;A01
200900060138;0;17;0;0;2;1;2;A01
200900060138;0;7;0;0;2;4;2;B01
200900060139;0;7;0;0;2;1;1;B01
200900060139;0;7;0;0;2;1;13;A01
200900060140;0;7;0;6;0;1;2;A01
200900060141;0;7;0;0;0;1;13;A01
200900060141;0;7;0;0;2;1;2;B01
200900060142;0;7;0;0;2;3;5;B01
200900060142;0;7;0;0;2;1;2;A01
200900060143;0;7;0;0;2;1;1;A01
200900060143;0;7;0;0;2;3;1;B01
200900060144;0;7;0;0;2;1;15;B01
200900060144;0;31;0;0;2;8;17;A01
200900060145;0;7;0;0;1;3;1;A01
200900060146;0;7;0;0;2;1;0;B01
200900060146;0;33;0;0;2;2;15;A01
200900060147;0;7;0;0;2;4;1;B01
200900060147;0;7;0;0;2;4;1;A01
200900060148;0;7;0;0;2;3;15;A01
200900060148;0;7;0;0;2;5;13;B01
200900060149;0;7;0;0;0;0;1;B01
200900060149;0;30;0;12;0;1;1;A01
200900060150;0;2;0;0;2;1;15;B01
200900060150;0;7;0;0;2;3;1;A01
200900060151;0;7;0;0;2;4;23;B01
200900060151;0;7;0;0;2;1;1;A01
200900060152;0;7;0;0;2;5;15;A01
200900060152;0;33;0;0;2;1;1;B01
200900060153;0;7;0;0;1;4;4;A01
200900060154;0;7;0;0;0;9;1;A01
200900060155;0;7;0;0;2;8;16;B01
200900060155;0;38;1;0;2;3;1;A01
200900060156;0;7;0;0;1;2;1;A01
200900060157;0;7;0;0;2;8;1;A01
200900060157;0;7;0;0;2;1;1;B01
200900060158;0;30;0;12;0;7;14;A01
200900060159;0;7;0;0;2;4;2;B01
200900060159;0;7;0;0;0;4;2;C01
200900060159;0;7;0;0;2;1;2;A01
200900060160;0;7;0;5;2;6;1;B01
200900060160;0;7;0;0;2;1;15;A01
200900060161;2;7;0;0;2;2;1;A01
200900060161;0;10;0;15;2;6;9;B01
200900060162;0;7;0;0;2;1;2;B01
200900060162;0;7;0;0;2;1;15;A01
200900060163;0;32;0;0;1;1;1;A01
200900060164;0;7;0;0;2;3;15;B01
200900060164;0;14;0;0;2;3;1;A01
200900060165;0;7;0;0;0;6;15;B01
200900060165;0;30;0;0;2;1;17;A01
200900060166;0;2;0;0;0;7;1;B01
200900060166;0;7;0;0;2;3;10;A01
200900060167;0;33;0;0;2;1;1;A01
200900060167;0;7;0;0;2;2;15;B01
200900060168;0;7;0;0;0;0;0;A01
200900060168;0;33;0;0;0;0;0;B01
200900060169;0;7;0;0;2;6;23;B01
200900060169;0;7;0;0;2;2;1;A01
200900060170;0;7;0;0;1;6;4;A01
200900060171;0;10;0;0;2;2;15;B01
200900060171;0;2;0;0;2;1;1;A01
200900060172;0;7;0;0;2;2;1;B01
200900060172;0;7;0;0;2;2;20;A01
200900060173;0;7;0;0;0;4;1;B01
200900060173;0;7;0;0;0;0;24;C01
200900060173;0;2;0;0;2;1;21;A01
200900060174;0;10;0;0;2;3;1;B01
200900060174;0;7;0;0;2;1;1;A01
200900060175;0;7;0;0;1;1;1;A01
200900060176;0;7;0;0;2;1;2;A01
200900060176;0;7;0;0;2;4;2;B01
200900060177;0;7;0;0;2;7;1;A01
200900060177;0;14;0;0;2;1;1;B01
200900060178;0;2;0;0;1;1;1;A01
200900060179;0;7;0;0;1;1;0;A01
200900060180;0;7;0;0;1;1;15;A01
200900060181;0;7;0;0;2;1;15;A01
200900060181;0;30;0;0;2;1;1;B01
200900060182;0;1;0;0;1;1;1;A01
200900060183;0;10;0;0;2;4;2;C01
200900060183;0;7;0;0;2;4;2;B01
200900060183;0;7;0;0;2;1;2;A01
200900060184;0;7;0;0;2;5;2;B01
200900060184;0;30;0;0;2;1;2;A01
200900060185;0;37;1;0;1;3;24;B01
200900060185;0;37;1;0;1;3;1;A01
200900060186;0;1;0;0;1;1;1;A01
200900060187;0;7;0;0;1;2;1;A01
200900060188;0;1;0;0;2;4;1;B01
200900060188;0;7;0;0;0;3;16;A01
200900060189;0;32;0;0;2;1;1;A01
200900060189;0;7;0;0;2;6;15;B01
200900060190;0;7;0;0;2;1;15;A01
200900060190;0;7;0;0;2;8;1;B01
200900060191;0;2;0;0;2;1;1;B01
200900060191;0;7;0;0;2;1;15;A01
200900060192;0;30;0;0;2;1;1;A01
200900060192;0;7;0;0;2;2;16;B01
200900060193;0;7;0;0;2;7;15;B01
200900060193;0;2;0;0;2;1;18;A01
200900060194;0;33;0;0;2;1;1;A01
200900060194;0;7;0;0;9;6;9;B01
200900060195;0;7;0;0;0;4;23;B01
200900060195;0;7;0;0;2;2;2;A01
200900060196;0;7;0;0;2;1;1;B01
200900060196;0;30;0;0;2;2;1;A01
200900060197;2;7;0;0;1;1;1;A01
200900060198;0;7;0;0;0;1;1;A01
200900060198;0;7;0;0;0;4;1;B01
200900060199;0;30;0;0;2;3;1;B01
200900060199;0;7;0;0;2;3;15;A01
200900060200;0;7;0;0;0;3;1;A01
200900060200;0;7;0;0;0;2;1;B01
200900060201;0;37;1;0;0;0;0;A01
200900060202;0;7;0;0;2;1;2;A01
200900060202;0;7;0;0;2;4;23;C01
200900060202;0;7;0;0;2;4;23;B01
200900060203;1;99;0;0;1;0;0;A01
200900060204;0;7;0;0;0;1;2;B01
200900060204;0;7;0;0;0;4;2;A01
200900060205;0;7;0;0;2;1;1;B01
200900060205;0;7;0;0;2;1;5;A01
200900060206;1;7;0;0;1;1;0;A01
200900060207;0;7;0;0;1;2;1;A01
200900060208;0;7;0;8;0;2;1;A01
200900060209;0;7;0;0;0;2;1;B01
200900060209;0;7;0;0;0;3;1;A01
200900060210;0;7;0;0;2;7;16;A01
200900060210;0;30;0;0;2;1;2;B01
200900060211;0;2;0;0;1;2;1;A01
200900060212;0;33;0;0;2;7;1;B01
200900060212;0;7;0;0;2;5;15;A01
200900060213;0;7;0;0;1;1;1;A01
200900060214;0;30;0;0;1;1;1;A01
200900060215;0;30;0;0;2;1;2;A01
200900060215;0;7;0;0;2;8;1;B01
200900060216;0;30;0;0;2;4;7;A01
200900060216;0;2;0;0;2;1;7;B01
200900060217;0;10;0;15;0;2;1;A01
200900060218;1;7;0;14;0;1;2;A01
200900060218;0;7;0;0;0;4;1;B01
200900060219;0;7;0;0;2;1;13;A01
200900060219;0;7;0;0;2;1;1;B02
200900060220;0;7;0;0;2;8;21;C03
200900060220;0;10;0;0;2;9;13;A01
200900060220;0;7;0;0;2;1;1;B02
200900060221;0;7;0;0;2;2;1;B02
200900060221;0;33;0;0;2;1;13;A01
200900060222;0;7;0;2;0;2;0;A01
200900060223;0;7;0;0;2;2;1;A01
200900060223;0;2;0;0;2;4;15;B02
200900060224;0;15;0;0;2;8;1;C03
200900060224;0;7;0;0;2;1;17;A01
200900060224;0;7;0;0;2;1;1;B02
200900060225;0;7;0;13;0;2;1;A01
200900060226;0;7;0;0;2;3;1;B02
200900060226;0;7;0;0;2;1;15;A01
200900060227;0;7;0;0;2;2;1;A01
200900060227;0;7;0;0;2;8;1;B02
200900060228;0;7;0;2;0;7;1;A01
200900060229;0;7;0;0;2;3;1;B02
200900060229;0;7;0;0;2;5;1;A01
200900060230;0;7;0;8;0;2;1;A01
200900060231;0;36;0;2;0;1;1;A01
200900060232;0;7;0;0;1;1;1;A01
200900060233;0;38;40;0;2;2;15;A01
200900060233;0;2;0;0;2;1;1;B02
200900060234;0;7;0;2;0;1;14;A01
200900060235;0;20;0;2;0;0;0;A01
200900060236;0;7;0;0;2;1;13;A01
200900060236;0;7;0;0;2;1;1;B02
200900060237;0;33;0;0;2;1;1;A01
200900060237;0;7;0;0;2;3;15;B02
200900060238;0;7;0;0;2;1;1;B02
200900060238;0;30;0;0;2;1;15;A01
200900060239;0;7;0;0;2;1;1;A01
200900060239;0;7;0;0;2;4;23;B02
200900060240;0;2;0;7;0;1;0;A01
200900060241;0;7;0;0;2;3;1;B02
200900060241;0;10;0;0;2;3;13;A01
200900060242;0;7;0;0;2;3;19;A01
200900060242;0;2;0;0;2;1;17;B02
200900060243;0;30;0;0;2;1;1;B02
200900060243;0;7;0;0;2;7;15;A01
200900060244;0;2;0;0;2;1;1;A01
200900060244;0;7;0;0;2;1;15;B02
200900060245;0;33;0;3;0;1;1;A01
200900060246;0;33;0;0;2;3;13;A01
200900060246;0;33;0;0;2;3;1;B02
200900060247;0;7;0;9;0;1;19;A01
200900060248;0;7;0;0;0;2;15;A01
200900060248;0;33;0;0;2;1;1;B02
200900060249;0;31;0;1;0;1;0;A01
200900060250;0;34;0;13;0;1;13;A01
200900060251;0;7;0;0;2;1;1;A01
200900060251;0;7;0;0;2;1;0;B02
200900060252;0;7;0;13;0;3;1;A01
200900060253;0;7;0;13;0;2;1;A01
200900060254;0;7;0;13;0;1;14;A01
200900060255;0;7;0;0;1;3;1;A01
200900060256;0;2;0;0;0;1;2;B02
200900060256;0;7;0;0;0;4;1;A01
200900060257;0;33;0;0;2;1;1;B02
200900060257;0;7;0;0;2;3;15;A01
200900060258;0;7;0;0;0;2;15;B02
200900060258;0;31;0;0;2;1;1;A01
200900060259;0;7;0;0;2;1;1;A01
200900060259;0;7;0;0;2;1;1;B02
200900060260;0;30;0;0;2;2;1;A01
200900060260;0;14;0;0;2;5;15;B02
200900060261;0;10;0;0;0;2;0;A01
200900060262;0;7;0;4;0;1;1;A01
200900060262;0;7;0;0;2;1;1;B02
200900060263;0;7;0;0;0;9;1;A01
200900060264;0;7;0;0;2;4;2;A01
200900060264;0;7;0;0;2;1;2;B02
200900060265;0;33;0;0;2;8;1;B02
200900060265;0;7;0;0;2;3;15;A01
200900060266;0;7;0;0;2;1;1;B02
200900060266;0;7;0;0;2;1;1;A01
200900060267;1;7;0;0;0;0;0;B01
200900060267;0;7;0;0;2;4;0;A01
200900060268;0;17;0;0;2;3;2;B01
200900060268;0;7;0;0;2;7;14;A01
200900060269;0;7;0;14;0;1;2;B01
200900060269;0;7;0;0;0;3;2;A01
200900060270;0;33;0;0;0;8;1;A01
200900060271;0;7;0;4;0;9;11;A01
200900060272;0;7;0;0;0;6;1;B01
200900060272;0;7;0;0;2;2;12;A01
200900060273;1;7;0;0;2;1;0;C01
200900060273;0;7;0;0;2;4;1;A01
200900060273;0;15;0;0;2;3;2;B01
200900060274;0;7;0;0;2;4;1;B01
200900060274;0;7;0;0;2;1;2;A01
200900060275;0;15;0;4;0;3;0;A01
200900060276;0;7;0;4;0;2;1;A01
200900060277;0;7;0;0;2;4;0;C01
200900060277;0;7;0;0;2;1;0;A01
200900060277;0;7;0;0;2;4;0;B01
200900060278;0;7;0;0;1;2;1;A01
200900060279;0;7;0;4;0;1;1;A01
200900060280;0;7;0;4;0;4;2;B01
200900060280;0;7;0;0;2;1;2;A01
200900060281;0;7;0;4;0;3;0;A01
200900060282;1;15;0;0;2;5;12;X01
200900060282;0;7;0;4;2;6;1;A01
200900060283;0;7;0;0;0;4;2;B01
200900060283;0;10;0;0;2;1;2;A01
200900060284;0;33;0;0;2;1;2;A01
200900060284;0;7;0;0;2;4;2;B01
200900060285;0;7;0;4;0;2;2;A01
200900060286;0;7;0;0;0;5;1;B01
200900060286;0;7;0;1;2;1;1;C01
200900060286;0;7;0;12;0;7;1;A01
200900060287;0;7;0;0;2;6;2;B01
200900060287;0;17;0;0;2;2;12;A01
200900060288;0;7;0;0;0;4;2;B01
200900060288;0;7;0;0;2;1;2;A01
200900060289;0;7;0;0;2;1;2;A01
200900060289;0;7;0;0;2;4;2;B01
200900060289;0;7;0;0;0;4;2;D01
200900060289;0;7;0;0;2;4;2;C01
200900060290;0;7;0;0;2;8;1;B01
200900060290;0;15;0;0;2;7;12;A01
200900060291;1;7;0;0;2;7;3;C01
200900060291;0;7;0;0;2;4;2;B01
200900060291;0;33;0;13;2;8;2;A01
200900060292;0;7;0;0;2;1;2;A01
200900060292;0;7;0;0;2;4;2;C01
200900060292;0;7;0;0;2;9;2;B01
200900060293;0;7;0;0;2;6;1;B01
200900060293;0;7;0;0;2;2;11;A01
200900060293;0;10;0;0;2;4;1;C01
200900060294;0;7;0;4;0;1;0;A01
200900060295;1;7;0;0;2;0;11;C01
200900060295;0;7;0;0;2;5;2;B01
200900060295;0;33;0;14;2;1;21;A01
200900060296;0;33;0;0;2;7;1;C01
200900060296;0;7;0;0;2;7;1;B01
200900060296;0;7;0;0;2;1;21;A01
200900060297;0;10;0;0;0;9;1;A01
200900060298;0;7;0;0;2;5;12;A01
200900060298;0;33;0;0;2;8;1;B01
200900060299;0;7;0;6;0;2;0;A01
200900060300;0;17;0;0;2;1;2;A01
200900060300;0;10;0;0;2;4;1;C01
200900060300;0;7;0;0;2;5;1;D01
200900060300;0;14;0;0;0;4;2;B01
200900060301;0;33;0;6;0;3;1;A01
200900060302;0;17;0;0;2;2;12;A01
200900060302;0;10;0;4;0;6;1;B01
200900060302;0;10;0;0;2;2;1;C01
200900060303;0;7;0;0;0;4;1;C01
200900060303;0;33;0;0;2;2;11;A01
200900060303;0;10;0;0;0;8;1;B01
200900060304;0;99;0;0;2;2;20;B01
200900060304;0;34;0;15;2;3;18;A01
200900060305;0;2;0;0;2;3;1;A01
200900060306;0;7;0;0;2;3;19;B01
200900060306;0;7;0;0;2;3;15;A01
200900060307;0;7;0;0;1;3;2;A01
200900060308;0;7;0;0;2;7;1;B01
200900060308;0;7;0;0;2;1;1;A01
200900060309;0;7;0;0;2;1;2;A01
200900060309;0;7;0;0;2;8;15;B01
200900060310;0;7;0;0;1;7;1;A01
200900060311;0;7;0;14;1;2;1;A01
200900060312;0;2;0;0;2;7;17;A01
200900060312;0;7;0;0;2;1;9;B01
200900060313;0;30;0;0;0;3;15;A01
200900060314;0;30;0;0;2;1;17;A01
200900060314;0;7;0;0;0;0;9;B01
200900060315;0;2;0;0;2;1;1;B01
200900060315;0;7;0;0;2;2;15;A01
200900060316;1;7;0;0;1;1;2;A01
200900060317;0;34;0;0;2;1;1;B01
200900060317;0;7;0;0;2;3;9;A01
200900060318;0;7;0;0;2;2;1;B01
200900060318;0;7;0;0;2;8;20;A01
200900060319;0;37;1;0;1;3;1;A01
200900060320;0;7;0;0;0;9;2;B01
200900060320;0;33;0;12;0;9;18;A01
200900060321;0;7;0;0;2;8;10;A01
200900060321;0;38;1;0;2;2;1;B01
200900060322;0;31;0;0;2;1;1;B01
200900060322;0;7;0;0;2;2;15;A01
200900060323;0;10;0;0;2;2;9;A01
200900060323;0;33;0;0;2;8;1;B01
200900060324;0;30;0;1;0;1;0;A01
200900060324;0;1;0;0;0;6;23;B01
200900060325;0;10;0;12;0;1;21;A01
200900060326;0;7;0;0;2;3;0;A01
200900060326;0;30;0;0;2;1;0;B01
200900060327;0;7;0;0;1;3;15;A01
200900060328;0;34;0;0;2;1;2;A01
200900060328;0;7;0;0;2;6;23;B01
200900060329;0;7;0;0;2;1;15;A01
200900060329;0;33;0;0;2;1;1;B01
200900060330;0;7;0;0;1;3;1;A01
200900060331;0;40;1;0;2;1;1;B01
200900060331;0;7;0;0;4;6;15;A01
200900060332;0;31;0;0;2;1;1;B01
200900060332;1;10;0;0;0;0;0;A01
200900060333;0;10;0;0;2;1;9;A01
200900060333;0;7;0;0;2;7;2;B01
200900060334;0;7;0;0;2;7;15;A01
200900060334;0;33;0;0;2;1;1;B01
200900060335;0;10;0;0;2;6;10;A01
200900060335;0;7;0;0;2;2;1;B01
200900060336;0;1;0;0;2;8;15;A01
200900060336;0;7;0;0;9;1;1;B01
200900060337;0;32;0;0;2;5;1;B01
200900060337;0;7;0;0;2;1;15;A01
200900060338;0;33;0;0;2;1;0;A01
200900060338;0;7;0;0;2;3;0;B01
200900060339;0;32;0;0;2;8;1;B01
200900060339;0;10;0;0;2;7;12;A01
200900060340;0;7;0;0;2;2;15;A01
200900060340;0;1;0;0;2;8;1;B01
200900060341;1;7;0;0;1;0;0;A01
200900060342;0;7;0;0;1;2;1;A01
200900060343;0;7;0;0;1;1;1;A01
200900060344;0;15;0;0;2;2;;A01
200900060344;0;10;0;;2;8;;A02
200900060345;0;7;0;4;;;;A01
200900060346;0;34;0;;;;;B02
200900060346;0;15;0;;;;16;A01
200900060347;0;7;0;0;0;3;1;B02
200900060347;0;15;0;0;0;5;1;A01
200900060348;1;7;0;0;9;0;1;B01
200900060348;0;1;0;0;2;4;1;A01
200900060349;0;7;0;0;2;2;16;A01
200900060349;0;30;0;0;2;8;16;B01
200900060350;0;7;0;7;0;3;2;A01
200900060351;0;3;0;0;9;2;1;A01
200900060351;0;30;0;0;2;0;1;B01
200900060352;0;10;0;0;2;8;15;B01
200900060352;0;10;0;0;2;1;1;A01
200900060353;0;7;0;0;2;3;1;B01
200900060353;0;7;0;0;2;2;12;A01
200900060354;0;7;0;0;2;5;2;A01
200900060354;0;30;0;0;2;4;2;B01
200900060354;0;7;0;0;2;1;2;C01
200900060355;0;32;0;0;2;1;1;B01
200900060355;0;7;0;0;2;1;15;A01
200900060356;0;7;0;0;2;3;15;A01
200900060356;0;7;0;0;2;3;2;B01
200900060357;0;7;0;0;2;2;1;A01
200900060357;0;7;0;0;2;4;2;B01
200900060358;0;10;0;0;1;2;1;A01
200900060359;0;7;0;0;2;3;11;A01
200900060359;0;31;0;0;2;9;2;B01
200900060360;0;7;0;0;9;3;0;B01
200900060360;0;1;0;1;2;1;21;A01
200900060361;0;10;0;0;2;2;20;A01
200900060361;0;1;0;0;2;1;18;B01
200900060362;0;37;12;0;1;5;1;A01
200900060363;0;7;0;0;1;2;1;A01