num_acc;senc;catv;occutc;obs;obsm;choc;manv;num_veh
200900060364;1;10;0;0;2;8;10;A01
200900060364;0;33;0;0;2;7;1;B01
200900060365;0;7;0;0;1;1;15;A01
200900060366;0;33;0;0;0;0;1;B01
200900060366;0;7;0;0;0;0;0;A01
200900060367;0;7;0;1;2;2;16;A01
200900060367;0;7;0;0;2;3;1;B01
200900060368;0;7;0;0;1;3;1;A01
200900060369;0;10;0;0;1;2;15;A01
200900060370;0;1;0;0;2;8;1;B01
200900060370;0;7;0;0;9;1;1;A01
200900060371;0;10;0;0;2;7;1;A01
200900060371;0;1;0;0;2;1;1;B01
200900060372;0;30;0;1;0;2;1;A01
200900060373;0;1;0;0;2;1;16;A01
200900060373;0;7;0;0;2;7;16;B01
200900060374;0;2;0;0;1;1;1;A01
200900060375;0;7;0;0;2;1;1;A01
200900060375;0;33;0;0;0;4;1;B01
200900060376;0;2;0;0;2;1;17;A01
200900060376;0;2;0;0;2;1;15;B01
200900060377;0;7;0;0;2;4;3;B01
200900060377;0;7;0;0;2;1;2;A01
200900060378;0;7;0;0;2;2;15;A01
200900060378;0;30;0;0;2;1;1;B01
200900060379;0;7;0;0;2;7;16;A01
200900060379;0;30;0;0;2;3;1;B01
200900060380;0;33;0;0;2;1;2;A01
200900060380;0;7;0;0;2;3;10;B01
200900060381;0;33;0;15;2;1;1;B01
200900060381;0;7;0;0;2;2;15;A01
200900060382;0;7;0;;;4;1;A01
200900060382;1;7;0;;2;2;;B02
200900060383;0;7;0;0;2;1;1;A01
200900060383;0;1;0;0;2;8;19;B01
200900060384;0;2;0;0;0;7;1;A01
200900060385;0;2;0;0;2;3;10;A01
200900060385;0;30;0;0;2;8;1;B01
200900060386;0;30;0;0;2;1;1;A01
200900060386;0;7;0;0;2;4;1;B01
200900060387;0;30;0;0;0;1;0;A01
200900060388;0;7;0;0;2;1;0;A01
200900060388;0;7;0;0;0;4;0;B01
200900060389;0;33;0;0;2;8;1;B01
200900060389;0;7;0;0;2;3;11;A01
200900060390;0;1;0;0;2;1;1;B01
200900060390;0;7;0;0;2;3;15;A01
200900060391;0;7;0;0;1;2;1;A01
200900060392;0;7;0;0;2;3;9;A01
200900060392;0;2;0;0;2;1;1;B01
200900060393;0;7;0;0;1;3;15;A01
200900060394;0;7;0;0;2;1;19;A01
200900060394;0;7;0;0;2;1;2;C01
200900060394;0;7;0;0;2;1;2;B01
200900060395;0;7;0;8;0;6;1;A01
200900060396;0;7;0;0;2;7;1;B01
200900060396;0;7;0;0;2;1;1;A01
200900060397;0;7;0;0;1;1;1;A01
200900060398;0;7;0;2;0;4;13;A01
200900060399;0;7;0;0;2;5;15;A01
200900060399;0;33;0;0;2;1;1;B01
200900060399;0;7;0;0;2;1;1;C01
200900060400;0;7;0;0;2;3;15;B01
200900060400;0;1;0;0;2;1;5;A01
200900060401;0;1;0;14;0;1;1;A01
200900060402;0;7;0;0;2;1;15;A01
200900060402;0;1;0;0;2;1;1;B01
200900060403;0;7;0;0;2;3;1;B01
200900060403;0;10;0;0;2;3;13;A01
200900060404;0;7;0;0;2;7;1;A01
200900060404;0;1;0;0;0;1;1;B01
200900060405;0;7;0;0;2;8;0;B01
200900060405;0;30;0;0;2;1;5;A01
200900060406;0;1;0;0;2;1;1;B01
200900060406;0;7;0;0;2;3;22;A01
200900060407;0;33;0;0;1;1;21;A01
200900060408;0;31;0;0;2;5;1;B01
200900060408;1;7;0;0;2;0;1;Z01
200900060409;0;1;0;0;2;1;1;B01
200900060409;0;10;0;0;2;7;1;A01
200900060410;0;7;0;7;0;1;1;A01
200900060411;0;7;0;0;1;1;1;A01
200900060412;0;33;0;6;0;1;1;A01
200900060413;0;7;0;0;2;4;0;B02
200900060413;0;2;0;0;2;1;1;A01
200900060414;0;36;0;13;0;2;1;A01
200900060415;0;7;0;0;2;1;1;B02
200900060415;0;7;0;0;2;1;17;A01
200900060416;0;36;0;0;2;3;13;A01
200900060416;0;7;0;0;2;3;1;B02
200900060417;0;33;0;0;2;3;1;B02
200900060417;0;7;0;0;2;3;15;A01
200900060418;0;38;1;0;2;3;1;B02
200900060418;0;33;0;0;2;1;1;A01
200900060419;0;7;0;0;2;6;15;A01
200900060419;0;2;0;0;2;2;1;B02
200900060420;0;7;0;0;2;3;1;B02
200900060420;0;30;0;0;2;8;13;A01
200900060421;0;7;0;0;2;2;1;A01
200900060421;0;1;0;0;0;8;19;B02
200900060422;0;7;0;0;2;5;11;C03
200900060422;0;7;0;0;6;1;1;A01
200900060422;0;33;0;0;2;1;2;B02
200900060423;0;15;0;0;2;3;1;B02
200900060423;0;7;0;6;2;3;1;A01
200900060424;0;7;0;0;2;1;1;B01
200900060424;0;7;0;0;2;1;13;A02
200900060425;0;7;0;0;1;2;1;A01
200900060426;0;7;0;0;2;2;16;A01
200900060426;0;30;0;0;2;6;1;B02
200900060427;0;33;0;0;2;1;1;B02
200900060427;0;7;0;0;2;5;10;A01
200900060428;0;7;0;0;2;2;17;A01
200900060428;0;33;0;0;2;1;1;B02
200900060429;0;10;0;0;0;9;2;A01
200900060430;0;33;0;0;2;1;1;B02
200900060430;0;7;0;0;2;3;9;A01
200900060431;0;7;0;2;0;3;13;A01
200900060432;0;33;0;0;2;1;17;A02
200900060432;0;7;0;0;2;6;15;B01
200900060433;0;10;0;0;2;6;9;A01
200900060433;0;2;0;0;2;1;1;B02
200900060434;0;7;0;0;2;6;18;B01
200900060434;0;15;0;0;2;2;12;A01
200900060434;0;7;0;0;2;2;17;C01
200900060435;0;2;0;0;2;1;16;B01
200900060435;0;7;0;0;2;1;1;A01
200900060436;0;7;0;0;1;4;20;A01
200900060437;0;7;0;12;2;8;0;B01
200900060437;0;7;0;0;2;2;2;A01
200900060438;0;2;0;0;2;0;15;A01
200900060438;0;7;0;1;2;3;1;B01
200900060439;0;30;0;0;0;5;16;B01
200900060439;0;7;0;0;2;3;2;A01
200900060440;0;7;0;0;1;2;16;A01
200900060441;0;30;0;0;0;0;1;A01
200900060442;0;15;0;0;1;6;4;A01
200900060443;0;1;0;0;2;1;1;A01
200900060443;0;7;0;0;0;2;15;B02
200900060444;0;7;0;0;2;3;9;A01
200900060444;0;2;0;0;2;2;16;B02
200900060445;0;33;0;0;2;1;1;A01
200900060445;0;7;0;0;2;2;1;B02
200900060446;0;21;0;10;0;0;1;A01
200900060447;0;7;0;0;2;3;1;B02
200900060447;0;7;0;0;2;3;13;A01
200900060448;0;2;0;0;2;1;13;A01
200900060448;0;7;0;0;2;3;1;B02
200900060449;0;7;0;4;0;1;17;A01
200900060450;0;7;0;3;2;6;2;A01
200900060450;0;7;0;3;2;2;3;B02
200900060451;0;7;0;0;2;1;1;C03
200900060451;0;7;0;0;2;2;1;B02
200900060451;0;7;0;0;2;1;19;A01
200900060452;0;33;0;9;0;1;1;A01
200900060453;0;14;0;0;2;2;19;B02
200900060453;0;7;0;0;2;1;1;A01
200900060454;0;31;0;12;0;1;1;A01
200900060455;0;7;0;1;0;2;2;B02
200900060455;0;7;0;0;2;6;23;A01
200900060456;0;10;0;0;2;8;15;A01
200900060456;0;7;0;0;2;2;1;B02
200900060457;0;30;0;0;1;1;1;A01
200900060458;0;7;0;0;2;1;1;C03
200900060458;0;7;0;0;2;1;1;B02
200900060458;0;7;0;0;2;5;13;A01
200900060459;0;2;0;0;2;1;9;A01
200900060459;0;14;0;0;2;5;1;B02
200900060460;0;2;0;12;0;2;15;A01
200900060461;0;1;0;0;2;8;0;B02
200900060461;0;7;0;0;2;2;17;A01
200900060462;0;33;0;0;2;1;17;B02
200900060462;0;7;0;0;2;8;15;A01
200900060463;0;7;0;0;2;1;13;A01
200900060463;0;7;0;0;2;1;2;B02
200900060464;0;7;0;6;0;1;1;A01
200900060465;0;7;0;0;2;2;5;A01
200900060465;0;33;0;0;2;1;1;B02
200900060466;0;7;0;2;0;7;1;A01
200900060467;0;7;0;4;0;1;1;A01
200900060468;0;7;0;0;2;1;13;A01
200900060468;0;7;0;0;2;2;1;B02
200900060469;0;10;0;2;0;1;1;A01
200900060470;0;7;0;0;2;1;9;A01
200900060470;0;17;0;0;2;7;1;B02
200900060471;0;30;0;8;0;1;14;A01
200900060472;0;30;0;2;0;1;0;A01
200900060473;0;2;0;0;2;1;1;A01
200900060473;0;10;0;0;2;3;1;B01
200900060474;0;7;0;0;2;1;1;B01
200900060474;0;7;0;0;2;3;1;A01
200900060475;0;7;0;0;1;3;1;A01
200900060476;0;7;0;0;2;5;17;A01
200900060476;0;1;0;0;2;1;2;B01
200900060477;0;7;0;0;2;4;2;B01
200900060477;0;7;0;0;2;4;2;A01
200900060477;1;7;0;0;0;0;15;Z01
200900060477;0;7;0;0;2;1;2;C01
200900060478;0;7;0;0;1;1;1;A01
200900060479;0;7;0;0;2;1;2;A01
200900060479;0;7;0;0;2;2;15;B01
200900060480;0;7;0;1;2;8;2;B01
200900060480;0;7;0;0;2;1;1;A01
200900060481;0;7;0;13;0;1;14;B01
200900060481;0;7;0;0;0;0;12;A01
200900060482;0;7;0;0;1;7;1;A01
200900060483;0;7;0;0;1;3;16;A01
200900060484;0;10;0;0;1;6;20;A01
200900060485;0;7;0;0;1;2;15;A01
200900060486;0;31;0;0;2;1;1;B01
200900060486;0;7;0;0;2;6;1;A01
200900060487;0;7;0;0;1;5;4;A01
200900060488;0;7;0;0;2;1;1;A01
200900060488;0;7;0;0;2;7;1;B01
200900060489;0;7;0;7;2;7;1;B01
200900060489;0;7;0;0;2;1;19;A01
200900060490;0;1;0;0;1;1;1;A01
200900060491;0;7;0;8;2;1;2;A01
200900060491;0;7;0;0;2;4;23;C01
200900060491;0;7;0;0;2;4;23;B01
200900060492;0;33;0;0;2;8;1;B01
200900060492;0;7;0;0;2;3;9;A01
200900060493;0;7;0;15;4;8;16;A01
200900060493;0;40;32;0;2;2;1;B01
200900060494;0;7;0;0;2;4;23;C01
200900060494;0;7;0;0;2;4;23;B01
200900060494;0;7;0;0;2;1;2;A01
200900060495;0;7;0;0;0;4;1;B01
200900060495;0;7;0;0;0;0;12;A01
200900060495;0;10;0;0;2;1;12;C01
200900060496;0;2;0;1;0;7;16;A01
200900060497;0;2;0;0;2;3;16;A01
200900060497;1;7;0;0;0;0;0;B01
200900060498;0;7;0;0;2;3;16;A01
200900060498;0;1;0;0;2;1;1;B01
200900060499;0;7;0;0;2;2;1;B01
200900060499;0;1;0;0;2;1;9;A01
200900060500;0;1;0;0;2;8;19;B01
200900060500;0;7;0;0;2;3;1;A01
200900060501;0;7;0;0;2;4;1;B01
200900060501;0;7;0;0;2;1;2;A01
200900060502;0;7;0;;;;1;B02
200900060502;0;7;0;;;4;1;C02
200900060502;0;7;0;;;4;1;A01
200900060503;0;38;1;0;1;8;20;A01
200900060504;0;7;0;0;1;1;0;A01
200900060505;0;7;0;0;2;4;2;B01
200900060505;0;7;0;0;2;4;2;C01
200900060505;0;38;1;0;2;1;2;A01
200900060506;0;7;0;0;2;1;0;A01
200900060506;0;7;0;0;2;0;0;B01
200900060507;0;7;0;0;1;4;4;A01
200900060508;0;33;0;0;2;1;1;A01
200900060508;0;7;0;0;9;4;1;B01
200900060509;0;7;0;0;2;1;0;A01
200900060509;0;7;0;0;2;4;0;B01
200900060510;0;7;0;0;2;1;0;A01
200900060510;0;7;0;0;2;4;0;B01
200900060511;1;7;0;0;2;0;0;A01
200900060511;0;1;0;0;2;0;0;B01
200900060512;0;7;0;0;1;1;0;A01
200900060513;0;2;0;0;2;1;0;A01
200900060513;0;7;0;0;9;7;0;B01
200900060514;0;2;0;0;2;1;0;A01
200900060514;0;7;0;0;2;4;0;B01
200900060515;0;7;0;0;2;1;0;A01
200900060515;0;7;0;0;2;1;0;B01
200900060516;0;7;0;0;0;1;0;A01
200900060516;0;7;0;0;2;0;0;B01
200900060517;0;7;0;0;2;1;1;C01
200900060517;0;7;0;0;2;1;1;B01
200900060517;0;7;0;0;2;4;0;A01
200900060518;0;33;0;0;0;0;1;A01
200900060519;0;7;0;0;0;9;1;A01
200900060520;0;2;0;0;2;1;1;A01
200900060520;0;7;0;0;2;3;13;B01
200900060521;0;7;0;2;0;6;1;A01
200900060522;0;7;0;0;2;2;15;B01
200900060522;0;30;0;0;2;1;1;A01
200900060523;0;7;0;2;0;3;1;A01
200900060524;0;17;0;13;0;7;14;A01
200900060525;0;7;0;0;2;6;13;B01
200900060525;0;7;0;0;2;2;1;A01
200900060526;0;7;0;13;0;1;1;A01
200900060527;0;7;0;0;0;3;9;A01
200900060528;0;7;0;4;0;3;1;A01
200900060529;0;7;0;0;2;1;1;B01
200900060529;0;7;0;0;2;7;1;A01
200900060530;0;13;0;0;2;2;1;B01
200900060530;0;14;0;0;2;7;15;A01
200900060531;0;7;0;8;0;1;0;A01
200900060532;0;7;0;2;6;1;21;A01
200900060533;0;7;0;0;1;2;1;A01
200900060534;0;10;0;0;2;8;1;B01
200900060534;0;10;0;0;2;8;13;A01
200900060535;0;7;0;0;2;4;2;B01
200900060535;0;7;0;0;2;1;2;A01
200900060536;2;7;0;0;2;2;5;A01
200900060536;0;7;0;0;2;2;2;B01
200900060537;0;7;0;0;2;3;2;B01
200900060537;0;7;0;0;2;1;0;A01
200900060538;0;7;0;0;2;1;2;A01
200900060538;0;7;0;0;2;4;2;B01
200900060539;0;2;0;0;2;1;1;B01
200900060539;0;7;0;0;2;2;15;A01
200900060540;0;7;0;0;2;4;2;B01
200900060540;0;7;0;0;2;1;0;A01
200900060541;1;7;0;0;1;2;1;A01
200900060542;0;7;0;0;1;8;15;A01
200900060543;0;7;0;6;0;7;1;A01
200900060544;0;10;0;0;2;8;1;B02
200900060544;0;10;0;0;2;3;13;A01
200900060544;0;10;0;0;2;1;1;C03
200900060545;0;7;0;0;2;1;5;A01
200900060545;0;7;0;0;2;1;17;B02
200900060546;0;7;0;0;2;4;1;A01
200900060546;0;10;0;0;2;2;1;B02
200900060547;0;7;0;0;2;1;2;A01
200900060547;0;7;0;0;2;4;23;B02
200900060548;0;7;0;0;2;3;17;A01
200900060548;0;7;0;0;2;3;0;B02
200900060548;0;7;0;0;2;3;1;C03
200900060549;0;7;0;0;0;8;15;A01
200900060549;0;31;0;0;0;1;1;B02
200900060550;0;7;0;6;0;8;1;A01
200900060551;0;7;0;0;2;1;1;B02
200900060551;0;10;0;0;2;2;1;A01
200900060552;0;7;0;0;2;1;1;B02
200900060552;0;7;0;0;2;1;17;A01
200900060553;0;7;0;13;0;9;1;A01
200900060554;0;7;0;13;0;9;1;A01
200900060555;0;10;0;0;2;6;1;B02
200900060555;0;2;0;0;2;1;17;A01
200900060556;0;10;0;0;1;1;1;A01
200900060557;0;7;0;0;2;3;1;A01
200900060557;0;7;0;0;2;1;1;B02
200900060558;0;7;0;0;1;7;1;A01
200900060559;0;1;0;0;2;1;1;A01
200900060559;0;7;0;0;2;1;1;B02
200900060560;0;7;0;0;2;3;1;A01
200900060560;0;30;0;0;2;1;1;B02
200900060561;0;7;0;0;1;3;17;A01
200900060562;0;33;0;0;2;1;1;A01
200900060562;0;7;0;0;2;7;19;B02
200900060563;0;14;0;0;0;9;1;A01
200900060564;0;7;0;3;0;7;1;A01
200900060565;0;7;0;13;0;1;1;A01
200900060566;0;7;0;13;0;1;1;A01
200900060567;0;1;0;13;0;1;1;A01
200900060568;0;7;0;0;0;4;1;A01
200900060568;0;7;0;0;2;1;1;B02
200900060569;0;7;0;2;0;1;1;A01
200900060570;0;7;0;0;2;4;15;B02
200900060570;0;7;0;0;2;1;1;A01
200900060570;0;7;0;0;2;1;1;C03
200900060571;0;15;0;0;2;4;23;A01
200900060571;0;10;0;0;2;1;2;B02
200900060572;0;7;0;0;0;7;14;A01
200900060572;0;7;0;0;2;1;1;B02
200900060573;0;7;0;0;2;2;1;B02
200900060573;0;7;0;0;2;3;13;A01
200900060574;0;7;0;13;0;0;1;A01
200900060575;0;7;0;0;2;1;19;A01
200900060575;0;7;0;0;2;3;1;B02
200900060576;0;7;0;0;1;1;1;A01
200900060577;0;7;0;0;1;2;16;A01
200900060578;0;7;0;0;2;1;1;A01
200900060578;0;7;0;0;2;8;1;B01
200900060579;0;7;0;0;2;4;2;B01
200900060579;0;7;0;1;2;1;2;A01
200900060580;0;1;0;0;2;1;1;B01
200900060580;0;7;0;0;2;0;9;A01
200900060581;0;7;0;0;2;1;9;A01
200900060581;0;7;0;0;2;8;16;B01
200900060582;0;7;0;0;2;1;9;A01
200900060582;0;10;0;0;2;5;1;B01
200900060583;0;7;0;0;2;1;16;A01
200900060583;0;7;0;0;2;7;1;B01
200900060584;0;7;0;13;0;1;1;A01
200900060585;0;7;0;0;2;3;9;A01
200900060585;0;7;0;0;2;2;1;B01
200900060586;0;7;0;0;0;0;0;A01
200900060587;0;7;0;0;1;0;1;A01
200900060588;0;7;0;0;2;1;0;A01
200900060588;0;7;0;0;0;4;0;B01
200900060589;0;33;0;0;2;1;9;B01
200900060589;0;7;0;0;2;1;1;A01
200900060590;0;34;0;0;0;0;0;B01
200900060590;0;7;0;0;2;3;0;A01
200900060591;0;7;0;0;0;0;0;A01
200900060592;0;7;0;0;2;0;1;A01
200900060592;0;30;0;0;2;1;1;B01
200900060593;0;7;0;13;0;0;1;A01
200900060594;0;7;0;13;0;0;14;A01
200900060595;0;7;0;0;2;1;1;A01
200900060595;0;7;0;0;2;0;1;B01
200900060596;0;2;0;0;2;7;1;B01
200900060596;0;7;0;0;2;8;11;A01
200900060597;0;33;0;0;2;1;1;B01
200900060597;0;7;0;0;2;1;9;A01
200900060598;0;30;0;0;0;0;1;A01
200900060599;0;7;0;0;0;1;0;A01
200900060600;0;7;0;13;0;1;1;A01
200900060601;0;30;0;0;0;7;1;A01
200900060602;0;30;0;0;2;4;1;B01
200900060602;0;2;0;0;2;1;1;A01
200900060603;0;33;0;0;2;0;1;B01
200900060603;0;7;0;0;2;1;1;A01
200900060604;0;7;0;0;2;3;19;B01
200900060604;0;2;0;0;2;1;1;A01
200900060605;0;7;0;0;2;3;1;A01
200900060605;0;2;0;0;2;4;1;B01
200900060606;0;7;0;0;2;4;23;B01
200900060606;0;7;0;0;2;2;14;A01
200900060607;0;32;0;0;0;8;1;A01
200900060608;0;7;0;0;2;1;1;B01
200900060608;0;7;0;0;2;7;1;A01
200900060609;0;7;0;0;1;0;1;A01
200900060610;0;7;0;0;1;2;1;A01
200900060611;0;7;0;6;0;1;0;A01
200900060612;0;7;0;0;2;1;15;A01
200900060612;0;7;0;0;2;8;1;B01
200900060613;0;10;0;0;2;4;23;C01
200900060613;0;7;0;0;2;1;1;A01
200900060613;0;7;0;0;2;4;23;B01
200900060613;0;7;0;0;2;4;23;D01
200900060614;0;7;0;0;2;8;9;B01
200900060614;0;7;0;0;2;1;1;A01
200900060615;0;13;0;0;1;2;9;A01
200900060616;0;7;0;0;2;1;1;B01
200900060616;0;7;0;0;2;4;15;A01
200900060617;0;7;0;0;2;2;1;A01
200900060617;0;30;0;0;2;4;1;B01
200900060618;2;7;0;0;1;2;1;A01
200900060619;0;30;0;0;2;1;1;A01
200900060619;0;7;0;0;2;1;1;B01
200900060620;0;7;0;0;2;8;1;C01
200900060620;0;7;0;0;2;1;1;B01
200900060620;0;7;0;0;0;1;15;A01
200900060621;0;7;0;0;0;0;14;A01
200900060622;0;1;0;0;2;1;1;B01
200900060622;0;7;0;0;2;2;15;A01
200900060623;0;7;0;0;0;0;16;A01
200900060623;0;2;0;12;0;1;0;B01
200900060624;0;7;0;0;2;1;1;B01
200900060624;0;7;0;0;2;7;1;A01
200900060625;0;7;0;0;2;2;15;A01
200900060625;0;7;0;0;2;3;1;B01
200900060626;0;7;0;0;2;3;13;A01
200900060626;0;7;0;0;2;3;1;B01
200900060627;0;7;0;0;2;4;2;C01
200900060627;0;7;0;0;2;4;2;B01
200900060627;0;7;0;0;2;1;2;A01
200900060628;0;7;0;0;2;6;2;B01
200900060628;0;7;0;0;2;2;2;A01
200900060629;0;7;0;0;0;0;15;A01
200900060629;0;33;0;0;2;1;1;B01
200900060630;0;33;0;0;2;3;1;A01
200900060631;0;7;0;0;2;4;2;B01
200900060631;0;7;0;0;2;1;2;A01
200900060632;0;7;0;0;1;0;1;A01
200900060633;0;7;0;15;0;7;13;A01
200900060634;0;33;0;16;0;2;0;A01
200900060635;0;7;0;0;1;1;1;A01
200900060636;0;1;0;0;2;0;1;B01
200900060636;0;7;0;0;2;1;1;A01
200900060637;0;7;0;0;2;6;2;B01
200900060637;0;7;0;0;2;5;1;C01
200900060637;0;2;0;0;2;1;2;A01
200900060638;0;7;0;4;;;21;A01
200900060639;0;1;0;;;;;B02
200900060639;0;1;0;;;;;A01
200900060640;0;7;0;2;0;7;1;A01
200900060641;0;7;0;0;1;2;1;A01
200900060642;0;7;0;0;0;4;1;B01
200900060642;0;7;0;0;2;1;2;A01
200900060643;0;7;0;0;1;2;1;A01
200900060644;0;7;0;0;0;4;23;B01
200900060644;0;7;0;1;0;1;2;A01
200900060645;0;7;0;0;1;3;2;A01
200900060646;0;2;0;0;2;1;1;B01
200900060646;0;7;0;0;2;3;5;A01
200900060647;0;7;0;0;1;4;4;A01
200900060648;0;32;0;0;2;4;2;B01
200900060648;0;7;0;0;2;1;2;A01
200900060649;0;15;0;0;2;2;12;A01
200900060649;0;7;0;0;2;1;1;C01
200900060649;0;7;0;0;0;6;1;B01
200900060649;0;7;0;0;2;1;1;D01
200900060650;0;7;0;0;1;1;1;A01
200900060651;0;7;0;0;1;2;1;A01
200900060652;0;7;0;0;1;2;2;A01
200900060653;0;7;0;2;0;1;1;A01
200900060654;0;10;0;0;0;4;23;B02
200900060654;0;7;0;0;0;4;23;C03
200900060654;0;7;0;1;0;1;2;A01
200900060655;0;10;0;2;0;1;1;A01
200900060656;0;17;0;0;2;5;2;B02
200900060656;0;7;0;0;2;3;2;A01
200900060657;0;2;0;0;2;1;1;B02
200900060657;0;7;0;0;2;6;15;A01
200900060658;0;21;0;0;0;0;10;B02
200900060658;0;33;0;0;2;7;1;A01
200900060659;0;7;0;0;2;3;13;B02
200900060659;0;14;0;0;2;1;1;A01
200900060660;0;7;0;0;2;2;1;C03
200900060660;0;7;0;0;2;4;23;A01
200900060660;0;7;0;0;2;5;23;B02
200900060661;0;7;0;0;1;3;1;A01
200900060662;0;7;0;0;2;2;20;A01
200900060662;0;7;0;0;2;7;1;B02
200900060663;0;7;0;0;1;2;1;A01
200900060664;0;7;0;0;2;2;1;B02
200900060664;0;30;0;0;2;1;13;A01
200900060665;0;2;0;0;2;1;2;B02
200900060665;0;7;0;0;2;3;15;A01
200900060666;0;33;0;16;0;0;1;A01
200900060667;0;7;0;0;2;1;13;A01
200900060667;0;7;0;0;2;1;1;B02
200900060668;0;1;0;0;0;4;13;A01
200900060669;0;10;0;0;2;3;13;A01
200900060669;0;10;0;0;2;3;1;B01
200900060670;0;7;0;0;1;2;1;A01
200900060671;0;7;0;0;1;3;0;A01
200900060672;0;10;0;0;1;5;4;A01
200900060673;0;32;0;0;0;0;2;A01
200900060674;0;7;0;0;1;3;20;A01
200900060675;0;10;0;0;2;1;1;A01
200900060675;0;7;0;0;2;2;1;B01
200900060676;0;7;0;1;0;1;2;A01
200900060676;0;7;0;0;0;4;2;C01
200900060676;0;7;0;0;0;4;2;B01
200900060677;0;10;0;0;5;2;1;A01
200900060678;0;2;0;1;0;1;2;B01
200900060678;0;7;0;0;2;4;2;A01
200900060679;0;2;0;0;2;1;1;B01
200900060679;0;7;0;0;2;1;15;A01
200900060680;0;7;0;2;0;1;14;A01
200900060681;0;30;0;0;2;1;1;B01
200900060681;1;7;0;0;2;5;15;Z01
200900060682;0;7;0;0;2;3;15;A01
200900060682;0;7;0;0;2;3;1;B01
200900060683;0;30;0;0;0;0;21;B01
200900060684;0;7;0;0;1;1;15;A01
200900060685;0;7;0;6;2;6;1;A01
200900060685;0;33;0;0;2;1;1;B01
200900060686;0;7;0;0;1;7;1;A01
200900060687;1;7;0;0;0;0;19;B01
200900060687;0;7;0;2;0;1;1;A01
200900060688;0;7;0;4;2;0;1;A01
200900060689;0;30;0;0;1;1;19;A01
200900060690;0;7;0;0;2;1;13;A01
200900060691;0;7;0;0;1;2;1;A01
200900060692;0;7;0;0;2;2;1;B02
200900060692;0;7;0;0;0;6;16;A01
200900060693;0;7;0;0;1;2;1;A01
200900060694;0;10;0;0;2;1;1;A01
200900060694;0;7;0;0;2;1;1;B02
200900060695;0;10;0;0;2;1;1;B02
200900060695;0;7;0;0;2;8;13;A01
200900060696;0;7;0;0;1;2;1;A01
200900060697;0;7;0;2;0;1;1;A01
200900060698;0;7;0;0;1;1;1;A01
200900060699;0;10;0;0;9;5;15;B02
200900060699;0;10;0;0;2;5;15;A01
200900060700;0;7;0;0;1;2;2;A01
200900060701;0;7;0;0;2;3;1;B02
200900060701;0;7;0;0;2;1;13;A01
200900060702;0;7;0;0;2;2;5;B02
200900060702;0;10;0;0;2;2;1;A01
200900060703;0;7;0;0;2;1;1;B02
200900060703;0;10;0;0;2;1;1;A01
200900060704;0;7;0;0;1;1;1;A01
200900060705;0;7;0;6;0;8;14;A01
200900060706;0;7;0;6;0;1;1;A01
200900060707;0;7;0;0;1;3;1;A01
200900060708;0;7;0;13;0;7;1;A01
200900060709;0;7;0;0;2;2;19;A01
200900060709;0;30;0;0;2;1;1;B02
200900060710;0;7;0;0;2;1;1;B02
200900060710;0;7;0;0;2;1;17;A01
200900060710;0;7;0;15;0;8;0;D04
200900060710;0;7;0;0;2;8;20;C03
200900060711;0;30;0;0;2;1;5;A01
200900060711;0;7;0;0;9;3;5;B02
200900060712;0;7;0;0;2;1;5;B02
200900060712;0;7;0;0;0;0;1;A01
200900060713;0;7;0;5;0;1;1;A01
200900060714;0;7;0;0;2;1;1;B02
200900060714;0;7;0;0;2;3;13;A01
200900060715;0;14;0;16;0;1;16;A01
200900060716;0;30;0;0;2;9;3;B02
200900060716;0;7;0;0;2;3;15;A01
200900060717;0;10;0;0;1;1;15;A01
200900060718;1;7;0;0;2;0;0;A01
200900060718;0;1;0;0;2;1;1;B01
200900060719;0;7;0;0;2;3;9;A01
200900060719;0;2;0;0;2;1;1;B01
200900060720;0;7;0;0;1;1;1;A01
200900060721;0;7;0;0;2;1;13;A01
200900060721;0;7;0;0;2;2;21;B02
200900060721;0;33;0;0;2;7;21;C03
200900060722;0;10;0;0;2;6;11;A01
200900060722;0;32;0;0;2;7;1;B01
200900060723;0;7;0;0;1;3;1;A01
200900060724;0;31;0;0;2;1;2;B01
200900060724;1;7;0;0;9;2;10;A01
200900060725;0;7;0;0;0;4;23;C01
200900060725;0;7;0;0;2;1;1;A01
200900060725;0;7;0;0;2;1;23;B01
200900060726;0;7;0;0;1;3;1;A01
200900060727;0;7;0;0;1;5;2;A01
200900060728;0;38;5;0;2;7;1;B01
200900060728;0;31;0;0;2;1;0;A01
200900060729;0;7;0;0;0;2;1;A01
200900060729;0;7;0;0;0;3;15;B01
200900060730;0;1;0;0;2;3;19;B01
200900060730;0;7;0;0;2;2;9;A01
200900060731;0;1;0;0;2;1;9;B01
200900060731;0;7;0;0;2;3;16;A01
200900060732;0;7;0;0;2;3;1;B02
200900060732;0;7;0;3;2;7;17;A01
200900060733;0;2;0;0;2;1;1;B02
200900060733;0;7;0;0;2;2;15;A01
200900060734;0;7;0;0;1;3;1;A01
200900060735;0;7;0;0;2;3;2;C03
200900060735;0;7;0;0;2;3;1;D04
200900060735;0;7;0;0;2;1;13;A01
200900060735;0;7;0;0;2;1;1;B02
200900060736;0;7;0;16;0;9;0;A01
200900060737;0;13;0;0;2;6;13;B02
200900060737;0;38;12;0;2;3;1;A01
200900060738;0;7;0;2;0;8;21;A01
200900060739;0;7;0;0;2;1;1;B02
200900060739;0;7;0;0;2;3;1;A01