num_acc;senc;catv;occutc;obs;obsm;choc;manv;num_veh
200900060740;0;7;0;0;0;9;1;A01
200900060741;0;37;5;0;1;2;1;A01
200900060742;0;7;0;6;0;1;13;A01
200900060743;0;7;0;2;0;1;14;A01
200900060744;0;17;0;3;2;9;17;A01
200900060744;0;7;0;0;2;8;1;B02
200900060745;0;7;0;0;1;1;1;A01
200900060746;0;7;0;0;1;1;1;A01
200900060747;0;7;0;0;1;2;1;A01
200900060748;0;7;0;13;0;1;9;A01
200900060749;0;1;0;0;2;7;19;B01
200900060749;1;7;0;0;2;1;16;Z01
200900060750;0;7;0;0;2;8;2;B01
200900060750;0;7;0;0;2;1;1;A01
200900060751;0;7;0;0;2;3;15;B01
200900060751;0;1;0;0;1;8;6;A01
200900060752;0;7;0;0;2;3;1;B01
200900060752;0;10;0;0;0;2;1;A01
200900060753;0;7;0;0;1;1;1;A01
200900060754;0;10;0;0;1;4;4;A01
200900060755;0;7;0;0;2;8;23;C01
200900060755;0;7;0;0;2;2;19;A01
200900060755;0;7;0;0;2;1;1;B01
200900060756;0;7;0;0;1;1;15;A01
200900060757;0;1;0;;;;;A01
200900060758;0;1;0;14;9;1;2;A01
200900060758;0;7;0;0;0;4;23;B01
200900060759;0;33;0;8;0;1;14;B01
200900060759;0;7;0;0;0;0;0;A01
200900060760;0;1;0;0;2;1;1;B01
200900060760;0;7;0;1;2;1;13;A01
200900060761;0;2;0;0;1;1;17;A01
200900060762;0;38;1;0;2;1;1;A01
200900060762;0;7;0;0;2;4;1;C01
200900060762;0;7;0;0;2;4;1;B01
200900060763;0;7;0;0;1;2;1;A01
200900060764;0;7;0;0;1;7;14;A01
200900060765;0;14;0;0;2;2;1;A01
200900060765;0;33;0;0;2;1;1;B01
200900060766;0;10;0;0;1;1;1;A01
200900060767;0;7;0;0;9;1;1;B01
200900060767;0;7;0;0;9;2;23;C01
200900060767;0;30;0;0;2;7;1;A01
200900060768;0;7;0;0;2;1;1;A01
200900060768;0;2;0;0;2;4;1;B01
200900060769;1;7;0;0;1;1;14;X01
200900060770;0;7;0;0;2;1;1;A01
200900060770;0;99;0;0;2;6;1;B01
200900060771;0;33;0;0;2;1;1;B01
200900060771;0;7;0;0;2;3;10;A01
200900060772;0;39;0;0;2;1;1;B02
200900060772;0;2;0;0;4;8;1;A01
200900060773;0;7;0;0;2;5;2;A01
200900060773;0;1;0;0;2;8;17;B02
200900060774;0;7;0;16;0;1;1;A01
200900060775;0;31;0;1;0;2;1;A01
200900060776;0;7;0;15;0;2;1;A01
200900060777;0;7;0;0;2;2;13;A01
200900060777;0;7;0;0;2;3;1;B02
200900060778;0;3;0;13;0;3;1;A01
200900060779;0;7;0;0;0;3;0;A01
200900060779;0;2;0;0;0;2;0;B02
200900060780;1;14;0;0;1;0;1;A01
200900060781;0;10;0;0;2;3;15;B02
200900060781;0;33;0;0;2;1;17;A01
200900060782;0;7;0;0;2;1;13;A01
200900060782;0;7;0;0;2;3;1;B02
200900060783;0;33;0;0;0;7;1;A01
200900060784;0;7;0;0;2;6;20;C03
200900060784;0;7;0;0;2;1;1;B02
200900060784;0;7;0;0;2;2;1;A01
200900060785;0;7;0;0;0;3;23;B02
200900060785;0;33;0;0;0;1;1;A01
200900060786;0;7;0;0;0;4;1;B02
200900060786;0;33;0;0;2;1;1;A01
200900060787;0;21;0;0;2;6;1;A01
200900060787;0;1;0;0;2;4;17;B02
200900060788;0;7;0;2;0;9;1;A01
200900060789;0;7;0;8;0;3;14;A01
200900060790;0;7;0;0;9;3;1;A01
200900060790;0;2;0;0;2;1;1;B02
200900060791;0;7;0;0;2;8;20;A01
200900060791;0;30;0;0;2;1;1;B02
200900060792;0;7;0;0;0;0;17;A01
200900060793;0;7;0;6;0;1;1;A01
200900060794;0;30;0;0;2;3;19;A01
200900060794;0;7;0;0;2;2;1;B02
200900060795;0;7;0;0;2;6;20;B02
200900060795;0;30;0;0;2;7;2;A01
200900060796;0;7;0;0;2;1;5;A01
200900060796;0;15;0;2;2;1;1;B02
200900060797;0;33;0;0;2;1;1;B02
200900060797;0;10;0;0;2;1;15;A01
200900060798;0;1;0;0;2;4;15;B02
200900060798;0;7;0;0;9;1;15;A01
200900060799;0;33;0;16;0;0;21;A01
200900060800;0;7;0;0;2;7;1;B02
200900060800;0;7;0;0;2;1;1;A01
200900060801;0;7;0;0;2;3;13;A01
200900060801;0;99;0;0;2;8;1;B02
200900060801;0;10;0;0;2;8;1;D04
200900060801;0;7;0;0;2;3;1;C03
200900060802;0;7;0;0;2;3;15;A01
200900060802;0;2;0;0;2;1;1;B02
200900060803;0;33;0;14;0;1;1;A01
200900060804;0;33;0;13;0;1;1;A01
200900060805;0;10;0;0;2;2;15;B02
200900060805;0;33;0;0;2;1;1;A01
200900060806;0;7;0;13;0;1;14;A01
200900060807;0;10;0;0;2;1;2;A01
200900060807;0;17;0;0;2;5;2;B02
200900060808;0;7;0;0;2;1;19;A01
200900060808;0;33;0;0;2;3;1;B02
200900060809;0;7;0;8;0;8;1;A01
200900060810;0;7;0;0;2;1;1;A01
200900060810;0;15;0;0;2;8;1;B02
200900060811;0;7;0;0;2;8;1;B02
200900060811;0;33;0;0;2;1;13;A01
200900060812;0;7;0;0;2;1;1;B02
200900060812;0;7;0;0;2;1;1;A01
200900060813;0;7;0;0;2;1;13;A01
200900060813;0;7;0;0;2;3;1;B01
200900060814;0;39;0;0;1;1;1;C01
200900060814;0;39;0;0;2;2;1;B01
200900060814;0;33;0;0;0;7;1;A01
200900060815;0;7;0;0;2;1;5;A01
200900060815;0;15;0;0;0;1;0;B01
200900060816;0;7;0;0;0;1;1;A01
200900060816;0;7;0;0;2;1;1;B01
200900060817;0;30;0;0;2;1;17;A01
200900060817;0;7;0;0;2;6;15;B01
200900060818;0;31;0;0;2;1;1;B01
200900060818;0;7;0;0;2;5;15;A01
200900060819;0;33;0;3;0;0;14;A01
200900060820;0;7;0;0;2;7;1;B01
200900060820;0;7;0;7;2;1;19;A01
200900060821;0;7;0;0;2;0;0;B01
200900060821;0;7;0;0;2;0;0;A01
200900060822;0;7;0;0;9;5;16;A01
200900060822;0;1;0;0;2;8;1;B01
200900060823;0;7;0;0;2;1;1;B01
200900060823;0;7;0;0;2;8;9;A01
200900060824;0;7;0;0;2;1;13;A01
200900060824;0;7;0;0;2;3;1;B01
200900060825;0;7;0;0;2;3;10;A01
200900060825;0;30;0;0;2;1;1;B01
200900060826;0;1;0;0;2;1;9;B01
200900060826;0;7;0;0;2;1;1;A01
200900060827;0;7;0;0;1;3;1;A01
200900060828;0;7;0;1;1;1;16;A01
200900060829;0;30;0;0;2;2;2;A01
200900060829;0;30;0;0;2;4;2;B01
200900060830;0;7;0;0;2;4;1;B01
200900060830;0;7;0;0;2;1;1;A01
200900060831;0;7;0;0;0;6;15;B01
200900060831;0;31;0;0;2;7;2;A01
200900060832;0;33;0;0;2;1;2;D01
200900060832;0;7;0;0;2;3;1;B01
200900060832;0;33;0;0;2;1;17;A01
200900060832;0;7;0;0;2;3;1;E01
200900060832;0;7;0;0;2;3;1;C01
200900060833;0;2;0;0;0;7;1;A01
200900060834;0;15;0;3;0;8;13;A01
200900060835;0;7;0;16;0;9;14;A01
200900060836;0;14;0;0;2;0;1;B01
200900060836;0;7;0;4;2;8;13;A01
200900060837;0;7;0;0;0;0;1;A01
200900060838;0;7;0;0;2;0;1;B01
200900060838;0;7;0;4;2;8;13;A01
200900060839;0;7;0;3;0;0;0;A01
200900060840;0;7;0;4;0;0;13;A01
200900060841;0;7;0;4;0;0;0;A01
200900060842;0;7;0;14;0;1;14;A01
200900060843;0;7;0;0;2;0;0;C01
200900060843;0;7;0;0;2;0;0;A01
200900060843;0;7;0;0;2;0;0;B01
200900060844;0;7;0;0;2;5;2;B01
200900060844;0;31;0;0;2;1;1;A01
200900060845;0;33;0;4;0;0;1;A01
200900060846;0;7;0;0;2;1;5;A01
200900060846;0;7;0;0;1;1;1;B01
200900060847;0;7;0;0;2;1;9;A01
200900060847;0;30;0;0;2;8;1;B01
200900060848;0;7;0;0;2;7;0;A01
200900060848;0;30;0;0;2;1;1;B01
200900060849;0;2;0;0;2;8;10;A01
200900060849;0;7;0;0;2;1;1;B01
200900060850;0;30;0;9;0;1;1;A01
200900060851;0;7;0;3;0;2;16;A01
200900060851;0;1;0;3;2;4;16;B01
200900060852;0;7;0;0;0;0;0;A01
200900060853;0;7;0;1;1;2;1;A01
200900060854;0;30;0;16;0;1;0;A01
200900060855;0;33;0;0;2;8;15;A01
200900060855;0;7;0;0;2;1;17;B02
200900060856;0;7;0;13;0;7;1;A01
200900060857;0;7;0;6;0;1;1;A01
200900060858;0;7;0;13;0;3;1;A01
200900060859;0;7;0;2;0;3;13;A01
200900060860;0;7;0;0;2;1;20;A01
200900060860;0;2;0;0;2;1;1;B02
200900060861;0;7;0;13;0;1;21;A01
200900060862;0;7;0;0;2;2;1;A01
200900060862;0;1;0;0;2;7;15;B02
200900060863;0;7;0;0;1;3;1;A01
200900060864;0;7;0;2;0;3;1;A01
200900060865;0;7;0;0;2;1;13;A01
200900060865;0;7;0;0;2;1;1;B02
200900060866;0;7;0;1;1;2;2;A01
200900060867;0;7;0;2;0;2;1;A01
200900060868;0;7;0;6;0;1;1;A01
200900060869;0;7;0;0;2;3;1;B02
200900060869;0;7;0;0;2;2;15;A01
200900060870;0;20;0;0;2;3;1;B02
200900060870;0;2;0;0;2;1;1;A01
200900060871;0;7;0;0;2;2;1;A01
200900060871;0;1;0;0;2;4;1;B02
200900060872;0;7;0;0;0;4;1;A01
200900060872;0;7;0;0;2;1;1;B02
200900060873;0;1;0;0;2;1;1;B02
200900060873;0;7;0;0;9;6;16;A01
200900060874;0;7;0;0;9;3;13;A01
200900060874;0;1;0;0;2;1;1;B02
200900060875;0;14;0;0;2;8;1;A01
200900060875;0;30;0;0;2;2;13;B02
200900060876;0;7;0;0;2;8;1;B02
200900060876;0;7;0;0;2;3;1;A01
200900060877;0;30;0;0;2;1;9;A01
200900060877;0;7;0;0;2;2;1;B02
200900060878;0;10;0;0;2;1;2;A01
200900060878;0;13;0;0;0;4;2;B02
200900060879;0;7;0;0;2;3;17;A01
200900060879;0;7;0;0;2;3;1;B02
200900060880;0;7;0;5;0;1;1;A01
200900060881;0;10;0;0;0;2;1;B02
200900060881;0;33;0;0;2;3;18;A01
200900060882;0;7;0;0;1;0;1;A01
200900060883;0;2;0;0;2;1;17;A01
200900060883;0;7;0;0;2;3;15;B01
200900060884;0;7;0;0;9;7;2;A01
200900060884;0;1;0;0;2;0;2;B01
200900060885;0;7;0;0;1;1;1;A01
200900060886;0;7;0;0;1;1;1;A01
200900060887;0;7;0;0;9;1;15;A01
200900060887;0;1;0;0;2;8;2;B01
200900060888;0;7;0;0;1;2;1;A01
200900060889;0;7;0;4;0;3;1;A01
200900060890;0;7;0;0;2;2;1;A01
200900060890;0;1;0;0;2;4;19;B01
200900060891;0;7;0;0;2;3;1;B01
200900060891;0;2;0;0;2;1;1;A01
200900060892;0;7;0;0;2;1;13;A01
200900060892;0;30;0;0;0;3;1;B01
200900060893;0;33;0;0;0;7;1;A01
200900060894;0;7;0;0;1;2;14;A01
200900060895;0;30;0;0;0;0;21;B01
200900060895;0;7;0;0;0;0;15;A01
200900060896;1;7;0;0;2;0;15;B01
200900060896;0;31;0;0;0;1;1;A01
200900060897;0;7;0;0;9;3;1;B01
200900060897;0;30;0;0;2;0;21;A01
200900060898;0;7;0;0;2;3;2;B01
200900060898;0;7;0;0;0;5;2;A01
200900060898;0;7;0;0;2;3;1;C01
200900060899;0;7;0;0;0;7;15;A01
200900060899;0;33;0;0;2;1;1;B01
200900060900;0;7;0;13;0;9;2;A01
200900060901;0;7;0;0;2;8;15;A01
200900060901;0;33;0;0;2;1;17;B01
200900060902;0;33;0;0;0;0;0;A01
200900060903;0;7;0;0;2;1;1;A01
200900060903;0;7;0;0;2;0;1;B01
200900060904;0;7;0;0;2;3;16;B01
200900060904;0;10;0;0;2;1;1;A01
200900060904;0;7;0;2;2;1;1;C01
200900060905;0;7;0;0;2;3;15;A01
200900060905;0;30;0;0;2;3;21;B01
200900060906;0;10;0;0;2;3;0;A01
200900060906;0;15;0;0;2;3;1;B01
200900060907;0;7;0;0;9;2;1;A01
200900060907;0;1;0;0;2;8;19;B01
200900060908;0;99;0;0;1;0;0;A01
200900060909;0;7;0;0;0;0;0;A01
200900060910;0;10;0;4;0;0;13;A01
200900060911;0;7;0;4;0;9;0;A01
200900060912;0;7;0;4;2;3;11;A01
200900060912;0;7;0;0;2;0;1;B01
200900060913;0;7;0;14;0;0;0;A01
200900060914;0;7;0;0;2;4;2;B01
200900060914;0;7;0;0;2;1;2;A01
200900060915;0;17;0;3;2;3;13;A01
200900060915;0;7;0;3;2;7;17;B01
200900060915;0;14;0;0;2;1;1;C01
200900060916;0;10;0;0;2;0;1;B01
200900060916;0;7;0;3;2;0;17;A01
200900060917;0;7;0;7;0;0;0;A01
200900060918;0;33;0;0;0;0;0;A01
200900060919;0;7;0;0;0;1;0;B01
200900060919;0;7;0;0;0;0;0;C01
200900060919;0;7;0;0;2;0;0;A01
200900060920;0;7;0;0;2;2;0;A01
200900060920;0;1;0;0;2;1;0;B01
200900060921;0;33;0;8;0;1;1;A01
200900060922;0;33;0;0;2;1;1;B01
200900060922;0;7;0;0;2;2;0;A01
200900060923;0;2;0;6;0;1;1;A01
200900060924;0;7;0;0;2;0;15;A01
200900060924;0;33;0;0;0;0;0;B01
200900060925;0;33;0;0;2;1;1;B01
200900060925;0;7;0;0;2;3;10;A01
200900060926;0;7;0;0;1;1;0;A01
200900060927;0;1;0;0;0;0;1;B01
200900060927;0;7;0;0;0;0;20;A01
200900060928;0;7;0;0;2;3;15;A01
200900060928;0;33;0;0;2;1;1;B01
200900060929;0;7;0;0;2;3;1;A01
200900060929;0;33;0;0;2;1;17;B01
200900060930;0;1;0;0;0;0;0;B01
200900060930;0;7;0;0;0;1;1;A01
200900060931;0;10;0;0;1;3;1;A01
200900060932;0;33;0;0;0;0;1;A01
200900060933;0;7;0;3;0;0;0;A01
200900060934;0;17;0;0;2;7;12;A01
200900060934;0;7;0;0;2;8;1;B01
200900060935;0;7;0;0;2;1;1;A01
200900060935;0;7;0;0;2;4;1;B01
200900060936;1;7;0;0;0;0;9;B01
200900060936;0;33;0;0;0;0;1;A01
200900060937;0;7;0;0;2;1;5;A01
200900060937;0;7;0;0;2;1;1;B01
200900060938;0;7;0;6;0;2;2;A01
200900060939;0;7;0;0;2;1;13;A01
200900060939;0;7;0;0;2;8;1;B01
200900060939;0;7;0;0;2;1;1;C01
200900060940;0;7;0;0;1;5;4;A01
200900060941;0;7;0;0;0;2;17;A01
200900060942;0;7;0;0;1;1;1;A01
200900060943;0;7;0;0;2;1;1;B01
200900060943;0;7;0;0;2;1;21;C01
200900060943;0;7;0;0;2;2;5;A01
200900060944;0;7;0;0;0;8;1;B01
200900060944;0;31;0;0;2;1;1;A01
200900060945;0;7;0;0;2;2;15;A01
200900060945;0;1;0;0;2;1;19;B01
200900060946;0;30;0;6;2;0;1;B01
200900060946;1;7;0;0;0;0;13;C01
200900060946;0;7;0;3;9;1;14;A01
200900060947;0;7;0;0;1;1;1;A01
200900060948;0;2;0;0;0;1;14;A01
200900060949;0;7;0;0;9;3;1;B01
200900060949;0;1;0;0;2;7;19;A01
200900060950;0;10;0;0;2;2;1;A01
200900060950;0;30;0;0;2;7;1;B01
200900060951;0;30;0;0;2;1;1;B01
200900060951;0;7;0;0;9;3;1;A01
200900060952;0;7;0;0;2;2;1;A01
200900060952;0;7;0;0;0;4;2;B01
200900060952;0;7;0;0;2;1;0;C01
200900060953;0;7;0;0;2;5;15;A01
200900060953;0;31;0;0;0;1;1;B01
200900060954;0;20;0;0;9;7;17;A01
200900060954;0;1;0;0;9;0;1;B01
200900060955;0;30;0;0;2;1;1;A01
200900060955;0;7;0;0;2;8;1;B01
200900060956;0;1;0;0;2;1;1;B01
200900060956;0;7;0;0;9;5;1;A01
200900060957;0;7;0;0;2;1;1;A01
200900060957;0;2;0;0;2;4;1;B01
200900060958;0;7;0;0;1;7;1;A01
200900060959;0;7;0;2;0;1;14;A01
200900060960;0;7;0;1;0;9;14;A01
200900060961;0;7;0;1;0;1;14;A01
200900060961;0;7;0;0;1;6;14;B01
200900060962;0;7;0;0;1;1;1;A01
200900060963;0;7;0;0;1;2;0;A01
200900060964;0;7;0;6;1;1;1;A01
200900060965;0;3;0;8;0;1;0;A01
200900060966;0;32;0;0;2;1;1;B01
200900060966;0;7;0;0;2;1;1;A01
200900060967;0;7;0;0;2;1;1;B01
200900060967;0;7;0;0;2;2;13;A01
200900060968;0;14;0;0;2;2;11;A01
200900060968;0;7;0;0;2;1;1;B01
200900060969;0;7;0;0;2;3;15;A01
200900060969;0;30;0;0;2;1;1;B01
200900060970;0;7;0;0;1;1;1;A01
200900060971;0;7;0;0;9;4;2;B01
200900060971;0;2;0;0;2;1;2;A01
200900060972;0;7;0;0;2;2;19;A01
200900060972;0;33;0;0;2;1;17;B01
200900060973;0;7;0;0;0;9;0;A01
200900060974;0;2;0;0;2;0;1;B01
200900060974;0;7;0;0;9;3;5;A01
200900060975;0;30;0;0;2;0;1;B01
200900060975;0;7;0;0;9;2;1;A01
200900060976;0;30;0;0;2;1;1;B01
200900060976;0;7;0;0;2;8;9;A01
200900060977;0;7;0;0;9;3;15;B01
200900060977;0;2;0;0;2;1;1;A01
200900060978;0;7;0;0;1;2;1;A01
200900060979;0;30;0;0;2;1;1;B01
200900060979;0;7;0;0;2;3;10;A01
200900060980;0;30;0;0;2;1;1;B01
200900060980;0;7;0;0;2;3;9;A01
200900060981;0;7;0;0;1;2;1;A01
200900060982;0;7;0;0;1;7;0;A01
200900060983;0;7;0;0;1;1;0;A01
200900060984;0;7;0;0;2;0;2;A01
200900060984;0;33;0;0;0;0;2;B01
200900060985;0;7;0;0;2;1;0;A01
200900060985;0;7;0;0;2;1;5;B01
200900060986;0;7;0;0;2;1;0;B01
200900060986;0;33;0;0;2;1;0;A01
200900060987;0;7;0;0;2;1;2;A01
200900060987;0;7;0;0;2;4;0;C01
200900060987;0;7;0;0;2;1;2;B01
200900060988;0;33;0;16;0;1;1;A01
200900060989;0;7;0;0;2;7;10;A01
200900060989;0;36;0;0;2;1;1;B02
200900060990;0;7;0;6;0;2;1;A01
200900060991;0;33;0;0;2;0;21;A01
200900060991;0;7;0;0;2;1;19;B02
200900060992;0;7;0;0;2;8;1;A01
200900060992;0;33;0;0;2;7;17;B02
200900060993;0;7;0;2;0;1;14;A01
200900060994;0;33;0;0;2;1;13;A01
200900060994;0;10;0;0;0;1;0;C03
200900060994;0;33;0;0;2;1;0;B02
200900060995;0;10;0;0;1;1;21;D04
200900060995;0;7;0;0;1;1;21;E05
200900060995;0;7;0;0;1;1;21;C03
200900060995;0;7;0;0;1;7;21;B02
200900060995;0;7;0;3;0;1;14;A01
200900060996;0;7;0;0;0;7;19;A01
200900060996;0;7;0;0;0;1;23;B02
200900060996;0;7;0;0;0;1;1;C03
200900060997;0;7;0;13;0;2;1;A01
200900060998;0;99;0;0;0;0;0;A01
200900060998;0;7;0;0;0;7;1;B01
200900060999;0;7;0;13;0;2;1;A01
200900061000;0;7;0;0;2;7;6;A01
200900061000;0;7;0;0;2;3;1;B02
200900061001;0;7;0;3;2;1;0;A01
200900061001;0;15;0;0;2;2;21;B02
200900061002;0;36;0;6;0;2;1;A01
200900061003;0;7;0;0;1;4;4;A01
200900061004;0;7;0;8;0;2;1;A01
200900061005;0;33;0;0;5;1;1;A01
200900061006;0;7;0;0;2;6;10;A01
200900061006;0;33;0;0;2;1;1;B02
200900061007;0;7;0;0;1;1;1;A01
200900061008;0;7;0;0;1;1;0;A01
200900061009;0;1;0;0;0;0;1;A01
200900061010;0;30;0;0;2;6;15;B01
200900061010;0;30;0;0;2;1;2;A01
200900061011;1;7;0;0;1;1;15;A01
200900061012;0;7;0;0;0;0;15;A01
200900061013;0;7;0;0;0;1;1;B01
200900061013;2;7;0;0;2;3;15;A01
200900061014;0;1;0;0;2;8;1;C01
200900061014;0;1;0;0;2;8;1;B01
200900061014;0;7;0;0;9;1;1;A01
200900061015;0;7;0;0;9;5;15;A01
200900061015;0;33;0;0;2;1;1;B01
200900061016;0;7;0;0;1;1;15;A01
200900061017;0;33;0;0;2;1;1;B01
200900061017;0;7;0;0;2;6;10;A01
200900061018;2;7;0;1;0;1;13;A01
200900061019;0;2;0;0;0;1;1;A01
200900061020;0;7;0;0;2;1;1;A01
200900061020;0;10;0;0;2;8;1;B01
200900061021;0;7;0;6;0;1;1;A01
200900061022;0;7;0;3;0;9;1;A01
200900061023;0;10;0;0;0;9;1;A01
200900061024;0;7;0;0;2;7;1;A01
200900061024;0;7;0;0;2;2;1;B02
200900061025;0;7;0;0;2;2;15;A01
200900061025;0;2;0;0;2;1;1;B02
200900061026;0;7;0;0;1;2;1;A01
200900061027;0;7;0;0;2;7;13;A01
200900061027;0;7;0;0;2;1;1;B02
200900061028;0;10;0;13;0;1;13;A01
200900061029;0;30;0;0;2;1;1;A01
200900061029;0;7;0;0;2;2;19;B02
200900061030;0;7;0;0;2;1;1;A01
200900061030;0;7;0;0;2;3;13;B02
200900061031;0;7;0;0;2;1;17;A01
200900061031;0;7;0;0;2;1;1;B02
200900061032;0;7;0;6;1;2;1;A01
200900061033;0;10;0;2;0;3;5;A01
200900061034;0;7;0;0;2;2;17;A01
200900061034;0;1;0;0;2;8;15;B02
200900061035;0;7;0;0;1;1;1;A01
200900061036;0;7;0;0;2;3;0;B02
200900061036;0;7;0;0;2;3;0;A01
200900061037;0;7;0;0;1;2;1;A01
200900061038;0;7;0;0;2;1;1;A01
200900061038;0;7;0;0;2;1;13;B02
200900061039;0;7;0;0;2;2;15;A01
200900061039;0;7;0;0;2;1;1;B02
200900061040;0;7;0;0;2;6;15;A01
200900061040;0;30;0;0;2;8;1;B02
200900061041;0;7;0;0;2;3;1;B02
200900061041;0;7;0;0;2;3;15;A01
200900061042;0;7;0;0;2;1;13;A01
200900061042;0;7;0;0;2;1;0;B02
200900061043;0;7;0;0;2;2;1;B02
200900061043;0;2;0;0;2;4;23;A01
200900061044;0;7;0;0;2;3;15;A01
200900061044;0;1;0;0;2;1;1;B01
200900061045;0;7;0;0;9;1;11;A01
200900061045;0;2;0;0;2;1;19;B01
200900061046;0;7;0;0;2;3;0;B01
200900061046;0;7;0;0;2;3;0;A01
200900061047;0;7;0;0;2;3;15;B01
200900061047;0;7;0;0;2;1;0;A01
200900061048;0;36;0;1;0;2;1;A01
200900061049;0;7;0;0;0;8;24;C03
200900061049;0;7;0;13;0;2;1;A01
200900061049;0;7;0;1;0;2;1;B02
200900061050;0;7;0;0;2;3;1;A01
200900061050;0;30;0;0;2;1;1;B01
200900061051;1;7;0;0;1;0;0;A01
200900061052;0;10;0;0;1;4;4;A01
200900061053;0;7;0;0;1;2;16;A01
200900061054;0;7;0;0;1;3;1;A01
200900061055;0;7;0;0;2;2;1;B01
200900061055;0;32;0;0;2;1;1;A01
200900061056;0;7;0;8;0;1;1;A01
200900061057;0;7;0;0;1;2;1;A01
200900061058;0;7;0;0;2;1;1;B01
200900061058;0;7;0;0;2;2;1;A01
200900061059;0;7;0;0;2;4;24;B01
200900061059;1;7;0;1;1;1;1;A01
200900061060;0;7;0;0;1;2;1;A01
200900061061;0;33;0;0;2;3;1;B01
200900061061;0;7;0;0;2;1;15;A01
200900061062;0;7;0;0;2;3;1;A01
200900061062;0;33;0;0;2;7;1;B01
200900061063;0;7;0;0;1;3;1;A01
200900061064;0;7;0;;;5;23;B02
200900061064;0;33;0;;9;1;2;A01
200900061065;0;7;0;0;1;1;1;A01
200900061066;0;7;0;11;0;3;1;A01
200900061067;0;7;0;0;2;3;20;A01
200900061067;0;2;0;0;2;2;1;B01
200900061068;0;33;0;0;0;2;1;A01
200900061069;0;7;0;0;1;2;16;A01
200900061070;0;7;0;0;1;1;1;A01
200900061071;0;7;0;0;1;2;0;A01
200900061072;0;7;0;0;2;3;1;A01
200900061072;0;7;0;0;2;3;1;C03
200900061072;0;7;0;0;2;8;1;B02
200900061073;0;7;0;0;2;3;13;A01
200900061073;0;7;0;0;2;3;1;B02
200900061074;0;7;0;0;0;0;0;A01
200900061074;0;2;0;0;0;0;0;B02
200900061075;0;7;0;13;0;2;14;A01
200900061076;0;7;0;0;1;1;1;A01
200900061077;0;7;0;0;2;1;17;A01
200900061077;0;7;0;0;2;1;1;B02
200900061078;0;7;0;0;2;2;17;B02
200900061078;0;1;0;0;2;8;1;A01
200900061079;0;7;0;0;1;2;1;A01
200900061080;0;7;0;0;2;2;17;A01
200900061080;0;7;0;1;0;3;21;B02
200900061080;0;30;0;0;2;4;1;C03
200900061081;0;30;0;12;0;1;1;A01
200900061082;0;7;0;0;1;1;1;A01
200900061083;0;10;0;2;0;7;13;A01
200900061084;0;7;0;0;2;1;15;A01
200900061084;0;7;0;0;2;1;1;B02
200900061085;0;7;0;0;2;3;15;A01
200900061085;0;7;0;0;2;1;1;B02
200900061086;0;7;0;0;2;8;9;A01
200900061086;0;2;0;0;2;1;1;B02
200900061086;0;10;0;0;2;8;9;C03
200900061087;0;7;0;2;0;1;1;A01
200900061088;0;10;0;0;1;2;1;A01
200900061089;0;7;0;0;2;1;1;B02
200900061089;0;7;0;0;2;8;15;A01
200900061090;0;7;0;0;1;2;1;A01
200900061091;0;7;0;0;2;8;15;A01
200900061091;0;30;0;0;2;1;1;B02
200900061092;0;7;0;0;1;2;1;A01
200900061093;0;7;0;13;0;1;1;A01
200900061094;0;7;0;0;1;1;16;A01
200900061095;0;10;0;0;1;2;1;A01
200900061096;0;10;0;0;2;1;1;A01
200900061096;0;7;0;0;0;4;23;B01
200900061097;0;7;0;0;2;4;2;C01
200900061097;0;7;0;0;2;1;2;A01
200900061097;0;7;0;0;2;4;2;B01
200900061098;0;30;0;0;2;1;2;B01
200900061098;0;7;0;0;2;3;15;A01
200900061099;0;7;0;0;1;1;2;A01
200900061100;0;37;39;0;1;2;2;A01
200900061101;0;7;0;0;0;4;23;B01
200900061101;0;7;0;0;2;1;1;A01
200900061102;0;7;0;0;2;2;15;A01
200900061102;0;2;0;0;2;1;1;B01
200900061103;0;1;0;0;2;1;9;A01
200900061103;0;7;0;0;2;3;9;B02
200900061104;0;1;0;0;0;4;1;B02
200900061104;1;7;0;0;2;2;1;A01
200900061105;0;33;0;0;2;8;1;A01
200900061105;1;7;0;0;0;3;19;B02
200900061106;0;7;0;13;0;1;1;A01
200900061107;2;7;0;0;2;1;2;A01
200900061107;0;7;0;0;0;4;2;B01
200900061108;2;7;0;0;2;1;2;A01
200900061108;0;7;0;0;0;4;23;B01
200900061109;0;7;0;0;1;8;1;A01
200900061110;0;7;0;13;0;9;0;A01
200900061111;0;7;0;0;2;1;1;A01
200900061111;0;7;0;0;2;4;1;B01
200900061112;0;7;0;0;2;8;1;B01
200900061112;0;7;0;0;2;1;1;A01
200900061113;0;7;0;13;0;8;1;A01
200900061114;0;30;0;0;2;1;1;A01
200900061114;0;21;0;0;0;5;1;A02
200900061115;0;7;0;;;;1;A01
200900061116;0;7;0;1;2;2;1;B02
200900061116;0;30;0;0;2;8;9;A01
200900061117;0;7;0;0;2;2;13;A01
200900061117;0;7;0;0;2;2;1;B02
200900061118;0;7;0;2;0;7;1;A01
200900061119;0;33;0;12;0;1;6;A01
200900061120;0;7;0;2;0;3;1;A01
200900061121;0;15;0;0;2;2;13;A01
200900061121;0;7;0;0;2;1;1;B02
200900061122;0;7;0;0;0;1;1;A01
200900061123;0;7;0;0;2;9;0;B02