num_acc;senc;catv;occutc;obs;obsm;choc;manv;num_veh
200900061501;0;7;0;0;2;1;1;A01
200900061501;0;30;0;0;0;7;2;B01
200900061502;0;7;0;0;2;3;13;A01
200900061502;0;7;0;0;0;3;1;B01
200900061503;0;33;0;0;2;1;1;A01
200900061503;0;10;0;0;0;3;1;C01
200900061503;0;7;0;0;0;6;1;B01
200900061504;0;7;0;0;1;2;0;A01
200900061505;0;7;0;0;1;1;1;A01
200900061506;0;7;0;0;2;1;1;A01
200900061506;0;7;0;0;0;4;1;C01
200900061506;0;7;0;0;2;4;1;B01
200900061507;0;7;0;0;0;4;1;B01
200900061507;0;7;0;0;2;1;1;A01
200900061508;0;7;0;0;2;1;1;B01
200900061508;0;7;0;0;2;1;1;A01
200900061509;0;10;0;0;2;8;15;A01
200900061509;0;33;0;0;2;1;1;B01
200900061510;0;7;0;0;0;8;15;B01
200900061510;0;7;0;0;2;3;1;A01
200900061511;0;7;0;0;2;2;15;A01
200900061511;0;7;0;0;2;2;1;B01
200900061512;0;2;0;0;2;3;1;B01
200900061512;0;7;0;0;2;6;15;A01
200900061513;0;31;0;0;0;3;1;A01
200900061514;0;7;0;0;2;4;1;A01
200900061514;0;7;0;0;2;1;1;C01
200900061514;0;7;0;0;2;1;1;B01
200900061514;0;7;0;0;2;1;1;F02
200900061514;0;7;0;0;2;1;1;E01
200900061514;0;7;0;0;2;1;1;H02
200900061514;0;7;0;0;2;1;1;L03
200900061514;0;7;0;0;2;1;1;K03
200900061514;0;7;0;0;2;1;1;J02
200900061514;0;7;0;0;2;1;1;I02
200900061514;0;7;0;0;2;1;1;G02
200900061514;0;7;0;0;2;1;1;D01
200900061515;0;32;0;11;2;2;1;B01
200900061515;0;13;0;0;2;6;15;A01
200900061516;0;30;0;2;2;1;1;A01
200900061516;0;7;0;1;2;1;15;B01
200900061517;0;7;0;0;2;1;1;B01
200900061517;0;7;0;0;2;8;20;A01
200900061518;0;30;0;0;2;8;10;A01
200900061518;0;33;0;0;2;1;1;B01
200900061519;0;37;1;0;2;1;1;B01
200900061519;0;7;0;1;2;3;10;A01
200900061520;0;7;0;2;2;3;1;B01
200900061520;0;31;0;0;2;3;13;A01
200900061521;1;7;0;0;2;2;1;A01
200900061521;0;30;0;0;2;5;0;B01
200900061522;0;99;0;0;2;3;1;A01
200900061522;0;32;0;0;2;2;15;B01
200900061523;0;7;0;0;2;2;5;A01
200900061523;0;7;0;0;2;2;1;B01
200900061524;0;7;0;1;1;2;1;A01
200900061525;0;10;0;0;1;2;1;A01
200900061526;0;33;0;4;0;1;14;A01
200900061527;0;33;0;1;2;1;2;A01
200900061527;0;7;0;0;2;5;1;B01
200900061528;0;2;0;0;9;7;17;A01
200900061528;0;99;0;0;2;3;15;B01
200900061529;0;7;0;0;2;0;1;B01
200900061529;0;7;0;0;2;7;12;A01
200900061529;0;7;0;0;2;1;1;C01
200900061529;0;7;0;4;2;1;2;D01
200900061530;0;7;0;0;2;2;1;B01
200900061530;0;99;0;0;2;1;1;A01
200900061531;0;7;0;9;1;0;0;A01
200900061532;0;7;0;0;2;2;1;A01
200900061532;0;7;0;2;2;3;11;B01
200900061533;0;7;0;0;2;2;5;A01
200900061533;0;10;0;0;2;1;0;B01
200900061534;0;7;0;8;2;6;15;A01
200900061534;0;7;0;0;2;1;1;B01
200900061535;0;7;0;0;2;1;1;A01
200900061535;0;7;0;0;2;2;1;B01
200900061536;0;7;0;0;1;1;1;A01
200900061537;0;7;0;0;2;3;15;B01
200900061537;0;14;0;0;2;3;14;A01
200900061538;0;7;0;0;1;2;1;A01
200900061539;0;7;0;0;2;4;1;C01
200900061539;0;7;0;0;2;1;2;A01
200900061539;0;7;0;0;2;4;1;B01
200900061540;0;30;0;0;2;1;2;A01
200900061540;1;30;0;0;0;0;2;B01
200900061541;0;7;0;14;0;8;1;C03
200900061541;0;7;0;3;0;1;13;A01
200900061541;0;7;0;1;0;1;1;B02
200900061542;1;7;0;6;0;1;1;A01
200900061543;0;7;0;1;0;1;1;A01
200900061544;0;7;0;0;2;1;1;A01
200900061544;0;1;0;0;2;1;15;B01
200900061545;0;33;0;0;0;8;1;A01
200900061546;0;30;0;2;0;1;1;A01
200900061547;1;7;0;0;2;1;1;A01
200900061547;0;1;0;0;2;4;1;B01
200900061548;0;30;0;0;2;1;1;B01
200900061548;0;7;0;0;2;1;15;A01
200900061549;0;33;0;3;0;1;0;A01
200900061550;1;7;0;0;2;7;17;A01
200900061550;0;33;0;0;2;8;1;B01
200900061551;0;7;0;0;0;2;14;A01
200900061551;0;2;0;0;0;8;1;B01
200900061552;0;7;0;0;2;2;1;A01
200900061552;0;7;0;0;2;3;1;B01
200900061553;0;30;0;0;2;1;1;B01
200900061553;0;10;0;0;2;2;1;A01
200900061554;0;10;0;15;0;7;1;A01
200900061554;0;10;0;0;0;8;23;B01
200900061555;0;37;41;0;0;6;23;B01
200900061555;0;7;0;1;0;1;17;A01
200900061556;0;2;0;0;1;7;1;A01
200900061557;0;31;0;0;2;7;2;A01
200900061557;0;7;0;0;2;4;23;B01
200900061558;0;32;0;11;0;2;6;A01
200900061559;1;7;0;0;0;0;1;A01
200900061560;0;1;0;0;2;8;19;B01
200900061560;0;37;1;0;2;1;0;A01
200900061561;0;7;0;0;2;1;1;A01
200900061561;0;7;0;0;2;8;15;B01
200900061562;0;7;0;0;2;7;19;B02
200900061562;0;33;0;0;2;1;1;A01
200900061563;0;33;0;14;0;9;0;A01
200900061564;0;7;0;0;2;6;0;B02
200900061564;0;33;0;0;2;3;1;A01
200900061565;0;7;0;0;2;3;13;A01
200900061565;0;7;0;13;2;3;1;B02
200900061566;0;7;0;13;0;9;1;A01
200900061567;0;38;0;0;2;3;1;B02
200900061567;0;7;0;0;2;3;1;A01
200900061568;0;7;0;0;1;6;4;A01
200900061569;0;33;0;0;0;1;1;A01
200900061569;0;7;0;0;0;6;16;B02
200900061570;0;7;0;0;2;1;1;A01
200900061570;0;7;0;0;2;7;1;B02
200900061571;0;7;0;0;2;2;1;A01
200900061571;0;7;0;0;2;2;21;B02
200900061572;0;7;0;2;0;1;14;A01
200900061573;0;10;0;0;2;1;1;A01
200900061573;0;7;0;0;2;1;5;B02
200900061574;0;30;0;0;2;3;1;B02
200900061574;0;7;0;0;2;2;20;A01
200900061575;0;33;0;0;2;1;1;A01
200900061575;0;33;0;14;0;1;1;B02
200900061575;0;7;0;0;2;6;1;C03
200900061576;0;7;0;0;0;4;0;A01
200900061576;0;7;0;0;0;0;0;B02
200900061577;0;33;0;0;2;1;1;B02
200900061577;0;7;0;0;2;6;19;A01
200900061578;0;10;0;13;0;1;1;A01
200900061579;0;33;0;12;0;2;1;A01
200900061580;0;7;0;2;0;3;1;A01
200900061581;0;33;0;0;2;0;17;A01
200900061582;0;7;0;0;1;4;4;A01
200900061583;0;7;0;0;1;1;1;A01
200900061584;0;7;0;0;2;1;2;A01
200900061584;0;7;0;0;2;4;1;B01
200900061585;0;7;0;0;1;7;1;A01
200900061585;0;1;0;0;2;0;1;B01
200900061586;0;7;0;0;1;1;13;A01
200900061587;0;7;0;0;2;0;0;A01
200900061587;0;7;0;0;2;0;0;B01
200900061587;0;10;0;0;2;0;0;C01
200900061588;0;33;0;4;0;9;1;A01
200900061589;0;7;0;0;1;3;15;A01
200900061590;0;7;0;0;2;5;15;A01
200900061590;0;30;0;0;2;1;1;B01
200900061591;0;7;0;0;2;1;1;B02
200900061591;0;7;0;4;2;9;1;A01
200900061592;0;7;0;0;2;1;1;B02
200900061592;0;7;0;0;2;9;17;A01
200900061593;0;7;0;0;0;2;14;A01
200900061594;0;7;0;0;2;3;1;B02
200900061594;0;7;0;0;0;1;11;A01
200900061595;0;30;0;0;2;1;1;B02
200900061595;0;7;0;0;2;7;15;A01
200900061596;0;30;0;0;2;1;1;B02
200900061596;0;10;0;0;2;3;15;A01
200900061597;0;7;0;2;0;1;14;A01
200900061598;0;7;0;0;2;3;1;B02
200900061598;0;7;0;0;2;3;13;A01
200900061599;0;7;0;0;2;3;1;A01
200900061599;0;7;0;0;2;3;16;B02
200900061600;0;10;0;6;0;9;1;A01
200900061601;0;7;0;0;1;1;1;A01
200900061602;0;7;0;0;0;6;2;A01
200900061602;0;2;0;0;2;1;2;B02
200900061603;0;7;0;0;2;1;1;B02
200900061603;0;7;0;0;2;1;13;A01
200900061603;0;7;0;0;2;1;1;C03
200900061604;0;7;0;0;2;1;1;B02
200900061604;0;2;0;0;2;1;13;A01
200900061605;0;7;0;0;2;8;1;B02
200900061605;0;7;0;3;2;7;17;A01
200900061606;0;33;0;12;0;9;21;A01
200900061607;0;7;0;0;1;8;1;A01
200900061608;0;2;0;0;1;3;1;A01
200900061609;0;7;0;0;2;1;1;A01
200900061609;0;7;0;0;2;1;1;B02
200900061610;0;7;0;0;1;3;1;A01
200900061611;0;7;0;2;0;1;0;A01
200900061612;0;7;0;0;2;2;17;A01
200900061612;0;7;0;0;2;6;1;B02
200900061613;0;7;0;0;1;2;0;A01
200900061614;0;7;0;0;2;1;1;B02
200900061614;0;7;0;0;2;7;13;A01
200900061615;0;33;0;0;2;1;1;A01
200900061615;0;7;0;0;2;2;15;B02
200900061616;0;7;0;0;2;7;17;B02
200900061616;0;17;0;0;2;8;11;A01
200900061617;0;7;0;2;0;3;1;A01
200900061618;0;7;0;13;0;7;1;A01
200900061619;0;7;0;0;2;3;13;A01
200900061619;0;7;0;0;2;3;1;B02
200900061620;0;7;0;0;2;3;1;B02
200900061620;0;7;0;0;2;3;17;A01
200900061621;0;2;0;0;2;1;1;B02
200900061621;0;7;0;0;2;5;15;A01
200900061622;0;7;0;11;0;2;1;A01
200900061623;0;7;0;13;0;9;13;A01
200900061624;0;17;0;0;2;3;1;A01
200900061624;0;13;0;0;;3;1;B02
200900061625;0;7;0;13;0;2;14;A01
200900061626;0;17;0;3;0;8;13;A01
200900061627;0;30;0;0;0;9;1;A01
200900061628;0;10;0;2;0;3;13;A01
200900061629;0;7;0;0;1;1;1;A01
200900061630;0;7;0;13;0;2;14;A01
200900061631;0;7;0;3;0;7;14;A01
200900061631;0;7;0;0;;9;1;C03
200900061631;0;7;0;0;2;1;1;B02
200900061632;0;7;0;0;;6;21;B02
200900061632;0;7;0;0;2;3;13;C03
200900061632;0;7;0;0;2;8;21;A01
200900061633;0;10;0;0;1;2;15;A01
200900061634;0;2;0;0;;1;1;B01
200900061634;0;10;0;0;2;2;19;A01
200900061635;0;7;0;0;1;3;1;A01
200900061636;0;1;0;0;;7;1;B01
200900061636;0;7;0;0;2;8;15;A01
200900061637;0;7;0;0;;2;1;B01
200900061637;0;7;0;0;2;3;15;A01
200900061638;0;17;0;6;0;2;14;A01
200900061639;0;34;0;0;0;8;1;B01
200900061639;0;10;0;0;0;2;15;A01
200900061640;0;7;0;0;;3;21;B02
200900061640;0;7;0;;2;1;13;A01
200900061641;0;33;0;0;2;1;17;B01
200900061641;0;7;0;0;2;8;10;A01
200900061642;0;7;0;0;2;1;16;A01
200900061642;0;1;0;0;2;8;19;B01
200900061643;1;7;0;0;1;0;0;C01
200900061643;0;7;0;13;0;1;14;A01
200900061643;0;7;0;0;1;1;21;B01
200900061644;0;7;0;0;0;4;12;A01
200900061644;0;33;0;0;0;7;3;B01
200900061645;0;7;0;0;0;3;1;A01
200900061645;0;7;0;0;0;3;1;B01
200900061646;0;7;0;0;2;3;15;B01
200900061646;0;31;0;0;2;3;17;A01
200900061647;0;7;0;0;2;1;2;B01
200900061647;0;7;0;0;0;4;1;A01
200900061648;0;30;0;0;2;1;5;A01
200900061648;0;7;0;0;2;8;0;B01
200900061649;0;10;0;0;1;4;4;A01
200900061650;0;33;0;0;0;0;1;A01
200900061651;0;30;0;0;1;1;1;A01
200900061652;0;1;0;0;0;0;1;A01
200900061653;1;7;0;0;1;0;1;A01
200900061654;0;7;0;0;1;7;1;A01
200900061655;1;99;0;0;2;0;17;A01
200900061655;0;30;0;0;0;8;0;B01
200900061656;0;7;0;0;2;1;1;C01
200900061656;0;3;0;0;2;3;18;A01
200900061656;0;7;0;0;2;2;16;B01
200900061657;0;7;0;0;0;1;1;B01
200900061657;0;30;0;0;2;2;1;A01
200900061658;0;37;7;0;1;2;1;A01
200900061659;0;7;0;14;0;1;1;A01
200900061660;0;7;0;0;2;1;13;A01
200900061660;0;7;0;0;2;1;1;B01
200900061661;0;7;0;0;2;1;1;B01
200900061661;0;1;0;0;2;8;9;A01
200900061662;1;7;0;0;1;1;1;A01
200900061663;0;1;0;0;2;1;1;B01
200900061663;0;7;0;0;2;2;15;A01
200900061664;0;7;0;0;2;2;19;A01
200900061664;0;2;0;0;2;1;1;B01
200900061665;0;7;0;0;2;3;0;B01
200900061665;0;7;0;0;2;8;0;A01
200900061666;0;1;0;0;2;7;1;B01
200900061666;0;7;0;0;9;1;9;A01
200900061667;0;7;0;16;0;9;17;A01
200900061668;0;1;0;0;0;0;0;B02
200900061668;0;7;0;0;2;1;1;A01
200900061669;0;7;0;3;2;3;1;A01
200900061669;0;7;0;0;2;3;5;B02
200900061670;0;7;0;0;2;2;13;A01
200900061670;0;1;0;0;2;1;1;B02
200900061671;0;7;0;6;0;7;1;A01
200900061672;0;7;0;3;0;2;13;A01
200900061673;0;10;0;6;0;3;15;A01
200900061674;0;7;0;0;2;1;13;A01
200900061674;0;7;0;0;2;1;1;B02
200900061674;0;7;0;0;2;1;1;C03
200900061675;0;36;0;6;0;2;10;A01
200900061676;0;31;0;7;0;7;14;A01
200900061677;0;33;0;0;2;3;1;A01
200900061677;0;7;0;0;2;6;15;B02
200900061678;0;7;0;4;0;3;1;A01
200900061679;0;33;0;8;0;1;1;A01
200900061680;0;7;0;0;2;2;2;B02
200900061680;0;15;0;0;0;6;2;A01
200900061681;0;7;0;4;0;2;1;A01
200900061682;0;31;0;13;0;8;0;A01
200900061683;0;7;0;0;2;8;1;A01
200900061683;0;7;0;0;2;1;19;B02
200900061684;0;14;0;0;1;7;16;A01
200900061685;0;2;0;0;2;1;17;A01
200900061685;0;20;0;0;0;8;15;B02
200900061686;0;7;0;8;0;1;13;A01
200900061687;0;7;0;0;2;1;2;A01
200900061687;0;7;0;0;2;4;2;B02
200900061688;0;7;0;0;2;3;1;B02
200900061688;0;7;0;0;2;3;13;A01
200900061689;0;7;0;0;2;3;1;B02
200900061689;0;7;0;0;2;3;13;A01
200900061690;0;7;0;0;0;6;13;B02
200900061690;0;33;0;0;2;1;17;A01
200900061691;0;7;0;0;2;4;1;A01
200900061691;0;2;0;0;2;1;1;B02
200900061692;0;7;0;0;0;0;15;C03
200900061692;0;7;0;0;2;3;1;B02
200900061692;0;10;0;0;2;3;13;A01
200900061693;0;7;0;0;2;3;2;A01
200900061693;0;17;0;0;0;0;2;B02
200900061694;0;31;0;0;0;8;2;A01
200900061695;0;33;0;0;2;3;0;A01
200900061695;0;7;0;0;2;5;0;B02
200900061696;0;7;0;0;1;5;1;A01
200900061697;0;7;0;0;2;1;1;B02
200900061697;0;7;0;0;2;1;17;A01
200900061698;0;14;0;0;0;8;15;B02
200900061698;0;33;0;0;2;1;17;A01
200900061699;0;7;0;6;0;1;1;A01
200900061700;0;33;0;0;2;1;1;A01
200900061700;0;7;0;0;0;4;1;B02
200900061701;0;7;0;0;2;1;0;B01
200900061701;0;7;0;0;2;1;1;A01
200900061702;0;2;0;0;2;4;1;B01
200900061702;0;7;0;0;2;3;9;A01
200900061703;0;7;0;0;2;6;1;B01
200900061703;0;30;0;0;2;1;1;A01
200900061704;0;30;0;0;2;1;1;A01
200900061704;0;7;0;0;2;8;15;B01
200900061705;0;10;0;0;1;4;4;A01
200900061706;0;33;0;1;0;1;1;A01
200900061707;0;7;0;0;1;7;1;A01
200900061708;0;7;0;0;2;3;1;B01
200900061708;0;13;0;0;2;1;1;A01
200900061709;0;2;0;0;2;8;17;A01
200900061709;0;7;0;0;2;3;15;B01
200900061710;0;10;0;0;1;8;15;A01
200900061711;1;7;0;0;1;2;1;A01
200900061712;0;7;0;0;1;7;1;A01
200900061713;0;7;0;0;2;3;1;B01
200900061713;0;1;0;0;2;1;1;A01
200900061714;0;7;0;0;2;3;15;A01
200900061714;0;34;0;0;0;8;1;B01
200900061715;0;7;0;0;2;4;1;B01
200900061715;0;33;0;0;2;1;18;A01
200900061716;0;2;0;0;2;1;5;A01
200900061716;0;7;0;0;2;8;5;B01
200900061717;0;30;0;12;2;8;14;B01
200900061717;1;13;0;0;0;0;12;A01
200900061718;0;14;0;0;2;6;16;B01
200900061718;0;7;0;12;2;6;18;A01
200900061719;0;7;0;14;2;4;23;B01
200900061719;0;7;0;1;0;1;1;A01
200900061719;0;7;0;12;2;1;23;C01
200900061720;0;2;0;0;2;1;1;A01
200900061720;0;7;0;0;2;5;15;B01
200900061721;1;2;0;0;0;0;0;A01
200900061722;0;7;0;0;1;2;1;A01
200900061723;0;7;0;0;0;0;2;B01
200900061723;0;33;0;0;2;1;2;A01
200900061724;0;1;0;0;0;1;0;A01
200900061724;0;7;0;1;0;1;1;B01
200900061725;0;7;0;12;2;3;1;B01
200900061725;0;30;0;0;2;1;5;A01
200900061726;0;7;0;0;2;6;0;A01
200900061726;0;31;0;1;2;1;1;B01
200900061727;0;7;0;0;2;4;2;C01
200900061727;0;7;0;5;2;1;2;A01
200900061727;0;7;0;5;2;4;2;B01
200900061728;0;1;0;0;0;0;19;B01
200900061728;0;7;0;12;9;1;1;A01
200900061729;0;30;0;0;2;9;2;A01
200900061729;0;10;0;0;2;4;2;B01
200900061730;0;7;0;0;2;4;23;B01
200900061730;0;7;0;0;0;1;1;A01
200900061731;0;7;0;8;0;5;1;A01
200900061732;0;30;0;0;2;1;1;A01
200900061732;0;7;0;0;0;4;1;B01
200900061733;0;40;0;0;1;3;1;A01
200900061734;0;7;0;0;1;0;0;A01
200900061735;0;7;0;0;2;6;2;A01
200900061735;0;10;0;0;2;1;1;B01
200900061736;0;7;0;0;1;1;1;A01
200900061737;0;7;0;0;1;3;1;A01
200900061738;0;7;0;12;0;2;14;A01
200900061739;0;7;0;0;4;0;0;A01
200900061739;0;40;49;0;0;0;1;B01
200900061740;0;7;0;0;1;1;16;A01
200900061741;0;15;0;5;0;0;1;A01
200900061742;0;2;0;0;0;7;1;A01
200900061743;0;7;0;0;2;1;1;B01
200900061743;0;7;0;0;2;7;1;A01
200900061744;0;7;0;0;9;1;16;A01
200900061744;0;1;0;0;2;8;2;B01
200900061745;0;7;0;0;2;1;6;A01
200900061745;0;7;0;0;2;8;1;B01
200900061746;0;7;0;2;0;2;6;A01
200900061747;0;7;0;0;2;3;1;B01
200900061747;0;7;0;0;2;2;15;A01
200900061748;0;15;0;0;2;4;23;B01
200900061748;0;7;0;1;0;1;2;A01
200900061749;0;7;0;4;0;2;2;A01
200900061750;0;7;0;0;2;3;1;B01
200900061750;0;7;0;0;2;3;16;A01
200900061751;0;30;0;0;2;1;18;A01
200900061751;0;7;0;1;2;5;1;C01
200900061751;0;2;0;0;2;7;1;B01
200900061752;0;7;0;0;2;3;1;A01
200900061752;0;30;0;0;2;8;2;B01
200900061753;0;7;0;0;2;2;15;A01
200900061753;0;7;0;0;2;1;1;B01
200900061754;0;10;0;0;2;3;13;A01
200900061754;0;10;0;0;9;3;1;B01
200900061755;0;30;0;0;2;1;15;A01
200900061755;0;1;0;0;2;8;0;B02
200900061756;0;30;0;0;2;1;13;A01
200900061756;0;7;0;0;2;0;1;B02
200900061757;0;7;0;0;2;3;1;B01
200900061757;0;7;0;0;2;1;13;A01
200900061758;0;1;0;0;2;1;1;B01
200900061758;0;7;0;0;2;7;16;A01
200900061759;0;7;0;0;2;1;1;B01
200900061759;0;33;0;0;2;7;15;A01
200900061760;0;33;0;0;2;1;1;B02
200900061760;0;7;0;0;2;6;16;A01
200900061761;0;7;0;0;2;1;13;A01
200900061761;0;15;0;0;2;1;1;B02
200900061762;0;7;0;0;2;2;16;B01
200900061762;0;2;0;0;2;8;1;A01
200900061763;0;7;0;0;1;3;1;A01
200900061764;0;7;0;13;0;2;14;A01
200900061765;0;33;0;0;2;1;2;A01
200900061765;0;7;0;0;2;5;17;B02
200900061766;1;7;0;0;1;2;1;A01
200900061767;0;7;0;0;0;0;11;A01
200900061767;0;7;0;3;0;9;21;B01
200900061768;0;7;0;0;2;1;13;B01
200900061768;0;3;0;0;2;3;1;A01
200900061769;0;32;0;13;0;1;1;A01
200900061770;0;7;0;0;2;2;15;A01
200900061770;0;1;0;0;2;3;1;B02
200900061771;0;30;0;11;0;1;1;A01
200900061772;0;7;0;0;2;4;2;B01
200900061772;2;7;0;0;2;1;1;A01
200900061773;1;7;0;0;1;2;1;A01
200900061774;1;7;0;0;2;0;17;A01
200900061774;0;2;0;0;2;8;1;B01
200900061775;0;7;0;8;0;2;1;A01
200900061776;0;7;0;0;1;1;1;A01
200900061777;0;7;0;0;2;1;15;B01
200900061777;0;2;0;0;2;1;13;A01
200900061778;0;7;0;0;1;2;1;A01
200900061779;0;33;0;0;2;1;1;A01
200900061779;0;7;0;0;2;4;1;B01
200900061780;0;7;0;0;2;7;15;B01
200900061780;0;1;0;0;2;0;1;A01
200900061781;0;7;0;5;0;7;1;A01
200900061782;0;2;0;11;0;1;1;A01
200900061783;0;7;0;0;2;4;1;D01
200900061783;0;7;0;4;2;9;1;B01
200900061783;0;7;0;4;2;9;1;C01
200900061783;0;7;0;4;2;1;2;A01
200900061784;0;7;0;0;2;1;1;B01
200900061784;0;7;0;0;2;4;1;C01
200900061784;0;7;0;0;2;1;1;A01
200900061785;0;30;0;0;2;8;1;A01
200900061785;1;7;0;0;2;0;0;B01
200900061786;0;30;0;1;2;1;1;B01
200900061786;2;2;0;1;2;1;1;A01
200900061787;0;7;0;0;1;1;15;A01
200900061788;0;7;0;0;2;3;16;A01
200900061788;0;7;0;0;2;3;1;B01
200900061789;0;14;0;0;2;8;1;B01
200900061789;0;1;0;0;2;0;9;A01
200900061790;0;7;0;8;0;1;0;A01
200900061791;0;1;0;0;0;0;1;B01
200900061791;0;10;0;0;2;0;15;A01
200900061792;0;7;0;0;2;7;1;B01
200900061792;1;7;0;0;2;1;5;A01
200900061793;0;7;0;0;1;1;1;A01
200900061794;0;7;0;1;2;1;1;A01
200900061794;0;7;0;0;2;4;1;B02
200900061795;0;7;0;0;2;1;1;B02
200900061795;0;7;0;0;2;6;1;A01
200900061796;0;2;0;0;0;0;1;A01
200900061797;0;7;0;4;0;3;1;A01
200900061798;0;7;0;0;2;1;16;A01
200900061798;0;7;0;0;2;3;1;B02
200900061799;0;33;0;0;2;1;21;A01
200900061799;0;7;0;0;2;5;2;B02
200900061800;0;7;0;0;2;1;21;B02
200900061800;0;7;0;0;2;1;1;A01
200900061800;0;10;0;0;2;3;16;C03
200900061801;0;7;0;0;2;3;1;B02
200900061801;0;7;0;0;2;3;13;A01
200900061802;0;7;0;0;2;3;1;B02
200900061802;0;7;0;0;2;3;1;A01
200900061803;0;33;0;8;0;1;17;A01
200900061804;0;7;0;2;0;1;1;A01
200900061805;0;7;0;0;0;4;1;C03
200900061805;0;7;0;0;0;1;1;A01
200900061805;0;7;0;0;0;1;1;B02
200900061806;0;7;0;0;2;1;1;B02
200900061806;0;30;0;0;2;1;13;A01
200900061807;0;7;0;0;2;8;1;B02
200900061807;0;7;0;0;2;1;1;A01
200900061808;0;7;0;0;2;1;15;A01
200900061808;0;7;0;0;2;1;1;C03
200900061808;0;7;0;0;2;2;1;B02
200900061809;0;7;0;0;0;9;1;A01
200900061810;0;7;0;0;1;2;21;A01
200900061811;0;7;0;0;2;2;15;A01
200900061811;0;33;0;0;2;1;1;B02
200900061812;0;7;0;0;2;3;1;B01
200900061812;0;30;0;0;2;8;9;A01
200900061813;0;7;0;0;1;1;1;A01
200900061814;0;7;0;0;2;4;23;B01
200900061814;0;7;0;14;0;1;1;A01
200900061815;0;31;0;14;0;8;1;A01
200900061816;0;7;0;0;2;6;15;A01
200900061816;0;37;100;0;2;1;1;B01
200900061817;0;30;0;8;2;1;1;A01
200900061817;0;7;0;0;2;7;1;B01
200900061818;0;7;0;0;1;1;5;A01
200900061819;0;7;0;2;2;3;5;A01
200900061819;0;7;0;2;2;1;1;C01
200900061819;0;7;0;2;2;3;1;B01
200900061820;0;10;0;0;2;1;1;A01
200900061820;0;7;0;0;2;4;2;B01
200900061820;0;7;0;0;2;4;1;C01
200900061821;0;34;0;0;2;1;1;B01
200900061821;0;7;0;0;2;1;15;A01
200900061822;0;7;0;0;2;1;2;A01
200900061822;0;7;0;0;2;4;2;C01
200900061822;0;7;0;0;2;4;2;B01
200900061822;0;7;0;0;2;4;2;D01
200900061823;0;7;0;1;2;1;0;A01
200900061823;0;30;0;0;2;2;0;B01
200900061824;0;7;0;3;0;3;13;A01
200900061825;0;7;0;6;2;1;19;A01
200900061825;0;33;0;6;2;9;19;B01
200900061826;0;33;0;0;0;0;0;A01
200900061827;1;7;0;0;1;8;1;A01
200900061828;0;7;0;0;2;0;1;A01
200900061829;0;7;0;0;2;1;1;B01
200900061829;0;7;0;0;2;3;15;A01
200900061830;0;7;0;0;1;2;1;A01
200900061831;0;30;0;0;0;1;1;A01
200900061832;0;10;0;0;0;4;2;C01
200900061832;0;2;0;0;2;4;23;B01
200900061832;0;10;0;0;2;1;2;A01
200900061833;0;2;0;1;0;1;13;A01
200900061834;0;30;0;1;2;8;1;B01
200900061834;0;7;0;0;2;6;15;A01
200900061834;0;7;0;0;2;3;23;C01
200900061835;0;7;0;0;1;1;21;A01
200900061836;0;7;0;8;1;3;1;A01
200900061837;0;31;0;0;2;2;1;B01
200900061837;0;7;0;0;2;1;15;A01
200900061838;0;32;0;12;0;1;16;A01
200900061839;0;7;0;13;0;1;14;A01
200900061840;0;7;0;0;1;3;1;A01
200900061841;0;7;0;16;0;1;16;A01
200900061842;1;7;0;0;1;1;1;A01
200900061843;0;30;0;0;2;1;2;A01
200900061843;0;7;0;0;2;6;2;B01
200900061844;0;7;0;0;2;1;1;B01
200900061844;0;7;0;0;2;5;1;A01
200900061845;0;7;0;0;1;1;0;A01
200900061846;0;7;0;9;2;5;1;B01
200900061846;0;7;0;9;2;3;1;A01
200900061847;0;7;0;0;2;5;1;B01
200900061847;0;30;0;0;1;2;21;A01
200900061848;0;7;0;0;2;3;15;A01
200900061848;0;7;0;0;2;1;1;B01
200900061848;0;7;0;0;2;3;23;C01
200900061849;0;7;0;0;1;3;1;A01
200900061850;0;7;0;0;1;1;2;A01
200900061851;0;2;0;0;0;8;14;A01
200900061852;0;7;0;0;1;4;4;A01
200900061853;0;2;0;0;0;3;1;A01
200900061854;0;7;0;0;2;6;23;B01
200900061854;0;31;0;0;2;1;21;A01
200900061855;0;7;0;4;2;3;9;A01
200900061855;0;33;0;0;2;7;1;B01
200900061856;0;7;0;0;2;7;1;A01
200900061856;0;2;0;0;2;1;1;B01
200900061857;0;34;0;0;0;1;0;A01
200900061858;0;33;0;0;2;1;2;B01
200900061858;0;7;0;0;9;8;13;A01
200900061859;0;7;0;0;1;3;1;A01
200900061860;0;7;0;0;2;4;23;B01
200900061860;0;7;0;1;0;1;1;A01
200900061861;0;7;0;0;2;4;23;B01
200900061861;0;7;0;0;2;4;23;C01
200900061861;0;7;0;0;2;1;1;A01
200900061862;0;7;0;0;2;4;23;B01
200900061862;0;7;0;0;2;1;1;A01
200900061863;0;7;0;0;1;1;1;A01
200900061864;0;7;0;0;2;1;17;A01
200900061864;0;7;0;0;2;3;1;B01
200900061865;0;10;0;0;2;1;1;A01
200900061865;0;10;0;0;2;4;1;B01
200900061866;0;2;0;16;0;8;16;A01
200900061867;0;30;0;16;0;1;2;A01
200900061868;0;10;0;0;1;2;1;A01