num_acc;senc;catv;occutc;obs;obsm;choc;manv;num_veh
200900061869;0;7;0;0;1;1;16;A01
200900061870;0;1;0;0;2;3;1;B01
200900061870;1;10;0;0;2;1;15;A01
200900061871;0;7;0;0;1;7;1;A01
200900061872;0;7;0;0;2;8;15;B01
200900061872;0;30;0;0;2;1;1;A01
200900061873;0;7;0;0;1;1;1;A01
200900061874;0;2;0;7;0;1;1;A01
200900061875;0;7;0;1;0;0;0;A01
200900061876;2;7;0;14;0;1;1;A01
200900061876;0;7;0;0;0;4;23;B01
200900061877;0;7;0;0;2;4;1;A01
200900061877;1;7;0;0;2;1;1;B01
200900061878;0;7;0;0;1;1;1;A01
200900061879;0;99;0;0;2;2;15;B01
200900061879;0;7;0;0;2;2;1;A01
200900061880;0;31;0;0;0;7;1;A01
200900061881;0;7;0;14;0;1;1;A01
200900061881;0;7;0;0;0;4;23;C01
200900061881;0;7;0;0;0;4;23;B01
200900061882;0;2;0;0;2;1;1;B01
200900061882;0;7;0;0;2;1;15;A01
200900061883;0;31;0;5;0;1;15;A01
200900061884;0;33;0;0;2;1;17;B02
200900061884;0;10;0;0;2;8;15;A01
200900061885;0;10;0;0;0;2;23;B02
200900061885;0;2;0;1;0;1;14;A01
200900061886;0;31;0;0;2;1;1;A01
200900061886;0;10;0;0;2;6;15;B02
200900061887;0;7;0;0;2;2;1;B02
200900061887;0;7;0;0;2;3;1;A01
200900061888;0;15;0;0;2;0;1;B02
200900061888;0;2;0;0;2;1;13;A01
200900061889;0;7;0;0;0;2;1;A01
200900061890;0;7;0;0;6;9;21;A01
200900061891;0;7;0;7;0;3;13;A01
200900061892;0;7;0;0;6;1;1;A01
200900061893;0;33;0;7;0;7;1;A01
200900061894;0;33;0;0;2;1;1;B02
200900061894;0;7;0;0;2;5;15;A01
200900061895;0;10;0;0;1;2;1;A01
200900061896;0;7;0;0;0;3;14;B02
200900061896;0;33;0;0;2;1;5;A01
200900061897;0;7;0;0;1;1;1;A01
200900061898;0;7;0;0;2;1;1;B02
200900061898;0;7;0;0;2;8;1;A01
200900061899;0;33;0;0;0;0;12;A01
200900061899;0;7;0;0;0;0;1;B02
200900061900;0;2;0;15;0;1;1;A01
200900061901;0;33;0;3;0;1;1;A01
200900061902;0;7;0;16;0;9;1;A01
200900061903;0;10;0;13;0;1;0;A01
200900061904;0;7;0;4;0;9;17;A01
200900061905;0;33;0;0;2;7;1;A01
200900061905;0;14;0;0;2;8;11;B02
200900061906;0;7;0;8;0;1;1;A01
200900061907;0;33;0;4;0;1;1;A01
200900061908;0;7;0;0;2;1;19;B02
200900061908;0;7;0;0;0;8;1;A01
200900061909;0;7;0;13;0;1;1;A01
200900061910;0;2;0;0;2;1;0;C03
200900061910;0;7;0;0;2;5;0;B02
200900061910;0;1;0;0;2;4;1;A01
200900061911;0;7;0;0;2;1;1;A01
200900061911;0;17;0;0;2;4;1;B02
200900061912;1;7;0;0;1;2;0;A01
200900061913;0;33;0;0;2;7;17;A01
200900061913;0;10;0;0;2;8;17;B02
200900061914;0;7;0;3;0;2;0;A01
200900061915;0;31;0;0;1;1;1;A01
200900061916;0;7;0;0;2;3;1;B01
200900061916;0;7;0;0;2;3;15;A01
200900061917;0;2;0;0;0;7;1;A01
200900061918;0;7;0;0;2;8;15;B01
200900061918;0;30;0;0;2;1;17;A01
200900061919;0;7;0;0;2;3;15;A01
200900061919;0;30;0;6;2;2;1;B01
200900061920;0;2;0;12;2;3;1;B01
200900061920;0;7;0;0;2;1;19;A01
200900061921;0;33;0;0;2;7;15;A01
200900061921;0;7;0;0;2;1;1;B01
200900061922;0;32;0;0;2;8;1;B01
200900061922;0;7;0;0;2;1;1;A01
200900061923;0;3;0;0;2;7;15;A01
200900061923;0;7;0;0;2;1;1;B01
200900061924;0;33;0;11;0;1;1;A01
200900061925;0;7;0;0;1;1;15;A01
200900061926;1;2;0;0;1;1;1;A01
200900061927;0;7;0;11;0;1;1;A01
200900061928;1;7;0;0;1;1;1;A01
200900061929;1;7;0;0;2;1;1;B01
200900061929;0;7;0;3;2;4;1;A01
200900061930;0;7;0;0;1;3;1;A01
200900061931;0;30;0;14;0;7;1;A01
200900061932;0;30;0;0;2;2;1;B01
200900061932;0;7;0;0;2;3;0;A01
200900061933;0;33;0;14;0;7;1;A01
200900061934;0;7;0;0;1;3;1;A01
200900061935;0;36;0;8;0;2;0;A01
200900061936;0;7;0;0;2;8;1;A01
200900061936;0;1;0;0;2;1;1;B01
200900061937;0;2;0;8;0;0;20;A01
200900061938;0;7;0;0;2;1;16;A01
200900061938;0;7;0;0;2;1;1;B01
200900061939;0;7;0;0;2;3;13;A01
200900061939;0;33;0;0;2;3;1;B01
200900061940;0;7;0;9;0;3;0;A01
200900061941;0;1;0;0;0;8;1;B01
200900061941;0;7;0;0;2;6;1;A01
200900061942;0;7;0;0;2;2;21;B01
200900061942;0;7;0;0;2;7;0;A01
200900061943;0;7;0;12;2;1;2;A01
200900061943;0;7;0;9;2;4;1;B01
200900061944;0;33;0;0;2;4;1;B01
200900061944;0;7;0;0;0;2;2;A01
200900061945;0;7;0;15;0;1;15;A01
200900061946;0;7;0;0;1;1;1;A01
200900061947;0;37;1;0;1;7;0;A01
200900061948;0;33;0;0;2;1;2;A01
200900061948;0;7;0;0;2;4;1;B01
200900061949;0;7;0;0;2;1;1;B01
200900061949;0;33;0;0;2;1;13;A01
200900061950;0;7;0;0;2;6;1;B01
200900061950;0;33;0;0;2;1;2;A01
200900061951;0;30;0;2;0;8;1;A01
200900061952;0;7;0;0;2;1;1;A01
200900061952;0;7;0;0;2;8;16;B01
200900061953;0;7;0;0;2;1;1;A01
200900061953;0;7;0;0;2;4;1;B01
200900061953;0;7;0;0;2;4;1;C01
200900061953;0;7;0;0;2;4;1;D01
200900061954;0;7;0;0;0;5;15;A01
200900061954;0;1;0;0;2;8;1;B01
200900061955;0;7;0;0;1;2;1;A01
200900061956;0;7;0;0;2;2;16;A01
200900061956;0;1;0;2;0;1;1;B01
200900061957;0;7;0;0;2;8;1;B01
200900061957;0;30;0;0;2;6;1;A01
200900061958;0;7;0;0;2;4;2;B01
200900061958;0;7;0;0;2;1;2;A01
200900061959;0;31;0;0;2;1;0;A01
200900061959;1;7;0;0;2;0;0;B01
200900061960;0;7;0;0;2;2;15;A01
200900061960;0;33;0;0;0;9;1;B01
200900061961;0;7;0;0;2;1;1;A01
200900061961;0;7;0;9;2;7;2;B01
200900061962;0;30;0;0;1;8;2;A01
200900061962;0;7;0;0;2;4;1;B01
200900061963;0;99;0;0;1;4;4;A01
200900061964;0;7;0;0;2;1;1;B01
200900061964;0;7;0;0;2;8;15;A01
200900061965;0;31;0;0;2;1;1;B01
200900061965;0;7;0;0;2;3;16;A01
200900061966;0;7;0;0;2;2;0;A01
200900061966;0;1;0;0;2;8;19;B01
200900061967;0;7;0;0;2;4;1;C01
200900061967;0;7;0;0;2;2;2;A01
200900061967;0;7;0;0;2;4;2;B01
200900061968;0;2;0;0;2;8;15;B01
200900061968;2;2;0;0;2;5;17;A01
200900061969;0;7;0;0;1;3;16;A01
200900061970;0;7;0;0;2;4;23;B01
200900061970;0;7;0;0;2;1;1;A01
200900061971;0;7;0;0;2;4;1;B01
200900061971;0;7;0;0;2;1;1;A01
200900061972;0;2;0;0;9;7;16;A01
200900061973;0;7;0;0;2;3;2;B01
200900061973;0;7;0;3;0;1;2;A01
200900061974;0;7;0;0;2;8;15;B01
200900061974;0;33;0;0;2;1;13;A01
200900061975;0;2;0;0;9;7;1;B01
200900061976;0;7;0;0;2;3;15;A01
200900061976;0;31;0;0;2;3;1;B01
200900061977;0;1;0;0;0;0;0;A01
200900061978;0;7;0;0;2;5;13;A01
200900061978;0;30;0;0;2;8;1;B01
200900061979;0;7;0;0;2;2;12;A01
200900061979;0;33;0;1;2;8;1;B01
200900061980;0;7;0;9;0;2;1;A01
200900061981;0;7;0;0;2;4;1;B01
200900061981;0;7;0;0;2;1;1;A01
200900061982;0;30;0;0;2;1;17;A01
200900061982;0;7;0;0;2;3;15;B01
200900061983;0;7;0;0;2;8;20;A01
200900061983;0;7;0;0;2;1;2;B01
200900061984;0;1;0;0;0;4;0;A01
200900061985;0;7;0;0;1;1;0;A01
200900061986;0;10;0;13;0;2;1;A01
200900061987;0;7;0;0;0;8;0;B02
200900061987;0;7;0;0;0;8;0;A01
200900061988;0;33;0;0;2;1;1;B02
200900061988;0;7;0;0;2;7;15;A01
200900061989;0;7;0;2;0;7;1;A01
200900061990;0;7;0;0;2;8;15;A01
200900061990;0;33;0;0;2;1;1;B02
200900061991;0;2;0;0;2;8;1;B02
200900061991;0;7;0;0;2;8;17;A01
200900061992;0;7;0;0;2;1;1;A01
200900061992;0;10;0;0;2;1;1;B02
200900061993;0;7;0;6;0;8;1;A01
200900061994;0;7;0;14;2;3;5;B02
200900061994;0;7;0;14;2;3;5;A01
200900061995;0;7;0;2;0;1;1;A01
200900061996;0;7;0;0;0;3;15;B02
200900061996;0;10;0;0;0;3;1;A01
200900061997;0;7;0;2;0;3;13;A01
200900061998;0;99;0;0;0;8;15;A01
200900061998;0;99;0;0;2;1;1;B02
200900061999;0;7;0;13;0;3;21;A01
200900062000;0;7;0;0;2;1;1;A01
200900062000;0;7;0;0;2;2;19;B02
200900062001;0;33;0;0;0;1;1;A01
200900062002;0;7;0;0;2;1;13;A01
200900062002;0;7;0;0;2;1;1;B02
200900062003;0;7;0;16;0;1;1;A01
200900062004;0;7;0;13;0;1;13;A01
200900062005;0;21;0;0;0;6;0;A01
200900062005;0;7;0;0;2;1;1;B02
200900062006;0;7;0;0;0;0;0;A01
200900062007;0;7;0;0;2;4;2;A01
200900062007;0;7;0;0;2;1;2;B01
200900062008;0;7;0;0;1;1;1;A01
200900062009;0;7;0;0;2;8;1;B01
200900062009;0;7;0;0;2;1;15;A01
200900062010;0;7;0;0;1;4;20;A01
200900062011;0;2;0;0;2;1;2;A01
200900062011;0;7;0;0;2;4;23;B01
200900062012;0;7;0;0;2;3;9;A01
200900062012;0;33;0;0;2;7;2;B01
200900062013;0;7;0;0;1;3;1;A01
200900062014;0;2;0;0;2;1;2;A01
200900062014;0;7;0;0;2;3;2;B01
200900062015;0;10;0;0;2;4;2;B01
200900062015;0;7;0;0;2;1;1;A01
200900062015;0;7;0;0;0;4;23;C01
200900062016;0;31;0;0;2;1;2;A01
200900062016;0;7;0;0;2;4;2;B01
200900062017;0;2;0;1;0;4;1;A01
200900062017;0;7;0;0;2;4;23;B01
200900062018;0;10;0;0;2;1;2;A01
200900062018;0;7;0;0;2;4;2;C01
200900062018;0;10;0;0;2;1;2;B01
200900062019;0;7;0;0;0;9;1;A01
200900062020;0;10;0;0;6;9;1;A01
200900062021;0;7;0;0;1;1;1;A01
200900062022;0;2;0;0;2;1;1;B01
200900062022;0;7;0;0;2;2;0;A01
200900062023;0;7;0;8;0;8;17;A01
200900062024;0;7;0;0;2;2;1;B01
200900062024;0;7;0;0;2;8;9;A01
200900062025;0;7;0;0;2;2;15;A01
200900062025;0;30;0;0;2;1;1;B01
200900062026;0;7;0;1;0;1;1;A01
200900062027;0;2;0;0;2;1;1;B01
200900062027;0;7;0;0;2;2;15;A01
200900062028;0;13;0;0;0;4;2;B01
200900062028;0;2;0;0;2;1;2;A01
200900062029;0;33;0;0;2;1;2;A01
200900062029;0;7;0;0;0;4;2;B01
200900062030;0;1;0;0;2;7;2;B01
200900062030;0;7;0;0;2;8;2;A01
200900062031;0;7;0;0;2;8;2;B01
200900062031;0;33;0;0;2;2;2;A01
200900062032;0;31;0;0;0;8;2;A01
200900062033;0;7;0;0;2;4;23;B01
200900062033;0;30;0;0;2;7;2;A01
200900062034;2;7;0;0;2;2;1;A01
200900062034;0;7;0;0;2;3;1;B01
200900062035;0;7;0;0;2;1;15;A01
200900062035;0;2;0;0;2;1;0;B01
200900062036;0;7;0;13;0;9;13;A01
200900062037;0;7;0;0;2;8;11;B02
200900062037;0;33;0;0;2;2;21;A01
200900062038;0;7;0;0;2;1;1;B02
200900062038;0;33;0;0;2;9;1;A01
200900062039;0;7;0;0;2;2;15;A01
200900062039;0;7;0;0;2;1;1;B02
200900062040;0;10;0;0;2;1;1;A01
200900062040;0;7;0;0;2;3;9;B02
200900062041;0;7;0;3;0;4;1;C03
200900062041;0;7;0;3;0;0;1;A01
200900062041;0;7;0;3;0;7;1;B02
200900062042;0;7;0;3;0;1;1;A01
200900062043;0;14;0;0;2;1;1;C03
200900062043;0;21;0;0;2;1;1;B02
200900062043;0;7;0;0;2;1;13;A01
200900062044;0;7;0;0;1;2;1;A01
200900062045;0;7;0;0;2;1;1;B02
200900062045;0;7;0;0;0;0;0;A01
200900062046;0;7;0;0;2;2;21;A01
200900062046;0;2;0;0;2;1;5;B02
200900062047;0;7;0;2;0;3;1;A01
200900062048;0;14;0;1;0;1;2;A01
200900062048;0;17;0;0;0;4;24;B02
200900062049;0;7;0;2;0;2;14;A01
200900062050;0;7;0;0;2;3;1;B02
200900062050;0;7;0;0;2;3;13;A01
200900062051;0;10;0;0;1;1;2;A01
200900062052;0;15;0;0;2;3;1;B02
200900062052;0;99;0;0;2;3;1;A01
200900062053;0;7;0;0;2;2;19;A01
200900062053;0;2;0;0;2;1;1;B01
200900062054;0;7;0;0;2;1;2;B01
200900062054;0;7;0;0;2;2;1;A01
200900062055;0;7;0;9;0;7;1;A01
200900062056;0;7;0;0;0;4;2;C01
200900062056;0;7;0;0;2;1;2;B01
200900062056;0;7;0;0;2;1;2;A01
200900062057;0;30;0;0;2;1;1;B01
200900062057;0;7;0;0;2;3;15;A01
200900062058;0;7;0;0;2;1;1;B01
200900062058;0;7;0;0;0;5;15;A01
200900062059;0;7;0;0;2;2;17;A01
200900062059;0;2;0;0;2;8;15;B02
200900062060;0;33;0;0;0;8;1;A01
200900062061;0;1;0;0;2;7;5;B02
200900062061;0;7;0;0;9;3;19;A01
200900062062;0;7;0;13;0;3;1;A01
200900062063;0;7;0;0;2;2;1;B02
200900062063;0;2;0;0;2;3;1;A01
200900062064;0;33;0;2;0;1;2;A01
200900062065;0;7;0;13;0;3;19;A01
200900062066;0;30;0;3;0;2;1;A01
200900062067;0;7;0;15;0;9;1;A01
200900062068;0;7;0;0;2;3;1;B02
200900062068;0;7;0;0;2;3;15;A01
200900062069;0;30;0;0;2;1;13;A01
200900062069;0;7;0;0;2;3;1;B02
200900062070;0;7;0;2;0;2;1;A01
200900062071;0;21;0;0;2;6;19;A01
200900062071;0;31;0;0;2;1;1;B02
200900062072;0;2;0;0;2;1;1;B02
200900062072;0;7;0;0;2;7;1;A01
200900062073;0;7;0;0;2;3;1;B02
200900062073;0;2;0;0;2;1;13;A01
200900062074;0;10;0;0;2;4;2;B02
200900062074;0;10;0;0;2;1;2;A01
200900062074;0;10;0;0;2;4;2;C03
200900062075;0;10;0;15;0;4;1;A01
200900062076;0;30;0;0;2;1;1;B02
200900062076;0;7;0;0;2;3;9;A01
200900062077;0;33;0;0;5;1;1;A01
200900062078;0;10;0;13;2;3;1;B02
200900062078;0;17;0;0;2;8;1;A01
200900062079;0;7;0;0;2;3;1;A01
200900062079;0;7;0;0;2;1;1;B02
200900062080;0;7;0;0;2;2;2;A01
200900062080;0;1;0;0;2;4;2;B02
200900062081;0;7;0;0;2;8;23;C03
200900062081;0;7;0;0;2;1;19;A01
200900062081;0;7;0;14;2;8;14;B02
200900062082;0;7;0;6;0;1;1;A01
200900062083;0;3;0;0;2;7;20;A01
200900062083;0;2;0;0;2;1;1;B02
200900062084;0;7;0;7;0;1;1;A01
200900062085;0;7;0;0;2;2;2;A01
200900062085;0;7;0;0;2;6;23;B02
200900062086;0;7;0;13;0;2;14;A01
200900062087;0;7;0;13;0;1;1;A01
200900062088;0;7;0;2;0;1;1;A01
200900062089;0;31;0;0;2;8;1;B01
200900062089;1;7;0;0;2;7;17;A01
200900062090;0;32;0;0;2;1;1;B01
200900062090;0;7;0;0;2;8;10;A01
200900062091;0;10;0;0;2;3;15;B01
200900062091;0;30;0;0;2;7;17;A01
200900062092;0;7;0;0;2;8;15;A01
200900062092;0;7;0;0;2;1;1;B01
200900062093;1;7;0;0;1;1;1;A01
200900062094;0;7;0;11;0;1;1;A01
200900062095;0;7;0;0;1;1;17;A01
200900062096;0;37;0;0;0;5;1;B01
200900062096;0;31;0;0;0;5;0;A01
200900062097;0;7;0;0;2;5;1;B01
200900062097;0;33;0;6;2;7;17;A01
200900062098;0;7;0;11;0;8;1;A01
200900062099;0;30;0;0;0;7;1;A01
200900062100;0;7;0;0;2;7;2;B01
200900062100;0;7;0;14;2;2;1;A01
200900062101;0;2;0;0;2;6;15;B01
200900062101;0;2;0;0;2;3;1;A01
200900062102;0;7;0;0;0;4;23;B01
200900062102;0;7;0;14;0;1;1;A01
200900062103;0;7;0;0;2;4;2;A01
200900062103;1;7;0;0;2;1;2;B01
200900062104;0;30;0;0;2;1;1;A01
200900062104;0;7;0;0;2;7;1;B01
200900062105;0;32;0;0;2;7;0;A01
200900062105;0;7;0;0;0;6;11;B01
200900062106;0;7;0;8;0;3;1;A01
200900062107;0;33;0;0;2;0;1;A01
200900062108;0;7;0;0;1;4;4;A01
200900062109;0;10;0;0;2;3;13;A01
200900062109;0;7;0;0;2;3;1;B01
200900062110;0;7;0;0;1;6;4;A01
200900062111;0;7;0;0;0;8;1;B01
200900062111;0;2;0;0;0;1;1;A01
200900062112;0;7;0;0;2;4;1;C01
200900062112;0;7;0;3;2;4;1;B01
200900062112;0;7;0;0;2;1;1;A01
200900062113;0;7;0;9;2;1;1;B01
200900062113;0;7;0;0;2;2;15;A01
200900062114;0;7;0;0;1;2;1;A01
200900062115;0;33;0;0;1;4;1;A01
200900062116;0;7;0;0;2;4;1;C01
200900062116;0;7;0;1;0;9;1;B01
200900062116;0;7;0;0;2;1;2;A01
200900062116;0;7;0;0;2;4;2;D01
200900062117;0;7;0;0;2;3;10;A01
200900062117;0;30;0;0;2;7;17;B01
200900062118;0;7;0;12;1;1;1;A01
200900062119;0;30;0;12;2;1;1;A01
200900062119;0;7;0;0;0;4;1;B01
200900062120;0;7;0;0;2;1;13;A01
200900062120;0;7;0;13;0;3;1;B01
200900062121;0;7;0;0;2;5;23;B01
200900062121;0;7;0;0;1;6;4;A01
200900062122;0;33;0;1;2;8;1;B01
200900062122;0;7;0;0;2;2;1;A01
200900062123;0;7;0;3;2;1;1;A01
200900062123;0;7;0;3;2;4;2;B01
200900062124;0;7;0;15;0;9;17;A01
200900062125;0;37;15;6;0;1;1;A01
200900062126;0;7;0;0;2;7;9;A01
200900062126;0;33;0;0;2;1;1;B01
200900062127;0;30;0;0;2;1;0;B01
200900062127;0;7;0;9;0;6;16;A01
200900062128;0;7;0;3;2;1;1;C01
200900062128;0;7;0;3;2;1;1;B01
200900062128;0;7;0;0;0;0;0;D01
200900062128;0;7;0;0;0;1;1;A01
200900062129;0;30;0;0;2;1;2;A01
200900062129;0;7;0;0;0;4;16;B01
200900062130;1;7;0;0;0;0;0;A01
200900062130;0;2;0;0;0;8;0;B01
200900062131;0;7;0;0;2;2;1;B01
200900062131;0;30;0;0;2;1;18;A01
200900062132;0;30;0;0;0;8;1;A01
200900062133;0;17;0;4;0;1;1;A01
200900062134;0;7;0;0;1;6;4;A01
200900062135;0;7;0;0;2;2;19;A01
200900062135;0;30;0;0;2;8;5;B01
200900062136;0;30;0;0;2;1;2;A01
200900062136;0;10;0;0;2;4;2;B01
200900062137;0;7;0;6;0;3;1;A01
200900062138;0;7;0;3;2;3;1;A01
200900062138;0;7;0;3;2;3;1;B01
200900062139;0;30;0;0;2;7;16;B01
200900062139;0;7;0;0;2;1;1;A01
200900062140;1;7;0;0;0;0;17;B01
200900062140;0;7;0;2;0;1;21;A01
200900062141;0;7;0;0;2;5;15;B01
200900062141;0;33;0;0;2;1;1;A01
200900062142;0;7;0;0;2;6;0;B01
200900062142;0;2;0;0;2;1;1;A01
200900062143;0;1;0;0;2;8;1;B01
200900062143;0;7;0;0;9;3;1;A01
200900062144;0;7;0;0;2;1;1;B01
200900062144;0;7;0;0;2;1;5;A01
200900062145;0;7;0;3;2;1;1;C01
200900062145;0;7;0;3;2;6;18;A01
200900062145;0;15;0;3;2;1;1;B01
200900062146;2;7;0;0;2;6;0;A01
200900062146;0;7;0;0;2;2;1;B01
200900062147;0;7;0;0;1;0;1;A01
200900062148;0;30;0;0;2;1;13;A01
200900062148;0;7;0;0;2;3;1;B01
200900062149;0;7;0;0;2;8;1;B01
200900062149;0;2;0;0;2;1;16;A01
200900062150;0;7;0;13;0;2;14;A01
200900062151;0;2;0;1;2;1;14;A01
200900062151;0;7;0;0;2;5;23;C01
200900062152;0;7;0;3;0;1;1;A01
200900062153;0;7;0;13;0;1;1;A01
200900062154;0;1;0;0;2;1;19;B01
200900062154;0;14;0;0;2;7;16;A01
200900062155;0;7;0;0;2;3;15;A01
200900062155;0;2;0;0;2;8;1;B01
200900062156;0;1;0;0;2;1;19;B01
200900062156;0;7;0;0;2;2;15;A01
200900062157;0;7;0;0;2;3;16;B01
200900062157;0;7;0;0;2;3;16;A01
200900062158;0;7;0;0;2;2;20;A01
200900062158;0;7;0;0;2;3;1;B01
200900062159;0;7;0;0;2;2;1;B01
200900062159;0;7;0;1;2;4;4;A01
200900062160;0;2;0;0;2;1;2;B01
200900062160;0;7;0;0;2;2;16;A01
200900062161;0;7;0;1;0;3;1;A01
200900062162;0;7;0;7;1;0;1;A01
200900062163;0;7;0;0;2;2;16;A01
200900062163;0;32;0;0;2;1;16;B01
200900062164;0;32;0;0;2;8;1;B01
200900062164;0;7;0;0;2;0;15;A01
200900062165;0;31;0;0;2;8;2;A01
200900062165;0;7;0;0;2;4;15;B01
200900062166;0;7;0;0;1;1;1;A01
200900062167;0;33;0;0;0;7;1;A01
200900062168;0;33;0;0;0;7;1;A01
200900062169;0;14;0;0;1;2;1;A01
200900062170;0;7;0;0;2;3;15;A01
200900062170;0;33;0;0;0;8;1;B01
200900062171;0;7;0;0;2;2;16;A01
200900062171;0;1;0;0;0;5;1;B01
200900062172;0;2;0;0;2;1;2;A01
200900062172;0;15;0;0;0;0;24;C01
200900062172;0;7;0;1;0;6;23;B01
200900062173;1;7;0;0;1;1;1;A01
200900062174;0;7;0;0;1;3;1;A01
200900062175;0;7;0;0;2;8;15;A01
200900062175;0;7;0;0;2;1;1;B01
200900062176;0;7;0;6;0;1;1;A01
200900062177;0;10;0;4;0;1;1;A01
200900062178;0;10;0;0;2;2;1;A01
200900062178;0;1;0;0;2;3;1;B01
200900062179;0;7;0;0;2;3;1;A01
200900062179;0;14;0;0;2;3;1;B01
200900062180;0;7;0;0;2;8;1;B01
200900062180;0;7;0;0;2;1;1;A01
200900062181;0;31;0;0;2;1;1;B01
200900062181;0;7;0;0;2;1;1;A01
200900062182;0;7;0;0;2;1;13;A01
200900062182;0;7;0;0;2;1;1;B01
200900062183;0;34;0;0;0;0;0;A01
200900062184;0;7;0;0;2;1;1;A01
200900062184;0;7;0;0;2;4;2;B01
200900062185;0;7;0;0;2;7;11;A01
200900062185;0;33;0;0;2;1;1;B01
200900062186;0;7;0;10;0;9;1;A01
200900062187;0;1;0;0;2;7;9;A01
200900062187;0;14;0;0;2;1;1;B01
200900062188;0;33;0;0;2;1;1;B01
200900062188;0;7;0;0;0;8;10;A01
200900062189;0;7;0;0;1;1;19;A01
200900062190;0;7;0;0;1;2;1;A01
200900062191;0;7;0;0;1;2;1;A01
200900062192;0;7;0;0;1;2;1;A01
200900062193;0;7;0;0;0;8;24;A01
200900062193;0;1;0;1;0;1;1;B01
200900062194;0;33;0;0;1;8;1;A01
200900062195;0;32;0;0;2;1;1;C01
200900062195;0;30;0;0;2;1;1;B01
200900062195;0;7;0;0;2;8;1;A01
200900062196;0;7;0;0;2;3;16;A01
200900062196;0;15;0;0;2;2;1;B02
200900062197;0;7;0;0;0;0;1;A01
200900062198;0;33;0;13;0;1;17;A01
200900062199;0;2;0;0;2;1;1;B01
200900062199;2;7;0;0;2;8;1;A02
200900062200;0;7;0;13;0;1;1;A01
200900062201;0;7;0;2;0;3;13;A01
200900062202;0;7;0;0;1;3;1;A01
200900062203;0;7;0;0;2;1;2;A01
200900062203;0;7;0;0;2;4;2;B01
200900062204;0;7;0;0;0;4;2;A01
200900062204;0;2;0;0;2;1;2;B01
200900062205;0;10;0;0;1;3;1;A01
200900062206;0;10;0;15;2;1;15;B01
200900062206;0;7;0;15;2;1;1;A01
200900062207;0;7;0;0;2;2;15;B01
200900062207;0;2;0;0;2;1;1;A01
200900062208;0;7;0;16;0;2;1;A01
200900062209;0;7;0;0;2;5;15;B01
200900062209;0;33;0;0;2;0;1;A01
200900062210;0;7;0;0;2;1;1;B02
200900062210;0;7;0;0;0;7;13;A01
200900062211;0;7;0;0;1;1;0;A01
200900062212;0;7;0;0;2;1;2;B01
200900062212;0;7;0;0;2;4;1;A01
200900062213;0;7;0;0;2;1;9;A01
200900062213;0;31;0;0;2;0;1;B01
200900062214;0;7;0;0;1;0;1;A01
200900062215;0;7;0;0;2;1;1;B01
200900062215;0;7;0;0;2;7;1;A01
200900062216;0;7;0;7;2;8;1;A01
200900062216;0;7;0;0;2;1;1;B01
200900062217;0;7;0;0;2;2;1;B01
200900062217;0;7;0;0;2;3;20;A01
200900062218;0;7;0;0;1;0;1;A01
200900062219;0;7;0;0;2;7;1;B01
200900062219;0;2;0;0;2;1;5;A01
200900062220;0;7;0;0;1;0;16;A01
200900062221;0;7;0;0;2;3;1;B01
200900062221;0;7;0;0;2;3;13;A01
200900062222;0;7;0;0;1;0;16;A01
200900062223;0;7;0;7;2;7;23;C01
200900062223;0;7;0;7;2;7;1;A01
200900062223;0;7;0;0;2;1;1;B01
200900062224;0;7;0;1;1;2;1;A01
200900062225;0;7;0;7;2;2;1;A01
200900062225;0;2;0;0;2;9;1;B01
200900062226;0;7;0;7;2;1;1;B01
200900062226;0;2;0;7;2;1;1;A01
200900062227;0;7;0;1;1;4;4;A01
200900062228;0;7;0;14;1;0;1;A01
200900062229;0;7;0;7;2;1;2;A01
200900062229;0;7;0;7;2;4;23;B01
200900062230;0;7;0;0;2;4;23;B01
200900062230;0;7;0;0;2;4;23;C01
200900062230;0;7;0;0;2;1;2;A01
200900062231;0;31;0;0;1;8;13;A01
200900062232;0;1;0;0;2;0;1;B01
200900062232;0;7;0;0;2;1;1;A01
200900062233;0;7;0;0;2;9;15;A01
200900062233;0;7;0;0;2;9;1;B01
200900062234;0;7;0;7;2;1;1;A01
200900062234;0;7;0;0;2;7;15;B01
200900062235;0;7;0;0;1;3;1;A01
200900062236;0;7;0;0;1;0;4;A01
200900062237;0;7;0;0;1;1;1;A01
200900062238;0;13;0;0;1;0;16;A01
200900062239;0;7;0;0;1;0;1;A01
200900062240;0;37;1;0;1;3;1;A01
200900062241;0;1;0;0;2;1;0;B01
200900062241;0;7;0;0;2;1;0;A01
200900062242;0;10;0;0;1;2;16;A01
200900062242;0;30;0;0;2;2;14;B01
200900062243;0;7;0;0;2;1;11;A01
200900062243;0;33;0;0;2;1;0;B01
200900062244;0;33;0;0;2;9;1;A01
200900062244;0;10;0;0;2;6;1;B01
200900062245;0;33;0;1;0;0;0;A01
200900062246;0;7;0;0;1;2;1;A01
200900062247;0;32;0;0;2;7;17;A01
200900062247;0;7;0;0;2;3;1;B01
200900062248;0;7;0;0;2;8;9;A01
200900062248;0;2;0;0;2;1;17;B01
200900062249;0;30;0;0;2;1;1;B01
200900062249;0;7;0;0;2;0;1;A01
200900062250;0;7;0;0;2;8;15;B01
200900062250;0;2;0;0;2;1;17;A01
200900062251;0;7;0;0;2;2;1;B01