num_acc;senc;catv;occutc;obs;obsm;choc;manv;num_veh
200900062251;0;7;0;0;2;3;10;A01
200900062252;0;7;0;0;1;1;14;A01
200900062253;0;30;0;0;2;1;1;A01
200900062253;0;7;0;0;2;6;16;B01
200900062254;0;33;0;0;2;1;1;B01
200900062254;0;7;0;0;2;2;15;A01
200900062255;0;7;0;13;0;9;1;A01
200900062256;0;7;0;0;2;1;2;A01
200900062256;0;7;0;0;2;4;1;B01
200900062257;0;7;0;0;2;1;2;B01
200900062257;2;7;0;0;2;2;1;A01
200900062258;0;1;0;0;2;1;1;B01
200900062258;0;7;0;0;2;1;15;A01
200900062259;0;7;0;0;2;1;15;A01
200900062259;0;33;0;0;2;1;1;B01
200900062260;0;7;0;0;1;1;1;B01
200900062261;0;33;0;0;2;1;1;A01
200900062261;0;10;0;0;2;4;1;B01
200900062262;0;10;0;0;1;1;1;A01
200900062263;1;30;0;0;1;0;0;A01
200900062264;0;7;0;0;2;1;1;A01
200900062264;2;7;0;0;2;2;1;B01
200900062265;0;7;0;0;2;3;15;A01
200900062265;0;33;0;0;2;1;1;B01
200900062266;0;10;0;1;0;6;6;A01
200900062266;0;10;0;0;1;1;24;B01
200900062267;0;7;0;0;2;2;16;A01
200900062267;0;30;0;0;2;1;2;B01
200900062268;0;7;0;0;2;1;1;A01
200900062269;0;7;0;0;2;7;22;A01
200900062269;0;30;0;0;2;1;1;B01
200900062270;0;7;0;0;2;9;12;A01
200900062270;0;7;0;0;2;2;1;B01
200900062271;0;7;0;0;2;2;14;A01
200900062271;0;1;0;0;2;1;1;B01
200900062272;0;7;0;0;2;1;1;A01
200900062272;0;7;0;0;2;4;23;B01
200900062273;0;30;0;0;2;1;9;A01
200900062273;0;7;0;0;2;2;1;B01
200900062274;0;7;0;0;2;1;23;B01
200900062274;0;33;0;13;2;1;1;A01
200900062275;0;10;0;9;0;9;13;A01
200900062276;0;7;0;0;2;3;9;A01
200900062276;0;30;0;0;2;1;17;B01
200900062277;0;34;0;0;2;9;1;B01
200900062277;0;7;0;0;2;1;9;A01
200900062278;0;7;0;0;2;2;1;B01
200900062278;0;10;0;0;2;8;1;A01
200900062279;0;33;0;0;2;7;15;A01
200900062279;0;7;0;0;2;3;1;B01
200900062280;0;7;0;0;2;0;1;A01
200900062280;0;1;0;0;2;0;19;B01
200900062281;0;7;0;0;2;7;9;B01
200900062281;0;7;0;0;2;8;16;A01
200900062282;0;7;0;0;2;1;1;A01
200900062282;0;1;0;0;2;0;19;B01
200900062283;0;7;0;0;2;1;23;B01
200900062283;0;2;0;0;2;1;14;A01
200900062284;0;32;0;0;2;1;1;B01
200900062284;0;7;0;0;2;2;16;A01
200900062285;0;2;0;12;0;1;0;A01
200900062286;0;33;0;3;0;1;1;A01
200900062287;0;2;0;0;1;8;1;A01
200900062288;0;7;0;0;2;4;1;B01
200900062288;0;36;0;0;2;1;2;A01
200900062289;0;7;0;14;1;0;16;A01
200900062290;0;7;0;0;2;1;2;A01
200900062290;0;7;0;0;2;4;2;B01
200900062291;0;7;0;12;0;1;1;A01
200900062292;0;7;0;14;2;3;1;A01
200900062292;0;7;0;0;2;1;1;B01
200900062293;0;7;0;0;2;8;1;B01
200900062293;0;2;0;14;2;1;1;A01
200900062294;0;7;0;7;2;3;1;B01
200900062294;0;7;0;7;2;9;1;A01
200900062295;0;2;0;0;2;1;17;A01
200900062295;0;7;0;0;2;8;1;B01
200900062296;0;7;0;0;1;0;1;A01
200900062297;0;2;0;0;2;1;1;B01
200900062297;0;7;0;14;2;2;15;A01
200900062298;0;7;0;0;2;1;1;B01
200900062298;0;2;0;14;2;9;1;A01
200900062299;0;7;0;0;2;1;1;B01
200900062299;0;7;0;0;2;1;15;A01
200900062300;0;7;0;0;2;2;15;A01
200900062300;0;2;0;0;2;1;1;B01
200900062301;0;7;0;0;1;0;1;A01
200900062302;0;7;0;0;1;0;1;A01
200900062303;0;7;0;0;1;0;4;A01
200900062304;0;7;0;1;2;9;1;B01
200900062304;0;7;0;0;2;1;1;A01
200900062305;0;7;0;0;1;0;15;A01
200900062306;0;7;0;0;1;1;15;A01
200900062307;0;7;0;0;2;0;23;C01
200900062307;0;7;0;0;2;6;23;B01
200900062307;0;7;0;0;2;1;2;A01
200900062308;0;7;0;0;2;1;15;A01
200900062308;0;37;0;0;2;1;1;B01
200900062309;0;7;0;0;2;1;1;A01
200900062309;0;1;0;0;2;4;1;B01
200900062310;0;2;0;0;0;8;0;A01
200900062311;0;7;0;0;2;1;2;A01
200900062311;0;7;0;0;0;5;15;B01
200900062312;0;3;0;0;2;2;15;A01
200900062312;0;7;0;0;2;1;1;B01
200900062313;0;7;0;0;2;7;16;A01
200900062313;0;30;0;0;2;1;1;B01
200900062314;0;7;0;0;2;3;23;C01
200900062314;0;7;0;0;2;1;0;A01
200900062314;0;7;0;0;2;1;23;D01
200900062314;0;99;0;0;0;3;1;B01
200900062315;0;17;0;6;0;1;1;A01
200900062316;0;7;0;0;2;8;11;A01
200900062316;0;17;0;0;2;7;1;B01
200900062316;0;17;0;0;2;0;1;C01
200900062317;0;15;0;0;2;1;1;A01
200900062317;0;7;0;0;2;8;11;B01
200900062318;0;15;0;0;0;4;2;C01
200900062318;0;15;0;0;2;1;2;A01
200900062318;0;7;0;0;2;4;2;B01
200900062319;0;33;0;8;0;9;21;A01
200900062320;0;7;0;0;2;3;1;B02
200900062320;0;7;0;0;2;3;13;A01
200900062321;0;7;0;0;2;1;15;A01
200900062321;0;2;0;0;2;1;1;B02
200900062322;0;7;0;0;2;7;19;B02
200900062322;0;7;0;0;2;1;1;A01
200900062323;0;7;0;0;1;2;1;A01
200900062324;0;33;0;0;0;9;1;A01
200900062325;0;7;0;0;1;1;1;A01
200900062326;0;7;0;0;2;0;1;B02
200900062326;0;7;0;0;2;3;1;A01
200900062327;0;7;0;0;2;1;1;B01
200900062327;0;10;0;0;2;3;19;A01
200900062328;0;7;0;0;2;0;2;B01
200900062328;0;7;0;0;2;1;2;A01
200900062329;0;7;0;0;1;1;1;A01
200900062330;0;1;0;0;2;0;2;B01
200900062330;0;7;0;0;2;7;2;A01
200900062331;0;7;0;0;2;3;20;A01
200900062331;0;33;0;0;2;1;1;B01
200900062332;0;7;0;0;2;3;1;B01
200900062332;0;7;0;12;2;3;13;A01
200900062333;0;7;0;0;2;3;18;B01
200900062333;0;7;0;0;0;7;15;A01
200900062334;0;7;0;0;1;0;20;A01
200900062335;0;7;0;0;2;2;15;A01
200900062335;0;7;0;0;2;1;1;B01
200900062336;0;7;0;0;2;2;2;A01
200900062336;0;2;0;0;2;1;1;B01
200900062337;0;7;0;0;2;3;13;A01
200900062337;0;7;0;0;2;3;1;B01
200900062338;0;37;1;0;1;1;0;A01
200900062339;0;7;0;2;2;4;23;B01
200900062339;0;10;0;0;2;1;1;A01
200900062340;0;1;0;0;2;4;1;B01
200900062340;1;10;0;0;2;1;20;A01
200900062341;0;7;0;0;2;1;6;A01
200900062341;0;7;0;0;2;1;2;B01
200900062342;0;7;0;0;1;2;1;A01
200900062343;0;7;0;0;2;6;4;A01
200900062343;0;7;0;0;2;3;20;B01
200900062344;0;2;0;0;2;1;2;A01
200900062344;0;7;0;0;9;4;23;B01
200900062345;0;7;0;0;2;1;1;B01
200900062345;0;3;0;0;2;7;1;A01
200900062346;0;7;0;0;1;7;1;A01
200900062347;0;7;0;0;2;1;2;A01
200900062347;0;10;0;0;2;4;2;C01
200900062347;0;7;0;0;2;4;2;B01
200900062348;0;7;0;0;2;2;15;A01
200900062348;0;7;0;0;2;2;1;B01
200900062349;1;7;0;0;1;0;1;A01
200900062350;0;14;0;0;2;2;4;A01
200900062350;0;7;0;0;2;6;1;B01
200900062351;0;7;0;0;2;1;2;A01
200900062351;0;7;0;0;2;4;2;B01
200900062352;0;10;0;0;1;1;16;A01
200900062353;0;7;0;0;1;1;0;A01
200900062354;0;7;0;0;2;8;22;A01
200900062354;0;1;0;0;2;1;7;B01
200900062355;0;40;0;0;2;3;2;A01
200900062355;0;1;0;0;9;1;0;B01
200900062356;0;7;0;3;0;8;1;B01
200900062356;0;10;0;0;2;7;17;A01
200900062357;0;7;0;0;2;2;13;B01
200900062357;0;7;0;0;2;1;1;C01
200900062357;0;7;0;0;9;6;1;A01
200900062357;0;7;0;0;2;2;2;D01
200900062358;0;33;0;0;0;8;1;A01
200900062359;0;2;0;1;0;1;2;A01
200900062359;0;7;0;0;9;4;2;B01
200900062360;0;2;0;0;2;4;0;A01
200900062360;0;7;0;0;2;1;1;B01
200900062361;0;7;0;0;2;2;15;A01
200900062361;0;7;0;0;2;1;1;B01
200900062362;0;7;0;0;2;6;2;B01
200900062362;0;2;0;0;2;8;2;A01
200900062363;0;7;0;0;2;5;2;D01
200900062363;0;7;0;0;2;4;2;B01
200900062363;0;7;0;0;2;4;2;C01
200900062363;0;7;0;0;2;1;2;A01
200900062364;0;7;0;0;9;1;0;A01
200900062364;0;32;0;0;2;7;0;B01
200900062365;0;1;0;0;0;0;0;B01
200900062365;0;7;0;0;0;0;0;A01
200900062366;0;7;0;0;2;7;15;A01
200900062366;0;7;0;0;2;1;2;B01
200900062367;0;7;0;0;2;1;2;A01
200900062367;0;7;0;0;2;4;2;B01
200900062367;0;7;0;0;0;4;2;C01
200900062368;0;7;0;0;1;6;4;A01
200900062369;0;7;0;1;0;0;0;A01
200900062370;0;7;0;0;1;1;16;A01
200900062371;0;7;0;0;2;1;1;B01
200900062371;0;7;0;0;2;2;15;A01
200900062372;0;7;0;0;2;4;1;B01
200900062372;0;7;0;0;2;1;1;A01
200900062373;0;10;0;6;0;3;6;A01
200900062374;0;7;0;0;1;3;15;A01
200900062375;0;37;1;0;2;3;9;B01
200900062375;0;1;0;0;2;1;1;A01
200900062376;0;7;0;0;2;7;16;A01
200900062376;0;1;0;0;2;8;1;B01
200900062377;0;31;0;12;0;8;1;A01
200900062378;0;7;0;0;2;3;15;A01
200900062378;0;2;0;0;2;1;1;B01
200900062379;0;7;0;0;2;1;0;A01
200900062379;0;7;0;0;2;3;0;B01
200900062380;0;33;0;8;0;1;1;A01
200900062381;0;32;0;0;2;1;1;B01
200900062381;0;7;0;0;0;3;15;A01
200900062382;0;1;0;0;2;0;13;B01
200900062382;1;7;0;0;2;0;1;Z01
200900062383;0;7;0;0;2;9;1;A01
200900062383;0;7;0;0;2;1;1;B01
200900062384;0;7;0;0;2;1;0;A01
200900062384;0;33;0;0;2;7;1;B01
200900062385;0;7;0;0;2;3;9;A01
200900062385;0;33;0;1;2;1;1;B01
200900062386;1;7;0;0;1;0;0;Z01
200900062387;0;7;0;0;2;4;1;A01
200900062387;0;10;0;14;0;1;1;B01
200900062387;0;7;0;14;0;1;1;C01
200900062388;0;7;0;0;2;5;15;A01
200900062388;0;7;0;0;2;2;2;B01
200900062389;0;2;0;0;2;8;1;B01
200900062389;1;7;0;0;2;1;1;A01
200900062390;0;7;0;0;2;8;19;A01
200900062390;0;32;0;0;2;1;1;B01
200900062391;0;10;0;0;1;1;1;A01
200900062391;0;7;0;0;0;0;22;B01
200900062392;0;7;0;0;1;1;1;A01
200900062393;2;14;0;0;2;7;17;A01
200900062393;0;7;0;0;2;8;17;B01
200900062394;1;7;0;0;2;1;15;B01
200900062394;0;32;0;0;2;1;1;A01
200900062395;0;7;0;0;2;2;1;A01
200900062395;0;30;0;0;2;7;15;B01
200900062396;0;7;0;0;2;1;0;A01
200900062396;0;7;0;0;2;4;1;B01
200900062397;0;30;0;0;2;7;21;B01
200900062397;0;30;0;0;2;8;1;A01
200900062398;0;10;0;0;2;8;15;B01
200900062398;0;30;0;0;2;2;17;A01
200900062399;0;7;0;0;0;5;23;B01
200900062399;0;30;0;0;2;1;2;A01
200900062400;0;7;0;0;2;7;1;B01
200900062400;0;30;0;0;2;8;3;A01
200900062401;0;34;0;0;2;8;1;B01
200900062401;0;7;0;0;2;1;15;A01
200900062402;0;30;0;0;2;9;1;A01
200900062403;0;33;0;0;2;1;1;B01
200900062403;0;7;0;0;2;3;1;A01
200900062404;0;7;0;0;2;1;1;A01
200900062404;0;2;0;0;2;8;1;B01
200900062405;0;7;0;0;2;1;1;A01
200900062405;0;1;0;0;2;7;5;B01
200900062406;0;7;0;0;2;1;1;A01
200900062406;0;7;0;0;2;9;23;B01
200900062406;0;7;0;0;2;4;23;C01
200900062407;0;7;0;0;1;1;1;A01
200900062408;0;7;0;0;0;4;1;C01
200900062408;0;7;0;0;0;9;1;B01
200900062408;0;10;0;0;2;1;1;A01
200900062409;0;30;0;0;0;2;1;A01
200900062410;0;7;0;0;0;0;10;A01
200900062410;0;33;0;0;0;0;1;B01
200900062411;1;7;0;0;2;6;1;A01
200900062411;0;30;0;0;2;1;12;B01
200900062412;0;7;0;0;1;3;13;A01
200900062413;0;7;0;0;2;2;1;B01
200900062413;0;1;0;0;2;1;1;C01
200900062414;0;7;0;0;2;4;23;C01
200900062414;0;7;0;0;2;9;1;B01
200900062414;0;7;0;0;2;1;1;A01
200900062415;0;7;0;0;2;3;1;B01
200900062415;0;7;0;0;2;2;1;A01
200900062416;1;7;0;0;2;0;0;A01
200900062417;0;7;0;0;1;3;1;A01
200900062418;1;30;0;0;1;1;0;A01
200900062419;0;2;0;0;1;1;1;A01
200900062420;0;7;0;0;2;1;1;A01
200900062420;0;10;0;0;2;1;1;B01
200900062421;0;7;0;0;1;1;1;A01
200900062422;0;30;0;0;0;2;0;A01
200900062422;0;7;0;0;0;3;1;B01
200900062423;0;7;0;0;2;8;1;A01
200900062423;0;1;0;0;0;1;1;B01
200900062424;0;7;0;0;1;2;1;A01
200900062425;0;7;0;0;1;3;1;A01
200900062426;0;33;0;0;2;7;1;B01
200900062426;0;7;0;0;2;1;1;A01
200900062427;0;7;0;0;1;6;4;A01
200900062428;0;7;0;0;1;2;1;A01
200900062429;0;7;0;0;2;4;23;B01
200900062429;0;10;0;0;2;1;1;A01
200900062430;0;7;0;0;2;1;1;C01
200900062430;0;31;0;0;2;9;1;B01
200900062430;0;7;0;0;2;8;1;D01
200900062430;0;7;0;0;2;8;20;A01
200900062431;0;33;0;0;2;8;1;A01
200900062431;0;7;0;0;0;0;0;B01
200900062432;0;30;0;0;2;1;13;A01
200900062432;0;7;0;0;2;1;1;B01
200900062433;0;7;0;0;1;4;0;A01
200900062434;0;7;0;0;2;1;1;A01
200900062434;0;2;0;0;2;6;15;B01
200900062435;0;32;0;0;2;1;1;B01
200900062435;0;7;0;0;2;8;10;A01
200900062436;0;2;0;0;2;9;1;A01
200900062436;0;7;0;0;2;8;1;B01
200900062437;0;2;0;0;2;9;2;A01
200900062437;0;7;0;0;2;1;21;C01
200900062437;0;7;0;0;2;4;16;B01
200900062438;0;7;0;0;2;9;23;B01
200900062438;0;10;0;0;2;9;23;C01
200900062438;0;7;0;0;2;1;1;A01
200900062438;0;7;0;0;2;4;23;D01
200900062439;0;33;0;0;2;1;1;A01
200900062439;0;7;0;0;2;3;16;B01
200900062440;0;7;0;2;2;7;9;A01
200900062440;0;7;0;0;2;7;2;B01
200900062441;0;10;0;0;2;7;16;B01
200900062441;0;31;0;0;2;8;16;A01
200900062442;0;1;0;0;2;1;1;B01
200900062442;0;7;0;0;9;5;10;A01
200900062443;0;7;0;0;1;1;0;A01
200900062444;0;30;0;0;2;2;17;B01
200900062444;0;7;0;0;2;8;15;A01
200900062445;0;7;0;0;2;1;2;A01
200900062445;0;2;0;0;2;4;2;B01
200900062446;0;7;0;0;2;3;1;A01
200900062447;0;10;0;0;2;2;17;A01
200900062447;0;33;0;0;2;8;1;B01
200900062448;0;7;0;0;1;1;1;A01
200900062449;0;7;0;0;2;6;11;A01
200900062449;0;1;0;0;2;7;2;B01
200900062450;0;7;0;0;1;1;1;A01
200900062451;0;2;0;0;2;4;1;B01
200900062451;0;33;0;0;2;1;1;A01
200900062452;0;7;0;0;1;1;1;A01
200900062453;0;31;0;0;1;1;1;A01
200900062454;0;7;0;0;2;6;18;B01
200900062454;0;7;0;0;2;3;16;A01
200900062455;0;32;0;0;2;1;2;B01
200900062455;0;7;0;0;2;0;9;A01
200900062456;0;33;0;0;2;1;1;B01
200900062456;0;7;0;0;2;0;1;C01
200900062456;0;7;0;0;2;8;10;A01
200900062457;0;7;0;0;1;1;1;A01
200900062458;0;7;0;0;2;8;13;A01
200900062458;0;7;0;0;2;7;1;B01
200900062459;0;7;0;0;2;3;0;A01
200900062459;0;32;0;0;2;0;1;B01
200900062460;1;7;0;0;1;1;1;A01
200900062461;0;33;0;0;2;1;1;A01
200900062461;0;7;0;0;2;0;15;B01
200900062462;0;7;0;0;2;1;0;A01
200900062462;0;30;0;0;2;7;0;B01
200900062463;0;7;0;0;1;0;16;A01
200900062464;0;7;0;0;2;4;4;A01
200900062464;0;7;0;0;2;1;23;B01
200900062465;0;33;0;0;2;9;1;B01
200900062465;0;10;0;0;2;3;13;A01
200900062466;0;7;0;0;2;8;22;A01
200900062466;0;1;0;1;0;1;1;B01
200900062467;0;7;0;0;2;4;1;B01
200900062467;0;32;0;0;2;1;3;A01
200900062468;0;2;0;0;2;1;1;B01
200900062468;0;7;0;0;2;8;15;A01
200900062469;0;7;0;0;2;2;10;A01
200900062469;0;33;0;0;2;1;3;B01
200900062470;0;7;0;0;1;7;22;A01
200900062471;0;30;0;0;2;7;1;B01
200900062471;0;7;0;0;2;8;15;A01
200900062472;0;34;0;0;2;7;17;B01
200900062472;0;7;0;0;2;8;10;A01
200900062473;0;10;0;0;2;1;15;B01
200900062473;0;31;0;0;2;1;1;A01
200900062474;0;7;0;0;1;2;1;A01
200900062475;0;7;0;0;2;4;23;B01
200900062475;0;7;0;0;2;1;1;A01
200900062476;0;7;0;0;2;2;15;A01
200900062476;0;33;0;0;2;1;1;B01
200900062477;0;1;0;0;1;2;1;A01
200900062478;0;7;0;0;1;1;15;A01
200900062479;0;33;0;0;2;1;1;A01
200900062479;0;7;0;0;2;4;15;B01
200900062480;0;7;0;0;2;2;15;A01
200900062480;0;31;0;0;2;8;1;B01
200900062481;0;1;0;0;0;0;0;B01
200900062481;0;7;0;0;2;0;2;A01
200900062482;0;7;0;0;2;3;15;A01
200900062482;0;33;0;0;2;8;1;B01
200900062483;0;7;0;0;0;1;9;A01
200900062484;0;10;0;0;1;1;1;A01
200900062485;0;7;0;0;1;1;0;A01
200900062486;0;7;0;0;2;3;15;A01
200900062486;0;33;0;1;0;1;1;B01
200900062487;0;33;0;0;2;8;2;B01
200900062487;1;7;0;0;2;8;11;A01
200900062488;0;33;0;0;2;3;0;B01
200900062488;0;7;0;0;2;3;11;A01
200900062489;0;7;0;0;2;3;15;A01
200900062489;0;2;0;0;2;1;1;B01
200900062490;0;33;0;0;2;1;1;A01
200900062490;0;7;0;0;2;6;0;B01
200900062491;0;7;0;0;2;1;14;A01
200900062492;0;7;0;0;2;3;15;A01
200900062492;0;32;0;0;2;1;1;B01
200900062493;0;7;0;6;0;1;16;A01
200900062494;0;7;0;15;2;7;15;B01
200900062494;0;31;0;0;2;1;1;A01
200900062495;0;7;0;0;2;7;10;A01
200900062495;0;33;0;0;2;1;1;B01
200900062496;0;7;0;0;0;1;1;A01
200900062496;0;7;0;0;0;8;9;B01
200900062497;0;7;0;0;0;1;1;A01
200900062498;0;33;0;0;2;6;23;B01
200900062498;0;14;0;0;2;2;1;A01
200900062499;0;37;0;0;2;1;1;A01
200900062499;0;7;0;0;2;4;1;B01
200900062500;0;7;0;0;2;1;1;A01
200900062500;0;7;0;7;2;1;1;B01
200900062501;0;99;0;0;0;1;9;A01
200900062502;0;30;0;0;2;9;0;A01
200900062502;0;7;0;0;2;7;1;B01
200900062503;0;7;0;0;2;8;15;B01
200900062503;0;33;0;0;2;1;17;A01
200900062504;0;7;0;0;0;2;0;A01
200900062505;0;2;0;1;0;1;1;B01
200900062505;0;7;0;0;2;5;4;A01
200900062506;0;7;0;0;1;1;1;A01
200900062507;0;34;0;0;1;2;1;A01
200900062508;0;7;0;0;2;4;2;B01
200900062508;0;32;0;0;2;1;2;A01
200900062509;0;7;0;0;0;1;1;A01
200900062509;0;7;0;0;0;4;1;B01
200900062510;0;7;0;0;1;1;1;A01
200900062511;0;7;0;0;1;1;0;A01
200900062512;1;2;0;0;2;0;8;B01
200900062512;0;1;0;0;2;0;14;A01
200900062513;0;7;0;0;2;4;2;B01
200900062513;0;30;0;0;2;1;2;A01
200900062514;0;7;0;0;2;2;1;A01
200900062514;0;33;0;0;2;1;1;B01
200900062515;0;7;0;0;1;1;0;A01
200900062516;0;2;0;0;2;1;1;A01
200900062516;0;7;0;0;2;7;16;B01
200900062517;0;7;0;0;2;1;1;B01
200900062517;0;1;0;0;2;7;1;A01
200900062518;0;7;0;0;1;1;1;A01
200900062519;0;7;0;0;2;1;1;A01
200900062519;0;7;0;0;2;4;23;B01
200900062520;0;1;0;0;0;0;1;B01
200900062520;0;7;0;0;0;8;12;A01
200900062521;0;2;0;0;1;1;1;A01
200900062522;0;7;0;0;2;2;12;A01
200900062522;0;7;0;0;2;6;1;B01
200900062523;0;7;0;0;2;6;1;C01
200900062523;0;2;0;0;2;1;17;B01
200900062523;0;7;0;0;2;8;15;A01
200900062524;0;7;0;0;2;3;10;A01
200900062524;0;31;0;0;2;1;17;B01
200900062525;0;7;0;0;1;5;1;A01
200900062526;0;7;0;0;9;2;1;A01
200900062526;0;1;0;0;2;2;19;B01
200900062527;0;7;0;1;0;1;2;A01
200900062528;0;30;0;0;2;1;1;A01
200900062528;0;7;0;0;2;4;15;B01
200900062529;0;33;0;0;1;1;1;A01
200900062530;0;30;0;0;0;0;2;A01
200900062531;0;30;0;0;1;1;1;A01
200900062532;0;32;0;0;2;1;19;A01
200900062532;0;32;0;0;2;7;1;B01
200900062533;0;32;0;0;1;2;17;A01
200900062534;0;7;0;0;0;1;1;B01
200900062534;0;30;0;0;0;1;0;A01
200900062535;0;1;0;0;2;1;15;B01
200900062535;0;7;0;0;2;3;1;A01
200900062536;0;33;0;0;2;9;1;B01
200900062536;0;7;0;0;2;1;1;A01
200900062537;0;33;0;0;2;1;9;A01
200900062537;0;7;0;0;2;6;15;B01
200900062538;0;37;1;0;1;1;7;A01
200900062539;0;7;0;0;2;1;15;A01
200900062539;0;32;0;0;2;3;1;B01
200900062540;0;7;0;0;2;2;15;A01
200900062540;0;31;0;0;2;1;1;B01
200900062540;0;7;0;0;2;6;1;C01
200900062541;0;30;0;0;2;8;1;B01
200900062541;0;7;0;0;2;1;15;A01
200900062542;0;1;0;0;2;2;1;B01
200900062542;0;7;0;0;9;1;15;A01
200900062543;0;7;0;0;1;1;1;A01
200900062544;0;10;0;0;2;2;1;A01
200900062544;0;10;0;0;2;6;10;B01
200900062545;0;7;0;0;1;1;1;A01
200900062546;0;32;0;0;2;4;1;B01
200900062546;0;32;0;0;2;1;1;A01
200900062547;0;7;0;0;1;1;1;A01
200900062548;0;33;0;0;0;0;0;A01
200900062549;0;7;0;15;1;1;0;A01
200900062550;0;10;0;0;2;2;16;A01
200900062550;0;7;0;0;2;3;1;B01
200900062551;0;7;0;0;2;1;9;A01
200900062551;0;30;0;0;2;7;1;B01
200900062552;0;7;0;0;2;3;0;B01
200900062552;0;1;0;0;2;1;19;A01
200900062553;0;7;0;0;1;1;15;A01
200900062554;0;7;0;0;1;1;16;A01
200900062555;0;7;0;0;2;1;15;A01
200900062555;0;2;0;0;2;1;1;B01
200900062556;0;10;0;0;1;3;1;A01
200900062557;0;33;0;0;1;1;1;A01
200900062558;0;7;0;0;2;4;1;B01
200900062558;0;7;0;0;2;1;1;A01
200900062559;0;2;0;0;2;1;1;B01
200900062559;0;7;0;0;2;3;9;A01
200900062560;0;7;0;0;2;1;1;B01
200900062560;0;31;0;0;2;1;1;A01
200900062561;0;7;0;0;2;4;23;C01
200900062561;0;7;0;0;2;1;1;A01
200900062561;0;7;0;0;2;5;23;B01
200900062562;0;31;0;0;2;1;1;A01
200900062562;0;7;0;0;2;3;1;B01
200900062563;0;7;0;0;1;2;15;A01
200900062564;0;30;0;0;2;8;1;B01
200900062564;0;7;0;0;2;3;1;A01
200900062565;0;7;0;0;2;1;2;A01
200900062566;0;7;0;0;1;3;1;A01
200900062567;0;30;0;0;2;1;2;B01
200900062567;0;7;0;0;2;8;0;A01
200900062568;0;32;0;0;2;1;1;B01
200900062568;0;2;0;0;2;1;17;A01
200900062569;0;2;0;0;2;1;21;A01
200900062569;0;7;0;0;0;0;20;B01
200900062570;0;2;0;0;2;1;1;A01
200900062570;0;7;0;0;2;2;13;B01
200900062571;0;2;0;0;1;1;1;A01
200900062572;0;30;0;0;0;9;1;A01
200900062573;0;1;0;0;1;1;17;A01
200900062574;0;31;0;0;2;7;17;A01
200900062574;0;7;0;0;2;8;15;B01
200900062575;1;7;0;0;2;4;1;A01
200900062575;0;33;0;0;2;1;1;B01
200900062576;0;7;0;0;2;1;1;A01
200900062576;0;7;0;0;2;1;1;B01
200900062577;0;7;0;0;1;1;2;A01
200900062578;0;7;0;0;2;9;1;B01
200900062578;0;7;0;0;2;4;1;C01
200900062578;0;7;0;0;2;1;1;A01
200900062579;0;32;0;0;2;1;1;A01
200900062579;0;7;0;0;2;4;1;B01
200900062580;0;37;12;1;0;2;1;A01
200900062581;0;33;0;0;2;1;2;A01
200900062581;0;15;0;0;0;6;2;B01
200900062582;0;7;0;0;1;1;1;A01
200900062583;0;10;0;0;2;1;1;A01
200900062583;0;7;0;0;2;1;1;B01
200900062584;0;7;0;0;1;0;0;A01
200900062585;0;7;0;6;0;9;1;A01
200900062586;0;7;0;0;2;1;0;A01
200900062586;0;10;0;0;2;3;0;B02
200900062587;0;7;0;0;2;1;1;A01
200900062587;0;1;0;0;0;4;1;B02
200900062588;0;7;0;2;0;3;1;A01
200900062589;0;7;0;0;2;3;1;B02
200900062589;0;7;0;0;2;3;1;A01
200900062590;0;7;0;2;0;8;1;A01
200900062591;0;7;0;0;2;1;1;B02
200900062591;0;7;0;0;2;7;1;A01
200900062592;0;7;0;0;2;1;1;B02
200900062592;0;7;0;0;2;8;19;A01
200900062593;0;7;0;8;0;1;16;A01
200900062594;0;39;150;0;2;2;1;B02
200900062594;0;36;0;0;4;8;1;A01
200900062595;0;10;0;2;0;2;1;A01
200900062596;0;7;0;7;2;1;14;A01
200900062596;0;7;0;0;2;1;1;C03
200900062596;0;7;0;0;0;6;1;B02
200900062597;0;7;0;3;0;8;1;A01
200900062598;0;7;0;0;2;1;13;A01
200900062598;0;15;0;0;2;1;1;B02
200900062599;0;7;0;0;2;2;10;B02
200900062599;0;33;0;0;2;1;1;A01
200900062600;0;7;0;0;2;3;1;A01
200900062600;0;7;0;0;2;3;1;B02
200900062601;1;7;0;0;1;3;1;A01
200900062602;0;2;0;0;2;8;0;B02
200900062602;0;7;0;0;2;2;19;A01
200900062603;0;10;0;13;0;1;13;A01
200900062604;0;30;0;0;2;1;1;B01
200900062604;0;7;0;0;2;3;9;A01
200900062605;0;30;0;0;0;4;9;A01
200900062605;0;33;0;6;2;1;1;B01
200900062606;0;99;0;6;0;2;1;A01
200900062607;0;7;0;13;0;4;1;B02
200900062607;0;7;0;0;2;1;1;A01
200900062608;0;7;0;0;1;1;1;A01
200900062609;0;7;0;0;2;1;2;A01
200900062609;0;7;0;0;2;4;23;B01
200900062610;0;7;0;0;2;2;15;B01
200900062610;0;2;0;0;2;1;1;A01
200900062611;0;7;0;6;0;1;1;A01
200900062612;0;7;0;0;1;1;1;A01
200900062613;0;7;0;0;2;8;1;B01
200900062613;0;2;0;0;2;1;1;A01
200900062614;0;30;0;0;2;0;1;A01
200900062614;0;7;0;0;2;1;1;B01
200900062615;0;2;0;0;2;1;1;B01
200900062615;0;7;0;0;2;1;15;A01