num_acc;senc;catv;occutc;obs;obsm;choc;manv;num_veh
200900062982;0;7;0;0;0;8;1;A01
200900062982;0;7;0;0;2;1;15;B01
200900062983;0;7;0;0;1;1;17;A01
200900062984;0;7;0;2;0;8;1;A01
200900062985;0;14;0;0;1;2;1;A01
200900062986;0;7;0;0;6;6;0;A01
200900062986;0;7;0;0;2;1;2;B02
200900062987;0;30;0;0;2;1;17;A01
200900062987;0;7;0;0;2;3;1;B02
200900062988;0;7;0;0;2;3;1;B02
200900062988;0;7;0;0;2;3;1;A01
200900062989;0;7;0;8;0;1;17;A01
200900062989;0;7;0;0;2;1;0;B02
200900062990;0;15;0;0;2;8;1;B02
200900062990;0;7;0;0;0;6;1;A01
200900062991;0;7;0;2;0;2;14;A01
200900062992;0;7;0;0;2;2;9;A01
200900062992;0;1;0;0;2;4;1;B02
200900062993;0;7;0;0;2;7;13;A01
200900062993;0;10;0;0;2;1;1;B02
200900062994;0;31;0;0;2;1;1;B02
200900062994;0;7;0;2;2;8;1;A01
200900062995;1;30;0;0;1;8;0;A01
200900062996;0;7;0;0;2;8;15;B01
200900062996;0;32;0;0;2;2;17;A01
200900062997;0;7;0;0;2;3;1;A01
200900062997;0;32;0;0;2;1;1;B01
200900062998;0;7;0;0;1;1;1;A01
200900062999;0;7;0;0;1;3;1;A01
200900063000;0;7;0;0;2;3;20;A01
200900063000;0;33;0;0;2;1;1;B01
200900063001;0;7;0;0;1;7;1;A01
200900063002;0;7;0;0;2;2;1;A01
200900063002;0;1;0;0;2;0;1;B01
200900063003;0;7;0;0;1;1;2;A01
200900063004;1;7;0;0;1;0;0;A01
200900063005;0;30;0;0;2;1;2;B01
200900063005;0;7;0;0;2;2;19;A01
200900063006;0;7;0;0;2;1;15;B01
200900063006;0;7;0;0;2;8;1;A01
200900063007;0;7;0;0;1;1;1;A01
200900063008;0;7;0;0;2;1;9;A01
200900063008;0;34;0;0;2;7;9;B01
200900063009;0;7;0;0;2;3;1;B01
200900063009;0;7;0;0;2;3;1;A01
200900063010;0;7;0;0;1;2;1;A01
200900063011;0;7;0;0;2;3;10;A01
200900063011;0;7;0;0;2;3;1;B01
200900063012;0;1;0;0;2;3;1;B01
200900063012;0;15;0;0;2;2;17;A01
200900063013;0;30;0;1;2;1;17;B01
200900063013;0;7;0;0;2;8;15;A01
200900063014;0;7;0;0;2;0;9;A01
200900063014;0;7;0;0;0;1;23;C01
200900063014;0;2;0;0;2;2;21;B01
200900063015;0;7;0;0;2;1;2;A01
200900063015;0;7;0;0;2;4;2;C01
200900063015;0;7;0;0;2;9;2;B01
200900063016;0;7;0;0;2;3;1;B01
200900063016;0;15;0;0;2;1;1;A01
200900063016;0;7;0;0;2;8;1;C01
200900063017;0;7;0;0;2;1;2;A01
200900063017;0;7;0;0;0;4;23;B01
200900063018;0;7;0;0;2;6;11;B01
200900063018;0;33;0;3;2;1;3;A01
200900063019;0;7;0;0;2;1;2;A01
200900063019;0;7;0;0;2;4;2;B01
200900063019;0;7;0;0;0;4;2;C01
200900063020;0;7;0;3;0;2;21;B01
200900063020;0;7;0;0;0;9;0;A01
200900063021;0;7;0;4;0;2;2;C01
200900063021;0;10;0;4;0;6;2;A01
200900063021;0;7;0;15;0;1;2;B01
200900063022;0;7;0;3;0;2;15;A01
200900063023;0;13;0;0;0;4;2;B01
200900063023;0;10;0;1;2;4;2;A01
200900063024;0;7;0;0;2;1;1;B01
200900063024;0;7;0;4;2;5;0;A01
200900063025;0;31;0;0;0;8;1;A01
200900063026;0;7;0;0;2;2;14;A01
200900063026;0;7;0;0;2;5;1;C01
200900063026;0;7;0;4;2;8;1;B01
200900063027;0;7;0;0;2;1;2;A01
200900063027;0;10;0;0;0;4;2;B01
200900063028;0;7;0;4;2;8;13;A01
200900063028;0;7;0;0;2;2;1;B01
200900063029;0;7;0;0;0;4;2;C01
200900063029;0;10;0;0;2;1;2;A01
200900063029;0;7;0;0;2;4;2;B01
200900063030;0;15;0;0;0;4;2;C01
200900063030;0;7;0;0;2;1;2;A01
200900063030;0;7;0;0;2;4;2;B01
200900063031;0;7;0;0;2;4;2;C01
200900063031;0;7;0;0;2;1;2;A01
200900063031;0;7;0;0;2;1;2;B01
200900063032;0;7;0;3;0;7;1;A01
200900063033;0;10;0;4;0;3;21;A01
200900063034;0;7;0;3;0;1;0;A01
200900063035;2;7;0;0;2;1;2;A01
200900063035;0;7;0;0;0;4;0;B01
200900063036;0;7;0;0;0;6;1;D01
200900063036;0;7;0;3;2;3;11;A01
200900063036;0;7;0;0;2;1;1;C01
200900063036;0;7;0;0;0;2;1;B01
200900063037;0;7;0;0;2;6;11;A01
200900063037;0;33;0;0;2;2;21;B01
200900063038;0;13;0;0;2;3;1;B01
200900063038;0;13;0;0;2;1;1;C01
200900063038;0;7;0;0;0;4;12;A01
200900063039;0;7;0;0;2;3;1;D01
200900063039;0;7;0;0;2;1;21;E01
200900063039;0;7;0;6;2;6;11;B01
200900063039;0;7;0;0;2;2;1;C01
200900063039;0;14;0;0;2;2;12;A01
200900063040;0;7;0;0;2;2;12;A01
200900063040;0;33;0;0;2;3;1;B01
200900063041;0;33;0;0;0;0;0;T01
200900063041;0;33;0;0;2;2;0;A01
200900063041;0;7;0;0;2;6;11;B01
200900063042;0;7;0;0;2;4;23;B01
200900063042;0;7;0;0;2;4;23;C01
200900063042;0;7;0;0;2;1;12;A01
200900063043;0;7;0;0;2;4;2;D01
200900063043;0;7;0;0;2;4;2;B01
200900063043;0;10;0;0;2;1;2;A01
200900063043;0;7;0;0;2;4;2;C01
200900063043;0;10;0;0;0;4;2;E01
200900063044;0;14;0;0;2;2;12;A01
200900063044;0;7;0;0;2;8;1;B01
200900063045;0;7;0;4;2;8;0;B01
200900063045;0;7;0;0;2;2;0;A01
200900063046;0;7;0;0;2;1;11;A01
200900063046;0;7;0;0;0;4;0;B01
200900063047;0;10;0;3;0;2;1;A01
200900063048;0;33;0;0;0;3;3;A01
200900063049;0;33;0;0;0;2;2;A01
200900063050;0;7;0;10;0;1;1;A01
200900063051;0;7;0;0;2;2;21;B01
200900063051;0;7;0;0;2;7;9;A01
200900063052;0;99;0;0;2;3;1;C01
200900063052;0;7;0;4;0;2;14;A01
200900063052;0;15;0;0;0;3;1;B01
200900063053;0;31;0;0;0;1;21;A01
200900063054;0;2;0;1;2;1;1;A01
200900063054;0;37;1;0;2;1;0;B01
200900063055;0;7;0;0;2;3;11;A01
200900063055;0;7;0;0;2;6;1;C01
200900063055;0;32;0;0;2;2;1;B01
200900063056;0;1;0;0;2;1;1;B01
200900063056;0;7;0;0;1;1;1;A01
200900063057;0;33;0;0;2;7;19;B01
200900063057;0;7;0;0;2;7;19;A01
200900063058;0;7;0;0;2;4;2;B01
200900063058;0;7;0;0;2;4;2;C01
200900063058;0;7;0;0;2;4;2;D01
200900063058;0;7;0;0;2;1;2;A01
200900063059;0;7;0;0;2;8;15;B01
200900063059;0;10;0;0;2;1;15;A01
200900063060;0;7;0;0;1;2;1;A01
200900063061;0;7;0;6;0;1;0;A01
200900063062;0;7;0;0;2;0;0;B01
200900063062;0;2;0;0;2;0;0;A01
200900063063;0;2;0;0;2;3;1;B01
200900063063;0;7;0;0;2;3;15;A01
200900063064;0;7;0;0;0;1;2;A01
200900063064;0;7;0;0;0;4;2;B01
200900063065;0;2;0;1;2;1;1;B01
200900063065;0;7;0;0;2;4;24;C01
200900063065;0;7;0;0;2;2;20;A01
200900063066;0;7;0;0;1;0;0;A01
200900063067;0;7;0;0;2;3;15;A01
200900063067;0;30;0;0;2;1;1;B01
200900063068;0;1;0;0;1;1;1;A01
200900063069;0;33;0;0;2;1;1;B01
200900063069;0;7;0;0;2;8;15;A01
200900063070;0;7;0;0;2;7;15;A01
200900063070;0;2;0;0;2;2;1;B01
200900063071;0;37;0;0;2;4;2;A01
200900063071;0;7;0;0;0;4;23;B01
200900063072;0;33;0;0;2;1;1;B01
200900063072;0;7;0;0;2;6;15;A01
200900063073;0;7;0;0;1;1;2;A01
200900063074;0;7;0;0;1;4;4;A01
200900063075;0;7;0;0;2;1;1;A01
200900063075;0;7;0;0;2;8;15;B01
200900063076;0;7;0;0;2;1;2;A01
200900063076;0;7;0;0;2;4;2;B01
200900063077;0;7;0;15;0;2;21;A01
200900063078;0;7;0;0;1;1;17;A01
200900063079;0;10;0;9;0;1;1;A01
200900063079;0;7;0;0;2;2;1;B01
200900063080;0;7;0;0;1;1;1;A01
200900063081;0;2;0;0;0;4;2;B01
200900063081;1;7;0;0;2;1;2;A01
200900063082;0;7;0;0;1;1;15;A01
200900063083;0;7;0;0;2;1;15;A01
200900063083;0;33;0;0;2;1;1;B01
200900063084;0;99;0;0;2;8;1;B01
200900063084;0;7;0;0;2;3;1;A01
200900063085;0;33;0;0;2;2;17;A01
200900063085;0;7;0;0;2;6;1;B01
200900063086;0;2;0;0;2;1;1;B01
200900063086;0;7;0;0;2;1;1;A01
200900063087;0;7;0;0;0;4;23;B01
200900063087;0;33;0;0;2;1;2;A01
200900063088;0;7;0;0;1;1;20;A01
200900063089;0;7;0;0;0;0;13;A01
200900063090;0;7;0;0;0;0;1;A01
200900063091;0;7;0;0;1;8;24;A01
200900063092;0;7;0;0;0;3;15;A01
200900063093;0;7;0;0;1;1;1;A01
200900063094;0;30;0;0;0;0;2;A01
200900063095;0;7;0;0;9;0;1;B02
200900063095;0;7;0;3;0;1;9;A01
200900063096;0;7;0;0;1;1;0;A01
200900063097;0;7;0;0;2;8;13;A01
200900063097;0;7;0;0;2;1;1;B02
200900063098;0;7;0;0;2;0;0;A01
200900063099;0;7;0;0;1;3;1;A01
200900063100;0;7;0;2;0;5;14;A01
200900063101;0;33;0;0;2;3;1;B02
200900063101;0;7;0;0;2;2;1;A01
200900063102;0;7;0;0;1;7;1;A01
200900063103;0;7;0;13;0;3;1;A01
200900063104;0;31;0;0;2;0;21;B02
200900063104;0;7;0;0;0;0;19;A01
200900063105;0;7;0;4;0;2;0;A01
200900063106;0;15;0;0;2;2;0;B01
200900063106;0;7;0;0;2;3;6;A01
200900063107;0;7;0;0;0;4;2;C01
200900063107;0;7;0;0;2;4;2;B01
200900063107;0;7;0;0;2;4;2;D01
200900063107;0;7;0;0;2;1;2;A01
200900063108;0;7;0;0;2;6;0;C01
200900063108;0;7;0;0;2;1;0;A01
200900063108;0;7;0;0;2;5;0;B01
200900063109;0;7;0;0;0;2;1;B01
200900063109;0;10;0;3;2;6;17;A01
200900063110;0;7;0;0;0;4;2;B01
200900063110;0;7;0;0;2;1;2;A01
200900063111;0;7;0;14;0;3;21;C01
200900063111;0;7;0;4;0;2;1;A01
200900063111;0;7;0;14;0;1;21;D01
200900063111;0;7;0;0;2;1;1;B01
200900063112;0;7;0;9;0;1;9;A01
200900063112;0;7;0;9;0;1;2;C01
200900063112;0;7;0;0;1;1;2;D01
200900063112;0;33;0;0;0;0;0;B01
200900063113;0;7;0;1;0;7;2;A01
200900063113;0;7;0;0;2;4;23;B01
200900063114;0;7;0;0;2;4;2;C01
200900063114;0;7;0;0;2;1;2;A01
200900063114;0;7;0;0;2;1;2;D01
200900063114;0;7;0;0;0;4;2;B01
200900063115;0;7;0;4;0;1;2;A01
200900063116;0;38;5;0;2;3;1;G01
200900063116;0;7;0;0;2;4;23;E01
200900063116;0;7;0;0;2;8;0;C02
200900063116;0;7;0;0;2;4;2;A02
200900063116;0;7;0;0;2;4;23;J03
200900063116;0;10;0;0;2;4;23;I01
200900063116;0;14;0;0;2;1;2;B02
200900063116;0;7;0;0;2;4;2;F02
200900063116;0;7;0;0;0;4;23;L02
200900063116;0;7;0;0;2;4;23;K03
200900063116;0;7;0;0;2;4;23;D01
200900063116;0;7;0;0;2;4;0;H01
200900063117;1;17;0;0;2;6;11;B01
200900063117;0;7;0;0;2;2;1;A01
200900063118;0;7;0;3;0;1;1;A01
200900063119;0;10;0;0;2;6;2;B01
200900063119;0;10;0;0;2;5;1;C01
200900063119;0;10;0;0;2;1;2;A01
200900063120;0;10;0;3;0;1;1;A01
200900063121;0;7;0;4;0;2;0;A01
200900063122;0;7;0;0;2;8;0;C01
200900063122;0;7;0;0;2;2;3;A01
200900063122;0;14;0;0;2;4;21;B01
200900063123;0;7;0;1;0;2;2;A01
200900063124;0;7;0;3;2;1;0;A01
200900063124;0;7;0;0;2;7;0;B01
200900063125;0;31;0;0;0;8;1;A01
200900063126;0;7;0;0;2;7;12;A01
200900063126;0;7;0;0;2;8;1;B01
200900063127;0;7;0;13;2;6;0;A01
200900063127;0;10;0;0;2;7;0;B01
200900063127;1;7;0;0;2;2;11;C01
200900063128;0;7;0;4;0;3;21;A01
200900063129;0;7;0;13;0;1;0;A01
200900063130;0;10;0;0;0;4;2;B01
200900063130;0;7;0;0;2;1;2;A01
200900063131;0;7;0;0;0;3;15;B01
200900063131;0;31;0;0;2;2;17;A01
200900063132;0;7;0;0;1;0;15;A01
200900063133;0;7;0;0;0;9;1;A01
200900063134;0;7;0;0;2;1;2;A01
200900063134;0;7;0;0;2;4;1;B01
200900063135;0;10;0;0;2;0;6;A01
200900063135;0;14;0;0;2;0;1;B01
200900063136;0;7;0;0;2;1;15;B01
200900063136;0;37;0;0;2;2;1;A01
200900063137;0;30;0;0;0;0;1;A01
200900063138;0;32;0;0;9;7;2;A01
200900063139;0;7;0;0;1;2;15;A01
200900063140;0;7;0;0;2;3;17;A01
200900063140;0;33;0;0;2;1;1;B01
200900063141;0;7;0;1;1;1;1;A01
200900063141;0;14;0;0;0;6;23;B01
200900063142;0;7;0;0;0;0;1;A01
200900063143;0;7;0;14;0;3;1;A01
200900063144;0;33;0;0;2;6;1;B01
200900063144;0;7;0;0;2;6;10;A01
200900063145;0;7;0;0;0;2;1;A01
200900063146;0;7;0;0;0;9;2;A01
200900063147;0;7;0;0;1;1;2;A01
200900063148;0;7;0;2;0;1;13;A01
200900063149;0;2;0;0;2;1;1;A01
200900063149;0;7;0;0;2;4;1;B01
200900063150;0;7;0;0;2;4;1;B01
200900063150;0;7;0;0;0;4;1;C01
200900063150;0;30;0;0;2;1;1;A01
200900063151;0;7;0;4;0;3;2;A01
200900063152;0;7;0;0;2;1;2;A01
200900063152;0;7;0;0;2;4;2;B01
200900063153;0;15;0;0;2;4;14;A01
200900063153;0;7;0;0;2;1;1;B01
200900063154;0;30;0;1;0;1;2;A01
200900063154;0;7;0;1;0;5;1;B01
200900063155;0;7;0;0;2;8;13;A01
200900063155;0;33;0;5;2;2;17;B01
200900063156;0;7;0;0;9;8;1;A01
200900063157;0;7;0;0;1;2;0;A01
200900063158;0;7;0;0;9;9;1;A01
200900063159;0;7;0;9;0;1;1;A01
200900063160;0;30;0;0;2;7;1;B01
200900063160;0;7;0;0;2;1;15;A01
200900063161;0;7;0;0;2;2;1;B01
200900063161;0;7;0;0;2;7;0;A01
200900063162;0;30;0;12;0;8;0;A01
200900063163;0;14;0;0;2;4;23;B01
200900063163;0;7;0;0;2;1;2;A01
200900063164;0;7;0;0;2;2;1;B01
200900063164;0;7;0;8;2;6;16;A01
200900063165;0;7;0;0;2;1;0;B01
200900063165;0;7;0;0;2;9;0;A01
200900063166;0;7;0;0;2;1;13;A01
200900063166;0;7;0;1;0;4;1;D01
200900063166;0;7;0;0;0;2;1;E01
200900063166;0;7;0;0;2;5;1;B01
200900063166;0;7;0;0;2;4;1;C01
200900063167;0;2;0;7;0;4;2;B01
200900063167;1;7;0;0;2;1;2;A01
200900063168;0;7;0;0;0;6;23;B01
200900063168;0;7;0;14;0;2;2;A01
200900063169;0;30;0;0;2;7;1;B01
200900063169;0;10;0;0;2;3;1;A01
200900063170;0;7;0;1;1;1;14;A01
200900063171;0;32;0;0;2;8;15;B01
200900063171;0;33;0;0;2;3;1;A01
200900063172;0;7;0;0;2;8;0;A01
200900063172;0;33;0;0;2;2;0;B01
200900063173;0;31;0;0;2;4;23;B01
200900063173;0;31;0;0;2;1;2;A01
200900063174;0;1;0;0;0;8;1;A01
200900063174;0;7;0;0;0;6;0;B01
200900063175;0;33;0;0;2;7;2;B01
200900063175;0;7;0;0;2;3;2;A01
200900063176;0;33;0;0;0;0;1;A01
200900063177;0;1;0;1;0;7;21;B01
200900063177;0;7;0;0;2;8;22;A01
200900063178;0;14;0;0;2;1;1;B01
200900063178;0;7;0;8;2;1;13;A01
200900063179;0;7;0;0;0;4;1;E01
200900063179;0;7;0;0;2;4;1;C01
200900063179;0;10;0;0;2;1;1;A01
200900063179;0;10;0;0;2;4;1;B01
200900063179;0;7;0;0;2;4;1;D01
200900063180;0;7;0;0;1;6;4;A01
200900063181;0;7;0;0;2;1;15;A01
200900063181;0;32;0;0;2;8;0;B01
200900063182;0;30;0;0;1;1;1;A01
200900063183;0;1;0;0;2;8;1;B01
200900063183;0;7;0;0;9;1;15;A01
200900063184;0;33;0;0;2;1;1;B01
200900063184;0;3;0;0;2;6;9;A01
200900063185;0;7;0;0;1;1;1;A01
200900063186;0;7;0;0;2;2;1;C01
200900063186;0;32;0;1;2;1;2;B01
200900063186;0;7;0;0;2;3;0;A01
200900063187;0;7;0;0;2;5;16;B01
200900063187;0;31;0;0;2;1;1;A01
200900063188;0;7;0;0;2;4;15;B01
200900063188;0;7;0;0;2;1;1;C01
200900063188;0;7;0;0;2;1;1;A01
200900063189;0;7;0;0;0;0;15;A01
200900063190;0;7;0;0;0;1;1;A01
200900063191;0;2;0;9;0;0;1;A01
200900063192;0;13;0;0;1;1;1;A01
200900063193;0;7;0;0;2;8;10;B01
200900063193;0;30;0;0;2;2;17;A01
200900063194;0;7;0;0;1;1;1;A01
200900063195;0;32;0;0;2;1;1;B01
200900063195;0;7;0;0;2;8;10;A01
200900063196;0;7;0;1;0;1;1;A01
200900063196;0;7;0;0;2;5;24;B01
200900063197;0;7;0;0;2;5;1;B01
200900063197;0;33;0;0;2;8;2;A01
200900063198;0;7;0;0;2;8;8;A01
200900063198;0;7;0;0;2;8;1;C01
200900063198;0;31;0;0;2;7;15;B01
200900063199;0;7;0;0;1;1;1;A01
200900063200;0;31;0;0;2;3;2;B01
200900063200;1;7;0;0;2;2;2;A01
200900063201;0;7;0;0;2;4;1;B01
200900063201;0;7;0;0;2;1;17;A01
200900063202;0;7;0;0;2;0;15;A01
200900063202;0;32;0;0;2;1;1;B01
200900063203;0;10;0;0;2;6;1;B01
200900063203;0;7;0;0;2;1;1;A01
200900063203;0;7;0;0;2;2;1;C01
200900063203;0;15;0;0;2;6;13;D01
200900063204;0;7;0;0;2;8;0;B01
200900063204;0;7;0;0;2;7;16;A01
200900063205;0;7;0;0;1;8;1;A01
200900063206;0;2;0;0;2;1;1;A01
200900063206;0;7;0;0;2;2;1;B01
200900063207;0;7;0;0;1;0;1;A01
200900063208;0;1;0;0;0;1;1;B01
200900063208;0;10;0;0;0;3;1;A01
200900063209;0;33;0;0;2;1;0;B01
200900063209;0;7;0;0;9;3;0;A01
200900063210;0;32;0;2;2;8;15;B01
200900063210;0;7;0;0;2;2;1;A01
200900063211;0;7;0;0;1;1;1;A01
200900063212;0;30;0;0;2;1;17;B01
200900063212;0;7;0;0;2;3;15;A01
200900063213;0;7;0;0;1;6;4;A01
200900063214;0;7;0;6;0;1;0;A01
200900063215;0;31;0;0;2;8;3;B01
200900063215;0;7;0;0;2;7;12;A01
200900063216;0;32;0;0;2;8;7;B01
200900063216;0;7;0;0;2;7;7;A01
200900063217;0;10;0;0;1;4;4;A01
200900063218;0;7;0;0;0;1;1;A01
200900063219;0;33;0;0;2;1;17;A01
200900063219;0;7;0;0;2;6;15;B01
200900063220;0;7;0;0;2;3;1;B01
200900063220;0;2;0;0;2;2;0;A01
200900063221;0;30;0;0;2;1;1;A01
200900063221;0;7;0;0;2;7;1;B01
200900063222;0;34;0;0;2;1;0;A01
200900063222;0;7;0;0;2;8;0;B01
200900063222;0;7;0;0;2;3;0;C01
200900063222;0;7;0;0;2;1;0;D01
200900063223;0;33;0;0;0;1;16;A01
200900063224;2;7;0;9;1;0;0;A01
200900063225;0;7;0;0;2;8;11;A01
200900063225;0;2;0;0;2;0;1;B01
200900063226;0;7;0;0;1;3;15;A01
200900063227;0;33;0;1;2;9;1;B01
200900063227;0;7;0;0;2;7;15;A01
200900063228;0;99;0;0;9;6;5;B01
200900063228;0;1;0;0;1;3;0;A01
200900063229;0;7;0;0;1;7;1;A01
200900063230;0;7;0;0;1;1;15;A01
200900063231;0;7;0;0;2;4;1;B01
200900063231;0;10;0;0;2;1;1;A01
200900063232;0;10;0;0;1;4;4;A01
200900063233;0;7;0;0;1;4;4;A01
200900063234;0;7;0;0;1;3;1;A01
200900063235;0;7;0;0;2;7;12;A01
200900063235;0;31;0;0;2;3;3;B01
200900063236;0;2;0;0;2;1;5;A01
200900063236;0;7;0;0;2;1;19;B01
200900063237;0;10;0;0;2;8;1;C01
200900063237;0;37;10;0;2;3;1;B01
200900063237;0;7;0;0;2;1;8;A01
200900063238;0;32;0;0;2;1;1;A01
200900063238;0;37;10;0;2;3;1;B01
200900063239;0;7;0;0;9;1;0;B01
200900063239;0;7;0;0;2;7;0;A01
200900063240;0;7;0;0;2;1;1;B01
200900063240;0;2;0;0;2;7;1;A01
200900063241;0;34;0;0;2;1;0;B01
200900063241;0;7;0;0;0;8;0;A01
200900063242;0;7;0;0;1;2;1;A01
200900063243;0;30;0;0;2;1;1;A01
200900063243;0;7;0;0;2;2;1;B01
200900063244;0;33;0;4;0;3;6;A01
200900063245;0;7;0;4;0;5;1;A01
200900063245;0;33;0;0;2;3;13;B01
200900063246;0;7;0;4;0;1;0;A01
200900063247;0;7;0;0;2;3;10;A01
200900063247;0;34;0;0;2;1;17;B01
200900063248;0;33;0;0;2;6;15;B01
200900063248;2;7;0;0;2;3;1;A01
200900063249;0;37;1;0;1;1;1;A01
200900063250;0;7;0;0;2;5;1;B01
200900063250;0;34;0;0;2;1;1;A01
200900063251;0;30;0;0;2;8;1;A01
200900063251;0;7;0;0;2;3;15;B01
200900063252;0;32;0;0;1;1;0;A01
200900063253;1;7;0;0;1;0;15;A01
200900063254;0;7;0;0;1;3;1;A01
200900063255;0;7;0;0;1;1;1;A01
200900063256;0;7;0;0;2;3;1;C01
200900063256;0;31;0;0;2;5;23;B01
200900063256;0;7;0;0;2;3;2;A01
200900063257;0;7;0;0;2;7;15;A01
200900063257;0;1;0;0;2;1;1;B01
200900063258;1;30;0;0;1;0;0;A01
200900063259;0;7;0;0;1;6;4;A01
200900063260;0;31;0;0;1;1;1;A01
200900063261;0;7;0;0;0;4;1;A01
200900063261;0;7;0;0;2;1;9;B01
200900063262;0;37;32;0;2;2;1;B01
200900063262;0;7;0;0;2;3;20;A01
200900063263;0;34;0;0;2;0;0;B01
200900063263;0;7;0;0;2;2;0;A01
200900063264;0;7;0;0;0;7;0;B01
200900063264;0;34;0;1;0;0;0;A01
200900063265;0;10;0;0;2;4;23;B01
200900063265;0;1;0;0;0;1;0;A01
200900063266;0;7;0;0;1;7;1;A01
200900063267;0;2;0;0;2;7;1;B01
200900063267;1;10;0;0;2;0;13;A01
200900063268;0;30;0;0;2;2;2;A01
200900063268;0;7;0;0;9;7;23;B01
200900063269;0;33;0;1;2;4;0;A01
200900063269;0;30;0;0;2;4;0;B01
200900063269;0;30;0;0;0;0;0;C01
200900063270;0;10;0;0;1;1;13;A01
200900063271;0;34;0;0;1;1;21;A01
200900063272;0;33;0;0;2;1;1;A01
200900063272;0;1;0;0;2;0;19;B01
200900063273;0;2;0;0;2;1;0;A01
200900063273;0;7;0;0;0;2;0;B01
200900063274;0;33;0;0;0;8;1;A01
200900063275;0;31;0;4;0;1;0;A01
200900063276;0;31;0;0;0;0;3;A01
200900063276;0;10;0;0;0;0;12;B01
200900063277;0;7;0;0;2;4;2;C01
200900063277;0;10;0;0;2;4;2;B01
200900063277;0;10;0;0;2;1;2;A01
200900063278;0;33;0;0;0;8;21;A01
200900063278;0;7;0;0;0;0;9;B01
200900063279;0;10;0;0;2;4;1;B01
200900063279;0;7;0;0;2;1;1;A01
200900063280;0;7;0;0;2;6;13;B01
200900063280;0;31;0;0;2;1;3;A01
200900063281;0;33;0;0;2;7;3;A01
200900063281;0;33;0;0;2;8;14;B01
200900063282;0;33;0;0;2;3;3;A01
200900063282;0;10;0;0;2;7;12;B01
200900063283;0;7;0;3;0;1;1;A01
200900063284;0;31;0;11;0;2;14;A01
200900063285;0;7;0;6;2;6;9;A01
200900063285;0;15;0;0;2;2;1;B01
200900063286;0;7;0;6;0;2;0;A01
200900063287;0;7;0;0;2;1;2;C01
200900063287;0;7;0;0;2;5;2;A01
200900063287;0;7;0;0;2;4;2;B01
200900063288;0;33;0;0;0;0;21;A01
200900063288;0;7;0;0;0;0;12;B01
200900063289;0;7;0;0;0;4;2;B01
200900063289;0;7;0;0;2;1;2;A01
200900063290;0;7;0;0;2;1;2;A01
200900063290;0;7;0;0;2;1;2;C01
200900063290;0;7;0;0;2;4;2;B01
200900063291;0;7;0;0;2;5;23;B01
200900063291;0;33;0;0;2;1;3;A01
200900063292;0;33;0;4;2;8;1;A01
200900063292;0;7;0;0;2;2;1;B01
200900063293;0;7;0;4;0;1;19;A01
200900063294;0;10;0;0;2;8;11;A01
200900063294;0;31;0;0;2;7;1;B01
200900063295;0;7;0;0;0;3;11;B01
200900063295;0;33;0;0;2;7;3;A01
200900063296;0;7;0;0;2;1;2;A01
200900063296;0;7;0;0;0;4;2;B01
200900063297;0;10;0;0;2;1;2;A01
200900063297;0;7;0;0;0;4;2;B01
200900063298;0;7;0;0;2;4;2;B01
200900063298;0;10;0;0;2;1;2;A01
200900063298;0;7;0;0;0;4;2;C01
200900063299;0;7;0;0;2;4;2;B01
200900063299;0;7;0;0;2;1;2;A01
200900063300;0;7;0;0;2;4;2;B01
200900063300;0;10;0;0;2;1;2;A01
200900063300;0;7;0;0;2;4;2;C01
200900063301;0;7;0;4;0;8;15;A01
200900063302;0;7;0;0;2;7;12;B01
200900063302;0;32;0;0;2;8;3;A01
200900063303;0;7;0;0;0;4;2;B01
200900063303;0;7;0;0;2;2;2;A01
200900063304;0;7;0;6;0;2;1;A01
200900063305;0;7;0;0;2;7;2;B01
200900063305;0;34;0;0;2;3;2;A01
200900063306;0;30;0;0;2;1;17;A01
200900063306;0;7;0;0;2;8;15;B01
200900063307;0;33;0;0;2;1;1;B01
200900063307;0;7;0;0;2;3;15;A01
200900063308;0;15;0;0;2;3;13;A01
200900063308;0;33;0;0;2;8;16;B01
200900063309;0;7;0;0;1;7;21;A01
200900063310;0;7;0;0;2;7;1;C01
200900063310;0;33;0;0;2;5;1;D01
200900063310;0;32;0;0;2;7;1;B01
200900063310;0;15;0;0;2;8;13;A01
200900063311;0;33;0;0;2;1;1;B01
200900063311;0;7;0;0;2;3;11;A01
200900063312;0;33;0;0;2;1;9;A01
200900063312;0;7;0;0;0;4;1;B01
200900063312;0;10;0;0;2;1;1;C01
200900063313;0;7;0;0;2;7;22;A01
200900063313;0;30;0;0;2;1;18;B01
200900063314;0;7;0;0;2;1;12;B01
200900063314;0;31;0;0;2;3;18;A01
200900063315;0;1;0;0;2;4;2;B01
200900063315;0;7;0;0;2;2;2;A01
200900063316;0;37;1;0;1;2;1;A01
200900063317;0;37;3;0;2;3;2;A01
200900063317;0;7;0;0;2;2;9;B01
200900063318;0;7;0;0;1;7;0;A01
200900063319;0;32;0;0;2;0;1;A01
200900063319;0;7;0;0;0;0;9;B01
200900063320;0;31;0;8;0;1;1;A01
200900063321;0;7;0;15;0;1;11;A01
200900063322;1;30;0;0;1;0;5;A01
200900063323;0;7;0;0;2;3;10;A01
200900063323;0;31;0;0;2;2;17;B01
200900063324;0;30;0;0;2;7;15;A01
200900063324;0;7;0;0;2;1;1;C01