num_acc;senc;catv;occutc;obs;obsm;choc;manv;num_veh
200900063324;0;7;0;0;2;3;1;B01
200900063325;0;13;0;0;2;3;15;A01
200900063325;0;2;0;0;2;1;2;B01
200900063326;0;7;0;0;1;1;15;A01
200900063327;0;7;0;0;1;2;1;A01
200900063328;0;7;0;0;2;2;1;A01
200900063328;0;7;0;0;2;8;1;B01
200900063329;0;7;0;0;1;1;1;A01
200900063330;0;7;0;0;1;3;1;A01
200900063331;1;13;0;0;0;0;1;A01
200900063331;0;7;0;6;0;2;14;B01
200900063332;0;7;0;0;2;5;23;B01
200900063332;0;7;0;3;2;9;21;A01
200900063333;0;7;0;15;0;1;1;A01
200900063334;0;33;0;0;1;1;1;A01
200900063335;0;7;0;0;1;1;1;A01
200900063336;0;7;0;0;2;6;15;A01
200900063336;0;2;0;0;2;1;1;B01
200900063337;0;33;0;0;2;8;1;C01
200900063337;0;7;0;0;0;0;15;B01
200900063337;0;10;0;0;2;7;21;A01
200900063338;0;30;0;0;2;7;1;B01
200900063338;0;7;0;0;2;1;1;A01
200900063339;0;7;0;0;1;1;0;A01
200900063340;0;2;0;14;2;1;1;A01
200900063340;0;7;0;0;2;1;23;B01
200900063341;0;7;0;0;0;4;2;A01
200900063341;2;7;0;0;2;1;2;B01
200900063342;0;7;0;0;1;1;1;A01
200900063343;0;15;0;0;2;8;11;A01
200900063343;0;31;0;0;2;7;2;B01
200900063344;0;7;0;5;2;1;1;A01
200900063344;0;7;0;0;2;2;1;B01
200900063345;0;7;0;0;2;3;9;A01
200900063345;0;33;0;0;2;2;1;B01
200900063346;1;7;0;0;2;2;1;B01
200900063346;0;30;0;0;2;1;5;A01
200900063347;0;7;0;0;1;1;1;A01
200900063348;0;7;0;0;1;4;4;A01
200900063349;0;30;0;0;2;1;5;A01
200900063349;0;7;0;0;2;1;15;B01
200900063350;0;10;0;0;2;4;2;C01
200900063350;0;7;0;0;2;1;2;A01
200900063350;0;7;0;0;2;4;2;B01
200900063351;2;10;0;0;1;1;1;A01
200900063352;0;7;0;0;2;5;2;B01
200900063352;0;30;0;0;2;2;3;A01
200900063353;0;33;0;0;0;4;21;A01
200900063353;0;7;0;0;0;0;0;B01
200900063354;0;7;0;0;2;1;2;A01
200900063354;0;30;0;0;2;4;2;B01
200900063355;0;7;0;0;2;2;2;A01
200900063355;0;30;0;0;2;4;1;B01
200900063356;0;7;0;0;2;2;16;B01
200900063356;0;7;0;0;2;3;1;A01
200900063357;0;7;0;0;0;1;1;B01
200900063357;0;7;0;0;0;8;15;A01
200900063358;0;7;0;0;2;2;17;B01
200900063358;0;7;0;0;2;3;10;A01
200900063359;0;33;0;0;1;1;1;A01
200900063360;0;2;0;0;2;1;1;A01
200900063360;0;7;0;0;2;1;1;B01
200900063361;0;30;0;0;0;8;1;A01
200900063362;0;34;0;0;2;3;0;A01
200900063362;0;10;0;0;2;7;16;B01
200900063363;0;34;0;0;2;7;2;B01
200900063363;0;10;0;0;9;2;2;A01
200900063364;0;7;0;0;2;1;1;B01
200900063364;0;7;0;0;2;3;15;A01
200900063365;0;7;0;0;1;1;1;A01
200900063366;0;7;0;0;2;1;1;B01
200900063366;0;7;0;0;2;8;15;A01
200900063367;0;7;0;0;1;3;0;A01
200900063368;0;7;0;0;0;2;2;A01
200900063368;0;33;0;0;2;1;2;B01
200900063369;0;7;0;0;2;1;2;A01
200900063369;0;10;0;0;2;5;2;B01
200900063370;0;33;0;0;1;0;2;A01
200900063371;0;7;0;0;2;2;1;A01
200900063371;0;7;0;0;2;3;15;B01
200900063372;0;33;0;0;9;1;1;A01
200900063372;0;7;0;0;9;1;1;B01
200900063373;0;7;0;0;2;7;16;A01
200900063373;0;34;0;0;2;1;18;B01
200900063374;0;7;0;0;1;1;1;A01
200900063375;0;7;0;0;2;4;23;B01
200900063375;0;10;0;0;2;1;1;A01
200900063376;0;7;0;0;0;3;16;A01
200900063376;0;32;0;0;2;1;1;B01
200900063377;0;7;0;7;0;1;16;A01
200900063378;0;7;0;0;2;2;15;A01
200900063378;0;30;0;0;2;1;1;B01
200900063379;0;7;0;0;2;2;1;B01
200900063379;0;7;0;0;2;9;2;A01
200900063380;0;2;0;0;2;1;17;A01
200900063380;0;7;0;0;2;8;15;B01
200900063381;0;10;0;0;1;1;1;A01
200900063382;0;33;0;0;2;8;1;C01
200900063382;0;7;0;0;2;9;1;B01
200900063382;0;7;0;0;2;1;11;A01
200900063383;0;7;0;0;2;4;1;B01
200900063383;0;2;0;0;2;1;1;A01
200900063384;0;7;0;0;2;8;2;C01
200900063384;0;2;0;0;2;4;1;A01
200900063384;0;10;0;0;2;5;2;B01
200900063385;0;7;0;0;2;1;2;C01
200900063385;0;7;0;0;2;4;2;B01
200900063385;0;33;0;0;2;9;2;A01
200900063386;0;7;0;0;2;3;15;B01
200900063386;0;2;0;0;2;1;17;A01
200900063387;0;7;0;0;2;4;2;B01
200900063387;0;7;0;0;2;1;1;A01
200900063388;0;31;0;0;0;0;1;A01
200900063388;0;7;0;0;0;0;1;B01
200900063389;0;33;0;0;2;5;11;B01
200900063389;0;30;0;0;2;1;2;A01
200900063390;0;7;0;0;1;2;1;A01
200900063391;0;7;0;0;2;7;1;A01
200900063391;0;10;0;0;2;1;1;B01
200900063392;0;7;0;0;2;1;9;B01
200900063392;0;32;0;0;2;9;1;A01
200900063393;0;10;0;0;2;1;0;A01
200900063393;0;30;0;0;2;4;23;B01
200900063394;0;30;0;0;2;1;1;A01
200900063394;0;10;0;0;2;9;1;C01
200900063394;0;7;0;0;2;4;1;D01
200900063394;0;7;0;0;2;1;1;B01
200900063395;0;31;0;0;2;1;1;A01
200900063395;0;7;0;0;2;8;1;B01
200900063396;0;32;0;0;2;1;1;B01
200900063396;0;7;0;0;2;3;15;A01
200900063397;0;17;0;0;2;1;1;A01
200900063397;0;7;0;0;2;4;1;B01
200900063398;0;34;0;11;2;1;1;B01
200900063398;0;7;0;0;2;1;15;A01
200900063399;0;7;0;0;2;3;15;A01
200900063399;0;31;0;0;2;1;1;B01
200900063400;0;2;0;0;2;1;0;A01
200900063400;0;30;0;0;2;4;0;B01
200900063401;0;7;0;0;2;1;1;A01
200900063401;0;34;0;0;2;8;19;B01
200900063402;0;7;0;0;2;1;2;A01
200900063402;0;7;0;0;2;4;2;B01
200900063402;0;7;0;0;2;4;2;C01
200900063403;0;30;0;0;2;1;17;B01
200900063403;0;7;0;0;2;1;9;A01
200900063404;0;7;0;0;2;1;1;A01
200900063404;0;7;0;0;2;4;1;B01
200900063405;0;1;0;0;2;1;1;B01
200900063405;0;7;0;0;2;8;22;A01
200900063406;0;7;0;0;2;1;1;A01
200900063406;0;7;0;0;2;4;1;B01
200900063407;0;7;0;0;2;8;1;A01
200900063407;0;33;0;0;2;7;1;B01
200900063408;0;7;0;0;1;1;1;A01
200900063409;0;7;0;0;1;1;1;A01
200900063410;0;2;0;0;2;1;1;B01
200900063410;0;7;0;0;2;1;15;A01
200900063411;0;7;0;0;1;2;1;A01
200900063412;0;32;0;0;1;1;1;A01
200900063413;0;7;0;0;2;2;15;A01
200900063413;0;30;0;0;2;1;1;B01
200900063414;0;33;0;0;2;4;1;B01
200900063414;1;7;0;0;2;1;1;A01
200900063415;0;17;0;0;2;2;1;B01
200900063415;0;7;0;0;2;8;20;A01
200900063416;0;10;0;0;2;1;15;A01
200900063416;0;2;0;0;0;1;1;B01
200900063417;0;30;0;0;2;8;15;B01
200900063417;0;7;0;0;2;2;1;A01
200900063418;0;33;0;0;0;7;1;A01
200900063419;0;32;0;0;0;0;21;B01
200900063419;0;7;0;0;0;0;1;A01
200900063420;2;10;0;0;2;1;12;B01
200900063420;0;7;0;0;0;6;1;A01
200900063421;0;34;0;0;0;7;0;A01
200900063422;0;7;0;0;9;8;15;A01
200900063422;0;33;0;0;2;7;1;B01
200900063423;0;10;0;6;0;8;2;A01
200900063424;0;34;0;0;2;1;1;B01
200900063424;0;7;0;0;2;3;15;A01
200900063425;0;7;0;0;9;5;0;A01
200900063426;0;7;0;0;1;1;1;A01
200900063427;0;13;0;0;2;1;2;A01
200900063427;0;13;0;0;0;4;1;B01
200900063428;1;7;0;0;1;1;0;A01
200900063429;0;7;0;0;2;2;0;B01
200900063429;0;37;10;0;2;3;0;A01
200900063430;0;10;0;0;2;1;1;A01
200900063430;0;7;0;0;2;1;1;B01
200900063431;0;7;0;0;1;3;0;A01
200900063432;0;2;0;0;2;0;0;B01
200900063432;0;7;0;0;2;4;4;A01
200900063433;0;2;0;0;2;7;0;B01
200900063433;1;7;0;0;0;0;0;A01
200900063434;0;7;0;0;2;3;15;A01
200900063434;0;30;0;0;2;1;0;B01
200900063435;0;33;0;0;1;7;0;A01
200900063436;0;7;0;11;2;7;1;B01
200900063436;0;7;0;0;2;3;0;A01
200900063437;0;30;0;0;2;1;1;A01
200900063437;0;17;0;0;2;4;23;B01
200900063438;0;7;0;0;0;0;15;A01
200900063438;0;33;0;0;0;0;1;B01
200900063439;0;7;0;0;0;5;16;B01
200900063439;0;31;0;0;0;2;0;A01
200900063440;0;7;0;0;1;3;1;A01
200900063441;0;7;0;0;2;3;10;A01
200900063441;0;31;0;0;2;1;1;B01
200900063441;0;7;0;0;2;1;1;C01
200900063442;0;32;0;0;2;7;3;A01
200900063442;0;7;0;0;2;6;23;B01
200900063443;0;33;0;0;2;1;1;B01
200900063443;0;7;0;0;2;2;19;A01
200900063444;0;33;0;0;2;1;15;A01
200900063444;0;32;0;0;2;1;1;B01
200900063445;0;7;0;1;2;1;15;A01
200900063445;0;30;0;0;2;7;7;B01
200900063446;0;32;0;11;0;1;1;A01
200900063447;0;7;0;0;2;8;15;B01
200900063447;0;31;0;0;2;1;17;A01
200900063448;0;7;0;0;2;1;1;B01
200900063448;0;30;0;0;2;1;17;A01
200900063449;0;7;0;0;0;2;4;A01
200900063449;0;1;0;0;0;0;1;B01
200900063450;0;7;0;0;2;1;16;B01
200900063450;0;7;0;0;2;1;15;A01
200900063451;0;7;0;1;2;7;1;B01
200900063451;0;7;0;0;2;1;1;A01
200900063452;0;7;0;6;9;1;1;A01
200900063453;0;7;0;0;2;3;15;B01
200900063453;0;7;0;0;2;2;1;A01
200900063454;0;7;0;0;0;6;1;B01
200900063454;0;32;0;0;2;1;2;A01
200900063455;0;32;0;0;0;0;1;A01
200900063456;0;7;0;0;2;1;1;A01
200900063456;0;1;0;0;2;4;1;B01
200900063457;0;7;0;0;1;7;1;A01
200900063458;0;10;0;0;0;7;15;A01
200900063458;0;32;0;0;0;1;1;B01
200900063459;0;7;0;0;1;2;1;A01
200900063460;1;31;0;0;0;1;1;A01
200900063461;0;7;0;1;0;1;1;A01
200900063462;0;2;0;1;0;0;18;A01
200900063462;0;7;0;0;0;7;23;B01
200900063463;0;7;0;0;2;3;15;A01
200900063463;0;33;0;0;2;0;1;B01
200900063464;0;2;0;0;1;1;1;A01
200900063465;0;7;0;12;2;5;1;B01
200900063465;0;7;0;6;2;1;9;A01
200900063466;0;7;0;0;1;1;1;A01
200900063467;0;1;0;0;2;0;17;A01
200900063467;0;37;1;0;2;0;9;B01
200900063468;0;7;0;0;1;2;1;A01
200900063469;0;10;0;0;2;8;9;A01
200900063469;0;2;0;0;2;1;1;B01
200900063470;0;32;0;0;1;7;1;A01
200900063471;0;99;0;1;0;1;1;A01
200900063472;0;7;0;0;0;4;23;B01
200900063472;0;7;0;0;0;1;1;A01
200900063473;0;37;30;0;0;1;1;A01
200900063474;0;2;0;0;2;1;1;A01
200900063474;0;7;0;0;2;8;1;B01
200900063475;0;10;0;0;2;8;9;A01
200900063475;0;34;0;0;2;1;1;B01
200900063476;0;7;0;3;0;3;1;A01
200900063477;0;7;0;3;0;1;2;A01
200900063478;0;7;0;0;0;0;0;A01
200900063479;0;7;0;0;2;8;2;B01
200900063479;0;15;0;0;2;2;14;A01
200900063480;0;7;0;0;0;4;1;B01
200900063480;0;7;0;0;0;1;2;A01
200900063481;0;7;0;0;2;1;1;A01
200900063481;0;15;0;0;2;1;1;B01
200900063482;0;7;0;0;1;1;1;A01
200900063483;0;1;0;0;2;1;1;B01
200900063483;0;7;0;0;2;6;15;A01
200900063484;0;10;0;0;2;1;0;A01
200900063484;0;10;0;0;2;4;23;B01
200900063485;0;33;0;0;2;8;16;B01
200900063485;0;7;0;0;2;2;16;A01
200900063486;0;31;0;0;1;1;1;A01
200900063487;0;32;0;0;2;1;17;B01
200900063487;0;7;0;0;2;1;10;A01
200900063488;0;10;0;3;0;1;0;A01
200900063488;0;7;0;0;2;4;1;B01
200900063488;0;7;0;0;2;1;2;C01
200900063488;0;7;0;0;2;1;0;D01
200900063489;0;7;0;4;0;4;16;A01
200900063490;0;7;0;0;2;1;0;A01
200900063490;1;7;0;0;0;0;0;B01
200900063491;0;7;0;15;0;8;14;A01
200900063492;0;33;0;0;2;1;11;A01
200900063492;0;10;0;0;2;6;2;B01
200900063493;0;33;0;4;0;3;13;A01
200900063494;0;7;0;0;2;5;2;B01
200900063494;0;7;0;0;2;4;23;C01
200900063494;0;7;0;0;2;1;2;A01
200900063495;0;7;0;0;2;1;2;A01
200900063495;0;7;0;0;0;4;2;C01
200900063495;0;7;0;0;2;1;2;B01
200900063495;0;32;0;0;0;0;0;D01
200900063496;0;7;0;0;2;1;2;A01
200900063496;0;7;0;0;2;4;2;C01
200900063496;0;34;0;0;2;4;2;B01
200900063497;0;7;0;0;2;6;11;B01
200900063497;0;33;0;0;2;1;3;A01
200900063498;0;7;0;0;2;4;2;B01
200900063498;0;7;0;0;0;4;2;C01
200900063498;0;7;0;0;2;1;2;A01
200900063498;0;7;0;0;2;4;2;D01
200900063499;0;10;0;4;0;3;0;A01
200900063500;0;7;0;0;2;1;2;B01
200900063500;0;7;0;0;2;4;2;A01
200900063501;0;33;0;0;2;3;1;B01
200900063501;0;7;0;0;2;5;12;A01
200900063502;0;7;0;4;0;3;0;A01
200900063503;0;7;0;0;2;5;2;B01
200900063503;0;33;0;0;2;3;2;A01
200900063504;0;17;0;0;0;8;1;A01
200900063505;0;31;0;0;2;8;0;A01
200900063505;0;7;0;0;0;5;1;B01
200900063506;0;33;0;0;0;8;0;C01
200900063506;0;7;0;0;2;5;0;B01
200900063506;0;7;0;0;2;3;0;A01
200900063507;0;7;0;0;2;4;2;A01
200900063507;0;7;0;0;2;1;2;B01
200900063507;0;7;0;0;2;1;2;E01
200900063507;0;7;0;0;2;1;2;C01
200900063507;0;7;0;0;2;4;2;D01
200900063508;0;31;0;0;2;1;1;A01
200900063509;0;7;0;0;2;1;2;A01
200900063509;0;7;0;0;2;4;2;B01
200900063510;0;7;0;0;2;4;2;B01
200900063510;0;7;0;0;0;6;2;A01
200900063510;0;7;0;0;2;1;2;C01
200900063510;0;7;0;0;2;1;2;D01
200900063511;0;32;0;0;2;3;1;A01
200900063511;0;7;0;0;2;7;12;B01
200900063512;0;10;0;0;2;2;12;B01
200900063512;0;32;0;0;2;3;1;A01
200900063513;0;7;0;0;2;5;1;B01
200900063513;0;34;0;0;2;3;11;A01
200900063514;0;32;0;0;0;0;0;A01
200900063515;0;7;0;0;2;4;1;B01
200900063515;0;7;0;0;2;1;1;A01
200900063516;1;7;0;0;2;6;11;A01
200900063516;0;33;0;0;2;2;0;B01
200900063517;0;33;0;0;0;8;13;A01
200900063518;0;15;0;1;0;2;14;A01
200900063519;0;7;0;0;1;3;1;A01
200900063520;0;10;0;0;2;3;15;A01
200900063520;0;32;0;0;2;7;1;B01
200900063521;0;7;0;0;2;4;2;A01
200900063521;0;7;0;0;2;1;2;B01
200900063522;0;2;0;0;2;1;17;A01
200900063522;0;7;0;0;2;6;15;B01
200900063523;1;30;0;0;1;0;0;A01
200900063524;0;34;0;14;0;0;0;A01
200900063524;0;7;0;0;2;0;21;B01
200900063525;0;10;0;0;1;7;1;A01
200900063526;0;7;0;0;2;3;15;B01
200900063526;0;30;0;0;2;1;1;A01
200900063527;0;7;0;0;2;1;1;B01
200900063527;0;7;0;8;2;5;10;A01
200900063528;0;32;0;0;2;8;1;B01
200900063528;1;7;0;0;2;7;11;A01
200900063529;0;7;0;0;1;1;1;A01
200900063530;0;7;0;6;0;9;11;A01
200900063531;0;7;0;0;0;1;1;B01
200900063531;0;7;0;0;0;7;0;A01
200900063532;0;10;0;0;2;2;15;A01
200900063532;0;32;0;0;2;1;1;B01
200900063533;0;32;0;0;2;7;1;A01
200900063533;0;7;0;0;2;8;15;B01
200900063534;0;1;0;1;0;1;1;A01
200900063535;0;7;0;0;2;1;1;A01
200900063535;0;7;0;0;2;8;15;B01
200900063536;0;2;0;0;2;1;1;A01
200900063536;0;7;0;0;2;1;15;B01
200900063537;1;7;0;0;1;3;15;A01
200900063538;0;7;0;0;2;1;2;A01
200900063538;0;7;0;0;2;4;2;B01
200900063538;0;7;0;0;2;4;2;C01
200900063539;0;32;0;0;2;1;17;B01
200900063539;0;10;0;0;2;1;15;A01
200900063540;0;7;0;0;1;3;15;A01
200900063541;0;7;0;0;1;4;4;A01
200900063542;0;30;0;0;2;1;2;B01
200900063542;0;7;0;0;2;4;23;A01
200900063543;0;7;0;0;2;1;15;A01
200900063543;0;33;0;0;2;1;1;B01
200900063544;1;7;0;0;2;1;1;A01
200900063544;0;33;0;0;2;4;1;B01
200900063545;0;7;0;0;2;1;1;B01
200900063545;0;7;0;0;2;3;9;A01
200900063546;1;32;0;0;1;0;1;A01
200900063547;0;33;0;0;2;1;1;A01
200900063547;0;7;0;0;2;3;1;B01
200900063548;0;7;0;0;0;0;1;A01
200900063549;0;7;0;1;0;1;2;A01
200900063550;0;7;0;0;1;2;1;A01
200900063551;0;33;0;0;2;0;1;B01
200900063551;0;7;0;0;2;3;15;A01
200900063552;0;7;0;0;1;2;1;A01
200900063553;0;7;0;0;2;3;1;B01
200900063553;0;30;0;0;2;7;15;A01
200900063554;0;30;0;0;2;7;1;A01
200900063554;0;7;0;0;2;3;15;B01
200900063555;0;7;0;0;1;5;4;A01
200900063556;0;31;0;0;0;8;0;A01
200900063557;1;7;0;0;1;0;0;A01
200900063558;0;7;0;0;2;1;1;A01
200900063558;0;10;0;0;2;3;15;B01
200900063559;0;7;0;0;2;1;5;A01
200900063559;0;7;0;0;2;1;1;B01
200900063560;0;32;0;0;1;3;1;A01
200900063561;0;31;0;0;1;8;1;A01
200900063562;0;7;0;0;9;5;16;A01
200900063562;0;37;1;0;2;3;0;B01
200900063563;0;32;0;0;2;0;0;B01
200900063563;0;7;0;0;2;3;0;A01
200900063564;1;7;0;0;1;2;15;A01
200900063565;0;33;0;0;2;8;15;B01
200900063565;0;7;0;0;2;7;16;A01
200900063566;0;30;0;0;2;1;2;A01
200900063566;0;7;0;0;2;4;23;B01
200900063567;0;1;0;0;2;1;1;B01
200900063567;0;7;0;0;2;1;22;A01
200900063568;0;7;0;0;2;7;1;A01
200900063568;0;7;0;0;2;1;1;B01
200900063569;0;30;0;0;2;3;3;A01
200900063569;0;7;0;0;2;2;1;B01
200900063570;0;7;0;0;1;1;1;A01
200900063571;0;7;0;15;0;1;1;A01
200900063572;0;7;0;0;1;1;15;A01
200900063573;0;7;0;0;1;7;1;A01
200900063574;0;1;0;0;2;1;1;B01
200900063574;0;7;0;0;2;2;1;A01
200900063575;0;7;0;0;2;1;2;A01
200900063575;0;7;0;0;2;4;2;B01
200900063576;1;7;0;0;1;4;4;A01
200900063577;0;7;0;0;0;1;1;A01
200900063578;0;7;0;0;2;1;1;A01
200900063578;0;7;0;0;2;7;1;B01
200900063579;0;7;0;0;2;2;1;A01
200900063580;0;34;0;0;2;8;1;A01
200900063580;0;7;0;0;2;1;1;B01
200900063581;0;7;0;0;2;8;0;B01
200900063581;0;30;0;0;2;1;1;A01
200900063582;0;7;0;0;9;1;16;A01
200900063582;0;1;0;0;2;8;1;B01
200900063583;0;10;0;0;2;2;1;A01
200900063583;0;1;0;0;2;0;1;B01
200900063584;0;13;0;0;1;5;1;A01
200900063585;0;3;0;0;2;1;1;A01
200900063585;0;7;0;0;2;1;0;B01
200900063586;0;2;0;0;1;1;20;A01
200900063587;0;7;0;0;1;1;15;A01
200900063588;0;7;0;8;0;1;21;A01
200900063588;0;7;0;0;0;0;15;B01
200900063589;0;10;0;0;2;8;20;A01
200900063589;0;32;0;0;2;2;17;B01
200900063590;0;32;0;0;0;1;0;A01
200900063590;0;7;0;0;0;4;0;B01
200900063591;0;7;0;0;1;8;1;A01
200900063592;0;7;0;0;1;3;1;A01
200900063593;0;10;0;0;1;1;15;A01
200900063594;0;7;0;0;0;4;2;B01
200900063594;0;10;0;0;2;1;2;A01
200900063595;0;7;0;1;0;2;0;A01
200900063596;0;7;0;0;2;8;23;B01
200900063596;0;7;0;4;2;1;1;A01
200900063597;0;10;0;0;2;3;0;A01
200900063597;0;33;0;0;2;1;0;B01
200900063598;0;7;0;0;2;4;1;B01
200900063598;0;10;0;0;2;1;1;A01
200900063598;0;7;0;0;2;3;15;C01
200900063599;0;7;0;0;1;3;0;A01
200900063600;0;2;0;0;2;7;15;A01
200900063600;0;7;0;0;2;1;1;B01
200900063601;0;30;0;0;0;0;1;A01
200900063602;0;7;0;0;2;1;16;B01
200900063602;0;31;0;0;2;1;13;A01
200900063603;0;31;0;0;9;9;21;B01
200900063603;0;7;0;0;0;0;0;A01
200900063604;0;31;0;0;1;1;17;A01
200900063605;0;7;0;0;2;1;15;A01
200900063605;0;3;0;0;2;3;1;B01
200900063606;0;30;0;0;2;8;15;A01
200900063606;0;33;0;0;2;1;17;B01
200900063607;0;7;0;0;2;3;14;A01
200900063607;0;30;0;0;2;2;1;B01
200900063608;0;7;0;0;1;3;1;A01
200900063609;0;7;0;0;1;1;1;A01
200900063610;0;7;0;0;1;1;1;A01
200900063611;0;7;0;0;1;1;1;A01
200900063612;0;31;0;0;2;1;1;B01
200900063612;0;7;0;0;2;5;15;A01
200900063613;0;33;0;0;2;1;17;A01
200900063613;0;7;0;0;2;1;1;B01
200900063614;0;7;0;0;2;3;1;B01
200900063614;0;30;0;0;2;1;5;A01
200900063615;0;7;0;0;2;3;1;A01
200900063616;0;7;0;0;2;4;1;B01
200900063616;0;30;0;0;2;1;1;A01
200900063617;0;7;0;0;1;1;1;A01
200900063618;0;7;0;0;1;3;0;A01
200900063619;0;32;0;0;2;1;2;A01
200900063619;0;10;0;0;0;4;23;B01
200900063620;0;32;0;0;2;4;1;A01
200900063620;0;7;0;0;2;1;1;B01
200900063621;0;7;0;0;1;1;1;A01
200900063621;0;7;0;0;2;1;1;B01
200900063622;0;7;0;8;2;1;2;A01
200900063622;0;7;0;0;2;4;2;B01
200900063623;0;7;0;0;2;3;16;A01
200900063623;0;7;0;1;2;3;1;B01
200900063624;0;7;0;0;1;3;15;A01
200900063625;0;31;0;0;2;3;1;B01
200900063625;0;7;0;0;2;7;9;A01
200900063626;0;7;0;0;2;1;1;B01
200900063626;0;7;0;2;2;1;5;A01
200900063627;0;7;0;0;2;0;1;B01
200900063627;0;14;0;0;0;0;1;A01
200900063628;0;7;0;0;2;4;1;B01
200900063628;0;7;0;0;2;1;1;A01
200900063629;0;7;0;0;2;4;2;B01
200900063629;0;7;0;0;2;1;2;A01
200900063630;0;33;0;1;0;7;0;A01
200900063631;0;7;0;0;1;3;16;A01
200900063632;0;33;0;0;2;1;21;A01
200900063632;0;7;0;0;2;4;1;B01
200900063633;0;7;0;0;2;1;2;A01
200900063633;0;7;0;0;2;4;2;B01
200900063634;0;2;0;0;0;0;21;A01
200900063635;0;7;0;0;9;3;0;A01
200900063635;0;33;0;0;0;0;0;B01
200900063636;0;10;0;0;2;1;0;A01
200900063636;0;7;0;0;2;4;23;B01
200900063637;0;7;0;0;2;5;16;B01
200900063637;0;2;0;0;2;3;2;A01
200900063638;0;7;0;0;2;1;1;A01
200900063638;0;1;0;0;2;9;1;B01
200900063639;0;32;0;0;2;9;1;B01
200900063639;0;7;0;0;2;4;1;C01
200900063639;0;7;0;0;2;1;1;A01
200900063640;0;33;0;0;2;9;2;B01
200900063640;0;33;0;0;2;9;2;A01
200900063641;0;33;0;0;2;8;1;B01
200900063641;0;7;0;0;2;1;16;A01
200900063642;0;33;0;0;2;4;2;A01
200900063642;1;7;0;0;2;0;2;B01
200900063643;0;36;0;0;0;0;0;A01
200900063644;0;7;0;0;2;1;2;A01
200900063644;0;31;0;0;0;4;23;B01
200900063645;0;7;0;0;0;4;2;C01
200900063645;0;10;0;0;2;1;2;A01
200900063645;0;7;0;0;2;4;2;B01
200900063646;0;32;0;0;0;0;21;A01
200900063647;0;7;0;0;2;4;2;B01
200900063647;0;7;0;0;2;1;2;A01
200900063648;0;7;0;0;2;2;9;A01
200900063648;0;31;0;0;2;9;1;B01
200900063649;0;7;0;0;2;1;1;A01
200900063649;0;14;0;0;2;7;15;B01
200900063650;0;2;0;0;0;8;16;A01
200900063651;0;7;0;0;1;1;0;A01
200900063652;0;7;0;0;1;3;20;A01
200900063653;0;7;0;13;0;1;1;A01
200900063654;0;33;0;0;2;1;1;A01
200900063654;0;7;0;0;2;3;19;B02
200900063655;0;7;0;0;2;0;0;B02
200900063655;0;7;0;0;2;0;0;A01
200900063655;0;7;0;0;0;1;23;C03
200900063656;0;7;0;2;0;2;1;A01
200900063657;0;7;0;4;0;1;17;A01
200900063658;0;7;0;6;0;3;14;A01
200900063659;0;7;0;0;2;8;19;A01
200900063659;0;30;0;0;2;1;1;B02
200900063660;0;10;0;1;0;3;13;A01
200900063661;0;7;0;0;2;1;1;C03
200900063661;0;7;0;0;2;3;13;A01
200900063661;0;7;0;0;2;3;1;B02
200900063662;0;7;0;0;2;3;2;C03
200900063662;0;7;0;0;2;1;2;B02
200900063662;0;7;0;0;2;3;13;A01
200900063663;0;7;0;4;0;9;1;A01
200900063664;0;7;0;0;1;2;1;A01
200900063665;0;37;1;0;2;2;1;A01
200900063665;0;7;0;0;9;6;15;B01
200900063666;0;7;0;0;1;1;1;A01
200900063667;0;10;0;0;2;8;9;B01
200900063667;0;10;0;0;2;2;2;A01
200900063668;0;1;0;0;2;7;15;A01
200900063668;0;7;0;0;9;1;1;B01
200900063669;0;7;0;0;1;2;1;A01
200900063670;0;7;0;0;1;2;1;A01
200900063671;0;30;0;3;0;1;14;A01
200900063672;0;7;0;0;2;3;13;A01
200900063672;0;7;0;0;2;0;1;C01
200900063672;0;7;0;0;2;3;1;B01
200900063673;0;2;0;1;0;1;14;A01
200900063674;0;2;0;0;2;8;15;B01
200900063674;0;7;0;0;2;2;17;A01
200900063675;0;7;0;0;0;9;0;A01
200900063676;0;7;0;14;0;1;2;A01
200900063676;0;3;0;0;2;4;23;C01
200900063676;0;7;0;14;0;4;23;B01
200900063677;1;7;0;0;2;1;2;A01
200900063677;0;7;0;0;0;4;2;B01
200900063678;0;3;0;0;2;8;15;B01
200900063678;0;33;0;0;2;2;18;A01
200900063679;0;7;0;1;0;1;6;A01
200900063680;0;2;0;15;0;1;0;A01
200900063681;0;7;0;8;0;0;14;A01
200900063682;0;7;0;9;0;2;14;A01
200900063683;0;2;0;0;0;0;21;B01
200900063683;0;7;0;0;0;0;15;A01
200900063684;0;30;0;0;2;1;1;A01
200900063684;0;7;0;0;9;8;15;B01
200900063685;0;7;0;0;2;7;15;A01
200900063685;0;30;0;0;2;1;1;B01
200900063686;0;2;0;0;2;1;1;B01
200900063686;0;7;0;0;2;5;15;A01
200900063687;0;7;0;0;2;2;0;B01
200900063687;0;7;0;0;0;3;19;A01
200900063688;0;7;0;0;1;1;1;A01
200900063689;0;37;15;0;2;6;1;B01
200900063689;0;7;0;0;2;1;1;A01
200900063690;0;30;0;0;2;1;1;B01