num_acc;senc;catv;occutc;obs;obsm;choc;manv;num_veh
200900064068;0;7;0;0;2;2;1;A01
200900064069;0;7;0;8;0;1;1;A01
200900064070;0;7;0;0;1;5;4;A01
200900064071;0;7;0;0;2;5;1;A01
200900064071;0;7;0;0;2;3;16;B01
200900064072;0;7;0;12;0;2;15;A01
200900064073;0;33;0;0;2;1;0;B01
200900064073;0;7;0;0;2;3;15;A01
200900064074;0;10;0;0;2;3;1;A01
200900064074;0;7;0;1;2;1;1;B01
200900064075;0;32;0;0;0;0;0;A01
200900064076;0;7;0;0;0;0;0;A01
200900064077;0;7;0;0;0;6;0;B01
200900064077;1;7;0;1;2;1;0;A01
200900064078;0;7;0;0;2;1;2;C01
200900064078;0;7;0;0;2;4;2;A01
200900064078;0;7;0;0;2;1;2;B01
200900064079;0;7;0;0;2;3;1;B01
200900064079;0;7;0;0;2;1;15;A01
200900064080;0;7;0;0;2;1;1;B01
200900064080;0;36;0;0;2;1;16;A01
200900064081;0;7;0;0;1;3;1;A01
200900064082;0;7;0;0;1;2;15;A01
200900064083;0;7;0;6;0;2;1;A01
200900064084;0;3;0;0;0;9;1;A01
200900064085;0;7;0;0;2;1;1;B01
200900064085;0;7;0;0;2;3;19;A01
200900064086;0;13;0;0;2;3;16;B02
200900064086;0;7;0;6;2;1;21;A01
200900064087;0;31;0;0;0;8;1;A01
200900064088;0;1;0;0;2;1;1;B01
200900064088;2;7;0;0;2;1;5;A01
200900064089;0;7;0;0;2;2;17;A01
200900064089;0;1;0;0;0;4;1;B01
200900064090;0;7;0;0;1;2;16;A01
200900064091;0;7;0;0;1;2;1;A01
200900064092;0;7;0;0;9;6;1;B01
200900064092;0;33;0;0;2;1;1;A01
200900064093;0;7;0;0;2;7;1;B01
200900064093;0;1;0;0;2;1;5;A01
200900064094;0;7;0;0;2;1;2;A01
200900064094;0;7;0;0;0;4;23;B01
200900064095;0;7;0;1;2;2;1;A01
200900064096;0;7;0;1;0;1;15;A01
200900064097;0;7;0;12;0;9;1;A01
200900064098;0;7;0;0;2;7;15;A01
200900064098;0;1;0;0;2;1;1;B01
200900064099;0;33;0;0;2;1;15;A01
200900064099;0;7;0;0;2;3;1;B01
200900064100;0;32;0;0;2;7;15;A01
200900064100;0;7;0;0;2;2;1;B01
200900064101;0;1;0;0;2;8;11;B01
200900064101;0;7;0;0;2;2;1;A01
200900064102;0;7;0;0;1;1;1;A01
200900064103;0;10;0;0;1;7;1;A01
200900064104;0;7;0;0;2;4;2;B01
200900064104;0;7;0;0;2;1;2;A01
200900064105;0;7;0;0;2;0;9;A01
200900064105;0;7;0;0;2;2;1;B01
200900064106;0;7;0;4;2;3;1;B01
200900064106;0;7;0;16;0;0;11;A01
200900064107;0;7;0;0;2;3;1;B01
200900064107;0;7;0;0;2;7;12;A01
200900064108;0;7;0;0;2;2;1;B01
200900064108;0;30;0;0;2;1;1;A01
200900064109;0;2;0;0;2;2;16;A01
200900064109;0;30;0;0;2;1;1;B01
200900064110;0;7;0;0;2;1;1;A01
200900064110;0;7;0;0;2;1;1;B01
200900064111;0;7;0;0;2;2;9;A01
200900064111;0;30;0;0;2;4;16;B01
200900064112;0;1;0;0;2;1;2;A01
200900064112;1;7;0;0;2;4;2;B01
200900064113;0;7;0;0;2;5;2;B01
200900064113;0;33;0;0;2;1;2;A01
200900064114;0;7;0;0;2;3;1;A01
200900064114;0;30;0;0;2;1;1;B01
200900064115;0;7;0;0;1;1;1;A01
200900064116;0;7;0;0;2;2;1;A01
200900064116;0;2;0;0;2;1;1;B01
200900064117;0;1;0;0;2;1;19;A01
200900064117;0;7;0;0;0;5;1;B01
200900064118;0;7;0;0;1;3;1;A01
200900064119;0;7;0;3;0;1;1;A01
200900064120;0;7;0;0;0;2;1;A01
200900064121;0;7;0;0;2;2;1;A01
200900064121;0;7;0;0;2;3;19;B02
200900064122;0;33;0;0;0;1;17;B02
200900064122;0;7;0;0;2;3;15;A01
200900064123;0;7;0;0;2;8;1;C03
200900064123;0;7;0;0;2;8;1;B02
200900064123;0;33;0;0;2;8;1;A01
200900064124;0;33;0;0;2;1;1;A01
200900064124;0;7;0;0;2;3;23;C03
200900064124;0;7;0;0;2;5;11;B02
200900064125;0;7;0;0;2;2;1;A01
200900064125;0;7;0;0;2;3;1;B02
200900064126;0;7;0;0;2;7;13;A01
200900064126;0;7;0;0;2;3;21;B02
200900064127;0;7;0;0;2;3;0;B02
200900064127;0;7;0;0;2;8;0;C03
200900064127;0;7;0;0;2;1;13;A01
200900064128;0;7;0;0;1;9;1;A01
200900064129;0;7;0;4;0;3;14;A01
200900064130;0;33;0;0;0;0;1;A01
200900064131;0;2;0;0;2;1;0;A01
200900064131;0;2;0;0;0;6;0;B01
200900064132;0;1;0;0;2;1;1;B01
200900064132;0;7;0;0;2;2;15;A01
200900064133;0;7;0;0;1;1;1;A01
200900064134;0;7;0;0;2;0;0;B01
200900064134;0;2;0;0;2;0;0;A01
200900064135;0;14;0;0;2;1;2;A01
200900064135;0;7;0;0;2;4;1;B01
200900064136;0;7;0;0;2;1;1;A01
200900064136;0;7;0;0;2;2;1;B01
200900064137;0;7;0;4;0;1;0;A01
200900064138;0;10;0;0;2;3;15;A01
200900064138;0;31;0;0;2;1;16;B01
200900064139;0;7;0;0;2;4;1;B01
200900064139;0;7;0;0;2;1;1;A01
200900064140;0;7;0;0;2;8;1;B01
200900064140;0;7;0;0;2;2;12;A01
200900064141;0;33;0;0;2;8;1;B01
200900064141;0;7;0;0;2;2;16;A01
200900064142;0;14;0;0;2;1;1;A01
200900064142;0;7;0;0;2;4;1;C01
200900064142;0;7;0;0;2;4;23;B01
200900064143;0;7;0;0;2;7;0;A01
200900064143;0;7;0;0;2;7;0;B01
200900064144;0;7;0;0;2;1;15;B01
200900064144;0;2;0;0;2;1;1;A01
200900064144;0;7;0;0;2;1;1;C01
200900064145;0;10;0;0;2;8;9;A01
200900064145;0;2;0;0;2;7;1;B01
200900064146;0;7;0;1;0;2;1;A01
200900064146;0;7;0;0;0;6;23;B01
200900064147;0;7;0;13;0;3;1;A01
200900064148;0;7;0;0;2;3;15;A01
200900064148;0;7;0;0;2;1;1;B01
200900064149;0;7;0;1;0;1;1;A01
200900064150;0;7;0;0;2;1;1;B01
200900064150;0;7;0;0;2;1;15;A01
200900064151;0;32;0;0;2;1;13;A01
200900064151;0;7;0;0;2;1;1;B01
200900064152;0;1;0;1;0;1;1;B01
200900064152;0;7;0;0;2;8;24;A01
200900064153;0;36;0;1;0;1;0;A01
200900064154;0;7;0;12;2;1;0;A01
200900064155;0;13;0;0;1;4;19;A01
200900064156;1;7;0;0;0;1;0;A01
200900064156;0;7;0;0;2;4;1;B01
200900064157;0;30;0;0;2;1;1;B01
200900064157;0;7;0;0;2;3;16;A01
200900064158;0;2;0;0;2;1;1;A01
200900064158;0;7;0;0;2;4;2;B01
200900064159;0;7;0;0;2;2;15;A01
200900064159;0;33;0;0;2;8;1;B01
200900064160;0;2;0;0;2;1;1;B02
200900064160;0;10;0;0;2;1;1;A01
200900064161;0;7;0;2;0;1;1;A01
200900064162;0;1;0;0;0;0;0;B02
200900064162;0;7;0;0;0;2;15;A01
200900064163;0;7;0;0;0;3;0;B02
200900064163;0;7;0;0;0;1;5;A01
200900064164;0;2;0;0;2;1;1;B02
200900064164;0;7;0;0;2;2;19;A01
200900064165;0;10;0;6;0;1;1;A01
200900064166;0;7;0;13;0;0;1;A01
200900064167;0;7;0;8;0;2;14;A01
200900064168;0;30;0;0;2;1;19;B02
200900064168;0;7;0;0;2;3;1;A01
200900064169;0;10;0;0;2;8;1;B02
200900064169;0;7;0;0;2;5;14;A01
200900064169;0;15;0;0;2;6;1;C03
200900064170;0;7;0;0;1;1;1;A01
200900064171;0;30;0;0;2;1;1;B02
200900064171;0;7;0;0;2;1;13;A01
200900064172;0;7;0;0;1;0;16;A01
200900064173;0;10;0;0;0;6;1;B02
200900064173;0;7;0;0;0;2;14;A01
200900064174;0;33;0;0;0;7;1;A01
200900064175;0;7;0;0;2;3;21;B02
200900064176;0;7;0;0;2;3;9;A01
200900064176;0;2;0;0;2;1;1;B02
200900064177;0;7;0;0;1;1;1;A01
200900064178;0;7;0;2;0;1;13;A01
200900064179;0;2;0;0;2;1;0;B02
200900064179;0;7;0;0;2;3;15;A01
200900064180;0;1;0;0;2;3;16;A01
200900064180;0;7;0;0;9;5;16;B02
200900064181;0;7;0;0;2;1;1;B02
200900064181;0;7;0;0;2;3;10;A01
200900064182;0;33;0;0;1;1;1;A01
200900064183;0;7;0;0;2;1;1;B02
200900064183;0;7;0;0;2;8;19;A01
200900064184;0;7;0;0;2;8;19;A01
200900064184;0;14;0;0;2;1;1;B02
200900064185;0;7;0;0;1;1;1;A01
200900064186;0;7;0;0;1;6;1;A01
200900064187;0;7;0;1;0;1;1;A01
200900064188;0;31;0;0;0;1;7;A01
200900064189;0;10;0;0;1;4;4;A01
200900064190;0;7;0;0;1;1;9;A01
200900064191;0;7;0;0;2;1;16;A01
200900064191;0;7;0;1;2;7;1;B01
200900064192;0;7;0;0;2;5;2;B01
200900064192;0;30;0;0;2;1;2;A01
200900064193;0;33;0;0;1;1;1;A01
200900064194;0;40;1;0;1;1;1;A01
200900064195;0;7;0;0;1;2;15;A01
200900064196;0;1;0;0;2;1;1;A01
200900064196;0;7;0;0;2;1;15;B01
200900064197;0;1;0;0;2;1;1;B01
200900064197;0;7;0;0;9;2;16;A01
200900064198;0;10;0;0;2;3;15;B01
200900064198;0;33;0;0;2;2;17;A01
200900064199;0;10;0;0;2;8;11;A01
200900064199;0;33;0;0;2;1;2;B01
200900064200;0;7;0;0;0;3;1;A01
200900064200;0;7;0;0;0;1;7;B01
200900064201;0;7;0;0;2;3;13;A01
200900064201;0;7;0;0;2;3;13;B01
200900064202;0;7;0;0;1;2;1;A01
200900064203;0;7;0;0;1;1;1;A01
200900064204;0;7;0;0;1;3;1;A01
200900064205;0;7;0;0;2;1;2;A01
200900064205;0;7;0;0;2;4;23;B01
200900064206;0;7;0;0;2;6;1;B01
200900064206;0;10;0;0;2;4;1;C01
200900064206;0;7;0;0;2;2;12;A01
200900064207;0;7;0;0;2;1;2;A01
200900064207;0;7;0;0;0;4;23;B01
200900064208;0;33;0;0;2;8;2;A01
200900064208;0;7;0;0;2;4;2;B01
200900064209;0;7;0;4;0;1;14;A01
200900064210;0;7;0;0;2;5;1;B01
200900064210;0;33;0;0;2;3;9;A01
200900064211;0;7;0;0;2;1;1;B01
200900064211;0;7;0;0;2;6;15;A01
200900064212;0;7;0;0;2;1;1;B01
200900064212;0;7;0;0;2;3;15;A01
200900064213;0;7;0;0;0;4;2;B01
200900064213;0;7;0;0;2;1;1;A01
200900064214;0;7;0;0;0;7;1;B01
200900064214;0;7;0;4;2;8;9;A01
200900064215;0;7;0;0;0;4;2;B01
200900064215;0;7;0;0;0;1;2;A01
200900064215;0;7;0;0;0;4;2;C01
200900064216;0;7;0;0;0;4;23;C01
200900064216;0;7;0;0;2;1;2;A01
200900064216;0;7;0;0;2;4;23;B01
200900064217;0;7;0;0;2;2;14;A01
200900064217;0;7;0;0;0;3;1;B01
200900064218;0;7;0;4;0;1;0;A01
200900064219;0;7;0;3;0;8;13;A01
200900064220;0;7;0;4;0;2;0;A01
200900064221;0;7;0;11;0;1;11;A01
200900064221;0;7;0;0;9;1;1;B01
200900064222;0;7;0;16;0;9;13;A01
200900064223;0;7;0;0;2;3;1;B01
200900064223;0;7;0;0;2;1;9;A01
200900064224;0;7;0;0;1;2;1;A01
200900064225;0;7;0;0;2;1;14;A01
200900064225;0;7;0;0;2;6;0;B01
200900064226;0;7;0;13;0;5;1;A01
200900064227;0;7;0;4;0;1;1;A01
200900064228;0;7;0;14;0;2;17;A01
200900064228;0;7;0;0;0;6;23;B01
200900064229;0;7;0;0;0;4;2;B01
200900064229;0;7;0;0;0;1;2;A01
200900064230;0;7;0;0;1;1;9;A01
200900064231;0;10;0;16;0;9;2;A01
200900064232;0;7;0;0;2;2;1;B01
200900064232;0;7;0;0;2;3;16;A01
200900064233;0;17;0;0;2;1;1;A01
200900064233;0;7;0;4;2;4;2;B01
200900064234;0;7;0;4;0;3;16;A01
200900064235;0;30;0;0;1;7;21;A01
200900064236;0;7;0;16;0;0;1;A01
200900064237;0;10;0;0;0;1;2;A01
200900064237;0;14;0;0;0;4;2;B01
200900064238;0;7;0;3;0;2;1;A01
200900064239;0;33;0;0;0;0;1;A01
200900064240;0;30;0;0;2;1;1;A01
200900064240;0;7;0;0;2;1;1;B01
200900064241;0;10;0;0;2;2;19;A01
200900064241;0;7;0;6;2;1;21;B01
200900064242;0;7;0;0;2;3;11;A01
200900064242;0;30;0;0;2;1;12;B01
200900064243;0;33;0;4;2;7;11;A01
200900064243;0;10;0;0;0;8;1;B01
200900064244;0;10;0;3;0;1;0;A01
200900064245;0;7;0;15;0;3;13;A01
200900064246;0;7;0;0;2;2;11;A01
200900064246;0;7;0;0;0;6;1;B01
200900064247;1;15;0;0;2;7;14;B01
200900064247;0;7;0;3;2;8;1;A01
200900064248;0;7;0;0;2;1;2;A01
200900064248;0;7;0;0;0;4;2;C01
200900064248;0;7;0;0;2;4;2;B01
200900064249;0;7;0;0;2;4;2;B01
200900064249;0;7;0;0;2;1;2;A01
200900064249;0;7;0;0;2;4;2;C01
200900064250;0;7;0;0;2;4;2;B01
200900064250;0;7;0;0;2;1;2;A01
200900064251;0;7;0;4;0;1;2;A01
200900064252;0;7;0;4;0;3;1;A01
200900064253;0;7;0;13;0;1;0;A01
200900064254;0;33;0;0;0;9;17;A01
200900064255;0;7;0;0;0;4;2;B01
200900064255;0;33;0;0;2;1;2;A01
200900064256;0;33;0;0;2;8;1;B01
200900064256;0;7;0;4;2;2;21;A01
200900064257;0;7;0;4;0;3;13;A01
200900064258;0;7;0;4;0;3;21;A01
200900064259;0;7;0;13;0;9;14;A01
200900064260;0;7;0;4;0;3;13;A01
200900064261;0;7;0;0;2;3;19;A01
200900064261;0;7;0;0;2;1;1;B02
200900064262;0;7;0;0;1;3;0;A01
200900064263;0;7;0;0;2;3;5;A01
200900064263;0;7;0;0;2;3;14;B01
200900064264;0;14;0;0;2;0;0;B01
200900064264;0;7;0;0;0;7;18;A01
200900064265;0;30;0;0;2;1;17;B01
200900064266;0;7;0;0;0;0;0;A01
200900064266;0;7;0;0;0;4;2;B01
200900064267;0;7;0;0;2;5;16;B01
200900064267;0;2;0;0;2;1;3;A01
200900064268;0;10;0;9;0;9;2;A01
200900064269;0;37;10;0;0;6;24;B01
200900064269;0;30;0;1;0;1;1;A01
200900064270;0;7;0;0;0;1;0;A01
200900064270;0;7;0;0;0;1;0;B01
200900064271;0;7;0;15;0;1;1;A01
200900064272;0;30;0;0;2;1;2;A01
200900064272;0;7;0;0;2;4;2;B01
200900064273;0;3;0;0;2;3;15;A01
200900064273;0;31;0;0;2;1;1;B01
200900064274;0;7;0;0;2;1;1;A01
200900064274;0;7;0;0;2;1;0;B01
200900064275;0;7;0;0;0;1;1;B01
200900064275;0;7;0;0;2;7;1;A01
200900064276;0;7;0;0;1;1;1;A01
200900064277;0;7;0;0;2;1;15;A01
200900064277;0;30;0;0;2;1;1;B01
200900064278;0;7;0;0;1;1;15;A01
200900064279;0;7;0;0;0;4;2;B01
200900064279;0;7;0;0;2;1;2;A01
200900064280;0;7;0;0;2;1;1;A01
200900064280;0;7;0;0;2;4;1;B01
200900064281;0;7;0;0;1;3;13;A01
200900064282;0;31;0;0;2;3;17;A01
200900064282;0;7;0;0;2;7;16;B01
200900064283;0;7;0;0;1;1;1;A01
200900064284;0;7;0;0;0;5;23;B01
200900064284;0;33;0;0;2;1;2;A01
200900064285;0;33;0;0;0;0;0;B01
200900064285;0;7;0;0;0;6;11;A01
200900064286;0;32;0;0;2;8;1;B01
200900064286;0;20;0;0;2;1;19;A01
200900064287;0;13;0;5;0;9;1;A01
200900064288;0;7;0;0;2;1;5;A01
200900064288;0;7;0;0;2;1;0;B01
200900064289;0;31;0;0;2;1;2;A01
200900064289;0;7;0;0;0;0;2;B01
200900064290;0;32;0;0;2;1;2;A01
200900064290;0;7;0;0;2;6;2;B01
200900064291;0;7;0;6;0;3;1;A01
200900064292;0;7;0;0;2;1;1;A01
200900064292;0;7;0;0;2;6;2;B01
200900064293;0;99;0;0;1;3;15;A01
200900064294;0;7;0;0;1;7;15;A01
200900064295;0;36;0;1;0;2;1;A01
200900064296;0;32;0;0;2;4;0;A01
200900064296;0;7;0;0;2;1;0;C01
200900064296;0;7;0;0;2;1;0;B01
200900064297;0;7;0;4;0;4;2;C01
200900064297;0;7;0;4;2;4;2;B01
200900064297;0;7;0;4;2;1;2;A01
200900064298;0;7;0;0;2;1;1;B01
200900064298;0;7;0;0;2;2;15;A01
200900064299;0;7;0;0;2;3;1;B01
200900064299;0;7;0;0;2;1;15;A01
200900064300;0;30;0;6;2;8;1;A01
200900064300;0;7;0;0;2;1;1;B01
200900064301;0;40;1;0;1;1;1;A01
200900064302;0;3;0;1;0;7;1;A01
200900064303;0;7;0;0;9;7;16;A01
200900064303;0;1;0;0;2;1;1;B01
200900064304;0;2;0;0;2;1;8;A01
200900064305;1;7;0;0;2;6;15;B01
200900064305;0;30;0;0;2;1;15;A01
200900064306;0;7;0;0;2;1;15;B01
200900064306;0;30;0;0;2;8;1;A01
200900064307;0;2;0;0;2;0;1;A01
200900064307;0;7;0;0;9;3;1;B01
200900064308;0;7;0;0;1;1;1;A01
200900064309;1;7;0;0;0;0;0;A01
200900064309;0;7;0;12;2;7;21;B01
200900064310;1;7;0;0;2;7;16;A01
200900064310;0;2;0;0;2;3;1;B01
200900064311;0;33;0;0;1;0;2;A01
200900064312;0;33;0;0;9;0;21;A01
200900064313;1;10;0;0;1;4;4;A01
200900064314;0;7;0;0;2;3;9;A01
200900064314;0;7;0;0;2;1;21;B01
200900064315;0;7;0;0;0;0;1;A01
200900064316;0;7;0;0;2;2;15;A01
200900064316;0;30;0;0;2;1;1;B01
200900064317;0;99;0;0;1;6;4;A01
200900064318;0;7;0;0;1;2;15;A01
200900064319;0;2;0;12;0;3;1;B01
200900064319;0;7;0;0;0;0;9;A01
200900064320;0;7;0;8;2;0;1;B01
200900064320;0;7;0;0;2;0;0;A01
200900064321;0;7;0;0;9;2;16;A01
200900064321;0;1;0;0;2;1;0;B01
200900064322;0;1;0;0;2;8;1;B01
200900064322;0;7;0;0;9;2;17;A01
200900064323;0;7;0;0;2;1;1;B01
200900064323;0;7;0;0;2;3;9;A01
200900064324;0;33;0;15;1;1;1;A01
200900064325;0;33;0;;2;1;17;A02
200900064325;0;7;0;;2;3;10;A01
200900064326;0;7;0;;2;3;1;B02
200900064326;0;7;0;;2;3;1;A01
200900064327;0;7;0;;2;4;1;B02
200900064327;0;7;0;;2;4;1;C02
200900064327;0;38;1;;2;1;1;A01
200900064328;0;7;0;;2;2;;A01
200900064328;0;7;0;;2;3;;B02
200900064329;0;7;0;4;;8;1;A01
200900064330;0;15;0;;2;4;17;A01
200900064330;0;7;0;;2;1;1;B02
200900064330;0;7;0;;2;1;1;C02
200900064331;0;7;0;13;;2;1;A01
200900064332;0;7;0;;2;8;1;B02
200900064332;0;15;0;;2;;17;A01
200900064333;0;33;0;;2;;17;B02
200900064333;0;7;0;;2;7;1;A01
200900064334;0;7;0;4;2;;;A01
200900064334;0;7;0;3;2;4;;B02
200900064335;0;10;0;;2;4;1;B02
200900064335;0;7;0;;2;1;1;A01
200900064336;0;10;0;;2;2;;B02
200900064336;0;7;0;;2;3;;A01
200900064337;0;7;0;0;2;2;15;A01
200900064337;0;7;0;6;2;3;2;B01
200900064338;0;2;0;0;2;1;1;A01
200900064338;0;7;0;0;2;1;15;B01
200900064339;0;7;0;0;2;1;15;A01
200900064339;0;2;0;0;2;3;1;B02
200900064340;0;37;27;0;1;3;1;A01
200900064341;0;7;0;0;1;1;1;A01
200900064342;2;30;0;0;1;1;1;A01
200900064343;0;7;0;0;1;1;1;A01
200900064344;0;7;0;0;2;1;0;B01
200900064344;0;7;0;0;2;3;1;A01
200900064345;0;7;0;15;1;2;14;A01
200900064346;0;7;0;9;0;1;1;A01
200900064347;0;2;0;8;0;0;1;A01
200900064348;0;7;0;0;1;2;1;A01
200900064349;0;33;0;0;2;1;1;A01
200900064350;0;7;0;2;0;1;1;A01
200900064351;0;33;0;13;0;2;1;A01
200900064352;0;7;0;0;2;3;10;A01
200900064352;0;33;0;0;2;2;1;B02
200900064353;0;30;0;0;2;1;17;A01
200900064353;0;7;0;0;2;3;15;B02
200900064354;0;33;0;0;0;7;0;A01
200900064355;0;7;0;0;2;8;0;B02
200900064355;0;7;0;8;2;2;19;A01
200900064356;0;7;0;0;0;3;1;A01
200900064357;0;10;0;0;1;2;1;A01
200900064358;0;7;0;0;2;7;19;B02
200900064358;0;7;0;0;2;1;1;A01
200900064359;0;7;0;0;0;3;1;A01
200900064359;0;39;0;0;0;2;1;B02
200900064360;0;7;0;0;2;1;1;B02
200900064360;0;7;0;0;0;4;15;A01
200900064361;0;33;0;0;2;1;21;A01
200900064361;0;2;0;0;2;1;21;B02
200900064362;0;7;0;0;2;2;17;A01
200900064362;0;7;0;0;2;4;1;B02
200900064363;0;10;0;0;0;2;2;A01
200900064364;0;7;0;4;0;9;1;A01
200900064365;0;7;0;7;0;2;1;A01
200900064366;0;7;0;3;0;9;1;A01
200900064367;0;7;0;13;0;9;1;A01
200900064368;0;33;0;0;2;1;1;A01
200900064368;0;33;0;0;2;1;13;B02
200900064369;0;14;0;6;0;2;0;A01
200900064370;0;7;0;0;0;9;2;A01
200900064371;0;2;0;0;2;1;1;B02
200900064371;0;7;0;0;2;2;15;A01
200900064372;0;1;0;0;2;4;19;B02
200900064372;0;17;0;0;2;2;19;A01
200900064373;1;7;0;0;1;1;1;A01
200900064374;0;15;0;0;0;6;24;B01
200900064374;0;2;0;1;0;6;0;A01
200900064375;0;7;0;3;0;1;1;A01
200900064376;0;7;0;15;0;1;1;A01
200900064377;0;33;0;0;2;1;1;A01
200900064377;0;7;0;0;2;4;1;B01
200900064378;0;30;0;0;2;8;1;A01
200900064378;0;7;0;0;2;8;1;B01
200900064379;0;30;0;0;0;0;1;A01
200900064380;0;2;0;11;0;1;1;A01
200900064381;0;30;0;0;2;1;1;A01
200900064381;0;7;0;0;2;3;1;B01
200900064382;0;33;0;0;2;4;23;C01
200900064382;0;7;0;0;2;1;1;A01
200900064382;0;7;0;0;2;4;23;B01
200900064383;0;7;0;0;2;1;1;A01
200900064383;0;7;0;6;2;8;1;B01
200900064384;0;30;0;12;0;1;1;A01
200900064385;0;2;0;0;2;1;13;A01
200900064385;0;7;0;0;2;8;15;B01
200900064386;0;1;0;6;0;8;1;B01
200900064386;0;7;0;0;9;1;1;A01
200900064387;0;30;0;0;0;7;1;A01
200900064388;0;33;0;0;2;1;2;A01
200900064388;0;7;0;0;2;4;1;B01
200900064389;0;2;0;0;2;1;1;B01
200900064389;0;7;0;0;2;1;15;A01
200900064390;0;7;0;0;1;1;1;A01
200900064391;0;33;0;0;0;0;1;A01
200900064392;0;15;0;2;2;3;15;A01
200900064392;0;33;0;12;2;4;1;B01
200900064393;0;7;0;5;2;1;1;B01
200900064393;0;7;0;10;2;2;0;A01
200900064394;0;2;0;0;2;1;1;B01
200900064394;0;7;0;0;2;3;15;A01
200900064395;0;7;0;0;2;2;1;B01
200900064395;0;33;0;6;2;1;0;A01
200900064396;0;33;0;4;2;3;1;B01
200900064396;0;2;0;0;2;2;1;A01
200900064397;0;7;0;1;1;1;1;A01
200900064397;0;30;0;1;1;4;1;B01
200900064398;0;14;0;0;2;1;2;A01
200900064398;0;14;0;0;2;4;1;B01
200900064399;0;7;0;1;0;1;0;A01
200900064400;0;33;0;0;0;8;15;A01
200900064401;0;30;0;9;1;1;1;A01
200900064402;0;7;0;0;0;4;0;B01
200900064402;0;7;0;0;2;1;0;A01
200900064403;0;7;0;8;0;3;13;A01
200900064404;0;7;0;0;2;8;16;B01
200900064404;0;7;0;0;2;3;1;A01
200900064405;0;7;0;0;2;1;1;A01
200900064405;0;7;0;0;2;6;1;B01
200900064406;0;7;0;0;9;2;1;B01
200900064406;0;1;0;0;2;1;5;A01
200900064407;0;7;0;0;1;3;1;A01
200900064408;0;33;0;4;2;1;13;A01
200900064408;0;7;0;0;2;0;1;B01
200900064409;0;7;0;0;2;5;1;B01
200900064409;0;2;0;0;2;1;1;A01
200900064410;0;2;0;12;0;1;1;A01
200900064410;0;7;0;0;2;4;1;B01
200900064411;0;34;0;0;2;1;1;B01
200900064411;0;7;0;0;0;6;15;A01
200900064412;0;7;0;9;2;6;0;B01
200900064412;0;2;0;0;2;3;1;A01
200900064413;0;7;0;0;2;2;15;B01
200900064413;0;7;0;0;2;3;2;A01
200900064414;0;30;0;0;2;7;1;A01
200900064414;0;7;0;0;0;5;16;B01
200900064415;0;7;0;0;2;1;2;A01
200900064415;0;7;0;0;2;4;2;C01
200900064415;0;7;0;0;2;1;2;B01
200900064416;0;7;0;0;1;3;1;A01
200900064417;0;7;0;0;2;4;1;B01
200900064417;0;2;0;0;2;1;1;A01
200900064418;0;1;0;0;2;1;1;A01
200900064418;0;7;0;0;9;8;15;B01
200900064419;0;7;0;0;2;2;19;A01
200900064419;0;33;0;0;2;1;1;B01
200900064420;0;30;0;0;0;7;1;A01
200900064421;0;30;0;0;2;7;0;A01
200900064421;0;7;0;0;2;1;0;B01
200900064422;0;7;0;0;2;8;15;A01
200900064422;0;2;0;0;2;1;1;B01
200900064423;0;7;0;0;2;5;0;B01
200900064423;0;1;0;0;2;1;0;A01
200900064424;0;7;0;1;0;1;1;A01
200900064425;0;10;0;6;0;1;1;A01
200900064426;1;7;0;0;2;1;2;A01
200900064426;0;7;0;0;2;4;2;B01
200900064427;0;7;0;0;2;4;9;A01
200900064427;0;7;0;0;2;1;1;B01
200900064428;0;7;0;0;9;3;0;C01
200900064428;0;7;0;0;2;2;10;A01
200900064428;0;30;0;0;2;1;1;B01
200900064429;0;7;0;0;1;8;4;A01
200900064430;0;33;0;0;2;1;1;A01
200900064430;1;2;0;0;2;1;1;B01
200900064431;0;7;0;0;2;3;9;A01
200900064431;0;33;0;0;2;1;1;B01
200900064432;0;1;0;0;0;7;1;A01
200900064433;1;7;0;0;1;1;1;A01
200900064434;1;33;0;0;1;7;1;A01
200900064435;0;7;0;4;2;3;2;B01
200900064435;0;7;0;0;2;5;9;A01
200900064436;0;33;0;12;0;1;15;A01
200900064437;0;7;0;0;1;1;2;A01
200900064438;0;7;0;12;0;3;9;A01
200900064438;0;2;0;12;0;5;16;B01
200900064439;0;7;0;0;1;2;1;A01
200900064440;0;7;0;0;2;1;15;A01
200900064440;0;7;0;2;0;1;1;B01
200900064441;0;33;0;0;2;7;0;B01
200900064441;0;7;0;0;2;2;15;A01
200900064442;0;7;0;4;2;4;1;C01
200900064442;0;7;0;4;2;1;1;A01
200900064442;0;7;0;4;2;1;1;B01
200900064443;0;7;0;0;2;1;2;A01
200900064443;0;7;0;0;2;4;2;B01
200900064444;0;7;0;0;1;2;16;A01
200900064445;0;14;0;0;2;0;0;A01
200900064445;0;1;0;0;2;0;0;B01
200900064446;0;7;0;0;2;3;1;B01
200900064446;0;10;0;0;2;5;1;A01
200900064447;0;1;0;0;2;1;1;B01
200900064447;0;7;0;0;9;1;1;A01
200900064448;0;7;0;0;1;2;1;A01
200900064449;0;7;0;0;2;3;13;A01
200900064449;0;7;0;0;2;3;1;B01
200900064450;0;7;0;0;1;3;1;A01
200900064451;0;7;0;0;1;1;1;A01
200900064452;0;15;0;0;0;1;1;C01
200900064452;0;7;0;0;2;8;20;A01