num_acc;senc;catv;occutc;obs;obsm;choc;manv;num_veh
200900064452;0;34;0;0;0;0;1;B01
200900064453;0;7;0;0;2;1;15;A01
200900064453;0;7;0;0;2;1;1;B01
200900064454;0;31;0;0;2;1;1;A01
200900064454;0;37;1;0;0;7;8;B01
200900064455;0;7;0;0;1;2;2;A01
200900064456;0;7;0;0;2;3;2;A01
200900064456;0;7;0;0;0;5;0;B01
200900064456;0;7;0;0;0;4;2;C01
200900064457;0;7;0;0;2;1;17;B01
200900064457;0;33;0;0;9;3;1;A01
200900064458;0;2;0;0;2;3;2;B01
200900064458;0;7;0;1;2;3;10;A01
200900064459;0;2;0;0;1;1;1;A01
200900064460;0;7;0;0;1;1;1;A01
200900064461;0;7;0;0;1;1;0;A01
200900064462;0;7;0;0;2;6;2;C01
200900064462;0;30;0;0;2;2;3;A01
200900064462;0;10;0;0;2;2;11;B01
200900064463;0;7;0;1;0;2;0;A01
200900064463;0;1;0;0;2;7;1;B01
200900064464;0;7;0;0;0;1;5;B02
200900064464;0;7;0;0;0;1;1;A01
200900064465;0;2;0;0;2;1;13;A01
200900064465;0;7;0;0;2;1;1;B02
200900064466;0;30;0;0;2;1;1;A01
200900064466;0;30;0;0;2;3;13;B02
200900064467;0;30;0;0;2;8;15;A01
200900064467;0;7;0;0;2;2;17;B02
200900064468;0;10;0;0;2;1;15;A01
200900064468;0;33;0;0;2;1;1;B02
200900064469;0;7;0;0;2;8;1;C03
200900064469;0;99;0;0;2;3;1;B02
200900064469;0;7;0;0;2;2;13;A01
200900064469;0;7;0;0;2;3;1;D04
200900064470;0;14;0;13;2;3;21;B02
200900064470;0;7;0;13;2;3;1;A01
200900064471;0;7;0;0;0;9;13;A01
200900064472;0;33;0;0;1;1;17;A01
200900064473;0;16;0;0;1;2;1;A01
200900064474;0;99;0;0;0;8;1;B02
200900064474;0;7;0;0;9;2;13;A01
200900064475;0;33;0;0;2;1;1;A01
200900064475;0;17;0;0;0;8;15;B02
200900064476;0;7;0;6;0;3;1;A01
200900064477;0;7;0;0;1;1;1;A01
200900064478;0;3;0;13;0;9;1;A01
200900064479;0;7;0;0;1;2;1;A01
200900064480;0;7;0;0;1;1;15;A01
200900064481;0;2;0;0;2;1;9;A01
200900064481;0;7;0;0;2;3;2;B02
200900064482;0;33;0;0;6;1;1;A01
200900064483;0;32;0;0;2;1;1;A01
200900064483;0;7;0;0;2;5;1;B01
200900064484;0;7;0;0;2;2;1;B01
200900064484;0;7;0;0;2;3;11;A01
200900064485;0;7;0;3;0;3;2;A01
200900064486;0;7;0;6;0;1;21;A01
200900064487;0;7;0;0;2;4;1;B01
200900064487;0;7;0;0;2;1;1;A01
200900064488;0;7;0;4;0;1;17;A01
200900064489;0;7;0;0;2;3;19;A01
200900064489;0;31;0;0;2;8;1;B01
200900064490;0;7;0;8;0;8;11;A01
200900064491;0;7;0;8;0;7;1;A01
200900064492;0;2;0;0;2;1;1;B02
200900064492;0;7;0;0;2;2;5;A01
200900064493;0;7;0;13;0;1;1;A01
200900064494;0;7;0;0;2;8;1;B01
200900064494;0;7;0;0;2;1;13;A01
200900064495;0;7;0;0;2;2;2;A01
200900064495;0;20;0;0;2;4;2;B01
200900064496;0;7;0;7;0;1;1;A01
200900064497;0;7;0;2;0;1;1;A01
200900064498;0;7;0;1;0;1;15;A01
200900064498;0;7;0;0;2;3;1;B01
200900064499;0;10;0;12;0;7;1;A01
200900064500;0;7;0;0;2;1;2;B01
200900064500;0;10;0;0;2;5;10;A01
200900064501;0;7;0;0;2;1;2;C01
200900064501;0;7;0;0;2;3;5;A01
200900064501;0;7;0;0;2;4;1;B01
200900064502;0;7;0;0;2;7;15;B01
200900064502;0;34;0;0;2;1;1;A01
200900064503;0;15;0;0;2;1;1;A01
200900064503;0;15;0;0;2;4;2;B01
200900064504;0;7;0;0;2;1;2;A01
200900064504;0;7;0;0;2;8;9;B01
200900064505;0;7;0;6;0;3;13;A01
200900064505;0;7;0;6;0;8;9;B01
200900064506;0;30;0;0;2;7;1;B01
200900064506;1;7;0;0;2;4;4;A01
200900064507;0;33;0;0;2;2;0;A01
200900064508;0;30;0;0;2;8;15;A01
200900064508;0;7;0;0;2;8;1;B01
200900064509;0;7;0;0;2;3;15;A01
200900064509;0;33;0;0;2;1;17;B01
200900064510;0;7;0;0;2;3;1;B01
200900064510;0;7;0;0;2;1;15;A01
200900064511;0;7;0;0;1;2;1;A01
200900064512;0;7;0;0;2;3;1;C01
200900064512;0;7;0;0;2;6;1;B01
200900064512;0;7;0;0;2;1;13;A01
200900064513;0;33;0;0;2;1;1;B01
200900064513;0;7;0;0;2;4;11;A01
200900064514;0;13;0;0;2;1;1;C01
200900064514;0;7;0;0;2;1;13;A01
200900064514;0;7;0;0;2;1;1;B01
200900064515;0;7;0;0;0;9;14;A01
200900064516;0;7;0;0;1;4;4;A01
200900064517;0;30;0;0;0;7;14;A01
200900064518;0;7;0;0;2;3;13;B01
200900064518;0;7;0;0;2;3;9;A01
200900064519;0;10;0;0;1;6;4;A01
200900064520;0;7;0;0;2;7;15;A01
200900064520;0;30;0;0;2;1;1;B01
200900064521;0;7;0;0;0;9;14;A01
200900064522;0;14;0;0;2;8;1;C01
200900064522;0;7;0;0;2;7;2;A01
200900064522;0;33;0;0;2;1;1;B01
200900064523;0;7;0;0;1;1;16;A01
200900064524;0;7;0;14;2;7;17;A01
200900064524;0;7;0;0;2;8;1;B01
200900064525;0;15;0;0;2;6;2;B01
200900064525;0;15;0;0;2;2;2;A01
200900064526;0;7;0;9;0;7;15;A01
200900064527;0;7;0;6;0;1;14;A01
200900064528;0;7;0;13;;1;1;A01
200900064529;0;7;0;0;0;4;2;C01
200900064529;0;7;0;0;0;4;2;B01
200900064529;0;14;0;0;2;1;2;A01
200900064530;0;7;0;0;1;1;1;A01
200900064531;0;7;0;0;0;4;23;C01
200900064531;0;7;0;0;2;4;23;B01
200900064531;0;10;0;0;2;1;2;A01
200900064532;0;7;0;13;0;1;1;A01
200900064533;0;7;0;9;0;1;1;A01
200900064534;0;7;0;0;1;1;2;A01
200900064535;0;7;0;0;1;1;1;A01
200900064536;0;1;0;0;2;1;1;B01
200900064536;0;7;0;0;9;2;1;A01
200900064537;0;7;0;0;1;2;1;A01
200900064538;0;7;0;0;1;2;16;A01
200900064539;0;7;0;6;0;1;14;A01
200900064540;0;7;0;0;2;4;2;C01
200900064540;0;7;0;0;0;4;2;D01
200900064540;0;13;0;0;2;1;1;A01
200900064540;0;7;0;0;2;4;2;B01
200900064541;0;7;0;0;2;3;16;A01
200900064541;0;1;0;0;2;1;15;B01
200900064542;0;32;0;0;2;4;1;B01
200900064542;1;7;0;0;2;3;2;A01
200900064543;0;30;0;1;0;3;5;A01
200900064544;0;33;0;0;2;4;19;A01
200900064544;0;7;0;0;9;3;1;B02
200900064545;0;7;0;0;0;2;15;A01
200900064545;0;7;0;0;0;3;1;B02
200900064546;0;7;0;0;2;1;0;B02
200900064546;0;7;0;0;2;1;1;A01
200900064547;0;2;0;8;0;8;13;A01
200900064548;0;7;0;13;0;1;1;A01
200900064549;0;10;0;0;2;2;15;A01
200900064549;0;30;0;0;2;1;1;B02
200900064550;0;2;0;0;2;1;11;A01
200900064550;0;7;0;0;0;3;1;B02
200900064551;0;10;0;0;0;2;1;A01
200900064551;0;7;0;0;0;2;1;B02
200900064552;0;33;0;0;2;3;1;A01
200900064552;0;7;0;0;2;3;15;B02
200900064553;0;33;0;0;2;1;1;A01
200900064553;0;7;0;0;2;1;15;B02
200900064554;0;3;0;0;2;5;1;B02
200900064555;0;7;0;0;2;3;1;B02
200900064555;0;7;0;0;2;1;1;A01
200900064556;0;7;0;0;2;1;21;B02
200900064556;0;30;0;0;2;1;16;A01
200900064557;0;33;0;0;2;1;1;A01
200900064557;0;7;0;0;2;1;1;B02
200900064558;0;33;0;0;2;7;17;A01
200900064558;0;7;0;0;2;1;15;B02
200900064559;0;1;0;0;2;6;2;B02
200900064559;0;1;0;0;2;4;2;C03
200900064559;0;7;0;0;2;2;17;A01
200900064560;0;10;0;0;2;1;2;A01
200900064560;0;30;0;0;2;4;1;B02
200900064561;0;7;0;0;2;1;1;B02
200900064561;0;10;0;0;2;1;15;A01
200900064562;0;7;0;0;2;1;13;A01
200900064562;0;7;0;0;2;1;1;B02
200900064563;0;3;0;0;0;9;15;A01
200900064564;0;7;0;0;2;2;1;A01
200900064564;0;7;0;0;2;8;1;B01
200900064565;0;30;0;11;0;8;1;A01
200900064566;0;7;0;0;2;1;5;A01
200900064566;0;7;0;0;2;1;1;B01
200900064567;1;7;0;0;2;4;11;A01
200900064567;0;37;15;0;2;1;1;B01
200900064568;0;7;0;9;1;1;1;A01
200900064569;0;2;0;0;0;1;1;A01
200900064570;0;7;0;0;1;1;1;A01
200900064571;0;7;0;0;2;4;1;C01
200900064571;0;7;0;0;2;1;1;A01
200900064571;0;7;0;0;2;4;1;B01
200900064572;0;32;0;0;2;1;1;A01
200900064572;0;37;20;0;2;2;1;B01
200900064573;0;7;0;0;2;3;1;A01
200900064573;0;1;0;0;2;1;1;B01
200900064574;0;7;0;0;1;2;15;A01
200900064575;2;7;0;0;2;3;19;B01
200900064575;0;7;0;0;2;8;9;A01
200900064576;0;1;0;0;1;0;0;A01
200900064577;0;30;0;7;0;1;1;A01
200900064578;0;2;0;8;0;1;0;A01
200900064579;0;7;0;0;2;1;1;B01
200900064579;0;10;0;0;2;1;1;A01
200900064580;0;7;0;0;2;3;15;A01
200900064580;0;37;10;0;2;3;1;B01
200900064581;0;2;0;12;0;7;1;A01
200900064582;0;1;0;0;2;8;9;A01
200900064582;0;7;0;0;2;1;1;B01
200900064583;0;30;0;0;0;1;1;A01
200900064584;0;7;0;0;0;1;15;A01
200900064584;0;2;0;0;2;1;1;B01
200900064585;0;2;0;0;0;1;21;A01
200900064586;0;1;0;0;2;1;1;B01
200900064586;0;7;0;0;2;7;16;A01
200900064587;0;7;0;0;2;1;1;A01
200900064587;0;7;0;0;2;4;1;B01
200900064588;0;30;0;0;0;1;16;A01
200900064589;0;7;0;11;0;1;1;A01
200900064590;0;7;0;0;0;0;0;A01
200900064591;0;30;0;7;0;1;1;A01
200900064592;0;7;0;0;0;0;1;A01
200900064592;0;7;0;0;2;0;1;B01
200900064593;0;7;0;0;2;1;15;A01
200900064593;0;7;0;0;2;3;1;B01
200900064594;0;15;0;0;2;6;15;A01
200900064594;0;1;0;0;2;1;1;B01
200900064595;0;33;0;0;2;3;15;A01
200900064595;0;1;0;0;2;1;1;B01
200900064596;0;7;0;0;1;2;14;A01
200900064597;0;30;0;0;1;1;1;A01
200900064598;0;1;0;0;2;3;0;A01
200900064598;0;7;0;0;2;2;17;B01
200900064599;0;7;0;0;1;1;1;A01
200900064600;0;7;0;0;0;4;23;B01
200900064600;0;2;0;0;2;1;1;A01
200900064601;0;7;0;0;2;7;13;A01
200900064601;0;10;0;0;2;1;1;B01
200900064602;0;7;0;0;1;8;15;A01
200900064603;0;7;0;0;1;2;1;A01
200900064604;0;7;0;15;0;2;0;A01
200900064605;0;7;0;0;2;3;13;A01
200900064605;0;7;0;0;2;3;21;B01
200900064606;0;30;0;16;0;0;0;A01
200900064607;0;7;0;0;0;1;14;A01
200900064608;0;7;0;0;2;2;15;A01
200900064608;0;2;0;0;2;1;1;B02
200900064609;0;7;0;0;2;2;19;A01
200900064609;0;33;0;0;2;1;1;B02
200900064610;0;7;0;0;0;4;1;B02
200900064610;0;7;0;0;0;1;1;A01
200900064611;0;2;0;0;2;4;1;B02
200900064611;0;2;0;0;2;4;2;C03
200900064611;0;7;0;0;2;1;1;A01
200900064612;0;7;0;0;2;3;15;A01
200900064612;0;2;0;0;2;1;1;B02
200900064613;0;7;0;13;0;1;1;A01
200900064614;0;3;0;0;1;2;1;A01
200900064615;0;31;0;0;0;4;2;B02
200900064615;1;10;0;0;2;3;2;A01
200900064616;0;7;0;0;2;1;2;B02
200900064616;0;7;0;0;0;4;2;A01
200900064617;0;7;0;0;2;1;1;B02
200900064617;0;13;0;0;2;3;19;A01
200900064618;0;7;0;0;2;3;13;A01
200900064618;0;7;0;0;2;3;1;B02
200900064619;0;7;0;0;2;4;1;A01
200900064619;0;21;0;0;2;6;1;C03
200900064619;0;10;0;0;2;1;1;B02
200900064620;0;7;0;13;0;1;1;A01
200900064621;0;7;0;0;2;3;10;A01
200900064621;0;7;0;0;2;2;1;B02
200900064622;0;1;0;0;2;8;2;B02
200900064622;0;13;0;0;9;7;2;A01
200900064623;0;10;0;0;2;3;1;B02
200900064623;0;1;0;0;2;1;1;D04
200900064623;0;7;0;0;2;3;1;A01
200900064623;0;1;0;0;0;0;0;C03
200900064624;0;7;0;0;2;1;13;A01
200900064624;0;7;0;0;2;1;1;B02
200900064625;0;7;0;0;1;4;4;A01
200900064626;0;7;0;0;2;5;13;A01
200900064626;0;7;0;0;2;1;1;B01
200900064627;0;10;0;0;2;8;15;B01
200900064627;0;2;0;0;2;1;1;A01
200900064628;0;38;0;0;2;1;1;B01
200900064628;0;7;0;0;2;3;9;A01
200900064629;0;7;0;0;1;3;1;A01
200900064630;0;7;0;0;1;2;1;A01
200900064631;0;7;0;0;2;1;2;A01
200900064631;0;7;0;0;2;4;2;B01
200900064632;0;7;0;6;0;1;15;A01
200900064633;0;2;0;0;0;3;1;A01
200900064634;0;7;0;0;2;2;16;A01
200900064634;0;7;0;0;2;1;13;B01
200900064635;0;2;0;0;2;5;1;B01
200900064635;0;7;0;0;2;1;9;A01
200900064636;0;1;0;0;2;0;1;A01
200900064636;0;7;0;0;9;5;16;B01
200900064637;0;7;0;0;2;4;15;B01
200900064637;0;7;0;0;2;1;2;A01
200900064638;0;7;0;0;2;5;12;A01
200900064638;0;7;0;0;2;3;1;B01
200900064639;0;7;0;0;2;4;1;C01
200900064639;0;7;0;0;2;1;2;A01
200900064639;0;7;0;0;2;4;2;B01
200900064640;0;7;0;13;2;1;21;B01
200900064640;1;7;0;0;0;0;17;A01
200900064641;1;7;0;0;1;1;0;A01
200900064642;0;7;0;0;1;2;1;A01
200900064643;0;7;0;0;2;3;2;A01
200900064643;0;7;0;0;2;2;1;B01
200900064644;0;7;0;0;2;3;1;B01
200900064644;0;7;0;0;2;1;15;A01
200900064645;0;7;0;0;2;1;2;A01
200900064645;0;7;0;0;2;4;2;B01
200900064646;0;7;0;0;1;1;1;A01
200900064647;0;7;0;0;2;1;2;A01
200900064647;0;7;0;0;2;4;1;B01
200900064648;2;33;0;0;2;1;5;A01
200900064648;0;37;3;0;2;3;1;B01
200900064649;0;7;0;3;0;0;14;A01
200900064650;0;7;0;0;2;4;23;B01
200900064650;0;7;0;0;2;1;1;A01
200900064651;0;7;0;0;1;2;1;A01
200900064652;0;7;0;0;1;2;14;A01
200900064653;0;2;0;0;2;3;13;A01
200900064653;0;7;0;0;2;5;1;B01
200900064654;0;7;0;0;1;1;1;A01
200900064655;0;7;0;0;2;1;2;A01
200900064655;0;7;0;0;2;4;1;B01
200900064656;0;7;0;0;1;4;4;A01
200900064657;0;7;0;0;1;1;1;A01
200900064658;0;2;0;0;2;8;1;A01
200900064658;0;7;0;0;2;5;1;B01
200900064659;0;7;0;0;2;3;15;B01
200900064659;0;31;0;0;2;8;2;A01
200900064660;0;7;0;0;1;2;1;A01
200900064661;0;1;0;0;2;7;2;B01
200900064661;0;7;0;0;2;5;17;A01
200900064662;0;1;0;0;2;8;2;B01
200900064662;1;7;0;0;2;7;2;A01
200900064663;1;7;0;0;1;5;16;A01
200900064664;0;7;0;0;2;2;1;B01
200900064664;0;7;0;0;2;3;15;A01
200900064665;0;31;0;0;2;1;2;A01
200900064665;0;7;0;0;0;0;15;B01
200900064666;0;7;0;6;0;1;14;A01
200900064667;0;7;0;0;1;4;4;A01
200900064668;0;7;0;0;2;7;1;B01
200900064668;0;2;0;0;2;1;9;A01
200900064669;0;7;0;0;2;1;2;A01
200900064669;0;7;0;0;2;4;2;B01
200900064670;0;7;0;0;2;1;1;B01
200900064670;0;2;0;0;2;8;15;A01
200900064671;0;7;0;0;2;3;1;B01
200900064671;0;7;0;0;2;1;13;A01
200900064672;0;7;0;0;2;4;1;C01
200900064672;0;7;0;0;2;4;1;D01
200900064672;0;7;0;0;2;1;2;A01
200900064672;0;10;0;0;2;4;2;B01
200900064673;0;7;0;0;1;2;1;A01
200900064674;0;10;0;3;0;1;1;A01
200900064675;0;7;0;0;1;3;1;A01
200900064676;0;7;0;0;2;2;1;A01
200900064676;0;10;0;3;2;3;1;B01
200900064677;0;7;0;0;2;1;1;A01
200900064677;0;33;0;0;2;8;1;B01
200900064678;0;7;0;0;2;8;1;B01
200900064678;0;7;0;0;2;1;1;A01
200900064679;0;7;0;0;2;2;11;A01
200900064679;0;30;0;0;2;1;2;B01
200900064680;0;13;0;0;2;2;2;A01
200900064680;0;21;0;0;2;4;2;B02
200900064681;0;7;0;2;0;8;1;A01
200900064682;0;7;0;0;0;0;1;A01
200900064683;0;7;0;0;1;1;19;A01
200900064684;0;7;0;2;0;3;1;A01
200900064685;0;7;0;0;2;3;1;B02
200900064685;0;7;0;0;2;1;1;C03
200900064685;0;7;0;0;2;1;13;A01
200900064686;0;7;0;8;0;7;1;A01
200900064687;0;7;0;0;1;7;1;A01
200900064688;0;7;0;2;0;1;13;A01
200900064689;0;7;0;2;0;2;1;A01
200900064690;0;30;0;0;2;1;1;B02
200900064690;0;30;0;0;2;1;13;A01
200900064691;0;7;0;0;2;1;1;A01
200900064691;0;7;0;0;2;1;1;B02
200900064692;0;7;0;0;2;1;13;A01
200900064692;0;7;0;0;2;2;1;B02
200900064693;0;10;0;0;2;1;13;A01
200900064693;0;10;0;0;2;1;1;B02
200900064694;0;7;0;0;0;0;1;A01
200900064695;0;7;0;0;2;7;17;A01
200900064695;0;7;0;0;2;8;1;B02
200900064696;0;7;0;0;2;1;1;B02
200900064696;0;7;0;0;2;7;1;A01
200900064697;0;7;0;0;2;1;16;A01
200900064697;0;2;0;0;2;1;1;B02
200900064698;1;7;0;0;1;3;1;A01
200900064699;0;7;0;0;1;7;1;A01
200900064700;0;33;0;0;0;8;1;A01
200900064701;0;7;0;0;2;7;1;B01
200900064701;0;7;0;0;1;1;1;A01
200900064702;0;7;0;0;1;1;15;A01
200900064703;0;7;0;0;2;1;1;B01
200900064703;0;7;0;0;2;1;23;A01
200900064704;0;7;0;0;2;7;15;A01
200900064704;0;7;0;0;2;3;1;B01
200900064704;0;7;0;0;2;3;1;C01
200900064705;0;7;0;0;2;8;1;A01
200900064705;0;1;0;0;2;0;19;B01
200900064706;0;7;0;0;2;1;0;A01
200900064706;0;7;0;0;2;1;1;B01
200900064707;0;7;0;0;1;1;1;A01
200900064708;0;7;0;0;2;8;9;A01
200900064708;0;7;0;0;2;1;1;B01
200900064709;0;7;0;0;2;7;1;A01
200900064709;0;7;0;0;2;1;1;B01
200900064710;0;7;0;0;1;3;1;A01
200900064711;0;1;0;0;2;7;1;B01
200900064711;0;7;0;0;2;3;1;A01
200900064712;0;7;0;0;2;1;15;A01
200900064712;0;7;0;0;1;4;15;B01
200900064713;0;7;0;0;2;1;15;A01
200900064713;0;7;0;0;2;4;15;B01
200900064714;0;10;0;0;1;3;17;A01
200900064715;0;7;0;0;2;1;5;A01
200900064715;0;7;0;0;2;1;1;B01
200900064716;0;7;0;0;2;1;2;A01
200900064716;0;7;0;0;0;4;2;B01
200900064717;0;7;0;6;0;1;21;A01
200900064718;0;7;0;0;1;2;1;A01
200900064719;0;30;0;0;2;1;1;B01
200900064719;0;7;0;0;2;2;15;A01
200900064720;0;33;0;0;2;1;1;B01
200900064720;0;7;0;0;2;1;10;A01
200900064721;0;7;0;0;2;1;1;B01
200900064721;0;2;0;0;1;1;1;A01
200900064722;0;7;0;0;2;6;9;A01
200900064722;0;33;0;0;2;2;1;B01
200900064723;0;17;0;0;0;8;1;B01
200900064723;0;7;0;4;0;2;21;C01
200900064723;0;7;0;3;2;1;11;A01
200900064724;0;7;0;0;0;8;21;A01
200900064724;0;7;0;0;2;1;11;B01
200900064725;0;7;0;0;0;6;2;B02
200900064725;0;32;0;0;2;1;2;A01
200900064726;0;7;0;0;2;1;6;A01
200900064726;0;7;0;14;0;1;1;C01
200900064726;0;7;0;0;2;8;1;B01
200900064727;0;7;0;0;2;3;1;C03
200900064727;0;7;0;0;2;4;15;B02
200900064727;0;10;0;0;2;1;1;A01
200900064728;0;7;0;0;1;1;16;A01
200900064729;0;7;0;0;1;3;1;A01
200900064730;0;7;0;0;1;1;1;A01
200900064731;0;7;0;0;2;1;1;A01
200900064731;0;7;0;0;2;1;1;B01
200900064732;0;7;0;0;1;4;20;A01
200900064733;0;7;0;0;1;1;11;A01
200900064734;0;7;0;0;2;8;9;A01
200900064734;0;33;0;0;2;1;1;B01
200900064735;0;7;0;0;1;1;15;A01
200900064736;0;7;0;0;1;0;1;A01
200900064737;0;7;0;0;1;1;1;A01
200900064738;0;1;0;0;2;4;15;B01
200900064738;0;7;0;0;2;1;0;A01
200900064738;0;7;0;0;2;3;5;C01
200900064739;0;10;0;0;1;4;20;A01
200900064740;0;30;0;14;0;1;1;A01
200900064741;0;7;0;0;1;2;1;A01
200900064742;0;30;0;12;0;1;15;A01
200900064743;0;7;0;0;1;1;15;A01
200900064744;0;7;0;0;2;1;1;A01
200900064744;0;31;0;0;2;4;2;B01
200900064745;0;7;0;0;1;4;4;A01
200900064746;0;7;0;0;2;5;15;A01
200900064746;0;37;8;0;2;1;1;B01
200900064747;0;7;0;0;2;6;1;B01
200900064747;0;7;0;0;2;1;1;A01
200900064748;0;7;0;0;2;4;24;B01
200900064748;0;7;0;0;2;1;14;A01
200900064749;0;7;0;1;0;7;0;C01
200900064749;0;37;5;0;2;1;1;B01
200900064749;0;7;0;0;2;9;6;A01
200900064750;0;7;0;0;1;3;1;A01
200900064751;0;7;0;0;1;8;24;A01
200900064751;0;1;0;1;0;1;1;B01
200900064752;1;7;0;0;2;3;10;A01
200900064752;0;2;0;0;2;1;9;B01
200900064753;0;7;0;0;2;4;2;C01
200900064753;0;7;0;0;2;1;1;A01
200900064753;0;7;0;0;2;4;2;D01
200900064753;0;7;0;0;2;4;23;E01
200900064753;0;7;0;0;2;4;2;B01
200900064754;0;7;0;0;0;4;2;B01
200900064754;0;7;0;0;2;1;2;A01
200900064755;0;7;0;0;2;1;2;A01
200900064755;0;7;0;1;0;1;2;B01
200900064755;0;7;0;0;0;4;2;C01
200900064756;0;10;0;0;2;1;2;A01
200900064756;0;10;0;0;0;4;2;B01
200900064757;0;7;0;0;1;7;1;A01
200900064758;0;7;0;0;1;2;1;A01
200900064759;0;7;0;0;0;3;19;A01
200900064759;0;7;0;0;0;2;1;B02
200900064760;0;7;0;0;2;3;2;C03
200900064760;0;7;0;0;2;1;17;A01
200900064760;0;7;0;0;2;1;2;B02
200900064761;0;30;0;0;1;1;17;A01
200900064762;0;7;0;2;0;1;14;A01
200900064763;0;7;0;0;1;1;2;A01
200900064764;0;7;0;0;2;1;5;A01
200900064764;0;7;0;0;2;1;1;B02
200900064765;0;7;0;0;1;6;20;A01
200900064766;0;7;0;0;2;1;2;C03
200900064766;0;7;0;3;2;2;1;B02
200900064766;0;7;0;3;2;6;13;A01
200900064767;0;7;0;0;2;3;1;B02
200900064767;0;7;0;0;2;3;13;A01
200900064768;0;7;0;0;2;2;15;A01
200900064768;0;2;0;0;2;1;1;B01
200900064769;0;2;0;0;1;1;1;A01
200900064770;0;2;0;0;2;1;1;B01
200900064770;0;7;0;0;2;2;15;A01
200900064771;0;7;0;0;1;7;1;A01
200900064772;0;7;0;0;2;2;15;A01
200900064772;0;7;0;0;1;6;1;B01
200900064773;0;7;0;0;2;2;1;B01
200900064773;0;2;0;0;2;1;1;A01
200900064774;0;7;0;0;1;2;1;A01
200900064775;0;7;0;0;2;3;1;A01
200900064775;0;7;0;0;2;1;1;B01
200900064776;0;7;0;0;2;1;2;A01
200900064776;0;7;0;0;2;4;2;B01
200900064776;0;7;0;0;2;4;2;C01
200900064777;0;7;0;0;1;3;1;A01
200900064778;0;7;0;0;2;4;2;B01
200900064778;0;2;0;0;2;1;2;A01
200900064779;0;7;0;0;1;2;1;A01
200900064780;0;7;0;1;0;5;0;A01
200900064781;0;7;0;0;4;3;1;B01
200900064781;0;39;0;0;2;1;1;A01
200900064782;0;7;0;0;1;1;1;A01
200900064783;0;7;0;0;1;2;1;A01
200900064784;0;7;0;0;2;1;1;A01
200900064784;0;7;0;0;2;4;2;B01
200900064785;0;7;0;0;2;4;1;B01
200900064785;0;7;0;6;2;9;0;A01
200900064786;0;7;0;0;2;1;1;B01
200900064786;0;10;0;0;2;6;9;A01
200900064787;0;7;0;0;2;2;1;B01
200900064787;0;7;0;0;2;2;15;A01
200900064788;0;7;0;0;1;1;1;A01
200900064789;0;7;0;0;1;3;1;A01
200900064790;0;15;0;0;2;7;16;A01
200900064790;0;7;0;0;2;1;1;B01
200900064791;0;7;0;0;1;3;1;A01
200900064792;0;2;0;0;0;0;0;A01
200900064793;0;15;0;0;4;3;23;A01
200900064793;0;14;0;0;0;0;23;C01
200900064793;0;99;0;0;2;2;1;B01
200900064794;0;7;0;0;2;7;1;B01
200900064794;0;7;0;0;2;8;1;C01
200900064794;0;7;0;0;2;1;1;A01
200900064795;0;7;0;0;1;1;1;A01
200900064796;0;7;0;0;1;1;15;A01
200900064797;0;7;0;0;1;2;1;A01
200900064798;0;7;0;13;0;1;1;A01
200900064799;0;7;0;0;0;4;23;B01
200900064799;0;7;0;0;2;1;1;A01
200900064800;0;7;0;0;2;4;1;B01
200900064800;0;7;0;0;2;1;1;A01
200900064800;0;7;0;0;2;4;0;C01
200900064801;0;7;0;0;2;4;1;B01
200900064801;0;7;0;0;2;1;1;A01
200900064802;0;7;0;0;1;1;1;A01
200900064803;0;30;0;0;0;0;1;A01
200900064804;0;1;0;0;2;6;5;A01
200900064804;0;7;0;0;2;1;9;B01
200900064805;0;1;0;0;2;1;13;A01
200900064805;0;7;0;0;2;4;1;B01
200900064806;0;7;0;11;0;1;1;A01
200900064807;0;7;0;0;2;7;15;A01
200900064807;0;31;0;0;2;1;1;B01
200900064808;0;7;0;0;2;1;1;A01
200900064808;0;7;0;0;2;4;2;B01
200900064809;0;7;0;0;2;4;23;C01
200900064809;0;7;0;0;2;4;23;D01
200900064809;0;7;0;0;2;4;23;B01
200900064809;0;17;0;0;2;1;1;A01
200900064810;0;7;0;0;2;1;15;A01
200900064810;0;37;20;0;2;1;1;B01
200900064811;0;2;0;0;0;0;1;A01
200900064812;0;7;0;0;1;3;1;A01
200900064813;0;7;0;0;2;1;1;A01
200900064813;0;30;0;0;2;4;23;B01
200900064814;0;7;0;0;2;1;1;A01
200900064814;0;7;0;0;2;4;23;B01
200900064815;0;2;0;0;0;1;1;A01
200900064816;0;7;0;1;0;1;1;A01
200900064817;0;7;0;0;0;1;1;A01
200900064818;0;7;0;0;2;3;9;A01
200900064818;0;1;0;0;2;1;1;B01
200900064819;0;37;8;0;2;2;1;B01
200900064819;0;7;0;0;2;3;1;A01
200900064820;0;30;0;0;1;1;1;A01
200900064820;0;7;0;0;2;8;1;B01
200900064821;0;7;0;0;2;2;15;A01
200900064821;0;32;0;0;2;1;1;B01
200900064822;0;30;0;0;0;1;1;A01
200900064823;2;7;0;0;2;1;1;A01
200900064823;0;7;0;0;2;4;23;B01
200900064824;0;2;0;0;2;1;1;A01
200900064824;0;7;0;0;2;7;1;B01
200900064825;0;30;0;0;2;1;1;B01
200900064825;0;7;0;0;2;7;16;A01
200900064826;0;10;0;0;1;7;4;A01
200900064827;0;7;0;0;1;1;1;A01
200900064828;1;7;0;0;1;1;1;A01
200900064829;0;7;0;0;2;1;1;A01