num_acc;senc;catv;occutc;obs;obsm;choc;manv;num_veh
200900064829;0;7;0;0;2;7;1;B01
200900064830;0;10;0;0;2;1;1;A01
200900064830;0;1;0;0;2;1;1;B01
200900064831;0;7;0;0;2;1;1;C01
200900064831;0;7;0;0;2;1;5;A01
200900064831;0;7;0;14;2;1;1;D01
200900064831;0;7;0;3;2;5;21;B01
200900064832;0;7;0;0;2;4;23;B01
200900064832;0;7;0;0;2;1;1;A01
200900064833;0;33;0;0;2;1;1;A01
200900064833;0;7;0;0;2;4;1;B01
200900064834;0;30;0;0;2;8;18;A01
200900064834;0;7;0;0;2;7;16;B01
200900064835;1;7;0;0;2;8;15;A01
200900064835;0;32;0;0;2;1;1;B01
200900064836;0;1;0;0;0;1;5;A01
200900064836;0;10;0;0;2;7;16;B01
200900064837;0;7;0;0;2;7;22;A01
200900064837;0;1;0;0;2;1;1;B01
200900064838;0;7;0;0;2;5;16;B01
200900064838;0;7;0;0;2;1;1;A01
200900064839;0;30;0;0;2;7;1;A01
200900064839;0;7;0;0;2;3;15;B01
200900064840;0;7;0;0;1;1;1;A01
200900064841;0;7;0;13;0;1;1;A01
200900064842;0;7;0;13;0;9;1;A01
200900064843;0;7;0;0;1;1;1;A01
200900064844;0;30;0;0;0;0;16;A01
200900064845;0;7;0;0;2;1;1;A01
200900064845;0;1;0;0;2;8;1;B02
200900064846;0;7;0;0;2;1;1;A01
200900064846;0;10;0;0;2;7;1;B02
200900064847;0;7;0;0;2;3;16;A01
200900064847;0;2;0;0;2;1;1;B02
200900064848;0;7;0;2;0;1;13;A01
200900064849;0;30;0;0;2;4;2;B02
200900064849;0;30;0;0;2;1;2;A01
200900064850;0;7;0;0;2;2;1;A01
200900064850;0;1;0;0;2;1;19;B02
200900064851;0;7;0;0;2;6;15;B02
200900064851;0;33;0;0;2;1;17;A01
200900064852;0;30;0;0;0;0;1;A01
200900064853;0;33;0;0;2;1;1;B02
200900064853;0;7;0;0;2;1;15;A01
200900064854;0;7;0;0;2;1;15;A01
200900064854;0;33;0;0;2;8;1;B02
200900064855;0;7;0;0;2;2;17;A01
200900064855;0;21;0;0;2;8;15;B02
200900064856;0;7;0;0;2;8;9;A01
200900064856;0;33;0;0;2;2;1;B02
200900064857;0;2;0;0;2;8;1;B02
200900064857;0;7;0;0;2;1;1;A01
200900064858;0;31;0;0;2;1;1;A01
200900064858;0;7;0;0;2;2;19;B02
200900064859;0;33;0;0;0;0;1;A01
200900064860;0;7;0;6;0;8;1;A01
200900064861;0;7;0;1;0;1;2;A01
200900064861;0;10;0;0;0;4;23;B02
200900064862;0;33;0;0;2;1;1;B02
200900064862;0;7;0;0;2;2;15;A01
200900064863;0;1;0;0;0;4;15;B02
200900064863;0;7;0;0;2;2;1;A01
200900064864;0;1;0;0;9;1;1;A01
200900064865;0;7;0;0;2;1;13;A01
200900064865;0;7;0;0;2;1;1;C03
200900064865;0;7;0;0;2;6;21;B02
200900064866;0;7;0;13;0;2;1;A01
200900064867;0;7;0;0;2;6;16;A01
200900064867;0;30;0;0;2;1;1;B02
200900064868;0;33;0;13;0;0;15;A01
200900064869;0;33;0;13;0;1;1;A01
200900064870;0;7;0;0;2;7;15;A01
200900064870;0;30;0;0;2;1;1;B02
200900064871;0;7;0;0;2;3;15;A01
200900064871;0;31;0;0;2;1;1;B01
200900064872;0;2;0;0;1;1;1;A01
200900064873;1;10;0;0;1;2;1;A01
200900064874;0;7;0;0;0;4;2;C01
200900064874;0;7;0;14;0;4;2;B01
200900064874;0;7;0;0;2;1;2;A01
200900064875;0;7;0;0;2;1;1;B01
200900064875;0;7;0;0;2;6;1;A01
200900064876;0;30;0;1;0;1;2;A01
200900064877;0;13;0;0;2;3;2;A01
200900064877;0;7;0;0;0;4;9;B01
200900064878;0;7;0;0;2;1;6;A01
200900064878;0;17;0;0;2;1;1;B02
200900064879;0;7;0;0;2;8;1;B02
200900064879;0;7;0;0;2;1;17;A01
200900064880;0;7;0;0;2;7;19;A01
200900064880;0;30;0;0;2;1;1;B01
200900064881;0;7;0;0;2;2;19;A01
200900064881;0;33;0;0;2;1;1;B02
200900064882;0;2;0;0;1;1;1;A01
200900064883;0;33;0;0;2;1;1;B02
200900064883;0;7;0;0;2;6;15;A01
200900064884;0;7;0;0;0;9;14;A01
200900064885;0;7;0;0;1;4;4;A01
200900064886;0;7;0;15;0;1;13;A01
200900064887;0;2;0;0;2;8;1;B01
200900064887;0;7;0;0;2;1;19;A01
200900064888;0;31;0;0;2;0;1;B01
200900064888;0;1;0;0;2;0;1;A01
200900064889;0;7;0;0;0;0;0;B01
200900064889;0;7;0;0;0;0;0;A01
200900064890;0;7;0;0;2;3;15;A01
200900064890;0;2;0;0;2;8;1;B01
200900064891;0;7;0;0;2;1;15;A01
200900064891;0;7;0;0;2;1;1;B01
200900064892;0;30;0;0;0;1;1;A01
200900064893;0;7;0;0;2;3;1;A01
200900064893;0;2;0;0;2;4;15;B01
200900064894;0;7;0;0;2;4;2;C01
200900064894;0;7;0;0;2;1;1;A01
200900064894;0;7;0;0;2;4;2;B01
200900064895;0;7;0;0;2;1;15;A01
200900064895;0;30;0;0;2;1;18;B01
200900064896;0;7;0;0;2;1;1;A01
200900064896;0;30;0;0;2;4;23;B01
200900064897;0;10;0;0;2;1;11;A01
200900064897;0;7;0;0;2;4;2;B01
200900064898;0;30;0;0;2;1;1;B01
200900064898;0;7;0;0;2;2;15;A01
200900064899;0;30;0;0;0;0;1;A01
200900064900;0;1;0;0;2;1;19;A01
200900064900;0;7;0;0;2;2;1;B01
200900064901;0;7;0;0;2;0;9;A01
200900064901;0;30;0;0;2;0;1;B01
200900064902;0;2;0;0;2;1;1;B01
200900064902;0;7;0;0;2;7;15;A01
200900064903;0;7;0;0;2;1;13;A01
200900064903;0;7;0;0;2;3;1;B01
200900064904;0;33;0;0;2;1;1;B01
200900064904;0;7;0;0;2;3;15;A01
200900064905;1;7;0;0;1;0;1;A01
200900064906;0;1;0;0;0;1;1;A01
200900064907;0;30;0;0;2;1;1;B01
200900064907;0;7;0;0;2;1;17;A01
200900064908;0;7;0;0;2;4;15;B01
200900064908;0;2;0;0;2;1;17;A01
200900064909;0;7;0;0;2;4;1;B01
200900064909;0;7;0;0;2;1;1;A01
200900064909;0;7;0;0;2;4;1;C01
200900064910;0;7;0;3;0;9;1;A01
200900064911;0;30;0;0;2;1;1;B01
200900064911;0;32;0;0;2;1;13;A01
200900064912;0;7;0;0;1;1;18;A01
200900064913;0;30;0;0;2;1;1;A01
200900064913;0;7;0;0;2;3;1;B02
200900064914;0;2;0;0;2;7;17;A01
200900064914;0;7;0;0;2;3;15;B02
200900064915;0;7;0;13;0;1;17;A01
200900064916;0;7;0;0;1;2;1;A01
200900064917;0;7;0;0;2;3;21;A01
200900064917;0;30;0;0;2;1;13;B02
200900064918;0;33;0;0;2;1;1;A01
200900064918;0;7;0;0;2;8;15;B02
200900064919;0;7;0;0;2;2;19;B02
200900064919;0;7;0;0;2;1;1;A01
200900064920;0;30;0;1;0;1;1;A01
200900064920;0;7;0;0;0;3;24;C03
200900064920;0;7;0;0;0;8;24;B02
200900064921;0;7;0;0;2;3;1;B02
200900064921;0;10;0;0;2;3;13;A01
200900064922;0;10;0;0;2;1;13;A01
200900064922;0;14;0;0;2;1;1;B02
200900064923;0;7;0;13;0;1;1;A01
200900064924;0;2;0;0;0;0;1;A01
200900064925;0;7;0;0;2;3;5;A01
200900064925;0;7;0;0;2;1;1;B02
200900064926;0;10;0;0;0;3;1;A01
200900064926;0;1;0;0;0;7;1;B02
200900064927;0;14;0;0;2;7;16;A01
200900064927;0;2;0;0;2;1;1;B02
200900064928;0;7;0;0;2;7;15;A01
200900064928;0;7;0;0;2;1;1;B02
200900064929;0;10;0;0;1;5;20;A01
200900064930;0;7;0;0;1;2;1;A01
200900064931;0;33;0;0;2;1;2;A01
200900064931;0;7;0;0;2;6;2;B02
200900064932;0;33;0;0;2;1;2;A01
200900064932;0;7;0;0;0;4;15;B02
200900064933;0;10;0;0;1;2;1;A01
200900064934;0;31;0;0;9;1;16;A01
200900064934;0;1;0;0;2;6;19;B02
200900064935;0;7;0;0;0;3;1;B02
200900064935;0;7;0;0;2;2;17;A01
200900064936;0;7;0;0;1;4;4;A01
200900064937;0;7;0;13;0;1;1;A01
200900064938;0;7;0;0;2;1;2;A01
200900064938;0;7;0;0;2;4;2;B02
200900064939;0;33;0;0;2;1;5;A01
200900064939;0;33;0;0;2;1;1;B02
200900064940;0;7;0;13;0;1;1;A01
200900064941;0;2;0;9;0;2;14;A01
200900064942;0;1;0;14;0;0;2;A01
200900064943;0;10;0;0;1;3;23;B01
200900064943;0;7;0;0;1;3;1;A01
200900064944;0;7;0;0;2;3;1;A01
200900064944;0;2;0;0;2;1;1;B01
200900064945;0;7;0;2;0;2;6;A01
200900064946;0;1;0;1;0;1;1;B01
200900064946;0;7;0;0;2;3;24;A01
200900064946;0;38;1;0;2;5;17;C01
200900064947;0;7;0;0;2;1;15;A01
200900064947;0;2;0;0;2;8;1;B01
200900064948;0;7;0;0;1;3;15;A01
200900064949;0;7;0;0;2;7;9;A01
200900064949;0;30;0;0;2;1;1;B01
200900064950;0;2;0;0;2;1;1;A01
200900064950;0;7;0;0;2;4;1;B01
200900064951;0;7;0;0;2;5;15;B01
200900064951;1;7;0;0;2;1;1;A01
200900064952;0;2;0;0;2;1;7;B01
200900064952;0;7;0;0;2;2;16;A01
200900064953;0;7;0;0;2;4;23;C01
200900064953;0;7;0;0;2;1;1;A01
200900064953;0;7;0;0;2;4;23;B01
200900064954;0;30;0;14;0;1;1;A01
200900064955;0;7;0;0;2;6;1;A01
200900064955;0;1;0;0;2;1;1;B01
200900064956;0;7;0;0;1;1;2;A01
200900064957;0;30;0;0;0;1;1;A01
200900064958;0;32;0;0;2;1;2;A01
200900064958;0;7;0;0;1;4;2;B01
200900064959;0;7;0;13;0;1;1;A01
200900064960;0;10;0;0;2;2;17;A01
200900064960;0;30;0;0;2;1;1;B01
200900064961;0;33;0;0;0;0;1;A01
200900064962;0;7;0;0;1;2;1;A01
200900064963;0;30;0;14;0;0;1;A01
200900064964;0;38;25;0;1;0;7;A01
200900064965;0;13;0;0;2;2;1;B01
200900064965;0;1;0;0;2;1;19;A01
200900064966;0;30;0;0;2;2;2;A01
200900064966;0;7;0;0;2;2;2;B01
200900064967;0;1;0;0;2;7;1;A01
200900064967;0;7;0;0;2;1;14;B01
200900064968;0;7;0;0;1;4;4;A01
200900064969;0;7;0;0;2;3;1;A01
200900064969;0;1;0;0;2;1;19;B01
200900064970;0;7;0;0;2;8;1;B01
200900064970;0;15;0;0;2;7;12;A01
200900064971;0;33;0;0;0;1;1;A01
200900064972;0;7;0;0;1;3;1;A01
200900064973;0;2;0;0;0;0;1;A01
200900064974;1;99;0;0;0;0;0;A01
200900064974;0;30;0;0;0;0;0;B01
200900064975;0;1;0;0;2;1;1;B01
200900064975;1;7;0;0;2;3;9;A01
200900064976;0;7;0;0;1;2;1;A01
200900064977;0;2;0;8;0;1;0;A01
200900064978;0;7;0;0;2;3;19;A01
200900064978;0;33;0;0;2;1;0;B01
200900064979;0;7;0;0;2;1;13;A01
200900064979;0;7;0;0;2;1;1;C01
200900064979;0;7;0;0;2;4;1;D01
200900064979;0;7;0;0;2;4;1;B01
200900064980;0;7;0;0;1;8;1;A01
200900064981;0;2;0;0;2;1;1;B01
200900064981;0;7;0;0;2;8;9;A01
200900064982;0;7;0;0;2;1;1;B02
200900064982;0;1;0;0;2;7;1;A01
200900064983;0;7;0;0;2;1;1;B02
200900064983;0;7;0;0;2;8;1;A01
200900064984;0;7;0;8;0;1;1;A01
200900064985;0;31;0;13;0;1;0;A01
200900064986;0;7;0;0;2;1;13;B02
200900064986;0;7;0;0;2;1;1;A01
200900064987;0;7;0;14;0;2;2;A01
200900064987;0;10;0;0;2;3;23;B02
200900064988;0;7;0;2;0;7;13;A01
200900064989;0;7;0;0;1;2;1;A01
200900064990;0;7;0;3;0;6;23;A01
200900064990;0;7;0;0;2;8;1;D04
200900064990;0;10;0;1;0;2;2;C03
200900064990;0;7;0;0;2;8;2;B02
200900064991;0;7;0;0;0;8;1;B02
200900064991;0;7;0;0;0;2;15;A01
200900064992;0;7;0;0;0;0;0;A01
200900064993;0;7;0;0;0;5;2;A01
200900064993;0;7;0;0;2;3;2;B02
200900064994;0;7;0;0;2;2;2;A01
200900064994;0;10;0;3;0;6;1;B02
200900064995;0;7;0;13;0;9;1;A01
200900064996;0;7;0;0;0;0;1;A01
200900064996;0;7;0;0;2;1;17;B02
200900064997;0;7;0;8;0;7;13;A01
200900064998;0;7;0;0;0;8;1;A01
200900064999;0;7;0;0;2;3;15;A01
200900064999;0;10;0;8;2;1;1;B02
200900065000;0;7;0;0;2;3;15;B02
200900065000;2;7;0;0;2;3;1;A01
200900065001;0;7;0;0;2;1;1;A01
200900065001;0;30;0;0;2;4;1;B02
200900065002;0;10;0;0;1;1;1;A01
200900065003;0;7;0;0;0;2;1;A01
200900065004;0;33;0;0;2;1;1;B01
200900065004;0;33;0;0;2;3;15;A01
200900065005;0;7;0;0;2;4;1;F01
200900065005;0;7;0;0;2;1;1;C01
200900065005;0;7;0;0;2;4;1;D01
200900065005;0;7;0;0;2;1;1;E01
200900065005;0;7;0;0;2;1;1;A01
200900065005;0;7;0;0;2;5;1;B01
200900065006;1;7;0;0;0;0;1;A01
200900065007;0;1;0;0;2;1;1;B01
200900065007;0;1;0;0;2;1;1;A01
200900065008;0;7;0;0;2;7;1;A01
200900065008;0;7;0;0;0;1;1;B01
200900065009;0;7;0;0;2;1;2;A01
200900065009;0;34;0;0;2;4;1;B01
200900065010;0;7;0;0;0;2;1;A01
200900065011;0;7;0;0;2;3;22;A01
200900065011;0;30;0;0;2;8;1;B01
200900065012;0;7;0;0;2;1;15;A01
200900065012;0;7;0;0;2;1;23;C01
200900065012;0;7;0;0;2;1;1;B01
200900065013;0;7;0;0;2;7;23;A01
200900065013;0;1;0;0;2;1;1;B01
200900065014;0;7;0;11;0;9;13;A01
200900065015;0;7;0;0;2;1;15;A01
200900065015;0;32;0;0;2;1;1;B01
200900065016;0;33;0;0;0;0;1;A01
200900065017;0;7;0;0;1;0;1;A01
200900065018;0;7;0;6;0;1;1;A01
200900065019;0;1;0;0;0;0;1;A01
200900065020;0;7;0;0;2;4;15;B01
200900065020;0;7;0;0;2;1;2;A01
200900065021;0;7;0;13;0;9;13;A01
200900065022;0;7;0;0;2;0;2;B01
200900065022;0;10;0;0;2;0;10;A01
200900065023;0;30;0;0;1;1;1;A01
200900065024;0;7;0;0;2;1;16;A01
200900065024;0;1;0;0;2;1;16;B01
200900065025;0;7;0;0;2;3;16;A01
200900065025;0;7;0;0;2;2;1;B01
200900065026;0;30;0;0;2;1;2;A01
200900065026;0;7;0;0;2;5;23;B01
200900065027;0;7;0;0;2;1;1;A01
200900065027;0;7;0;0;2;4;1;B01
200900065028;0;33;0;0;1;4;16;B01
200900065028;0;7;0;0;2;7;1;A01
200900065029;0;7;0;0;2;2;1;A01
200900065029;0;1;0;0;2;0;2;B01
200900065030;0;7;0;3;2;3;1;A01
200900065030;0;13;0;0;2;1;12;B01
200900065031;0;7;0;0;1;1;15;A01
200900065032;0;7;0;0;2;1;1;B01
200900065032;0;7;0;0;2;2;9;A01
200900065033;0;7;0;0;2;3;9;A01
200900065033;0;30;0;0;2;5;0;B01
200900065034;0;7;0;0;1;3;16;A01
200900065035;0;7;0;0;2;8;1;B01
200900065035;0;15;0;0;2;1;16;A01
200900065036;0;31;0;0;0;0;1;A01
200900065037;0;7;0;0;2;3;1;B01
200900065037;0;1;0;0;2;1;19;A01
200900065038;0;1;0;0;2;1;1;A01
200900065038;0;7;0;0;2;8;15;B01
200900065039;0;7;0;0;1;3;1;A01
200900065040;0;7;0;0;1;1;1;A01
200900065041;0;7;0;14;0;1;2;A01
200900065041;0;7;0;0;2;4;2;B01
200900065042;0;2;0;0;2;1;8;B01
200900065042;0;7;0;0;2;2;15;A01
200900065043;0;30;0;0;2;7;1;A01
200900065043;0;7;0;0;2;1;1;B01
200900065044;0;7;0;0;2;1;1;A01
200900065044;0;7;0;0;2;4;2;B01
200900065045;0;1;0;0;0;0;1;A01
200900065046;0;7;0;0;1;0;15;A01
200900065047;1;7;0;0;1;1;1;A01
200900065048;0;7;0;0;2;1;1;A01
200900065048;0;7;0;0;2;4;2;B01
200900065049;0;7;0;0;2;4;16;B01
200900065049;0;30;0;0;2;1;1;A01
200900065050;0;7;0;0;2;1;15;A01
200900065050;0;7;0;0;2;1;1;B01
200900065051;0;7;0;0;1;1;1;A01
200900065052;0;30;0;0;2;7;1;B01
200900065052;0;7;0;0;0;3;1;A01
200900065053;0;1;0;0;0;0;1;B01
200900065053;0;7;0;0;2;0;22;A01
200900065054;0;31;0;0;0;0;1;A01
200900065055;0;7;0;0;1;1;1;A01
200900065056;0;7;0;0;2;2;15;A01
200900065056;0;30;0;0;2;1;1;B01
200900065057;0;1;0;0;2;1;1;B01
200900065057;0;7;0;0;2;1;1;A01
200900065058;0;7;0;0;2;1;1;A01
200900065058;0;7;0;0;2;4;23;B01
200900065059;0;7;0;0;2;3;15;A01
200900065059;0;32;0;0;2;1;1;B01
200900065060;0;30;0;0;0;1;1;A01
200900065061;0;1;0;0;0;1;16;A01
200900065062;0;10;0;0;2;3;1;A01
200900065062;0;7;0;0;2;1;15;B01
200900065063;0;10;0;0;2;1;1;B01
200900065063;0;7;0;0;2;1;15;A01
200900065064;0;7;0;0;2;6;15;A01
200900065064;0;7;0;0;2;2;1;B01
200900065065;0;7;0;0;2;7;15;A01
200900065065;0;1;0;0;2;1;1;B01
200900065066;0;7;0;0;2;0;0;B01
200900065066;0;14;0;0;2;7;1;A01
200900065067;0;1;0;1;0;1;1;A01
200900065068;0;7;0;0;1;7;2;A01
200900065069;0;7;0;0;1;1;2;A01
200900065070;0;7;0;0;2;3;9;B01
200900065070;0;2;0;0;2;7;0;A01
200900065071;0;10;0;0;1;3;1;A01
200900065072;0;7;0;0;2;1;1;B02
200900065072;0;14;0;0;2;1;17;A01
200900065073;1;7;0;0;2;2;19;A01
200900065073;0;2;0;0;2;1;1;B02
200900065074;0;7;0;0;1;2;1;A01
200900065075;0;10;0;0;2;1;1;B02
200900065075;0;7;0;0;0;7;19;A01
200900065076;0;7;0;0;0;0;1;A01
200900065077;0;14;0;6;2;1;1;A01
200900065077;0;7;0;0;2;3;1;B02
200900065078;0;7;0;0;2;1;1;B02
200900065078;0;7;0;0;2;1;1;A01
200900065079;0;7;0;0;1;3;1;A01
200900065080;0;17;0;2;0;2;2;A01
200900065081;0;7;0;0;2;2;1;A01
200900065081;0;1;0;0;2;7;1;B02
200900065082;0;21;0;0;0;0;1;B02
200900065082;0;2;0;0;2;3;13;A01
200900065083;0;7;0;0;2;1;1;B02
200900065083;0;7;0;0;2;7;13;A01
200900065084;0;30;0;0;2;3;19;A01
200900065084;0;7;0;0;2;1;1;B02
200900065085;0;7;0;13;0;1;1;A01
200900065086;0;7;0;13;0;2;1;A01
200900065087;0;10;0;0;2;6;1;B02
200900065087;0;7;0;0;2;2;14;A01
200900065088;0;17;0;0;2;1;1;B02
200900065088;0;7;0;0;2;3;15;A01
200900065089;0;7;0;0;2;3;15;A01
200900065089;0;33;0;0;0;1;17;B02
200900065090;0;7;0;13;0;9;1;A01
200900065091;0;7;0;0;2;8;13;A01
200900065091;0;30;0;0;2;8;1;B02
200900065092;0;30;0;0;0;7;1;A01
200900065093;0;7;0;0;1;8;1;A01
200900065094;0;7;0;0;1;3;1;A01
200900065095;0;7;0;0;2;3;1;B02
200900065095;0;7;0;0;2;1;1;A01
200900065096;0;7;0;0;2;1;1;B01
200900065096;0;33;0;0;2;1;1;A01
200900065097;0;7;0;0;1;2;1;A01
200900065098;2;7;0;0;2;1;1;A01
200900065098;0;7;0;0;2;2;15;B01
200900065099;0;7;0;0;2;1;9;A01
200900065099;0;37;50;0;2;3;13;B01
200900065100;0;7;0;0;2;1;1;A01
200900065100;0;7;0;0;2;4;1;B01
200900065101;0;30;0;0;0;0;1;A01
200900065102;0;7;0;0;1;5;1;A01
200900065103;0;7;0;0;2;3;1;B01
200900065103;0;1;0;0;2;1;1;A01
200900065104;0;2;0;0;2;8;9;B01
200900065104;0;7;0;0;2;1;1;A01
200900065105;0;32;0;0;0;7;1;A01
200900065106;0;7;0;0;2;1;1;A01
200900065106;0;7;0;0;2;6;0;C01
200900065106;0;7;0;0;2;9;1;B01
200900065107;0;7;0;6;2;1;1;B01
200900065107;0;17;0;13;2;7;13;A01
200900065108;0;1;0;0;1;2;15;A01
200900065109;0;7;0;0;1;3;1;A01
200900065110;0;7;0;0;2;4;1;B01
200900065110;0;7;0;0;2;1;1;A01
200900065111;0;30;0;0;2;8;1;B01
200900065111;0;7;0;0;2;1;19;A01
200900065112;0;1;0;0;0;0;1;A01
200900065113;0;7;0;13;0;1;1;A01
200900065114;0;7;0;3;0;3;1;A01
200900065115;0;33;0;0;2;7;1;B01
200900065115;0;10;0;0;2;3;9;A01
200900065116;1;10;0;0;2;4;2;B01
200900065116;0;30;0;0;2;1;1;A01
200900065117;1;7;0;0;1;1;1;A01
200900065118;0;7;0;0;2;3;9;A01
200900065118;0;37;30;0;2;2;1;B01
200900065119;0;7;0;0;2;1;1;B01
200900065119;0;7;0;0;2;6;9;A01
200900065120;0;30;0;0;2;1;1;A01
200900065120;0;7;0;0;2;7;1;B01
200900065121;0;7;0;0;2;3;9;A01
200900065121;0;1;0;0;2;8;15;B01
200900065122;0;14;0;0;1;2;1;A01
200900065123;0;7;0;12;2;3;1;B01
200900065123;0;7;0;12;2;2;15;A01
200900065124;0;32;0;0;2;1;1;B01
200900065124;0;7;0;0;2;3;15;A01
200900065125;0;33;0;0;2;1;1;A01
200900065125;0;7;0;0;2;3;15;B01
200900065126;0;7;0;0;2;4;2;B01
200900065126;0;7;0;0;2;1;1;A01
200900065127;0;7;0;6;0;1;15;A01
200900065128;0;7;0;4;0;7;2;A01
200900065129;0;32;0;4;0;1;21;A01
200900065130;0;33;0;0;2;1;2;B01
200900065130;0;7;0;0;0;4;2;A01
200900065131;0;33;0;0;0;1;0;A01
200900065132;0;33;0;0;2;3;3;A01
200900065132;0;7;0;0;0;5;2;C01
200900065132;0;7;0;0;2;7;12;B01
200900065133;0;7;0;0;0;2;1;A01
200900065133;0;7;0;0;0;4;1;B01
200900065134;0;7;0;0;2;1;2;D01
200900065134;0;7;0;0;2;4;2;C01
200900065134;0;10;0;0;0;4;1;A01
200900065134;0;10;0;0;2;4;2;B01
200900065135;0;33;0;0;0;7;16;A01
200900065136;0;33;0;0;0;8;21;A01
200900065137;0;7;0;0;0;0;1;A01
200900065138;0;7;0;13;0;9;0;A01
200900065139;0;7;0;4;0;1;2;A01
200900065140;0;7;0;0;2;9;1;B01
200900065140;0;7;0;0;2;1;1;A01
200900065141;0;7;0;0;2;4;2;D01
200900065141;0;7;0;0;2;4;2;B01
200900065141;0;7;0;0;2;4;2;C01
200900065141;0;10;0;0;2;1;2;A01
200900065142;0;7;0;0;2;7;2;C01
200900065142;0;7;0;0;2;7;2;A01
200900065142;0;7;0;0;2;7;2;B01
200900065143;0;7;0;0;2;9;18;B01
200900065143;0;7;0;0;2;8;1;A01
200900065143;0;10;0;0;2;2;2;C01
200900065144;0;7;0;0;2;2;12;A01
200900065144;0;33;0;0;2;1;3;B01
200900065144;0;7;0;0;2;6;1;C01
200900065145;0;7;0;0;2;6;13;B01
200900065145;0;15;0;0;2;2;1;A01
200900065146;0;7;0;4;0;1;1;A01
200900065147;0;33;0;0;2;1;3;A01
200900065147;0;7;0;0;2;4;11;C01
200900065147;0;33;0;0;2;4;3;B01
200900065148;0;34;0;0;2;1;2;B01
200900065148;0;15;0;0;0;7;19;A01
200900065149;0;1;0;0;2;1;1;B01
200900065149;0;7;0;0;2;1;1;A01
200900065150;0;7;0;0;2;3;1;B01
200900065150;0;7;0;0;2;3;13;A01
200900065151;0;7;0;0;2;1;1;B01
200900065151;0;30;0;0;2;2;13;A01
200900065152;0;7;0;0;2;8;15;B01
200900065152;0;2;0;0;2;1;18;A01
200900065153;0;7;0;0;2;8;1;B01
200900065153;0;7;0;0;2;1;1;A01
200900065154;0;10;0;0;2;4;2;B01
200900065154;0;2;0;0;2;1;1;A01
200900065155;0;7;0;4;0;5;1;A01
200900065156;0;99;0;0;2;3;9;A01
200900065156;0;1;0;0;2;4;2;B02
200900065157;0;10;0;0;2;2;1;B02
200900065157;0;7;0;0;2;2;15;A01
200900065158;0;7;0;0;2;1;1;A01
200900065158;0;7;0;0;2;8;15;B02
200900065159;0;7;0;0;2;2;2;B02
200900065159;0;7;0;13;0;4;1;A01
200900065160;0;7;0;0;2;1;1;A01
200900065160;0;7;0;0;2;2;15;B02
200900065161;0;7;0;0;2;1;1;A01
200900065161;0;30;0;0;2;1;15;B02
200900065162;0;7;0;0;2;1;14;B01
200900065162;0;1;0;0;2;7;1;A01
200900065163;0;7;0;0;1;3;20;A01
200900065164;0;7;0;0;2;1;13;A01
200900065164;0;7;0;0;2;1;1;B01
200900065165;0;7;0;0;2;3;1;B01
200900065165;0;32;0;0;2;1;13;A01
200900065166;0;33;0;0;2;1;1;B01
200900065166;0;7;0;0;2;1;17;A01
200900065167;0;7;0;6;0;1;1;A01
200900065168;0;30;0;0;0;1;1;A01
200900065169;0;7;0;9;0;1;1;A01
200900065170;0;30;0;0;0;0;0;A01
200900065171;0;7;0;0;2;4;2;B01
200900065171;0;7;0;0;2;1;1;A01
200900065172;0;1;0;0;2;1;5;A01
200900065172;0;7;0;0;2;1;1;B01
200900065173;0;7;0;15;0;1;0;A01
200900065174;0;31;0;0;2;1;1;B01
200900065174;0;7;0;0;2;3;15;A01
200900065175;0;7;0;0;2;8;1;B01
200900065175;0;33;0;0;2;1;1;A01
200900065176;0;34;0;14;0;9;0;A01
200900065177;0;30;0;0;2;1;2;B01
200900065177;0;10;0;0;2;6;1;A01
200900065178;0;7;0;4;2;1;21;C01
200900065178;0;7;0;4;1;1;21;B01
200900065179;0;7;0;0;2;7;1;A01
200900065179;0;2;0;0;2;1;1;B01
200900065180;0;1;0;0;0;1;1;A01
200900065181;0;7;0;3;0;1;1;A01
200900065182;0;7;0;0;2;5;9;B01
200900065182;0;7;0;0;2;1;1;A01
200900065183;0;1;0;0;2;4;1;B01
200900065183;0;7;0;0;2;1;1;A01
200900065184;0;7;0;8;0;1;1;A01
200900065185;0;7;0;12;0;1;0;A01
200900065186;0;7;0;0;1;1;1;A01
200900065187;0;7;0;0;1;2;1;A01
200900065188;0;15;0;0;2;1;0;A01
200900065188;0;7;0;0;2;1;1;C01
200900065188;0;10;0;0;2;4;1;B01
200900065189;0;33;0;0;2;4;23;A01
200900065189;0;33;0;0;2;1;2;B01
200900065190;0;7;0;4;0;3;1;A01
200900065191;0;7;0;0;2;1;20;B01
200900065191;0;7;0;0;2;2;1;A01
200900065192;0;7;0;0;0;8;24;A01
200900065193;0;7;0;0;0;8;1;B01
200900065193;0;7;0;0;2;1;15;A01
200900065194;0;34;0;0;2;1;13;B01
200900065194;0;7;0;0;2;1;0;A01
200900065195;0;7;0;0;1;1;1;A01
200900065196;0;2;0;0;1;3;1;A01
200900065197;0;2;0;0;2;1;5;A01
200900065197;0;7;0;0;2;1;1;B01
200900065198;0;7;0;0;9;0;9;B01
200900065198;0;32;0;0;2;7;2;A01
200900065199;0;34;0;0;0;0;1;A01
200900065200;0;7;0;0;1;1;1;A01
200900065201;0;7;0;0;2;4;0;C01
200900065201;0;7;0;0;2;4;0;A01
200900065201;0;7;0;0;2;4;0;B01