num_acc;senc;catv;occutc;obs;obsm;choc;manv;num_veh
200900065202;0;7;0;0;0;9;1;A01
200900065203;0;7;0;0;0;4;2;A01
200900065203;0;7;0;0;2;1;2;B01
200900065203;0;7;0;0;2;1;2;F02
200900065203;0;7;0;0;2;1;0;E01
200900065203;0;7;0;0;2;1;2;C01
200900065203;0;7;0;0;2;1;2;D01
200900065204;0;30;0;0;0;8;1;A01
200900065205;0;7;0;0;2;7;15;A01
200900065205;0;33;0;0;2;1;1;B01
200900065206;0;7;0;0;2;2;15;B01
200900065206;0;33;0;0;2;1;17;A01
200900065207;0;7;0;0;1;1;1;A01
200900065208;0;2;0;0;2;7;2;B01
200900065208;0;7;0;0;2;3;9;A01
200900065209;0;7;0;0;2;3;13;A01
200900065209;0;7;0;0;2;3;1;B02
200900065210;0;31;0;0;0;0;1;A01
200900065211;0;10;0;13;0;2;1;A01
200900065212;0;32;0;0;2;1;13;A01
200900065212;0;7;0;0;2;3;1;B02
200900065213;0;33;0;13;0;1;1;A01
200900065214;0;7;0;0;0;1;13;A01
200900065214;0;10;0;0;0;1;1;B02
200900065215;0;31;0;0;2;1;1;B02
200900065215;0;7;0;0;2;3;15;A01
200900065216;0;30;0;0;2;1;3;A01
200900065216;0;7;0;0;0;6;23;B02
200900065216;0;7;0;0;0;3;1;C03
200900065217;0;7;0;0;2;7;17;A01
200900065217;0;1;0;0;2;8;2;B02
200900065218;0;7;0;0;2;7;13;A01
200900065218;0;7;0;13;2;1;1;B02
200900065219;0;7;0;0;2;3;1;A01
200900065219;0;1;0;0;0;2;1;B02
200900065220;0;10;0;0;2;4;23;B02
200900065220;0;33;0;0;2;1;1;A01
200900065221;0;7;0;0;2;8;19;A01
200900065221;0;2;0;0;2;1;1;B02
200900065222;0;7;0;0;2;1;0;B02
200900065222;0;7;0;0;2;1;0;A01
200900065223;0;7;0;0;1;1;1;A01
200900065224;0;33;0;0;2;1;1;A01
200900065224;0;7;0;0;2;4;23;B02
200900065225;0;33;0;0;1;1;17;A01
200900065226;0;33;0;0;2;1;17;A01
200900065226;0;7;0;0;0;4;15;B02
200900065227;0;7;0;0;2;3;1;B02
200900065227;0;17;0;0;2;8;16;A01
200900065228;0;7;0;0;2;5;23;B01
200900065228;0;2;0;0;2;1;2;A01
200900065229;0;7;0;0;2;1;1;B01
200900065229;0;7;0;0;2;8;9;A01
200900065230;0;7;0;0;2;3;15;B01
200900065230;0;30;0;0;2;1;1;A01
200900065231;0;7;0;0;0;4;1;B01
200900065231;0;7;0;0;2;1;2;A01
200900065232;0;31;0;0;2;6;1;B01
200900065232;0;30;0;0;2;1;19;A01
200900065233;0;15;0;0;1;6;0;A01
200900065234;0;7;0;0;2;4;2;B01
200900065234;0;7;0;0;2;1;2;A01
200900065234;0;7;0;0;2;4;2;C01
200900065234;0;7;0;0;2;4;2;D01
200900065235;0;7;0;0;2;4;1;B01
200900065235;0;99;0;0;2;1;1;A01
200900065236;0;33;0;0;0;1;2;A01
200900065236;0;7;0;0;0;0;0;B01
200900065237;0;33;0;0;1;3;17;A01
200900065238;0;7;0;0;1;6;4;A01
200900065239;0;7;0;0;1;3;1;A01
200900065240;0;30;0;0;2;1;2;A01
200900065240;0;7;0;0;0;4;1;B01
200900065241;0;7;0;0;2;1;1;B01
200900065241;0;7;0;12;2;7;0;A01
200900065242;0;30;0;12;2;7;17;B01
200900065242;0;7;0;0;2;8;15;A01
200900065243;0;30;0;0;1;1;1;A01
200900065244;0;33;0;0;2;1;1;B01
200900065244;0;7;0;0;2;1;1;A01
200900065245;0;7;0;1;0;2;0;A01
200900065246;1;7;0;0;1;0;0;A01
200900065247;0;7;0;12;0;5;1;A01
200900065248;0;7;0;0;2;6;1;B01
200900065248;0;7;0;0;2;5;1;A01
200900065249;0;7;0;0;0;3;15;B01
200900065249;0;2;0;0;0;1;0;A01
200900065250;0;10;0;0;1;4;4;A01
200900065251;0;7;0;0;1;3;0;A01
200900065252;0;37;1;0;2;1;19;B01
200900065252;0;7;0;0;2;3;19;A01
200900065253;0;7;0;0;2;3;13;A01
200900065253;0;7;0;0;2;1;1;B01
200900065254;0;30;0;15;2;0;1;B01
200900065254;0;7;0;0;2;7;0;A01
200900065255;0;7;0;0;2;7;19;A01
200900065255;0;31;0;0;2;1;1;B01
200900065256;0;7;0;0;0;5;15;B01
200900065256;0;30;0;0;0;1;1;A01
200900065257;0;33;0;0;2;1;2;A01
200900065257;0;7;0;0;0;4;23;B01
200900065258;0;32;0;12;0;9;0;A01
200900065259;0;7;0;0;2;8;11;A01
200900065259;0;32;0;0;2;1;1;B01
200900065260;0;1;0;0;2;0;1;B01
200900065260;0;7;0;0;2;3;10;A01
200900065261;0;33;0;14;0;0;2;A01
200900065261;1;7;0;0;0;0;0;B01
200900065262;0;31;0;0;0;8;1;B01
200900065262;0;7;0;0;0;0;19;A01
200900065263;0;7;0;0;2;1;17;A01
200900065263;0;33;0;0;2;1;1;B01
200900065264;0;7;0;0;1;1;1;A01
200900065265;0;7;0;0;1;1;0;A01
200900065266;0;30;0;0;1;0;1;A01
200900065267;0;7;0;0;2;2;1;A01
200900065267;0;31;0;0;2;7;1;B01
200900065268;0;7;0;0;2;5;2;B01
200900065268;0;33;0;0;2;1;3;A01
200900065269;0;7;0;3;0;2;0;A01
200900065270;0;7;0;14;2;3;11;A01
200900065271;0;33;0;0;2;1;1;B01
200900065271;0;7;0;0;2;2;12;A01
200900065272;0;31;0;0;2;9;0;B01
200900065272;0;7;0;0;2;1;15;A01
200900065273;0;7;0;0;1;1;1;A01
200900065274;0;7;0;0;2;3;2;A01
200900065274;0;33;0;0;2;1;2;B01
200900065275;0;10;0;0;0;1;0;A01
200900065275;0;7;0;0;0;4;0;B01
200900065276;0;99;0;2;0;1;2;A01
200900065277;0;7;0;0;1;3;15;B01
200900065277;0;30;0;0;2;2;17;A01
200900065278;0;7;0;0;0;0;0;A01
200900065278;0;32;0;0;0;3;0;B01
200900065279;0;33;0;0;2;1;2;A01
200900065279;0;7;0;0;2;6;2;B01
200900065280;0;7;0;0;1;1;1;A01
200900065281;0;7;0;0;1;1;1;A01
200900065282;0;32;0;0;2;4;2;A01
200900065282;0;7;0;0;0;0;0;B01
200900065283;0;7;0;0;2;1;1;B01
200900065283;0;32;0;0;2;1;1;A01
200900065284;0;2;0;1;0;1;1;B01
200900065284;0;10;0;0;0;8;0;A01
200900065285;0;7;0;0;1;7;2;A01
200900065286;0;33;0;0;2;1;1;B01
200900065286;1;7;0;0;0;6;15;A01
200900065287;0;7;0;0;1;3;1;A01
200900065288;0;30;0;0;2;1;0;B01
200900065288;0;7;0;0;2;8;19;A01
200900065289;0;7;0;0;2;8;15;A01
200900065289;0;33;0;0;2;1;1;B01
200900065290;0;32;0;0;2;1;1;A01
200900065290;0;7;0;0;9;4;1;B01
200900065291;0;31;0;0;2;1;1;A01
200900065291;0;7;0;0;2;2;15;B01
200900065292;0;30;0;0;2;1;1;A01
200900065292;1;7;0;0;0;0;0;B01
200900065293;0;33;0;0;2;1;2;A01
200900065293;0;7;0;0;0;5;15;B01
200900065294;0;30;0;0;1;1;18;A01
200900065295;0;7;0;0;1;3;1;A01
200900065296;0;7;0;0;2;3;15;A01
200900065296;0;30;0;0;2;1;17;B01
200900065297;0;32;0;0;1;1;1;A01
200900065298;0;7;0;0;1;3;1;A01
200900065299;0;10;0;0;1;4;4;A01
200900065300;0;30;0;12;0;1;1;A01
200900065301;0;7;0;0;2;4;1;B01
200900065301;0;33;0;0;2;0;0;A01
200900065302;0;33;0;0;2;1;0;B01
200900065302;1;7;0;0;2;0;0;A01
200900065303;0;33;0;11;0;9;1;A01
200900065304;0;7;0;0;2;1;1;A01
200900065305;0;2;0;0;1;1;1;A01
200900065306;0;7;0;0;2;8;15;B01
200900065306;0;30;0;0;2;2;17;A01
200900065307;0;7;0;0;2;1;5;A01
200900065307;0;7;0;0;2;1;1;B01
200900065308;0;10;0;0;2;1;1;B01
200900065308;0;10;0;0;2;1;5;A01
200900065309;0;99;0;0;9;1;15;A01
200900065309;0;33;0;0;2;1;1;B01
200900065310;1;7;0;0;1;1;1;A01
200900065311;0;13;0;0;1;1;0;A01
200900065312;0;7;0;0;2;7;12;B01
200900065312;0;30;0;15;2;8;2;A01
200900065313;0;7;0;0;2;8;1;B01
200900065313;0;30;0;0;2;0;17;A01
200900065314;0;31;0;0;2;1;1;B01
200900065314;0;7;0;0;2;2;19;A01
200900065315;0;7;0;0;2;7;1;B01
200900065315;0;7;0;0;2;1;15;A01
200900065316;0;7;0;0;2;5;0;A01
200900065316;0;2;0;0;2;1;0;B02
200900065317;0;7;0;0;1;1;1;A01
200900065318;0;7;0;0;0;1;0;A01
200900065319;0;7;0;0;2;3;19;A01
200900065319;0;32;0;0;2;1;0;B02
200900065320;0;33;0;2;0;5;1;A01
200900065321;0;31;0;0;2;1;13;A01
200900065321;0;7;0;0;2;5;13;B02
200900065322;0;7;0;0;9;3;1;B02
200900065322;0;2;0;0;2;1;1;A01
200900065323;0;7;0;0;2;7;13;A01
200900065323;0;7;0;0;2;1;1;B02
200900065324;0;7;0;3;0;7;1;A01
200900065325;0;7;0;0;2;3;1;B02
200900065325;0;7;0;0;2;3;1;A01
200900065326;0;7;0;0;1;3;1;A01
200900065327;0;7;0;0;0;2;1;B02
200900065327;0;7;0;0;0;1;1;C03
200900065327;0;7;0;0;0;2;5;A01
200900065328;0;7;0;0;0;4;2;B01
200900065328;0;7;0;0;2;1;1;A01
200900065329;0;33;0;0;2;8;0;B01
200900065329;0;7;0;0;0;4;1;A01
200900065330;0;7;0;0;0;4;2;C01
200900065330;0;7;0;0;0;4;2;D01
200900065330;0;7;0;0;0;1;2;A01
200900065330;0;10;0;0;0;1;2;B01
200900065331;0;7;0;0;2;1;1;B02
200900065331;0;7;0;0;2;5;13;A01
200900065332;0;7;0;0;2;1;1;B02
200900065332;2;7;0;4;2;3;1;A01
200900065333;0;33;0;0;2;1;1;B02
200900065333;0;7;0;0;2;2;15;A01
200900065334;0;14;0;2;0;6;1;A01
200900065335;0;10;0;0;2;8;17;B02
200900065336;0;33;0;0;2;1;17;A01
200900065336;0;7;0;0;0;8;15;B02
200900065337;0;7;0;0;2;3;1;A01
200900065337;0;10;0;0;2;3;1;B02
200900065338;0;7;0;6;0;8;1;B02
200900065338;0;7;0;0;2;3;13;A01
200900065339;0;33;0;0;2;1;1;B02
200900065339;0;7;0;0;2;3;15;A01
200900065340;0;7;0;13;0;3;1;A01
200900065341;0;7;0;0;1;2;1;A01
200900065342;0;2;0;0;2;1;1;A01
200900065342;0;2;0;0;2;4;1;B01
200900065343;0;2;0;0;0;8;19;A01
200900065343;0;10;0;0;2;1;1;B01
200900065344;0;30;0;0;2;1;1;A01
200900065344;0;7;0;0;2;8;1;B01
200900065345;0;7;0;1;0;1;1;A01
200900065345;0;10;0;0;2;6;24;B01
200900065346;0;7;0;0;0;5;15;A01
200900065346;0;31;0;0;2;1;1;B01
200900065347;0;7;0;0;2;3;1;B01
200900065347;0;7;0;0;2;3;1;A01
200900065348;0;7;0;15;2;3;1;B01
200900065348;0;7;0;0;2;2;19;A01
200900065349;0;7;0;6;1;4;4;A01
200900065350;2;7;0;0;2;2;15;A01
200900065350;0;7;0;0;0;0;0;B01
200900065351;0;14;0;0;2;5;14;A01
200900065351;0;7;0;0;2;6;1;B01
200900065352;0;7;0;0;2;1;1;A01
200900065352;0;7;0;0;2;5;15;B01
200900065352;0;7;0;0;2;1;23;C01
200900065353;0;30;0;0;2;7;1;B01
200900065353;0;7;0;0;2;1;16;A01
200900065354;0;7;0;0;0;7;1;A01
200900065355;0;7;0;0;2;8;1;B01
200900065355;0;17;0;0;2;7;1;A01
200900065356;0;7;0;4;0;7;0;A01
200900065357;0;2;0;0;2;1;15;B01
200900065357;0;7;0;0;2;4;4;A01
200900065358;0;33;0;0;0;8;1;A01
200900065359;0;7;0;0;0;0;16;A01
200900065360;0;7;0;0;2;1;13;A01
200900065360;0;7;0;0;2;1;1;B01
200900065361;0;7;0;0;2;3;15;A01
200900065361;0;1;0;0;2;1;1;B01
200900065362;0;30;0;0;1;1;0;A01
200900065363;0;7;0;0;2;1;13;A01
200900065363;0;7;0;0;2;6;2;C01
200900065363;0;7;0;0;2;1;1;B01
200900065364;0;7;0;0;1;2;15;A01
200900065365;0;7;0;0;1;3;1;A01
200900065366;0;10;0;0;1;0;0;A01
200900065367;2;7;0;0;2;3;5;A01
200900065367;0;30;0;0;2;1;1;B01
200900065368;0;7;0;0;2;2;1;B01
200900065368;0;7;0;12;2;2;15;A01
200900065369;0;13;0;8;0;2;15;A01
200900065370;0;7;0;0;0;1;0;A01
200900065371;0;7;0;0;2;2;1;A01
200900065371;0;7;0;0;0;6;1;B01
200900065372;0;7;0;0;2;1;0;B01
200900065372;0;7;0;0;2;3;15;A01
200900065373;0;10;0;0;2;1;15;A01
200900065373;0;32;0;0;2;1;1;B01
200900065374;0;7;0;0;2;2;9;A01
200900065374;0;37;0;0;2;3;1;B01
200900065375;0;32;0;0;2;8;1;B01
200900065375;0;10;0;0;2;1;1;A01
200900065375;0;10;0;0;2;1;0;C01
200900065376;0;7;0;0;2;1;1;B01
200900065376;0;7;0;0;0;8;19;A01
200900065377;0;33;0;;2;1;1;B02
200900065377;0;7;0;;2;7;15;A01
200900065378;0;7;0;0;2;3;1;B02
200900065378;0;7;0;0;2;2;19;A01
200900065379;0;7;0;0;1;1;1;A01
200900065380;0;7;0;0;1;2;1;A01
200900065381;0;7;0;0;2;8;9;A01
200900065381;0;30;0;0;2;1;1;B02
200900065382;0;33;0;0;0;8;1;A01
200900065383;0;7;0;13;0;1;13;A01
200900065384;0;14;0;13;0;1;14;A01
200900065384;0;7;0;0;0;0;14;B02
200900065385;0;7;0;6;0;3;1;A01
200900065386;0;7;0;0;1;3;1;A01
200900065387;0;7;0;0;2;7;1;A01
200900065387;0;30;0;0;2;1;1;B02
200900065388;0;7;0;4;0;1;0;A01
200900065389;0;7;0;0;2;3;19;A01
200900065389;0;1;0;0;2;1;1;B02
200900065390;0;7;0;8;0;1;1;A01
200900065391;0;7;0;5;6;1;1;A01
200900065392;0;17;0;3;0;3;1;A01
200900065393;0;7;0;8;0;3;1;A01
200900065394;0;7;0;13;6;1;1;A01
200900065395;0;7;0;0;2;1;1;B02
200900065395;0;30;0;0;2;3;13;A01
200900065396;0;7;0;0;2;2;1;A01
200900065396;0;1;0;0;2;1;1;B02
200900065396;0;1;0;0;2;1;1;C03
200900065397;1;7;0;14;0;1;1;A01
200900065397;0;7;0;0;0;4;23;B01
200900065398;0;7;0;7;0;1;1;A01
200900065399;0;7;0;0;2;3;1;A01
200900065399;0;99;0;0;2;1;1;B01
200900065400;0;30;0;8;0;1;1;A01
200900065401;0;7;0;0;2;3;15;A01
200900065401;0;30;0;0;2;1;1;B01
200900065402;0;7;0;0;9;3;15;A01
200900065402;0;7;0;0;0;0;15;B01
200900065403;0;38;1;0;1;1;16;A01
200900065404;0;7;0;0;1;3;1;A01
200900065405;0;7;0;0;1;3;1;A01
200900065406;0;7;0;0;2;3;10;A01
200900065406;0;33;0;0;2;3;1;B01
200900065407;0;2;0;0;0;1;1;A01
200900065408;0;2;0;0;2;7;1;B01
200900065408;0;7;0;0;2;6;15;A01
200900065409;0;10;0;0;2;2;15;A01
200900065409;0;30;0;0;2;1;1;B01
200900065410;0;10;0;14;1;2;0;A01
200900065411;0;7;0;0;9;3;0;B01
200900065411;0;2;0;0;2;1;0;A01
200900065412;0;7;0;0;1;1;1;A01
200900065413;0;2;0;1;2;2;1;A01
200900065413;0;7;0;0;2;1;15;B01
200900065414;0;7;0;4;2;3;13;A01
200900065414;0;7;0;6;2;3;0;B01
200900065415;0;1;0;0;0;0;0;A01
200900065416;0;7;0;0;1;1;1;A01
200900065417;0;30;0;0;2;1;1;A01
200900065417;0;7;0;0;2;1;15;B01
200900065418;0;7;0;0;2;2;14;B01
200900065418;0;2;0;0;2;1;5;A01
200900065419;0;7;0;0;1;8;1;A01
200900065420;0;33;0;0;2;1;1;B01
200900065420;0;33;0;0;2;1;9;A01
200900065421;0;30;0;3;2;9;1;A01
200900065421;0;7;0;3;0;8;1;B01
200900065422;0;30;0;0;2;1;1;B01
200900065422;0;7;0;9;2;2;15;A01
200900065423;0;7;0;0;1;2;1;A01
200900065424;0;7;0;12;2;0;10;A01
200900065424;0;31;0;0;2;1;21;B01
200900065425;0;7;0;0;1;2;1;A01
200900065426;0;1;0;0;2;9;1;C01
200900065426;0;7;0;0;2;8;2;A01
200900065426;0;1;0;0;2;4;1;B01
200900065427;0;7;0;0;0;3;15;A01
200900065427;0;30;0;0;0;0;1;B01
200900065428;0;30;0;0;1;6;0;A01
200900065429;0;7;0;0;1;1;0;A01
200900065430;0;14;0;0;2;3;1;B01
200900065430;0;7;0;0;2;1;1;A01
200900065431;0;33;0;2;2;1;1;B01
200900065431;0;7;0;0;2;2;15;A01
200900065432;0;7;0;1;0;6;0;A01
200900065433;0;33;0;1;0;1;1;A01
200900065434;0;10;0;0;2;3;1;B01
200900065434;0;7;0;0;2;1;1;A01
200900065435;1;7;0;0;2;3;15;B01
200900065435;0;7;0;2;2;6;1;A01
200900065436;0;1;0;0;0;0;1;A01
200900065437;0;2;0;0;2;7;1;B01
200900065437;0;7;0;0;2;1;9;A01
200900065438;0;31;0;0;2;1;0;A01
200900065438;0;13;0;0;2;8;1;B01
200900065439;0;7;0;0;2;7;16;B01
200900065439;0;7;0;0;2;3;1;A01
200900065440;0;7;0;0;2;4;0;B01
200900065440;0;7;0;0;2;1;0;A01
200900065441;0;33;0;0;2;1;2;A01
200900065441;0;10;0;0;2;4;2;B01
200900065442;0;2;0;1;0;1;1;A01
200900065443;1;30;0;0;1;1;1;A01
200900065444;0;7;0;0;0;4;1;B01
200900065444;0;7;0;0;2;1;2;A01
200900065445;0;7;0;0;2;3;1;B01
200900065445;0;7;0;0;2;1;1;A01
200900065445;0;7;0;0;2;4;15;C01
200900065446;0;7;0;0;2;5;5;A01
200900065446;0;7;0;0;2;1;21;B01
200900065447;0;30;0;0;0;7;1;A01
200900065448;0;7;0;0;1;2;1;A01
200900065449;0;37;1;0;0;7;2;A01
200900065449;0;1;0;0;0;0;0;B01
200900065450;0;31;0;0;2;1;1;B01
200900065450;0;7;0;0;2;3;15;A01
200900065451;0;17;0;0;2;3;1;B02
200900065451;0;7;0;0;2;3;13;A01
200900065451;0;1;0;0;2;8;1;C03
200900065452;0;7;0;0;2;1;1;A01
200900065452;0;7;0;0;2;3;1;C01
200900065452;0;7;0;0;2;1;1;B01
200900065453;0;7;0;0;2;3;1;B01
200900065453;0;10;0;0;2;8;15;A01
200900065454;0;7;0;0;1;8;1;A01
200900065455;0;30;0;0;2;8;0;B01
200900065455;1;7;0;0;2;1;0;A01
200900065456;0;20;0;0;0;2;23;B01
200900065456;0;2;0;0;2;1;1;A01
200900065457;1;1;0;0;1;0;0;A01
200900065458;0;2;0;0;2;2;1;A01
200900065458;0;7;0;0;2;3;1;B01
200900065459;0;7;0;0;2;3;1;B01
200900065459;0;7;0;0;2;2;1;A01
200900065460;1;7;0;0;2;1;2;A01
200900065460;0;7;0;0;2;4;2;B01
200900065461;0;7;0;0;2;6;10;A01
200900065461;0;2;0;0;2;2;0;B01
200900065462;0;7;0;0;1;1;1;A01
200900065463;0;30;0;1;1;7;1;A01
200900065464;0;7;0;0;2;7;0;B01
200900065464;1;7;0;0;2;0;0;A01
200900065465;0;7;0;0;1;2;1;A01
200900065466;0;7;0;0;0;4;24;A01
200900065466;0;7;0;1;0;1;14;B02
200900065467;0;7;0;0;0;3;1;A01
200900065467;0;30;0;0;0;1;1;B02
200900065468;0;7;0;0;2;3;13;A01
200900065468;0;7;0;0;2;3;1;B02
200900065469;0;33;0;0;2;8;1;B02
200900065469;0;7;0;0;2;5;20;A01
200900065470;0;14;0;0;2;2;1;B02
200900065470;0;30;0;0;2;3;16;A01
200900065471;0;7;0;0;2;2;1;A01
200900065471;0;7;0;0;2;3;1;B02
200900065472;0;7;0;0;2;6;15;A01
200900065472;0;30;0;0;2;1;21;B02
200900065473;0;7;0;0;2;1;1;B02
200900065473;0;7;0;0;2;1;1;A01
200900065474;0;7;0;0;2;8;19;A01
200900065474;0;2;0;0;2;1;1;B02
200900065475;0;7;0;13;0;9;1;A01
200900065476;0;7;0;0;0;7;15;A01
200900065476;0;2;0;0;2;1;0;B02
200900065477;0;10;0;0;2;1;1;A01
200900065477;0;30;0;0;0;4;1;B02
200900065478;0;7;0;0;2;8;1;A01
200900065478;0;2;0;0;2;6;1;B02
200900065479;0;7;0;0;2;8;1;B02
200900065479;0;7;0;0;2;3;13;A01
200900065480;0;7;0;0;1;1;1;A01
200900065481;0;7;0;0;2;3;1;A01
200900065481;0;7;0;0;2;2;1;B02
200900065482;0;7;0;0;2;1;1;A01
200900065482;0;10;0;0;2;1;1;B02
200900065483;0;7;0;2;0;1;1;A01
200900065484;0;7;0;3;0;2;1;A01
200900065485;0;7;0;3;0;1;17;A01
200900065486;0;7;0;0;0;0;1;A01
200900065487;0;30;0;0;2;1;1;A01
200900065487;1;7;0;0;2;3;20;B01
200900065488;0;10;0;0;0;4;23;E01
200900065488;0;7;0;14;0;1;1;A01
200900065488;0;7;0;0;0;4;23;B01
200900065488;0;31;0;0;0;4;23;D01
200900065488;0;7;0;0;0;4;23;C01
200900065489;0;7;0;0;2;1;1;B01
200900065489;0;10;0;0;2;8;1;A01
200900065490;0;30;0;0;2;1;1;B01
200900065490;0;7;0;0;2;7;15;A01
200900065491;0;17;0;0;2;8;1;B01
200900065491;0;7;0;0;2;7;17;A01
200900065492;0;2;0;8;0;1;1;A01
200900065493;0;7;0;0;1;1;1;A01
200900065494;0;7;0;0;1;0;0;A01
200900065495;0;34;0;0;1;1;1;A01
200900065496;0;7;0;0;2;3;1;B01
200900065496;0;7;0;0;2;3;9;A01
200900065497;0;10;0;0;1;4;4;A01
200900065498;0;2;0;0;2;1;15;A01
200900065498;0;7;0;0;2;2;1;B01
200900065499;0;7;0;0;1;3;1;A01
200900065500;0;2;0;12;0;2;1;A01
200900065501;0;2;0;0;2;1;1;A01
200900065501;0;7;0;0;2;2;1;B01
200900065502;0;7;0;0;1;1;15;A01
200900065503;0;7;0;0;1;7;1;A01
200900065504;0;7;0;12;2;3;1;A01
200900065504;0;17;0;0;2;8;15;B01
200900065505;0;7;0;0;0;0;1;A01
200900065506;0;7;0;0;0;8;0;B01
200900065506;0;17;0;0;2;2;12;A01
200900065507;0;7;0;4;2;6;1;B01
200900065507;0;7;0;0;2;7;1;A01
200900065508;0;10;0;0;0;4;2;B01
200900065508;0;7;0;0;2;1;12;A01
200900065509;0;7;0;0;2;1;2;A01
200900065509;0;7;0;0;2;4;2;B01
200900065510;0;7;0;0;2;4;1;C01
200900065510;0;7;0;0;2;1;1;A01
200900065510;0;7;0;0;2;3;1;B01
200900065511;0;7;0;4;0;3;1;A01
200900065512;0;7;0;4;0;1;12;A01
200900065513;0;7;0;6;9;3;2;A01
200900065514;0;7;0;4;0;1;11;A01
200900065515;0;7;0;4;0;1;0;A01
200900065516;0;10;0;0;2;4;2;C01
200900065516;0;10;0;0;2;4;2;B01
200900065516;0;7;0;0;2;1;2;A01
200900065517;0;7;0;0;2;2;15;B01
200900065517;0;7;0;0;2;5;17;A01
200900065518;0;34;0;0;1;1;2;A01
200900065519;0;30;0;0;1;1;0;A01
200900065520;0;7;0;0;1;1;15;A01
200900065521;0;7;0;0;1;1;1;A01
200900065522;0;7;0;9;0;1;6;A01
200900065523;0;32;0;0;1;0;17;A01
200900065524;1;7;0;0;1;0;0;A01
200900065524;0;32;0;0;1;1;1;B01
200900065525;0;7;0;0;1;2;15;A01
200900065526;0;7;0;0;2;1;1;A01
200900065526;0;30;0;1;2;7;1;B01
200900065527;0;7;0;0;1;1;15;A01
200900065528;0;37;1;0;1;2;1;A01
200900065529;0;7;0;8;2;7;1;B01
200900065529;0;7;0;0;2;1;1;A01
200900065530;0;1;0;0;2;0;1;B01
200900065530;0;7;0;0;9;0;1;A01
200900065531;0;7;0;4;0;1;16;A01
200900065532;0;7;0;0;2;2;0;B01
200900065532;0;30;0;0;2;1;15;A01
200900065533;0;7;0;0;2;4;2;C01
200900065533;0;7;0;0;2;5;2;B01
200900065533;0;7;0;0;2;3;2;A01
200900065534;0;10;0;0;0;6;0;A01
200900065534;0;7;0;1;0;2;2;B02
200900065535;0;7;0;0;1;1;1;A01
200900065536;0;7;0;0;2;3;13;A01
200900065536;0;7;0;0;2;3;23;B02
200900065537;0;7;0;0;2;1;1;B02
200900065537;0;33;0;0;2;1;13;A01
200900065538;0;7;0;0;2;2;15;A01
200900065538;0;2;0;0;2;1;1;B02
200900065539;0;7;0;0;2;7;16;B02
200900065539;0;2;0;0;2;8;18;A01
200900065540;0;7;0;0;2;1;1;A01
200900065540;0;7;0;0;2;2;19;B02
200900065541;0;7;0;1;0;1;14;A01
200900065542;0;2;0;0;2;7;1;B02
200900065542;0;7;0;0;2;3;9;A01
200900065543;0;31;0;0;0;1;1;B02
200900065543;0;7;0;0;0;7;15;A01
200900065544;0;7;0;0;2;8;15;A01
200900065544;0;17;0;0;2;2;21;B02
200900065545;0;7;0;0;2;1;1;B02
200900065545;0;7;0;0;2;1;1;A01
200900065546;0;7;0;0;2;3;13;A01
200900065546;0;15;0;0;2;3;1;B02
200900065547;0;7;0;0;2;1;1;B02
200900065547;0;7;0;0;2;8;13;A01
200900065547;0;7;0;0;2;1;1;C03
200900065548;0;7;0;0;1;2;1;A01
200900065549;0;30;0;1;0;1;1;A01
200900065550;0;15;0;0;0;8;24;B02
200900065550;0;2;0;1;0;1;1;A01
200900065550;0;20;0;0;0;0;24;C03
200900065551;0;10;0;0;1;3;1;A01
200900065552;0;7;0;8;0;1;1;A01
200900065553;0;7;0;0;0;0;9;A01
200900065553;0;32;0;0;0;0;1;B01
200900065554;0;7;0;0;9;1;19;A01
200900065555;0;7;0;0;1;3;1;A01
200900065556;0;13;0;6;0;1;1;A01
200900065557;0;7;0;0;2;4;2;A01
200900065557;1;7;0;0;2;1;2;B01
200900065558;1;7;0;0;2;0;12;A01
200900065558;0;32;0;0;2;3;1;B01
200900065559;0;32;0;0;0;0;0;A01
200900065560;0;30;0;0;2;1;1;B01
200900065560;0;7;0;0;2;8;20;A01
200900065561;0;7;0;11;0;3;2;A01
200900065562;0;7;0;0;2;4;2;B01
200900065562;0;10;0;0;2;1;2;A01
200900065563;0;33;0;0;2;1;1;B01
200900065563;0;7;0;0;2;2;15;A01
200900065564;0;30;0;1;0;1;0;A01
200900065565;0;7;0;8;0;1;1;A01
200900065566;1;7;0;0;2;7;16;B01
200900065566;0;30;0;0;2;1;7;A01
200900065567;0;7;0;0;2;1;2;A01
200900065567;0;7;0;0;2;4;23;B01
200900065568;0;7;0;0;2;3;19;B01
200900065568;0;37;1;0;2;2;1;A01
200900065569;0;7;0;0;2;1;1;B01
200900065569;0;7;0;0;2;7;1;A01
200900065570;0;7;0;0;2;8;1;B01
200900065570;0;7;0;0;2;7;12;A01
200900065571;1;2;0;0;1;0;12;A01
200900065572;0;7;0;0;2;1;2;B01
200900065572;0;7;0;0;2;4;2;A01
200900065573;0;7;0;0;1;8;2;A01
200900065574;0;7;0;0;2;1;0;A01
200900065574;0;30;0;0;2;0;0;B01
200900065575;0;7;0;0;2;1;1;A01
200900065575;0;7;0;0;2;4;2;B01
200900065576;0;7;0;0;2;1;2;A01
200900065576;0;7;0;0;2;4;23;B01
200900065577;0;7;0;0;2;3;1;C01
200900065577;2;7;0;0;2;1;5;A01