num_acc;senc;catv;occutc;obs;obsm;choc;manv;num_veh
200900065577;0;7;0;0;2;7;1;B01
200900065578;0;30;0;0;0;9;0;A01
200900065579;0;7;0;0;2;1;1;B01
200900065579;0;7;0;0;2;1;5;A01
200900065580;0;7;0;0;2;3;15;B01
200900065580;0;7;0;0;2;1;1;A01
200900065581;0;7;0;0;1;1;16;A01
200900065582;0;1;0;0;1;1;1;A01
200900065583;0;7;0;0;1;0;0;A01
200900065584;0;7;0;0;0;2;15;A01
200900065584;0;2;0;0;0;1;1;B01
200900065585;0;7;0;0;1;3;1;A01
200900065585;0;2;0;0;2;1;1;B01
200900065586;0;7;0;0;2;1;1;B01
200900065586;0;7;0;0;2;3;1;A01
200900065587;0;7;0;0;0;6;23;B01
200900065587;0;2;0;0;2;1;2;A01
200900065588;0;31;0;0;2;7;1;B01
200900065588;0;7;0;0;2;1;15;A01
200900065589;0;32;0;0;2;1;17;A01
200900065589;0;7;0;0;2;3;9;B01
200900065590;0;7;0;0;1;8;17;A01
200900065591;0;7;0;0;1;3;0;A01
200900065592;0;34;0;0;1;2;1;A01
200900065593;0;7;0;2;0;1;14;A01
200900065594;0;1;0;0;1;0;1;A01
200900065595;0;1;0;0;2;1;1;A01
200900065595;0;7;0;0;9;6;23;B01
200900065596;0;7;0;0;9;1;15;B01
200900065596;0;1;0;0;2;1;5;A01
200900065597;0;7;0;0;1;1;1;A01
200900065598;0;7;0;0;2;3;1;A01
200900065598;0;99;0;0;2;3;1;B01
200900065599;0;33;0;0;2;1;2;A01
200900065599;0;7;0;0;0;4;21;B01
200900065600;0;7;0;0;1;2;9;A01
200900065601;0;7;0;0;1;1;1;A01
200900065602;1;7;0;0;1;0;1;A01
200900065603;0;7;0;7;2;1;2;A01
200900065603;1;7;0;0;2;0;9;B01
200900065604;0;7;0;0;2;1;1;A01
200900065604;0;7;0;0;2;3;15;B01
200900065605;0;33;0;0;2;0;1;B01
200900065605;0;7;0;0;9;3;1;A01
200900065606;0;7;0;0;1;3;1;A01
200900065607;0;7;0;0;2;1;1;B01
200900065607;0;30;0;0;2;7;1;A01
200900065608;0;7;0;0;1;0;15;A01
200900065609;0;7;0;0;2;8;1;D01
200900065609;0;7;0;0;2;1;1;A01
200900065609;0;7;0;0;2;4;2;C01
200900065609;0;7;0;0;0;7;2;B01
200900065610;0;7;0;0;2;1;1;B01
200900065610;0;7;0;2;2;3;15;A01
200900065611;0;37;1;0;1;3;1;A01
200900065612;0;7;0;0;1;0;15;A01
200900065613;0;7;0;0;1;4;20;A01
200900065614;0;7;0;0;2;3;16;A01
200900065614;0;33;0;1;2;2;1;B01
200900065614;0;7;0;0;2;1;1;C01
200900065615;0;7;0;0;2;1;1;B01
200900065615;0;10;0;1;2;3;1;A01
200900065616;0;7;0;2;0;1;2;A01
200900065617;0;7;0;0;2;1;1;B01
200900065617;0;10;0;0;2;2;15;A01
200900065618;0;10;0;0;0;4;1;B01
200900065618;0;7;0;0;2;1;2;A01
200900065619;1;10;0;0;0;4;2;B01
200900065619;0;30;0;0;2;1;2;A01
200900065620;0;7;0;0;2;3;1;B01
200900065620;1;7;0;0;2;3;14;A01
200900065621;0;10;0;0;2;2;1;B01
200900065621;0;7;0;11;0;6;9;A01
200900065622;0;7;0;1;2;5;1;B01
200900065622;0;7;0;0;2;3;15;A01
200900065623;0;7;0;0;2;1;2;A01
200900065623;0;7;0;0;2;8;2;B01
200900065624;0;1;0;0;2;0;11;B01
200900065624;0;7;0;0;2;0;0;A01
200900065625;0;7;0;0;1;1;1;A01
200900065626;0;33;0;0;1;1;1;A01
200900065627;0;30;0;0;1;1;2;A01
200900065628;0;14;0;0;2;1;1;B01
200900065628;0;7;0;0;2;8;11;A01
200900065629;0;10;0;0;2;2;1;A01
200900065629;0;1;0;0;2;4;15;B01
200900065630;0;10;0;0;2;2;15;A01
200900065630;0;32;0;0;2;1;1;B01
200900065631;0;7;0;0;2;1;15;B01
200900065631;0;33;0;0;2;1;17;A01
200900065632;0;7;0;0;1;0;4;A01
200900065633;0;7;0;9;0;9;1;A01
200900065634;0;7;0;0;1;0;1;A01
200900065635;0;7;0;0;1;0;1;A01
200900065636;0;7;0;0;2;1;13;B01
200900065636;0;99;0;0;2;6;23;A01
200900065637;0;32;0;0;2;1;2;A01
200900065638;0;10;0;0;2;1;1;A01
200900065638;0;7;0;0;2;3;1;B01
200900065639;0;7;0;0;2;4;23;B02
200900065639;0;7;0;0;2;3;23;C03
200900065639;0;7;0;0;2;1;2;A01
200900065640;0;7;0;0;2;4;23;G02
200900065640;0;7;0;0;2;4;23;H02
200900065640;0;7;0;0;2;4;23;E01
200900065640;0;7;0;0;2;4;23;I02
200900065640;0;7;0;0;2;4;23;D01
200900065640;0;7;0;0;2;4;23;C01
200900065640;0;7;0;0;2;4;23;B01
200900065640;0;37;4;0;2;1;1;A01
200900065640;0;7;0;0;2;4;23;J02
200900065640;0;7;0;0;2;4;23;F02
200900065641;0;7;0;;2;7;;B02
200900065641;0;7;0;;2;1;;A01
200900065642;0;7;0;;2;1;13;B02
200900065642;0;7;0;;2;6;1;A01
200900065643;0;7;0;;2;3;1;B01
200900065643;0;7;0;;2;2;0;A01
200900065644;0;38;1;;2;2;1;B02
200900065644;0;7;0;;2;1;13;A01
200900065645;0;7;0;;2;3;1;B02
200900065645;0;7;0;;2;1;13;A01
200900065646;1;7;0;;2;2;;Z02
200900065646;0;7;0;;0;6;1;A01
200900065647;0;10;0;;2;4;1;A01
200900065647;0;15;0;;2;1;1;B02
200900065648;0;7;0;4;;1;;A01
200900065649;0;7;0;4;;2;;A01
200900065650;0;7;0;;2;5;1;B02
200900065650;0;38;1;;2;7;13;A01
200900065651;0;7;0;3;;3;1;A01
200900065652;0;7;0;4;;9;1;A01
200900065653;0;14;0;4;;7;1;A01
200900065654;0;7;0;;2;4;;A01
200900065654;1;7;0;;;1;;Z02
200900065655;0;7;0;;2;4;;B02
200900065655;0;7;0;;2;1;;A01
200900065656;0;2;0;0;2;7;17;A01
200900065656;0;1;0;0;2;8;15;B02
200900065657;0;7;0;0;2;1;1;B02
200900065657;0;33;0;0;2;7;1;A01
200900065658;0;1;0;0;2;7;1;B02
200900065658;0;7;0;0;2;1;9;A01
200900065659;0;7;0;0;0;4;23;D01
200900065659;0;7;0;0;0;6;23;C01
200900065659;0;7;0;0;2;3;1;B01
200900065659;0;33;0;0;2;8;21;A01
200900065660;0;37;1;0;2;7;1;A01
200900065660;0;7;0;0;2;8;23;B01
200900065661;0;7;0;0;2;1;1;A01
200900065661;0;1;0;0;2;4;1;B01
200900065662;0;7;0;0;2;1;1;A01
200900065663;0;7;0;0;2;1;1;A01
200900065663;0;7;0;0;2;4;23;B01
200900065664;0;7;0;6;0;1;14;A01
200900065665;0;7;0;0;1;3;1;A01
200900065666;0;7;0;0;2;2;15;A01
200900065666;0;1;0;0;2;1;1;B01
200900065667;0;30;0;0;2;2;17;A01
200900065667;0;7;0;0;2;3;1;C01
200900065667;0;7;0;0;2;3;1;B01
200900065668;0;7;0;0;1;3;15;A01
200900065669;0;40;0;0;1;1;1;A01
200900065670;0;7;0;0;2;4;4;A01
200900065670;0;2;0;0;2;7;1;B01
200900065671;0;7;0;0;2;8;15;B01
200900065671;0;7;0;0;2;1;1;A01
200900065672;0;7;0;1;0;8;1;A01
200900065673;0;7;0;0;2;3;10;A01
200900065673;0;2;0;0;2;1;1;B01
200900065674;0;2;0;0;2;2;1;B01
200900065674;0;7;0;0;2;1;1;A01
200900065675;0;7;0;0;2;4;1;B01
200900065675;1;7;0;0;2;1;1;A01
200900065676;0;1;0;0;2;1;1;B01
200900065676;0;14;0;0;2;6;9;A01
200900065677;0;1;0;0;2;2;1;B01
200900065677;0;7;0;0;2;3;1;A01
200900065678;0;7;0;0;2;1;1;A01
200900065678;0;7;0;0;2;4;0;B01
200900065679;0;32;0;0;0;0;1;A01
200900065680;0;1;0;0;2;1;5;B01
200900065680;0;1;0;0;2;1;5;A01
200900065681;0;2;0;0;2;7;15;A01
200900065681;0;7;0;0;2;1;2;B01
200900065682;0;1;0;0;2;1;19;A01
200900065683;0;10;0;0;0;2;1;B01
200900065683;0;7;0;4;2;6;3;A01
200900065684;0;15;0;0;2;2;12;B01
200900065684;0;7;0;3;0;8;1;A01
200900065685;0;7;0;0;2;1;1;A01
200900065685;0;7;0;0;2;3;1;B02
200900065686;0;31;0;0;2;1;1;B02
200900065686;0;7;0;0;2;7;15;A01
200900065687;0;7;0;2;0;1;1;A01
200900065688;0;30;0;0;2;7;1;A01
200900065688;0;7;0;0;2;1;19;B02
200900065689;0;7;0;0;2;1;19;B02
200900065689;0;7;0;0;2;1;1;A01
200900065690;0;30;0;0;2;0;1;B02
200900065690;0;7;0;0;9;5;15;A01
200900065691;0;10;0;13;0;2;21;A01
200900065692;0;7;0;0;1;3;1;A01
200900065693;0;7;0;0;2;1;1;B02
200900065693;0;7;0;0;2;7;13;A01
200900065694;0;7;0;14;0;3;1;A01
200900065695;0;7;0;0;2;7;21;C03
200900065695;0;7;0;0;2;1;13;A01
200900065695;0;7;0;0;2;1;1;B02
200900065696;0;7;0;0;0;1;1;A01
200900065697;0;30;0;1;0;1;1;A01
200900065697;0;7;0;0;0;6;0;B02
200900065698;0;7;0;2;0;7;1;A01
200900065699;0;7;0;0;4;9;19;B02
200900065699;0;39;0;0;4;1;1;A01
200900065700;0;7;0;0;2;2;15;A01
200900065700;0;7;0;0;2;1;1;B02
200900065701;0;31;0;0;0;7;1;A01
200900065702;0;7;0;0;2;1;2;E04
200900065702;0;7;0;0;2;1;2;F04
200900065702;0;7;0;0;0;4;1;G04
200900065702;0;7;0;0;2;1;2;D04
200900065703;0;7;0;0;2;1;13;A01
200900065703;0;7;0;0;2;1;1;B02
200900065704;0;7;0;2;0;1;1;A01
200900065705;0;7;0;0;2;3;13;A01
200900065705;0;7;0;0;2;3;1;B02
200900065706;0;38;0;0;2;2;1;A01
200900065706;0;7;0;0;2;8;19;B02
200900065707;0;7;0;8;0;1;1;A01
200900065708;0;17;0;0;2;2;15;A01
200900065708;0;7;0;0;2;1;1;B02
200900065709;0;7;0;16;2;6;1;A01
200900065709;0;7;0;0;2;1;1;B02
200900065710;0;14;0;14;0;2;1;A01
200900065711;0;10;0;0;2;1;1;A01
200900065711;0;10;0;0;2;1;1;B02
200900065712;0;7;0;0;1;1;1;A01
200900065713;0;30;0;0;1;0;1;A01
200900065714;0;7;0;0;1;1;15;A01
200900065715;0;7;0;0;1;4;4;A01
200900065716;0;1;0;0;2;8;19;B01
200900065716;0;7;0;0;2;1;1;A01
200900065717;0;30;0;0;2;1;2;A01
200900065717;0;7;0;0;2;4;23;B01
200900065718;1;2;0;0;0;0;1;A01
200900065719;0;7;0;0;2;8;1;B01
200900065719;0;7;0;0;2;1;1;C01
200900065719;0;7;0;0;2;1;1;A01
200900065720;0;7;0;2;0;1;1;A01
200900065721;0;7;0;0;2;4;1;B01
200900065721;0;7;0;0;2;1;2;A01
200900065722;0;30;0;2;0;1;1;A01
200900065723;0;7;0;0;1;1;1;A01
200900065724;0;30;0;0;2;2;17;B01
200900065724;0;7;0;0;2;3;15;A01
200900065725;1;40;0;0;1;0;1;A01
200900065726;0;7;0;0;1;2;1;A01
200900065727;0;7;0;0;2;4;2;D01
200900065727;0;7;0;0;0;4;2;A01
200900065727;0;7;0;0;2;1;2;E01
200900065727;0;7;0;0;2;4;2;C01
200900065727;0;7;0;0;2;1;2;B01
200900065728;0;7;0;0;2;3;1;A01
200900065728;0;31;0;0;2;8;5;B02
200900065729;0;7;0;0;2;3;1;A01
200900065729;0;7;0;0;2;1;1;B02
200900065730;0;7;0;0;2;1;1;A01
200900065730;0;7;0;0;2;4;23;B01
200900065731;0;7;0;0;2;1;2;A01
200900065731;0;2;0;0;0;6;15;B01
200900065732;0;7;0;0;2;3;15;B01
200900065732;0;31;0;0;2;8;5;A01
200900065733;0;1;0;0;2;8;15;A01
200900065733;0;7;0;0;2;2;17;B02
200900065734;0;7;0;0;2;3;13;A01
200900065734;0;7;0;0;2;3;1;B02
200900065735;0;7;0;13;0;9;1;A01
200900065736;0;7;0;0;2;3;1;A01
200900065736;0;7;0;0;2;3;1;B02
200900065737;0;7;0;0;2;2;15;A02
200900065737;0;7;0;0;2;1;1;B01
200900065738;0;7;0;0;2;1;1;B02
200900065738;0;2;0;0;2;1;13;A01
200900065739;0;7;0;13;0;1;16;A01
200900065740;0;33;0;0;2;8;1;B02
200900065740;0;7;0;0;2;8;13;A01
200900065741;0;7;0;2;0;3;1;A01
200900065742;0;7;0;0;2;3;0;B02
200900065742;0;2;0;0;2;1;13;A01
200900065743;0;7;0;0;2;8;1;B02
200900065743;0;33;0;0;2;9;13;A01
200900065744;0;7;0;0;2;1;15;A01
200900065744;0;33;0;0;2;1;1;B01
200900065745;0;7;0;0;0;4;1;B01
200900065745;0;7;0;0;2;1;1;A01
200900065746;0;2;0;8;0;7;0;A01
200900065747;0;32;0;0;2;6;21;B01
200900065747;0;10;0;0;0;6;4;A01
200900065748;0;33;0;12;0;9;1;A01
200900065749;0;7;0;13;0;3;0;A01
200900065750;0;7;0;13;0;9;1;A01
200900065751;0;7;0;8;0;3;1;A01
200900065752;0;2;0;8;0;7;14;A01
200900065753;0;33;0;13;0;8;21;A01
200900065754;0;7;0;0;2;3;1;B01
200900065754;0;7;0;0;2;3;15;A02
200900065755;0;1;0;0;2;3;1;B02
200900065755;0;10;0;0;9;3;15;A01
200900065756;0;7;0;13;0;9;1;A01
200900065757;0;7;0;13;0;8;1;A01
200900065758;0;7;0;0;2;1;1;A01
200900065758;0;7;0;0;2;4;0;B02
200900065759;0;7;0;0;1;8;1;A01
200900065760;0;7;0;6;0;1;1;A01
200900065761;0;1;0;0;0;0;0;A01
200900065761;0;7;0;0;9;1;1;B02
200900065762;0;33;0;0;0;8;2;A01
200900065763;0;10;0;0;1;5;9;A01
200900065764;0;7;0;0;0;3;1;A01
200900065765;0;7;0;2;0;2;1;A01
200900065766;0;7;0;0;2;8;15;A02
200900065766;0;7;0;0;2;3;1;B01
200900065767;0;10;0;0;1;2;1;A01
200900065768;0;31;0;0;2;7;1;A01
200900065768;0;7;0;0;2;1;9;B01
200900065769;0;7;0;0;1;3;14;A01
200900065770;0;30;0;0;1;1;1;A01
200900065771;0;7;0;13;6;1;21;A01
200900065772;0;7;0;0;2;3;17;A01
200900065772;0;2;0;0;2;1;1;B02
200900065773;0;7;0;8;0;8;1;A01
200900065774;0;7;0;0;0;3;1;A01
200900065774;0;7;0;0;0;3;13;B02
200900065775;0;7;0;0;1;3;21;A01
200900065776;0;7;0;13;0;2;1;A01
200900065777;0;7;0;0;0;2;1;B02
200900065777;0;7;0;0;0;2;13;A01
200900065778;0;7;0;8;0;0;1;A01
200900065779;0;99;0;0;2;7;12;A01
200900065779;0;7;0;0;2;6;1;B01
200900065780;0;7;0;0;2;1;2;A01
200900065780;0;7;0;0;2;4;2;B01
200900065780;0;7;0;0;2;4;2;C01
200900065781;0;7;0;0;2;4;2;A01
200900065781;0;7;0;0;2;1;2;B01
200900065782;0;7;0;0;0;7;12;A01
200900065782;0;31;0;0;2;1;3;B01
200900065783;0;7;0;4;0;7;15;A01
200900065784;0;7;0;0;2;4;1;B01
200900065784;0;34;0;0;2;1;3;A01
200900065785;0;7;0;3;0;1;1;A01
200900065786;0;33;0;0;0;8;1;A01
200900065787;0;32;0;0;2;3;3;A01
200900065787;0;7;0;0;0;5;9;B01
200900065788;0;10;0;0;0;0;9;B01
200900065788;0;15;0;0;0;7;21;A01
200900065789;0;7;0;0;0;6;1;A01
200900065789;0;7;0;0;2;1;14;B01
200900065790;0;7;0;0;9;0;1;C01
200900065790;0;7;0;0;9;0;1;A01
200900065790;0;7;0;0;0;0;1;B01
200900065791;0;7;0;0;2;4;1;C01
200900065791;0;7;0;0;2;1;1;B01
200900065791;0;33;0;0;2;4;1;A01
200900065792;0;34;0;0;0;1;1;A01
200900065793;0;30;0;0;2;7;2;A01
200900065793;0;32;0;0;2;6;2;B01
200900065794;0;14;0;0;2;6;11;A01
200900065794;0;33;0;0;2;2;1;B01
200900065795;0;7;0;4;0;3;1;A01
200900065796;0;7;0;4;0;1;1;A01
200900065797;0;7;0;0;2;9;2;B01
200900065797;0;7;0;0;0;4;2;C01
200900065797;0;7;0;0;2;1;2;A01
200900065798;0;7;0;0;2;2;15;A01
200900065798;0;33;0;0;2;1;1;B01
200900065799;0;33;0;0;2;2;1;B01
200900065799;0;7;0;0;2;2;15;A01
200900065800;0;7;0;0;2;1;1;A01
200900065800;0;31;0;0;0;4;1;B01
200900065801;0;33;0;12;0;1;2;A01
200900065802;0;7;0;0;2;6;6;A01
200900065802;0;30;0;0;2;1;1;B01
200900065803;0;7;0;0;2;1;5;A01
200900065803;0;7;0;0;2;1;1;B01
200900065804;0;2;0;0;2;1;1;A01
200900065804;0;7;0;0;2;7;9;B01
200900065805;0;30;0;0;0;8;1;A01
200900065806;1;7;0;0;1;4;4;A01
200900065807;0;10;0;0;2;1;1;B01
200900065807;0;7;0;0;0;5;1;A01
200900065808;0;7;0;0;2;4;2;B01
200900065808;0;7;0;0;2;1;2;A01
200900065809;0;7;0;0;1;2;1;A01
200900065810;0;32;0;0;2;1;1;B01
200900065810;0;7;0;0;2;1;2;A01
200900065811;0;7;0;0;1;3;18;A01
200900065812;0;7;0;0;0;4;2;A01
200900065812;0;10;0;0;2;9;2;B01
200900065812;0;10;0;0;2;1;2;C01
200900065813;0;2;0;0;1;1;1;A01
200900065814;0;7;0;0;2;1;2;A01
200900065814;0;7;0;0;0;4;2;B01
200900065815;0;7;0;0;1;3;1;A01
200900065816;0;34;0;0;2;1;1;B01
200900065816;0;7;0;0;2;7;19;A01
200900065817;0;7;0;0;1;3;2;A01
200900065818;0;14;0;4;0;1;1;A01
200900065819;0;7;0;0;1;4;4;A01
200900065820;0;7;0;0;2;5;1;B01
200900065820;0;7;0;8;2;3;13;A01
200900065821;0;33;0;0;2;1;1;B01
200900065821;0;7;0;0;2;1;10;A01
200900065822;0;37;0;0;2;3;1;A01
200900065822;0;7;0;0;2;4;11;B01
200900065823;0;1;0;0;2;6;1;B01
200900065823;0;7;0;0;2;6;4;A01
200900065824;0;2;0;0;0;1;1;A01
200900065825;0;7;0;0;2;3;23;B01
200900065825;0;31;0;0;2;2;1;A01
200900065825;0;2;0;0;2;5;1;C01
200900065826;0;7;0;0;2;3;9;A01
200900065826;0;7;0;0;2;2;1;B01
200900065827;0;7;0;0;0;6;15;B01
200900065827;0;30;0;0;2;1;1;A01
200900065828;0;7;0;8;2;7;15;A01
200900065828;0;7;0;0;2;1;1;B01
200900065829;0;7;0;0;0;8;1;B01
200900065829;1;7;0;0;2;2;9;A01
200900065830;0;7;0;8;1;1;0;A01
200900065831;0;10;0;0;2;2;15;A01
200900065831;0;7;0;0;2;1;1;B01
200900065832;0;7;0;0;1;1;1;A01
200900065833;0;7;0;0;2;4;1;B01
200900065833;0;32;0;0;2;2;9;A01
200900065834;0;30;0;0;0;1;1;A01
200900065835;0;7;0;0;0;2;2;A01
200900065835;0;7;0;0;2;1;15;B01
200900065836;0;33;0;0;2;1;1;B01
200900065836;0;7;0;0;2;2;10;A01
200900065837;0;7;0;0;2;1;15;A01
200900065837;0;30;0;0;2;3;2;B01
200900065838;0;37;1;0;0;5;17;A01
200900065838;0;1;0;0;0;8;2;B01
200900065839;0;7;0;0;1;2;15;A01
200900065840;0;7;0;0;1;3;1;A01
200900065841;0;33;0;0;0;3;1;B01
200900065841;0;7;0;0;2;2;15;A01
200900065842;0;99;0;0;2;3;15;A01
200900065842;0;30;0;0;2;1;2;B01
200900065843;0;2;0;0;2;1;2;A01
200900065843;0;7;0;0;9;6;20;B01
200900065844;0;7;0;0;2;1;1;B01
200900065844;0;7;0;0;2;2;1;A01
200900065845;0;7;0;0;2;4;2;B01
200900065845;0;31;0;0;2;1;2;A01
200900065846;0;31;0;0;2;1;2;A01
200900065846;0;7;0;0;2;8;15;B01
200900065847;0;30;0;0;2;1;1;A01
200900065847;0;7;0;0;2;6;1;B01
200900065848;0;1;0;0;2;8;5;A01
200900065848;0;7;0;0;2;1;15;B01
200900065849;0;7;0;0;1;7;21;A01
200900065849;0;7;0;0;1;2;21;B01
200900065850;0;7;0;0;2;1;0;A01
200900065850;0;7;0;0;2;1;0;B01
200900065851;0;2;0;0;2;1;19;B01
200900065851;0;7;0;0;2;2;2;A01
200900065852;0;7;0;0;1;1;16;A01
200900065853;0;32;0;0;2;9;1;A01
200900065853;0;7;0;0;2;7;1;B01
200900065854;0;33;0;0;2;8;1;B01
200900065854;0;99;0;0;2;7;12;A01
200900065855;0;7;0;0;0;2;1;A01
200900065855;0;7;0;0;2;1;1;B01
200900065856;0;2;0;0;1;1;1;A01
200900065857;0;7;0;0;1;1;1;A01
200900065858;0;2;0;0;0;0;1;A01
200900065859;0;7;0;0;2;1;2;A01
200900065859;0;32;0;0;2;4;23;B01
200900065860;0;7;0;0;1;1;1;A01
200900065861;0;7;0;0;2;1;1;A01
200900065861;0;30;0;0;2;1;21;B01
200900065862;0;1;0;0;2;2;19;B01
200900065862;0;7;0;0;2;2;1;A01
200900065863;0;7;0;0;9;8;15;B01
200900065863;0;33;0;0;2;1;17;A01
200900065864;0;7;0;0;2;1;2;A01
200900065864;0;7;0;0;2;4;2;B01
200900065865;0;10;0;0;1;8;21;A01
200900065866;0;7;0;0;1;3;2;A01
200900065867;0;7;0;0;2;3;15;B01
200900065867;0;30;0;0;2;1;17;A01
200900065868;0;7;0;0;2;7;1;A01
200900065868;0;7;0;0;0;1;15;B01
200900065869;0;2;0;0;2;1;1;A01
200900065869;0;2;0;0;2;3;16;B01
200900065870;0;1;0;0;2;1;1;B01
200900065870;0;7;0;0;2;1;1;A01
200900065871;0;30;0;0;2;1;1;B01
200900065871;0;7;0;0;2;1;15;A01
200900065872;0;7;0;0;2;4;1;B01
200900065872;0;30;0;0;2;1;1;A01
200900065873;0;7;0;0;1;2;0;A01
200900065874;0;31;0;14;2;1;21;A01
200900065874;0;7;0;0;2;3;1;B01
200900065875;0;7;0;0;2;5;11;B01
200900065875;0;31;0;0;2;8;3;A01
200900065876;0;7;0;0;2;1;2;A01
200900065876;0;7;0;0;0;4;2;B01
200900065877;0;30;0;0;2;8;1;B01
200900065877;1;7;0;0;2;7;17;A01
200900065878;0;7;0;0;2;1;1;A01
200900065878;0;34;0;0;2;4;1;B01
200900065879;0;7;0;0;2;2;16;B01
200900065879;0;33;0;0;2;8;18;A01
200900065880;0;1;0;0;2;1;7;A01
200900065880;0;7;0;0;0;4;2;B01
200900065881;0;30;0;0;0;8;0;A01
200900065882;0;7;0;0;2;1;2;A01
200900065882;0;7;0;0;2;4;2;B01
200900065883;0;30;0;0;2;1;2;A01
200900065883;0;7;0;0;2;4;1;B01
200900065884;0;7;0;0;2;1;1;B01
200900065884;0;7;0;0;2;2;1;A01
200900065885;0;10;0;0;2;8;1;C01
200900065885;0;30;0;0;2;1;2;A01
200900065885;0;7;0;0;2;6;1;B01
200900065886;0;7;0;0;1;3;1;A01
200900065887;0;2;0;0;0;1;1;A01
200900065888;0;7;0;8;2;1;1;A01
200900065889;0;14;0;0;2;4;2;C01
200900065889;0;14;0;0;2;1;2;A01
200900065889;0;10;0;0;2;4;2;B01
200900065890;0;1;0;0;2;1;1;B01
200900065890;0;7;0;0;2;3;12;A01
200900065891;0;33;0;0;1;1;1;A01
200900065891;0;7;0;0;2;7;15;B01
200900065892;0;7;0;0;0;6;1;B01
200900065892;0;33;0;0;2;2;12;A01
200900065893;0;7;0;0;0;0;2;B01
200900065893;0;7;0;14;0;9;2;A01
200900065894;0;30;0;14;0;8;1;A01
200900065895;0;7;0;0;2;3;9;A01
200900065895;0;7;0;0;0;2;1;B01
200900065895;0;7;0;0;2;7;1;C01
200900065896;0;7;0;0;2;3;13;A01
200900065896;0;7;0;0;2;3;1;B01
200900065897;0;33;0;0;2;1;3;B01
200900065897;0;10;0;0;0;4;12;A01
200900065898;0;7;0;0;2;6;13;A01
200900065898;0;33;0;0;2;2;3;B01
200900065899;0;15;0;0;2;2;12;A01
200900065899;0;7;0;0;2;8;1;B01
200900065900;0;7;0;0;0;8;5;A01
200900065900;0;34;0;0;2;7;17;B01
200900065901;0;7;0;0;2;1;2;A01
200900065901;0;7;0;0;0;4;14;B01
200900065902;0;33;0;12;0;5;1;A01
200900065903;0;7;0;12;0;7;15;A01
200900065904;0;31;0;0;1;1;1;A01
200900065905;0;7;0;12;0;3;12;A01
200900065906;0;32;0;0;2;7;2;A01
200900065906;0;7;0;0;0;3;2;B01
200900065907;0;7;0;0;2;3;16;B01
200900065907;0;7;0;0;2;1;15;A01
200900065908;0;30;0;1;0;1;2;A01
200900065909;0;7;0;0;0;7;1;B01
200900065909;0;31;0;0;2;2;2;A01
200900065910;0;7;0;0;2;1;15;A01
200900065910;0;33;0;0;2;8;1;B01
200900065911;0;7;0;0;2;1;1;B01
200900065911;0;7;0;0;0;7;15;A01
200900065912;0;7;0;3;0;9;1;A01
200900065913;0;7;0;0;0;4;23;C01
200900065913;0;32;0;0;2;1;11;A01
200900065913;0;7;0;0;2;4;23;B01
200900065914;0;33;0;0;2;1;2;B01
200900065914;0;7;0;0;0;4;10;A01
200900065915;0;33;0;0;0;7;1;A01
200900065916;0;30;0;0;0;2;2;A01
200900065916;1;7;0;0;0;4;2;Z01
200900065917;0;7;0;0;2;1;1;B01
200900065917;0;33;0;0;2;1;15;A01
200900065918;0;3;0;1;2;1;1;A01
200900065918;1;7;0;0;2;0;0;Z01
200900065919;0;33;0;0;2;3;14;A01
200900065919;0;7;0;0;0;5;1;B01
200900065920;0;7;0;0;1;8;15;A01
200900065921;0;7;0;1;1;7;1;A01
200900065922;0;7;0;0;1;3;1;A01
200900065923;0;7;0;0;2;5;1;B01
200900065923;0;31;0;0;2;2;2;A01
200900065924;0;33;0;1;0;7;13;A01
200900065925;0;7;0;0;2;4;2;B01
200900065925;0;7;0;0;2;1;2;A01
200900065926;0;7;0;0;2;2;9;A01
200900065926;0;7;0;0;2;1;1;B01
200900065927;2;7;0;8;0;1;15;A01
200900065928;0;7;0;0;2;9;1;B01
200900065928;0;7;0;0;2;4;1;C01
200900065928;0;7;0;0;2;1;2;A01
200900065929;0;7;0;0;1;1;1;A01
200900065930;0;7;0;0;2;3;15;A01
200900065930;0;33;0;0;2;1;1;B01
200900065931;0;30;0;0;2;7;1;A01
200900065931;0;7;0;0;2;3;13;B01
200900065932;0;7;0;0;2;1;1;A01
200900065932;0;7;0;0;2;8;9;B01
200900065933;0;7;0;0;2;4;1;B01
200900065933;0;7;0;0;2;1;1;A01
200900065934;0;10;0;0;2;4;4;B01
200900065934;0;37;20;1;0;7;21;A01
200900065935;0;7;0;4;0;3;13;A01
200900065936;0;7;0;0;0;4;1;A01
200900065936;0;7;0;0;2;3;11;B01
200900065936;0;31;0;0;2;3;3;C01
200900065937;0;33;0;0;2;1;2;B01
200900065937;0;7;0;0;2;6;2;A01
200900065938;0;33;0;0;2;1;3;A01
200900065938;0;7;0;0;2;5;11;B01
200900065939;0;33;0;0;2;7;2;D01
200900065939;0;7;0;4;0;8;1;A01
200900065939;0;10;0;0;0;0;1;B01
200900065939;0;31;0;0;0;8;2;C01
200900065940;0;33;0;0;0;7;1;A01
200900065941;0;33;0;0;2;1;2;A01
200900065941;0;7;0;0;2;4;2;B01
200900065942;0;7;0;0;2;8;1;A01
200900065942;0;10;0;0;2;7;1;C01
200900065942;0;15;0;0;2;1;9;B01
200900065943;0;33;0;0;0;7;12;A01
200900065943;0;33;0;0;2;1;11;B01