num_acc;senc;catv;occutc;obs;obsm;choc;manv;num_veh
200900065944;0;33;0;0;0;0;1;A01
200900065945;0;31;0;0;2;8;3;A01
200900065945;0;10;0;0;2;6;2;B01
200900065946;0;33;0;0;2;1;1;B01
200900065946;0;7;0;0;2;3;1;A01
200900065947;0;33;0;0;2;3;1;A01
200900065947;1;7;0;0;2;5;12;Z01
200900065948;0;32;0;0;2;1;1;A01
200900065949;0;33;0;0;2;2;3;B01
200900065949;0;7;0;0;2;8;23;A01
200900065950;0;7;0;0;2;4;2;B01
200900065950;0;7;0;0;2;4;2;C01
200900065950;0;7;0;0;0;4;2;D01
200900065950;0;10;0;0;2;1;2;A01
200900065951;0;33;0;0;2;7;16;B01
200900065951;0;33;0;0;2;8;9;A01
200900065952;0;30;0;0;2;1;1;A01
200900065952;0;7;0;0;2;6;15;B01
200900065953;0;7;0;0;1;8;1;A01
200900065954;1;7;0;0;1;2;1;A01
200900065955;0;7;0;0;1;2;1;A01
200900065956;0;7;0;0;0;6;1;B01
200900065956;0;7;0;0;2;2;1;A01
200900065957;0;33;0;12;2;1;2;A01
200900065957;0;7;0;0;0;4;2;B01
200900065958;0;7;0;0;2;4;1;C01
200900065958;0;7;0;0;2;1;1;A01
200900065958;0;7;0;0;2;9;1;B01
200900065959;0;34;0;0;2;1;17;A01
200900065959;0;7;0;0;0;8;13;B01
200900065960;0;34;0;0;2;9;1;A01
200900065960;0;7;0;0;2;3;16;B01
200900065961;0;7;0;4;0;3;1;A01
200900065962;1;15;0;0;0;1;1;B01
200900065962;0;30;0;0;2;5;1;A01
200900065963;0;7;0;0;2;2;1;A01
200900065963;0;2;0;0;2;8;1;B01
200900065964;0;7;0;0;2;1;15;A01
200900065964;0;33;0;0;2;7;1;B01
200900065965;0;7;0;0;1;8;1;A01
200900065966;0;7;0;0;1;1;1;A01
200900065967;0;7;0;0;2;3;9;B01
200900065967;0;7;0;0;2;2;1;A01
200900065968;0;7;0;15;0;3;15;A01
200900065969;0;33;0;14;0;7;1;A01
200900065970;0;7;0;0;2;2;1;A01
200900065970;0;32;0;0;2;1;1;B01
200900065971;0;33;0;0;2;1;1;B01
200900065971;0;7;0;0;2;6;1;A01
200900065972;0;7;0;0;2;5;15;B01
200900065972;0;32;0;0;2;3;21;A01
200900065973;0;7;0;0;2;2;16;B01
200900065973;0;32;0;0;2;8;18;A01
200900065974;0;7;0;0;1;1;1;A01
200900065975;0;7;0;0;1;1;1;A01
200900065976;0;1;0;0;2;7;16;A01
200900065976;0;10;0;0;9;2;1;B01
200900065977;0;2;0;0;2;1;2;A01
200900065977;0;7;0;0;0;6;2;B01
200900065978;0;7;0;0;2;6;15;B01
200900065978;0;2;0;0;2;7;17;A01
200900065979;0;7;0;0;2;2;1;A01
200900065979;0;7;0;0;2;3;1;B01
200900065980;0;7;0;0;2;4;23;B01
200900065980;0;7;0;0;2;1;2;A01
200900065981;0;10;0;0;2;1;2;A01
200900065981;0;7;0;0;2;8;15;B01
200900065982;0;7;0;0;1;1;1;A01
200900065983;0;7;0;0;1;1;1;A01
200900065984;0;7;0;0;2;2;1;B01
200900065984;0;34;0;0;2;1;1;A01
200900065985;0;7;0;1;2;1;2;B01
200900065985;0;30;0;1;2;1;2;A01
200900065986;0;7;0;0;1;8;1;A01
200900065987;0;7;0;0;2;1;1;B01
200900065987;0;7;0;0;2;1;15;A01
200900065988;0;1;0;0;2;1;1;B01
200900065988;0;7;0;0;9;2;15;A01
200900065989;0;7;0;0;2;2;0;A01
200900065989;0;32;0;0;2;2;0;B01
200900065990;0;33;0;0;1;3;21;A01
200900065991;0;7;0;0;1;1;1;A01
200900065992;0;7;0;0;1;1;15;A01
200900065993;0;15;0;0;2;1;2;A01
200900065993;0;15;0;0;2;4;23;B01
200900065994;0;7;0;8;0;1;21;A01
200900065995;0;7;0;0;1;2;1;A01
200900065996;0;33;0;0;1;1;17;A01
200900065997;0;7;0;0;2;2;1;A01
200900065997;0;1;0;0;2;7;2;B01
200900065998;0;33;0;0;2;1;1;A01
200900065998;0;7;0;0;2;2;1;B01
200900065999;0;7;0;9;2;5;1;A01
200900065999;0;10;0;0;2;2;16;B01
200900066000;0;7;0;0;2;3;5;A01
200900066000;0;7;0;0;2;3;1;B01
200900066001;0;34;0;0;2;2;1;B01
200900066001;0;7;0;0;2;1;10;A01
200900066002;0;31;0;0;0;1;1;A01
200900066002;0;37;1;0;0;4;23;B01
200900066003;0;37;12;0;1;2;1;A01
200900066004;0;10;0;0;2;8;1;A01
200900066004;0;33;0;0;2;1;1;B01
200900066005;0;7;0;0;2;6;1;B01
200900066005;0;32;0;0;2;1;2;A01
200900066006;0;10;0;0;2;7;1;A01
200900066006;0;30;0;0;2;1;1;B01
200900066007;0;7;0;0;1;1;15;A01
200900066008;0;7;0;0;1;2;17;A01
200900066009;0;33;0;0;2;1;1;A01
200900066009;0;7;0;0;2;8;1;B01
200900066010;0;33;0;0;2;1;1;B01
200900066010;0;7;0;0;2;3;9;A01
200900066011;0;7;0;0;1;1;1;A01
200900066012;0;1;0;0;2;1;19;A01
200900066012;0;7;0;0;2;3;1;B01
200900066013;0;38;1;0;1;3;1;A01
200900066014;0;7;0;0;2;3;9;A01
200900066014;0;2;0;0;2;1;10;B01
200900066015;0;7;0;0;2;1;1;A01
200900066015;0;7;0;0;2;8;1;B01
200900066016;0;7;0;0;2;2;1;B01
200900066016;0;7;0;0;2;3;16;A01
200900066017;0;30;0;0;2;7;17;A01
200900066017;1;10;0;0;2;8;13;Z01
200900066018;0;2;0;0;2;3;1;B01
200900066018;0;7;0;0;2;3;15;A01
200900066019;0;34;0;0;1;2;17;A01
200900066020;0;30;0;0;2;1;1;A01
200900066020;0;7;0;0;2;1;1;B01
200900066021;0;7;0;0;2;6;1;C01
200900066021;0;3;0;0;2;1;5;A01
200900066021;0;7;0;0;2;8;1;B01
200900066022;0;3;0;0;1;3;16;A01
200900066023;0;7;0;0;1;1;1;A01
200900066024;0;2;0;0;1;3;15;A01
200900066025;0;33;0;0;1;2;1;A01
200900066026;0;99;0;12;0;9;1;A01
200900066027;0;2;0;0;0;2;1;A01
200900066028;0;7;0;0;1;3;1;A01
200900066029;0;7;0;0;2;1;9;A01
200900066029;0;33;0;0;2;7;1;B01
200900066030;0;33;0;0;2;3;1;A01
200900066030;0;7;0;0;2;1;15;B01
200900066031;0;7;0;0;9;1;15;A01
200900066031;0;1;0;0;2;8;17;B01
200900066032;0;7;0;0;1;7;1;A01
200900066033;0;7;0;0;1;7;1;A01
200900066034;0;33;0;0;1;3;1;A01
200900066035;0;7;0;0;1;1;1;A01
200900066036;0;30;0;0;2;7;17;A01
200900066036;0;7;0;0;2;3;15;B01
200900066037;0;30;0;0;2;2;17;B01
200900066037;0;7;0;0;2;8;15;A01
200900066038;0;7;0;0;1;3;1;A01
200900066039;0;33;0;0;2;2;1;A01
200900066039;0;7;0;0;2;5;1;B01
200900066040;0;2;0;0;0;8;1;A01
200900066041;0;7;0;0;1;3;1;A01
200900066042;0;2;0;0;2;1;2;A01
200900066042;0;7;0;0;0;4;23;B01
200900066043;0;31;0;0;2;1;2;A01
200900066043;1;33;0;0;2;4;2;Z01
200900066044;0;7;0;0;0;2;15;A01
200900066044;0;2;0;0;0;1;1;B01
200900066045;0;7;0;3;0;1;14;A01
200900066046;0;1;0;0;2;3;19;B01
200900066046;0;30;0;0;9;1;3;A01
200900066047;0;7;0;0;1;2;1;A01
200900066048;0;7;0;0;0;1;15;B01
200900066048;0;1;0;0;2;1;1;A01
200900066049;0;7;0;0;2;1;2;A01
200900066050;0;7;0;1;2;1;2;B01
200900066050;0;7;0;0;2;1;2;C01
200900066051;0;30;0;14;9;1;2;A01
200900066052;0;7;0;0;2;2;15;A01
200900066052;0;30;0;0;2;1;21;B01
200900066053;0;7;0;0;2;1;1;A01
200900066053;0;7;0;1;2;7;1;B01
200900066054;0;7;0;3;0;9;21;A01
200900066055;0;7;0;0;2;1;1;A01
200900066055;0;7;0;0;2;1;1;B01
200900066056;0;7;0;0;2;7;15;B01
200900066056;0;2;0;0;2;1;1;A01
200900066057;0;13;0;0;0;7;9;B01
200900066057;0;33;0;0;2;1;18;A01
200900066058;0;7;0;0;2;2;1;A01
200900066058;0;7;0;0;2;3;1;B01
200900066059;0;7;0;0;1;1;17;A01
200900066060;0;33;0;16;0;2;1;A01
200900066061;0;7;0;0;2;7;2;A01
200900066061;0;1;0;0;2;1;2;B01
200900066062;0;2;0;11;0;1;1;A01
200900066063;0;32;0;1;2;1;13;A01
200900066063;0;7;0;0;2;3;1;B01
200900066064;0;37;62;0;0;2;1;B01
200900066064;0;32;0;0;2;1;1;A01
200900066065;0;30;0;0;2;1;2;A01
200900066065;0;7;0;0;2;6;15;B01
200900066066;0;7;0;0;1;1;1;A01
200900066067;0;33;0;0;2;3;2;A01
200900066067;0;7;0;0;0;6;2;B01
200900066068;0;7;0;1;1;1;1;A01
200900066069;0;7;0;0;2;1;1;B01
200900066069;0;14;0;0;2;3;1;A01
200900066070;1;7;0;0;1;0;20;A01
200900066071;0;7;0;0;1;1;1;A01
200900066072;0;7;0;0;1;3;1;A01
200900066073;0;10;0;0;1;2;1;A01
200900066074;0;7;0;0;2;3;15;A01
200900066074;0;2;0;0;2;8;1;B01
200900066075;0;7;0;0;0;2;1;B01
200900066075;0;7;0;0;0;3;13;A01
200900066076;0;10;0;0;0;8;9;A01
200900066076;0;33;0;0;0;8;17;B01
200900066077;0;7;0;0;2;7;1;A01
200900066077;0;2;0;0;2;1;1;B01
200900066078;0;7;0;0;2;1;1;A01
200900066078;0;7;0;0;2;4;2;B01
200900066078;0;7;0;0;2;4;2;C01
200900066079;0;33;0;0;2;2;17;A01
200900066079;0;7;0;0;2;3;2;B01
200900066079;0;7;0;0;2;1;23;C01
200900066080;0;2;0;6;1;1;1;A01
200900066081;0;7;0;0;2;4;2;C01
200900066081;0;7;0;0;2;4;2;B01
200900066081;0;7;0;0;2;1;1;A01
200900066081;0;7;0;0;2;4;2;D01
200900066082;0;7;0;0;2;2;5;A01
200900066082;0;2;0;0;2;1;1;B01
200900066083;0;7;0;0;0;0;0;A01
200900066084;0;33;0;0;2;7;1;B01
200900066084;0;1;0;0;2;1;16;A01
200900066085;0;7;0;0;0;4;1;B01
200900066085;0;7;0;0;2;1;2;A01
200900066086;0;7;0;16;0;6;11;A01
200900066086;0;33;0;0;2;1;21;B01
200900066087;0;7;0;0;2;5;2;C01
200900066087;0;7;0;0;2;3;9;A01
200900066087;0;7;0;0;2;2;2;B01
200900066088;0;7;0;0;2;2;2;A01
200900066088;0;10;0;0;0;4;2;B01
200900066089;0;33;0;0;2;1;1;B01
200900066089;0;31;0;0;2;1;5;A01
200900066090;0;33;0;0;2;1;2;A01
200900066090;0;14;0;0;0;4;2;B01
200900066091;0;2;0;0;1;2;1;A01
200900066092;0;7;0;4;0;1;2;A01
200900066093;0;7;0;1;0;4;1;B01
200900066093;0;10;0;1;0;5;1;G01
200900066093;0;20;0;0;2;1;2;A01
200900066094;0;10;0;0;2;8;11;A01
200900066094;0;33;0;0;0;1;3;B01
200900066095;0;7;0;0;2;6;10;A01
200900066095;0;37;3;0;2;2;1;B01
200900066096;0;7;0;0;2;5;15;A01
200900066096;0;33;0;0;2;1;1;B01
200900066097;0;7;0;0;1;1;1;A01
200900066098;0;7;0;0;2;1;1;A01
200900066098;0;7;0;0;2;2;21;B01
200900066099;0;31;0;0;2;8;1;B01
200900066099;0;7;0;0;2;2;17;A01
200900066100;0;7;0;0;2;5;1;A01
200900066100;0;33;0;0;2;3;2;B01
200900066101;0;10;0;0;1;1;13;A01
200900066102;0;7;0;0;0;4;2;B01
200900066102;0;7;0;0;0;2;1;A01
200900066103;0;10;0;3;0;1;1;A01
200900066104;0;7;0;2;2;7;1;B01
200900066104;0;7;0;1;2;2;1;A01
200900066105;0;7;0;0;0;4;2;A01
200900066105;0;7;0;14;2;1;2;B01
200900066106;0;7;0;0;2;3;1;B01
200900066106;0;7;0;0;2;1;15;A01
200900066107;0;10;0;0;2;4;2;C01
200900066107;0;10;0;0;0;1;2;D01
200900066107;0;7;0;0;2;4;2;A01
200900066107;0;7;0;0;2;1;2;B01
200900066108;0;33;0;0;0;7;17;A01
200900066108;0;7;0;0;9;3;1;B01
200900066109;0;33;0;0;2;1;3;B01
200900066109;0;7;0;0;2;5;12;A01
200900066110;0;7;0;0;2;4;12;A01
200900066110;0;33;0;0;2;1;3;B01
200900066111;0;33;0;0;2;8;3;A01
200900066111;0;7;0;0;2;7;12;B01
200900066112;0;7;0;1;0;1;21;A01
200900066113;0;7;0;0;2;4;1;A01
200900066113;0;7;0;0;2;8;2;B01
200900066114;0;30;0;12;0;8;2;A01
200900066115;0;30;0;0;0;1;1;A01
200900066116;0;7;0;0;2;5;12;A01
200900066116;0;33;0;0;2;8;1;B01
200900066117;0;7;0;0;2;3;15;B01
200900066117;0;33;0;0;2;1;17;A01
200900066118;0;7;0;0;2;4;1;B01
200900066118;0;2;0;0;2;1;1;A01
200900066119;0;7;0;0;2;3;15;A01
200900066119;0;31;0;0;2;8;1;B01
200900066120;0;7;0;0;1;3;1;A01
200900066121;0;33;0;0;2;2;1;A01
200900066121;0;7;0;0;2;3;16;B01
200900066122;0;7;0;0;0;0;15;A01
200900066122;0;32;0;0;2;8;1;B01
200900066123;0;2;0;0;2;1;1;A01
200900066123;0;7;0;0;0;6;2;B01
200900066124;0;31;0;0;2;1;2;A01
200900066124;0;7;0;0;0;5;1;B01
200900066125;0;10;0;0;2;1;1;A01
200900066125;0;30;0;0;0;4;1;B01
200900066126;0;2;0;0;2;1;1;B01
200900066126;1;2;0;0;2;1;5;A01
200900066127;0;33;0;0;2;7;17;A01
200900066127;0;7;0;0;2;3;15;B01
200900066128;0;7;0;0;1;1;1;A01
200900066129;0;7;0;0;2;7;15;C01
200900066129;0;7;0;0;2;1;15;A01
200900066129;0;7;0;0;2;1;1;B01
200900066130;0;7;0;0;2;8;2;A01
200900066130;0;32;0;0;2;1;2;B01
200900066131;0;7;0;0;2;1;1;A01
200900066131;0;33;0;0;1;1;1;B01
200900066132;0;10;0;12;0;2;2;A01
200900066133;0;30;0;0;0;1;1;A01
200900066134;0;1;0;6;0;1;1;A01
200900066135;0;7;0;0;1;3;9;A01
200900066136;0;30;0;0;2;1;1;A01
200900066136;0;7;0;0;2;4;1;B01
200900066137;0;14;0;0;2;7;14;A01
200900066137;0;2;0;0;2;8;1;B01
200900066138;0;30;0;0;2;1;1;A01
200900066138;0;7;0;0;2;3;1;B01
200900066139;0;7;0;0;2;9;2;B01
200900066139;0;7;0;0;2;4;2;C01
200900066139;0;10;0;0;2;1;2;A01
200900066140;0;7;0;0;2;1;2;B01
200900066140;0;7;0;0;2;1;15;A01
200900066141;0;1;0;0;1;1;1;A01
200900066142;0;2;0;0;0;0;1;A01
200900066143;0;7;0;0;2;8;22;B01
200900066143;0;31;0;1;0;7;17;A01
200900066144;0;7;0;0;1;2;1;A01
200900066145;0;33;0;0;2;1;2;A01
200900066145;0;10;0;0;2;5;23;B01
200900066146;0;7;0;0;1;0;24;A01
200900066146;0;1;0;1;0;7;21;B01
200900066147;0;33;0;0;2;1;2;A01
200900066147;0;10;0;0;2;6;2;B01
200900066148;0;7;0;0;1;3;1;A01
200900066149;0;30;0;14;0;7;1;A01
200900066150;0;10;0;0;2;2;2;A01
200900066150;0;32;0;0;2;4;1;B01
200900066151;0;7;0;5;0;1;1;A01
200900066152;0;10;0;0;1;3;1;A01
200900066153;0;7;0;0;1;2;1;A01
200900066154;0;7;0;0;2;8;10;A01
200900066154;0;37;1;0;2;2;1;B01
200900066155;0;7;0;0;2;1;1;C01
200900066155;0;7;0;0;2;2;9;A01
200900066155;0;7;0;0;2;2;1;B01
200900066156;0;1;0;0;2;7;1;B01
200900066156;0;7;0;0;2;1;9;A01
200900066157;0;7;0;0;2;4;12;A01
200900066157;0;37;5;0;2;1;1;B01
200900066158;0;32;0;0;1;1;1;A01
200900066159;0;31;0;12;2;7;1;B01
200900066159;1;7;0;0;0;0;12;Z01
200900066160;0;33;0;0;2;1;1;B01
200900066160;0;7;0;0;2;5;4;A01
200900066161;0;7;0;0;2;7;16;A01
200900066161;0;32;0;0;2;8;18;B01
200900066162;0;7;0;0;2;3;1;B01
200900066162;0;37;1;0;2;2;15;A01
200900066163;0;7;0;0;1;2;1;A01
200900066164;0;7;0;0;2;1;9;A01
200900066164;0;32;0;0;2;5;1;B01
200900066165;0;13;0;0;2;1;20;B01
200900066165;0;33;0;0;2;1;1;A01
200900066166;0;7;0;0;1;2;1;A01
200900066167;0;30;0;0;2;7;17;A01
200900066167;0;10;0;0;2;3;1;B01
200900066168;0;37;5;0;1;2;1;A01
200900066169;0;7;0;0;2;5;14;A01
200900066169;0;33;0;1;2;9;1;B01
200900066170;0;7;0;0;1;1;1;A01
200900066171;0;7;0;9;2;7;17;A01
200900066171;0;7;0;0;2;3;21;B01
200900066172;0;7;0;0;2;8;1;B01
200900066172;0;33;0;0;2;1;5;A01
200900066173;0;7;0;0;2;2;9;A01
200900066173;0;7;0;0;2;7;1;B01
200900066174;0;2;0;0;9;3;1;A01
200900066175;0;7;0;0;2;3;15;A01
200900066175;0;33;0;15;2;3;1;B01
200900066176;0;7;0;0;1;1;1;A01
200900066177;0;7;0;0;0;4;1;C01
200900066177;0;7;0;0;2;1;1;A01
200900066177;0;7;0;0;2;4;1;B01
200900066178;0;7;0;0;1;2;1;A01
200900066179;0;7;0;0;0;7;15;A01
200900066179;0;31;0;0;2;1;1;B01
200900066180;0;2;0;0;2;2;17;A01
200900066180;0;7;0;0;2;8;15;B01
200900066181;0;30;0;0;2;3;1;A01
200900066181;0;7;0;0;2;4;1;B01
200900066182;0;10;0;0;2;1;1;C01
200900066182;0;10;0;0;2;1;1;A01
200900066182;0;10;0;0;2;4;1;B01
200900066183;0;30;0;4;0;1;17;A01
200900066184;0;2;0;0;2;1;17;A01
200900066184;0;7;0;0;2;8;1;B01
200900066185;0;10;0;0;0;7;1;C01
200900066185;0;7;0;0;0;4;1;B01
200900066185;0;33;0;0;2;1;17;A01
200900066186;0;33;0;0;2;7;1;A01
200900066186;0;7;0;0;2;7;12;B01
200900066187;0;7;0;0;0;6;23;B01
200900066187;0;33;0;0;2;2;21;A01
200900066188;0;14;0;0;2;1;2;A01
200900066188;0;7;0;0;0;4;1;B01
200900066189;0;34;0;0;2;3;1;B01
200900066189;0;7;0;1;2;1;1;A01
200900066190;1;7;0;0;2;8;11;Z01
200900066190;0;30;0;0;2;7;1;B01
200900066191;0;7;0;0;2;7;15;A01
200900066191;0;30;0;0;2;1;19;B01
200900066192;0;33;0;1;2;1;1;B01
200900066192;0;7;0;0;2;7;12;A01
200900066193;0;1;0;0;2;3;16;B01
200900066193;0;10;0;0;9;3;1;A01
200900066194;0;34;0;12;0;2;1;A01
200900066195;0;7;0;0;2;7;4;A01
200900066195;0;7;0;0;2;1;1;B01
200900066196;0;37;1;0;2;1;2;A01
200900066196;0;7;0;0;1;4;2;B01
200900066197;0;30;0;0;2;1;0;A01
200900066197;0;38;1;0;2;2;0;B01
200900066198;0;34;0;0;2;7;12;A01
200900066198;0;2;0;0;2;9;1;B01
200900066199;0;7;0;0;2;1;1;B01
200900066199;0;7;0;0;2;5;1;A01
200900066200;0;7;0;0;0;4;15;B01
200900066200;0;7;0;0;2;1;1;A01
200900066201;0;2;0;12;1;0;21;A01
200900066202;0;7;0;0;1;1;17;A01
200900066203;0;32;0;0;2;7;16;A01
200900066203;0;7;0;0;2;3;1;B01
200900066204;0;7;0;0;2;1;1;A01
200900066204;0;38;1;0;2;8;15;B01
200900066205;1;2;0;0;1;1;10;A01
200900066206;0;10;0;0;2;7;1;A01
200900066206;0;33;0;0;2;1;1;B01
200900066207;0;7;0;1;0;1;1;A01
200900066208;0;38;6;0;1;1;1;A01
200900066209;0;7;0;0;1;5;4;A01
200900066210;0;7;0;8;0;1;1;A01
200900066211;1;7;0;0;2;0;18;Z01
200900066211;0;7;0;0;2;7;1;A01
200900066212;0;10;0;0;2;1;2;B01
200900066212;0;14;0;1;2;1;1;A01
200900066213;0;7;0;0;2;4;1;A01
200900066213;1;7;0;0;2;1;1;Z01
200900066214;0;33;0;0;2;1;1;B01
200900066214;0;7;0;0;2;5;16;A01
200900066215;0;7;0;0;1;3;1;A01
200900066216;0;7;0;0;1;7;1;A01
200900066217;0;7;0;0;2;1;1;B01
200900066217;0;7;0;0;2;3;11;A01
200900066218;0;7;0;0;1;2;1;A01
200900066219;0;7;0;0;2;7;1;A01
200900066219;0;33;0;0;2;1;1;B01
200900066220;0;15;0;0;2;7;12;A01
200900066220;0;7;0;0;2;8;1;B01
200900066221;0;2;0;0;2;1;2;A01
200900066221;0;7;0;0;2;4;23;B01
200900066222;0;30;0;0;2;1;1;B01
200900066222;0;10;0;0;2;5;15;A01
200900066223;0;33;0;8;0;9;1;A01
200900066224;0;7;0;9;1;2;20;A01
200900066225;0;31;0;0;2;1;13;A01
200900066225;0;7;0;0;2;1;15;B01
200900066226;0;30;0;0;2;1;17;A01
200900066226;0;7;0;0;2;3;20;B01
200900066227;1;7;0;0;1;0;0;A01
200900066228;1;7;0;0;1;1;1;A01
200900066229;0;38;16;0;2;3;2;B01
200900066229;0;7;0;0;2;3;2;A01
200900066230;0;7;0;0;2;7;15;B01
200900066230;0;30;0;0;2;1;1;A01
200900066231;1;10;0;12;1;1;1;Z01
200900066232;0;7;0;1;0;1;1;A01
200900066233;0;30;0;0;0;1;2;A01
200900066233;0;99;0;0;0;4;2;B01
200900066234;0;33;0;0;2;1;1;A01
200900066234;0;37;1;0;2;5;15;B01
200900066235;0;7;0;14;0;1;16;A01
200900066236;0;7;0;0;2;1;2;A01
200900066236;0;31;0;0;2;4;2;C01
200900066236;0;7;0;0;2;4;2;D01
200900066236;0;7;0;0;2;4;2;E01
200900066236;0;31;0;0;2;4;2;B01
200900066237;0;14;0;0;2;2;19;A01
200900066237;0;7;0;0;2;8;1;B01
200900066238;0;33;0;2;0;1;21;A01
200900066239;0;7;0;0;2;1;2;B01
200900066239;0;7;0;0;2;1;2;A01
200900066240;0;7;0;0;0;3;1;A01
200900066240;0;1;0;0;0;8;19;B01
200900066241;0;7;0;0;2;1;2;A01
200900066241;0;7;0;0;2;4;1;B01
200900066242;0;7;0;0;1;1;1;A01
200900066243;0;7;0;0;2;5;2;E01
200900066243;0;7;0;0;2;5;2;B01
200900066243;0;10;0;0;2;2;2;A01
200900066243;0;7;0;0;2;4;2;C01
200900066243;0;13;0;0;2;4;2;D01
200900066244;0;33;0;0;0;3;1;B01
200900066244;0;7;0;0;0;5;12;A01
200900066245;0;7;0;0;2;5;23;C01
200900066245;0;7;0;0;2;1;2;A01
200900066245;0;7;0;0;2;4;23;B01
200900066246;0;34;0;0;0;0;2;A01
200900066247;0;7;0;0;1;4;20;A01
200900066248;0;33;0;9;0;3;16;A01
200900066249;0;14;0;0;2;3;1;A01
200900066249;0;7;0;0;2;6;11;B01
200900066250;1;7;0;0;1;1;1;A01
200900066251;0;7;0;0;2;3;1;B01
200900066251;0;10;0;0;2;3;21;A01
200900066252;0;33;0;0;2;7;2;A01
200900066252;0;7;0;0;2;3;15;B01
200900066253;0;7;0;0;2;6;1;B01
200900066253;0;7;0;0;9;3;2;A01
200900066254;0;33;0;0;0;8;1;B01
200900066254;0;7;0;0;2;1;15;A01
200900066255;0;7;0;0;1;1;16;A01
200900066256;0;7;0;0;2;1;2;A01
200900066256;0;7;0;0;0;4;2;B01
200900066257;0;7;0;0;2;3;15;A01
200900066257;0;33;0;0;2;1;1;B01
200900066258;0;2;0;0;2;1;1;A01
200900066258;0;7;0;0;2;4;1;B01
200900066259;0;7;0;0;0;0;10;A01
200900066259;0;33;0;0;2;1;21;B01
200900066259;0;7;0;0;2;7;1;C01
200900066260;0;37;3;0;0;8;1;B01
200900066260;0;13;0;0;2;2;15;A01
200900066261;0;7;0;0;2;3;23;C01
200900066261;0;30;0;0;2;1;15;A01
200900066261;0;7;0;0;2;3;1;B01
200900066262;0;10;0;0;2;8;11;A01
200900066262;0;32;0;0;0;1;2;B01
200900066263;0;7;0;0;0;9;1;A01
200900066264;0;33;0;0;0;1;2;B01
200900066264;0;7;0;0;2;6;1;A01
200900066265;0;7;0;0;2;6;11;B01
200900066265;0;7;0;0;2;8;2;A01
200900066266;0;32;0;0;0;0;1;A01
200900066267;0;7;0;0;0;7;1;B01
200900066267;0;7;0;0;2;8;21;C01
200900066267;0;7;0;0;2;1;2;D01
200900066267;0;7;0;0;0;5;1;A01
200900066268;0;32;0;0;0;0;21;A01
200900066269;0;31;0;0;0;7;21;A01
200900066270;0;7;0;0;2;4;2;B01
200900066270;0;10;0;0;2;4;2;A01
200900066270;0;7;0;0;2;4;2;C01
200900066270;0;7;0;0;2;1;2;E01
200900066270;0;7;0;0;2;4;2;D01
200900066271;0;7;0;0;2;3;9;B01
200900066271;0;15;0;0;2;2;1;A01
200900066272;0;10;0;0;0;4;2;A01
200900066272;0;13;0;0;0;1;2;B01
200900066273;0;7;0;0;2;7;1;A01
200900066273;0;99;0;0;2;1;1;B01
200900066274;0;7;0;0;1;1;1;A01
200900066275;1;7;0;0;1;0;1;Z01
200900066276;0;37;1;0;2;2;2;A01
200900066276;0;7;0;0;0;6;15;B01
200900066277;0;1;0;8;0;1;1;A01
200900066277;0;7;0;0;2;2;1;B01
200900066278;0;7;0;0;2;8;1;B01
200900066278;0;33;0;0;2;3;17;A01
200900066279;0;7;0;0;1;1;1;A01
200900066280;0;7;0;0;2;1;2;A01
200900066280;0;99;0;0;0;4;2;B01
200900066281;0;10;0;0;1;3;1;A01
200900066281;1;7;0;0;2;1;1;Z01
200900066282;0;7;0;0;1;2;1;A01
200900066283;0;10;0;0;2;3;1;B01
200900066283;0;2;0;0;2;1;13;A01
200900066284;0;33;0;0;1;1;17;A01
200900066285;0;7;0;0;2;1;23;B01
200900066285;0;7;0;0;2;1;13;A01
200900066286;0;30;0;0;2;1;1;A01
200900066287;0;1;0;0;2;1;1;B01
200900066287;0;10;0;0;2;4;4;A01
200900066288;0;7;0;0;2;1;1;B01
200900066288;0;7;0;0;2;1;5;A01
200900066289;0;7;0;0;1;8;1;A01
200900066290;0;7;0;0;1;1;1;A01
200900066291;0;7;0;0;1;1;1;A01
200900066292;0;7;0;0;2;1;2;A01
200900066292;0;7;0;0;2;4;1;B01
200900066293;0;7;0;0;2;2;15;A01
200900066293;0;7;0;0;2;3;1;B01
200900066294;0;7;0;0;2;1;1;A01
200900066294;0;7;0;0;0;4;2;B01
200900066295;0;7;0;0;2;1;1;A01
200900066295;0;7;0;0;2;4;1;C01
200900066295;0;30;0;0;2;4;1;B01
200900066296;0;2;0;0;2;1;1;B01
200900066296;0;7;0;0;2;2;15;A01
200900066297;0;7;0;0;2;1;2;B01
200900066297;0;7;0;0;2;6;10;A01
200900066298;0;7;0;0;1;4;4;A01
200900066299;0;7;0;11;0;8;1;A01
200900066300;0;7;0;0;2;1;1;B01
200900066300;0;7;0;0;2;1;13;A01
200900066301;0;10;0;0;2;1;2;A01
200900066301;0;7;0;0;0;4;2;B01
200900066302;0;30;0;0;2;1;1;A01
200900066302;0;7;0;0;2;1;1;B01
200900066303;0;7;0;0;2;1;5;A01
200900066303;0;32;0;0;2;1;1;B01
200900066304;0;33;0;0;2;1;1;A01
200900066305;0;7;0;0;2;6;1;B01
200900066305;0;30;0;0;2;3;1;A01
200900066306;0;33;0;0;9;7;17;A01
200900066306;0;99;0;0;2;3;15;B01
200900066307;0;7;0;0;2;7;16;A01