num_acc;senc;catv;occutc;obs;obsm;choc;manv;num_veh
200900066307;0;2;0;0;2;1;1;B01
200900066308;0;7;0;0;2;1;16;B01
200900066308;0;7;0;1;2;1;1;A01
200900066309;0;7;0;15;2;1;9;A01
200900066309;0;7;0;0;0;5;1;B01
200900066310;0;7;0;0;1;3;1;A01
200900066311;0;34;0;0;0;8;17;A01
200900066312;0;7;0;3;0;9;14;A01
200900066313;0;7;0;0;0;1;2;B01
200900066313;0;7;0;0;0;1;2;C01
200900066313;0;7;0;0;0;4;2;A01
200900066314;0;32;0;8;0;1;1;A01
200900066315;0;7;0;3;0;3;1;A01
200900066316;0;7;0;0;1;3;1;A01
200900066317;0;10;0;0;2;4;2;B01
200900066317;0;10;0;0;2;1;2;C01
200900066317;0;10;0;0;2;4;2;A01
200900066318;0;7;0;0;1;2;1;A01
200900066319;0;31;0;0;2;7;1;A01
200900066320;0;7;0;0;2;7;1;B01
200900066320;0;7;0;0;2;1;1;A01
200900066321;0;7;0;0;0;8;15;A01
200900066322;0;7;0;0;1;8;15;A01
200900066323;0;7;0;0;2;2;12;B01
200900066323;0;33;0;14;2;8;1;A01
200900066323;0;7;0;0;0;4;1;C01
200900066323;0;7;0;0;0;7;23;D01
200900066324;0;2;0;15;0;1;1;A01
200900066325;0;7;0;4;0;3;13;A01
200900066326;0;2;0;1;0;1;1;A01
200900066327;0;33;0;0;2;0;1;B01
200900066327;0;7;0;0;2;8;11;A01
200900066328;0;30;0;0;2;1;2;B01
200900066328;0;7;0;0;2;3;20;A01
200900066329;0;10;0;0;2;4;1;B01
200900066329;0;7;0;0;2;1;1;A01
200900066330;0;7;0;0;2;7;1;A01
200900066330;0;34;0;0;2;8;1;B01
200900066331;1;7;0;0;1;1;1;A01
200900066332;0;33;0;0;2;1;3;A01
200900066332;0;7;0;0;2;6;2;B01
200900066333;0;33;0;0;1;1;1;A01
200900066334;0;7;0;0;0;0;1;C01
200900066334;0;33;0;0;2;8;18;B01
200900066334;0;7;0;0;2;7;12;A01
200900066335;0;7;0;0;2;4;2;C01
200900066335;0;7;0;0;2;4;2;A01
200900066335;0;7;0;0;2;4;2;B01
200900066335;0;7;0;0;2;1;2;D01
200900066336;0;7;0;0;2;3;15;A01
200900066336;0;1;0;0;2;1;1;B01
200900066337;0;33;0;0;2;7;3;A01
200900066337;0;7;0;1;2;6;1;B01
200900066338;0;7;0;0;2;8;11;B01
200900066338;0;33;0;0;2;2;3;A01
200900066339;0;7;0;0;2;4;1;C01
200900066339;0;7;0;0;0;5;12;A01
200900066339;0;33;0;0;2;1;3;B01
200900066340;0;7;0;3;0;9;2;A01
200900066341;0;7;0;0;0;4;1;A01
200900066341;0;7;0;0;2;1;2;B01
200900066342;0;7;0;4;0;9;1;A01
200900066343;0;33;0;0;2;3;3;A01
200900066343;0;7;0;0;0;0;0;B01
200900066344;0;10;0;0;1;5;4;A01
200900066345;0;7;0;0;2;2;15;B01
200900066345;0;7;0;0;2;3;1;A01
200900066346;0;7;0;4;2;1;21;A01
200900066347;0;7;0;4;2;9;1;A01
200900066348;0;10;0;6;0;2;14;A01
200900066349;0;7;0;0;2;8;9;A01
200900066349;0;32;0;0;2;1;3;B01
200900066350;0;7;0;4;2;8;1;B01
200900066350;0;10;0;0;2;2;12;A01
200900066351;0;7;0;0;0;4;2;A01
200900066351;0;7;0;0;2;1;2;B01
200900066352;0;7;0;4;0;9;2;A01
200900066353;0;7;0;0;2;1;2;D01
200900066353;0;7;0;0;2;4;2;C01
200900066353;0;7;0;0;2;4;2;B01
200900066353;0;7;0;0;0;4;2;A01
200900066354;0;7;0;4;0;8;2;A01
200900066355;0;2;0;0;2;7;1;A01
200900066355;0;7;0;0;2;3;1;B01
200900066356;0;30;0;0;2;5;3;A01
200900066356;0;10;0;0;2;2;12;B01
200900066357;0;33;0;0;2;1;2;A01
200900066357;0;7;0;0;2;6;11;B01
200900066358;0;34;0;0;0;7;2;A01
200900066359;0;7;0;0;2;6;11;B01
200900066359;0;33;0;0;2;1;3;A01
200900066359;0;7;0;0;2;6;1;C01
200900066360;0;14;0;0;2;6;13;A01
200900066360;0;33;0;0;2;1;17;B01
200900066361;0;7;0;0;0;1;2;A01
200900066361;0;7;0;0;2;4;1;B01
200900066362;0;33;0;0;2;1;2;B01
200900066362;0;15;0;0;2;4;2;A01
200900066363;0;7;0;0;2;4;1;C01
200900066363;0;31;0;0;2;1;2;A01
200900066363;0;7;0;0;2;6;2;B01
200900066364;0;7;0;0;2;4;2;C01
200900066364;0;7;0;0;2;1;1;A01
200900066364;0;7;0;0;2;4;2;B01
200900066365;0;33;0;0;0;7;1;B01
200900066365;0;7;0;0;2;8;9;A01
200900066366;0;2;0;12;0;0;21;A01
200900066367;0;1;0;0;0;0;0;A01
200900066368;0;33;0;0;0;7;2;A01
200900066369;0;32;0;0;0;8;1;A01
200900066370;0;33;0;0;1;1;17;A01
200900066371;0;10;0;0;1;2;1;A01
200900066372;0;7;0;4;0;3;1;A01
200900066373;0;7;0;0;2;1;2;A01
200900066373;0;7;0;0;2;4;2;C01
200900066373;0;7;0;0;2;4;2;B01
200900066374;0;7;0;0;2;7;1;A01
200900066374;0;33;0;0;2;8;23;B01
200900066375;0;7;0;0;1;4;23;B01
200900066375;0;7;0;0;2;1;2;A01
200900066376;0;7;0;0;2;2;9;A01
200900066376;0;32;0;0;2;8;1;B01
200900066377;0;7;0;0;1;1;1;A01
200900066378;0;30;0;0;0;1;1;A01
200900066379;0;10;0;0;0;4;23;B01
200900066379;0;31;0;0;2;7;2;A01
200900066380;0;13;0;0;2;1;2;A01
200900066380;0;10;0;0;0;4;23;B01
200900066381;0;33;0;0;2;0;0;B01
200900066381;0;32;0;0;2;0;0;A01
200900066382;0;30;0;1;0;2;15;A01
200900066383;0;33;0;14;0;8;2;A01
200900066384;0;7;0;0;1;4;4;A01
200900066385;0;31;0;0;2;1;1;A01
200900066385;0;31;0;0;2;1;1;B01
200900066386;0;7;0;0;1;5;4;A01
200900066387;0;30;0;0;0;7;1;A01
200900066388;0;37;40;0;2;3;1;B01
200900066388;0;7;0;0;2;2;11;A01
200900066389;0;2;0;0;2;8;1;B01
200900066389;0;7;0;0;2;7;14;A01
200900066390;0;2;0;0;2;1;2;A01
200900066390;0;7;0;0;2;4;1;B01
200900066391;0;30;0;0;2;1;1;A01
200900066391;0;7;0;0;2;3;1;B01
200900066392;0;30;0;0;0;1;1;B01
200900066392;0;7;0;0;0;1;15;A01
200900066393;0;7;0;12;0;1;1;A01
200900066394;0;7;0;0;0;5;1;B01
200900066394;0;2;0;0;2;1;2;A01
200900066395;0;7;0;0;1;7;1;A01
200900066396;0;7;0;0;0;1;1;B01
200900066396;0;7;0;0;0;5;1;A01
200900066397;0;33;0;0;1;0;1;A01
200900066398;0;2;0;0;2;1;2;A01
200900066398;0;7;0;0;2;4;1;B01
200900066399;0;7;0;11;0;8;2;A01
200900066399;0;7;0;0;2;1;15;B01
200900066400;0;7;0;0;2;1;2;A01
200900066400;0;7;0;0;0;4;23;B01
200900066401;0;2;0;14;2;8;1;A01
200900066402;0;7;0;0;1;2;1;A01
200900066403;0;7;0;0;2;2;1;A01
200900066403;0;2;0;0;2;1;1;B01
200900066404;0;7;0;0;2;3;10;A01
200900066404;0;32;0;0;2;2;1;B01
200900066405;0;7;0;0;2;3;11;A01
200900066405;0;7;0;0;2;2;1;B01
200900066406;0;2;0;0;1;2;1;A01
200900066407;0;2;0;0;1;3;1;A01
200900066408;0;7;0;0;2;1;2;A01
200900066408;0;7;0;8;0;4;1;B01
200900066409;0;10;0;0;2;1;15;A01
200900066409;0;2;0;0;2;1;1;B01
200900066410;0;7;0;0;0;7;1;B01
200900066410;0;7;0;0;2;1;9;A01
200900066411;1;7;0;0;2;0;0;Z01
200900066411;0;7;0;0;2;7;1;A01
200900066412;0;37;1;0;0;8;0;A01
200900066413;0;10;0;0;2;7;16;B01
200900066413;0;2;0;0;2;1;18;A01
200900066414;0;1;0;0;2;1;18;B01
200900066414;0;7;0;0;2;2;22;A01
200900066415;0;7;0;0;2;1;19;A01
200900066415;0;7;0;0;2;8;1;C01
200900066415;0;7;0;0;2;3;1;B01
200900066416;0;32;0;0;2;1;1;B01
200900066416;0;7;0;0;2;2;15;A01
200900066417;0;7;0;0;2;1;15;A01
200900066417;0;1;0;0;2;1;1;B01
200900066418;0;7;0;0;1;2;1;A01
200900066419;0;7;0;0;2;1;1;A01
200900066419;0;7;0;0;2;1;1;B02
200900066420;0;7;0;0;2;2;1;B02
200900066420;0;7;0;0;2;1;15;A01
200900066421;0;33;0;0;2;8;15;B02
200900066421;0;7;0;0;2;3;1;A01
200900066422;0;7;0;13;0;9;13;A01
200900066423;0;7;0;0;2;2;15;A01
200900066423;0;33;0;0;2;1;1;B01
200900066424;0;33;0;0;2;1;1;A01
200900066424;0;7;0;0;2;2;15;B01
200900066425;0;7;0;6;2;4;13;B01
200900066425;0;7;0;0;2;6;2;A01
200900066425;0;7;0;0;2;6;0;C01
200900066426;0;30;0;0;0;1;1;A01
200900066427;0;7;0;0;1;7;1;A01
200900066428;0;7;0;0;0;2;15;A01
200900066428;0;30;0;0;0;1;1;B01
200900066429;0;7;0;0;2;3;9;A01
200900066429;0;32;0;0;0;0;0;B01
200900066430;0;33;0;0;2;7;1;B01
200900066430;0;7;0;0;2;1;9;A01
200900066431;0;7;0;1;0;1;2;A01
200900066432;0;7;0;0;0;3;0;A01
200900066432;0;34;0;0;0;0;1;B01
200900066433;0;7;0;0;0;8;10;A01
200900066433;0;33;0;0;2;1;2;B01
200900066434;1;7;0;0;0;5;16;A01
200900066434;0;30;0;0;0;1;7;B01
200900066435;0;7;0;8;0;1;0;A01
200900066436;0;10;0;0;1;3;15;A01
200900066437;0;7;0;0;2;3;13;A01
200900066437;0;34;0;0;2;8;1;B01
200900066438;0;7;0;0;1;1;1;A01
200900066439;0;7;0;8;0;1;0;A01
200900066440;0;7;0;0;2;3;1;A01
200900066440;0;33;0;0;2;8;1;B01
200900066441;0;7;0;0;2;2;1;B01
200900066441;0;7;0;0;2;4;20;A01
200900066442;0;7;0;0;1;3;1;A01
200900066443;0;31;0;0;2;8;16;A01
200900066443;0;7;0;0;2;2;1;B01
200900066444;0;17;0;0;2;1;1;A01
200900066444;0;7;0;0;2;4;1;B01
200900066445;0;33;0;0;0;3;2;A01
200900066446;0;7;0;0;2;3;1;B01
200900066446;0;10;0;0;2;2;1;A01
200900066447;0;7;0;0;1;2;15;A01
200900066448;0;7;0;0;2;1;2;A01
200900066448;0;7;0;0;2;4;2;B01
200900066449;0;7;0;0;2;2;2;A01
200900066449;0;1;0;0;2;1;1;B01
200900066450;0;7;0;0;2;1;9;C01
200900066450;0;7;0;0;2;1;2;B01
200900066450;0;7;0;0;2;4;2;A01
200900066451;0;7;0;0;2;1;6;A01
200900066451;0;10;0;0;2;8;1;B01
200900066452;0;7;0;0;2;1;15;A01
200900066452;0;1;0;0;2;8;1;B01
200900066453;0;7;0;0;1;6;1;A01
200900066454;0;14;0;0;2;3;15;B01
200900066454;0;7;0;0;2;1;1;A01
200900066455;0;7;0;0;2;1;1;A01
200900066455;0;7;0;0;2;3;15;B01
200900066456;0;7;0;0;2;8;15;A01
200900066456;0;33;0;0;2;7;1;B01
200900066457;0;37;1;0;2;2;1;B01
200900066457;0;7;0;0;2;3;16;A01
200900066458;0;31;0;0;0;8;1;A01
200900066459;0;33;0;1;0;1;1;A01
200900066460;0;7;0;0;2;8;10;A01
200900066460;0;7;0;0;2;1;1;B01
200900066461;0;33;0;15;0;1;1;A01
200900066462;0;33;0;0;2;1;17;A01
200900066462;0;10;0;0;2;8;15;B01
200900066463;0;7;0;0;2;1;2;A01
200900066463;0;33;0;0;2;4;2;B01
200900066464;0;37;10;0;2;0;21;B01
200900066465;0;7;0;0;2;3;1;B01
200900066465;0;7;0;0;2;2;20;A01
200900066466;0;7;0;1;1;1;1;A01
200900066467;0;33;0;12;0;1;1;A01
200900066468;0;7;0;5;0;9;17;A01
200900066469;0;7;0;0;1;2;1;A01
200900066470;0;1;0;0;2;7;2;B01
200900066470;0;7;0;0;2;1;9;A01
200900066471;0;2;0;1;0;3;1;A01
200900066472;0;33;0;10;0;1;1;A01
200900066473;0;2;0;0;2;3;13;A01
200900066473;0;1;0;0;2;1;1;B01
200900066474;0;7;0;3;0;1;0;A01
200900066475;0;7;0;0;2;1;2;A01
200900066475;0;7;0;0;2;4;23;B01
200900066476;0;7;0;0;1;6;17;A01
200900066477;0;7;0;0;2;1;1;A01
200900066477;0;7;0;0;2;3;16;B01
200900066478;0;7;0;0;2;9;1;B01
200900066478;0;7;0;0;2;6;11;A01
200900066479;0;7;0;0;1;4;4;A01
200900066480;0;1;0;0;2;1;2;A01
200900066480;0;7;0;0;2;4;23;B01
200900066481;0;7;0;0;2;4;2;B01
200900066481;0;7;0;0;2;1;2;A01
200900066482;0;7;0;0;2;7;1;B01
200900066482;0;1;0;0;2;1;19;A01
200900066483;0;33;0;0;1;1;1;A01
200900066484;0;7;0;0;1;2;1;A01
200900066485;0;7;0;0;1;2;1;A01
200900066486;0;7;0;0;2;6;9;A01
200900066486;0;1;0;0;2;7;15;B01
200900066487;0;7;0;0;1;1;1;A01
200900066488;0;38;1;0;2;1;1;A01
200900066488;0;1;0;0;2;8;19;B01
200900066489;0;7;0;0;1;1;21;A01
200900066490;0;7;0;0;2;2;15;B01
200900066490;0;7;0;0;2;3;1;A01
200900066491;0;2;0;0;2;1;17;B01
200900066491;0;7;0;0;2;8;15;A01
200900066492;0;7;0;0;2;4;23;C01
200900066492;0;7;0;0;2;1;2;A01
200900066492;0;7;0;0;2;4;2;B01
200900066493;0;7;0;0;1;5;1;A01
200900066494;0;7;0;0;2;3;10;A01
200900066494;0;2;0;0;2;1;1;B01
200900066495;0;34;0;0;2;1;1;B01
200900066495;0;7;0;0;2;7;15;A01
200900066496;0;7;0;0;1;3;1;A01
200900066497;0;7;0;0;2;6;23;B01
200900066497;0;30;0;0;2;7;2;A01
200900066498;0;2;0;0;0;7;16;A01
200900066499;0;33;0;0;2;2;1;B01
200900066499;0;7;0;0;2;8;11;A01
200900066500;0;30;0;0;2;1;1;A01
200900066500;0;7;0;0;2;4;23;B01
200900066501;0;7;0;0;1;4;4;A01
200900066502;0;7;0;0;2;3;15;B01
200900066502;0;33;0;0;2;1;1;A01
200900066503;0;7;0;0;2;3;1;B01
200900066503;0;14;0;0;2;3;1;A01
200900066504;0;7;0;0;1;2;1;A01
200900066505;0;7;0;0;2;1;1;A01
200900066505;0;1;0;0;2;8;19;B01
200900066506;0;7;0;0;1;1;1;A01
200900066507;0;7;0;0;1;2;1;A01
200900066508;0;7;0;0;2;3;15;A01
200900066508;0;30;0;0;2;2;16;B01
200900066509;0;7;0;0;2;2;1;A01
200900066509;0;7;0;4;2;3;1;B01
200900066510;0;1;0;0;2;7;1;B01
200900066510;0;7;0;0;9;1;1;A01
200900066511;0;7;0;0;2;2;1;B01
200900066511;0;2;0;0;2;8;11;A01
200900066512;0;7;0;0;1;2;0;A01
200900066513;0;7;0;0;1;1;20;A01
200900066514;0;30;0;0;2;7;2;A01
200900066514;0;7;0;0;2;8;15;B01
200900066515;0;7;0;0;1;1;1;A01
200900066516;0;7;0;0;1;1;15;A01
200900066517;0;7;0;0;2;1;2;A01
200900066517;0;30;0;0;2;4;2;B01
200900066518;0;13;0;0;1;3;0;A01
200900066519;0;7;0;0;1;1;17;A01
200900066520;0;7;0;0;0;8;15;B01
200900066520;0;32;0;0;2;1;17;A01
200900066521;0;33;0;14;0;8;1;A01
200900066522;0;7;0;0;1;1;16;A01
200900066523;0;7;0;0;2;1;1;A01
200900066523;0;7;0;0;2;7;1;B01
200900066524;0;13;0;0;1;2;1;A01
200900066525;0;1;0;0;2;1;5;B01
200900066525;1;7;0;0;2;7;2;A01
200900066526;0;7;0;0;1;3;1;A01
200900066527;0;37;20;0;1;2;16;A01
200900066528;0;7;0;0;0;4;2;B01
200900066528;0;7;0;0;2;1;2;A01
200900066529;0;10;0;0;1;7;16;A01
200900066530;0;13;0;0;1;3;0;A01
200900066531;0;7;0;0;2;1;1;B01
200900066531;0;33;0;0;2;7;15;A01
200900066532;0;13;0;0;1;3;1;A01
200900066533;0;7;0;0;2;2;16;A01
200900066533;0;30;0;0;2;3;2;B01
200900066534;0;31;0;0;2;1;1;B01
200900066534;0;7;0;0;2;1;15;A01
200900066535;0;7;0;0;2;1;1;A01
200900066535;0;7;0;0;1;1;15;B01
200900066536;0;7;0;4;0;1;1;A01
200900066537;0;10;0;0;2;1;13;A01
200900066537;0;10;0;0;2;1;1;B01
200900066538;0;7;0;0;2;1;1;B01
200900066538;0;7;0;0;2;3;13;A01
200900066539;0;7;0;3;0;4;2;B01
200900066539;0;7;0;0;2;1;2;A01
200900066540;0;10;0;0;1;7;1;A01
200900066541;1;99;0;0;1;0;0;B01
200900066541;0;7;0;3;0;2;0;A01
200900066542;0;7;0;0;2;6;10;A01
200900066542;0;33;0;0;2;1;21;B01
200900066543;0;7;0;0;1;1;15;A01
200900066544;0;7;0;4;0;4;17;B01
200900066544;0;7;0;0;2;1;2;A01
200900066545;0;33;0;0;0;9;1;B01
200900066546;0;7;0;0;2;1;1;A01
200900066546;0;7;0;12;2;2;1;B01
200900066547;0;7;0;0;2;1;1;A01
200900066547;0;7;0;0;0;4;1;B01
200900066548;0;7;0;0;1;1;1;A01
200900066549;0;7;0;0;2;2;15;B02
200900066549;0;7;0;0;2;1;1;A01
200900066550;0;7;0;0;0;7;16;A01
200900066550;0;1;0;0;2;1;2;B02
200900066551;0;7;0;0;0;5;15;A01
200900066551;0;33;0;0;2;1;1;B02
200900066552;0;7;0;0;2;3;15;A01
200900066552;0;2;0;0;2;2;17;B02
200900066553;0;33;0;13;0;1;1;A01
200900066554;0;7;0;0;2;3;1;B02
200900066554;0;2;0;0;2;1;1;A01
200900066555;0;7;0;0;2;3;1;A01
200900066555;0;14;0;0;2;2;19;B02
200900066556;0;2;0;3;0;7;1;A01
200900066557;0;7;0;0;1;1;1;A01
200900066558;0;7;0;0;2;7;15;A01
200900066558;0;1;0;0;2;1;1;B02
200900066559;0;7;0;0;0;8;15;A01
200900066559;0;33;0;0;0;1;1;B02
200900066560;0;7;0;8;0;1;13;A01
200900066561;0;10;0;0;0;2;1;A01
200900066561;0;7;0;0;0;7;15;B02
200900066562;0;33;0;0;0;7;17;A01
200900066563;0;7;0;0;2;3;1;A01
200900066563;0;7;0;0;2;3;1;C03
200900066563;0;7;0;0;2;1;1;B02
200900066564;0;7;0;0;2;3;1;B02
200900066564;0;7;0;0;2;3;13;A01
200900066565;0;7;0;13;0;1;13;A01
200900066566;0;10;0;0;2;0;1;B02
200900066566;0;7;0;0;2;9;1;A01
200900066567;0;7;0;0;2;8;11;A01
200900066567;0;33;0;0;2;7;17;B02
200900066568;0;7;0;0;2;1;1;A01
200900066568;0;7;0;0;2;3;15;B02
200900066569;0;1;0;0;2;1;13;B02
200900066569;0;7;0;0;2;3;1;A01
200900066570;0;7;0;0;2;1;1;B02
200900066570;0;7;0;0;2;1;1;A01
200900066571;0;36;0;13;0;1;0;A01
200900066572;0;7;0;2;0;8;1;A01
200900066573;0;7;0;0;2;1;13;A01
200900066573;0;7;0;0;2;1;1;B02
200900066574;0;33;0;8;0;4;1;A01
200900066575;0;33;0;0;2;1;1;B02
200900066575;0;7;0;0;2;2;13;A01
200900066576;0;7;0;0;2;2;0;A01
200900066576;0;38;0;0;2;2;0;B02
200900066577;0;7;0;0;2;1;17;A01
200900066577;0;7;0;0;2;1;1;B02
200900066578;0;7;0;0;2;7;5;A01
200900066578;0;7;0;0;2;1;1;B01
200900066579;0;14;0;0;2;1;1;A01
200900066579;0;7;0;0;2;4;23;B01
200900066579;0;7;0;0;2;3;23;C01
200900066579;0;7;0;0;2;8;23;D01
200900066580;0;7;0;0;2;4;4;A01
200900066581;0;30;0;0;2;7;1;A01
200900066581;0;7;0;0;2;7;16;B01
200900066582;0;7;0;0;2;3;15;A01
200900066582;0;30;0;0;2;8;1;B01
200900066583;0;15;0;0;2;1;15;A01
200900066583;0;1;0;0;2;8;1;B01
200900066584;0;31;0;0;2;1;1;B01
200900066584;0;7;0;0;2;7;15;A01
200900066585;1;7;0;0;1;1;1;A01
200900066586;0;7;0;0;2;2;2;A01
200900066586;0;2;0;0;2;4;2;B01
200900066587;0;7;0;0;2;3;1;B01
200900066587;0;33;0;0;2;1;17;A01
200900066588;0;7;0;15;0;1;1;A01
200900066589;0;7;0;0;2;1;16;A01
200900066589;0;1;0;0;2;7;1;B01
200900066590;0;7;0;0;2;3;1;A01
200900066590;0;1;0;0;2;1;15;B01
200900066591;0;32;0;0;2;1;17;B01
200900066591;0;7;0;0;2;1;15;A01
200900066592;0;10;0;0;0;4;2;B01
200900066592;0;7;0;0;2;1;2;A01
200900066593;0;2;0;0;2;1;17;A01
200900066593;0;7;0;0;2;8;15;B01
200900066594;0;7;0;0;0;2;1;A01
200900066595;0;7;0;6;0;1;1;A01
200900066596;0;33;0;0;0;0;1;A01
200900066597;0;7;0;6;0;6;19;A01
200900066597;0;36;0;0;0;1;1;B02
200900066598;0;7;0;0;2;7;13;A01
200900066598;0;7;0;0;2;1;1;B02
200900066599;0;7;0;0;2;2;19;A01
200900066599;0;2;0;0;2;1;1;B02
200900066600;0;7;0;0;2;3;1;A01
200900066600;0;1;0;0;2;7;15;B02
200900066601;0;7;0;0;2;8;1;A01
200900066601;0;30;0;0;2;8;13;B02
200900066602;0;14;0;0;2;3;1;A01
200900066602;0;14;0;0;2;7;19;B02
200900066603;0;15;0;0;2;6;1;C03
200900066603;0;7;0;0;2;1;11;A01
200900066603;0;7;0;0;2;1;1;B02
200900066604;0;7;0;0;2;3;15;A01
200900066604;0;7;0;6;2;3;1;B02
200900066605;0;7;0;0;2;7;1;C03
200900066605;0;7;0;0;2;1;13;A01
200900066605;0;7;0;0;2;1;1;B02
200900066606;0;7;0;2;0;1;13;A01
200900066607;0;7;0;0;0;3;1;B02
200900066607;0;7;0;0;0;1;9;A01
200900066608;0;30;0;0;0;1;1;B02
200900066608;0;7;0;0;0;2;10;A01
200900066609;0;7;0;0;2;8;1;C03
200900066609;0;10;0;0;2;3;17;A01
200900066609;0;33;0;0;2;1;1;B02
200900066610;0;7;0;0;2;8;15;A01
200900066610;0;7;0;0;2;1;17;B02
200900066611;0;7;0;0;0;4;15;C03
200900066611;0;7;0;0;0;1;1;A01
200900066611;0;7;0;0;0;4;2;B02
200900066612;0;7;0;0;2;2;1;B02
200900066612;0;7;0;0;2;2;1;A01
200900066613;0;7;0;0;2;3;1;B02
200900066613;0;7;0;0;2;1;13;A01
200900066614;0;7;0;13;0;9;19;A01
200900066615;0;33;0;0;2;1;0;B02
200900066615;0;7;0;0;2;2;10;A01
200900066616;0;7;0;0;0;8;10;A01
200900066616;0;2;0;0;2;1;1;B02
200900066617;0;10;0;3;0;2;17;A01
200900066618;0;30;0;2;0;1;14;A01
200900066619;0;7;0;2;0;5;2;A01
200900066620;0;7;0;0;0;7;17;B02
200900066620;0;3;0;1;0;8;24;A01
200900066621;0;10;0;0;2;8;15;A01
200900066621;0;15;0;0;2;1;1;B02
200900066622;0;21;0;0;2;6;1;B02
200900066622;1;7;0;0;2;8;1;A01
200900066623;0;7;0;0;2;3;15;A01
200900066623;0;7;0;0;2;8;1;B02
200900066624;0;15;0;0;2;8;1;A01
200900066624;0;7;0;0;2;1;1;C03
200900066624;0;7;0;0;2;3;1;B02
200900066625;0;33;0;3;0;8;17;A01
200900066626;0;7;0;0;2;4;1;A01
200900066627;0;2;0;13;0;1;14;A01
200900066628;0;30;0;0;0;0;15;A01
200900066629;0;7;0;0;1;2;1;A01
200900066630;0;33;0;0;2;1;1;B02
200900066630;0;7;0;0;2;3;19;A01
200900066631;0;7;0;0;2;2;15;A01
200900066631;0;33;0;0;2;1;1;B01
200900066632;0;10;0;0;2;1;1;A01
200900066632;0;1;0;0;2;8;19;B01
200900066633;0;37;16;0;2;2;1;A01
200900066633;0;1;0;0;2;1;19;B01
200900066634;0;7;0;0;4;1;19;A01
200900066634;0;40;0;0;2;1;1;B01
200900066635;0;2;0;0;1;1;1;A01
200900066636;0;7;0;3;2;2;1;A01
200900066636;0;7;0;3;0;5;0;B01
200900066637;0;15;0;0;2;1;2;D01
200900066637;0;10;0;0;0;0;2;B01
200900066637;0;7;0;0;2;1;11;A01
200900066637;0;7;0;1;0;1;1;C01
200900066638;0;7;0;3;0;7;1;A01
200900066639;0;1;0;0;2;1;15;A01
200900066639;0;7;0;0;2;7;1;B01
200900066640;0;14;0;0;2;7;1;A01
200900066640;0;32;0;0;2;8;13;B01
200900066641;0;7;0;0;2;6;10;A01
200900066641;0;7;0;0;2;2;2;B01
200900066642;0;7;0;0;1;1;15;A01
200900066643;0;7;0;0;1;3;1;A01
200900066644;0;7;0;0;2;4;2;B01
200900066644;0;2;0;0;2;1;2;A01
200900066645;0;7;0;0;2;4;2;C01
200900066645;0;10;0;0;2;1;2;A01
200900066645;0;7;0;0;2;1;2;B01
200900066646;0;7;0;0;2;1;1;B01
200900066646;0;7;0;0;2;1;15;A01
200900066647;0;7;0;0;2;8;24;A01
200900066647;0;1;0;1;0;1;1;B01
200900066648;0;2;0;0;2;7;0;A01
200900066648;0;7;0;0;2;1;1;B01
200900066649;0;7;0;0;1;3;0;A01
200900066650;0;2;0;0;2;0;1;A01
200900066650;0;7;0;0;2;0;9;B01
200900066651;0;7;0;0;2;7;1;B01
200900066651;0;37;40;0;2;1;1;A01
200900066652;0;7;0;0;1;1;1;A01
200900066653;0;7;0;0;2;3;15;A01
200900066653;0;7;0;0;2;3;0;B01
200900066654;0;33;0;0;2;1;1;B01
200900066654;0;7;0;0;0;6;10;A01
200900066655;0;7;0;3;0;1;0;A01
200900066656;0;7;0;0;1;2;1;A01
200900066657;0;3;0;0;1;2;1;A01
200900066658;0;7;0;;2;2;1;B02
200900066658;0;7;0;0;2;6;1;A01
200900066659;0;30;0;14;;1;1;A01
200900066660;0;7;0;0;2;3;10;A01
200900066660;0;30;0;0;2;1;17;B01
200900066661;0;7;0;0;2;8;10;A01
200900066661;0;33;0;0;2;7;1;B01
200900066662;0;7;0;0;2;1;1;A01
200900066662;0;7;0;0;2;3;1;B01
200900066663;0;2;0;0;2;3;1;A01
200900066663;0;7;0;0;2;8;21;B01
200900066664;0;7;0;0;0;0;1;A01
200900066665;0;37;1;0;2;3;1;B01
200900066665;0;10;0;0;2;5;16;A01
200900066666;0;10;0;;;7;;A01
200900066666;0;7;0;;2;1;;B01
200900066667;0;7;0;2;0;8;1;A01
200900066668;0;7;0;6;0;3;1;A01
200900066669;0;7;0;16;0;1;1;A01
200900066670;0;7;0;8;0;1;17;A01
200900066671;0;10;0;0;2;1;13;A01
200900066671;0;7;0;0;2;1;1;B02
200900066672;0;7;0;2;0;8;17;A01
200900066673;0;7;0;0;2;7;15;A01
200900066673;0;33;0;0;2;1;17;B02
200900066674;0;33;0;0;2;1;1;B02
200900066674;0;36;0;0;2;0;0;A01
200900066675;0;7;0;0;2;3;1;B02
200900066675;0;7;0;0;2;3;13;A01
200900066676;0;7;0;13;0;2;1;A01
200900066677;0;7;0;0;2;3;13;A01
200900066677;0;7;0;0;2;3;1;B02
200900066678;0;7;0;13;0;3;19;A01
200900066679;0;14;0;0;9;3;1;B02
200900066679;0;1;0;0;2;1;13;A01
200900066680;0;30;0;1;0;1;1;A01
200900066681;0;7;0;13;0;1;16;A01
200900066682;0;7;0;0;2;1;15;B02
200900066682;0;1;0;0;0;0;1;A01