num_acc;senc;catv;occutc;obs;obsm;choc;manv;num_veh
200900066683;0;7;0;0;2;3;13;B02
200900066683;0;7;0;0;2;1;21;C03
200900066683;0;7;0;0;2;3;1;A01
200900066684;0;7;0;6;0;2;1;A01
200900066685;0;7;0;0;2;1;0;A01
200900066685;0;7;0;0;2;3;15;B02
200900066686;0;7;0;4;0;1;1;A01
200900066687;0;2;0;7;0;1;1;A01
200900066688;0;7;0;0;0;1;11;A01
200900066689;0;14;0;0;1;8;15;A01
200900066690;0;33;0;0;2;1;1;A01
200900066691;0;7;0;15;0;7;1;A01
200900066692;0;10;0;0;2;3;1;B02
200900066692;0;7;0;0;2;8;16;A01
200900066693;0;7;0;0;2;1;1;A01
200900066693;0;2;0;0;2;1;15;B02
200900066694;0;7;0;0;2;1;1;C03
200900066694;0;10;0;0;2;2;1;A01
200900066694;0;7;0;13;2;6;1;B02
200900066695;0;7;0;0;2;1;15;A01
200900066695;0;7;0;0;2;2;1;B02
200900066696;0;7;0;0;2;8;19;A01
200900066696;0;7;0;0;2;1;1;B02
200900066697;0;7;0;0;2;3;0;B02
200900066697;0;7;0;0;2;6;13;A01
200900066698;0;7;0;0;2;1;1;B02
200900066698;0;7;0;0;2;7;13;A01
200900066699;0;7;0;0;2;6;1;A01
200900066699;0;7;0;0;2;2;17;B02
200900066700;0;7;0;0;0;8;15;B02
200900066700;0;2;0;0;2;1;17;A01
200900066701;0;7;0;6;0;1;1;A01
200900066702;0;10;0;0;2;3;15;A01
200900066702;0;14;0;0;2;1;1;B02
200900066703;0;33;0;0;0;8;17;A01
200900066704;0;30;0;0;1;1;15;A01
200900066705;0;32;0;0;2;1;1;A01
200900066705;0;7;0;0;2;8;1;B01
200900066706;0;1;0;0;2;1;0;B01
200900066706;0;7;0;0;2;1;16;A01
200900066707;0;7;0;0;1;3;15;A01
200900066708;0;7;0;0;1;1;15;A01
200900066709;0;7;0;0;1;7;1;A01
200900066710;0;30;0;0;0;8;1;B01
200900066710;0;7;0;0;0;7;14;A01
200900066711;0;7;0;15;0;9;0;A01
200900066712;0;7;0;0;0;4;23;B01
200900066712;0;7;0;0;2;1;2;A01
200900066713;0;33;0;9;0;1;2;A01
200900066714;0;7;0;0;2;1;1;A01
200900066714;0;7;0;0;2;5;1;B01
200900066715;0;10;0;4;0;3;3;A01
200900066716;0;7;0;4;0;1;0;A01
200900066717;0;7;0;4;2;1;17;A01
200900066717;0;17;0;0;2;8;1;B01
200900066718;0;7;0;8;0;1;2;A01
200900066719;0;7;0;4;0;2;0;B01
200900066719;0;7;0;0;0;0;0;A01
200900066720;0;10;0;0;1;2;2;A01
200900066721;0;40;0;0;1;1;1;A01
200900066722;0;7;0;2;2;8;17;A01
200900066722;0;7;0;0;2;6;1;B01
200900066723;0;33;0;0;2;0;2;A01
200900066723;0;7;0;0;2;4;2;B01
200900066724;0;7;0;0;2;1;2;A01
200900066724;0;7;0;0;2;4;2;B01
200900066725;0;7;0;0;2;8;11;A01
200900066725;0;30;0;0;2;2;11;B01
200900066726;0;7;0;0;0;1;1;A01
200900066727;1;7;0;0;1;0;1;A01
200900066728;0;33;0;8;0;1;1;A01
200900066729;0;10;0;0;1;4;4;A01
200900066730;0;7;0;0;1;1;1;A01
200900066731;0;1;0;0;4;7;19;B01
200900066731;0;40;0;0;2;1;1;A01
200900066732;0;33;0;0;2;1;1;B01
200900066732;0;7;0;0;2;3;9;A01
200900066733;0;40;0;0;1;7;1;A01
200900066734;0;7;0;0;0;1;2;A01
200900066734;0;7;0;0;0;4;2;B01
200900066734;0;7;0;0;0;4;2;C01
200900066735;0;7;0;4;0;7;1;A01
200900066736;0;7;0;4;0;7;14;A01
200900066737;0;7;0;0;2;1;0;A01
200900066737;0;2;0;0;2;1;5;B01
200900066738;0;7;0;0;2;1;1;B02
200900066738;0;17;0;0;2;8;1;C03
200900066738;0;7;0;0;2;3;17;A01
200900066738;0;7;0;0;2;1;1;D04
200900066739;0;7;0;0;1;7;0;A01
200900066740;0;7;0;0;2;1;13;A01
200900066740;0;7;0;0;2;3;1;B02
200900066741;0;31;0;0;2;7;1;A01
200900066741;0;32;0;0;2;1;19;B02
200900066742;0;30;0;0;2;1;15;A01
200900066742;0;10;0;0;2;3;1;B02
200900066743;0;7;0;0;2;3;1;B02
200900066743;0;7;0;0;2;1;1;A01
200900066744;0;7;0;0;1;2;1;A01
200900066745;0;7;0;0;1;2;1;A01
200900066746;0;7;0;2;0;1;1;A01
200900066747;0;7;0;0;2;1;1;B02
200900066747;0;7;0;0;2;7;13;A01
200900066748;0;7;0;0;2;1;13;A01
200900066748;0;10;0;0;2;1;1;B02
200900066749;0;7;0;0;2;0;0;A01
200900066749;0;1;0;0;0;1;1;B02
200900066750;0;14;0;0;2;3;1;A01
200900066750;0;7;0;0;2;1;13;B02
200900066751;0;7;0;16;0;9;1;A01
200900066752;0;7;0;13;0;1;1;A01
200900066753;0;7;0;0;1;2;1;A01
200900066754;0;17;0;0;2;3;1;A01
200900066754;0;7;0;4;2;2;0;B02
200900066755;0;7;0;4;0;1;1;A01
200900066756;0;7;0;8;2;1;17;B02
200900066756;0;7;0;13;2;3;15;A01
200900066757;0;7;0;0;2;8;19;A01
200900066757;0;7;0;0;2;3;11;B02
200900066758;0;30;0;0;2;1;13;A01
200900066758;0;7;0;0;2;1;17;B02
200900066759;0;7;0;0;2;7;11;A01
200900066759;0;7;0;0;2;1;1;B02
200900066759;0;7;0;0;2;3;23;C03
200900066760;0;10;0;6;0;1;1;A01
200900066761;0;7;0;0;2;1;2;C03
200900066761;0;7;0;0;0;4;23;A01
200900066761;0;7;0;0;2;4;23;B02
200900066762;0;3;0;0;2;1;1;A01
200900066762;0;7;0;0;0;4;15;B02
200900066763;0;7;0;0;2;1;1;A01
200900066763;0;7;0;0;2;1;5;B02
200900066764;0;7;0;3;0;2;17;A01
200900066765;0;14;0;0;2;4;23;A01
200900066765;0;14;0;0;2;1;2;B02
200900066766;0;7;0;8;0;8;1;A01
200900066767;0;7;0;0;0;1;1;A01
200900066768;0;7;0;0;1;2;1;A01
200900066769;0;7;0;0;2;3;1;B02
200900066769;0;7;0;0;2;1;13;A01
200900066769;0;7;0;0;2;2;21;C03
200900066770;0;10;0;0;2;1;19;A01
200900066770;0;33;0;0;2;7;1;B02
200900066771;0;7;0;0;2;2;13;A01
200900066771;0;7;0;0;2;1;1;B02
200900066772;0;7;0;0;2;1;1;B01
200900066772;0;7;0;0;2;1;1;C01
200900066772;0;7;0;0;2;8;19;A01
200900066773;0;7;0;0;2;4;2;B01
200900066773;0;13;0;0;2;4;2;C01
200900066773;0;38;1;0;2;1;2;A01
200900066773;0;10;0;0;2;1;2;D01
200900066774;0;7;0;0;1;0;15;A01
200900066775;0;40;0;0;1;7;1;A01
200900066776;0;7;0;0;2;1;2;B01
200900066776;0;7;0;0;2;4;2;A01
200900066777;0;7;0;0;2;4;2;C01
200900066777;0;7;0;0;2;2;2;B01
200900066777;0;7;0;0;2;3;2;A01
200900066778;0;2;0;0;2;1;1;B01
200900066778;0;7;0;0;2;2;15;A01
200900066779;0;33;0;0;2;1;17;A01
200900066779;0;7;0;0;2;3;17;B02
200900066780;0;7;0;0;2;3;1;B02
200900066780;0;7;0;0;2;3;13;A01
200900066781;0;7;0;0;0;0;17;C03
200900066781;0;7;0;0;2;9;21;B02
200900066781;0;7;0;0;2;6;1;A01
200900066782;0;33;0;0;2;1;1;A01
200900066782;0;7;0;0;2;3;19;B02
200900066783;0;33;0;11;0;8;15;A01
200900066784;0;7;0;2;0;3;1;A01
200900066785;0;7;0;8;0;3;14;A01
200900066786;0;2;0;3;0;1;1;A01
200900066787;0;7;0;0;2;8;19;B02
200900066787;0;15;0;0;2;1;1;A01
200900066788;0;7;0;0;0;3;17;A01
200900066789;0;7;0;0;2;3;15;A01
200900066789;0;2;0;0;2;2;17;B02
200900066790;0;7;0;13;0;1;17;A01
200900066791;0;10;0;4;0;2;0;A01
200900066792;0;7;0;0;2;1;1;B02
200900066792;0;7;0;0;2;2;9;A01
200900066793;0;7;0;0;2;8;10;A01
200900066793;0;7;0;0;2;2;1;B02
200900066794;0;7;0;13;0;1;14;A01
200900066795;0;7;0;0;2;1;1;A01
200900066795;0;10;0;0;2;2;13;B02
200900066796;0;7;0;0;2;3;15;B02
200900066796;0;33;0;0;2;1;1;A01
200900066797;0;1;0;0;2;1;1;B02
200900066797;0;7;0;0;2;3;9;A01
200900066798;0;2;0;8;0;2;13;A01
200900066799;0;7;0;0;2;3;10;A01
200900066799;0;7;0;0;2;5;1;B02
200900066800;0;7;0;6;0;1;0;A01
200900066801;0;1;0;0;2;8;1;B02
200900066802;0;7;0;0;1;1;15;A01
200900066803;0;7;0;0;0;4;23;A01
200900066803;0;7;0;0;2;1;2;B02
200900066804;0;7;0;0;2;8;1;B02
200900066804;0;7;0;0;2;1;19;A01
200900066805;0;7;0;3;0;4;2;B02
200900066805;0;7;0;0;2;1;2;A01
200900066806;0;7;0;0;0;4;16;B02
200900066806;0;7;0;0;2;1;1;A01
200900066807;0;1;0;0;2;6;2;A01
200900066807;1;7;0;0;9;2;2;B02
200900066808;0;7;0;0;0;2;0;A01
200900066808;0;35;0;0;2;1;1;B02
200900066809;0;7;0;0;1;2;21;A01
200900066810;0;30;0;13;0;1;1;A01
200900066811;0;33;0;0;0;8;1;A01
200900066812;0;33;0;0;2;1;21;A01
200900066812;0;7;0;0;0;8;10;B02
200900066813;0;7;0;1;0;3;1;A01
200900066814;0;7;0;0;2;1;1;A01
200900066814;0;2;0;0;2;1;13;B02
200900066815;0;7;0;0;0;0;1;A01
200900066816;0;7;0;0;2;8;1;A01
200900066816;0;33;0;0;2;3;13;B02
200900066817;0;7;0;0;9;2;16;A01
200900066817;0;1;0;0;2;6;1;B02
200900066818;0;7;0;3;4;0;1;A01
200900066819;0;7;0;4;0;1;1;A01
200900066819;0;33;0;0;0;0;21;B02
200900066820;0;7;0;0;2;1;1;A01
200900066820;0;33;0;0;2;1;13;B02
200900066821;0;7;0;13;0;2;1;A01
200900066822;0;7;0;0;2;3;1;C03
200900066822;0;33;0;0;2;1;13;A01
200900066822;0;7;0;0;2;8;1;B02
200900066823;0;1;0;6;0;1;1;A01
200900066824;0;33;0;8;0;7;17;A01
200900066825;0;7;0;0;2;1;1;B02
200900066825;0;7;0;0;2;1;23;C03
200900066825;0;7;0;0;2;1;15;A01
200900066826;0;7;0;0;2;4;23;B02
200900066826;0;7;0;1;0;2;1;A01
200900066827;0;7;0;6;0;1;1;A01
200900066828;0;7;0;0;2;2;2;B02
200900066828;0;10;0;0;2;3;13;A01
200900066829;0;7;0;0;0;3;1;B02
200900066829;0;33;0;0;2;1;17;A01
200900066830;0;7;0;0;0;4;2;B02
200900066830;0;33;0;0;0;0;2;A01
200900066831;1;30;0;0;1;1;15;A01
200900066832;0;10;0;0;1;1;1;A01
200900066833;0;7;0;0;2;2;9;A01
200900066833;0;1;0;0;2;7;1;B01
200900066834;0;7;0;0;2;3;1;A01
200900066834;0;40;0;0;2;7;1;B01
200900066835;0;7;0;0;1;5;20;A01
200900066836;0;40;0;0;2;2;1;A01
200900066836;0;7;0;0;2;1;1;B01
200900066837;0;7;0;0;2;1;15;A01
200900066837;0;1;0;0;2;1;1;B01
200900066838;0;30;0;0;2;1;15;B01
200900066838;0;7;0;0;2;8;1;A01
200900066839;0;7;0;0;2;2;16;B01
200900066839;0;30;0;0;2;1;1;A01
200900066840;0;1;0;0;2;1;1;A01
200900066840;0;7;0;0;2;7;16;B01
200900066841;0;7;0;0;2;1;15;A01
200900066841;0;7;0;1;2;2;1;B01
200900066842;0;7;0;0;2;2;1;B01
200900066842;0;7;0;0;2;3;15;A01
200900066843;0;20;0;0;0;0;1;A01
200900066844;0;1;0;0;2;1;1;B01
200900066844;0;7;0;0;2;3;9;A01
200900066845;0;33;0;0;2;7;1;B01
200900066845;0;7;0;0;2;6;11;A01
200900066846;0;30;0;0;2;1;1;B01
200900066846;0;30;0;0;2;1;1;A01
200900066847;0;7;0;0;2;1;1;A01
200900066847;0;7;0;0;2;1;1;B01
200900066848;0;7;0;0;2;4;2;B01
200900066848;0;7;0;0;2;1;1;A01
200900066849;0;7;0;0;2;8;11;A01
200900066849;0;31;0;0;2;7;1;B01
200900066850;0;7;0;0;2;3;1;B01
200900066850;0;31;0;0;2;7;1;A01
200900066851;0;7;0;0;1;1;15;A01
200900066852;0;34;0;0;1;1;1;A01
200900066853;0;30;0;0;2;2;1;B01
200900066853;0;7;0;0;2;1;1;A01
200900066854;1;7;0;1;0;2;1;A01
200900066854;0;7;0;0;0;3;22;B01
200900066855;0;7;0;0;1;1;1;A01
200900066856;0;30;0;0;2;1;5;A01
200900066856;0;7;0;0;2;1;1;B01
200900066857;0;7;0;0;1;2;1;A01
200900066858;0;30;0;0;2;8;1;B01
200900066858;0;7;0;0;2;1;0;A01
200900066859;0;1;0;0;0;4;2;B01
200900066859;0;7;0;1;9;2;2;A01
200900066860;0;7;0;0;2;1;1;A01
200900066860;0;7;0;0;2;6;1;B01
200900066861;0;7;0;0;2;2;12;A01
200900066861;0;17;0;0;2;6;1;B01
200900066862;0;7;0;0;2;2;1;A01
200900066862;0;7;0;0;2;3;6;B01
200900066863;0;7;0;0;1;2;15;A01
200900066864;0;2;0;1;0;2;21;A01
200900066865;0;30;0;0;2;1;0;A01
200900066865;0;7;0;0;2;2;0;B01
200900066866;0;7;0;13;0;3;1;A01
200900066867;0;7;0;0;2;2;0;A01
200900066867;0;7;0;0;0;4;1;B02
200900066868;0;17;0;0;2;7;1;A01
200900066868;0;10;0;0;2;1;1;B02
200900066869;0;7;0;0;2;1;13;A01
200900066869;0;7;0;0;2;2;1;B02
200900066870;0;2;0;0;2;1;1;A01
200900066870;0;7;0;0;2;8;19;B02
200900066871;0;10;0;3;0;1;0;A01
200900066872;0;33;0;0;0;8;0;A01
200900066873;0;33;0;0;2;1;17;A01
200900066873;0;7;0;0;2;8;15;B02
200900066874;0;33;0;0;0;1;1;A01
200900066875;0;7;0;0;2;1;15;A01
200900066875;0;30;0;0;2;1;1;B02
200900066876;0;30;0;0;2;1;0;A01
200900066876;0;7;0;0;2;3;0;B01
200900066877;0;1;0;0;0;0;2;B01
200900066877;0;7;0;0;2;1;2;A01
200900066878;0;7;0;0;1;1;2;A01
200900066879;0;7;0;0;1;1;2;A01
200900066880;0;7;0;0;0;0;0;B01
200900066880;0;2;0;0;2;0;0;A01
200900066881;0;30;0;0;0;0;15;A01
200900066882;0;7;0;0;1;1;2;A01
200900066883;0;1;0;0;1;1;1;A01
200900066884;0;30;0;0;0;2;1;A01
200900066885;0;7;0;0;1;0;1;A01
200900066886;0;2;0;0;2;1;1;B01
200900066886;0;7;0;0;2;2;15;A01
200900066887;0;1;0;0;0;0;0;A01
200900066888;0;7;0;0;0;4;2;B01
200900066888;0;2;0;0;2;1;2;A01
200900066889;0;7;0;0;1;1;2;A01
200900066890;0;31;0;0;2;2;1;A01
200900066890;0;7;0;0;2;3;1;B01
200900066891;0;33;0;0;0;7;2;A01
200900066892;0;32;0;0;2;1;2;A01
200900066892;0;7;0;0;2;3;2;B01
200900066893;0;2;0;0;2;1;1;B02
200900066893;0;7;0;0;2;3;13;A01
200900066894;0;7;0;0;2;6;13;A01
200900066894;0;7;0;0;2;3;1;B02
200900066895;0;7;0;0;2;1;1;C03
200900066895;0;7;0;0;2;1;5;A01
200900066895;0;7;0;0;2;3;1;B02
200900066895;0;7;0;14;0;1;1;D04
200900066896;0;7;0;0;1;2;1;A01
200900066897;0;10;0;0;2;6;19;A01
200900066897;0;33;0;0;2;1;1;B02
200900066898;0;10;0;2;0;1;13;A01
200900066899;0;7;0;0;6;3;13;A01
200900066900;0;7;0;0;2;1;1;A01
200900066900;0;30;0;0;0;4;15;B02
200900066901;0;7;0;0;2;1;21;A01
200900066901;0;7;0;0;2;1;1;B02
200900066902;0;7;0;0;2;4;2;A01
200900066902;0;7;0;0;2;4;2;B01
200900066903;1;7;0;0;1;0;0;A01
200900066904;0;7;0;8;0;1;2;A01
200900066905;0;2;0;0;1;0;0;A01
200900066905;0;7;0;0;2;0;0;B01
200900066906;0;30;0;0;2;1;1;B02
200900066906;0;7;0;0;2;7;1;A01
200900066907;0;7;0;0;2;3;15;B01
200900066907;0;15;0;0;2;2;1;A01
200900066908;0;7;0;0;2;1;1;A01
200900066908;0;7;0;0;2;7;15;B01
200900066909;0;10;0;0;2;2;15;B01
200900066909;0;2;0;0;2;1;18;A01
200900066910;0;7;0;0;1;3;1;A01
200900066911;0;7;0;0;2;0;16;A01
200900066911;0;2;0;0;2;0;1;B01
200900066912;0;7;0;0;2;4;2;B01
200900066912;0;7;0;0;2;4;2;C01
200900066912;0;7;0;0;2;1;2;A01
200900066912;0;7;0;0;2;4;2;D01
200900066912;0;7;0;0;0;4;2;E01
200900066913;0;3;0;0;2;3;1;A01
200900066913;0;7;0;0;2;1;1;B02
200900066914;0;7;0;8;0;2;13;A01
200900066915;0;10;0;13;0;1;1;A01
200900066916;0;30;0;0;2;1;1;A01
200900066916;0;7;0;0;2;1;15;B02
200900066917;0;30;0;0;0;8;0;A01
200900066918;0;33;0;0;2;7;13;A01
200900066918;0;7;0;0;2;2;13;B02
200900066919;0;17;0;0;2;4;2;B02
200900066919;0;17;0;0;2;1;2;A01
200900066920;0;7;0;0;2;8;0;A01
200900066920;0;33;0;0;2;1;0;B01
200900066921;0;31;0;0;0;0;0;B01
200900066921;0;7;0;0;0;0;0;A01
200900066922;0;7;0;0;2;1;2;A01
200900066922;0;7;0;0;2;4;2;B01
200900066923;0;7;0;0;0;8;2;C01
200900066923;0;30;0;0;2;1;17;A01
200900066923;0;32;0;0;2;1;1;B01
200900066924;1;7;0;0;1;0;0;A01
200900066925;0;33;0;0;0;3;2;B01
200900066925;0;7;0;0;2;3;15;A01
200900066926;0;7;0;0;1;1;9;A01
200900066927;0;33;0;0;0;9;21;A01
200900066927;0;7;0;0;0;0;15;B01
200900066928;0;10;0;0;2;3;15;A01
200900066928;0;30;0;0;2;1;1;B01
200900066929;0;7;0;0;1;1;1;A01
200900066930;0;7;0;1;0;1;2;A01
200900066931;0;31;0;0;2;5;1;A01
200900066931;1;7;0;0;2;1;0;B01
200900066932;0;30;0;0;2;5;1;B01
200900066932;0;30;0;1;2;1;2;A01
200900066933;0;3;0;0;0;5;1;A01
200900066933;0;10;0;0;0;1;1;B01
200900066934;1;10;0;0;2;0;11;A01
200900066934;0;32;0;1;2;7;1;B01
200900066935;0;7;0;0;2;7;1;A01
200900066935;0;7;0;0;2;1;1;B01
200900066935;0;7;0;0;2;3;23;C01
200900066936;0;31;0;0;1;1;17;A01
200900066937;0;7;0;0;2;4;0;A01
200900066937;1;7;0;0;0;0;0;B01
200900066938;1;7;0;0;2;0;13;B01
200900066938;0;32;0;0;2;0;17;A01
200900066939;1;99;0;0;1;0;0;A01
200900066940;0;7;0;0;0;4;1;B01
200900066940;0;7;0;0;2;1;1;A01
200900066941;0;1;0;0;0;6;15;B01
200900066941;0;30;0;0;2;3;3;A01
200900066942;0;32;0;0;2;7;13;B01
200900066942;0;7;0;0;0;8;15;A01
200900066943;0;7;0;1;0;2;1;A01
200900066944;0;7;0;0;9;7;2;A01
200900066944;0;1;0;0;2;8;2;B01
200900066945;0;10;0;0;2;2;2;A01
200900066945;0;7;0;0;0;6;0;B01
200900066946;0;2;0;0;2;1;1;B02
200900066946;0;20;0;0;2;1;15;A01
200900066947;0;7;0;0;2;7;13;A01
200900066947;0;14;0;0;2;1;1;B02
200900066948;0;7;0;0;2;8;15;A01
200900066948;0;31;0;0;2;1;17;B01
200900066949;0;7;0;0;2;4;1;B01
200900066949;0;7;0;0;2;1;1;A01
200900066950;0;7;0;0;0;4;0;C01
200900066950;0;7;0;0;2;2;3;A01
200900066950;0;7;0;0;2;6;23;B01
200900066951;0;1;0;0;2;8;1;B02
200900066951;0;7;0;0;9;3;17;A01
200900066952;0;1;0;0;2;8;1;B02
200900066952;0;7;0;0;2;1;19;A01
200900066952;0;7;0;0;2;3;23;C03
200900066953;0;7;0;0;1;1;1;A01
200900066954;0;2;0;0;2;1;13;A01
200900066954;0;7;0;0;2;1;1;B02
200900066955;0;7;0;0;2;8;23;B01
200900066955;0;7;0;0;2;3;15;A01
200900066956;0;10;0;0;2;1;2;A01
200900066956;0;7;0;0;2;4;2;B01
200900066956;0;7;0;0;2;4;2;C01
200900066957;0;7;0;0;2;1;13;A01
200900066957;0;7;0;0;2;1;1;B02
200900066958;0;7;0;0;1;2;1;A01
200900066959;0;2;0;0;2;1;1;A01
200900066959;0;10;0;0;2;1;1;B01
200900066960;0;33;0;0;2;1;1;B01
200900066960;0;7;0;0;2;3;2;A01
200900066961;0;10;0;0;2;2;1;A01
200900066961;0;1;0;0;0;4;1;B02
200900066962;0;33;0;0;2;1;1;A01
200900066962;0;7;0;0;0;6;11;B01
200900066963;0;7;0;2;0;3;1;A01
200900066964;0;7;0;1;2;1;1;B01
200900066964;0;30;0;0;0;8;1;A01
200900066965;0;7;0;0;2;8;23;B01
200900066965;0;32;0;0;2;7;17;A01
200900066966;0;21;0;0;0;0;1;A01
200900066967;0;7;0;12;0;0;19;A01
200900066968;0;7;0;12;2;5;1;A01
200900066968;0;7;0;0;2;1;1;B01
200900066969;0;32;0;0;1;1;17;A01
200900066970;0;10;0;0;0;0;17;A01
200900066970;0;1;0;0;0;4;1;B02
200900066971;0;7;0;0;2;1;19;A01
200900066971;0;31;0;0;2;1;1;B01
200900066972;0;10;0;0;2;1;2;A01
200900066972;0;10;0;0;0;4;2;B02
200900066973;0;7;0;0;2;8;15;A01
200900066973;0;30;0;0;2;2;1;B01
200900066974;0;7;0;0;0;3;1;B01
200900066974;2;7;0;0;0;3;13;A01
200900066975;0;7;0;0;2;5;23;B01
200900066975;0;7;0;0;2;3;12;A01
200900066976;0;32;0;0;0;1;2;A01
200900066976;0;7;0;0;0;4;16;B01
200900066977;0;1;0;0;2;1;1;B02
200900066977;0;7;0;0;2;5;1;A01
200900066978;0;7;0;3;0;2;1;A01
200900066979;0;30;0;0;2;2;17;A01
200900066979;0;7;0;0;2;8;15;B01
200900066980;0;7;0;0;0;3;0;A01
200900066980;1;7;0;0;0;0;0;B01
200900066981;0;30;0;0;2;1;1;A01
200900066981;0;10;0;0;2;5;1;B02
200900066982;0;38;1;0;2;8;1;B01
200900066982;0;7;0;4;2;9;12;A01
200900066983;0;7;0;0;9;3;1;C03
200900066983;0;33;0;0;2;0;1;B02
200900066983;0;7;0;0;2;6;23;A01
200900066984;0;7;0;0;2;1;1;A01
200900066984;0;7;0;0;0;7;19;B02
200900066985;0;7;0;0;2;3;1;A01
200900066985;0;7;0;0;2;2;1;B01
200900066986;0;33;0;12;0;1;14;A01
200900066987;0;7;0;0;1;1;1;A01
200900066988;0;7;0;0;2;1;1;B01
200900066988;0;7;0;0;2;1;1;A01
200900066989;0;31;0;0;2;1;1;B01
200900066989;0;7;0;0;0;6;9;A01
200900066990;0;7;0;0;9;1;1;A01
200900066991;0;7;0;4;0;1;1;A01
200900066992;0;33;0;0;0;7;1;A01
200900066993;0;7;0;0;2;4;2;B01
200900066993;0;7;0;0;2;1;2;A01
200900066993;0;7;0;0;0;4;2;C01
200900066994;0;7;0;0;0;8;9;B01
200900066994;0;7;0;0;2;1;1;A01
200900066995;0;7;0;0;1;4;4;A01
200900066996;0;7;0;0;0;9;1;A01
200900066997;0;3;0;0;2;3;1;B01
200900066997;0;7;0;0;2;3;1;A01
200900066998;0;7;0;0;2;5;15;B01
200900066998;0;7;0;0;2;3;1;A01
200900066999;0;7;0;0;2;1;15;A01
200900066999;0;2;0;0;2;8;1;B01
200900067000;0;7;0;0;2;1;1;A01
200900067000;0;7;0;0;2;2;1;B01
200900067001;0;7;0;0;2;3;16;B01
200900067001;0;30;0;0;2;1;15;A01
200900067002;0;7;0;0;2;1;15;A01
200900067002;0;7;0;0;2;3;1;B01
200900067003;1;7;0;0;9;4;16;A01
200900067003;0;2;0;0;2;1;1;B01
200900067004;0;2;0;12;0;1;1;A01
200900067005;0;7;0;1;1;1;14;A01
200900067006;0;7;0;15;0;1;13;B01
200900067006;0;7;0;12;0;8;13;A01
200900067007;0;7;0;0;9;4;1;B01
200900067007;0;30;0;0;2;1;1;A01
200900067008;0;30;0;0;0;0;0;A01
200900067009;0;7;0;0;0;3;9;A01
200900067009;0;33;0;0;2;1;1;B01
200900067010;0;7;0;0;0;4;23;B01
200900067010;0;7;0;14;0;1;2;A01
200900067011;0;33;0;0;2;1;1;B01
200900067011;0;7;0;0;2;7;15;A01
200900067012;0;7;0;0;2;3;1;B01
200900067012;0;7;0;0;2;7;15;A01
200900067013;0;3;0;0;1;1;1;A01
200900067014;0;7;0;0;1;4;4;A01
200900067015;0;7;0;0;0;8;9;B01
200900067015;0;7;0;0;2;2;1;A01
200900067016;0;7;0;0;2;1;9;A01
200900067016;0;7;0;0;2;8;1;B01
200900067017;0;7;0;0;1;3;15;A01
200900067018;0;30;0;0;2;1;1;B01
200900067018;0;7;0;0;2;1;15;A01
200900067019;0;7;0;0;2;3;15;A01
200900067019;0;7;0;0;2;2;1;B01
200900067020;0;7;0;0;1;7;1;A01
200900067021;0;7;0;0;2;1;1;B01
200900067021;0;7;0;0;2;2;1;A01
200900067022;0;30;0;0;0;7;1;A01
200900067023;0;7;0;8;2;1;13;A01
200900067023;0;7;0;0;2;8;1;B01
200900067024;0;7;0;0;2;3;1;A01
200900067024;0;30;0;0;2;7;1;B01
200900067025;0;7;0;0;1;1;1;A01
200900067026;1;7;0;0;2;7;16;B01
200900067026;0;1;0;0;2;8;1;A01
200900067027;0;7;0;1;0;2;14;A01
200900067028;0;7;0;0;2;8;1;A01
200900067029;0;33;0;0;2;3;1;B01
200900067029;0;7;0;0;2;5;1;A01
200900067030;0;7;0;0;2;7;15;A01
200900067030;0;32;0;0;2;1;1;B01
200900067031;1;7;0;0;2;1;2;A01
200900067031;0;2;0;0;2;4;2;B01
200900067032;0;7;0;4;0;1;11;A01
200900067033;0;7;0;5;0;3;21;A01
200900067034;0;7;0;8;0;1;2;A01
200900067035;0;7;0;0;2;1;2;C01
200900067035;0;7;0;0;2;4;2;B01
200900067035;0;15;0;0;2;1;2;A01
200900067035;0;7;0;0;0;5;23;E01
200900067035;0;10;0;0;2;2;2;D01
200900067036;0;33;0;0;0;8;11;A01
200900067037;0;17;0;0;0;0;0;A01
200900067038;0;33;0;0;2;1;2;C03
200900067038;0;15;0;0;0;0;1;A01
200900067038;0;99;0;0;0;6;1;B02
200900067039;0;7;0;0;2;3;1;B02
200900067039;0;7;0;0;2;3;15;A01
200900067040;0;7;0;0;2;3;0;B01
200900067040;0;7;0;0;2;8;15;A01
200900067041;0;7;0;12;0;1;0;A01
200900067042;0;7;0;0;1;4;0;A01
200900067043;0;7;0;0;2;1;0;A01
200900067043;0;30;0;0;2;1;1;B01
200900067044;0;7;0;0;2;1;15;A01
200900067044;0;7;0;0;2;3;0;B01
200900067045;0;7;0;0;2;3;15;A01
200900067045;0;33;0;0;2;1;1;B01
200900067046;0;31;0;12;0;1;15;A01
200900067046;0;1;0;12;0;8;1;B02
200900067047;0;7;0;0;0;8;1;B01
200900067047;0;7;0;0;2;1;1;A01
200900067048;0;7;0;0;2;4;2;B01
200900067048;0;7;0;0;2;1;2;A01
200900067049;0;30;0;0;2;7;1;B01
200900067049;0;7;0;0;2;2;1;A01
200900067050;0;32;0;0;1;1;1;A01
200900067051;0;7;0;0;2;7;1;A01
200900067051;0;7;0;0;2;8;1;B01
200900067052;0;7;0;0;2;1;2;A01