num_acc;senc;catv;occutc;obs;obsm;choc;manv;num_veh
200900067052;0;7;0;0;0;4;2;B01
200900067053;0;7;0;0;2;3;13;A01
200900067053;0;7;0;0;2;3;1;B01
200900067054;0;7;0;4;0;3;1;A01
200900067055;0;32;0;0;2;1;15;A01
200900067055;0;10;0;0;2;1;15;B01
200900067056;0;7;0;0;1;1;1;A01
200900067057;0;7;0;0;0;3;19;A01
200900067057;0;10;0;0;2;1;2;B01
200900067058;0;31;0;0;2;7;13;B02
200900067058;0;7;0;0;2;1;1;A01
200900067059;0;7;0;0;2;2;15;A01
200900067059;0;1;0;0;2;0;1;B02
200900067060;0;7;0;13;0;9;14;A01
200900067061;0;7;0;0;2;3;1;B01
200900067061;0;33;0;0;2;1;13;A01
200900067062;0;30;0;1;0;2;14;A01
200900067063;1;7;0;0;2;5;2;A01
200900067063;0;30;0;0;2;3;2;B01
200900067064;0;33;0;3;0;8;2;A01
200900067065;0;33;0;0;0;1;2;B02
200900067065;0;7;0;0;2;5;2;A01
200900067066;0;10;0;16;0;1;1;A01
200900067067;0;7;0;0;2;7;16;A01
200900067067;0;30;0;0;2;8;16;B01
200900067068;0;7;0;0;2;7;16;B01
200900067068;0;34;0;0;2;8;1;A01
200900067069;0;7;0;0;2;3;1;A01
200900067069;0;33;0;0;2;1;1;B01
200900067070;0;7;0;0;2;1;1;B02
200900067070;0;1;0;0;2;1;1;A01
200900067071;0;7;0;0;1;3;1;A01
200900067072;0;7;0;0;2;3;13;A01
200900067072;0;7;0;0;2;3;1;B02
200900067073;0;7;0;0;1;2;1;A01
200900067074;0;33;0;0;0;3;17;A01
200900067075;0;7;0;0;2;3;15;B02
200900067075;0;7;0;0;2;2;1;A01
200900067076;1;31;0;0;1;8;1;A01
200900067077;0;7;0;0;2;1;1;A01
200900067077;0;7;0;0;2;1;1;B02
200900067078;0;7;0;14;2;2;14;B01
200900067078;0;7;0;0;0;5;23;D01
200900067078;0;7;0;14;2;3;18;A01
200900067078;0;7;0;0;0;5;23;C01
200900067079;0;7;0;0;9;7;17;A01
200900067079;0;2;0;0;2;8;15;B01
200900067080;0;7;0;0;2;1;2;B01
200900067080;0;7;0;0;2;0;16;A01
200900067081;0;7;0;0;2;5;16;B01
200900067081;0;7;0;0;2;1;1;C01
200900067081;0;7;0;0;2;1;2;A01
200900067082;0;1;0;0;2;9;17;A01
200900067082;0;15;0;0;9;6;2;B01
200900067083;0;7;0;0;2;3;1;B01
200900067083;0;7;0;0;2;2;1;A01
200900067084;0;7;0;0;2;1;19;A01
200900067084;0;7;0;0;2;1;2;B01
200900067085;0;7;0;0;1;2;1;A01
200900067086;0;7;0;0;1;2;1;A01
200900067087;0;33;0;1;1;1;0;A01
200900067088;1;7;0;0;1;4;4;A01
200900067089;0;7;0;0;1;6;4;A01
200900067090;0;7;0;0;1;2;2;A01
200900067091;0;7;0;0;2;1;2;A01
200900067091;0;7;0;0;2;4;2;B01
200900067092;0;7;0;0;2;7;1;A01
200900067092;0;7;0;0;2;1;1;B01
200900067093;0;7;0;0;1;3;2;A01
200900067094;0;7;0;0;2;3;0;A01
200900067094;0;7;0;0;2;3;0;B01
200900067095;0;1;0;0;9;1;0;A01
200900067096;0;10;0;6;0;1;13;A01
200900067097;0;21;0;0;2;6;1;A01
200900067097;0;7;0;0;2;3;1;B01
200900067098;0;7;0;6;0;1;20;A01
200900067099;0;33;0;0;0;0;2;A01
200900067100;0;7;0;0;2;4;2;B01
200900067100;0;7;0;0;2;1;2;A01
200900067101;0;10;0;0;2;3;15;A01
200900067101;0;1;0;0;2;8;1;B01
200900067102;0;7;0;0;2;4;2;B01
200900067102;0;7;0;0;2;1;2;A01
200900067103;0;7;0;0;2;8;1;A01
200900067103;0;1;0;0;2;1;1;B01
200900067104;0;30;0;0;2;1;2;A01
200900067104;0;7;0;0;2;4;2;B01
200900067105;0;2;0;0;2;1;16;A01
200900067105;0;7;0;0;2;2;16;B01
200900067106;0;7;0;0;2;4;2;B01
200900067106;0;7;0;0;0;4;23;C01
200900067106;0;7;0;1;0;1;2;A01
200900067107;0;7;0;0;2;4;2;B01
200900067107;0;2;0;0;2;0;2;A01
200900067108;0;7;0;0;1;2;16;A01
200900067109;0;7;0;0;1;2;0;A01
200900067110;0;7;0;0;2;3;9;A01
200900067110;0;7;0;0;2;3;1;C01
200900067110;0;33;0;0;2;1;1;B01
200900067111;0;14;0;0;0;0;15;B01
200900067111;0;33;0;12;0;1;17;A01
200900067112;0;7;0;0;1;3;15;A01
200900067113;0;7;0;0;1;4;4;A01
200900067114;0;33;0;0;2;1;1;B01
200900067114;0;7;0;0;2;2;15;A01
200900067115;0;7;0;2;0;3;1;A01
200900067116;0;7;0;0;2;6;2;C01
200900067116;0;7;0;0;2;3;13;A01
200900067116;0;7;0;0;2;3;15;B01
200900067117;0;7;0;0;1;8;1;A01
200900067118;0;7;0;0;0;7;1;B01
200900067118;0;7;0;0;2;7;0;A01
200900067119;0;7;0;2;0;1;2;A01
200900067120;0;7;0;14;0;1;2;A01
200900067120;0;10;0;0;0;4;2;B01
200900067120;0;10;0;0;0;4;2;C01
200900067121;0;7;0;0;1;1;2;A01
200900067122;0;33;0;0;0;1;17;A01
200900067122;0;7;0;0;0;6;15;B01
200900067123;0;7;0;0;0;4;23;B01
200900067123;0;7;0;0;0;1;2;A01
200900067124;0;7;0;0;2;1;1;B01
200900067124;0;30;0;0;2;1;15;A01
200900067125;0;33;0;0;0;7;1;A01
200900067126;0;7;0;0;2;1;19;B01
200900067126;0;7;0;0;2;7;1;A01
200900067127;0;1;0;0;2;3;1;B02
200900067127;0;7;0;0;2;3;13;A01
200900067128;0;7;0;0;5;1;1;A01
200900067129;0;7;0;7;0;5;14;A01
200900067130;0;14;0;16;0;1;14;A01
200900067131;0;7;0;6;0;7;14;A01
200900067132;0;7;0;2;0;7;13;A01
200900067133;0;7;0;10;0;1;13;A01
200900067134;0;21;0;0;2;1;23;B02
200900067134;0;7;0;1;0;1;13;A01
200900067135;0;7;0;7;0;1;14;A01
200900067136;0;21;0;0;2;1;1;B02
200900067136;0;7;0;0;2;6;1;C03
200900067136;0;7;0;0;2;1;13;A01
200900067137;0;7;0;0;2;2;13;A01
200900067137;0;7;0;0;2;2;1;B02
200900067138;0;36;0;0;2;4;23;B02
200900067138;0;36;0;0;2;1;21;A01
200900067139;0;7;0;11;0;1;14;A01
200900067140;0;17;0;0;2;1;1;B02
200900067140;0;7;0;0;2;7;19;A01
200900067141;0;7;0;0;1;3;1;A01
200900067142;0;7;0;2;0;7;13;A01
200900067143;0;7;0;0;2;3;1;A01
200900067143;0;2;0;0;2;1;13;B02
200900067144;0;7;0;0;2;3;15;A01
200900067144;0;7;0;0;2;8;1;B01
200900067145;0;1;0;0;0;6;2;B01
200900067145;1;7;0;0;2;2;2;A01
200900067146;0;30;0;0;0;0;0;A01
200900067147;0;7;0;6;0;1;0;A01
200900067148;0;7;0;12;0;2;14;A01
200900067149;0;7;0;0;2;7;15;A01
200900067149;0;2;0;0;2;1;1;B01
200900067150;0;7;0;8;0;1;0;A01
200900067151;0;7;0;0;0;4;2;E01
200900067151;0;34;0;0;0;3;2;B01
200900067151;0;7;0;0;0;4;2;D01
200900067151;0;10;0;0;0;3;2;A01
200900067151;0;10;0;0;0;5;2;C01
200900067152;0;30;0;0;2;1;1;B01
200900067152;0;7;0;0;2;3;10;A01
200900067153;0;7;0;0;2;1;1;A01
200900067153;0;7;0;0;0;4;1;B01
200900067154;2;7;0;8;0;1;0;A01
200900067155;0;33;0;0;0;8;1;B01
200900067155;0;7;0;0;2;3;13;A01
200900067156;0;7;0;0;2;3;15;A01
200900067156;0;34;0;0;2;0;21;B01
200900067157;0;32;0;9;2;8;1;B01
200900067157;0;7;0;0;0;0;16;A01
200900067158;0;33;0;0;1;1;1;A01
200900067159;0;7;0;0;1;1;15;A01
200900067160;0;7;0;0;0;4;2;B01
200900067160;0;10;0;0;2;1;2;A01
200900067161;0;7;0;0;2;1;2;A01
200900067161;0;7;0;0;0;4;2;B01
200900067162;0;7;0;0;1;1;1;A01
200900067163;0;32;0;0;2;1;1;B01
200900067163;0;10;0;0;2;2;15;A01
200900067164;0;7;0;0;1;1;1;A01
200900067165;0;10;0;0;2;2;15;A01
200900067165;0;1;0;0;2;1;1;B01
200900067166;0;7;0;0;2;3;15;B01
200900067166;0;31;0;0;2;1;17;A01
200900067167;0;7;0;0;0;0;9;A01
200900067168;0;7;0;0;2;2;16;A01
200900067168;0;7;0;0;2;3;1;B01
200900067169;0;7;0;0;2;6;0;A01
200900067169;0;33;0;0;2;1;1;B01
200900067170;0;2;0;0;2;1;1;B01
200900067170;0;30;0;0;2;3;15;A01
200900067171;0;7;0;0;2;3;1;B01
200900067171;0;7;0;0;2;2;0;A01
200900067172;0;7;0;12;0;1;14;A01
200900067173;0;7;0;0;2;3;1;B01
200900067173;0;7;0;0;2;1;1;A01
200900067174;0;7;0;0;2;2;9;A01
200900067174;0;30;0;0;2;8;1;B01
200900067175;0;1;0;0;1;0;0;A01
200900067176;0;2;0;0;1;1;17;A01
200900067177;0;31;0;0;2;1;1;B01
200900067177;0;7;0;0;2;4;4;A01
200900067178;0;7;0;0;2;5;10;B01
200900067178;0;31;0;0;2;1;1;A01
200900067179;0;7;0;0;2;7;1;A01
200900067179;0;7;0;0;2;1;1;B01
200900067180;0;7;0;8;0;1;13;A01
200900067181;0;7;0;0;2;6;1;B01
200900067181;0;7;0;0;2;2;12;A01
200900067182;0;30;0;0;2;1;17;B01
200900067182;0;7;0;0;2;1;1;A01
200900067183;0;2;0;0;2;1;1;A01
200900067183;0;7;0;0;2;2;16;B01
200900067184;0;30;0;0;1;1;1;A01
200900067185;0;10;0;0;0;0;0;A01
200900067186;0;31;0;0;1;1;2;B01
200900067186;0;7;0;0;2;8;10;A01
200900067187;0;7;0;0;2;1;15;A01
200900067187;0;33;0;0;2;0;2;B01
200900067188;0;2;0;0;2;3;11;A01
200900067188;0;7;0;0;2;2;1;B01
200900067189;0;7;0;0;2;2;16;B01
200900067189;0;33;0;0;2;0;2;A01
200900067190;0;7;0;0;2;8;5;A01
200900067190;0;7;0;0;2;3;1;B01
200900067190;0;31;0;0;2;1;1;C01
200900067191;0;7;0;0;2;6;2;B01
200900067191;0;10;0;0;2;3;2;A01
200900067192;0;7;0;0;2;7;2;B01
200900067192;0;7;0;0;2;1;2;A01
200900067193;2;99;0;0;1;1;1;A01
200900067194;0;7;0;0;2;3;1;B01
200900067194;0;7;0;0;2;1;15;A01
200900067195;0;7;0;0;2;4;23;B01
200900067195;0;7;0;0;2;1;2;A01
200900067196;0;2;0;0;2;1;17;A01
200900067196;0;7;0;0;2;6;15;B01
200900067197;0;1;0;0;2;4;2;B01
200900067197;0;7;0;0;2;1;1;A01
200900067198;0;7;0;0;2;5;1;B01
200900067198;0;7;0;0;2;1;1;A01
200900067199;0;7;0;0;2;1;1;A01
200900067199;0;7;0;1;2;0;1;B01
200900067200;0;7;0;0;2;2;1;B01
200900067200;0;7;0;0;2;3;9;A01
200900067201;0;7;0;1;0;2;1;A01
200900067202;0;10;0;0;2;1;1;B01
200900067202;0;31;0;0;2;7;1;A01
200900067203;0;7;0;0;1;4;4;A01
200900067204;0;7;0;0;2;6;2;A01
200900067204;0;33;0;0;2;1;2;B01
200900067205;0;7;0;0;2;4;1;B01
200900067205;0;7;0;0;2;1;1;A01
200900067206;0;7;0;0;2;1;2;A01
200900067207;0;7;0;0;2;1;2;A01
200900067207;0;7;0;0;2;4;23;B01
200900067208;0;7;0;0;2;2;1;A01
200900067208;0;31;0;0;2;1;1;B01
200900067209;0;10;0;0;2;3;11;A01
200900067209;0;32;0;0;2;8;1;B01
200900067210;0;7;0;0;2;5;15;A01
200900067210;0;31;0;0;2;2;1;B01
200900067211;0;33;0;0;2;3;1;B01
200900067211;0;10;0;0;2;7;9;A01
200900067212;0;7;0;0;2;4;2;B01
200900067212;0;2;0;0;2;1;2;A01
200900067213;0;7;0;0;2;3;16;B01
200900067213;0;37;5;0;2;2;1;A01
200900067214;0;33;0;0;2;1;2;A01
200900067214;0;7;0;0;2;6;2;B01
200900067215;0;7;0;0;2;0;2;B01
200900067215;0;10;0;0;2;0;2;C01
200900067215;0;10;0;0;2;4;2;A01
200900067215;0;7;0;0;2;0;2;E01
200900067215;0;7;0;0;2;4;2;D01
200900067216;0;7;0;0;2;3;17;A01
200900067216;0;30;0;0;2;5;2;B01
200900067217;0;7;0;0;2;3;13;A01
200900067217;0;30;0;0;0;8;0;B02
200900067218;0;7;0;0;2;7;19;A01
200900067218;0;7;0;0;2;1;1;B02
200900067219;0;32;0;0;0;4;1;A01
200900067220;0;7;0;0;1;2;1;A01
200900067221;0;7;0;3;0;1;17;A01
200900067222;0;7;0;0;1;1;1;A01
200900067223;0;7;0;0;2;3;1;A01
200900067223;0;7;0;0;2;3;1;B02
200900067224;0;7;0;0;2;3;1;B02
200900067224;0;7;0;0;2;3;13;A01
200900067225;0;7;0;0;1;3;1;A01
200900067226;0;7;0;0;1;8;1;A01
200900067227;0;31;0;1;0;1;2;A01
200900067227;0;7;0;0;2;2;2;B02
200900067228;0;7;0;6;0;1;21;A01
200900067229;0;7;0;4;0;2;1;A01
200900067230;0;33;0;0;2;1;1;A01
200900067230;0;10;0;0;2;1;1;B02
200900067231;0;7;0;0;1;3;1;A01
200900067232;0;7;0;0;2;2;10;A01
200900067232;0;33;0;0;2;1;1;B02
200900067233;0;31;0;0;2;1;1;B02
200900067233;0;7;0;6;2;1;6;A01
200900067234;0;7;0;0;1;3;1;A01
200900067235;0;7;0;0;1;1;1;A01
200900067236;0;10;0;0;2;6;1;A01
200900067237;0;2;0;0;1;1;1;A01
200900067238;0;7;0;0;2;3;13;A01
200900067238;0;7;0;0;2;8;1;B01
200900067239;0;10;0;0;2;2;15;B01
200900067239;0;31;0;0;2;1;2;A01
200900067240;0;7;0;0;2;1;2;A01
200900067240;0;7;0;0;2;0;23;B01
200900067240;0;7;0;0;2;4;23;C01
200900067241;0;7;0;0;2;2;2;B01
200900067241;0;7;0;0;2;8;0;A01
200900067242;0;7;0;0;2;3;5;A01
200900067242;0;7;0;0;2;1;1;B01
200900067243;0;7;0;0;2;4;23;C01
200900067243;0;7;0;0;2;4;23;B01
200900067243;0;7;0;0;2;1;1;A01
200900067244;0;33;0;0;2;1;1;B01
200900067244;0;7;0;0;2;6;11;A01
200900067245;0;10;0;0;2;1;1;B01
200900067245;0;2;0;0;2;1;1;A01
200900067246;0;7;0;12;2;4;1;D02
200900067246;0;37;1;0;0;0;23;A01
200900067246;0;7;0;12;0;7;1;F01
200900067246;0;7;0;0;2;1;1;E01
200900067246;0;7;0;12;2;4;1;B01
200900067246;0;7;0;0;2;1;1;C01
200900067247;0;10;0;0;0;4;1;B01
200900067247;0;2;0;0;2;2;2;A01
200900067248;0;2;0;10;0;1;0;A01
200900067249;0;7;0;0;2;3;13;A01
200900067249;0;7;0;0;2;3;1;B01
200900067250;0;7;0;0;2;6;10;B01
200900067250;0;33;0;0;2;7;1;A01
200900067251;0;10;0;0;2;3;10;B01
200900067251;0;2;0;0;2;0;2;A01
200900067252;0;7;0;0;2;2;15;A01
200900067252;0;2;0;0;2;1;1;B01
200900067253;0;7;0;0;2;2;1;B01
200900067253;0;7;0;0;2;3;1;A01
200900067254;0;7;0;0;2;1;13;A01
200900067254;0;7;0;0;2;3;1;B01
200900067255;0;7;0;0;0;0;0;A01
200900067255;0;7;0;0;0;0;0;B01
200900067256;0;7;0;0;2;4;23;A01
200900067256;1;7;0;0;2;1;2;C01
200900067256;0;7;0;14;0;1;2;B01
200900067257;0;30;0;0;2;1;18;A01
200900067257;0;7;0;0;2;2;1;B01
200900067258;0;32;0;0;2;3;15;A01
200900067258;0;2;0;0;2;2;1;B01
200900067259;0;10;0;0;1;1;1;A01
200900067260;0;31;0;0;2;8;9;A01
200900067260;0;7;0;0;2;1;2;B01
200900067261;0;7;0;0;2;3;0;A01
200900067261;0;31;0;0;2;1;1;B01
200900067261;0;10;0;0;2;0;9;C01
200900067262;0;14;0;0;2;1;1;A01
200900067262;0;7;0;0;2;8;1;B01
200900067263;0;2;0;0;2;7;1;B01
200900067263;0;7;0;0;2;2;9;A01
200900067264;0;7;0;0;1;3;15;A01
200900067265;0;7;0;9;0;1;16;A01
200900067266;0;30;0;0;1;8;0;A01
200900067267;0;33;0;0;2;1;1;B01
200900067267;0;7;0;0;2;5;15;A01
200900067268;0;7;0;0;2;3;1;B01
200900067268;0;14;0;0;2;8;13;A01
200900067269;0;7;0;0;1;0;15;A01
200900067270;0;10;0;0;1;1;15;A01
200900067271;0;7;0;0;2;2;1;A01
200900067271;0;31;0;0;2;1;1;B01
200900067272;0;2;0;0;0;0;0;A01
200900067273;0;7;0;0;1;1;1;A01
200900067274;0;7;0;0;1;1;1;A01
200900067275;0;7;0;0;2;3;17;A01
200900067275;0;7;0;0;2;3;1;B01
200900067276;0;7;0;0;1;2;2;A01
200900067277;0;30;0;0;0;8;1;B01
200900067277;0;37;3;0;0;0;1;A01
200900067278;0;7;0;0;2;4;0;C01
200900067278;0;7;0;0;2;1;0;B01
200900067278;0;7;0;0;2;1;9;A01
200900067279;0;31;0;0;2;3;1;B01
200900067279;0;7;0;0;2;2;0;A01
200900067280;0;7;0;0;0;4;2;B01
200900067280;0;7;0;0;2;1;2;A01
200900067281;0;7;0;0;2;6;1;D01
200900067281;0;7;0;15;2;1;1;A01
200900067281;0;7;0;0;0;0;1;B01
200900067281;0;7;0;0;0;0;0;C01
200900067282;0;7;0;0;2;8;1;B01
200900067282;0;7;0;0;1;1;1;A01
200900067283;0;7;0;0;1;3;1;A01
200900067284;0;31;0;0;2;1;1;B01
200900067284;1;10;0;0;2;8;11;A01
200900067285;0;7;0;0;1;1;2;A01
200900067286;0;30;0;0;1;1;2;A01
200900067287;0;33;0;0;2;1;2;B01
200900067287;0;10;0;0;2;3;2;A01
200900067288;0;7;0;0;0;7;2;A01
200900067288;0;30;0;0;2;1;0;B01
200900067289;0;30;0;0;2;1;1;B01
200900067289;0;7;0;0;2;1;17;A01
200900067290;0;7;0;0;1;1;1;A01
200900067291;0;7;0;0;1;2;1;A01
200900067292;0;7;0;0;2;1;2;A01
200900067292;0;3;0;0;2;4;2;B01
200900067292;0;7;0;0;2;4;2;C01
200900067293;0;1;0;0;1;1;1;A01
200900067294;0;33;0;0;2;1;1;B01
200900067294;0;7;0;0;2;5;4;A01
200900067295;0;33;0;0;2;1;1;B01
200900067295;0;7;0;0;2;3;15;A01
200900067296;0;7;0;1;0;9;1;A01
200900067297;0;7;0;0;2;1;15;A01
200900067297;0;30;0;0;2;1;1;B01
200900067298;0;33;0;0;2;1;1;B01
200900067298;0;7;0;0;2;7;15;A01
200900067299;0;33;0;0;1;3;1;A01
200900067300;0;7;0;0;2;1;13;A01
200900067300;0;7;0;0;2;1;1;B01
200900067301;0;7;0;0;2;1;2;A01
200900067301;0;7;0;0;2;4;2;B01
200900067301;0;7;0;0;2;4;2;C01
200900067302;0;33;0;0;0;0;1;A01
200900067303;0;7;0;0;2;1;19;A01
200900067303;0;33;0;1;2;1;1;B01
200900067304;0;30;0;0;2;1;1;A01
200900067305;0;7;0;0;2;1;15;A01
200900067305;0;30;0;0;2;1;1;B01
200900067306;0;7;0;0;1;1;0;A01
200900067307;0;33;0;0;1;1;1;B01
200900067307;0;7;0;0;2;8;15;A01
200900067308;0;32;0;0;1;1;1;A01
200900067309;0;30;0;0;2;1;0;B01
200900067309;0;1;0;0;2;1;5;A01
200900067310;0;7;0;0;2;8;11;A01
200900067310;0;7;0;0;2;2;1;B01
200900067311;0;13;0;0;2;4;0;A01
200900067312;0;7;0;0;1;3;1;A01
200900067313;0;7;0;0;1;4;4;A01
200900067314;0;7;0;0;1;1;0;A01
200900067315;0;7;0;0;2;1;0;A01
200900067315;0;7;0;0;1;1;1;B01
200900067316;0;7;0;0;2;3;1;B01
200900067316;0;7;0;0;2;3;13;A01
200900067317;0;7;0;0;1;7;1;A01
200900067318;0;14;0;0;2;4;4;A01
200900067318;0;7;0;0;2;7;1;B01
200900067319;1;32;0;0;1;0;1;A01
200900067320;0;32;0;0;0;8;1;A01
200900067320;0;7;0;0;0;0;9;B01
200900067321;0;7;0;0;2;4;1;A01
200900067321;0;7;0;0;2;1;2;B01
200900067322;0;7;0;0;1;1;1;A01
200900067323;0;7;0;0;1;7;1;A01
200900067324;0;7;0;0;1;1;1;A01
200900067325;0;7;0;0;2;2;19;A01
200900067325;0;7;0;0;2;3;1;B01
200900067326;0;7;0;0;6;9;21;A01
200900067327;0;7;0;0;0;0;0;A01
200900067328;0;33;0;7;0;1;1;A01
200900067328;0;33;0;0;0;7;1;B02
200900067329;0;2;0;0;2;1;15;B02
200900067329;0;7;0;0;2;2;1;A01
200900067330;0;7;0;0;1;4;20;A01
200900067331;0;21;0;0;0;4;15;B02
200900067331;0;7;0;0;2;1;2;A01
200900067332;0;7;0;0;9;7;15;B02
200900067332;0;99;0;0;2;1;1;A01
200900067333;0;21;0;0;2;5;1;B02
200900067333;0;10;0;0;2;3;1;A01
200900067334;0;7;0;16;0;9;1;A01
200900067335;0;99;0;0;1;7;2;A01
200900067336;0;7;0;0;0;1;0;B02
200900067336;0;7;0;0;0;8;19;A01
200900067337;0;30;0;0;2;1;1;A01
200900067337;0;30;0;0;2;8;16;B02
200900067338;0;7;0;0;2;1;1;A01
200900067338;0;7;0;0;2;2;1;B02
200900067339;0;7;0;0;0;6;1;A01
200900067339;0;30;0;0;2;1;2;B02
200900067340;0;7;0;6;0;3;1;A01
200900067341;0;7;0;0;0;8;1;B02
200900067341;0;7;0;0;0;2;14;A01
200900067342;0;10;0;0;2;3;1;B02
200900067342;0;7;0;0;2;3;13;A01
200900067343;0;33;0;0;2;1;11;B02
200900067343;0;10;0;0;2;3;2;A01
200900067344;0;10;0;14;0;1;14;A01
200900067345;0;7;0;0;2;3;1;B02
200900067345;0;7;0;0;2;3;13;A01
200900067346;0;7;0;0;0;0;0;A01
200900067347;0;7;0;8;0;1;1;A01
200900067348;0;7;0;2;0;1;1;A01
200900067349;0;7;0;0;2;1;1;A01
200900067349;0;7;0;0;2;2;19;B02
200900067350;0;7;0;0;0;2;1;A01
200900067351;0;2;0;0;2;2;17;A01
200900067351;0;10;0;0;0;3;15;B02
200900067352;0;7;0;0;2;4;23;B02
200900067352;0;7;0;0;2;1;1;A01
200900067352;0;7;0;0;2;1;1;C03
200900067352;0;7;0;0;2;3;23;D04
200900067353;0;7;0;4;0;3;1;A01
200900067354;0;30;0;6;0;1;16;A01
200900067355;0;7;0;0;1;4;20;A01
200900067356;0;7;0;0;2;8;9;A01
200900067356;0;2;0;0;2;1;1;B01
200900067357;1;7;0;0;1;0;0;A01
200900067358;0;7;0;0;2;1;1;B01
200900067358;0;7;0;0;2;3;1;A01
200900067359;1;7;0;0;1;0;0;A01
200900067360;0;10;0;0;2;1;9;A01
200900067360;0;33;0;0;2;1;1;B01
200900067361;0;7;0;0;2;3;15;A01
200900067361;0;7;0;0;2;1;1;B01
200900067362;0;31;0;0;2;1;1;A01
200900067362;0;7;0;0;9;7;15;B01
200900067363;0;40;0;0;1;7;7;A01
200900067364;1;7;0;0;0;2;0;A01
200900067364;0;7;0;2;2;5;1;B01
200900067365;0;7;0;1;1;3;1;B01
200900067365;0;2;0;1;1;1;0;A01
200900067366;0;30;0;0;0;0;1;A01
200900067367;0;7;0;0;1;4;2;B01
200900067367;0;7;0;0;2;1;1;A01
200900067368;0;2;0;1;2;1;1;B01
200900067368;0;7;0;1;2;3;15;A01
200900067369;0;7;0;0;2;7;15;A01
200900067369;0;7;0;0;2;1;1;B01
200900067370;0;30;0;3;0;1;1;A01
200900067371;0;1;0;0;2;1;1;B01
200900067371;0;7;0;0;2;0;15;A01
200900067372;0;7;0;8;4;3;15;A01
200900067372;0;40;0;0;2;1;0;B01
200900067373;0;7;0;0;1;1;1;A01
200900067374;0;7;0;0;2;1;13;A01
200900067374;0;37;1;0;2;3;16;B01
200900067375;0;1;0;0;2;1;0;C01
200900067375;0;7;0;0;2;3;0;A01
200900067375;0;7;0;0;2;3;0;B01
200900067376;0;2;0;11;0;1;0;A01
200900067377;0;7;0;0;2;2;10;A01
200900067377;0;2;0;1;2;3;1;B01
200900067378;0;33;0;0;0;3;16;A01
200900067379;0;30;0;0;2;7;16;B01
200900067379;0;10;0;0;2;3;2;A01
200900067380;0;2;0;0;0;0;0;A01
200900067381;0;7;0;0;1;2;1;A01
200900067382;0;7;0;4;2;8;15;B01
200900067382;0;7;0;0;2;3;0;A01
200900067383;0;33;0;0;2;1;1;B01
200900067383;0;7;0;0;2;6;15;A01
200900067384;0;33;0;16;0;7;1;B01
200900067384;0;7;0;0;2;5;11;A01
200900067385;0;2;0;0;2;1;1;A01
200900067385;0;7;0;0;1;2;15;B01
200900067386;0;7;0;0;1;2;15;A01
200900067387;0;30;0;2;0;7;17;A01
200900067387;0;7;0;0;2;3;15;B01
200900067388;0;31;0;0;0;7;0;A01
200900067389;0;2;0;12;0;0;1;A01
200900067390;0;7;0;0;1;3;1;A01
200900067391;0;15;0;3;0;8;0;A01
200900067392;0;7;0;0;2;1;1;B01
200900067392;0;7;0;0;2;1;13;A01
200900067393;0;7;0;0;2;1;1;B01
200900067393;2;7;0;0;2;1;1;A01
200900067394;0;2;0;8;0;1;0;A01
200900067395;0;7;0;0;1;1;1;A01
200900067396;0;33;0;0;2;0;1;B01
200900067396;0;7;0;0;2;6;15;A01
200900067397;0;7;0;0;0;1;14;A01
200900067398;0;7;0;8;0;1;0;A01
200900067399;0;30;0;14;0;1;1;A01
200900067400;0;7;0;0;1;4;4;A01
200900067401;1;30;0;0;1;1;1;A01
200900067402;1;7;0;0;2;1;1;B01
200900067402;0;3;0;0;2;2;0;A01
200900067403;0;7;0;8;0;1;1;A01
200900067404;0;2;0;0;2;1;17;A01
200900067404;0;7;0;0;2;1;1;B01
200900067405;0;7;0;0;2;1;1;A01
200900067405;0;14;0;0;2;2;1;B01
200900067406;0;37;27;0;1;0;21;A01
200900067407;0;7;0;1;1;7;17;A01
200900067408;0;7;0;5;2;5;12;A01
200900067408;0;14;0;0;2;3;1;B01
200900067409;0;7;0;0;0;0;0;A01
200900067410;0;7;0;0;2;1;15;A01
200900067410;0;30;0;0;2;1;1;B01
200900067411;0;7;0;8;0;8;1;A01
200900067412;0;7;0;0;2;4;4;A01
200900067412;0;7;0;0;1;2;23;B01
200900067413;0;33;0;12;0;8;1;A01
200900067414;0;7;0;5;0;9;1;A01
200900067415;0;7;0;0;2;7;15;B01
200900067415;0;2;0;0;2;1;2;A01
200900067415;0;10;0;0;0;0;23;C01
200900067416;0;7;0;0;2;1;1;B01
200900067416;0;7;0;0;2;1;1;A01
200900067417;0;15;0;0;2;8;2;A01
200900067417;0;33;0;0;2;5;1;B01
200900067418;0;7;0;0;2;3;1;B01
200900067418;0;30;0;0;2;1;6;A01
200900067419;0;10;0;0;2;2;15;A01
200900067419;0;1;0;0;2;1;1;B02
200900067420;0;10;0;0;1;3;1;A01
200900067421;0;7;0;0;2;1;1;B02
200900067421;0;7;0;0;2;1;13;A01
200900067422;0;7;0;0;2;2;17;A01
200900067422;0;7;0;0;2;8;1;B02
200900067423;0;10;0;0;2;1;2;A01
200900067423;0;15;0;0;0;4;1;B02
200900067424;0;7;0;2;0;9;14;A01
200900067425;0;7;0;2;0;1;14;A01
200900067426;0;30;0;0;2;1;1;B02
200900067426;0;7;0;0;2;8;15;A01
200900067427;0;7;0;11;0;1;0;A01
200900067428;0;32;0;0;2;2;1;B01