num_acc;senc;catv;occutc;obs;obsm;choc;manv;num_veh
200900067428;0;7;0;0;2;0;9;A01
200900067429;0;7;0;0;2;1;1;B01
200900067429;0;31;0;0;2;1;13;A01
200900067430;0;33;0;0;2;1;1;B01
200900067430;0;7;0;0;0;2;9;A01
200900067431;1;7;0;0;0;0;0;B01
200900067431;0;30;0;0;0;0;1;A01
200900067432;0;7;0;0;2;1;17;B01
200900067432;0;30;0;0;2;2;17;A01
200900067433;0;10;0;0;2;1;17;B01
200900067433;0;7;0;0;2;1;5;A01
200900067434;0;10;0;0;1;2;16;A01
200900067435;0;33;0;14;0;3;18;B01
200900067435;0;7;0;0;0;7;23;A01
200900067436;0;7;0;0;2;8;1;A01
200900067436;0;21;0;0;2;3;1;B01
200900067437;0;7;0;0;2;2;15;A01
200900067437;0;32;0;0;2;1;18;B01
200900067438;0;1;0;0;0;4;1;B01
200900067438;0;7;0;0;2;2;12;A01
200900067439;0;7;0;0;1;2;15;A01
200900067440;1;7;0;0;1;5;4;A01
200900067441;0;7;0;0;2;3;1;B01
200900067441;0;7;0;0;2;8;1;A01
200900067442;0;7;0;0;1;3;15;A01
200900067443;0;7;0;0;2;4;1;B01
200900067443;0;7;0;0;2;1;1;A01
200900067444;0;31;0;0;2;1;1;A01
200900067444;0;7;0;0;2;8;15;B01
200900067445;0;40;22;0;1;7;1;A01
200900067446;0;7;0;0;2;5;1;A01
200900067446;0;2;0;0;2;1;1;B01
200900067447;0;7;0;16;0;7;1;A01
200900067448;0;7;0;0;0;3;1;B01
200900067448;0;7;0;0;2;1;15;A01
200900067449;0;7;0;0;2;1;16;B01
200900067449;0;7;0;0;2;3;1;A01
200900067450;0;7;0;0;1;3;1;A01
200900067451;0;7;0;0;2;7;4;A01
200900067451;0;33;0;0;2;1;1;B01
200900067452;0;7;0;0;2;1;1;B01
200900067452;0;7;0;0;2;7;15;A01
200900067453;0;33;0;0;2;3;1;B01
200900067453;0;7;0;0;2;1;15;A01
200900067454;0;7;0;0;2;2;15;A01
200900067454;0;7;0;0;2;1;1;B01
200900067455;0;30;0;0;2;1;17;A01
200900067455;0;37;1;0;2;3;23;B01
200900067456;0;7;0;7;0;0;0;A01
200900067457;0;17;0;0;1;5;1;A01
200900067458;0;7;0;2;0;3;1;A01
200900067459;0;33;0;0;2;1;21;A01
200900067459;0;7;0;0;2;6;1;B01
200900067460;0;10;0;0;2;3;1;B01
200900067460;0;7;0;0;2;3;13;A01
200900067461;0;7;0;0;2;1;1;B01
200900067461;0;7;0;0;2;7;20;A01
200900067462;0;7;0;0;1;2;1;A01
200900067463;0;7;0;2;0;1;1;A01
200900067464;0;7;0;0;2;1;1;A01
200900067464;0;7;0;0;2;8;1;B01
200900067465;0;7;0;0;2;2;0;B01
200900067465;0;7;0;0;2;8;15;A01
200900067466;0;7;0;0;2;1;1;B01
200900067466;0;7;0;0;2;5;1;A01
200900067467;0;7;0;0;2;3;15;A01
200900067467;0;7;0;0;2;1;0;B01
200900067468;0;37;10;0;1;7;2;A01
200900067469;0;7;0;1;0;1;1;A01
200900067470;0;7;0;0;1;5;1;A01
200900067471;0;7;0;0;1;2;1;A01
200900067472;0;33;0;0;2;7;1;B01
200900067472;0;7;0;0;9;3;15;A01
200900067473;0;10;0;0;1;4;4;A01
200900067474;0;30;0;0;0;0;1;A01
200900067475;0;7;0;0;2;3;15;A01
200900067475;0;7;0;0;0;8;1;B01
200900067476;0;7;0;0;2;1;1;B01
200900067476;0;7;0;0;2;1;13;A01
200900067477;0;7;0;13;0;5;1;A01
200900067478;0;7;0;0;1;3;1;A01
200900067479;0;7;0;0;2;3;13;A01
200900067479;0;7;0;0;2;3;1;B02
200900067480;0;7;0;0;2;1;2;A01
200900067480;0;7;0;0;2;4;2;B02
200900067481;0;7;0;0;2;1;1;C03
200900067481;0;7;0;0;2;9;1;B02
200900067481;0;7;0;0;2;9;1;A01
200900067482;0;7;0;0;1;2;1;A01
200900067483;0;33;0;0;2;1;2;B02
200900067483;0;7;0;0;2;1;15;A01
200900067484;0;33;0;13;0;0;1;A01
200900067485;0;7;0;6;0;1;1;A01
200900067486;0;7;0;0;0;0;19;A01
200900067486;0;33;0;12;0;0;1;B02
200900067487;0;7;0;0;2;1;1;B02
200900067487;0;7;0;0;2;3;19;A01
200900067488;0;7;0;0;2;3;10;A01
200900067488;0;33;0;0;2;1;1;B02
200900067489;0;1;0;0;2;1;1;B02
200900067489;0;7;0;0;2;2;1;A01
200900067490;0;30;0;0;2;1;13;B02
200900067490;0;1;0;0;2;1;1;A01
200900067491;0;7;0;0;2;1;13;A01
200900067491;0;7;0;0;2;3;1;B02
200900067491;0;10;0;0;2;1;1;C03
200900067492;0;7;0;0;2;3;13;A01
200900067492;0;10;0;0;2;1;1;B02
200900067493;0;17;0;0;2;3;21;B02
200900067493;0;17;0;0;2;3;13;A01
200900067494;0;10;0;2;0;1;1;A01
200900067495;0;7;0;0;2;2;1;A01
200900067495;0;2;0;0;2;8;1;B01
200900067496;0;7;0;0;2;3;1;A01
200900067496;0;7;0;0;2;1;15;B01
200900067497;0;7;0;0;2;1;9;A01
200900067497;0;33;0;0;2;7;1;B01
200900067498;0;7;0;0;2;5;15;A01
200900067498;0;33;0;0;2;1;1;B01
200900067499;0;15;0;0;2;7;1;A01
200900067499;0;7;0;0;2;2;1;B01
200900067500;0;7;0;8;0;1;16;A01
200900067501;0;7;0;0;2;1;1;B01
200900067501;0;10;0;0;2;7;15;A01
200900067501;0;7;0;0;2;3;23;C01
200900067502;0;7;0;0;2;3;10;A01
200900067502;0;2;0;0;2;1;1;B01
200900067503;0;7;0;0;1;1;1;A01
200900067504;0;2;0;0;2;1;2;A01
200900067504;0;7;0;0;2;4;2;B01
200900067505;0;7;0;0;2;3;1;B01
200900067505;0;30;0;0;2;2;1;A01
200900067506;0;1;0;0;2;1;1;B01
200900067506;0;10;0;0;2;2;1;A01
200900067507;0;7;0;0;2;2;1;B01
200900067507;0;7;0;0;2;3;9;A01
200900067508;0;7;0;0;2;4;2;B01
200900067508;0;30;0;0;2;1;2;A01
200900067509;0;1;0;0;2;6;1;B01
200900067509;0;7;0;0;2;2;1;A01
200900067510;0;7;0;0;2;4;2;B01
200900067510;0;7;0;0;0;4;2;C01
200900067510;0;14;0;0;2;1;2;A01
200900067511;0;7;0;4;0;7;1;A01
200900067512;0;7;0;13;0;0;12;A01
200900067513;0;7;0;13;0;2;12;A01
200900067514;0;7;0;4;2;3;18;A01
200900067514;0;7;0;3;2;5;1;B01
200900067515;0;7;0;0;2;4;2;D01
200900067515;0;7;0;0;2;1;2;A01
200900067515;0;7;0;0;2;1;2;F02
200900067515;0;7;0;0;2;4;2;C01
200900067515;0;7;0;0;2;0;2;E01
200900067515;0;10;0;0;0;4;2;B01
200900067515;0;13;0;0;2;3;2;G02
200900067515;0;7;0;0;2;1;2;H02
200900067516;0;7;0;4;0;2;2;A01
200900067517;0;7;0;0;2;2;14;A01
200900067517;0;16;0;0;0;6;23;B01
200900067518;0;7;0;0;0;4;9;B01
200900067518;0;7;0;0;2;3;9;A01
200900067519;0;7;0;0;1;1;1;A01
200900067520;0;7;0;0;1;7;1;A01
200900067521;0;10;0;0;1;4;4;A01
200900067522;0;7;0;0;2;4;23;B01
200900067522;0;7;0;0;2;2;2;A01
200900067523;0;7;0;0;1;3;4;A01
200900067524;0;30;0;0;2;1;2;A01
200900067524;0;7;0;0;0;4;23;B01
200900067525;0;1;0;0;2;4;13;B01
200900067525;0;7;0;0;2;3;2;A01
200900067526;0;7;0;0;1;1;1;A01
200900067527;0;7;0;0;2;1;15;A01
200900067527;0;33;0;0;2;7;1;B01
200900067528;0;7;0;9;0;3;1;A01
200900067529;0;7;0;0;2;1;1;B02
200900067529;0;17;0;0;2;6;13;A01
200900067530;0;7;0;0;2;1;1;B02
200900067530;0;7;0;0;2;7;13;A01
200900067531;0;10;0;0;2;1;13;A01
200900067531;0;7;0;0;2;1;1;B02
200900067532;0;33;0;0;0;0;13;A01
200900067533;0;7;0;0;0;3;13;A01
200900067534;0;7;0;0;2;5;10;A01
200900067534;0;32;0;0;2;1;1;B01
200900067535;0;7;0;0;2;3;1;C01
200900067535;0;7;0;0;2;6;1;B01
200900067535;0;34;0;0;2;1;17;A01
200900067536;0;7;0;0;2;1;15;A01
200900067536;0;10;0;0;2;3;1;B01
200900067537;0;7;0;0;1;5;1;A01
200900067538;0;2;0;0;2;1;2;A01
200900067538;0;37;1;0;2;4;2;B01
200900067539;0;7;0;0;1;4;4;A01
200900067540;0;10;0;0;1;4;4;A01
200900067541;0;7;0;0;2;1;15;A01
200900067541;0;2;0;0;2;1;2;B01
200900067542;0;7;0;0;2;4;2;B01
200900067542;0;7;0;0;2;1;1;A01
200900067543;0;33;0;0;2;1;1;A01
200900067543;0;7;0;0;2;6;15;B02
200900067544;0;10;0;4;2;2;15;A01
200900067545;0;10;0;0;1;4;4;A01
200900067546;0;32;0;0;2;1;12;A01
200900067546;0;7;0;0;2;8;1;B01
200900067547;0;7;0;0;1;1;1;A01
200900067548;0;30;0;0;2;1;1;B01
200900067548;0;36;0;0;2;2;13;A01
200900067549;0;7;0;0;1;1;1;A01
200900067550;0;30;0;0;2;0;17;A01
200900067550;0;7;0;0;2;8;13;B01
200900067551;0;7;0;0;2;3;15;B01
200900067551;0;34;0;0;2;1;0;A01
200900067552;0;37;1;0;1;2;0;A01
200900067553;0;7;0;0;2;1;1;A01
200900067553;0;7;0;0;2;1;1;C01
200900067553;0;32;0;0;2;1;1;B01
200900067554;0;10;0;0;2;3;15;A01
200900067554;0;31;0;0;2;4;1;B01
200900067555;0;2;0;0;2;1;13;A01
200900067555;0;10;0;0;2;3;15;B01
200900067556;0;15;0;0;1;1;1;A01
200900067557;0;7;0;0;2;1;1;A01
200900067558;0;30;0;0;0;0;0;A01
200900067559;0;7;0;0;1;1;1;A01
200900067560;0;2;0;0;0;7;1;B01
200900067561;0;7;0;0;2;4;2;B01
200900067561;0;37;1;0;2;1;2;A01
200900067562;0;33;0;0;2;0;1;B01
200900067562;0;7;0;0;2;0;15;A01
200900067563;0;33;0;0;2;1;1;B01
200900067563;0;7;0;0;2;2;9;A01
200900067564;0;2;0;0;2;1;1;B01
200900067564;0;7;0;0;2;5;17;A01
200900067565;0;7;0;1;0;1;1;A01
200900067566;0;32;0;0;0;0;0;A01
200900067567;0;2;0;0;0;4;2;A01
200900067567;1;7;0;0;0;1;2;B01
200900067568;0;2;0;0;1;1;1;A01
200900067569;0;2;0;0;1;1;1;A01
200900067570;0;2;0;0;2;1;17;B01
200900067570;0;2;0;0;2;1;17;A01
200900067571;0;30;0;0;0;0;0;A01
200900067572;0;2;0;0;2;1;1;B01
200900067572;0;7;0;0;2;1;1;A01
200900067573;0;2;0;0;0;1;1;A01
200900067574;0;7;0;0;2;4;2;B01
200900067574;0;32;0;0;2;1;2;A01
200900067575;0;32;0;0;2;1;1;B01
200900067575;0;7;0;0;2;7;15;A01
200900067576;0;32;0;0;0;0;0;A01
200900067577;0;33;0;0;0;0;0;B01
200900067577;0;7;0;0;0;0;0;A01
200900067578;0;7;0;0;2;1;1;B01
200900067578;0;7;0;1;2;7;0;A01
200900067579;0;30;0;0;2;2;1;A01
200900067579;0;14;0;0;2;6;15;B01
200900067580;0;10;0;0;2;1;9;A01
200900067580;0;2;0;0;2;5;1;B01
200900067581;0;14;0;0;2;2;1;B01
200900067581;0;7;0;0;2;8;9;A01
200900067582;0;30;0;0;0;0;0;A01
200900067583;0;10;0;0;2;3;2;B01
200900067583;0;33;0;0;2;1;2;A01
200900067584;0;7;0;0;2;2;20;A01
200900067584;0;32;0;0;2;1;1;B01
200900067585;0;7;0;0;1;1;0;A01
200900067586;0;30;0;0;2;3;1;A01
200900067586;0;7;0;0;2;2;15;B01
200900067587;0;7;0;0;2;1;1;A01
200900067588;0;7;0;0;2;8;9;A01
200900067588;0;31;0;0;2;1;1;B01
200900067589;0;7;0;0;2;3;11;A01
200900067589;0;2;0;0;2;1;1;B01
200900067590;0;7;0;2;0;5;2;A01
200900067591;0;10;0;0;1;7;9;A01
200900067592;0;7;0;0;2;1;2;A01
200900067592;0;7;0;0;0;4;2;B01
200900067593;0;7;0;5;0;0;0;A01
200900067594;0;7;0;3;0;1;1;A01
200900067595;0;33;0;0;2;7;9;A01
200900067595;0;2;0;0;2;8;1;B01
200900067596;0;7;0;0;2;1;1;A01
200900067596;0;7;0;0;2;4;2;C01
200900067596;0;7;0;0;2;4;2;B01
200900067597;0;7;0;0;2;1;1;A01
200900067597;0;7;0;0;2;1;1;B01
200900067598;0;2;0;0;2;3;2;A01
200900067598;0;7;0;0;2;7;2;B01
200900067599;0;7;0;0;2;1;15;A01
200900067599;0;7;0;0;2;2;1;B01
200900067600;0;33;0;0;2;7;2;A01
200900067600;0;2;0;0;2;8;2;B01
200900067601;0;2;0;0;1;1;1;A01
200900067602;0;2;0;0;0;0;0;A01
200900067603;0;7;0;0;1;1;1;A01
200900067604;0;7;0;0;2;3;1;B01
200900067604;0;2;0;0;2;1;1;A01
200900067605;1;10;0;0;1;2;0;A01
200900067606;0;7;0;0;0;8;15;B01
200900067606;0;31;0;0;2;1;17;A01
200900067607;0;33;0;0;2;7;1;B01
200900067607;0;7;0;0;2;3;11;A01
200900067608;0;7;0;0;2;4;2;B01
200900067608;0;34;0;14;0;1;1;A01
200900067609;0;2;0;0;1;1;1;A01
200900067610;0;7;0;0;2;0;0;A01
200900067610;0;7;0;0;2;0;0;B01
200900067611;0;2;0;9;0;1;13;A01
200900067612;0;7;0;0;2;3;13;A01
200900067612;0;7;0;0;2;3;13;B01
200900067613;0;7;0;0;2;8;9;A01
200900067613;0;7;0;0;2;1;1;B01
200900067614;0;33;0;0;2;1;2;B01
200900067614;0;7;0;0;2;5;15;A01
200900067615;0;2;0;0;0;1;1;A01
200900067616;0;10;0;0;2;1;15;A01
200900067617;0;7;0;0;0;0;0;A01
200900067617;0;2;0;0;0;0;0;B01
200900067618;0;7;0;0;2;4;4;A01
200900067618;0;32;0;0;2;7;9;B01
200900067619;0;2;0;0;1;2;1;A01
200900067620;0;7;0;0;2;1;1;A01
200900067620;0;2;0;0;2;2;1;B01
200900067621;0;7;0;0;2;3;13;A01
200900067621;0;7;0;0;2;1;1;C01
200900067621;0;33;0;0;2;1;1;B01
200900067622;2;2;0;0;2;1;1;A01
200900067622;0;33;0;0;2;2;15;B01
200900067623;0;7;0;0;1;4;0;A01
200900067624;0;33;0;0;2;1;17;A01
200900067624;0;7;0;0;0;8;15;B01
200900067625;0;2;0;0;2;1;1;A01
200900067625;0;7;0;0;0;6;15;B01
200900067626;0;7;0;0;2;1;1;A01
200900067626;0;7;0;0;2;4;2;B01
200900067627;0;7;0;0;0;0;1;B01
200900067627;0;33;0;0;2;8;0;A01
200900067628;0;32;0;0;0;0;1;A01
200900067629;0;7;0;0;2;1;1;C01
200900067629;0;2;0;14;2;1;1;A01
200900067629;0;99;0;6;0;1;1;D01
200900067629;0;7;0;0;2;4;2;B01
200900067630;0;33;0;0;0;0;0;A01
200900067631;0;2;0;0;0;0;0;A01
200900067632;0;7;0;0;2;1;1;A01
200900067633;0;30;0;0;2;3;0;B01
200900067633;0;7;0;0;2;7;0;A01
200900067634;0;2;0;1;0;1;1;A01
200900067635;0;33;0;0;2;7;17;B01
200900067635;0;10;0;0;2;8;11;A01
200900067636;0;7;0;0;2;1;15;A01
200900067636;0;33;0;0;2;9;1;B01
200900067637;0;2;0;0;2;0;9;A01
200900067637;0;33;0;0;0;3;1;B01
200900067638;0;10;0;6;2;7;14;B01
200900067638;0;33;0;0;2;1;2;A01
200900067639;0;7;0;2;0;0;0;A01
200900067640;0;7;0;0;2;1;0;A01
200900067641;0;13;0;0;0;8;1;B01
200900067641;0;7;0;0;2;3;13;A01
200900067642;1;7;0;0;2;1;2;A01
200900067642;0;7;0;0;0;4;2;B01
200900067643;0;2;0;0;2;1;1;A01
200900067643;0;10;0;0;2;4;1;B01
200900067644;0;33;0;14;0;1;1;A01
200900067644;0;7;0;0;2;4;2;B01
200900067645;0;31;0;0;1;8;21;A01
200900067646;0;1;0;0;2;1;0;A01
200900067646;0;33;0;0;2;1;0;B01
200900067647;0;7;0;0;1;1;1;A01
200900067648;0;32;0;0;1;1;1;A01
200900067649;0;7;0;6;0;0;0;A01
200900067650;0;2;0;0;2;7;0;B01
200900067650;0;7;0;0;2;1;1;A01
200900067651;0;7;0;0;2;1;1;A01
200900067652;0;7;0;0;2;5;15;A01
200900067652;0;2;0;0;2;1;1;B01
200900067653;0;33;0;0;2;9;1;B01
200900067653;0;7;0;0;2;2;15;A01
200900067654;0;32;0;0;2;8;11;A01
200900067654;0;7;0;0;2;0;1;B01
200900067655;0;34;0;0;0;0;0;A01
200900067656;0;7;0;0;2;1;9;A01
200900067656;0;1;0;0;2;4;1;B01
200900067657;0;7;0;0;2;3;15;A01
200900067657;0;33;0;0;2;1;1;B01
200900067658;0;33;0;0;2;8;11;A01
200900067658;0;7;0;0;2;5;1;B01
200900067659;0;2;0;0;2;1;1;B01
200900067659;0;7;0;0;2;3;15;A01
200900067660;0;2;0;0;2;8;13;A01
200900067660;0;7;0;0;2;6;1;B01
200900067661;0;30;0;0;1;1;17;A01
200900067662;0;7;0;0;1;3;1;A01
200900067663;0;7;0;0;2;8;1;A01
200900067663;1;7;0;0;2;1;0;B01
200900067664;0;7;0;0;2;8;11;A01
200900067664;0;1;0;0;2;7;1;B01
200900067665;0;2;0;0;1;1;18;A01
200900067666;0;7;0;0;2;4;2;C01
200900067666;0;10;0;0;2;1;2;A01
200900067666;0;7;0;0;2;4;2;B01
200900067667;0;7;0;0;1;2;1;A01
200900067668;0;10;0;0;2;1;2;A01
200900067668;0;7;0;0;2;4;2;C01
200900067668;0;7;0;0;2;4;2;B01
200900067669;0;7;0;0;2;4;2;B01
200900067669;0;7;0;0;2;4;2;C01
200900067669;0;10;0;0;2;1;2;A01
200900067670;0;32;0;0;2;1;17;A01
200900067670;0;7;0;0;2;2;1;B01
200900067671;0;7;0;0;2;3;1;A01
200900067671;0;33;0;0;2;4;2;B01
200900067672;0;7;0;0;2;2;2;A01
200900067672;0;32;0;0;2;4;16;B01
200900067673;0;7;0;0;2;5;1;B01
200900067673;0;34;0;0;2;7;2;C01
200900067673;1;10;0;0;2;0;4;A01
200900067673;0;7;0;0;2;3;1;D01
200900067674;0;7;0;0;2;8;11;A01
200900067674;0;33;0;0;2;7;1;B01
200900067675;0;7;0;0;2;3;15;A01
200900067675;0;30;0;0;2;1;17;B01
200900067676;0;7;0;0;2;3;15;A01
200900067676;0;99;0;3;2;2;17;B01
200900067677;0;7;0;15;2;2;15;A01
200900067677;0;7;0;0;2;3;1;B01
200900067678;0;7;0;0;1;1;15;A01
200900067679;0;33;0;0;2;1;17;B01
200900067679;0;7;0;0;2;6;15;A01
200900067680;0;32;0;0;2;4;2;B01
200900067680;0;7;0;0;2;1;2;A01
200900067681;0;2;0;0;2;8;15;A01
200900067681;0;34;0;0;2;7;2;B01
200900067682;0;10;0;0;1;1;1;A01
200900067683;0;7;0;0;2;3;9;A01
200900067683;0;30;0;0;2;2;1;B01
200900067684;0;7;0;6;0;1;1;A01
200900067685;0;7;0;0;2;3;1;A01
200900067685;0;7;0;0;2;1;13;B02
200900067686;0;36;0;0;2;2;14;A01
200900067686;0;7;0;0;2;3;1;B02
200900067687;0;33;0;13;0;2;1;A01
200900067688;0;30;0;0;2;1;1;B02
200900067688;0;7;0;0;2;3;1;A01
200900067689;0;7;0;2;0;1;1;A01
200900067690;0;7;0;1;0;1;13;A01
200900067691;0;31;0;0;0;2;1;A01
200900067692;0;10;0;0;1;1;1;A01
200900067693;0;10;0;0;2;3;13;B02
200900067693;0;7;0;0;2;3;1;A01
200900067694;0;33;0;0;0;2;1;A01
200900067695;0;7;0;0;1;3;1;A01
200900067696;0;7;0;0;2;3;15;A01
200900067696;0;31;0;0;2;2;17;B02
200900067697;0;33;0;0;2;8;13;B02
200900067697;0;33;0;0;2;8;13;A01
200900067698;0;2;0;9;0;0;1;A01
200900067699;0;7;0;0;2;3;1;B02
200900067699;0;7;0;0;2;3;1;A01
200900067700;0;7;0;0;2;7;13;A01
200900067700;0;10;0;0;2;1;1;B02
200900067701;0;99;0;14;2;8;1;B02
200900067701;0;38;0;0;2;6;1;C03
200900067701;0;7;0;0;2;2;13;A01
200900067701;0;7;0;6;2;8;1;D04
200900067701;0;7;0;0;2;1;1;E05
200900067702;0;7;0;0;2;1;17;A01
200900067702;0;1;0;0;2;1;1;B02
200900067703;0;31;0;6;0;1;17;A01
200900067704;0;33;0;6;0;7;1;A01
200900067705;0;7;0;0;1;3;15;A01
200900067706;0;7;0;0;0;3;1;A01
200900067706;0;30;0;0;2;1;13;B02
200900067707;1;7;0;0;2;2;21;A01
200900067707;0;7;0;0;2;6;23;B02
200900067708;0;7;0;0;2;3;13;A01
200900067708;0;14;0;0;2;3;1;B02
200900067709;0;30;0;16;0;1;1;A01
200900067710;0;7;0;4;2;7;17;A01
200900067710;0;36;0;4;0;6;1;B02
200900067711;0;30;0;0;2;7;16;A01
200900067711;0;38;0;0;2;8;1;B02
200900067712;0;10;0;0;0;8;10;A01
200900067712;0;33;0;0;2;1;1;B02
200900067713;0;32;0;0;2;2;1;B01
200900067713;0;7;0;0;2;3;20;A01
200900067714;0;7;0;0;2;1;2;B01
200900067714;0;7;0;0;2;2;9;A01
200900067715;0;2;0;0;2;1;1;B01
200900067715;0;7;0;0;2;5;4;A01
200900067716;0;7;0;0;2;8;9;A01
200900067716;0;33;0;0;2;1;1;B01
200900067717;0;7;0;0;2;1;15;A01
200900067718;0;7;0;0;1;1;5;A01
200900067719;0;7;0;0;2;3;1;B01
200900067719;0;7;0;0;2;1;15;A01
200900067720;0;38;1;0;0;0;0;A01
200900067720;0;32;0;0;0;0;1;B01
200900067721;0;7;0;0;2;2;1;A01
200900067721;0;2;0;0;2;8;1;B01
200900067722;0;30;0;0;2;1;1;B01
200900067722;0;7;0;0;2;3;15;A01
200900067723;0;10;0;0;1;1;1;A01
200900067724;0;7;0;0;2;3;1;B01
200900067724;0;20;0;0;2;3;1;A01
200900067725;0;7;0;0;2;7;20;B01
200900067725;0;2;0;0;2;1;18;A01
200900067725;0;7;0;1;2;3;24;C01
200900067726;0;2;0;0;2;7;7;A01
200900067726;0;7;0;0;2;2;16;B01
200900067727;0;2;0;0;2;1;0;A01
200900067727;0;7;0;0;2;8;23;B01
200900067728;0;2;0;0;2;2;17;A01
200900067728;0;10;0;0;2;3;1;B01
200900067729;0;30;0;0;1;1;13;A01
200900067730;0;38;1;0;2;1;1;A01
200900067730;0;7;0;0;2;6;2;B01
200900067731;0;2;0;0;0;3;1;B01
200900067731;0;7;0;0;2;3;13;A01
200900067732;0;7;0;0;2;4;2;B01
200900067732;0;7;0;0;2;4;2;C01
200900067732;0;10;0;0;2;1;2;A01
200900067733;0;33;0;0;2;1;1;B01
200900067733;0;10;0;0;2;2;15;A01
200900067734;0;30;0;0;2;3;1;B01
200900067734;0;7;0;0;2;8;15;A01
200900067735;0;7;0;0;2;5;2;B01
200900067735;0;7;0;0;2;3;2;A01
200900067736;0;7;0;0;0;0;9;B01
200900067736;0;7;0;1;2;9;21;A01
200900067737;0;7;0;0;2;2;16;A01
200900067737;0;2;0;0;2;1;1;B01
200900067738;0;38;2;0;1;1;2;A01
200900067739;0;33;0;0;2;1;1;B01
200900067739;0;7;0;0;2;3;15;A01
200900067740;0;7;0;0;1;1;15;A01
200900067741;0;32;0;0;2;4;2;B01
200900067741;0;7;0;0;2;1;2;A01
200900067742;0;1;0;0;0;0;1;A01
200900067742;0;7;0;0;0;0;22;B01
200900067743;0;7;0;0;2;7;1;A01
200900067744;0;33;0;0;2;1;1;B01
200900067744;0;7;0;0;2;3;9;A01
200900067745;0;7;0;0;1;1;1;A01
200900067746;0;7;0;0;2;4;1;B01
200900067746;0;7;0;0;2;1;1;A01
200900067747;0;32;0;0;2;1;1;B01
200900067747;0;7;0;0;0;8;15;A01
200900067748;0;7;0;0;2;1;15;A01
200900067748;0;2;0;0;2;9;9;B01
200900067749;0;7;0;0;2;5;2;B01
200900067749;0;2;0;0;2;1;2;A01
200900067750;0;7;0;0;1;0;4;A01
200900067751;0;7;0;0;0;2;15;A01
200900067751;0;30;0;0;2;1;1;B01
200900067752;0;7;0;1;0;2;14;A01
200900067753;0;2;0;0;1;1;0;A01
200900067754;0;33;0;0;2;1;1;A01
200900067754;0;7;0;0;2;7;15;B01
200900067755;0;7;0;0;2;1;1;A01
200900067755;0;30;0;0;2;4;2;B01
200900067756;0;7;0;0;2;7;16;A01
200900067756;0;2;0;0;2;0;2;B01
200900067757;0;2;0;0;1;1;1;A01
200900067758;0;7;0;6;0;1;0;A01
200900067759;0;7;0;0;0;4;1;C01
200900067759;0;33;0;0;2;1;13;A01
200900067759;0;14;0;0;0;8;1;B01
200900067760;0;7;0;0;2;2;16;B01
200900067760;0;31;0;0;2;9;1;A01
200900067761;0;7;0;0;2;4;2;B01
200900067761;0;7;0;0;2;4;23;C01
200900067761;0;7;0;0;2;1;2;A01
200900067762;0;32;0;0;2;8;1;A01
200900067762;0;7;0;0;0;7;16;B01
200900067763;0;7;0;0;2;2;16;B01
200900067763;0;2;0;0;2;8;16;A01
200900067764;0;30;0;0;2;1;1;B01
200900067764;0;7;0;0;2;3;9;A01
200900067765;0;30;0;1;2;4;0;B01
200900067765;0;7;0;0;2;2;1;A01
200900067766;0;33;0;0;2;3;15;A01
200900067766;0;7;0;0;2;8;9;B01
200900067767;0;30;0;0;2;1;0;B01
200900067767;0;7;0;0;2;7;16;A01
200900067768;0;14;0;0;2;0;13;A01
200900067768;0;1;0;0;2;4;1;B01
200900067769;0;33;0;0;2;1;1;A01
200900067769;0;7;0;0;2;5;15;B01
200900067770;0;7;0;0;0;1;1;B01
200900067770;0;30;0;0;2;1;1;A01
200900067771;0;7;0;0;2;3;1;A01
200900067771;0;7;0;0;2;3;1;B01
200900067772;0;7;0;0;2;2;1;B01
200900067772;0;7;0;0;2;3;9;A01
200900067773;0;7;0;0;9;1;0;A01
200900067773;0;1;0;0;2;1;7;B01
200900067774;0;33;0;0;2;1;1;B01
200900067774;0;7;0;0;2;2;15;A01
200900067775;0;30;0;0;0;4;16;A01
200900067775;0;2;0;0;2;7;1;B01
200900067776;0;7;0;0;2;6;2;B01
200900067776;0;2;0;0;2;6;1;A01
200900067777;0;2;0;1;0;2;11;A01
200900067778;0;10;0;8;0;2;1;A01
200900067779;0;7;0;0;2;1;1;B01
200900067779;0;2;0;0;2;7;1;A01
200900067780;0;7;0;0;0;4;15;B01
200900067780;0;7;0;0;2;1;1;A01
200900067781;0;7;0;0;2;8;22;A01
200900067781;0;1;0;1;0;1;1;B01
200900067782;0;7;0;0;2;2;0;A01
200900067782;0;33;0;0;2;7;15;B01
200900067783;0;7;0;0;2;3;15;A01
200900067783;0;2;0;0;2;3;1;B01
200900067784;0;7;0;0;2;3;15;A01
200900067784;0;7;0;0;2;1;1;B01
200900067785;0;7;0;2;0;1;1;A01
200900067786;0;7;0;0;2;3;13;A01
200900067786;0;7;0;0;2;3;0;B01
200900067787;0;7;0;0;2;5;2;B01
200900067787;0;7;0;0;2;3;2;A01
200900067788;0;10;0;0;0;1;1;A01
200900067789;0;7;0;0;1;1;1;A01
200900067790;0;1;0;0;2;7;1;A01
200900067790;0;7;0;0;2;1;1;B01
200900067791;0;10;0;0;2;1;9;A01
200900067791;0;7;0;0;0;4;23;C01
200900067791;0;10;0;0;0;5;23;D01
200900067791;0;7;0;0;2;4;23;B01