num_acc;senc;catv;occutc;obs;obsm;choc;manv;num_veh
200900067792;0;33;0;0;2;1;2;A01
200900067792;0;7;0;0;2;4;2;B01
200900067793;0;7;0;0;1;4;1;B01
200900067793;0;7;0;0;2;1;1;A01
200900067794;0;33;0;0;2;1;1;A01
200900067794;0;7;0;0;0;3;19;B01
200900067795;0;7;0;3;0;2;2;A01
200900067796;0;7;0;0;2;8;9;B01
200900067796;0;7;0;0;2;1;1;A01
200900067797;0;7;0;0;2;3;20;A01
200900067797;0;7;0;0;2;1;1;B01
200900067798;0;2;0;0;1;2;21;A01
200900067799;0;7;0;0;2;3;1;A01
200900067799;0;7;0;0;2;3;13;B02
200900067800;0;7;0;0;2;1;1;B02
200900067800;0;7;0;0;2;7;1;A01
200900067801;0;7;0;0;1;2;1;A01
200900067802;0;7;0;2;0;2;14;A01
200900067803;0;7;0;0;2;7;15;A01
200900067803;0;30;0;0;2;1;1;B02
200900067804;0;1;0;0;2;8;1;B01
200900067804;0;7;0;0;9;3;0;A01
200900067805;0;7;0;12;2;8;1;B01
200900067805;1;7;0;0;2;1;9;A01
200900067806;0;7;0;0;2;1;0;B01
200900067806;0;7;0;0;2;7;0;A01
200900067807;0;14;0;0;2;2;1;B01
200900067807;0;40;0;0;2;3;1;A01
200900067808;0;7;0;0;1;1;9;A01
200900067809;0;2;0;0;1;1;1;A01
200900067810;0;7;0;0;2;1;2;A01
200900067810;0;7;0;0;0;4;23;B01
200900067811;0;7;0;14;0;1;0;A01
200900067812;0;37;1;0;1;5;9;A01
200900067813;0;7;0;0;2;3;0;A01
200900067813;0;7;0;0;2;1;0;B01
200900067814;0;7;0;0;2;1;2;D01
200900067814;0;7;0;0;2;1;2;B01
200900067814;0;7;0;0;2;2;2;C01
200900067814;0;7;0;0;2;3;2;A01
200900067815;0;7;0;0;2;1;1;B01
200900067815;0;7;0;0;2;8;1;A01
200900067816;0;33;0;0;2;0;1;B01
200900067816;0;7;0;0;2;2;15;A01
200900067817;1;7;0;0;2;1;1;C01
200900067817;0;7;0;0;2;4;2;B01
200900067817;0;7;0;0;2;4;2;A01
200900067818;0;7;0;2;0;1;1;A01
200900067819;0;7;0;0;2;4;2;C01
200900067819;0;7;0;0;2;4;2;B01
200900067819;0;7;0;0;2;1;2;A01
200900067819;0;7;0;0;2;4;2;D01
200900067820;0;30;0;0;1;1;7;A01
200900067821;0;2;0;0;2;1;2;A01
200900067821;0;7;0;0;2;3;2;B01
200900067822;0;7;0;0;2;2;1;A01
200900067822;0;7;0;0;2;1;9;B01
200900067823;0;7;0;0;2;7;1;B01
200900067823;0;7;0;0;2;2;1;A01
200900067824;0;7;0;0;2;3;1;C01
200900067824;0;30;0;0;2;0;15;B01
200900067824;0;7;0;0;2;2;1;A01
200900067825;1;7;0;0;2;4;1;C01
200900067825;0;7;0;0;2;1;1;A01
200900067825;0;7;0;0;2;4;1;B01
200900067826;0;7;0;0;2;1;1;B01
200900067826;0;7;0;0;2;7;15;A01
200900067827;1;7;0;0;2;1;1;A01
200900067827;0;7;0;0;2;4;15;C01
200900067827;0;7;0;0;2;4;1;B01
200900067828;0;2;0;0;2;1;17;B01
200900067828;0;7;0;0;2;8;22;A01
200900067829;0;2;0;16;0;1;1;A01
200900067830;0;30;0;1;9;1;2;A01
200900067830;0;37;1;0;0;4;2;B01
200900067831;0;7;0;0;1;5;1;A01
200900067832;0;7;0;9;0;1;1;A01
200900067833;0;7;0;0;2;1;13;A01
200900067833;0;7;0;0;2;1;1;B01
200900067834;0;37;1;0;1;5;9;A01
200900067835;0;7;0;0;2;2;15;A01
200900067835;0;7;0;0;2;8;1;B01
200900067836;0;2;0;1;0;1;2;A01
200900067837;0;7;0;0;1;3;1;A01
200900067838;0;7;0;0;1;1;1;A01
200900067839;0;7;0;0;0;4;1;B01
200900067839;0;7;0;0;2;1;1;A01
200900067840;0;7;0;0;0;0;9;A01
200900067840;0;2;0;8;0;1;1;B01
200900067841;0;1;0;0;2;1;1;B01
200900067841;0;7;0;0;2;2;15;A01
200900067842;0;7;0;0;2;4;2;B01
200900067842;0;7;0;0;2;1;2;A01
200900067843;0;7;0;0;2;7;1;B01
200900067843;0;7;0;0;2;1;1;A01
200900067844;0;7;0;0;2;1;2;A01
200900067844;0;7;0;0;2;4;1;B01
200900067845;0;2;0;0;2;1;1;A01
200900067845;0;7;0;0;2;4;17;B01
200900067846;0;7;0;0;1;1;1;A01
200900067847;0;10;0;14;0;5;20;A01
200900067847;0;7;0;0;0;2;23;B01
200900067848;0;7;0;0;2;1;1;B01
200900067848;0;7;0;0;2;2;15;A01
200900067849;0;7;0;0;1;1;1;A01
200900067850;0;30;0;0;2;1;1;B01
200900067850;0;7;0;0;2;6;9;A01
200900067851;0;7;0;0;2;1;2;A01
200900067851;0;7;0;0;2;4;1;B01
200900067852;0;7;0;0;1;1;1;A01
200900067853;0;2;0;0;2;1;1;B01
200900067853;0;10;0;0;2;7;17;A01
200900067854;0;7;0;6;0;1;1;A01
200900067855;0;7;0;0;2;6;23;A01
200900067855;0;7;0;14;0;2;17;B02
200900067856;0;7;0;0;1;2;1;A01
200900067857;0;7;0;0;2;1;1;A01
200900067857;0;30;0;0;2;1;13;B02
200900067858;0;14;0;0;2;1;23;B02
200900067858;0;2;0;0;2;1;16;A01
200900067859;0;7;0;0;2;1;1;A01
200900067859;0;7;0;0;2;8;1;B02
200900067860;0;7;0;8;0;8;1;A01
200900067861;0;7;0;0;0;2;1;B02
200900067861;0;7;0;0;2;2;21;A01
200900067862;0;7;0;0;1;4;4;A01
200900067863;0;33;0;0;2;1;1;B01
200900067863;0;7;0;0;0;7;15;A01
200900067864;0;7;0;1;0;3;1;B01
200900067864;0;7;0;0;2;1;1;A01
200900067865;0;33;0;0;2;4;2;B01
200900067865;0;7;0;0;2;1;2;A01
200900067866;0;7;0;0;1;1;1;A01
200900067867;0;31;0;0;1;1;1;A01
200900067868;0;2;0;12;0;8;13;A01
200900067868;0;10;0;0;0;0;4;B01
200900067869;0;7;0;0;1;1;1;A01
200900067870;0;10;0;0;2;4;2;B01
200900067870;0;7;0;0;2;1;2;A01
200900067870;0;7;0;0;1;4;2;C01
200900067871;0;7;0;0;2;7;15;A01
200900067871;0;33;0;0;2;1;1;B01
200900067872;0;7;0;0;1;2;1;A01
200900067873;0;7;0;15;0;1;1;A01
200900067874;0;7;0;0;2;4;1;B01
200900067874;0;7;0;0;2;4;1;C01
200900067874;0;14;0;0;2;1;1;A01
200900067874;0;7;0;0;2;4;11;D01
200900067875;0;37;0;0;1;1;1;A01
200900067876;0;1;0;0;2;1;0;B01
200900067876;0;7;0;0;2;3;9;A01
200900067877;0;10;0;0;1;4;4;A01
200900067878;0;7;0;0;1;3;15;A01
200900067879;0;7;0;0;2;2;9;A01
200900067879;0;7;0;2;2;1;1;B01
200900067880;0;7;0;0;2;3;1;B01
200900067880;0;2;0;0;2;1;13;A01
200900067881;0;30;0;0;2;1;1;B01
200900067881;0;7;0;0;2;8;19;A01
200900067882;0;7;0;0;2;3;15;A01
200900067882;0;7;0;0;2;3;16;B01
200900067883;0;7;0;0;2;1;10;A01
200900067883;0;7;0;0;2;8;1;B01
200900067884;0;7;0;0;1;1;1;A01
200900067885;0;10;0;0;1;4;4;A01
200900067886;0;7;0;0;2;4;23;B01
200900067886;0;7;0;0;2;4;23;C01
200900067886;0;7;0;0;2;1;2;A01
200900067886;0;7;0;0;2;4;23;D01
200900067887;0;7;0;0;2;1;2;A01
200900067887;0;7;0;0;2;4;1;B01
200900067888;0;7;0;0;1;2;1;A01
200900067889;0;7;0;0;2;1;15;B01
200900067889;0;30;0;0;2;1;1;A01
200900067890;0;30;0;0;2;1;1;B01
200900067890;0;7;0;0;0;4;23;A01
200900067891;0;7;0;0;2;4;2;B01
200900067891;0;7;0;0;2;1;2;A01
200900067892;0;7;0;0;2;2;0;A01
200900067892;0;30;0;0;2;1;1;B01
200900067893;0;7;0;0;1;1;1;A01
200900067894;0;32;0;0;2;1;1;A01
200900067894;0;7;0;0;2;4;23;B01
200900067895;0;34;0;1;0;1;1;A01
200900067896;0;37;0;0;2;3;1;B02
200900067896;0;7;0;0;2;7;16;A01
200900067897;0;30;0;10;0;7;16;A01
200900067898;0;32;0;2;0;1;1;A01
200900067899;0;7;0;0;0;3;15;A01
200900067899;0;31;0;0;0;1;6;B02
200900067900;0;33;0;0;0;1;1;B02
200900067900;0;7;0;0;2;5;15;A01
200900067901;0;7;0;0;2;2;15;A01
200900067901;0;30;0;0;2;1;1;B02
200900067902;0;7;0;0;0;4;2;A01
200900067902;0;33;0;0;2;1;2;B02
200900067903;0;34;0;0;2;1;1;B02
200900067903;0;10;0;0;2;2;10;A01
200900067904;0;2;0;0;2;1;13;B02
200900067904;0;7;0;0;2;3;1;A01
200900067905;0;7;0;0;1;3;1;A01
200900067906;0;2;0;0;2;1;15;A01
200900067906;0;7;0;0;2;1;1;B02
200900067907;0;7;0;0;2;3;15;A01
200900067907;0;33;0;0;2;0;5;B02
200900067908;0;7;0;14;0;1;1;A01
200900067908;0;7;0;14;0;4;23;C03
200900067908;0;7;0;14;0;4;23;D04
200900067908;0;7;0;14;0;4;23;B02
200900067909;0;33;0;0;2;1;1;A01
200900067909;0;7;0;0;2;6;2;B01
200900067910;0;2;0;0;1;1;1;A01
200900067911;0;7;0;0;2;8;15;B01
200900067911;0;33;0;0;2;2;2;A01
200900067912;0;33;0;0;2;2;1;B01
200900067912;0;10;0;0;2;3;15;A01
200900067913;0;31;0;0;2;8;1;B01
200900067913;0;7;0;0;2;2;1;A01
200900067914;0;7;0;0;0;7;15;A01
200900067914;0;34;0;0;2;1;1;B01
200900067915;0;7;0;0;0;0;9;B01
200900067915;0;33;0;0;2;8;17;A01
200900067916;0;33;0;0;0;8;1;B01
200900067916;0;2;0;0;2;7;14;A01
200900067917;0;7;0;0;1;1;2;A01
200900067918;0;99;0;0;2;7;1;A01
200900067918;0;31;0;0;2;1;1;B01
200900067919;0;31;0;0;2;7;0;A01
200900067919;0;7;0;0;2;3;15;B01
200900067920;0;32;0;1;0;2;1;B01
200900067920;0;7;0;0;2;8;22;A01
200900067921;0;7;0;0;2;2;15;A01
200900067921;0;33;0;0;2;1;1;B01
200900067922;0;7;0;0;2;3;9;A01
200900067922;0;33;0;0;2;1;1;B01
200900067923;0;33;0;0;2;1;1;B01
200900067923;0;10;0;0;2;1;1;A01
200900067924;0;2;0;0;2;5;0;B01
200900067924;0;7;0;0;2;3;15;A01
200900067925;0;10;0;8;2;1;1;B01
200900067925;0;10;0;0;2;4;4;A01
200900067926;0;7;0;0;2;4;1;C01
200900067926;0;7;0;0;2;9;1;B01
200900067926;0;7;0;0;2;1;1;A01
200900067927;0;7;0;0;1;1;15;A01
200900067928;0;30;0;6;0;0;14;A01
200900067929;0;7;0;0;2;3;1;A01
200900067929;0;7;0;0;2;3;15;B01
200900067930;0;7;0;0;1;5;15;B01
200900067930;0;33;0;0;2;1;1;A01
200900067931;0;7;0;0;1;0;16;A01
200900067932;0;2;0;0;2;1;1;B01
200900067932;0;7;0;0;2;3;15;A01
200900067933;0;7;0;0;2;7;15;A01
200900067933;0;7;0;0;2;1;2;B01
200900067934;0;7;0;0;2;2;15;A01
200900067934;0;7;0;0;2;1;1;B01
200900067935;0;7;0;6;2;3;23;C01
200900067935;0;7;0;0;2;2;1;B01
200900067935;0;7;0;0;2;3;15;A01
200900067936;0;7;0;0;2;9;0;B01
200900067936;0;7;0;0;2;2;0;A01
200900067937;0;2;0;0;2;1;1;B01
200900067937;0;7;0;0;2;2;15;A01
200900067938;0;2;0;0;2;1;13;A01
200900067938;0;7;0;0;2;8;15;B01
200900067939;0;7;0;0;2;5;2;B01
200900067939;0;2;0;0;2;2;2;A01
200900067940;0;7;0;0;2;4;23;B01
200900067940;0;31;0;0;2;1;2;A01
200900067941;0;7;0;0;2;1;1;A01
200900067941;0;7;0;1;2;7;1;B01
200900067942;0;7;0;0;2;1;1;A01
200900067942;0;7;0;0;0;4;23;B01
200900067943;0;2;0;0;0;1;1;A01
200900067943;0;20;0;0;0;0;23;B01
200900067944;0;7;0;0;1;1;0;A01
200900067945;0;31;0;0;2;3;0;B01
200900067945;0;31;0;0;2;3;0;A01
200900067946;0;10;0;0;1;1;15;A01
200900067947;0;7;0;0;2;1;2;A01
200900067947;0;1;0;0;2;4;2;B01
200900067948;0;7;0;0;1;1;1;A01
200900067949;0;7;0;0;2;1;1;A01
200900067949;0;7;0;0;2;4;2;B01
200900067950;0;14;0;0;1;0;1;A01
200900067951;0;1;0;0;2;1;17;B01
200900067951;0;7;0;0;9;3;10;A01
200900067952;0;7;0;0;2;1;1;B01
200900067952;0;30;0;0;2;3;15;A01
200900067953;0;7;0;16;1;1;16;A01
200900067953;0;7;0;0;2;4;2;B01
200900067954;0;7;0;0;1;1;1;A01
200900067955;0;7;0;6;0;0;0;A01
200900067956;0;31;0;0;2;1;2;B01
200900067956;0;7;0;0;2;3;9;A01
200900067957;0;7;0;0;0;0;14;A01
200900067958;0;7;0;0;2;8;15;A01
200900067958;0;37;6;0;2;2;1;B01
200900067959;0;7;0;0;1;4;16;A01
200900067960;0;32;0;0;0;7;1;B01
200900067960;0;32;0;0;2;8;9;A01
200900067961;0;7;0;0;1;3;1;A01
200900067962;0;10;0;0;2;1;15;A01
200900067962;0;33;0;0;2;1;1;B01
200900067963;0;2;0;0;2;3;1;A01
200900067963;0;7;0;0;2;8;1;B01
200900067964;0;34;0;0;2;1;1;A01
200900067964;0;7;0;0;0;7;15;B01
200900067965;0;10;0;0;2;3;1;B01
200900067965;0;7;0;0;2;7;13;A01
200900067966;0;7;0;0;2;1;1;B01
200900067966;0;33;0;0;2;9;1;A01
200900067967;0;7;0;0;1;2;1;A01
200900067968;0;7;0;1;0;2;14;A01
200900067969;0;7;0;0;2;1;1;A01
200900067970;0;7;0;0;1;7;1;A01
200900067971;0;7;0;0;2;3;15;B01
200900067971;0;2;0;0;2;7;17;A01
200900067972;0;31;0;1;2;0;0;B01
200900067972;0;7;0;0;2;6;20;A01
200900067973;0;7;0;0;2;3;15;A01
200900067973;0;7;0;0;2;1;1;B01
200900067974;0;7;0;0;2;4;4;A01
200900067974;0;30;0;1;2;7;1;B01
200900067975;1;7;0;0;1;1;20;A01
200900067976;0;7;0;0;2;4;2;B01
200900067976;0;7;0;0;2;1;2;A01
200900067977;0;7;0;0;2;1;13;A01
200900067977;0;33;0;0;2;1;2;B01
200900067978;0;7;0;0;1;1;1;A01
200900067979;0;7;0;0;1;2;15;A01
200900067980;1;7;0;0;1;0;1;A01
200900067981;0;7;0;14;0;1;1;A01
200900067982;0;7;0;0;2;1;1;A01
200900067982;0;37;1;0;2;4;2;B01
200900067983;0;7;0;0;2;3;15;A01
200900067983;0;33;0;1;2;1;17;B01
200900067984;0;7;0;0;0;8;15;B01
200900067984;0;33;0;0;2;8;2;A01
200900067985;0;7;0;0;2;8;24;A01
200900067985;0;2;0;1;0;2;1;B01
200900067986;1;7;0;0;2;1;5;A01
200900067986;0;33;0;0;2;1;1;B01
200900067987;0;31;0;0;2;8;1;B01
200900067987;0;2;0;0;2;1;1;A01
200900067988;0;7;0;0;2;2;15;A01
200900067988;0;31;0;0;2;3;1;B01
200900067989;0;30;0;0;1;8;1;A01
200900067989;0;7;0;0;2;2;1;B01
200900067990;0;2;0;0;2;1;5;A01
200900067990;0;7;0;0;2;3;1;B01
200900067991;0;7;0;0;2;3;15;A01
200900067991;0;2;0;0;2;3;1;B01
200900067992;0;33;0;12;0;0;14;A01
200900067992;0;7;0;0;0;0;15;B01
200900067993;0;31;0;0;2;0;17;B01
200900067993;0;7;0;0;2;0;13;A01
200900067994;0;7;0;0;2;5;16;A01
200900067994;0;37;2;0;2;0;1;B01
200900067995;0;2;0;0;0;1;0;A01
200900067996;0;31;0;0;0;0;0;A01
200900067997;0;31;0;0;2;2;1;B01
200900067997;0;7;0;0;2;3;13;A01
200900067998;0;2;0;0;0;0;0;B01
200900067998;0;2;0;0;2;3;1;A01
200900067999;0;7;0;0;1;0;0;A01
200900068000;0;7;0;0;1;1;1;A01
200900068001;0;7;0;0;2;7;1;A01
200900068001;0;7;0;0;2;3;1;B01
200900068002;0;7;0;0;0;8;15;A01
200900068002;0;30;0;0;2;2;17;B01
200900068003;0;30;0;0;2;0;1;B01
200900068003;0;7;0;0;2;3;10;A01
200900068004;0;33;0;0;1;7;1;A01
200900068005;0;34;0;0;0;0;0;A01
200900068006;0;33;0;0;2;1;17;A01
200900068006;0;7;0;0;2;3;15;B01
200900068007;0;2;0;4;0;1;13;A01
200900068008;0;7;0;0;2;8;9;A01
200900068008;0;2;0;0;2;1;1;B01
200900068009;0;31;0;0;1;1;1;A01
200900068010;0;2;0;0;2;1;2;B01
200900068010;0;7;0;0;2;1;2;A01
200900068011;0;2;0;0;1;2;1;A01
200900068012;0;30;0;0;2;1;8;B01
200900068012;0;7;0;0;2;2;15;A01
200900068013;0;7;0;0;1;1;2;A01
200900068014;0;7;0;0;2;4;23;B01
200900068014;0;32;0;0;2;1;1;A01
200900068015;1;7;0;0;2;1;1;A01
200900068015;0;2;0;0;2;4;1;B01
200900068016;0;2;0;12;2;1;1;A01
200900068016;0;7;0;0;2;1;1;B01
200900068017;0;7;0;0;2;6;1;C01
200900068017;0;10;0;0;2;3;1;B01
200900068017;0;7;0;0;2;1;1;A01
200900068018;0;10;0;0;2;1;13;B01
200900068018;0;7;0;0;2;6;15;A01
200900068019;0;7;0;0;2;3;15;A01
200900068019;0;2;0;0;2;1;17;B01
200900068020;0;7;0;0;2;2;15;A01
200900068020;0;30;0;0;2;1;18;B01
200900068021;0;31;0;0;1;1;17;A01
200900068021;0;7;0;0;2;3;1;B01
200900068022;1;7;0;0;2;0;16;A01
200900068022;0;31;0;0;2;7;1;B01
200900068023;0;2;0;0;2;1;17;B01
200900068023;0;7;0;0;2;4;15;A01
200900068024;0;33;0;0;2;1;3;B01
200900068024;0;7;0;0;2;6;22;A01
200900068025;0;7;0;0;2;1;1;B01
200900068025;0;7;0;0;2;1;13;A01
200900068026;0;31;0;0;2;1;1;B01
200900068026;0;7;0;0;2;5;15;A01
200900068027;0;7;0;0;1;1;15;A01
200900068028;0;7;0;0;2;3;13;A01
200900068028;0;7;0;0;2;6;1;B01
200900068029;0;7;0;0;1;3;1;A01
200900068030;0;7;0;0;2;1;2;A01
200900068030;0;7;0;0;2;4;2;B01
200900068031;0;7;0;0;2;3;15;A01
200900068031;0;34;0;0;2;1;17;B01
200900068032;0;33;0;8;0;0;1;A01
200900068033;0;7;0;0;2;6;13;A01
200900068033;0;33;0;0;2;1;2;B01
200900068034;0;31;0;0;1;1;1;A01
200900068035;0;33;0;0;2;1;1;B01
200900068035;1;7;0;0;2;0;15;A01
200900068036;0;31;0;0;2;1;2;A01
200900068036;0;7;0;0;2;4;2;B01
200900068037;0;30;0;0;2;7;11;A01
200900068037;0;7;0;0;2;5;1;B01
200900068038;0;99;0;0;2;6;1;B01
200900068038;0;7;0;0;2;4;2;A01
200900068039;0;7;0;0;2;3;16;A01
200900068039;0;33;0;0;2;2;1;B01
200900068040;0;3;0;13;0;8;13;A01
200900068041;0;7;0;0;2;1;1;A01
200900068041;0;7;0;0;0;4;23;C01
200900068041;0;7;0;0;2;4;23;B01
200900068042;0;17;0;0;2;8;0;B01
200900068042;0;7;0;0;2;3;0;A01
200900068043;0;33;0;0;0;0;0;A01
200900068044;0;2;0;0;2;1;2;A01
200900068044;0;7;0;0;0;6;2;B01
200900068045;0;7;0;0;2;1;1;A01
200900068045;0;10;0;0;0;4;1;C01
200900068045;0;7;0;0;2;4;1;B01
200900068046;0;7;0;8;0;1;0;A01
200900068047;0;7;0;0;0;0;16;A01
200900068047;0;34;0;0;0;0;0;B01
200900068048;0;7;0;0;2;1;1;A01
200900068048;0;7;0;0;0;4;23;B01
200900068049;0;1;0;0;0;0;0;A01
200900068050;0;7;0;0;2;1;9;A01
200900068050;0;2;0;0;0;7;1;B01
200900068051;0;7;0;0;1;1;15;A01
200900068052;0;7;0;0;2;7;17;A01
200900068052;0;2;0;0;2;8;1;B01
200900068053;0;7;0;0;2;1;2;A01
200900068053;0;7;0;0;0;6;2;B01
200900068054;0;7;0;0;1;1;15;A01
200900068055;0;7;0;0;2;1;9;A01
200900068055;0;7;0;8;2;5;1;B01
200900068056;0;7;0;0;2;3;0;A01
200900068056;0;33;0;2;2;1;1;B01
200900068057;0;7;0;0;2;1;0;A01
200900068057;0;32;0;0;2;1;1;B01
200900068058;0;2;0;0;2;7;15;A01
200900068058;0;7;0;0;2;3;1;B01
200900068059;1;7;0;0;2;3;15;A01
200900068059;0;2;0;0;2;1;1;B01
200900068060;0;32;0;0;0;1;1;A01
200900068061;0;30;0;0;2;1;1;A01
200900068062;0;7;0;0;1;4;4;A01
200900068063;0;7;0;0;2;1;1;A01
200900068063;0;7;0;0;2;2;15;B01
200900068064;0;7;0;0;2;1;1;A01
200900068065;0;7;0;0;2;3;1;A01
200900068065;0;34;0;0;2;1;1;B01
200900068066;0;1;0;0;2;1;1;B01
200900068066;0;7;0;0;2;3;15;A01
200900068067;0;14;0;0;1;1;1;A01
200900068068;0;7;0;0;2;4;4;A01
200900068068;0;2;0;0;2;8;9;B01
200900068069;0;7;0;0;0;0;1;C01
200900068069;0;33;0;0;1;1;1;A01
200900068070;0;7;0;0;2;1;2;A01
200900068070;0;7;0;0;2;4;2;B01
200900068071;0;7;0;8;0;8;1;A01
200900068072;0;7;0;0;1;2;16;A01
200900068073;0;7;0;0;2;3;10;A01
200900068073;0;33;0;0;2;8;1;B01
200900068074;0;7;0;0;2;3;0;B02
200900068074;0;7;0;0;0;3;13;A01
200900068075;0;7;0;13;0;3;13;A01
200900068075;0;7;0;0;9;1;1;B02
200900068076;0;33;0;0;2;1;1;B02
200900068076;0;10;0;0;2;8;1;A01
200900068077;0;7;0;0;2;3;1;C03
200900068077;0;36;0;0;2;1;1;B02
200900068077;0;7;0;0;2;4;15;A01
200900068078;0;10;0;0;2;6;15;B02
200900068078;0;7;0;0;2;3;1;A01
200900068079;0;7;0;0;0;6;23;B02
200900068079;0;31;0;0;2;1;1;A01
200900068080;0;7;0;6;0;1;13;A01
200900068081;0;7;0;0;2;1;1;A01
200900068081;0;7;0;0;2;1;19;B02
200900068082;0;7;0;0;2;1;1;A01
200900068082;0;7;0;0;0;4;1;B02
200900068083;0;33;0;0;0;1;1;A01
200900068084;0;2;0;0;2;1;1;A01
200900068084;0;7;0;0;2;3;1;B02
200900068085;0;7;0;0;2;2;1;C03
200900068085;0;30;0;0;2;1;17;A01
200900068085;0;7;0;0;2;2;1;B02
200900068086;0;7;0;0;2;1;1;E05
200900068086;0;14;0;0;2;1;1;F06
200900068086;0;7;0;0;2;3;1;D04
200900068086;0;7;0;0;2;3;13;A01
200900068086;0;17;0;4;0;3;1;B02
200900068086;0;7;0;0;2;1;1;C03
200900068087;0;10;0;0;0;0;1;A01
200900068088;0;7;0;0;2;1;2;C03
200900068088;0;33;0;0;2;1;2;A01
200900068088;0;7;0;0;2;1;2;B02
200900068089;0;32;0;0;2;1;17;B02
200900068089;0;7;0;0;2;8;15;A01
200900068090;0;7;0;0;2;2;21;A01
200900068090;0;33;0;0;2;1;13;B02
200900068091;0;7;0;0;2;2;16;A01
200900068091;0;7;0;0;2;3;1;B02
200900068092;0;30;0;3;0;2;1;A01
200900068093;0;34;0;0;2;7;15;A01
200900068093;0;33;0;0;2;1;1;B02
200900068094;0;32;0;11;0;1;1;A01
200900068095;0;7;0;6;0;2;1;A01
200900068096;0;7;0;2;0;1;1;A01
200900068097;0;10;0;0;0;3;15;A01
200900068097;0;32;0;0;2;2;17;B02
200900068098;0;30;0;0;2;7;1;B01
200900068098;0;7;0;0;0;3;9;A01
200900068099;0;2;0;0;2;1;2;B01
200900068099;0;7;0;0;2;3;21;A01
200900068100;0;33;0;0;0;0;0;A01
200900068101;0;7;0;6;0;0;0;A01
200900068102;0;33;0;0;0;1;1;B01
200900068102;0;7;0;0;2;3;15;A01
200900068103;0;7;0;0;2;1;13;A01
200900068103;0;7;0;0;2;1;1;B01
200900068104;0;31;0;0;2;2;1;B01
200900068104;0;7;0;0;2;3;11;A01
200900068105;0;7;0;0;0;0;15;A01
200900068105;0;32;0;0;0;0;1;B01
200900068106;0;33;0;0;2;2;1;B01
200900068106;0;33;0;0;2;1;9;A01
200900068107;0;7;0;0;2;1;2;A01
200900068107;0;1;0;0;2;4;2;B01
200900068108;0;7;0;0;2;2;15;A01
200900068108;0;33;0;0;2;1;1;B01
200900068109;0;32;0;0;2;7;1;B01
200900068109;0;7;0;0;2;3;11;A01
200900068110;0;2;0;0;2;0;14;A01
200900068110;0;7;0;0;2;1;1;B01
200900068111;0;17;0;0;0;5;23;B01
200900068111;0;30;0;0;2;1;2;A01
200900068112;0;7;0;0;2;5;15;A01
200900068112;0;32;0;0;2;1;1;B01
200900068113;0;7;0;0;2;4;23;B01
200900068113;0;2;0;0;2;1;2;A01
200900068114;0;7;0;0;0;0;0;B01
200900068114;0;7;0;0;0;1;0;A01
200900068115;0;7;0;0;2;8;1;B01
200900068115;0;31;0;0;2;7;1;A01
200900068116;0;2;0;0;0;0;0;A01
200900068117;0;10;0;0;1;4;4;A01
200900068118;0;7;0;0;2;1;1;B01
200900068118;0;7;0;1;2;2;1;A01
200900068119;0;7;0;0;0;4;23;B01
200900068119;0;2;0;0;2;1;1;A01
200900068120;0;31;0;0;2;8;1;A01
200900068120;0;10;0;0;2;1;1;B01
200900068121;0;34;0;0;1;1;1;A01
200900068122;0;7;0;0;2;3;1;A01
200900068122;0;2;0;0;2;7;17;B01
200900068123;0;2;0;0;2;1;1;A01
200900068123;1;7;0;0;2;3;1;B01
200900068124;0;7;0;0;2;6;1;B01
200900068124;0;7;0;1;2;9;14;A01
200900068125;0;7;0;0;2;6;15;B01
200900068125;0;33;0;0;2;1;0;A01
200900068126;0;37;1;0;0;0;0;A01
200900068126;0;7;0;0;2;4;0;C01
200900068126;0;7;0;1;0;1;2;B01
200900068127;0;2;0;0;2;1;1;B01
200900068127;0;2;0;0;2;1;9;A01
200900068128;0;31;0;0;2;1;0;B01
200900068128;0;31;0;0;2;9;0;A01
200900068129;0;7;0;0;1;4;4;A01
200900068130;0;7;0;0;2;2;15;A01
200900068130;0;2;0;0;2;1;1;B01
200900068131;0;7;0;0;1;7;2;A01
200900068132;1;7;0;0;2;1;5;A01
200900068132;0;33;0;0;2;2;1;B01
200900068133;0;7;0;0;2;4;2;B01
200900068133;0;7;0;0;2;1;1;A01
200900068134;0;30;0;0;2;7;1;A01
200900068134;0;7;0;0;2;7;9;B01
200900068135;0;31;0;0;2;1;1;B01
200900068135;0;7;0;0;2;1;13;A01
200900068136;0;7;0;0;0;4;24;C01
200900068136;0;31;0;1;0;1;1;A01
200900068137;0;32;0;1;0;8;14;B01
200900068137;0;7;0;0;2;7;14;A01
200900068138;0;7;0;0;2;0;24;A01
200900068138;0;34;0;0;2;1;2;B01
200900068138;0;7;0;0;0;0;24;C01
200900068139;0;7;0;0;2;4;2;C01
200900068139;0;32;0;0;2;4;2;B01
200900068139;0;33;0;0;2;1;2;A01
200900068140;0;2;0;0;2;8;1;B01
200900068140;0;7;0;0;2;2;1;A01
200900068141;0;7;0;0;2;5;1;B01
200900068141;0;2;0;0;2;2;1;A01
200900068142;0;7;0;0;1;1;1;A01
200900068143;0;2;0;0;1;1;2;A01
200900068144;1;7;0;0;2;2;0;A01
200900068145;0;7;0;0;2;7;15;B01
200900068145;0;7;0;0;2;1;16;A01
200900068146;0;7;0;0;1;2;1;A01