num_acc;senc;catv;occutc;obs;obsm;choc;manv;num_veh
200900068147;0;32;0;0;0;1;2;A01
200900068147;0;10;0;0;2;4;2;B01
200900068148;0;7;0;0;1;1;15;A01
200900068149;0;99;0;0;1;8;1;A01
200900068150;0;7;0;0;2;4;1;D01
200900068150;0;7;0;0;2;1;1;A01
200900068150;0;7;0;0;2;1;1;C01
200900068150;0;7;0;0;2;1;1;B01
200900068151;0;7;0;0;2;0;0;B01
200900068151;0;30;0;0;2;1;2;A01
200900068152;0;7;0;0;0;3;20;A01
200900068152;0;33;0;0;2;2;1;B01
200900068153;0;14;0;0;2;3;1;B01
200900068153;0;10;0;9;2;9;12;A01
200900068154;0;33;0;0;2;1;1;B01
200900068154;0;7;0;0;2;6;16;A01
200900068155;0;7;0;8;0;7;14;A01
200900068156;0;7;0;0;1;2;15;A01
200900068157;0;7;0;0;2;3;15;A01
200900068157;0;99;0;0;2;2;1;B01
200900068158;0;2;0;0;2;0;1;A01
200900068158;0;7;0;0;2;0;16;B01
200900068159;0;7;0;0;2;3;15;A01
200900068160;0;30;0;0;1;1;18;A01
200900068161;0;7;0;0;2;3;0;A01
200900068161;0;32;0;0;2;9;0;B01
200900068162;0;2;0;0;2;4;1;B01
200900068162;0;7;0;0;2;1;1;A01
200900068163;0;7;0;0;1;3;1;A01
200900068164;0;7;0;0;0;7;17;A01
200900068164;0;1;0;0;0;8;1;B01
200900068165;0;7;0;0;2;2;16;A01
200900068165;0;7;0;1;1;6;16;B01
200900068166;0;7;0;1;2;3;2;B01
200900068166;0;7;0;0;2;1;15;A01
200900068167;0;31;0;0;2;3;23;B01
200900068167;0;33;0;0;2;2;1;A01
200900068167;0;7;0;0;2;6;23;C01
200900068168;0;2;0;0;2;1;1;A01
200900068168;0;7;0;0;2;4;2;B01
200900068169;0;33;0;0;1;1;1;A01
200900068170;0;7;0;0;2;1;13;A01
200900068170;0;7;0;0;2;1;1;B01
200900068171;0;34;0;1;0;1;0;A01
200900068172;0;10;0;0;2;1;2;A01
200900068172;0;7;0;0;2;4;23;B01
200900068173;0;7;0;0;2;1;1;A01
200900068173;0;7;0;0;0;4;23;C01
200900068173;0;7;0;0;2;4;23;B01
200900068174;0;33;0;1;2;7;17;B01
200900068174;0;7;0;0;2;3;15;A01
200900068175;0;7;0;0;1;1;1;A01
200900068176;0;33;0;0;2;3;1;B01
200900068176;0;7;0;0;2;2;15;A01
200900068177;0;2;0;0;0;0;0;A01
200900068178;0;33;0;0;2;1;17;A01
200900068178;0;7;0;0;2;3;15;B01
200900068179;0;7;0;0;2;2;1;A01
200900068179;0;7;0;0;2;8;1;B01
200900068180;1;7;0;0;2;0;1;A01
200900068180;0;33;0;0;2;8;1;B01
200900068181;0;31;0;0;2;1;21;B01
200900068181;0;7;0;0;2;1;15;A01
200900068182;0;34;0;0;1;1;17;A01
200900068183;0;7;0;0;2;3;2;A01
200900068183;0;1;0;0;2;0;0;B01
200900068184;0;33;0;0;2;1;1;B01
200900068184;0;7;0;0;0;7;15;A01
200900068185;0;7;0;0;1;1;15;A01
200900068186;0;31;0;0;0;4;23;B01
200900068186;0;7;0;0;2;1;1;A01
200900068187;0;13;0;0;2;5;1;B01
200900068187;0;32;0;0;2;1;1;A01
200900068188;0;32;0;0;2;4;2;B01
200900068188;0;7;0;0;2;1;2;A01
200900068189;0;7;0;0;2;1;2;A01
200900068189;0;7;0;0;2;4;24;B01
200900068190;0;34;0;0;0;8;1;A01
200900068191;0;40;0;0;1;1;1;A01
200900068192;0;31;0;0;0;0;0;A01
200900068193;0;2;0;0;0;0;0;A01
200900068194;0;7;0;0;2;1;1;A01
200900068194;0;32;0;0;2;9;1;B01
200900068195;0;7;0;0;0;3;1;B01
200900068195;0;2;0;0;2;1;13;A01
200900068196;0;2;0;0;2;2;15;A01
200900068196;0;7;0;0;0;8;1;B01
200900068197;0;33;0;0;2;1;1;B01
200900068197;0;33;0;1;2;3;1;A01
200900068198;0;33;0;14;0;1;2;B01
200900068198;0;32;0;0;2;6;1;A01
200900068198;0;7;0;0;2;1;1;C01
200900068199;0;7;0;0;1;3;1;A01
200900068200;0;7;0;0;2;3;9;A01
200900068200;0;31;0;0;2;5;0;B01
200900068201;0;33;0;0;0;8;21;B01
200900068201;0;10;0;0;0;0;9;A01
200900068202;0;7;0;0;2;2;15;B01
200900068202;0;10;0;0;2;1;1;A01
200900068203;0;7;0;0;2;4;2;B01
200900068203;0;33;0;0;2;1;1;A01
200900068204;0;7;0;1;0;2;14;A01
200900068205;0;7;0;0;2;3;22;A01
200900068205;0;34;0;0;2;1;18;B01
200900068205;0;7;0;0;2;2;23;C01
200900068206;0;34;0;0;2;1;17;B01
200900068206;0;30;0;0;0;8;17;C01
200900068206;0;30;0;0;2;1;17;A01
200900068207;0;7;0;0;2;2;1;B01
200900068207;0;7;0;0;2;1;1;A01
200900068208;0;2;0;0;1;1;2;A01
200900068209;0;2;0;0;2;8;1;A01
200900068209;0;7;0;0;2;2;1;B01
200900068210;0;7;0;0;1;5;1;A01
200900068211;1;1;0;0;0;0;0;A01
200900068212;0;2;0;0;2;7;1;B01
200900068212;0;7;0;0;2;3;9;A01
200900068213;0;33;0;0;2;1;13;A01
200900068213;0;7;0;0;2;2;1;B01
200900068214;0;33;0;0;2;8;1;B01
200900068214;0;7;0;0;2;3;15;A01
200900068215;0;2;0;0;2;1;1;B01
200900068215;0;7;0;0;2;1;15;A01
200900068216;0;32;0;0;2;1;1;B01
200900068216;0;7;0;0;2;4;9;A01
200900068217;0;7;0;0;2;2;19;A01
200900068217;0;33;0;0;2;1;1;B01
200900068218;0;2;0;0;1;1;17;A01
200900068219;0;10;0;0;2;1;2;A01
200900068219;0;7;0;0;2;4;2;B01
200900068220;0;2;0;0;2;1;1;B01
200900068220;0;7;0;0;2;8;9;A01
200900068221;0;7;0;0;1;2;9;A01
200900068222;0;33;0;0;2;1;1;B01
200900068222;0;2;0;0;2;6;10;A01
200900068223;0;7;0;0;2;6;1;B01
200900068223;0;7;0;6;2;2;19;A01
200900068224;0;7;0;0;1;3;1;B01
200900068224;0;31;0;0;2;7;12;A01
200900068225;0;33;0;0;2;7;17;B01
200900068225;0;7;0;0;2;8;15;A01
200900068226;0;7;0;0;2;4;15;A01
200900068226;1;7;0;0;2;1;2;B01
200900068227;0;33;0;0;2;1;2;A01
200900068227;0;7;0;0;2;6;15;B01
200900068228;0;32;0;0;2;2;16;A01
200900068228;0;33;0;0;2;4;1;B01
200900068229;0;7;0;0;2;3;15;A01
200900068229;0;2;0;0;2;1;17;B01
200900068230;0;7;0;0;2;6;15;A01
200900068230;0;33;0;0;2;1;17;B01
200900068231;0;10;0;0;2;4;2;B01
200900068231;0;10;0;0;2;1;2;A01
200900068232;0;7;0;0;2;4;2;B01
200900068232;0;7;0;0;2;1;2;A01
200900068233;0;10;0;0;1;4;4;A01
200900068234;0;30;0;0;2;1;17;A01
200900068234;0;10;0;0;2;3;9;B01
200900068235;0;7;0;0;2;4;2;A01
200900068235;1;7;0;0;2;1;2;B01
200900068236;0;2;0;0;2;6;15;A01
200900068236;0;7;0;0;2;1;1;B01
200900068237;0;7;0;0;1;2;1;A01
200900068238;0;7;0;0;1;1;1;A01
200900068239;0;2;0;0;2;1;1;A01
200900068240;0;30;0;0;2;1;1;B01
200900068240;0;7;0;0;4;1;10;A01
200900068241;0;7;0;0;2;3;0;A01
200900068241;0;13;0;0;2;1;5;B01
200900068242;0;7;0;0;0;0;0;A01
200900068243;0;7;0;0;2;3;15;A01
200900068243;0;31;0;0;2;1;1;B01
200900068244;0;30;0;0;2;1;0;A01
200900068245;0;7;0;0;1;1;0;A01
200900068246;0;7;0;0;2;1;0;A01
200900068246;0;34;0;0;2;4;0;B01
200900068247;0;7;0;0;2;3;22;A01
200900068247;0;33;0;0;2;1;0;B01
200900068248;0;7;0;0;2;1;0;A01
200900068248;0;7;0;0;2;4;0;C01
200900068248;0;7;0;0;2;1;1;B01
200900068249;0;2;0;0;1;1;1;A01
200900068250;0;7;0;0;2;2;0;A01
200900068250;0;2;0;0;2;1;1;B01
200900068251;0;7;0;0;1;8;15;A01
200900068252;0;7;0;0;1;4;4;A01
200900068253;0;7;0;7;0;0;0;A01
200900068254;0;31;0;0;2;7;17;A01
200900068254;0;7;0;0;2;3;15;B01
200900068255;0;7;0;0;2;5;15;A01
200900068255;0;32;0;0;2;2;1;B01
200900068256;0;7;0;0;2;1;15;A01
200900068256;0;30;0;0;0;7;1;B01
200900068257;0;30;0;0;2;0;1;A01
200900068257;0;7;0;0;2;1;15;B01
200900068258;0;7;0;0;1;5;1;A01
200900068259;0;10;0;0;1;2;15;A01
200900068260;0;7;0;0;2;4;1;B01
200900068260;0;7;0;0;2;1;1;A01
200900068261;0;32;0;0;1;2;17;A01
200900068262;1;7;0;0;2;0;0;A01
200900068262;0;32;0;0;2;2;0;B01
200900068263;0;7;0;0;1;1;0;A01
200900068264;0;33;0;11;0;1;1;A01
200900068265;0;7;0;0;2;3;1;B01
200900068265;0;7;0;0;2;1;0;A01
200900068266;0;30;0;0;2;2;1;A01
200900068266;0;7;0;0;2;8;1;B01
200900068267;0;2;0;0;9;1;0;A01
200900068267;0;1;0;0;9;1;0;B01
200900068268;0;2;0;0;2;1;17;B01
200900068268;0;7;0;0;2;8;16;A01
200900068269;0;2;0;0;2;0;1;A01
200900068269;0;2;0;0;2;0;15;B01
200900068270;0;7;0;0;1;1;1;A01
200900068271;0;7;0;0;1;2;2;A01
200900068272;0;7;0;0;0;9;21;A01
200900068273;0;2;0;0;2;4;2;B01
200900068273;0;7;0;0;2;1;17;A01
200900068274;0;7;0;0;2;2;0;A01
200900068274;0;2;0;0;2;1;0;B01
200900068275;0;10;0;0;1;2;0;A01
200900068276;0;7;0;0;1;1;1;A01
200900068277;0;3;0;0;1;7;1;A01
200900068278;0;1;0;14;0;1;1;A01
200900068279;0;7;0;0;1;2;15;A01
200900068280;2;7;0;9;0;1;14;A01
200900068281;0;10;0;0;1;3;1;A01
200900068282;0;7;0;0;2;3;13;A01
200900068282;0;10;0;0;2;3;1;B02
200900068283;0;7;0;0;2;3;2;B01
200900068283;0;15;0;0;2;7;12;A01
200900068284;0;7;0;0;0;1;1;B02
200900068284;0;7;0;0;2;1;15;A01
200900068285;0;7;0;2;0;9;1;A01
200900068286;0;7;0;0;0;1;1;B02
200900068286;0;7;0;0;2;1;17;A01
200900068287;0;7;0;0;1;8;15;A01
200900068288;0;7;0;9;2;1;23;B01
200900068288;0;1;0;0;9;1;2;A01
200900068289;0;2;0;0;1;1;1;A01
200900068290;0;7;0;6;0;1;13;A01
200900068291;0;7;0;0;2;1;13;A01
200900068291;0;7;0;0;2;1;1;B02
200900068292;0;7;0;0;1;1;1;A01
200900068293;1;7;0;0;1;2;1;A01
200900068294;0;7;0;3;0;2;19;A01
200900068294;0;10;0;1;0;6;24;B01
200900068295;0;15;0;0;0;9;1;A01
200900068296;0;7;0;0;1;1;1;A01
200900068297;0;7;0;0;1;1;1;A01
200900068298;0;7;0;0;2;7;1;A01
200900068298;0;99;0;0;2;1;1;B01
200900068299;0;7;0;0;1;1;1;A01
200900068300;0;33;0;0;1;0;1;A01
200900068301;0;7;0;0;2;3;2;A01
200900068301;0;7;0;0;2;3;2;B01
200900068302;0;7;0;0;2;1;1;B01
200900068302;0;7;0;0;2;2;15;A01
200900068303;0;7;0;0;4;5;19;A01
200900068303;0;40;0;0;2;1;2;B01
200900068304;1;7;0;0;1;3;1;A01
200900068305;0;7;0;0;1;3;1;A01
200900068306;0;7;0;0;2;3;17;A01
200900068306;0;7;0;0;2;8;1;B01
200900068307;0;7;0;0;2;1;2;A01
200900068307;0;7;0;0;2;4;2;B01
200900068308;0;7;0;0;1;2;1;A01
200900068309;0;7;0;0;2;4;20;B01
200900068309;0;7;0;0;2;2;2;A01
200900068310;0;7;0;6;0;1;1;A01
200900068311;0;7;0;0;2;4;23;A01
200900068311;0;7;0;0;2;1;2;B01
200900068312;0;7;0;0;2;4;1;B01
200900068312;0;7;0;0;2;1;0;A01
200900068313;0;7;0;0;1;4;4;A01
200900068314;0;7;0;0;2;1;1;A01
200900068314;0;7;0;0;2;7;1;B01
200900068315;0;7;0;1;0;1;14;A01
200900068316;0;7;0;0;2;1;1;A01
200900068316;0;7;0;0;2;5;1;B01
200900068317;0;7;0;0;2;1;1;B01
200900068317;0;7;0;0;0;1;1;A01
200900068318;0;7;0;0;0;2;14;A01
200900068319;0;30;0;0;0;1;1;A01
200900068319;0;30;0;0;0;2;15;B02
200900068320;0;7;0;0;1;1;2;A01
200900068321;1;7;0;0;1;2;14;A01
200900068322;0;10;0;0;2;2;10;A01
200900068322;0;7;0;8;2;8;1;B01
200900068323;0;10;0;0;2;1;9;A01
200900068323;0;7;0;0;2;1;2;B01
200900068324;0;7;0;6;0;1;1;A01
200900068325;0;1;0;0;2;1;19;A01
200900068325;0;7;0;0;2;2;23;B01
200900068326;0;7;0;0;2;2;15;A01
200900068326;0;7;0;0;2;1;1;B01
200900068327;0;7;0;0;2;3;20;A01
200900068327;0;7;0;0;2;3;1;B01
200900068328;0;7;0;0;2;1;15;B01
200900068328;0;7;0;0;2;1;2;A01
200900068329;0;2;0;0;2;1;1;A01
200900068329;0;7;0;0;2;7;16;B01
200900068330;0;10;0;0;1;1;1;A01
200900068331;0;7;0;15;0;0;0;A01
200900068332;0;7;0;0;1;7;20;A01
200900068333;0;7;0;0;2;3;16;A01
200900068333;0;1;0;0;2;7;15;B01
200900068334;0;1;0;0;2;8;1;B01
200900068334;0;7;0;0;2;7;14;A01
200900068335;0;2;0;12;0;1;1;A01
200900068336;0;7;0;0;9;1;1;C01
200900068336;0;1;0;1;0;1;1;B01
200900068337;0;1;0;0;0;0;2;A01
200900068338;0;33;0;0;2;8;1;A01
200900068338;0;7;0;0;2;6;15;B01
200900068339;0;7;0;0;2;8;15;B01
200900068339;0;30;0;0;2;1;2;A01
200900068340;0;7;0;0;2;1;2;A01
200900068340;0;7;0;0;2;4;2;B01
200900068341;0;7;0;2;0;1;14;A01
200900068342;0;32;0;0;0;7;0;A01
200900068343;0;2;0;0;2;1;0;B01
200900068343;0;7;0;0;2;8;0;A01
200900068344;2;7;0;6;0;1;13;A01
200900068345;0;7;0;0;1;1;1;A01
200900068346;0;33;0;0;2;1;1;B01
200900068346;0;7;0;0;2;7;1;A01
200900068347;0;10;0;0;2;4;1;B01
200900068347;0;17;0;0;2;2;1;A01
200900068347;0;7;0;0;2;4;1;C01
200900068348;0;7;0;0;2;3;13;A01
200900068348;0;14;0;0;2;3;1;B01
200900068349;0;7;0;0;0;0;16;A01
200900068349;0;33;0;0;0;0;21;B01
200900068350;0;7;0;0;1;1;16;A01
200900068351;0;7;0;3;0;9;13;A01
200900068352;0;7;0;0;2;5;15;A01
200900068352;0;30;0;0;2;1;1;B01
200900068353;0;7;0;0;0;9;13;A01
200900068354;0;1;0;0;0;8;1;B02
200900068354;0;7;0;0;0;2;15;A01
200900068355;0;7;0;0;0;0;0;A01
200900068355;0;7;0;0;2;1;1;B02
200900068356;0;31;0;0;6;1;0;A01
200900068357;0;7;0;0;9;2;1;A01
200900068357;0;2;0;0;2;1;1;B01
200900068358;0;7;0;0;2;1;13;A01
200900068358;0;10;0;0;2;8;1;B02
200900068359;0;7;0;0;2;3;13;A01
200900068359;0;14;0;0;2;3;1;B02
200900068360;0;7;0;0;2;3;15;B01
200900068360;0;32;0;0;2;1;13;A01
200900068361;0;1;0;8;0;1;1;A01
200900068362;0;30;0;0;0;1;1;A01
200900068363;0;7;0;2;0;3;13;A01
200900068364;0;7;0;0;1;1;13;A01
200900068365;0;7;0;0;2;2;1;B02
200900068365;0;2;0;0;2;2;17;A01
200900068366;0;7;0;0;2;2;17;B02
200900068366;0;7;0;0;2;8;2;A01
200900068367;0;30;0;0;2;1;17;A01
200900068367;0;7;0;0;2;3;15;B01
200900068368;0;33;0;0;2;3;1;B02
200900068368;0;7;0;0;2;3;15;A01
200900068369;0;7;0;16;0;1;0;A01
200900068370;0;7;0;0;2;3;1;B02
200900068370;0;7;0;0;2;2;13;A01
200900068371;0;7;0;0;2;2;1;A01
200900068371;0;1;0;0;2;1;1;B02
200900068372;0;7;0;0;2;1;1;A01
200900068372;0;7;0;0;2;4;23;B02
200900068373;0;14;0;0;0;6;13;A01
200900068374;0;7;0;0;2;1;1;A01
200900068374;0;2;0;0;2;8;1;B01
200900068375;0;17;0;0;2;2;1;A01
200900068375;0;7;0;0;2;6;23;B01
200900068376;0;7;0;0;2;3;16;A01
200900068376;0;33;0;0;2;1;1;B01
200900068377;0;7;0;0;1;3;20;A01
200900068378;0;30;0;0;1;1;1;A01
200900068379;0;7;0;0;9;4;2;B01
200900068379;0;2;0;0;2;1;2;A01
200900068380;0;17;0;0;1;1;15;A01
200900068381;0;10;0;0;2;7;15;A01
200900068381;0;7;0;0;2;1;1;B01
200900068382;0;7;0;0;2;1;1;B01
200900068382;0;7;0;0;2;1;13;A01
200900068383;0;7;0;0;0;4;2;B01
200900068383;0;10;0;0;2;1;2;A01
200900068384;0;7;0;0;2;4;23;C01
200900068384;0;2;0;0;2;1;1;A01
200900068384;0;7;0;0;2;4;23;B01
200900068385;0;7;0;0;2;4;2;A01
200900068385;0;7;0;0;2;4;2;B01
200900068386;0;7;0;15;0;1;1;A01
200900068387;0;7;0;0;2;8;15;A01
200900068387;0;2;0;0;2;1;1;B01
200900068388;0;1;0;0;2;0;1;A01
200900068388;0;15;0;0;9;2;21;B01
200900068389;0;7;0;0;1;1;1;A01
200900068390;0;10;0;0;2;7;17;A01
200900068390;0;2;0;0;2;8;1;B01
200900068391;0;10;0;0;1;2;15;A01
200900068392;0;7;0;0;2;1;1;A01
200900068392;0;7;0;0;2;1;1;B01
200900068393;1;7;0;0;2;1;1;A01
200900068393;0;7;0;6;2;9;1;B01
200900068394;0;7;0;0;1;1;2;A01
200900068395;0;7;0;13;0;1;21;A01
200900068396;0;31;0;0;2;1;1;B02
200900068396;0;7;0;0;2;4;4;A01
200900068397;0;7;0;0;2;6;1;B01
200900068397;0;7;0;0;2;6;17;A01
200900068398;0;30;0;0;0;0;1;A01
200900068399;0;7;0;0;2;7;1;B01
200900068399;0;7;0;0;2;1;1;A01
200900068400;0;33;0;1;0;1;1;A01
200900068401;0;7;0;0;1;1;20;A01
200900068402;0;7;0;0;2;1;2;A01
200900068402;0;7;0;0;2;4;2;C01
200900068402;0;7;0;0;2;4;2;B01
200900068403;0;2;0;6;0;0;0;A01
200900068404;0;7;0;0;2;1;1;A01
200900068404;0;7;0;0;2;4;2;B01
200900068405;0;7;0;0;2;4;15;B01
200900068405;0;7;0;0;2;1;2;A01
200900068406;0;7;0;0;1;1;15;A01
200900068407;0;7;0;0;1;2;0;A01
200900068408;0;7;0;0;2;8;1;B01
200900068408;0;7;0;0;2;1;1;A01
200900068409;0;7;0;0;2;1;1;A01
200900068409;0;7;0;0;2;6;1;B01
200900068410;0;7;0;0;2;3;15;A01
200900068410;0;2;0;0;2;1;1;B01
200900068411;0;7;0;0;2;1;1;B01
200900068411;0;7;0;0;2;2;1;A01
200900068412;0;7;0;0;2;1;15;A01
200900068412;0;7;0;0;2;6;16;B01
200900068413;0;7;0;0;1;1;1;A01
200900068414;0;33;0;0;2;0;1;A01
200900068414;0;7;0;0;2;1;0;B01
200900068415;0;30;0;0;2;1;1;A01
200900068415;0;7;0;0;2;4;23;B01
200900068416;0;7;0;0;2;1;2;A01
200900068416;0;7;0;0;2;4;1;B01
200900068417;0;7;0;0;2;7;15;A01
200900068417;0;33;0;0;2;1;1;B01
200900068418;0;33;0;4;0;1;21;A01
200900068419;0;7;0;0;0;0;2;A01
200900068419;0;1;0;16;0;1;1;B01
200900068420;0;17;0;3;0;1;1;A01
200900068421;0;7;0;13;0;2;1;A01
200900068422;0;7;0;0;2;2;1;B01
200900068422;0;1;0;0;2;1;1;A01
200900068423;0;7;0;1;0;2;14;A01
200900068424;0;7;0;0;2;1;2;A01
200900068424;0;7;0;0;0;4;2;B01
200900068425;0;3;0;0;0;9;1;A01
200900068426;0;7;0;0;2;1;1;C03
200900068426;0;7;0;0;2;4;11;A01
200900068426;0;14;0;0;2;1;1;B02
200900068427;0;1;0;0;2;1;11;A01
200900068427;0;7;0;0;2;3;16;B02
200900068428;0;7;0;0;1;1;1;A01
200900068429;0;7;0;0;0;2;2;A01
200900068429;0;1;0;0;0;3;2;B01
200900068430;0;33;0;14;0;1;1;A01
200900068431;0;34;0;0;2;1;2;B01
200900068431;0;7;0;0;9;5;4;A01
200900068432;0;7;0;0;2;1;1;A01
200900068432;0;2;0;0;2;7;1;B01
200900068433;0;7;0;0;2;4;15;B01
200900068433;0;37;10;0;2;1;1;A01
200900068434;0;7;0;0;2;1;1;B01
200900068434;0;7;0;0;2;1;15;A01
200900068435;0;7;0;0;1;2;2;A01
200900068436;0;7;0;0;1;1;1;A01
200900068437;0;7;0;2;0;9;1;A01
200900068438;0;2;0;0;2;8;12;A01
200900068438;0;7;0;0;9;5;1;B01
200900068439;0;33;0;0;2;1;1;B01
200900068439;0;7;0;0;2;3;9;A01
200900068440;0;7;0;13;0;1;1;A01
200900068441;1;7;0;0;1;2;1;A01
200900068442;0;34;0;0;2;1;1;B01
200900068442;0;10;0;0;2;8;10;A01
200900068443;0;7;0;0;2;4;16;B01
200900068443;0;7;0;0;2;1;1;A01
200900068444;0;7;0;0;1;1;0;A01
200900068445;0;7;0;0;2;4;2;C01
200900068445;0;7;0;0;2;1;2;A01
200900068445;0;7;0;0;2;4;2;B01
200900068446;0;7;0;0;0;5;2;A01
200900068446;0;7;0;4;2;3;21;B01
200900068447;0;30;0;0;2;0;1;B02
200900068447;0;30;0;0;0;5;1;A01
200900068448;0;7;0;0;2;5;23;B01
200900068448;0;32;0;0;2;1;11;A01
200900068449;0;7;0;0;2;5;24;B01
200900068449;0;7;0;1;0;1;1;A01
200900068450;0;7;0;0;1;3;15;A01
200900068451;0;31;0;0;2;1;18;B02
200900068451;0;10;0;0;2;7;16;A01
200900068452;0;7;0;0;2;3;16;B02
200900068452;0;7;0;0;2;2;1;A01
200900068453;0;14;0;1;0;1;1;C03
200900068453;0;7;0;0;2;2;1;E05
200900068453;0;7;0;0;9;6;1;D04
200900068453;0;7;0;0;2;5;1;B02
200900068453;0;17;0;0;0;6;1;A01
200900068454;0;7;0;0;2;6;1;B01
200900068454;0;33;0;0;2;1;1;A01
200900068455;0;7;0;0;2;4;2;B01
200900068455;0;7;0;0;2;1;2;A01
200900068456;0;15;0;5;0;7;1;A01
200900068457;0;7;0;0;2;6;4;A01
200900068457;0;1;0;0;2;1;21;B02
200900068458;0;33;0;6;0;7;1;A01
200900068459;0;7;0;0;9;1;15;A01
200900068459;0;2;0;0;2;1;0;B01
200900068460;0;7;0;0;1;1;1;A01
200900068461;0;7;0;0;1;0;1;A01
200900068462;0;7;0;0;2;1;13;A01
200900068462;0;7;0;0;2;1;1;B01
200900068463;0;7;0;14;0;4;14;A01
200900068464;0;2;0;0;2;1;17;A01
200900068464;0;7;0;0;2;3;15;B01
200900068465;0;7;0;0;1;1;1;A01
200900068466;0;30;0;0;2;7;15;A01
200900068466;0;15;0;0;2;3;13;B01
200900068467;0;7;0;0;2;1;1;A01
200900068467;0;7;0;0;2;4;23;B01
200900068467;0;7;0;0;0;4;23;C01
200900068468;0;7;0;0;2;3;1;A01
200900068468;0;7;0;0;2;3;1;B02
200900068469;0;2;0;0;2;7;1;B02
200900068469;0;7;0;0;2;1;1;A01
200900068470;0;7;0;13;0;3;1;A01
200900068471;0;7;0;2;0;7;1;A01
200900068472;0;7;0;0;2;2;1;A01
200900068472;0;1;0;0;2;1;15;B02
200900068473;0;7;0;0;1;1;1;A01
200900068474;0;10;0;0;2;3;1;A01
200900068474;0;17;0;0;2;3;1;B02
200900068475;0;7;0;0;2;3;1;A01
200900068475;0;10;0;0;2;3;1;B02
200900068476;0;7;0;16;0;1;0;A01
200900068477;0;30;0;0;2;7;1;A01
200900068477;0;7;0;0;2;3;1;B02
200900068478;0;7;0;3;0;3;13;A01
200900068479;0;7;0;0;1;1;1;A01
200900068480;0;7;0;0;2;1;15;A01
200900068480;0;10;0;0;2;1;1;B02
200900068481;0;7;0;4;0;1;1;A01
200900068482;0;14;0;0;0;8;15;A01
200900068482;0;7;0;0;2;1;1;B02
200900068483;0;10;0;0;2;1;15;A01
200900068484;0;10;0;0;2;1;1;B02
200900068484;0;7;0;0;0;0;0;A01
200900068485;0;7;0;0;2;1;0;A01
200900068485;0;17;0;0;2;4;1;B02
200900068486;0;7;0;0;2;3;17;A01
200900068486;0;2;0;0;2;1;1;B02
200900068487;0;7;0;13;0;9;1;A01
200900068488;0;7;0;3;0;5;1;B02
200900068488;0;7;0;0;2;3;17;A01
200900068488;0;7;0;0;2;6;1;C03
200900068489;0;7;0;0;2;2;15;A01
200900068489;0;30;0;0;2;1;1;B01
200900068490;0;33;0;0;2;1;1;B01
200900068490;0;10;0;0;2;8;1;A01
200900068491;0;7;0;0;2;1;2;A01
200900068491;0;7;0;0;2;4;2;B01
200900068492;0;7;0;0;1;7;1;A01
200900068493;0;7;0;0;0;1;1;A01
200900068494;0;7;0;0;0;4;2;B02
200900068494;0;7;0;0;2;1;2;A01
200900068495;0;7;0;0;2;3;1;A01
200900068495;0;7;0;0;2;3;1;B02
200900068496;0;7;0;6;0;1;1;A01
200900068497;0;7;0;0;2;3;1;B02
200900068497;0;7;0;0;2;1;13;A01
200900068498;0;7;0;0;5;1;0;A01
200900068498;0;17;0;0;5;1;0;B02
200900068499;0;10;0;0;2;2;15;A01
200900068499;0;1;0;0;2;1;1;B02
200900068500;0;7;0;0;2;7;13;A01
200900068500;0;7;0;0;2;1;1;B02
200900068501;0;7;0;0;2;1;1;A01
200900068501;0;7;0;0;2;1;1;B02
200900068502;0;7;0;0;2;3;13;B02
200900068502;0;7;0;0;2;8;1;A01
200900068503;0;30;0;1;0;3;1;A01
200900068503;0;7;0;0;2;8;24;B02
200900068504;0;7;0;0;2;4;24;A01
200900068505;0;7;0;0;0;9;1;A01
200900068506;1;10;0;0;2;5;9;A01
200900068506;0;33;0;0;2;1;1;B02
200900068507;0;7;0;14;0;1;0;C03
200900068507;0;7;0;0;0;4;0;A01
200900068507;0;7;0;0;0;1;0;B02
200900068508;0;7;0;2;0;1;14;A01
200900068509;0;31;0;0;2;3;1;B01
200900068509;0;7;0;0;9;3;15;A01
200900068510;0;7;0;0;9;3;19;A01
200900068510;0;31;0;0;2;1;1;B01
200900068511;0;10;0;0;1;4;4;A01
200900068512;0;7;0;0;1;1;15;A01
200900068513;0;7;0;3;2;6;2;A01
200900068513;1;7;0;0;2;2;2;B01
200900068514;0;2;0;0;2;3;1;A01
200900068514;0;7;0;0;2;8;15;B01
200900068515;0;7;0;0;2;3;1;A01
200900068515;0;38;10;0;2;3;21;B02
200900068516;0;7;0;0;2;2;15;A01
200900068516;0;2;0;0;2;1;1;B01
200900068517;0;7;0;;0;6;1;A03
200900068517;0;7;0;;2;1;1;A02
200900068517;0;7;0;;2;1;1;A01
200900068518;0;7;0;0;1;1;0;A01
200900068519;0;7;0;1;0;1;1;A01
200900068520;1;31;0;0;0;0;0;A01
200900068521;1;30;0;0;1;0;0;A01
200900068522;0;7;0;0;2;1;0;A01
200900068522;0;7;0;0;2;2;16;B01
200900068523;1;7;0;0;0;0;1;A01
200900068524;0;7;0;0;1;1;1;A01
200900068525;0;7;0;0;1;2;1;A01
200900068526;0;14;0;0;2;1;2;A01
200900068526;0;7;0;0;2;4;2;B01
200900068527;0;7;0;0;1;2;1;A01
200900068528;0;7;0;0;2;1;15;B01