num_acc;senc;catv;occutc;obs;obsm;choc;manv;num_veh
200900068528;0;33;0;0;2;8;1;A01
200900068529;0;7;0;0;1;7;1;A01
200900068530;0;1;0;0;0;4;1;B01
200900068530;0;7;0;0;9;2;1;A01
200900068531;0;7;0;0;1;3;13;A01
200900068532;0;10;0;2;0;1;10;A01
200900068533;0;7;0;0;2;1;1;A01
200900068533;0;7;0;0;2;4;2;B01
200900068533;0;7;0;0;0;4;1;C01
200900068534;0;2;0;0;2;1;1;A01
200900068534;0;7;0;0;0;5;1;B01
200900068535;0;7;0;1;0;1;2;A01
200900068535;0;7;0;0;0;4;23;B01
200900068536;0;7;0;0;1;1;2;A01
200900068537;0;1;0;0;1;4;2;A01
200900068538;0;1;0;0;0;4;2;B01
200900068538;1;30;0;0;0;1;2;A01
200900068539;0;2;0;6;0;1;0;A01
200900068540;0;10;0;0;9;3;0;A01
200900068541;0;30;0;0;2;2;2;B01
200900068541;0;7;0;0;2;3;20;A01
200900068542;0;31;0;0;2;3;3;A01
200900068542;0;7;0;0;0;7;12;B01
200900068543;0;7;0;0;0;8;0;B01
200900068543;0;7;0;0;0;1;0;A01
200900068544;0;7;0;0;2;2;13;B01
200900068544;0;7;0;0;2;1;0;A01
200900068545;0;7;0;16;0;2;13;A01
200900068545;0;7;0;0;0;1;1;B01
200900068546;0;7;0;0;0;0;0;A01
200900068547;0;33;0;0;2;3;3;A01
200900068547;0;7;0;0;2;2;3;B01
200900068548;0;7;0;0;1;1;1;A01
200900068549;0;7;0;0;1;1;1;A01
200900068550;0;30;0;0;0;4;0;A01
200900068550;0;7;0;0;2;1;2;B01
200900068551;0;7;0;0;1;0;15;C01
200900068551;0;7;0;1;2;6;21;A01
200900068551;0;32;0;0;2;6;17;B01
200900068552;0;2;0;0;2;7;17;B01
200900068552;0;3;0;0;2;8;15;A01
200900068553;0;7;0;0;1;2;1;A01
200900068554;0;7;0;0;2;5;12;A01
200900068554;0;7;0;0;2;3;1;B01
200900068555;0;7;0;0;9;1;17;A01
200900068555;0;1;0;0;2;1;1;B01
200900068556;1;7;0;0;2;3;11;C01
200900068556;0;33;0;4;2;7;1;A01
200900068556;0;7;0;0;2;3;1;B01
200900068557;0;7;0;0;1;2;1;A01
200900068558;0;2;0;0;2;1;0;A01
200900068558;0;7;0;0;2;8;0;B01
200900068559;0;7;0;9;0;1;1;A01
200900068560;0;7;0;0;2;2;16;A01
200900068560;0;1;0;0;2;0;1;B01
200900068561;0;7;0;0;1;4;20;A01
200900068562;0;33;0;0;2;1;11;A01
200900068562;0;7;0;;2;1;1;A02
200900068563;0;7;0;13;0;0;14;A01
200900068564;0;7;0;0;2;6;16;A01
200900068564;0;31;0;0;2;8;16;B01
200900068565;0;7;0;0;1;1;1;A01
200900068566;0;17;0;0;2;7;17;B01
200900068566;0;7;0;4;2;8;1;A01
200900068567;0;7;0;0;2;1;1;B01
200900068567;0;7;0;0;2;1;0;A01
200900068568;0;7;0;0;2;4;1;B01
200900068568;0;37;1;0;2;1;1;A01
200900068568;0;7;0;0;2;4;2;C01
200900068569;0;7;0;0;2;3;1;C01
200900068569;0;33;0;0;2;1;1;A01
200900068569;0;10;0;0;2;6;2;B01
200900068570;0;7;0;0;2;1;1;A01
200900068570;0;7;0;0;2;4;23;B01
200900068571;0;30;0;3;2;1;2;A01
200900068571;0;10;0;0;2;5;2;B01
200900068572;0;7;0;0;2;3;1;B01
200900068572;0;33;0;0;2;1;13;A01
200900068573;0;3;0;0;1;4;4;A01
200900068574;0;31;0;0;0;7;6;A01
200900068575;0;7;0;0;2;2;1;A01
200900068576;0;7;0;0;2;3;15;A01
200900068576;0;30;0;0;2;1;17;B01
200900068577;0;7;0;0;2;1;1;B01
200900068577;0;7;0;0;2;7;10;A01
200900068578;0;7;0;0;2;1;13;A01
200900068578;0;7;0;0;2;1;1;B01
200900068579;0;7;0;15;0;1;1;A01
200900068580;0;30;0;0;0;0;1;A01
200900068581;0;15;0;2;0;8;1;A01
200900068582;0;7;0;2;2;4;1;B01
200900068582;0;7;0;0;2;1;1;A01
200900068583;0;7;0;0;2;3;15;B01
200900068583;0;30;0;0;2;1;1;A01
200900068584;0;33;0;0;2;1;11;A01
200900068584;0;7;0;6;2;3;15;B01
200900068585;0;7;0;5;2;1;1;A01
200900068585;0;7;0;0;2;3;1;B01
200900068586;0;7;0;1;0;1;13;A01
200900068587;0;37;102;2;1;2;1;A01
200900068588;0;1;0;0;2;0;0;B01
200900068588;0;17;0;0;2;1;1;A01
200900068589;0;7;0;2;2;1;15;A01
200900068589;0;2;0;0;2;5;1;B01
200900068590;0;7;0;0;1;2;1;A01
200900068591;0;7;0;0;2;8;1;A01
200900068591;0;33;0;0;2;7;12;B01
200900068592;0;40;0;0;2;0;1;B01
200900068592;0;7;0;0;4;2;0;A01
200900068593;0;7;0;2;2;3;15;A01
200900068593;0;31;0;12;2;0;13;B01
200900068594;0;2;0;9;2;1;5;A01
200900068594;0;7;0;0;2;2;1;B01
200900068595;0;37;27;0;2;1;0;B01
200900068595;0;7;0;0;2;1;13;A01
200900068596;0;7;0;5;0;1;1;A01
200900068597;0;7;0;0;2;2;23;C01
200900068597;0;7;0;0;2;7;5;A01
200900068597;0;7;0;0;2;1;23;B01
200900068598;0;7;0;0;2;5;1;F02
200900068598;0;7;0;3;2;2;1;D01
200900068598;0;7;0;0;2;1;1;H02
200900068598;0;7;0;3;2;6;1;B01
200900068598;0;7;0;0;2;3;1;E01
200900068598;0;7;0;3;2;6;1;A01
200900068598;0;7;0;3;0;1;0;C01
200900068598;0;7;0;0;2;4;1;G02
200900068599;0;7;0;4;2;1;1;A01
200900068599;0;7;0;12;0;6;1;B01
200900068600;0;7;0;9;0;7;1;A01
200900068601;0;2;0;0;0;0;1;A01
200900068602;0;7;0;0;0;1;2;A01
200900068602;0;7;0;0;9;4;2;B01
200900068603;0;7;0;0;1;1;1;A01
200900068604;0;7;0;0;0;3;1;A01
200900068605;0;7;0;0;0;3;0;A01
200900068605;0;34;0;0;2;1;1;B01
200900068606;0;7;0;0;0;9;2;B01
200900068606;0;7;0;0;0;9;2;D01
200900068606;0;7;0;0;0;9;2;A01
200900068606;0;7;0;0;0;9;2;C01
200900068607;0;33;0;14;2;1;1;B01
200900068607;0;7;0;0;9;3;19;A01
200900068608;0;2;0;0;2;2;1;A01
200900068608;0;7;0;0;2;3;15;B01
200900068609;0;7;0;4;0;3;0;A01
200900068610;0;7;0;0;2;3;0;A01
200900068610;2;32;0;0;2;1;0;B01
200900068611;0;7;0;0;2;1;9;A01
200900068611;0;37;1;0;0;4;1;B01
200900068612;0;10;0;6;2;2;1;B01
200900068612;0;7;0;0;2;1;19;A01
200900068613;0;33;0;8;2;3;1;B01
200900068613;0;7;0;0;2;2;14;A01
200900068614;0;30;0;0;0;8;1;A01
200900068615;0;7;0;0;2;3;5;A01
200900068615;0;7;0;0;2;3;1;B01
200900068616;1;7;0;0;1;1;2;A01
200900068617;0;10;0;12;1;7;16;A01
200900068618;0;7;0;0;0;0;15;A01
200900068618;0;7;0;15;0;1;2;B01
200900068619;0;7;0;12;0;1;1;A01
200900068620;0;7;0;0;2;1;2;A01
200900068620;0;10;0;0;2;4;2;B01
200900068620;0;7;0;0;2;9;2;C01
200900068621;0;1;0;9;2;7;1;B01
200900068621;0;7;0;9;2;1;1;A01
200900068622;0;7;0;0;1;1;2;A01
200900068623;0;30;0;0;2;1;0;A01
200900068623;0;7;0;0;2;2;0;B01
200900068624;0;7;0;0;0;6;0;B01
200900068624;0;7;0;0;0;1;17;A01
200900068625;0;7;0;0;2;4;0;A01
200900068625;0;7;0;0;2;2;0;B01
200900068625;0;7;0;0;2;1;0;C01
200900068626;1;7;0;0;1;2;0;A01
200900068627;0;2;0;14;0;0;1;A01
200900068628;0;7;0;0;1;3;1;A01
200900068629;0;7;0;0;2;2;19;B01
200900068629;0;30;0;0;2;1;17;A01
200900068630;0;7;0;0;1;1;0;A01
200900068631;0;7;0;0;0;5;4;A01
200900068631;0;7;0;0;0;6;0;B01
200900068632;0;7;0;0;2;0;10;A01
200900068632;0;32;0;0;2;7;17;B01
200900068633;0;2;0;0;2;3;15;A01
200900068633;1;7;0;0;2;3;1;B01
200900068634;0;32;0;0;2;1;1;A01
200900068634;0;7;0;0;2;3;9;B01
200900068635;0;7;0;9;0;3;2;A01
200900068636;0;33;0;0;0;4;23;B01
200900068636;0;7;0;0;0;3;2;A01
200900068637;0;7;0;0;2;3;15;A01
200900068637;0;30;0;0;2;8;1;B01
200900068638;2;7;0;0;0;3;15;A01
200900068638;0;7;0;0;0;2;1;B01
200900068639;0;7;0;0;1;3;1;A01
200900068640;0;10;0;0;0;3;2;B01
200900068640;0;7;0;0;0;1;0;A01
200900068641;0;32;0;0;0;7;1;B01
200900068641;0;7;0;0;0;8;13;A01
200900068642;0;2;0;0;0;8;1;B01
200900068642;0;10;0;0;2;2;12;A01
200900068643;0;7;0;15;0;1;0;A01
200900068644;0;7;0;0;1;1;1;A01
200900068645;0;2;0;0;2;2;17;A01
200900068645;0;7;0;0;0;3;15;B01
200900068646;0;7;0;0;1;1;0;A01
200900068647;0;31;0;0;0;8;1;B01
200900068647;0;7;0;0;0;0;9;A01
200900068648;0;7;0;0;1;4;4;A01
200900068649;0;32;0;0;2;3;10;B01
200900068649;1;33;0;0;0;0;0;A01
200900068650;0;7;0;0;1;3;1;A01
200900068651;0;7;0;12;0;1;2;A01
200900068652;0;2;0;0;2;1;1;B01
200900068652;0;7;0;0;2;1;9;A01
200900068653;0;7;0;1;0;1;2;A01
200900068654;0;30;0;0;2;8;1;B01
200900068654;1;7;0;0;2;2;15;A01
200900068655;0;7;0;0;1;2;1;A01
200900068656;0;2;0;0;0;3;3;A01
200900068656;0;7;0;0;0;8;1;B01
200900068657;0;33;0;0;2;2;1;B01
200900068657;0;33;0;0;2;5;15;A01
200900068658;0;7;0;0;0;0;0;B01
200900068658;0;99;0;1;0;1;0;A01
200900068659;0;30;0;0;2;1;1;B01
200900068659;0;7;0;0;2;3;9;A01
200900068660;0;10;0;0;2;1;1;A01
200900068660;0;10;0;0;2;7;1;B01
200900068661;0;7;0;0;2;3;3;A01
200900068661;0;7;0;0;2;3;1;B01
200900068662;0;7;0;0;2;3;9;A01
200900068662;0;33;0;0;2;2;17;B01
200900068663;0;7;0;0;2;2;15;A01
200900068663;0;7;0;0;2;7;1;B01
200900068664;2;7;0;0;2;1;1;A01
200900068664;0;7;0;0;0;3;0;B01
200900068664;0;10;0;0;0;4;0;C01
200900068665;0;7;0;0;1;1;21;A01
200900068666;0;7;0;0;1;6;2;B01
200900068666;0;7;0;0;0;2;2;A01
200900068667;0;2;0;0;2;6;1;B01
200900068667;0;7;0;0;2;3;15;A01
200900068668;1;7;0;0;1;1;2;A01
200900068669;1;7;0;0;1;4;4;A01
200900068670;0;7;0;0;2;3;20;A01
200900068670;0;32;0;0;2;1;1;B01
200900068671;0;1;0;0;2;1;9;B01
200900068671;0;7;0;0;2;2;12;A01
200900068672;0;30;0;0;2;7;0;B01
200900068672;0;7;0;0;2;1;15;A01
200900068673;0;30;0;15;0;1;15;A01
200900068674;0;7;0;0;1;3;15;A01
200900068675;0;7;0;0;2;3;0;A01
200900068675;0;32;0;0;2;1;1;B01
200900068676;0;7;0;0;1;3;1;A01
200900068677;0;7;0;0;1;1;0;A01
200900068678;0;7;0;0;1;0;0;A01
200900068679;0;7;0;0;0;0;0;B01
200900068679;0;7;0;0;0;0;0;A01
200900068680;0;7;0;3;0;2;14;A01
200900068681;0;10;0;0;2;1;1;B01
200900068681;0;7;0;0;2;1;5;A01
200900068682;0;7;0;0;0;1;0;A01
200900068683;0;33;0;0;1;7;2;A01
200900068684;0;2;0;0;0;1;2;B01
200900068684;0;7;0;0;0;4;2;A01
200900068685;0;7;0;14;2;1;2;A01
200900068685;0;7;0;0;0;4;2;B01
200900068686;0;7;0;0;2;2;1;A01
200900068686;0;33;0;0;2;8;1;B01
200900068687;0;7;0;0;1;1;1;A01
200900068688;0;34;0;0;1;3;1;A01
200900068689;0;7;0;0;2;7;17;A01
200900068689;0;37;1;0;2;3;16;B01
200900068690;0;7;0;0;0;0;0;A01
200900068691;0;31;0;9;2;1;21;A01
200900068691;0;7;0;4;2;2;0;B01
200900068692;0;31;0;0;2;8;16;A01
200900068692;0;7;0;0;9;8;0;B01
200900068693;0;7;0;0;2;1;1;B01
200900068693;0;13;0;0;2;4;23;A01
200900068694;0;7;0;0;2;7;1;B01
200900068694;0;10;0;0;2;8;1;A01
200900068695;0;7;0;0;1;8;1;A01
200900068696;1;7;0;0;1;0;0;A01
200900068697;0;7;0;0;2;7;1;A01
200900068697;0;7;0;0;2;7;1;B01
200900068698;0;33;0;0;0;2;1;B01
200900068698;0;7;0;0;2;6;11;A01
200900068699;0;10;0;4;0;2;1;A01
200900068700;0;7;0;1;1;8;0;A01
200900068700;0;10;0;0;0;7;0;B01
200900068701;0;7;0;4;0;1;0;A01
200900068702;0;7;0;0;0;5;12;A01
200900068702;0;33;0;0;2;1;3;B01
200900068703;0;7;0;0;0;5;2;C01
200900068703;0;33;0;0;2;3;3;A01
200900068703;0;7;0;0;0;6;2;B01
200900068704;0;7;0;0;1;0;1;B01
200900068704;0;31;0;4;0;8;0;A01
200900068705;0;7;0;3;0;0;1;A01
200900068706;1;7;0;0;2;3;11;A01
200900068706;0;33;0;0;0;4;2;B01
200900068707;0;7;0;4;0;1;0;A01
200900068708;0;7;0;0;0;2;1;A01
200900068709;0;7;0;0;0;4;1;B01
200900068709;0;7;0;0;2;1;1;A01
200900068710;0;7;0;0;2;2;12;A01
200900068710;0;7;0;0;2;3;2;B01
200900068711;0;7;0;0;0;0;2;B01
200900068711;0;7;0;0;2;4;2;A01
200900068712;0;7;0;0;0;1;2;A01
200900068713;0;7;0;0;0;1;0;A01
200900068713;0;7;0;0;0;1;0;B01
200900068714;0;7;0;0;2;3;1;B01
200900068714;0;7;0;0;2;2;1;A01
200900068715;0;14;0;0;1;0;1;A01
200900068716;0;32;0;0;2;1;1;A01
200900068716;0;7;0;0;0;4;1;B01
200900068717;0;33;0;1;0;1;1;A01
200900068718;0;7;0;0;2;3;1;B01
200900068718;0;7;0;0;2;2;10;A01
200900068719;0;7;0;0;1;1;2;A01
200900068719;0;34;0;0;1;1;2;B01
200900068720;0;7;0;0;0;0;0;A01
200900068721;0;1;0;0;0;6;3;A01
200900068721;0;7;0;0;0;2;1;B01
200900068722;0;7;0;0;1;1;0;A01
200900068723;0;7;0;0;0;2;2;A01
200900068723;0;7;0;0;0;6;15;B01
200900068724;0;10;0;0;2;1;2;A01
200900068724;0;7;0;0;2;4;2;B01
200900068725;0;2;0;0;2;1;17;A01
200900068725;0;7;0;0;0;6;15;B01
200900068726;0;7;0;0;0;4;2;C01
200900068726;0;7;0;0;2;1;2;A01
200900068726;0;7;0;0;2;4;2;B01
200900068727;0;2;0;0;0;2;1;A01
200900068728;0;33;0;0;1;1;0;A01
200900068729;0;30;0;1;0;8;1;A01
200900068730;0;7;0;0;1;1;2;A01
200900068731;0;31;0;0;2;0;13;A01
200900068732;0;7;0;0;2;5;12;A01
200900068732;0;34;0;0;2;3;18;B01
200900068733;0;33;0;0;2;1;2;B01
200900068733;0;10;0;0;2;6;4;A01
200900068734;0;2;0;0;2;1;1;B01
200900068734;0;7;0;0;2;2;15;A01
200900068735;0;7;0;0;1;1;1;A01
200900068736;0;2;0;15;0;0;0;A01
200900068737;0;7;0;0;0;1;19;A01
200900068737;0;34;0;0;0;8;19;B01
200900068738;0;7;0;0;2;3;15;A01
200900068738;0;33;0;0;2;3;1;B01
200900068739;0;7;0;0;0;3;15;A01
200900068739;0;2;0;0;2;1;0;B01
200900068740;0;34;0;0;9;2;0;A01
200900068741;0;7;0;0;0;1;11;A01
200900068741;0;30;0;0;2;1;2;B01
200900068742;0;2;0;0;2;1;14;A01
200900068742;0;7;0;0;2;2;1;B01
200900068743;0;7;0;0;2;4;1;B01
200900068743;0;31;0;0;2;1;1;A01
200900068744;0;7;0;9;0;1;1;A01
200900068745;0;7;0;0;2;2;1;B01
200900068745;0;7;0;0;2;3;1;A01
200900068746;0;7;0;0;2;3;15;A01
200900068746;0;2;0;0;2;1;17;B01
200900068747;0;7;0;0;2;8;11;A01
200900068747;0;30;0;0;2;1;17;B01
200900068748;0;32;0;0;2;7;21;B01
200900068748;0;7;0;0;2;1;15;A01
200900068749;0;33;0;0;0;5;0;B01
200900068749;0;7;0;0;2;0;0;A01
200900068750;0;7;0;0;0;4;2;A01
200900068750;0;7;0;0;0;1;2;B01
200900068751;0;33;0;0;2;2;0;B01
200900068751;0;7;0;0;2;2;0;A01
200900068752;0;7;0;0;1;1;15;A01
200900068753;0;2;0;0;0;7;0;A01
200900068754;0;7;0;0;0;1;0;A01
200900068754;0;7;0;0;0;4;0;B01
200900068755;0;1;0;0;0;0;0;A01
200900068755;0;1;0;0;0;0;0;B01
200900068756;0;7;0;0;2;3;2;B01
200900068756;0;33;0;0;2;4;16;A01
200900068757;0;31;0;0;0;6;13;A01
200900068757;0;7;0;0;0;3;2;B01
200900068758;1;7;0;0;0;0;0;A01
200900068759;0;7;0;0;0;1;0;A01
200900068760;0;7;0;6;0;3;2;A01
200900068761;0;7;0;0;1;1;0;A01
200900068762;0;7;0;0;0;4;2;B01
200900068762;0;10;0;0;0;1;2;A01
200900068763;0;7;0;0;0;0;0;A01
200900068764;0;32;0;0;2;7;1;B01
200900068764;0;7;0;0;2;8;15;A01
200900068765;0;7;0;0;1;0;0;A01
200900068766;0;10;0;0;2;7;10;A01
200900068766;0;33;0;0;2;1;1;B01
200900068767;0;33;0;0;2;7;2;A01
200900068767;0;7;0;0;2;6;2;B01
200900068768;0;7;0;0;0;2;0;A01
200900068769;0;7;0;0;2;1;2;B01
200900068769;0;10;0;0;0;4;2;C01
200900068769;0;7;0;0;2;3;2;A01
200900068770;0;7;0;12;0;3;14;A01
200900068771;0;33;0;0;1;2;1;A01
200900068771;0;7;0;0;2;8;2;B01
200900068772;0;7;0;0;2;7;12;A01
200900068772;0;32;0;0;2;1;1;B01
200900068773;0;33;0;12;0;0;0;A01
200900068774;0;7;0;0;0;4;2;A01
200900068774;0;7;0;0;0;1;2;B01
200900068775;0;99;0;0;2;1;19;A01
200900068775;0;7;0;0;2;7;19;B01
200900068776;0;7;0;9;0;3;0;A01
200900068776;0;7;0;0;0;7;0;B01
200900068777;0;7;0;0;2;1;2;A01
200900068777;0;7;0;0;2;4;23;B01
200900068778;0;7;0;0;2;1;2;B01
200900068778;0;7;0;0;2;4;2;A01
200900068779;0;7;0;0;2;5;12;A01
200900068779;0;7;0;0;2;3;2;B01
200900068780;0;7;0;0;2;6;2;A01
200900068780;0;30;0;0;2;1;2;B01
200900068781;0;7;0;0;2;1;2;A01
200900068781;0;7;0;0;2;4;2;B01
200900068781;0;10;0;0;2;8;9;C01
200900068782;0;33;0;0;2;7;17;B01
200900068782;0;7;0;0;2;6;11;A01
200900068783;0;7;0;0;2;6;1;A01
200900068783;0;7;0;8;2;2;2;B01
200900068784;0;7;0;0;0;6;2;A01
200900068785;0;7;0;0;0;3;1;B01
200900068785;0;7;0;0;0;2;1;A01
200900068786;0;7;0;0;1;1;15;A01
200900068787;0;7;0;0;1;2;1;A01
200900068788;0;7;0;6;0;2;15;A01
200900068789;0;7;0;1;0;1;2;A01
200900068790;0;7;0;8;1;1;0;A01
200900068791;0;7;0;0;2;1;11;A01
200900068791;0;7;0;0;0;4;2;B01
200900068792;0;7;0;0;2;8;10;A01
200900068792;0;7;0;0;2;2;1;B01
200900068793;0;7;0;0;1;1;2;A01
200900068794;0;30;0;0;0;1;1;A01
200900068795;0;30;0;0;0;0;1;A01
200900068796;0;34;0;0;2;7;1;A01
200900068796;0;7;0;0;2;1;9;B01
200900068797;0;34;0;0;2;3;15;B01
200900068797;0;7;0;0;2;2;15;A01
200900068798;0;33;0;0;2;1;2;A01
200900068798;0;7;0;0;2;6;2;B01
200900068799;0;7;0;0;2;2;1;B01
200900068799;0;7;0;0;2;7;1;A01
200900068800;0;7;0;0;1;3;2;A01
200900068801;0;7;0;0;2;1;2;A01
200900068801;0;7;0;0;0;4;23;B01
200900068802;0;32;0;0;0;8;2;A01
200900068803;0;10;0;0;1;3;2;A01
200900068804;0;7;0;0;0;1;0;A01
200900068805;0;7;0;0;0;2;0;A01
200900068806;0;7;0;0;2;8;15;A01
200900068806;0;32;0;0;2;5;1;B01
200900068807;0;7;0;0;2;4;2;B01
200900068807;0;7;0;0;2;4;2;A01
200900068807;0;7;0;0;2;4;2;C01
200900068808;0;7;0;1;0;9;21;A01
200900068809;0;31;0;12;0;1;2;A01
200900068810;0;7;0;0;2;8;0;B01
200900068810;0;7;0;0;2;1;0;A01
200900068811;0;10;0;0;9;5;0;A01
200900068811;0;37;0;0;2;0;7;B01
200900068812;0;30;0;0;2;0;0;A01
200900068812;1;7;0;0;2;2;2;B01
200900068813;0;7;0;0;1;7;1;A01
200900068814;0;7;0;0;0;3;2;A01
200900068814;0;32;0;0;0;5;2;B01
200900068815;0;7;0;12;0;1;1;A01
200900068816;0;2;0;1;2;1;3;B01
200900068816;0;7;0;0;0;3;2;A01
200900068817;0;7;0;0;0;2;1;B01
200900068818;1;7;0;0;1;0;0;A01
200900068819;0;7;0;0;0;0;0;A01
200900068819;0;7;0;0;0;0;0;B01
200900068820;0;7;0;0;2;1;2;A01
200900068820;0;7;0;0;0;4;2;B01
200900068821;0;33;0;0;2;9;3;A01
200900068821;0;7;0;0;2;8;2;B01
200900068822;0;7;0;1;0;8;2;B01
200900068822;0;7;0;0;2;1;1;A01
200900068823;0;37;0;0;1;2;1;A01
200900068824;0;33;0;0;0;1;2;A01
200900068824;0;1;0;0;0;4;2;B01
200900068825;0;30;0;2;2;1;18;A01
200900068825;0;7;0;0;9;4;20;B01
200900068826;0;7;0;0;2;1;1;A01
200900068826;0;7;0;0;2;4;1;B01
200900068827;0;7;0;0;9;2;2;A01
200900068827;0;1;0;0;2;0;2;B01
200900068828;0;10;0;0;1;1;1;A01
200900068829;0;10;0;0;1;7;1;A01
200900068830;0;34;0;0;2;1;2;B01
200900068830;0;7;0;0;2;1;15;A01
200900068831;0;7;0;2;0;8;0;A01
200900068832;0;37;0;0;1;2;2;A01
200900068833;0;7;0;0;2;3;1;B01
200900068833;0;7;0;0;2;3;1;A01
200900068833;0;14;0;0;2;5;1;C01
200900068834;0;99;0;0;0;7;1;B01
200900068834;0;7;0;0;2;1;1;A01
200900068835;0;7;0;0;2;2;2;A01
200900068835;0;7;0;0;2;6;2;B01
200900068836;0;7;0;11;0;1;6;A01
200900068837;0;7;0;0;1;1;1;A01
200900068838;1;7;0;0;2;0;0;A01
200900068838;0;2;0;0;2;8;0;B01
200900068839;0;7;0;0;1;1;1;A01
200900068840;0;7;0;1;0;1;2;A01
200900068841;0;7;0;0;2;7;12;A01
200900068841;0;32;0;0;2;8;2;B01
200900068842;0;7;0;0;2;3;11;A01
200900068842;0;30;0;0;2;2;2;B01
200900068843;2;7;0;0;1;3;1;A01
200900068844;0;13;0;0;1;1;0;A01
200900068845;0;7;0;0;1;6;4;A01
200900068846;0;33;0;1;2;2;0;B01
200900068846;0;7;0;0;2;2;0;A01
200900068847;0;7;0;0;1;7;1;A01
200900068848;0;7;0;0;1;2;2;A01
200900068849;0;30;0;0;2;3;2;A01
200900068849;0;7;0;0;2;3;15;B01
200900068850;0;7;0;0;2;4;23;B01
200900068850;0;14;0;0;2;1;2;A01
200900068850;0;7;0;0;2;4;23;C01
200900068850;0;7;0;0;0;4;23;D01
200900068851;0;33;0;0;2;8;2;A01
200900068851;0;7;0;0;2;2;16;B01
200900068852;0;33;0;16;0;1;21;A01
200900068853;0;7;0;0;1;3;21;A01
200900068854;0;7;0;0;1;4;4;A01
200900068855;1;7;0;0;1;1;0;A01
200900068856;0;7;0;0;2;9;2;B01
200900068856;0;7;0;0;2;1;2;C01
200900068856;0;7;0;0;2;4;2;A01
200900068857;0;30;0;0;2;8;0;A01
200900068857;0;7;0;0;2;7;12;B01
200900068858;0;7;0;0;0;0;0;B01
200900068858;0;30;0;0;0;0;0;A01
200900068859;0;7;0;0;2;1;2;A01
200900068859;0;7;0;0;2;3;2;B01
200900068860;0;7;0;0;0;1;15;B01
200900068860;0;33;0;0;2;7;13;A01
200900068861;0;32;0;0;1;1;0;A01
200900068862;0;7;0;0;2;4;1;A01
200900068862;0;7;0;0;2;1;1;B01
200900068862;0;7;0;0;2;1;1;C01
200900068863;0;7;0;0;2;2;15;A01
200900068863;0;33;0;0;2;1;1;B01
200900068864;0;7;0;0;1;4;4;A01
200900068865;0;7;0;0;2;8;1;B01
200900068865;0;7;0;0;2;1;1;A01
200900068866;0;33;0;0;2;1;2;A01
200900068866;1;7;0;0;2;0;0;B01
200900068867;0;10;0;0;2;1;1;A01
200900068867;0;7;0;0;2;3;15;B01
200900068868;0;14;0;0;1;3;0;A01
200900068869;0;7;0;0;2;7;10;A01
200900068869;0;32;0;0;2;1;1;B01
200900068870;0;2;0;0;2;1;1;A01
200900068870;0;7;0;0;2;1;1;B01
200900068871;0;7;0;1;5;3;2;A01
200900068872;0;7;0;0;0;4;23;C01
200900068872;1;7;0;0;2;1;2;A01
200900068872;0;7;0;0;2;4;23;B01
200900068873;1;7;0;0;2;1;0;A01
200900068873;0;34;0;0;0;7;1;B01
200900068874;0;32;0;0;1;1;1;A01
200900068875;0;7;0;0;1;2;1;A01
200900068876;0;7;0;0;1;7;2;A01
200900068877;0;7;0;0;2;1;1;B01
200900068877;0;7;0;0;2;2;1;A01
200900068878;0;7;0;0;2;2;17;A01
200900068878;0;7;0;0;2;1;15;B01
200900068879;1;7;0;0;2;4;2;C01
200900068879;0;7;0;0;2;4;2;B01
200900068879;0;37;2;0;2;2;2;A01
200900068880;0;7;0;0;0;0;1;B01
200900068880;0;7;0;0;2;1;2;A01
200900068881;0;7;0;1;0;1;0;A01
200900068882;0;7;0;0;2;1;1;A01
200900068882;0;32;0;0;2;4;15;B01
200900068883;0;7;0;0;1;1;0;A01
200900068884;0;7;0;0;1;7;1;A01
200900068885;0;30;0;0;2;9;2;A01
200900068885;0;7;0;0;0;2;2;B01
200900068886;0;7;0;0;2;1;1;A01
200900068886;0;33;0;0;2;1;1;B01
200900068887;0;7;0;0;9;4;2;B01
200900068887;0;33;0;0;2;1;3;A01
200900068888;0;7;0;0;2;7;15;A01
200900068888;0;33;0;0;2;1;1;B01
200900068889;0;7;0;0;2;1;1;B01
200900068889;0;34;0;0;2;1;1;A01
200900068890;0;7;0;0;1;1;1;A01
200900068891;0;7;0;0;2;8;1;B01
200900068891;0;2;0;0;2;1;1;A01
200900068892;0;7;0;0;1;3;2;A01
200900068893;0;7;0;0;2;7;15;A01
200900068893;0;7;0;0;2;1;1;B01
200900068894;0;34;0;0;2;3;1;B01
200900068894;1;7;0;0;2;1;1;A01
200900068895;0;7;0;1;1;2;2;A01
200900068896;0;10;0;0;2;6;23;B01
200900068896;0;30;0;0;2;1;1;A01
200900068897;0;7;0;0;2;3;9;A01
200900068897;0;7;0;0;2;7;0;B01
200900068898;0;32;0;14;0;8;17;B01
200900068898;0;7;0;0;0;0;15;A01
200900068899;0;7;0;0;1;3;9;A01
200900068900;0;1;0;0;2;8;0;B01
200900068900;0;7;0;0;0;3;15;A01
200900068901;0;7;0;0;0;9;0;A01
200900068902;0;7;0;0;1;1;10;A01
200900068903;0;7;0;0;0;2;15;A01
200900068903;0;7;0;0;0;1;1;B01
200900068904;0;13;0;0;0;3;15;A01
200900068904;0;32;0;0;0;1;2;B01
200900068905;0;7;0;0;0;0;0;B01