num_acc;senc;catv;occutc;obs;obsm;choc;manv;num_veh
200900068905;0;13;0;0;0;0;0;A01
200900068905;0;7;0;0;0;0;0;C01
200900068906;0;7;0;0;9;5;24;C01
200900068906;0;30;0;0;2;3;18;A01
200900068906;0;7;0;0;9;2;2;B01
200900068907;0;30;0;0;0;8;2;A01
200900068907;0;7;0;0;0;7;1;B01
200900068908;1;7;0;0;1;0;0;A01
200900068909;0;32;0;0;0;1;0;A01
200900068910;0;7;0;0;2;2;0;C01
200900068910;0;2;0;1;0;1;0;A01
200900068910;0;7;0;0;2;3;0;B01
200900068911;0;37;1;0;0;3;1;A01
200900068911;0;15;0;0;0;2;0;B01
200900068912;0;7;0;6;0;1;1;A01
200900068913;0;7;0;0;0;1;0;A01
200900068914;0;2;0;0;2;1;1;B01
200900068914;0;7;0;0;2;1;10;A01
200900068915;1;32;0;0;1;1;1;A01
200900068916;0;33;0;0;2;7;1;B01
200900068916;0;7;0;0;2;3;1;A01
200900068917;0;7;0;0;0;1;17;A01
200900068917;0;37;15;0;0;1;1;B01
200900068918;0;34;0;0;2;1;1;A01
200900068918;0;7;0;0;2;2;15;B01
200900068919;0;7;0;0;2;1;1;A01
200900068920;0;7;0;0;2;1;1;B01
200900068920;0;7;0;0;2;3;5;A01
200900068921;0;7;0;14;0;1;1;A01
200900068921;0;7;0;0;0;4;23;B01
200900068922;0;7;0;0;1;4;0;A01
200900068923;0;7;0;0;2;4;23;B01
200900068923;0;7;0;0;2;1;1;A01
200900068924;1;13;0;0;1;2;2;A01
200900068925;0;7;0;0;0;0;0;B01
200900068925;1;30;0;0;0;0;0;A01
200900068926;0;7;0;0;1;1;1;A01
200900068927;0;7;0;2;2;9;1;B01
200900068927;0;7;0;0;2;4;1;A01
200900068928;0;32;0;0;2;7;17;A01
200900068928;0;7;0;0;2;8;15;B01
200900068929;0;7;0;0;0;9;0;A01
200900068930;0;7;0;0;0;1;2;C01
200900068930;0;7;0;0;0;1;2;B01
200900068930;0;7;0;0;0;4;23;A01
200900068931;0;7;0;0;2;3;10;A01
200900068931;0;34;0;0;2;1;1;B01
200900068931;0;30;0;0;2;1;1;C01
200900068932;0;10;0;2;2;1;1;A01
200900068932;1;7;0;0;2;0;5;B01
200900068933;0;2;0;0;2;1;13;A01
200900068933;0;7;0;0;2;3;1;B01
200900068934;0;7;0;12;2;7;15;A01
200900068934;0;37;1;0;2;1;1;B01
200900068935;0;31;0;0;0;8;21;A01
200900068936;0;7;0;0;2;3;15;B01
200900068936;0;2;0;0;2;1;1;A01
200900068937;0;7;0;0;0;6;10;A01
200900068937;0;33;0;0;2;1;0;B01
200900068938;0;10;0;0;2;1;1;A01
200900068938;0;7;0;0;2;4;20;B01
200900068939;0;7;0;14;2;1;1;A01
200900068939;0;7;0;15;2;4;2;B01
200900068940;0;7;0;0;2;1;1;A01
200900068940;0;7;0;0;2;7;1;B01
200900068941;0;7;0;0;1;3;1;A01
200900068942;0;1;0;0;1;4;2;A01
200900068943;0;7;0;0;2;1;1;B01
200900068943;0;7;0;6;2;7;1;A01
200900068944;0;7;0;0;2;3;1;B01
200900068944;0;7;0;0;2;1;1;A01
200900068945;0;30;0;0;2;1;1;A01
200900068945;0;7;0;0;2;2;5;B01
200900068946;0;7;0;0;2;8;1;B01
200900068946;0;7;0;0;2;1;1;A01
200900068947;0;30;0;0;0;0;0;A01
200900068948;0;7;0;0;2;3;9;A01
200900068948;0;7;0;0;2;5;9;B01
200900068949;1;7;0;0;1;2;1;A01
200900068950;0;7;0;1;0;1;2;A01
200900068951;0;7;0;0;0;7;18;A01
200900068951;0;7;0;0;0;1;9;B01
200900068952;0;7;0;1;2;7;1;B01
200900068952;0;7;0;0;2;3;9;A01
200900068953;0;7;0;0;2;2;5;A01
200900068953;0;7;0;0;2;8;15;B01
200900068954;0;34;0;0;2;7;2;B01
200900068954;0;7;0;0;2;2;9;A01
200900068955;0;7;0;0;2;1;1;B01
200900068955;0;1;0;0;2;1;1;A01
200900068956;0;10;0;0;2;7;16;A01
200900068956;0;7;0;0;2;3;2;B01
200900068957;0;33;0;0;0;6;7;A01
200900068957;0;7;0;0;0;2;12;B01
200900068958;0;7;0;0;2;1;1;A01
200900068958;0;7;0;0;2;2;15;B01
200900068959;0;7;0;0;0;4;2;B01
200900068959;0;7;0;0;0;1;2;A01
200900068960;0;1;0;0;2;7;15;A01
200900068960;0;7;0;0;0;2;2;B01
200900068961;0;34;0;0;2;1;2;A01
200900068961;0;7;0;0;0;6;2;B01
200900068962;0;7;0;0;0;2;0;A01
200900068962;0;2;0;0;2;3;1;B01
200900068963;0;7;0;0;2;0;2;A01
200900068963;0;7;0;0;9;4;2;C01
200900068963;0;7;0;0;2;5;2;B01
200900068964;0;7;0;0;0;3;15;A01
200900068964;0;33;0;0;0;1;1;B01
200900068965;0;32;0;0;2;2;1;B01
200900068965;1;7;0;0;0;8;15;A01
200900068966;0;30;0;0;1;3;1;A01
200900068967;0;34;0;0;2;1;2;A01
200900068967;0;7;0;0;0;4;15;B01
200900068968;2;7;0;0;0;0;15;A01
200900068968;0;33;0;0;2;3;1;B01
200900068969;0;7;0;0;2;2;1;A01
200900068969;0;7;0;1;2;3;0;B01
200900068970;0;7;0;0;0;3;15;A01
200900068970;0;33;0;0;0;1;1;B01
200900068971;0;32;0;0;0;1;2;B01
200900068971;0;7;0;0;0;2;2;A01
200900068972;0;7;0;0;2;1;1;A01
200900068972;0;7;0;0;2;8;1;B01
200900068973;0;30;0;0;2;1;1;A01
200900068973;0;7;0;0;2;3;15;B01
200900068974;0;30;0;0;2;3;1;B01
200900068974;0;7;0;0;2;2;1;A01
200900068975;0;7;0;0;0;3;0;A01
200900068975;0;37;0;0;0;0;0;B01
200900068976;0;15;0;0;2;2;16;B01
200900068976;0;32;0;0;2;3;18;A01
200900068977;0;7;0;0;1;2;2;A01
200900068978;0;7;0;0;1;4;4;A01
200900068979;0;1;0;0;2;0;0;B01
200900068979;0;7;0;0;1;2;0;A01
200900068980;0;7;0;0;2;8;11;A01
200900068980;0;7;0;0;2;2;2;B01
200900068981;0;7;0;0;1;2;1;A01
200900068982;0;7;0;0;1;2;21;A01
200900068983;1;7;0;0;0;0;0;A01
200900068984;0;1;0;0;0;0;2;B01
200900068984;0;33;0;0;0;0;9;A01
200900068985;0;7;0;0;1;1;1;A01
200900068986;0;7;0;0;2;3;13;A01
200900068986;0;32;0;0;2;5;17;B01
200900068987;0;7;0;0;2;4;23;B01
200900068987;0;7;0;0;2;1;1;A01
200900068988;0;7;0;0;1;1;1;A01
200900068989;0;7;0;0;0;5;4;A01
200900068990;0;32;0;0;2;2;0;A01
200900068990;0;7;0;0;2;2;0;B01
200900068991;0;7;0;0;0;3;15;A01
200900068991;0;1;0;0;0;9;15;B01
200900068992;0;7;0;0;1;1;1;A01
200900068993;0;7;0;0;0;6;5;A01
200900068994;0;34;0;0;0;0;3;A01
200900068994;0;7;0;0;0;0;11;B01
200900068995;0;10;0;0;2;4;1;B01
200900068995;0;30;0;0;2;1;1;A01
200900068996;0;2;0;0;0;1;1;A01
200900068997;0;7;0;0;1;4;4;A01
200900068998;0;7;0;8;0;2;16;A01
200900068999;0;7;0;0;2;1;1;A01
200900068999;0;30;0;0;2;1;5;B01
200900069000;0;7;0;0;0;4;23;B01
200900069000;0;7;0;0;0;1;0;A01
200900069001;0;99;0;0;1;2;2;A01
200900069002;0;7;0;0;1;2;1;A01
200900069003;0;33;0;0;0;4;9;B01
200900069003;0;7;0;0;0;2;12;A01
200900069004;0;7;0;0;2;3;1;B01
200900069004;0;7;0;0;2;1;12;A01
200900069005;0;7;0;0;0;4;1;C01
200900069005;0;7;0;0;2;1;2;A01
200900069005;0;7;0;0;2;9;2;B01
200900069006;0;7;0;0;2;3;1;B01
200900069006;0;7;0;0;2;3;9;A01
200900069007;0;2;0;0;0;2;1;A01
200900069008;0;7;0;0;2;3;15;B01
200900069008;0;32;0;0;2;7;17;A01
200900069009;0;7;0;0;1;2;1;A01
200900069010;0;7;0;0;1;2;2;A01
200900069011;0;7;0;0;2;6;15;B01
200900069011;0;32;0;0;2;1;2;A01
200900069012;0;7;0;0;1;2;1;A01
200900069013;0;7;0;0;2;1;1;A01
200900069013;0;7;0;0;2;2;1;B01
200900069014;0;7;0;0;2;6;2;B01
200900069014;0;7;0;0;2;1;2;A01
200900069015;0;30;0;0;2;1;1;B01
200900069015;1;7;0;0;4;1;0;A01
200900069016;0;7;0;0;2;1;0;B01
200900069016;0;7;0;0;2;1;0;A01
200900069017;0;7;0;0;2;1;1;A01
200900069017;0;7;0;0;0;4;1;B01
200900069018;0;7;0;0;2;1;11;A01
200900069018;0;7;0;0;2;1;16;B01
200900069019;0;7;0;0;2;8;15;A01
200900069019;0;7;0;0;2;1;13;B01
200900069020;0;7;0;0;2;2;1;B01
200900069020;0;30;0;0;2;8;15;A01
200900069021;0;33;0;0;2;1;3;A01
200900069021;0;7;0;0;0;6;12;B01
200900069022;0;31;0;0;2;1;2;A01
200900069022;0;10;0;0;2;6;2;B01
200900069023;0;7;0;4;0;1;0;A01
200900069023;0;7;0;1;0;1;0;B01
200900069024;0;7;0;0;2;3;0;A01
200900069024;0;7;0;0;2;5;0;B01
200900069025;0;7;0;0;2;8;13;A01
200900069025;0;7;0;4;2;5;0;B01
200900069026;0;33;0;0;2;7;3;B01
200900069026;0;7;0;0;2;8;1;A01
200900069027;0;7;0;0;2;5;12;A01
200900069027;0;33;0;0;2;1;18;B01
200900069028;0;7;0;0;1;2;14;A01
200900069029;0;10;0;0;0;0;0;A01
200900069029;0;30;0;0;0;0;0;B01
200900069030;0;7;0;0;1;1;15;A01
200900069031;0;34;0;0;0;1;1;A01
200900069031;0;7;0;0;0;3;1;B01
200900069032;0;7;0;0;0;1;1;A01
200900069032;0;7;0;0;0;4;0;B01
200900069033;0;31;0;0;2;1;1;A01
200900069033;0;7;0;0;2;5;1;B01
200900069034;0;7;0;15;2;1;2;A01
200900069034;0;7;0;0;0;0;0;B01
200900069035;0;7;0;0;0;4;2;B01
200900069035;0;10;0;0;0;1;2;A01
200900069036;0;30;0;0;2;1;1;B01
200900069036;0;7;0;0;2;1;15;A01
200900069037;0;7;0;12;0;2;16;A01
200900069038;0;7;0;0;2;3;2;A01
200900069038;0;7;0;0;2;5;1;B01
200900069038;0;7;0;0;2;5;1;C01
200900069039;0;1;0;0;2;1;1;A01
200900069039;0;7;0;0;2;7;1;B01
200900069040;0;7;0;0;1;0;1;A01
200900069041;0;7;0;0;0;4;0;B01
200900069041;0;13;0;0;0;1;0;A01
200900069042;0;7;0;14;0;1;1;A01
200900069043;0;1;0;0;0;9;9;B01
200900069043;0;7;0;0;0;2;1;A01
200900069044;0;2;0;3;0;0;0;A01
200900069045;0;7;0;0;0;2;0;C01
200900069045;0;34;0;0;0;1;0;A01
200900069045;0;7;0;0;0;3;0;B01
200900069046;1;7;0;0;1;0;0;A01
200900069047;0;7;0;0;1;3;1;A01
200900069048;0;14;0;0;2;1;2;A01
200900069048;0;7;0;0;0;4;2;B01
200900069049;0;7;0;0;2;5;0;B01
200900069049;0;7;0;1;0;2;9;A01
200900069050;0;7;0;12;0;1;6;A01
200900069051;0;7;0;0;2;4;0;A01
200900069051;0;7;0;0;2;1;0;B01
200900069052;0;7;0;0;0;2;0;A01
200900069052;0;7;0;0;0;6;0;B01
200900069053;0;7;0;0;2;3;9;A01
200900069053;0;32;0;0;2;1;2;B01
200900069054;0;7;0;0;2;1;1;B01
200900069054;0;2;0;0;2;7;15;A01
200900069055;1;7;0;0;9;0;15;B01
200900069055;0;30;0;0;2;1;1;A01
200900069056;0;7;0;12;2;3;0;A01
200900069056;0;7;0;0;2;6;2;B01
200900069057;0;15;0;0;2;7;12;A01
200900069057;0;33;0;0;2;8;1;B01
200900069058;0;7;0;0;0;4;0;B01
200900069058;0;7;0;0;2;1;2;A01
200900069059;0;13;0;0;0;1;5;A01
200900069059;0;7;0;8;0;6;15;B01
200900069060;0;33;0;12;0;1;1;A01
200900069061;1;7;0;0;1;0;0;A01
200900069062;0;30;0;0;1;1;0;A01
200900069063;0;7;0;0;0;5;15;A01
200900069063;0;32;0;0;0;0;0;B01
200900069064;0;10;0;0;0;1;0;A01
200900069064;0;7;0;0;0;1;6;B01
200900069065;0;7;0;0;1;2;2;A01
200900069066;0;7;0;0;2;6;15;B01
200900069066;0;30;0;0;2;1;1;A01
200900069067;0;7;0;0;2;2;16;B01
200900069067;0;33;0;0;2;1;1;A01
200900069068;0;2;0;0;0;5;2;B01
200900069068;0;7;0;0;2;2;2;A01
200900069069;0;7;0;0;2;1;9;A01
200900069069;0;7;0;0;0;3;9;B01
200900069070;0;2;0;0;2;5;2;A01
200900069070;0;7;0;0;2;2;2;B01
200900069071;0;1;0;0;2;7;1;A01
200900069071;0;7;0;0;9;1;15;B01
200900069072;0;33;0;0;1;1;1;A01
200900069073;0;34;0;0;2;4;2;A01
200900069073;0;7;0;0;2;2;2;B01
200900069074;0;7;0;0;2;2;1;A01
200900069074;0;10;0;0;0;6;23;B01
200900069075;0;34;0;0;0;1;3;B01
200900069075;0;7;0;0;0;7;1;C01
200900069075;0;10;0;0;0;4;12;A01
200900069075;0;7;0;0;0;8;1;D01
200900069076;0;7;0;0;2;1;2;A01
200900069076;0;7;0;0;0;4;2;C01
200900069076;0;7;0;0;2;7;2;D01
200900069076;0;7;0;0;2;4;2;B01
200900069077;0;7;0;0;0;1;1;B01
200900069077;0;31;0;0;2;4;1;A01
200900069078;0;7;0;0;0;1;0;A01
200900069079;0;7;0;0;0;6;1;A01
200900069079;0;33;0;0;2;1;3;B01
200900069080;0;7;0;0;1;2;1;A01
200900069081;0;7;0;0;1;2;0;A01
200900069082;0;7;0;0;1;1;1;A01
200900069083;0;7;0;0;2;3;15;A01
200900069083;0;31;0;0;2;1;1;B01
200900069084;0;7;0;0;2;1;2;B01
200900069084;0;7;0;0;0;4;2;A01
200900069085;0;7;0;0;2;2;9;A01
200900069085;0;1;0;0;2;1;0;B01
200900069086;0;32;0;0;0;8;0;A01
200900069087;0;99;0;0;0;0;0;A01
200900069087;0;33;0;0;0;0;0;B01
200900069088;0;7;0;0;1;2;0;A01
200900069089;0;7;0;0;2;2;1;A01
200900069089;0;10;0;0;2;1;1;B01
200900069090;0;7;0;0;1;1;2;A01
200900069091;0;7;0;0;2;4;4;A01
200900069091;0;30;0;0;2;7;1;B01
200900069092;0;34;0;0;2;1;1;A01
200900069092;0;7;0;0;0;3;11;B01
200900069093;0;32;0;0;2;1;1;A01
200900069093;0;7;0;0;2;5;2;B01
200900069094;0;37;1;0;2;1;2;A01
200900069094;0;7;0;0;2;4;2;C01
200900069094;0;7;0;0;2;9;2;B01
200900069095;0;7;0;0;1;2;2;A01
200900069096;0;7;0;0;2;3;15;B01
200900069096;0;7;0;0;2;3;1;A01
200900069097;0;7;0;0;1;8;1;A01
200900069098;0;7;0;1;0;3;9;A01
200900069098;0;7;0;1;0;2;1;B01
200900069099;0;7;0;0;1;2;1;A01
200900069100;0;37;0;0;1;2;1;A01
200900069101;0;34;0;0;2;1;1;A01
200900069101;0;7;0;0;2;3;1;B01
200900069102;0;2;0;0;0;2;0;A01
200900069103;0;7;0;0;1;1;16;A01
200900069104;0;7;0;0;1;3;1;A01
200900069105;0;7;0;0;0;0;0;A01
200900069105;0;30;0;0;0;0;0;B01
200900069106;0;7;0;0;2;0;2;A01
200900069106;0;7;0;0;2;0;1;B01
200900069107;0;7;0;0;2;1;1;A01
200900069107;0;7;0;0;2;8;1;B01
200900069108;0;7;0;0;2;2;0;B01
200900069108;0;7;0;0;2;6;10;A01
200900069109;0;7;0;9;0;3;2;A01
200900069110;0;7;0;0;1;1;1;A01
200900069111;0;7;0;1;0;1;16;A01
200900069112;0;7;0;0;1;1;11;A01
200900069113;0;7;0;2;0;1;2;A01
200900069113;0;7;0;0;2;1;2;B01
200900069114;0;7;0;0;2;3;1;B01
200900069114;0;7;0;0;2;3;13;A01
200900069115;0;30;0;0;2;1;1;A01
200900069115;0;7;0;0;0;3;24;C01
200900069115;0;7;0;0;2;3;9;B01
200900069116;0;7;0;0;0;3;0;B01
200900069116;0;34;0;0;0;7;0;A01
200900069117;0;7;0;0;2;2;1;B01
200900069117;0;7;0;6;2;3;1;A01
200900069118;0;7;0;0;2;3;15;A01
200900069118;0;33;0;0;2;1;2;B01
200900069119;0;7;0;0;2;3;15;A01
200900069119;0;33;0;0;2;7;13;B01
200900069120;0;7;0;0;1;1;1;A01
200900069121;0;30;0;0;0;1;0;A01
200900069121;0;7;0;0;0;3;0;B01
200900069122;0;37;20;0;0;3;9;B01
200900069122;0;32;0;0;0;1;1;A01
200900069123;0;7;0;0;4;1;1;A01
200900069123;0;40;0;0;2;2;1;B01
200900069124;0;7;0;15;0;2;2;A01
200900069125;0;33;0;0;2;1;17;A01
200900069125;0;7;0;0;2;8;15;B01
200900069126;0;31;0;0;2;7;17;B01
200900069126;0;7;0;0;0;8;10;A01
200900069127;0;7;0;0;2;8;15;B01
200900069127;0;34;0;0;2;1;17;A01
200900069128;0;7;0;0;1;1;0;A01
200900069129;0;7;0;0;2;1;2;A01
200900069129;0;30;0;0;0;4;23;B01
200900069130;0;7;0;0;2;7;1;B01
200900069130;0;7;0;0;2;1;19;A01
200900069131;0;30;0;0;2;7;17;B01
200900069131;0;7;0;0;2;8;15;A01
200900069132;0;7;0;0;2;1;0;A01
200900069132;0;32;0;0;2;4;0;B01
200900069133;0;7;0;0;2;1;13;A01
200900069133;0;7;0;0;2;3;1;B01
200900069134;0;7;0;14;2;4;23;B01
200900069134;0;7;0;0;2;1;2;A01
200900069135;0;7;0;0;2;2;11;A01
200900069135;0;7;0;0;0;8;11;B01
200900069136;1;10;0;1;2;1;2;A01
200900069136;0;1;0;0;2;7;19;B01
200900069137;0;10;0;0;2;5;1;A01
200900069137;0;10;0;0;2;1;1;B01
200900069138;0;7;0;0;1;1;19;A01
200900069139;0;32;0;0;2;1;2;A01
200900069139;1;7;0;0;0;4;2;B01
200900069140;0;33;0;0;2;3;18;B01
200900069140;0;7;0;0;2;7;16;A01
200900069141;0;34;0;0;2;1;0;B01
200900069141;0;7;0;1;0;0;0;A01
200900069142;0;7;0;0;2;3;10;A01
200900069142;0;33;0;0;2;1;1;B01
200900069143;0;7;0;0;2;1;2;A01
200900069143;0;7;0;0;2;4;2;B01
200900069144;0;7;0;0;0;9;1;A01
200900069145;0;7;0;0;2;1;1;A01
200900069145;0;7;0;0;0;4;23;C01
200900069145;0;33;0;0;0;8;23;B01
200900069146;0;7;0;0;0;1;9;B01
200900069146;0;7;0;0;0;6;15;A01
200900069147;0;7;0;0;2;1;7;A01
200900069147;0;7;0;0;2;1;9;B01
200900069148;0;7;0;1;0;1;13;A01
200900069149;0;2;0;0;2;8;5;B01
200900069149;0;7;0;0;2;1;0;A01
200900069150;0;33;0;0;2;7;1;B01
200900069150;0;7;0;0;2;1;15;A01
200900069151;0;7;0;14;0;2;1;A01
200900069152;0;7;0;0;1;1;1;A01
200900069153;0;7;0;0;2;6;10;A01
200900069153;0;2;0;0;2;2;17;B01
200900069154;0;34;0;0;0;1;19;B01
200900069154;0;7;0;0;0;2;1;A01
200900069155;0;7;0;0;1;4;4;A01
200900069156;0;7;0;0;1;1;0;A01
200900069157;0;33;0;0;2;9;2;B01
200900069157;0;7;0;0;2;3;10;A01
200900069158;0;37;1;0;1;2;2;A01
200900069159;0;7;0;0;2;1;2;A01
200900069159;0;7;0;0;0;4;2;B01
200900069160;0;37;6;0;0;5;13;B01
200900069160;0;1;0;0;2;3;2;A01
200900069161;0;7;0;0;2;3;9;A01
200900069161;0;30;0;0;2;2;7;B01
200900069162;0;7;0;0;0;3;15;B01
200900069162;0;33;0;0;2;3;1;A01
200900069163;0;7;0;0;2;3;15;A01
200900069163;0;30;0;0;2;8;1;B01
200900069164;0;7;0;0;1;2;1;A01
200900069165;0;7;0;0;2;6;15;B01
200900069165;0;2;0;0;2;1;17;A01
200900069166;0;7;0;2;2;1;21;A01
200900069166;0;7;0;0;2;1;0;B01
200900069167;1;7;0;0;1;0;0;A01
200900069168;0;34;0;0;2;3;1;A01
200900069168;0;1;0;0;2;3;1;B01
200900069169;0;33;0;0;0;0;1;A01
200900069170;0;7;0;0;0;5;24;B01
200900069170;0;31;0;1;0;1;2;A01
200900069171;0;2;0;0;2;2;17;A01
200900069171;0;7;0;0;9;6;1;B01
200900069172;1;7;0;0;2;0;0;A01
200900069172;0;7;0;0;2;3;1;B01
200900069173;1;7;0;0;0;0;0;A01
200900069174;0;1;0;0;2;4;5;B01
200900069174;0;10;0;0;0;1;1;A01
200900069175;0;30;0;0;0;4;2;B01
200900069175;0;7;0;0;2;1;0;A01
200900069176;0;34;0;0;2;1;1;A01
200900069176;0;7;0;0;2;3;1;B01
200900069177;0;7;0;0;1;1;1;A01
200900069178;2;30;0;0;2;1;1;A01
200900069178;0;33;0;0;2;7;1;B01
200900069179;0;7;0;0;2;3;15;A01
200900069179;0;33;0;0;2;3;1;B01
200900069180;0;1;0;0;0;1;2;B01
200900069180;0;7;0;0;0;5;2;A01
200900069181;0;7;0;0;0;4;1;B01
200900069181;0;7;0;0;0;1;1;A01
200900069182;0;7;0;12;0;1;16;A01
200900069183;0;34;0;15;2;1;0;A01
200900069184;0;33;0;0;1;6;4;A01
200900069185;0;7;0;0;2;1;15;A01
200900069185;0;32;0;0;2;1;1;B01
200900069186;0;7;0;0;0;8;0;A01
200900069187;0;33;0;0;0;4;2;B01
200900069187;0;7;0;0;0;1;2;A01
200900069188;0;33;0;0;2;2;15;A01
200900069188;0;7;0;0;2;6;15;B01
200900069189;0;7;0;0;0;0;0;C01
200900069189;0;7;0;0;0;0;0;B01
200900069189;0;7;0;0;1;1;0;A01
200900069190;0;7;0;0;1;1;2;A01
200900069191;0;33;0;0;2;1;1;B01
200900069191;0;7;0;0;0;7;15;A01
200900069192;0;7;0;0;0;3;10;A01
200900069192;0;33;0;0;2;1;13;B01
200900069193;0;7;0;1;2;2;1;A01
200900069193;0;7;0;1;2;1;1;B01
200900069194;0;7;0;0;2;2;1;A01
200900069194;0;7;0;0;2;2;1;B01
200900069195;2;33;0;0;2;9;1;A01
200900069195;0;7;0;0;2;1;15;B01
200900069196;0;99;0;0;0;0;0;A01
200900069196;0;99;0;0;0;0;0;B01
200900069197;0;30;0;0;2;8;11;A01
200900069197;0;7;0;0;2;7;0;B01
200900069198;0;7;0;1;2;2;5;A01
200900069199;0;7;0;0;2;8;1;B01
200900069199;0;7;0;0;2;1;1;A01
200900069200;0;7;0;0;2;2;0;B01
200900069200;0;7;0;0;2;5;15;A01
200900069201;0;7;0;0;0;4;2;B01
200900069201;0;7;0;0;2;1;2;A01
200900069202;0;7;0;0;2;7;14;A01
200900069202;0;2;0;0;2;4;2;B01
200900069203;0;7;0;0;0;4;23;C01
200900069203;0;32;0;0;2;1;12;A01
200900069203;0;3;0;0;2;5;17;B01
200900069204;0;7;0;0;2;1;1;A01
200900069204;0;7;0;0;0;2;1;B01
200900069205;0;33;0;9;2;7;0;B01
200900069205;0;7;0;9;2;3;11;A01
200900069206;0;7;0;0;0;0;16;A01
200900069206;0;37;20;0;0;0;1;B01
200900069207;0;7;0;0;0;6;15;B01
200900069207;0;2;0;0;0;1;17;A01
200900069208;0;7;0;0;0;0;0;A01
200900069208;0;1;0;0;0;0;0;B01
200900069209;0;7;0;0;1;0;0;A01
200900069210;0;2;0;0;0;0;1;A01
200900069211;0;7;0;0;2;8;1;C01
200900069211;0;7;0;0;2;1;1;B01
200900069211;0;7;0;0;2;1;9;A01
200900069212;0;30;0;0;0;0;0;A01
200900069213;0;30;0;0;0;7;1;A01
200900069214;0;7;0;0;1;1;1;A01
200900069215;0;7;0;0;0;1;5;A01
200900069215;0;10;0;0;0;2;1;B01
200900069216;0;37;0;0;0;7;1;A01
200900069217;0;1;0;0;2;1;9;B01
200900069217;0;7;0;0;9;5;16;A01
200900069218;0;7;0;0;2;2;16;A01
200900069218;0;1;0;0;2;6;2;B01
200900069219;0;1;0;0;2;8;19;B01
200900069219;0;7;0;0;9;1;2;A01
200900069220;0;30;0;0;2;1;18;B01
200900069220;0;7;0;0;2;2;15;A01
200900069221;0;2;0;14;2;1;1;A01
200900069221;0;7;0;0;2;8;19;B01
200900069222;0;7;0;0;0;2;15;A01
200900069223;0;1;0;0;0;7;19;B01
200900069223;1;7;0;0;1;1;1;A01
200900069224;0;2;0;0;2;1;1;B01
200900069224;0;7;0;0;2;3;11;A01
200900069225;0;7;0;0;1;1;1;A01
200900069226;0;7;0;15;2;1;1;A01
200900069226;0;7;0;0;2;3;1;B01
200900069227;0;10;0;0;2;4;2;C01
200900069227;0;10;0;0;2;4;2;A01
200900069227;0;10;0;0;2;1;2;B01
200900069228;0;33;0;0;0;8;3;A01
200900069228;0;7;0;0;0;7;12;B01
200900069228;0;7;0;0;0;4;1;C01
200900069229;0;7;0;0;0;4;2;B01
200900069229;0;7;0;0;2;1;2;A01
200900069230;0;10;0;0;2;5;2;B01
200900069230;0;33;0;14;0;1;1;A01
200900069231;0;30;0;0;0;1;1;B01
200900069231;0;10;0;0;2;1;11;A01
200900069232;0;7;0;0;2;8;13;A01
200900069232;0;34;0;0;2;7;17;B01
200900069233;0;2;0;12;0;0;0;A01
200900069234;0;7;0;0;0;2;1;A01
200900069235;0;7;0;0;1;7;1;A01
200900069236;0;10;0;0;0;4;4;A01
200900069236;0;2;0;0;0;1;2;B01
200900069237;0;7;0;0;2;1;2;A01
200900069237;0;7;0;0;0;4;2;B01
200900069238;0;7;0;0;2;1;15;A01
200900069238;0;2;0;0;2;8;1;B01
200900069239;1;7;0;0;0;3;0;A01
200900069239;0;30;0;0;2;1;1;B01
200900069240;0;7;0;0;2;3;2;A01
200900069240;0;7;0;0;2;3;1;B01
200900069241;0;7;0;0;1;1;1;A01
200900069242;0;7;0;0;2;8;1;B01
200900069242;0;1;0;0;2;1;19;A01
200900069243;0;10;0;0;2;1;2;A01
200900069243;0;7;0;0;2;9;2;B01
200900069243;0;7;0;0;0;4;23;C01
200900069244;0;33;0;15;0;1;1;A01
200900069245;0;7;0;0;0;2;1;A01
200900069245;0;7;0;0;0;3;1;B01
200900069246;2;7;0;0;2;3;5;A01
200900069246;0;32;0;0;2;1;0;B01
200900069247;0;7;0;0;2;1;2;A01
200900069247;0;7;0;0;1;4;2;B01
200900069248;0;34;0;0;2;7;2;B01
200900069248;0;7;0;0;2;3;2;A01
200900069249;0;7;0;0;1;2;1;A01
200900069250;0;7;0;0;2;1;10;A01
200900069250;0;33;0;0;2;2;1;B01
200900069251;0;7;0;0;0;6;1;A01
200900069251;0;1;0;0;0;0;0;B01
200900069252;0;7;0;0;2;4;2;B01
200900069252;0;30;0;0;2;1;2;A01
200900069253;0;37;1;0;1;2;0;A01
200900069254;0;7;0;0;2;1;1;A01
200900069254;0;7;0;0;2;3;1;B01
200900069255;0;7;0;0;2;2;19;A01
200900069255;0;33;0;0;2;1;1;B01
200900069256;0;7;0;0;1;2;2;A01
200900069257;0;7;0;0;1;2;16;A01
200900069258;0;30;0;8;0;0;0;A01
200900069259;0;34;0;0;2;5;1;A01
200900069259;0;7;0;0;2;3;0;B01
200900069260;0;7;0;0;2;3;0;A01
200900069260;0;7;0;0;2;8;0;B01
200900069261;0;1;0;0;0;0;0;B01
200900069261;0;7;0;0;0;8;0;A01
200900069262;0;7;0;0;1;2;2;A01
200900069263;0;7;0;0;2;1;1;A01
200900069263;0;7;0;0;0;4;1;C01
200900069263;0;7;0;0;2;1;1;B01
200900069264;0;7;0;0;1;2;1;A01
200900069265;0;33;0;0;0;0;1;A01
200900069266;0;7;0;0;2;2;0;A01