num_acc;senc;catv;occutc;obs;obsm;choc;manv;num_veh
200900069641;0;15;0;0;2;3;11;A01
200900069641;0;7;0;0;2;2;12;B01
200900069642;0;7;0;0;2;7;1;B01
200900069642;0;7;0;0;2;8;1;C01
200900069642;0;32;0;0;2;8;3;A01
200900069643;0;7;0;0;2;3;2;B01
200900069643;0;7;0;0;2;2;12;A01
200900069644;0;7;0;0;2;4;0;A01
200900069644;0;7;0;0;2;1;1;B01
200900069645;0;7;0;0;2;8;11;A01
200900069645;0;33;0;0;2;7;0;B01
200900069646;0;14;0;0;0;8;21;A01
200900069647;0;7;0;0;2;4;2;C01
200900069647;0;7;0;0;2;8;2;B01
200900069647;0;33;0;0;2;7;1;A01
200900069648;0;7;0;3;0;2;2;A01
200900069649;1;15;0;0;2;3;0;B01
200900069649;0;7;0;0;2;6;0;A01
200900069650;0;7;0;4;0;3;0;A01
200900069651;0;33;0;0;0;7;1;A01
200900069652;0;7;0;0;0;0;1;A01
200900069653;0;7;0;3;0;2;1;A01
200900069654;0;7;0;0;2;8;13;B01
200900069654;0;15;0;0;2;2;0;A01
200900069655;0;7;0;0;0;8;1;A01
200900069655;0;17;0;0;2;2;12;B01
200900069656;0;7;0;4;0;1;0;A01
200900069657;0;7;0;4;0;3;1;A01
200900069658;0;10;0;0;0;8;21;A01
200900069659;0;7;0;0;0;2;0;A01
200900069659;0;34;0;0;2;8;3;C01
200900069659;0;7;0;1;0;0;0;B01
200900069660;0;7;0;1;2;2;2;A01
200900069660;0;7;0;0;2;6;2;B01
200900069661;0;10;0;4;0;3;0;A01
200900069662;0;7;0;4;0;3;1;A01
200900069663;0;7;0;3;0;3;12;A01
200900069664;1;7;0;0;1;2;0;A01
200900069665;0;7;0;0;2;1;1;A01
200900069665;0;7;0;0;2;7;19;B01
200900069666;0;7;0;0;2;3;0;B01
200900069666;0;7;0;0;2;0;4;A01
200900069667;0;37;4;0;0;1;2;A01
200900069668;0;7;0;0;1;3;0;A01
200900069669;0;7;0;0;2;8;2;B01
200900069669;0;7;0;0;2;4;4;A01
200900069670;0;31;0;0;2;1;1;A01
200900069670;0;14;0;0;2;5;1;B01
200900069671;0;7;0;0;1;1;2;A01
200900069672;0;7;0;0;1;3;0;A01
200900069673;0;33;0;1;2;8;2;A01
200900069674;1;7;0;0;1;0;0;A01
200900069675;0;7;0;3;0;1;15;A01
200900069676;0;33;0;1;1;3;1;A01
200900069677;1;7;0;0;2;4;23;A01
200900069677;0;33;0;0;2;1;2;B01
200900069678;0;7;0;0;2;1;2;A01
200900069678;0;7;0;0;2;4;2;B01
200900069679;0;7;0;0;1;1;2;A01
200900069680;1;7;0;0;0;0;0;B01
200900069680;0;7;0;0;0;3;9;A01
200900069681;0;30;0;0;2;1;1;B01
200900069681;0;7;0;0;2;1;15;A01
200900069682;0;7;0;0;2;1;2;B01
200900069682;0;7;0;0;2;2;2;A01
200900069683;0;33;0;0;0;7;1;A01
200900069684;0;32;0;0;2;1;1;B01
200900069684;1;10;0;0;2;1;10;A01
200900069685;0;7;0;0;0;1;0;A01
200900069685;0;7;0;0;0;1;2;C01
200900069685;0;7;0;0;0;1;0;B01
200900069685;0;7;0;0;0;4;23;D01
200900069686;0;7;0;0;1;3;15;A01
200900069687;0;7;0;0;2;2;15;A01
200900069687;0;1;0;0;2;7;1;B01
200900069688;0;7;0;0;0;2;0;B01
200900069688;0;7;0;0;0;6;0;A01
200900069689;0;99;0;0;2;2;1;A01
200900069689;0;7;0;0;2;4;1;B01
200900069690;0;7;0;0;2;5;4;A01
200900069690;0;7;0;8;2;5;2;B01
200900069691;1;7;0;0;2;0;15;B01
200900069691;0;2;0;0;2;0;1;A01
200900069692;0;7;0;0;2;2;0;B01
200900069692;0;10;0;0;2;3;0;A01
200900069693;0;7;0;2;0;1;2;A01
200900069694;0;7;0;0;1;1;16;A01
200900069695;0;7;0;0;1;4;4;A01
200900069696;0;7;0;0;1;1;2;A01
200900069697;0;7;0;0;1;2;1;A01
200900069698;0;13;0;0;0;8;1;A01
200900069698;0;30;0;0;0;9;0;B01
200900069699;0;7;0;0;2;3;15;A01
200900069699;0;32;0;0;2;1;1;B01
200900069700;0;7;0;0;0;0;0;A01
200900069701;0;30;0;0;0;0;0;A01
200900069702;0;33;0;0;0;7;2;B01
200900069702;0;7;0;0;0;3;2;A01
200900069703;0;7;0;0;1;4;4;A01
200900069704;0;2;0;0;1;1;1;A01
200900069705;0;40;0;0;2;1;1;A01
200900069705;0;7;0;0;9;8;1;B01
200900069706;0;31;0;0;2;1;2;B01
200900069706;0;7;0;0;2;3;2;A01
200900069707;1;10;0;0;1;0;0;A01
200900069708;0;7;0;0;2;1;1;B01
200900069708;0;7;0;0;0;4;1;A01
200900069709;0;33;0;0;2;1;2;A01
200900069709;0;7;0;0;2;4;23;B01
200900069710;0;10;0;6;0;1;1;A01
200900069711;0;7;0;0;0;0;1;C01
200900069711;0;10;0;0;2;1;1;A01
200900069711;0;7;0;0;2;4;1;B01
200900069712;0;7;0;0;0;8;2;A01
200900069713;0;7;0;0;2;5;21;B01
200900069713;0;7;0;0;2;3;9;A01
200900069714;0;7;0;0;2;2;2;A01
200900069714;0;32;0;0;0;4;23;B01
200900069715;0;10;0;0;0;2;0;A01
200900069715;0;7;0;0;0;8;0;B01
200900069716;0;7;0;0;1;4;4;A01
200900069717;0;7;0;0;0;1;15;A01
200900069717;0;7;0;0;2;3;1;B01
200900069718;0;7;0;0;2;5;1;A01
200900069718;0;2;0;0;2;8;0;B01
200900069719;0;7;0;0;0;3;10;A01
200900069719;0;2;0;0;0;2;1;B01
200900069720;0;7;0;0;0;1;15;A01
200900069720;0;7;0;0;0;3;1;B01
200900069721;0;7;0;0;0;1;11;A01
200900069722;0;7;0;0;2;8;17;B01
200900069722;0;7;0;0;2;3;16;A01
200900069723;0;17;0;0;2;2;12;A01
200900069723;0;7;0;0;0;8;0;B01
200900069724;0;99;0;0;0;7;2;A01
200900069724;1;30;0;1;0;1;2;B01
200900069725;0;32;0;0;2;3;1;B01
200900069725;0;7;0;0;2;2;1;A01
200900069726;0;7;0;0;2;4;2;C01
200900069726;0;7;0;0;2;4;1;B01
200900069726;0;7;0;0;2;1;2;A01
200900069727;2;7;0;0;1;1;0;A01
200900069728;0;14;0;0;1;3;0;A01
200900069729;2;7;0;3;0;1;0;A01
200900069730;0;7;0;0;2;1;1;B01
200900069730;0;1;0;0;2;3;19;A01
200900069731;0;7;0;0;1;3;0;A01
200900069732;0;2;0;0;2;1;1;B01
200900069732;0;10;0;0;2;1;15;A01
200900069733;0;7;0;8;0;1;1;A01
200900069734;0;2;0;0;0;8;1;A01
200900069735;0;7;0;0;2;8;19;A01
200900069735;0;33;0;0;2;1;1;B01
200900069736;0;7;0;0;2;9;15;A01
200900069736;0;7;0;0;2;1;1;B01
200900069737;0;30;0;0;2;1;1;B01
200900069737;0;7;0;0;2;2;16;A01
200900069738;0;7;0;0;2;8;1;B01
200900069738;0;1;0;0;2;8;13;A01
200900069739;0;7;0;0;2;3;1;B01
200900069739;0;7;0;0;2;3;13;A01
200900069740;0;7;0;0;0;8;19;A01
200900069740;0;33;0;0;0;1;1;B01
200900069741;0;7;0;0;2;2;1;B01
200900069741;0;30;0;0;2;1;19;A01
200900069742;0;10;0;0;2;6;15;A01
200900069742;0;33;0;0;0;1;1;B01
200900069743;0;7;0;13;0;1;21;A01
200900069744;0;7;0;0;0;6;9;B01
200900069744;0;33;0;1;2;1;1;A01
200900069745;0;7;0;0;2;2;15;A01
200900069745;0;7;0;0;2;1;1;B01
200900069746;0;7;0;0;1;3;1;A01
200900069747;0;30;0;12;0;1;15;A01
200900069748;0;30;0;0;2;1;1;B01
200900069748;0;7;0;0;2;2;15;A01
200900069749;0;1;0;0;2;1;1;A01
200900069749;1;7;0;0;2;0;0;B01
200900069750;0;7;0;0;1;1;15;A01
200900069751;0;34;0;0;2;1;17;B01
200900069751;0;10;0;0;0;3;15;A01
200900069752;0;7;0;0;0;4;23;A01
200900069752;0;7;0;0;2;1;23;B01
200900069752;0;7;0;0;2;1;2;C01
200900069753;0;7;0;0;2;3;15;A01
200900069753;0;30;0;0;2;1;1;B01
200900069754;0;14;0;0;2;1;15;A01
200900069754;0;33;0;0;2;7;1;B01
200900069755;0;7;0;0;1;4;23;A01
200900069755;0;7;0;0;2;1;1;B01
200900069756;0;7;0;0;2;2;15;A01
200900069756;0;33;0;0;2;1;1;B01
200900069757;0;1;0;0;2;8;19;B01
200900069757;0;10;0;0;2;1;1;A01
200900069758;0;1;0;0;2;1;1;B01
200900069758;0;7;0;0;2;3;15;A01
200900069759;0;7;0;0;2;3;9;A01
200900069759;0;31;0;0;2;1;1;B01
200900069760;0;7;0;8;0;7;14;A01
200900069761;0;7;0;0;1;2;1;A01
200900069762;0;7;0;3;0;3;11;A01
200900069763;0;7;0;13;0;4;2;B01
200900069763;0;7;0;0;2;1;1;A01
200900069764;0;10;0;0;0;0;1;A01
200900069765;0;10;0;0;2;8;1;B01
200900069765;0;10;0;3;2;7;14;A01
200900069766;0;7;0;13;0;0;2;A01
200900069767;0;7;0;0;0;7;0;A01
200900069767;0;7;0;0;0;6;0;B01
200900069767;0;7;0;0;0;0;0;C01
200900069768;0;15;0;0;2;3;23;B01
200900069768;0;15;0;0;0;6;24;C01
200900069768;0;7;0;0;2;1;12;A01
200900069768;0;7;0;0;2;1;2;D01
200900069769;0;7;0;0;0;0;2;B01
200900069769;0;7;0;3;0;1;14;A01
200900069770;0;33;0;0;2;1;2;B01
200900069770;0;7;0;0;2;4;2;A01
200900069771;1;15;0;0;0;0;12;C01
200900069771;0;7;0;0;2;3;1;A01
200900069771;0;7;0;0;2;6;1;B01
200900069772;0;33;0;0;2;1;2;C01
200900069772;0;7;0;0;2;1;2;B01
200900069772;0;7;0;0;0;4;1;A01
200900069773;0;7;0;0;2;4;2;C01
200900069773;0;7;0;0;2;1;2;B01
200900069773;0;7;0;0;2;4;2;A01
200900069774;0;7;0;0;0;3;12;A01
200900069774;0;33;0;0;0;1;3;B01
200900069775;0;7;0;0;0;4;1;A01
200900069775;0;7;0;0;0;1;2;B01
200900069776;0;33;0;0;0;0;0;B01
200900069776;0;15;0;0;0;0;0;A01
200900069777;0;7;0;0;2;1;17;A01
200900069777;0;10;0;0;2;4;1;C01
200900069777;0;7;0;7;2;6;1;B01
200900069778;1;7;0;0;2;8;3;B01
200900069778;0;33;0;0;2;7;1;A01
200900069779;0;33;0;0;2;1;3;C01
200900069779;0;7;0;0;2;7;12;A01
200900069779;0;10;0;0;2;8;1;B01
200900069780;0;7;0;0;2;8;1;A01
200900069780;0;10;0;0;2;7;12;B01
200900069781;0;37;16;0;2;1;1;A01
200900069781;0;7;0;0;2;8;1;B01
200900069782;0;7;0;7;0;1;0;A01
200900069783;0;7;0;9;2;7;1;A01
200900069783;0;7;0;0;2;1;1;B01
200900069784;0;7;0;0;2;1;0;C01
200900069784;0;7;0;0;2;2;0;A01
200900069784;0;7;0;0;2;1;0;B01
200900069785;0;7;0;2;0;8;2;A01
200900069786;0;33;0;0;2;0;0;A01
200900069786;0;7;0;0;2;0;0;B01
200900069787;0;7;0;0;2;1;12;A01
200900069787;0;7;0;0;2;3;0;C01
200900069787;0;7;0;0;0;4;0;B01
200900069788;0;7;0;3;0;3;13;A01
200900069789;0;7;0;0;0;0;0;C01
200900069789;0;7;0;0;2;1;2;A01
200900069789;0;7;0;0;0;5;2;B01
200900069790;0;33;0;0;2;0;0;B01
200900069790;0;7;0;0;2;0;0;A01
200900069791;0;7;0;5;0;1;0;A01
200900069792;0;33;0;0;0;0;0;A01
200900069792;0;1;0;0;0;0;0;B01
200900069793;0;7;0;0;2;1;17;A01
200900069793;0;7;0;1;2;9;1;B01
200900069793;0;7;0;0;2;4;0;C01
200900069794;0;2;0;0;0;7;21;A01
200900069795;0;10;0;0;2;1;1;B01
200900069795;0;13;0;0;2;1;1;A01
200900069796;0;32;0;0;0;0;1;A01
200900069797;0;2;0;0;0;0;1;A01
200900069798;0;7;0;2;0;2;1;A01
200900069799;0;7;0;1;0;2;1;A01
200900069800;0;2;0;0;2;1;1;B01
200900069800;0;7;0;0;2;1;15;A01
200900069801;0;7;0;0;0;3;0;A01
200900069802;0;7;0;0;2;1;2;A01
200900069802;0;7;0;0;2;4;2;B01
200900069803;0;7;0;0;2;1;2;A01
200900069803;0;7;0;0;2;4;2;B01
200900069804;0;7;0;7;0;1;1;A01
200900069805;0;7;0;0;2;1;1;B01
200900069805;0;7;0;0;2;7;1;A01
200900069806;0;7;0;1;0;1;15;A01
200900069807;0;37;0;0;1;2;0;A01
200900069808;0;31;0;0;2;3;1;B01
200900069808;1;7;0;0;2;2;15;A01
200900069809;0;7;0;0;2;1;2;A01
200900069809;0;7;0;0;2;4;23;C01
200900069809;0;10;0;0;2;4;23;B01
200900069810;0;7;0;0;2;2;1;B01
200900069810;0;7;0;0;2;8;15;A01
200900069811;0;7;0;0;2;7;15;A01
200900069811;0;30;0;0;2;1;1;B01
200900069812;0;7;0;0;1;1;1;A01
200900069813;0;7;0;0;2;7;15;A01
200900069813;0;30;0;0;2;1;1;B01
200900069814;0;7;0;0;0;4;2;B01
200900069814;0;7;0;0;2;1;2;A01
200900069815;0;7;0;0;0;2;15;A01
200900069816;0;2;0;0;0;1;21;B02
200900069816;0;7;0;0;0;5;0;A01
200900069817;0;7;0;0;1;1;1;A01
200900069818;0;10;0;0;2;1;1;B01
200900069818;0;7;0;0;2;8;16;A01
200900069819;0;10;0;0;2;1;2;A01
200900069819;0;7;0;0;2;4;2;B01
200900069820;0;7;0;16;0;0;1;A01
200900069821;0;7;0;8;0;1;1;A01
200900069822;0;30;0;0;2;1;1;A01
200900069822;0;10;0;0;2;6;1;B01
200900069823;0;2;0;7;0;1;1;A01
200900069824;0;7;0;0;2;8;1;B02
200900069824;0;7;0;0;2;6;1;D04
200900069824;0;17;0;0;2;3;1;C03
200900069824;0;10;0;0;2;4;1;E05
200900069824;0;7;0;0;2;3;13;A01
200900069824;0;7;0;3;0;3;21;G07
200900069824;0;7;0;0;2;2;21;F06
200900069825;0;7;0;0;2;1;16;A01
200900069825;0;7;0;0;0;3;15;B01
200900069826;0;7;0;1;2;5;1;A01
200900069826;0;7;0;0;2;1;1;B01
200900069827;0;10;0;0;2;1;0;A01
200900069827;0;7;0;0;2;7;0;B01
200900069828;0;7;0;0;2;7;13;A01
200900069828;0;7;0;0;2;1;1;B02
200900069829;0;7;0;2;0;1;14;A01
200900069830;0;30;0;0;2;1;1;B01
200900069830;0;7;0;0;2;3;1;A01
200900069831;0;7;0;0;1;1;1;A01
200900069832;1;7;0;0;2;0;2;B01
200900069832;0;30;0;0;2;4;1;A01
200900069833;0;7;0;0;1;6;1;A01
200900069834;0;7;0;13;0;1;1;A01
200900069835;0;2;0;0;2;1;1;A01
200900069835;0;7;0;0;0;8;9;B01
200900069836;0;7;0;2;0;8;1;A01
200900069837;0;7;0;0;2;1;9;A01
200900069837;0;7;0;0;2;1;1;B01
200900069838;0;7;0;0;2;1;1;B01
200900069838;0;7;0;0;2;3;1;A01
200900069839;0;7;0;0;2;6;15;A01
200900069839;0;7;0;0;2;1;1;B01
200900069840;0;7;0;0;2;1;1;B01
200900069840;0;7;0;0;2;1;13;A01
200900069840;1;7;0;0;2;1;2;C01
200900069841;0;30;0;0;0;0;1;A01
200900069842;0;7;0;0;2;3;15;A01
200900069842;0;7;0;0;2;3;1;B01
200900069843;0;7;0;0;2;3;1;B02
200900069843;0;7;0;0;2;8;1;C03
200900069843;0;21;0;0;2;8;13;A01
200900069844;0;2;0;0;2;2;17;B01
200900069844;0;7;0;0;2;6;17;A01
200900069845;0;7;0;16;0;1;0;A01
200900069846;0;7;0;0;2;4;1;B01
200900069846;0;7;0;0;2;1;1;A01
200900069847;0;3;0;0;0;3;13;A01
200900069847;0;10;0;0;0;3;0;B02
200900069848;0;2;0;0;2;0;1;B01
200900069848;0;7;0;0;2;8;1;A01
200900069849;0;7;0;0;0;0;1;A01
200900069850;0;7;0;11;0;1;1;A01
200900069851;0;10;0;0;2;1;13;A01
200900069851;0;7;0;0;2;1;1;B01
200900069852;0;30;0;0;2;8;1;A01
200900069852;0;7;0;0;2;5;9;B01
200900069853;0;17;0;0;2;2;1;B02
200900069853;0;7;0;0;2;1;13;A01
200900069854;0;7;0;0;5;1;2;A01
200900069855;0;2;0;0;2;1;1;B01
200900069855;0;7;0;0;2;3;1;A01
200900069856;0;7;0;0;2;8;15;A01
200900069856;0;31;0;0;2;7;1;B01
200900069857;0;7;0;0;1;2;1;A01
200900069858;0;7;0;0;2;8;15;B01
200900069858;2;7;0;0;2;1;1;A01
200900069859;0;7;0;0;1;1;1;A01
200900069860;0;7;0;0;1;1;1;A01
200900069861;0;7;0;0;0;8;1;B01
200900069861;0;40;0;0;2;2;1;A01
200900069862;0;7;0;0;1;4;4;A01
200900069863;0;7;0;0;2;1;9;A01
200900069863;0;1;0;0;0;7;1;B01
200900069864;0;7;0;0;1;1;1;A01
200900069865;0;30;0;0;2;0;17;B01
200900069865;0;7;0;0;0;0;15;A01
200900069866;0;7;0;0;2;4;0;B01
200900069866;0;2;0;0;2;1;0;A01
200900069867;0;30;0;0;0;8;1;A01
200900069868;0;38;0;0;9;5;17;A01
200900069868;0;1;0;0;2;8;0;B01
200900069869;0;30;0;0;0;0;15;A01
200900069870;0;30;0;0;0;1;0;A01
200900069871;0;7;0;0;1;1;1;A01
200900069872;0;7;0;0;2;3;9;A01
200900069872;0;2;0;0;2;7;1;B01
200900069873;0;30;0;0;0;8;15;A01
200900069874;0;31;0;0;0;0;1;A01
200900069875;0;7;0;7;0;1;1;A01
200900069876;0;7;0;8;0;9;21;A01
200900069877;0;30;0;0;2;7;1;A01
200900069877;0;7;0;0;2;7;1;B01
200900069878;0;10;0;0;1;8;1;A01
200900069879;0;7;0;0;2;1;1;A01
200900069879;0;7;0;0;0;4;1;B01
200900069880;0;7;0;0;2;7;1;A01
200900069880;0;30;0;0;2;1;1;B01
200900069881;0;30;0;0;0;0;0;A01
200900069882;0;7;0;1;2;0;1;B01
200900069882;0;7;0;0;2;0;1;A01
200900069883;0;33;0;0;0;0;0;A01
200900069884;0;7;0;0;2;0;0;A01
200900069884;0;7;0;0;0;0;0;B01
200900069885;0;7;0;0;0;0;1;A01
200900069886;0;7;0;0;2;7;10;A01
200900069886;0;7;0;0;2;0;1;B01
200900069887;0;7;0;0;2;1;1;A01
200900069888;0;33;0;0;2;7;1;B01
200900069888;0;7;0;0;2;1;1;A01
200900069889;0;7;0;0;2;7;0;A01
200900069889;0;7;0;0;2;7;0;B01
200900069890;0;7;0;0;9;0;1;A01
200900069891;0;7;0;0;2;0;0;A01
200900069891;0;30;0;0;2;0;1;B01
200900069892;0;7;0;0;9;1;1;A01
200900069893;0;7;0;0;2;1;1;A01
200900069893;0;7;0;1;0;4;0;B01
200900069894;0;7;0;0;0;1;1;A01
200900069894;0;7;0;0;2;1;1;B01
200900069895;0;7;0;2;0;1;1;A01
200900069896;0;7;0;13;0;1;1;A01
200900069897;0;33;0;0;2;0;0;A01
200900069897;0;7;0;0;2;5;1;B01
200900069898;0;7;0;13;0;0;1;A01
200900069899;0;7;0;0;2;0;0;A01
200900069900;0;7;0;0;2;7;1;A01
200900069900;0;30;0;0;2;7;1;B01
200900069901;0;7;0;0;0;7;1;B01
200900069901;0;7;0;0;1;5;0;A01
200900069902;0;33;0;6;0;0;0;A01
200900069903;0;7;0;0;2;1;1;A01
200900069903;0;7;0;0;2;4;0;B01
200900069904;1;13;0;0;1;0;1;B01
200900069904;0;7;0;0;1;0;1;A01
200900069905;0;7;0;0;2;7;0;A01
200900069905;0;7;0;0;2;7;1;B01
200900069906;0;7;0;0;1;1;1;A01
200900069907;0;7;0;0;2;0;1;B01
200900069907;0;7;0;0;2;4;1;A01
200900069908;0;33;0;0;9;0;1;A01
200900069908;0;7;0;0;0;0;0;B01
200900069909;0;33;0;0;0;0;0;A01
200900069909;0;7;0;0;0;0;0;B01
200900069910;0;7;0;0;2;1;11;A01
200900069910;0;7;0;0;2;1;2;B01
200900069911;0;2;0;0;0;0;0;B01
200900069911;0;7;0;0;2;7;0;A01
200900069912;0;2;0;0;2;7;0;B01
200900069912;0;10;0;0;2;0;0;A01
200900069913;0;31;0;0;1;8;1;A01
200900069914;0;7;0;4;0;1;0;A01
200900069915;0;32;0;0;0;7;1;A01
200900069916;0;7;0;0;2;7;0;A01
200900069916;0;7;0;0;2;7;1;B01
200900069917;0;7;0;0;2;2;1;A01
200900069917;0;7;0;0;2;0;0;B01
200900069918;0;7;0;0;0;1;1;A01
200900069919;0;31;0;0;2;7;0;B01
200900069919;0;7;0;0;2;7;0;A01
200900069920;0;7;0;0;2;8;0;A01
200900069920;0;7;0;0;2;7;1;B01
200900069921;0;30;0;0;0;0;1;A01
200900069922;0;7;0;0;2;3;1;A01
200900069922;0;7;0;0;2;3;1;B01
200900069923;0;1;0;0;2;0;1;B01
200900069923;0;7;0;0;2;0;1;A01
200900069924;0;30;0;0;9;0;1;A01
200900069925;0;30;0;0;0;0;0;A01
200900069926;1;7;0;0;1;0;1;A01
200900069927;0;30;0;0;0;0;0;A01
200900069928;0;2;0;0;2;1;1;A01
200900069928;0;7;0;0;2;6;15;B01
200900069929;0;2;0;0;2;1;1;A01
200900069929;0;7;0;0;0;6;1;B01
200900069930;0;2;0;0;2;8;1;A01
200900069930;0;7;0;0;2;8;1;B01
200900069931;0;3;0;8;0;1;1;A01
200900069932;0;30;0;0;0;2;1;A01
200900069933;0;7;0;0;9;2;0;A01
200900069933;0;1;0;0;0;0;0;B01
200900069934;2;2;0;0;2;1;5;A01
200900069934;0;7;0;0;2;3;15;B01
200900069935;0;33;0;0;2;0;0;A01
200900069935;0;7;0;0;0;0;0;B01
200900069936;0;7;0;0;9;8;22;A01
200900069936;0;1;0;1;0;1;18;B01
200900069937;0;37;12;0;0;8;1;A01
200900069938;0;7;0;0;1;2;0;A01
200900069939;0;10;0;0;2;1;1;A01
200900069939;0;7;0;0;0;4;1;B01
200900069940;0;7;0;0;2;0;1;A01
200900069940;0;30;0;0;0;0;0;B01
200900069941;0;33;0;0;0;0;0;A01
200900069942;0;10;0;6;0;1;1;A01
200900069943;0;7;0;0;2;8;9;B01
200900069943;0;7;0;0;2;1;1;A01
200900069944;0;7;0;0;0;1;1;A01
200900069944;0;7;0;0;2;1;1;B01
200900069944;0;7;0;0;0;4;1;C01
200900069945;0;33;0;0;2;1;1;B01
200900069945;0;7;0;0;2;7;10;A01
200900069946;0;99;0;15;9;1;2;A01
200900069947;0;7;0;0;1;2;0;A01
200900069948;0;7;0;0;1;2;1;A01
200900069949;0;7;0;0;1;1;1;A01
200900069950;0;2;0;0;2;1;1;A01
200900069950;0;7;0;0;0;6;11;B01
200900069951;0;7;0;0;0;5;12;A01
200900069951;0;33;0;0;0;1;1;B01
200900069952;0;33;0;0;1;1;6;A01
200900069953;0;34;0;0;2;1;2;A01
200900069953;1;7;0;0;0;0;2;B01
200900069954;0;33;0;0;2;1;1;B01
200900069954;0;7;0;0;2;3;5;A01
200900069955;0;7;0;0;1;5;4;A01
200900069956;0;7;0;0;0;4;2;B01
200900069956;0;7;0;0;2;1;1;A01
200900069957;0;99;0;0;9;2;16;A01
200900069957;0;30;0;0;2;3;1;B01
200900069958;0;37;2;0;9;1;1;A01
200900069958;0;20;0;0;2;1;0;B01
200900069959;0;33;0;0;2;2;2;A01
200900069959;1;7;0;0;9;0;11;C01
200900069959;0;7;0;0;9;4;1;B01
200900069960;0;7;0;1;0;3;0;B01
200900069960;0;7;0;12;0;6;0;C01
200900069960;0;7;0;1;0;1;1;A01
200900069961;0;15;0;3;0;2;2;A01
200900069962;0;31;0;0;2;8;1;B01
200900069962;0;10;0;0;2;7;12;A01
200900069963;0;33;0;0;2;2;2;A01
200900069963;0;7;0;0;0;2;2;C01
200900069963;0;7;0;0;0;6;2;B01
200900069964;1;7;0;0;0;1;19;B01
200900069964;0;30;0;12;1;1;0;A01
200900069965;0;31;0;0;2;1;2;B01
200900069965;0;7;0;0;2;5;12;A01
200900069966;0;7;0;0;0;2;12;A01
200900069966;0;32;0;1;0;8;0;B01
200900069967;0;7;0;0;0;4;4;A01
200900069967;0;7;0;0;0;2;1;B01
200900069968;0;7;0;0;2;6;5;A01
200900069968;0;34;0;0;2;2;2;B01
200900069969;0;7;0;0;0;9;1;A01
200900069970;0;2;0;0;0;9;0;A01
200900069971;1;2;0;0;1;7;0;A01
200900069972;0;7;0;0;1;1;1;A01
200900069973;0;7;0;0;2;2;1;A01
200900069973;0;32;0;0;2;3;1;B01
200900069974;0;33;0;0;2;9;1;B01
200900069974;0;7;0;0;2;8;1;A01
200900069975;0;7;0;9;0;1;1;A01
200900069976;0;7;0;0;1;1;1;A01
200900069977;0;7;0;0;1;0;0;B01
200900069978;0;7;0;0;2;3;0;A01
200900069978;0;33;0;0;2;2;1;B01
200900069979;0;36;0;0;0;0;0;A01
200900069980;0;32;0;0;0;0;0;A01
200900069981;0;7;0;14;2;9;2;C01
200900069981;0;7;0;0;0;5;0;A01
200900069981;0;7;0;1;0;3;2;B01
200900069982;0;7;0;0;0;2;24;A01
200900069982;0;7;0;0;0;6;24;C01
200900069982;0;7;0;1;0;7;24;B01
200900069983;0;7;0;0;0;3;9;A01
200900069983;1;7;0;0;0;2;0;B01
200900069984;0;7;0;0;0;4;1;B01
200900069984;0;7;0;0;0;1;1;A01
200900069985;0;7;0;0;2;2;7;A01
200900069985;0;37;0;0;2;3;7;B01
200900069986;0;7;0;9;0;1;1;A01
200900069987;0;7;0;0;2;1;1;A01
200900069987;0;7;0;0;0;4;1;B01
200900069988;0;7;0;0;1;1;1;A01
200900069989;0;7;0;0;1;1;15;A01
200900069990;0;7;0;0;2;1;1;B01
200900069990;0;7;0;0;2;4;1;A01
200900069991;0;7;0;6;0;1;1;A01
200900069992;0;7;0;0;0;1;1;A01
200900069993;0;7;0;5;0;1;1;A01
200900069994;0;7;0;0;1;4;4;A01
200900069995;0;34;0;0;0;8;0;A01
200900069996;0;15;0;0;2;1;2;A01
200900069996;0;7;0;0;0;4;2;C01
200900069996;0;10;0;0;2;4;2;B01
200900069997;0;2;0;0;0;0;0;A01
200900069997;0;7;0;1;2;3;24;B01
200900069998;0;7;0;0;0;0;0;B01
200900069998;0;7;0;0;0;0;0;A01
200900069998;0;7;0;0;0;0;0;C01
200900069999;0;1;0;1;0;1;0;A01
200900069999;0;7;0;0;0;8;1;B01
200900070000;0;1;0;0;2;7;19;B01
200900070000;0;7;0;0;2;1;0;A01
200900070001;0;30;0;0;2;1;1;A01
200900070001;2;7;0;0;0;0;3;B01
200900070002;0;30;0;0;2;3;21;A01
200900070002;0;7;0;0;2;5;23;B01
200900070003;0;1;0;0;0;8;0;B01
200900070003;1;7;0;0;0;0;0;A01
200900070004;0;7;0;0;1;5;4;A01
200900070005;0;32;0;0;2;1;1;B01
200900070005;0;7;0;0;0;6;10;A01
200900070006;0;34;0;12;2;2;14;A01
200900070006;0;10;0;1;2;8;1;B01
200900070007;0;7;0;1;0;0;20;B01
200900070007;0;33;0;1;2;0;21;A01
200900070008;0;33;0;0;2;2;2;B01
200900070008;0;7;0;0;0;3;20;A01
200900070009;0;7;0;0;2;2;15;A01
200900070009;0;30;0;0;2;1;1;B01
200900070010;0;2;0;2;0;1;0;A01
200900070011;0;33;0;0;0;7;1;A01
200900070012;0;30;0;0;2;3;17;A01
200900070012;0;7;0;0;2;3;15;B01
200900070013;0;7;0;0;2;1;1;A01
200900070013;0;7;0;0;2;8;1;B01
200900070014;0;7;0;0;1;2;1;A01
200900070015;0;7;0;0;1;2;1;A01
200900070016;0;7;0;0;0;4;0;C01