num_acc;senc;catv;occutc;obs;obsm;choc;manv;num_veh
200900070016;0;7;0;0;2;4;0;B01
200900070016;0;7;0;0;2;1;0;A01
200900070017;0;7;0;15;0;1;1;A01
200900070018;0;7;0;0;1;2;1;A01
200900070019;0;7;0;0;2;2;1;A01
200900070019;0;7;0;0;2;3;1;B01
200900070020;0;7;0;0;2;8;15;B01
200900070020;0;30;0;0;2;1;17;A01
200900070021;0;10;0;0;2;3;0;A01
200900070021;0;7;0;0;2;1;1;B01
200900070022;0;7;0;0;1;3;1;A01
200900070023;0;7;0;14;2;6;1;A01
200900070023;0;7;0;0;2;1;1;B01
200900070024;0;7;0;0;1;2;1;A01
200900070025;0;7;0;0;9;2;1;A01
200900070025;0;1;0;0;2;1;5;B01
200900070026;0;34;0;0;2;1;5;A01
200900070026;0;7;0;0;2;8;15;B01
200900070027;0;7;0;0;1;4;20;A01
200900070028;0;7;0;0;2;1;1;B01
200900070028;0;7;0;0;2;1;2;A01
200900070029;0;7;0;0;1;1;1;A01
200900070030;0;7;0;8;2;8;1;A01
200900070030;0;7;0;0;2;1;1;B01
200900070031;1;7;0;0;2;6;15;A01
200900070031;0;1;0;15;2;8;19;B01
200900070032;0;38;8;5;2;8;1;C01
200900070032;0;7;0;0;2;3;13;A01
200900070032;0;38;1;0;2;3;1;B01
200900070033;0;30;0;0;2;1;3;B01
200900070033;0;10;0;0;2;1;9;A01
200900070034;0;7;0;0;2;3;15;B01
200900070034;0;33;0;0;2;2;17;A01
200900070035;0;7;0;0;9;1;1;A01
200900070035;0;33;0;0;2;3;1;B01
200900070036;0;7;0;0;2;1;1;A01
200900070036;0;7;0;0;9;4;1;B01
200900070037;0;33;0;1;0;4;1;A01
200900070038;0;1;0;0;2;8;19;B01
200900070038;0;14;0;0;9;0;16;A01
200900070039;0;7;0;0;2;3;13;A01
200900070039;0;7;0;0;2;3;1;B01
200900070040;0;14;0;16;0;1;1;N01
200900070041;0;7;0;0;2;1;19;A01
200900070041;0;7;0;0;0;7;1;B01
200900070042;0;2;0;0;2;1;1;B01
200900070042;1;7;0;0;9;8;15;A01
200900070043;0;7;0;0;2;1;1;A01
200900070043;0;37;1;0;2;5;1;B01
200900070044;0;7;0;0;2;1;1;B01
200900070044;0;7;0;0;2;8;1;A01
200900070045;0;31;0;0;2;1;1;A01
200900070045;0;7;0;0;2;6;1;B01
200900070046;0;2;0;16;0;7;21;A01
200900070047;0;7;0;0;1;1;1;A01
200900070048;0;2;0;0;2;1;1;B01
200900070048;0;7;0;0;2;2;1;A01
200900070049;0;7;0;2;0;1;14;A01
200900070050;0;7;0;0;1;1;1;A01
200900070051;0;7;0;0;0;3;1;A01
200900070052;0;33;0;15;0;1;1;A01
200900070053;0;7;0;0;1;2;1;A01
200900070054;0;2;0;1;2;1;1;A01
200900070055;0;2;0;0;0;0;1;A01
200900070056;0;2;0;0;2;1;1;B01
200900070056;0;7;0;0;2;3;9;A01
200900070057;0;7;0;0;1;2;1;A01
200900070058;0;7;0;15;0;1;1;A01
200900070059;0;7;0;0;2;1;1;A01
200900070059;0;7;0;0;2;1;1;B01
200900070060;0;7;0;0;2;1;9;A01
200900070060;0;7;0;8;2;7;1;B01
200900070061;0;2;0;1;1;1;2;A01
200900070061;0;7;0;0;0;0;2;C01
200900070061;0;7;0;0;0;5;2;B01
200900070062;0;7;0;0;9;3;15;A01
200900070062;0;32;0;0;2;1;15;B01
200900070063;0;7;0;0;2;0;15;A01
200900070063;0;30;0;0;4;1;1;B01
200900070064;0;7;0;0;5;6;2;B01
200900070064;0;33;0;1;0;1;1;A01
200900070065;1;7;0;0;1;2;14;A01
200900070066;0;13;0;0;2;1;13;A01
200900070066;0;7;0;0;2;1;1;B01
200900070067;0;32;0;14;2;7;17;A01
200900070067;0;7;0;0;2;3;15;B01
200900070068;0;7;0;0;1;1;1;A01
200900070069;0;30;0;0;1;1;3;A01
200900070070;0;7;0;0;1;4;4;A01
200900070071;0;7;0;0;0;4;1;B01
200900070071;0;7;0;0;2;1;1;A01
200900070072;0;31;0;0;2;7;1;B01
200900070072;0;7;0;0;2;8;15;A01
200900070073;0;7;0;6;0;7;1;A01
200900070074;0;33;0;0;2;1;1;B01
200900070074;0;7;0;0;2;6;15;A01
200900070075;0;7;0;0;2;3;15;A01
200900070075;0;30;0;0;2;3;1;B01
200900070076;0;34;0;0;1;1;1;A01
200900070077;0;7;0;0;2;1;2;A01
200900070077;0;7;0;0;0;4;2;B01
200900070078;0;1;0;0;2;7;1;B01
200900070078;0;7;0;0;9;8;16;A01
200900070079;0;37;0;0;2;2;23;B01
200900070079;0;37;0;1;1;6;4;A01
200900070080;0;7;0;13;0;7;1;A01
200900070081;0;7;0;0;1;2;0;A01
200900070082;0;7;0;0;1;3;15;A01
200900070083;0;7;0;0;0;0;15;A01
200900070083;0;7;0;11;0;8;1;B01
200900070084;0;1;0;0;2;1;1;B01
200900070084;0;10;0;0;2;8;24;A01
200900070085;0;2;0;0;2;8;1;B01
200900070085;0;7;0;0;2;0;1;A01
200900070086;0;7;0;8;2;1;1;A01
200900070086;0;7;0;8;2;2;1;B01
200900070087;0;2;0;0;2;1;1;B01
200900070087;0;10;0;0;2;3;9;A01
200900070088;0;7;0;0;1;7;2;A01
200900070089;1;30;0;2;1;1;1;A01
200900070090;0;7;0;0;2;2;15;A01
200900070090;0;7;0;0;2;3;1;B01
200900070091;0;7;0;0;2;5;20;A01
200900070091;0;2;0;0;2;1;1;B01
200900070092;0;7;0;7;2;2;1;B01
200900070092;0;17;0;0;2;3;11;A01
200900070093;0;7;0;0;1;4;4;A01
200900070094;0;30;0;0;0;8;1;A01
200900070095;0;7;0;0;2;1;1;B01
200900070095;0;7;0;0;2;7;15;A01
200900070096;0;7;0;0;1;1;1;A01
200900070097;0;7;0;12;0;2;1;A01
200900070098;0;7;0;14;0;1;1;A01
200900070099;0;7;0;0;2;8;2;A01
200900070099;0;7;0;0;2;1;2;B01
200900070100;0;30;0;0;2;1;1;A01
200900070100;0;7;0;0;2;5;11;B01
200900070101;0;33;0;0;2;1;1;A01
200900070101;0;7;0;0;0;5;15;B01
200900070102;0;30;0;0;0;4;1;B01
200900070102;0;3;0;0;2;1;2;A01
200900070103;0;7;0;0;1;1;1;A01
200900070104;0;2;0;0;2;8;2;A01
200900070104;0;7;0;0;2;2;2;B01
200900070105;0;7;0;0;2;5;17;B01
200900070105;0;1;0;0;2;8;2;A01
200900070106;0;7;0;0;2;1;1;B01
200900070106;0;10;0;0;2;8;16;C01
200900070106;0;10;0;0;2;1;1;A01
200900070107;0;30;0;0;2;3;1;B01
200900070107;0;7;0;0;2;1;15;A01
200900070108;0;1;0;0;2;0;19;A01
200900070108;0;33;0;0;9;7;1;B01
200900070109;0;7;0;0;1;7;1;A01
200900070110;0;7;0;0;2;3;9;B01
200900070110;0;31;0;0;2;1;1;A01
200900070111;0;7;0;0;2;1;2;A01
200900070111;0;7;0;0;2;4;23;B01
200900070112;0;7;0;13;0;3;1;A01
200900070113;0;1;0;0;2;8;1;B01
200900070113;0;7;0;0;2;1;15;A01
200900070114;0;7;0;0;9;5;14;A01
200900070114;0;1;0;0;2;8;2;B01
200900070115;0;7;0;0;2;4;1;B01
200900070115;0;7;0;0;2;1;1;A01
200900070116;0;15;0;0;2;2;12;A01
200900070116;0;7;0;1;2;3;1;B01
200900070116;0;7;0;0;2;2;1;C01
200900070117;0;7;0;0;2;5;1;A01
200900070117;0;2;0;0;2;1;0;B01
200900070118;0;7;0;0;2;8;1;B01
200900070118;0;30;0;0;2;2;12;A01
200900070119;0;14;0;0;2;2;1;B01
200900070119;0;14;0;0;2;3;16;A01
200900070120;0;2;0;0;2;1;1;A01
200900070120;0;7;0;0;2;2;19;B01
200900070121;0;7;0;0;0;0;0;B01
200900070121;0;7;0;0;0;0;0;A01
200900070122;0;7;0;0;2;2;10;A01
200900070122;0;33;0;0;0;0;0;B01
200900070123;0;7;0;0;0;6;15;B01
200900070123;0;7;0;0;2;3;15;A01
200900070124;0;7;0;0;2;3;1;B01
200900070124;0;7;0;0;2;1;15;A01
200900070125;0;10;0;0;1;1;1;A01
200900070126;0;7;0;0;2;3;15;A01
200900070126;0;7;0;0;2;1;16;B01
200900070127;0;7;0;0;9;1;15;A01
200900070127;0;1;0;0;2;7;1;B01
200900070128;0;7;0;0;2;7;1;B01
200900070128;0;15;0;0;2;2;12;A01
200900070129;0;7;0;0;2;8;15;B01
200900070129;0;7;0;0;2;7;21;A01
200900070130;0;7;0;0;2;2;2;B01
200900070130;0;7;0;0;2;6;16;A01
200900070131;0;7;0;0;2;3;15;A01
200900070131;0;32;0;0;2;1;17;B01
200900070132;0;7;0;0;0;3;1;A01
200900070133;0;7;0;0;2;6;11;A01
200900070133;0;33;0;0;2;7;1;B01
200900070134;0;7;0;13;0;3;0;A01
200900070135;0;7;0;0;2;3;15;A01
200900070135;0;2;0;0;2;1;1;B01
200900070136;0;30;0;0;2;7;1;B01
200900070136;0;7;0;0;2;1;9;A01
200900070137;0;7;0;0;1;2;9;A01
200900070138;0;7;0;0;2;5;15;C01
200900070138;0;7;0;0;2;1;2;A01
200900070138;0;7;0;0;2;4;2;B01
200900070139;0;7;0;0;2;1;2;A01
200900070139;0;7;0;0;0;4;2;B01
200900070140;1;7;0;0;1;0;0;A01
200900070141;0;7;0;0;0;5;2;A01
200900070141;0;7;0;0;2;4;23;C01
200900070141;0;7;0;0;2;6;23;B01
200900070142;0;7;0;3;0;8;13;A01
200900070143;0;1;0;0;1;7;1;A01
200900070144;0;33;0;2;0;1;17;A01
200900070145;0;36;0;8;0;2;1;A01
200900070146;0;7;0;6;0;3;14;A01
200900070147;0;7;0;0;2;2;16;B01
200900070147;0;33;0;0;2;1;18;A01
200900070148;0;14;0;0;2;5;16;A01
200900070148;0;30;0;0;2;1;2;B01
200900070149;0;17;0;0;2;6;6;B01
200900070149;0;2;0;0;2;7;9;A01
200900070150;0;7;0;0;1;0;16;A01
200900070151;0;30;0;12;0;1;2;A01
200900070152;0;7;0;9;2;1;19;A01
200900070152;0;7;0;0;2;3;19;B01
200900070153;0;7;0;11;0;1;1;A01
200900070154;0;2;0;1;0;7;1;A01
200900070155;0;7;0;0;2;2;15;A01
200900070155;0;1;0;0;2;1;1;B01
200900070156;0;7;0;0;1;1;1;A01
200900070157;0;7;0;0;2;1;9;A01
200900070157;0;7;0;0;0;5;1;B01
200900070158;0;7;0;0;2;1;1;A01
200900070158;0;7;0;0;0;4;1;B01
200900070159;0;7;0;0;2;3;1;B01
200900070159;0;7;0;1;2;1;16;A01
200900070160;0;34;0;12;0;0;14;A01
200900070161;0;2;0;8;9;1;1;A01
200900070162;0;7;0;8;0;7;0;A01
200900070163;0;7;0;14;2;3;15;A01
200900070163;0;7;0;0;2;1;1;B01
200900070164;0;37;0;0;2;7;15;A01
200900070164;0;32;0;0;2;9;1;B01
200900070165;0;7;0;6;9;7;1;A01
200900070166;1;7;0;0;2;0;17;A01
200900070166;0;1;0;0;2;3;1;B01
200900070167;0;7;0;0;2;1;0;A01
200900070167;0;7;0;0;2;3;1;B01
200900070168;0;33;0;0;2;7;17;A01
200900070168;1;7;0;0;2;8;15;B01
200900070169;0;30;0;0;2;8;1;A01
200900070169;0;7;0;0;2;2;1;B01
200900070170;0;30;0;0;2;1;0;B01
200900070170;0;7;0;0;2;1;0;A01
200900070171;0;33;0;0;2;8;0;A01
200900070171;0;7;0;0;2;0;1;B01
200900070172;0;7;0;0;1;0;14;A01
200900070173;0;2;0;0;2;1;1;B01
200900070173;0;7;0;0;2;3;1;A01
200900070174;0;7;0;0;2;0;2;B01
200900070174;0;33;0;0;2;0;3;A01
200900070175;0;2;0;0;0;0;1;A01
200900070176;0;2;0;0;1;1;0;A01
200900070177;0;7;0;9;0;1;1;A01
200900070178;0;7;0;0;2;3;11;A01
200900070178;0;33;0;0;2;7;1;B01
200900070179;0;1;0;0;2;1;16;A01
200900070179;0;7;0;0;2;1;1;B01
200900070180;0;7;0;6;2;6;1;A01
200900070180;0;7;0;0;0;0;0;B01
200900070181;0;33;0;3;0;2;1;A01
200900070182;0;33;0;0;2;1;1;B01
200900070182;0;34;0;0;0;4;12;A01
200900070183;0;32;0;0;0;0;1;A01
200900070184;0;10;0;0;2;4;2;B01
200900070184;0;33;0;0;2;1;2;A01
200900070185;0;32;0;0;2;1;2;A01
200900070185;0;7;0;0;0;4;1;B01
200900070186;0;7;0;0;0;3;11;B01
200900070186;0;33;0;0;2;7;2;A01
200900070187;0;7;0;0;0;4;24;B01
200900070187;0;33;0;1;0;1;18;A01
200900070188;0;33;0;9;0;8;1;A01
200900070189;0;7;0;6;0;1;1;A01
200900070190;0;7;0;0;2;4;2;A01
200900070190;0;7;0;0;2;1;2;B01
200900070191;0;7;0;1;0;1;2;E01
200900070191;0;7;0;0;2;4;2;C01
200900070191;0;7;0;0;2;4;2;A01
200900070191;0;7;0;0;2;4;2;D01
200900070191;0;7;0;0;2;4;2;B01
200900070192;0;10;0;0;0;2;1;C01
200900070192;0;10;0;0;0;0;22;B01
200900070192;0;34;0;0;2;2;18;A01
200900070193;0;7;0;0;2;8;1;B01
200900070193;0;7;0;0;2;7;1;A01
200900070194;0;7;0;0;2;1;2;D01
200900070194;0;7;0;0;2;1;2;C01
200900070194;0;7;0;0;2;4;2;B01
200900070194;0;7;0;0;2;1;2;A01
200900070195;0;7;0;3;2;4;11;A01
200900070195;0;7;0;4;2;1;11;B01
200900070196;0;7;0;4;0;3;1;A01
200900070197;0;7;0;0;0;4;1;C01
200900070197;0;7;0;0;0;4;1;B01
200900070197;0;7;0;0;0;1;1;A01
200900070198;0;31;0;0;2;7;3;A01
200900070199;0;7;0;0;0;5;15;B01
200900070199;0;3;0;0;0;1;1;A01
200900070200;0;7;0;1;0;7;14;A01
200900070201;0;2;0;0;2;2;21;B01
200900070201;0;7;0;0;2;2;15;A01
200900070202;0;2;0;0;2;7;0;B01
200900070202;0;7;0;0;0;1;0;A01
200900070203;0;7;0;0;1;7;1;A01
200900070204;0;1;0;0;1;7;16;A01
200900070205;0;7;0;0;2;4;1;B01
200900070205;0;7;0;14;0;1;1;A01
200900070205;0;7;0;0;2;8;1;C01
200900070206;0;7;0;0;1;1;1;A01
200900070207;1;7;0;0;0;0;0;A01
200900070208;0;30;0;0;2;1;2;B01
200900070208;0;7;0;0;2;2;1;A01
200900070209;0;7;0;0;2;1;1;A01
200900070209;0;7;0;0;2;3;0;B01
200900070210;0;7;0;15;0;2;2;A01
200900070211;0;10;0;1;0;1;2;A01
200900070211;0;10;0;0;0;4;23;B01
200900070212;1;7;0;0;0;0;0;A01
200900070213;0;7;0;0;0;3;1;A01
200900070213;0;7;0;0;0;4;0;B01
200900070214;0;37;30;0;0;0;1;A01
200900070215;0;33;0;0;0;1;1;B01
200900070215;0;7;0;0;0;1;15;A01
200900070216;0;10;0;0;0;0;0;B01
200900070216;0;7;0;0;0;0;0;C01
200900070216;0;32;0;0;0;0;0;A01
200900070217;0;31;0;0;0;0;1;B01
200900070217;0;7;0;0;0;0;12;A01
200900070218;0;32;0;0;0;0;1;B01
200900070218;0;7;0;0;0;0;15;A01
200900070219;0;7;0;0;0;1;1;A01
200900070220;0;7;0;0;1;2;2;A01
200900070221;0;7;0;0;1;0;0;A01
200900070222;1;7;0;0;0;0;0;A01
200900070223;0;30;0;8;0;1;0;A01
200900070224;0;30;0;0;2;6;2;B01
200900070224;0;7;0;0;2;2;2;A01
200900070225;0;36;0;8;0;0;0;A01
200900070226;0;33;0;0;2;1;2;A01
200900070226;0;7;0;0;0;4;2;B01
200900070227;0;7;0;0;0;1;1;A01
200900070227;0;7;0;0;2;2;1;B01
200900070228;0;7;0;0;1;1;1;A01
200900070229;0;33;0;0;2;8;1;B01
200900070229;0;30;0;0;2;1;1;A01
200900070230;0;33;0;12;0;7;12;A01
200900070231;0;1;0;0;2;7;1;B01
200900070231;0;7;0;0;9;3;9;A01
200900070232;0;7;0;0;1;1;15;A01
200900070233;0;7;0;0;2;8;1;B01
200900070233;0;7;0;0;2;1;0;A01
200900070234;0;10;0;0;2;1;1;B01
200900070234;0;7;0;0;2;3;15;A01
200900070235;0;7;0;0;1;3;1;A01
200900070236;0;30;0;0;2;1;1;B01
200900070236;0;7;0;0;2;5;1;A01
200900070237;0;10;0;0;2;7;19;A01
200900070237;0;7;0;0;2;1;1;B01
200900070238;0;2;0;1;0;3;1;A01
200900070239;0;7;0;0;2;3;15;B01
200900070239;0;33;0;0;2;1;1;A01
200900070240;0;7;0;0;2;3;0;B01
200900070240;0;7;0;0;2;3;0;A01
200900070241;0;7;0;0;1;1;1;A01
200900070242;0;7;0;0;2;8;1;D01
200900070242;0;7;0;0;2;5;1;C01
200900070242;0;32;0;0;2;1;2;B01
200900070242;0;33;0;0;2;4;1;A01
200900070243;0;7;0;0;2;2;12;A01
200900070243;0;33;0;0;2;8;3;B01
200900070244;0;7;0;0;2;4;2;B01
200900070244;0;7;0;0;2;1;2;C01
200900070244;0;7;0;0;2;4;1;A01
200900070245;0;7;0;0;2;3;5;A01
200900070245;0;7;0;0;2;0;1;C01
200900070245;0;7;0;0;2;3;1;B01
200900070246;0;7;0;0;2;7;1;C01
200900070246;0;7;0;0;2;4;2;B01
200900070246;0;7;0;0;2;1;1;A01
200900070247;0;10;0;3;0;1;1;A01
200900070248;0;7;0;0;2;2;2;B01
200900070248;0;7;0;0;2;4;1;A01
200900070249;0;14;0;0;2;2;1;B01
200900070249;0;7;0;0;2;8;19;A01
200900070250;0;2;0;1;0;4;1;A01
200900070250;0;7;0;0;2;5;0;B01
200900070251;0;7;0;1;0;0;0;A01
200900070252;0;32;0;0;2;1;17;B01
200900070252;0;7;0;0;2;8;15;A01
200900070253;0;31;0;0;2;1;1;B01
200900070253;0;7;0;0;2;1;13;A01
200900070254;0;7;0;0;2;2;0;A01
200900070254;0;2;0;0;2;4;0;B01
200900070255;0;33;0;0;2;1;1;B01
200900070255;0;7;0;0;2;2;4;A01
200900070256;0;7;0;0;2;2;1;B01
200900070256;0;30;0;0;2;1;1;A01
200900070257;0;10;0;0;0;4;1;B01
200900070257;0;30;0;0;2;1;1;A01
200900070258;0;30;0;1;0;1;1;A01
200900070259;0;15;0;0;2;1;2;B01
200900070259;0;15;0;0;2;2;2;C01
200900070259;0;15;0;0;2;4;2;A01
200900070260;0;7;0;8;0;1;1;A01
200900070261;0;1;0;0;2;1;1;B01
200900070261;0;7;0;0;2;8;24;A01
200900070262;0;7;0;0;2;2;15;A01
200900070262;0;33;0;0;2;1;1;B01
200900070263;0;7;0;0;1;0;4;A01
200900070264;0;7;0;0;2;3;1;B01
200900070264;0;10;0;0;2;3;13;A01
200900070264;0;33;0;0;2;1;1;C01
200900070265;0;7;0;0;6;1;1;A01
200900070265;0;7;0;0;6;1;0;B01
200900070266;0;30;0;0;2;1;17;A01
200900070266;0;7;0;0;2;8;15;B01
200900070267;0;10;0;0;2;8;15;B01
200900070267;0;33;0;0;2;1;17;A01
200900070268;0;7;0;0;2;1;16;B01
200900070268;0;30;0;0;2;8;15;A01
200900070269;0;32;0;0;9;1;1;A01
200900070270;0;7;0;0;1;2;1;A01
200900070271;0;7;0;0;1;4;2;B01
200900070271;0;7;0;0;2;1;2;A01
200900070272;0;17;0;0;0;7;0;A01
200900070273;0;7;0;0;2;5;1;B01
200900070273;0;30;0;0;2;1;18;A01
200900070274;0;7;0;0;2;2;1;B01
200900070274;0;7;0;0;2;3;9;A01
200900070275;0;7;0;0;0;9;14;A01
200900070276;0;30;0;0;0;1;1;A01
200900070277;0;7;0;4;0;1;1;A01
200900070278;0;7;0;0;2;4;1;A01
200900070278;1;7;0;0;2;1;1;B01
200900070279;0;7;0;0;1;1;1;C01
200900070279;0;7;0;0;1;1;12;A01
200900070279;0;7;0;0;1;1;1;B01
200900070280;0;7;0;0;2;4;1;A01
200900070280;0;10;0;0;2;1;2;B01
200900070281;0;15;0;0;2;3;1;A01
200900070281;0;7;0;0;2;6;12;B01
200900070282;0;32;0;0;0;8;1;A01
200900070283;0;10;0;16;0;9;12;A01
200900070284;0;7;0;13;0;6;0;A01
200900070285;0;10;0;4;0;9;1;A01
200900070286;0;31;0;0;0;1;1;A01
200900070287;0;7;0;0;2;1;1;B01
200900070287;0;7;0;0;0;4;1;A01
200900070288;0;7;0;3;2;1;1;A01
200900070288;0;7;0;0;2;1;1;B01
200900070289;0;7;0;0;2;4;2;B01
200900070289;0;7;0;0;2;1;1;A01
200900070290;0;7;0;0;2;5;1;B01
200900070290;0;7;0;0;2;1;1;A01
200900070291;0;7;0;0;0;0;1;A01
200900070292;0;7;0;4;0;1;1;A01
200900070293;0;33;0;0;0;0;0;A01
200900070294;0;7;0;0;2;4;2;B01
200900070294;0;7;0;0;2;1;2;D01
200900070294;0;7;0;0;2;4;0;A01
200900070294;0;7;0;0;2;4;2;C01
200900070295;0;33;0;0;2;2;2;B01
200900070295;0;7;0;0;2;6;1;A01
200900070296;0;7;0;0;0;7;1;A01
200900070297;0;33;0;0;2;3;3;B01
200900070297;0;7;0;0;2;2;12;A01
200900070298;0;7;0;0;2;8;11;A01
200900070298;0;15;0;0;2;2;1;B01
200900070299;0;7;0;0;2;8;11;A01
200900070299;0;33;0;0;2;7;3;B01
200900070300;0;7;0;13;0;1;1;A01
200900070301;0;7;0;0;0;4;1;A01
200900070301;0;7;0;0;2;1;2;B01
200900070302;0;7;0;0;0;4;2;C01
200900070302;0;7;0;0;0;4;1;A01
200900070302;0;7;0;0;0;1;2;D01
200900070302;0;7;0;0;0;4;2;B01
200900070303;0;7;0;0;0;4;1;A01
200900070303;0;7;0;0;2;1;2;B01
200900070304;0;7;0;0;2;8;1;B01
200900070304;0;33;0;0;2;2;0;A01
200900070305;0;7;0;0;1;2;1;A01
200900070306;0;1;0;0;2;1;1;B01
200900070306;0;7;0;0;2;2;15;A01
200900070307;0;7;0;0;2;1;0;B01
200900070307;2;7;0;0;2;1;5;A01
200900070308;0;2;0;8;0;8;1;A01
200900070309;0;7;0;8;0;9;21;A01
200900070310;0;30;0;0;2;8;1;A01
200900070310;0;7;0;0;2;7;1;B02
200900070311;0;7;0;0;2;1;13;A01
200900070311;0;7;0;0;2;3;1;B02
200900070312;0;33;0;0;0;1;1;A01
200900070313;0;33;0;0;2;3;20;A01
200900070313;0;7;0;0;2;5;2;B02
200900070314;0;7;0;5;0;1;13;A01
200900070315;0;33;0;0;0;1;17;A01
200900070315;0;1;0;0;0;4;15;B02
200900070316;0;7;0;0;2;1;15;A01
200900070316;0;7;0;0;2;3;1;B02
200900070317;0;10;0;0;2;2;15;A01
200900070317;0;1;0;0;2;1;1;B02
200900070318;0;33;0;0;9;0;21;A01
200900070319;0;33;0;15;0;1;15;A01
200900070320;0;7;0;0;2;4;0;A01
200900070320;0;7;0;0;2;0;0;B01
200900070321;0;7;0;0;2;0;0;A01
200900070321;0;7;0;0;2;0;0;B01
200900070322;0;7;0;0;2;4;15;C01
200900070322;0;7;0;0;2;4;15;B01
200900070322;0;7;0;0;2;1;15;A01
200900070323;0;7;0;0;1;0;15;A01
200900070324;0;7;0;0;2;1;15;A01
200900070324;0;7;0;0;2;8;7;B01
200900070325;0;7;0;0;2;2;1;B01
200900070325;0;30;0;0;2;1;15;A01
200900070326;0;7;0;0;1;5;0;A01
200900070327;0;7;0;0;2;8;1;A01
200900070327;0;33;0;0;2;1;1;B01
200900070328;0;31;0;0;2;1;0;B01
200900070328;0;7;0;0;2;2;0;A01
200900070329;0;7;0;0;1;1;1;A01
200900070330;0;33;0;1;2;9;0;A01
200900070330;0;7;0;0;2;8;0;B01
200900070331;0;7;0;0;2;1;15;B01
200900070331;0;7;0;0;2;9;21;A01
200900070332;0;7;0;0;2;1;0;B01
200900070332;0;7;0;0;2;2;0;A01
200900070333;0;37;15;0;1;2;2;A01
200900070334;0;7;0;0;1;1;1;A01
200900070335;0;7;0;0;2;2;16;A01
200900070335;0;31;0;0;2;7;18;B01
200900070336;0;7;0;0;1;1;0;A01
200900070337;0;7;0;0;0;5;1;A01
200900070338;0;7;0;0;2;1;0;A01
200900070338;0;2;0;0;2;1;1;B01
200900070339;0;7;0;0;2;1;1;A01
200900070339;0;7;0;0;0;4;1;B01
200900070340;0;7;0;0;2;2;1;B01
200900070340;0;7;0;0;2;3;10;A01
200900070341;0;37;1;0;1;2;21;A01
200900070342;0;7;0;14;0;1;1;A01
200900070343;0;7;0;0;1;6;4;A01
200900070344;0;7;0;0;2;4;1;B01
200900070344;0;7;0;0;2;1;2;A01
200900070345;2;7;0;4;1;3;20;A01
200900070346;0;7;0;0;0;6;2;B01
200900070346;0;7;0;0;2;1;2;A01
200900070347;0;7;0;0;9;1;2;A01
200900070347;0;1;0;0;0;4;2;B01
200900070348;0;30;0;0;2;1;1;B01
200900070348;0;7;0;0;2;3;15;A01
200900070349;0;7;0;2;0;1;13;A01
200900070350;0;30;0;16;0;1;1;A01
200900070351;0;10;0;0;1;4;20;A01
200900070352;0;7;0;0;2;5;4;C01
200900070352;0;33;0;0;2;1;1;A01
200900070352;0;7;0;0;2;7;23;B01
200900070353;0;2;0;0;0;0;0;A01
200900070353;0;30;0;0;0;0;0;B01
200900070354;0;1;0;0;0;1;1;A01
200900070355;0;7;0;0;2;1;1;B01
200900070355;0;7;0;0;2;7;15;A01
200900070356;0;7;0;0;0;0;0;B01
200900070356;0;2;0;0;0;0;1;A01
200900070357;0;7;0;4;0;0;0;A01
200900070358;0;7;0;0;1;2;1;A01
200900070359;0;13;0;0;0;1;1;A01
200900070360;0;7;0;0;2;1;1;B01
200900070360;0;7;0;0;0;4;1;A01
200900070361;0;7;0;16;0;7;1;A01
200900070362;0;7;0;0;2;4;23;B02
200900070362;0;7;0;0;2;1;1;A01
200900070363;0;2;0;0;2;7;17;B02
200900070363;0;7;0;0;2;3;15;A01
200900070364;0;7;0;0;2;1;13;A01
200900070364;0;7;0;0;2;1;1;B02
200900070365;0;7;0;0;2;6;24;B02
200900070365;0;17;0;1;0;1;14;A01
200900070366;0;7;0;0;2;1;15;A01
200900070366;0;7;0;0;2;6;1;B02
200900070367;0;10;0;0;2;3;1;A01
200900070367;0;7;0;0;2;3;1;B02
200900070368;0;30;0;0;0;3;1;A01
200900070369;0;7;0;13;0;2;1;A01
200900070370;0;7;0;0;2;3;1;B02
200900070370;0;7;0;0;2;2;1;A01
200900070371;0;14;0;0;2;3;1;B02
200900070371;0;7;0;0;2;3;13;A01
200900070372;0;7;0;0;2;7;16;B02
200900070372;0;7;0;0;2;3;2;A01
200900070373;0;31;0;0;2;1;5;A01
200900070373;0;7;0;0;2;1;1;B02
200900070374;0;30;0;0;1;0;21;A01
200900070375;0;7;0;0;0;9;14;A01
200900070376;0;7;0;8;0;8;1;A01
200900070377;0;7;0;0;1;3;1;A01
200900070378;0;33;0;0;2;1;17;A01
200900070378;0;7;0;0;2;4;0;C03
200900070378;0;14;0;0;2;3;0;B02
200900070379;0;7;0;0;2;1;9;A01
200900070379;0;30;0;0;2;1;21;B02
200900070380;0;7;0;0;2;6;9;A01
200900070380;0;2;0;0;2;1;1;B01
200900070381;0;7;0;0;1;5;1;A01
200900070382;0;7;0;0;2;1;1;A01
200900070382;0;7;0;0;0;4;1;B01
200900070383;0;7;0;0;2;2;15;A01
200900070383;0;30;0;0;2;9;0;B01
200900070384;0;7;0;0;1;2;1;A01
200900070385;0;7;0;0;2;6;2;B01
200900070385;0;7;0;0;2;2;1;A01
200900070385;0;10;0;0;2;3;5;C01
200900070386;0;7;0;0;2;1;1;B01
200900070386;2;7;0;8;2;2;15;A01
200900070387;0;10;0;0;2;2;2;B01
200900070387;0;1;0;0;2;1;9;A01