num_acc;senc;catv;occutc;obs;obsm;choc;manv;num_veh
200900070388;0;1;0;0;2;1;1;A01
200900070388;0;7;0;0;2;4;2;B01
200900070389;0;7;0;0;1;2;1;A01
200900070390;0;7;0;1;0;7;1;A01
200900070391;0;7;0;0;2;1;1;A01
200900070391;0;2;0;0;2;4;23;B01
200900070392;0;7;0;0;2;1;17;A01
200900070392;0;7;0;0;2;1;1;B01
200900070393;0;7;0;0;2;4;2;B01
200900070393;0;7;0;0;2;4;2;C01
200900070393;0;7;0;0;2;1;1;A01
200900070394;0;7;0;0;1;4;20;A01
200900070395;0;7;0;0;1;1;1;A01
200900070396;0;7;0;0;0;4;23;B01
200900070396;0;7;0;0;2;1;1;A01
200900070397;0;2;0;0;2;1;1;A01
200900070397;0;7;0;0;2;4;23;B01
200900070398;0;7;0;0;2;1;1;B01
200900070398;0;2;0;0;2;7;1;A01
200900070399;0;31;0;0;2;8;0;A01
200900070399;0;7;0;0;2;7;0;B01
200900070400;0;7;0;0;2;4;1;B01
200900070400;0;7;0;0;2;6;1;A01
200900070401;0;33;0;0;0;7;2;A01
200900070402;0;7;0;4;0;9;2;A01
200900070403;0;7;0;4;0;7;1;A01
200900070404;0;7;0;3;0;8;0;A01
200900070405;0;7;0;10;2;2;12;B01
200900070405;2;7;0;10;2;6;1;A01
200900070406;0;7;0;4;2;2;1;A01
200900070407;0;7;0;0;2;7;12;B01
200900070407;0;33;0;0;2;3;3;A01
200900070408;0;7;0;0;2;4;12;A01
200900070408;0;32;0;0;2;9;3;C01
200900070408;0;7;0;0;2;8;2;B01
200900070409;0;31;0;0;2;0;0;C01
200900070409;0;7;0;0;0;8;0;B01
200900070409;0;7;0;0;0;6;2;A01
200900070410;0;7;0;0;2;1;0;B01
200900070410;0;7;0;0;2;1;0;A01
200900070411;0;7;0;0;2;1;2;B01
200900070411;0;10;0;0;2;1;2;D01
200900070411;0;7;0;0;2;1;2;C01
200900070411;0;7;0;0;0;4;1;A01
200900070412;0;7;0;0;0;4;23;A01
200900070412;0;7;0;0;0;2;2;B01
200900070413;0;14;0;0;2;3;0;C01
200900070413;0;14;0;0;0;4;1;B01
200900070413;0;7;0;0;0;4;23;A01
200900070414;0;7;0;0;2;5;9;A01
200900070414;0;33;0;0;2;3;1;B01
200900070415;0;7;0;0;2;8;1;B01
200900070415;0;7;0;0;2;2;12;A01
200900070416;0;7;0;3;0;2;2;A01
200900070417;0;7;0;0;0;4;2;B01
200900070417;0;33;0;0;2;1;2;A01
200900070418;0;33;0;0;0;1;2;A01
200900070419;0;7;0;0;2;1;2;B01
200900070419;0;10;0;0;0;4;1;A01
200900070420;0;7;0;0;2;8;13;A01
200900070420;0;33;0;0;2;2;21;B01
200900070421;0;7;0;0;2;1;2;B01
200900070421;0;7;0;0;0;4;2;A01
200900070422;0;7;0;4;0;3;2;A01
200900070423;0;7;0;0;0;4;9;A01
200900070423;0;15;0;0;2;1;1;B01
200900070424;0;32;0;0;0;8;1;A01
200900070425;0;7;0;0;2;4;11;A01
200900070425;0;33;0;0;2;1;17;B01
200900070426;0;7;0;0;2;3;9;B01
200900070426;0;7;0;0;2;5;17;C01
200900070426;0;33;0;0;2;3;17;A01
200900070427;0;33;0;0;2;1;9;A01
200900070427;0;17;0;0;0;5;1;B01
200900070428;0;7;0;4;0;7;1;B01
200900070428;0;10;0;6;2;8;13;A01
200900070429;0;7;0;0;2;6;15;B01
200900070429;0;33;0;0;2;1;1;A01
200900070430;0;30;0;0;2;1;1;A01
200900070430;0;7;0;0;2;4;0;B01
200900070431;0;33;0;0;2;1;14;B01
200900070431;0;10;0;0;2;1;1;A01
200900070432;0;2;0;0;1;1;17;A01
200900070433;0;33;0;0;1;1;1;A01
200900070434;0;7;0;0;2;0;1;B01
200900070434;0;33;0;0;0;1;1;A01
200900070435;1;7;0;0;2;1;1;B01
200900070435;0;32;0;0;2;4;23;A01
200900070436;0;33;0;0;0;1;1;A01
200900070437;0;17;0;0;0;7;1;A01
200900070437;0;7;0;0;2;8;9;B01
200900070438;0;7;0;16;0;5;1;A01
200900070439;0;7;0;0;2;5;11;B01
200900070439;0;33;0;0;2;1;3;A01
200900070440;1;7;0;0;2;0;11;B01
200900070440;0;33;0;0;0;7;2;A01
200900070441;0;7;0;4;0;1;0;A01
200900070442;0;7;0;12;0;3;15;A01
200900070443;0;7;0;0;2;6;2;C01
200900070443;0;7;0;0;2;8;11;A01
200900070443;0;33;0;0;1;5;17;B01
200900070444;0;7;0;0;2;2;12;A01
200900070444;0;34;0;0;2;3;18;B01
200900070445;0;7;0;0;2;4;2;A01
200900070445;0;32;0;0;2;1;2;B01
200900070446;0;14;0;0;0;6;2;A01
200900070446;0;7;0;0;2;2;14;B01
200900070447;0;15;0;0;0;6;1;B01
200900070447;0;33;0;0;2;1;2;A01
200900070448;0;7;0;0;2;3;2;B01
200900070448;0;7;0;0;0;0;2;A01
200900070449;0;33;0;0;2;1;3;D01
200900070449;0;7;0;0;0;5;2;A01
200900070449;0;7;0;0;0;5;2;B01
200900070449;0;7;0;0;0;5;2;C01
200900070450;0;7;0;0;0;4;2;B01
200900070450;0;33;0;0;0;1;2;A01
200900070451;0;10;0;0;2;1;2;B01
200900070451;0;10;0;0;2;4;2;A01
200900070452;0;33;0;0;2;3;0;A01
200900070452;0;7;0;0;0;5;1;B01
200900070453;0;7;0;3;0;1;0;A01
200900070454;0;7;0;0;2;1;2;B01
200900070454;0;7;0;0;0;4;2;A01
200900070455;0;7;0;4;0;3;0;A01
200900070455;0;7;0;0;0;0;12;B01
200900070456;0;7;0;13;0;2;14;A01
200900070457;0;15;0;0;2;4;2;C01
200900070457;0;7;0;0;2;4;2;B01
200900070457;0;17;0;0;2;1;2;A01
200900070458;0;7;0;2;0;2;1;A01
200900070459;0;7;0;0;0;8;1;B01
200900070459;0;7;0;0;0;7;17;A01
200900070460;0;7;0;0;0;7;18;A01
200900070461;0;7;0;0;2;4;1;A01
200900070461;0;7;0;0;2;1;2;B01
200900070462;0;30;0;12;0;1;14;A01
200900070463;0;7;0;0;2;8;13;A01
200900070463;0;33;0;0;2;7;17;B01
200900070464;0;2;0;0;2;3;1;A01
200900070464;0;7;0;0;2;3;1;B01
200900070465;0;30;0;0;2;1;1;B01
200900070465;0;7;0;0;2;2;15;A01
200900070466;0;7;0;0;2;7;1;A01
200900070466;0;7;0;0;2;3;2;B01
200900070467;0;7;0;0;2;2;1;A01
200900070467;0;7;0;0;2;5;1;B01
200900070468;0;7;0;0;5;1;1;A01
200900070469;0;20;0;0;2;1;20;A01
200900070469;0;10;0;0;2;1;1;B01
200900070470;0;7;0;6;2;1;4;A01
200900070470;0;7;0;0;2;1;1;B01
200900070471;0;33;0;0;2;8;1;B01
200900070471;1;7;0;0;2;2;9;A01
200900070472;0;33;0;0;2;8;1;B01
200900070472;0;7;0;0;2;3;13;A01
200900070473;0;2;0;0;2;1;1;B01
200900070473;0;7;0;0;2;8;15;A01
200900070474;0;7;0;5;2;4;13;A01
200900070474;0;7;0;0;2;1;1;B01
200900070475;0;7;0;0;2;3;1;B01
200900070475;0;1;0;0;2;2;5;A01
200900070476;0;1;0;0;2;8;15;A01
200900070476;0;32;0;0;2;1;1;B01
200900070477;0;7;0;0;2;1;1;A01
200900070477;0;7;0;16;0;4;2;B01
200900070478;0;1;0;0;2;1;5;A01
200900070478;0;10;0;0;2;1;1;B01
200900070479;0;7;0;0;2;3;13;A01
200900070479;0;7;0;1;2;6;1;B01
200900070480;0;7;0;0;2;4;1;B01
200900070480;0;33;0;0;2;1;1;A01
200900070481;0;7;0;0;0;8;15;A01
200900070481;0;2;0;0;2;1;1;B01
200900070482;0;31;0;0;2;1;1;A01
200900070482;0;99;0;0;2;4;1;B01
200900070483;0;2;0;15;0;2;1;A01
200900070484;0;37;10;0;2;4;1;B01
200900070484;0;37;10;0;2;1;1;A01
200900070485;0;31;0;0;1;1;7;A01
200900070486;0;7;0;0;2;6;2;B01
200900070486;0;7;0;0;2;1;2;A01
200900070487;0;10;0;0;2;4;4;B01
200900070487;0;7;0;0;2;5;1;A01
200900070488;0;7;0;0;2;1;1;B01
200900070488;0;7;0;0;2;2;15;A01
200900070489;0;7;0;0;2;8;1;B01
200900070489;0;7;0;0;2;8;1;A01
200900070490;0;37;1;0;1;2;1;A01
200900070491;0;7;0;9;0;1;1;B01
200900070491;0;7;0;9;0;9;1;A01
200900070491;0;7;0;12;0;3;1;C01
200900070492;0;7;0;0;2;6;1;B01
200900070492;0;7;0;0;2;3;6;A01
200900070492;0;7;0;0;2;5;1;C01
200900070493;0;7;0;0;2;4;1;B01
200900070493;0;7;0;0;2;1;1;A01
200900070494;0;7;0;0;2;4;3;A01
200900070494;0;14;0;0;2;1;3;B01
200900070495;0;7;0;0;2;3;10;B01
200900070495;0;33;0;0;2;1;1;A01
200900070496;0;7;0;0;2;3;1;B01
200900070496;0;7;0;16;2;1;12;A01
200900070497;0;7;0;0;1;1;20;A01
200900070498;0;7;0;0;2;9;23;C01
200900070498;0;7;0;0;2;9;23;B01
200900070498;0;10;0;0;2;1;1;A01
200900070498;0;7;0;0;2;4;23;D01
200900070499;0;7;0;0;2;3;15;A01
200900070499;0;7;0;0;2;1;1;B01
200900070500;0;7;0;3;2;6;1;B01
200900070500;0;7;0;0;2;1;2;A01
200900070501;0;1;0;0;2;4;1;B01
200900070501;0;7;0;0;2;1;2;A01
200900070502;0;7;0;0;9;3;1;A01
200900070502;0;1;0;0;2;7;5;B01
200900070503;0;7;0;0;1;1;1;A01
200900070504;0;7;0;0;1;2;1;A01
200900070505;0;7;0;0;2;5;24;B01
200900070505;1;7;0;0;2;3;1;A01
200900070506;0;7;0;0;0;4;1;A01
200900070506;0;7;0;0;2;1;2;C01
200900070506;0;7;0;0;2;1;2;B01
200900070507;0;2;0;0;0;0;1;A01
200900070508;1;7;0;0;1;0;1;A01
200900070509;0;7;0;0;2;4;23;B01
200900070509;0;7;0;0;2;1;2;A01
200900070510;0;7;0;6;0;1;1;A01
200900070511;0;7;0;0;2;1;2;A01
200900070511;0;7;0;0;2;4;23;B01
200900070512;0;7;0;3;0;1;1;A01
200900070513;0;7;0;0;2;3;11;A01
200900070513;0;33;0;0;2;1;1;B01
200900070514;0;7;0;0;2;1;1;C01
200900070514;0;37;0;0;2;1;1;B01
200900070514;0;7;0;0;2;4;9;A01
200900070515;0;31;0;0;0;7;1;A01
200900070516;0;7;0;0;2;3;1;B01
200900070516;0;7;0;0;2;2;15;A01
200900070517;0;7;0;2;0;7;13;A01
200900070518;0;7;0;2;0;2;1;A01
200900070519;0;7;0;0;2;1;1;A01
200900070519;0;7;0;0;2;4;2;B02
200900070520;0;7;0;0;2;7;13;A01
200900070520;0;7;0;0;2;1;1;B02
200900070521;0;7;0;2;0;9;13;A01
200900070522;0;30;0;0;2;1;1;B01
200900070522;0;7;0;0;2;4;1;A01
200900070523;0;7;0;0;2;2;15;A01
200900070523;0;2;0;0;2;1;1;B01
200900070524;0;7;0;0;1;7;1;A01
200900070525;0;7;0;0;0;4;2;B01
200900070525;0;30;0;0;2;1;1;A01
200900070526;0;10;0;8;0;1;1;A01
200900070527;0;7;0;0;1;8;16;A01
200900070528;0;31;0;0;0;1;1;A01
200900070529;0;2;0;0;0;0;0;A01
200900070530;0;7;0;0;1;1;1;A01
200900070531;0;7;0;0;2;3;1;B01
200900070531;0;7;0;1;2;2;9;A01
200900070531;0;7;0;0;2;1;1;D01
200900070532;0;7;0;0;2;1;0;A01
200900070532;0;7;0;0;0;0;0;B01
200900070533;0;2;0;0;0;0;9;A01
200900070534;0;7;0;0;1;3;15;A01
200900070535;0;7;0;0;2;4;1;B01
200900070535;0;15;0;0;2;1;2;A01
200900070536;0;7;0;0;2;2;15;B01
200900070536;0;7;0;0;2;1;1;A01
200900070537;0;7;0;0;2;1;1;A01
200900070537;0;7;0;0;0;8;16;B01
200900070538;0;7;0;0;1;1;1;A01
200900070539;0;7;0;0;0;1;1;A01
200900070540;0;7;0;0;0;0;1;B01
200900070540;0;7;0;0;2;4;1;A01
200900070541;0;7;0;0;2;5;9;B01
200900070541;0;14;0;0;2;3;1;A01
200900070542;0;7;0;0;0;1;1;A01
200900070543;0;7;0;0;0;9;1;A01
200900070544;0;7;0;0;2;1;1;A01
200900070544;0;7;0;0;2;2;15;B01
200900070545;0;32;0;0;2;1;1;B01
200900070545;1;7;0;0;2;4;4;A01
200900070546;0;7;0;0;1;1;1;A01
200900070547;0;14;0;0;2;1;2;A01
200900070547;0;7;0;0;2;4;1;B01
200900070548;0;2;0;0;0;7;1;A01
200900070548;0;7;0;0;2;1;1;B01
200900070549;0;7;0;3;0;3;0;A01
200900070550;0;32;0;0;2;1;3;B01
200900070550;0;7;0;0;2;5;1;A01
200900070551;0;2;0;0;2;1;1;B01
200900070551;0;7;0;0;2;6;11;A01
200900070552;0;7;0;0;2;4;2;B01
200900070552;0;7;0;0;2;1;1;A01
200900070553;0;7;0;0;2;8;1;A01
200900070553;0;7;0;0;2;3;13;B01
200900070554;0;7;0;0;2;4;1;A01
200900070554;0;7;0;0;2;2;2;B01
200900070555;0;7;0;0;2;1;2;B01
200900070555;0;7;0;0;2;4;0;A01
200900070556;0;33;0;0;0;7;0;A01
200900070557;0;7;0;0;2;3;2;C01
200900070557;0;7;0;0;2;1;1;A01
200900070557;0;7;0;0;2;4;2;B01
200900070558;0;7;0;0;2;4;1;A01
200900070558;2;7;0;0;2;2;14;B01
200900070559;2;7;0;14;0;1;1;A01
200900070560;0;7;0;0;0;0;1;A01
200900070561;0;7;0;1;2;2;1;C01
200900070561;0;7;0;0;2;6;23;B01
200900070561;0;32;0;0;2;8;1;A01
200900070562;0;7;0;0;2;4;2;B01
200900070562;0;17;0;0;2;1;1;A01
200900070563;0;7;0;0;0;6;2;C01
200900070563;0;7;0;0;0;6;2;B01
200900070563;0;7;0;0;2;2;1;A01
200900070564;0;7;0;0;2;1;1;B01
200900070564;0;7;0;16;2;8;5;A01
200900070565;0;7;0;0;2;4;2;B01
200900070565;0;7;0;0;2;1;2;E01
200900070565;0;7;0;0;2;4;1;A01
200900070565;0;13;0;0;2;1;2;D01
200900070565;0;7;0;0;2;4;2;C01
200900070566;0;7;0;0;0;1;1;A01
200900070567;0;7;0;13;0;7;14;A01
200900070568;0;7;0;0;2;5;12;A01
200900070568;0;33;0;0;2;3;1;B01
200900070569;0;33;0;0;2;8;17;B01
200900070569;0;7;0;0;2;8;0;C01
200900070569;0;7;0;0;2;7;12;A01
200900070570;0;33;0;0;0;7;3;A01
200900070571;0;7;0;0;2;8;11;A01
200900070571;0;31;0;0;0;7;2;C01
200900070571;0;7;0;0;2;4;2;B01
200900070572;0;7;0;0;2;3;11;A01
200900070572;0;32;0;0;2;2;1;B01
200900070573;0;7;0;0;0;9;1;A01
200900070574;0;7;0;3;0;1;1;A01
200900070575;0;7;0;0;2;4;1;A01
200900070575;0;7;0;0;2;1;2;B01
200900070576;0;7;0;4;0;3;1;A01
200900070577;0;10;0;0;2;1;2;C01
200900070577;0;7;0;0;2;4;2;B01
200900070577;0;7;0;0;2;4;1;A01
200900070578;0;7;0;0;2;8;11;C01
200900070578;0;7;0;0;2;6;1;A01
200900070578;0;33;0;0;2;7;3;B01
200900070579;0;7;0;3;0;3;1;A01
200900070580;0;7;0;0;2;4;1;A01
200900070580;0;31;0;0;2;1;2;B01
200900070581;0;7;0;4;0;3;21;A01
200900070582;0;7;0;3;0;1;1;A01
200900070583;0;7;0;0;2;4;1;A01
200900070583;0;7;0;0;2;3;9;C01
200900070583;0;33;0;0;2;7;2;B01
200900070584;0;7;0;0;1;8;1;B01
200900070584;0;7;0;0;2;3;1;A01
200900070585;0;7;0;0;2;4;1;D01
200900070585;0;7;0;0;2;4;2;G02
200900070585;0;7;0;0;2;4;2;E01
200900070585;0;7;0;0;2;4;2;F02
200900070585;0;14;0;0;2;1;1;A01
200900070585;0;7;0;0;2;4;1;B01
200900070585;0;7;0;0;2;4;1;C01
200900070586;0;7;0;3;0;7;1;A01
200900070587;0;33;0;0;2;1;3;A01
200900070587;0;7;0;0;2;7;12;B01
200900070588;0;7;0;0;2;1;1;A01
200900070588;0;7;0;0;2;4;1;B01
200900070589;0;10;0;4;2;8;1;B01
200900070589;0;10;0;0;2;7;1;A01
200900070590;0;7;0;0;2;1;2;C01
200900070590;0;7;0;0;2;4;1;A01
200900070590;0;7;0;0;2;4;2;B01
200900070591;0;7;0;0;2;1;1;B01
200900070591;0;7;0;0;2;4;1;A01
200900070592;0;7;0;0;2;4;1;B01
200900070592;0;7;0;0;2;1;1;A01
200900070593;0;33;0;0;0;0;21;A01
200900070594;0;31;0;0;0;2;1;A01
200900070595;0;7;0;4;0;1;1;A01
200900070596;0;7;0;3;0;1;1;A01
200900070597;0;7;0;0;0;9;1;A01
200900070598;0;7;0;0;2;5;12;A01
200900070598;0;33;0;0;2;1;18;B01
200900070599;0;7;0;0;2;8;9;A01
200900070599;0;15;0;0;2;5;1;B01
200900070600;0;7;0;3;2;8;11;A01
200900070600;0;7;0;0;2;4;1;B01
200900070601;0;7;0;4;0;1;0;A01
200900070602;0;2;0;0;0;0;1;A01
200900070603;0;15;0;0;2;8;13;A01
200900070603;0;7;0;0;2;7;14;B01
200900070604;0;30;0;0;0;1;0;A01
200900070605;0;30;0;0;0;0;1;A01
200900070606;0;7;0;0;1;7;1;A01
200900070607;0;7;0;0;2;4;2;B01
200900070607;0;7;0;0;2;1;2;A01
200900070608;0;7;0;4;2;7;1;A01
200900070608;0;15;0;0;2;8;3;B01
200900070609;0;7;0;1;0;1;2;B01
200900070609;0;7;0;0;2;3;23;A01
200900070610;0;7;0;0;5;0;1;A01
200900070611;0;7;0;14;0;1;1;A01
200900070612;0;7;0;1;0;4;23;B01
200900070612;0;7;0;1;0;1;1;A01
200900070612;0;7;0;0;0;4;23;C01
200900070613;0;7;0;0;2;8;20;A01
200900070613;0;32;0;0;2;2;2;B01
200900070614;0;37;10;0;1;5;1;A01
200900070615;0;7;0;0;2;1;2;A01
200900070615;0;7;0;0;2;4;2;B01
200900070616;0;7;0;1;0;1;2;C01
200900070616;0;7;0;0;2;4;11;A01
200900070616;0;7;0;0;2;1;2;B01
200900070617;0;31;0;0;2;3;1;B01
200900070617;0;7;0;0;2;2;1;A01
200900070618;0;2;0;0;2;1;0;A01
200900070618;0;37;10;0;2;8;10;B01
200900070619;0;33;0;0;2;1;2;A01
200900070619;0;7;0;0;2;6;15;B01
200900070620;0;7;0;0;2;4;23;B01
200900070620;0;7;0;0;2;1;1;A01
200900070621;0;7;0;0;1;6;4;A01
200900070622;0;7;0;15;2;5;17;A01
200900070622;0;10;0;0;2;3;11;B01
200900070623;0;7;0;0;0;0;0;B01
200900070623;0;7;0;0;2;0;0;A01
200900070624;1;7;0;2;0;1;14;A01
200900070625;0;7;0;0;2;1;1;A01
200900070625;0;13;0;0;2;4;1;B01
200900070626;0;30;0;0;2;7;0;B01
200900070626;0;7;0;0;2;1;0;A01
200900070627;0;7;0;0;1;1;15;A01
200900070628;0;7;0;0;2;8;9;A01
200900070628;0;2;0;0;2;7;1;B01
200900070629;0;30;0;0;2;0;0;C01
200900070629;0;7;0;0;2;0;0;A01
200900070629;0;30;0;0;2;0;0;B01
200900070630;1;7;0;0;2;8;20;A01
200900070630;0;32;0;0;0;3;1;B01
200900070631;0;37;10;0;1;2;1;A01
200900070632;0;32;0;0;2;7;1;B01
200900070632;0;10;0;0;2;6;9;A01
200900070633;0;7;0;0;2;1;1;B01
200900070633;0;7;0;0;2;1;0;A01
200900070634;0;7;0;0;2;1;1;A01
200900070634;0;7;0;0;2;3;1;B01
200900070635;0;7;0;0;2;6;15;A01
200900070635;0;10;0;0;2;1;1;B01
200900070636;0;7;0;0;2;5;23;C01
200900070636;0;32;0;0;2;1;3;A01
200900070636;0;7;0;0;2;8;11;B01
200900070637;0;10;0;0;1;1;15;A01
200900070638;0;7;0;0;2;1;1;B01
200900070638;0;7;0;0;2;1;1;A01
200900070639;0;33;0;0;2;1;1;B01
200900070639;0;7;0;0;2;3;20;A01
200900070640;0;7;0;0;2;4;1;B01
200900070640;0;7;0;0;2;1;1;A01
200900070641;0;7;0;0;2;4;2;B01
200900070641;0;3;0;0;2;1;1;A01
200900070642;0;7;0;0;2;1;1;B01
200900070642;0;7;0;0;2;1;15;A01
200900070643;0;7;0;0;1;3;1;A01
200900070644;0;10;0;0;1;2;20;A01
200900070645;0;7;0;16;2;3;15;A01
200900070645;0;33;0;0;2;1;1;B01
200900070646;0;7;0;0;2;1;1;B01
200900070646;0;7;0;0;2;1;5;A01
200900070647;0;10;0;0;1;1;1;A01
200900070648;0;7;0;0;1;1;1;A01
200900070649;0;7;0;0;1;1;1;A01
200900070650;0;7;0;0;2;4;23;B01
200900070650;0;7;0;0;2;1;1;A01
200900070651;0;7;0;0;2;4;23;B01
200900070651;0;7;0;0;2;4;1;C01
200900070651;0;7;0;0;2;1;1;A01
200900070652;1;99;0;0;1;2;0;A01
200900070653;0;7;0;1;0;9;0;A01
200900070654;0;7;0;11;0;1;6;A01
200900070655;0;7;0;0;1;3;1;A01
200900070656;0;37;1;0;2;4;1;C01
200900070656;0;7;0;0;2;4;2;B01
200900070656;0;7;0;0;2;1;1;A01
200900070657;0;33;0;3;2;1;1;B01
200900070657;0;7;0;0;2;6;13;A01
200900070658;0;7;0;0;1;1;15;A01
200900070659;0;7;0;0;2;1;1;A01
200900070659;0;7;0;0;2;2;1;B01
200900070660;0;7;0;1;0;7;23;A01
200900070661;0;33;0;0;2;3;1;B01
200900070661;0;7;0;0;2;2;1;A01
200900070662;0;7;0;6;1;4;4;A01
200900070663;0;2;0;0;1;1;1;A01
200900070664;0;7;0;0;2;8;9;A01
200900070664;0;31;0;0;2;1;1;B01
200900070665;0;7;0;0;1;1;1;A01
200900070666;0;7;0;0;2;3;1;B01
200900070666;0;7;0;0;2;3;5;A01
200900070667;0;7;0;0;2;1;17;A01
200900070667;0;7;0;0;2;1;1;B01
200900070667;0;7;0;0;2;6;1;C01
200900070668;0;7;0;6;0;1;5;A01
200900070669;0;7;0;0;2;4;23;B01
200900070669;0;7;0;0;2;6;23;C01
200900070669;0;7;0;0;2;1;1;A01
200900070670;0;7;0;0;2;2;1;B01
200900070670;0;10;0;0;2;6;12;A01
200900070671;0;1;0;0;9;1;1;A01
200900070672;0;2;0;0;2;1;1;A01
200900070672;0;7;0;0;2;1;1;B01
200900070673;0;30;0;0;2;1;1;B01
200900070673;0;7;0;0;2;7;15;A01
200900070674;0;2;0;0;2;1;1;A01
200900070674;0;7;0;0;2;4;1;B01
200900070675;0;7;0;0;1;1;1;A01
200900070676;0;30;0;0;2;1;1;B01
200900070676;0;7;0;0;2;5;1;A01
200900070677;0;33;0;0;0;8;3;A01
200900070678;0;7;0;0;2;3;5;A01
200900070678;0;7;0;0;2;3;0;B01
200900070679;0;7;0;0;2;4;1;B01
200900070679;0;7;0;0;2;1;1;C01
200900070679;0;7;0;0;2;4;1;A01
200900070680;0;7;0;0;2;6;9;A01
200900070680;0;15;0;0;2;7;1;B01
200900070681;0;7;0;13;0;9;17;A01
200900070682;0;33;0;0;2;1;1;B01
200900070682;0;7;0;0;2;3;11;A01
200900070683;0;7;0;0;0;0;11;A01
200900070683;0;34;0;0;2;0;3;B01
200900070684;0;7;0;0;2;4;2;C01
200900070684;0;7;0;0;2;1;2;D01
200900070684;0;7;0;0;2;4;2;B01
200900070684;0;7;0;0;2;4;2;A01
200900070685;0;33;0;0;0;8;3;A01
200900070686;0;33;0;0;0;7;9;A01
200900070687;0;7;0;0;2;4;9;B01
200900070687;0;33;0;0;0;0;3;A01
200900070688;0;7;0;13;0;2;1;A01
200900070689;0;7;0;0;2;1;1;B01
200900070689;0;7;0;0;2;4;1;A01
200900070690;0;7;0;4;2;3;12;A01
200900070690;0;7;0;4;2;5;11;B01
200900070691;0;33;0;0;2;1;3;B01
200900070691;0;7;0;0;0;6;11;A01
200900070692;0;7;0;4;0;1;2;A01
200900070692;0;7;0;0;2;1;2;B01
200900070693;0;7;0;0;0;1;0;A01
200900070694;0;7;0;0;0;0;1;A01
200900070694;0;7;0;0;2;1;1;C01
200900070694;0;7;0;0;2;1;1;B01
200900070694;0;7;0;0;2;3;1;D01
200900070695;0;7;0;0;2;5;1;B01
200900070695;0;7;0;0;2;3;1;C01
200900070695;0;33;0;0;2;3;3;A01
200900070696;0;7;0;0;2;4;2;A01
200900070696;0;7;0;0;2;4;2;B01
200900070696;0;20;0;0;2;1;2;D01
200900070696;0;7;0;0;2;4;2;C01
200900070697;0;7;0;0;2;6;11;A01
200900070697;0;33;0;0;2;1;0;B01
200900070698;0;7;0;0;2;3;0;A01
200900070698;0;17;0;0;2;8;0;B01
200900070699;0;7;0;0;2;2;12;A01
200900070699;0;7;0;0;2;2;2;C01
200900070699;0;33;0;0;2;3;3;B01
200900070700;0;10;0;0;2;4;2;D01
200900070700;0;7;0;0;0;4;2;A01
200900070700;0;10;0;0;2;1;2;E01
200900070700;0;7;0;0;2;4;2;C01
200900070700;0;7;0;0;2;4;2;B01
200900070701;0;7;0;4;0;1;1;A01
200900070702;0;7;0;0;2;5;2;B01
200900070702;0;7;0;0;2;4;2;A01
200900070702;0;13;0;0;2;2;2;C01
200900070703;0;7;0;0;0;0;0;A01
200900070704;0;7;0;3;0;1;1;A01
200900070705;0;31;0;0;2;1;1;B01
200900070705;0;7;0;0;2;4;1;A01
200900070706;0;7;0;0;2;1;2;A01
200900070706;0;7;0;0;2;4;2;B01
200900070706;0;7;0;0;2;4;2;C01
200900070707;0;7;0;0;0;9;17;A01
200900070708;0;7;0;2;0;2;1;A01
200900070709;0;7;0;4;0;3;0;A01
200900070710;0;7;0;0;2;1;2;A01
200900070710;0;7;0;0;2;4;2;D01
200900070710;0;7;0;0;2;4;2;B01
200900070710;0;7;0;0;2;4;2;C01
200900070711;0;7;0;0;2;2;14;A01
200900070711;0;7;0;0;0;8;1;B01
200900070712;1;7;0;0;1;0;0;A01
200900070713;0;7;0;7;0;1;1;A01
200900070714;0;7;0;0;2;3;15;A01
200900070714;0;7;0;0;2;1;1;B01
200900070715;1;10;0;0;2;7;17;A01
200900070715;0;2;0;0;2;1;1;B01
200900070716;0;7;0;0;2;1;1;A01
200900070716;0;7;0;0;2;4;2;C01
200900070716;0;7;0;0;2;4;2;D01
200900070716;0;7;0;0;2;4;2;B01
200900070717;0;7;0;0;2;8;1;B01
200900070717;0;7;0;0;2;6;1;A01
200900070718;0;7;0;0;2;1;5;A01
200900070718;0;7;0;0;2;1;1;B01
200900070719;0;7;0;0;2;4;23;B02
200900070719;0;7;0;0;2;1;1;A01
200900070719;0;14;0;0;0;4;23;C03
200900070720;0;7;0;0;2;3;1;A01
200900070721;0;31;0;0;0;0;1;A01
200900070722;0;7;0;0;2;2;1;A01
200900070722;0;1;0;0;0;4;1;B02
200900070723;0;30;0;15;0;2;1;A01
200900070724;0;7;0;0;2;4;2;B01
200900070724;0;38;1;0;2;1;2;A01
200900070724;0;7;0;0;2;4;1;C01
200900070725;0;7;0;0;2;8;1;B01
200900070725;0;30;0;0;2;1;1;A01
200900070726;0;7;0;0;0;3;1;A01
200900070727;0;7;0;0;0;7;1;A01
200900070728;0;7;0;0;2;2;1;A01
200900070728;0;7;0;0;2;1;1;B01
200900070729;0;7;0;0;1;1;1;A01
200900070730;0;7;0;0;2;1;1;A01
200900070730;0;1;0;0;2;8;1;B01
200900070731;0;7;0;0;2;8;15;B02
200900070731;0;32;0;0;2;1;17;A01
200900070732;0;7;0;3;0;1;1;A01
200900070733;0;31;0;0;2;3;21;A01
200900070733;0;7;0;0;2;5;1;B01
200900070734;0;7;0;1;0;0;21;A01
200900070735;0;7;0;0;2;4;2;A01