num_acc;senc;catv;occutc;obs;obsm;choc;manv;num_veh
200900070735;0;7;0;0;2;1;2;B01
200900070736;0;7;0;0;2;1;13;C01
200900070736;0;10;0;0;2;3;2;A01
200900070736;0;7;0;0;2;7;2;B01
200900070737;0;7;0;0;2;1;21;C01
200900070737;0;15;0;0;0;6;1;A01
200900070737;0;7;0;0;0;4;1;B01
200900070738;0;7;0;0;0;2;0;A01
200900070739;0;7;0;0;2;1;1;A01
200900070739;0;7;0;3;2;3;9;B01
200900070740;0;7;0;3;0;1;13;A01
200900070741;0;33;0;0;2;1;3;B01
200900070741;0;7;0;0;2;5;11;A01
200900070742;0;15;0;0;2;7;0;B01
200900070742;0;7;0;0;2;7;0;A01
200900070743;0;7;0;0;2;3;1;A01
200900070743;0;7;0;0;2;2;14;B01
200900070744;0;7;0;0;2;8;0;B01
200900070744;0;34;0;0;2;7;0;A01
200900070745;0;7;0;0;2;3;1;A01
200900070745;0;33;0;0;2;8;1;B01
200900070746;0;7;0;0;1;1;1;A01
200900070747;0;7;0;0;2;7;1;A01
200900070747;0;30;0;0;2;3;1;B01
200900070748;0;10;0;0;1;1;1;A01
200900070749;0;7;0;1;0;2;1;A01
200900070750;0;10;0;0;2;3;1;B01
200900070750;0;7;0;0;2;3;13;A01
200900070751;0;7;0;1;2;1;20;B01
200900070751;0;33;0;0;2;8;1;A01
200900070752;0;7;0;2;0;1;1;A01
200900070753;0;7;0;0;2;3;9;A01
200900070753;0;2;0;0;2;1;1;B01
200900070754;0;7;0;0;2;7;1;A01
200900070754;0;1;0;0;2;1;1;B01
200900070755;0;32;0;0;2;1;1;B01
200900070755;0;7;0;0;2;3;1;A01
200900070756;0;7;0;16;0;9;1;A01
200900070757;0;7;0;0;1;1;1;A01
200900070758;0;7;0;0;2;1;1;A01
200900070758;0;1;0;0;2;7;1;B01
200900070759;0;7;0;0;1;2;1;A01
200900070760;0;7;0;0;1;1;1;A01
200900070761;0;7;0;0;2;1;1;A01
200900070761;0;7;0;0;2;8;1;B01
200900070762;0;7;0;0;1;2;1;A01
200900070763;0;7;0;0;1;2;1;A01
200900070764;0;7;0;0;1;2;1;A01
200900070765;0;3;0;0;1;1;1;A01
200900070766;0;32;0;0;1;3;0;A01
200900070767;0;1;0;0;0;0;1;B01
200900070767;0;7;0;0;0;0;15;A01
200900070768;0;99;0;11;0;1;1;A01
200900070769;0;7;0;8;2;7;1;A01
200900070769;0;10;0;0;2;1;1;B01
200900070770;0;7;0;0;1;7;2;A01
200900070771;0;33;0;0;2;1;2;B01
200900070771;0;7;0;0;2;5;12;A01
200900070772;0;7;0;0;2;2;2;B01
200900070772;0;7;0;6;2;0;18;A01
200900070773;0;32;0;0;2;1;1;A01
200900070773;0;7;0;0;2;5;15;B01
200900070774;0;37;0;0;0;1;0;B01
200900070774;0;3;0;0;0;1;0;A01
200900070775;0;30;0;1;0;1;0;A01
200900070776;0;7;0;1;0;1;1;A01
200900070777;0;7;0;0;1;2;1;A01
200900070778;0;7;0;0;0;3;15;A01
200900070778;0;1;0;0;0;0;21;B01
200900070779;0;31;0;0;2;7;2;B01
200900070779;0;10;0;0;2;3;15;A01
200900070780;0;7;0;0;2;8;1;B01
200900070780;0;7;0;0;2;1;0;A01
200900070780;0;7;0;0;2;3;1;C01
200900070781;0;7;0;0;2;3;0;A01
200900070781;0;34;0;0;2;7;11;B01
200900070782;0;7;0;0;2;2;1;A01
200900070782;0;7;0;0;2;1;1;B01
200900070783;0;32;0;0;2;1;1;A01
200900070783;0;7;0;0;0;4;1;B01
200900070784;0;37;20;0;0;4;2;B01
200900070784;0;7;0;0;0;1;2;A01
200900070785;0;7;0;0;2;1;15;B01
200900070785;0;7;0;0;2;8;1;A01
200900070786;0;7;0;0;2;3;0;A01
200900070786;0;33;0;0;2;5;1;B01
200900070787;0;7;0;0;1;1;1;A01
200900070788;0;7;0;0;2;5;10;A01
200900070788;0;33;0;0;2;1;1;B01
200900070789;0;7;0;0;0;0;0;B01
200900070789;0;32;0;0;0;0;0;C01
200900070789;0;1;0;0;0;0;0;A01
200900070790;0;7;0;0;2;3;2;A01
200900070790;0;7;0;0;2;7;2;B01
200900070791;0;7;0;0;1;8;1;A01
200900070792;0;7;0;0;2;3;11;A01
200900070792;0;34;0;0;2;1;1;B01
200900070793;0;7;0;0;0;7;0;B01
200900070793;0;7;0;1;1;8;3;A01
200900070794;0;7;0;4;0;1;2;A01
200900070795;0;7;0;12;0;3;2;A01
200900070796;0;7;0;0;2;1;1;C01
200900070796;0;7;0;0;2;7;1;A01
200900070796;0;7;0;15;2;3;1;B01
200900070797;0;7;0;0;0;4;2;B01
200900070797;0;7;0;0;0;1;2;A01
200900070798;0;7;0;0;2;1;5;C01
200900070798;0;7;0;0;2;9;0;B01
200900070798;0;7;0;0;2;3;2;A01
200900070799;0;7;0;0;9;3;15;B01
200900070799;0;34;0;0;2;1;17;A01
200900070800;0;32;0;0;2;1;2;A01
200900070800;0;7;0;0;0;7;9;B01
200900070801;0;30;0;0;2;7;1;B01
200900070801;0;10;0;0;2;3;10;A01
200900070802;0;33;0;0;0;6;2;B01
200900070802;0;33;0;0;2;1;2;A01
200900070803;0;7;0;0;2;7;1;A01
200900070803;0;7;0;0;2;1;0;B01
200900070804;0;7;0;0;0;3;0;C01
200900070804;0;7;0;1;0;1;1;A01
200900070804;0;7;0;0;0;1;0;B01
200900070805;0;7;0;0;0;6;1;A01
200900070805;0;32;0;0;2;1;2;B01
200900070806;0;7;0;15;0;1;1;A01
200900070807;0;30;0;0;0;0;0;A01
200900070808;0;7;0;12;0;1;2;A01
200900070809;0;13;0;0;2;1;2;C01
200900070809;0;7;0;0;2;4;2;A01
200900070809;0;10;0;0;2;4;2;B01
200900070810;1;31;0;0;1;0;0;A01
200900070811;0;7;0;0;2;4;2;A01
200900070811;0;7;0;0;2;1;2;B01
200900070812;0;31;0;0;1;1;1;A01
200900070813;0;7;0;0;0;3;15;A01
200900070814;0;7;0;0;2;2;15;B01
200900070814;0;7;0;9;2;3;1;A01
200900070815;0;37;2;0;0;4;0;B01
200900070815;0;7;0;0;0;1;2;A01
200900070816;0;7;0;0;0;4;0;B01
200900070816;0;7;0;0;2;1;1;A01
200900070817;0;7;0;0;2;2;13;A01
200900070817;0;31;0;0;2;1;2;B01
200900070818;1;30;0;0;1;1;1;A01
200900070819;0;7;0;0;2;4;2;B01
200900070819;0;7;0;0;2;1;2;A01
200900070820;0;7;0;1;0;1;5;A01
200900070821;0;7;0;0;2;1;1;C01
200900070821;0;7;0;0;2;4;23;B01
200900070821;0;7;0;0;0;4;23;A01
200900070822;0;7;0;0;9;1;2;A01
200900070823;0;7;0;0;1;2;0;A01
200900070824;0;13;0;0;1;1;11;A01
200900070825;0;7;0;0;2;5;12;B01
200900070825;0;14;0;0;2;3;11;A01
200900070826;0;7;0;0;2;3;15;A01
200900070826;0;30;0;0;2;7;17;B01
200900070827;0;7;0;0;0;0;0;A01
200900070828;0;30;0;0;2;3;2;B01
200900070828;0;7;0;0;9;2;2;A01
200900070829;0;7;0;0;2;3;2;B01
200900070829;0;7;0;0;2;1;19;A01
200900070830;0;7;0;0;2;1;1;A01
200900070830;0;34;0;0;2;1;1;B01
200900070831;1;7;0;0;0;0;0;A01
200900070832;0;2;0;0;2;7;0;B01
200900070832;0;7;0;0;2;3;11;A01
200900070833;0;30;0;0;2;1;17;B01
200900070833;0;37;1;0;2;3;10;A01
200900070834;0;34;0;0;2;1;1;A01
200900070834;0;7;0;0;2;6;15;B01
200900070835;0;2;0;0;0;8;0;A01
200900070835;0;7;0;0;0;2;1;B01
200900070836;0;33;0;0;2;1;2;A01
200900070836;0;7;0;0;2;2;15;B01
200900070837;0;7;0;0;0;5;23;B01
200900070837;0;32;0;14;2;1;1;A01
200900070838;0;7;0;0;1;3;11;A01
200900070839;0;7;0;1;0;2;1;A01
200900070840;0;7;0;6;0;1;2;A01
200900070841;0;30;0;0;1;1;1;A01
200900070842;0;7;0;0;0;5;10;A01
200900070842;0;32;0;0;2;2;21;B01
200900070843;0;33;0;0;1;1;0;B01
200900070843;0;1;0;0;2;1;0;A01
200900070844;0;33;0;0;2;1;2;B01
200900070844;0;7;0;0;2;2;15;A01
200900070845;0;2;0;0;2;8;1;B01
200900070845;0;7;0;0;2;3;10;A01
200900070846;0;33;0;0;0;1;1;B01
200900070846;0;7;0;0;0;4;1;A01
200900070847;0;7;0;0;2;1;1;A01
200900070847;0;7;0;0;2;7;1;B01
200900070848;0;7;0;0;1;8;1;A01
200900070849;0;33;0;9;0;3;6;A01
200900070850;0;30;0;0;0;0;1;B01
200900070850;0;7;0;0;0;3;1;A01
200900070851;0;31;0;0;2;3;1;A01
200900070851;0;7;0;0;2;1;15;B01
200900070852;0;37;5;0;0;5;1;A01
200900070853;0;7;0;9;0;3;0;A01
200900070853;0;7;0;0;9;1;0;B01
200900070854;0;7;0;1;0;2;1;A01
200900070855;0;14;0;0;1;1;1;A01
200900070856;0;30;0;0;2;1;17;A01
200900070856;0;7;0;0;2;1;15;B01
200900070857;0;32;0;1;2;7;1;B01
200900070857;0;7;0;0;2;1;9;A01
200900070858;0;7;0;0;2;1;17;A01
200900070858;0;30;0;0;2;1;2;B01
200900070859;0;7;0;0;1;4;0;A01
200900070860;0;30;0;0;0;0;0;A01
200900070861;0;7;0;0;1;1;1;A01
200900070862;0;7;0;0;1;2;0;A01
200900070863;0;31;0;0;0;8;7;A01
200900070863;0;37;1;0;0;2;1;B01
200900070864;0;2;0;0;2;1;1;A01
200900070864;0;7;0;0;2;8;1;B01
200900070865;0;2;0;0;2;2;3;A01
200900070865;0;7;0;0;2;3;15;B01
200900070866;0;7;0;0;0;5;15;A01
200900070866;0;31;0;0;2;1;2;B01
200900070867;0;10;0;0;1;2;1;A01
200900070868;0;7;0;0;0;4;2;A01
200900070868;0;7;0;0;2;1;2;B01
200900070869;1;7;0;0;0;0;10;A01
200900070869;0;30;0;0;2;3;1;B01
200900070870;0;30;0;0;2;1;0;B01
200900070870;0;7;0;0;2;6;15;A01
200900070871;0;7;0;0;1;3;16;A01
200900070872;0;7;0;0;2;1;1;B01
200900070872;0;7;0;0;2;1;5;A01
200900070872;0;7;0;0;2;1;1;C01
200900070873;0;7;0;0;2;3;1;B01
200900070873;0;7;0;0;2;1;13;A01
200900070874;0;7;0;0;2;3;5;A01
200900070874;0;7;0;0;2;1;1;B01
200900070875;0;32;0;0;0;2;17;B01
200900070875;0;7;0;0;0;3;15;A01
200900070876;1;30;0;0;1;0;2;A01
200900070877;0;7;0;0;0;4;0;B01
200900070877;0;7;0;0;0;1;0;A01
200900070878;0;7;0;0;1;2;1;A01
200900070879;0;7;0;0;1;1;1;A01
200900070880;0;33;0;0;2;1;0;A01
200900070880;0;7;0;0;2;3;0;B01
200900070881;0;7;0;6;2;6;0;A01
200900070881;0;7;0;1;2;4;0;B01
200900070882;0;7;0;0;1;3;2;A01
200900070883;0;7;0;0;2;1;1;A01
200900070883;0;7;0;0;2;1;1;C01
200900070883;0;7;0;0;2;4;1;B01
200900070884;0;7;0;0;1;1;0;A01
200900070885;0;30;0;0;1;3;2;A01
200900070886;0;7;0;0;1;2;1;A01
200900070887;0;7;0;0;2;1;1;A01
200900070887;0;31;0;0;0;8;0;B01
200900070888;1;7;0;0;1;1;1;A01
200900070889;0;33;0;0;1;8;1;A01
200900070890;0;30;0;0;2;7;1;A01
200900070890;0;7;0;0;2;1;15;B01
200900070891;0;31;0;0;2;1;2;B01
200900070891;0;7;0;0;2;3;9;A01
200900070892;0;7;0;0;1;1;0;A01
200900070893;0;7;0;0;1;1;1;A01
200900070894;0;7;0;0;1;1;1;A01
200900070895;0;7;0;0;1;2;0;A01
200900070896;0;7;0;0;2;1;1;A01
200900070896;0;37;1;0;2;1;1;B01
200900070897;0;7;0;6;2;1;1;B01
200900070897;0;7;0;0;2;7;1;A01
200900070898;0;7;0;12;0;9;1;A01
200900070899;0;7;0;0;1;3;1;A01
200900070900;0;32;0;0;1;2;1;A01
200900070901;0;7;0;0;2;1;2;A01
200900070901;0;2;0;0;2;8;3;B01
200900070902;0;7;0;0;2;1;1;B01
200900070902;0;7;0;1;2;1;5;A01
200900070903;0;33;0;14;1;3;1;A01
200900070904;0;7;0;0;2;2;1;A01
200900070904;0;30;0;0;2;1;18;B01
200900070905;0;7;0;0;2;3;15;A01
200900070905;0;1;0;0;2;1;1;B01
200900070906;0;7;0;1;2;8;1;A01
200900070906;0;1;0;0;2;2;1;B01
200900070907;0;33;0;1;2;2;3;A01
200900070907;0;10;0;0;2;6;11;B01
200900070908;0;34;0;0;2;1;3;B01
200900070908;0;7;0;0;0;5;11;A01
200900070909;0;7;0;0;1;1;1;A01
200900070910;0;37;15;0;1;5;1;A01
200900070911;0;7;0;0;2;1;1;A01
200900070911;0;7;0;0;2;4;1;B01
200900070912;0;7;0;4;0;2;1;A01
200900070913;0;7;0;0;2;3;15;A01
200900070913;0;32;0;0;2;3;1;B01
200900070914;0;7;0;0;0;7;12;B01
200900070914;0;33;0;0;2;1;3;A01
200900070915;0;30;0;8;0;1;1;A01
200900070916;0;7;0;0;2;1;1;A01
200900070916;0;7;0;0;0;4;2;B01
200900070917;0;34;0;0;0;8;1;A01
200900070918;0;7;0;0;2;3;1;A01
200900070918;0;7;0;0;2;1;1;B01
200900070919;0;7;0;12;2;1;1;A01
200900070919;0;7;0;0;2;1;1;B01
200900070920;0;7;0;0;1;7;15;A01
200900070921;0;7;0;0;2;2;1;A01
200900070921;0;33;0;0;2;1;1;B01
200900070922;0;30;0;0;0;8;21;A01
200900070923;0;32;0;0;1;1;17;A01
200900070924;0;7;0;0;2;4;1;B01
200900070924;0;10;0;0;2;1;1;A01
200900070925;1;7;0;0;2;1;2;Z01
200900070925;0;7;0;0;2;4;1;B01
200900070926;0;7;0;0;2;2;10;A01
200900070926;0;31;0;0;2;1;1;B01
200900070927;0;7;0;0;2;1;1;A01
200900070927;0;14;0;0;0;0;15;B01
200900070928;0;33;0;0;2;8;1;B01
200900070928;0;7;0;0;2;8;15;A01
200900070929;0;7;0;0;2;4;23;B01
200900070929;0;7;0;0;2;1;2;A01
200900070930;0;7;0;0;0;4;15;B01
200900070930;0;7;0;0;2;1;2;A01
200900070931;0;7;0;0;2;0;15;A01
200900070931;0;1;0;0;2;1;19;B01
200900070932;0;30;0;0;2;1;1;B01
200900070932;0;7;0;0;2;1;9;A01
200900070933;0;7;0;0;1;2;1;A01
200900070934;0;7;0;0;2;1;15;A01
200900070934;0;33;0;0;2;8;1;B01
200900070935;0;10;0;0;2;3;15;B01
200900070935;0;7;0;0;2;2;17;A01
200900070936;0;7;0;0;2;8;1;B01
200900070936;0;7;0;0;2;1;1;C01
200900070936;0;7;0;0;2;2;15;A01
200900070937;0;10;0;0;2;3;1;B01
200900070937;0;7;0;0;2;2;15;A01
200900070938;0;7;0;0;2;3;1;B01
200900070938;0;31;0;0;2;3;1;A01
200900070939;0;10;0;0;2;7;1;B01
200900070939;0;2;0;0;2;8;9;A01
200900070940;2;7;0;0;2;1;15;A01
200900070940;0;7;0;0;2;1;13;B01
200900070940;0;7;0;0;2;1;23;C01
200900070941;0;7;0;0;1;3;1;A01
200900070942;0;7;0;0;1;3;9;A01
200900070943;0;7;0;0;1;1;1;Z01
200900070944;0;7;0;0;0;7;15;A01
200900070944;0;34;0;0;2;1;1;B01
200900070945;0;33;0;0;2;7;17;A01
200900070945;0;7;0;0;2;3;21;B01
200900070946;0;2;0;0;2;1;17;A01
200900070946;0;7;0;0;2;6;15;B01
200900070947;0;2;0;0;2;1;3;B01
200900070947;0;7;0;0;2;1;22;A01
200900070947;0;7;0;0;2;1;1;C01
200900070948;0;7;0;0;1;3;1;A01
200900070949;0;7;0;0;2;4;23;C01
200900070949;0;7;0;0;2;4;2;A01
200900070949;0;7;0;0;2;4;2;B01
200900070950;0;7;0;0;2;3;1;A01
200900070950;0;7;0;0;2;8;1;B01
200900070951;0;7;0;0;2;6;1;B01
200900070951;0;7;0;0;2;1;1;A01
200900070952;0;7;0;0;1;1;15;A01
200900070953;0;7;0;0;2;3;1;A01
200900070953;0;33;0;0;2;7;1;B01
200900070954;0;33;0;0;0;1;1;A01
200900070955;0;7;0;1;0;4;4;A01
200900070956;0;32;0;0;2;1;1;A01
200900070956;0;7;0;0;2;3;1;B01
200900070957;0;7;0;0;2;7;20;B01
200900070957;0;2;0;0;2;8;1;A01
200900070958;0;7;0;0;2;8;11;A01
200900070958;0;7;0;0;2;2;1;B01
200900070959;0;2;0;0;2;8;1;B01
200900070959;0;7;0;0;2;1;10;A01
200900070960;0;7;0;0;2;1;1;A01
200900070960;0;14;0;0;0;2;10;B01
200900070961;0;34;0;0;1;1;3;A01
200900070962;0;7;0;0;0;4;23;B01
200900070962;0;30;0;0;2;1;2;A01
200900070963;0;2;0;0;2;7;2;A01
200900070963;0;7;0;0;2;3;2;B01
200900070964;0;37;2;0;2;3;1;B01
200900070964;0;10;0;0;2;7;1;A01
200900070965;0;32;0;8;0;8;21;A01
200900070965;0;10;0;0;0;0;15;B01
200900070966;0;33;0;0;0;3;1;A01
200900070967;0;7;0;0;2;1;1;A01
200900070967;0;1;0;0;0;1;5;B01
200900070968;0;7;0;0;1;1;15;A01
200900070969;0;7;0;0;2;1;1;A01
200900070969;0;7;0;0;0;4;2;B01
200900070970;0;7;0;0;1;4;20;A01
200900070971;0;7;0;0;2;9;1;B01
200900070971;0;30;0;0;2;6;9;A01
200900070972;0;31;0;1;0;1;19;A01
200900070973;0;1;0;0;2;1;1;B01
200900070973;0;7;0;0;2;1;15;A01
200900070974;0;7;0;0;2;3;2;A01
200900070974;0;31;0;0;0;4;15;B01
200900070975;0;7;0;0;0;5;23;B01
200900070975;0;7;0;0;2;1;2;A01
200900070976;0;7;0;0;2;1;1;A01
200900070976;0;7;0;0;2;4;1;B01
200900070977;0;2;0;0;0;8;1;A01
200900070978;0;33;0;0;2;7;1;B01
200900070978;0;7;0;0;2;8;13;A01
200900070979;0;7;0;0;2;1;10;A01
200900070979;0;33;0;0;2;1;1;B01
200900070980;0;7;0;0;1;3;2;A01
200900070981;0;7;0;0;1;3;1;A01
200900070982;0;7;0;0;1;7;1;A01
200900070983;0;7;0;0;2;1;1;A01
200900070983;0;7;0;0;2;4;1;B01
200900070983;0;7;0;0;2;4;1;C01
200900070984;0;7;0;0;2;1;2;A01
200900070984;0;7;0;0;2;4;1;B01
200900070985;0;7;0;0;1;1;1;A01
200900070986;0;34;0;12;0;1;1;A01
200900070987;0;7;0;0;1;2;1;A01
200900070988;0;32;0;15;0;7;1;A01
200900070989;0;30;0;1;0;0;1;A01
200900070990;0;7;0;0;2;7;10;A01
200900070990;0;34;0;0;2;1;1;B01
200900070991;0;30;0;14;0;7;1;A01
200900070992;0;7;0;0;1;1;1;A01
200900070993;0;2;0;1;0;3;17;B01
200900070994;0;7;0;0;2;1;2;A01
200900070994;0;7;0;0;0;4;1;B01
200900070995;0;7;0;0;2;2;10;A01
200900070995;0;34;0;0;2;1;1;B01
200900070996;0;7;0;0;2;8;15;B01
200900070996;0;7;0;0;2;1;1;C01
200900070996;0;34;0;0;2;1;17;A01
200900070997;0;33;0;0;2;1;1;B01
200900070997;0;7;0;0;2;5;2;A01
200900070998;0;7;0;0;2;7;10;A01
200900070998;0;30;0;0;2;1;2;B01
200900070999;0;7;0;9;0;3;1;A01
200900071000;0;7;0;4;0;9;1;A01
200900071001;0;7;0;4;0;3;1;A01
200900071002;0;7;0;0;2;1;17;A01
200900071002;0;1;0;14;2;8;1;B01
200900071003;0;2;0;0;2;1;17;A01
200900071003;0;7;0;0;2;3;15;B01
200900071004;0;2;0;0;2;7;1;B01
200900071004;0;7;0;0;2;7;16;A01
200900071005;0;32;0;0;0;0;2;A01
200900071006;0;7;0;0;2;5;12;A01
200900071006;0;33;0;0;2;3;3;B01
200900071007;0;7;0;0;2;4;23;A01
200900071007;0;14;0;0;2;1;2;B01
200900071008;0;7;0;0;2;3;1;A01
200900071008;0;7;0;0;0;4;2;B01
200900071008;0;7;0;0;0;4;2;C01
200900071009;0;7;0;0;1;0;1;A01
200900071010;0;14;0;0;2;2;12;A01
200900071010;0;7;0;0;2;6;1;B01
200900071010;0;10;0;0;2;1;1;C01
200900071011;0;31;0;0;2;7;3;A01
200900071011;0;7;0;0;2;8;1;B01
200900071012;0;33;0;4;0;8;1;A01
200900071013;0;34;0;0;0;8;1;A01
200900071014;0;2;0;0;2;1;2;A01
200900071014;0;7;0;0;2;5;1;B01
200900071015;0;33;0;0;2;3;3;A01
200900071015;0;7;0;0;2;7;1;B01
200900071016;0;14;0;0;2;3;13;B01
200900071016;0;7;0;0;2;2;14;A01
200900071017;0;7;0;13;0;9;1;A01
200900071018;0;7;0;0;2;3;1;A01
200900071018;0;7;0;0;2;3;1;B01
200900071019;0;2;0;3;2;1;17;A01
200900071019;0;7;0;0;2;8;17;B01
200900071020;0;7;0;0;2;6;1;A01
200900071020;0;14;0;0;2;2;1;B01
200900071020;0;33;0;0;2;1;1;C01
200900071021;0;13;0;0;0;3;1;B01
200900071021;0;31;0;1;2;2;17;A01
200900071022;0;7;0;4;2;6;1;A01
200900071022;0;14;0;0;2;2;12;B01
200900071023;0;30;0;0;1;1;12;A01
200900071024;0;10;0;6;0;1;1;A01
200900071025;0;30;0;0;2;1;17;A01
200900071025;0;7;0;0;2;3;15;B01
200900071026;0;7;0;0;1;1;1;A01
200900071027;0;7;0;0;1;5;1;A01
200900071028;0;7;0;0;2;1;1;A01
200900071028;0;7;0;0;2;4;23;B01
200900071028;0;10;0;0;2;4;2;C01
200900071029;0;33;0;0;2;1;3;C01
200900071029;0;7;0;0;2;8;1;A01
200900071029;0;7;0;0;2;5;1;B01
200900071030;0;7;0;0;2;1;15;A01
200900071030;0;31;0;0;2;7;1;B01
200900071031;0;14;0;0;1;1;15;A01
200900071032;0;3;0;0;2;5;12;A01
200900071032;0;33;0;0;2;3;2;B01
200900071033;0;7;0;0;2;3;11;A01
200900071033;0;33;0;0;2;2;17;B01
200900071034;0;37;1;0;1;6;11;A01
200900071035;0;37;1;0;1;0;15;A01
200900071036;0;2;0;0;2;1;18;B01
200900071036;0;7;0;0;2;5;15;A01
200900071037;0;2;0;0;2;1;17;A01
200900071037;0;7;0;0;2;3;15;B01
200900071038;0;7;0;0;2;7;23;C01
200900071038;0;33;0;0;2;1;3;A01
200900071038;0;10;0;0;0;8;22;B01
200900071039;0;7;0;0;2;6;1;A01
200900071039;0;33;0;0;2;1;2;B01
200900071040;0;7;0;0;2;4;1;A01
200900071040;0;33;0;0;2;1;2;B01
200900071041;0;30;0;0;2;1;17;B01
200900071041;0;7;0;0;2;8;15;A01
200900071042;0;7;0;0;2;1;2;A01
200900071042;0;7;0;0;0;4;1;B01
200900071043;0;31;0;0;0;7;1;A01
200900071044;0;7;0;0;2;4;1;B01
200900071044;0;7;0;0;0;4;1;C01
200900071044;0;7;0;0;2;1;1;A01
200900071045;0;7;0;0;2;1;2;B01
200900071045;0;7;0;0;2;4;1;A01
200900071046;0;7;0;0;1;7;1;A01
200900071047;0;7;0;0;2;1;1;B01
200900071047;0;33;0;0;2;1;1;A01
200900071048;1;7;0;0;2;8;1;A01
200900071048;0;33;0;0;2;7;1;B01
200900071049;0;33;0;0;2;0;1;A01
200900071049;0;7;0;0;0;0;12;B01
200900071050;0;7;0;0;1;1;15;A01
200900071051;0;7;0;0;2;7;12;B01
200900071051;0;33;0;0;2;8;3;A01
200900071051;0;7;0;0;0;4;1;C01
200900071052;0;7;0;0;2;4;1;A01
200900071052;0;31;0;0;2;1;2;B01
200900071053;0;7;0;0;2;3;15;A01
200900071053;0;30;0;0;2;3;1;B01
200900071054;0;7;0;0;1;1;1;A01
200900071055;0;7;0;0;1;1;1;A01
200900071056;0;7;0;0;1;1;1;A01
200900071057;0;7;0;0;1;3;13;A01
200900071058;0;7;0;0;1;2;1;A01
200900071059;0;7;0;0;2;3;10;A01
200900071059;0;30;0;0;2;1;1;B01
200900071060;0;7;0;0;1;1;1;A01
200900071061;0;7;0;0;2;2;1;B01
200900071061;0;7;0;0;2;8;1;A01
200900071062;0;7;0;4;0;2;1;A01
200900071063;0;7;0;0;2;1;1;A01
200900071063;0;7;0;0;2;3;1;B01
200900071064;0;31;0;0;2;1;3;A01
200900071064;0;10;0;0;2;6;11;B01
200900071065;0;32;0;0;2;8;1;B01
200900071065;0;7;0;0;2;2;15;A01
200900071066;0;33;0;0;2;1;1;A01
200900071066;0;7;0;0;2;3;1;B01
200900071067;0;30;0;0;2;2;17;A01
200900071067;0;7;0;0;0;3;20;B01
200900071068;0;7;0;0;1;3;1;A01
200900071069;0;30;0;0;2;3;1;A01
200900071069;1;7;0;0;0;5;17;B01
200900071070;0;7;0;0;1;2;1;A01
200900071071;0;37;62;0;2;7;7;B01
200900071071;0;7;0;0;2;8;7;A01
200900071072;0;1;0;0;1;0;5;A01
200900071073;0;1;0;0;2;1;2;A01
200900071073;0;7;0;0;2;7;16;B01
200900071074;0;7;0;0;2;4;1;B01
200900071074;0;7;0;0;0;2;1;A01
200900071075;0;7;0;0;1;2;1;A01
200900071076;0;7;0;0;2;1;1;A01
200900071076;0;7;0;0;2;5;15;B01
200900071077;0;31;0;0;0;0;21;A01
200900071078;0;2;0;0;0;7;1;A01
200900071079;0;30;0;0;2;1;17;A01
200900071079;0;7;0;0;0;8;11;B01
200900071080;0;33;0;3;0;9;3;A01
200900071081;0;33;0;0;2;1;1;A01
200900071081;0;7;0;0;2;5;12;B01
200900071082;1;30;0;0;2;0;19;Z01
200900071082;0;7;0;0;2;1;1;B01
200900071082;0;33;0;0;2;7;1;A01
200900071083;0;7;0;0;1;1;15;A01
200900071084;0;7;0;0;0;4;2;A01
200900071084;0;7;0;0;2;8;11;B01
200900071084;0;31;0;0;2;1;2;C01
200900071085;0;10;0;0;2;8;17;A01
200900071085;0;2;0;0;2;5;17;B01
200900071086;0;7;0;0;2;4;1;B01
200900071086;0;2;0;0;2;1;1;A01
200900071087;0;7;0;0;0;7;12;B01
200900071087;0;31;0;0;2;1;3;A01
200900071088;0;33;0;4;2;1;1;A01
200900071088;1;7;0;0;0;0;11;B01
200900071089;0;7;0;0;2;8;17;A01
200900071089;0;32;0;0;2;2;1;B01
200900071090;0;7;0;0;2;1;1;B01
200900071090;0;7;0;0;2;8;9;A01
200900071091;0;2;0;0;2;1;17;A01
200900071091;0;7;0;0;2;8;1;B01
200900071092;0;7;0;0;9;3;1;A01
200900071092;0;1;0;0;2;4;19;B01
200900071093;0;31;0;0;0;4;1;B01
200900071093;0;7;0;0;2;1;2;A01
200900071094;0;7;0;0;1;2;1;A01
200900071095;0;7;0;0;2;2;1;A01
200900071095;0;31;0;0;2;3;15;B01
200900071096;0;7;0;0;1;3;1;A01
200900071097;0;2;0;0;0;8;1;A01
200900071098;0;7;0;0;2;4;23;B01
200900071098;0;7;0;0;2;4;23;C01
200900071098;0;7;0;0;2;4;23;D01
200900071098;0;7;0;0;2;1;1;A01
200900071099;0;33;0;0;2;2;17;A01
200900071099;0;7;0;0;2;6;1;B01
200900071100;0;7;0;0;2;1;1;B01
200900071100;0;7;0;0;2;4;11;A01
200900071101;0;7;0;12;0;0;1;A01
200900071102;0;32;0;0;2;1;1;A01
200900071102;0;10;0;0;2;0;10;B01
200900071103;0;7;0;0;2;2;9;A01
200900071103;0;31;0;0;0;5;1;B01
200900071104;0;33;0;0;2;1;2;A01
200900071104;0;7;0;0;0;4;1;B01
200900071105;0;32;0;0;0;5;16;A01
200900071106;0;7;0;0;2;7;15;A01
200900071106;0;7;0;0;2;1;1;B01