num_acc;senc;catv;occutc;obs;obsm;choc;manv;num_veh
200900071107;0;7;0;11;0;1;1;A01
200900071108;0;7;0;0;2;5;1;B01
200900071108;0;32;0;0;2;1;0;A01
200900071109;0;10;0;0;2;8;1;B01
200900071109;0;34;0;1;2;7;17;A01
200900071110;0;7;0;0;2;7;15;A01
200900071110;0;7;0;0;2;1;1;B01
200900071111;0;7;0;0;2;3;10;A01
200900071111;0;37;3;0;2;7;1;B01
200900071112;0;7;0;0;2;8;1;C01
200900071112;0;7;0;0;1;3;1;A01
200900071112;0;7;0;0;1;3;1;B01
200900071113;0;37;40;0;2;2;1;A01
200900071113;0;7;0;0;2;8;15;B01
200900071114;0;7;0;0;2;2;1;B01
200900071114;0;30;0;0;2;1;1;A01
200900071115;0;7;0;1;0;1;1;A01
200900071115;0;14;0;0;0;1;23;B01
200900071116;0;7;0;6;2;5;17;A01
200900071116;0;7;0;0;2;3;1;B01
200900071117;0;7;0;4;0;9;1;A01
200900071118;0;7;0;0;2;2;15;A01
200900071118;0;7;0;0;2;1;1;B01
200900071119;0;7;0;0;2;2;1;A01
200900071119;0;2;0;0;2;1;1;B01
200900071120;0;7;0;1;0;3;1;A01
200900071121;0;30;0;12;0;1;1;A01
200900071122;0;7;0;0;1;1;1;A01
200900071123;0;7;0;0;0;4;2;B01
200900071123;0;30;0;0;2;1;2;A01
200900071124;0;34;0;0;2;1;1;A01
200900071124;0;7;0;0;2;5;16;B01
200900071125;0;7;0;0;2;3;20;A01
200900071125;0;30;0;0;2;1;1;B01
200900071126;0;1;0;0;0;0;19;B01
200900071126;0;7;0;0;2;1;1;A01
200900071127;0;7;0;0;2;8;22;A01
200900071127;0;33;0;0;2;1;17;B01
200900071127;0;7;0;0;2;7;2;C01
200900071127;0;7;0;0;2;8;2;D01
200900071128;0;33;0;0;2;3;1;B01
200900071128;0;7;0;0;2;3;15;A01
200900071129;0;33;0;0;2;1;1;B01
200900071129;0;7;0;0;2;6;10;A01
200900071130;0;7;0;0;2;3;2;C01
200900071130;0;7;0;0;2;4;1;B01
200900071130;0;7;0;0;2;4;2;A01
200900071131;0;37;1;0;1;3;1;A01
200900071132;0;2;0;0;2;7;17;A01
200900071132;0;7;0;0;2;8;15;B01
200900071133;0;7;0;0;1;0;15;A01
200900071134;0;32;0;0;1;3;1;A01
200900071135;0;7;0;0;2;3;15;A01
200900071135;0;2;0;0;2;1;1;B01
200900071136;0;7;0;0;2;1;1;A01
200900071136;0;7;0;0;2;8;1;B01
200900071137;0;7;0;8;0;9;1;A01
200900071138;0;34;0;0;2;1;1;A01
200900071138;0;7;0;0;2;2;15;B01
200900071139;0;33;0;0;2;2;17;B01
200900071139;0;7;0;0;2;3;15;A01
200900071140;0;20;0;0;2;3;19;A01
200900071140;0;14;0;0;0;5;1;B01
200900071141;0;7;0;0;2;4;1;B01
200900071141;0;7;0;0;2;1;2;A01
200900071142;0;33;0;0;2;2;1;B01
200900071142;0;7;0;0;2;3;13;A01
200900071143;0;7;0;0;1;1;1;A01
200900071144;0;7;0;0;0;4;1;B01
200900071144;0;7;0;0;2;1;2;A01
200900071145;0;7;0;0;2;3;15;A01
200900071145;0;33;0;0;2;1;17;B01
200900071146;0;7;0;0;1;2;21;A01
200900071146;0;7;0;0;0;0;2;B01
200900071147;0;32;0;0;2;1;5;A01
200900071147;0;7;0;0;2;2;2;B01
200900071147;0;7;0;0;2;3;2;D01
200900071147;0;7;0;0;2;2;2;C01
200900071148;1;10;0;0;1;4;4;Z01
200900071149;0;7;0;0;2;4;1;B01
200900071149;0;7;0;1;0;1;2;A01
200900071150;0;7;0;0;1;6;20;A01
200900071151;0;7;0;0;1;1;1;A01
200900071152;0;37;1;0;2;1;2;A01
200900071152;0;32;0;0;0;4;2;B01
200900071153;0;7;0;2;0;1;1;A01
200900071154;0;7;0;0;1;7;1;A01
200900071155;0;7;0;0;2;1;5;C01
200900071155;0;31;0;0;2;4;15;B01
200900071155;0;7;0;0;2;1;2;A01
200900071156;0;30;0;15;0;2;14;A01
200900071157;0;7;0;0;2;3;1;A01
200900071157;0;17;0;0;2;3;1;B02
200900071158;0;33;0;0;0;0;1;A01
200900071159;0;7;0;3;0;3;11;A01
200900071160;0;10;0;0;2;1;1;B02
200900071160;0;7;0;0;2;7;13;A01
200900071161;0;30;0;0;2;1;1;A01
200900071161;0;7;0;0;2;3;2;B01
200900071162;0;7;0;3;0;1;1;A01
200900071163;0;7;0;0;1;2;1;A01
200900071164;0;33;0;0;2;6;15;A02
200900071164;0;33;0;;2;1;17;A01
200900071165;0;31;0;0;2;1;17;A01
200900071165;0;10;0;0;2;3;15;A02
200900071166;0;7;0;0;2;1;2;B01
200900071166;0;7;0;0;2;1;2;C01
200900071166;0;10;0;0;2;1;13;A01
200900071167;0;7;0;0;1;1;1;A01
200900071168;0;30;0;0;2;0;15;A01
200900071168;0;7;0;0;2;1;1;B01
200900071169;0;7;0;0;2;0;9;A01
200900071169;0;7;0;0;2;0;1;B01
200900071170;0;7;0;0;2;5;15;A01
200900071170;0;30;0;0;2;1;2;B01
200900071171;0;10;0;0;2;6;1;A01
200900071171;0;2;0;0;2;1;1;B01
200900071172;0;1;0;0;2;2;15;B01
200900071172;0;7;0;0;2;6;15;A01
200900071173;0;7;0;0;2;1;15;A01
200900071173;0;7;0;0;2;6;1;B01
200900071174;0;10;0;0;1;5;1;A01
200900071175;0;36;0;0;0;0;17;A01
200900071175;0;7;0;0;0;0;1;B01
200900071176;0;2;0;11;0;1;1;A01
200900071177;0;2;0;2;0;2;13;A01
200900071178;0;7;0;0;2;1;1;A01
200900071178;0;1;0;0;2;8;19;B01
200900071179;0;1;0;0;2;8;1;B01
200900071179;0;7;0;0;2;2;1;A01
200900071180;0;7;0;0;2;3;1;B01
200900071180;0;7;0;0;2;1;1;A01
200900071181;0;7;0;0;2;8;1;B01
200900071181;0;2;0;0;2;1;1;A01
200900071182;0;1;0;0;2;1;2;B01
200900071182;0;7;0;0;2;3;15;A01
200900071183;0;7;0;0;2;3;9;A01
200900071183;0;1;0;0;2;1;17;B01
200900071184;0;31;0;0;2;1;1;B01
200900071184;0;10;0;0;2;4;4;A01
200900071185;0;2;0;0;2;1;1;A01
200900071185;0;7;0;0;2;8;1;B01
200900071186;0;7;0;0;2;3;15;A01
200900071186;0;10;0;0;2;3;1;B01
200900071187;0;7;0;0;1;1;2;A01
200900071188;0;7;0;0;1;3;2;A01
200900071189;0;7;0;0;2;3;2;B01
200900071189;0;7;0;0;2;1;13;A01
200900071190;0;7;0;0;0;0;15;A01
200900071190;0;7;0;15;0;1;2;B01
200900071191;0;2;0;0;2;4;1;B01
200900071191;0;7;0;0;2;2;1;A01
200900071192;0;37;1;0;2;3;23;B01
200900071192;0;7;0;2;2;1;1;A01
200900071193;0;7;0;0;0;4;2;B01
200900071193;0;2;0;1;0;1;1;A01
200900071194;0;7;0;0;1;5;1;A01
200900071195;0;7;0;0;1;1;1;A01
200900071196;0;7;0;2;0;2;1;A01
200900071197;0;7;0;0;2;3;1;B01
200900071197;0;7;0;0;2;3;15;A01
200900071198;0;7;0;0;1;2;1;A01
200900071199;0;2;0;0;2;2;1;B01
200900071199;0;7;0;0;2;3;1;A01
200900071200;0;2;0;0;2;1;2;B01
200900071200;0;7;0;0;2;2;15;A01
200900071201;0;7;0;0;1;7;1;A01
200900071202;0;1;0;0;2;4;1;B01
200900071202;0;7;0;0;2;2;15;A01
200900071203;0;7;0;1;0;1;1;A01
200900071204;0;7;0;0;2;4;2;B01
200900071204;0;7;0;0;2;1;2;A01
200900071205;0;7;0;0;2;2;15;A01
200900071205;0;2;0;0;2;1;1;B01
200900071206;0;1;0;0;2;1;1;B01
200900071206;0;7;0;0;2;3;1;A01
200900071207;0;7;0;0;2;4;2;B01
200900071207;0;7;0;0;2;1;2;A01
200900071208;0;7;0;0;2;1;1;B01
200900071208;0;7;0;0;2;3;15;A01
200900071209;0;10;0;0;2;1;1;A01
200900071209;0;37;2;0;2;7;1;B01
200900071210;0;7;0;0;2;1;1;B01
200900071210;0;7;0;0;2;2;1;A01
200900071211;0;7;0;0;0;3;2;B01
200900071211;0;7;0;0;2;3;2;A01
200900071212;0;7;0;0;2;3;9;A01
200900071212;0;2;0;0;2;1;2;B01
200900071213;0;7;0;0;1;2;1;A01
200900071214;0;7;0;0;2;1;15;A01
200900071214;0;7;0;0;2;8;1;B01
200900071215;0;7;0;0;2;2;12;A01
200900071215;0;7;0;0;2;8;1;B01
200900071216;0;7;0;0;2;1;2;B01
200900071216;0;7;0;0;2;4;2;A01
200900071217;0;7;0;0;0;4;2;A01
200900071217;0;10;0;0;0;8;11;B01
200900071217;0;13;0;0;0;2;1;C01
200900071218;0;33;0;0;0;7;3;A01
200900071219;0;31;0;0;2;1;3;A01
200900071219;0;7;0;0;0;0;0;B01
200900071220;0;33;0;0;0;9;2;A01
200900071221;0;34;0;0;0;0;3;A01
200900071222;0;33;0;0;0;0;3;A01
200900071223;0;7;0;0;1;2;1;A01
200900071224;0;10;0;0;1;3;15;A01
200900071225;0;7;0;0;2;3;9;B01
200900071225;0;7;0;0;2;1;1;A01
200900071226;0;7;0;0;2;2;2;B01
200900071226;0;7;0;0;2;7;15;A01
200900071227;0;7;0;;1;1;1;A01
200900071228;0;7;0;0;2;3;1;A01
200900071228;0;7;0;0;2;8;16;B01
200900071229;0;7;0;0;2;6;24;C03
200900071229;0;30;0;1;0;1;2;A01
200900071229;0;7;0;0;2;6;23;B02
200900071230;0;7;0;0;2;4;23;B01
200900071230;0;7;0;0;2;4;23;C01
200900071230;0;7;0;0;2;1;1;A01
200900071231;0;7;0;0;2;1;5;A01
200900071231;0;7;0;0;2;1;1;B02
200900071232;0;7;0;0;0;3;1;A01
200900071233;0;7;0;8;0;7;1;A01
200900071234;1;7;0;0;1;0;0;A01
200900071235;0;7;0;0;2;2;1;B01
200900071235;0;7;0;0;2;1;15;A01
200900071236;0;7;0;0;2;3;19;A01
200900071236;0;7;0;0;2;2;1;B01
200900071237;0;7;0;0;2;3;1;B01
200900071237;0;7;0;0;2;2;1;A01
200900071238;0;7;0;0;1;2;16;A01
200900071239;0;33;0;0;2;8;17;A01
200900071239;0;7;0;0;2;3;21;B01
200900071240;0;2;0;0;2;1;1;B01
200900071240;0;7;0;0;2;2;15;A01
200900071241;0;7;0;0;1;2;13;A01
200900071242;0;2;0;0;2;1;1;B01
200900071242;0;10;0;0;2;3;1;A01
200900071243;0;7;0;0;0;8;2;A01
200900071243;0;7;0;0;2;1;15;B01
200900071244;0;10;0;0;2;3;1;A01
200900071244;0;2;0;0;2;6;1;B01
200900071245;0;30;0;14;0;8;1;A01
200900071246;0;2;0;0;2;1;2;A01
200900071246;0;10;0;0;2;4;1;B01
200900071247;0;10;0;0;2;5;1;A01
200900071247;0;33;0;0;2;1;1;B01
200900071248;0;10;0;1;0;2;1;A01
200900071249;0;7;0;0;2;2;1;A01
200900071249;0;7;0;0;2;3;9;B01
200900071250;0;7;0;4;0;1;14;A01
200900071251;0;7;0;0;1;2;1;A01
200900071252;0;7;0;0;2;5;1;A01
200900071252;0;7;0;1;2;1;1;B01
200900071253;0;7;0;0;2;8;11;A01
200900071253;0;33;0;0;2;7;1;B01
200900071253;0;7;0;0;2;7;2;C01
200900071254;0;33;0;0;2;7;1;B01
200900071254;0;7;0;0;2;6;9;A01
200900071255;0;7;0;0;1;2;1;A01
200900071256;0;1;0;0;2;0;19;B01
200900071256;0;34;0;0;9;1;21;A01
200900071257;0;7;0;0;2;1;2;A01
200900071257;0;7;0;0;2;1;2;B01
200900071257;0;7;0;0;2;4;1;C01
200900071258;0;7;0;0;1;2;1;A01
200900071259;0;7;0;0;2;3;1;C01
200900071259;0;7;0;0;2;1;1;B01
200900071259;0;7;0;0;2;1;0;A01
200900071260;0;7;0;0;1;1;1;A01
200900071261;0;7;0;0;2;3;1;B01
200900071261;0;7;0;0;2;3;1;A01
200900071262;0;7;0;0;2;1;1;A01
200900071262;0;31;0;0;2;4;1;B01
200900071263;0;2;0;0;2;7;15;B01
200900071263;0;7;0;0;2;8;1;A01
200900071264;0;7;0;0;1;1;1;A01
200900071265;0;7;0;0;1;1;1;A01
200900071266;0;2;0;0;2;0;1;A01
200900071266;1;13;0;0;0;0;20;Z01
200900071267;0;7;0;0;1;3;17;A01
200900071268;0;7;0;0;1;1;1;A01
200900071269;0;2;0;0;2;7;12;A01
200900071269;0;7;0;0;0;3;1;B01
200900071270;0;7;0;0;1;4;4;A01
200900071271;0;32;0;0;2;7;17;B01
200900071271;1;7;0;0;2;0;1;Z01
200900071272;0;10;0;0;2;1;1;A01
200900071272;0;13;0;0;2;4;2;C01
200900071272;0;7;0;0;2;4;2;B01
200900071273;0;7;0;0;2;1;2;C01
200900071273;0;10;0;0;2;0;10;A01
200900071273;0;7;0;0;2;1;2;B01
200900071274;0;7;0;12;2;1;1;A01
200900071274;0;7;0;0;2;1;2;B01
200900071275;0;7;0;14;0;2;1;A01
200900071276;0;7;0;0;2;7;15;A01
200900071276;0;7;0;0;2;1;1;B01
200900071277;0;7;0;0;2;1;5;A01
200900071277;0;7;0;0;2;1;1;B01
200900071278;0;32;0;0;2;1;17;A01
200900071278;0;7;0;0;2;1;1;C01
200900071278;0;7;0;0;2;8;2;B01
200900071279;0;10;0;2;0;1;1;A01
200900071280;0;7;0;0;2;7;15;B01
200900071280;0;33;0;0;2;1;1;A01
200900071281;0;7;0;0;2;4;1;C01
200900071281;0;7;0;0;2;1;1;B01
200900071281;0;7;0;0;2;1;1;A01
200900071282;0;10;0;0;2;1;1;B01
200900071282;0;7;0;0;2;2;1;A01
200900071283;0;7;0;2;0;2;1;A01
200900071284;0;7;0;0;1;2;1;A01
200900071285;0;7;0;0;2;3;9;A01
200900071285;0;34;0;0;2;1;1;B01
200900071286;0;10;0;0;1;1;1;A01
200900071287;0;7;0;0;2;3;1;B01
200900071287;0;2;0;0;2;1;17;A01
200900071288;0;34;0;0;2;1;17;B01
200900071288;0;7;0;0;2;3;10;A01
200900071289;0;7;0;0;2;8;1;B01
200900071289;0;7;0;4;2;1;1;A01
200900071290;0;7;0;0;1;4;4;A01
200900071291;0;7;0;0;2;3;11;B01
200900071291;0;33;0;0;2;5;3;A01
200900071292;0;7;0;0;1;7;1;A01
200900071293;0;33;0;0;2;7;1;B01
200900071293;0;7;0;0;2;3;13;A01
200900071294;0;7;0;4;0;1;1;A01
200900071295;0;7;0;4;0;1;1;A01
200900071296;0;7;0;9;0;1;16;A01
200900071297;0;7;0;0;2;1;1;B01
200900071297;0;7;0;0;2;8;10;A01
200900071298;0;7;0;4;2;8;17;A01
200900071298;0;7;0;0;2;1;1;B01
200900071299;0;7;0;0;2;1;14;B01
200900071299;0;32;0;0;2;7;15;A01
200900071300;0;7;0;0;1;7;1;A01
200900071301;0;7;0;0;1;3;1;A01
200900071302;0;7;0;4;2;9;17;B01
200900071302;0;7;0;0;2;6;1;A01
200900071303;1;30;0;0;1;1;1;Z01
200900071304;0;7;0;0;1;2;16;A01
200900071305;0;1;0;0;2;1;1;B01
200900071305;1;7;0;0;9;0;1;Z01
200900071306;0;14;0;0;0;4;1;A01
200900071306;0;7;0;0;2;1;1;B01
200900071307;0;7;0;0;0;5;1;A01
200900071307;0;31;0;0;2;1;3;B01
200900071308;0;7;0;0;2;1;2;B01
200900071308;0;7;0;0;2;4;1;A01
200900071309;0;14;0;0;2;1;1;D01
200900071309;0;7;0;0;2;9;14;A01
200900071309;0;7;0;0;2;4;1;B01
200900071309;0;7;0;0;2;1;2;C01
200900071310;0;7;0;4;0;1;1;A01
200900071311;0;7;0;0;1;1;15;A01
200900071312;0;7;0;0;0;4;1;A01
200900071312;0;14;0;0;2;1;2;C01
200900071312;0;7;0;0;2;4;2;B01
200900071313;0;30;0;0;2;1;1;A01
200900071314;0;7;0;0;0;6;11;A01
200900071314;0;31;0;0;2;2;3;B01
200900071315;0;31;0;16;0;7;1;A01
200900071316;0;7;0;0;2;3;15;B01
200900071316;0;2;0;0;2;2;17;A01
200900071317;0;13;0;0;2;7;1;A01
200900071317;0;7;0;0;2;3;1;B01
200900071318;0;14;0;0;1;3;1;A01
200900071319;0;7;0;0;2;3;15;A01
200900071319;0;32;0;0;2;3;1;B01
200900071320;0;1;0;0;2;7;1;A01
200900071320;0;7;0;0;2;1;1;B01
200900071321;0;7;0;0;2;3;15;A01
200900071321;0;31;0;0;2;3;17;B01
200900071322;0;33;0;0;2;3;1;B01
200900071322;0;7;0;0;2;2;19;A01
200900071323;0;7;0;4;0;1;1;A01
200900071324;0;7;0;0;9;0;1;C01
200900071324;0;7;0;4;0;6;1;A01
200900071324;0;14;0;0;2;2;12;B01
200900071325;0;7;0;0;2;8;15;B01
200900071325;0;32;0;0;2;2;17;A01
200900071326;0;1;0;0;2;1;17;B01
200900071326;0;7;0;0;9;3;10;A01
200900071327;0;7;0;4;0;1;1;A01
200900071328;0;7;0;4;2;9;17;A01
200900071328;0;7;0;0;0;6;1;B01
200900071329;0;7;0;0;2;5;12;A01
200900071329;0;33;0;0;2;1;17;B01
200900071330;0;7;0;0;1;4;4;A01
200900071331;0;32;0;0;2;6;1;B01
200900071331;0;7;0;0;2;3;15;A01
200900071332;0;10;0;0;1;2;1;A01
200900071333;0;10;0;0;2;1;2;C01
200900071333;0;7;0;0;2;1;2;A01
200900071333;0;7;0;0;2;4;2;B01
200900071334;0;33;0;0;2;1;3;A01
200900071334;0;13;0;0;0;6;1;C01
200900071334;0;7;0;0;0;5;1;B01
200900071335;0;7;0;0;2;4;1;A01
200900071335;0;33;0;0;2;1;2;B01
200900071336;0;7;0;0;2;2;1;A01
200900071336;0;7;0;0;2;6;11;B01
200900071337;0;7;0;0;2;1;1;A01
200900071337;0;7;0;0;2;4;14;B01
200900071338;0;7;0;0;2;4;2;B01
200900071338;0;10;0;0;0;4;2;C01
200900071338;0;10;0;0;2;2;2;A01
200900071339;0;31;0;12;2;2;17;B01
200900071339;0;7;0;0;0;8;15;A01
200900071340;0;7;0;0;2;4;1;A01
200900071340;0;32;0;0;0;1;2;B01
200900071341;0;7;0;0;2;1;2;A01
200900071341;0;7;0;0;2;4;2;C01
200900071341;0;10;0;0;2;4;2;B01
200900071342;0;31;0;14;0;7;3;A01
200900071343;0;7;0;4;0;0;1;A01
200900071344;0;7;0;0;2;6;1;A01
200900071344;0;14;0;0;0;2;14;B01
200900071345;0;7;0;14;0;3;15;A01
200900071345;0;7;0;0;2;8;23;B01
200900071346;0;7;0;1;2;1;1;A01
200900071347;0;7;0;0;2;8;15;A01
200900071347;0;37;10;0;2;1;1;B01
200900071348;0;2;0;0;2;8;5;B01
200900071348;0;7;0;0;2;3;15;A01
200900071349;0;2;0;0;2;1;2;B01
200900071349;0;7;0;0;2;7;15;A01
200900071350;0;7;0;4;0;3;1;A01
200900071351;0;7;0;0;1;2;15;A01
200900071352;0;7;0;3;0;1;1;A01
200900071353;0;33;0;0;2;1;1;B01
200900071353;0;37;6;0;2;2;1;A01
200900071354;0;14;0;0;2;3;15;B01
200900071354;0;7;0;0;2;1;1;A01
200900071355;0;7;0;0;1;1;1;A01
200900071356;0;7;0;0;2;2;1;A01
200900071356;0;30;0;0;2;8;16;B01
200900071357;0;7;0;0;0;4;1;A01
200900071357;0;7;0;0;2;4;2;B01
200900071357;0;17;0;0;2;1;2;C01
200900071358;0;7;0;0;1;3;1;A01
200900071359;0;14;0;0;1;1;1;A01
200900071360;0;7;0;0;2;1;1;A01
200900071360;0;7;0;0;2;2;15;B01
200900071361;0;7;0;12;2;1;14;B01
200900071361;0;7;0;12;2;1;6;A01
200900071362;0;7;0;0;2;4;4;A01
200900071362;0;7;0;0;2;1;1;B01
200900071363;0;7;0;0;2;1;1;A01
200900071363;0;7;0;0;2;1;1;B01
200900071364;0;34;0;0;2;1;1;B01
200900071364;0;7;0;0;2;7;12;A01
200900071365;0;7;0;0;0;7;15;A01
200900071365;0;7;0;0;2;1;1;C01
200900071365;0;7;0;0;2;1;1;B01
200900071366;0;7;0;0;2;2;15;A01
200900071366;0;30;0;0;2;1;1;B01
200900071367;0;7;0;0;2;2;2;A01
200900071367;0;14;0;0;2;4;1;B01
200900071368;0;7;0;0;1;5;4;A01
200900071369;0;7;0;0;1;1;16;A01
200900071370;0;7;0;0;2;4;15;A01
200900071370;0;7;0;0;2;1;2;B01
200900071371;0;2;0;0;2;2;5;A01
200900071371;0;10;0;0;2;2;18;B01
200900071372;0;33;0;1;2;7;1;B01
200900071372;0;7;0;0;2;1;9;A01
200900071373;0;34;0;1;0;1;1;B01
200900071373;0;7;0;0;0;4;23;A01
200900071374;0;2;0;0;2;1;1;B01
200900071374;0;7;0;0;2;0;22;A01
200900071375;0;7;0;0;2;4;2;D01
200900071375;0;7;0;0;2;4;2;B01
200900071375;0;7;0;0;2;4;2;C01
200900071375;0;7;0;0;2;1;2;A01
200900071376;0;7;0;0;2;5;1;A01
200900071376;0;7;0;0;2;1;1;B01
200900071377;0;7;0;8;2;8;1;B01
200900071377;0;7;0;8;2;1;1;A01
200900071378;0;7;0;0;2;1;1;B01
200900071378;0;7;0;0;2;7;1;A01
200900071379;0;7;0;4;0;2;1;A01
200900071380;0;14;0;0;2;2;14;A01
200900071380;0;7;0;0;2;6;1;B01
200900071381;0;7;0;0;1;1;1;A01
200900071382;0;7;0;1;0;2;1;A01
200900071383;0;33;0;0;0;8;1;A01
200900071384;0;2;0;0;2;8;1;A01
200900071384;0;10;0;0;2;3;15;B01
200900071385;0;7;0;15;9;2;1;A01
200900071386;0;37;1;0;1;7;1;A01
200900071387;0;10;0;0;2;1;2;A01
200900071387;0;7;0;0;0;4;16;C01
200900071387;0;7;0;0;2;4;2;B01
200900071388;0;34;0;0;2;8;11;A01
200900071388;0;7;0;0;2;2;12;B01
200900071389;0;7;0;0;2;2;1;B01
200900071389;0;7;0;0;2;8;15;A01
200900071390;0;7;0;0;1;1;20;A01
200900071391;0;7;0;0;2;1;2;A01
200900071391;0;30;0;0;2;4;2;B01
200900071392;0;7;0;4;0;1;1;A01
200900071393;0;7;0;0;2;3;23;C01
200900071393;0;7;0;8;2;7;15;A01
200900071393;0;7;0;0;2;1;1;B01
200900071394;0;7;0;0;1;1;1;A01
200900071395;0;30;0;0;0;1;1;A01
200900071396;0;30;0;0;2;4;1;B01
200900071396;0;30;0;1;2;7;1;A01
200900071397;0;32;0;1;0;2;17;A01
200900071398;0;2;0;0;2;1;17;A01
200900071398;0;7;0;0;2;8;15;B01
200900071399;0;7;0;0;2;1;1;B01
200900071399;0;7;0;0;2;7;1;A01
200900071400;0;7;0;0;2;4;2;B01
200900071400;0;7;0;0;2;4;1;C01
200900071400;0;33;0;0;2;1;2;A01
200900071400;0;10;0;0;2;6;1;D01
200900071401;0;37;12;0;1;2;17;A01
200900071402;0;10;0;6;0;1;1;A01
200900071403;0;7;0;0;2;3;11;A01
200900071403;0;7;0;0;2;1;21;B01
200900071404;1;7;0;0;0;0;10;B01
200900071404;0;30;0;0;2;1;1;A01
200900071405;0;7;0;0;1;1;1;A01
200900071406;0;7;0;0;2;2;15;A01
200900071406;0;32;0;0;2;1;1;B01
200900071407;0;7;0;0;1;3;15;A01
200900071408;0;7;0;0;2;3;1;B01
200900071408;0;7;0;0;2;2;1;A01
200900071409;0;7;0;9;2;9;1;B01
200900071409;0;7;0;0;2;1;1;A01
200900071410;0;10;0;0;1;0;1;A01
200900071411;0;7;0;0;2;1;1;A01
200900071411;0;7;0;0;2;3;1;B01
200900071412;0;7;0;0;2;1;2;A01
200900071412;0;7;0;0;2;4;2;B01
200900071412;0;7;0;0;2;1;1;C01
200900071413;0;7;0;0;1;3;1;A01
200900071414;0;33;0;4;0;1;1;A01
200900071415;0;33;0;0;2;1;17;B01
200900071415;0;7;0;0;2;8;15;A01
200900071416;0;1;0;0;1;1;1;A01
200900071417;0;7;0;0;1;3;17;A01
200900071418;0;7;0;1;0;2;1;A01
200900071419;0;7;0;0;2;7;15;A01
200900071419;0;30;0;0;2;1;1;B01
200900071420;0;7;0;14;0;1;1;A01
200900071421;0;37;1;0;9;2;17;A01
200900071421;0;1;0;0;2;1;15;B01
200900071422;0;7;0;0;2;7;1;A01
200900071422;0;2;0;0;2;1;1;B01
200900071423;0;7;0;0;2;1;2;A01
200900071423;0;7;0;0;0;4;1;B01
200900071424;0;30;0;0;0;1;1;A01
200900071425;0;10;0;0;2;3;9;A01
200900071425;0;32;0;0;2;2;1;B01
200900071426;0;33;0;0;2;1;1;B01
200900071426;1;7;0;0;2;3;10;Z01
200900071427;0;7;0;0;2;4;1;B01
200900071427;0;7;0;0;2;1;2;A01
200900071428;0;7;0;0;2;3;23;A01
200900071428;0;33;0;0;0;1;21;B01
200900071429;0;37;1;0;1;5;9;A01
200900071430;0;33;0;0;0;2;1;A01
200900071431;0;7;0;0;2;3;23;C01
200900071431;0;7;0;0;2;8;1;B01
200900071431;0;7;0;0;2;3;10;A01
200900071432;0;3;0;0;1;1;1;A01
200900071433;0;7;0;0;2;1;1;A01
200900071433;0;10;0;0;2;4;1;C01
200900071433;0;7;0;0;2;1;1;B01
200900071434;0;33;0;0;2;7;1;B01
200900071434;0;7;0;0;2;8;11;A01
200900071434;0;7;0;0;2;4;1;C01
200900071435;0;2;0;0;0;0;1;A01
200900071436;0;30;0;0;2;1;1;A01
200900071436;0;7;0;0;2;7;15;B01
200900071437;0;7;0;0;1;1;1;A01
200900071438;0;7;0;0;0;1;1;A01
200900071438;0;7;0;0;2;4;1;B01
200900071439;0;33;0;0;2;7;1;B01
200900071439;0;7;0;0;2;3;11;A01
200900071440;0;7;0;0;2;4;2;D01
200900071440;0;7;0;0;2;4;2;B01
200900071440;0;10;0;0;2;4;2;C01
200900071440;0;7;0;0;2;1;1;A01
200900071441;0;14;0;0;1;8;1;A01
200900071442;0;1;0;0;2;1;1;A01
200900071442;0;7;0;0;2;8;15;B01
200900071443;0;2;0;8;0;1;1;A01
200900071444;0;7;0;0;1;3;1;A01
200900071445;0;7;0;0;2;2;15;A01
200900071445;0;32;0;0;2;1;1;B01
200900071446;0;7;0;0;1;3;1;A01
200900071447;0;2;0;12;0;7;1;A01
200900071448;0;7;0;0;1;2;1;A01
200900071449;1;7;0;0;1;0;0;A01
200900071450;0;7;0;0;1;2;14;A01
200900071451;0;1;0;0;2;1;1;B01
200900071451;0;7;0;0;9;7;15;A01
200900071452;0;7;0;0;1;1;2;A01
200900071453;0;7;0;0;2;3;2;B01
200900071453;0;7;0;0;2;3;13;A01
200900071453;0;15;0;0;2;3;0;C01
200900071454;0;7;0;0;2;1;13;A01
200900071454;0;7;0;0;2;1;1;B01
200900071455;0;7;0;0;1;3;0;A01
200900071456;0;7;0;0;1;4;4;A01
200900071457;0;7;0;0;0;0;0;C01
200900071457;0;7;0;1;0;2;0;A01
200900071457;0;7;0;1;2;3;0;B01
200900071458;0;7;0;0;2;1;2;A01
200900071458;0;7;0;0;2;4;2;B01
200900071458;0;7;0;0;2;4;2;C01
200900071459;0;30;0;0;0;0;1;A01
200900071460;0;7;0;2;0;0;1;A01
200900071461;0;2;0;1;2;1;17;A01
200900071461;0;7;0;0;2;1;19;B01
200900071462;0;33;0;0;2;2;1;B01
200900071462;0;7;0;0;2;3;19;A01
200900071463;0;15;0;6;0;7;9;A01
200900071464;0;99;0;0;1;2;1;A01
200900071465;0;33;0;0;0;0;1;B01
200900071465;0;32;0;0;0;0;1;A01
200900071466;0;31;0;0;2;1;17;A01
200900071466;0;7;0;0;2;8;15;B01
200900071467;0;7;0;0;2;4;23;B01
200900071467;0;30;0;0;2;1;2;A01
200900071468;0;7;0;0;2;3;0;A01
200900071468;0;34;0;0;0;1;17;B01