num_acc;senc;catv;occutc;obs;obsm;choc;manv;num_veh
200900071469;0;7;0;0;2;8;15;A01
200900071469;0;34;0;0;2;7;17;B01
200900071470;0;7;0;0;1;1;1;A01
200900071471;0;31;0;0;2;1;17;A01
200900071471;0;7;0;0;2;6;23;B01
200900071472;0;10;0;0;2;4;4;A01
200900071472;0;33;0;0;2;1;1;B01
200900071473;0;31;0;0;2;1;1;A01
200900071473;0;7;0;0;2;3;1;B01
200900071474;0;7;0;0;2;3;9;A01
200900071474;0;33;0;0;2;1;17;B01
200900071475;0;7;0;0;2;1;0;B01
200900071475;0;10;0;0;2;7;15;A01
200900071476;0;7;0;0;1;7;1;A01
200900071477;0;7;0;0;1;1;1;A01
200900071478;0;7;0;0;9;2;1;A01
200900071478;0;1;0;0;2;1;19;B01
200900071479;0;7;0;1;0;1;1;A01
200900071480;0;7;0;0;1;4;4;A01
200900071481;0;7;0;0;2;2;12;A01
200900071481;2;7;0;0;2;3;16;B01
200900071482;0;7;0;0;9;2;15;A01
200900071482;0;1;0;0;2;1;0;B01
200900071483;0;7;0;0;2;2;11;A01
200900071483;0;31;0;0;2;8;2;B01
200900071484;0;7;0;0;2;7;15;B01
200900071484;0;30;0;0;2;1;1;A01
200900071485;0;99;0;0;1;1;1;A01
200900071486;0;7;0;0;1;1;1;A01
200900071487;0;32;0;0;2;1;19;B01
200900071487;0;7;0;0;2;7;15;A01
200900071488;0;7;0;0;1;2;1;A01
200900071489;0;33;0;0;2;2;1;A01
200900071489;0;7;0;0;2;2;15;B01
200900071490;0;1;0;0;2;4;0;B01
200900071490;0;33;0;0;2;1;1;A01
200900071491;1;7;0;0;0;0;9;B01
200900071491;0;33;0;0;0;0;21;A01
200900071492;0;2;0;1;0;8;21;A01
200900071493;0;7;0;0;2;2;1;A01
200900071493;0;7;0;0;2;2;1;B01
200900071494;0;32;0;0;2;1;11;B01
200900071494;0;10;0;0;9;1;19;A01
200900071495;0;7;0;8;2;1;0;A01
200900071495;0;10;0;6;2;2;19;B01
200900071496;0;7;0;0;2;2;1;A01
200900071496;0;7;0;0;2;7;15;B01
200900071497;0;7;0;0;2;5;2;B01
200900071497;0;7;0;8;2;1;21;A01
200900071498;0;33;0;0;2;1;2;B01
200900071498;0;7;0;0;2;3;2;A01
200900071499;0;7;0;0;1;1;1;A01
200900071500;0;7;0;0;2;7;15;A01
200900071500;0;34;0;0;2;1;0;B01
200900071501;0;7;0;0;1;3;1;A01
200900071502;0;7;0;0;0;2;0;A01
200900071503;0;30;0;0;2;7;9;B01
200900071503;0;7;0;0;2;8;1;A01
200900071504;0;30;0;0;1;1;1;A01
200900071505;0;7;0;0;2;1;15;A01
200900071505;0;31;0;0;2;1;0;B01
200900071506;0;32;0;0;0;0;0;B01
200900071506;0;7;0;0;2;6;0;C01
200900071506;0;34;0;0;0;0;0;A01
200900071507;0;7;0;0;0;2;21;B01
200900071507;0;7;0;0;0;3;10;A01
200900071508;0;7;0;0;2;1;1;B01
200900071508;0;7;0;0;2;7;1;A01
200900071509;0;7;0;0;1;1;11;A01
200900071510;0;7;0;0;2;3;15;A01
200900071510;0;32;0;0;2;1;1;B01
200900071511;0;32;0;0;2;5;1;B01
200900071511;0;7;0;0;2;3;9;A01
200900071512;0;7;0;0;2;4;1;B01
200900071512;1;7;0;0;2;1;1;A01
200900071513;0;33;0;0;2;2;17;B01
200900071513;0;7;0;0;2;3;9;A01
200900071514;0;7;0;0;2;8;15;A01
200900071514;0;32;0;0;2;1;17;B01
200900071515;0;2;0;0;2;1;1;A01
200900071515;0;7;0;0;2;1;19;B01
200900071516;0;7;0;0;1;1;1;A01
200900071517;0;10;0;0;2;3;15;A01
200900071517;0;7;0;0;2;2;1;B01
200900071518;0;30;0;0;1;7;1;A01
200900071519;0;7;0;0;1;0;11;A01
200900071520;0;7;0;0;2;3;15;A01
200900071520;0;31;0;0;2;1;17;B01
200900071521;0;2;0;0;1;1;1;A01
200900071522;0;7;0;0;2;1;2;B01
200900071522;0;7;0;0;2;8;14;A01
200900071523;0;2;0;0;2;1;1;B01
200900071523;0;7;0;0;2;2;6;A01
200900071524;0;17;0;5;0;0;1;A01
200900071525;0;7;0;1;0;1;1;A01
200900071526;0;7;0;0;1;1;1;A01
200900071527;0;30;0;0;2;2;1;B01
200900071527;0;7;0;0;9;6;16;A01
200900071528;0;7;0;0;1;4;4;A01
200900071529;0;7;0;5;0;1;1;A01
200900071530;0;2;0;0;2;1;1;B01
200900071530;0;7;0;0;2;3;15;A01
200900071531;0;2;0;0;2;1;1;B01
200900071531;0;7;0;0;2;3;1;A01
200900071532;0;10;0;0;2;1;9;A01
200900071532;0;7;0;0;2;2;1;B01
200900071533;0;7;0;0;2;7;1;A01
200900071533;0;2;0;0;2;1;1;B01
200900071534;0;2;0;0;2;1;1;B01
200900071534;0;7;0;0;2;1;1;A01
200900071535;0;7;0;0;2;3;1;A01
200900071535;0;1;0;0;2;2;1;B01
200900071536;0;7;0;0;2;1;1;A01
200900071536;0;7;0;0;2;4;23;B01
200900071537;0;7;0;0;2;1;2;A01
200900071537;0;7;0;0;0;4;2;B01
200900071538;0;7;0;0;2;4;2;B01
200900071538;0;33;0;0;2;1;2;A01
200900071539;0;10;0;0;1;3;15;A01
200900071540;0;7;0;0;1;1;1;A01
200900071541;0;7;0;0;2;1;1;A01
200900071541;0;7;0;0;2;4;1;B01
200900071542;0;1;0;0;2;1;1;B01
200900071542;0;7;0;0;2;8;9;A01
200900071543;0;7;0;0;4;3;0;A01
200900071543;0;39;0;0;2;2;1;B01
200900071544;0;7;0;0;9;1;1;B01
200900071544;0;2;0;0;2;1;13;A01
200900071545;0;7;0;0;2;4;2;B01
200900071545;0;7;0;0;2;1;2;A01
200900071546;0;10;0;0;1;2;0;A01
200900071547;0;10;0;0;1;4;4;A01
200900071548;0;7;0;1;0;1;14;A01
200900071549;0;7;0;0;1;7;9;A01
200900071550;0;7;0;0;9;1;1;B01
200900071550;0;1;0;0;2;1;19;A01
200900071551;0;7;0;0;9;1;1;B01
200900071551;0;2;0;0;2;1;1;A01
200900071552;0;7;0;0;1;2;1;A01
200900071553;0;7;0;4;2;3;13;A01
200900071553;0;7;0;0;2;5;1;B01
200900071554;0;7;0;0;1;1;16;A01
200900071555;0;31;0;0;2;1;1;B01
200900071555;0;7;0;0;2;1;1;A01
200900071556;2;7;0;9;0;9;0;A01
200900071557;0;7;0;0;2;9;1;B01
200900071557;2;7;0;8;2;1;1;A01
200900071558;0;7;0;0;2;2;15;A01
200900071558;0;30;0;0;2;1;1;B01
200900071559;0;33;0;0;6;1;1;A01
200900071560;0;7;0;0;2;2;15;A01
200900071560;0;30;0;0;2;1;1;B01
200900071561;0;10;0;0;2;8;1;A01
200900071561;0;15;0;0;2;7;14;B01
200900071562;0;7;0;0;1;1;1;A01
200900071563;0;7;0;0;1;3;1;A01
200900071564;0;7;0;0;1;8;1;A01
200900071565;0;7;0;0;2;3;10;B02
200900071565;0;32;0;0;2;1;17;A01
200900071566;0;31;0;0;0;0;1;A01
200900071567;0;7;0;0;1;2;1;A01
200900071568;0;7;0;0;2;1;2;B01
200900071568;0;7;0;0;2;5;13;A01
200900071569;1;7;0;0;1;0;0;A01
200900071570;0;1;0;0;2;4;2;B01
200900071570;0;7;0;0;9;2;2;A01
200900071571;0;7;0;0;2;1;1;B01
200900071571;0;7;0;0;2;8;9;A01
200900071572;0;7;0;0;2;6;2;B01
200900071572;0;2;0;0;2;7;17;C01
200900071572;0;7;0;0;2;3;1;A01
200900071573;0;7;0;0;2;3;15;A01
200900071573;0;2;0;0;2;1;17;B01
200900071574;0;30;0;0;2;2;2;A01
200900071574;0;7;0;0;0;5;2;B01
200900071575;0;2;0;0;0;0;0;A01
200900071576;0;1;0;0;2;5;1;B01
200900071576;0;7;0;0;2;3;1;A01
200900071577;0;7;0;0;1;3;1;A01
200900071578;0;7;0;0;2;6;13;A01
200900071578;0;31;0;0;2;7;17;B01
200900071579;0;7;0;6;0;1;1;A01
200900071580;0;7;0;0;2;3;15;B01
200900071580;0;33;0;0;2;6;21;A01
200900071581;0;7;0;0;2;2;15;A01
200900071581;0;33;0;0;2;6;1;B01
200900071582;0;1;0;0;2;0;1;B01
200900071582;0;7;0;0;2;2;16;A01
200900071583;0;2;0;0;2;4;2;B01
200900071583;0;2;0;0;2;1;2;A01
200900071584;2;7;0;15;0;0;0;A01
200900071585;0;7;0;8;0;1;1;A01
200900071586;0;1;0;0;0;0;0;A01
200900071587;0;10;0;0;2;1;2;A01
200900071587;0;7;0;0;2;4;2;B01
200900071587;0;10;0;0;0;4;1;E01
200900071587;0;7;0;0;2;1;2;C01
200900071587;0;7;0;0;0;4;1;D01
200900071588;1;7;0;0;2;1;2;A01
200900071588;0;7;0;0;2;4;23;B01
200900071589;0;30;0;0;2;1;1;A01
200900071589;0;7;0;0;2;1;15;B01
200900071590;0;38;0;0;2;1;1;B01
200900071590;0;7;0;0;2;2;1;A01
200900071591;0;10;0;0;0;4;23;B01
200900071591;0;7;0;0;2;1;2;A01
200900071592;0;7;0;0;0;4;15;B01
200900071592;0;7;0;0;2;1;2;A01
200900071593;0;1;0;0;1;1;1;A01
200900071594;0;7;0;0;2;1;2;A01
200900071594;0;7;0;0;2;4;2;B01
200900071595;0;15;0;0;2;1;15;A01
200900071595;0;7;0;0;2;8;1;B01
200900071596;0;7;0;0;2;1;1;B01
200900071596;0;30;0;0;2;1;15;A01
200900071597;0;7;0;1;0;1;0;A01
200900071598;0;7;0;10;0;1;0;A01
200900071599;0;7;0;0;2;2;15;A01
200900071599;0;33;0;0;2;1;1;B01
200900071600;1;10;0;0;0;0;9;B01
200900071600;0;10;0;0;0;8;1;C01
200900071600;0;7;0;9;0;1;9;A01
200900071601;0;7;0;0;2;7;15;A01
200900071601;0;2;0;0;2;1;1;B01
200900071602;0;34;0;0;2;1;1;C01
200900071602;0;15;0;0;2;0;19;A01
200900071602;0;7;0;0;2;4;1;B01
200900071603;0;7;0;0;2;8;9;A01
200900071603;0;30;0;0;2;1;1;B01
200900071604;0;7;0;0;2;1;1;B01
200900071604;0;7;0;0;2;3;9;A01
200900071605;0;7;0;0;1;1;1;A01
200900071606;0;7;0;0;2;1;1;A01
200900071606;0;33;0;0;2;7;1;B01
200900071607;0;7;0;0;2;2;1;A01
200900071607;0;7;0;0;2;1;1;B01
200900071608;0;7;0;0;2;1;1;B01
200900071608;0;7;0;0;2;5;15;A01
200900071609;0;7;0;0;2;8;1;A01
200900071609;0;37;10;0;2;1;1;B01
200900071610;0;1;0;0;2;2;1;B01
200900071610;0;7;0;0;2;2;15;A01
200900071611;0;7;0;0;2;2;1;A01
200900071611;0;2;0;0;2;4;1;B01
200900071612;0;7;0;15;0;4;4;A01
200900071613;0;7;0;0;2;2;15;A01
200900071613;0;2;0;0;2;1;1;B01
200900071614;0;7;0;0;1;1;15;A01
200900071615;0;7;0;0;2;7;13;A01
200900071615;0;7;0;0;2;3;1;B01
200900071616;0;7;0;0;1;3;1;A01
200900071617;0;2;0;0;2;2;0;B01
200900071617;0;7;0;0;2;8;0;A01
200900071618;1;7;0;0;0;0;0;A01
200900071618;0;7;0;0;2;4;23;B01
200900071619;0;40;0;0;1;2;1;A01
200900071620;0;33;0;0;0;0;2;A01
200900071621;0;7;0;0;2;4;1;B01
200900071621;0;7;0;0;1;1;1;A01
200900071622;0;99;0;8;2;1;1;A01
200900071622;0;10;0;6;2;8;1;B01
200900071623;0;7;0;0;2;1;15;B01
200900071623;0;7;0;9;2;6;15;A01
200900071624;0;7;0;0;2;1;1;A01
200900071624;0;7;0;0;0;4;23;B01
200900071625;0;7;0;0;2;2;1;A01
200900071625;0;2;0;0;2;0;1;B01
200900071626;0;7;0;0;1;8;1;A01
200900071627;0;7;0;0;1;1;1;A01
200900071628;0;7;0;0;1;1;1;A01
200900071629;0;99;0;0;0;4;2;B01
200900071629;0;7;0;0;2;1;2;A01
200900071630;0;7;0;0;2;3;13;A01
200900071630;0;7;0;0;2;3;1;B01
200900071631;0;31;0;0;2;1;1;A01
200900071631;0;7;0;0;2;5;19;B01
200900071632;0;7;0;1;2;1;1;B01
200900071632;0;7;0;0;2;3;5;A01
200900071633;0;7;0;0;1;1;1;A01
200900071634;0;30;0;0;2;1;1;B01
200900071634;0;2;0;0;2;1;5;A01
200900071635;0;33;0;6;0;1;0;A01
200900071636;0;14;0;0;2;3;1;B01
200900071636;0;7;0;0;2;2;1;A01
200900071637;0;7;0;0;2;1;1;A01
200900071637;0;1;0;0;2;8;1;B01
200900071638;0;7;0;0;2;1;2;A01
200900071638;0;7;0;0;2;8;19;B01
200900071639;0;7;0;;2;2;17;B02
200900071639;0;15;0;;2;4;1;A01
200900071640;0;33;0;;2;1;1;B02
200900071640;0;7;0;;2;3;20;A01
200900071641;0;7;0;13;0;1;2;A01
200900071642;0;32;0;14;0;1;2;A01
200900071643;0;10;0;0;2;3;1;A01
200900071643;0;10;0;0;2;7;1;B01
200900071644;0;7;0;0;1;2;21;A01
200900071645;0;2;0;0;2;1;13;A01
200900071645;0;10;0;0;2;8;1;B01
200900071646;0;2;0;4;0;1;21;A01
200900071647;0;31;0;8;0;8;1;A01
200900071648;0;33;0;0;2;1;1;B02
200900071648;0;7;0;0;2;3;15;A01
200900071649;0;33;0;15;0;1;1;A01
200900071650;0;10;0;0;2;1;2;A01
200900071650;0;7;0;0;2;0;2;D01
200900071650;0;7;0;0;2;0;2;B01
200900071650;0;7;0;0;2;0;2;C01
200900071651;0;7;0;6;2;3;1;A01
200900071651;0;7;0;0;2;2;1;B01
200900071652;0;10;0;0;2;1;2;B01
200900071652;0;7;0;0;2;4;2;A01
200900071653;0;7;0;2;0;1;1;A01
200900071654;0;7;0;0;2;4;2;B01
200900071654;0;7;0;0;2;4;2;C01
200900071654;0;7;0;0;2;1;2;A01
200900071655;0;2;0;0;2;1;19;A01
200900071655;0;7;0;0;2;3;19;B01
200900071656;0;7;0;0;2;1;15;B01
200900071656;0;2;0;0;2;1;1;A01
200900071657;0;14;0;0;1;2;15;A01
200900071658;0;30;0;0;2;1;1;A01
200900071658;0;1;0;0;2;4;1;B02
200900071659;0;33;0;14;0;7;16;A01
200900071660;0;7;0;0;2;1;1;A01
200900071660;0;1;0;0;2;7;1;B01
200900071661;0;7;0;7;0;1;1;A01
200900071662;0;7;0;0;2;1;19;A01
200900071663;0;7;0;0;2;8;16;A01
200900071663;0;30;0;0;2;1;1;B01
200900071664;0;7;0;0;2;0;16;A01
200900071664;0;1;0;0;2;1;1;B01
200900071665;0;7;0;0;2;2;15;A01
200900071665;0;33;0;0;2;1;1;B01
200900071666;0;7;0;0;2;2;1;B01
200900071666;0;7;0;0;2;1;0;A01
200900071667;0;7;0;0;2;1;1;A01
200900071667;0;7;0;0;2;4;2;B01
200900071668;0;34;0;0;1;1;0;A01
200900071669;0;7;0;0;0;3;10;A01
200900071669;0;33;0;0;0;0;17;B01
200900071670;0;7;0;0;1;2;0;A01
200900071671;0;7;0;0;9;1;0;A01
200900071671;0;30;0;0;0;1;10;B01
200900071672;1;7;0;0;0;0;1;B01
200900071672;0;34;0;0;2;0;1;A01
200900071673;0;34;0;0;1;0;0;A01
200900071674;0;7;0;0;2;2;2;A01
200900071674;0;30;0;0;2;3;2;B01
200900071675;0;7;0;0;1;0;2;A01
200900071676;0;7;0;0;2;4;23;B01
200900071676;0;7;0;0;2;1;2;C01
200900071676;0;7;0;0;0;4;23;A01
200900071677;0;7;0;2;0;1;1;A01
200900071678;0;7;0;1;0;2;0;A01
200900071679;0;7;0;0;9;6;9;B01
200900071679;0;33;0;0;2;1;2;A01
200900071680;0;30;0;0;2;5;17;A01
200900071680;0;7;0;0;2;1;15;B01
200900071681;0;7;0;0;1;2;1;A01
200900071682;0;7;0;0;1;2;2;A01
200900071683;0;7;0;0;2;2;15;A01
200900071683;0;7;0;0;2;3;1;B01
200900071684;0;7;0;0;1;2;1;A01
200900071685;0;7;0;0;0;6;10;B01
200900071685;0;33;0;0;2;1;17;A01
200900071686;0;7;0;1;0;1;2;A01
200900071687;0;34;0;0;2;8;5;B01
200900071687;0;7;0;0;2;3;13;A01
200900071688;0;7;0;0;2;3;16;A01
200900071688;0;32;0;0;2;8;1;B01
200900071689;0;7;0;0;1;4;4;A01
200900071690;0;7;0;0;2;1;1;B01
200900071690;0;7;0;15;2;1;10;A01
200900071691;0;7;0;0;2;3;20;A01
200900071691;0;33;0;0;2;1;21;B01
200900071692;0;33;0;0;0;8;1;B01
200900071692;1;7;0;0;0;0;0;A01
200900071693;0;34;0;0;2;1;5;A01
200900071693;0;7;0;0;2;3;15;B01
200900071694;0;10;0;0;1;1;1;A01
200900071695;0;34;0;0;2;3;1;B01
200900071695;0;30;0;0;2;1;6;A01
200900071696;0;7;0;0;0;7;0;A01
200900071696;0;7;0;0;0;1;0;B01
200900071697;0;34;0;0;0;0;1;B01
200900071697;0;7;0;0;0;0;15;A01
200900071698;0;33;0;0;2;1;1;B01
200900071698;0;7;0;0;0;6;0;A01
200900071699;0;7;0;0;1;1;9;A01
200900071700;1;7;0;0;1;1;0;A01
200900071700;0;7;0;0;0;0;1;B01
200900071701;0;7;0;0;1;7;1;A01
200900071702;0;7;0;0;0;1;10;A01
200900071702;0;33;0;0;2;1;1;B01
200900071703;0;7;0;0;1;2;1;A01
200900071704;0;2;0;0;2;2;1;A01
200900071704;0;7;0;0;2;2;19;B01
200900071705;0;33;0;0;2;2;5;A01
200900071705;0;7;0;0;2;3;15;B01
200900071706;1;7;0;0;1;0;0;A01
200900071707;0;2;0;12;0;1;1;A01
200900071707;0;7;0;6;0;1;0;B01
200900071708;0;7;0;0;2;8;15;B01
200900071708;0;2;0;0;2;2;2;A01
200900071709;0;7;0;0;1;3;1;A01
200900071710;0;7;0;0;0;4;2;C01
200900071710;0;7;0;0;2;6;2;B01
200900071710;0;7;0;0;2;2;2;A01
200900071711;1;7;0;0;0;0;10;A01
200900071711;0;31;0;0;0;9;1;B01
200900071712;0;33;0;0;2;2;2;B01
200900071712;2;7;0;0;2;3;10;A01
200900071713;0;7;0;0;1;1;0;A01
200900071714;0;31;0;0;2;1;1;A01
200900071714;0;7;0;0;9;2;16;B01
200900071715;0;36;0;1;2;1;1;A01
200900071715;0;7;0;0;2;4;1;B01
200900071716;0;37;1;0;1;7;1;A01
200900071717;0;2;0;0;2;1;1;A01
200900071717;0;7;0;0;2;3;15;B01
200900071718;0;10;0;0;2;3;0;B01
200900071718;0;30;0;0;2;3;0;A01
200900071719;0;7;0;0;1;2;0;A01
200900071720;0;31;0;0;2;1;1;B01
200900071720;0;15;0;0;2;1;11;A01
200900071721;0;7;0;0;1;2;1;A01
200900071722;0;7;0;0;2;7;1;A02
200900071722;0;10;0;;2;1;1;A01
200900071723;0;1;0;0;2;1;1;A01
200900071723;0;7;0;0;2;8;9;B02
200900071724;0;7;0;1;0;1;1;C03
200900071724;0;7;0;3;0;2;1;B02
200900071724;0;7;0;3;0;3;1;A01
200900071725;0;10;0;0;0;4;1;B02
200900071725;0;33;0;0;2;1;2;A01
200900071726;0;10;0;0;2;4;23;B02
200900071726;0;7;0;0;2;1;2;A01
200900071727;0;7;0;1;0;1;13;A01
200900071727;0;7;0;0;2;1;8;B02
200900071728;0;7;0;0;2;7;20;B02
200900071728;0;2;0;0;2;1;1;A01
200900071729;0;7;0;0;1;1;1;A01
200900071730;0;33;0;6;2;0;0;B01
200900071730;0;7;0;0;0;0;0;A01
200900071731;0;10;0;0;1;1;1;A01
200900071732;0;7;0;0;2;1;1;C01
200900071732;0;7;0;0;0;4;1;A01
200900071732;0;7;0;0;2;4;1;B01
200900071733;0;30;0;13;0;1;14;A01
200900071734;0;7;0;0;1;0;7;A01
200900071735;0;33;0;0;2;1;2;B01
200900071735;2;7;0;0;0;7;2;A01
200900071736;0;7;0;3;0;2;1;A01
200900071737;0;31;0;0;2;1;1;A01
200900071737;0;7;0;0;2;5;15;B01
200900071738;1;13;0;0;2;0;1;A01
200900071738;0;7;0;0;2;0;1;B01
200900071739;0;7;0;0;2;3;15;A01
200900071739;0;2;0;0;2;1;1;B01
200900071740;0;7;0;0;1;0;0;A01
200900071741;0;7;0;0;0;0;0;A01
200900071742;1;7;0;0;1;3;1;A01
200900071743;0;7;0;0;1;0;0;A01
200900071744;0;7;0;1;0;3;1;A01
200900071745;0;7;0;0;2;3;15;B01
200900071745;0;30;0;8;2;2;1;A01
200900071746;0;7;0;0;2;1;1;B01
200900071746;0;2;0;0;2;1;1;A01
200900071747;1;7;0;0;2;0;0;A01
200900071747;0;2;0;0;2;1;17;B01
200900071748;0;1;0;0;2;1;1;A01
200900071748;0;7;0;0;2;4;1;B01
200900071749;0;7;0;0;2;1;1;B01
200900071749;0;7;0;0;2;4;1;C01
200900071749;0;7;0;0;2;1;1;A01
200900071750;0;31;0;0;2;1;1;A01
200900071750;0;7;0;0;2;4;23;B01
200900071751;0;7;0;0;2;1;1;A01
200900071751;0;37;1;0;2;4;1;B01
200900071752;0;7;0;0;2;1;1;B01
200900071752;0;7;0;0;2;3;15;A01
200900071753;0;31;0;1;2;1;1;A01
200900071753;0;1;0;0;2;1;19;B01
200900071754;0;1;0;0;2;1;2;B01
200900071754;0;1;0;0;2;1;1;A01
200900071755;0;7;0;0;1;2;0;A01
200900071756;0;33;0;0;2;1;17;B01
200900071756;0;33;0;0;2;2;17;A01
200900071756;0;7;0;0;2;1;15;C01
200900071757;0;7;0;0;2;8;10;A01
200900071757;0;7;0;0;2;1;2;B01
200900071758;0;7;0;0;1;0;15;A01
200900071759;0;7;0;0;2;1;1;A01
200900071759;0;7;0;0;2;1;1;B01
200900071760;0;7;0;0;1;0;1;A01
200900071761;0;7;0;4;0;1;1;A01
200900071762;0;7;0;2;0;1;2;A01
200900071763;0;7;0;0;2;1;1;A01
200900071763;0;33;0;0;2;1;1;B01
200900071763;0;7;0;0;2;4;1;C01
200900071764;0;7;0;9;2;1;2;B01
200900071764;0;7;0;9;2;4;12;A01
200900071765;0;7;0;0;2;2;15;A01
200900071765;0;7;0;0;2;1;2;B01
200900071766;0;2;0;1;0;1;1;A01
200900071767;0;7;0;0;2;1;1;A01
200900071767;0;7;0;0;2;1;1;B01
200900071768;0;7;0;0;2;1;1;B01
200900071768;0;2;0;0;2;1;15;A01
200900071769;0;7;0;1;0;1;13;A01
200900071770;0;7;0;0;2;0;0;A01
200900071770;0;7;0;0;2;0;0;B01
200900071771;0;30;0;1;0;0;1;A01
200900071771;0;7;0;1;0;4;0;B01
200900071772;0;7;0;0;0;4;1;A01
200900071772;0;33;0;0;0;1;2;B01
200900071773;0;7;0;0;2;2;16;A01
200900071773;0;30;0;0;2;8;1;B01
200900071774;0;7;0;0;0;9;1;A01
200900071775;0;7;0;0;1;1;1;A01
200900071776;0;30;0;1;0;7;1;A01
200900071777;0;7;0;0;2;3;1;A01
200900071777;0;7;0;0;2;2;1;B02
200900071778;0;7;0;13;0;1;1;A01
200900071779;0;7;0;13;0;1;1;A01
200900071780;0;7;0;0;1;1;1;A01
200900071781;0;10;0;0;2;1;1;A01
200900071781;0;2;0;0;2;7;1;B02
200900071782;0;7;0;0;0;2;24;B02
200900071782;0;2;0;0;2;1;1;A01
200900071783;0;7;0;0;9;3;17;A01
200900071783;0;1;0;0;2;3;1;B02
200900071784;0;7;0;0;2;2;15;A01
200900071784;0;7;0;0;2;1;1;B02
200900071784;0;7;0;0;0;3;23;C03
200900071785;0;7;0;13;0;1;1;A01
200900071786;0;7;0;0;2;3;1;A01
200900071786;0;7;0;0;2;1;15;B02
200900071787;0;30;0;0;2;1;13;A01
200900071787;0;7;0;0;2;3;1;B02
200900071788;0;30;0;0;2;2;1;A01
200900071788;0;7;0;0;0;6;23;B02
200900071789;0;7;0;4;0;0;1;A01
200900071790;0;33;0;8;0;0;1;A01
200900071791;0;2;0;0;0;1;1;A01
200900071792;0;30;0;0;2;1;1;A01
200900071793;0;33;0;0;0;0;1;A01
200900071794;0;7;0;0;2;7;0;A01
200900071794;0;2;0;0;2;8;0;B01
200900071795;0;1;0;0;0;1;1;A01
200900071796;0;30;0;0;0;3;1;A01
200900071797;0;7;0;0;2;3;11;A01
200900071797;0;7;0;0;2;3;1;C01
200900071797;0;33;0;0;2;1;1;B01
200900071798;0;7;0;0;2;1;1;A01
200900071798;0;10;0;0;2;4;23;B02
200900071799;0;7;0;2;0;1;1;A01
200900071800;0;7;0;2;0;3;17;A01
200900071801;0;7;0;2;0;3;14;A01
200900071802;0;1;0;0;2;4;17;A01
200900071802;0;37;5;0;2;2;17;B01
200900071803;0;1;0;0;2;3;1;B01
200900071803;0;20;0;0;2;8;15;A01
200900071804;0;33;0;0;0;7;21;A01
200900071805;0;7;0;0;1;2;1;A01
200900071806;0;7;0;0;2;1;1;B01
200900071806;0;30;0;0;2;1;13;A01
200900071807;0;7;0;0;2;1;1;B01
200900071807;0;7;0;0;2;7;19;A01
200900071807;0;7;0;0;2;3;23;C01
200900071808;0;7;0;0;1;1;1;A01
200900071809;0;7;0;13;0;1;14;A01
200900071810;0;7;0;0;2;2;19;A01
200900071810;0;7;0;0;2;1;1;B02
200900071811;0;2;0;0;0;1;1;A01
200900071812;0;30;0;0;2;1;1;B02
200900071812;0;7;0;0;2;3;19;A01
200900071813;0;33;0;13;0;1;13;A01
200900071814;0;7;0;0;2;1;2;B01
200900071814;0;7;0;0;2;4;23;A01
200900071815;0;7;0;0;2;1;13;A01
200900071815;0;17;0;0;2;3;1;B01
200900071816;0;2;0;0;2;1;1;B01
200900071816;0;10;0;0;2;6;4;A01
200900071817;0;7;0;13;2;9;1;B02
200900071817;0;14;0;0;2;2;17;A01
200900071818;0;7;0;6;0;1;1;A01
200900071819;0;7;0;13;2;4;17;B02
200900071819;0;33;0;13;2;1;17;A01
200900071820;0;33;0;0;0;8;20;A01
200900071821;0;31;0;13;0;1;14;A01
200900071821;0;7;0;0;0;0;1;B02
200900071822;0;10;0;0;0;0;1;A01
200900071823;0;7;0;0;2;2;1;A01
200900071823;0;33;0;0;2;1;1;B02
200900071824;0;7;0;0;2;1;17;B01
200900071824;0;7;0;13;0;8;15;A01
200900071825;0;30;0;0;0;0;1;A01
200900071826;0;2;0;13;0;1;1;A01
200900071827;0;7;0;0;0;0;0;A01
200900071827;0;32;0;0;0;0;0;B01
200900071828;0;7;0;0;1;2;1;A01
200900071829;0;7;0;2;0;1;1;A01
200900071830;0;7;0;0;2;1;15;A01
200900071830;0;34;0;0;2;1;16;B01
200900071831;0;33;0;0;2;1;1;B01
200900071831;0;7;0;0;2;5;15;A01
200900071832;0;33;0;0;2;4;23;B01
200900071832;0;7;0;0;2;2;1;A01
200900071833;0;7;0;0;2;7;15;A01
200900071833;0;7;0;0;2;1;1;B01
200900071834;0;34;0;12;0;9;1;A01
200900071835;0;7;0;0;2;7;1;B01
200900071835;0;7;0;0;2;1;16;A01
200900071836;0;1;0;11;0;1;21;A01
200900071837;0;10;0;0;2;5;17;C01
200900071837;0;7;0;0;2;3;1;A01
200900071837;0;14;0;0;2;3;1;B01
200900071838;0;1;0;0;2;1;9;A01
200900071838;0;7;0;0;2;2;1;B01
200900071839;0;7;0;2;0;1;1;A01
200900071840;0;31;0;12;0;1;21;A01
200900071841;0;7;0;0;2;5;9;A01
200900071841;0;33;0;0;2;1;1;B01
200900071842;0;7;0;0;1;2;1;A01
200900071843;0;7;0;8;0;1;1;A01
200900071844;0;7;0;0;0;0;1;A01
200900071845;0;7;0;;2;2;;A01
200900071845;0;30;0;0;2;8;19;B01
200900071846;0;7;0;0;1;1;1;A01
200900071847;0;7;0;0;2;8;11;A01
200900071847;0;14;0;0;2;2;1;B01