num_acc;senc;catv;occutc;obs;obsm;choc;manv;num_veh
200900071848;0;7;0;0;2;3;1;A01
200900071848;0;33;0;0;2;5;1;B01
200900071849;0;2;0;0;2;6;1;B01
200900071849;0;7;0;0;2;7;16;A01
200900071850;0;3;0;0;2;3;5;A01
200900071851;0;7;0;0;1;1;0;A01
200900071852;0;2;0;0;2;1;1;B01
200900071852;0;7;0;0;2;6;15;A01
200900071853;0;32;0;0;2;7;19;A01
200900071853;0;10;0;0;2;1;1;B01
200900071854;0;3;0;0;0;1;21;A01
200900071855;0;7;0;0;1;1;0;A01
200900071856;0;7;0;0;2;3;22;A01
200900071856;0;1;0;1;0;0;1;B01
200900071857;0;7;0;6;0;1;15;A01
200900071858;2;7;0;0;1;1;0;A01
200900071859;0;7;0;0;1;4;4;A01
200900071860;0;7;0;1;1;2;10;A01
200900071861;0;7;0;1;0;1;14;A01
200900071862;0;7;0;0;2;1;0;B01
200900071862;0;7;0;0;2;4;23;A01
200900071863;0;7;0;0;2;3;1;A01
200900071863;0;10;0;0;2;3;1;B02
200900071864;0;7;0;13;0;2;1;A01
200900071865;0;7;0;2;0;1;1;A01
200900071866;0;14;0;0;1;2;2;A01
200900071867;0;7;0;8;0;7;13;A01
200900071868;0;7;0;13;0;9;1;A01
200900071869;0;7;0;0;2;1;1;B01
200900071869;0;7;0;0;2;7;1;A01
200900071870;0;2;0;0;2;1;1;B01
200900071870;0;7;0;0;2;4;23;A01
200900071871;0;2;0;0;2;2;1;B01
200900071871;0;7;0;0;2;2;15;A01
200900071872;0;2;0;0;2;1;1;A01
200900071872;0;7;0;0;2;3;11;B01
200900071873;0;7;0;0;1;2;1;A01
200900071874;0;7;0;0;2;4;23;B01
200900071874;0;7;0;0;2;1;1;A01
200900071875;0;33;0;0;0;8;1;A01
200900071876;0;7;0;0;2;1;2;A01
200900071876;0;10;0;0;2;4;23;B01
200900071877;0;33;0;0;0;1;14;A01
200900071878;0;7;0;0;1;1;0;A01
200900071879;0;7;0;1;0;1;13;A01
200900071880;0;7;0;0;2;2;1;A01
200900071880;0;7;0;0;2;3;16;B01
200900071881;0;10;0;0;2;6;16;B01
200900071881;0;1;0;0;2;1;19;A01
200900071882;0;1;0;0;2;0;19;B01
200900071882;1;7;0;0;2;1;1;A01
200900071883;0;7;0;0;2;3;10;A01
200900071883;0;33;0;0;2;7;1;B01
200900071884;0;1;0;0;2;0;1;A01
200900071884;1;1;0;0;0;0;0;B01
200900071885;2;7;0;0;2;3;15;A01
200900071885;0;7;0;0;2;3;1;B01
200900071886;0;7;0;0;2;4;0;B01
200900071886;0;7;0;0;2;1;1;A01
200900071887;0;17;0;0;2;1;1;A01
200900071887;0;7;0;0;0;4;23;B01
200900071887;0;16;0;0;2;4;23;C01
200900071888;0;33;0;0;0;0;1;A01
200900071889;0;31;0;0;2;1;1;B01
200900071889;0;7;0;0;2;4;16;A01
200900071890;0;7;0;2;0;1;21;A01
200900071891;0;7;0;0;2;3;9;A01
200900071891;0;30;0;0;2;2;1;B01
200900071892;0;7;0;0;2;4;23;C01
200900071892;0;7;0;0;0;4;23;B01
200900071892;0;7;0;0;0;1;1;A01
200900071893;0;7;0;2;0;1;1;A01
200900071894;0;33;0;0;0;8;1;A01
200900071895;0;7;0;0;1;5;1;A01
200900071896;0;30;0;0;2;1;2;A01
200900071896;0;7;0;0;2;5;2;B02
200900071897;0;7;0;0;2;7;1;B01
200900071897;0;1;0;0;2;1;1;A02
200900071898;0;7;0;0;2;6;1;B02
200900071898;0;7;0;0;2;3;19;A01
200900071899;0;7;0;0;2;3;1;A01
200900071899;0;7;0;0;2;5;15;B02
200900071900;0;7;0;2;0;1;1;A01
200900071901;0;15;0;0;2;3;1;A01
200900071901;0;33;0;0;2;3;13;B02
200900071902;0;7;0;0;2;3;13;A01
200900071902;0;7;0;0;2;3;1;B02
200900071903;0;7;0;0;2;3;1;B02
200900071903;0;7;0;1;2;3;1;A01
200900071904;0;7;0;0;0;1;1;A01
200900071905;0;7;0;0;2;2;15;A01
200900071905;0;33;0;0;2;8;21;B02
200900071906;0;7;0;0;9;3;1;A01
200900071906;0;1;0;0;2;1;13;B02
200900071907;0;30;0;0;2;1;1;A01
200900071907;0;7;0;0;2;2;15;B02
200900071908;0;7;0;0;2;3;13;A01
200900071908;0;7;0;0;2;3;1;B02
200900071909;0;14;0;0;1;2;13;A01
200900071910;0;7;0;2;6;2;21;A01
200900071911;0;31;0;6;0;1;14;A01
200900071912;0;7;0;0;1;8;1;A01
200900071913;0;7;0;13;0;2;1;A01
200900071914;0;33;0;0;2;1;1;B01
200900071914;0;7;0;0;2;1;1;A01
200900071915;0;7;0;0;2;1;15;A01
200900071915;0;2;0;0;2;1;1;B01
200900071916;0;7;0;0;2;1;1;A01
200900071916;0;7;0;0;2;4;1;B01
200900071917;0;30;0;0;2;1;5;B01
200900071917;0;7;0;0;2;2;15;A01
200900071918;0;7;0;0;2;1;16;A01
200900071918;0;2;0;0;2;8;16;B01
200900071919;2;7;0;9;2;3;13;A01
200900071919;0;7;0;0;2;1;1;B01
200900071920;0;10;0;0;2;1;1;A01
200900071920;0;7;0;0;2;4;2;B01
200900071921;0;7;0;0;2;8;1;A01
200900071921;0;7;0;0;2;1;1;B01
200900071922;0;1;0;0;0;0;1;A01
200900071923;0;7;0;0;2;0;0;A01
200900071923;0;37;1;0;2;0;0;B01
200900071924;0;30;0;0;2;1;5;A01
200900071924;0;7;0;0;2;1;16;B01
200900071925;1;7;0;0;1;0;0;A01
200900071926;0;31;0;0;2;8;17;A01
200900071926;0;10;0;0;2;6;15;B01
200900071927;0;7;0;0;1;3;1;A01
200900071928;0;7;0;0;2;1;9;A01
200900071928;0;1;0;0;2;4;1;B01
200900071929;0;37;27;0;2;1;1;B01
200900071929;0;30;0;0;2;8;1;A01
200900071930;0;7;0;0;2;1;1;A01
200900071930;0;7;0;0;2;4;23;B01
200900071930;0;7;0;0;2;4;23;C01
200900071931;0;30;0;0;2;1;17;A01
200900071931;0;1;0;0;2;4;1;B01
200900071932;0;7;0;0;2;1;1;A01
200900071932;0;7;0;0;2;6;23;B01
200900071933;0;7;0;0;2;1;2;B01
200900071933;0;7;0;0;2;4;1;A01
200900071934;0;31;0;0;2;8;17;A01
200900071934;0;1;0;0;2;8;11;B01
200900071935;0;7;0;0;2;1;1;A01
200900071935;0;7;0;0;2;4;23;B01
200900071936;0;7;0;0;2;8;1;C01
200900071936;0;1;0;0;2;4;1;B01
200900071936;0;7;0;0;2;2;17;A01
200900071937;0;7;0;0;2;1;15;A01
200900071937;0;30;0;0;2;8;21;B01
200900071938;0;2;0;0;2;1;1;A01
200900071938;0;7;0;0;2;0;1;B01
200900071939;0;7;0;0;2;1;1;A01
200900071939;0;7;0;0;2;4;1;B01
200900071940;0;33;0;0;2;7;2;A01
200900071940;0;7;0;0;2;8;11;B01
200900071941;0;7;0;0;4;8;15;A01
200900071941;0;40;0;0;2;2;1;B01
200900071942;0;7;0;14;0;1;1;C01
200900071942;0;17;0;3;0;3;13;A01
200900071942;0;7;0;14;0;1;1;B01
200900071943;0;7;0;0;2;1;1;A01
200900071943;0;7;0;0;2;5;1;B01
200900071944;0;10;0;0;2;1;1;A01
200900071944;0;7;0;0;0;4;1;B01
200900071945;0;31;0;0;2;1;1;A01
200900071945;0;7;0;0;0;5;1;B01
200900071946;0;7;0;0;2;3;23;B01
200900071946;0;30;0;0;2;1;1;A01
200900071947;0;10;0;0;2;3;4;A01
200900071947;0;32;0;0;2;2;17;B01
200900071948;0;7;0;0;2;4;1;B01
200900071948;0;7;0;0;0;1;1;A01
200900071949;0;7;0;0;2;2;15;A01
200900071949;0;2;0;0;2;1;1;B01
200900071950;0;7;0;16;2;3;21;A01
200900071950;0;7;0;16;2;3;1;B01
200900071951;0;17;0;0;9;4;24;B01
200900071951;0;2;0;1;0;3;2;A01
200900071952;0;7;0;1;0;6;1;A01
200900071953;0;31;0;0;2;1;1;B01
200900071953;0;7;0;0;2;2;19;A01
200900071954;0;33;0;0;2;7;2;A01
200900071954;0;7;0;0;2;4;1;B01
200900071955;0;33;0;1;2;7;21;B01
200900071955;0;7;0;1;2;3;10;A01
200900071956;0;7;0;0;1;3;15;A01
200900071957;0;1;0;0;2;7;16;B01
200900071957;0;17;0;0;2;2;16;A01
200900071958;0;7;0;11;2;7;15;A01
200900071958;0;7;0;0;2;3;1;B01
200900071959;0;15;0;0;2;1;1;A01
200900071959;0;7;0;0;2;4;1;B01
200900071960;0;30;0;0;1;1;1;A01
200900071961;1;7;0;0;2;1;0;B01
200900071961;0;7;0;0;2;4;1;A01
200900071962;0;33;0;0;2;8;3;A01
200900071962;0;7;0;0;2;7;12;B01
200900071963;0;7;0;0;2;1;1;B01
200900071963;0;30;0;0;2;1;15;A01
200900071964;0;10;0;0;2;3;15;A01
200900071964;0;33;0;0;2;8;1;B01
200900071965;0;7;0;0;2;4;10;A01
200900071965;0;33;0;0;2;1;1;B01
200900071966;0;33;0;0;2;1;1;B01
200900071966;0;7;0;0;2;5;1;A01
200900071967;0;7;0;0;1;2;1;A01
200900071968;0;7;0;0;1;1;1;A01
200900071969;0;1;0;0;2;2;1;B01
200900071969;0;7;0;0;2;1;9;A01
200900071970;0;31;0;0;2;1;17;A01
200900071970;0;7;0;0;2;3;16;B01
200900071971;1;7;0;0;2;1;2;A01
200900071971;0;7;0;0;2;4;23;B01
200900071971;0;7;0;0;2;4;23;C01
200900071972;0;7;0;6;0;3;1;A01
200900071973;0;7;0;0;2;1;1;A01
200900071973;0;7;0;0;2;4;23;B01
200900071974;0;7;0;0;2;4;23;B01
200900071974;0;13;0;0;2;1;1;A01
200900071974;0;7;0;0;2;1;1;C01
200900071975;0;7;0;0;2;1;1;A01
200900071975;0;7;0;0;2;4;1;B01
200900071976;1;7;0;0;0;0;0;A01
200900071976;0;33;0;0;0;7;11;B01
200900071977;0;2;0;0;2;1;1;A01
200900071977;0;10;0;0;2;2;1;B01
200900071978;0;7;0;0;1;3;0;A01
200900071979;0;7;0;11;0;1;2;B01
200900071979;0;7;0;0;0;0;0;A01
200900071980;0;7;0;0;1;1;1;A01
200900071981;0;34;0;0;0;8;1;B01
200900071981;0;7;0;0;0;2;13;A01
200900071982;0;7;0;0;0;1;2;B01
200900071982;0;7;0;0;0;5;15;A01
200900071983;0;30;0;0;0;3;0;A01
200900071984;0;33;0;0;2;1;1;A01
200900071984;0;7;0;0;2;3;1;B01
200900071985;0;7;0;0;2;1;1;A01
200900071985;0;7;0;0;2;3;1;B01
200900071986;0;30;0;0;2;1;1;A01
200900071986;0;10;0;0;2;3;1;B01
200900071987;0;7;0;0;2;3;15;A01
200900071987;0;30;0;0;2;2;17;B01
200900071988;0;7;0;0;2;4;23;B01
200900071988;0;7;0;0;2;1;1;A01
200900071989;0;7;0;0;2;1;2;A01
200900071989;0;7;0;0;2;4;23;B01
200900071990;0;7;0;0;2;3;1;B01
200900071990;0;30;0;0;2;8;1;A01
200900071991;0;2;0;0;2;0;1;C01
200900071991;0;2;0;0;2;0;17;B01
200900071991;0;7;0;0;2;5;17;A01
200900071992;0;7;0;0;1;1;1;A01
200900071993;0;33;0;0;0;0;21;A01
200900071994;0;7;0;0;1;1;1;A01
200900071995;0;7;0;4;0;3;0;A01
200900071996;0;7;0;4;0;2;15;A01
200900071997;0;7;0;2;0;2;13;A01
200900071998;0;7;0;0;2;1;13;A01
200900071998;0;7;0;0;2;3;1;B02
200900071999;0;7;0;0;2;3;1;B02
200900071999;0;7;0;0;2;3;15;A01
200900072000;0;10;0;0;1;2;1;A01
200900072001;0;7;0;3;0;3;21;A01
200900072002;0;7;0;4;0;1;1;A01
200900072003;0;7;0;0;2;7;1;A01
200900072003;0;7;0;0;2;3;1;B02
200900072004;0;7;0;3;0;8;1;A01
200900072005;0;7;0;0;0;4;1;A01
200900072005;0;7;0;0;2;1;2;B01
200900072006;0;16;0;0;2;2;12;A01
200900072006;0;7;0;0;0;0;1;B01
200900072007;0;7;0;0;2;2;21;A01
200900072007;0;7;0;0;0;3;1;B02
200900072008;0;7;0;0;0;4;23;A01
200900072008;0;7;0;0;2;1;2;B01
200900072009;0;7;0;13;0;3;1;A01
200900072010;0;7;0;2;0;7;13;A01
200900072011;0;7;0;0;0;4;1;A01
200900072011;0;7;0;0;2;1;1;B01
200900072011;0;10;0;0;2;1;2;C01
200900072012;0;7;0;0;2;1;2;B01
200900072012;0;7;0;0;0;4;2;A01
200900072013;0;7;0;2;0;1;1;A01
200900072014;0;7;0;0;2;2;1;B02
200900072014;0;7;0;0;2;2;21;A01
200900072014;0;7;0;0;2;2;15;C03
200900072015;0;7;0;0;2;3;17;B01
200900072015;0;7;0;4;0;3;1;C01
200900072015;0;10;0;0;0;5;1;A01
200900072016;0;7;0;2;0;8;1;A01
200900072017;0;7;0;4;0;3;21;A01
200900072018;0;14;0;0;2;2;2;A01
200900072018;0;1;0;0;2;4;2;B02
200900072019;0;10;0;0;1;2;0;A01
200900072020;0;30;0;0;2;4;2;A01
200900072020;0;7;0;0;2;3;2;B02
200900072021;0;7;0;4;0;1;1;A01
200900072022;0;20;0;8;0;7;17;A01
200900072023;0;7;0;4;0;3;1;A01
200900072024;0;7;0;4;0;4;2;A01
200900072024;0;7;0;0;2;2;2;B01
200900072025;0;2;0;0;2;1;18;A01
200900072025;0;7;0;0;2;2;16;B02
200900072026;0;13;0;0;0;0;1;B01
200900072026;0;7;0;0;2;8;11;A01
200900072027;0;7;0;0;2;2;2;B01
200900072027;0;7;0;0;0;6;2;A01
200900072028;0;7;0;0;0;9;21;A01
200900072029;0;7;0;0;0;2;19;A01
200900072029;0;33;0;0;0;1;0;B02
200900072030;0;7;0;6;0;1;1;A01
200900072031;0;3;0;0;6;3;1;A01
200900072032;0;7;0;0;0;8;15;A01
200900072032;0;33;0;0;2;2;17;B01
200900072033;0;7;0;0;0;3;1;B01
200900072033;0;7;0;0;2;7;14;A01
200900072034;0;10;0;0;2;1;2;A01
200900072034;0;10;0;0;0;4;2;B01
200900072035;0;7;0;0;1;1;1;A01
200900072036;0;7;0;0;2;2;14;B01
200900072036;0;33;0;1;2;8;18;A01
200900072037;0;7;0;0;0;1;1;A01
200900072038;0;7;0;0;2;5;21;C01
200900072038;0;7;0;0;2;6;2;A01
200900072038;0;14;0;0;2;2;12;B01
200900072039;0;7;0;0;2;1;2;C01
200900072039;0;7;0;0;0;4;2;A01
200900072039;0;7;0;0;2;4;2;B01
200900072040;0;7;0;0;2;1;2;C01
200900072040;0;7;0;0;2;2;2;B01
200900072040;0;7;0;4;0;6;1;A01
200900072041;0;7;0;16;0;1;1;A01
200900072042;0;7;0;0;2;1;2;A01
200900072042;0;2;0;0;0;4;2;B02
200900072043;0;7;0;4;0;3;1;A01
200900072044;0;2;0;0;2;3;5;A01
200900072044;0;2;0;0;2;3;1;B02
200900072045;0;2;0;0;2;8;1;A01
200900072046;0;7;0;3;0;8;0;A01
200900072047;0;7;0;12;0;1;1;A01
200900072048;0;33;0;0;2;1;13;A01
200900072048;0;7;0;0;2;3;1;B02
200900072049;0;7;0;0;0;3;13;A01
200900072049;0;7;0;0;0;3;1;B02
200900072050;0;7;0;0;2;1;2;C01
200900072050;0;7;0;0;0;4;2;A01
200900072050;0;7;0;0;2;4;2;B01
200900072051;0;7;0;0;2;1;2;D01
200900072051;0;7;0;0;2;4;2;B01
200900072051;0;7;0;0;0;4;2;A01
200900072051;0;7;0;0;2;4;2;C01
200900072052;0;7;0;6;0;1;1;A01
200900072053;0;7;0;0;2;4;2;B01
200900072053;0;7;0;0;2;1;2;C01
200900072053;0;7;0;0;2;4;2;A01
200900072054;0;33;0;7;0;1;16;A01
200900072055;0;7;0;0;2;1;1;A01
200900072055;0;2;0;0;2;8;19;B02
200900072056;0;7;0;2;0;1;1;A01
200900072057;0;30;0;0;2;3;13;B02
200900072057;0;30;0;0;2;2;1;A01
200900072058;0;7;0;13;0;3;17;A01
200900072059;0;2;0;0;2;1;1;B02
200900072059;0;7;0;0;2;1;1;A01
200900072060;0;33;0;2;0;1;1;A01
200900072061;0;7;0;0;2;8;19;A01
200900072061;0;7;0;0;2;1;1;B01
200900072062;0;2;0;0;0;3;1;A01
200900072063;0;7;0;0;0;1;1;A01
200900072064;0;7;0;2;0;1;14;A01
200900072065;0;33;0;0;2;1;1;B02
200900072065;0;33;0;0;2;1;19;A01
200900072066;0;7;0;2;0;1;14;A01
200900072067;0;31;0;0;0;8;1;B02
200900072067;0;7;0;0;0;3;13;A01
200900072068;0;7;0;0;2;3;1;A01
200900072068;0;7;0;0;2;8;1;B02
200900072069;0;7;0;0;0;6;23;A01
200900072069;0;7;0;0;2;1;2;B02
200900072069;0;7;0;0;2;4;23;C03
200900072070;0;7;0;0;2;8;1;A01
200900072070;0;7;0;0;2;1;1;B02
200900072071;0;7;0;0;1;2;1;A01
200900072072;0;7;0;0;2;2;17;A01
200900072072;0;2;0;0;2;6;1;B02
200900072073;0;7;0;0;1;1;0;A01
200900072074;0;10;0;4;0;2;1;A01
200900072075;0;14;0;6;0;1;1;A01
200900072076;0;7;0;0;1;2;0;A01
200900072077;0;2;0;1;0;7;1;A01
200900072078;0;33;0;3;0;7;1;A01
200900072079;0;10;0;0;1;2;21;A01
200900072080;0;10;0;0;2;3;1;B02
200900072080;0;7;0;0;2;3;1;A01
200900072081;0;7;0;8;2;2;2;A01
200900072081;0;1;0;0;0;4;2;B02
200900072082;0;7;0;2;0;1;1;A01
200900072083;0;7;0;0;2;1;15;B02
200900072083;0;7;0;0;2;1;13;A01
200900072084;0;7;0;3;0;2;1;A01
200900072085;0;33;0;3;0;8;1;A01
200900072086;0;10;0;0;2;8;1;B02
200900072086;0;7;0;0;2;8;13;A01
200900072087;0;30;0;0;2;2;2;B02
200900072087;0;7;0;0;2;3;20;A01
200900072088;2;7;0;3;0;1;13;A01
200900072089;0;7;0;0;4;1;1;A01
200900072089;0;39;0;0;0;8;1;B01
200900072090;0;7;0;0;2;2;2;A01
200900072090;0;7;0;0;0;4;2;B02
200900072091;0;7;0;3;0;3;0;A01
200900072092;0;7;0;0;2;3;1;A01
200900072092;0;30;0;0;2;1;1;B02
200900072093;0;7;0;2;0;1;21;A01
200900072094;0;38;24;13;0;0;14;A01
200900072095;0;10;0;0;2;2;1;B02
200900072095;0;7;0;0;2;1;13;A01
200900072096;0;7;0;0;2;3;13;A01
200900072096;0;7;0;0;2;8;1;B01
200900072097;0;7;0;0;2;1;2;A01
200900072097;0;10;0;0;2;3;15;B02
200900072098;0;7;0;0;0;8;16;A01
200900072098;0;1;0;0;0;7;1;B02
200900072099;0;7;0;0;2;2;1;A01
200900072099;0;7;0;0;2;9;1;B02
200900072100;0;7;0;3;2;1;5;A01
200900072101;0;7;0;0;2;1;1;B02
200900072101;0;17;0;0;2;2;15;A01
200900072102;0;7;0;13;0;1;13;A01
200900072103;0;33;0;16;0;0;1;A01
200900072104;0;10;0;8;0;1;11;A01
200900072105;0;7;0;0;2;1;2;C01
200900072105;0;7;0;0;2;4;2;B01
200900072105;0;7;0;0;0;4;2;A01
200900072106;0;30;0;0;2;1;2;A01
200900072106;0;30;0;0;0;4;2;B02
200900072107;0;2;0;0;0;7;21;A01
200900072108;0;17;0;0;2;6;23;D04
200900072108;0;7;0;0;2;6;12;C03
200900072108;0;7;0;13;0;7;12;A01
200900072108;0;20;0;0;2;2;2;B02
200900072109;0;30;0;0;2;1;19;A01
200900072109;0;7;0;0;0;8;1;B02
200900072110;0;15;0;0;2;2;12;B01
200900072110;0;7;0;0;0;6;1;A01
200900072111;0;7;0;0;1;2;1;A01
200900072112;0;10;0;0;2;1;2;B01
200900072112;0;7;0;0;0;4;2;A01
200900072113;0;7;0;0;2;1;2;C01
200900072113;0;7;0;0;0;6;2;A01
200900072113;0;7;0;0;2;4;2;B01
200900072114;0;7;0;0;9;9;17;A01
200900072115;0;7;0;0;1;3;0;A01
200900072116;0;7;0;4;2;3;2;B01
200900072116;0;7;0;4;0;6;2;A01
200900072117;0;7;0;0;2;6;1;B02
200900072117;0;7;0;0;2;2;15;A01
200900072118;0;17;0;0;2;2;12;B01
200900072118;0;7;0;3;0;8;1;A01
200900072119;0;7;0;0;2;2;15;A01
200900072119;0;1;0;0;2;1;1;B02
200900072120;1;30;0;0;1;0;0;A01
200900072121;0;3;0;0;0;6;0;B02
200900072122;0;7;0;13;0;9;14;A01
200900072123;0;7;0;0;2;3;1;B02
200900072123;0;7;0;0;2;3;1;A01
200900072124;0;33;0;0;2;1;1;A01
200900072124;0;7;0;0;2;3;1;B02
200900072125;0;7;0;0;2;1;2;B02
200900072125;0;7;0;0;2;1;6;A01
200900072126;0;7;0;0;0;4;1;B02
200900072126;0;7;0;0;2;1;1;A01
200900072127;0;7;0;10;2;7;12;A01
200900072127;0;15;0;0;2;1;1;B01
200900072128;0;7;0;0;2;9;1;B02
200900072128;0;7;0;0;2;2;15;A01
200900072129;0;7;0;0;0;4;2;A01
200900072129;0;7;0;0;2;1;2;B01
200900072130;1;7;0;0;2;7;17;A01
200900072130;0;1;0;0;0;8;1;B01
200900072131;0;7;0;0;2;8;1;B01
200900072131;0;31;0;0;2;1;1;A01
200900072132;0;37;14;0;2;3;1;B02
200900072132;0;7;0;0;2;1;13;A01
200900072133;0;7;0;0;1;2;1;A01
200900072134;0;33;0;13;0;1;1;A01
200900072135;0;2;0;0;0;8;1;A01
200900072136;0;7;0;0;1;3;15;A01
200900072137;0;33;0;13;0;1;1;A01
200900072138;0;7;0;2;0;1;1;A01
200900072139;0;15;0;0;2;3;1;B02
200900072139;0;7;0;0;2;3;13;A01
200900072140;0;7;0;0;2;2;1;A01
200900072140;0;1;0;0;2;3;19;B02
200900072141;0;7;0;2;0;9;14;A01
200900072142;0;7;0;0;2;3;1;A01
200900072142;0;7;0;0;2;3;3;B02
200900072143;0;7;0;2;0;1;0;A01
200900072144;0;7;0;0;1;1;1;A01
200900072145;0;33;0;1;0;8;1;A01
200900072146;0;7;0;4;0;3;1;A01
200900072147;0;7;0;13;0;4;1;A01
200900072148;0;30;0;0;0;7;19;A01
200900072148;0;7;0;0;0;2;0;B02
200900072149;0;7;0;0;1;3;1;A01
200900072150;0;7;0;2;0;3;2;A01
200900072151;0;7;0;0;2;5;15;A01
200900072151;0;2;0;0;2;1;1;B02
200900072152;0;7;0;0;2;7;1;A01
200900072152;0;2;0;0;2;1;1;B02
200900072153;0;7;0;0;1;3;21;A01
200900072154;0;10;0;0;2;1;1;B01
200900072154;0;7;0;0;0;4;1;A01
200900072155;0;7;0;13;0;0;2;C03
200900072155;0;7;0;3;2;8;1;A01
200900072155;0;7;0;14;0;1;2;B02
200900072156;0;7;0;0;1;2;1;A01
200900072157;0;7;0;0;2;1;2;B02
200900072157;0;7;0;9;2;2;2;A01
200900072158;0;7;0;4;0;3;1;A01
200900072159;0;7;0;4;0;1;1;A01
200900072160;0;7;0;2;0;1;1;A01
200900072161;0;7;0;0;1;2;1;A01
200900072162;0;10;0;0;0;5;2;A01
200900072162;0;7;0;0;2;1;2;B01
200900072163;0;7;0;6;0;2;1;A01
200900072164;0;7;0;0;1;3;1;A01
200900072165;0;33;0;3;2;1;17;A01
200900072165;0;7;0;0;2;4;1;B02
200900072166;0;7;0;2;0;2;13;A01
200900072167;0;10;0;0;0;4;2;A01
200900072167;0;7;0;0;2;1;2;C01
200900072167;0;7;0;0;2;4;2;B01
200900072168;0;30;0;0;2;8;23;A01
200900072168;0;7;0;0;2;0;1;B02
200900072169;0;10;0;16;0;0;21;A01
200900072170;0;14;0;0;9;7;16;A01
200900072170;0;1;0;0;2;8;9;B02
200900072171;0;7;0;15;0;6;1;A01
200900072171;0;16;0;0;2;2;12;B01
200900072172;0;10;0;0;2;3;13;B02
200900072172;0;14;0;0;2;3;21;A01
200900072173;0;7;0;3;9;0;21;A01
200900072174;1;7;0;0;1;3;2;A01
200900072175;0;7;0;2;0;8;1;A01
200900072176;0;7;0;0;2;3;0;A01
200900072176;0;30;0;0;2;1;1;B02
200900072177;0;10;0;2;0;4;1;A01
200900072178;0;7;0;0;2;4;9;A01
200900072178;0;7;0;0;2;8;1;C01
200900072178;0;7;0;0;2;1;1;B01
200900072179;0;7;0;3;0;2;1;A01
200900072180;0;40;0;0;1;0;1;A01
200900072181;0;30;0;0;2;8;0;A01
200900072181;0;10;0;0;2;2;1;B01
200900072182;0;33;0;0;2;2;0;A01
200900072182;0;2;0;0;2;1;0;B01
200900072183;0;7;0;0;2;1;12;A01
200900072183;0;10;0;0;2;2;15;B01
200900072184;0;7;0;0;1;1;15;A01
200900072185;1;2;0;0;1;1;1;A01
200900072186;0;7;0;0;2;4;15;B01
200900072186;0;7;0;0;2;1;1;A01
200900072187;0;7;0;1;2;4;2;B01
200900072187;0;7;0;0;2;1;2;A01
200900072188;0;1;0;0;2;7;5;A01
200900072188;0;7;0;0;2;1;16;B01
200900072189;0;7;0;0;2;3;1;B01
200900072189;0;33;0;1;2;1;17;A01
200900072190;0;7;0;8;0;1;1;A01
200900072191;0;7;0;2;0;6;0;A01
200900072192;0;7;0;0;1;1;1;A01
200900072193;0;7;0;0;2;1;2;A01
200900072193;0;7;0;0;2;4;2;B01
200900072194;0;7;0;0;2;1;15;A01
200900072194;0;7;0;0;2;8;1;B01
200900072195;0;7;0;0;2;2;23;B01
200900072195;0;1;0;0;2;0;5;A01
200900072196;0;7;0;0;2;8;15;A01
200900072196;0;40;0;0;2;1;1;B01
200900072197;0;7;0;0;2;1;1;B01
200900072197;0;1;0;0;2;7;11;A01
200900072198;0;7;0;0;1;1;1;A01
200900072199;0;7;0;0;1;1;16;A01
200900072200;0;7;0;0;1;8;1;A01
200900072201;0;7;0;0;2;1;15;B01
200900072201;0;33;0;0;2;1;1;A01
200900072202;0;1;0;0;2;1;5;A01
200900072202;0;1;0;0;2;1;1;B01
200900072203;0;7;0;0;2;4;23;B01
200900072203;0;7;0;0;2;4;2;C01
200900072203;0;7;0;0;2;1;2;A01
200900072204;0;7;0;0;2;7;1;C01
200900072204;0;10;0;0;2;8;22;A01
200900072204;0;1;0;1;0;1;1;B01
200900072205;0;10;0;2;2;3;10;A01
200900072205;0;2;0;0;2;7;1;B01
200900072206;0;1;0;0;2;7;1;B01
200900072206;0;7;0;0;2;3;1;A01
200900072207;0;7;0;0;2;7;1;A01
200900072207;0;7;0;0;2;1;1;B01
200900072208;0;7;0;0;2;1;2;C01
200900072208;0;7;0;0;0;4;2;A01
200900072208;0;7;0;0;2;9;2;B01
200900072209;0;7;0;0;2;1;0;A01
200900072209;0;7;0;0;2;7;15;B01
200900072210;0;7;0;8;0;8;6;A01
200900072211;0;32;0;0;0;1;0;B01
200900072211;0;7;0;0;0;2;15;A01
200900072212;0;37;0;0;2;1;1;B01
200900072212;0;10;0;0;2;7;1;A01
200900072213;0;15;0;0;2;8;1;B01
200900072213;0;7;0;0;2;1;5;A01
200900072214;0;7;0;4;0;0;13;A01
200900072215;0;7;0;0;2;1;2;A01
200900072215;0;7;0;0;2;4;2;B01
200900072216;0;15;0;0;2;4;2;B01
200900072216;0;10;0;0;2;1;2;A01
200900072217;0;33;0;0;2;0;12;A01
200900072217;0;17;0;0;2;0;1;B01
200900072218;0;10;0;0;2;0;1;D01
200900072218;1;7;0;0;2;0;0;E01
200900072218;0;7;0;3;2;0;1;A01
200900072218;0;7;0;0;2;0;1;C01
200900072218;0;7;0;0;2;0;1;B01
200900072219;0;10;0;0;2;8;11;A01
200900072219;0;7;0;0;2;0;1;B01
200900072220;0;7;0;0;2;1;1;B01
200900072220;0;7;0;3;2;1;5;A01
200900072221;0;7;0;4;0;0;13;A01