num_acc;senc;catv;occutc;obs;obsm;choc;manv;num_veh
200900072222;0;33;0;0;0;0;3;A01
200900072223;0;33;0;0;0;0;0;A01
200900072224;0;7;0;0;2;1;2;A01
200900072224;0;10;0;0;2;4;2;B01
200900072225;0;33;0;0;0;0;16;A01
200900072226;0;7;0;0;2;2;1;B01
200900072226;0;7;0;0;2;6;9;A01
200900072227;0;2;0;0;2;1;1;B02
200900072227;0;7;0;0;2;2;15;A01
200900072228;0;7;0;0;2;1;1;C03
200900072228;0;7;0;0;2;1;17;A01
200900072228;0;17;0;0;2;3;1;B02
200900072229;0;7;0;3;2;2;13;A01
200900072229;0;7;0;0;2;2;1;B02
200900072230;0;7;0;0;2;1;1;B02
200900072230;0;7;0;0;2;7;1;A01
200900072231;0;7;0;0;1;1;16;A01
200900072232;0;7;0;0;2;3;16;A01
200900072232;0;31;0;0;2;1;1;B01
200900072233;0;30;0;0;2;8;15;B01
200900072233;0;7;0;0;2;1;17;A01
200900072234;0;7;0;6;0;9;14;A01
200900072235;0;7;0;0;2;1;1;B02
200900072235;0;7;0;0;2;1;13;A01
200900072236;0;2;0;13;0;1;21;A01
200900072236;0;7;0;0;0;0;1;B01
200900072237;0;33;0;3;0;2;17;A01
200900072238;0;7;0;0;1;1;1;A01
200900072239;0;30;0;6;0;1;14;A01
200900072240;0;7;0;0;1;1;1;A01
200900072241;0;2;0;0;2;7;19;A01
200900072241;0;7;0;0;2;3;1;B02
200900072242;0;7;0;3;2;1;2;A01
200900072242;0;7;0;0;2;4;17;B01
200900072243;0;1;0;0;0;0;21;B01
200900072243;0;7;0;0;0;0;16;A01
200900072244;0;7;0;15;0;1;21;A01
200900072245;0;7;0;0;2;7;13;A01
200900072245;0;7;0;0;2;2;1;B01
200900072246;0;7;0;0;2;3;1;B02
200900072246;0;7;0;0;2;3;13;A01
200900072247;0;10;0;0;2;3;1;B02
200900072247;0;7;0;0;2;3;13;A01
200900072248;0;7;0;0;1;1;1;A01
200900072249;0;15;0;0;2;1;2;A01
200900072249;0;7;0;0;2;4;23;B01
200900072250;0;10;0;0;2;5;1;B02
200900072250;0;7;0;0;2;1;13;A01
200900072251;0;7;0;1;0;1;21;A01
200900072252;0;7;0;0;2;2;1;C01
200900072252;0;7;0;0;2;6;1;B01
200900072252;0;17;0;0;2;1;11;A01
200900072253;0;31;0;0;1;0;17;A01
200900072254;0;2;0;0;2;1;1;A01
200900072254;0;2;0;0;2;1;1;B01
200900072255;0;33;0;0;0;9;17;A01
200900072255;0;10;0;0;2;2;1;B02
200900072256;0;7;0;0;2;2;1;B01
200900072256;0;2;0;0;2;8;9;A01
200900072257;0;30;0;0;0;7;1;A01
200900072258;0;7;0;0;2;1;1;A01
200900072258;0;7;0;0;2;8;15;B01
200900072259;0;33;0;0;2;3;13;A01
200900072259;0;7;0;0;2;8;1;B01
200900072260;0;33;0;0;2;9;13;A01
200900072260;0;7;0;0;2;6;1;C03
200900072260;0;7;0;0;2;8;1;B02
200900072261;0;30;0;0;0;7;14;A01
200900072262;0;7;0;4;2;2;17;A01
200900072262;0;7;0;4;2;1;1;B02
200900072263;0;7;0;0;0;1;1;A01
200900072264;0;7;0;0;1;2;1;A01
200900072265;0;7;0;0;0;0;13;A01
200900072266;0;10;0;0;2;3;21;A01
200900072266;0;31;0;0;2;3;16;B02
200900072267;0;30;0;0;2;7;1;A01
200900072267;0;7;0;0;2;2;1;B02
200900072268;0;31;0;0;2;1;13;A01
200900072268;0;7;0;0;2;1;1;B01
200900072269;0;7;0;0;0;3;16;A01
200900072269;0;30;0;0;2;1;1;B01
200900072270;0;7;0;0;0;3;15;B01
200900072270;0;30;0;0;2;1;19;A01
200900072271;0;33;0;0;2;1;13;A01
200900072271;0;7;0;0;2;3;1;B01
200900072272;0;7;0;0;2;3;1;B02
200900072272;0;30;0;0;2;3;15;A01
200900072273;0;30;0;13;0;1;0;A01
200900072274;0;7;0;0;2;3;24;A01
200900072274;0;1;0;1;0;1;1;B01
200900072275;0;7;0;16;0;9;14;A01
200900072276;0;14;0;0;2;4;1;A01
200900072276;0;7;0;0;2;1;2;B02
200900072277;0;7;0;2;0;3;13;A01
200900072278;0;7;0;2;0;7;14;A01
200900072279;0;7;0;0;2;3;10;A01
200900072279;0;30;0;0;0;2;17;B01
200900072280;0;1;0;0;2;8;15;B02
200900072280;0;7;0;0;2;1;15;A01
200900072281;0;7;0;0;0;3;19;A01
200900072281;0;7;0;0;0;2;21;B01
200900072282;0;7;0;0;2;6;4;B02
200900072282;0;7;0;0;2;3;13;A01
200900072283;0;7;0;2;0;1;13;A01
200900072284;0;33;0;0;2;8;1;B01
200900072284;0;2;0;0;2;3;16;A01
200900072285;0;7;0;0;2;2;19;B01
200900072285;0;7;0;0;2;1;15;A01
200900072286;0;7;0;0;0;1;1;A01
200900072287;0;7;0;0;2;1;0;A01
200900072287;0;7;0;0;0;2;1;B01
200900072288;0;7;0;0;0;4;1;A01
200900072289;0;7;0;0;1;1;0;A01
200900072290;0;7;0;0;2;1;1;A01
200900072290;0;7;0;0;2;8;1;B01
200900072291;0;7;0;0;0;1;2;A01
200900072292;0;1;0;0;2;1;0;A01
200900072292;0;7;0;0;2;2;0;B01
200900072293;0;7;0;0;0;4;2;C01
200900072293;0;10;0;0;2;1;2;A01
200900072293;0;7;0;0;2;4;2;B01
200900072294;2;7;0;0;0;0;0;A01
200900072294;0;7;0;0;0;0;0;B01
200900072295;0;7;0;0;1;2;1;A01
200900072296;0;10;0;0;0;0;0;A01
200900072297;0;7;0;0;1;1;15;A01
200900072298;1;7;0;0;2;1;15;A01
200900072298;0;2;0;0;2;8;2;B01
200900072299;0;7;0;0;0;0;0;A01
200900072300;0;10;0;0;2;2;1;A01
200900072300;0;7;0;0;2;3;1;B01
200900072301;0;33;0;0;0;8;1;A01
200900072302;0;7;0;0;1;2;15;A01
200900072303;0;33;0;0;1;1;1;A01
200900072304;0;7;0;0;1;1;17;A01
200900072305;0;7;0;0;2;1;2;A01
200900072305;0;7;0;0;2;4;23;C01
200900072305;0;7;0;0;2;4;23;B01
200900072306;0;7;0;1;0;1;1;A01
200900072307;0;30;0;0;2;1;17;A01
200900072307;0;7;0;0;2;4;15;B01
200900072308;0;7;0;0;1;1;1;A01
200900072309;0;7;0;0;2;1;2;B01
200900072309;0;7;0;0;0;4;2;A01
200900072310;0;7;0;0;2;1;1;B01
200900072310;0;7;0;0;2;1;15;A01
200900072311;0;7;0;0;2;2;19;B02
200900072311;0;7;0;0;2;2;1;A01
200900072312;0;31;0;3;0;1;13;A01
200900072312;0;7;0;0;2;2;1;B01
200900072313;0;32;0;0;0;6;1;A01
200900072314;0;30;0;0;0;0;1;A01
200900072315;0;7;0;0;2;4;2;C01
200900072315;0;7;0;0;2;4;2;B01
200900072315;0;7;0;0;2;1;2;D01
200900072315;0;7;0;0;0;4;2;A01
200900072469;0;7;0;0;1;3;0;A01
200900072470;0;33;0;13;0;1;0;A01
200900072471;0;33;0;0;2;1;17;B02
200900072471;0;7;0;0;2;8;15;A01
200900072472;0;1;0;0;2;8;1;A01
200900072473;0;33;0;1;0;8;1;A01
200900072474;0;30;0;0;2;0;2;B02
200900072474;0;30;0;0;2;0;2;A01
200900072475;0;7;0;0;1;2;1;A01
200900072476;0;7;0;0;0;3;17;A01
200900072476;0;30;0;0;0;4;1;B02
200900072477;0;2;0;0;2;4;2;B02
200900072477;0;7;0;0;2;8;1;C03
200900072477;0;7;0;0;2;2;2;A01
200900072478;0;33;0;0;2;1;3;B02
200900072478;0;38;0;0;2;3;1;A01
200900072479;0;33;0;0;2;1;0;B02
200900072479;0;7;0;0;2;7;0;A01
200900072480;0;7;0;0;2;2;1;A01
200900072480;0;1;0;0;0;4;1;B02
200900072481;0;30;0;14;0;0;0;A01
200900072481;0;7;0;0;0;0;0;B02
200900072482;0;7;0;14;2;4;1;B01
200900072482;0;7;0;0;2;1;1;A01
200900072483;0;7;0;0;0;0;0;A01
200900072484;0;10;0;0;1;0;1;A01
200900072485;0;7;0;0;2;1;13;A01
200900072485;0;7;0;0;2;1;1;B02
200900072486;0;37;1;0;0;5;1;A01
200900072486;0;1;0;0;2;1;1;B01
200900072487;0;7;0;0;0;0;0;B01
200900072487;0;33;0;0;0;0;0;A01
200900072488;0;7;0;0;0;4;0;A01
200900072488;0;31;0;0;0;0;0;B01
200900072489;0;7;0;0;0;0;0;A01
200900072490;0;33;0;0;1;0;0;A01
200900072491;0;2;0;0;1;0;0;A01
200900072492;0;1;0;0;0;1;19;B01
200900072492;0;10;0;0;2;1;1;A01
200900072493;0;33;0;0;2;1;1;B02
200900072493;0;7;0;0;2;8;11;A01
200900072494;0;7;0;0;2;7;14;A01
200900072494;0;33;0;0;2;3;18;B02
200900072495;0;7;0;0;1;7;1;A01
200900072496;0;33;0;0;0;1;5;A01
200900072497;0;33;0;2;0;1;1;A01
200900072498;0;7;0;0;2;2;15;A01
200900072498;0;7;0;0;2;1;2;B02
200900072499;0;10;0;0;2;2;1;B02
200900072499;0;2;0;0;2;2;19;A01
200900072500;0;7;0;13;0;2;18;A01
200900072501;0;30;0;9;0;1;1;A01
200900072502;0;7;0;0;0;1;19;A01
200900072502;0;7;0;0;0;7;19;B01
200900072503;0;7;0;0;0;3;15;A01
200900072503;0;2;0;0;2;2;17;B01
200900072504;0;7;0;0;2;3;1;B01
200900072504;0;1;0;0;2;1;1;A01
200900072505;0;99;0;0;2;1;0;A01
200900072505;0;7;0;0;0;6;0;B01
200900072506;0;7;0;0;0;7;19;A01
200900072506;0;7;0;0;2;1;1;B02
200900072507;0;1;0;0;0;7;2;B02
200900072507;0;10;0;0;9;1;2;A01
200900072508;0;7;0;0;1;6;1;A01
200900072509;0;7;0;0;2;1;15;A01
200900072509;0;32;0;0;2;8;1;B01
200900072510;0;33;0;0;2;1;20;B02
200900072510;0;7;0;0;2;4;20;A01
200900072511;0;14;0;12;0;1;1;A01
200900072512;0;7;0;13;0;2;14;A01
200900072513;0;7;0;0;2;6;1;A01
200900072514;0;7;0;0;1;1;1;A01
200900072515;0;7;0;0;0;4;24;A01
200900072515;0;1;0;1;0;1;1;B02
200900072516;0;13;0;0;2;3;4;A01
200900072516;0;7;0;0;2;1;1;B02
200900072517;0;37;0;0;9;1;1;A01
200900072517;0;1;0;0;2;1;5;B02
200900072518;0;7;0;0;2;2;21;B02
200900072518;0;2;0;0;2;3;15;A01
200900072519;0;7;0;0;2;3;1;B02
200900072519;0;33;0;0;2;1;15;A01
200900072520;0;10;0;0;2;8;1;B02
200900072520;0;33;0;0;2;1;1;A01
200900072521;0;7;0;0;2;1;1;B02
200900072521;0;2;0;0;2;1;1;A01
200900072522;0;7;0;6;0;1;1;A01
200900072523;0;7;0;0;2;3;1;B02
200900072523;0;30;0;0;2;1;1;A01
200900072524;0;30;0;0;2;8;17;A01
200900072524;0;7;0;0;2;8;15;B02
200900072525;0;7;0;0;0;8;22;B02
200900072525;0;7;0;0;0;0;0;C03
200900072525;0;7;0;1;1;2;21;A01
200900072526;0;10;0;1;0;2;1;A01
200900072526;0;99;0;0;2;6;23;B02
200900072527;0;2;0;0;2;7;19;B02
200900072527;0;7;0;0;2;1;1;A01
200900072528;0;30;0;1;0;1;1;A01
200900072528;0;10;0;0;0;4;23;B02
200900072529;0;21;0;0;0;0;1;B02
200900072529;0;7;0;0;2;3;1;A01
200900072530;0;33;0;0;0;8;1;A01
200900072531;0;7;0;0;1;3;12;A01
200900072532;0;33;0;0;2;1;1;B02
200900072532;0;31;0;0;2;8;1;A01
200900072533;0;7;0;0;2;2;15;A01
200900072533;0;1;0;1;2;1;1;B02
200900072534;0;7;0;0;2;1;17;A01
200900072534;0;7;0;2;2;3;1;B02
200900072535;0;7;0;0;0;9;21;A01
200900072536;0;7;0;10;0;0;1;A01
200900072537;0;7;0;8;0;1;1;A01
200900072538;0;7;0;0;1;2;0;A01
200900072539;0;7;0;2;0;2;1;A01
200900072540;0;10;0;0;0;3;24;B02
200900072540;0;33;0;1;0;2;5;A01
200900072541;0;7;0;0;2;3;13;A01
200900072541;0;2;0;0;0;3;1;B02
200900072542;0;7;0;0;2;6;1;B02
200900072542;0;32;0;0;2;1;1;A01
200900072542;0;7;0;0;2;3;9;C03
200900072543;0;7;0;0;2;1;19;B02
200900072543;0;7;0;0;2;8;1;A01
200900072544;0;7;0;0;2;1;13;C03
200900072544;0;7;0;12;0;2;1;A01
200900072544;0;7;0;14;0;4;13;B02
200900072545;0;13;0;0;2;2;13;A01
200900072545;0;7;0;0;2;8;1;D04
200900072545;0;7;0;0;2;2;1;B02
200900072545;0;7;0;0;2;1;1;C03
200900072546;0;10;0;0;2;3;13;A01
200900072546;0;7;0;0;2;3;1;B02
200900072547;0;10;0;0;2;3;15;A01
200900072547;0;30;0;0;2;1;17;B02
200900072548;0;7;0;0;2;3;1;B02
200900072548;0;7;0;0;2;3;13;A01
200900072549;0;7;0;0;2;2;1;B02
200900072549;0;30;0;0;2;8;15;A01
200900072550;0;7;0;15;0;3;0;A01
200900072551;0;7;0;0;1;2;1;A01
200900072552;0;7;0;1;0;1;2;A01
200900072552;0;7;0;0;2;4;23;B02
200900072553;0;37;0;0;1;8;0;A01
200900072554;0;7;0;0;9;3;1;B02
200900072554;0;2;0;0;2;1;17;A01
200900072555;0;7;0;0;2;1;1;A01
200900072555;0;14;0;0;2;8;19;B02
200900072556;0;7;0;0;2;2;2;B02
200900072556;0;31;0;2;0;4;14;A01
200900072557;0;14;0;0;1;3;1;A01
200900072558;0;30;0;16;0;0;1;A01
200900072559;0;2;0;8;0;1;0;A01
200900072560;0;30;0;0;1;1;1;A01
200900072561;0;30;0;13;0;0;13;A01
200900072562;0;30;0;0;1;2;17;A01
200900072563;0;7;0;0;2;3;1;B01
200900072563;0;33;0;0;2;1;13;A01
200900072564;0;7;0;0;2;3;9;A01
200900072564;0;2;0;0;2;1;1;B02
200900072565;0;7;0;0;2;1;1;B02
200900072565;0;7;0;0;2;8;13;A01
200900072566;0;7;0;3;0;9;14;A01
200900072567;0;7;0;0;2;1;13;A01
200900072567;0;3;0;0;2;1;1;B02
200900072568;0;31;0;0;2;1;13;B02
200900072568;0;31;0;0;2;1;1;A01
200900072569;0;10;0;0;0;4;2;B02
200900072569;0;33;0;0;2;1;2;A01
200900072570;0;7;0;1;0;8;14;A01
200900072571;0;1;0;0;0;4;12;B02
200900072571;0;10;0;0;2;1;2;A01
200900072572;0;7;0;2;0;3;13;A01
200900072573;0;30;0;0;0;1;1;A01
200900072574;0;30;0;0;2;1;17;A01
200900072574;0;7;0;0;2;2;15;C03
200900072575;0;7;0;0;9;1;2;A01
200900072575;0;1;0;0;0;4;1;B02
200900072576;0;33;0;0;2;1;1;B01
200900072576;0;7;0;0;2;3;19;A01
200900072577;0;2;0;0;2;1;13;A01
200900072577;0;7;0;1;2;2;16;B01
200900072578;0;7;0;1;2;8;1;B01
200900072578;0;2;0;0;2;1;1;A01
200900072579;0;33;0;0;2;2;17;B01
200900072579;0;7;0;0;2;0;10;A01
200900072580;0;2;0;0;2;1;1;A01
200900072580;0;2;0;0;2;1;1;B01
200900072581;0;7;0;0;1;1;1;A01
200900072582;0;7;0;12;0;2;1;A01
200900072583;0;7;0;0;2;1;1;A01
200900072583;0;1;0;0;2;4;1;B01
200900072584;0;7;0;0;2;2;1;B01
200900072584;0;7;0;0;2;3;1;A01
200900072585;0;7;0;2;2;8;1;A01
200900072585;0;7;0;2;2;7;1;B01
200900072586;0;7;0;5;0;8;13;A01
200900072587;0;99;0;2;0;1;14;A01
200900072588;0;99;0;0;2;1;1;B01
200900072588;0;7;0;0;2;3;24;C01
200900072588;0;7;0;1;2;8;1;A01
200900072589;0;1;0;0;2;5;19;B01
200900072589;0;7;0;0;9;1;1;A01
200900072590;0;33;0;0;2;2;1;B01
200900072590;0;7;0;0;2;3;16;A01
200900072591;0;7;0;6;0;2;1;A01
200900072592;0;7;0;0;2;3;1;B02
200900072592;0;7;0;0;2;3;13;A01
200900072593;1;10;0;0;2;0;1;Z01
200900072593;0;30;0;0;2;3;1;B01
200900072593;0;7;0;0;2;7;17;A01
200900072594;0;7;0;1;0;2;15;A01
200900072595;0;7;0;0;1;1;0;A01
200900072596;0;1;0;0;2;1;1;B01
200900072596;0;7;0;0;9;7;1;A01
200900072597;0;7;0;0;2;3;13;A01
200900072597;0;7;0;0;2;3;1;B01
200900072598;0;7;0;0;9;1;1;B01
200900072598;0;1;0;0;2;7;15;A01
200900072599;0;2;0;0;9;8;16;A01
200900072599;0;33;0;0;9;1;1;B01
200900072600;0;30;0;0;2;1;13;A01
200900072600;0;7;0;0;9;3;1;B01
200900072601;0;99;0;0;9;3;15;A01
200900072601;0;33;0;0;2;1;3;B01
200900072602;0;7;0;0;9;2;1;A01
200900072602;0;30;0;0;2;1;15;B01
200900072603;0;7;0;16;0;1;0;A01
200900072604;0;7;0;0;2;8;13;B02
200900072604;0;7;0;0;2;8;1;A01
200900072605;0;7;0;0;2;1;1;B02
200900072605;0;7;0;6;0;1;14;A01
200900072606;0;31;0;12;0;1;1;A01
200900072607;0;7;0;0;2;3;15;A01
200900072607;0;31;0;0;2;1;1;B02
200900072608;0;7;0;0;2;5;23;B02
200900072608;0;7;0;1;0;3;2;A01
200900072609;0;17;0;0;2;2;1;A01
200900072609;0;7;0;0;2;5;1;E05
200900072609;0;7;0;0;2;4;1;C03
200900072609;0;14;0;0;2;6;1;B02
200900072609;0;7;0;0;2;8;1;D04
200900072610;0;30;0;0;2;1;19;A01
200900072610;0;7;0;0;2;2;1;B02
200900072611;0;30;0;0;1;1;3;A01
200900072612;0;30;0;0;2;6;15;B02
200900072612;0;7;0;0;2;3;13;A01
200900072613;0;30;0;0;0;0;1;A01
200900072614;0;30;0;13;0;1;1;A01
200900072615;0;7;0;0;0;0;1;A01
200900072615;0;7;0;0;0;2;13;B02
200900072616;0;7;0;7;0;2;1;A01
200900072617;0;7;0;0;2;1;13;A01
200900072617;0;7;0;0;2;1;1;B02
200900072618;0;7;0;0;2;2;19;A01
200900072618;0;30;0;0;2;1;1;B02
200900072619;0;7;0;16;0;8;0;A01
200900072620;0;36;0;0;2;2;2;A01
200900072620;0;10;0;0;2;4;2;B02
200900072621;0;30;0;0;0;0;1;A01
200900072622;0;1;0;0;1;1;1;A01
200900072623;0;7;0;2;0;6;1;A01
200900072623;0;7;0;0;2;2;1;B02
200900072624;0;7;0;0;0;8;1;B02
200900072624;0;7;0;0;2;3;13;A01
200900072625;0;1;0;0;2;1;1;B02
200900072625;0;7;0;0;9;2;15;A01
200900072626;0;1;0;0;2;1;13;A01
200900072626;0;7;0;0;9;1;1;B01
200900072627;0;1;0;0;2;7;15;A01
200900072627;0;7;0;0;9;1;1;B01
200900072628;0;7;0;0;9;8;22;A01
200900072628;0;7;0;0;9;7;1;C01
200900072628;0;1;0;14;2;1;1;B01
200900072629;0;30;0;0;2;7;1;B01
200900072629;0;7;0;0;9;1;9;A01
200900072630;0;7;0;0;2;1;1;A01
200900072630;0;7;0;0;2;8;1;B01
200900072631;0;7;0;0;1;3;1;A01
200900072632;0;7;0;0;2;2;15;A01
200900072632;0;31;0;0;2;1;1;B01
200900072633;0;7;0;0;2;3;15;A01
200900072633;0;2;0;0;2;1;17;B01
200900072634;0;7;0;0;9;3;1;A01
200900072634;0;1;0;0;2;1;13;B01
200900072635;0;7;0;0;2;3;13;A01
200900072635;0;99;0;0;2;8;0;B01
200900072636;0;7;0;0;2;2;1;A01
200900072636;0;1;0;0;2;1;16;B01
200900072637;0;7;0;1;0;6;21;A01
200900072638;0;1;0;0;1;1;1;A01
200900072639;0;7;0;13;0;3;1;A01
200900072640;0;7;0;0;2;8;1;B01
200900072640;0;30;0;0;2;7;13;A01
200900072641;0;7;0;0;2;7;16;A01
200900072641;0;30;0;0;2;1;1;B01
200900072642;0;30;0;0;1;1;1;A01
200900072643;0;7;0;0;2;0;0;B01
200900072643;0;7;0;0;2;0;0;A01
200900072644;0;7;0;0;9;1;1;B01
200900072644;0;1;0;0;2;1;9;A01
200900072645;1;7;0;0;9;4;4;B01
200900072645;0;30;0;0;0;1;1;A01
200900072646;0;7;0;8;0;1;0;A01
200900072647;0;7;0;14;2;7;6;A01
200900072647;0;7;0;0;2;0;1;B01
200900072648;0;7;0;0;2;1;1;B02
200900072648;0;7;0;0;2;1;1;A01
200900072649;0;7;0;0;1;1;1;A01
200900072650;0;7;0;0;1;1;1;A01
200900072651;0;7;0;0;1;1;1;A01
200900072652;0;1;0;0;2;0;0;B01
200900072652;0;7;0;0;2;0;0;A01
200900072653;0;33;0;0;2;1;1;B01
200900072653;0;7;0;0;2;1;20;A01
200900072654;0;33;0;0;2;1;1;A01
200900072654;0;10;0;0;2;4;1;B01
200900072655;0;7;0;0;2;1;1;A01
200900072655;0;33;0;0;2;4;1;B01
200900072655;0;7;0;0;2;0;0;C01
200900072656;0;7;0;8;0;0;1;A01
200900072657;0;7;0;0;1;1;1;A01
200900072658;0;37;1;0;2;8;11;A01
200900072658;0;33;0;0;2;1;1;B01
200900072659;0;7;0;0;2;4;0;B01
200900072659;0;31;0;0;2;1;1;A01
200900072660;0;31;0;0;1;1;1;A01
200900072661;0;7;0;0;1;3;1;A01
200900072662;0;31;0;0;2;1;13;A01
200900072662;0;7;0;0;2;1;1;B02
200900072663;0;7;0;0;2;4;1;D01
200900072663;0;7;0;0;2;1;1;A01
200900072663;0;7;0;0;2;4;1;C01
200900072663;0;7;0;0;2;4;1;B01
200900072664;0;7;0;0;9;2;23;A01
200900072664;0;1;0;0;2;8;23;B01
200900072665;0;7;0;0;0;3;15;A01
200900072665;0;30;0;0;2;1;17;B01
200900072666;0;2;0;0;2;2;2;A01
200900072666;0;7;0;0;2;3;2;B01
200900072705;0;7;0;13;0;1;1;A01
200900072706;0;10;0;0;2;6;1;A01
200900072706;0;10;0;0;2;2;1;B02
200900072707;0;30;0;0;0;0;0;A01
200900072708;0;7;0;0;9;8;15;B01
200900072708;0;33;0;0;2;1;18;A01
200900072709;0;30;0;0;2;8;17;A01
200900072709;0;7;0;0;2;2;9;B01
200900072710;0;7;0;0;9;2;15;A01
200900072710;0;1;0;0;2;1;1;B01
200900072711;0;30;0;0;2;1;1;B01
200900072711;0;7;0;0;9;5;15;A01
200900072712;0;2;0;0;2;1;1;A01
200900072712;0;7;0;0;2;3;1;B01
200900072713;0;30;0;12;0;1;1;A01
200900072714;1;30;0;0;1;1;1;A01
200900072715;0;1;0;0;2;1;0;B01
200900072715;0;7;0;0;9;2;15;A01
200900072716;0;7;0;0;1;1;1;A01
200900072717;0;7;0;0;0;1;0;A01
200900072718;0;14;0;0;1;5;1;A01
200900072719;0;7;0;0;2;1;1;A01
200900072720;0;31;0;0;2;3;13;A01
200900072720;0;38;0;0;2;3;1;B02
200900072721;0;7;0;13;0;7;1;A01
200900072722;0;1;0;0;2;1;1;A01
200900072723;0;7;0;2;0;3;1;A01
200900072724;0;7;0;0;2;1;2;A01
200900072724;0;1;0;0;2;4;2;B02
200900072725;0;7;0;4;0;9;1;A01
200900072726;0;2;0;0;2;1;1;B02
200900072726;0;7;0;0;2;5;15;A01
200900072727;0;30;0;13;0;2;1;A01
200900072728;0;10;0;0;2;2;13;B02
200900072728;0;14;0;0;2;2;1;A01
200900072729;0;7;0;0;2;3;13;A01
200900072729;0;7;0;6;2;3;1;B02
200900072730;0;30;0;3;0;1;0;A01
200900072731;0;7;0;0;1;2;1;A01
200900072732;0;33;0;0;2;8;13;B02
200900072732;0;33;0;0;2;8;17;A01
200900072733;0;31;0;0;2;1;1;B02
200900072733;0;7;0;0;2;6;0;A01
200900072734;0;7;0;0;2;3;1;A01
200900072734;0;31;0;0;2;3;1;B02
200900072735;0;30;0;0;2;8;15;B02
200900072735;0;7;0;0;2;3;21;A01
200900072736;0;33;0;13;0;1;1;A01
200900072737;0;7;0;15;0;1;0;A01
200900072738;0;30;0;0;2;1;1;A01
200900072738;0;10;0;0;2;3;23;B02
200900072739;0;2;0;0;1;1;13;A01
200900072740;0;30;0;6;0;2;0;A01
200900072741;0;7;0;0;9;6;1;B01
200900072741;0;33;0;0;2;0;1;A01
200900072742;0;2;0;0;0;0;21;A01
200900072743;0;7;0;0;2;1;2;A01
200900072743;0;1;0;0;2;4;2;B01
200900072744;0;7;0;0;2;4;4;B01
200900072744;0;7;0;0;2;1;1;A01
200900072745;0;2;0;0;2;1;11;A01
200900072745;0;7;0;0;2;3;1;B01
200900072746;0;33;0;0;2;4;1;B01
200900072746;0;7;0;0;1;1;1;A01
200900072747;0;7;0;0;2;1;13;B01
200900072747;0;7;0;0;2;0;0;A01
200900072748;0;7;0;0;2;8;1;B01
200900072748;0;31;0;0;2;1;1;A01
200900072749;0;7;0;0;2;9;15;A01
200900072749;0;7;0;0;2;1;1;C01
200900072749;0;7;0;0;1;1;1;B01
200900072750;0;7;0;0;2;0;1;B01
200900072750;0;2;0;0;2;1;0;A01
200900072751;0;7;0;0;2;3;0;A01
200900072751;0;7;0;0;2;2;0;B01
200900072752;0;7;0;0;2;3;15;B01
200900072752;0;2;0;0;2;2;17;A01
200900072753;0;30;0;0;2;1;1;A01
200900072753;0;7;0;0;2;4;15;B01
200900072754;0;32;0;0;2;1;1;B01
200900072754;0;7;0;0;2;3;15;A01
200900072755;0;2;0;0;2;1;0;A01
200900072755;0;7;0;0;2;3;1;B01
200900072756;0;31;0;0;2;1;1;B01
200900072756;0;7;0;0;2;3;15;A01
200900072757;0;30;0;0;2;1;1;A01
200900072757;0;7;0;0;2;1;1;B01
200900072758;0;7;0;0;2;6;1;A01
200900072758;0;7;0;0;2;2;1;B01
200900072759;0;31;0;0;2;3;5;B02
200900072759;0;7;0;0;2;3;5;A01
200900072760;0;32;0;0;0;0;0;A01
200900072761;0;7;0;0;2;4;9;B01
200900072761;0;7;0;0;2;1;1;A01
200900072762;0;32;0;0;2;1;17;B02
200900072762;0;7;0;0;2;8;15;A01
200900072763;0;30;0;12;0;9;10;A01
200900072764;0;2;0;0;0;5;23;B02
200900072764;0;7;0;0;2;2;1;A01
200900072765;0;7;0;0;1;2;1;A01
200900072766;0;30;0;0;2;1;0;B02
200900072766;0;7;0;4;0;1;17;A01
200900072767;0;30;0;13;0;1;14;A01
200900072768;0;7;0;0;1;2;1;A01
200900072769;0;7;0;0;2;2;15;A01
200900072769;0;33;0;0;2;7;1;B02
200900072770;0;31;0;0;2;1;17;A01
200900072770;0;7;0;0;2;3;15;B02
200900072771;0;10;0;8;0;3;1;A01
200900072772;0;7;0;0;0;3;1;A01
200900072773;0;7;0;0;2;8;9;A01
200900072773;0;7;0;4;2;7;1;B02
200900072774;0;1;0;0;2;1;13;B02
200900072774;0;7;0;0;9;2;1;A01
200900072775;0;10;0;0;1;1;13;A01
200900072776;0;7;0;0;1;3;11;A01
200900072777;0;33;0;0;2;1;17;A01
200900072777;0;38;1;0;9;8;15;B01
200900072778;0;30;0;9;2;3;1;A01
200900072779;0;7;0;0;9;2;1;A01
200900072779;0;33;0;15;2;8;1;B01
200900072780;0;1;0;0;2;1;9;A01
200900072780;0;7;0;0;9;5;1;B01
200900072781;0;7;0;8;0;1;15;A01
200900072782;0;7;0;0;2;4;1;C01
200900072782;0;7;0;0;2;1;1;A01
200900072782;0;7;0;0;2;4;1;B01
200900072783;0;7;0;0;9;1;9;A01
200900072783;0;1;0;0;2;7;1;B01
200900072784;0;7;0;0;1;2;1;A01
200900072785;0;7;0;6;0;6;1;A01
200900072786;0;7;0;0;1;2;1;A01
200900072787;0;33;0;0;2;1;17;B01
200900072787;0;7;0;0;9;8;10;A01