num_acc;senc;catv;occutc;obs;obsm;choc;manv;num_veh
200900072788;0;7;0;1;2;1;21;A01
200900072788;0;7;0;0;2;1;1;B01
200900072789;0;7;0;0;1;1;1;A01
200900072790;0;7;0;13;0;3;0;A01
200900072791;0;7;0;0;2;1;1;A01
200900072791;0;7;0;0;2;7;1;B01
200900072792;0;33;0;0;2;3;0;B01
200900072792;0;7;0;0;2;7;15;A01
200900072793;0;1;0;0;2;8;1;B01
200900072793;0;7;0;0;9;1;1;A01
200900072794;0;10;0;0;2;1;2;B01
200900072794;0;7;0;0;2;4;23;A01
200900072795;0;30;0;0;1;1;1;A01
200900072796;0;7;0;0;9;8;15;B01
200900072796;0;31;0;0;2;1;17;A01
200900072797;1;7;0;0;1;1;1;A01
200900072798;0;7;0;0;2;2;10;A01
200900072798;0;2;0;0;2;1;1;B01
200900072799;0;7;0;0;2;5;1;A01
200900072799;0;2;0;0;2;1;1;B01
200900072800;0;7;0;0;1;1;1;A01
200900072801;0;1;0;0;2;1;17;B01
200900072801;0;7;0;0;2;1;1;A01
200900072802;0;7;0;0;2;1;0;A01
200900072802;0;32;0;0;2;1;1;B01
200900072803;0;7;0;0;2;1;1;B01
200900072803;0;7;0;0;2;1;1;A01
200900072804;0;7;0;0;2;3;1;B01
200900072804;0;2;0;0;2;1;1;A01
200900072805;0;7;0;0;2;8;0;B01
200900072805;0;10;0;0;2;7;0;D01
200900072805;0;7;0;0;2;1;0;A01
200900072805;0;7;0;3;0;5;0;C01
200900072806;0;7;0;0;2;4;1;B01
200900072806;0;30;0;0;2;1;1;A01
200900072807;0;1;0;0;2;3;1;B01
200900072807;0;7;0;0;2;2;1;A01
200900072808;0;7;0;0;1;1;1;A01
200900072809;0;7;0;0;1;1;1;A01
200900072810;0;2;0;0;2;1;1;B01
200900072810;0;7;0;0;2;2;15;A01
200900072811;0;31;0;11;0;1;1;A01
200900072812;0;7;0;0;0;9;13;A01
200900072812;0;10;0;0;2;1;8;B02
200900072812;0;7;0;0;2;1;2;C03
200900072813;0;7;0;0;1;2;1;A01
200900072814;0;7;0;0;2;4;2;A01
200900072814;0;33;0;0;2;1;2;B01
200900072815;0;7;0;0;2;3;1;B02
200900072815;0;7;0;0;2;3;13;A01
200900072816;0;7;0;4;0;1;0;A01
200900072817;0;7;0;12;0;1;0;A01
200900072818;0;7;0;0;1;2;1;A01
200900072819;0;7;0;0;2;3;9;A01
200900072819;0;37;1;0;2;7;1;B01
200900072820;0;7;0;0;2;6;23;C03
200900072820;0;30;0;0;2;1;17;A01
200900072820;0;7;0;0;2;3;1;B02
200900072821;0;33;0;0;2;1;9;A01
200900072821;0;7;0;0;2;5;19;B01
200900072822;0;7;0;4;0;1;0;A01
200900072823;0;7;0;0;1;1;5;A01
200900072824;0;7;0;0;2;1;1;B02
200900072824;0;7;0;0;2;1;1;A01
200900072825;0;7;0;0;2;8;24;B01
200900072825;0;10;0;1;0;7;1;A01
200900072826;0;7;0;0;2;1;1;B01
200900072826;2;2;0;1;0;0;0;A01
200900072827;0;10;0;0;0;1;13;A01
200900072827;0;7;0;0;0;1;1;B02
200900072828;0;7;0;0;2;3;5;B01
200900072828;0;13;0;0;2;8;5;A01
200900072829;0;7;0;0;2;1;1;B01
200900072829;0;2;0;0;2;1;13;A01
200900072830;0;33;0;0;1;1;0;A01
200900072831;0;7;0;0;2;1;5;B01
200900072831;0;7;0;0;2;1;5;A01
200900072832;0;30;0;0;2;1;1;B02
200900072832;0;7;0;0;2;3;15;A01
200900072833;0;33;0;0;2;1;13;A01
200900072833;0;7;0;0;2;1;1;B02
200900072834;0;32;0;0;0;1;14;A01
200900072835;0;37;9;0;2;1;2;A01
200900072835;0;7;0;0;2;4;2;B01
200900072836;0;7;0;6;0;2;14;A01
200900072837;0;7;0;0;0;1;1;A01
200900072838;0;30;0;0;0;0;1;A01
200900072839;0;7;0;16;0;9;21;A01
200900072840;0;34;0;0;2;1;2;A01
200900072840;0;7;0;0;2;4;15;B01
200900072841;0;7;0;0;9;2;1;A01
200900072841;0;1;0;0;2;1;9;B01
200900072842;0;7;0;4;0;4;21;A01
200900072843;0;33;0;13;0;8;14;A01
200900072844;0;7;0;0;2;8;1;B01
200900072844;0;7;0;0;2;2;9;A01
200900072845;0;7;0;0;0;0;2;B01
200900072845;0;33;0;0;2;9;21;A01
200900072846;0;7;0;0;1;3;1;A01
200900072847;0;7;0;0;2;1;2;A01
200900072847;0;31;0;0;2;4;2;B01
200900072847;0;31;0;0;2;1;2;C01
200900072848;0;33;0;0;2;8;2;A01
200900072848;0;33;0;0;2;7;2;B01
200900072849;0;7;0;8;0;1;14;A01
200900072850;0;7;0;0;2;1;2;B01
200900072850;0;7;0;4;2;4;2;A01
200900072851;0;7;0;0;9;2;0;A01
200900072851;0;1;0;0;2;1;5;B01
200900072852;0;33;0;0;2;7;1;B01
200900072852;0;7;0;0;2;4;13;A01
200900072853;0;1;0;0;2;1;2;A01
200900072853;0;7;0;0;2;4;2;B01
200900072854;1;30;0;0;1;1;1;A01
200900072855;0;31;0;0;2;1;2;A01
200900072855;0;7;0;0;2;4;2;B01
200900072855;0;7;0;0;2;0;2;C01
200900072856;0;7;0;0;1;4;4;A01
200900072857;0;30;0;0;2;1;19;A01
200900072857;0;7;0;0;2;8;1;B01
200900072858;0;33;0;12;0;1;14;A01
200900072859;0;7;0;0;1;3;21;A01
200900072860;0;7;0;0;2;8;11;A01
200900072860;0;30;0;0;2;7;1;B01
200900072861;0;7;0;0;1;1;1;A01
200900072862;0;30;0;0;2;6;15;A01
200900072862;0;7;0;0;2;2;19;B01
200900072863;0;32;0;0;2;7;1;A01
200900072863;0;10;0;0;2;7;19;B01
200900072866;0;7;0;0;9;3;24;A01
200900072866;0;1;0;1;0;1;1;B01
200900072867;0;7;0;0;1;4;4;A01
200900072868;0;17;0;0;9;5;1;A01
200900072868;0;1;0;0;2;1;19;B01
200900072869;0;7;0;0;9;3;10;A01
200900072869;0;31;0;0;2;1;17;B01
200900072870;0;7;0;0;9;8;15;A01
200900072870;0;2;0;0;2;8;1;B01
200900072871;0;7;0;0;1;2;1;A01
200900072872;0;7;0;0;2;1;5;A01
200900072872;0;7;0;0;2;3;0;C01
200900072872;0;7;0;0;2;3;1;B01
200900072873;0;7;0;0;2;4;2;C01
200900072873;0;7;0;0;2;1;2;A01
200900072873;0;7;0;0;2;4;2;B01
200900072874;0;7;0;0;2;1;1;A01
200900072874;0;7;0;0;2;4;15;B01
200900072875;0;7;0;0;9;2;1;A01
200900072875;0;30;0;0;2;1;1;B01
200900072876;0;7;0;0;9;8;1;B01
200900072876;0;2;0;0;2;1;5;A01
200900072877;0;7;0;0;2;1;1;B01
200900072877;0;7;0;0;2;3;13;A01
200900072878;0;10;0;0;1;2;1;A01
200900072879;0;7;0;0;0;0;22;A01
200900072880;0;2;0;15;0;1;1;A01
200900072881;0;7;0;0;1;1;1;A01
200900072882;0;2;0;0;2;1;1;A01
200900072882;0;7;0;0;9;6;1;B01
200900072883;0;7;0;0;1;1;1;A01
200900072884;0;7;0;6;1;2;14;A01
200900072885;0;7;0;0;1;1;21;A01
200900072886;0;7;0;0;1;1;1;A01
200900072887;0;7;0;5;0;8;1;A01
200900072888;0;7;0;0;1;1;1;A01
200900072889;0;7;0;4;2;2;5;A01
200900072889;0;7;0;0;0;0;1;C01
200900072889;0;7;0;0;2;2;1;B01
200900072890;0;7;0;0;2;8;15;A01
200900072890;0;2;0;0;2;1;17;B01
200900072891;0;7;0;0;1;2;1;A01
200900072892;0;30;0;0;0;0;15;A01
200900072893;0;7;0;0;1;1;0;A01
200900072894;0;7;0;0;2;1;0;A01
200900072894;0;2;0;0;2;1;5;B02
200900072895;0;7;0;0;2;1;13;A01
200900072895;0;7;0;0;2;1;1;B02
200900072896;0;33;0;0;0;0;2;C03
200900072896;0;33;0;0;0;0;2;B02
200900072896;0;33;0;0;0;0;2;E05
200900072896;0;33;0;0;0;0;1;A01
200900072896;0;33;0;0;0;0;2;D04
200900072897;0;30;0;6;0;1;19;A01
200900072898;0;7;0;0;2;3;1;B02
200900072898;0;30;0;0;2;3;13;A01
200900072899;0;2;0;0;2;6;15;B02
200900072899;1;7;0;0;9;3;1;A01
200900072900;0;33;0;0;1;8;17;A01
200900072901;0;31;0;0;2;2;21;B02
200900072901;0;7;0;0;0;6;15;A01
200900072902;0;30;0;0;2;3;16;A01
200900072902;0;30;0;0;2;3;15;B02
200900072903;0;10;0;10;0;1;15;A01
200900072904;0;10;0;0;2;3;1;B02
200900072904;0;30;0;0;2;1;17;A01
200900072905;0;31;0;0;1;1;1;A01
200900072906;0;30;0;0;1;1;21;A01
200900072906;0;7;0;0;2;1;0;B02
200900072907;0;7;0;0;2;1;1;C03
200900072907;0;31;0;0;2;1;1;A01
200900072907;0;7;0;0;2;1;15;B02
200900072908;0;10;0;0;2;3;1;B02
200900072908;0;33;0;0;2;1;13;A01
200900072909;0;7;0;0;1;2;14;A01
200900072910;0;33;0;0;2;6;1;B02
200900072910;0;7;0;0;2;1;19;A01
200900072911;0;7;0;0;2;2;19;A01
200900072911;0;7;0;0;2;3;1;B02
200900072912;0;10;0;0;1;3;1;A01
200900072913;0;7;0;0;1;0;21;A01
200900072914;0;33;0;3;0;1;1;A01
200900072915;0;7;0;0;1;1;1;A01
200900072916;0;10;0;0;2;2;15;A01
200900072916;0;33;0;0;2;1;1;B02
200900072917;0;7;0;0;2;3;15;A01
200900072917;0;30;0;0;2;1;17;B01
200900072918;0;7;0;0;1;1;1;A01
200900072919;0;7;0;0;2;1;1;A01
200900072919;0;7;0;0;2;4;1;C01
200900072919;0;7;0;0;2;1;1;B01
200900072937;0;7;0;0;2;2;2;A01
200900072937;0;7;0;4;0;6;2;B01
200900072938;0;7;0;0;2;6;9;A01
200900072938;0;1;0;0;2;2;1;B01
200900072939;0;7;0;0;1;2;0;A01
200900072940;0;1;0;0;2;4;2;B01
200900072940;0;34;0;0;9;1;2;A01
200900072941;0;7;0;0;2;1;2;B01
200900072941;0;7;0;0;2;4;2;A01
200900072942;0;34;0;16;0;0;2;A01
200900072943;0;7;0;0;2;4;2;A01
200900072943;0;7;0;0;2;1;21;B01
200900072944;0;7;0;0;2;6;2;A01
200900072944;0;34;0;0;2;1;2;B01
200900072945;0;7;0;0;9;3;2;A01
200900072945;0;1;0;0;2;1;2;B01
200900072946;0;7;0;4;0;2;21;D01
200900072946;0;7;0;0;2;1;2;A01
200900072946;0;7;0;0;2;1;2;B01
200900072946;0;7;0;0;2;1;2;C01
200900072947;0;7;0;0;2;4;2;C01
200900072947;0;7;0;0;2;1;2;A01
200900072947;0;7;0;0;2;4;2;B01
200900072948;0;1;0;0;2;8;2;B01
200900072948;0;7;0;0;9;7;2;A01
200900072949;0;7;0;0;2;7;10;B01
200900072949;0;7;0;0;2;1;2;A01
200900072950;0;33;0;12;0;4;1;A01
200900072951;0;30;0;0;2;8;9;A01
200900072951;0;7;0;0;2;2;19;B01
200900072952;0;33;0;0;2;9;1;B01
200900072952;0;7;0;0;2;1;0;A01
200900072953;0;7;0;0;2;7;15;A01
200900072953;0;31;0;0;2;1;1;B01
200900072954;0;7;0;0;2;2;15;A01
200900072954;0;31;0;0;2;1;1;B01
200900072955;0;7;0;0;2;1;1;B01
200900072955;0;7;0;0;2;1;14;A01
200900072956;0;33;0;0;2;1;17;B01
200900072956;0;7;0;0;2;8;15;A01
200900072957;2;32;0;0;1;1;1;A01
200900072958;0;2;0;0;0;0;0;A01
200900072958;0;7;0;0;2;1;1;B01
200900072959;0;7;0;0;2;7;1;B01
200900072959;0;34;0;0;2;8;9;A01
200900072960;0;1;0;0;2;1;6;A01
200900072960;0;7;0;0;2;2;1;B01
200900072961;0;30;0;0;2;1;2;A01
200900072961;0;7;0;0;2;4;19;B01
200900072962;0;7;0;3;2;1;17;A01
200900072962;0;7;0;0;2;1;1;B02
200900072963;0;31;0;7;0;9;1;A01
200900072964;0;7;0;0;2;3;1;A01
200900072964;0;7;0;0;0;8;0;B02
200900072965;0;7;0;3;2;1;13;A01
200900072965;0;7;0;0;2;1;1;B02
200900072966;0;7;0;0;0;0;0;A01
200900072966;0;10;0;0;0;1;1;B02
200900072967;0;31;0;8;0;2;1;A01
200900072968;0;33;0;0;0;0;1;A01
200900072969;0;31;0;9;0;1;1;A01
200900072970;0;1;0;0;2;1;13;B02
200900072970;0;7;0;0;2;1;1;A01
200900072971;1;7;0;0;0;0;0;A01
200900072972;0;7;0;0;2;1;13;A01
200900072972;0;7;0;0;2;3;1;B02
200900072973;0;36;0;15;0;2;14;A01
200900072974;0;31;0;0;2;3;1;B01
200900072974;0;7;0;0;2;1;1;A01
200900072975;0;7;0;0;1;4;4;A01
200900072976;0;32;0;10;0;1;14;A01
200900072977;0;7;0;0;2;8;15;B01
200900072977;2;7;0;0;2;1;1;A01
200900072978;0;7;0;0;2;3;9;A01
200900072978;0;31;0;0;2;1;17;B01
200900072979;0;7;0;0;2;8;10;A01
200900072979;0;33;0;0;2;1;2;B01
200900072980;0;31;0;0;2;8;0;B01
200900072980;0;7;0;0;2;2;0;A01
200900072981;0;7;0;0;2;8;1;B01
200900072981;0;30;0;0;2;1;17;A01
200900072982;0;7;0;0;1;4;4;A01
200900072983;0;7;0;0;1;2;1;A01
200900072984;0;7;0;0;2;1;0;A01
200900072984;0;7;0;0;2;2;1;B01
200900072985;0;35;0;0;9;5;17;A01
200900072986;0;30;0;13;0;0;13;A01
200900072987;0;38;0;0;1;5;1;A01
200900072988;0;14;0;0;0;6;1;A01
200900072988;1;30;0;0;2;1;2;B02
200900072989;0;31;0;0;2;1;17;A01
200900072989;0;7;0;0;2;1;1;B02
200900072990;0;7;0;0;2;1;15;A01
200900072990;0;30;0;0;2;1;1;B02
200900072991;0;7;0;0;1;1;9;A01
200900072992;0;33;0;0;1;2;1;A01
200900072993;0;33;0;3;0;1;19;A01
200900072994;0;33;0;0;2;7;17;B02
200900072994;0;7;0;0;2;8;1;A01
200900072995;0;2;0;0;0;8;1;B01
200900072995;0;7;0;0;0;1;15;A01
200900072996;0;7;0;0;1;3;1;A01
200900072997;0;7;0;0;2;1;13;A01
200900072997;0;7;0;0;2;1;1;B02
200900072998;0;7;0;0;2;1;13;A01
200900072998;0;7;0;0;2;1;1;B02
200900072998;0;7;0;0;2;1;1;C03
200900072999;0;7;0;0;2;6;15;A01
200900072999;0;31;0;0;2;1;1;B02
200900073000;0;1;0;0;2;1;1;B02
200900073000;0;7;0;0;9;3;1;A01
200900073001;0;7;0;0;2;3;15;A01
200900073001;0;30;0;0;2;3;1;B02
200900073002;0;7;0;8;0;7;17;A01
200900073003;0;7;0;0;2;3;1;A01
200900073003;0;37;0;0;2;3;1;B02
200900073004;0;2;0;1;0;1;14;A01
200900073005;0;7;0;0;1;3;15;A01
200900073006;0;33;0;12;0;1;1;A01
200900073007;0;15;0;10;2;3;13;A01
200900073007;0;7;0;0;2;1;1;B02
200900073008;0;1;0;0;2;0;0;B02
200900073008;0;7;0;0;0;3;21;A01
200900073009;0;7;0;0;0;9;0;A01
200900073010;0;7;0;0;0;4;2;B01
200900073010;0;7;0;0;2;1;2;A01
200900073011;0;7;0;0;0;8;1;B02
200900073011;0;33;0;0;2;8;5;A01
200900073012;0;7;0;0;0;9;16;A01
200900073013;0;7;0;0;2;1;1;B02
200900073013;0;7;0;0;2;7;1;A01
200900073014;0;38;0;0;2;1;15;A01
200900073014;0;30;0;0;0;8;1;B02
200900073015;0;7;0;0;2;3;1;B02
200900073015;0;7;0;0;2;3;1;A01
200900073016;0;31;0;0;2;1;15;A01
200900073016;0;7;0;0;2;1;1;B02
200900073017;0;7;0;0;2;1;17;A01
200900073017;0;7;0;0;2;3;1;B02
200900073018;0;10;0;0;2;1;1;B02
200900073018;0;2;0;0;2;1;1;A01
200900073019;0;33;0;0;1;1;1;A01
200900073020;0;7;0;0;0;0;21;A01
200900073021;0;7;0;6;0;1;1;A01
200900073022;1;7;0;0;1;5;16;A01
200900073023;0;7;0;0;1;2;2;A01
200900073024;0;30;0;0;2;1;1;B02
200900073024;1;10;0;0;0;0;15;D04
200900073024;0;30;0;0;2;1;1;C03
200900073024;0;7;0;0;2;1;13;A01
200900073025;0;31;0;0;2;1;17;A01
200900073025;0;7;0;0;2;2;1;B02
200900073026;0;7;0;2;2;1;1;A01
200900073026;0;1;0;0;0;7;16;B02
200900073027;0;30;0;0;2;4;0;A01
200900073028;0;7;0;0;2;1;1;A01
200900073028;0;7;0;0;2;1;17;B02
200900073029;0;7;0;0;9;7;2;B02
200900073029;0;32;0;0;2;8;15;A01
200900073030;0;33;0;0;2;3;2;A01
200900073030;0;10;0;0;0;6;23;B02
200900073036;0;7;0;0;9;8;24;C01
200900073036;0;30;0;0;2;1;17;B01
200900073036;0;7;0;0;9;3;9;A01
200900073037;0;2;0;0;1;1;1;A01
200900073038;0;2;0;0;0;1;0;A01
200900073039;0;7;0;0;1;7;1;A01
200900073040;0;7;0;0;2;1;1;B01
200900073040;0;2;0;0;2;1;1;A01
200900073041;0;7;0;0;9;1;1;A01
200900073041;0;33;0;0;2;1;18;B01
200900073042;0;1;0;0;2;1;1;B01
200900073042;0;13;0;0;2;7;1;A01
200900073043;0;1;0;0;2;8;1;B01
200900073043;0;7;0;0;9;2;1;A01
200900073044;0;99;0;0;2;3;1;A01
200900073044;0;7;0;0;2;9;1;B01
200900073045;0;7;0;15;0;9;1;A01
200900073046;0;2;0;0;1;1;17;A01
200900073047;0;7;0;0;1;1;1;A01
200900073048;0;2;0;0;2;0;1;B01
200900073048;0;7;0;0;2;1;1;A01
200900073049;0;7;0;0;9;8;23;C01
200900073049;0;7;0;0;9;8;23;D01
200900073049;0;30;0;0;2;1;1;B01
200900073049;0;7;0;0;9;2;15;A01
200900073050;0;7;0;0;1;1;1;A01
200900073051;0;7;0;0;2;3;0;A01
200900073051;0;10;0;0;2;3;0;B01
200900073052;0;31;0;0;2;1;13;A01
200900073052;0;7;0;0;2;8;1;B01
200900073053;0;2;0;0;2;1;5;A01
200900073053;0;10;0;0;2;1;1;B02
200900073054;0;1;0;3;0;4;1;A01
200900073054;0;7;0;0;0;2;1;B02
200900073055;0;7;0;0;1;2;0;A01
200900073056;0;33;0;0;0;7;17;B02
200900073056;0;7;0;0;0;8;13;A01
200900073057;0;31;0;0;2;1;17;B02
200900073057;0;7;0;0;2;3;15;A01
200900073058;0;1;0;0;2;1;1;B02
200900073058;0;7;0;0;2;3;1;A01
200900073059;0;33;0;0;2;2;17;A01
200900073059;0;7;0;0;2;8;15;B02
200900073060;0;7;0;0;0;3;1;A01
200900073061;0;30;0;0;2;1;1;A01
200900073061;0;30;0;0;2;1;1;B02
200900073062;0;30;0;0;2;0;16;A01
200900073062;0;7;0;0;0;3;1;B02
200900073063;0;33;0;6;0;0;17;A01
200900073064;0;2;0;0;1;1;1;A01
200900073065;0;7;0;0;0;1;1;A01
200900073066;0;1;0;0;2;1;1;A01
200900073066;0;7;0;0;2;1;1;B02
200900073067;0;30;0;0;2;4;1;A01
200900073067;0;10;0;0;2;2;1;B02
200900073068;0;10;0;2;0;2;14;A01
200900073069;0;10;0;0;2;3;1;A01
200900073069;0;7;0;0;2;2;1;B02
200900073069;0;2;0;0;2;1;13;C03
200900073070;0;7;0;0;2;1;15;A01
200900073070;0;2;0;0;2;1;1;B02
200900073071;0;10;0;0;1;2;1;A01
200900073072;0;7;0;13;0;1;0;A01
200900073073;0;33;0;6;0;1;14;A01
200900073074;0;30;0;0;2;1;19;A01
200900073074;0;7;0;0;2;1;1;B02
200900073075;0;7;0;0;9;1;9;B01
200900073075;0;1;0;0;2;4;1;A01
200900073076;0;7;0;0;2;1;1;B01
200900073076;0;2;0;0;2;1;17;A01
200900073077;0;2;0;0;2;1;1;A01
200900073077;0;7;0;0;2;4;23;B01
200900073078;0;33;0;0;2;8;17;A01
200900073078;0;10;0;0;2;8;15;B02
200900073079;0;33;0;0;2;5;1;B01
200900073079;0;7;0;0;9;1;9;A01
200900073080;0;30;0;0;2;1;17;B01
200900073080;0;7;0;0;9;3;15;A01
200900073081;0;7;0;0;1;7;1;A01
200900073082;0;7;0;0;1;2;0;A01
200900073083;0;7;0;0;2;3;1;B01
200900073083;0;2;0;0;2;1;13;A01
200900073084;0;7;0;0;2;3;13;A01
200900073084;0;7;0;0;2;3;1;B01
200900073085;1;7;0;0;2;1;11;A01
200900073085;0;7;0;0;2;1;1;B01
200900073086;1;7;0;0;2;1;2;B01
200900073086;0;7;0;0;2;4;2;A01
200900073087;0;33;0;0;5;1;1;A01
200900073088;0;7;0;16;0;9;2;A01
200900073089;0;32;0;16;0;1;0;A01
200900073090;0;7;0;0;2;1;5;A01
200900073090;0;7;0;0;2;1;5;B01
200900073091;0;7;0;0;2;1;19;B01
200900073091;0;7;0;0;2;7;1;A01
200900073092;0;7;0;0;2;1;19;A01
200900073092;0;7;0;0;2;2;19;B01
200900073093;0;7;0;0;2;3;1;B02
200900073093;0;33;0;0;2;1;17;A01
200900073094;0;30;0;0;2;1;17;A01
200900073094;0;10;0;0;2;8;1;B01
200900073095;0;34;0;0;2;1;2;B01
200900073095;0;7;0;0;2;8;10;A01
200900073096;0;32;0;0;2;1;2;A01
200900073096;0;7;0;0;2;4;2;B01
200900073097;0;7;0;16;0;1;1;A01
200900073098;0;7;0;1;2;1;0;A01
200900073099;0;7;0;16;0;9;2;A01
200900073100;0;7;0;0;2;1;1;B01
200900073100;0;30;0;0;2;1;19;A01
200900073101;0;7;0;0;2;3;15;A01
200900073101;0;33;0;0;2;1;17;B01
200900073102;0;7;0;0;2;8;19;A01
200900073102;0;33;0;0;2;1;1;B02
200900073103;1;31;0;0;1;1;7;A01
200900073104;0;7;0;6;0;1;15;A01
200900073105;1;30;0;12;0;0;17;A01
200900073106;0;7;0;0;2;3;2;A01
200900073106;0;33;0;0;2;7;2;B01
200900073107;0;7;0;16;2;9;2;A01
200900073107;0;7;0;0;2;7;2;B01
200900073108;0;7;0;0;2;8;11;A01
200900073108;0;7;0;0;2;7;2;B01
200900073109;0;7;0;0;1;1;1;A01
200900073110;0;7;0;0;1;2;1;A01
200900073111;0;7;0;0;1;4;4;A01
200900073112;0;7;0;1;1;3;17;A01
200900073113;0;10;0;0;2;1;2;A01
200900073113;0;7;0;0;0;4;24;B01
200900073114;1;31;0;0;0;0;0;C03
200900073114;0;7;0;0;0;8;0;B02
200900073114;0;7;0;0;0;3;0;A01
200900073115;0;31;0;16;0;0;0;A01
200900073116;0;7;0;0;2;1;1;B01
200900073116;0;7;0;0;2;9;1;C01
200900073116;0;10;0;0;2;7;15;A01
200900073117;0;20;0;0;1;5;4;A01
200900073118;0;7;0;0;2;3;17;A01
200900073118;0;7;0;0;0;5;1;D04
200900073118;0;7;0;3;0;2;1;C03
200900073118;0;7;0;0;2;3;1;B02
200900073119;0;30;0;0;2;1;1;B01
200900073119;0;7;0;0;2;8;15;A01
200900073120;0;33;0;0;2;1;2;A01
200900073120;0;7;0;0;2;4;2;B01
200900073121;0;33;0;0;2;8;21;A01
200900073121;0;7;0;0;2;4;2;B01
200900073122;0;7;0;0;2;2;1;B01
200900073122;0;7;0;0;2;4;1;C01
200900073122;0;7;0;0;2;9;2;A01
200900073123;0;31;0;0;2;1;17;A01
200900073124;0;7;0;0;2;1;2;A01
200900073124;0;7;0;0;2;4;2;B01
200900073125;0;10;0;0;2;7;0;C03
200900073125;0;10;0;0;2;3;13;A01
200900073125;0;7;0;0;2;6;0;B02
200900073126;0;7;0;0;2;1;2;A01
200900073126;0;7;0;0;2;4;1;B01
200900073127;0;30;0;0;1;1;1;A01
200900073128;0;34;0;16;0;0;0;A01
200900073129;0;7;0;0;2;8;0;A01
200900073129;0;31;0;0;2;1;16;B01
200900073130;0;33;0;0;2;1;13;B02
200900073130;0;7;0;0;2;3;1;A01
200900073131;0;7;0;0;0;3;5;A01
200900073131;0;7;0;0;0;3;1;B02
200900073132;0;7;0;13;2;1;1;B02
200900073132;0;7;0;0;2;8;1;A01
200900073133;0;7;0;0;2;1;1;A01
200900073133;0;7;0;0;2;4;23;B01
200900073133;0;7;0;0;2;4;1;C01
200900073134;0;30;0;1;0;1;1;A01
200900073134;0;7;0;0;2;5;23;B02
200900073135;0;34;0;0;1;1;1;A01
200900073136;0;7;0;6;0;1;17;A01
200900073137;0;7;0;0;2;7;2;B01
200900073137;0;7;0;3;2;9;1;A01
200900073138;1;30;0;0;2;1;17;B02
200900073138;0;7;0;0;2;8;15;A01
200900073139;0;7;0;0;2;1;2;A01
200900073139;0;7;0;0;2;4;2;B01
200900073140;0;7;0;0;2;4;2;A01
200900073140;0;7;0;0;2;1;2;B01
200900073141;0;34;0;0;2;1;2;A01
200900073141;0;7;0;0;2;6;2;B01
200900073142;0;7;0;0;2;1;5;B01
200900073142;0;7;0;0;2;1;5;A01
200900073143;0;7;0;0;2;1;2;A01
200900073143;0;7;0;0;2;4;2;C01
200900073143;0;7;0;0;2;1;2;B01
200900073144;0;7;0;0;2;9;2;A01
200900073145;0;7;0;0;2;1;2;A01
200900073145;0;32;0;0;2;4;2;B01
200900073146;0;7;0;0;2;4;2;B01
200900073146;0;7;0;0;2;1;2;A01
200900073147;0;7;0;0;2;8;1;B02
200900073147;0;7;0;0;2;8;13;A01
200900073148;0;33;0;12;0;1;0;A01
200900073149;0;1;0;0;2;1;13;B02
200900073149;0;7;0;0;9;3;1;A01
200900073150;0;7;0;0;2;4;2;B01
200900073150;0;7;0;0;2;1;2;A01
200900073151;0;7;0;0;2;4;23;B01
200900073151;0;34;0;0;2;1;1;A01
200900073152;0;7;0;0;2;8;2;B01
200900073152;0;32;0;0;2;7;2;A01
200900073153;0;7;0;13;0;3;0;A01
200900073154;0;7;0;0;2;8;1;B01
200900073154;0;14;0;0;2;2;12;A01
200900073155;0;7;0;0;2;1;2;A01
200900073155;0;7;0;0;2;4;2;B01
200900073156;0;10;0;2;0;2;1;A01
200900073157;0;30;0;0;2;1;2;A01
200900073157;0;7;0;0;2;4;2;B01
200900073158;0;7;0;0;2;8;15;B01
200900073158;0;30;0;0;2;1;13;A01
200900073159;0;7;0;0;1;1;1;A01
200900073160;0;7;0;7;0;1;19;A01
200900073161;0;7;0;16;0;1;0;A01
200900073162;0;33;0;0;2;1;2;B01
200900073162;0;7;0;0;2;4;2;A01
200900073163;0;7;0;0;1;4;20;A01
200900073164;0;7;0;0;2;1;1;B01
200900073164;0;7;0;0;2;7;19;A01
200900073165;0;7;0;3;0;7;14;A01
200900073166;0;7;0;0;2;2;17;A01
200900073166;0;7;0;0;2;6;1;B01
200900073167;0;7;0;0;0;9;1;A01
200900073168;0;7;0;0;2;4;2;B01
200900073168;0;7;0;0;2;1;2;A01
200900073169;0;7;0;0;2;2;13;A01
200900073169;0;10;0;0;2;3;1;B02
200900073170;0;7;0;0;2;8;10;A01
200900073170;0;33;0;0;2;1;2;B01
200900073171;0;30;0;0;2;1;5;B01
200900073171;0;7;0;0;2;1;5;A01
200900073172;0;7;0;0;2;3;15;A01
200900073172;0;7;0;0;2;2;1;B02
200900073204;0;37;1;0;2;3;1;B01
200900073204;0;7;0;0;2;8;15;A01
200900073205;0;7;0;0;2;2;17;A01
200900073205;0;7;0;0;2;6;1;B01
200900073206;0;7;0;0;2;1;1;B01
200900073206;0;10;0;0;2;3;15;A01
200900073207;0;1;0;0;2;3;10;A01
200900073207;0;31;0;0;9;1;1;B01
200900073208;0;30;0;0;2;1;1;A01
200900073208;0;7;0;0;2;3;1;B01
200900073209;0;7;0;0;2;1;1;A01
200900073209;0;10;0;0;2;4;24;B01