num_acc;senc;catv;occutc;obs;obsm;choc;manv;num_veh
200900073210;0;7;0;0;1;1;1;A01
200900073211;0;2;0;0;2;1;1;A01
200900073211;0;7;0;0;2;4;1;B01
200900073212;0;7;0;0;2;1;1;B01
200900073212;0;30;0;0;2;1;1;A01
200900073213;0;7;0;0;2;7;1;A01
200900073213;0;7;0;0;2;1;1;B01
200900073214;0;7;0;0;2;1;1;A01
200900073214;0;7;0;0;2;4;1;B01
200900073215;0;2;0;0;2;1;1;B01
200900073215;0;7;0;0;2;3;15;A01
200900073216;0;7;0;0;2;9;1;A01
200900073216;0;7;0;0;2;6;1;B01
200900073217;0;7;0;0;0;7;15;A01
200900073217;0;2;0;0;2;1;1;B01
200900073218;0;7;0;0;9;1;1;A01
200900073218;0;1;0;0;2;5;19;B01
200900073219;0;33;0;0;2;1;1;B01
200900073219;0;7;0;0;2;1;9;A01
200900073220;0;7;0;0;1;3;1;A01
200900073221;0;2;0;0;2;1;1;A01
200900073221;0;7;0;0;9;4;1;B01
200900073222;0;7;0;2;0;9;0;A01
200900073223;0;7;0;0;2;2;15;A01
200900073223;0;30;0;0;2;1;1;B02
200900073223;0;32;0;0;2;1;1;C03
200900073224;0;1;0;0;9;7;1;B02
200900073224;0;30;0;0;2;8;1;A01
200900073225;0;7;0;0;1;1;15;A01
200900073226;0;30;0;0;2;2;15;B02
200900073226;0;7;0;0;2;2;9;A01
200900073227;0;30;0;0;2;1;1;A01
200900073227;0;7;0;0;2;1;17;B02
200900073228;0;7;0;13;0;1;1;A01
200900073229;0;7;0;0;2;1;1;A01
200900073229;0;10;0;0;2;4;15;B01
200900073230;0;30;0;0;2;1;13;A01
200900073230;0;1;0;0;2;1;1;B02
200900073230;0;1;0;0;2;1;1;C03
200900073231;0;7;0;8;2;1;1;B02
200900073231;0;7;0;0;2;1;13;A01
200900073232;0;7;0;0;2;3;15;A01
200900073232;0;2;0;0;2;1;1;B01
200900073233;0;2;0;0;9;6;16;B01
200900073233;0;2;0;0;2;1;1;A01
200900073234;0;7;0;0;2;2;16;B02
200900073234;0;32;0;0;2;8;1;A01
200900073235;0;7;0;0;6;1;19;B01
200900073235;0;1;0;0;2;4;15;A01
200900073236;0;1;0;0;2;4;19;A01
200900073236;1;2;0;0;2;1;1;Z01
200900073237;0;10;0;0;2;2;2;B02
200900073237;0;1;0;0;2;8;13;A01
200900073238;0;1;0;0;2;1;1;B01
200900073238;0;7;0;0;9;1;16;A01
200900073239;0;7;0;0;2;7;20;A01
200900073239;0;7;0;0;2;1;1;B01
200900073240;0;7;0;0;2;1;17;A01
200900073240;0;7;0;0;2;1;2;C03
200900073240;0;7;0;0;2;2;2;B02
200900073241;0;7;0;0;9;5;15;A01
200900073241;0;2;0;0;2;9;1;B01
200900073242;0;7;0;0;0;3;0;B01
200900073242;0;2;0;0;2;3;1;A01
200900073243;0;2;0;0;0;1;0;B01
200900073243;0;7;0;0;9;3;0;A01
200900073244;0;2;0;0;1;1;1;A01
200900073245;0;7;0;0;9;8;0;B01
200900073245;0;2;0;0;2;1;1;A01
200900073246;0;7;0;0;1;1;1;A01
200900073247;0;2;0;0;1;1;5;A01
200900073248;0;2;0;0;2;1;1;B01
200900073248;0;7;0;0;9;7;19;A01
200900073249;0;10;0;16;0;0;2;A01
200900073250;0;7;0;0;2;3;9;A01
200900073250;0;2;0;0;2;1;17;B02
200900073251;0;7;0;0;2;8;18;A01
200900073251;0;31;0;0;2;7;1;B02
200900073252;0;14;0;0;2;3;1;A01
200900073252;2;14;0;0;2;2;17;C03
200900073252;0;30;0;0;2;4;2;B02
200900073253;0;10;0;0;1;2;1;A01
200900073254;0;7;0;0;1;0;15;A01
200900073255;0;7;0;0;1;1;1;A01
200900073256;0;2;0;0;2;1;1;B01
200900073256;0;7;0;0;2;2;15;A01
200900073257;0;1;0;0;2;4;19;B01
200900073257;0;7;0;0;9;2;1;A01
200900073258;0;2;0;0;2;1;1;B01
200900073258;0;7;0;0;9;2;15;A01
200900073259;0;2;0;0;2;1;1;B01
200900073259;0;7;0;0;0;2;15;A01
200900073260;0;7;0;0;9;1;1;A01
200900073260;0;1;0;0;2;1;19;B01
200900073261;0;7;0;0;2;2;15;A01
200900073261;0;2;0;0;2;1;1;B01
200900073262;0;7;0;0;1;2;1;A01
200900073263;2;7;0;0;9;0;0;A01
200900073263;0;2;0;0;2;7;16;B01
200900073264;0;7;0;13;0;7;21;C01
200900073264;0;31;0;0;2;1;1;B01
200900073264;0;7;0;0;2;1;1;D01
200900073264;0;7;0;0;2;1;21;A01
200900073265;0;2;0;0;2;1;17;B01
200900073265;0;7;0;0;2;6;13;A01
200900073266;1;7;0;0;9;2;14;A01
200900073266;0;1;0;0;2;4;1;B01
200900073267;0;7;0;0;9;2;1;A01
200900073267;0;1;0;0;2;0;1;B01
200900073268;0;7;0;0;2;5;15;A01
200900073268;0;2;0;0;2;1;1;B01
200900073269;0;2;0;0;2;1;10;A01
200900073269;0;7;0;0;2;1;1;B01
200900073270;0;1;0;0;2;1;19;B01
200900073270;0;7;0;0;9;8;15;A01
200900073271;0;7;0;0;2;8;15;B02
200900073271;1;31;0;0;2;7;15;A01
200900073272;0;7;0;0;1;1;15;A01
200900073273;0;7;0;0;9;1;9;A01
200900073273;0;1;0;0;2;1;1;B01
200900073274;0;7;0;2;1;1;1;A01
200900073275;0;2;0;0;2;1;9;A01
200900073275;0;7;0;0;9;1;1;B01
200900073276;0;30;0;0;2;3;15;B02
200900073276;0;30;0;0;2;1;17;A01
200900073277;0;7;0;0;2;1;1;A01
200900073277;0;7;0;0;2;1;5;B02
200900073278;0;7;0;16;0;0;1;A01
200900073279;0;7;0;0;2;6;19;A01
200900073279;0;30;0;0;2;1;1;B02
200900073280;0;1;0;0;2;0;1;A01
200900073281;2;30;0;0;1;1;1;A01
200900073282;0;10;0;0;2;3;14;A01
200900073282;0;1;0;0;2;2;0;B02
200900073283;0;30;0;0;0;1;1;B02
200900073283;0;7;0;0;0;1;16;A01
200900073284;0;7;0;0;2;8;23;C03
200900073284;0;30;0;0;2;1;1;B02
200900073284;0;13;0;0;2;1;15;A01
200900073285;0;7;0;0;2;1;1;A01
200900073285;0;1;0;0;2;7;15;B02
200900073286;0;7;0;0;2;1;1;A01
200900073286;0;7;0;0;2;1;1;B02
200900073287;0;7;0;0;2;3;15;A01
200900073287;1;30;0;0;2;1;16;B02
200900073288;0;7;0;0;2;1;1;B02
200900073288;0;10;0;0;2;1;5;A01
200900073289;0;7;0;13;2;7;21;A01
200900073290;0;31;0;0;2;9;1;A01
200900073290;0;7;0;0;9;1;1;B01
200900073291;0;7;0;0;9;2;15;A01
200900073291;0;2;0;0;0;1;18;B01
200900073292;0;2;0;0;2;9;1;B01
200900073292;0;7;0;0;2;2;13;A01
200900073293;0;2;0;0;2;4;1;A01
200900073293;0;33;0;0;9;4;23;B01
200900073294;0;2;0;0;2;2;19;A01
200900073294;0;7;0;0;2;1;1;B01
200900073295;0;2;0;0;1;1;1;A01
200900073296;0;7;0;0;0;1;2;A01
200900073296;0;31;0;0;0;5;1;B02
200900073297;0;10;0;0;1;4;1;A01
200900073298;0;7;0;0;2;3;1;B02
200900073298;0;7;0;0;2;3;13;A01
200900073299;0;7;0;0;2;2;1;B01
200900073299;0;7;0;0;2;1;1;C01
200900073299;0;7;0;0;2;8;1;A01
200900073300;0;7;0;0;0;1;16;A01
200900073300;0;33;0;0;0;0;5;B02
200900073301;0;33;0;0;2;7;17;A01
200900073301;0;7;0;0;2;6;1;B01
200900073302;0;7;0;16;0;0;1;A01
200900073303;0;7;0;4;0;9;13;A01
200900073304;0;30;0;0;2;1;1;B02
200900073304;0;7;0;0;2;2;15;A01
200900073305;0;7;0;0;0;6;15;B02
200900073305;0;30;0;0;2;1;17;A01
200900073306;0;7;0;0;2;4;2;C01
200900073306;0;7;0;0;2;1;2;A01
200900073306;0;7;0;0;2;4;2;B01
200900073307;0;7;0;10;0;1;1;A01
200900073308;0;34;0;0;2;8;15;B01
200900073308;0;7;0;0;2;1;1;A01
200900073309;0;31;0;0;2;1;2;A01
200900073309;0;7;0;0;2;4;0;B01
200900073310;0;7;0;0;2;1;1;A01
200900073310;0;14;0;0;2;2;9;B01
200900073311;0;7;0;0;9;2;17;A01
200900073311;0;1;0;0;0;4;1;B02
200900073312;0;37;1;0;1;7;20;A01
200900073313;0;7;0;13;0;1;1;A01
200900073314;0;30;0;0;2;1;15;A01
200900073314;0;7;0;0;2;3;1;B01
200900073315;0;30;0;0;2;1;1;B01
200900073315;0;7;0;0;2;1;5;A01
200900073316;0;7;0;0;2;8;1;B01
200900073316;0;7;0;0;2;0;17;A01
200900073317;0;7;0;0;0;9;0;A01
200900073318;0;7;0;0;2;1;1;A01
200900073318;0;7;0;0;2;1;13;B02
200900073319;0;14;0;0;2;3;2;A01
200900073319;0;14;0;0;2;2;2;B02
200900073320;0;7;0;0;1;1;1;A01
200900073321;0;7;0;0;2;8;1;D01
200900073321;0;33;0;0;2;7;3;A01
200900073321;0;7;0;0;2;8;1;B01
200900073321;0;7;0;0;2;6;1;C01
200900073322;0;7;0;0;1;1;15;A01
200900073323;0;7;0;0;1;1;1;A01
200900073324;0;7;0;0;2;8;17;A01
200900073324;0;7;0;0;2;8;0;B01
200900073325;0;1;0;0;2;4;2;B01
200900073325;2;32;0;0;9;4;2;A01
200900073326;0;1;0;0;2;1;21;B01
200900073326;0;7;0;0;9;7;20;A01
200900073327;0;30;0;0;1;1;1;A01
200900073328;0;7;0;5;0;0;1;A01
200900073329;0;30;0;0;2;6;15;B01
200900073329;0;7;0;0;2;3;1;A01
200900073330;0;7;0;0;2;3;15;B01
200900073330;0;7;0;0;2;1;17;A01
200900073331;0;30;0;8;0;1;16;A01
200900073332;1;2;0;0;1;1;1;A01
200900073333;0;7;0;13;0;1;1;A01
200900073333;1;7;0;0;0;0;1;B01
200900073334;0;7;0;0;2;4;1;B01
200900073334;0;7;0;0;2;1;2;A01
200900073335;0;7;0;0;2;7;16;B01
200900073335;0;32;0;0;2;1;18;A01
200900073336;0;7;0;0;2;4;0;D01
200900073336;0;7;0;0;2;4;2;E01
200900073336;0;7;0;0;2;1;2;A01
200900073336;0;7;0;0;2;4;2;C01
200900073336;0;7;0;0;2;4;2;B01
200900073337;0;7;0;0;2;8;13;B01
200900073337;0;30;0;0;2;7;17;A01
200900073338;0;7;0;3;0;2;1;A01
200900073339;0;7;0;15;0;8;1;A01
200900073340;0;7;0;4;0;1;1;A01
200900073341;0;7;0;0;2;1;1;B01
200900073341;0;7;0;0;2;1;13;A01
200900073342;0;31;0;12;0;8;0;A01
200900073343;0;10;0;0;2;1;1;A01
200900073343;0;10;0;0;2;2;15;B02
200900073344;0;7;0;0;1;3;1;A01
200900073345;0;7;0;0;2;3;19;C03
200900073345;0;7;0;0;2;1;1;A01
200900073345;0;33;0;0;2;1;1;B02
200900073346;0;7;0;0;0;1;15;A01
200900073346;0;30;0;0;0;1;1;B02
200900073347;0;2;0;14;0;9;1;A01
200900073348;0;7;0;0;0;1;20;A01
200900073348;0;33;0;0;0;1;1;B02
200900073349;0;30;0;0;1;0;13;A01
200900073350;0;7;0;0;2;7;17;A01
200900073350;0;30;0;0;2;3;1;B02
200900073351;0;30;0;0;0;3;11;A01
200900073351;0;30;0;0;0;2;1;B02
200900073352;0;14;0;0;1;7;21;A01
200900073353;0;10;0;8;0;2;1;A01
200900073354;0;7;0;0;1;2;2;A01
200900073355;0;10;0;0;2;3;19;A01
200900073355;0;33;0;0;2;1;1;B02
200900073356;0;33;0;12;0;1;1;A01
200900073357;0;33;0;0;2;1;1;B01
200900073357;0;7;0;0;2;3;15;A01
200900073358;0;33;0;1;0;1;1;A01
200900073359;0;1;0;0;2;1;2;A01
200900073359;0;7;0;0;9;5;23;B01
200900073360;0;7;0;0;1;3;1;A01
200900073361;0;2;0;0;2;1;1;B01
200900073361;0;7;0;1;2;8;10;A01
200900073362;0;2;0;0;2;8;17;B01
200900073362;0;10;0;0;9;7;15;A01
200900073363;0;32;0;0;2;1;13;A01
200900073363;0;7;0;0;2;2;21;B02
200900073364;0;30;0;0;2;7;1;B02
200900073364;0;7;0;0;2;3;19;A01
200900073365;1;7;0;0;9;3;15;B01
200900073365;0;33;0;0;2;1;1;A01
200900073366;0;7;0;0;2;2;15;A01
200900073366;0;2;0;0;2;1;1;B01
200900073367;0;1;0;0;0;0;1;B01
200900073367;0;7;0;0;0;0;2;A01
200900073368;0;2;0;0;2;1;1;B01
200900073368;0;2;0;0;2;1;15;A01
200900073369;0;7;0;0;2;3;15;A01
200900073369;0;2;0;0;2;1;1;B01
200900073370;0;2;0;0;2;1;15;B01
200900073370;0;7;0;0;2;1;19;A01
200900073371;0;2;0;0;2;1;1;B01
200900073371;0;7;0;0;9;3;15;A01
200900073372;0;7;0;0;2;3;13;A01
200900073372;0;10;0;0;2;3;1;B02
200900073373;0;30;0;0;0;4;13;A01
200900073373;0;7;0;0;2;2;17;B02
200900073374;0;30;0;0;2;1;13;B02
200900073374;0;7;0;0;0;6;15;A01
200900073375;0;7;0;0;2;3;15;A01
200900073375;0;2;0;0;2;9;1;B02
200900073376;0;7;0;13;0;9;13;A01
200900073377;0;2;0;0;2;3;15;B02
200900073377;0;10;0;0;2;2;2;A01
200900073378;0;7;0;0;2;3;1;B02
200900073378;0;7;0;0;2;2;1;C03
200900073378;0;7;0;0;2;3;1;D04
200900073378;0;7;0;0;2;3;13;A01
200900073379;0;1;0;0;0;6;0;B02
200900073379;0;14;0;0;0;0;1;A01
200900073380;0;1;0;0;2;0;1;A01
200900073380;1;99;0;0;2;0;0;B02
200900073381;0;2;0;0;2;1;18;A01
200900073381;0;7;0;0;9;7;16;B01
200900073382;0;2;0;0;2;1;1;B01
200900073382;0;10;0;0;9;1;9;A01
200900073383;0;7;0;0;2;4;23;B01
200900073383;0;7;0;0;2;1;2;A01
200900073384;0;30;0;0;2;1;1;B02
200900073384;0;10;0;0;0;5;20;A01
200900073385;0;37;1;0;9;8;17;A01
200900073385;0;1;0;0;2;8;1;B01
200900073386;0;2;0;0;0;0;0;B01
200900073386;0;7;0;0;9;5;0;A01
200900073387;0;7;0;1;9;1;1;B01
200900073387;0;2;0;0;2;1;9;A01
200900073388;0;2;0;0;2;1;1;B01
200900073388;0;7;0;0;9;7;15;A01
200900073389;0;1;0;0;2;1;16;A01
200900073389;0;2;0;0;9;2;1;B01
200900073390;0;7;0;0;2;2;1;A01
200900073390;0;2;0;0;2;1;17;B01
200900073391;0;7;0;0;9;2;1;B01
200900073391;0;1;0;0;2;8;1;A01
200900073392;0;7;0;0;2;1;2;A01
200900073392;0;7;0;0;2;4;2;B01
200900073392;0;7;0;0;2;2;2;C01
200900073393;0;2;0;0;2;1;1;B01
200900073393;0;7;0;0;2;1;15;A01
200900073394;0;1;0;0;2;1;1;B01
200900073394;0;7;0;0;2;7;17;A01
200900073395;0;2;0;0;1;1;1;A01
200900073396;0;30;0;0;1;0;1;B02
200900073396;0;10;0;0;2;7;13;A01
200900073397;0;7;0;0;9;0;0;A01
200900073397;0;1;0;0;2;0;0;B02
200900073398;0;14;0;0;0;1;1;B02
200900073398;0;7;0;0;2;2;13;A01
200900073399;0;33;0;0;2;1;1;A01
200900073399;0;1;0;0;2;7;15;B02
200900073400;0;1;0;0;2;1;2;A01
200900073400;0;7;0;0;0;4;1;B02
200900073401;0;7;0;0;1;2;1;A01
200900073402;0;7;0;0;1;0;1;A01
200900073403;0;7;0;0;2;2;10;A01
200900073403;0;31;0;0;2;1;1;B02
200900073404;0;1;0;1;0;1;2;A01
200900073404;0;7;0;0;9;6;23;B02
200900073405;0;30;0;0;2;1;13;A01
200900073405;0;7;0;0;2;3;1;B02
200900073406;0;1;0;0;0;0;0;A01
200900073406;0;10;0;0;9;6;15;B01
200900073407;0;2;0;0;1;1;1;A01
200900073408;0;7;0;0;2;3;16;A01
200900073408;0;2;0;0;2;7;1;B01
200900073409;0;7;0;0;9;3;1;A01
200900073409;0;1;0;0;2;4;15;B01
200900073410;0;7;0;0;9;1;15;A01
200900073410;0;2;0;0;2;1;1;B01
200900073411;0;10;0;0;0;0;0;A01
200900073411;0;37;1;0;0;6;1;B01
200900073411;0;2;0;0;0;1;1;C01
200900073412;0;7;0;0;2;8;15;B01
200900073412;0;2;0;0;2;1;17;A01
200900073413;0;1;0;0;2;1;1;B01
200900073413;0;10;0;0;9;7;16;A01
200900073414;0;7;0;0;0;7;15;A01
200900073414;0;2;0;0;2;1;1;B01
200900073415;0;7;0;0;1;1;1;A01
200900073416;0;7;0;0;9;0;1;A01
200900073416;0;2;0;0;2;9;1;B01
200900073417;0;7;0;0;2;3;5;A01
200900073417;0;7;0;0;2;3;23;B02
200900073418;0;7;0;0;2;1;1;B02
200900073418;0;33;0;0;2;1;1;A01
200900073419;0;7;0;0;2;3;13;A01
200900073419;0;7;0;0;2;3;1;B02
200900073420;0;10;0;0;2;4;20;A01
200900073420;0;7;0;0;2;1;1;B02
200900073421;0;10;0;0;2;1;1;B02
200900073421;0;33;0;0;2;1;13;A01
200900073422;0;2;0;12;0;1;5;A01
200900073423;0;7;0;2;0;0;0;A01
200900073424;0;7;0;0;2;4;1;D04
200900073424;0;10;0;0;2;1;1;E05
200900073424;0;10;0;0;2;8;21;B02
200900073424;0;7;0;0;2;1;11;A01
200900073424;0;7;0;0;9;1;21;C03
200900073425;0;7;0;0;0;5;16;B02
200900073425;0;30;0;0;2;1;18;A01
200900073426;0;2;0;0;2;1;1;A01
200900073426;0;7;0;0;9;4;1;B01
200900073427;0;33;0;0;2;1;0;B01
200900073427;0;7;0;0;9;7;1;A01
200900073428;0;2;0;0;2;1;0;B01
200900073428;0;7;0;0;9;3;0;A01
200900073429;0;7;0;0;2;1;16;A01
200900073429;0;7;0;0;2;1;5;B01
200900073430;0;7;0;0;2;0;0;A01
200900073430;0;7;0;0;2;0;0;B01
200900073431;0;7;0;0;2;6;15;A01
200900073431;0;30;0;1;0;1;0;B02
200900073432;0;7;0;0;2;3;1;B02
200900073432;0;2;0;0;2;1;13;A01
200900073433;0;1;0;0;2;1;19;A01
200900073433;0;10;0;0;9;5;0;B02
200900073434;0;7;0;0;2;2;1;A01
200900073434;0;1;0;0;0;3;9;B02
200900073435;0;10;0;0;0;1;1;B02
200900073435;0;33;0;0;2;1;1;A01
200900073436;0;15;0;0;2;3;1;B02
200900073436;0;10;0;0;2;1;5;A01
200900073437;0;2;0;0;2;1;1;B02
200900073437;0;7;0;0;2;8;19;A01
200900073438;0;7;0;0;2;3;1;B02
200900073438;0;7;0;0;0;2;13;A01
200900073439;0;7;0;0;1;2;14;A01
200900073440;0;7;0;13;1;2;14;A01
200900073441;1;30;0;0;1;1;1;A01
200900073442;0;7;0;0;1;3;1;A01
200900073443;0;7;0;4;0;1;1;A01
200900073444;0;7;0;0;2;3;13;A01
200900073444;0;7;0;0;2;3;1;B02
200900073444;0;7;0;0;2;2;23;C03
200900073445;0;1;0;0;0;1;2;B02
200900073445;0;2;0;0;0;0;2;A01
200900073446;0;10;0;0;2;3;1;A01
200900073446;0;31;0;0;2;1;13;B02
200900073447;0;10;0;0;2;1;1;B02
200900073447;0;7;0;0;2;1;1;A01
200900073448;0;7;0;0;0;3;2;B02
200900073448;0;10;0;0;0;3;1;D04
200900073448;0;30;0;0;0;5;17;A01
200900073448;0;7;0;0;0;8;1;C03
200900073449;0;7;0;0;2;1;1;A01
200900073449;0;30;0;0;2;1;1;B01
200900073450;0;33;0;12;0;9;1;A01
200900073451;0;7;0;0;2;1;1;A01
200900073451;0;1;0;0;2;1;1;B01
200900073452;0;7;0;0;9;1;0;A01
200900073453;0;7;0;0;1;1;0;A01
200900073453;0;1;0;0;2;0;0;B01
200900073454;0;10;0;4;0;9;2;A01
200900073455;0;7;0;1;0;9;0;A01
200900073456;0;7;0;0;0;1;0;A01
200900073456;0;7;0;0;0;0;0;B01
200900073457;2;7;0;0;1;0;15;A01
200900073458;0;7;0;0;2;4;2;B01
200900073458;0;7;0;0;2;1;2;A01
200900073459;0;7;0;0;2;2;0;C01
200900073459;0;7;0;0;2;1;1;B01
200900073459;0;7;0;0;2;1;18;A01
200900073460;0;7;0;0;0;0;0;B01
200900073460;0;7;0;0;0;0;0;A01
200900073461;0;2;0;0;1;1;0;A01
200900073462;0;7;0;0;2;9;2;B01
200900073462;0;7;0;0;2;4;2;C01
200900073462;0;7;0;0;2;1;2;A01
200900073463;0;7;0;0;2;3;1;B01
200900073463;0;30;0;1;2;9;5;A01
200900073464;0;7;0;0;2;7;2;B01
200900073464;0;34;0;0;2;0;0;A01
200900073465;0;33;0;0;0;7;0;A01
200900073465;0;7;0;0;0;1;0;B01
200900073466;1;7;0;0;1;0;0;A01
200900073467;0;1;0;0;9;0;1;B01
200900073467;1;7;0;0;9;1;9;A01
200900073468;0;3;0;0;1;2;1;A01
200900073469;0;1;0;0;2;1;0;B01
200900073469;0;7;0;0;0;0;9;A01
200900073470;2;2;0;0;0;0;0;A01
200900073470;0;7;0;0;0;0;0;B01
200900073471;0;33;0;0;2;2;17;A01
200900073471;0;7;0;0;2;6;2;C01
200900073471;0;33;0;0;2;0;17;B01
200900073472;0;7;0;0;1;2;0;A01
200900073473;0;7;0;0;0;1;0;A01
200900073473;0;7;0;0;0;8;0;B01
200900073474;0;7;0;0;9;0;0;A01
200900073475;0;7;0;0;0;7;0;A01
200900073475;0;33;0;0;0;3;0;B01
200900073476;0;7;0;0;2;2;9;B01
200900073476;0;7;0;0;2;8;1;A01
200900073477;0;7;0;0;0;1;0;A01
200900073477;0;7;0;0;0;1;0;B01
200900073478;0;7;0;0;2;1;1;B01
200900073478;0;2;0;0;2;4;9;A01
200900073479;0;7;0;13;0;9;6;A01
200900073480;0;7;0;0;1;4;14;A01
200900073481;0;7;0;0;0;2;0;A01
200900073481;0;7;0;0;0;9;0;B01
200900073482;0;7;0;0;2;1;5;B01
200900073482;0;30;0;0;2;1;5;A01
200900073483;0;7;0;0;0;0;0;A01
200900073483;0;1;0;0;2;4;0;B01
200900073484;0;7;0;0;2;4;0;A01
200900073484;0;10;0;0;2;3;0;B01
200900073485;0;30;0;0;0;0;0;B01
200900073485;0;7;0;0;0;0;0;A01
200900073486;0;7;0;0;0;0;0;A01
200900073487;1;30;0;0;1;0;0;A01
200900073488;0;7;0;0;0;4;0;D01
200900073488;0;31;0;0;0;1;0;E01
200900073488;0;7;0;0;0;1;0;A01
200900073488;0;7;0;0;0;4;0;C01
200900073488;0;7;0;0;0;4;0;B01
200900073489;0;30;0;0;2;9;0;A01
200900073489;0;7;0;0;2;3;0;B01
200900073490;0;7;0;0;2;1;9;B01
200900073490;0;7;0;0;2;1;1;A01
200900073491;0;7;0;0;0;1;0;A01
200900073491;0;30;0;0;0;0;0;B01
200900073492;0;30;0;0;0;1;0;B01
200900073492;0;7;0;0;0;8;0;A01
200900073493;0;7;0;0;2;8;15;B01
200900073493;0;31;0;0;2;1;1;A01
200900073494;0;7;0;0;0;4;0;B01
200900073494;1;7;0;0;0;0;0;A01
200900073495;0;7;0;0;9;1;0;A01
200900073495;0;1;0;0;0;0;0;B01
200900073496;0;7;0;0;2;1;2;A01
200900073496;0;7;0;0;2;1;9;C01
200900073496;0;7;0;0;2;4;2;B01
200900073497;0;7;0;0;0;9;0;C01
200900073497;0;7;0;0;0;1;0;A01
200900073497;0;7;0;0;0;9;0;B01
200900073498;0;31;0;0;0;1;0;B01
200900073498;0;7;0;0;2;6;1;A01
200900073499;0;7;0;0;0;1;0;A01
200900073499;0;7;0;0;0;1;0;B01
200900073500;0;7;0;0;1;0;0;A01
200900073501;2;30;0;0;2;0;0;B01
200900073501;1;7;0;0;0;0;0;A01
200900073502;1;30;0;0;1;0;1;A01
200900073503;0;7;0;0;0;1;0;A01
200900073503;0;7;0;0;0;3;0;B01
200900073504;0;7;0;0;1;0;1;A01
200900073505;0;7;0;0;2;3;1;B01
200900073505;0;10;0;0;2;1;1;A01
200900073506;0;1;0;0;0;4;0;B01
200900073506;0;1;0;0;0;0;0;C01
200900073506;0;30;0;0;0;1;0;A01
200900073507;0;7;0;0;0;1;0;A01
200900073507;0;7;0;0;0;0;0;B01
200900073508;1;7;0;0;0;0;0;B01
200900073508;0;30;0;0;0;1;0;A01
200900073509;0;7;0;0;0;0;0;A01
200900073509;0;32;0;0;0;0;0;B01
200900073510;0;7;0;0;0;0;0;A01
200900073511;0;32;0;0;0;1;0;A01
200900073512;0;7;0;3;2;9;0;B01
200900073512;0;10;0;0;2;2;0;A01
200900073513;0;7;0;0;2;1;1;A01
200900073513;0;7;0;1;2;9;0;C01
200900073513;0;7;0;0;1;9;1;B01
200900073514;0;7;0;0;2;9;1;B01
200900073514;0;1;0;0;2;0;9;A01
200900073515;0;7;0;0;1;0;0;A01
200900073516;0;7;0;0;1;8;1;A01
200900073517;0;7;0;0;2;5;15;A01
200900073517;0;2;0;0;2;1;1;B02
200900073518;0;30;0;9;0;1;1;A01
200900073518;0;33;0;9;0;1;1;B02
200900073519;0;2;0;0;2;5;1;B02
200900073519;0;7;0;0;2;2;1;A01
200900073520;0;7;0;2;0;3;1;A01
200900073521;2;7;0;0;0;1;1;C03
200900073521;0;30;0;0;2;2;21;A01
200900073521;2;7;0;0;2;3;19;B02
200900073522;0;7;0;0;2;3;1;B02
200900073522;0;7;0;0;2;7;13;A01
200900073523;0;7;0;0;9;3;1;A01
200900073523;0;1;0;0;2;1;1;B02
200900073524;0;7;0;1;1;1;12;B02
200900073524;0;7;0;0;2;4;24;A01
200900073525;0;30;0;0;2;1;1;A01
200900073525;0;10;0;0;2;3;1;B02
200900073526;0;7;0;0;2;8;10;A01
200900073526;0;33;0;0;2;1;17;B02
200900073527;0;7;0;0;2;3;1;B02
200900073527;0;36;0;0;2;1;17;A01
200900073528;1;7;0;0;1;2;1;A01
200900073529;0;2;0;14;0;0;1;A01
200900073530;0;30;0;0;0;0;14;A01
200900073531;0;7;0;0;0;8;19;A01
200900073531;0;2;0;0;2;1;1;B02
200900073532;0;7;0;0;1;3;1;A01
200900073533;0;7;0;6;0;9;1;A01
200900073534;0;7;0;0;0;8;1;C03
200900073534;0;7;0;0;2;3;1;B02
200900073534;0;7;0;0;2;3;17;A01
200900073535;0;7;0;0;2;0;1;B02
200900073535;0;3;0;0;2;0;15;C03
200900073535;0;7;0;0;2;0;17;A01
200900073536;0;30;0;14;0;1;1;A01
200900073537;0;7;0;8;0;7;1;A01
200900073538;0;30;0;0;0;4;20;B02
200900073538;0;7;0;1;2;1;1;A01
200900073539;0;10;0;0;2;8;1;B02
200900073539;0;35;0;0;2;0;14;A01
200900073540;0;7;0;0;2;3;13;A01
200900073540;0;7;0;0;2;1;21;B02
200900073541;0;7;0;0;2;8;15;A01
200900073541;0;7;0;0;2;1;1;B02
200900073542;0;7;0;0;9;2;15;B02
200900073542;0;1;0;0;0;0;1;A01
200900073543;0;7;0;0;9;2;1;B02
200900073543;0;31;0;0;2;1;0;A01
200900073544;0;7;0;0;0;4;0;C01
200900073544;0;7;0;0;0;4;0;D01
200900073544;0;7;0;0;0;0;0;B01
200900073544;0;7;0;0;0;1;0;A01
200900073545;0;7;0;1;2;4;24;A01
200900073545;0;2;0;1;2;1;1;B01
200900073546;0;7;0;0;0;1;0;D01
200900073546;0;7;0;0;0;0;0;E01
200900073546;0;7;0;0;0;0;0;B01
200900073546;0;7;0;0;0;0;0;F02
200900073546;0;7;0;0;0;0;0;A01
200900073547;1;7;0;0;0;0;11;B01
200900073547;0;7;0;3;0;9;1;A01
200900073548;0;7;0;0;2;1;1;C01
200900073548;0;7;0;0;2;1;9;B01
200900073548;0;7;0;0;2;1;1;A01
200900073549;0;31;0;0;2;7;15;A01