num_acc;senc;catv;occutc;obs;obsm;choc;manv;num_veh
200900073549;0;32;0;0;2;1;1;B02
200900073550;0;7;0;0;2;7;9;A01
200900073550;0;7;0;0;2;1;1;B01
200900073551;0;7;0;0;0;0;0;A01
200900073552;0;7;0;0;0;4;1;B01
200900073552;0;7;0;0;2;1;1;A01
200900073553;0;7;0;0;9;9;0;A01
200900073554;0;7;0;0;0;4;1;B01
200900073554;0;33;0;0;2;1;2;A01
200900073555;0;7;0;0;2;9;1;B01
200900073555;0;7;0;0;2;4;11;A01
200900073556;0;30;0;0;2;8;1;B02
200900073556;0;10;0;0;2;2;17;A01
200900073557;0;30;0;0;2;9;1;B01
200900073557;0;7;0;0;2;1;0;A01
200900073558;0;7;0;6;0;1;0;A01
200900073559;0;30;0;0;2;4;2;B01
200900073559;0;99;0;0;2;1;2;A01
200900073560;0;30;0;0;2;3;18;B01
200900073560;0;7;0;0;2;3;15;A01
200900073561;0;30;0;0;2;3;3;A01
200900073561;0;7;0;0;2;3;2;B01
200900073562;0;2;0;0;2;4;13;B01
200900073562;0;30;0;0;2;1;0;A01
200900073563;0;10;0;0;1;1;1;A01
200900073564;0;7;0;0;0;1;0;A01
200900073564;0;7;0;0;0;1;0;B01
200900073565;1;30;0;0;1;8;1;A01
200900073566;0;7;0;0;1;1;1;A01
200900073567;0;7;0;0;0;1;0;A01
200900073567;2;32;0;0;0;9;0;B01
200900073568;0;33;0;1;0;1;0;A01
200900073569;0;7;0;0;1;1;1;A01
200900073570;0;7;0;0;1;2;1;A01
200900073571;1;7;0;0;0;0;0;A01
200900073572;0;30;0;0;0;0;0;A01
200900073573;0;7;0;0;1;0;0;A01
200900073574;0;7;0;0;0;1;0;A01
200900073575;0;1;0;0;0;0;0;B01
200900073575;0;7;0;0;0;2;0;A01
200900073576;0;33;0;0;0;0;0;B01
200900073576;0;7;0;0;0;0;0;A01
200900073577;0;7;0;1;0;1;0;A01
200900073578;0;7;0;0;0;1;0;A01
200900073579;0;7;0;0;0;9;0;A01
200900073580;0;33;0;0;0;8;0;B01
200900073580;0;32;0;0;0;1;0;A01
200900073580;0;7;0;0;0;3;0;D01
200900073580;0;7;0;0;0;4;0;C01
200900073580;0;7;0;0;0;0;0;E01
200900073581;0;36;0;0;0;9;1;A01
200900073581;0;7;0;0;0;1;0;B01
200900073582;0;7;0;0;2;4;1;A01
200900073582;0;10;0;0;2;4;15;B01
200900073583;0;7;0;0;2;1;21;B01
200900073583;0;31;0;12;2;1;16;A01
200900073584;0;7;0;0;0;2;0;A01
200900073584;0;7;0;0;0;1;0;B01
200900073585;0;1;0;0;6;0;0;B01
200900073585;0;99;0;0;9;0;0;A01
200900073586;0;1;0;0;2;8;1;A01
200900073586;0;7;0;0;9;0;1;B01
200900073587;0;7;0;0;0;8;15;B02
200900073587;0;7;0;0;2;1;1;A01
200900073588;0;30;0;0;0;8;2;A01
200900073588;0;10;0;0;0;2;0;B02
200900073589;0;33;0;0;2;2;1;B02
200900073589;0;30;0;0;2;3;15;A01
200900073590;0;7;0;0;0;2;17;B02
200900073590;0;7;0;0;0;8;15;A01
200900073591;0;7;0;0;2;1;11;A01
200900073591;0;7;0;0;2;3;1;B02
200900073592;0;7;0;0;0;2;2;A01
200900073592;0;1;0;0;0;4;2;B02
200900073593;0;10;0;0;1;0;1;A01
200900073594;0;7;0;8;0;2;14;A01
200900073595;0;33;0;0;2;1;1;B02
200900073595;0;7;0;0;2;2;15;A01
200900073596;0;7;0;0;0;3;1;B02
200900073596;0;7;0;0;0;8;1;A01
200900073597;0;33;0;0;2;1;0;B01
200900073597;0;7;0;0;9;3;0;A01
200900073598;0;2;0;0;2;7;0;B01
200900073598;1;7;0;0;0;0;0;A01
200900073599;0;2;0;0;9;7;0;A01
200900073599;0;1;0;0;9;1;0;B01
200900073600;0;2;0;3;0;1;17;A01
200900073601;0;7;0;0;9;1;0;B01
200900073601;0;2;0;0;2;1;0;A01
200900073602;0;2;0;0;2;1;0;B01
200900073602;0;7;0;0;9;1;0;A01
200900073603;0;2;0;0;2;1;0;B01
200900073603;0;7;0;0;9;3;0;A01
200900073604;0;7;0;0;9;1;0;B01
200900073604;0;33;0;0;2;1;0;A01
200900073605;0;7;0;0;9;8;0;A01
200900073605;0;2;0;0;2;1;0;B01
200900073606;0;7;0;0;9;4;0;B01
200900073606;0;2;0;0;2;8;0;A01
200900073607;0;2;0;0;2;1;0;B01
200900073607;0;7;0;0;9;1;0;A01
200900073608;0;1;0;0;2;1;1;B01
200900073608;0;7;0;0;9;1;0;A01
200900073609;0;7;0;0;9;0;0;A01
200900073610;0;33;0;0;2;1;0;A01
200900073610;0;7;0;0;9;1;0;B01
200900073611;0;30;0;0;9;1;1;A01
200900073611;2;1;0;0;2;1;5;B01
200900073612;0;2;0;0;2;1;1;B01
200900073612;0;10;0;0;2;1;15;A01
200900073613;0;2;0;0;2;8;0;B01
200900073613;0;10;0;0;9;7;0;A01
200900073614;0;2;0;0;2;1;1;B01
200900073614;0;7;0;0;9;3;15;A01
200900073615;0;2;0;0;2;1;1;B01
200900073615;0;7;0;0;2;2;15;A01
200900073616;0;7;0;0;9;5;0;A01
200900073616;0;2;0;0;2;1;0;B01
200900073617;0;7;0;0;9;6;0;B01
200900073617;0;2;0;0;2;7;0;A01
200900073618;0;7;0;0;9;1;9;A01
200900073618;0;1;0;0;2;7;1;B01
200900073619;1;7;0;0;0;0;1;A01
200900073620;0;7;0;0;2;1;1;B01
200900073620;0;2;0;0;2;1;17;A01
200900073621;0;7;0;0;2;8;15;A01
200900073621;0;2;0;0;2;1;1;B01
200900073622;0;10;0;0;1;6;1;A01
200900073623;0;1;0;0;2;1;0;A01
200900073623;0;7;0;0;9;1;0;B01
200900073624;0;7;0;0;9;0;0;A01
200900073624;0;1;0;0;2;0;0;B01
200900073625;0;7;0;0;2;1;1;A01
200900073625;0;7;0;0;2;8;0;C01
200900073625;0;7;0;0;2;1;0;B01
200900073626;0;7;0;0;2;3;1;C01
200900073626;0;7;0;0;2;3;1;B01
200900073626;0;7;0;0;2;6;9;A01
200900073627;0;7;0;1;0;1;0;A01
200900073628;0;2;0;0;2;1;1;B01
200900073628;0;7;0;0;2;2;1;A01
200900073629;0;30;0;0;2;2;17;A01
200900073629;0;7;0;0;2;8;1;B01
200900073630;0;7;0;0;2;7;1;A01
200900073630;0;2;0;0;2;1;1;B01
200900073631;0;10;0;0;2;1;1;A01
200900073631;0;2;0;0;2;3;1;B01
200900073632;0;2;0;14;0;0;0;A01
200900073633;0;7;0;0;1;1;1;A01
200900073634;0;7;0;0;2;3;15;B01
200900073634;0;33;0;0;2;1;17;A01
200900073635;0;7;0;0;2;4;1;B01
200900073635;0;7;0;0;2;1;1;A01
200900073636;0;7;0;0;1;1;1;A01
200900073637;0;2;0;4;0;1;1;A01
200900073638;0;2;0;0;2;7;1;B01
200900073638;0;7;0;0;2;3;1;A01
200900073639;0;7;0;0;1;1;1;A01
200900073640;0;33;0;0;2;1;1;B01
200900073640;0;7;0;0;2;8;15;A01
200900073641;0;7;0;0;1;1;1;A01
200900073642;0;7;0;16;0;2;13;A01
200900073643;0;7;0;0;1;3;21;A01
200900073644;0;30;0;0;0;0;1;A01
200900073645;0;30;0;0;2;1;1;B02
200900073645;0;10;0;0;2;2;19;A01
200900073646;0;7;0;0;2;3;19;A01
200900073646;0;33;0;0;2;8;1;B02
200900073647;0;7;0;0;2;1;1;B02
200900073647;0;7;0;0;2;1;13;A01
200900073648;0;7;0;4;0;2;1;A01
200900073649;0;33;0;0;2;3;1;B02
200900073649;0;7;0;0;2;5;4;A01
200900073650;0;7;0;16;1;2;14;A01
200900073651;0;30;0;13;0;1;1;A01
200900073652;0;7;0;0;0;0;1;A01
200900073653;0;7;0;12;1;3;1;A01
200900073654;0;7;0;0;2;8;15;A01
200900073654;0;2;0;0;2;1;2;B01
200900073655;0;7;0;0;2;4;1;B01
200900073655;0;7;0;0;2;1;1;A01
200900073656;0;2;0;0;0;0;1;B01
200900073656;0;7;0;0;0;0;16;A01
200900073657;0;7;0;0;2;1;1;B01
200900073657;0;7;0;0;2;1;1;A01
200900073658;0;7;0;0;2;2;1;A01
200900073658;0;1;0;0;2;1;1;B01
200900073659;0;7;0;0;2;2;9;A01
200900073659;0;7;0;0;2;3;1;B01
200900073660;0;7;0;0;1;3;1;A01
200900073661;0;7;0;0;1;2;1;A01
200900073662;0;7;0;0;9;3;9;A01
200900073662;0;2;0;0;2;1;1;B01
200900073663;0;7;0;0;2;1;1;B01
200900073663;0;7;0;0;2;1;5;A01
200900073664;0;30;0;0;2;1;1;A01
200900073664;0;7;0;0;2;1;1;B01
200900073665;0;7;0;0;2;8;13;A01
200900073665;0;7;0;0;2;7;1;B01
200900073666;0;2;0;0;0;0;1;A01
200900073667;0;7;0;0;9;2;9;A01
200900073667;0;2;0;0;2;8;1;B01
200900073668;0;7;0;0;1;8;1;A01
200900073669;0;7;0;0;1;2;16;A01
200900073670;0;7;0;0;2;2;15;A01
200900073670;0;1;0;0;2;3;1;B01
200900073671;0;7;0;0;1;1;1;A01
200900073672;0;33;0;0;0;0;1;A01
200900073673;0;31;0;0;2;1;1;A01
200900073673;0;7;0;0;9;6;9;B01
200900073674;1;7;0;0;1;1;1;A01
200900073675;0;7;0;0;1;1;1;A01
200900073676;0;10;0;0;1;2;1;A01
200900073677;0;1;0;0;2;4;0;B01
200900073677;0;7;0;0;9;3;20;A01
200900073678;0;7;0;6;0;1;0;A01
200900073679;0;7;0;0;2;1;20;A01
200900073679;0;31;0;1;2;7;1;C01
200900073679;0;7;0;0;2;4;24;B01
200900073680;0;1;0;0;2;4;13;A01
200900073680;0;7;0;0;9;7;1;B01
200900073681;0;2;0;6;9;0;18;A01
200900073681;0;21;0;0;0;0;2;B01
200900073682;0;7;0;0;2;3;1;B01
200900073682;0;1;0;0;2;1;12;A01
200900073683;2;7;0;15;0;1;1;A01
200900073684;0;30;0;0;0;7;1;A01
200900073685;0;7;0;0;1;3;1;A01
200900073686;0;7;0;0;1;1;1;A01
200900073687;0;7;0;0;2;3;1;B02
200900073687;0;30;0;0;2;1;13;A01
200900073688;0;7;0;3;0;1;1;A01
200900073689;0;7;0;0;2;8;15;A01
200900073689;0;1;0;0;2;1;17;B01
200900073690;0;2;0;0;2;1;0;A01
200900073690;0;2;0;0;2;4;0;B01
200900073691;0;1;0;0;0;0;0;A01
200900073692;0;7;0;0;0;1;0;B01
200900073692;0;7;0;0;0;4;1;C01
200900073692;0;7;0;0;2;1;1;A01
200900073693;0;7;0;0;2;1;1;A01
200900073694;0;7;0;0;2;4;1;B01
200900073694;0;7;0;0;2;1;1;A01
200900073695;0;2;0;4;0;1;0;A01
200900073696;0;31;0;0;2;1;1;A01
200900073696;0;10;0;0;2;4;1;B01
200900073697;0;32;0;0;2;3;1;B02
200900073697;0;33;0;0;2;3;17;A01
200900073698;0;7;0;0;2;4;23;A01
200900073698;0;7;0;1;0;2;1;B02
200900073699;0;7;0;0;2;2;0;A01
200900073699;0;7;0;0;2;1;0;B01
200900073768;0;30;0;0;4;9;1;B01
200900073768;0;7;0;0;2;9;2;A01
200900073769;0;2;0;0;0;0;0;A01
200900073769;0;7;0;0;0;0;0;B01
200900073770;0;7;0;0;1;0;19;A01
200900073771;0;7;0;0;2;1;2;A01
200900073771;0;7;0;0;2;4;2;B01
200900073772;0;33;0;0;2;9;1;B01
200900073772;0;7;0;0;2;1;9;A01
200900073773;1;7;0;0;0;0;0;B01
200900073773;0;30;0;0;2;5;0;A01
200900073774;0;32;0;0;0;7;0;A01
200900073775;0;7;0;0;2;9;5;A01
200900073775;0;33;0;0;2;9;1;B01
200900073776;0;7;0;0;0;1;0;A01
200900073776;0;7;0;0;0;4;0;B01
200900073777;0;7;0;0;0;2;0;A01
200900073777;0;7;0;0;0;2;0;B01
200900073778;0;7;0;0;2;1;0;A01
200900073778;0;7;0;0;2;8;5;C01
200900073778;0;7;0;0;2;4;2;B01
200900073779;0;7;0;0;0;0;0;A01
200900073779;0;7;0;0;0;1;0;B01
200900073780;0;7;0;0;0;3;0;B01
200900073780;0;31;0;0;2;3;0;A01
200900073781;0;7;0;0;0;1;0;A01
200900073782;0;7;0;0;0;3;9;A01
200900073782;0;33;0;0;2;0;0;B01
200900073783;0;7;0;4;0;9;13;A01
200900073784;0;7;0;0;1;0;0;A01
200900073785;0;10;0;0;2;7;15;A01
200900073785;0;33;0;0;2;1;1;B02
200900073786;0;31;0;0;2;1;13;A01
200900073786;0;7;0;0;2;3;1;B01
200900073787;0;7;0;0;2;1;1;B01
200900073787;0;7;0;0;1;1;1;A01
200900073788;0;33;0;0;2;8;16;B01
200900073788;0;7;0;0;2;2;16;A01
200900073789;0;31;0;8;2;1;21;A01
200900073789;0;7;0;0;0;0;1;B02
200900073790;0;7;0;0;2;3;0;B02
200900073790;0;7;0;0;2;8;1;C03
200900073790;0;7;0;0;2;3;13;A01
200900073791;0;33;0;0;2;3;13;A01
200900073791;0;7;0;0;2;3;1;B02
200900073792;0;7;0;0;2;3;1;B01
200900073792;0;7;0;0;2;3;13;A01
200900073793;0;31;0;0;2;1;17;B02
200900073793;0;7;0;0;0;3;15;A01
200900073794;0;7;0;8;0;3;1;A01
200900073795;0;10;0;0;2;5;1;B02
200900073795;0;1;0;0;2;2;13;A01
200900073796;0;7;0;0;2;1;1;A01
200900073796;0;7;0;0;2;1;1;B01
200900073797;0;7;0;0;0;1;0;B01
200900073797;0;7;0;0;2;1;1;A01
200900073798;0;7;0;0;2;1;1;B02
200900073798;0;7;0;0;2;2;1;A01
200900073799;0;7;0;5;0;9;1;A01
200900073800;0;7;0;0;2;8;1;B01
200900073800;0;30;0;0;2;0;0;A01
200900073801;0;7;0;12;0;2;14;A01
200900073802;0;7;0;4;0;9;17;A01
200900073803;0;10;0;0;9;1;1;A01
200900073803;0;1;0;0;2;0;15;B01
200900073804;0;31;0;16;0;0;0;A01
200900073805;0;7;0;0;2;1;15;B01
200900073805;0;7;0;0;2;2;1;A01
200900073806;0;17;0;0;2;3;1;B02
200900073806;0;7;0;0;2;3;13;A01
200900073807;0;7;0;0;2;9;17;A01
200900073807;0;7;0;0;2;8;1;B01
200900073808;0;7;0;0;2;2;19;A01
200900073808;0;7;0;0;2;3;1;B02
200900073809;0;7;0;9;1;6;10;A01
200900073810;0;7;0;0;2;3;1;B01
200900073810;0;7;0;0;2;3;0;A01
200900073811;0;31;0;16;0;8;21;A01
200900073812;0;30;0;1;0;1;14;A01
200900073813;0;30;0;0;2;1;13;A01
200900073813;0;10;0;0;2;2;1;B02
200900073814;0;7;0;0;2;1;1;C01
200900073814;0;7;0;0;2;4;1;A01
200900073814;0;7;0;0;2;4;2;B01
200900073815;0;7;0;0;2;3;1;B01
200900073815;0;7;0;0;2;3;15;A01
200900073816;0;7;0;0;2;6;1;B01
200900073816;0;33;0;0;2;1;14;A01
200900073817;0;30;0;0;2;1;13;A01
200900073817;0;7;0;0;2;1;1;B02
200900073818;0;7;0;0;1;7;2;A01
200900073818;0;1;0;0;2;8;2;B01
200900073819;0;30;0;0;2;1;1;B02
200900073819;0;14;0;0;2;5;15;A01
200900073820;0;32;0;0;2;1;21;B02
200900073820;0;7;0;0;2;3;15;A01
200900073821;0;2;0;1;0;1;2;A01
200900073822;0;7;0;13;0;9;20;A01
200900073823;0;7;0;0;2;1;1;B01
200900073823;0;31;0;0;2;1;13;A01
200900073824;0;7;0;0;2;4;1;B01
200900073824;0;1;0;0;2;1;2;A01
200900073825;2;7;0;0;0;8;5;A01
200900073825;0;31;0;0;2;3;1;B02
200900073826;0;30;0;13;0;2;14;A01
200900073827;0;7;0;0;2;1;1;B01
200900073827;2;7;0;0;2;1;13;A01
200900073828;1;33;0;0;1;1;0;A01
200900073829;0;7;0;0;2;1;2;B01
200900073829;0;7;0;0;2;4;2;A01
200900073830;0;13;0;10;0;0;1;A01
200900073831;0;7;0;0;9;0;1;C01
200900073831;0;7;0;0;2;3;5;A01
200900073831;0;7;0;0;2;3;1;B01
200900073832;0;7;0;4;0;9;1;A01
200900073832;0;7;0;10;9;3;1;C01
200900073832;0;7;0;0;0;0;11;B01
200900073833;0;7;0;0;9;1;1;A01
200900073833;0;1;0;0;2;1;0;B01
200900073834;0;7;0;0;2;1;15;A01
200900073834;0;7;0;0;2;3;1;B01
200900073835;0;31;0;0;2;1;18;A01
200900073835;0;7;0;0;0;5;15;B02
200900073836;0;7;0;0;2;4;2;B01
200900073836;0;7;0;0;2;1;2;A01
200900073837;0;7;0;0;6;1;2;A01
200900073838;0;31;0;0;2;1;13;A01
200900073838;0;7;0;0;2;4;2;B01
200900073839;0;7;0;0;2;5;17;A01
200900073839;0;7;0;0;2;6;1;D04
200900073839;0;7;0;0;2;1;1;B02
200900073839;0;7;0;0;2;8;1;C03
200900073839;0;7;0;0;2;1;1;E05
200900073840;0;7;0;16;0;1;14;A01
200900073841;0;7;0;0;2;1;1;A01
200900073841;0;33;0;0;2;1;13;B02
200900073842;0;30;0;3;0;0;1;A01
200900073842;0;31;0;3;0;1;2;B02
200900073843;0;7;0;0;2;7;3;A01
200900073843;0;7;0;0;2;8;3;B01
200900073844;0;7;0;16;0;9;0;A01
200900073845;0;7;0;0;0;3;1;A01
200900073846;0;7;0;0;2;7;0;B01
200900073846;0;31;0;0;2;1;9;A01
200900073847;0;7;0;0;2;1;1;C03
200900073847;0;7;0;0;2;1;1;B02
200900073847;0;7;0;0;2;4;23;A01
200900073848;0;7;0;4;0;9;21;A01
200900073849;0;30;0;0;2;1;17;A01
200900073849;0;7;0;0;2;1;1;B01
200900073850;0;30;0;0;2;1;13;A01
200900073850;0;7;0;0;2;1;1;B01
200900073851;0;37;0;4;0;3;2;A01
200900073852;0;7;0;6;1;3;19;A01
200900073853;0;7;0;0;2;1;15;A01
200900073853;0;2;0;0;2;1;1;B02
200900073854;0;33;0;0;2;5;21;B02
200900073854;0;7;0;0;2;1;1;A01
200900073855;0;7;0;0;1;7;9;A01
200900073856;0;33;0;0;0;7;1;A01
200900073857;0;7;0;0;2;1;15;B01
200900073857;0;31;0;0;2;1;1;A01
200900073858;0;30;0;0;2;1;13;A01
200900073858;0;7;0;0;2;1;1;B02
200900073859;0;7;0;2;0;1;14;A01
200900073860;0;7;0;0;0;3;15;B02
200900073860;0;34;0;0;2;1;17;A01
200900073861;0;33;0;0;2;8;1;B02
200900073861;0;7;0;0;2;8;17;A01
200900073862;0;32;0;0;2;1;1;B02
200900073862;0;7;0;0;2;1;17;A01
200900073863;0;30;0;6;0;1;1;A01
200900073864;0;7;0;8;0;7;1;A01
200900073865;0;13;0;0;1;2;1;A01
200900073866;0;30;0;0;2;6;1;B02
200900073866;0;7;0;0;2;3;15;A01
200900073867;0;10;0;0;2;3;1;A01
200900073867;0;7;0;0;0;5;15;B02
200900073868;0;30;0;0;2;8;1;B02
200900073868;0;10;0;0;2;3;15;A01
200900073869;0;31;0;0;2;1;1;B02
200900073869;0;10;0;0;1;1;1;C03
200900073869;0;13;0;0;2;2;15;A01
200900073870;0;33;0;0;0;1;14;A01
200900073871;0;7;0;0;1;1;1;A01
200900073872;0;30;0;5;0;2;1;A01
200900073873;0;30;0;0;0;0;1;A01
200900073874;0;7;0;0;0;3;15;B02
200900073874;0;33;0;0;2;1;1;A01
200900073875;0;7;0;0;2;3;13;A01
200900073876;0;7;0;0;2;3;1;C03
200900073876;0;10;0;12;0;0;13;E05
200900073876;0;3;0;0;2;8;1;D04
200900073876;0;10;0;0;2;3;1;B02
200900073876;0;7;0;0;2;3;6;A01
200900073877;0;33;0;6;0;3;17;A01
200900073878;0;7;0;0;2;3;16;A01
200900073878;0;7;0;0;2;3;15;B02
200900073879;0;2;0;0;2;1;1;B02
200900073879;0;7;0;0;2;1;15;A01
200900073880;0;7;0;0;2;7;1;A01
200900073880;0;30;0;0;2;1;1;B02
200900073881;0;7;0;0;1;7;1;A01
200900073882;0;1;0;0;0;5;1;B02
200900073882;0;7;0;0;2;1;0;A01
200900073883;0;7;0;0;2;7;15;A01
200900073883;0;7;0;0;2;1;1;B02
200900073884;0;7;0;0;0;1;1;B02
200900073884;0;7;0;0;0;1;5;A01
200900073885;0;7;0;0;2;3;13;A01
200900073885;0;2;0;0;2;1;1;B02
200900073886;0;33;0;0;0;1;0;A01
200900073886;0;7;0;0;0;3;9;B02
200900073887;0;1;0;0;0;4;0;B02
200900073887;0;7;0;0;2;1;1;A01
200900073888;0;7;0;0;1;1;1;A01
200900073889;0;7;0;0;2;7;0;A01
200900073889;0;2;0;0;2;4;1;B01
200900073890;0;2;0;0;1;1;1;A01
200900073891;0;2;0;0;2;1;1;B01
200900073891;0;7;0;0;2;3;1;A01
200900073892;0;7;0;0;9;2;15;A01
200900073892;0;30;0;0;2;1;1;B01
200900073893;0;30;0;0;0;0;1;A01
200900073894;0;7;0;0;1;3;0;A01
200900073895;0;7;0;0;2;3;20;A01
200900073895;0;1;0;0;2;1;19;B01
200900073896;0;7;0;0;2;3;1;B01
200900073896;0;33;0;0;2;2;14;A01
200900073897;0;7;0;0;2;1;13;A01
200900073897;0;7;0;0;2;3;1;B01
200900073898;0;30;0;0;2;8;1;B01
200900073898;1;10;0;0;9;0;1;A01
200900073899;0;33;0;8;0;1;16;A01
200900073900;0;33;0;0;2;7;21;A01
200900073901;0;7;0;6;0;1;1;A01
200900073902;0;7;0;5;0;2;15;A01
200900073903;0;10;0;0;2;5;13;A01
200900073903;0;31;0;0;2;1;1;B02
200900073904;0;7;0;4;0;9;1;A01
200900073905;0;7;0;0;1;2;21;A01
200900073906;0;7;0;0;1;3;1;A01
200900073907;0;33;0;6;0;1;1;A01
200900073908;0;7;0;0;2;8;15;B02
200900073908;0;33;0;0;2;1;1;A01
200900073909;0;1;0;0;2;1;19;A01
200900073910;0;1;0;0;2;1;13;A01
200900073910;0;7;0;0;2;1;1;B02
200900073911;0;7;0;0;9;3;15;B01
200900073911;0;31;0;0;2;7;17;A01
200900073912;0;17;0;0;2;1;1;B01
200900073912;0;7;0;0;2;1;13;A01
200900073913;0;7;0;0;2;3;15;A01
200900073913;0;33;0;0;2;1;17;B01
200900073914;0;7;0;0;1;2;1;A01
200900073915;0;2;0;0;2;1;1;B01
200900073915;0;7;0;0;2;3;15;A01
200900073916;0;7;0;0;2;1;1;A01
200900073917;0;7;0;0;9;1;0;A01
200900073917;0;1;0;0;2;0;0;B01
200900073918;0;30;0;0;2;1;1;A01
200900073918;0;10;0;0;9;4;23;B01
200900073919;0;7;0;0;1;1;2;A01
200900073920;0;7;0;0;1;1;1;A01
200900073921;0;7;0;0;9;1;9;A01
200900073921;0;1;0;0;2;7;1;B01
200900073922;0;7;0;0;2;1;1;D01
200900073922;0;7;0;0;2;4;23;B01
200900073922;0;7;0;0;2;4;23;A01
200900073922;0;7;0;0;2;4;23;C01
200900073923;0;7;0;0;2;1;1;A01
200900073923;0;7;0;0;0;4;1;B01
200900073924;0;2;0;0;1;1;16;A01
200900073925;0;32;0;0;2;1;1;A01
200900073925;0;7;0;0;2;3;1;B01
200900073926;0;2;0;0;0;0;0;A01
200900073927;0;7;0;4;0;6;0;A01
200900073927;0;7;0;3;0;1;0;B02
200900073928;0;7;0;0;2;1;1;A01
200900073928;0;7;0;0;2;4;9;B01
200900073929;0;7;0;0;9;1;1;A01
200900073929;0;1;0;0;2;1;15;B01
200900073930;0;7;0;6;2;2;13;A01
200900073930;0;7;0;0;2;2;1;B01
200900073931;0;31;0;0;9;1;2;A01
200900073931;0;1;0;0;0;6;10;B01
200900073932;0;31;0;0;2;8;1;B01
200900073932;0;7;0;0;9;3;15;A01
200900073933;0;30;0;0;2;1;13;A01
200900073933;0;38;0;0;2;3;1;B02
200900073934;0;7;0;0;2;6;1;C01
200900073934;0;7;0;0;2;1;9;A01
200900073934;0;7;0;0;2;5;1;B01
200900073935;0;7;0;0;9;1;9;A01
200900073935;0;1;0;0;2;7;1;B01
200900073936;0;7;0;0;2;4;1;B01
200900073936;0;33;0;0;2;1;1;A01
200900073937;0;7;0;0;1;1;1;A01
200900073938;0;7;0;0;2;3;1;B01
200900073938;0;2;0;0;2;1;13;A01
200900073939;0;7;0;6;0;1;1;A01
200900073940;0;1;0;0;2;4;1;B01
200900073940;0;33;0;0;2;8;1;A01
200900073941;0;7;0;0;2;6;1;B01
200900073941;0;33;0;0;2;1;1;A01
200900073942;0;30;0;0;0;1;19;A01
200900073942;0;7;0;0;0;3;1;B01
200900073943;0;7;0;0;0;9;1;A01
200900073944;0;7;0;0;1;6;4;A01
200900073945;0;37;1;0;1;1;1;A01
200900073946;0;2;0;1;0;1;0;A01
200900073947;0;7;0;3;0;3;1;A01
200900073948;0;7;0;0;2;7;15;A01
200900073948;0;7;0;0;2;1;1;B01
200900073949;0;7;0;0;2;1;1;A01
200900073949;0;33;0;0;2;4;23;B01
200900073950;0;7;0;0;1;2;1;A01
200900073951;0;1;0;0;2;8;1;B01
200900073951;0;7;0;0;2;7;17;A01
200900073952;0;10;0;0;1;1;1;A01
200900073953;0;7;0;0;2;2;1;B01
200900073953;0;7;0;0;2;3;10;A01
200900073954;1;2;0;0;1;1;18;A01
200900073955;0;7;0;0;1;1;1;A01
200900073956;0;7;0;0;2;4;23;B01
200900073956;0;7;0;0;2;8;23;C01
200900073956;0;7;0;0;2;1;1;A01
200900073957;0;30;0;0;0;7;1;A01
200900073958;0;7;0;0;9;7;1;B01
200900073958;0;2;0;0;2;1;19;A01
200900073959;0;7;0;0;2;3;1;B01
200900073959;0;14;0;0;2;2;1;A01
200900073960;0;33;0;0;0;1;1;A01
200900073961;0;7;0;0;2;7;0;A01
200900073961;0;30;0;0;2;1;1;B01
200900073962;0;1;0;0;2;8;19;A01
200900073962;0;7;0;0;9;3;1;B01
200900073963;0;7;0;0;1;3;15;A01
200900073964;0;10;0;2;0;1;13;A01
200900073965;0;7;0;0;1;1;15;A01
200900073966;0;31;0;0;0;8;1;A01
200900073967;0;30;0;0;9;1;0;B01
200900073967;0;1;0;0;9;4;16;A01
200900073968;0;10;0;0;0;3;1;B02
200900073968;0;7;0;0;2;3;13;A01
200900073969;0;31;0;0;2;1;1;A01
200900073969;0;7;0;0;2;6;15;B02
200900073970;0;33;0;0;2;3;1;A01
200900073970;0;10;0;0;9;3;13;B02
200900073971;0;10;0;0;0;9;14;A01
200900073972;0;7;0;0;2;1;1;C03
200900073972;0;7;0;0;2;1;5;A01
200900073972;0;7;0;0;2;1;1;B02
200900073973;0;7;0;0;1;1;21;A01
200900073974;0;7;0;0;2;3;1;A01
200900073974;0;30;0;0;2;0;13;B02
200900073975;0;31;0;0;2;1;17;A01
200900073975;0;7;0;0;2;6;15;B02
200900073976;0;7;0;0;1;3;1;A01
200900073977;0;2;0;16;0;0;1;A01
200900073978;0;31;0;0;2;2;17;A01
200900073978;0;20;0;0;2;3;15;B02
200900073979;0;7;0;0;2;6;1;B02
200900073979;0;32;0;0;2;1;1;A01
200900073980;0;30;0;0;0;7;1;A01
200900073981;0;35;0;6;0;1;1;A01
200900073982;0;33;0;0;2;1;1;B02
200900073982;0;7;0;0;2;4;1;A01
200900073983;0;7;0;6;0;2;1;A01
200900073984;0;7;0;4;2;1;1;A01
200900073984;0;7;0;0;2;2;15;B02
200900073985;0;13;0;0;9;7;1;A01
200900073985;0;1;0;0;0;8;1;B02
200900073986;0;7;0;0;2;2;15;A01
200900073986;0;33;0;0;2;1;1;B02
200900073987;0;7;0;0;2;8;1;B02
200900073987;0;7;0;0;2;1;1;A01
200900073988;0;32;0;0;2;1;17;B02
200900073988;0;7;0;0;2;8;15;A01
200900073989;0;7;0;0;9;1;15;A01
200900073989;0;32;0;0;2;1;17;B01