num_acc;senc;catv;occutc;obs;obsm;choc;manv;num_veh
200900073990;0;7;0;3;0;1;17;A01
200900073991;0;7;0;0;2;1;1;B01
200900073991;0;7;0;0;2;1;13;A01
200900073992;0;7;0;0;1;1;1;A01
200900073993;0;7;0;0;1;1;1;A01
200900073994;0;2;0;0;0;0;1;A01
200900073995;0;7;0;0;2;6;1;B01
200900073995;0;33;0;0;2;1;1;A01
200900073996;0;7;0;0;2;4;4;B01
200900073996;0;7;0;0;2;1;1;A01
200900073997;0;7;0;0;2;1;1;A01
200900073997;0;1;0;0;2;1;1;B01
200900073998;0;7;0;0;2;7;16;A01
200900073998;0;2;0;0;2;1;1;B01
200900073999;0;2;0;0;2;1;11;B01
200900073999;0;7;0;0;2;8;15;A01
200900074000;0;7;0;0;2;8;5;B01
200900074000;0;7;0;0;2;8;5;A01
200900074001;0;10;0;0;1;2;1;A01
200900074002;0;7;0;0;0;4;1;B02
200900074002;0;7;0;0;2;2;1;A01
200900074003;0;7;0;1;0;1;0;F06
200900074003;0;7;0;1;0;4;0;B02
200900074003;0;7;0;1;0;1;0;E05
200900074003;0;7;0;0;0;4;0;D04
200900074003;0;10;0;1;0;1;0;C03
200900074003;0;7;0;0;0;4;0;A01
200900074004;0;10;0;0;0;9;16;A01
200900074005;0;7;0;13;0;3;1;A01
200900074006;0;31;0;0;2;1;17;A01
200900074006;0;7;0;0;2;1;1;B02
200900074007;0;7;0;0;2;2;17;A01
200900074007;0;7;0;0;0;6;1;B02
200900074008;0;33;0;0;2;0;17;B02
200900074008;0;10;0;0;2;0;13;A01
200900074009;0;7;0;0;2;1;13;A01
200900074009;0;7;0;0;2;3;1;B02
200900074010;0;7;0;0;0;3;1;B02
200900074010;0;7;0;0;0;3;13;A01
200900074011;0;7;0;0;0;0;0;A01
200900074011;0;7;0;0;2;1;1;B02
200900074012;0;33;0;0;2;8;5;A01
200900074012;0;7;0;0;2;3;1;B02
200900074013;0;7;0;0;2;1;1;B02
200900074013;0;7;0;0;2;7;1;A01
200900074014;0;7;0;0;1;1;0;A01
200900074015;0;7;0;0;2;1;13;A01
200900074015;0;10;0;0;2;1;1;B02
200900074016;0;33;0;9;0;1;1;B02
200900074016;0;7;0;0;0;0;1;A01
200900074017;0;30;0;0;2;1;13;A01
200900074017;0;7;0;0;2;3;1;B02
200900074018;0;7;0;0;2;3;13;A01
200900074018;0;7;0;0;2;3;1;B02
200900074019;0;7;0;0;1;1;15;A01
200900074020;0;30;0;0;1;1;1;A01
200900074021;0;7;0;0;2;6;24;B01
200900074021;0;7;0;1;0;1;14;A01
200900074022;0;30;0;1;0;2;14;A01
200900074023;0;1;0;0;1;1;1;A01
200900074024;0;33;0;0;2;1;1;B01
200900074024;0;7;0;0;2;2;15;A01
200900074025;0;31;0;12;0;1;14;A01
200900074026;0;30;0;0;1;1;14;A01
200900074027;2;32;0;0;1;1;1;A01
200900074028;0;33;0;0;2;1;11;A01
200900074028;0;7;0;0;2;5;1;B01
200900074029;0;31;0;16;0;0;1;A01
200900074030;0;7;0;4;0;2;14;A01
200900074031;0;7;0;0;2;3;13;A01
200900074031;0;37;1;0;2;3;1;B01
200900074032;1;30;0;0;1;1;1;A01
200900074033;0;7;0;0;2;4;2;B01
200900074033;0;30;0;0;2;1;2;A01
200900074034;0;7;0;0;1;2;1;A01
200900074035;0;7;0;0;0;1;0;A01
200900074036;0;33;0;0;2;1;2;A01
200900074036;0;7;0;0;2;4;2;B01
200900074037;0;7;0;0;2;1;2;A01
200900074037;0;13;0;0;2;4;2;C01
200900074037;0;7;0;0;2;4;2;B01
200900074038;0;7;0;0;2;4;2;B01
200900074038;0;7;0;0;2;1;2;A01
200900074038;0;7;0;0;2;1;2;C01
200900074039;0;7;0;10;0;1;0;A01
200900074040;0;7;0;0;2;1;13;A01
200900074040;0;7;0;0;2;1;1;B01
200900074041;0;2;0;0;0;0;0;A01
200900074042;0;7;0;5;0;0;0;A01
200900074043;0;7;0;4;0;9;0;A01
200900074043;0;7;0;4;0;9;2;B01
200900074043;0;7;0;0;2;5;2;C01
200900074044;0;7;0;0;9;1;1;A01
200900074044;0;1;0;0;2;4;1;B01
200900074045;0;7;0;13;0;0;0;A01
200900074046;0;7;0;4;0;1;0;A01
200900074047;0;7;0;2;0;1;1;A01
200900074048;0;7;0;0;1;1;1;A01
200900074049;0;34;0;0;0;0;0;A01
200900074050;0;7;0;0;0;3;0;A01
200900074050;0;1;0;0;0;0;0;B01
200900074051;1;7;0;0;0;0;0;B01
200900074051;0;33;0;0;0;0;0;A01
200900074052;0;7;0;0;0;3;0;B01
200900074052;0;1;0;0;2;0;5;A01
200900074053;0;7;0;0;0;2;0;A01
200900074054;0;7;0;0;0;3;0;A01
200900074054;0;31;0;0;2;9;0;B01
200900074055;1;7;0;0;1;1;0;A01
200900074056;0;7;0;0;1;1;1;A01
200900074057;0;10;0;0;2;2;1;B01
200900074057;0;7;0;0;2;5;0;A01
200900074058;0;7;0;0;0;8;0;B01
200900074058;0;7;0;0;0;1;0;A01
200900074058;0;7;0;0;0;3;0;C01
200900074059;0;33;0;0;0;0;0;A01
200900074059;0;1;0;0;0;0;0;B01
200900074060;0;7;0;0;0;7;0;B01
200900074060;0;32;0;0;2;0;0;A01
200900074061;0;7;0;0;2;4;0;B01
200900074061;0;7;0;0;2;4;1;A01
200900074062;0;7;0;0;1;1;0;A01
200900074063;0;14;0;0;0;0;1;A01
200900074064;0;32;0;0;0;0;0;A01
200900074064;0;7;0;0;0;1;0;B01
200900074065;0;7;0;0;1;1;1;A01
200900074066;0;7;0;0;2;3;13;A01
200900074066;0;38;0;0;2;3;1;B01
200900074067;0;7;0;0;0;6;0;A01
200900074067;0;2;0;0;0;0;0;B01
200900074068;0;7;0;0;0;0;0;A01
200900074068;0;7;0;0;0;0;0;B01
200900074068;0;7;0;0;0;0;0;C01
200900074069;0;7;0;0;0;0;0;B01
200900074069;0;7;0;0;2;8;0;A01
200900074070;0;7;0;0;1;6;4;A01
200900074071;0;7;0;0;2;0;2;B01
200900074071;0;7;0;0;2;0;2;A01
200900074072;0;33;0;0;2;1;13;A01
200900074072;0;7;0;0;2;8;1;B01
200900074073;0;30;0;0;2;1;17;B01
200900074073;0;7;0;0;2;3;9;A01
200900074074;0;7;0;11;0;1;1;A01
200900074075;0;7;0;0;2;4;2;A01
200900074075;0;33;0;0;2;1;2;B01
200900074076;0;7;0;0;2;1;2;A01
200900074076;0;7;0;0;2;4;2;B01
200900074076;0;7;0;0;2;4;2;C01
200900074077;0;37;3;0;2;1;1;B01
200900074077;0;7;0;0;2;1;9;A01
200900074078;0;32;0;0;1;1;3;A01
200900074079;0;2;0;0;2;1;1;B01
200900074079;0;7;0;0;2;1;15;A01
200900074080;0;7;0;0;1;7;17;A01
200900074081;0;7;0;0;2;1;15;B01
200900074081;0;2;0;0;2;1;1;A01
200900074082;0;30;0;0;1;1;18;A01
200900074083;0;7;0;0;1;4;4;A01
200900074084;0;32;0;0;2;1;18;A01
200900074084;0;7;0;0;2;2;15;B01
200900074085;0;2;0;0;1;1;21;A01
200900074086;0;2;0;0;1;1;5;A01
200900074087;0;31;0;0;2;7;1;B01
200900074087;2;7;0;0;2;1;9;A01
200900074088;0;7;0;0;1;1;1;A01
200900074089;0;31;0;16;0;3;13;A01
200900074090;0;32;0;0;2;1;1;B01
200900074090;0;7;0;0;2;3;16;A01
200900074091;1;30;0;0;1;1;14;A01
200900074092;0;2;0;12;0;7;14;A01
200900074093;0;7;0;0;2;3;13;A01
200900074093;0;1;0;0;2;1;1;B01
200900074094;0;32;0;16;0;1;0;A01
200900074095;0;7;0;0;2;1;0;A01
200900074095;0;7;0;0;2;3;19;B02
200900074096;0;33;0;0;0;0;13;A01
200900074097;0;7;0;0;2;1;2;A01
200900074097;0;7;0;0;2;4;23;B02
200900074098;0;7;0;0;0;1;17;A01
200900074098;0;10;0;0;2;1;1;B02
200900074099;0;32;0;0;2;1;1;B02
200900074099;0;7;0;0;2;1;13;A01
200900074100;0;34;0;1;2;1;1;A01
200900074100;0;7;0;0;2;6;20;B02
200900074101;0;1;0;0;2;1;13;B02
200900074101;0;10;0;0;9;1;1;A01
200900074102;0;33;0;0;2;7;1;B02
200900074102;0;7;0;0;2;3;9;A01
200900074103;0;10;0;0;1;4;4;A01
200900074104;0;1;0;0;0;0;0;A01
200900074105;0;31;0;16;0;1;0;A01
200900074106;0;37;1;0;2;1;2;B01
200900074106;0;7;0;0;2;4;2;A01
200900074107;0;7;0;0;2;2;2;A01
200900074107;0;7;0;0;2;6;10;B01
200900074108;0;33;0;4;0;9;2;A01
200900074109;0;7;0;0;2;4;2;B01
200900074109;0;7;0;0;2;1;2;A01
200900074110;0;7;0;5;0;3;1;A01
200900074111;0;7;0;0;2;2;3;A01
200900074111;0;33;0;0;2;1;3;B01
200900074112;0;7;0;6;0;1;1;A01
200900074113;0;7;0;0;2;1;5;A01
200900074113;0;7;0;0;2;1;5;B01
200900074114;0;7;0;0;2;7;21;B01
200900074114;0;7;0;0;2;8;21;A01
200900074115;0;7;0;0;2;8;9;A01
200900074115;0;33;0;0;2;7;1;B01
200900074116;0;7;0;0;2;1;1;B01
200900074116;0;7;0;0;2;1;21;A01
200900074117;0;7;0;6;0;1;1;A01
200900074118;0;7;0;0;2;4;2;A01
200900074118;0;33;0;0;2;1;2;B01
200900074119;0;7;0;16;0;0;0;A01
200900074120;0;7;0;0;2;1;5;B01
200900074120;0;7;0;0;2;1;1;A01
200900074121;0;30;0;0;2;1;13;A01
200900074121;0;7;0;0;2;3;1;B02
200900074122;0;10;0;0;1;3;1;A01
200900074123;0;7;0;0;2;3;1;B02
200900074123;0;2;0;0;2;1;5;A01
200900074124;0;10;0;0;1;5;2;A01
200900074125;0;7;0;0;1;2;2;A01
200900074126;0;7;0;0;2;3;0;B02
200900074126;0;33;0;8;2;1;1;A01
200900074127;0;7;0;0;2;1;1;B02
200900074127;0;99;0;0;2;0;5;A01
200900074128;0;7;0;0;2;3;15;B02
200900074128;0;30;0;0;2;1;17;A01
200900074129;0;7;0;0;0;1;1;A01
200900074130;0;31;0;0;2;2;1;A01
200900074130;0;7;0;0;2;3;15;B02
200900074131;0;14;0;0;2;2;24;C03
200900074131;0;7;0;0;0;0;17;A01
200900074131;0;7;0;1;0;1;21;B02
200900074132;0;14;0;0;0;2;1;B02
200900074132;0;7;0;0;1;3;9;A01
200900074133;0;7;0;0;1;1;0;A01
200900074134;0;7;0;0;2;8;15;A01
200900074134;0;30;0;0;2;1;17;B02
200900074135;1;7;0;0;9;3;13;A01
200900074136;0;7;0;8;0;1;14;A01
200900074137;0;7;0;0;2;3;1;B02
200900074137;0;7;0;0;2;1;1;E05
200900074137;0;33;0;0;2;1;1;C03
200900074137;0;33;0;0;2;1;1;D04
200900074137;0;7;0;0;2;7;15;A01
200900074138;0;7;0;0;1;2;1;A01
200900074139;0;7;0;0;2;6;13;A01
200900074139;0;33;0;0;2;1;17;B02
200900074140;0;15;0;0;2;3;13;B02
200900074140;0;7;0;0;2;3;13;A01
200900074140;0;7;0;0;2;1;1;C03
200900074141;0;15;0;0;1;8;1;A01
200900074142;0;33;0;6;0;2;2;A01
200900074143;0;10;0;0;2;3;18;B02
200900074143;0;31;0;0;2;2;17;A01
200900074144;0;2;0;0;2;0;2;B02
200900074144;0;7;0;0;2;0;4;A01
200900074145;0;7;0;0;1;1;1;A01
200900074146;0;7;0;0;2;1;1;B02
200900074146;0;7;0;0;2;1;13;A01
200900074147;0;7;0;0;9;1;2;C03
200900074147;0;7;0;0;2;3;2;B02
200900074147;0;1;0;0;9;0;19;A01
200900074148;0;7;0;0;2;3;1;B02
200900074148;0;7;0;0;2;1;1;A01
200900074149;0;10;0;8;0;0;1;A01
200900074150;0;2;0;0;2;8;15;B02
200900074150;0;7;0;0;2;1;1;A01
200900074151;0;10;0;0;2;3;1;B02
200900074152;0;7;0;6;0;0;13;A01
200900074153;0;1;0;0;2;7;2;B02
200900074153;0;10;0;0;9;8;2;A01
200900074154;0;7;0;0;1;1;1;A01
200900074155;0;7;0;0;1;1;1;A01
200900074156;0;10;0;1;0;3;0;A01
200900074157;0;7;0;0;0;1;1;A01
200900074158;0;7;0;0;0;3;1;A01
200900074158;0;1;0;0;0;0;0;B02
200900074159;0;7;0;0;2;1;1;A01
200900074159;0;7;0;0;2;1;1;B02
200900074160;0;7;0;0;2;3;9;B02
200900074160;0;10;0;0;2;3;1;A01
200900074161;0;10;0;13;0;9;1;A01
200900074162;0;33;0;0;2;1;17;A01
200900074162;0;10;0;0;2;8;15;B02
200900074163;0;7;0;0;2;5;15;A01
200900074163;0;30;0;0;2;1;1;B02
200900074164;0;32;0;0;2;1;1;B02
200900074164;0;7;0;0;2;2;15;A01
200900074165;0;7;0;0;2;2;1;B01
200900074165;0;2;0;0;2;3;9;A01
200900074166;0;2;0;0;2;1;9;A01
200900074166;0;7;0;0;2;2;1;B01
200900074167;0;7;0;0;2;3;13;A01
200900074167;0;7;0;0;2;9;1;B01
200900074168;0;7;0;0;2;4;1;B01
200900074168;0;7;0;0;2;1;1;A01
200900074169;0;7;0;0;2;3;10;A01
200900074169;0;31;0;0;2;7;1;B01
200900074170;0;2;0;0;2;3;1;A01
200900074170;0;7;0;0;2;1;1;B01
200900074171;0;7;0;0;1;2;1;A01
200900074172;0;1;0;0;2;1;1;B01
200900074172;0;7;0;0;2;2;15;A01
200900074173;0;7;0;0;1;1;2;B01
200900074173;0;7;0;0;2;3;1;A01
200900074174;0;31;0;0;2;2;1;A01
200900074174;0;7;0;0;2;8;1;B01
200900074175;0;2;0;0;2;5;17;A01
200900074175;0;7;0;0;2;3;15;B01
200900074176;0;31;0;0;2;1;1;A01
200900074176;0;7;0;0;2;4;1;B01
200900074177;1;1;0;0;2;0;16;A01
200900074177;0;33;0;14;2;7;1;B01
200900074178;0;7;0;0;1;1;1;A01
200900074179;0;7;0;0;1;1;1;A01
200900074180;0;7;0;0;2;4;1;B01
200900074180;0;7;0;0;2;1;1;A01
200900074181;0;33;0;0;2;3;1;B01
200900074181;0;7;0;0;2;1;1;A01
200900074182;0;30;0;8;0;1;1;A01
200900074183;0;32;0;0;2;4;1;B01
200900074183;1;7;0;0;2;0;0;A01
200900074184;0;2;0;0;2;1;1;A01
200900074184;0;7;0;0;2;3;1;B02
200900074185;0;7;0;0;2;6;1;B02
200900074185;0;7;0;0;2;2;2;A01
200900074186;0;38;0;0;2;2;13;B02
200900074186;0;31;0;0;2;1;1;A01
200900074187;0;30;0;0;0;0;1;A01
200900074187;0;7;0;0;2;1;1;C03
200900074187;0;7;0;0;2;2;1;B02
200900074188;0;10;0;0;2;7;15;A01
200900074188;0;31;0;0;2;1;1;B02
200900074189;0;7;0;0;0;3;15;A01
200900074189;0;33;0;0;2;1;1;B02
200900074190;0;33;0;8;0;2;0;A01
200900074191;0;2;0;0;2;1;1;C03
200900074191;0;7;0;0;2;2;19;A01
200900074191;0;2;0;0;2;7;1;B02
200900074192;0;38;0;0;2;1;1;A01
200900074192;0;30;0;0;2;1;17;B02
200900074193;0;30;0;0;2;1;1;B02
200900074193;0;30;0;0;2;1;13;A01
200900074194;0;38;0;0;2;7;1;A01
200900074194;0;31;0;0;2;1;19;B02
200900074195;0;33;0;0;2;1;1;B02
200900074195;0;7;0;0;0;4;19;A01
200900074196;0;30;0;6;0;1;1;A01
200900074197;0;7;0;0;1;2;1;A01
200900074198;0;10;0;2;0;2;14;A01
200900074199;0;7;0;5;0;2;1;A01
200900074200;0;7;0;0;2;3;1;A01
200900074200;0;7;0;0;2;3;1;B02
200900074201;0;2;0;0;2;1;13;A01
200900074201;0;1;0;0;2;1;13;B02
200900074202;0;2;0;0;2;1;1;A01
200900074202;0;7;0;0;2;8;0;C01
200900074202;0;7;0;0;0;7;1;B01
200900074203;0;7;0;0;2;8;2;D01
200900074203;0;7;0;0;2;8;1;F02
200900074203;0;7;0;0;0;7;1;E01
200900074203;0;7;0;0;2;1;3;A01
200900074203;0;7;0;0;2;7;2;C01
200900074203;0;7;0;0;2;7;1;B01
200900074204;0;7;0;3;0;9;0;A01
200900074205;0;7;0;0;2;2;1;B01
200900074205;0;2;0;0;2;3;1;A01
200900074206;0;30;0;0;2;1;1;B01
200900074206;1;7;0;0;9;7;15;A01
200900074207;0;31;0;0;2;1;18;A01
200900074207;0;7;0;0;9;2;20;B01
200900074208;0;7;0;0;2;2;10;A01
200900074208;0;7;0;0;2;3;1;B01
200900074209;0;1;0;1;0;1;1;A01
200900074209;0;38;1;0;9;6;24;B01
200900074210;0;7;0;0;1;1;1;A01
200900074211;0;7;0;3;0;1;17;A01
200900074212;0;7;0;0;2;2;1;B01
200900074212;0;2;0;0;2;8;1;A01
200900074213;0;7;0;13;0;9;1;A01
200900074214;1;2;0;0;1;0;0;A01
200900074215;0;7;0;0;0;8;15;B01
200900074215;0;33;0;0;2;7;17;A01
200900074216;0;2;0;0;2;1;17;A01
200900074216;0;7;0;0;2;8;15;B01
200900074217;0;30;0;14;0;0;1;A01
200900074218;0;33;0;1;0;1;1;A01
200900074219;0;1;0;0;2;8;1;B01
200900074219;0;10;0;0;9;0;13;A01
200900074220;0;7;0;0;9;1;2;A01
200900074221;0;7;0;0;1;1;1;A01
200900074222;0;7;0;0;0;9;1;A01
200900074223;0;1;0;0;2;8;19;A01
200900074223;0;7;0;0;9;1;9;B01
200900074224;0;7;0;3;0;7;1;A01
200900074225;0;7;0;0;2;1;1;A01
200900074225;0;7;0;0;2;1;1;B01
200900074226;0;7;0;0;1;1;1;A01
200900074227;0;7;0;0;0;0;0;A01
200900074227;0;2;0;0;0;0;0;C01
200900074227;0;7;0;0;0;0;0;B01
200900074228;0;30;0;0;1;0;0;A01
200900074229;0;7;0;0;1;2;1;A01
200900074230;0;7;0;0;1;0;0;A01
200900074231;0;7;0;0;2;1;1;A01
200900074231;0;7;0;0;2;3;1;C01
200900074231;0;33;0;0;0;0;0;B01
200900074231;0;7;0;0;0;0;1;D01
200900074232;0;7;0;0;0;0;0;A01
200900074233;0;2;0;0;2;3;15;B01
200900074233;0;7;0;0;2;1;1;A01
200900074234;0;7;0;0;0;1;0;A01
200900074234;0;32;0;0;0;0;0;B01
200900074235;0;7;0;0;0;1;0;A01
200900074236;0;7;0;0;0;3;0;A01
200900074236;0;33;0;0;0;8;0;B01
200900074237;0;7;0;0;2;8;1;A01
200900074237;0;32;0;0;2;1;1;B01
200900074238;0;2;0;0;0;1;0;B01
200900074238;0;7;0;0;0;2;0;A01
200900074239;0;7;0;0;0;0;0;A01
200900074240;0;32;0;0;0;0;0;A01
200900074240;0;7;0;0;0;0;0;B01
200900074241;0;7;0;0;0;0;0;A01
200900074242;0;7;0;0;2;4;1;B01
200900074242;0;33;0;0;2;1;1;A01
200900074242;0;7;0;0;2;1;0;C01
200900074243;0;7;0;0;0;3;0;C01
200900074243;0;7;0;0;0;1;0;A01
200900074243;0;7;0;0;0;1;0;B01
200900074244;0;7;0;0;0;1;0;D01
200900074244;0;7;0;0;0;7;0;B01
200900074244;0;1;0;0;0;0;0;E01
200900074244;0;7;0;0;0;0;0;C01
200900074244;0;7;0;0;0;2;0;A01
200900074245;0;7;0;0;1;1;0;A01
200900074246;0;32;0;1;0;1;0;A01
200900074246;0;7;0;0;0;6;1;C01
200900074246;0;7;0;0;0;4;1;B01
200900074247;0;30;0;0;1;1;17;A01
200900074248;0;2;0;0;2;1;1;A01
200900074248;0;7;0;0;2;2;1;B01
200900074249;0;33;0;0;2;1;13;A01
200900074249;0;7;0;0;2;6;1;B01
200900074250;0;2;0;0;9;1;1;A01
200900074250;0;34;0;0;9;1;1;B01
200900074251;0;1;0;0;2;0;0;B01
200900074251;0;7;0;0;9;0;0;A01
200900074252;0;33;0;0;9;1;0;B01
200900074252;0;1;0;0;9;0;0;A01
200900074253;0;2;0;0;2;1;0;B01
200900074253;0;7;0;0;9;3;0;A01
200900074254;0;7;0;0;9;4;0;A01
200900074254;0;2;0;0;2;0;0;B01
200900074255;0;7;0;0;9;1;0;A01
200900074255;0;2;0;0;2;1;0;B01
200900074256;0;7;0;0;9;4;0;B01
200900074256;0;2;0;0;2;1;0;A01
200900074257;0;7;0;0;1;0;1;A01
200900074258;0;7;0;0;9;8;0;A01
200900074258;0;2;0;0;2;1;0;B01
200900074259;1;7;0;0;0;0;0;A01
200900074259;0;2;0;0;2;1;0;B01
200900074260;0;2;0;0;2;0;0;A01
200900074260;0;7;0;0;9;0;0;B01
200900074261;0;2;0;0;2;1;0;B01
200900074261;0;7;0;0;9;1;0;A01
200900074262;0;7;0;0;9;1;0;A01
200900074262;0;2;0;0;2;1;0;B01
200900074263;0;7;0;0;2;3;1;A01
200900074263;0;30;0;0;2;3;1;B02
200900074264;0;7;0;0;2;1;1;B02
200900074264;0;30;0;0;2;8;15;A01
200900074265;0;7;0;0;0;1;1;B02
200900074265;0;7;0;0;2;1;13;A01
200900074266;0;14;0;0;0;7;1;A01
200900074267;0;7;0;0;5;3;1;A01
200900074268;0;10;0;0;0;2;15;B02
200900074268;0;33;0;0;0;1;1;A01
200900074269;0;33;0;0;2;1;2;B02
200900074269;0;7;0;0;0;4;2;A01
200900074270;0;7;0;0;6;9;21;A01
200900074271;0;7;0;16;1;2;14;A01
200900074271;0;7;0;0;0;4;2;B02
200900074272;0;1;0;0;1;7;5;B02
200900074272;0;1;0;0;2;2;5;C03
200900074272;0;7;0;0;2;2;14;A01
200900074273;0;7;0;0;2;2;15;B02
200900074273;0;30;0;0;2;1;18;A01
200900074274;0;31;0;0;0;7;1;B02
200900074274;2;7;0;0;0;2;0;A01
200900074275;0;10;0;0;0;3;0;A01
200900074276;2;30;0;0;1;1;1;A01
200900074277;0;7;0;0;1;1;0;A01
200900074278;0;2;0;0;2;1;0;A01
200900074278;0;7;0;0;9;6;0;B01
200900074279;0;7;0;0;9;2;0;A01
200900074279;0;1;0;0;2;1;0;B01
200900074280;0;1;0;0;2;1;2;B01
200900074280;0;7;0;0;9;4;24;A01
200900074281;0;7;0;0;9;1;0;A01
200900074281;0;33;0;0;2;1;0;B01
200900074282;0;7;0;0;9;7;15;A01
200900074282;0;1;0;0;2;0;1;B01
200900074283;0;30;0;0;2;4;1;B02
200900074283;0;7;0;0;2;2;2;A01
200900074284;0;7;0;0;2;3;15;B02
200900074284;0;33;0;0;2;1;1;A01
200900074285;0;7;0;0;1;2;1;A01
200900074286;0;30;0;0;2;3;2;B02
200900074286;0;30;0;0;0;7;2;A01
200900074287;0;10;0;0;2;1;1;A01
200900074287;0;2;0;0;2;4;23;B02
200900074288;0;7;0;2;0;9;1;A01
200900074289;0;7;0;1;0;2;19;A01
200900074290;0;7;0;0;2;3;0;A01
200900074290;0;30;0;0;2;3;13;B02
200900074291;2;7;0;13;0;3;0;A01
200900074292;0;7;0;13;0;1;13;A01
200900074293;0;7;0;0;2;1;1;A01
200900074293;0;7;0;0;2;1;17;B02
200900074294;0;7;0;8;0;5;1;A01
200900074295;0;14;0;6;0;2;14;A01
200900074296;0;7;0;0;2;3;1;B02
200900074296;0;7;0;0;2;3;13;A01
200900074296;0;7;0;0;2;6;1;C03
200900074296;0;7;0;0;2;2;21;D04
200900074297;0;7;0;0;2;1;15;A01
200900074297;0;2;0;0;2;1;1;B02
200900074298;0;10;0;13;0;9;1;A01
200900074299;0;7;0;0;2;2;17;A01
200900074299;0;2;0;0;2;6;2;B02
200900074300;0;7;0;0;2;2;15;B02
200900074300;0;31;0;0;2;1;1;A01
200900074301;0;7;0;0;2;4;0;B01
200900074301;0;7;0;0;2;1;0;A01
200900074302;0;7;0;0;9;3;15;A01
200900074302;0;2;0;0;2;4;1;B01
200900074303;0;2;0;1;2;1;0;B01
200900074303;0;7;0;0;9;1;0;A01
200900074304;0;7;0;0;9;1;0;B01
200900074304;0;2;0;0;2;1;0;A01
200900074305;0;7;0;0;9;1;10;A01
200900074305;0;2;0;0;2;1;1;B01
200900074306;0;2;0;0;2;1;0;B01
200900074306;0;7;0;0;9;1;0;A01
200900074307;0;7;0;0;2;4;2;D01
200900074307;0;7;0;0;2;4;2;C01
200900074307;0;7;0;0;2;1;2;A01
200900074307;0;7;0;0;2;4;2;B01
200900074308;0;7;0;3;0;9;1;A01
200900074309;0;7;0;0;9;7;15;A01
200900074309;0;1;0;0;2;4;9;B01
200900074310;0;2;0;0;2;1;0;A01
200900074310;0;7;0;0;9;4;0;B01
200900074311;0;7;0;0;9;1;0;A01
200900074311;0;2;0;0;2;1;0;B01
200900074312;0;33;0;0;2;1;0;B01
200900074312;0;7;0;0;9;1;0;A01
200900074313;0;1;0;0;9;1;1;B01
200900074313;0;2;0;0;9;1;0;A01
200900074314;0;7;0;0;2;5;0;A01
200900074314;0;7;0;0;2;1;0;B01
200900074315;0;7;0;0;2;0;0;B01
200900074315;0;7;0;0;2;0;0;A01
200900074316;0;38;1;0;9;1;1;A01
200900074317;0;33;0;0;0;0;0;B01
200900074317;0;7;0;0;0;0;0;A01
200900074318;0;2;0;0;2;1;1;B01
200900074318;0;7;0;0;9;3;16;A01
200900074319;0;1;0;0;2;0;0;A01
200900074319;0;7;0;0;9;3;0;B01
200900074320;0;1;0;0;0;0;1;A01
200900074321;0;10;0;13;0;9;1;A01
200900074322;0;7;0;9;0;1;1;A01
200900074323;0;30;0;0;2;1;1;A01
200900074323;0;7;0;0;2;2;15;B02
200900074324;0;31;0;0;2;4;19;A01
200900074324;0;7;0;0;2;3;1;B02
200900074325;0;30;0;0;2;1;1;B02
200900074325;0;7;0;0;2;2;11;A01
200900074326;0;7;0;13;0;2;1;A01
200900074327;0;1;0;0;2;0;0;B01
200900074327;0;7;0;0;9;3;0;A01
200900074328;0;7;0;0;2;1;1;B01
200900074328;0;7;0;0;2;1;13;A01
200900074329;0;99;0;0;9;6;0;B01
200900074329;0;2;0;0;2;1;1;A01
200900074330;0;7;0;0;2;3;15;B01
200900074330;0;2;0;0;2;1;1;A01
200900074331;0;7;0;0;9;3;15;B01
200900074331;0;2;0;0;2;1;1;A01
200900074332;0;7;0;0;1;1;1;A01
200900074333;0;7;0;0;2;1;1;B01
200900074333;0;7;0;0;2;7;10;A01
200900074334;0;7;0;0;9;5;16;B01
200900074334;0;1;0;0;2;1;15;A01
200900074335;0;7;0;0;2;1;0;A01
200900074335;0;2;0;0;2;5;0;B01
200900074336;0;33;0;0;2;1;0;C01
200900074336;0;7;0;0;2;1;0;A01
200900074336;0;13;0;0;2;1;0;B01
200900074337;0;2;0;0;1;1;16;A01
200900074338;0;2;0;0;2;1;1;B01
200900074338;0;7;0;0;2;4;15;A01
200900074339;0;7;0;0;9;8;15;A01
200900074339;0;2;0;0;2;1;15;B01
200900074340;0;7;0;0;0;4;0;B01
200900074340;0;2;0;0;2;1;0;A01
200900074341;0;2;0;0;2;1;0;B01
200900074341;0;7;0;0;9;1;0;A01
200900074342;0;7;0;0;9;2;0;A01
200900074342;0;2;0;0;2;1;0;B01
200900074343;0;2;0;0;2;1;1;B01
200900074343;0;7;0;0;9;2;1;A01
200900074344;0;7;0;0;1;1;16;A01
200900074345;0;7;0;0;0;1;0;A01
200900074345;0;2;0;0;2;1;0;B01
200900074346;0;7;0;0;1;0;0;A01
200900074347;0;7;0;0;2;3;1;B01
200900074347;0;7;0;0;2;1;19;A01
200900074348;0;2;0;0;1;1;1;A01
200900074349;0;7;0;0;2;1;1;A01
200900074349;0;7;0;0;2;1;1;B01
200900074350;0;2;0;0;9;0;0;B01
200900074350;0;1;0;0;9;1;5;A01
200900074351;0;2;0;0;2;1;1;B01
200900074351;0;7;0;0;2;1;15;A01
200900074352;0;33;0;0;2;1;1;B01
200900074352;0;7;0;0;2;7;15;A01
200900074353;0;7;0;0;9;3;1;B01